{"type":"FeatureCollection","features":[{"id":"1296","type":"Feature","properties":{"ROL":"Ruta 16","NOMBRE_CAMINO":"Humberstone - Iquique","CLASIFICACION":"Camino Nacional","CALZADA":"D","tmda":7944.0},"geometry":{"type":"LineString","coordinates":[[-69.83393,-20.21036],[-69.86564,-20.20907],[-69.88199,-20.21431],[-69.89177,-20.21349],[-69.90836,-20.21703],[-69.92242,-20.21582],[-69.92808,-20.21846],[-69.93463,-20.22511],[-69.97973,-20.23954],[-69.9858,-20.24029],[-69.99732,-20.2392],[-70.00295,-20.24109],[-70.00632,-20.2404],[-70.01183,-20.23647],[-70.01988,-20.2352],[-70.03095,-20.2539],[-70.03185,-20.25861],[-70.0349,-20.26213],[-70.03754,-20.2723],[-70.04168,-20.2767],[-70.04934,-20.27241],[-70.05394,-20.26401],[-70.07374,-20.26015],[-70.08097,-20.2651],[-70.09208,-20.26882],[-70.09758,-20.27865],[-70.10507,-20.28033]]}},{"id":"1297","type":"Feature","properties":{"ROL":"Ruta 1","NOMBRE_CAMINO":"Cruce Ruta 5 (Las Breas) - Taltal - Río Loa - Iquique, Sector: Río Loa - Iquique","CLASIFICACION":"Camino Nacional","CALZADA":"U","tmda":1327.0},"geometry":{"type":"LineString","coordinates":[[-70.05531,-21.42839],[-70.06153,-21.40795],[-70.0899,-21.34709],[-70.08856,-21.34224],[-70.06725,-21.32214],[-70.06209,-21.30557],[-70.06537,-21.29301],[-70.07026,-21.28513],[-70.07126,-21.27935],[-70.07388,-21.27587],[-70.0812,-21.25243],[-70.0765,-21.23656],[-70.0883,-21.21599],[-70.09343,-21.2128],[-70.09114,-21.19777],[-70.1037,-21.16807],[-70.11583,-21.14601],[-70.13022,-21.12952],[-70.12994,-21.12655],[-70.12538,-21.121],[-70.12049,-21.11126],[-70.12271,-21.09873],[-70.12267,-21.09062],[-70.12973,-21.0787],[-70.1537,-21.05603],[-70.15432,-21.05126],[-70.16028,-21.04112],[-70.16262,-21.03037],[-70.16727,-21.02753],[-70.16968,-21.0223],[-70.16306,-20.99895],[-70.16072,-20.9948],[-70.15634,-20.99098],[-70.15446,-20.9846],[-70.15484,-20.97928],[-70.14873,-20.97429],[-70.13958,-20.96111],[-70.12755,-20.94962],[-70.12586,-20.94607],[-70.12564,-20.93981],[-70.12592,-20.93361],[-70.13269,-20.91249],[-70.12931,-20.89797],[-70.13015,-20.88997],[-70.13399,-20.88614],[-70.15482,-20.8498],[-70.17646,-20.83227],[-70.18821,-20.81571],[-70.18254,-20.79798],[-70.18121,-20.76935],[-70.18087,-20.62765],[-70.18502,-20.5992],[-70.17808,-20.56807],[-70.17624,-20.53048],[-70.17348,-20.52306]]}},{"id":"1298","type":"Feature","properties":{"ROL":"Ruta 1","NOMBRE_CAMINO":"Cruce Ruta 5 (Las Breas) - Taltal - Río Loa - Iquique, Sector: Río Loa - Iquique","CLASIFICACION":"Camino Nacional","CALZADA":"D","tmda":null},"geometry":{"type":"LineString","coordinates":[[-70.17348,-20.52306],[-70.16257,-20.49844],[-70.15919,-20.48338],[-70.15667,-20.45165],[-70.15755,-20.44335]]}},{"id":"1299","type":"Feature","properties":{"ROL":"Ruta 1","NOMBRE_CAMINO":"Cruce Ruta 5 (Las Breas) - Taltal - Río Loa - Iquique, Sector: Río Loa - Iquique","CLASIFICACION":"Camino Nacional","CALZADA":"U","tmda":null},"geometry":{"type":"LineString","coordinates":[[-70.15755,-20.44335],[-70.16173,-20.42789],[-70.16487,-20.42158],[-70.15819,-20.40905],[-70.15871,-20.40334]]}},{"id":"1300","type":"Feature","properties":{"ROL":"Ruta 1","NOMBRE_CAMINO":"Cruce Ruta 5 (Las Breas) - Taltal - Río Loa - Iquique, Sector: Río Loa - Iquique","CLASIFICACION":"Camino Nacional","CALZADA":"D","tmda":null},"geometry":{"type":"LineString","coordinates":[[-70.15871,-20.40334],[-70.16856,-20.38347],[-70.1708,-20.37183],[-70.16475,-20.35379],[-70.15764,-20.3453],[-70.14239,-20.33658],[-70.14036,-20.33108],[-70.14118,-20.32628],[-70.13567,-20.32199],[-70.13528,-20.30516],[-70.13357,-20.29965],[-70.12823,-20.29515],[-70.12762,-20.28283],[-70.13038,-20.27531],[-70.12985,-20.26456],[-70.13439,-20.25621]]}},{"id":"1301","type":"Feature","properties":{"ROL":"Ruta 16","NOMBRE_CAMINO":"Humberstone - Iquique","CLASIFICACION":"Camino Nacional","CALZADA":"D","tmda":7944.0},"geometry":{"type":"LineString","coordinates":[[-69.78939,-20.21211],[-69.79143,-20.21061],[-69.81359,-20.20646],[-69.83393,-20.21036]]}},{"id":"1302","type":"Feature","properties":{"ROL":"Ruta 16","NOMBRE_CAMINO":"Humberstone - Iquique","CLASIFICACION":"Camino Nacional","CALZADA":"D","tmda":null},"geometry":{"type":"LineString","coordinates":[[-70.10507,-20.28033],[-70.10758,-20.28018],[-70.11147,-20.27409],[-70.11194,-20.26356],[-70.11435,-20.25201],[-70.11681,-20.2507]]}},{"id":"1303","type":"Feature","properties":{"ROL":"Ruta 16","NOMBRE_CAMINO":"Humberstone - Iquique","CLASIFICACION":"Camino Nacional","CALZADA":"D","tmda":null},"geometry":{"type":"LineString","coordinates":[[-70.11681,-20.2507],[-70.12383,-20.24319],[-70.12662,-20.23095],[-70.13174,-20.22104]]}},{"id":"1304","type":"Feature","properties":{"ROL":"URBRU001","NOMBRE_CAMINO":"Av. Arturo Prat","CLASIFICACION":"Camino Regional Principal (Conexión Vial Urbana)","CALZADA":"D","tmda":null},"geometry":{"type":"LineString","coordinates":[[-70.13431,-20.25619],[-70.14014,-20.24584],[-70.14724,-20.23911],[-70.14607,-20.23072],[-70.15612,-20.2166],[-70.15395,-20.2123],[-70.15166,-20.21123],[-70.15075,-20.20792],[-70.14445,-20.20542],[-70.14294,-20.20594]]}},{"id":"1305","type":"Feature","properties":{"ROL":"URBRU001","NOMBRE_CAMINO":"Av. Arturo Prat","CLASIFICACION":"Camino Regional Principal (Conexión Vial Urbana)","CALZADA":"U","tmda":null},"geometry":{"type":"LineString","coordinates":[[-70.14294,-20.20594],[-70.13713,-20.19964],[-70.13597,-20.19214]]}},{"id":"1306","type":"Feature","properties":{"ROL":"A-665","NOMBRE_CAMINO":"Cruce Ruta 5 (Sara) - La Tirana - La Huayca - Matilla - Pica","CLASIFICACION":"Camino Regional Provincial","CALZADA":"U","tmda":2418.0},"geometry":{"type":"LineString","coordinates":[[-69.75328,-20.32403],[-69.65967,-20.33472],[-69.65871,-20.34029],[-69.65659,-20.34079],[-69.65612,-20.35169],[-69.65248,-20.36879],[-69.642,-20.38752],[-69.63586,-20.39572],[-69.62834,-20.4025],[-69.61314,-20.41575],[-69.60086,-20.42403],[-69.56678,-20.42896],[-69.5349,-20.43865],[-69.40008,-20.49167],[-69.36647,-20.51299],[-69.35975,-20.5122],[-69.35718,-20.50806],[-69.34396,-20.50191],[-69.33051,-20.49199]]}},{"id":"1307","type":"Feature","properties":{"ROL":"A-45","NOMBRE_CAMINO":"Cruce Ruta 5 - Camiña - Alto Altuza - Alpajeres - Cruce A-95 (Ruta Andina)","CLASIFICACION":"Camino Regional Principal","CALZADA":"U","tmda":129.0},"geometry":{"type":"LineString","coordinates":[[-69.94009,-19.6149],[-69.89634,-19.59444],[-69.89131,-19.59312],[-69.86999,-19.57601],[-69.84841,-19.55544],[-69.83151,-19.54944],[-69.82579,-19.54106],[-69.79801,-19.50963],[-69.76099,-19.48837],[-69.72145,-19.46919],[-69.65801,-19.44786],[-69.64354,-19.44117],[-69.6315,-19.43131],[-69.62827,-19.42602],[-69.62204,-19.42461],[-69.62164,-19.42264],[-69.61905,-19.42121],[-69.62102,-19.41887],[-69.62494,-19.4189],[-69.62706,-19.41745],[-69.62076,-19.41585],[-69.62247,-19.41364],[-69.61406,-19.41166]]}},{"id":"1308","type":"Feature","properties":{"ROL":"A-45","NOMBRE_CAMINO":"Cruce Ruta 5 - Camiña - Alto Altuza - Alpajeres - Cruce A-95 (Ruta Andina)","CLASIFICACION":"Camino Regional Principal","CALZADA":"U","tmda":null},"geometry":{"type":"LineString","coordinates":[[-69.3143,-19.17241],[-69.30464,-19.16988],[-69.29348,-19.16373],[-69.27101,-19.14719],[-69.26918,-19.14447],[-69.26503,-19.14206],[-69.26416,-19.13433],[-69.26118,-19.12774],[-69.2574,-19.12504],[-69.25092,-19.12344],[-69.24678,-19.11711],[-69.24203,-19.11607],[-69.23961,-19.11363],[-69.23551,-19.11237],[-69.23139,-19.11292],[-69.23026,-19.11488],[-69.22156,-19.12079],[-69.21352,-19.12457]]}},{"id":"1309","type":"Feature","properties":{"ROL":"A-45","NOMBRE_CAMINO":"Cruce Ruta 5 - Camiña - Alto Altuza - Alpajeres - Cruce A-95 (Ruta Andina)","CLASIFICACION":"Camino Regional Principal","CALZADA":"U","tmda":null},"geometry":{"type":"LineString","coordinates":[[-69.17029,-19.11792],[-69.16293,-19.11728],[-69.15438,-19.12101],[-69.14957,-19.12131],[-69.14742,-19.11998],[-69.14523,-19.11603],[-69.13912,-19.11314],[-69.13789,-19.11078],[-69.13464,-19.11103],[-69.12881,-19.10846],[-69.11931,-19.10749],[-69.11472,-19.10362],[-69.11434,-19.10966],[-69.11709,-19.11061],[-69.11719,-19.11199],[-69.11086,-19.11129],[-69.10155,-19.1213],[-69.10059,-19.12466],[-69.09651,-19.12745],[-69.08926,-19.13554],[-69.0842,-19.13761],[-69.08589,-19.14138],[-69.08119,-19.14454],[-69.07746,-19.14234],[-69.07202,-19.14245],[-69.0621,-19.13954],[-69.05674,-19.13952],[-69.0536,-19.13718],[-69.03732,-19.13411],[-69.03005,-19.13119],[-69.02865,-19.12909],[-69.02449,-19.12736],[-69.01298,-19.13118],[-68.99776,-19.13249],[-68.97896,-19.14036],[-68.96852,-19.14091],[-68.96098,-19.13979],[-68.95778,-19.13771],[-68.94904,-19.13867],[-68.94627,-19.13609],[-68.92953,-19.12977]]}},{"id":"1310","type":"Feature","properties":{"ROL":"A-616","NOMBRE_CAMINO":"Cruce Ruta 16 - Cuesta el Toro - Cruce Ruta 16 (Zig Zag)","CLASIFICACION":"Camino Regional Provincial","CALZADA":"U","tmda":2165.0},"geometry":{"type":"LineString","coordinates":[[-70.01832,-20.23533],[-70.03045,-20.231],[-70.03285,-20.23332],[-70.03295,-20.23211],[-70.03499,-20.23178],[-70.03586,-20.22832],[-70.03738,-20.2271],[-70.04112,-20.22815],[-70.04759,-20.22718],[-70.05547,-20.23248],[-70.06679,-20.24916],[-70.10159,-20.25166],[-70.1106,-20.25502],[-70.11224,-20.2515],[-70.11216,-20.25616],[-70.11343,-20.25106],[-70.11347,-20.25612]]}},{"id":"1311","type":"Feature","properties":{"ROL":"Ruta 15 CH","NOMBRE_CAMINO":"Huara - Colchane","CLASIFICACION":"Camino Nacional con Carácter de Internacional","CALZADA":"U","tmda":850.0},"geometry":{"type":"LineString","coordinates":[[-69.76736,-19.99607],[-69.62316,-19.96137],[-69.52725,-19.92491],[-69.51057,-19.91421],[-69.50138,-19.90637],[-69.48577,-19.88587],[-69.47702,-19.87984],[-69.46953,-19.87702],[-69.4635,-19.87216],[-69.46003,-19.86785],[-69.45558,-19.85817],[-69.45059,-19.85243],[-69.44288,-19.84682],[-69.43846,-19.8384],[-69.43138,-19.83417],[-69.42283,-19.82278],[-69.4084,-19.81553],[-69.39862,-19.81306],[-69.39255,-19.81341],[-69.38574,-19.80901],[-69.37033,-19.80473],[-69.36316,-19.80089],[-69.35407,-19.79922],[-69.34664,-19.80082],[-69.33366,-19.79847],[-69.31624,-19.7916],[-69.30862,-19.79448],[-69.30124,-19.79323],[-69.29345,-19.79018],[-69.28778,-19.78441],[-69.28663,-19.78085],[-69.28232,-19.7768],[-69.28056,-19.7727],[-69.27539,-19.76864],[-69.26812,-19.76019],[-69.25905,-19.75237],[-69.24876,-19.74713],[-69.22857,-19.72959],[-69.21664,-19.71534],[-69.20973,-19.69936],[-69.20198,-19.69084],[-69.19424,-19.68761],[-69.19045,-19.68354],[-69.18155,-19.67926],[-69.17623,-19.67485],[-69.17041,-19.6733],[-69.16784,-19.67025],[-69.16161,-19.66922],[-69.15894,-19.66657],[-69.15143,-19.66298],[-69.1421,-19.66106],[-69.14071,-19.65836],[-69.13485,-19.65679],[-69.12194,-19.64717],[-69.11023,-19.6412],[-69.0899,-19.64592],[-69.07759,-19.64393]]}},{"id":"1312","type":"Feature","properties":{"ROL":"Ruta 15 CH","NOMBRE_CAMINO":"Huara - Colchane","CLASIFICACION":"Camino Nacional con Carácter de Internacional","CALZADA":"U","tmda":null},"geometry":{"type":"LineString","coordinates":[[-69.05845,-19.63907],[-69.05592,-19.63293],[-69.05588,-19.62963],[-69.05293,-19.62869],[-69.04525,-19.61606],[-69.04047,-19.61464],[-69.03183,-19.60694],[-69.0154,-19.60464],[-69.00028,-19.61353],[-68.99698,-19.61346],[-68.99077,-19.6079],[-68.98896,-19.60296],[-68.99063,-19.60039],[-68.99543,-19.60003],[-68.99808,-19.59627],[-68.99779,-19.59353],[-68.98462,-19.58316],[-68.97363,-19.58384],[-68.9594,-19.57859],[-68.95482,-19.56761],[-68.94113,-19.55682],[-68.9376,-19.55171],[-68.93611,-19.54542],[-68.933,-19.54033],[-68.93244,-19.52985],[-68.93033,-19.52606],[-68.92763,-19.5243],[-68.92259,-19.52602],[-68.91882,-19.5245],[-68.91583,-19.5248],[-68.90419,-19.51683],[-68.8957,-19.51502],[-68.89356,-19.50139],[-68.88416,-19.49209],[-68.87177,-19.48494],[-68.87051,-19.48039],[-68.864,-19.47432],[-68.86089,-19.46834],[-68.85585,-19.46762],[-68.85137,-19.46081],[-68.82115,-19.45712],[-68.81636,-19.45849],[-68.80894,-19.45852],[-68.79878,-19.45448],[-68.79262,-19.44933],[-68.78294,-19.44544],[-68.77366,-19.43453],[-68.77059,-19.42856],[-68.76721,-19.41628],[-68.76646,-19.40363],[-68.76404,-19.39818],[-68.76575,-19.3952],[-68.75549,-19.38627],[-68.74883,-19.36715],[-68.74422,-19.36379],[-68.74185,-19.36344],[-68.73594,-19.3575],[-68.70759,-19.3375],[-68.68605,-19.30754],[-68.68536,-19.30302],[-68.68239,-19.3],[-68.67476,-19.2775],[-68.67278,-19.27697],[-68.668,-19.27955],[-68.66476,-19.27932],[-68.66118,-19.27616],[-68.65717,-19.27542],[-68.62289,-19.2766]]}},{"id":"1313","type":"Feature","properties":{"ROL":"A-527","NOMBRE_CAMINO":"Cruce A-653 - Quipisca","CLASIFICACION":"Camino Regional Comunal","CALZADA":"U","tmda":null},"geometry":{"type":"LineString","coordinates":[[-69.38388,-20.07885],[-69.38002,-20.07765],[-69.38016,-20.07568],[-69.3761,-20.07866],[-69.38423,-20.06878],[-69.38378,-20.06697],[-69.37404,-20.06716],[-69.37121,-20.06559],[-69.36567,-20.06501],[-69.36271,-20.06585],[-69.36107,-20.06374],[-69.35666,-20.06303],[-69.35489,-20.06087],[-69.34701,-20.06077]]}},{"id":"1314","type":"Feature","properties":{"ROL":"A-529","NOMBRE_CAMINO":"Cruce A-653 - Cuesta Duplijsa - Cruce A-527","CLASIFICACION":"Camino Regional Comunal","CALZADA":"U","tmda":null},"geometry":{"type":"LineString","coordinates":[[-69.29248,-20.09145],[-69.32429,-20.08821],[-69.33863,-20.08868],[-69.34646,-20.08595],[-69.37332,-20.08228],[-69.37895,-20.07826]]}},{"id":"1315","type":"Feature","properties":{"ROL":"A-557","NOMBRE_CAMINO":"Cruce Ruta 15 CH - Umiña - Cruce A-97-B (Ruta Andina)","CLASIFICACION":"Camino Regional Comunal","CALZADA":"U","tmda":null},"geometry":{"type":"LineString","coordinates":[[-68.71515,-19.50219],[-68.71347,-19.50217],[-68.71067,-19.49955],[-68.71049,-19.50254],[-68.70505,-19.50364]]}},{"id":"1316","type":"Feature","properties":{"ROL":"A-750","NOMBRE_CAMINO":"Cruce Ruta 1 (Caleta Patillos) - Salar Grande (Tenardita)","CLASIFICACION":"Camino Regional Comunal","CALZADA":"U","tmda":2053.0},"geometry":{"type":"LineString","coordinates":[[-70.16373,-20.72694],[-70.15984,-20.7284],[-70.15782,-20.73628],[-70.15212,-20.74351],[-70.15526,-20.75291],[-70.15462,-20.75724],[-70.14509,-20.76389],[-70.14017,-20.77098],[-70.13672,-20.77159],[-70.1031,-20.79808],[-70.09888,-20.80025],[-70.09889,-20.80144],[-70.09511,-20.80437],[-70.09279,-20.8097],[-70.0675,-20.84573],[-70.05764,-20.86951],[-70.04734,-20.88095]]}},{"id":"1317","type":"Feature","properties":{"ROL":"A-40","NOMBRE_CAMINO":"Cruce Ruta 5 (Zapiga) - Pisagua","CLASIFICACION":"Camino Regional Principal","CALZADA":"U","tmda":127.0},"geometry":{"type":"LineString","coordinates":[[-69.94001,-19.61423],[-69.95851,-19.60344],[-70.00773,-19.56788],[-70.01574,-19.56425],[-70.01946,-19.56398],[-70.02505,-19.55668],[-70.02334,-19.5544],[-70.05853,-19.55151],[-70.07043,-19.55388],[-70.07479,-19.55243],[-70.07936,-19.55277],[-70.08342,-19.54945],[-70.08986,-19.55646],[-70.12209,-19.57489],[-70.13671,-19.57817],[-70.15223,-19.57538],[-70.16453,-19.57587],[-70.17058,-19.57356],[-70.16623,-19.57308],[-70.17104,-19.57028],[-70.18655,-19.56479],[-70.19104,-19.56858],[-70.19334,-19.57347],[-70.19933,-19.59421],[-70.20037,-19.5938],[-70.20089,-19.58662],[-70.20238,-19.59282],[-70.20772,-19.59768],[-70.21307,-19.59988],[-70.21902,-19.59934],[-70.21342,-19.59872],[-70.21043,-19.59662],[-70.21471,-19.59748]]}},{"id":"1318","type":"Feature","properties":{"ROL":"A-750","NOMBRE_CAMINO":"Cruce Ruta 1 (Caleta Patillos) - Salar Grande (Tenardita)","CLASIFICACION":"Camino Regional Comunal","CALZADA":"U","tmda":1663.0},"geometry":{"type":"LineString","coordinates":[[-70.18112,-20.72565],[-70.17933,-20.72745],[-70.16373,-20.72694]]}},{"id":"1319","type":"Feature","properties":{"ROL":"A-505","NOMBRE_CAMINO":"Cruce Ruta 5 - Fuerte Baquedano - Cruce Ruta 5","CLASIFICACION":"Camino Regional Comunal","CALZADA":"U","tmda":null},"geometry":{"type":"LineString","coordinates":[[-69.77409,-20.17064],[-69.75331,-20.13402],[-69.73984,-20.09165]]}},{"id":"1320","type":"Feature","properties":{"ROL":"A-760","NOMBRE_CAMINO":"Cruce Ruta 5 (Victoria) - Cruce A-750 (Salar Grande)","CLASIFICACION":"Camino Regional Comunal","CALZADA":"U","tmda":780.0},"geometry":{"type":"LineString","coordinates":[[-69.6567,-20.73786],[-69.66009,-20.73697],[-69.66197,-20.73973],[-69.67042,-20.74018],[-69.67452,-20.74373],[-69.68945,-20.75004],[-69.6928,-20.74994],[-69.69954,-20.74717],[-69.70592,-20.7477],[-69.71085,-20.75307],[-69.71399,-20.75409],[-69.72246,-20.75083],[-69.73702,-20.74784],[-69.7552,-20.75066],[-69.77004,-20.74843],[-69.774,-20.75583],[-69.80063,-20.75564],[-69.80189,-20.75777],[-69.80549,-20.75902],[-69.80693,-20.76284],[-69.81014,-20.76198],[-69.82777,-20.76795],[-69.83267,-20.76763],[-69.84667,-20.76097],[-69.86037,-20.76422],[-69.86747,-20.76314],[-69.87808,-20.75916],[-69.88329,-20.75936],[-69.88475,-20.75701],[-69.89686,-20.75382],[-69.90712,-20.74855],[-69.91543,-20.74891],[-69.91724,-20.74709],[-69.93112,-20.7418],[-69.94483,-20.74178],[-69.94863,-20.73969],[-69.95306,-20.74125],[-69.9559,-20.7375],[-69.96157,-20.73524],[-69.9715,-20.73449],[-70.00166,-20.73756],[-70.00774,-20.73716],[-70.03163,-20.74233],[-70.0343,-20.74664],[-70.05099,-20.75593],[-70.05932,-20.76449],[-70.07904,-20.77038],[-70.08421,-20.77294],[-70.08935,-20.77808],[-70.09418,-20.77438],[-70.10042,-20.77309],[-70.10971,-20.78718],[-70.11355,-20.78995]]}},{"id":"1321","type":"Feature","properties":{"ROL":"A-527","NOMBRE_CAMINO":"Cruce A-653 - Quipisca","CLASIFICACION":"Camino Regional Comunal","CALZADA":"U","tmda":null},"geometry":{"type":"LineString","coordinates":[[-69.41896,-20.11305],[-69.41875,-20.10998],[-69.4051,-20.09474],[-69.38964,-20.08059],[-69.38388,-20.07885]]}},{"id":"1322","type":"Feature","properties":{"ROL":"A-529","NOMBRE_CAMINO":"Cruce A-653 - Cuesta Duplijsa - Cruce A-527","CLASIFICACION":"Camino Regional Comunal","CALZADA":"U","tmda":null},"geometry":{"type":"LineString","coordinates":[[-69.37895,-20.07826],[-69.38388,-20.07885]]}},{"id":"1323","type":"Feature","properties":{"ROL":"A-615","NOMBRE_CAMINO":"Cruce Ruta 5 - Bypass Pozo Almonte - Cruce A-65","CLASIFICACION":"Camino Regional Provincial","CALZADA":"U","tmda":null},"geometry":{"type":"LineString","coordinates":[[-69.77684,-20.28038],[-69.76345,-20.27333],[-69.76119,-20.25903]]}},{"id":"1324","type":"Feature","properties":{"ROL":"A-65","NOMBRE_CAMINO":"Cruce Ruta 5 (Pozo Almonte) - Cruce A-97-B (Ruta Andina)","CLASIFICACION":"Camino Regional Principal","CALZADA":"U","tmda":null},"geometry":{"type":"LineString","coordinates":[[-69.78702,-20.24034],[-69.78471,-20.24081],[-69.76243,-20.25868],[-69.75997,-20.25914],[-69.7202,-20.26053],[-69.68397,-20.25321],[-69.65596,-20.25088],[-69.55786,-20.25233],[-69.55,-20.25496],[-69.53849,-20.25501],[-69.53275,-20.25266],[-69.47755,-20.25339],[-69.46673,-20.25453],[-69.46115,-20.25661],[-69.45198,-20.25771],[-69.4409,-20.26181],[-69.43608,-20.26089],[-69.43175,-20.26351],[-69.4183,-20.26551],[-69.41446,-20.26324],[-69.4124,-20.26029],[-69.40601,-20.25755],[-69.38645,-20.26263],[-69.37116,-20.26333],[-69.33983,-20.26988],[-69.32544,-20.2698],[-69.30427,-20.27375],[-69.29274,-20.27343],[-69.28274,-20.28268],[-69.25474,-20.27943],[-69.25046,-20.28004],[-69.24252,-20.27771],[-69.22864,-20.27748],[-69.22538,-20.27881],[-69.22007,-20.28869],[-69.21715,-20.2904],[-69.21336,-20.29001],[-69.20097,-20.28406],[-69.18937,-20.28923],[-69.18113,-20.29124],[-69.1554,-20.29194],[-69.15005,-20.29049],[-69.13191,-20.30676],[-69.13037,-20.3114],[-69.12308,-20.3148],[-69.11786,-20.31239],[-69.1179,-20.30768],[-69.11587,-20.30522],[-69.11315,-20.30536],[-69.11127,-20.30897],[-69.10934,-20.30943],[-69.1033,-20.30661],[-69.09731,-20.30064],[-69.08824,-20.30769],[-69.07232,-20.30671],[-69.06886,-20.30504],[-69.06713,-20.30182],[-69.05935,-20.29898],[-69.05124,-20.30385],[-69.03992,-20.30301],[-69.03872,-20.30509],[-69.04365,-20.31084],[-69.0418,-20.31303],[-69.03878,-20.31389],[-69.01912,-20.31338],[-69.0136,-20.30889],[-69.00674,-20.30981],[-68.99836,-20.30765],[-68.99039,-20.30808],[-68.98087,-20.3109],[-68.97989,-20.31733],[-68.97609,-20.32788],[-68.96826,-20.33061],[-68.9616,-20.32975],[-68.94552,-20.34842],[-68.93748,-20.35405],[-68.94066,-20.36228],[-68.94486,-20.36336],[-68.94604,-20.3652],[-68.9461,-20.37483],[-68.94176,-20.37969],[-68.93555,-20.38257],[-68.93091,-20.38144],[-68.92512,-20.38566],[-68.91109,-20.38965],[-68.90544,-20.38968],[-68.89999,-20.38789],[-68.89414,-20.38919],[-68.85221,-20.40863]]}},{"id":"1325","type":"Feature","properties":{"ROL":"A-653","NOMBRE_CAMINO":"Cruce A-65 - Cruce A-629 (Mamiña)","CLASIFICACION":"Camino Regional Comunal","CALZADA":"U","tmda":null},"geometry":{"type":"LineString","coordinates":[[-69.65644,-20.2509],[-69.61742,-20.23153],[-69.56793,-20.19769],[-69.50938,-20.16321],[-69.44425,-20.13648],[-69.4213,-20.11345],[-69.41024,-20.1128],[-69.39767,-20.11415],[-69.38789,-20.11148],[-69.37177,-20.11434],[-69.36187,-20.11334],[-69.35316,-20.11796],[-69.3468,-20.11911],[-69.34051,-20.12607],[-69.33548,-20.12552],[-69.33195,-20.12819],[-69.32637,-20.1289],[-69.32474,-20.12758],[-69.32268,-20.12053],[-69.31177,-20.11235],[-69.30284,-20.10757],[-69.29348,-20.09194],[-69.27052,-20.08238],[-69.25776,-20.07411],[-69.24992,-20.07228]]}},{"id":"1326","type":"Feature","properties":{"ROL":"A-653","NOMBRE_CAMINO":"Cruce A-65 - Cruce A-629 (Mamiña)","CLASIFICACION":"Camino Regional Comunal","CALZADA":"U","tmda":null},"geometry":{"type":"LineString","coordinates":[[-69.24992,-20.07228],[-69.24244,-20.07061],[-69.2258,-20.06185],[-69.22386,-20.06345],[-69.22217,-20.06196],[-69.22278,-20.06574],[-69.22114,-20.06744],[-69.2246,-20.07032],[-69.22011,-20.0693],[-69.22144,-20.07185],[-69.21725,-20.07085]]}},{"id":"1327","type":"Feature","properties":{"ROL":"A-97-B","NOMBRE_CAMINO":"Ruta Andina, Sector: Límite Regional - Cruce Ruta 15 CH (Escapiña)","CLASIFICACION":"Camino Regional Principal","CALZADA":"U","tmda":null},"geometry":{"type":"LineString","coordinates":[[-68.50522,-20.99832],[-68.50898,-20.99288],[-68.52664,-20.98226],[-68.53786,-20.97156],[-68.54158,-20.96555],[-68.56352,-20.95394],[-68.56563,-20.94834],[-68.56434,-20.94081],[-68.57003,-20.9379],[-68.57579,-20.9375],[-68.58045,-20.93176],[-68.58126,-20.92906],[-68.57903,-20.92413],[-68.58327,-20.91393],[-68.58421,-20.90317],[-68.58335,-20.90032],[-68.58573,-20.89025],[-68.59806,-20.87206],[-68.59926,-20.86352],[-68.60974,-20.84208],[-68.61835,-20.82977],[-68.62435,-20.81224],[-68.63542,-20.79888],[-68.6417,-20.79339],[-68.65697,-20.76981],[-68.66327,-20.75761],[-68.66719,-20.74603],[-68.66656,-20.72903],[-68.66956,-20.72416],[-68.6715,-20.72363],[-68.67773,-20.71693],[-68.69031,-20.71161],[-68.69423,-20.7084],[-68.69567,-20.70515]]}},{"id":"1328","type":"Feature","properties":{"ROL":"A-97-B","NOMBRE_CAMINO":"Ruta Andina, Sector: Límite Regional - Cruce Ruta 15 CH (Escapiña)","CLASIFICACION":"Camino Regional Principal","CALZADA":"U","tmda":null},"geometry":{"type":"LineString","coordinates":[[-68.82453,-20.45623],[-68.83247,-20.45373],[-68.84046,-20.44419],[-68.8367,-20.42599],[-68.84156,-20.42191],[-68.84435,-20.41467],[-68.84818,-20.41116]]}},{"id":"1329","type":"Feature","properties":{"ROL":"A-97-B","NOMBRE_CAMINO":"Ruta Andina, Sector: Límite Regional - Cruce Ruta 15 CH (Escapiña)","CLASIFICACION":"Camino Regional Principal","CALZADA":"U","tmda":null},"geometry":{"type":"LineString","coordinates":[[-68.85226,-20.40839],[-68.85299,-20.39464]]}},{"id":"1330","type":"Feature","properties":{"ROL":"A-97-B","NOMBRE_CAMINO":"Ruta Andina, Sector: Límite Regional - Cruce Ruta 15 CH (Escapiña)","CLASIFICACION":"Camino Regional Principal","CALZADA":"U","tmda":null},"geometry":{"type":"LineString","coordinates":[[-68.7112,-19.51123],[-68.6929,-19.48633],[-68.68456,-19.48057],[-68.64422,-19.46895],[-68.64051,-19.45163],[-68.64269,-19.44924],[-68.65688,-19.39023],[-68.65826,-19.37297],[-68.65609,-19.35996],[-68.66249,-19.34808],[-68.66555,-19.34564],[-68.67483,-19.3123],[-68.68047,-19.30264],[-68.68323,-19.30125]]}},{"id":"1331","type":"Feature","properties":{"ROL":"Ruta 5","NOMBRE_CAMINO":"Longitudinal Norte, Sector: Quillagua - Cuya","CLASIFICACION":"Camino Nacional Longitudinal","CALZADA":"U","tmda":5284.0},"geometry":{"type":"LineString","coordinates":[[-69.55174,-21.62616],[-69.55379,-21.62262],[-69.56443,-21.61346],[-69.56711,-21.60911],[-69.56795,-21.60491],[-69.56561,-21.60284],[-69.5532,-21.60348],[-69.55,-21.60204],[-69.54009,-21.57772],[-69.51625,-21.46513],[-69.50268,-21.44472],[-69.50031,-21.38536],[-69.53822,-21.24321],[-69.59729,-21.07347],[-69.60242,-21.06144],[-69.62236,-21.04314],[-69.63383,-21.02847],[-69.64393,-21.02023],[-69.64609,-20.98774],[-69.66649,-20.96212],[-69.68186,-20.92656],[-69.69154,-20.87028],[-69.70729,-20.84592],[-69.70861,-20.84172],[-69.70763,-20.83742],[-69.65761,-20.74042],[-69.61361,-20.63778],[-69.61311,-20.63392],[-69.74814,-20.33351],[-69.78561,-20.26349],[-69.78972,-20.20347],[-69.77282,-20.16813],[-69.7714,-20.1578],[-69.76856,-20.1516],[-69.76761,-20.1449],[-69.77029,-20.1327],[-69.76981,-20.12913],[-69.7591,-20.11256],[-69.74226,-20.09866],[-69.73587,-20.07578],[-69.73961,-20.05454],[-69.74686,-20.03243],[-69.7699,-19.99094],[-69.78904,-19.88505],[-69.94205,-19.64246],[-69.94274,-19.63879],[-69.93573,-19.57839],[-69.94096,-19.57313],[-69.95385,-19.56594],[-69.95699,-19.56106],[-69.95345,-19.55722],[-69.9449,-19.55247],[-69.94148,-19.55253],[-69.94062,-19.55105],[-69.94625,-19.54814],[-69.94851,-19.5498],[-69.95132,-19.5499],[-69.95965,-19.5427],[-69.96699,-19.513],[-69.96422,-19.47431],[-69.95986,-19.46653],[-69.95485,-19.46263],[-69.95371,-19.45971],[-69.94615,-19.45462],[-69.94757,-19.4535],[-69.96095,-19.45581],[-69.96293,-19.45502],[-69.96316,-19.45297],[-69.90732,-19.37169],[-69.89931,-19.33685],[-69.89251,-19.29025],[-69.8941,-19.288],[-69.90498,-19.28128],[-69.92182,-19.2625],[-69.92469,-19.25724],[-69.92579,-19.25159],[-69.92797,-19.2488],[-69.93344,-19.24594],[-69.94268,-19.24556],[-69.96876,-19.2308],[-69.97245,-19.22705],[-69.97902,-19.22395],[-69.98314,-19.2236],[-69.98902,-19.21758],[-69.99327,-19.2165],[-69.99484,-19.21387],[-70.00378,-19.20845],[-70.00733,-19.20498],[-70.00819,-19.20004],[-70.0136,-19.1972],[-70.03557,-19.19669],[-70.04414,-19.19883],[-70.06368,-19.19768],[-70.08063,-19.19464],[-70.08649,-19.19602],[-70.09692,-19.19288],[-70.10752,-19.20037],[-70.11017,-19.20082],[-70.1543,-19.18106],[-70.16288,-19.16957]]}},{"id":"1332","type":"Feature","properties":{"ROL":"URBA502","NOMBRE_CAMINO":"Circunvalación, Sector: Rotonda El Pampino - Av. Arturo Prat","CLASIFICACION":"Camino Regional Comunal (Conexión Vial Urbana)","CALZADA":"U","tmda":null},"geometry":{"type":"LineString","coordinates":[[-70.13174,-20.22104],[-70.13124,-20.21423],[-70.12946,-20.21199],[-70.12924,-20.20897],[-70.13629,-20.19368]]}},{"id":"1333","type":"Feature","properties":{"ROL":"A-750","NOMBRE_CAMINO":"Cruce Ruta 1 (Caleta Patillos) - Salar Grande (Tenardita)","CLASIFICACION":"Camino Regional Comunal","CALZADA":"U","tmda":2053.0},"geometry":{"type":"LineString","coordinates":[[-70.04734,-20.88095],[-70.04294,-20.88579]]}},{"id":"1334","type":"Feature","properties":{"ROL":"A-97-B","NOMBRE_CAMINO":"Ruta Andina, Sector: Límite Regional - Cruce Ruta 15 CH (Escapiña)","CLASIFICACION":"Camino Regional Principal","CALZADA":"U","tmda":null},"geometry":{"type":"LineString","coordinates":[[-68.69567,-20.70515],[-68.69741,-20.70193],[-68.71045,-20.68875],[-68.71017,-20.68033],[-68.70788,-20.67394],[-68.71065,-20.66346],[-68.71698,-20.65784],[-68.71781,-20.65495],[-68.71498,-20.64833],[-68.71248,-20.64595],[-68.71278,-20.64405],[-68.73742,-20.6242],[-68.75453,-20.61446],[-68.7705,-20.60808],[-68.77196,-20.59526],[-68.77496,-20.58362],[-68.79114,-20.55691],[-68.79031,-20.54098],[-68.78217,-20.5342],[-68.78177,-20.53174],[-68.78308,-20.52993],[-68.79759,-20.5222],[-68.80902,-20.49092],[-68.8082,-20.48731],[-68.80151,-20.47888],[-68.80147,-20.47427],[-68.8054,-20.46775],[-68.80901,-20.46606],[-68.81425,-20.45958],[-68.82453,-20.45623]]}},{"id":"1335","type":"Feature","properties":{"ROL":"A-97-B","NOMBRE_CAMINO":"Ruta Andina, Sector: Límite Regional - Cruce Ruta 15 CH (Escapiña)","CLASIFICACION":"Camino Regional Principal","CALZADA":"U","tmda":null},"geometry":{"type":"LineString","coordinates":[[-68.84818,-20.41116],[-68.85226,-20.40839]]}},{"id":"1336","type":"Feature","properties":{"ROL":"A-457","NOMBRE_CAMINO":"Cruce Ruta 5 (Negreiros) - Soga","CLASIFICACION":"Camino Regional Comunal","CALZADA":"U","tmda":null},"geometry":{"type":"LineString","coordinates":[[-69.53444,-19.61667],[-69.51958,-19.60716],[-69.50384,-19.59255],[-69.49176,-19.58761],[-69.47431,-19.57439],[-69.46938,-19.57326],[-69.45844,-19.56653],[-69.43819,-19.55823],[-69.42974,-19.55158],[-69.41953,-19.54601],[-69.3812,-19.52994],[-69.38062,-19.52674],[-69.38163,-19.52565],[-69.39048,-19.52898],[-69.39028,-19.52694],[-69.39477,-19.52849],[-69.39063,-19.52607],[-69.38998,-19.52363],[-69.39141,-19.52337],[-69.39008,-19.52259],[-69.39114,-19.52208],[-69.38895,-19.52244],[-69.38876,-19.51911],[-69.38732,-19.51781],[-69.37407,-19.51069],[-69.37258,-19.50707],[-69.36982,-19.50554],[-69.36971,-19.50277],[-69.36721,-19.50252],[-69.36113,-19.49888],[-69.35227,-19.48562],[-69.34593,-19.48239],[-69.34177,-19.47769],[-69.33831,-19.46683],[-69.33712,-19.46665]]}},{"id":"1337","type":"Feature","properties":{"ROL":"A-555","NOMBRE_CAMINO":"Cruce Ruta 15 CH (Alto Pachica) - Badén Carora - Pachica - Poroma - Cruce A-97-B (Ruta Andina)","CLASIFICACION":"Camino Regional Provincial","CALZADA":"U","tmda":null},"geometry":{"type":"LineString","coordinates":[[-69.48173,-19.88347],[-69.48023,-19.8876],[-69.47781,-19.88873],[-69.47371,-19.88418],[-69.47207,-19.885],[-69.47296,-19.88669],[-69.46563,-19.88273],[-69.46476,-19.87788],[-69.46315,-19.87805],[-69.45678,-19.87367],[-69.45302,-19.87468],[-69.44651,-19.86844],[-69.43274,-19.86599],[-69.4311,-19.86687]]}},{"id":"1338","type":"Feature","properties":{"ROL":"A-555","NOMBRE_CAMINO":"Cruce Ruta 15 CH (Alto Pachica) - Badén Carora - Pachica - Poroma - Cruce A-97-B (Ruta Andina)","CLASIFICACION":"Camino Regional Provincial","CALZADA":"U","tmda":null},"geometry":{"type":"LineString","coordinates":[[-69.17963,-19.8847],[-69.15133,-19.89303],[-69.13076,-19.89558],[-69.12516,-19.89379],[-69.12008,-19.89579],[-69.11835,-19.89505],[-69.11175,-19.89865],[-69.10883,-19.89655],[-69.0995,-19.89672],[-69.09638,-19.89847],[-69.08703,-19.90836],[-69.07709,-19.91126],[-69.07212,-19.90882],[-69.07048,-19.90915],[-69.06988,-19.90554],[-69.06655,-19.90544],[-69.05193,-19.89928],[-69.04876,-19.89676],[-69.04894,-19.89059],[-69.0473,-19.88356],[-69.04225,-19.8811],[-69.04383,-19.87962],[-69.03918,-19.87531],[-69.04154,-19.86912],[-69.05341,-19.86164],[-69.05276,-19.85865],[-69.04615,-19.85764],[-69.04565,-19.85552],[-69.04095,-19.85751],[-69.03808,-19.86145],[-69.0279,-19.86067],[-69.02033,-19.86272],[-69.01813,-19.86898],[-69.0168,-19.86752],[-69.00889,-19.86676],[-68.9997,-19.86995],[-68.99344,-19.869],[-68.98369,-19.87171],[-68.97835,-19.87542],[-68.96968,-19.88604],[-68.96683,-19.88679],[-68.96363,-19.88553],[-68.96179,-19.88271],[-68.9482,-19.88157],[-68.9313,-19.86744],[-68.92382,-19.86298],[-68.92248,-19.8607],[-68.91832,-19.85981],[-68.91501,-19.85651],[-68.90162,-19.8561],[-68.89472,-19.85344],[-68.884,-19.85453],[-68.87092,-19.85349],[-68.86232,-19.84947],[-68.85935,-19.84666],[-68.85572,-19.84788],[-68.85257,-19.84633],[-68.84939,-19.84736],[-68.84613,-19.85638],[-68.8383,-19.86455]]}},{"id":"1339","type":"Feature","properties":{"ROL":"A-770","NOMBRE_CAMINO":"Cruce Ruta 5 (Lagunas) - Cruce A-752","CLASIFICACION":"Camino Regional Comunal","CALZADA":"U","tmda":null},"geometry":{"type":"LineString","coordinates":[[-69.65646,-20.97403],[-69.66516,-20.97836],[-69.66776,-20.97788],[-69.66895,-20.97612],[-69.67411,-20.9831],[-69.67304,-20.98971],[-69.67671,-20.99266],[-69.68553,-20.99432],[-69.68681,-20.99536],[-69.6864,-20.99803],[-69.68886,-21.00383],[-69.69032,-21.00533],[-69.69506,-21.00518]]}},{"id":"1340","type":"Feature","properties":{"ROL":"A-953","NOMBRE_CAMINO":"Cruce A-97-B (Cariquima) - Salar de Coipasa","CLASIFICACION":"Camino Regional Comunal","CALZADA":"U","tmda":null},"geometry":{"type":"LineString","coordinates":[[-68.64423,-19.46659],[-68.64177,-19.46416]]}},{"id":"1341","type":"Feature","properties":{"ROL":"A-953","NOMBRE_CAMINO":"Cruce A-97-B (Cariquima) - Salar de Coipasa","CLASIFICACION":"Camino Regional Comunal","CALZADA":"U","tmda":null},"geometry":{"type":"LineString","coordinates":[[-68.63129,-19.44662],[-68.62363,-19.43069],[-68.6131,-19.4178],[-68.60308,-19.40936],[-68.59946,-19.40513],[-68.59501,-19.39657],[-68.59148,-19.39343],[-68.58958,-19.38592],[-68.58617,-19.37945]]}},{"id":"1342","type":"Feature","properties":{"ROL":"A-963","NOMBRE_CAMINO":"Cruce A-97-B (Collacagua) - Cancosa - Paso Apacheta de Irpa o Cancosa","CLASIFICACION":"Camino Regional Comunal","CALZADA":"U","tmda":null},"geometry":{"type":"LineString","coordinates":[[-68.80752,-20.05229],[-68.8022,-20.04174],[-68.79492,-20.04169],[-68.7776,-20.03809],[-68.76918,-20.04011],[-68.76629,-20.03788],[-68.75883,-20.04008],[-68.7488,-20.03252],[-68.74758,-20.02792],[-68.74408,-20.02281],[-68.73177,-20.02149],[-68.71682,-20.016],[-68.71402,-20.01376],[-68.71184,-20.01079],[-68.71068,-20.00599],[-68.7119,-19.9956],[-68.71366,-19.99196],[-68.71857,-19.98691],[-68.71711,-19.98213],[-68.71981,-19.97112],[-68.71729,-19.96975],[-68.71364,-19.96442],[-68.70985,-19.96298],[-68.70919,-19.96078],[-68.70368,-19.96145],[-68.70201,-19.96054],[-68.69884,-19.95531],[-68.70241,-19.95082],[-68.6981,-19.95107],[-68.69633,-19.9525],[-68.69217,-19.9421],[-68.67791,-19.93202],[-68.67204,-19.92934],[-68.66304,-19.91571],[-68.64832,-19.90816],[-68.64363,-19.90833],[-68.63707,-19.90637],[-68.63533,-19.90146],[-68.63203,-19.89834],[-68.62445,-19.89665],[-68.62364,-19.89425],[-68.62614,-19.89036],[-68.61862,-19.88374],[-68.61555,-19.87923],[-68.61079,-19.87607],[-68.61079,-19.87349],[-68.60614,-19.8692],[-68.60645,-19.86589]]}},{"id":"1343","type":"Feature","properties":{"ROL":"A-963","NOMBRE_CAMINO":"Cruce A-97-B (Collacagua) - Cancosa - Paso Apacheta de Irpa o Cancosa","CLASIFICACION":"Camino Regional Comunal","CALZADA":"U","tmda":null},"geometry":{"type":"LineString","coordinates":[[-68.6036,-19.85869],[-68.60163,-19.85407],[-68.59841,-19.8516],[-68.59713,-19.84869],[-68.59611,-19.84575],[-68.5974,-19.84354],[-68.59214,-19.84362],[-68.58913,-19.84007],[-68.59029,-19.83016]]}},{"id":"1344","type":"Feature","properties":{"ROL":"A-469","NOMBRE_CAMINO":"Cruce A-45 (Camiña) - Apamilca - Cruce A-45","CLASIFICACION":"Camino Regional Comunal","CALZADA":"U","tmda":null},"geometry":{"type":"LineString","coordinates":[[-69.39533,-19.30052],[-69.40138,-19.29871]]}},{"id":"1345","type":"Feature","properties":{"ROL":"A-475","NOMBRE_CAMINO":"Cruce Ruta 15 CH (Alto Chusmiza) - Chiapa - Jaiña - Ariquilda - Cruce A-457","CLASIFICACION":"Camino Regional Comunal","CALZADA":"U","tmda":133.0},"geometry":{"type":"LineString","coordinates":[[-69.24393,-19.55245],[-69.24765,-19.5567],[-69.25248,-19.55578],[-69.25403,-19.55662],[-69.25617,-19.55498],[-69.25667,-19.55671],[-69.25541,-19.55851],[-69.25868,-19.55791],[-69.26142,-19.55478],[-69.26402,-19.55481],[-69.26614,-19.55199],[-69.2667,-19.55423],[-69.27125,-19.55489],[-69.27073,-19.5571],[-69.27207,-19.55568],[-69.27757,-19.55791],[-69.27948,-19.55671],[-69.28427,-19.55709],[-69.28912,-19.55573],[-69.29154,-19.55334],[-69.29256,-19.55425],[-69.29295,-19.55267],[-69.294,-19.55564],[-69.29532,-19.55351],[-69.29558,-19.55598],[-69.29766,-19.55519],[-69.29835,-19.55256],[-69.29922,-19.5537],[-69.30033,-19.55256],[-69.29975,-19.55491],[-69.30185,-19.55251],[-69.30484,-19.5563],[-69.30604,-19.55595],[-69.30917,-19.55819],[-69.31077,-19.56123],[-69.31234,-19.56095],[-69.31901,-19.56633],[-69.32571,-19.56568],[-69.32892,-19.568],[-69.33393,-19.5676],[-69.33957,-19.57167],[-69.34661,-19.57412],[-69.34959,-19.57725],[-69.35419,-19.57829],[-69.35501,-19.57987],[-69.35645,-19.57922],[-69.35735,-19.58023],[-69.36052,-19.57854],[-69.37069,-19.58477],[-69.38409,-19.5882],[-69.38907,-19.58719],[-69.39365,-19.58932],[-69.39316,-19.58802],[-69.39519,-19.58819],[-69.3959,-19.58705],[-69.39331,-19.58592],[-69.39181,-19.58353],[-69.39436,-19.58323]]}},{"id":"1346","type":"Feature","properties":{"ROL":"A-489","NOMBRE_CAMINO":"Cruce A-45 (Alpajeres) - Termas de Berenguela","CLASIFICACION":"Camino Regional Comunal","CALZADA":"U","tmda":null},"geometry":{"type":"LineString","coordinates":[[-69.26651,-19.1565],[-69.26837,-19.16676],[-69.26413,-19.1686],[-69.26483,-19.17204],[-69.26084,-19.17809],[-69.2476,-19.1857],[-69.24462,-19.19065],[-69.24075,-19.19262],[-69.23878,-19.19826],[-69.24065,-19.20149],[-69.22961,-19.21581],[-69.22871,-19.22137],[-69.22191,-19.2285],[-69.21295,-19.23341],[-69.21234,-19.23571],[-69.20417,-19.23749],[-69.2042,-19.24052],[-69.20319,-19.23954],[-69.19658,-19.24307],[-69.1926,-19.24337]]}},{"id":"1347","type":"Feature","properties":{"ROL":"A-770","NOMBRE_CAMINO":"Cruce Ruta 5 (Lagunas) - Cruce A-752","CLASIFICACION":"Camino Regional Comunal","CALZADA":"U","tmda":null},"geometry":{"type":"LineString","coordinates":[[-69.69506,-21.00518],[-69.69859,-21.00753],[-69.7034,-21.00833],[-69.70758,-21.01208],[-69.71608,-21.01259],[-69.72741,-21.01833],[-69.73697,-21.01836],[-69.7403,-21.02077],[-69.74366,-21.02619],[-69.75333,-21.03183],[-69.76468,-21.03375],[-69.77844,-21.03148],[-69.78691,-21.03487],[-69.80147,-21.04432],[-69.81209,-21.05442],[-69.84079,-21.07508]]}},{"id":"1348","type":"Feature","properties":{"ROL":"A-510","NOMBRE_CAMINO":"Cruce A-514 - Cerro Esmeralda","CLASIFICACION":"Camino Regional de Acceso","CALZADA":"U","tmda":null},"geometry":{"type":"LineString","coordinates":[[-70.10563,-20.2088],[-70.11234,-20.21102],[-70.11103,-20.21007],[-70.11616,-20.21117],[-70.11774,-20.2097]]}},{"id":"1349","type":"Feature","properties":{"ROL":"A-517","NOMBRE_CAMINO":"Cruce Ruta 15 CH - Chusmiza","CLASIFICACION":"Camino Regional de Acceso","CALZADA":"U","tmda":null},"geometry":{"type":"LineString","coordinates":[[-69.1844,-19.68513],[-69.17776,-19.68379]]}},{"id":"1350","type":"Feature","properties":{"ROL":"A-949","NOMBRE_CAMINO":"Cruce A-97-B (Ruta Andina) - Ancovinto","CLASIFICACION":"Camino Regional Comunal","CALZADA":"U","tmda":null},"geometry":{"type":"LineString","coordinates":[[-68.59217,-19.40335],[-68.58888,-19.40356]]}},{"id":"1351","type":"Feature","properties":{"ROL":"A-949","NOMBRE_CAMINO":"Cruce A-97-B (Ruta Andina) - Ancovinto","CLASIFICACION":"Camino Regional Comunal","CALZADA":"U","tmda":null},"geometry":{"type":"LineString","coordinates":[[-68.60905,-19.40591],[-68.60058,-19.40438]]}},{"id":"1352","type":"Feature","properties":{"ROL":"A-625","NOMBRE_CAMINO":"Cruce A-651 (Tambillo) - Cruce A-629 (Alto Imagua)","CLASIFICACION":"Camino Regional Comunal","CALZADA":"U","tmda":null},"geometry":{"type":"LineString","coordinates":[[-69.39986,-20.24402],[-69.39673,-20.24161],[-69.39079,-20.23316],[-69.38998,-20.22864],[-69.38495,-20.22614],[-69.38124,-20.2179],[-69.3729,-20.21104]]}},{"id":"1353","type":"Feature","properties":{"ROL":"A-625","NOMBRE_CAMINO":"Cruce A-651 (Tambillo) - Cruce A-629 (Alto Imagua)","CLASIFICACION":"Camino Regional Comunal","CALZADA":"U","tmda":null},"geometry":{"type":"LineString","coordinates":[[-69.35762,-20.1958],[-69.35074,-20.19197],[-69.34911,-20.18857],[-69.34384,-20.18388],[-69.33442,-20.18014],[-69.33102,-20.17562],[-69.32306,-20.1706],[-69.31596,-20.16334],[-69.30453,-20.15481],[-69.30054,-20.15334],[-69.29724,-20.14935],[-69.27151,-20.12798],[-69.25473,-20.12262],[-69.24388,-20.11743],[-69.20997,-20.10834]]}},{"id":"1354","type":"Feature","properties":{"ROL":"A-629","NOMBRE_CAMINO":"Cruce A-653 (Rotonda Mamiña) - Macaya - Jauja","CLASIFICACION":"Camino Regional Comunal","CALZADA":"U","tmda":null},"geometry":{"type":"LineString","coordinates":[[-69.18622,-20.13382],[-69.17989,-20.13398],[-69.18356,-20.13507],[-69.18,-20.13524],[-69.18471,-20.13681],[-69.18177,-20.13693],[-69.18153,-20.13844],[-69.17651,-20.13788],[-69.17406,-20.14067],[-69.16696,-20.14173],[-69.16757,-20.14358],[-69.16642,-20.14402],[-69.15897,-20.14362],[-69.15867,-20.14575],[-69.15154,-20.14433],[-69.14878,-20.14493],[-69.14285,-20.14248],[-69.13977,-20.14437],[-69.14068,-20.14555]]}},{"id":"1355","type":"Feature","properties":{"ROL":"A-639","NOMBRE_CAMINO":"Cruce A-555 (Mosquito de Oro) - Parca - Noasa - Cruce A-653","CLASIFICACION":"Camino Regional Comunal","CALZADA":"U","tmda":null},"geometry":{"type":"LineString","coordinates":[[-69.09605,-19.9854],[-69.09764,-19.98463],[-69.10013,-19.98757],[-69.10649,-19.98754],[-69.11734,-19.98498],[-69.12259,-19.98584],[-69.12228,-19.98308],[-69.12803,-19.98514],[-69.13109,-19.98404],[-69.13377,-19.98661],[-69.14229,-19.988],[-69.14495,-19.99102],[-69.15451,-19.9952],[-69.17207,-19.99801],[-69.17565,-20.00092]]}},{"id":"1356","type":"Feature","properties":{"ROL":"A-651","NOMBRE_CAMINO":"Cruce A-65 - Sagasca","CLASIFICACION":"Camino Regional Comunal","CALZADA":"U","tmda":null},"geometry":{"type":"LineString","coordinates":[[-69.39867,-20.24369],[-69.3922,-20.24295],[-69.39135,-20.23852],[-69.36083,-20.21659],[-69.35377,-20.20472],[-69.34099,-20.19588],[-69.33941,-20.19175],[-69.33558,-20.18967]]}},{"id":"1357","type":"Feature","properties":{"ROL":"A-365","NOMBRE_CAMINO":"Cruce A-45 - Nama","CLASIFICACION":"Camino Regional de Acceso","CALZADA":"U","tmda":null},"geometry":{"type":"LineString","coordinates":[[-69.37704,-19.2085],[-69.37929,-19.20939],[-69.38026,-19.20401],[-69.38235,-19.20102],[-69.38064,-19.19912],[-69.38577,-19.19992],[-69.38449,-19.19861],[-69.38507,-19.19746],[-69.38658,-19.19893],[-69.38922,-19.19743],[-69.39249,-19.19784],[-69.40484,-19.19204],[-69.41081,-19.19226],[-69.40974,-19.1911]]}},{"id":"1358","type":"Feature","properties":{"ROL":"A-365","NOMBRE_CAMINO":"Cruce A-45 - Nama","CLASIFICACION":"Camino Regional de Acceso","CALZADA":"U","tmda":null},"geometry":{"type":"LineString","coordinates":[[-69.41082,-19.18908],[-69.41194,-19.1878]]}},{"id":"1359","type":"Feature","properties":{"ROL":"A-715","NOMBRE_CAMINO":"Cruce A-755 - Quebrada del Salado (Valle de Los Dinosaurios)","CLASIFICACION":"Camino Regional Comunal","CALZADA":"U","tmda":null},"geometry":{"type":"LineString","coordinates":[[-69.31998,-20.6606],[-69.31154,-20.67367],[-69.30966,-20.68487],[-69.30692,-20.68841],[-69.29563,-20.69442],[-69.27845,-20.69674],[-69.26969,-20.70101],[-69.26502,-20.7058]]}},{"id":"1360","type":"Feature","properties":{"ROL":"A-412","NOMBRE_CAMINO":"Cruce Ruta 5 (Huara) - Cruce A-514 (Alto Caleta Buena)","CLASIFICACION":"Camino Regional Comunal","CALZADA":"U","tmda":null},"geometry":{"type":"LineString","coordinates":[[-69.76827,-19.9945],[-69.77259,-19.99505],[-69.77294,-19.99218],[-69.77502,-19.99028],[-69.78214,-19.98885],[-69.79231,-19.97716],[-69.79687,-19.97504],[-69.8005,-19.96783],[-69.81158,-19.96034],[-69.81932,-19.95903],[-69.82178,-19.96002],[-69.82557,-19.95675],[-69.83022,-19.95709],[-69.83276,-19.95124],[-69.83319,-19.943],[-69.83737,-19.94254],[-69.83596,-19.94177],[-69.83745,-19.94041],[-69.85281,-19.94397],[-69.86972,-19.95147],[-69.87147,-19.95028],[-69.87932,-19.95499],[-69.91399,-19.95811]]}},{"id":"1361","type":"Feature","properties":{"ROL":"A-95","NOMBRE_CAMINO":"Ruta Andina, Sector: Cruce Ruta 15 CH (Escapiña) - Límite Regional","CLASIFICACION":"Camino Regional Principal","CALZADA":"U","tmda":null},"geometry":{"type":"LineString","coordinates":[[-68.92956,-19.13072],[-68.93037,-19.08624],[-68.92607,-19.07991],[-68.92514,-19.07604],[-68.92919,-19.06273],[-68.92602,-19.05395],[-68.92707,-19.04786],[-68.93054,-19.0423],[-68.93728,-19.02382],[-68.93398,-18.98243],[-68.95397,-18.97309],[-68.96423,-18.96612],[-68.96748,-18.96665],[-68.97269,-18.96283],[-68.97605,-18.96586],[-68.999,-18.96253],[-69.01297,-18.97188],[-69.02497,-18.96919]]}},{"id":"1362","type":"Feature","properties":{"ROL":"A-485","NOMBRE_CAMINO":"Cruce A-487 - Termas Puchuldiza","CLASIFICACION":"Camino Regional de Acceso","CALZADA":"U","tmda":null},"geometry":{"type":"LineString","coordinates":[[-68.89989,-19.35658],[-68.90712,-19.36291],[-68.91138,-19.371],[-68.92586,-19.37753],[-68.93677,-19.38541],[-68.94125,-19.3845],[-68.93924,-19.38956],[-68.94805,-19.3944],[-68.95091,-19.39747],[-68.95287,-19.40405],[-68.9569,-19.40656]]}},{"id":"1363","type":"Feature","properties":{"ROL":"A-752","NOMBRE_CAMINO":"Cruce A-750 - Alto Río Loa (Mina Paiquina)","CLASIFICACION":"Camino Regional Comunal","CALZADA":"U","tmda":null},"geometry":{"type":"LineString","coordinates":[[-70.0787,-21.12654],[-70.05185,-21.15079],[-70.04645,-21.15224],[-70.03833,-21.15673],[-70.03008,-21.16455],[-70.01777,-21.17228],[-70.01674,-21.17814],[-70.0123,-21.18403],[-70.00719,-21.18755],[-70.00936,-21.19245],[-70.00839,-21.19496],[-70.00104,-21.19794],[-69.99851,-21.20066],[-69.99949,-21.20297],[-70.00668,-21.2032],[-70.01219,-21.20088],[-70.01698,-21.20045],[-70.01928,-21.19801],[-70.02279,-21.19867],[-70.02864,-21.20475],[-70.03196,-21.21993]]}},{"id":"1364","type":"Feature","properties":{"ROL":"A-752","NOMBRE_CAMINO":"Cruce A-750 - Alto Río Loa (Mina Paiquina)","CLASIFICACION":"Camino Regional Comunal","CALZADA":"U","tmda":null},"geometry":{"type":"LineString","coordinates":[[-70.04282,-20.98579],[-70.04656,-20.98744],[-70.05261,-20.99475],[-70.05563,-20.99588],[-70.0567,-20.99933],[-70.06551,-21.01117],[-70.06906,-21.01991],[-70.07645,-21.03165],[-70.07936,-21.04159],[-70.08078,-21.05386]]}},{"id":"1365","type":"Feature","properties":{"ROL":"A-752","NOMBRE_CAMINO":"Cruce A-750 - Alto Río Loa (Mina Paiquina)","CLASIFICACION":"Camino Regional Comunal","CALZADA":"U","tmda":null},"geometry":{"type":"LineString","coordinates":[[-70.03196,-21.21993],[-70.02708,-21.2268],[-70.02598,-21.23072],[-70.01863,-21.23817],[-70.01406,-21.24984],[-70.01602,-21.26144],[-70.01574,-21.27169],[-70.01769,-21.28027],[-70.01403,-21.2857],[-70.01314,-21.29056],[-70.01571,-21.30009],[-70.01823,-21.30369],[-70.01708,-21.30464],[-70.01598,-21.31379],[-70.01236,-21.31734],[-70.0088,-21.33115],[-70.00445,-21.33917],[-70.00348,-21.34767],[-70.00363,-21.34916],[-70.01066,-21.356],[-70.01428,-21.35816],[-70.01514,-21.36258],[-70.01385,-21.36505],[-70.01558,-21.36718],[-70.02494,-21.3695],[-70.02592,-21.37095],[-70.02778,-21.36744],[-70.0273,-21.36534]]}},{"id":"1366","type":"Feature","properties":{"ROL":"A-514","NOMBRE_CAMINO":"Cruce A-616 - Alto Caleta Buena","CLASIFICACION":"Camino Regional Comunal (En Proceso de Enrolamiento)","CALZADA":"U","tmda":48.0},"geometry":{"type":"LineString","coordinates":[[-70.11368,-19.88936],[-70.1144,-19.8826],[-70.10732,-19.86033],[-70.10647,-19.85141],[-70.09933,-19.84567],[-70.09731,-19.84037],[-70.09787,-19.8383],[-70.09553,-19.83633],[-70.09673,-19.82817],[-70.09491,-19.82405],[-70.09512,-19.81713],[-70.08838,-19.80732],[-70.08829,-19.80336],[-70.08603,-19.80202],[-70.08121,-19.79455],[-70.0841,-19.79095],[-70.09841,-19.78299],[-70.10193,-19.77821]]}},{"id":"1367","type":"Feature","properties":{"ROL":"S/R-A-479","NOMBRE_CAMINO":"Cruce A-469 (Apamilca) - Cruce A-489","CLASIFICACION":"Camino Regional Comunal (En Proceso de Enrolamiento)","CALZADA":"U","tmda":null},"geometry":{"type":"LineString","coordinates":[[-69.35801,-19.31252],[-69.34931,-19.31358],[-69.34804,-19.31244],[-69.34205,-19.31197],[-69.33976,-19.30922],[-69.33959,-19.31062],[-69.32942,-19.31658],[-69.3268,-19.31484],[-69.32409,-19.31594],[-69.31345,-19.31414],[-69.30834,-19.31454],[-69.30877,-19.31289],[-69.30605,-19.31388],[-69.30491,-19.31274],[-69.30448,-19.31006],[-69.29762,-19.31049],[-69.28811,-19.30523],[-69.28667,-19.29862],[-69.28337,-19.29512],[-69.26921,-19.2883],[-69.26766,-19.2857],[-69.26367,-19.28349],[-69.2547,-19.28028],[-69.24704,-19.27096],[-69.24129,-19.27101],[-69.23704,-19.27566],[-69.22846,-19.27693],[-69.22773,-19.27313],[-69.22882,-19.27144],[-69.22698,-19.27094],[-69.22696,-19.2686],[-69.22545,-19.26867],[-69.22453,-19.26013],[-69.22288,-19.25865],[-69.2158,-19.25719],[-69.21333,-19.25107],[-69.20552,-19.24652],[-69.20135,-19.24129]]}},{"id":"1368","type":"Feature","properties":{"ROL":"A-475","NOMBRE_CAMINO":"Cruce Ruta 15 CH (Alto Chusmiza) - Chiapa - Jaiña - Ariquilda - Cruce A-457","CLASIFICACION":"Camino Regional Comunal","CALZADA":"U","tmda":null},"geometry":{"type":"LineString","coordinates":[[-69.39436,-19.58323],[-69.39874,-19.58276],[-69.39708,-19.58131],[-69.4046,-19.58008],[-69.41795,-19.58136],[-69.42123,-19.58376],[-69.42539,-19.58443],[-69.42893,-19.59043],[-69.43437,-19.59068],[-69.44041,-19.59492],[-69.44459,-19.59599],[-69.45138,-19.60226],[-69.45779,-19.60276],[-69.46146,-19.60783],[-69.46973,-19.61086],[-69.47804,-19.61783],[-69.4815,-19.61686],[-69.49206,-19.62129],[-69.50076,-19.61901],[-69.50866,-19.62031]]}},{"id":"1369","type":"Feature","properties":{"ROL":"A-770","NOMBRE_CAMINO":"Cruce Ruta 5 (Lagunas) - Cruce A-752","CLASIFICACION":"Camino Regional Comunal","CALZADA":"U","tmda":null},"geometry":{"type":"LineString","coordinates":[[-69.84079,-21.07508],[-69.84526,-21.07671],[-69.85051,-21.0815],[-69.85609,-21.0829],[-69.86586,-21.08196],[-69.88422,-21.08456],[-69.89485,-21.08122],[-69.91043,-21.0807],[-69.9129,-21.08287],[-69.93293,-21.08582]]}},{"id":"1370","type":"Feature","properties":{"ROL":"A-855","NOMBRE_CAMINO":"Cruce Ruta 5 (Salar de Llamara) - Tamentica - Huatacondo - Copaquiri - Quebrada Blanca - Cruce A-97-B (Ruta Andina)","CLASIFICACION":"Camino Regional Comunal","CALZADA":"U","tmda":null},"geometry":{"type":"LineString","coordinates":[[-68.77157,-21.0151],[-68.76858,-21.02179],[-68.75702,-21.02597],[-68.7466,-21.02774],[-68.74383,-21.03084],[-68.73832,-21.02687],[-68.7408,-21.03187],[-68.73923,-21.0369],[-68.73385,-21.03697],[-68.7235,-21.03132],[-68.72244,-21.02388],[-68.71701,-21.02091],[-68.7105,-21.02125],[-68.70157,-21.02722],[-68.70142,-21.0226],[-68.69766,-21.0198],[-68.68279,-21.01964],[-68.68149,-21.02086],[-68.68039,-21.02877],[-68.67865,-21.03117],[-68.67376,-21.03169],[-68.66888,-21.02932],[-68.66688,-21.03217],[-68.6609,-21.03364],[-68.65048,-21.02957],[-68.64941,-21.02459],[-68.64104,-21.01681],[-68.63696,-21.0178],[-68.63949,-21.02053],[-68.63929,-21.02318],[-68.63399,-21.02264],[-68.63282,-21.02785],[-68.62633,-21.02084],[-68.62176,-21.02101],[-68.61637,-21.02391],[-68.60531,-21.02231],[-68.59281,-21.01639],[-68.59181,-21.0145],[-68.58962,-21.01545],[-68.58795,-21.01458],[-68.58525,-21.00627],[-68.58769,-20.99917],[-68.58634,-20.9961],[-68.59063,-20.99455],[-68.59867,-20.98888],[-68.60139,-20.98339],[-68.58458,-20.97433],[-68.56354,-20.95362]]}},{"id":"1371","type":"Feature","properties":{"ROL":"A-639","NOMBRE_CAMINO":"Cruce A-555 (Mosquito de Oro) - Parca - Noasa - Cruce A-653","CLASIFICACION":"Camino Regional Comunal","CALZADA":"U","tmda":null},"geometry":{"type":"LineString","coordinates":[[-69.2064,-20.01477],[-69.20711,-20.01744],[-69.20434,-20.02066],[-69.20882,-20.0218],[-69.21046,-20.02707],[-69.21481,-20.02964],[-69.23224,-20.03435],[-69.23037,-20.036],[-69.23455,-20.04192],[-69.23234,-20.04256],[-69.23308,-20.04434],[-69.23193,-20.0449],[-69.23384,-20.04708],[-69.23227,-20.04752],[-69.23416,-20.04928],[-69.23268,-20.05134],[-69.23984,-20.05635],[-69.2365,-20.05607],[-69.23746,-20.05855],[-69.23231,-20.05926],[-69.2335,-20.06154],[-69.22863,-20.06296]]}},{"id":"1372","type":"Feature","properties":{"ROL":"A-639","NOMBRE_CAMINO":"Cruce A-555 (Mosquito de Oro) - Parca - Noasa - Cruce A-653","CLASIFICACION":"Camino Regional Comunal","CALZADA":"U","tmda":null},"geometry":{"type":"LineString","coordinates":[[-69.17565,-20.00092],[-69.18693,-20.00417],[-69.19022,-20.00337],[-69.19728,-20.00418],[-69.19492,-20.00604],[-69.19663,-20.00715],[-69.19544,-20.00763],[-69.19617,-20.00828],[-69.19767,-20.00663],[-69.19631,-20.00919],[-69.19877,-20.00783],[-69.19858,-20.00927],[-69.20003,-20.0097],[-69.19827,-20.01051],[-69.20137,-20.01091],[-69.2064,-20.01477]]}},{"id":"1373","type":"Feature","properties":{"ROL":"A-752","NOMBRE_CAMINO":"Cruce A-750 - Alto Río Loa (Mina Paiquina)","CLASIFICACION":"Camino Regional Comunal","CALZADA":"U","tmda":null},"geometry":{"type":"LineString","coordinates":[[-70.08626,-21.07072],[-70.09002,-21.07288],[-70.0939,-21.08008]]}},{"id":"1374","type":"Feature","properties":{"ROL":"A-752","NOMBRE_CAMINO":"Cruce A-750 - Alto Río Loa (Mina Paiquina)","CLASIFICACION":"Camino Regional Comunal","CALZADA":"U","tmda":null},"geometry":{"type":"LineString","coordinates":[[-70.0939,-21.08008],[-70.09214,-21.09085],[-70.08643,-21.09912],[-70.08737,-21.10621],[-70.08365,-21.11164],[-70.08195,-21.11641],[-70.083,-21.11908],[-70.08047,-21.12513],[-70.0787,-21.12654]]}},{"id":"1375","type":"Feature","properties":{"ROL":"A-365","NOMBRE_CAMINO":"Cruce A-45 - Nama","CLASIFICACION":"Camino Regional de Acceso","CALZADA":"U","tmda":null},"geometry":{"type":"LineString","coordinates":[[-69.40974,-19.1911],[-69.40983,-19.19085]]}},{"id":"1376","type":"Feature","properties":{"ROL":"A-365","NOMBRE_CAMINO":"Cruce A-45 - Nama","CLASIFICACION":"Camino Regional de Acceso","CALZADA":"U","tmda":null},"geometry":{"type":"LineString","coordinates":[[-69.41194,-19.1878],[-69.41123,-19.18979]]}},{"id":"1377","type":"Feature","properties":{"ROL":"A-545","NOMBRE_CAMINO":"Cruce A-555 (Pachica) - Laonzana - Puchurca","CLASIFICACION":"Camino Regional de Acceso","CALZADA":"U","tmda":null},"geometry":{"type":"LineString","coordinates":[[-69.36983,-19.86344],[-69.36771,-19.86237],[-69.36543,-19.86306]]}},{"id":"1378","type":"Feature","properties":{"ROL":"A-545","NOMBRE_CAMINO":"Cruce A-555 (Pachica) - Laonzana - Puchurca","CLASIFICACION":"Camino Regional de Acceso","CALZADA":"U","tmda":null},"geometry":{"type":"LineString","coordinates":[[-69.364,-19.86348],[-69.36189,-19.86228]]}},{"id":"1379","type":"Feature","properties":{"ROL":"A-545","NOMBRE_CAMINO":"Cruce A-555 (Pachica) - Laonzana - Puchurca","CLASIFICACION":"Camino Regional de Acceso","CALZADA":"U","tmda":null},"geometry":{"type":"LineString","coordinates":[[-69.3611,-19.86215],[-69.35642,-19.86085]]}},{"id":"1380","type":"Feature","properties":{"ROL":"A-545","NOMBRE_CAMINO":"Cruce A-555 (Pachica) - Laonzana - Puchurca","CLASIFICACION":"Camino Regional de Acceso","CALZADA":"U","tmda":null},"geometry":{"type":"LineString","coordinates":[[-69.36189,-19.86228],[-69.3611,-19.86215]]}},{"id":"1381","type":"Feature","properties":{"ROL":"A-545","NOMBRE_CAMINO":"Cruce A-555 (Pachica) - Laonzana - Puchurca","CLASIFICACION":"Camino Regional de Acceso","CALZADA":"U","tmda":null},"geometry":{"type":"LineString","coordinates":[[-69.35642,-19.86085],[-69.35573,-19.86084]]}},{"id":"1382","type":"Feature","properties":{"ROL":"A-545","NOMBRE_CAMINO":"Cruce A-555 (Pachica) - Laonzana - Puchurca","CLASIFICACION":"Camino Regional de Acceso","CALZADA":"U","tmda":null},"geometry":{"type":"LineString","coordinates":[[-69.34566,-19.8567],[-69.34298,-19.8548],[-69.34068,-19.8573],[-69.33708,-19.85698],[-69.33475,-19.85515],[-69.33321,-19.85601],[-69.33135,-19.85372],[-69.33131,-19.85109],[-69.32948,-19.84982],[-69.32661,-19.84976],[-69.32345,-19.85152],[-69.31793,-19.84942],[-69.31351,-19.84603]]}},{"id":"1383","type":"Feature","properties":{"ROL":"A-545","NOMBRE_CAMINO":"Cruce A-555 (Pachica) - Laonzana - Puchurca","CLASIFICACION":"Camino Regional de Acceso","CALZADA":"U","tmda":null},"geometry":{"type":"LineString","coordinates":[[-69.36543,-19.86306],[-69.364,-19.86348]]}},{"id":"1384","type":"Feature","properties":{"ROL":"A-545","NOMBRE_CAMINO":"Cruce A-555 (Pachica) - Laonzana - Puchurca","CLASIFICACION":"Camino Regional de Acceso","CALZADA":"U","tmda":null},"geometry":{"type":"LineString","coordinates":[[-69.35573,-19.86084],[-69.3479,-19.85977],[-69.34566,-19.8567]]}},{"id":"1385","type":"Feature","properties":{"ROL":"A-545","NOMBRE_CAMINO":"Cruce A-555 (Pachica) - Laonzana - Puchurca","CLASIFICACION":"Camino Regional de Acceso","CALZADA":"U","tmda":null},"geometry":{"type":"LineString","coordinates":[[-69.37853,-19.86439],[-69.36983,-19.86344]]}},{"id":"1386","type":"Feature","properties":{"ROL":"A-514","NOMBRE_CAMINO":"Cruce A-616 - Alto Caleta Buena","CLASIFICACION":"Camino Regional Comunal (En Proceso de Enrolamiento)","CALZADA":"U","tmda":48.0},"geometry":{"type":"LineString","coordinates":[[-70.10193,-19.77821],[-70.10506,-19.76978],[-70.10274,-19.75853],[-70.10548,-19.75418],[-70.11985,-19.75575],[-70.12398,-19.75284],[-70.12655,-19.74511],[-70.12552,-19.74059],[-70.12355,-19.73631],[-70.11862,-19.7336],[-70.11734,-19.72297],[-70.11493,-19.71878],[-70.11946,-19.71144],[-70.11915,-19.7067],[-70.12664,-19.7064],[-70.13568,-19.69173]]}},{"id":"1387","type":"Feature","properties":{"ROL":"A-655","NOMBRE_CAMINO":"Cruce A-65 - Cruce A-665 (La Huayca)","CLASIFICACION":"Camino Regional Comunal","CALZADA":"U","tmda":null},"geometry":{"type":"LineString","coordinates":[[-69.55944,-20.31008],[-69.58277,-20.35986],[-69.59038,-20.38273],[-69.59412,-20.38933],[-69.60168,-20.39373],[-69.61031,-20.39465],[-69.6255,-20.40499]]}},{"id":"1388","type":"Feature","properties":{"ROL":"A-410","NOMBRE_CAMINO":"Cruce A-40 - Quiuña Bajo","CLASIFICACION":"Camino Regional Comunal","CALZADA":"U","tmda":null},"geometry":{"type":"LineString","coordinates":[[-70.02769,-19.55413],[-70.02285,-19.5533],[-70.01748,-19.54882],[-70.02116,-19.54156],[-70.02553,-19.5363],[-70.03631,-19.53353],[-70.0326,-19.53296],[-70.03185,-19.5309],[-70.04087,-19.52296],[-70.04335,-19.52258],[-70.0409,-19.52124],[-70.04164,-19.52024],[-70.03826,-19.52105],[-70.03976,-19.51912],[-70.03854,-19.51782]]}},{"id":"1389","type":"Feature","properties":{"ROL":"A-483","NOMBRE_CAMINO":"Cruce A-487 - Latarani","CLASIFICACION":"Camino Regional de Acceso","CALZADA":"U","tmda":null},"geometry":{"type":"LineString","coordinates":[[-68.95485,-19.25644],[-68.96618,-19.26031],[-68.96665,-19.26148],[-68.96775,-19.26058]]}},{"id":"1390","type":"Feature","properties":{"ROL":"A-561","NOMBRE_CAMINO":"Cruce A-555 - Cultane","CLASIFICACION":"Camino Regional de Acceso","CALZADA":"U","tmda":null},"geometry":{"type":"LineString","coordinates":[[-68.90813,-19.857],[-68.91062,-19.8526],[-68.91027,-19.84952],[-68.91607,-19.84478],[-68.9189,-19.84898],[-68.92711,-19.84117],[-68.93184,-19.84036],[-68.93732,-19.84553],[-68.943,-19.84303],[-68.94289,-19.84457],[-68.94942,-19.83763],[-68.95222,-19.83217],[-68.95192,-19.82739],[-68.94652,-19.81649],[-68.94367,-19.80591],[-68.94158,-19.80646],[-68.93979,-19.80498],[-68.94123,-19.80376],[-68.94194,-19.79955],[-68.94052,-19.79877],[-68.93944,-19.79525],[-68.9406,-19.7939],[-68.94182,-19.79456],[-68.94497,-19.79328],[-68.9502,-19.79431],[-68.95243,-19.79252],[-68.95252,-19.78833],[-68.95429,-19.78657],[-68.95474,-19.78313],[-68.95938,-19.78226],[-68.96107,-19.77688],[-68.96422,-19.77572],[-68.96383,-19.77419],[-68.96778,-19.77225],[-68.96981,-19.769],[-68.97047,-19.7652],[-68.97383,-19.76081],[-68.97416,-19.7584],[-68.97314,-19.75747]]}},{"id":"1391","type":"Feature","properties":{"ROL":"A-563","NOMBRE_CAMINO":"Cruce A-555 (Alto Poroma) - Poroma - Coscaya","CLASIFICACION":"Camino Regional Comunal","CALZADA":"U","tmda":null},"geometry":{"type":"LineString","coordinates":[[-69.18194,-19.8714],[-69.18043,-19.87271],[-69.17853,-19.86934],[-69.17347,-19.86708],[-69.17158,-19.86847],[-69.16429,-19.86692],[-69.15327,-19.86791],[-69.14651,-19.86634],[-69.14477,-19.8675],[-69.13884,-19.86429]]}},{"id":"1392","type":"Feature","properties":{"ROL":"A-405","NOMBRE_CAMINO":"Cruce A-45 - Corza","CLASIFICACION":"Camino Regional de Acceso","CALZADA":"U","tmda":null},"geometry":{"type":"LineString","coordinates":[[-69.79116,-19.50617],[-69.79563,-19.471],[-69.80516,-19.44988],[-69.80853,-19.43385],[-69.81247,-19.43154],[-69.81574,-19.43141],[-69.815,-19.42884],[-69.81682,-19.4284]]}},{"id":"1393","type":"Feature","properties":{"ROL":"A-411","NOMBRE_CAMINO":"Cruce Ruta 5 (Alto Tana) - Cruce A-45 (Alto Altuza)","CLASIFICACION":"Camino Regional Comunal","CALZADA":"U","tmda":null},"geometry":{"type":"LineString","coordinates":[[-69.96325,-19.4527],[-69.95907,-19.45247],[-69.9062,-19.42329],[-69.89449,-19.41469],[-69.89287,-19.40813],[-69.88758,-19.40122],[-69.84985,-19.3838],[-69.84054,-19.38126],[-69.84026,-19.37983],[-69.84285,-19.3779],[-69.84302,-19.37629],[-69.80354,-19.35579],[-69.79784,-19.35152],[-69.77613,-19.33989],[-69.75719,-19.33682],[-69.74815,-19.33686],[-69.74184,-19.33491],[-69.71618,-19.33539],[-69.70263,-19.33874],[-69.69015,-19.33674],[-69.68041,-19.33795],[-69.64566,-19.33681],[-69.63716,-19.3379],[-69.62576,-19.33601],[-69.59725,-19.33421],[-69.58283,-19.33877],[-69.57279,-19.33885],[-69.55468,-19.34437],[-69.54303,-19.34495],[-69.53165,-19.33818],[-69.5337,-19.33672],[-69.53229,-19.33283],[-69.53525,-19.33384],[-69.53811,-19.33299],[-69.53312,-19.33059],[-69.52489,-19.32962],[-69.5136,-19.32438],[-69.51216,-19.32224],[-69.50086,-19.3156],[-69.49816,-19.31556],[-69.49097,-19.31213],[-69.47417,-19.3091],[-69.47181,-19.30659],[-69.4729,-19.30441],[-69.47087,-19.29899],[-69.47139,-19.29699],[-69.46329,-19.29414],[-69.45724,-19.29037],[-69.45065,-19.29005],[-69.44905,-19.29253],[-69.43909,-19.29731],[-69.43705,-19.29619],[-69.4285,-19.2981],[-69.42372,-19.29769],[-69.41511,-19.29161],[-69.3954,-19.28181]]}},{"id":"1394","type":"Feature","properties":{"ROL":"A-941","NOMBRE_CAMINO":"Cruce A-95 (Pasijiro) - Chinchillani","CLASIFICACION":"Camino Regional de Acceso","CALZADA":"U","tmda":null},"geometry":{"type":"LineString","coordinates":[[-68.92953,-19.12977],[-68.91844,-19.12492],[-68.91584,-19.12236],[-68.90684,-19.12044],[-68.90304,-19.10198],[-68.89976,-19.09478],[-68.89064,-19.08596],[-68.8787,-19.07889],[-68.87403,-19.07707],[-68.86982,-19.07706],[-68.86479,-19.07925],[-68.85142,-19.08181],[-68.84846,-19.08586],[-68.83738,-19.07747]]}},{"id":"1395","type":"Feature","properties":{"ROL":"A-754","NOMBRE_CAMINO":"Cruce A-752 - Cruce A-770","CLASIFICACION":"Camino Regional Comunal","CALZADA":"U","tmda":null},"geometry":{"type":"LineString","coordinates":[[-70.03461,-21.16065],[-70.0298,-21.15549],[-70.02282,-21.15542],[-70.02007,-21.14928],[-70.01923,-21.14351],[-70.02649,-21.13948],[-70.02668,-21.13822],[-70.02334,-21.13728],[-70.02375,-21.13358],[-70.02699,-21.1323],[-70.02638,-21.13024],[-70.02859,-21.12824],[-70.0292,-21.1253],[-70.03243,-21.12584],[-70.03557,-21.12462],[-70.03512,-21.11951],[-70.03707,-21.11662],[-70.03615,-21.11451],[-70.03439,-21.11405],[-70.03481,-21.10991],[-70.03828,-21.10817],[-70.03839,-21.10658],[-70.03434,-21.10403],[-70.03393,-21.10136],[-70.03095,-21.09713],[-70.02824,-21.09776],[-70.02843,-21.09319],[-70.02325,-21.08684],[-70.02112,-21.08076],[-70.01964,-21.0799],[-70.01019,-21.06071],[-70.00498,-21.05451],[-70.00564,-21.04969],[-70.00451,-21.04435],[-70.00765,-21.03778]]}},{"id":"1396","type":"Feature","properties":{"ROL":"A-965","NOMBRE_CAMINO":"Cruce A-97-B (Salar de Huasco) - Límite Internacional","CLASIFICACION":"Camino Regional Comunal","CALZADA":"U","tmda":null},"geometry":{"type":"LineString","coordinates":[[-68.83596,-20.23114],[-68.81055,-20.21553],[-68.78609,-20.20233],[-68.74047,-20.16955],[-68.73185,-20.16717],[-68.72995,-20.16795],[-68.72764,-20.17182],[-68.72304,-20.17051],[-68.72488,-20.16822],[-68.72178,-20.16647],[-68.7216,-20.16051],[-68.71776,-20.15715],[-68.71831,-20.1553]]}},{"id":"1397","type":"Feature","properties":{"ROL":"A-400","NOMBRE_CAMINO":"Cruce Ruta 5 - Cruce A-456 (Zapiga)","CLASIFICACION":"Camino Regional Comunal","CALZADA":"U","tmda":null},"geometry":{"type":"LineString","coordinates":[[-69.93895,-19.64763],[-69.96228,-19.63983]]}},{"id":"1398","type":"Feature","properties":{"ROL":"A-477","NOMBRE_CAMINO":"Cruce A-475 - Sotoca","CLASIFICACION":"Camino Regional de Acceso","CALZADA":"U","tmda":null},"geometry":{"type":"LineString","coordinates":[[-69.20592,-19.5784],[-69.20234,-19.58353],[-69.20216,-19.58576],[-69.20463,-19.58295],[-69.20487,-19.58458],[-69.20776,-19.58419],[-69.20992,-19.59009],[-69.21479,-19.59348],[-69.21577,-19.59199],[-69.21683,-19.59273],[-69.21755,-19.58986],[-69.2183,-19.59392],[-69.2199,-19.59503],[-69.2236,-19.59424],[-69.22586,-19.59717],[-69.22741,-19.59588],[-69.23055,-19.5987],[-69.23028,-19.59672],[-69.23208,-19.59592]]}},{"id":"1399","type":"Feature","properties":{"ROL":"A-563","NOMBRE_CAMINO":"Cruce A-555 (Alto Poroma) - Poroma - Coscaya","CLASIFICACION":"Camino Regional Comunal","CALZADA":"U","tmda":null},"geometry":{"type":"LineString","coordinates":[[-69.18417,-19.87144],[-69.18194,-19.8714]]}},{"id":"1400","type":"Feature","properties":{"ROL":"A-563","NOMBRE_CAMINO":"Cruce A-555 (Alto Poroma) - Poroma - Coscaya","CLASIFICACION":"Camino Regional Comunal","CALZADA":"U","tmda":null},"geometry":{"type":"LineString","coordinates":[[-69.18526,-19.8733],[-69.18308,-19.87275],[-69.18417,-19.87144]]}},{"id":"1401","type":"Feature","properties":{"ROL":"A-453","NOMBRE_CAMINO":"Cruce Ruta 15 CH - Cerro Unita","CLASIFICACION":"Camino Regional de Acceso","CALZADA":"U","tmda":null},"geometry":{"type":"LineString","coordinates":[[-69.63779,-19.96494],[-69.6345,-19.95339],[-69.63651,-19.95142],[-69.63546,-19.94747],[-69.63155,-19.9443],[-69.62502,-19.94257],[-69.625,-19.94435],[-69.63437,-19.95323]]}},{"id":"1402","type":"Feature","properties":{"ROL":"A-605","NOMBRE_CAMINO":"Cruce A-755 (Salar de Pintados) - Sector La Huayca","CLASIFICACION":"Camino Regional de Acceso","CALZADA":"U","tmda":null},"geometry":{"type":"LineString","coordinates":[[-69.58215,-20.6088],[-69.54727,-20.575],[-69.54753,-20.55068],[-69.55423,-20.51274],[-69.55246,-20.50481],[-69.5512,-20.50496],[-69.54673,-20.49729],[-69.54668,-20.49112],[-69.54893,-20.48507],[-69.55091,-20.46695],[-69.54292,-20.467]]}},{"id":"1403","type":"Feature","properties":{"ROL":"A-947","NOMBRE_CAMINO":"Cruce A-955 (Vinara) - Posuta","CLASIFICACION":"Camino Regional de Acceso","CALZADA":"U","tmda":null},"geometry":{"type":"LineString","coordinates":[[-68.51713,-19.40585],[-68.52099,-19.42104],[-68.52024,-19.42875],[-68.51745,-19.43424],[-68.51208,-19.43766],[-68.50916,-19.4412],[-68.50603,-19.4537],[-68.50344,-19.45831],[-68.49991,-19.46123],[-68.49786,-19.47151],[-68.50693,-19.48129],[-68.51038,-19.48302],[-68.51213,-19.48736],[-68.51457,-19.49038],[-68.51662,-19.49077],[-68.51777,-19.49362],[-68.5202,-19.49085]]}},{"id":"1404","type":"Feature","properties":{"ROL":"A-471","NOMBRE_CAMINO":"Cruce Ruta 15 CH (Apacheta Casiri) - Cruce A-475","CLASIFICACION":"Camino Regional Comunal","CALZADA":"U","tmda":null},"geometry":{"type":"LineString","coordinates":[[-69.06123,-19.64038],[-69.06274,-19.63661],[-69.06551,-19.63695],[-69.06828,-19.63412],[-69.07063,-19.63593],[-69.07638,-19.63291],[-69.08126,-19.63353],[-69.08337,-19.63024],[-69.08686,-19.62938],[-69.08715,-19.62653],[-69.09549,-19.62337],[-69.1014,-19.62345],[-69.10465,-19.62096],[-69.11017,-19.62156],[-69.12233,-19.61934],[-69.12551,-19.62104],[-69.13076,-19.62019],[-69.13428,-19.62107],[-69.14153,-19.62663],[-69.14603,-19.62621],[-69.1458,-19.62833],[-69.14814,-19.63058],[-69.15274,-19.62972],[-69.16292,-19.63449]]}},{"id":"1405","type":"Feature","properties":{"ROL":"A-378","NOMBRE_CAMINO":"Cruce Ruta 5 - Cerro Atajaña","CLASIFICACION":"Camino Regional de Acceso","CALZADA":"U","tmda":null},"geometry":{"type":"LineString","coordinates":[[-69.89305,-19.2891],[-69.90571,-19.28528],[-69.91053,-19.28213],[-69.91868,-19.28185],[-69.92854,-19.27961],[-69.9456,-19.2798],[-69.95231,-19.28186],[-69.97979,-19.27854],[-69.99078,-19.27917],[-69.99793,-19.28112],[-70.01878,-19.2956],[-70.03806,-19.30658],[-70.05202,-19.31029],[-70.06079,-19.31043],[-70.07183,-19.30709],[-70.0757,-19.30834],[-70.08451,-19.30826],[-70.08773,-19.31001],[-70.10226,-19.30735],[-70.10432,-19.30492],[-70.11266,-19.30248],[-70.12151,-19.302],[-70.12717,-19.30543],[-70.12765,-19.30715],[-70.13059,-19.30516],[-70.13643,-19.30427],[-70.13945,-19.3012]]}},{"id":"1406","type":"Feature","properties":{"ROL":"A-655","NOMBRE_CAMINO":"Cruce A-65 - Cruce A-665 (La Huayca)","CLASIFICACION":"Camino Regional Comunal","CALZADA":"U","tmda":null},"geometry":{"type":"LineString","coordinates":[[-69.54405,-20.25499],[-69.54314,-20.25614],[-69.54448,-20.25834],[-69.54234,-20.26031],[-69.54338,-20.26133],[-69.54255,-20.27045],[-69.54348,-20.28516],[-69.54704,-20.28768],[-69.55208,-20.29419],[-69.55355,-20.29956],[-69.55944,-20.31008]]}},{"id":"1407","type":"Feature","properties":{"ROL":"A-563","NOMBRE_CAMINO":"Cruce A-555 (Alto Poroma) - Poroma - Coscaya","CLASIFICACION":"Camino Regional Comunal","CALZADA":"U","tmda":null},"geometry":{"type":"LineString","coordinates":[[-69.13884,-19.86429],[-69.13797,-19.86403]]}},{"id":"1408","type":"Feature","properties":{"ROL":"A-408","NOMBRE_CAMINO":"Cruce A-410 - Quiuña","CLASIFICACION":"Camino Regional de Acceso","CALZADA":"U","tmda":null},"geometry":{"type":"LineString","coordinates":[[-70.03185,-19.53182],[-70.02817,-19.53165],[-70.02296,-19.53432],[-70.02234,-19.53208],[-70.02519,-19.52864],[-70.02347,-19.52801]]}},{"id":"1409","type":"Feature","properties":{"ROL":"A-481","NOMBRE_CAMINO":"Cruce A-95 (Termas de Enquelga) - Cruce A-493","CLASIFICACION":"Camino Regional Comunal","CALZADA":"U","tmda":null},"geometry":{"type":"LineString","coordinates":[[-68.79324,-19.23111],[-68.79415,-19.23231],[-68.79304,-19.2379],[-68.79428,-19.24145],[-68.79638,-19.24309]]}},{"id":"1410","type":"Feature","properties":{"ROL":"A-971","NOMBRE_CAMINO":"Cruce A-97-B (Salar de Coposa) - Paso Abra Oriente de Napa","CLASIFICACION":"Camino Regional de Acceso","CALZADA":"U","tmda":null},"geometry":{"type":"LineString","coordinates":[[-68.6664,-20.7296],[-68.66428,-20.73175],[-68.6603,-20.7281],[-68.65843,-20.72741],[-68.65493,-20.72854],[-68.65296,-20.7268],[-68.65143,-20.72318],[-68.65575,-20.71566],[-68.64938,-20.71422],[-68.64673,-20.71144],[-68.6357,-20.68871],[-68.63087,-20.68316],[-68.62206,-20.66001],[-68.6188,-20.65617],[-68.6106,-20.63975],[-68.59719,-20.60183],[-68.59349,-20.57524],[-68.58514,-20.55823]]}},{"id":"1411","type":"Feature","properties":{"ROL":"A-493","NOMBRE_CAMINO":"Cruce Ruta 15 CH (Escapiña) - Caraguano - Cruce A-491","CLASIFICACION":"Camino Regional Comunal","CALZADA":"U","tmda":null},"geometry":{"type":"LineString","coordinates":[[-68.67723,-19.28312],[-68.68162,-19.28235],[-68.69083,-19.27574],[-68.70799,-19.27819],[-68.71872,-19.27394],[-68.73497,-19.27118],[-68.74022,-19.27125],[-68.74946,-19.27382],[-68.76095,-19.26496],[-68.76274,-19.26233],[-68.76605,-19.26187],[-68.77159,-19.25828],[-68.77482,-19.26062],[-68.77636,-19.26033],[-68.7741,-19.25509],[-68.78089,-19.25109],[-68.7856,-19.24629],[-68.78994,-19.24687],[-68.79687,-19.24298],[-68.80483,-19.2451],[-68.80868,-19.24404],[-68.81265,-19.24214],[-68.81036,-19.23924],[-68.81566,-19.23827],[-68.81825,-19.2394],[-68.81754,-19.23811],[-68.83662,-19.23018],[-68.84584,-19.23484]]}},{"id":"1412","type":"Feature","properties":{"ROL":"A-402","NOMBRE_CAMINO":"Cruce Ruta 5 - Cruce A-456 (Dolores)","CLASIFICACION":"Camino Regional Comunal","CALZADA":"U","tmda":null},"geometry":{"type":"LineString","coordinates":[[-69.92461,-19.67053],[-69.94138,-19.67715],[-69.94529,-19.67749]]}},{"id":"1413","type":"Feature","properties":{"ROL":"A-951","NOMBRE_CAMINO":"Cruce Ruta 15 CH (Escapiña) - Pisiga Choque","CLASIFICACION":"Camino Regional de Acceso","CALZADA":"U","tmda":null},"geometry":{"type":"LineString","coordinates":[[-68.67725,-19.28319],[-68.66784,-19.28424],[-68.64295,-19.29454],[-68.61802,-19.30103],[-68.61781,-19.30205]]}},{"id":"1414","type":"Feature","properties":{"ROL":"A-491","NOMBRE_CAMINO":"Cruce A-95 (Aravilla) - Cruce A-487 (Coipoma)","CLASIFICACION":"Camino Regional Comunal","CALZADA":"U","tmda":null},"geometry":{"type":"LineString","coordinates":[[-68.8325,-19.2275],[-68.83368,-19.2285],[-68.83768,-19.22804],[-68.84184,-19.23058],[-68.84575,-19.23478],[-68.85482,-19.24024],[-68.86039,-19.24543],[-68.86327,-19.2443],[-68.86524,-19.24031],[-68.87289,-19.23375],[-68.88538,-19.23508],[-68.89291,-19.25066],[-68.90321,-19.25761],[-68.91363,-19.25827]]}},{"id":"1415","type":"Feature","properties":{"ROL":"A-973","NOMBRE_CAMINO":"Cruce A-97-B (Ruta Andina) - Límite Internacional (Urruputunco)","CLASIFICACION":"Camino Regional de Acceso","CALZADA":"U","tmda":null},"geometry":{"type":"LineString","coordinates":[[-68.62426,-20.81247],[-68.61214,-20.81533],[-68.60012,-20.81539],[-68.59259,-20.80933],[-68.5876,-20.80169],[-68.57599,-20.7989],[-68.56433,-20.79957],[-68.54817,-20.80315],[-68.54101,-20.80141]]}},{"id":"1416","type":"Feature","properties":{"ROL":"S/R-A-499","NOMBRE_CAMINO":"Cruce A-487 (Alto Latarani) - A-489 (Termas de Berenguela)","CLASIFICACION":"Camino Regional Comunal (En Proceso de Enrolamiento)","CALZADA":"U","tmda":null},"geometry":{"type":"LineString","coordinates":[[-68.96208,-19.23513],[-68.96841,-19.23525],[-68.97031,-19.23309],[-68.98134,-19.22991],[-68.99531,-19.23293],[-69.00297,-19.23828],[-69.00531,-19.23731],[-69.00721,-19.23329],[-69.00951,-19.23221],[-69.01177,-19.23612],[-69.01438,-19.23789],[-69.03281,-19.24419],[-69.03315,-19.24882],[-69.03777,-19.25351],[-69.04649,-19.25559],[-69.05909,-19.25155],[-69.06648,-19.24675],[-69.07505,-19.2459],[-69.08067,-19.24265],[-69.08713,-19.24268],[-69.09246,-19.24504],[-69.09663,-19.24368],[-69.1056,-19.25193],[-69.10559,-19.25543],[-69.10709,-19.25636],[-69.10728,-19.25941],[-69.11369,-19.27312],[-69.11892,-19.27617],[-69.12165,-19.27941],[-69.13267,-19.28135],[-69.13437,-19.2857],[-69.13329,-19.28749],[-69.13434,-19.28788],[-69.14083,-19.28526],[-69.14468,-19.28683],[-69.14843,-19.28465],[-69.15106,-19.28557],[-69.153,-19.28458],[-69.15272,-19.28205],[-69.15469,-19.28081],[-69.1542,-19.27878],[-69.1611,-19.26739],[-69.16395,-19.26664],[-69.16833,-19.26931],[-69.17933,-19.26624],[-69.18217,-19.26366],[-69.18103,-19.26129],[-69.18353,-19.26075],[-69.18636,-19.25707],[-69.18578,-19.25504],[-69.18676,-19.25428],[-69.1848,-19.25419],[-69.18413,-19.25178],[-69.18491,-19.24756],[-69.18933,-19.24413],[-69.1926,-19.24337]]}},{"id":"1417","type":"Feature","properties":{"ROL":"S/R-A-935","NOMBRE_CAMINO":"Cruce A-95 - Parajalla - Pansuta","CLASIFICACION":"Camino Regional de Acceso (En Proceso de Enrolamiento)","CALZADA":"U","tmda":null},"geometry":{"type":"LineString","coordinates":[[-68.92771,-19.06961],[-68.91902,-19.06204],[-68.90716,-19.06166],[-68.89632,-19.06319],[-68.89389,-19.06233]]}},{"id":"1418","type":"Feature","properties":{"ROL":"S/R-A-497","NOMBRE_CAMINO":"Cruce Ruta 15 CH - Tapa (Antena MOP)","CLASIFICACION":"Camino Regional de Acceso (En Proceso de Enrolamiento)","CALZADA":"U","tmda":null},"geometry":{"type":"LineString","coordinates":[[-68.97863,-19.58317],[-68.98004,-19.57765],[-68.98293,-19.57709],[-68.98875,-19.57859],[-68.98783,-19.57675],[-68.99166,-19.57807],[-68.98932,-19.5744],[-68.98837,-19.56814],[-68.98982,-19.56407],[-68.99255,-19.56119],[-68.99117,-19.56538],[-68.99345,-19.56259],[-68.99567,-19.56197],[-68.99671,-19.56324],[-68.99457,-19.56316],[-68.993,-19.56625],[-68.99362,-19.56838],[-68.99356,-19.56662],[-68.99564,-19.56482],[-68.99437,-19.5663],[-68.99487,-19.56822],[-68.99547,-19.56674]]}},{"id":"1419","type":"Feature","properties":{"ROL":"S/R-A-637","NOMBRE_CAMINO":"Cruce A-639 - Yamigña","CLASIFICACION":"Camino Regional de Acceso (En Proceso de Enrolamiento)","CALZADA":"U","tmda":null},"geometry":{"type":"LineString","coordinates":[[-69.17215,-19.99808],[-69.16878,-19.99866],[-69.16856,-20.00094],[-69.16367,-20.00123],[-69.16502,-20.00269],[-69.16002,-20.00231]]}},{"id":"1420","type":"Feature","properties":{"ROL":"S/R-A-802","NOMBRE_CAMINO":"Cruce Ruta 1 - Chipana","CLASIFICACION":"Camino Regional Comunal (En Proceso de Enrolamiento)","CALZADA":"U","tmda":null},"geometry":{"type":"LineString","coordinates":[[-70.05748,-21.42123],[-70.05858,-21.42125],[-70.05827,-21.42395],[-70.06068,-21.42478],[-70.07155,-21.40202],[-70.07664,-21.39488],[-70.07959,-21.3858],[-70.08643,-21.37712],[-70.08611,-21.37336],[-70.09064,-21.36272],[-70.08866,-21.35788],[-70.09563,-21.3462],[-70.09401,-21.33941]]}},{"id":"1421","type":"Feature","properties":{"ROL":"S/R-A-782","NOMBRE_CAMINO":"Cruce Ruta 1 - Ike Ike","CLASIFICACION":"Camino Regional Comunal (En Proceso de Enrolamiento)","CALZADA":"U","tmda":null},"geometry":{"type":"LineString","coordinates":[[-70.10965,-21.15725],[-70.11227,-21.15767],[-70.10828,-21.17031],[-70.10872,-21.17465]]}},{"id":"1422","type":"Feature","properties":{"ROL":"S/R-A-646","NOMBRE_CAMINO":"Cruce Ruta 1 - Pozo Toyo - Sarmenia - Seremeño - Cruce Ruta 1","CLASIFICACION":"Camino Regional Comunal (En Proceso de Enrolamiento)","CALZADA":"U","tmda":null},"geometry":{"type":"LineString","coordinates":[[-70.15944,-20.48455],[-70.16738,-20.47926],[-70.16789,-20.47776],[-70.16148,-20.47383],[-70.15829,-20.47339]]}},{"id":"1423","type":"Feature","properties":{"ROL":"S/R-A-792","NOMBRE_CAMINO":"Cruce Ruta 1 - Punta Blanca","CLASIFICACION":"Camino Regional Comunal (En Proceso de Enrolamiento)","CALZADA":"U","tmda":null},"geometry":{"type":"LineString","coordinates":[[-70.10115,-21.17403],[-70.10424,-21.17343],[-70.10922,-21.17479]]}},{"id":"1424","type":"Feature","properties":{"ROL":"S/R-A-376","NOMBRE_CAMINO":"Cruce A-378 - Cerro Negrito (Antena MOP)","CLASIFICACION":"Camino Regional de Acceso (En Proceso de Enrolamiento)","CALZADA":"U","tmda":null},"geometry":{"type":"LineString","coordinates":[[-69.99724,-19.28099],[-70.00293,-19.2803],[-70.01593,-19.27327],[-70.02255,-19.26806],[-70.02841,-19.26705],[-70.02755,-19.26461],[-70.015,-19.25678],[-70.03053,-19.25737],[-70.04401,-19.26116],[-70.06569,-19.23479],[-70.06835,-19.22995],[-70.07315,-19.22545],[-70.07488,-19.22017],[-70.08131,-19.2178],[-70.08195,-19.21425],[-70.09183,-19.20509],[-70.09567,-19.20554],[-70.10195,-19.21127],[-70.11062,-19.21487],[-70.11126,-19.2111],[-70.11441,-19.21235],[-70.12105,-19.21058],[-70.12307,-19.20977],[-70.12525,-19.20644],[-70.12827,-19.20711],[-70.14827,-19.20357],[-70.15283,-19.19988],[-70.1579,-19.19923],[-70.16489,-19.19511],[-70.16674,-19.18865],[-70.17691,-19.18021],[-70.17862,-19.18154],[-70.18449,-19.18235],[-70.19,-19.18573],[-70.19347,-19.18279],[-70.20112,-19.18242],[-70.20297,-19.18356],[-70.20404,-19.18243]]}},{"id":"1425","type":"Feature","properties":{"ROL":"S/R-A-794","NOMBRE_CAMINO":"Cruce Ruta 1 - Playa El Muerto Norte","CLASIFICACION":"Camino Regional de Acceso (En Proceso de Enrolamiento)","CALZADA":"U","tmda":null},"geometry":{"type":"LineString","coordinates":[[-70.10073,-21.17502],[-70.10215,-21.17705],[-70.10572,-21.17602]]}},{"id":"1426","type":"Feature","properties":{"ROL":"S/R-A-969","NOMBRE_CAMINO":"Cruce A-959 - Villablanca","CLASIFICACION":"Camino Regional de Acceso (En Proceso de Enrolamiento)","CALZADA":"U","tmda":null},"geometry":{"type":"LineString","coordinates":[[-68.64118,-19.59333],[-68.64473,-19.59518],[-68.64954,-19.59357]]}},{"id":"1427","type":"Feature","properties":{"ROL":"S/R-A-631","NOMBRE_CAMINO":"Cruce A-629 (Alto Ipla) - Baños Ipla - Cruce A-629","CLASIFICACION":"Camino Regional Comunal (En Proceso de Enrolamiento)","CALZADA":"U","tmda":null},"geometry":{"type":"LineString","coordinates":[[-69.2047,-20.07105],[-69.20086,-20.06986],[-69.19804,-20.07179],[-69.19726,-20.07482],[-69.20019,-20.07609]]}},{"id":"1428","type":"Feature","properties":{"ROL":"S/R-A-943","NOMBRE_CAMINO":"Cruce A-951- Pisiga Centro","CLASIFICACION":"Camino Regional de Acceso (En Proceso de Enrolamiento)","CALZADA":"U","tmda":null},"geometry":{"type":"LineString","coordinates":[[-68.63492,-19.29677],[-68.63195,-19.301]]}},{"id":"1429","type":"Feature","properties":{"ROL":"S/R-A-559","NOMBRE_CAMINO":"Cruce Ruta 15 CH - Cruce A-557 (Umiña)","CLASIFICACION":"Camino Regional Comunal (En Proceso de Enrolamiento)","CALZADA":"U","tmda":null},"geometry":{"type":"LineString","coordinates":[[-68.79635,-19.4525],[-68.79441,-19.45642],[-68.78566,-19.4616],[-68.7778,-19.46417],[-68.76804,-19.47731],[-68.75908,-19.48227],[-68.75199,-19.48384],[-68.75711,-19.4879],[-68.74388,-19.49228],[-68.74378,-19.49859]]}},{"id":"1430","type":"Feature","properties":{"ROL":"S/R-A-798","NOMBRE_CAMINO":"Cruce Ruta 1 - Playa Chipana","CLASIFICACION":"Camino Regional Comunal (En Proceso de Enrolamiento)","CALZADA":"U","tmda":null},"geometry":{"type":"LineString","coordinates":[[-70.08204,-21.33629],[-70.08672,-21.33863],[-70.09347,-21.33987]]}},{"id":"1431","type":"Feature","properties":{"ROL":"S/R-A-650","NOMBRE_CAMINO":"Cruce Ruta 1 - Playa Aguadita","CLASIFICACION":"Camino Regional de Acceso (En Proceso de Enrolamiento)","CALZADA":"U","tmda":null},"geometry":{"type":"LineString","coordinates":[[-70.18189,-20.5849],[-70.18395,-20.58426],[-70.18532,-20.59008],[-70.18967,-20.59078]]}},{"id":"1432","type":"Feature","properties":{"ROL":"S/R-A-657","NOMBRE_CAMINO":"Cruce A-65 - Cerro Yarvicoya (Antena MOP)","CLASIFICACION":"Camino Regional de Acceso (En Proceso de Enrolamiento)","CALZADA":"U","tmda":null},"geometry":{"type":"LineString","coordinates":[[-68.98496,-20.30919],[-68.98288,-20.30826],[-68.98127,-20.30498],[-68.97908,-20.28483],[-68.98275,-20.28097],[-68.98357,-20.27551],[-68.9802,-20.26746],[-68.981,-20.25292],[-68.97943,-20.24817],[-68.98396,-20.24417],[-68.98038,-20.23508],[-68.97982,-20.23035],[-68.98081,-20.22886],[-68.99064,-20.22644],[-68.99198,-20.22346],[-68.99157,-20.21991],[-68.98789,-20.21284],[-68.97819,-20.20523],[-68.9764,-20.20143],[-68.97912,-20.19877],[-68.9795,-20.19538],[-68.97602,-20.18728],[-68.98094,-20.17946],[-68.98035,-20.17495],[-68.98315,-20.17288],[-68.97744,-20.15353],[-68.97736,-20.14948],[-68.97939,-20.14613],[-68.97812,-20.13671],[-68.98287,-20.1236],[-68.98592,-20.12269],[-68.98697,-20.12446],[-68.98735,-20.12318],[-68.98821,-20.12354],[-68.99035,-20.12892],[-68.99314,-20.12848],[-68.99497,-20.12629],[-68.99522,-20.12363],[-69.00111,-20.11853],[-69.00324,-20.11895],[-69.00367,-20.1167],[-69.00614,-20.11698],[-69.00837,-20.11442],[-69.00836,-20.10439],[-69.00639,-20.10115],[-69.008,-20.10171]]}},{"id":"1433","type":"Feature","properties":{"ROL":"S/R-A-382","NOMBRE_CAMINO":"Cruce Ruta 5 - Cerro Tana (Antena MOP)","CLASIFICACION":"Camino Regional de Acceso (En Proceso de Enrolamiento)","CALZADA":"U","tmda":null},"geometry":{"type":"LineString","coordinates":[[-69.95925,-19.44667],[-69.97014,-19.44556],[-69.98645,-19.4479],[-69.99537,-19.45483],[-69.99739,-19.45879],[-70.00086,-19.45627],[-70.00336,-19.45693],[-70.00411,-19.45927],[-70.00203,-19.46007],[-70.003,-19.4595]]}},{"id":"1434","type":"Feature","properties":{"ROL":"S/R-A-748","NOMBRE_CAMINO":"Cruce A-750 - Carrasco (Antena MOP)","CLASIFICACION":"Camino Regional de Acceso (En Proceso de Enrolamiento)","CALZADA":"U","tmda":null},"geometry":{"type":"LineString","coordinates":[[-70.06015,-20.86218],[-70.06995,-20.86663],[-70.07355,-20.87169],[-70.07869,-20.87504],[-70.08326,-20.87514],[-70.0806,-20.8802],[-70.08386,-20.88138],[-70.08413,-20.88312],[-70.08266,-20.88402],[-70.07851,-20.89522],[-70.08305,-20.89893],[-70.08321,-20.90152],[-70.08056,-20.90477],[-70.0804,-20.90729],[-70.07704,-20.90964],[-70.07514,-20.90955],[-70.07659,-20.91434],[-70.07766,-20.91425],[-70.07693,-20.91567],[-70.08039,-20.91596],[-70.07897,-20.91675],[-70.07979,-20.91964],[-70.07775,-20.92331],[-70.07625,-20.92353],[-70.07655,-20.92504],[-70.07267,-20.92637]]}},{"id":"1435","type":"Feature","properties":{"ROL":"S/R-A-796","NOMBRE_CAMINO":"Cruce Ruta 1 - Playa El Muerto Sur","CLASIFICACION":"Camino Regional de Acceso (En Proceso de Enrolamiento)","CALZADA":"U","tmda":null},"geometry":{"type":"LineString","coordinates":[[-70.09751,-21.18263],[-70.10115,-21.18201]]}},{"id":"1436","type":"Feature","properties":{"ROL":"S/R-A-398","NOMBRE_CAMINO":"Cruce A-404 - Challapuco","CLASIFICACION":"Camino Regional de Acceso (En Proceso de Enrolamiento)","CALZADA":"U","tmda":null},"geometry":{"type":"LineString","coordinates":[[-70.19284,-19.55424],[-70.19583,-19.5542],[-70.19421,-19.55046],[-70.20233,-19.54865],[-70.20637,-19.54552],[-70.20781,-19.54281],[-70.20647,-19.5354],[-70.19918,-19.52104],[-70.19902,-19.51717],[-70.20102,-19.51318]]}},{"id":"1437","type":"Feature","properties":{"ROL":"S/R-A-648","NOMBRE_CAMINO":"Cruce Ruta 1 - Seremeño","CLASIFICACION":"Camino Regional Comunal (En Proceso de Enrolamiento)","CALZADA":"U","tmda":null},"geometry":{"type":"LineString","coordinates":[[-70.15869,-20.47857],[-70.16508,-20.47633]]}},{"id":"1438","type":"Feature","properties":{"ROL":"S/R-A-945","NOMBRE_CAMINO":"Cruce A-955 (Panavinto) - Challuma","CLASIFICACION":"Camino Regional de Acceso (En Proceso de Enrolamiento)","CALZADA":"U","tmda":null},"geometry":{"type":"LineString","coordinates":[[-68.50377,-19.421],[-68.48884,-19.41602],[-68.48826,-19.41285],[-68.4852,-19.41361]]}},{"id":"1439","type":"Feature","properties":{"ROL":"S/R-A-635","NOMBRE_CAMINO":"Cruce A-639 - Iquiuca","CLASIFICACION":"Camino Regional de Acceso (En Proceso de Enrolamiento)","CALZADA":"U","tmda":null},"geometry":{"type":"LineString","coordinates":[[-69.20659,-20.01573],[-69.21028,-20.01764],[-69.21281,-20.02231],[-69.2144,-20.02289]]}},{"id":"1440","type":"Feature","properties":{"ROL":"A-387","NOMBRE_CAMINO":"Cruce A-45 - Tranque Caritaya","CLASIFICACION":"Camino Regional de Acceso","CALZADA":"U","tmda":null},"geometry":{"type":"LineString","coordinates":[[-69.28509,-19.15771],[-69.2823,-19.15112],[-69.28251,-19.14481],[-69.28043,-19.14291],[-69.27944,-19.13787],[-69.27553,-19.13293],[-69.2751,-19.12574],[-69.27629,-19.12217],[-69.27843,-19.1203],[-69.27732,-19.11528],[-69.27912,-19.11304],[-69.2774,-19.11081]]}},{"id":"1441","type":"Feature","properties":{"ROL":"A-387","NOMBRE_CAMINO":"Cruce A-45 - Tranque Caritaya","CLASIFICACION":"Camino Regional de Acceso (En Proceso de Enrolamiento)","CALZADA":"U","tmda":null},"geometry":{"type":"LineString","coordinates":[[-69.2774,-19.11081],[-69.28317,-19.1035],[-69.2867,-19.10429],[-69.29187,-19.10178],[-69.28818,-19.10014],[-69.28475,-19.08934],[-69.28508,-19.0866],[-69.28996,-19.07884],[-69.31018,-19.06918],[-69.31071,-19.06215],[-69.30363,-19.04608],[-69.30567,-19.04127],[-69.31105,-19.04022],[-69.31883,-19.03568],[-69.33264,-19.0248],[-69.33828,-19.01481]]}},{"id":"1442","type":"Feature","properties":{"ROL":"A-955","NOMBRE_CAMINO":"Cruce A-953 (Ancovinto) - Panavinto","CLASIFICACION":"Camino Regional Comunal","CALZADA":"U","tmda":null},"geometry":{"type":"LineString","coordinates":[[-68.59143,-19.39336],[-68.58059,-19.38246],[-68.56762,-19.3768],[-68.56263,-19.37619],[-68.525,-19.39233],[-68.52176,-19.39617],[-68.51755,-19.39674],[-68.51716,-19.40582],[-68.50668,-19.41582],[-68.50661,-19.42192],[-68.5053,-19.42414],[-68.50379,-19.4207],[-68.50668,-19.41582]]}},{"id":"3213","type":"Feature","properties":{"ROL":"URBA506","NOMBRE_CAMINO":"Av. Circunvalación","CLASIFICACION":"Camino Regional Provincial (Conexión Vial Urbana)","CALZADA":"D","tmda":null},"geometry":{"type":"LineString","coordinates":[[-70.12286,-20.29611],[-70.12495,-20.2965]]}},{"id":"3214","type":"Feature","properties":{"ROL":"URBA506","NOMBRE_CAMINO":"Av. Circunvalación","CLASIFICACION":"Camino Regional Provincial (Conexión Vial Urbana)","CALZADA":"ÚNICA","tmda":null},"geometry":{"type":"LineString","coordinates":[[-70.11638,-20.25677],[-70.11543,-20.27398],[-70.11338,-20.28581],[-70.12024,-20.2953]]}},{"id":"3215","type":"Feature","properties":{"ROL":"URBA506","NOMBRE_CAMINO":"Av. Circunvalación","CLASIFICACION":"Camino Regional Provincial (Conexión Vial Urbana)","CALZADA":"D","tmda":null},"geometry":{"type":"LineString","coordinates":[[-70.1273,-20.23078],[-70.12455,-20.24364],[-70.11611,-20.25418]]}},{"id":"3216","type":"Feature","properties":{"ROL":"URBA506","NOMBRE_CAMINO":"Av. Circunvalación","CLASIFICACION":"Camino Regional Provincial (Conexión Vial Urbana)","CALZADA":"I","tmda":null},"geometry":{"type":"LineString","coordinates":[[-70.12024,-20.2953],[-70.12495,-20.29645]]}},{"id":"3217","type":"Feature","properties":{"ROL":"URBA506","NOMBRE_CAMINO":"Av. Circunvalación","CLASIFICACION":"Camino Regional Provincial (Conexión Vial Urbana)","CALZADA":"I","tmda":null},"geometry":{"type":"LineString","coordinates":[[-70.11622,-20.25419],[-70.11638,-20.25677]]}},{"id":"3218","type":"Feature","properties":{"ROL":"URBA506","NOMBRE_CAMINO":"Av. Circunvalación","CLASIFICACION":"Camino Regional Provincial (Conexión Vial Urbana)","CALZADA":"I","tmda":null},"geometry":{"type":"LineString","coordinates":[[-70.11712,-20.25261],[-70.11621,-20.25422]]}},{"id":"3219","type":"Feature","properties":{"ROL":"URBA506","NOMBRE_CAMINO":"Av. Circunvalación","CLASIFICACION":"Camino Regional Provincial (Conexión Vial Urbana)","CALZADA":"I","tmda":null},"geometry":{"type":"LineString","coordinates":[[-70.12746,-20.2309],[-70.12462,-20.24374],[-70.11712,-20.25261]]}},{"id":"3220","type":"Feature","properties":{"ROL":"URBA506","NOMBRE_CAMINO":"Av. Circunvalación","CLASIFICACION":"Camino Regional Provincial (Conexión Vial Urbana)","CALZADA":"D","tmda":null},"geometry":{"type":"LineString","coordinates":[[-70.12024,-20.2953],[-70.12286,-20.29611]]}},{"id":"3221","type":"Feature","properties":{"ROL":"URBA506","NOMBRE_CAMINO":"Av. Circunvalación","CLASIFICACION":"Camino Regional Provincial (Conexión Vial Urbana)","CALZADA":"D","tmda":null},"geometry":{"type":"LineString","coordinates":[[-70.1162,-20.25425],[-70.11638,-20.25677]]}},{"id":"4089","type":"Feature","properties":{"ROL":"A-45","NOMBRE_CAMINO":"Cruce Ruta 5 - Camiña - Alto Altuza - Alpajeres - Cruce A-95 (Ruta Andina)","CLASIFICACION":"Camino Regional Principal","CALZADA":"U","tmda":null},"geometry":{"type":"LineString","coordinates":[[-69.61406,-19.41166],[-69.608,-19.40887],[-69.60359,-19.40871],[-69.59455,-19.40585],[-69.58882,-19.40172],[-69.58253,-19.39009],[-69.57698,-19.3845],[-69.56988,-19.38015],[-69.56631,-19.38001],[-69.55951,-19.37649],[-69.55669,-19.37676],[-69.55123,-19.37321],[-69.54613,-19.37172],[-69.53222,-19.3618],[-69.52994,-19.35846],[-69.52152,-19.35479],[-69.51183,-19.34886],[-69.51035,-19.34665],[-69.50447,-19.3444],[-69.50026,-19.34434],[-69.49874,-19.34217],[-69.49484,-19.34083],[-69.49106,-19.34229],[-69.49061,-19.34072],[-69.48689,-19.33849],[-69.4768,-19.33496],[-69.47438,-19.33226],[-69.46742,-19.32999],[-69.4566,-19.32343],[-69.44565,-19.32046],[-69.44818,-19.31954],[-69.44517,-19.31911],[-69.44134,-19.31552],[-69.43856,-19.31627],[-69.43749,-19.31379],[-69.43232,-19.31313],[-69.43212,-19.31124],[-69.427,-19.31095]]}},{"id":"4090","type":"Feature","properties":{"ROL":"Ruta 15 CH","NOMBRE_CAMINO":"Huara - Colchane","CLASIFICACION":"Camino Nacional con Carácter de Internacional","CALZADA":"U","tmda":641.0},"geometry":{"type":"LineString","coordinates":[[-69.07759,-19.64393],[-69.06694,-19.64148],[-69.06388,-19.63778],[-69.06123,-19.64038],[-69.05845,-19.63907]]}},{"id":"4091","type":"Feature","properties":{"ROL":"A-557","NOMBRE_CAMINO":"Cruce Ruta 15 CH - Umiña - Cruce A-97-B (Ruta Andina)","CLASIFICACION":"Camino Regional Comunal","CALZADA":"U","tmda":null},"geometry":{"type":"LineString","coordinates":[[-68.8712,-19.48409],[-68.86584,-19.49011],[-68.85809,-19.49023],[-68.85646,-19.49369],[-68.8503,-19.49409],[-68.84454,-19.49782],[-68.83753,-19.49632],[-68.81087,-19.50658],[-68.80313,-19.50172],[-68.78725,-19.50718],[-68.77686,-19.5066],[-68.77141,-19.50811],[-68.76102,-19.50566],[-68.75258,-19.50201],[-68.74616,-19.49763],[-68.74188,-19.49969],[-68.71688,-19.49355],[-68.7155,-19.49614],[-68.71621,-19.49988],[-68.71515,-19.50219]]}},{"id":"4092","type":"Feature","properties":{"ROL":"A-750","NOMBRE_CAMINO":"Cruce Ruta 1 (Caleta Patillos) - Salar Grande (Tenardita)","CLASIFICACION":"Camino Regional Comunal","CALZADA":"U","tmda":2053.0},"geometry":{"type":"LineString","coordinates":[[-70.04294,-20.88579],[-70.01408,-20.91772],[-70.0122,-20.92378]]}},{"id":"4093","type":"Feature","properties":{"ROL":"A-750","NOMBRE_CAMINO":"Cruce Ruta 1 (Caleta Patillos) - Salar Grande (Tenardita)","CLASIFICACION":"Camino Regional Comunal","CALZADA":"U","tmda":2053.0},"geometry":{"type":"LineString","coordinates":[[-70.0122,-20.92378],[-69.99819,-20.94567]]}},{"id":"4094","type":"Feature","properties":{"ROL":"A-97-B","NOMBRE_CAMINO":"Ruta Andina, Sector: Límite Regional - Cruce Ruta 15 CH (Escapiña)","CLASIFICACION":"Camino Regional Principal","CALZADA":"U","tmda":null},"geometry":{"type":"LineString","coordinates":[[-68.83019,-20.18703],[-68.82932,-20.16953],[-68.83248,-20.13909],[-68.82098,-20.11583],[-68.81883,-20.10173],[-68.8189,-20.09365]]}},{"id":"4095","type":"Feature","properties":{"ROL":"A-97-B","NOMBRE_CAMINO":"Ruta Andina, Sector: Límite Regional - Cruce Ruta 15 CH (Escapiña)","CLASIFICACION":"Camino Regional Principal","CALZADA":"U","tmda":null},"geometry":{"type":"LineString","coordinates":[[-68.80313,-20.00654],[-68.81398,-19.99431],[-68.81283,-19.98676],[-68.81629,-19.98102],[-68.81484,-19.97977],[-68.81459,-19.97128],[-68.81714,-19.96976],[-68.81688,-19.9649],[-68.8227,-19.96142]]}},{"id":"4096","type":"Feature","properties":{"ROL":"A-97-B","NOMBRE_CAMINO":"Ruta Andina, Sector: Límite Regional - Cruce Ruta 15 CH (Escapiña)","CLASIFICACION":"Camino Regional Principal","CALZADA":"U","tmda":null},"geometry":{"type":"LineString","coordinates":[[-68.82535,-19.92579],[-68.8274,-19.88543],[-68.83456,-19.86946],[-68.8383,-19.86455],[-68.83126,-19.86707],[-68.82642,-19.86368],[-68.81151,-19.8632],[-68.80554,-19.86468],[-68.79994,-19.86019],[-68.78185,-19.85746],[-68.77428,-19.85755],[-68.7672,-19.82929],[-68.76592,-19.82127],[-68.76788,-19.81565],[-68.76568,-19.81078]]}},{"id":"4097","type":"Feature","properties":{"ROL":"A-685","NOMBRE_CAMINO":"Cruce A-65 - Pica","CLASIFICACION":"Camino Regional Provincial","CALZADA":"U","tmda":null},"geometry":{"type":"LineString","coordinates":[[-69.12187,-20.39307],[-69.12498,-20.39553],[-69.12721,-20.40921],[-69.13222,-20.41705],[-69.13861,-20.41846],[-69.14061,-20.42014],[-69.1405,-20.42521],[-69.14278,-20.42937],[-69.155,-20.43932],[-69.171,-20.44828],[-69.18491,-20.44892],[-69.19455,-20.46481],[-69.20392,-20.46638],[-69.21714,-20.47771],[-69.22265,-20.48919],[-69.2227,-20.49517],[-69.22388,-20.49651],[-69.23158,-20.49664],[-69.23758,-20.49388],[-69.24798,-20.49743],[-69.26434,-20.49767],[-69.27096,-20.49387],[-69.29687,-20.48966],[-69.30484,-20.48184],[-69.31068,-20.48059],[-69.31888,-20.48303]]}},{"id":"4098","type":"Feature","properties":{"ROL":"A-455","NOMBRE_CAMINO":"Cruce Ruta 5 (Dolores) - Cruce A-457 (Ariquilda)","CLASIFICACION":"Camino Regional Comunal","CALZADA":"U","tmda":null},"geometry":{"type":"LineString","coordinates":[[-69.86179,-19.77007],[-69.83796,-19.75668],[-69.78926,-19.73788],[-69.77411,-19.73397],[-69.74323,-19.72236],[-69.62274,-19.67112],[-69.60562,-19.66647]]}},{"id":"4099","type":"Feature","properties":{"ROL":"A-457","NOMBRE_CAMINO":"Cruce Ruta 5 (Negreiros) - Soga","CLASIFICACION":"Camino Regional Comunal","CALZADA":"U","tmda":null},"geometry":{"type":"LineString","coordinates":[[-69.80329,-19.86218],[-69.73517,-19.86004],[-69.70692,-19.85817],[-69.70233,-19.85636],[-69.69759,-19.85157],[-69.69765,-19.84979],[-69.69498,-19.84787],[-69.68754,-19.83574],[-69.68517,-19.82672],[-69.68292,-19.82435],[-69.67781,-19.81346],[-69.67706,-19.80922],[-69.67852,-19.80476],[-69.6776,-19.80056],[-69.67395,-19.79209],[-69.66814,-19.78429],[-69.66229,-19.76436],[-69.65255,-19.74786]]}},{"id":"4100","type":"Feature","properties":{"ROL":"A-457","NOMBRE_CAMINO":"Cruce Ruta 5 (Negreiros) - Soga","CLASIFICACION":"Camino Regional Comunal","CALZADA":"U","tmda":null},"geometry":{"type":"LineString","coordinates":[[-69.63945,-19.7259],[-69.63222,-19.71352],[-69.61548,-19.67777],[-69.60562,-19.66647],[-69.55395,-19.62532],[-69.54358,-19.61824],[-69.53444,-19.61667]]}},{"id":"4101","type":"Feature","properties":{"ROL":"A-525","NOMBRE_CAMINO":"Cruce Ruta 15 CH - Guaviña - Limaxiña - Sibaya - Achacagua","CLASIFICACION":"Camino Regional Comunal","CALZADA":"U","tmda":null},"geometry":{"type":"LineString","coordinates":[[-69.29802,-19.79204],[-69.29153,-19.79147],[-69.29044,-19.78987],[-69.28747,-19.78974],[-69.28966,-19.79194],[-69.28684,-19.79254],[-69.29013,-19.79633],[-69.28876,-19.79765],[-69.28692,-19.79729],[-69.293,-19.80149],[-69.29511,-19.80476],[-69.29307,-19.80454],[-69.29549,-19.80735],[-69.29336,-19.80749],[-69.29466,-19.80878],[-69.29188,-19.80749],[-69.29332,-19.80949],[-69.29135,-19.80813],[-69.2873,-19.80068],[-69.28024,-19.79925],[-69.28037,-19.7982],[-69.27788,-19.7976],[-69.27553,-19.79455],[-69.27094,-19.79725],[-69.2694,-19.79469],[-69.26573,-19.79386],[-69.26387,-19.7898],[-69.26589,-19.78816],[-69.26294,-19.78737],[-69.25938,-19.78201],[-69.25743,-19.78192],[-69.25708,-19.78031],[-69.25402,-19.77808],[-69.2514,-19.77993],[-69.25051,-19.77796],[-69.24885,-19.78368],[-69.24453,-19.78277],[-69.24531,-19.7884],[-69.24183,-19.7881],[-69.23913,-19.78594],[-69.23486,-19.7899],[-69.2315,-19.78931],[-69.23105,-19.791],[-69.23262,-19.79323],[-69.23035,-19.79278],[-69.23098,-19.79525],[-69.22888,-19.79495],[-69.22686,-19.79253],[-69.22121,-19.79279],[-69.22122,-19.79408],[-69.21833,-19.79231],[-69.21775,-19.79343],[-69.21765,-19.79219],[-69.21337,-19.79148],[-69.2115,-19.78805],[-69.20935,-19.78879],[-69.20551,-19.78788],[-69.20535,-19.78675],[-69.20352,-19.78726],[-69.20301,-19.78453],[-69.20074,-19.78627],[-69.20208,-19.784],[-69.20059,-19.78561],[-69.19698,-19.7848],[-69.19859,-19.78414],[-69.19699,-19.78381],[-69.19888,-19.78366],[-69.19565,-19.78288],[-69.1927,-19.78562],[-69.18793,-19.78509],[-69.18583,-19.78665],[-69.18222,-19.78477],[-69.17395,-19.78404],[-69.17244,-19.78163],[-69.16936,-19.78143]]}},{"id":"4102","type":"Feature","properties":{"ROL":"A-525","NOMBRE_CAMINO":"Cruce Ruta 15 CH - Guaviña - Limaxiña - Sibaya - Achacagua","CLASIFICACION":"Camino Regional Comunal","CALZADA":"U","tmda":null},"geometry":{"type":"LineString","coordinates":[[-69.16936,-19.78143],[-69.16185,-19.78083],[-69.15652,-19.77709],[-69.14633,-19.77971]]}},{"id":"4103","type":"Feature","properties":{"ROL":"A-535","NOMBRE_CAMINO":"Cruce A-525 - Mocha","CLASIFICACION":"Camino Regional de Acceso","CALZADA":"U","tmda":null},"geometry":{"type":"LineString","coordinates":[[-69.2856,-19.80026],[-69.28718,-19.80119],[-69.28705,-19.80281],[-69.28324,-19.80121],[-69.28276,-19.80242],[-69.28435,-19.80296],[-69.28121,-19.80442],[-69.2807,-19.8034],[-69.27981,-19.80653],[-69.28153,-19.80528],[-69.28077,-19.80675],[-69.27926,-19.80816],[-69.27772,-19.80773],[-69.27947,-19.8098],[-69.28134,-19.80822],[-69.27969,-19.81166],[-69.2759,-19.81009],[-69.27423,-19.8111],[-69.27649,-19.81315]]}},{"id":"4104","type":"Feature","properties":{"ROL":"A-555","NOMBRE_CAMINO":"Cruce Ruta 15 CH (Alto Pachica) - Badén Carora - Pachica - Poroma - Cruce A-97-B (Ruta Andina)","CLASIFICACION":"Camino Regional Provincial","CALZADA":"U","tmda":null},"geometry":{"type":"LineString","coordinates":[[-69.4311,-19.86687],[-69.42953,-19.86869]]}},{"id":"4105","type":"Feature","properties":{"ROL":"A-473","NOMBRE_CAMINO":"Cruce A-475 - Sipiza","CLASIFICACION":"Camino Regional de Acceso","CALZADA":"U","tmda":null},"geometry":{"type":"LineString","coordinates":[[-69.19159,-19.66077],[-69.19788,-19.65661],[-69.19943,-19.65942],[-69.20269,-19.65934],[-69.20385,-19.65773],[-69.20435,-19.65928],[-69.20677,-19.66021],[-69.20611,-19.65808],[-69.20254,-19.65543],[-69.20533,-19.65455],[-69.20956,-19.65619],[-69.21206,-19.65507],[-69.21608,-19.65716],[-69.21841,-19.65567],[-69.22344,-19.65641],[-69.22191,-19.65463],[-69.22494,-19.65474],[-69.22401,-19.65232],[-69.23092,-19.65213],[-69.23394,-19.64799],[-69.24192,-19.64591],[-69.24184,-19.64351],[-69.23914,-19.64388],[-69.24178,-19.64248],[-69.24378,-19.64388],[-69.24261,-19.64152],[-69.24068,-19.64076],[-69.2448,-19.63899],[-69.24304,-19.63713]]}},{"id":"4106","type":"Feature","properties":{"ROL":"A-725","NOMBRE_CAMINO":"Cruce A-755 (Matilla) - Cruce A-715 (Puquio de Núñez)","CLASIFICACION":"Camino Regional Comunal","CALZADA":"U","tmda":null},"geometry":{"type":"LineString","coordinates":[[-69.36162,-20.60921],[-69.36352,-20.61312]]}},{"id":"4107","type":"Feature","properties":{"ROL":"A-730","NOMBRE_CAMINO":"Cruce Ruta 1 - Caleta Chanavaya - Caleta Pabellón de Pica","CLASIFICACION":"Camino Regional de Acceso","CALZADA":"U","tmda":null},"geometry":{"type":"LineString","coordinates":[[-70.13617,-20.88226],[-70.13641,-20.89352],[-70.13875,-20.89768]]}},{"id":"4108","type":"Feature","properties":{"ROL":"A-755","NOMBRE_CAMINO":"Cruce Ruta 5 (Salar de Pintados) - Cruce A-665 (Matilla)","CLASIFICACION":"Camino Regional Comunal","CALZADA":"U","tmda":465.0},"geometry":{"type":"LineString","coordinates":[[-69.62128,-20.6156],[-69.5544,-20.60438],[-69.52845,-20.59805],[-69.49747,-20.58254],[-69.38375,-20.51203],[-69.37178,-20.50925]]}},{"id":"4109","type":"Feature","properties":{"ROL":"A-495","NOMBRE_CAMINO":"Cruce Ruta 15 CH - Guasquiña","CLASIFICACION":"Camino Regional de Acceso","CALZADA":"U","tmda":null},"geometry":{"type":"LineString","coordinates":[[-69.41783,-19.82007],[-69.41523,-19.81773],[-69.41805,-19.81614],[-69.4146,-19.80998],[-69.42043,-19.81245],[-69.41978,-19.81047],[-69.42338,-19.8108],[-69.42149,-19.80708],[-69.42223,-19.80508],[-69.42547,-19.80464],[-69.42252,-19.80068],[-69.42417,-19.79754],[-69.42607,-19.79668],[-69.4242,-19.79624],[-69.42527,-19.79546],[-69.42285,-19.79153],[-69.42479,-19.78541],[-69.40917,-19.77876],[-69.40678,-19.77165],[-69.40258,-19.77063],[-69.39795,-19.76541],[-69.39084,-19.7625],[-69.39523,-19.76187],[-69.39776,-19.76371],[-69.39923,-19.76275],[-69.39976,-19.76353],[-69.39977,-19.76234],[-69.4012,-19.76385],[-69.4046,-19.76182],[-69.40603,-19.76249],[-69.40667,-19.7614],[-69.41114,-19.76068],[-69.40996,-19.7605],[-69.41153,-19.75911],[-69.41046,-19.75938],[-69.40476,-19.75479],[-69.40349,-19.75146],[-69.40477,-19.75183],[-69.40397,-19.74772],[-69.40048,-19.74739],[-69.39759,-19.74384]]}},{"id":"4110","type":"Feature","properties":{"ROL":"A-770","NOMBRE_CAMINO":"Cruce Ruta 5 (Lagunas) - Cruce A-752","CLASIFICACION":"Camino Regional Comunal","CALZADA":"U","tmda":null},"geometry":{"type":"LineString","coordinates":[[-69.93293,-21.08582],[-69.9412,-21.08706],[-69.94747,-21.08214],[-69.94913,-21.07878],[-69.94839,-21.07398],[-69.95127,-21.06519],[-69.95964,-21.05642],[-69.99393,-21.03539],[-70.00679,-21.03841],[-70.01622,-21.03114],[-70.01983,-21.02164],[-70.0232,-21.01643],[-70.02401,-21.00485],[-70.02827,-20.98603],[-70.02871,-20.97906]]}},{"id":"4111","type":"Feature","properties":{"ROL":"A-510","NOMBRE_CAMINO":"Cruce A-514 - Cerro Esmeralda","CLASIFICACION":"Camino Regional de Acceso","CALZADA":"U","tmda":null},"geometry":{"type":"LineString","coordinates":[[-70.0484,-20.2074],[-70.05439,-20.20278],[-70.06132,-20.19976],[-70.07196,-20.19845],[-70.08109,-20.19956],[-70.08536,-20.20239],[-70.09454,-20.20379],[-70.10563,-20.2088]]}},{"id":"4112","type":"Feature","properties":{"ROL":"A-514","NOMBRE_CAMINO":"Cruce A-616 - Alto Caleta Buena","CLASIFICACION":"Camino Regional Comunal","CALZADA":"U","tmda":616.0},"geometry":{"type":"LineString","coordinates":[[-70.05551,-20.23252],[-70.05314,-20.22464],[-70.04943,-20.2194],[-70.04758,-20.21171],[-70.04841,-20.20722],[-70.04641,-20.2042],[-70.04768,-20.20122],[-70.05185,-20.20023],[-70.04916,-20.19796],[-70.04924,-20.18498],[-70.05048,-20.18229],[-70.05451,-20.18051],[-70.05362,-20.17632],[-70.06229,-20.155]]}},{"id":"4113","type":"Feature","properties":{"ROL":"A-514","NOMBRE_CAMINO":"Cruce A-616 - Alto Caleta Buena","CLASIFICACION":"Camino Regional Comunal","CALZADA":"U","tmda":48.0},"geometry":{"type":"LineString","coordinates":[[-70.06229,-20.155],[-70.06495,-20.13206],[-70.07407,-20.10851],[-70.0715,-20.10108],[-70.07452,-20.10018],[-70.06824,-20.09259],[-70.07246,-20.08565],[-70.07493,-20.07801],[-70.07754,-20.07486],[-70.08129,-20.06254],[-70.08167,-20.04232],[-70.07542,-20.01322],[-70.07579,-19.99939],[-70.07807,-19.98892],[-70.08221,-19.94898],[-70.08381,-19.94337],[-70.08544,-19.94223],[-70.08573,-19.9376],[-70.08968,-19.93113],[-70.10329,-19.9154],[-70.10636,-19.91431],[-70.11075,-19.90763],[-70.1147,-19.89288],[-70.11368,-19.88936]]}},{"id":"4114","type":"Feature","properties":{"ROL":"A-515","NOMBRE_CAMINO":"Cruce Ruta 15 CH - Usmagama - Cruce A-525 (Limaxiña)","CLASIFICACION":"Camino Regional Comunal","CALZADA":"U","tmda":null},"geometry":{"type":"LineString","coordinates":[[-69.22263,-19.72221],[-69.21998,-19.72383],[-69.22369,-19.73046],[-69.22127,-19.73043],[-69.21918,-19.72702],[-69.21714,-19.72829],[-69.21415,-19.72788],[-69.21533,-19.72925],[-69.2137,-19.72868],[-69.21556,-19.73083],[-69.21892,-19.73024],[-69.2186,-19.73305],[-69.22017,-19.73526],[-69.22022,-19.73625],[-69.21923,-19.73475],[-69.21908,-19.73611],[-69.21732,-19.73483],[-69.21955,-19.73773],[-69.21734,-19.73717],[-69.21694,-19.73847],[-69.21939,-19.73973],[-69.21934,-19.74354],[-69.22141,-19.748],[-69.22088,-19.75113],[-69.21875,-19.75179],[-69.22124,-19.75764],[-69.21882,-19.76277],[-69.22166,-19.76893],[-69.21975,-19.76953],[-69.21508,-19.76724],[-69.21123,-19.76302],[-69.21012,-19.76432],[-69.2088,-19.76386],[-69.21087,-19.76877],[-69.20766,-19.76901],[-69.20281,-19.77313],[-69.20308,-19.77452],[-69.19976,-19.77507],[-69.19886,-19.77883],[-69.19272,-19.78215],[-69.19101,-19.78194],[-69.19137,-19.78325],[-69.18625,-19.78601],[-69.18393,-19.78579]]}},{"id":"4115","type":"Feature","properties":{"ROL":"A-855","NOMBRE_CAMINO":"Cruce Ruta 5 (Salar de Llamara) - Tamentica - Huatacondo - Copaquiri - Quebrada Blanca - Cruce A-97-B (Ruta Andina)","CLASIFICACION":"Camino Regional Comunal","CALZADA":"U","tmda":176.0},"geometry":{"type":"LineString","coordinates":[[-69.59151,-21.09222],[-69.46365,-21.0788],[-69.41206,-21.05956],[-69.37801,-21.0357],[-69.36334,-21.02017],[-69.35099,-21.01314],[-69.33414,-20.99907],[-69.32633,-20.99692],[-69.31607,-20.99191],[-69.31008,-20.99087],[-69.28696,-20.99122],[-69.28367,-20.99285],[-69.26935,-20.99469],[-69.25155,-20.9881],[-69.24243,-20.9871]]}},{"id":"4116","type":"Feature","properties":{"ROL":"A-517","NOMBRE_CAMINO":"Cruce Ruta 15 CH - Chusmiza","CLASIFICACION":"Camino Regional de Acceso","CALZADA":"U","tmda":null},"geometry":{"type":"LineString","coordinates":[[-69.18243,-19.6796],[-69.17919,-19.67856],[-69.18256,-19.68141],[-69.18333,-19.68306],[-69.18238,-19.68334],[-69.1844,-19.68513]]}},{"id":"4117","type":"Feature","properties":{"ROL":"A-545","NOMBRE_CAMINO":"Cruce A-555 (Pachica) - Laonzana - Puchurca","CLASIFICACION":"Camino Regional de Acceso","CALZADA":"U","tmda":null},"geometry":{"type":"LineString","coordinates":[[-69.4311,-19.86687],[-69.4272,-19.8684],[-69.42282,-19.86778],[-69.42063,-19.86601],[-69.41811,-19.86663],[-69.4121,-19.8635],[-69.40599,-19.86497],[-69.40193,-19.86414],[-69.39784,-19.86729],[-69.39268,-19.86517],[-69.38324,-19.86751],[-69.37853,-19.86439]]}},{"id":"4118","type":"Feature","properties":{"ROL":"A-565","NOMBRE_CAMINO":"Cruce Ruta 15 CH (Alto Huarasiña) - Tarapacá - Cruce A-555 (Badén Carora)","CLASIFICACION":"Camino Regional Comunal","CALZADA":"U","tmda":143.0},"geometry":{"type":"LineString","coordinates":[[-69.55474,-19.93542],[-69.55274,-19.93753],[-69.53922,-19.94368],[-69.53385,-19.94036],[-69.53402,-19.94209],[-69.53295,-19.94196],[-69.5227,-19.93648]]}},{"id":"4119","type":"Feature","properties":{"ROL":"A-565","NOMBRE_CAMINO":"Cruce Ruta 15 CH (Alto Huarasiña) - Tarapacá - Cruce A-555 (Badén Carora)","CLASIFICACION":"Camino Regional Comunal","CALZADA":"U","tmda":143.0},"geometry":{"type":"LineString","coordinates":[[-69.50588,-19.92497],[-69.50412,-19.92473],[-69.49781,-19.91908],[-69.49346,-19.91147],[-69.48549,-19.90909],[-69.48219,-19.90297],[-69.47432,-19.8973],[-69.47084,-19.89186],[-69.46472,-19.88861],[-69.46098,-19.88224],[-69.45311,-19.8747]]}},{"id":"4120","type":"Feature","properties":{"ROL":"A-575","NOMBRE_CAMINO":"Cruce A-565 - Huarasiña","CLASIFICACION":"Camino Regional de Acceso","CALZADA":"U","tmda":null},"geometry":{"type":"LineString","coordinates":[[-69.5307,-19.94053],[-69.53632,-19.94485],[-69.53891,-19.94859]]}},{"id":"4121","type":"Feature","properties":{"ROL":"A-959","NOMBRE_CAMINO":"Cruce A-97-B (Ruta Andina) - Cariquima - Huaitane - Villablanca - Chulluncane","CLASIFICACION":"Camino Regional Comunal","CALZADA":"U","tmda":null},"geometry":{"type":"LineString","coordinates":[[-68.64422,-19.46895],[-68.64091,-19.47574],[-68.62202,-19.49731],[-68.62151,-19.50183],[-68.61676,-19.5143],[-68.61692,-19.51747],[-68.61534,-19.51994],[-68.61365,-19.531],[-68.60403,-19.54311],[-68.60945,-19.5453],[-68.61243,-19.55659],[-68.61434,-19.56063],[-68.61767,-19.56387],[-68.61758,-19.56933],[-68.62286,-19.58427],[-68.62696,-19.58475],[-68.63188,-19.58301],[-68.63337,-19.58129],[-68.63548,-19.58211],[-68.64115,-19.59322],[-68.64342,-19.60471],[-68.64185,-19.6094],[-68.64271,-19.61268],[-68.64592,-19.61307],[-68.64855,-19.61654],[-68.64999,-19.62329],[-68.65301,-19.62862],[-68.64965,-19.63673],[-68.64471,-19.63757],[-68.64335,-19.6389]]}},{"id":"4122","type":"Feature","properties":{"ROL":"A-629","NOMBRE_CAMINO":"Cruce A-653 (Rotonda Mamiña) - Macaya - Jauja","CLASIFICACION":"Camino Regional Comunal","CALZADA":"U","tmda":null},"geometry":{"type":"LineString","coordinates":[[-69.21725,-20.07085],[-69.20795,-20.07002],[-69.20959,-20.07191],[-69.20454,-20.07105],[-69.20941,-20.07592],[-69.20725,-20.07625],[-69.20762,-20.07697],[-69.19887,-20.07664],[-69.20166,-20.07788],[-69.19707,-20.07932],[-69.19984,-20.08093],[-69.19867,-20.08133],[-69.20018,-20.08333],[-69.19549,-20.08191],[-69.19279,-20.07857],[-69.18783,-20.07851],[-69.18581,-20.07408],[-69.18323,-20.0721],[-69.1851,-20.07564],[-69.18406,-20.07452],[-69.18428,-20.07714],[-69.18198,-20.07884],[-69.18433,-20.07954],[-69.18647,-20.08335],[-69.18322,-20.08538],[-69.18433,-20.08636],[-69.18301,-20.08929],[-69.18724,-20.08953],[-69.19365,-20.09754],[-69.20237,-20.10374],[-69.20666,-20.10468],[-69.21655,-20.11498],[-69.21822,-20.11964],[-69.2153,-20.1192],[-69.21642,-20.11951],[-69.21505,-20.12118],[-69.21288,-20.12002],[-69.21326,-20.11768],[-69.21074,-20.12068],[-69.2115,-20.12494],[-69.20467,-20.12491],[-69.20575,-20.12572],[-69.20264,-20.12659],[-69.20166,-20.12551],[-69.20186,-20.12695],[-69.2004,-20.12753],[-69.19879,-20.12583],[-69.1995,-20.12707],[-69.19857,-20.12738],[-69.19562,-20.12666],[-69.19626,-20.12891],[-69.19203,-20.12984],[-69.19346,-20.13156],[-69.18622,-20.13382]]}},{"id":"4123","type":"Feature","properties":{"ROL":"A-639","NOMBRE_CAMINO":"Cruce A-555 (Mosquito de Oro) - Parca - Noasa - Cruce A-653","CLASIFICACION":"Camino Regional Comunal","CALZADA":"U","tmda":null},"geometry":{"type":"LineString","coordinates":[[-69.04886,-19.8968],[-69.04828,-19.90032],[-69.04253,-19.90917],[-69.04683,-19.91744],[-69.04379,-19.94232],[-69.04819,-19.95393],[-69.04977,-19.95598],[-69.05312,-19.95702],[-69.06594,-19.95758],[-69.07311,-19.96343],[-69.0769,-19.97187],[-69.0925,-19.97612],[-69.09317,-19.97784],[-69.0869,-19.9816],[-69.0905,-19.98302],[-69.09184,-19.98534],[-69.09605,-19.9854]]}},{"id":"4124","type":"Feature","properties":{"ROL":"A-651","NOMBRE_CAMINO":"Cruce A-65 - Sagasca","CLASIFICACION":"Camino Regional Comunal","CALZADA":"U","tmda":null},"geometry":{"type":"LineString","coordinates":[[-69.477,-20.25344],[-69.4297,-20.25398],[-69.41718,-20.24679],[-69.40827,-20.24616],[-69.39867,-20.24369]]}},{"id":"4125","type":"Feature","properties":{"ROL":"A-675","NOMBRE_CAMINO":"Cruce A-65 - Cruce A-97-B (Salar de Huasco)","CLASIFICACION":"Camino Regional Comunal","CALZADA":"U","tmda":null},"geometry":{"type":"LineString","coordinates":[[-68.96099,-20.33029],[-68.92443,-20.30499],[-68.9199,-20.30338],[-68.91679,-20.306],[-68.91289,-20.29586],[-68.90734,-20.28985],[-68.9066,-20.29256],[-68.90476,-20.29223],[-68.90001,-20.28701],[-68.89929,-20.28784],[-68.89689,-20.28498],[-68.89622,-20.28653],[-68.89427,-20.28567],[-68.88992,-20.28149]]}},{"id":"4126","type":"Feature","properties":{"ROL":"A-365","NOMBRE_CAMINO":"Cruce A-45 - Nama","CLASIFICACION":"Camino Regional de Acceso","CALZADA":"U","tmda":null},"geometry":{"type":"LineString","coordinates":[[-69.40983,-19.19085],[-69.41082,-19.18908]]}},{"id":"4127","type":"Feature","properties":{"ROL":"A-680","NOMBRE_CAMINO":"Cruce Ruta 1 - Yape","CLASIFICACION":"Camino Regional de Acceso","CALZADA":"U","tmda":null},"geometry":{"type":"LineString","coordinates":[[-70.18099,-20.6787],[-70.19133,-20.68006]]}},{"id":"4128","type":"Feature","properties":{"ROL":"A-373","NOMBRE_CAMINO":"Cruce A-375 - Cutijmalla","CLASIFICACION":"Camino Regional de Acceso","CALZADA":"U","tmda":null},"geometry":{"type":"LineString","coordinates":[[-69.61697,-19.10631],[-69.61719,-19.10092],[-69.6278,-19.10441],[-69.62552,-19.10186],[-69.62837,-19.10322],[-69.61935,-19.09431],[-69.62306,-19.09536],[-69.62372,-19.09385],[-69.62,-19.09069],[-69.62262,-19.09188],[-69.62451,-19.09072],[-69.62818,-19.09152],[-69.63338,-19.09381],[-69.64406,-19.09421],[-69.65615,-19.09839],[-69.65154,-19.09385],[-69.65457,-19.09433],[-69.65404,-19.09334],[-69.651,-19.09244],[-69.65109,-19.09035],[-69.6497,-19.0893],[-69.65759,-19.09185],[-69.65722,-19.09056],[-69.65837,-19.09058]]}},{"id":"4129","type":"Feature","properties":{"ROL":"A-703","NOMBRE_CAMINO":"Cruce A-755 - Salar de Pintados","CLASIFICACION":"Camino Regional Comunal","CALZADA":"U","tmda":null},"geometry":{"type":"LineString","coordinates":[[-69.58254,-20.60887],[-69.57735,-20.62145]]}},{"id":"4130","type":"Feature","properties":{"ROL":"A-375","NOMBRE_CAMINO":"Cruce Ruta 5 (Alto Chiza) - Suca - Miñi Miñe - Miñita","CLASIFICACION":"Camino Regional Comunal","CALZADA":"U","tmda":null},"geometry":{"type":"LineString","coordinates":[[-69.89264,-19.29155],[-69.89012,-19.28994],[-69.87798,-19.29125],[-69.8686,-19.29333],[-69.86117,-19.29794],[-69.85304,-19.3],[-69.84193,-19.29898],[-69.83174,-19.2945],[-69.82059,-19.28651],[-69.81568,-19.28444],[-69.81102,-19.27993],[-69.8009,-19.27729],[-69.80029,-19.27093],[-69.79744,-19.27],[-69.80001,-19.26802],[-69.79567,-19.26771],[-69.79405,-19.26975],[-69.79566,-19.26463],[-69.79958,-19.26296],[-69.7971,-19.26217],[-69.80587,-19.26044],[-69.79603,-19.25856],[-69.79262,-19.25732],[-69.79168,-19.25553],[-69.79704,-19.25063],[-69.79483,-19.24974],[-69.8019,-19.24824],[-69.79122,-19.24789],[-69.7845,-19.24907],[-69.78096,-19.24776],[-69.77528,-19.24503],[-69.77135,-19.24079],[-69.75929,-19.23761],[-69.75257,-19.23364],[-69.75098,-19.23121],[-69.72772,-19.2234],[-69.71236,-19.21232],[-69.68959,-19.20193],[-69.68836,-19.20081],[-69.68893,-19.19934],[-69.69283,-19.19913],[-69.69002,-19.19847],[-69.69116,-19.19782],[-69.69028,-19.19629],[-69.67823,-19.19276],[-69.68215,-19.19121],[-69.67641,-19.18599],[-69.67738,-19.1841],[-69.67239,-19.18083],[-69.67161,-19.17194],[-69.66922,-19.17727],[-69.66966,-19.1723],[-69.66798,-19.17775],[-69.6586,-19.17975],[-69.65277,-19.17954],[-69.6517,-19.17811],[-69.63181,-19.17166]]}},{"id":"4131","type":"Feature","properties":{"ROL":"A-412","NOMBRE_CAMINO":"Cruce Ruta 5 (Huara) - Cruce A-514 (Alto Caleta Buena)","CLASIFICACION":"Camino Regional Comunal","CALZADA":"U","tmda":28.0},"geometry":{"type":"LineString","coordinates":[[-69.91399,-19.95811],[-69.95625,-19.95452],[-69.96404,-19.95239],[-69.96506,-19.95405],[-69.96587,-19.9525],[-69.98,-19.95163],[-69.99787,-19.95979],[-70.01314,-19.94972],[-70.01351,-19.9475],[-70.01902,-19.94103],[-70.02546,-19.94007],[-70.0275,-19.93796],[-70.03074,-19.93838],[-70.03409,-19.93676],[-70.04179,-19.94215],[-70.04821,-19.94365],[-70.07198,-19.94565],[-70.08082,-19.94498],[-70.08282,-19.94654]]}},{"id":"4132","type":"Feature","properties":{"ROL":"A-752","NOMBRE_CAMINO":"Cruce A-750 - Alto Río Loa (Mina Paiquina)","CLASIFICACION":"Camino Regional Comunal","CALZADA":"U","tmda":null},"geometry":{"type":"LineString","coordinates":[[-70.0122,-20.92378],[-70.01762,-20.93661],[-70.02302,-20.95416],[-70.02528,-20.95527],[-70.02878,-20.9617],[-70.03024,-20.96995],[-70.02872,-20.97452]]}},{"id":"4133","type":"Feature","properties":{"ROL":"A-752","NOMBRE_CAMINO":"Cruce A-750 - Alto Río Loa (Mina Paiquina)","CLASIFICACION":"Camino Regional Comunal","CALZADA":"U","tmda":null},"geometry":{"type":"LineString","coordinates":[[-70.02872,-20.97452],[-70.02969,-20.97384],[-70.02865,-20.97888]]}},{"id":"4134","type":"Feature","properties":{"ROL":"A-752","NOMBRE_CAMINO":"Cruce A-750 - Alto Río Loa (Mina Paiquina)","CLASIFICACION":"Camino Regional Comunal","CALZADA":"U","tmda":null},"geometry":{"type":"LineString","coordinates":[[-70.02865,-20.97888],[-70.03765,-20.97792],[-70.04282,-20.98579]]}},{"id":"4135","type":"Feature","properties":{"ROL":"A-752","NOMBRE_CAMINO":"Cruce A-750 - Alto Río Loa (Mina Paiquina)","CLASIFICACION":"Camino Regional Comunal","CALZADA":"U","tmda":null},"geometry":{"type":"LineString","coordinates":[[-70.08078,-21.05386],[-70.08285,-21.06545],[-70.08626,-21.07072]]}},{"id":"4136","type":"Feature","properties":{"ROL":"A-514","NOMBRE_CAMINO":"Cruce A-616 - Alto Caleta Buena","CLASIFICACION":"Camino Regional Comunal (En Proceso de Enrolamiento)","CALZADA":"U","tmda":null},"geometry":{"type":"LineString","coordinates":[[-70.13568,-19.69173],[-70.1384,-19.68209],[-70.14006,-19.68141],[-70.13827,-19.67813],[-70.13927,-19.6767],[-70.14446,-19.67504],[-70.14854,-19.66755],[-70.15116,-19.65932],[-70.15095,-19.65555],[-70.15495,-19.64535],[-70.16743,-19.6269],[-70.17438,-19.62007],[-70.17253,-19.6173],[-70.16899,-19.61658],[-70.15979,-19.60657],[-70.15497,-19.59531],[-70.15436,-19.58123],[-70.1511,-19.57578]]}},{"id":"4137","type":"Feature","properties":{"ROL":"S/R-A-645","NOMBRE_CAMINO":"Cruca A-65- Cruce A-665 (La Tirana)","CLASIFICACION":"Camino Regional Comunal (En Proceso de Enrolamiento)","CALZADA":"U","tmda":null},"geometry":{"type":"LineString","coordinates":[[-69.67413,-20.25239],[-69.66193,-20.31243],[-69.65947,-20.31519],[-69.65856,-20.33112],[-69.66019,-20.33117],[-69.66019,-20.3328],[-69.66193,-20.33411]]}},{"id":"4138","type":"Feature","properties":{"ROL":"S/R-A-652","NOMBRE_CAMINO":"Cruce Ruta 1 - Quinteros","CLASIFICACION":"Camino Regional de Acceso (En Proceso de Enrolamiento)","CALZADA":"U","tmda":null},"geometry":{"type":"LineString","coordinates":[[-70.18449,-20.60334],[-70.19192,-20.60504],[-70.19603,-20.60765],[-70.19761,-20.61021]]}},{"id":"4139","type":"Feature","properties":{"ROL":"S/R-A-654","NOMBRE_CAMINO":"Cruce Ruta 1 - Ñajo","CLASIFICACION":"Camino Regional de Acceso (En Proceso de Enrolamiento)","CALZADA":"U","tmda":null},"geometry":{"type":"LineString","coordinates":[[-70.18089,-20.64088],[-70.18247,-20.6409],[-70.18442,-20.64321],[-70.18402,-20.6463]]}},{"id":"4140","type":"Feature","properties":{"ROL":"S/R-A-656","NOMBRE_CAMINO":"Cruce Ruta 1 - Caramucho - Cruce Ruta 1","CLASIFICACION":"Camino Regional Comunal (En Proceso de Enrolamiento)","CALZADA":"U","tmda":null},"geometry":{"type":"LineString","coordinates":[[-70.18095,-20.66358],[-70.18333,-20.66182],[-70.18094,-20.65877]]}},{"id":"4141","type":"Feature","properties":{"ROL":"S/R-A-660","NOMBRE_CAMINO":"Cruce A-680 (Yape) - Caramucho","CLASIFICACION":"Camino Regional Comunal (En Proceso de Enrolamiento)","CALZADA":"U","tmda":null},"geometry":{"type":"LineString","coordinates":[[-70.19029,-20.67926],[-70.18671,-20.67581],[-70.18448,-20.67047],[-70.18704,-20.66492],[-70.18333,-20.66182]]}},{"id":"4142","type":"Feature","properties":{"ROL":"S/R-A-701","NOMBRE_CAMINO":"Cruce Ruta 5 - Cruce A-703 (Colonia Pintados)","CLASIFICACION":"Camino Regional Comunal (En Proceso de Enrolamiento)","CALZADA":"U","tmda":null},"geometry":{"type":"LineString","coordinates":[[-69.61407,-20.63895],[-69.60039,-20.63539],[-69.59081,-20.6348],[-69.5739,-20.63008]]}},{"id":"4143","type":"Feature","properties":{"ROL":"S/R-A-800","NOMBRE_CAMINO":"Cruce Ruta 1 - Caleta Chipana","CLASIFICACION":"Camino Regional Comunal (En Proceso de Enrolamiento)","CALZADA":"U","tmda":null},"geometry":{"type":"LineString","coordinates":[[-70.08916,-21.34314],[-70.09404,-21.33851]]}},{"id":"4144","type":"Feature","properties":{"ROL":"S/R-A-740","NOMBRE_CAMINO":"Cruce Ruta 1 - Sector San Marcos - Cruce Ruta 1","CLASIFICACION":"Camino Regional Comunal (En Proceso de Enrolamiento)","CALZADA":"U","tmda":null},"geometry":{"type":"LineString","coordinates":[[-70.12302,-21.11599],[-70.12393,-21.11519],[-70.12202,-21.11435]]}},{"id":"4145","type":"Feature","properties":{"ROL":"A-475","NOMBRE_CAMINO":"Cruce Ruta 15 CH (Alto Chusmiza) - Chiapa - Jaiña - Ariquilda - Cruce A-457","CLASIFICACION":"Camino Regional Comunal","CALZADA":"U","tmda":null},"geometry":{"type":"LineString","coordinates":[[-69.50866,-19.62031],[-69.517,-19.62173],[-69.52289,-19.62495],[-69.5345,-19.62802],[-69.54319,-19.62841],[-69.55286,-19.63209],[-69.56267,-19.64041],[-69.57025,-19.64479],[-69.5834,-19.65796],[-69.59885,-19.66575],[-69.60114,-19.66841],[-69.60089,-19.67024],[-69.60313,-19.67029],[-69.60572,-19.6666]]}},{"id":"4146","type":"Feature","properties":{"ROL":"A-475","NOMBRE_CAMINO":"Cruce Ruta 15 CH (Alto Chusmiza) - Chiapa - Jaiña - Ariquilda - Cruce A-457","CLASIFICACION":"Camino Regional Comunal","CALZADA":"U","tmda":133.0},"geometry":{"type":"LineString","coordinates":[[-69.22868,-19.54961],[-69.23119,-19.54863],[-69.23417,-19.5498],[-69.23825,-19.54947],[-69.24393,-19.55245]]}},{"id":"4147","type":"Feature","properties":{"ROL":"A-719","NOMBRE_CAMINO":"Cruce A-715 - Chacarilla","CLASIFICACION":"Camino Regional de Acceso","CALZADA":"U","tmda":null},"geometry":{"type":"LineString","coordinates":[[-69.28119,-20.69643],[-69.28372,-20.69414],[-69.28083,-20.69434],[-69.28442,-20.68845],[-69.28304,-20.68193],[-69.27314,-20.68017],[-69.27152,-20.68085],[-69.26748,-20.67841],[-69.26,-20.67845],[-69.25899,-20.67509],[-69.25074,-20.66999],[-69.23943,-20.67091],[-69.23865,-20.66774],[-69.23238,-20.66198],[-69.23103,-20.65549],[-69.22696,-20.64985],[-69.22342,-20.64182],[-69.21776,-20.63825],[-69.21182,-20.6377]]}},{"id":"4148","type":"Feature","properties":{"ROL":"A-967","NOMBRE_CAMINO":"Cruce A-97-B (Ruta Andina) - Salar de Huasco - Cruce A-97-B (Ruta Andina)","CLASIFICACION":"Camino Regional Comunal","CALZADA":"U","tmda":null},"geometry":{"type":"LineString","coordinates":[[-68.84981,-20.33935],[-68.84544,-20.33837],[-68.83191,-20.34112],[-68.82343,-20.34132],[-68.81739,-20.34036],[-68.80924,-20.33581],[-68.80303,-20.32412],[-68.79698,-20.30665],[-68.79773,-20.29659],[-68.80717,-20.28005],[-68.81139,-20.27703],[-68.81594,-20.27051],[-68.81604,-20.26707],[-68.81291,-20.25755],[-68.81257,-20.25066],[-68.82393,-20.21873],[-68.83041,-20.20638]]}},{"id":"4149","type":"Feature","properties":{"ROL":"A-563","NOMBRE_CAMINO":"Cruce A-555 (Alto Poroma) - Poroma - Coscaya","CLASIFICACION":"Camino Regional Comunal","CALZADA":"U","tmda":null},"geometry":{"type":"LineString","coordinates":[[-69.18975,-19.88222],[-69.18472,-19.8805],[-69.19048,-19.87981],[-69.19383,-19.87627],[-69.1863,-19.87713],[-69.18526,-19.8733]]}},{"id":"4391","type":"Feature","properties":{"ROL":"S/R-A-735","NOMBRE_CAMINO":"Cruce A-665 (Matilla) - Valle de Quisma","CLASIFICACION":"Camino Regional Comunal (En Proceso de Enrolamiento)","CALZADA":"U","tmda":null},"geometry":{"type":"LineString","coordinates":[[-69.34889,-20.50424],[-69.34502,-20.51428],[-69.34643,-20.51643]]}},{"id":"4392","type":"Feature","properties":{"ROL":"S/R-A-670","NOMBRE_CAMINO":"Cruce A-690 (Chanavayita) - Cruce A-680 (Yape)","CLASIFICACION":"Camino Regional Comunal (En Proceso de Enrolamiento)","CALZADA":"U","tmda":null},"geometry":{"type":"LineString","coordinates":[[-70.18654,-20.70269],[-70.18804,-20.70245],[-70.18859,-20.69994],[-70.18708,-20.69952],[-70.18633,-20.69655],[-70.18652,-20.68691],[-70.1885,-20.68121],[-70.1905,-20.6793]]}},{"id":"4393","type":"Feature","properties":{"ROL":"A-487","NOMBRE_CAMINO":"Cruce Ruta 15 CH (Quetaine) - Mauque - Latarani - Cruce A-95 (Pasirijo)","CLASIFICACION":"Camino Regional Comunal","CALZADA":"U","tmda":null},"geometry":{"type":"LineString","coordinates":[[-68.86179,-19.47014],[-68.85903,-19.45601],[-68.84924,-19.42935],[-68.84877,-19.42351],[-68.85262,-19.41042],[-68.85117,-19.40075],[-68.85543,-19.3956],[-68.86036,-19.38363],[-68.86639,-19.37903],[-68.86691,-19.37624],[-68.87135,-19.3726],[-68.8677,-19.36216],[-68.86131,-19.35917],[-68.85987,-19.35451],[-68.87851,-19.32597]]}},{"id":"6131","type":"Feature","properties":{"ROL":"A-45","NOMBRE_CAMINO":"Cruce Ruta 5 - Camiña - Alto Altuza - Alpajeres - Cruce A-95 (Ruta Andina)","CLASIFICACION":"Camino Regional Principal","CALZADA":"U","tmda":null},"geometry":{"type":"LineString","coordinates":[[-69.427,-19.31095],[-69.4227,-19.30981],[-69.41923,-19.31091],[-69.41354,-19.30878],[-69.41557,-19.30709],[-69.41393,-19.30606],[-69.41122,-19.30734],[-69.40836,-19.30307],[-69.40461,-19.30176],[-69.39915,-19.29688],[-69.39408,-19.29736],[-69.39301,-19.29626],[-69.3951,-19.29683],[-69.40108,-19.2945],[-69.39547,-19.29519],[-69.39235,-19.29088],[-69.39556,-19.29233],[-69.39314,-19.28901],[-69.39621,-19.29168],[-69.39409,-19.28866],[-69.39732,-19.29126],[-69.40327,-19.2905],[-69.40048,-19.28789],[-69.39836,-19.28759],[-69.39824,-19.28526],[-69.39331,-19.27741],[-69.38483,-19.27216],[-69.37881,-19.26339],[-69.37905,-19.25775],[-69.37721,-19.2492],[-69.38396,-19.23603],[-69.38594,-19.22837],[-69.3726,-19.20051],[-69.36772,-19.19706],[-69.34244,-19.18656],[-69.33758,-19.18268],[-69.33126,-19.18103],[-69.33035,-19.17827],[-69.32744,-19.17823],[-69.32477,-19.17584],[-69.32124,-19.17508],[-69.3184,-19.17194],[-69.3143,-19.17241]]}},{"id":"6132","type":"Feature","properties":{"ROL":"A-45","NOMBRE_CAMINO":"Cruce Ruta 5 - Camiña - Alto Altuza - Alpajeres - Cruce A-95 (Ruta Andina)","CLASIFICACION":"Camino Regional Principal","CALZADA":"U","tmda":null},"geometry":{"type":"LineString","coordinates":[[-69.21352,-19.12457],[-69.19087,-19.12015],[-69.18642,-19.11661],[-69.18133,-19.11501],[-69.17156,-19.11623],[-69.17367,-19.11921],[-69.1735,-19.12196],[-69.17029,-19.11792]]}},{"id":"6133","type":"Feature","properties":{"ROL":"A-97-B","NOMBRE_CAMINO":"Ruta Andina, Sector: Límite Regional - Cruce Ruta 15 CH (Escapiña)","CLASIFICACION":"Camino Regional Principal","CALZADA":"U","tmda":null},"geometry":{"type":"LineString","coordinates":[[-68.85299,-20.39464],[-68.85152,-20.38014],[-68.84843,-20.37479],[-68.84448,-20.37204],[-68.8424,-20.36885],[-68.84698,-20.35423],[-68.84634,-20.34562],[-68.84999,-20.34066],[-68.85001,-20.33832],[-68.8528,-20.33336],[-68.86275,-20.32766],[-68.86928,-20.32097],[-68.8828,-20.31564],[-68.88647,-20.31303],[-68.89102,-20.30496],[-68.89323,-20.29611],[-68.889,-20.27932],[-68.87397,-20.26034],[-68.8714,-20.2524],[-68.86012,-20.24302],[-68.85467,-20.24242],[-68.85214,-20.23912],[-68.84701,-20.2376],[-68.83549,-20.23048],[-68.83173,-20.21965],[-68.83019,-20.18703]]}},{"id":"6134","type":"Feature","properties":{"ROL":"A-97-B","NOMBRE_CAMINO":"Ruta Andina, Sector: Límite Regional - Cruce Ruta 15 CH (Escapiña)","CLASIFICACION":"Camino Regional Principal","CALZADA":"U","tmda":null},"geometry":{"type":"LineString","coordinates":[[-68.8189,-20.09365],[-68.81925,-20.08929],[-68.81522,-20.07867],[-68.81346,-20.06769],[-68.80752,-20.05229],[-68.81101,-20.04777],[-68.81927,-20.04329],[-68.83296,-20.03925],[-68.82539,-20.03691],[-68.82078,-20.03199],[-68.81942,-20.0286],[-68.80053,-20.01853],[-68.7989,-20.01411],[-68.80313,-20.00654]]}},{"id":"6135","type":"Feature","properties":{"ROL":"A-97-B","NOMBRE_CAMINO":"Ruta Andina, Sector: Límite Regional - Cruce Ruta 15 CH (Escapiña)","CLASIFICACION":"Camino Regional Principal","CALZADA":"U","tmda":null},"geometry":{"type":"LineString","coordinates":[[-68.8227,-19.96142],[-68.82496,-19.95953],[-68.82935,-19.95159],[-68.82566,-19.94501],[-68.82535,-19.92579]]}},{"id":"6136","type":"Feature","properties":{"ROL":"A-685","NOMBRE_CAMINO":"Cruce A-65 - Pica","CLASIFICACION":"Camino Regional Provincial","CALZADA":"U","tmda":null},"geometry":{"type":"LineString","coordinates":[[-68.961,-20.33027],[-68.9686,-20.33426],[-68.97637,-20.34178],[-68.9917,-20.3475],[-68.99459,-20.34973],[-69.02073,-20.35843],[-69.03273,-20.36587],[-69.04734,-20.37056],[-69.06138,-20.37835],[-69.07296,-20.38212],[-69.0747,-20.38128],[-69.07517,-20.38508],[-69.07797,-20.38758],[-69.08992,-20.38886],[-69.09091,-20.38762],[-69.09311,-20.38929],[-69.09694,-20.38956],[-69.10339,-20.38771],[-69.1097,-20.38995],[-69.11121,-20.38904],[-69.11406,-20.39085],[-69.11659,-20.38869],[-69.12035,-20.39],[-69.12187,-20.39307]]}},{"id":"6137","type":"Feature","properties":{"ROL":"A-363","NOMBRE_CAMINO":"Cruce A-375 - Miñi Miñe","CLASIFICACION":"Camino Regional de Acceso","CALZADA":"U","tmda":null},"geometry":{"type":"LineString","coordinates":[[-69.675,-19.18257],[-69.67949,-19.18361],[-69.68216,-19.18224],[-69.68512,-19.18362]]}},{"id":"6138","type":"Feature","properties":{"ROL":"A-457","NOMBRE_CAMINO":"Cruce Ruta 5 (Negreiros) - Soga","CLASIFICACION":"Camino Regional Comunal","CALZADA":"U","tmda":null},"geometry":{"type":"LineString","coordinates":[[-69.65255,-19.74786],[-69.63945,-19.7259]]}},{"id":"6139","type":"Feature","properties":{"ROL":"A-555","NOMBRE_CAMINO":"Cruce Ruta 15 CH (Alto Pachica) - Badén Carora - Pachica - Poroma - Cruce A-97-B (Ruta Andina)","CLASIFICACION":"Camino Regional Provincial","CALZADA":"U","tmda":null},"geometry":{"type":"LineString","coordinates":[[-69.42953,-19.86869],[-69.42589,-19.87393],[-69.42382,-19.87318],[-69.42531,-19.86976],[-69.42341,-19.87105],[-69.41905,-19.86778],[-69.41377,-19.86803],[-69.41122,-19.86576],[-69.40834,-19.86814],[-69.40145,-19.8675],[-69.39405,-19.87166],[-69.39226,-19.87017],[-69.39425,-19.8721],[-69.402,-19.86988],[-69.40729,-19.87121],[-69.40182,-19.87112],[-69.38461,-19.88035],[-69.38326,-19.87958],[-69.38143,-19.88119],[-69.38039,-19.88047],[-69.37838,-19.88209],[-69.37543,-19.88218],[-69.37462,-19.88327],[-69.37559,-19.88377],[-69.37376,-19.88405],[-69.37229,-19.88638],[-69.37011,-19.88483],[-69.35461,-19.88404],[-69.33295,-19.88653],[-69.32356,-19.88545],[-69.31682,-19.88247],[-69.31041,-19.88143],[-69.29157,-19.88309],[-69.27034,-19.88199],[-69.25337,-19.88314],[-69.24257,-19.88047],[-69.23401,-19.87653],[-69.22164,-19.87424],[-69.21481,-19.87554],[-69.20859,-19.87901],[-69.19688,-19.87938],[-69.19299,-19.88173],[-69.17963,-19.8847]]}},{"id":"6140","type":"Feature","properties":{"ROL":"A-953","NOMBRE_CAMINO":"Cruce A-97-B (Cariquima) - Salar de Coipasa","CLASIFICACION":"Camino Regional Comunal","CALZADA":"U","tmda":null},"geometry":{"type":"LineString","coordinates":[[-68.64177,-19.46416],[-68.63129,-19.44662]]}},{"id":"6141","type":"Feature","properties":{"ROL":"A-957","NOMBRE_CAMINO":"Cruce A-97-B (Cariquima) - Chijo","CLASIFICACION":"Camino Regional de Acceso","CALZADA":"U","tmda":null},"geometry":{"type":"LineString","coordinates":[[-68.64429,-19.46858],[-68.63582,-19.46372],[-68.6193,-19.45727],[-68.60508,-19.45363],[-68.60059,-19.45465],[-68.59631,-19.45399],[-68.58692,-19.44878],[-68.58018,-19.44418],[-68.58025,-19.44319]]}},{"id":"6142","type":"Feature","properties":{"ROL":"A-963","NOMBRE_CAMINO":"Cruce A-97-B (Collacagua) - Cancosa - Paso Apacheta de Irpa o Cancosa","CLASIFICACION":"Camino Regional Comunal","CALZADA":"U","tmda":null},"geometry":{"type":"LineString","coordinates":[[-68.60645,-19.86589],[-68.61016,-19.86017],[-68.6036,-19.85869]]}},{"id":"6143","type":"Feature","properties":{"ROL":"A-469","NOMBRE_CAMINO":"Cruce A-45 (Camiña) - Apamilca - Cruce A-45","CLASIFICACION":"Camino Regional Comunal","CALZADA":"U","tmda":null},"geometry":{"type":"LineString","coordinates":[[-69.42704,-19.31097],[-69.42683,-19.31321],[-69.42413,-19.31291],[-69.42154,-19.31437],[-69.4192,-19.31338],[-69.40896,-19.31703],[-69.39546,-19.31117],[-69.39201,-19.3109],[-69.39317,-19.30969],[-69.3902,-19.30854],[-69.38991,-19.30231],[-69.3907,-19.30026],[-69.39377,-19.30564],[-69.39371,-19.30231],[-69.39533,-19.30052]]}},{"id":"6144","type":"Feature","properties":{"ROL":"A-725","NOMBRE_CAMINO":"Cruce A-755 (Matilla) - Cruce A-715 (Puquio de Núñez)","CLASIFICACION":"Camino Regional Comunal","CALZADA":"U","tmda":null},"geometry":{"type":"LineString","coordinates":[[-69.37931,-20.51055],[-69.36538,-20.52409],[-69.35888,-20.53285],[-69.35464,-20.54274],[-69.35503,-20.56985],[-69.35162,-20.60235],[-69.35288,-20.60514],[-69.36162,-20.60921]]}},{"id":"6145","type":"Feature","properties":{"ROL":"A-475","NOMBRE_CAMINO":"Cruce Ruta 15 CH (Alto Chusmiza) - Chiapa - Jaiña - Ariquilda - Cruce A-457","CLASIFICACION":"Camino Regional Comunal","CALZADA":"U","tmda":133.0},"geometry":{"type":"LineString","coordinates":[[-69.20315,-19.69286],[-69.20426,-19.69127],[-69.20328,-19.69023],[-69.195,-19.68589],[-69.19994,-19.68359],[-69.19734,-19.68264],[-69.19566,-19.67973],[-69.19562,-19.6823],[-69.19456,-19.68204],[-69.19486,-19.68061],[-69.19038,-19.67329],[-69.19252,-19.67235],[-69.19304,-19.66994],[-69.19165,-19.66673],[-69.19293,-19.66602],[-69.18975,-19.66252],[-69.19161,-19.66136],[-69.19402,-19.65502],[-69.19055,-19.6532],[-69.18671,-19.65302],[-69.18749,-19.6496],[-69.1648,-19.63655],[-69.15993,-19.62995],[-69.1647,-19.62021],[-69.16581,-19.61969],[-69.16643,-19.62187],[-69.16885,-19.6194],[-69.1711,-19.61643],[-69.16844,-19.61677],[-69.17521,-19.60781],[-69.17933,-19.60816],[-69.18334,-19.60644],[-69.18437,-19.60259],[-69.18639,-19.60428],[-69.18857,-19.60375],[-69.19563,-19.60591],[-69.19342,-19.59955],[-69.19531,-19.59772],[-69.19554,-19.59538],[-69.19573,-19.59674],[-69.19744,-19.59542],[-69.19697,-19.59704],[-69.1987,-19.59575],[-69.19683,-19.5927],[-69.20083,-19.59041],[-69.19924,-19.58903],[-69.19882,-19.58566],[-69.20602,-19.57869],[-69.20444,-19.57629],[-69.20626,-19.57569],[-69.20847,-19.57244],[-69.20792,-19.56748],[-69.20055,-19.56385],[-69.20058,-19.56257],[-69.19892,-19.56187],[-69.19911,-19.55977],[-69.19661,-19.55865],[-69.20111,-19.55924],[-69.19824,-19.55741],[-69.19674,-19.55405],[-69.1976,-19.54908],[-69.19864,-19.54786],[-69.20195,-19.54838],[-69.20487,-19.54535],[-69.20598,-19.54557],[-69.20571,-19.54445],[-69.20753,-19.54505],[-69.20556,-19.54241],[-69.20733,-19.54338],[-69.2068,-19.53638],[-69.20862,-19.53891],[-69.21167,-19.53804],[-69.21608,-19.53878],[-69.22343,-19.54319],[-69.22423,-19.5443],[-69.22224,-19.54599],[-69.22373,-19.54737],[-69.22001,-19.54831],[-69.22436,-19.54967],[-69.22358,-19.55242],[-69.22868,-19.54961]]}},{"id":"6146","type":"Feature","properties":{"ROL":"A-489","NOMBRE_CAMINO":"Cruce A-45 (Alpajeres) - Termas de Berenguela","CLASIFICACION":"Camino Regional Comunal","CALZADA":"U","tmda":null},"geometry":{"type":"LineString","coordinates":[[-69.26891,-19.14428],[-69.2677,-19.14548],[-69.26514,-19.14517],[-69.2643,-19.1466],[-69.26651,-19.1565]]}},{"id":"6147","type":"Feature","properties":{"ROL":"A-949","NOMBRE_CAMINO":"Cruce A-97-B (Ruta Andina) - Ancovinto","CLASIFICACION":"Camino Regional Comunal","CALZADA":"U","tmda":null},"geometry":{"type":"LineString","coordinates":[[-68.65528,-19.39358],[-68.652,-19.39472],[-68.64837,-19.4001],[-68.63372,-19.40564],[-68.60905,-19.40591]]}},{"id":"6148","type":"Feature","properties":{"ROL":"A-949","NOMBRE_CAMINO":"Cruce A-97-B (Ruta Andina) - Ancovinto","CLASIFICACION":"Camino Regional Comunal","CALZADA":"U","tmda":null},"geometry":{"type":"LineString","coordinates":[[-68.60058,-19.40438],[-68.59217,-19.40335]]}},{"id":"6149","type":"Feature","properties":{"ROL":"A-565","NOMBRE_CAMINO":"Cruce Ruta 15 CH (Alto Huarasiña) - Tarapacá - Cruce A-555 (Badén Carora)","CLASIFICACION":"Camino Regional Comunal","CALZADA":"U","tmda":143.0},"geometry":{"type":"LineString","coordinates":[[-69.5227,-19.93648],[-69.5165,-19.93431],[-69.51252,-19.92478],[-69.51061,-19.92568],[-69.50846,-19.9242],[-69.50588,-19.92497]]}},{"id":"6150","type":"Feature","properties":{"ROL":"A-575","NOMBRE_CAMINO":"Cruce A-565 - Huarasiña","CLASIFICACION":"Camino Regional de Acceso","CALZADA":"U","tmda":null},"geometry":{"type":"LineString","coordinates":[[-69.53891,-19.94859],[-69.5417,-19.95136]]}},{"id":"6151","type":"Feature","properties":{"ROL":"A-961","NOMBRE_CAMINO":"Cruce A-97-B (Ruta Andina) - Cruce A-963 (Cancosa)","CLASIFICACION":"Camino Regional Comunal","CALZADA":"U","tmda":null},"geometry":{"type":"LineString","coordinates":[[-68.76637,-19.82447],[-68.76331,-19.81981],[-68.7636,-19.81813],[-68.76093,-19.81655],[-68.74153,-19.82075],[-68.73748,-19.82324],[-68.73128,-19.82394],[-68.72556,-19.82682],[-68.72352,-19.8238],[-68.72567,-19.82442],[-68.72839,-19.81803],[-68.72235,-19.82071],[-68.71694,-19.81952],[-68.7141,-19.82243],[-68.69909,-19.82982],[-68.69616,-19.83335],[-68.69405,-19.83942],[-68.69155,-19.84089],[-68.68751,-19.84084],[-68.67642,-19.84922],[-68.6632,-19.85219],[-68.64688,-19.85976],[-68.63978,-19.8618],[-68.61129,-19.86245],[-68.6101,-19.86013]]}},{"id":"6152","type":"Feature","properties":{"ROL":"A-625","NOMBRE_CAMINO":"Cruce A-651 (Tambillo) - Cruce A-629 (Alto Imagua)","CLASIFICACION":"Camino Regional Comunal","CALZADA":"U","tmda":null},"geometry":{"type":"LineString","coordinates":[[-69.3729,-20.21104],[-69.37014,-20.20859],[-69.36537,-20.20002],[-69.35762,-20.1958]]}},{"id":"6153","type":"Feature","properties":{"ROL":"A-361","NOMBRE_CAMINO":"Cruce A-375 - By Pass Miñi Miñe - Cruce A-375","CLASIFICACION":"Camino Regional Comunal","CALZADA":"U","tmda":null},"geometry":{"type":"LineString","coordinates":[[-69.68906,-19.20161],[-69.6849,-19.19853],[-69.67835,-19.19646],[-69.6721,-19.19691],[-69.66342,-19.19325],[-69.66168,-19.1899],[-69.65985,-19.18901],[-69.64603,-19.18654],[-69.63879,-19.1837],[-69.63234,-19.17518],[-69.63148,-19.17155]]}},{"id":"6154","type":"Feature","properties":{"ROL":"A-367","NOMBRE_CAMINO":"Cruce A-375 (Suca) - Liga","CLASIFICACION":"Camino Regional de Acceso","CALZADA":"U","tmda":null},"geometry":{"type":"LineString","coordinates":[[-69.79558,-19.26516],[-69.79894,-19.26392],[-69.8065,-19.26516],[-69.82747,-19.26061],[-69.83248,-19.26081],[-69.84632,-19.25517],[-69.85076,-19.25128],[-69.85712,-19.25136],[-69.86391,-19.24913],[-69.8668,-19.25004],[-69.86848,-19.2483],[-69.87669,-19.24791],[-69.88133,-19.2447],[-69.88297,-19.24538]]}},{"id":"6155","type":"Feature","properties":{"ROL":"A-369","NOMBRE_CAMINO":"Cruce A-375 - La Hacienda - Cruce A-375 (Suca)","CLASIFICACION":"Camino Regional Comunal","CALZADA":"U","tmda":null},"geometry":{"type":"LineString","coordinates":[[-69.80071,-19.27659],[-69.79189,-19.27883],[-69.78935,-19.2763],[-69.78129,-19.28003],[-69.77917,-19.27991],[-69.78186,-19.27501],[-69.78323,-19.27647],[-69.78496,-19.27621],[-69.78563,-19.2747],[-69.78668,-19.27522],[-69.78759,-19.27363],[-69.79117,-19.27279],[-69.7943,-19.26911]]}},{"id":"6156","type":"Feature","properties":{"ROL":"A-703","NOMBRE_CAMINO":"Cruce A-755 - Salar de Pintados","CLASIFICACION":"Camino Regional Comunal","CALZADA":"U","tmda":null},"geometry":{"type":"LineString","coordinates":[[-69.57735,-20.62145],[-69.57382,-20.63025]]}},{"id":"6157","type":"Feature","properties":{"ROL":"A-715","NOMBRE_CAMINO":"Cruce A-755 - Quebrada del Salado (Valle de Los Dinosaurios)","CLASIFICACION":"Camino Regional Comunal","CALZADA":"U","tmda":null},"geometry":{"type":"LineString","coordinates":[[-69.44856,-20.55232],[-69.43997,-20.55971],[-69.43351,-20.56346],[-69.42328,-20.568],[-69.41643,-20.56926],[-69.41112,-20.57373],[-69.40071,-20.57846],[-69.40068,-20.5815],[-69.3942,-20.59073],[-69.37764,-20.60142],[-69.37254,-20.60724],[-69.36378,-20.61164],[-69.36374,-20.61912],[-69.35868,-20.62574],[-69.34753,-20.63432],[-69.34485,-20.63935],[-69.33987,-20.64236],[-69.33115,-20.65299],[-69.31998,-20.6606]]}},{"id":"6158","type":"Feature","properties":{"ROL":"A-375","NOMBRE_CAMINO":"Cruce Ruta 5 (Alto Chiza) - Suca - Miñi Miñe - Miñita","CLASIFICACION":"Camino Regional Comunal","CALZADA":"U","tmda":null},"geometry":{"type":"LineString","coordinates":[[-69.63181,-19.17166],[-69.6161,-19.16662],[-69.61169,-19.16765],[-69.59451,-19.16246],[-69.5898,-19.15943],[-69.58816,-19.15391],[-69.58478,-19.15009],[-69.58658,-19.14966],[-69.58682,-19.14767],[-69.59249,-19.13962],[-69.59824,-19.13324],[-69.5963,-19.12853],[-69.59847,-19.12728],[-69.60238,-19.12768],[-69.60558,-19.12472],[-69.60766,-19.1248],[-69.61237,-19.11821],[-69.61585,-19.11879],[-69.61815,-19.11527],[-69.61734,-19.11274],[-69.61838,-19.10812],[-69.61562,-19.10445],[-69.60521,-19.09853],[-69.60291,-19.09477],[-69.59686,-19.09128]]}},{"id":"6159","type":"Feature","properties":{"ROL":"A-700","NOMBRE_CAMINO":"Cruce Ruta 5 - Estación FF.CC. - Geoglifos Pintados","CLASIFICACION":"Camino Regional de Acceso","CALZADA":"U","tmda":95.0},"geometry":{"type":"LineString","coordinates":[[-69.62122,-20.6157],[-69.63243,-20.61989],[-69.63552,-20.62249],[-69.64425,-20.62399],[-69.66168,-20.62309]]}},{"id":"6160","type":"Feature","properties":{"ROL":"A-95","NOMBRE_CAMINO":"Ruta Andina, Sector: Cruce Ruta 15 CH (Escapiña) - Límite Regional","CLASIFICACION":"Camino Regional Principal","CALZADA":"U","tmda":null},"geometry":{"type":"LineString","coordinates":[[-68.6752,-19.27799],[-68.68254,-19.2737],[-68.68334,-19.2691],[-68.68767,-19.26905],[-68.69642,-19.26156],[-68.70257,-19.26085],[-68.70596,-19.25614],[-68.71749,-19.25395],[-68.73484,-19.24422],[-68.73915,-19.24121],[-68.74131,-19.23569],[-68.75826,-19.22506],[-68.78588,-19.23013],[-68.7908,-19.23204],[-68.79708,-19.23153],[-68.80268,-19.22897],[-68.81026,-19.2294],[-68.81752,-19.22711],[-68.82543,-19.22936],[-68.82953,-19.22629],[-68.83568,-19.22784],[-68.83944,-19.22509],[-68.84072,-19.22224],[-68.84391,-19.22141],[-68.86135,-19.22199],[-68.86493,-19.22084],[-68.87298,-19.21442],[-68.88086,-19.19841],[-68.88572,-19.20183],[-68.89656,-19.19657],[-68.89827,-19.19385],[-68.90257,-19.19315],[-68.91117,-19.18887],[-68.91987,-19.17852],[-68.92112,-19.17538],[-68.92537,-19.17142],[-68.92979,-19.16973],[-68.93048,-19.1678],[-68.92831,-19.14986],[-68.92956,-19.13072]]}},{"id":"6161","type":"Feature","properties":{"ROL":"A-485","NOMBRE_CAMINO":"Cruce A-487 - Termas Puchuldiza","CLASIFICACION":"Camino Regional de Acceso","CALZADA":"U","tmda":null},"geometry":{"type":"LineString","coordinates":[[-68.87121,-19.37284],[-68.88878,-19.36278],[-68.89512,-19.35543],[-68.89989,-19.35658]]}},{"id":"6162","type":"Feature","properties":{"ROL":"S/R-A-459","NOMBRE_CAMINO":"Cruce A-469 - Altuza","CLASIFICACION":"Camino Regional de Acceso (En Proceso de Enrolamiento)","CALZADA":"U","tmda":null},"geometry":{"type":"LineString","coordinates":[[-69.39065,-19.30025],[-69.38824,-19.29405]]}},{"id":"6163","type":"Feature","properties":{"ROL":"S/R-A-479","NOMBRE_CAMINO":"Cruce A-469 (Apamilca) - Cruce A-489","CLASIFICACION":"Camino Regional Comunal (En Proceso de Enrolamiento)","CALZADA":"U","tmda":null},"geometry":{"type":"LineString","coordinates":[[-69.39296,-19.31001],[-69.38134,-19.31394],[-69.37729,-19.31068],[-69.37811,-19.31414],[-69.36971,-19.31152],[-69.36896,-19.31201],[-69.37134,-19.31386],[-69.36911,-19.31437],[-69.36364,-19.30911],[-69.36127,-19.31062],[-69.36107,-19.3159],[-69.35935,-19.3175],[-69.36044,-19.31607],[-69.35801,-19.31252]]}},{"id":"6236","type":"Feature","properties":{"ROL":"A-487","NOMBRE_CAMINO":"Cruce Ruta 15 CH (Quetaine) - Mauque - Latarani - Cruce A-95 (Pasirijo)","CLASIFICACION":"Camino Regional Comunal","CALZADA":"U","tmda":null},"geometry":{"type":"LineString","coordinates":[[-68.87851,-19.32597],[-68.88053,-19.32121],[-68.87712,-19.31968],[-68.87905,-19.31926],[-68.88111,-19.31108],[-68.88872,-19.29852],[-68.88891,-19.29181],[-68.90366,-19.27569],[-68.90487,-19.27348],[-68.90421,-19.27194],[-68.90732,-19.2704],[-68.91363,-19.25827],[-68.92166,-19.25901],[-68.93312,-19.25733],[-68.95434,-19.2566],[-68.95743,-19.25517],[-68.96497,-19.24476],[-68.9634,-19.2383],[-68.95503,-19.21968],[-68.9592,-19.21123],[-68.95699,-19.20708],[-68.95188,-19.2056],[-68.94774,-19.18381],[-68.93855,-19.17234],[-68.93764,-19.16713],[-68.93059,-19.15348],[-68.93147,-19.15062],[-68.93,-19.15122],[-68.92852,-19.14701]]}},{"id":"9893","type":"Feature","properties":{"ROL":"A-456","NOMBRE_CAMINO":"Cruce Ruta 5 (Negreiros) - Dolores - Cruce A-40","CLASIFICACION":"Camino Regional Comunal","CALZADA":"U","tmda":null},"geometry":{"type":"LineString","coordinates":[[-69.80481,-19.85979],[-69.82558,-19.87072],[-69.83367,-19.86723],[-69.83896,-19.86676],[-69.84872,-19.85893],[-69.85643,-19.8318],[-69.86245,-19.81908]]}},{"id":"9894","type":"Feature","properties":{"ROL":"A-456","NOMBRE_CAMINO":"Cruce Ruta 5 (Negreiros) - Dolores - Cruce A-40","CLASIFICACION":"Camino Regional Comunal","CALZADA":"U","tmda":null},"geometry":{"type":"LineString","coordinates":[[-69.86245,-19.81908],[-69.89481,-19.74214],[-69.9121,-19.72559],[-69.94456,-19.6794],[-69.9518,-19.66182]]}},{"id":"9895","type":"Feature","properties":{"ROL":"A-456","NOMBRE_CAMINO":"Cruce Ruta 5 (Negreiros) - Dolores - Cruce A-40","CLASIFICACION":"Camino Regional Comunal","CALZADA":"U","tmda":null},"geometry":{"type":"LineString","coordinates":[[-69.9518,-19.66182],[-69.96445,-19.6409],[-69.96229,-19.63988],[-69.95895,-19.62532],[-69.95745,-19.61563],[-69.95814,-19.6037]]}},{"id":"9896","type":"Feature","properties":{"ROL":"A-780","NOMBRE_CAMINO":"Cruce Ruta 5 (Escalerilla) - Cruce A-752","CLASIFICACION":"Camino Regional Comunal","CALZADA":"U","tmda":null},"geometry":{"type":"LineString","coordinates":[[-69.64205,-21.02224],[-69.6442,-21.02017],[-69.64942,-21.03176],[-69.6477,-21.05805],[-69.65025,-21.06881],[-69.64914,-21.07313],[-69.64969,-21.07444],[-69.65282,-21.07546],[-69.65502,-21.08727],[-69.67055,-21.09868],[-69.6827,-21.10559],[-69.68909,-21.10524],[-69.69331,-21.10736],[-69.70348,-21.10955],[-69.71354,-21.11425],[-69.73297,-21.11931],[-69.73682,-21.12228],[-69.74056,-21.12257],[-69.75347,-21.12763]]}},{"id":"9897","type":"Feature","properties":{"ROL":"A-780","NOMBRE_CAMINO":"Cruce Ruta 5 (Escalerilla) - Cruce A-752","CLASIFICACION":"Camino Regional Comunal","CALZADA":"U","tmda":null},"geometry":{"type":"LineString","coordinates":[[-69.75347,-21.12763],[-69.76546,-21.1338],[-69.76815,-21.13679],[-69.77148,-21.14517],[-69.77693,-21.15035],[-69.77888,-21.15565],[-69.78762,-21.16435],[-69.80186,-21.17187],[-69.84231,-21.20368],[-69.86513,-21.21542],[-69.87166,-21.22278],[-69.91999,-21.22624],[-69.93217,-21.22639],[-69.94215,-21.22474],[-69.94892,-21.22808],[-69.96705,-21.23236],[-69.97292,-21.229],[-69.97851,-21.2289],[-69.98376,-21.22235],[-69.98769,-21.21118],[-69.99743,-21.19952],[-69.99998,-21.19868]]}},{"id":"9898","type":"Feature","properties":{"ROL":"A-855","NOMBRE_CAMINO":"Cruce Ruta 5 (Salar de Llamara) - Tamentica - Huatacondo - Copaquiri - Quebrada Blanca - Cruce A-97-B (Ruta Andina)","CLASIFICACION":"Camino Regional Comunal","CALZADA":"U","tmda":null},"geometry":{"type":"LineString","coordinates":[[-69.24243,-20.9871],[-69.23769,-20.98684],[-69.22557,-20.98324],[-69.20778,-20.97599],[-69.19552,-20.97279],[-69.18638,-20.96835],[-69.17352,-20.96492],[-69.16524,-20.95983],[-69.15643,-20.95187],[-69.15264,-20.94376],[-69.14035,-20.93642],[-69.13033,-20.9331],[-69.11895,-20.93123],[-69.09987,-20.93188],[-69.09666,-20.9274],[-69.08681,-20.92332],[-69.08501,-20.92433],[-69.08327,-20.92325],[-69.0788,-20.92411]]}},{"id":"9899","type":"Feature","properties":{"ROL":"A-855","NOMBRE_CAMINO":"Cruce Ruta 5 (Salar de Llamara) - Tamentica - Huatacondo - Copaquiri - Quebrada Blanca - Cruce A-97-B (Ruta Andina)","CLASIFICACION":"Camino Regional Comunal","CALZADA":"U","tmda":null},"geometry":{"type":"LineString","coordinates":[[-69.0788,-20.92411],[-69.0743,-20.92392],[-69.07135,-20.92715],[-69.06324,-20.92905],[-69.06022,-20.92865],[-69.05727,-20.92632],[-69.05405,-20.92726],[-69.05101,-20.92528],[-69.04241,-20.92393],[-69.03545,-20.92591],[-69.02692,-20.93116],[-69.02084,-20.93137],[-69.01648,-20.93425],[-69.01256,-20.93404],[-69.00498,-20.93942],[-69.00024,-20.94015],[-68.99512,-20.94332]]}},{"id":"9900","type":"Feature","properties":{"ROL":"A-855","NOMBRE_CAMINO":"Cruce Ruta 5 (Salar de Llamara) - Tamentica - Huatacondo - Copaquiri - Quebrada Blanca - Cruce A-97-B (Ruta Andina)","CLASIFICACION":"Camino Regional Comunal","CALZADA":"U","tmda":null},"geometry":{"type":"LineString","coordinates":[[-68.88792,-20.92839],[-68.88489,-20.92905],[-68.8784,-20.92538],[-68.87175,-20.92892],[-68.86795,-20.93566],[-68.86606,-20.9438],[-68.86631,-20.94924],[-68.86417,-20.95339],[-68.86404,-20.9594],[-68.86205,-20.96157],[-68.85908,-20.96127],[-68.85417,-20.96456],[-68.84903,-20.97669],[-68.84469,-20.98004],[-68.84213,-20.98481],[-68.83769,-20.98577],[-68.83066,-20.97721],[-68.82617,-20.97495],[-68.82228,-20.97945],[-68.80228,-20.98054],[-68.79552,-20.98384],[-68.78531,-20.98309],[-68.77899,-20.98663],[-68.77063,-20.99424],[-68.77606,-20.99874],[-68.77694,-21.00219],[-68.77206,-21.00876],[-68.77157,-21.0151]]}},{"id":"9901","type":"Feature","properties":{"ROL":"A-855","NOMBRE_CAMINO":"Cruce Ruta 5 (Salar de Llamara) - Tamentica - Huatacondo - Copaquiri - Quebrada Blanca - Cruce A-97-B (Ruta Andina)","CLASIFICACION":"Camino Regional Comunal","CALZADA":"U","tmda":null},"geometry":{"type":"LineString","coordinates":[[-68.91976,-20.92933],[-68.91594,-20.93114],[-68.90856,-20.93162],[-68.90371,-20.92671],[-68.89879,-20.92902],[-68.89624,-20.9279],[-68.8915,-20.92944],[-68.88792,-20.92839]]}},{"id":"9902","type":"Feature","properties":{"ROL":"A-855","NOMBRE_CAMINO":"Cruce Ruta 5 (Salar de Llamara) - Tamentica - Huatacondo - Copaquiri - Quebrada Blanca - Cruce A-97-B (Ruta Andina)","CLASIFICACION":"Camino Regional Comunal","CALZADA":"U","tmda":null},"geometry":{"type":"LineString","coordinates":[[-68.95381,-20.93304],[-68.95079,-20.93056],[-68.94581,-20.93073],[-68.93641,-20.92643],[-68.93163,-20.92981],[-68.92804,-20.92766],[-68.91976,-20.92933]]}},{"id":"9903","type":"Feature","properties":{"ROL":"A-855","NOMBRE_CAMINO":"Cruce Ruta 5 (Salar de Llamara) - Tamentica - Huatacondo - Copaquiri - Quebrada Blanca - Cruce A-97-B (Ruta Andina)","CLASIFICACION":"Camino Regional Comunal","CALZADA":"U","tmda":null},"geometry":{"type":"LineString","coordinates":[[-68.96258,-20.93544],[-68.95381,-20.93304]]}},{"id":"9904","type":"Feature","properties":{"ROL":"A-855","NOMBRE_CAMINO":"Cruce Ruta 5 (Salar de Llamara) - Tamentica - Huatacondo - Copaquiri - Quebrada Blanca - Cruce A-97-B (Ruta Andina)","CLASIFICACION":"Camino Regional Comunal","CALZADA":"U","tmda":null},"geometry":{"type":"LineString","coordinates":[[-68.96835,-20.93926],[-68.9673,-20.93745],[-68.96258,-20.93544]]}},{"id":"9905","type":"Feature","properties":{"ROL":"A-855","NOMBRE_CAMINO":"Cruce Ruta 5 (Salar de Llamara) - Tamentica - Huatacondo - Copaquiri - Quebrada Blanca - Cruce A-97-B (Ruta Andina)","CLASIFICACION":"Camino Regional Comunal","CALZADA":"U","tmda":null},"geometry":{"type":"LineString","coordinates":[[-68.99512,-20.94332],[-68.97634,-20.94251],[-68.96835,-20.93926]]}},{"id":"9906","type":"Feature","properties":{"ROL":"A-758","NOMBRE_CAMINO":"Cruce Ruta 1 (Guanillo) - Cruce A-752","CLASIFICACION":"Camino Regional Comunal","CALZADA":"U","tmda":null},"geometry":{"type":"LineString","coordinates":[[-70.09584,-21.18656],[-70.08979,-21.18676],[-70.09014,-21.17406],[-70.09003,-21.17616],[-70.08654,-21.17022],[-70.08267,-21.17151],[-70.08035,-21.17466],[-70.07676,-21.17608],[-70.06945,-21.17668],[-70.06833,-21.17504],[-70.05835,-21.17611],[-70.05551,-21.18099],[-70.0516,-21.18361],[-70.0439,-21.18274],[-70.03715,-21.18996],[-70.02703,-21.19309],[-70.02554,-21.20056]]}},{"id":"9907","type":"Feature","properties":{"ROL":"A-756","NOMBRE_CAMINO":"Cruce A-780 (Montón de Gloria) - Cruce A-770","CLASIFICACION":"Camino Regional Comunal","CALZADA":"U","tmda":null},"geometry":{"type":"LineString","coordinates":[[-69.90391,-21.19542],[-69.91022,-21.19129],[-69.91474,-21.19056],[-69.92409,-21.18582],[-69.92843,-21.1822],[-69.92783,-21.17935],[-69.9303,-21.17579],[-69.92759,-21.1709],[-69.93049,-21.16869],[-69.93075,-21.16656],[-69.92601,-21.16481],[-69.92663,-21.16134],[-69.93542,-21.15435],[-69.94218,-21.14051],[-69.95227,-21.12717],[-69.95225,-21.11718],[-69.94789,-21.10658],[-69.95165,-21.09631],[-69.95123,-21.09164],[-69.94862,-21.08886],[-69.94397,-21.08785],[-69.94396,-21.08515]]}},{"id":"9908","type":"Feature","properties":{"ROL":"A-756","NOMBRE_CAMINO":"Cruce A-780 (Montón de Gloria) - Cruce A-770","CLASIFICACION":"Camino Regional Comunal","CALZADA":"U","tmda":null},"geometry":{"type":"LineString","coordinates":[[-69.88251,-21.22364],[-69.88738,-21.21917],[-69.88652,-21.21334],[-69.88787,-21.21008],[-69.90391,-21.19542]]}},{"id":"9909","type":"Feature","properties":{"ROL":"A-371","NOMBRE_CAMINO":"Cruce A-375 - Cuanaya - Champaja","CLASIFICACION":"Camino Regional de Acceso","CALZADA":"U","tmda":null},"geometry":{"type":"LineString","coordinates":[[-69.54987,-19.1309],[-69.55346,-19.13261],[-69.55489,-19.13484],[-69.56049,-19.13665],[-69.56165,-19.13449],[-69.55882,-19.13202]]}},{"id":"9910","type":"Feature","properties":{"ROL":"A-371","NOMBRE_CAMINO":"Cruce A-375 - Cuanaya - Champaja","CLASIFICACION":"Camino Regional de Acceso","CALZADA":"U","tmda":null},"geometry":{"type":"LineString","coordinates":[[-69.58658,-19.14966],[-69.57972,-19.14568],[-69.57661,-19.14056],[-69.57459,-19.13946],[-69.57207,-19.13946],[-69.57119,-19.14293],[-69.5704,-19.14041],[-69.56218,-19.14337],[-69.55687,-19.1392],[-69.55458,-19.13932],[-69.55137,-19.13491],[-69.53868,-19.12944],[-69.54742,-19.12977],[-69.54987,-19.1309]]}},{"id":"9911","type":"Feature","properties":{"ROL":"A-371","NOMBRE_CAMINO":"Cruce A-375 - Cuanaya - Champaja","CLASIFICACION":"Camino Regional de Acceso (En Proceso de Enrolamiento)","CALZADA":"U","tmda":null},"geometry":{"type":"LineString","coordinates":[[-69.55882,-19.13202],[-69.55721,-19.13127],[-69.55498,-19.12505],[-69.55055,-19.12153],[-69.54943,-19.11824],[-69.54792,-19.11744],[-69.55118,-19.11671]]}},{"id":"11979","type":"Feature","properties":{"ROL":"A-97-B","NOMBRE_CAMINO":"Ruta Andina, Sector: Límite Regional - Cruce Ruta 15 CH (Escapiña)","CLASIFICACION":"Camino Regional Principal","CALZADA":"U","tmda":null},"geometry":{"type":"LineString","coordinates":[[-68.76568,-19.81078],[-68.76358,-19.80991],[-68.7623,-19.80382],[-68.75981,-19.79947],[-68.76134,-19.78713],[-68.77104,-19.77876],[-68.7688,-19.7732],[-68.77758,-19.75257],[-68.78487,-19.74896],[-68.78383,-19.74778],[-68.77798,-19.74692],[-68.77221,-19.74284],[-68.76929,-19.73915],[-68.77034,-19.72511],[-68.77012,-19.71841],[-68.76867,-19.71709],[-68.77063,-19.71155],[-68.76778,-19.71089],[-68.76881,-19.70911],[-68.76705,-19.70377],[-68.76174,-19.70319],[-68.7606,-19.70024],[-68.75651,-19.70258],[-68.75373,-19.70029],[-68.75003,-19.70064],[-68.74777,-19.69844],[-68.74517,-19.69831],[-68.74505,-19.69475],[-68.73708,-19.69303],[-68.73336,-19.68981],[-68.73147,-19.67917],[-68.73315,-19.66758],[-68.73559,-19.66407],[-68.74159,-19.66074],[-68.7453,-19.65665],[-68.74669,-19.64832],[-68.75173,-19.64643],[-68.75272,-19.64405],[-68.75065,-19.63618],[-68.74278,-19.62692],[-68.7375,-19.62475],[-68.73783,-19.61851],[-68.73624,-19.61598],[-68.7374,-19.60695],[-68.74612,-19.59298],[-68.74554,-19.58741],[-68.74762,-19.58049],[-68.74678,-19.57551],[-68.74087,-19.5702],[-68.73976,-19.56602],[-68.73502,-19.56036],[-68.73265,-19.54965],[-68.72291,-19.54181]]}},{"id":"11980","type":"Feature","properties":{"ROL":"A-97-B","NOMBRE_CAMINO":"Ruta Andina, Sector: Límite Regional - Cruce Ruta 15 CH (Escapiña)","CLASIFICACION":"Camino Regional Principal","CALZADA":"U","tmda":null},"geometry":{"type":"LineString","coordinates":[[-68.72291,-19.54181],[-68.72029,-19.53997],[-68.71857,-19.53412],[-68.72062,-19.52379],[-68.7112,-19.51123]]}},{"id":"13738","type":"Feature","properties":{"ROL":"URBA618","NOMBRE_CAMINO":"Cruce Ruta 16 - Cruce A-616","CLASIFICACION":"Camino Regional Comunal (Conexión Vial Urbana)","CALZADA":"ÚNICA","tmda":null},"geometry":{"type":"LineString","coordinates":[[-70.07587,-20.26068],[-70.06927,-20.25626],[-70.06607,-20.24863]]}}]}