{"type":"FeatureCollection","features":[{"id":"10296","type":"Feature","properties":{"ROL":"Ruta 5","NOMBRE_CAMINO":"Longitudinal Sur, Sector: Pichirropulli (Límite Regional) - Quellón","CLASIFICACION":"Camino Nacional Longitudinal","CALZADA":"D","tmda":6181.0},"geometry":{"type":"LineString","coordinates":[[-73.42587,-41.76617],[-73.42949,-41.76856]]}},{"id":"10297","type":"Feature","properties":{"ROL":"Ruta 5","NOMBRE_CAMINO":"Longitudinal Sur, Sector: Pichirropulli (Límite Regional) - Quellón","CLASIFICACION":"Camino Nacional Longitudinal","CALZADA":"D","tmda":6181.0},"geometry":{"type":"LineString","coordinates":[[-73.42949,-41.76856],[-73.46073,-41.79188],[-73.45959,-41.79243]]}},{"id":"10298","type":"Feature","properties":{"ROL":"Ruta 5","NOMBRE_CAMINO":"Longitudinal Sur, Sector: Pichirropulli (Límite Regional) - Quellón","CLASIFICACION":"Camino Nacional Longitudinal","CALZADA":"I","tmda":null},"geometry":{"type":"LineString","coordinates":[[-73.00211,-40.3845],[-73.00241,-40.42224],[-73.02362,-40.45162],[-73.04649,-40.4992],[-73.06621,-40.51402],[-73.07279,-40.53035],[-73.09753,-40.55789],[-73.098,-40.59101],[-73.13373,-40.69983],[-73.14911,-40.73353],[-73.17297,-40.83337],[-73.1199,-41.00332],[-73.12168,-41.01703],[-73.11549,-41.02312],[-73.06328,-41.11705],[-73.06323,-41.13209],[-73.0716,-41.18242],[-73.07093,-41.18875],[-73.03849,-41.24253],[-73.01056,-41.26404],[-73.00732,-41.26896],[-73.01025,-41.31637],[-72.98914,-41.33744],[-72.95827,-41.40243],[-72.95588,-41.43863],[-72.98213,-41.46655],[-73.05714,-41.50699],[-73.09369,-41.52422],[-73.11646,-41.52669],[-73.1495,-41.54187],[-73.17566,-41.56507],[-73.188,-41.56951],[-73.19195,-41.57212],[-73.20678,-41.57497],[-73.26176,-41.60468],[-73.39708,-41.74851],[-73.41983,-41.7626]]}},{"id":"10299","type":"Feature","properties":{"ROL":"Ruta 5","NOMBRE_CAMINO":"Longitudinal Sur, Sector: Pichirropulli (Límite Regional) - Quellón","CLASIFICACION":"Camino Nacional Longitudinal","CALZADA":"U","tmda":4502.0},"geometry":{"type":"LineString","coordinates":[[-73.51585,-41.82956],[-73.52378,-41.82858],[-73.52979,-41.83456],[-73.57975,-41.85335],[-73.58831,-41.85503],[-73.59445,-41.85878],[-73.65094,-41.87916],[-73.65995,-41.88334],[-73.67427,-41.89247],[-73.6828,-41.89122],[-73.68677,-41.88642],[-73.68907,-41.88552],[-73.72157,-41.88105],[-73.731,-41.87528],[-73.73434,-41.87112],[-73.7389,-41.86925],[-73.74675,-41.86837],[-73.75042,-41.86453],[-73.75376,-41.8633],[-73.7822,-41.87163],[-73.78903,-41.87921],[-73.79559,-41.87912],[-73.79714,-41.88362],[-73.79469,-41.90109],[-73.79225,-41.90414],[-73.79482,-41.90753],[-73.7953,-41.91544],[-73.80041,-41.92008],[-73.81389,-41.92856],[-73.83172,-41.93468],[-73.82551,-41.94666],[-73.82169,-41.95075],[-73.82209,-41.95723],[-73.81827,-41.96286],[-73.81877,-41.96745],[-73.83434,-42.01151],[-73.834,-42.02294],[-73.82952,-42.02773],[-73.82999,-42.03604],[-73.8132,-42.06102],[-73.79113,-42.06916],[-73.77841,-42.07743],[-73.76912,-42.09033],[-73.7557,-42.1036],[-73.75185,-42.11202],[-73.75428,-42.12055],[-73.75475,-42.12591],[-73.75356,-42.1282],[-73.7472,-42.13252],[-73.73799,-42.13282],[-73.73118,-42.13449],[-73.71993,-42.14321],[-73.71702,-42.15524],[-73.72441,-42.1633],[-73.72467,-42.16675],[-73.72295,-42.1711],[-73.71719,-42.17683],[-73.71586,-42.1858],[-73.72117,-42.195],[-73.70872,-42.25089],[-73.70287,-42.25652],[-73.70406,-42.26927],[-73.70829,-42.27419],[-73.70818,-42.28223],[-73.70984,-42.28544],[-73.71094,-42.31315],[-73.70568,-42.3428],[-73.70952,-42.35344],[-73.72241,-42.36388],[-73.77128,-42.37774],[-73.78116,-42.38526],[-73.78418,-42.39335],[-73.7818,-42.39988],[-73.78233,-42.4051],[-73.77967,-42.41322],[-73.77166,-42.42137],[-73.76785,-42.42817],[-73.77247,-42.43913],[-73.77471,-42.45402],[-73.76917,-42.46051],[-73.76425,-42.47191]]}},{"id":"10300","type":"Feature","properties":{"ROL":"Ruta 5","NOMBRE_CAMINO":"Longitudinal Sur, Sector: Pichirropulli (Límite Regional) - Quellón","CLASIFICACION":"Camino Nacional Longitudinal","CALZADA":"D","tmda":2775.0},"geometry":{"type":"LineString","coordinates":[[-73.6169,-43.11753],[-73.62112,-43.11739],[-73.62154,-43.12085]]}},{"id":"10301","type":"Feature","properties":{"ROL":"Ruta 5","NOMBRE_CAMINO":"Longitudinal Sur, Sector: Pichirropulli (Límite Regional) - Quellón","CLASIFICACION":"Camino Nacional Longitudinal","CALZADA":"I","tmda":7764.0},"geometry":{"type":"LineString","coordinates":[[-73.76425,-42.47191],[-73.76345,-42.48413]]}},{"id":"10302","type":"Feature","properties":{"ROL":"Ruta 5","NOMBRE_CAMINO":"Longitudinal Sur, Sector: Pichirropulli (Límite Regional) - Quellón","CLASIFICACION":"Camino Nacional Longitudinal","CALZADA":"D","tmda":2484.0},"geometry":{"type":"LineString","coordinates":[[-73.76513,-42.48392],[-73.76351,-42.48482],[-73.77242,-42.48136],[-73.77402,-42.48525],[-73.77196,-42.4964],[-73.7849,-42.50251],[-73.78678,-42.5063],[-73.79029,-42.50843],[-73.79103,-42.51222],[-73.7955,-42.51466],[-73.798,-42.51918],[-73.79861,-42.52337],[-73.80141,-42.5268],[-73.82806,-42.53748],[-73.83028,-42.54034],[-73.82929,-42.54401],[-73.81959,-42.55385],[-73.81938,-42.55944],[-73.80857,-42.57963],[-73.80363,-42.60129],[-73.8025,-42.61141],[-73.80336,-42.62442],[-73.80667,-42.63325],[-73.80506,-42.63771],[-73.81042,-42.64488],[-73.80609,-42.65502],[-73.79985,-42.66337],[-73.8004,-42.66582],[-73.80393,-42.66984],[-73.79916,-42.67392],[-73.7993,-42.6783],[-73.79429,-42.68266],[-73.79571,-42.68389],[-73.79507,-42.69907],[-73.78656,-42.71073],[-73.78983,-42.71954],[-73.78578,-42.7261],[-73.79156,-42.7334],[-73.78925,-42.73811],[-73.78883,-42.74267],[-73.79179,-42.75529],[-73.78699,-42.7655],[-73.78854,-42.77607],[-73.78785,-42.78216],[-73.78556,-42.78693],[-73.78276,-42.78928],[-73.78556,-42.79175],[-73.77824,-42.79467],[-73.77547,-42.80042],[-73.77513,-42.80461],[-73.77808,-42.81159],[-73.77755,-42.81636],[-73.75072,-42.83521],[-73.75004,-42.84291],[-73.75353,-42.84755],[-73.75314,-42.84902],[-73.7434,-42.8569],[-73.7205,-42.86785],[-73.70773,-42.87141],[-73.69507,-42.87953],[-73.69721,-42.88213],[-73.70245,-42.90515],[-73.70114,-42.90722],[-73.69672,-42.90903],[-73.68992,-42.91474],[-73.67847,-42.92996],[-73.67008,-42.93545],[-73.66761,-42.94068],[-73.66498,-42.94971],[-73.66758,-42.96036],[-73.65793,-42.99128],[-73.65918,-43.00972],[-73.64247,-43.02878],[-73.63899,-43.04203],[-73.62759,-43.05312],[-73.63178,-43.05742],[-73.63487,-43.06347],[-73.63343,-43.06814],[-73.63593,-43.07457],[-73.62688,-43.08167],[-73.62009,-43.08317],[-73.61802,-43.08888],[-73.6121,-43.09257],[-73.60964,-43.10414],[-73.60466,-43.11476],[-73.60515,-43.11661],[-73.60724,-43.11778],[-73.6169,-43.11753]]}},{"id":"10303","type":"Feature","properties":{"ROL":"Ruta 5","NOMBRE_CAMINO":"Longitudinal Sur, Sector: Pichirropulli (Límite Regional) - Quellón","CLASIFICACION":"Camino Nacional Longitudinal","CALZADA":"U","tmda":7764.0},"geometry":{"type":"LineString","coordinates":[[-73.76425,-42.47191],[-73.76541,-42.47473],[-73.76513,-42.48392]]}},{"id":"10304","type":"Feature","properties":{"ROL":"Ruta 215 CH","NOMBRE_CAMINO":"Osorno - Entre Lagos - Paso Cardenal Samoré","CLASIFICACION":"Camino Nacional con Carácter de Internacional","CALZADA":null,"tmda":1380.0},"geometry":{"type":"LineString","coordinates":[[-73.05711,-40.60263],[-73.05054,-40.60493],[-73.00882,-40.60725],[-72.96338,-40.59204],[-72.9372,-40.591],[-72.91411,-40.59441],[-72.88182,-40.6031],[-72.84452,-40.60209],[-72.80322,-40.61491],[-72.7541,-40.62518],[-72.69733,-40.62941],[-72.66749,-40.64906],[-72.60597,-40.68592],[-72.59772,-40.68701],[-72.58327,-40.68419],[-72.57584,-40.68026],[-72.5608,-40.68379],[-72.55237,-40.69044],[-72.53721,-40.69587],[-72.53084,-40.70059],[-72.52318,-40.70318],[-72.51408,-40.70919],[-72.47451,-40.72979],[-72.45905,-40.7302],[-72.43798,-40.72454],[-72.42703,-40.72313],[-72.4045,-40.71578],[-72.39504,-40.71077],[-72.39146,-40.7065],[-72.37351,-40.70159],[-72.36593,-40.69729],[-72.35291,-40.69624],[-72.34345,-40.69143],[-72.33962,-40.69188],[-72.33571,-40.69481],[-72.33451,-40.69986],[-72.32974,-40.70721],[-72.31517,-40.70411],[-72.31339,-40.70289],[-72.30964,-40.6956],[-72.30022,-40.68688],[-72.29984,-40.68352],[-72.3033,-40.67976],[-72.30301,-40.67802],[-72.26359,-40.66841],[-72.24031,-40.65515],[-72.23215,-40.65395],[-72.22283,-40.65553],[-72.18758,-40.65572],[-72.17756,-40.6674],[-72.16989,-40.66909],[-72.16827,-40.66857],[-72.16766,-40.6645],[-72.1547,-40.66421],[-72.1513,-40.66167],[-72.14577,-40.66366],[-72.12612,-40.66163],[-72.11489,-40.65741],[-72.10312,-40.66118],[-72.10287,-40.66226],[-72.10524,-40.66409],[-72.10151,-40.66692],[-72.08131,-40.67255],[-72.0753,-40.67223],[-72.07231,-40.6757],[-72.0637,-40.68037],[-72.06076,-40.67802],[-72.06299,-40.6766],[-72.06253,-40.67438],[-72.05575,-40.6728],[-72.05366,-40.67445],[-72.05089,-40.6739],[-72.04754,-40.67609],[-72.04112,-40.67676],[-72.0384,-40.68034],[-72.03561,-40.67988],[-72.03504,-40.67783],[-72.0268,-40.67848],[-72.01947,-40.68332],[-72.01646,-40.68099],[-72.00909,-40.68144],[-72.00608,-40.67879],[-71.9946,-40.67629],[-71.99002,-40.68117],[-71.98207,-40.68426],[-71.97331,-40.69203],[-71.95751,-40.6956],[-71.95674,-40.69963],[-71.96032,-40.70378],[-71.96064,-40.70689],[-71.95793,-40.70827],[-71.95343,-40.70788],[-71.94761,-40.71047]]}},{"id":"10305","type":"Feature","properties":{"ROL":"Ruta 215 CH","NOMBRE_CAMINO":"Osorno - Entre Lagos - Paso Cardenal Samoré","CLASIFICACION":"Camino Nacional con Carácter de Internacional","CALZADA":null,"tmda":4253.0},"geometry":{"type":"LineString","coordinates":[[-73.09784,-40.58149],[-73.05711,-40.60263]]}},{"id":"10306","type":"Feature","properties":{"ROL":"URBV1","NOMBRE_CAMINO":"Viaducto Puerto Montt","CLASIFICACION":"Camino Regional Comunal (Conexión Vial Urbana)","CALZADA":null,"tmda":null},"geometry":{"type":"LineString","coordinates":[[-72.91352,-41.46477],[-72.91134,-41.4664],[-72.9114,-41.46866],[-72.91808,-41.47399]]}},{"id":"10307","type":"Feature","properties":{"ROL":"URBV2","NOMBRE_CAMINO":"Av. Presidente Salvador Allende","CLASIFICACION":"Camino Regional Comunal (Conexión Vial Urbana)","CALZADA":"I","tmda":null},"geometry":{"type":"LineString","coordinates":[[-72.95575,-41.437],[-72.9546,-41.45996]]}},{"id":"10308","type":"Feature","properties":{"ROL":"URBV2","NOMBRE_CAMINO":"Av. Presidente Salvador Allende","CLASIFICACION":"Camino Regional Comunal (Conexión Vial Urbana)","CALZADA":"D","tmda":null},"geometry":{"type":"LineString","coordinates":[[-72.95644,-41.43782],[-72.95516,-41.4598]]}},{"id":"10309","type":"Feature","properties":{"ROL":"URBV3","NOMBRE_CAMINO":"Av. Parque Industrial","CLASIFICACION":"Camino Regional Comunal (Conexión Vial Urbana)","CALZADA":"I","tmda":null},"geometry":{"type":"LineString","coordinates":[[-72.96873,-41.45733],[-72.95546,-41.45988]]}},{"id":"10310","type":"Feature","properties":{"ROL":"URBV3","NOMBRE_CAMINO":"Av. Parque Industrial","CLASIFICACION":"Camino Regional Comunal (Conexión Vial Urbana)","CALZADA":"D","tmda":null},"geometry":{"type":"LineString","coordinates":[[-72.96873,-41.45733],[-72.95573,-41.46027]]}},{"id":"10311","type":"Feature","properties":{"ROL":"URBV13","NOMBRE_CAMINO":"Av. Parque Industrial","CLASIFICACION":"Camino Regional Comunal (Conexión Vial Urbana)","CALZADA":null,"tmda":null},"geometry":{"type":"LineString","coordinates":[[-72.95436,-41.46033],[-72.94593,-41.46145]]}},{"id":"10312","type":"Feature","properties":{"ROL":"URBV14","NOMBRE_CAMINO":"Av. Presidente Ibáñez","CLASIFICACION":"Camino Regional Comunal (Conexión Vial Urbana)","CALZADA":null,"tmda":null},"geometry":{"type":"LineString","coordinates":[[-72.94593,-41.46145],[-72.92677,-41.46341],[-72.92223,-41.46158],[-72.91352,-41.46477]]}},{"id":"10313","type":"Feature","properties":{"ROL":"URBV16","NOMBRE_CAMINO":"Enlace Hospital - Av. Cuarta Terraza","CLASIFICACION":"Camino Regional Comunal (Conexión Vial Urbana)","CALZADA":null,"tmda":null},"geometry":{"type":"LineString","coordinates":[[-72.95507,-41.44891],[-72.92545,-41.45709],[-72.92249,-41.4616]]}},{"id":"10314","type":"Feature","properties":{"ROL":"W-115","NOMBRE_CAMINO":"Cruce Ruta 5 - By Pass Chacao","CLASIFICACION":"Camino Regional Comunal","CALZADA":null,"tmda":null},"geometry":{"type":"LineString","coordinates":[[-73.53851,-41.83789],[-73.53084,-41.83526],[-73.51443,-41.83282],[-73.51224,-41.83121]]}},{"id":"10315","type":"Feature","properties":{"ROL":"URBU33","NOMBRE_CAMINO":"Av. República","CLASIFICACION":"Camino Regional Comunal (Conexión Vial Urbana)","CALZADA":null,"tmda":null},"geometry":{"type":"LineString","coordinates":[[-73.14515,-40.57434],[-73.1577,-40.57394]]}},{"id":"10316","type":"Feature","properties":{"ROL":"U-55-V","NOMBRE_CAMINO":"Cruce Ruta 5 (Osorno) - Nochaco - Ensenada","CLASIFICACION":"Camino Regional Principal","CALZADA":null,"tmda":2656.0},"geometry":{"type":"LineString","coordinates":[[-73.09851,-40.59215],[-73.08948,-40.61448],[-73.08435,-40.61945],[-73.07312,-40.62583],[-73.06106,-40.63727],[-73.05497,-40.64108],[-73.05032,-40.65021],[-73.04338,-40.65741],[-73.03876,-40.66564],[-73.02374,-40.6846],[-73.01301,-40.70443],[-73.01245,-40.71229],[-73.00027,-40.72015],[-72.98846,-40.72353],[-72.97644,-40.73481],[-72.96828,-40.74924],[-72.96753,-40.76349],[-72.95724,-40.77715],[-72.95506,-40.78543],[-72.942,-40.81486],[-72.91517,-40.86666],[-72.89087,-40.88577],[-72.87199,-40.90481],[-72.82653,-40.92869],[-72.80415,-40.9341],[-72.79289,-40.93908],[-72.78057,-40.95285],[-72.73687,-40.97641],[-72.72843,-40.97811],[-72.72433,-40.98156],[-72.7198,-40.98314],[-72.71724,-40.98658],[-72.68933,-40.99562],[-72.68336,-41.00259],[-72.6657,-41.00974],[-72.66052,-41.01398],[-72.65832,-41.01984],[-72.65293,-41.0256],[-72.65189,-41.02975],[-72.66238,-41.03603],[-72.66191,-41.04356],[-72.66331,-41.05076],[-72.66122,-41.0582],[-72.65145,-41.06688],[-72.64092,-41.07935],[-72.63454,-41.08418],[-72.63469,-41.08765],[-72.6296,-41.09762],[-72.63209,-41.1067],[-72.63169,-41.10927],[-72.62469,-41.11236],[-72.62288,-41.11467],[-72.6188,-41.11523],[-72.61887,-41.11807],[-72.61423,-41.12694],[-72.61053,-41.12833],[-72.60501,-41.1342],[-72.60177,-41.13361],[-72.59584,-41.13545],[-72.58735,-41.14159],[-72.5882,-41.14227],[-72.58662,-41.14339],[-72.58669,-41.14493],[-72.57659,-41.1481],[-72.57448,-41.15048],[-72.57651,-41.15252],[-72.5754,-41.15462],[-72.57664,-41.15642],[-72.57585,-41.15981],[-72.57322,-41.16188],[-72.57365,-41.16629],[-72.56261,-41.17396],[-72.55675,-41.17513],[-72.55587,-41.17779],[-72.5514,-41.18049],[-72.54581,-41.18246],[-72.54433,-41.18546],[-72.53959,-41.18969],[-72.53958,-41.19218],[-72.54105,-41.19351],[-72.53686,-41.20067],[-72.53864,-41.20403],[-72.5376,-41.20614],[-72.53883,-41.20831]]}},{"id":"10317","type":"Feature","properties":{"ROL":"Ruta 226","NOMBRE_CAMINO":"Cruce Ruta 5 (Puerto Montt) - El Tepual","CLASIFICACION":"Camino Nacional","CALZADA":null,"tmda":17617.0},"geometry":{"type":"LineString","coordinates":[[-72.97998,-41.46492],[-73.01732,-41.44959],[-73.03998,-41.43892],[-73.0466,-41.43463],[-73.09788,-41.42459]]}},{"id":"10318","type":"Feature","properties":{"ROL":"V-46","NOMBRE_CAMINO":"Tegualda - Fresia - Los Muermos - La Pasada","CLASIFICACION":"Camino Regional Principal","CALZADA":null,"tmda":2228.0},"geometry":{"type":"LineString","coordinates":[[-73.41184,-41.03909],[-73.4006,-41.03817],[-73.39772,-41.0444],[-73.39813,-41.04702],[-73.40071,-41.04927],[-73.40218,-41.05409],[-73.411,-41.05478],[-73.4222,-41.06554],[-73.42351,-41.07443],[-73.42779,-41.08653],[-73.42377,-41.09211],[-73.41498,-41.09718],[-73.4113,-41.10511],[-73.40635,-41.10984],[-73.40897,-41.11673],[-73.40283,-41.12742],[-73.40361,-41.1448],[-73.40947,-41.149],[-73.43678,-41.15346],[-73.44357,-41.15584],[-73.45011,-41.15456],[-73.46046,-41.15727],[-73.47282,-41.15457],[-73.48421,-41.15669],[-73.49166,-41.15949],[-73.48849,-41.21364],[-73.49599,-41.21981],[-73.5106,-41.22271],[-73.51941,-41.222],[-73.52178,-41.22313],[-73.52272,-41.22986],[-73.51783,-41.23821],[-73.52038,-41.25251],[-73.52194,-41.25383],[-73.52814,-41.25335],[-73.52989,-41.25443],[-73.53599,-41.28838],[-73.53542,-41.29004],[-73.52943,-41.2931],[-73.50701,-41.29454],[-73.49582,-41.28728],[-73.47987,-41.28871],[-73.47581,-41.2912],[-73.47431,-41.29552],[-73.46982,-41.29954],[-73.46454,-41.3018],[-73.45731,-41.30121],[-73.45298,-41.30543],[-73.4541,-41.31592],[-73.46524,-41.32765],[-73.4626,-41.34572],[-73.46901,-41.37267],[-73.46469,-41.39247],[-73.46672,-41.40149],[-73.4715,-41.40826],[-73.48015,-41.43117],[-73.4744,-41.44035],[-73.47386,-41.45449],[-73.47884,-41.46379],[-73.49303,-41.4781],[-73.49969,-41.49099],[-73.50199,-41.49843],[-73.51416,-41.50819],[-73.51633,-41.51384],[-73.51728,-41.52231],[-73.52127,-41.52814],[-73.52277,-41.53788],[-73.52643,-41.54292],[-73.52627,-41.5486],[-73.53488,-41.55279],[-73.5385,-41.56054],[-73.55674,-41.56],[-73.56194,-41.5609],[-73.5707,-41.56571],[-73.57882,-41.57716],[-73.58318,-41.58076],[-73.59343,-41.58106],[-73.59909,-41.58267],[-73.59981,-41.58843],[-73.5951,-41.5926],[-73.59133,-41.60256],[-73.59766,-41.60331],[-73.59828,-41.60519]]}},{"id":"10319","type":"Feature","properties":{"ROL":"V-85","NOMBRE_CAMINO":"Cruce Ruta 5 - Calbuco","CLASIFICACION":"Camino Regional Principal","CALZADA":null,"tmda":4146.0},"geometry":{"type":"LineString","coordinates":[[-73.23681,-41.59102],[-73.20341,-41.63234],[-73.19744,-41.64485],[-73.19898,-41.66901],[-73.20388,-41.67667],[-73.18957,-41.70234],[-73.18492,-41.7145],[-73.18042,-41.71915],[-73.18119,-41.72749],[-73.1757,-41.74158],[-73.17324,-41.74525],[-73.16345,-41.7535],[-73.15533,-41.75623],[-73.15212,-41.75521]]}},{"id":"10320","type":"Feature","properties":{"ROL":"V-53","NOMBRE_CAMINO":"Cruce Ruta 5 Acceso Norte a Puerto Varas","CLASIFICACION":"Camino Regional Principal","CALZADA":null,"tmda":21586.0},"geometry":{"type":"LineString","coordinates":[[-73.00947,-41.31812],[-72.98317,-41.31807]]}},{"id":"10321","type":"Feature","properties":{"ROL":"V-57","NOMBRE_CAMINO":"Acceso Sur a Puerto Varas","CLASIFICACION":"Camino Regional Principal","CALZADA":null,"tmda":null},"geometry":{"type":"LineString","coordinates":[[-72.99116,-41.33521],[-72.98789,-41.33371],[-72.98517,-41.32626]]}},{"id":"10322","type":"Feature","properties":{"ROL":"V-30","NOMBRE_CAMINO":"Cruce Ruta 5 (Totoral) - Colegual - Fresia","CLASIFICACION":"Camino Regional Principal","CALZADA":null,"tmda":1455.0},"geometry":{"type":"LineString","coordinates":[[-73.05424,-41.21693],[-73.09504,-41.21802],[-73.10257,-41.2228],[-73.13527,-41.22194],[-73.1919,-41.23537],[-73.21506,-41.23611],[-73.21539,-41.23085],[-73.22109,-41.22329],[-73.28567,-41.21524],[-73.31212,-41.21961],[-73.36211,-41.19564],[-73.40592,-41.16265]]}},{"id":"10323","type":"Feature","properties":{"ROL":"V-60","NOMBRE_CAMINO":"El Tepual - Los Muermos","CLASIFICACION":"Camino Regional Principal","CALZADA":null,"tmda":2891.0},"geometry":{"type":"LineString","coordinates":[[-73.09788,-41.42459],[-73.15699,-41.41126],[-73.17029,-41.40447],[-73.1925,-41.39932],[-73.19611,-41.39657],[-73.20677,-41.39466],[-73.21596,-41.39492],[-73.22508,-41.40396],[-73.25575,-41.40476],[-73.27918,-41.40755],[-73.30256,-41.40534],[-73.32301,-41.40175],[-73.33607,-41.39703],[-73.35711,-41.39525],[-73.36286,-41.39304],[-73.37148,-41.39377],[-73.39534,-41.39084],[-73.41044,-41.39163],[-73.41793,-41.3905],[-73.46468,-41.39221]]}},{"id":"10324","type":"Feature","properties":{"ROL":"Ruta 225 CH","NOMBRE_CAMINO":"Puerto Varas (Cruce Av. Los Colonos/Av. Vicente Pérez Rosales) - Ensenada - Paso Pérez Rosales","CLASIFICACION":"Camino Nacional con Carácter de Internacional","CALZADA":null,"tmda":null},"geometry":{"type":"LineString","coordinates":[[-72.02612,-41.09346],[-72.02273,-41.09177],[-72.02141,-41.08596],[-72.01781,-41.08485],[-72.01673,-41.08304],[-72.01755,-41.07806],[-72.02121,-41.07466],[-72.0197,-41.06609],[-72.02178,-41.0601],[-72.0197,-41.05834],[-72.01555,-41.05984],[-72.00182,-41.0521],[-71.98391,-41.05306],[-71.97236,-41.05501],[-71.95753,-41.05351],[-71.95195,-41.05505],[-71.946,-41.05072],[-71.93954,-41.05222],[-71.93486,-41.04763],[-71.93181,-41.0466],[-71.92851,-41.04684],[-71.92337,-41.04485],[-71.89359,-41.03964],[-71.88543,-41.04142],[-71.87805,-41.04594],[-71.87488,-41.0485],[-71.87409,-41.05234],[-71.8725,-41.0493],[-71.87188,-41.0528],[-71.86765,-41.04975],[-71.86664,-41.0503],[-71.86826,-41.05124],[-71.86324,-41.05109],[-71.85951,-41.05432],[-71.84835,-41.05755],[-71.84696,-41.06041],[-71.83391,-41.06786],[-71.82793,-41.06932]]}},{"id":"10325","type":"Feature","properties":{"ROL":"Ruta 225 CH","NOMBRE_CAMINO":"Puerto Varas (Cruce Av. Los Colonos/Av. Vicente Pérez Rosales) - Ensenada - Paso Pérez Rosales","CLASIFICACION":"Camino Nacional con Carácter de Internacional","CALZADA":null,"tmda":3206.0},"geometry":{"type":"LineString","coordinates":[[-72.9605,-41.32821],[-72.95098,-41.3271],[-72.9488,-41.31877],[-72.94476,-41.3162],[-72.92572,-41.31432],[-72.91402,-41.31009],[-72.88529,-41.31485],[-72.87335,-41.31036],[-72.87171,-41.30865],[-72.87032,-41.30181],[-72.86256,-41.29632],[-72.85843,-41.29167],[-72.85953,-41.2823],[-72.85494,-41.27823],[-72.82631,-41.27221],[-72.82077,-41.26582],[-72.81393,-41.2641],[-72.79859,-41.25417],[-72.7828,-41.25326],[-72.77055,-41.24815],[-72.76113,-41.23619],[-72.72413,-41.21735],[-72.71402,-41.21447],[-72.69128,-41.21445],[-72.67401,-41.2185],[-72.66489,-41.222],[-72.6373,-41.22722],[-72.63074,-41.22687],[-72.61914,-41.23083],[-72.59982,-41.23377],[-72.55675,-41.22316],[-72.55183,-41.21682],[-72.53874,-41.20827],[-72.51713,-41.21465],[-72.49524,-41.20799],[-72.46885,-41.18838],[-72.46016,-41.1784],[-72.45043,-41.17244],[-72.43812,-41.15943],[-72.43407,-41.15667],[-72.43391,-41.15314],[-72.43057,-41.14928],[-72.41695,-41.14529],[-72.40242,-41.13882]]}},{"id":"10326","type":"Feature","properties":{"ROL":"Ruta 225 CH","NOMBRE_CAMINO":"Puerto Varas (Cruce Av. Los Colonos/Av. Vicente Pérez Rosales) - Ensenada - Paso Pérez Rosales","CLASIFICACION":"Camino Nacional con Carácter de Internacional","CALZADA":null,"tmda":1543.0},"geometry":{"type":"LineString","coordinates":[[-72.40242,-41.13882],[-72.40152,-41.13847]]}},{"id":"10327","type":"Feature","properties":{"ROL":"V-90","NOMBRE_CAMINO":"Cruce Ruta 5 - Maullín","CLASIFICACION":"Camino Regional Principal","CALZADA":null,"tmda":1021.0},"geometry":{"type":"LineString","coordinates":[[-73.37287,-41.72244],[-73.46183,-41.68602],[-73.49058,-41.67602],[-73.50552,-41.67848],[-73.53475,-41.67878],[-73.54954,-41.67249],[-73.55451,-41.6716],[-73.56225,-41.66577],[-73.56162,-41.65575],[-73.56279,-41.65274],[-73.57626,-41.64265],[-73.58047,-41.64168],[-73.58694,-41.63655],[-73.59382,-41.62658],[-73.59416,-41.61607]]}},{"id":"10328","type":"Feature","properties":{"ROL":"V-69","NOMBRE_CAMINO":"Ensenada - Puelo - Puelche","CLASIFICACION":"Camino Regional Principal","CALZADA":null,"tmda":1202.0},"geometry":{"type":"LineString","coordinates":[[-72.51832,-41.21456],[-72.51165,-41.21645],[-72.48142,-41.24045],[-72.47799,-41.25996],[-72.47945,-41.26722],[-72.4749,-41.27504],[-72.47241,-41.2908],[-72.46829,-41.29596],[-72.46316,-41.29862],[-72.45594,-41.30593],[-72.44933,-41.3087],[-72.44067,-41.31752],[-72.43271,-41.31988],[-72.4186,-41.33033],[-72.41679,-41.33402],[-72.41406,-41.33488],[-72.41031,-41.33053],[-72.41207,-41.33441],[-72.40599,-41.33825],[-72.40534,-41.34093],[-72.3934,-41.35189],[-72.37336,-41.36401],[-72.3538,-41.36937],[-72.34786,-41.3674],[-72.33766,-41.36833],[-72.32757,-41.37252],[-72.31916,-41.37438],[-72.31137,-41.37882]]}},{"id":"10329","type":"Feature","properties":{"ROL":"V-69","NOMBRE_CAMINO":"Ensenada - Puelo - Puelche","CLASIFICACION":"Camino Regional Principal","CALZADA":null,"tmda":null},"geometry":{"type":"LineString","coordinates":[[-72.3785,-41.69985],[-72.41269,-41.70487],[-72.41878,-41.70777],[-72.42409,-41.70868],[-72.42621,-41.71044],[-72.43204,-41.71047],[-72.44224,-41.71615],[-72.45294,-41.71829],[-72.46487,-41.72554],[-72.47717,-41.72704],[-72.48412,-41.72992],[-72.50186,-41.72409],[-72.50662,-41.72411],[-72.51011,-41.72657],[-72.5196,-41.72901],[-72.53683,-41.73591],[-72.55062,-41.7432],[-72.56711,-41.74552],[-72.57055,-41.75099],[-72.57334,-41.74643],[-72.57975,-41.74705],[-72.58134,-41.74599],[-72.58815,-41.74765],[-72.59158,-41.74648],[-72.59694,-41.74201],[-72.59958,-41.73918],[-72.59904,-41.73745],[-72.60317,-41.73643],[-72.60934,-41.73745],[-72.61698,-41.73465],[-72.63278,-41.73482],[-72.63454,-41.73681],[-72.63944,-41.7386],[-72.64197,-41.74179],[-72.65045,-41.74247]]}},{"id":"10330","type":"Feature","properties":{"ROL":"V-69","NOMBRE_CAMINO":"Ensenada - Puelo - Puelche","CLASIFICACION":"Camino Regional Principal","CALZADA":null,"tmda":null},"geometry":{"type":"LineString","coordinates":[[-72.31938,-41.63799],[-72.3198,-41.64056],[-72.31685,-41.64356],[-72.31751,-41.64593],[-72.31618,-41.6509],[-72.30372,-41.65077],[-72.2959,-41.64633],[-72.28758,-41.64897],[-72.28254,-41.65932],[-72.28326,-41.66797],[-72.28698,-41.66827],[-72.28894,-41.66679],[-72.30596,-41.66435],[-72.32582,-41.67387],[-72.3496,-41.70343],[-72.35182,-41.70325],[-72.35263,-41.70103],[-72.35693,-41.70275],[-72.36224,-41.70285],[-72.36921,-41.69838],[-72.37324,-41.69813],[-72.3785,-41.69985]]}},{"id":"10331","type":"Feature","properties":{"ROL":"V-69","NOMBRE_CAMINO":"Ensenada - Puelo - Puelche","CLASIFICACION":"Camino Regional Principal","CALZADA":null,"tmda":null},"geometry":{"type":"LineString","coordinates":[[-72.31137,-41.37882],[-72.30786,-41.37992]]}},{"id":"10332","type":"Feature","properties":{"ROL":"V-69","NOMBRE_CAMINO":"Ensenada - Puelo - Puelche","CLASIFICACION":"Camino Regional Principal","CALZADA":null,"tmda":null},"geometry":{"type":"LineString","coordinates":[[-72.30701,-41.38134],[-72.3016,-41.38398],[-72.29075,-41.37909],[-72.27386,-41.38499],[-72.27552,-41.39291],[-72.28114,-41.39879]]}},{"id":"10333","type":"Feature","properties":{"ROL":"V-69","NOMBRE_CAMINO":"Ensenada - Puelo - Puelche","CLASIFICACION":"Camino Regional Principal","CALZADA":null,"tmda":null},"geometry":{"type":"LineString","coordinates":[[-72.26129,-41.49908],[-72.26533,-41.50406],[-72.26967,-41.50621],[-72.2844,-41.50652],[-72.28401,-41.50972],[-72.28723,-41.51624],[-72.28469,-41.519],[-72.28675,-41.52437],[-72.29227,-41.53052],[-72.29764,-41.53192],[-72.30373,-41.53602],[-72.30474,-41.54219],[-72.30402,-41.54464],[-72.30857,-41.54929],[-72.31082,-41.56081],[-72.31737,-41.57311],[-72.31986,-41.58217],[-72.32003,-41.58826],[-72.32213,-41.59263],[-72.32172,-41.59498],[-72.32607,-41.61472],[-72.32493,-41.6188],[-72.32564,-41.62426],[-72.32262,-41.62618],[-72.32187,-41.63532]]}},{"id":"10334","type":"Feature","properties":{"ROL":"V-69","NOMBRE_CAMINO":"Ensenada - Puelo - Puelche","CLASIFICACION":"Camino Regional Principal","CALZADA":null,"tmda":null},"geometry":{"type":"LineString","coordinates":[[-72.30786,-41.37992],[-72.30701,-41.38134]]}},{"id":"10335","type":"Feature","properties":{"ROL":"V-69","NOMBRE_CAMINO":"Ensenada - Puelo - Puelche","CLASIFICACION":"Camino Regional Principal","CALZADA":null,"tmda":null},"geometry":{"type":"LineString","coordinates":[[-72.28114,-41.39879],[-72.28424,-41.40541],[-72.28281,-41.41125],[-72.28427,-41.41942],[-72.2912,-41.43455],[-72.29412,-41.43719],[-72.29422,-41.44282],[-72.30225,-41.45438],[-72.30515,-41.46104],[-72.30944,-41.47191],[-72.31062,-41.48213]]}},{"id":"10336","type":"Feature","properties":{"ROL":"V-69","NOMBRE_CAMINO":"Ensenada - Puelo - Puelche","CLASIFICACION":"Camino Regional Principal","CALZADA":null,"tmda":null},"geometry":{"type":"LineString","coordinates":[[-72.31062,-41.48213],[-72.31168,-41.48685],[-72.30896,-41.49133]]}},{"id":"10337","type":"Feature","properties":{"ROL":"V-69","NOMBRE_CAMINO":"Ensenada - Puelo - Puelche","CLASIFICACION":"Camino Regional Principal","CALZADA":null,"tmda":null},"geometry":{"type":"LineString","coordinates":[[-72.30896,-41.49133],[-72.3081,-41.49245],[-72.29369,-41.49554],[-72.29125,-41.49854],[-72.27966,-41.49884],[-72.27652,-41.49723],[-72.27093,-41.49813],[-72.26335,-41.49449],[-72.26072,-41.49632],[-72.26129,-41.49908]]}},{"id":"10338","type":"Feature","properties":{"ROL":"V-69","NOMBRE_CAMINO":"Ensenada - Puelo - Puelche","CLASIFICACION":"Camino Regional Principal","CALZADA":null,"tmda":null},"geometry":{"type":"LineString","coordinates":[[-72.32187,-41.63532],[-72.32136,-41.63716],[-72.31938,-41.63799]]}},{"id":"10339","type":"Feature","properties":{"ROL":"U-551-V","NOMBRE_CAMINO":"Nochaco - Puerto Octay - Frutillar Alto","CLASIFICACION":"Camino Regional Provincial","CALZADA":null,"tmda":2279.0},"geometry":{"type":"LineString","coordinates":[[-72.87204,-40.90477],[-72.86732,-40.91504],[-72.87108,-40.9292],[-72.87582,-40.9394],[-72.87794,-40.94938],[-72.8905,-40.95991],[-72.88903,-40.96465],[-72.88362,-40.96943],[-72.88505,-40.97464],[-72.89044,-40.97852],[-72.89354,-40.97609],[-72.90174,-40.97772],[-72.90595,-40.97963],[-72.90907,-40.98426],[-72.91279,-40.98697],[-72.92035,-40.98912],[-72.92518,-40.98853],[-72.93039,-40.99201],[-72.9363,-40.99806],[-72.9398,-41.00946],[-72.94385,-41.014],[-72.94483,-41.01758],[-72.94235,-41.0228],[-72.94521,-41.02869],[-72.96273,-41.04104],[-73.00572,-41.05488],[-73.01771,-41.07037],[-73.01898,-41.07693],[-73.02387,-41.0864],[-73.05551,-41.11818]]}},{"id":"10340","type":"Feature","properties":{"ROL":"U-981-T","NOMBRE_CAMINO":"Cruce U-55-V (Nochaco) - Rupanquito - Entre Lagos - Cruce T-87 (Crucero), Sector: Nochaco - Límite Regional","CLASIFICACION":"Camino Regional Comunal","CALZADA":null,"tmda":1044.0},"geometry":{"type":"LineString","coordinates":[[-72.77471,-40.95598],[-72.7658,-40.94763],[-72.76364,-40.94074]]}},{"id":"10341","type":"Feature","properties":{"ROL":"U-981-T","NOMBRE_CAMINO":"Cruce U-55-V (Nochaco) - Rupanquito - Entre Lagos - Cruce T-87 (Crucero), Sector: Nochaco - Límite Regional","CLASIFICACION":"Camino Regional Comunal","CALZADA":null,"tmda":1044.0},"geometry":{"type":"LineString","coordinates":[[-72.76364,-40.94074],[-72.76175,-40.93531],[-72.76012,-40.92055],[-72.7617,-40.91175]]}},{"id":"10342","type":"Feature","properties":{"ROL":"U-981-T","NOMBRE_CAMINO":"Cruce U-55-V (Nochaco) - Rupanquito - Entre Lagos - Cruce T-87 (Crucero), Sector: Nochaco - Límite Regional","CLASIFICACION":"Camino Regional Comunal","CALZADA":null,"tmda":1044.0},"geometry":{"type":"LineString","coordinates":[[-72.7617,-40.91175],[-72.76257,-40.90708],[-72.76112,-40.90249],[-72.75055,-40.90054],[-72.74804,-40.89644],[-72.73803,-40.89915],[-72.73213,-40.89576],[-72.69966,-40.81329],[-72.69974,-40.80485],[-72.69591,-40.7946],[-72.6898,-40.78967],[-72.68875,-40.78688],[-72.68969,-40.7819],[-72.68439,-40.77257],[-72.6758,-40.76649],[-72.66851,-40.76378]]}},{"id":"10343","type":"Feature","properties":{"ROL":"URBU36","NOMBRE_CAMINO":"Calle Bulnes","CLASIFICACION":"Camino Regional Comunal (Conexión Vial Urbana)","CALZADA":null,"tmda":null},"geometry":{"type":"LineString","coordinates":[[-73.13912,-40.56827],[-73.13839,-40.57438]]}},{"id":"10344","type":"Feature","properties":{"ROL":"URBU37","NOMBRE_CAMINO":"Cruce Ruta 5 (Pilauco) - Francke","CLASIFICACION":"Camino Regional Comunal (Conexión Vial Urbana)","CALZADA":null,"tmda":null},"geometry":{"type":"LineString","coordinates":[[-73.09809,-40.56161],[-73.10256,-40.56248]]}},{"id":"10345","type":"Feature","properties":{"ROL":"URBU37","NOMBRE_CAMINO":"Cruce Ruta 5 (Pilauco) - Francke","CLASIFICACION":"Camino Regional Comunal (Conexión Vial Urbana)","CALZADA":null,"tmda":null},"geometry":{"type":"LineString","coordinates":[[-73.10256,-40.56248],[-73.10652,-40.56337],[-73.11232,-40.5624],[-73.12761,-40.5655],[-73.13107,-40.56744],[-73.13912,-40.56827]]}},{"id":"10346","type":"Feature","properties":{"ROL":"W-45","NOMBRE_CAMINO":"Cruce Ruta 5 (Mocopulli) - Dalcahue","CLASIFICACION":"Camino Regional Principal","CALZADA":null,"tmda":2318.0},"geometry":{"type":"LineString","coordinates":[[-73.70702,-42.33549],[-73.70218,-42.34144],[-73.70301,-42.34391],[-73.70171,-42.34507],[-73.68772,-42.35036],[-73.68233,-42.3494],[-73.67839,-42.3511],[-73.67017,-42.3634],[-73.66438,-42.36535],[-73.65273,-42.37958],[-73.65553,-42.382]]}},{"id":"10347","type":"Feature","properties":{"ROL":"W-59","NOMBRE_CAMINO":"La Pasada - Curaco de Vélez - Achao - Chequián","CLASIFICACION":"Camino Regional Principal","CALZADA":null,"tmda":2151.0},"geometry":{"type":"LineString","coordinates":[[-73.65537,-42.38827],[-73.65233,-42.38874],[-73.65123,-42.39514],[-73.64476,-42.39896],[-73.61934,-42.40698],[-73.60195,-42.41499],[-73.59148,-42.43235],[-73.59396,-42.4393],[-73.58734,-42.44098],[-73.57966,-42.43618],[-73.56657,-42.43904],[-73.5628,-42.442],[-73.56164,-42.4445],[-73.5564,-42.44481],[-73.53866,-42.45529],[-73.53022,-42.4567],[-73.52473,-42.45938],[-73.51923,-42.45932],[-73.51142,-42.46516],[-73.50199,-42.46737],[-73.50035,-42.47129],[-73.48804,-42.47246],[-73.48572,-42.47373]]}},{"id":"10348","type":"Feature","properties":{"ROL":"W-59","NOMBRE_CAMINO":"La Pasada - Curaco de Vélez - Achao - Chequián","CLASIFICACION":"Camino Regional Principal","CALZADA":null,"tmda":1050.0},"geometry":{"type":"LineString","coordinates":[[-73.40037,-42.57877],[-73.39627,-42.57898],[-73.39443,-42.58073],[-73.3914,-42.5793],[-73.39229,-42.57798]]}},{"id":"10349","type":"Feature","properties":{"ROL":"W-59","NOMBRE_CAMINO":"La Pasada - Curaco de Vélez - Achao - Chequián","CLASIFICACION":"Camino Regional Principal","CALZADA":null,"tmda":1050.0},"geometry":{"type":"LineString","coordinates":[[-73.48572,-42.47373],[-73.48172,-42.47055],[-73.47885,-42.47116],[-73.47906,-42.47691],[-73.477,-42.48022],[-73.47568,-42.49001],[-73.46667,-42.49394],[-73.46388,-42.50248],[-73.45774,-42.5028],[-73.45336,-42.50765],[-73.44373,-42.51221],[-73.43735,-42.51222],[-73.43604,-42.51381],[-73.43455,-42.52247],[-73.43141,-42.52288],[-73.42901,-42.52568],[-73.42576,-42.53102],[-73.42583,-42.53438],[-73.42405,-42.53713],[-73.40717,-42.5488],[-73.40642,-42.55158],[-73.40784,-42.55404],[-73.41046,-42.55519],[-73.41332,-42.55886],[-73.41879,-42.56058],[-73.42233,-42.56535],[-73.41587,-42.57114],[-73.41111,-42.57224],[-73.40181,-42.57806]]}},{"id":"10350","type":"Feature","properties":{"ROL":"W-55","NOMBRE_CAMINO":"Cruce Ruta 5 (Llau Llao) - Putemún - Dalcahue","CLASIFICACION":"Camino Regional Principal","CALZADA":null,"tmda":6878.0},"geometry":{"type":"LineString","coordinates":[[-73.76857,-42.43109],[-73.76727,-42.43078],[-73.76719,-42.42783],[-73.75953,-42.427],[-73.75327,-42.42182],[-73.74807,-42.42282],[-73.73316,-42.41832],[-73.72642,-42.41943],[-73.71635,-42.41205],[-73.70939,-42.40096],[-73.70306,-42.39872],[-73.69122,-42.40144],[-73.67273,-42.39131],[-73.66452,-42.38158],[-73.65519,-42.3808]]}},{"id":"10351","type":"Feature","properties":{"ROL":"W-75","NOMBRE_CAMINO":"Cruce Ruta 5 (Notuco) - Chonchi","CLASIFICACION":"Camino Regional Principal","CALZADA":null,"tmda":1922.0},"geometry":{"type":"LineString","coordinates":[[-73.80651,-42.63983],[-73.78171,-42.63114],[-73.77919,-42.6272],[-73.77413,-42.62508]]}},{"id":"10352","type":"Feature","properties":{"ROL":"V-505","NOMBRE_CAMINO":"Puerto Varas - Alerce - Puerto Montt","CLASIFICACION":"Camino Regional Provincial","CALZADA":null,"tmda":11187.0},"geometry":{"type":"LineString","coordinates":[[-72.9605,-41.32821],[-72.9622,-41.33483],[-72.94515,-41.36837],[-72.94349,-41.37597],[-72.93491,-41.3819],[-72.93277,-41.3848],[-72.92372,-41.3873],[-72.92072,-41.39113]]}},{"id":"10353","type":"Feature","properties":{"ROL":"U-160","NOMBRE_CAMINO":"Osorno - Trumao","CLASIFICACION":"Camino Regional Comunal","CALZADA":null,"tmda":1171.0},"geometry":{"type":"LineString","coordinates":[[-73.13912,-40.56827],[-73.14928,-40.56799],[-73.15223,-40.56476],[-73.14958,-40.54311],[-73.16119,-40.49886],[-73.16565,-40.49553],[-73.17343,-40.49353],[-73.1863,-40.48575],[-73.18779,-40.47812],[-73.19345,-40.47236],[-73.20049,-40.45513],[-73.19864,-40.44945],[-73.19887,-40.44527],[-73.18601,-40.42013],[-73.18058,-40.40502],[-73.17646,-40.39845]]}},{"id":"10354","type":"Feature","properties":{"ROL":"U-160","NOMBRE_CAMINO":"Osorno - Trumao","CLASIFICACION":"Camino Regional Comunal","CALZADA":null,"tmda":1171.0},"geometry":{"type":"LineString","coordinates":[[-73.17161,-40.37074],[-73.17451,-40.36258]]}},{"id":"10355","type":"Feature","properties":{"ROL":"U-160","NOMBRE_CAMINO":"Osorno - Trumao","CLASIFICACION":"Camino Regional Comunal","CALZADA":null,"tmda":1171.0},"geometry":{"type":"LineString","coordinates":[[-73.17646,-40.39845],[-73.17218,-40.38839],[-73.17023,-40.37889],[-73.17161,-40.37074]]}},{"id":"10356","type":"Feature","properties":{"ROL":"W-21","NOMBRE_CAMINO":"Cruce Ruta 5 (Rampa Chacao) - Quemchi - Dalcahue","CLASIFICACION":"Camino Regional Principal","CALZADA":null,"tmda":1910.0},"geometry":{"type":"LineString","coordinates":[[-73.51585,-41.82956],[-73.50871,-41.83283],[-73.50957,-41.83592],[-73.50799,-41.84],[-73.50383,-41.8428],[-73.50206,-41.84568],[-73.50336,-41.84676],[-73.50438,-41.85284],[-73.51334,-41.86545],[-73.5259,-41.86911],[-73.53318,-41.87334],[-73.53503,-41.87981],[-73.53326,-41.88282],[-73.52931,-41.88396],[-73.53026,-41.88824],[-73.53334,-41.89109],[-73.53302,-41.89575],[-73.54143,-41.89885],[-73.54107,-41.90051],[-73.5466,-41.90503],[-73.53924,-41.9143],[-73.53988,-41.91802],[-73.54301,-41.92209],[-73.54232,-41.92351],[-73.54646,-41.92599],[-73.54991,-41.93168],[-73.55417,-41.93545],[-73.56987,-41.94237],[-73.57325,-41.94564],[-73.577,-41.9525],[-73.57731,-41.96239],[-73.57191,-41.96943],[-73.56771,-41.97241],[-73.55869,-41.96703],[-73.55465,-41.96816],[-73.54871,-41.96755],[-73.54486,-41.96545],[-73.53792,-41.96756],[-73.52674,-41.96851],[-73.51916,-41.97414],[-73.5163,-41.97461],[-73.49784,-42.00443],[-73.48819,-42.0129],[-73.48372,-42.01933],[-73.48349,-42.02245],[-73.47114,-42.03216],[-73.46114,-42.03793],[-73.46099,-42.04762],[-73.45443,-42.06011],[-73.45811,-42.06701],[-73.46935,-42.07971],[-73.46945,-42.08627],[-73.47374,-42.09014],[-73.48105,-42.09378],[-73.4809,-42.10366],[-73.48785,-42.10888],[-73.48822,-42.1145],[-73.47896,-42.12782],[-73.47993,-42.13096],[-73.47579,-42.13525],[-73.47294,-42.14466],[-73.49159,-42.14604],[-73.49122,-42.1504],[-73.49278,-42.15191],[-73.48803,-42.15637],[-73.48908,-42.1573],[-73.48757,-42.15886],[-73.48962,-42.16253],[-73.48232,-42.17037],[-73.47471,-42.17573],[-73.47432,-42.18167],[-73.46446,-42.18762],[-73.45651,-42.20528],[-73.4516,-42.2094],[-73.44905,-42.2161],[-73.4398,-42.22155],[-73.4327,-42.23077],[-73.42826,-42.24088],[-73.42994,-42.24635],[-73.4248,-42.25163],[-73.42418,-42.25401],[-73.42833,-42.25937],[-73.42947,-42.26512],[-73.4288,-42.26818],[-73.42247,-42.27387],[-73.4225,-42.2789],[-73.42407,-42.28212],[-73.4246,-42.29714],[-73.4232,-42.30271],[-73.42775,-42.30269],[-73.4323,-42.30012],[-73.44,-42.29978],[-73.45352,-42.29524],[-73.47518,-42.28308],[-73.49683,-42.27627],[-73.50274,-42.27327],[-73.52183,-42.27286],[-73.52321,-42.27414],[-73.52417,-42.27964],[-73.53005,-42.28725],[-73.53726,-42.29095],[-73.54157,-42.29019],[-73.54517,-42.29122],[-73.54932,-42.28843],[-73.54978,-42.29184],[-73.55635,-42.29448],[-73.55848,-42.30193],[-73.56311,-42.30666],[-73.55645,-42.31566],[-73.55712,-42.32038],[-73.5667,-42.32912],[-73.596,-42.33276],[-73.61087,-42.3377],[-73.61877,-42.33781],[-73.63963,-42.34329],[-73.65389,-42.35377],[-73.65497,-42.36016],[-73.66019,-42.3665],[-73.66304,-42.36754]]}},{"id":"10357","type":"Feature","properties":{"ROL":"W-800","NOMBRE_CAMINO":"Cruce Ruta 5 (Notuco) - Huillinco - Cucao - Chanquín","CLASIFICACION":"Camino Regional Comunal","CALZADA":null,"tmda":2765.0},"geometry":{"type":"LineString","coordinates":[[-73.80903,-42.64271],[-73.81611,-42.64738],[-73.83563,-42.64543],[-73.83951,-42.64791],[-73.84311,-42.65298],[-73.84924,-42.65441],[-73.85642,-42.658],[-73.86704,-42.65775],[-73.87247,-42.65895],[-73.87606,-42.66118],[-73.87806,-42.66439],[-73.89122,-42.67275],[-73.89751,-42.67398],[-73.90377,-42.67857],[-73.92746,-42.68568],[-73.93056,-42.68816]]}},{"id":"10358","type":"Feature","properties":{"ROL":"W-800","NOMBRE_CAMINO":"Cruce Ruta 5 (Notuco) - Huillinco - Cucao - Chanquín","CLASIFICACION":"Camino Regional Comunal","CALZADA":null,"tmda":2765.0},"geometry":{"type":"LineString","coordinates":[[-73.93056,-42.68816],[-73.93357,-42.69023],[-73.93999,-42.68961],[-73.94215,-42.68832],[-73.94527,-42.68287]]}},{"id":"10359","type":"Feature","properties":{"ROL":"W-800","NOMBRE_CAMINO":"Cruce Ruta 5 (Notuco) - Huillinco - Cucao - Chanquín","CLASIFICACION":"Camino Regional Comunal","CALZADA":null,"tmda":2765.0},"geometry":{"type":"LineString","coordinates":[[-73.94527,-42.68287],[-73.96295,-42.67864],[-73.96509,-42.6762],[-73.98564,-42.67493],[-73.99371,-42.67217],[-73.99851,-42.66717],[-74.00565,-42.66435],[-74.01281,-42.66496],[-74.01888,-42.66297],[-74.02378,-42.6659],[-74.02835,-42.66422],[-74.0329,-42.66419],[-74.03617,-42.6621],[-74.0359,-42.65691],[-74.05886,-42.64854],[-74.06107,-42.64654],[-74.07127,-42.64708],[-74.07367,-42.64439],[-74.09095,-42.64071],[-74.10081,-42.64216],[-74.11,-42.63831],[-74.10493,-42.63177],[-74.11468,-42.61689],[-74.11474,-42.61353],[-74.1172,-42.60833]]}},{"id":"10360","type":"Feature","properties":{"ROL":"W-800","NOMBRE_CAMINO":"Cruce Ruta 5 (Notuco) - Huillinco - Cucao - Chanquín","CLASIFICACION":"Camino Regional Comunal","CALZADA":null,"tmda":null},"geometry":{"type":"LineString","coordinates":[[-74.1172,-42.60833],[-74.12161,-42.60112]]}},{"id":"10361","type":"Feature","properties":{"ROL":"U-900","NOMBRE_CAMINO":"Cruce Ruta 5 (Enlace Purranque) - Hueyusca - San Pedro","CLASIFICACION":"Camino Regional Comunal","CALZADA":null,"tmda":1199.0},"geometry":{"type":"LineString","coordinates":[[-73.1478,-40.91477],[-73.16334,-40.91628],[-73.16394,-40.91175],[-73.17298,-40.91033],[-73.17988,-40.91147],[-73.18373,-40.91392],[-73.19733,-40.91633],[-73.20292,-40.91614],[-73.22445,-40.91064],[-73.2291,-40.9132],[-73.2341,-40.91258],[-73.24035,-40.90928],[-73.24712,-40.90965],[-73.25831,-40.91411],[-73.26219,-40.91772],[-73.26794,-40.91789],[-73.2768,-40.92044],[-73.28274,-40.92835],[-73.28765,-40.93033],[-73.32224,-40.93224],[-73.32851,-40.92969],[-73.34898,-40.92535],[-73.3531,-40.92929],[-73.36431,-40.9334],[-73.37155,-40.93853],[-73.39569,-40.94733],[-73.42228,-40.94287],[-73.44555,-40.9405],[-73.47824,-40.93455]]}},{"id":"10362","type":"Feature","properties":{"ROL":"U-900","NOMBRE_CAMINO":"Cruce Ruta 5 (Enlace Purranque) - Hueyusca - San Pedro","CLASIFICACION":"Camino Regional Comunal","CALZADA":null,"tmda":782.0},"geometry":{"type":"LineString","coordinates":[[-73.55574,-40.94858],[-73.55943,-40.96217],[-73.57253,-40.98764],[-73.57506,-40.98925],[-73.57428,-40.99106],[-73.57609,-40.99282],[-73.57653,-40.99881],[-73.58683,-40.99934],[-73.60621,-41.004],[-73.61746,-40.99809],[-73.62504,-40.9971],[-73.632,-40.99415],[-73.63931,-40.99351],[-73.64458,-40.99592],[-73.64467,-40.99444],[-73.64966,-40.98967],[-73.64885,-40.98751],[-73.65445,-40.98702],[-73.65713,-40.97919],[-73.67827,-40.96614],[-73.684,-40.96034],[-73.69001,-40.95827],[-73.69923,-40.96011],[-73.69967,-40.95817],[-73.70569,-40.95579],[-73.70798,-40.95283],[-73.71278,-40.95076],[-73.71897,-40.94984],[-73.721,-40.95128],[-73.72216,-40.95452],[-73.72536,-40.95499],[-73.72571,-40.95681],[-73.74865,-40.96565],[-73.75364,-40.9666],[-73.75819,-40.9651],[-73.76194,-40.96612],[-73.77001,-40.96554],[-73.77223,-40.96662],[-73.782,-40.96455],[-73.78533,-40.96619],[-73.78739,-40.96889],[-73.79369,-40.96969],[-73.79682,-40.97402],[-73.80708,-40.97568],[-73.81078,-40.97493],[-73.82371,-40.96367],[-73.82528,-40.95921],[-73.82953,-40.95507],[-73.83541,-40.95397],[-73.83953,-40.94746],[-73.83874,-40.94595],[-73.84088,-40.94485],[-73.84364,-40.94549],[-73.84438,-40.94381],[-73.84797,-40.94211],[-73.85123,-40.9419],[-73.85137,-40.94342],[-73.85333,-40.94355],[-73.85528,-40.94172],[-73.85449,-40.93974],[-73.85938,-40.9401],[-73.86006,-40.94204],[-73.86214,-40.93919]]}},{"id":"10363","type":"Feature","properties":{"ROL":"U-220","NOMBRE_CAMINO":"Osorno - Trinidad - Laguna de Los Patos","CLASIFICACION":"Camino Regional Comunal","CALZADA":null,"tmda":1029.0},"geometry":{"type":"LineString","coordinates":[[-73.16719,-40.56957],[-73.16745,-40.56817],[-73.16556,-40.56659],[-73.16654,-40.56013],[-73.1722,-40.55538],[-73.17805,-40.54735],[-73.18542,-40.54548],[-73.18764,-40.54372],[-73.20034,-40.54245],[-73.20801,-40.53873],[-73.231,-40.54131],[-73.24497,-40.53891]]}},{"id":"10364","type":"Feature","properties":{"ROL":"U-220","NOMBRE_CAMINO":"Osorno - Trinidad - Laguna de Los Patos","CLASIFICACION":"Camino Regional Comunal","CALZADA":null,"tmda":1029.0},"geometry":{"type":"LineString","coordinates":[[-73.2967,-40.52822],[-73.29966,-40.51809],[-73.29357,-40.50983],[-73.29393,-40.50538],[-73.28993,-40.49564],[-73.29826,-40.48194],[-73.2967,-40.47836],[-73.28717,-40.47266],[-73.28316,-40.46604],[-73.28239,-40.46389],[-73.28446,-40.4593],[-73.28182,-40.45093],[-73.28194,-40.44843],[-73.286,-40.44686],[-73.28631,-40.44302],[-73.28982,-40.44141],[-73.29039,-40.43645],[-73.29368,-40.43574],[-73.29355,-40.4343],[-73.28818,-40.42652],[-73.28433,-40.42373],[-73.28185,-40.41527],[-73.2738,-40.40327],[-73.27355,-40.39936],[-73.26383,-40.38662],[-73.26253,-40.38294],[-73.26506,-40.3793],[-73.27568,-40.37278],[-73.28927,-40.37055],[-73.30086,-40.36366],[-73.31176,-40.35425],[-73.31243,-40.34705],[-73.3169,-40.33899],[-73.32388,-40.34039],[-73.32941,-40.33711],[-73.3427,-40.33566],[-73.35166,-40.33797],[-73.36415,-40.34387],[-73.37286,-40.33964],[-73.38032,-40.33767],[-73.38531,-40.33376],[-73.38902,-40.33336],[-73.40593,-40.33913],[-73.41246,-40.33334],[-73.41561,-40.32167],[-73.42116,-40.32025],[-73.42275,-40.31752],[-73.42905,-40.31574],[-73.44058,-40.31813],[-73.44861,-40.31645],[-73.44955,-40.31427],[-73.44826,-40.30977],[-73.45084,-40.30422],[-73.44762,-40.29331],[-73.44896,-40.28918],[-73.45445,-40.28463],[-73.45692,-40.2757],[-73.45517,-40.27369],[-73.45612,-40.27066],[-73.4591,-40.27173],[-73.46501,-40.27966],[-73.47281,-40.27958],[-73.47701,-40.27744],[-73.48793,-40.27765],[-73.50846,-40.28938],[-73.53399,-40.29188],[-73.53997,-40.29109],[-73.55103,-40.29227],[-73.55673,-40.29092]]}},{"id":"10365","type":"Feature","properties":{"ROL":"U-220","NOMBRE_CAMINO":"Osorno - Trinidad - Laguna de Los Patos","CLASIFICACION":"Camino Regional Comunal","CALZADA":null,"tmda":1029.0},"geometry":{"type":"LineString","coordinates":[[-73.24497,-40.53891],[-73.27065,-40.52966],[-73.27258,-40.52584],[-73.27633,-40.52319],[-73.27937,-40.52842],[-73.28253,-40.53052],[-73.29313,-40.53137],[-73.2967,-40.52822]]}},{"id":"10366","type":"Feature","properties":{"ROL":"U-40","NOMBRE_CAMINO":"Osorno - Bahía Mansa","CLASIFICACION":"Camino Regional Principal","CALZADA":null,"tmda":1656.0},"geometry":{"type":"LineString","coordinates":[[-73.1577,-40.57394],[-73.15901,-40.57396],[-73.16249,-40.56992],[-73.17062,-40.56915],[-73.17676,-40.56556],[-73.18948,-40.56392],[-73.19846,-40.56101],[-73.20658,-40.56041],[-73.21445,-40.56343],[-73.21779,-40.56074],[-73.22071,-40.56292],[-73.22857,-40.56454],[-73.23907,-40.56305],[-73.24685,-40.57165],[-73.25596,-40.57831],[-73.26135,-40.58491],[-73.26781,-40.5976],[-73.27285,-40.59921],[-73.27874,-40.59744],[-73.29063,-40.60424],[-73.29925,-40.60084],[-73.32006,-40.6023],[-73.33247,-40.60003],[-73.33758,-40.6007],[-73.35242,-40.60651],[-73.35543,-40.60925],[-73.36283,-40.61242],[-73.37323,-40.61405],[-73.39304,-40.61049],[-73.40047,-40.61306],[-73.42876,-40.61432],[-73.4376,-40.61619],[-73.44429,-40.62043],[-73.45102,-40.61919],[-73.46624,-40.6001],[-73.48246,-40.60113],[-73.5198,-40.5916],[-73.52502,-40.59332],[-73.53396,-40.58863],[-73.54868,-40.58922],[-73.55188,-40.58743],[-73.55643,-40.5873],[-73.56049,-40.58425],[-73.56468,-40.58371],[-73.56639,-40.58212],[-73.57475,-40.58206],[-73.58565,-40.57947],[-73.59207,-40.58079],[-73.59442,-40.57866],[-73.60088,-40.57763],[-73.60638,-40.57906],[-73.60828,-40.58183],[-73.61246,-40.58387],[-73.62062,-40.58229],[-73.62606,-40.58321],[-73.62943,-40.5819],[-73.63546,-40.58322],[-73.63963,-40.58574],[-73.64364,-40.58503],[-73.65216,-40.5868],[-73.656,-40.585],[-73.66268,-40.585],[-73.66464,-40.58344],[-73.66873,-40.58729],[-73.67762,-40.58141],[-73.69028,-40.58092]]}},{"id":"10367","type":"Feature","properties":{"ROL":"U-40","NOMBRE_CAMINO":"Osorno - Bahía Mansa","CLASIFICACION":"Camino Regional Principal","CALZADA":null,"tmda":1088.0},"geometry":{"type":"LineString","coordinates":[[-73.69028,-40.58092],[-73.69459,-40.58012],[-73.69606,-40.5827],[-73.7017,-40.58316],[-73.70879,-40.57953],[-73.71475,-40.57848],[-73.731,-40.58512],[-73.73162,-40.58355],[-73.73391,-40.58351],[-73.73233,-40.58109],[-73.73665,-40.58041]]}},{"id":"10368","type":"Feature","properties":{"ROL":"U-720","NOMBRE_CAMINO":"Osorno - Riachuelo - Crucero","CLASIFICACION":"Camino Regional Comunal","CALZADA":null,"tmda":968.0},"geometry":{"type":"LineString","coordinates":[[-73.15903,-40.57395],[-73.15869,-40.57732],[-73.18126,-40.60503],[-73.18105,-40.60734],[-73.18301,-40.60908],[-73.18446,-40.61536],[-73.18853,-40.61969],[-73.19664,-40.62252],[-73.19946,-40.62579],[-73.21291,-40.63057],[-73.2328,-40.64723],[-73.24059,-40.64846],[-73.24761,-40.64763],[-73.2543,-40.65323],[-73.25493,-40.66128],[-73.25946,-40.6703],[-73.26209,-40.67297],[-73.26227,-40.67635],[-73.26484,-40.67926],[-73.26394,-40.68881],[-73.26593,-40.69604],[-73.26818,-40.70031],[-73.27416,-40.70371],[-73.27172,-40.70761],[-73.27351,-40.71843],[-73.27045,-40.72724],[-73.27035,-40.73353],[-73.27244,-40.74054],[-73.27068,-40.74526],[-73.27394,-40.74654],[-73.27381,-40.75028],[-73.27502,-40.75182],[-73.27912,-40.75504],[-73.28486,-40.75602],[-73.28846,-40.76051],[-73.29547,-40.77765],[-73.3004,-40.78278],[-73.30212,-40.79059],[-73.30882,-40.80111],[-73.31904,-40.80135],[-73.32536,-40.80333],[-73.3264,-40.8067],[-73.33353,-40.81026],[-73.34085,-40.82287],[-73.34681,-40.82654],[-73.3508,-40.83267],[-73.35755,-40.83655],[-73.36565,-40.83862],[-73.36897,-40.84277],[-73.36991,-40.84811],[-73.3646,-40.85587],[-73.36166,-40.86303],[-73.36268,-40.86826],[-73.35838,-40.8704],[-73.35785,-40.87283],[-73.35047,-40.87693],[-73.3471,-40.88168],[-73.34567,-40.89096],[-73.34894,-40.90282],[-73.34603,-40.91238],[-73.34869,-40.92546]]}},{"id":"10369","type":"Feature","properties":{"ROL":"W-631","NOMBRE_CAMINO":"San Agustín - Aldachildo - Chalihue","CLASIFICACION":"Camino Regional Comunal","CALZADA":null,"tmda":null},"geometry":{"type":"LineString","coordinates":[[-73.63294,-42.61286],[-73.62871,-42.60671],[-73.6245,-42.60505],[-73.62034,-42.59746],[-73.61427,-42.59479],[-73.61236,-42.58742],[-73.61379,-42.58525],[-73.61155,-42.58256]]}},{"id":"10370","type":"Feature","properties":{"ROL":"W-631","NOMBRE_CAMINO":"San Agustín - Aldachildo - Chalihue","CLASIFICACION":"Camino Regional Comunal","CALZADA":null,"tmda":null},"geometry":{"type":"LineString","coordinates":[[-73.61155,-42.58256],[-73.60674,-42.57815],[-73.59504,-42.58112],[-73.59289,-42.57827],[-73.58996,-42.57782]]}},{"id":"10371","type":"Feature","properties":{"ROL":"W-635","NOMBRE_CAMINO":"Rampa Huicha - Puqueldón - Detif","CLASIFICACION":"Camino Regional Comunal","CALZADA":null,"tmda":855.0},"geometry":{"type":"LineString","coordinates":[[-73.73627,-42.65023],[-73.7355,-42.6504]]}},{"id":"10372","type":"Feature","properties":{"ROL":"W-635","NOMBRE_CAMINO":"Rampa Huicha - Puqueldón - Detif","CLASIFICACION":"Camino Regional Comunal","CALZADA":null,"tmda":855.0},"geometry":{"type":"LineString","coordinates":[[-73.72196,-42.63795],[-73.72359,-42.63748],[-73.72374,-42.63318],[-73.715,-42.63357],[-73.71365,-42.63196],[-73.71504,-42.63054],[-73.71358,-42.62764],[-73.71761,-42.62237],[-73.71948,-42.61681],[-73.71821,-42.61446],[-73.71228,-42.61247],[-73.69962,-42.61143],[-73.68831,-42.60401],[-73.67879,-42.60248],[-73.67095,-42.60401],[-73.67603,-42.59947],[-73.66964,-42.60093],[-73.66295,-42.59884],[-73.65341,-42.60267],[-73.64996,-42.60592],[-73.64724,-42.60522],[-73.64131,-42.60986],[-73.63581,-42.61048],[-73.63284,-42.61295],[-73.62827,-42.61799],[-73.62533,-42.61947],[-73.62324,-42.62387],[-73.6205,-42.62623],[-73.62127,-42.63092],[-73.61905,-42.63312],[-73.61857,-42.63667],[-73.60608,-42.63716],[-73.59767,-42.63471],[-73.58921,-42.64054],[-73.58673,-42.6426],[-73.58608,-42.64772],[-73.58339,-42.64874],[-73.58224,-42.65262],[-73.58675,-42.65721],[-73.58422,-42.65832],[-73.58516,-42.66421],[-73.58288,-42.66627],[-73.58057,-42.67494],[-73.5782,-42.6774],[-73.57614,-42.67701],[-73.57482,-42.67869],[-73.57549,-42.67975],[-73.57365,-42.67921],[-73.56347,-42.68614],[-73.55867,-42.68661],[-73.55563,-42.68508],[-73.55659,-42.68491]]}},{"id":"10373","type":"Feature","properties":{"ROL":"URBW21","NOMBRE_CAMINO":"Cruce Ruta 5 (Av. Pedro Montt) - Eusebio Lillo","CLASIFICACION":"Camino Regional Comunal (Conexión Vial Urbana)","CALZADA":null,"tmda":null},"geometry":{"type":"LineString","coordinates":[[-73.76434,-42.47163],[-73.75997,-42.47713],[-73.76058,-42.47935],[-73.75915,-42.48225],[-73.76286,-42.48548]]}},{"id":"10374","type":"Feature","properties":{"ROL":"W-35","NOMBRE_CAMINO":"Cruce Ruta 5 (Degán) - Quemchi","CLASIFICACION":"Camino Regional Principal","CALZADA":null,"tmda":4819.0},"geometry":{"type":"LineString","coordinates":[[-73.71939,-42.14476],[-73.71487,-42.14451],[-73.69443,-42.14966],[-73.68592,-42.14997],[-73.59793,-42.17491],[-73.58623,-42.16587],[-73.57309,-42.16125],[-73.56646,-42.15644],[-73.5586,-42.15651],[-73.54905,-42.15523],[-73.54633,-42.15367],[-73.50459,-42.14997],[-73.497,-42.1521],[-73.49278,-42.15191]]}},{"id":"10375","type":"Feature","properties":{"ROL":"W-455","NOMBRE_CAMINO":"Dalcahue - Teguel - Quiquel","CLASIFICACION":"Camino Regional Comunal","CALZADA":null,"tmda":null},"geometry":{"type":"LineString","coordinates":[[-73.65273,-42.37966],[-73.63853,-42.37243]]}},{"id":"10376","type":"Feature","properties":{"ROL":"W-455","NOMBRE_CAMINO":"Dalcahue - Teguel - Quiquel","CLASIFICACION":"Camino Regional Comunal","CALZADA":null,"tmda":null},"geometry":{"type":"LineString","coordinates":[[-73.63853,-42.37243],[-73.63363,-42.3685],[-73.6318,-42.36545],[-73.62523,-42.36124],[-73.61496,-42.35812]]}},{"id":"10377","type":"Feature","properties":{"ROL":"W-455","NOMBRE_CAMINO":"Dalcahue - Teguel - Quiquel","CLASIFICACION":"Camino Regional Comunal","CALZADA":null,"tmda":null},"geometry":{"type":"LineString","coordinates":[[-73.61496,-42.35812],[-73.61118,-42.35917],[-73.61028,-42.35731],[-73.60636,-42.35525],[-73.5998,-42.35625],[-73.59617,-42.35218],[-73.59289,-42.35159]]}},{"id":"10378","type":"Feature","properties":{"ROL":"W-151","NOMBRE_CAMINO":"Cruce Ruta 5 (San Juan) - a Linao","CLASIFICACION":"Camino Regional Provincial","CALZADA":null,"tmda":1025.0},"geometry":{"type":"LineString","coordinates":[[-73.6829,-41.89116],[-73.7051,-41.89822]]}},{"id":"10379","type":"Feature","properties":{"ROL":"W-151","NOMBRE_CAMINO":"Cruce Ruta 5 (San Juan) - a Linao","CLASIFICACION":"Camino Regional Provincial","CALZADA":null,"tmda":1025.0},"geometry":{"type":"LineString","coordinates":[[-73.7051,-41.89822],[-73.70542,-41.89962],[-73.70256,-41.90415],[-73.66685,-41.95743]]}},{"id":"10380","type":"Feature","properties":{"ROL":"W-151","NOMBRE_CAMINO":"Cruce Ruta 5 (San Juan) - a Linao","CLASIFICACION":"Camino Regional Provincial","CALZADA":null,"tmda":586.0},"geometry":{"type":"LineString","coordinates":[[-73.66685,-41.95743],[-73.65052,-41.98104],[-73.64558,-41.98352],[-73.63985,-41.98372],[-73.61744,-41.9769],[-73.60926,-41.98102],[-73.60486,-41.9851],[-73.59443,-41.98689],[-73.57252,-41.97893],[-73.56771,-41.97241]]}},{"id":"10381","type":"Feature","properties":{"ROL":"W-540","NOMBRE_CAMINO":"Cruce Ruta 5 (Gamboa) - La Montaña","CLASIFICACION":"Camino Regional Comunal","CALZADA":null,"tmda":null},"geometry":{"type":"LineString","coordinates":[[-73.77359,-42.48366],[-73.78302,-42.4829]]}},{"id":"10382","type":"Feature","properties":{"ROL":"W-540","NOMBRE_CAMINO":"Cruce Ruta 5 (Gamboa) - La Montaña","CLASIFICACION":"Camino Regional Comunal","CALZADA":null,"tmda":null},"geometry":{"type":"LineString","coordinates":[[-73.7919,-42.4766],[-73.8003,-42.47332],[-73.80301,-42.46953],[-73.80799,-42.46627],[-73.81274,-42.46952],[-73.81654,-42.46904],[-73.81861,-42.47022],[-73.82132,-42.46986],[-73.82483,-42.46722]]}},{"id":"10383","type":"Feature","properties":{"ROL":"W-593","NOMBRE_CAMINO":"Troncal Huyar - Museo Changuitad","CLASIFICACION":"Camino Regional Comunal","CALZADA":null,"tmda":null},"geometry":{"type":"LineString","coordinates":[[-73.60272,-42.41442],[-73.60518,-42.41635]]}},{"id":"10384","type":"Feature","properties":{"ROL":"W-593","NOMBRE_CAMINO":"Troncal Huyar - Museo Changuitad","CLASIFICACION":"Camino Regional Comunal","CALZADA":null,"tmda":null},"geometry":{"type":"LineString","coordinates":[[-73.60518,-42.41635],[-73.60997,-42.42042],[-73.6194,-42.42108]]}},{"id":"10385","type":"Feature","properties":{"ROL":"U-485","NOMBRE_CAMINO":"Puyehue - Antillanca","CLASIFICACION":"Camino Regional Comunal","CALZADA":null,"tmda":692.0},"geometry":{"type":"LineString","coordinates":[[-72.32809,-40.70745],[-72.3236,-40.71706],[-72.31866,-40.71811],[-72.31812,-40.7228],[-72.31475,-40.73032],[-72.31152,-40.73145],[-72.30669,-40.7369]]}},{"id":"10386","type":"Feature","properties":{"ROL":"U-485","NOMBRE_CAMINO":"Puyehue - Antillanca","CLASIFICACION":"Camino Regional Comunal","CALZADA":null,"tmda":692.0},"geometry":{"type":"LineString","coordinates":[[-72.30669,-40.7369],[-72.30535,-40.7384],[-72.32111,-40.73355],[-72.32931,-40.73563],[-72.32975,-40.7381],[-72.32474,-40.74213],[-72.32128,-40.74717],[-72.31628,-40.75045],[-72.31662,-40.75157],[-72.30594,-40.75231],[-72.29639,-40.75724],[-72.29794,-40.75994],[-72.29262,-40.76432],[-72.29381,-40.76803],[-72.29175,-40.76975],[-72.28224,-40.77175],[-72.27097,-40.77038],[-72.2627,-40.77472],[-72.26277,-40.77703],[-72.25448,-40.78055],[-72.25267,-40.78099],[-72.24778,-40.77891],[-72.23985,-40.78166],[-72.22749,-40.78335],[-72.21239,-40.78179],[-72.20896,-40.77828],[-72.20808,-40.77461],[-72.20486,-40.77462],[-72.20469,-40.77574]]}},{"id":"10387","type":"Feature","properties":{"ROL":"W-853","NOMBRE_CAMINO":"Cruce Ruta 5 (Chonchi) - Queilén","CLASIFICACION":"Camino Regional Provincial","CALZADA":null,"tmda":900.0},"geometry":{"type":"LineString","coordinates":[[-73.80256,-42.61049],[-73.76538,-42.63013],[-73.76146,-42.63489],[-73.74697,-42.64589],[-73.7325,-42.65178],[-73.71517,-42.66321],[-73.71182,-42.66969],[-73.70722,-42.68553],[-73.70402,-42.69101],[-73.68428,-42.71136],[-73.66565,-42.73455],[-73.64663,-42.74916],[-73.63957,-42.75941],[-73.63115,-42.76028],[-73.62262,-42.7633],[-73.61697,-42.76883],[-73.60972,-42.76896],[-73.60217,-42.77513],[-73.596,-42.7779],[-73.56985,-42.78092],[-73.56486,-42.78406],[-73.55259,-42.78721],[-73.52606,-42.79816],[-73.51759,-42.80635],[-73.51533,-42.81144],[-73.5027,-42.81742],[-73.48702,-42.82762],[-73.48017,-42.83011],[-73.47524,-42.8408],[-73.47475,-42.86096],[-73.46829,-42.87249],[-73.46697,-42.87851],[-73.46845,-42.88584],[-73.47215,-42.889],[-73.47735,-42.89035]]}},{"id":"10388","type":"Feature","properties":{"ROL":"U-481","NOMBRE_CAMINO":"Chinchín - Entre Lagos","CLASIFICACION":"Camino Regional Comunal","CALZADA":null,"tmda":null},"geometry":{"type":"LineString","coordinates":[[-72.6299,-40.67093],[-72.62567,-40.67202],[-72.61664,-40.67871]]}},{"id":"10389","type":"Feature","properties":{"ROL":"W-651","NOMBRE_CAMINO":"Putemún - Rilán - Aguantao","CLASIFICACION":"Camino Regional Comunal","CALZADA":null,"tmda":3663.0},"geometry":{"type":"LineString","coordinates":[[-73.72795,-42.41958],[-73.71976,-42.42265],[-73.7189,-42.42868],[-73.71147,-42.43553],[-73.70858,-42.44735],[-73.70948,-42.46947],[-73.70447,-42.4793],[-73.69885,-42.48198]]}},{"id":"10390","type":"Feature","properties":{"ROL":"W-651","NOMBRE_CAMINO":"Putemún - Rilán - Aguantao","CLASIFICACION":"Camino Regional Comunal","CALZADA":null,"tmda":798.0},"geometry":{"type":"LineString","coordinates":[[-73.69885,-42.48198],[-73.68691,-42.48826],[-73.68505,-42.49366],[-73.67059,-42.50736],[-73.66238,-42.51429],[-73.65025,-42.52114],[-73.63593,-42.52275],[-73.62798,-42.51992],[-73.62549,-42.52192],[-73.62071,-42.52232]]}},{"id":"10391","type":"Feature","properties":{"ROL":"W-651","NOMBRE_CAMINO":"Putemún - Rilán - Aguantao","CLASIFICACION":"Camino Regional Comunal","CALZADA":null,"tmda":798.0},"geometry":{"type":"LineString","coordinates":[[-73.62071,-42.52232],[-73.61517,-42.52228],[-73.6088,-42.5197],[-73.60288,-42.52096],[-73.59241,-42.524],[-73.58754,-42.5314]]}},{"id":"10392","type":"Feature","properties":{"ROL":"W-881","NOMBRE_CAMINO":"Cruce Ruta 5 (Quellón) - Oqueldán - Chaiguao - Chincol","CLASIFICACION":"Camino Regional Comunal","CALZADA":null,"tmda":null},"geometry":{"type":"LineString","coordinates":[[-73.60489,-43.11624],[-73.60212,-43.11757],[-73.58947,-43.11839],[-73.58715,-43.11706],[-73.57933,-43.11766],[-73.57083,-43.11527],[-73.56498,-43.11066],[-73.55816,-43.11273],[-73.55122,-43.11184],[-73.54383,-43.10696],[-73.54303,-43.10331],[-73.54385,-43.10081],[-73.54193,-43.09956],[-73.53949,-43.10168],[-73.53608,-43.10917],[-73.52412,-43.12088],[-73.50773,-43.12732]]}},{"id":"10393","type":"Feature","properties":{"ROL":"W-881","NOMBRE_CAMINO":"Cruce Ruta 5 (Quellón) - Oqueldán - Chaiguao - Chincol","CLASIFICACION":"Camino Regional Comunal","CALZADA":null,"tmda":null},"geometry":{"type":"LineString","coordinates":[[-73.50773,-43.12732],[-73.50618,-43.12789],[-73.49238,-43.12239],[-73.48815,-43.11932],[-73.48088,-43.11843],[-73.47951,-43.11686]]}},{"id":"10394","type":"Feature","properties":{"ROL":"W-883","NOMBRE_CAMINO":"Cruce Ruta 5 - Díaz Lira","CLASIFICACION":"Camino Regional Comunal","CALZADA":null,"tmda":506.0},"geometry":{"type":"LineString","coordinates":[[-73.75045,-42.83637],[-73.7394,-42.83691],[-73.73091,-42.84916],[-73.72361,-42.85232],[-73.70829,-42.85256],[-73.70444,-42.85146],[-73.69983,-42.84745],[-73.69642,-42.84884],[-73.69663,-42.85027],[-73.69432,-42.85269],[-73.69352,-42.84779],[-73.69284,-42.84917],[-73.68259,-42.85205]]}},{"id":"10395","type":"Feature","properties":{"ROL":"W-883","NOMBRE_CAMINO":"Cruce Ruta 5 - Díaz Lira","CLASIFICACION":"Camino Regional Comunal","CALZADA":null,"tmda":506.0},"geometry":{"type":"LineString","coordinates":[[-73.68259,-42.85205],[-73.67809,-42.85484],[-73.67055,-42.85682],[-73.66109,-42.85297],[-73.65715,-42.85324],[-73.65021,-42.84519],[-73.63544,-42.8433],[-73.62482,-42.83539],[-73.6174,-42.83341],[-73.61749,-42.83171]]}},{"id":"10396","type":"Feature","properties":{"ROL":"W-883","NOMBRE_CAMINO":"Cruce Ruta 5 - Díaz Lira","CLASIFICACION":"Camino Regional Comunal","CALZADA":null,"tmda":506.0},"geometry":{"type":"LineString","coordinates":[[-73.61922,-42.82788],[-73.62197,-42.82092],[-73.62116,-42.81558],[-73.62577,-42.80844],[-73.62227,-42.80152],[-73.61796,-42.80001],[-73.61281,-42.79697],[-73.61316,-42.79548],[-73.6013,-42.78963],[-73.59267,-42.78937],[-73.58961,-42.78512],[-73.59229,-42.77883]]}},{"id":"10397","type":"Feature","properties":{"ROL":"U-101","NOMBRE_CAMINO":"Cruce Ruta 5 (San Pablo) - San Antonio","CLASIFICACION":"Camino Regional de Acceso","CALZADA":null,"tmda":null},"geometry":{"type":"LineString","coordinates":[[-73.00197,-40.41063],[-72.99801,-40.41006]]}},{"id":"10398","type":"Feature","properties":{"ROL":"U-101","NOMBRE_CAMINO":"Cruce Ruta 5 (San Pablo) - San Antonio","CLASIFICACION":"Camino Regional de Acceso","CALZADA":null,"tmda":null},"geometry":{"type":"LineString","coordinates":[[-72.99801,-40.41006],[-72.98646,-40.4083],[-72.97951,-40.40424],[-72.97702,-40.4044],[-72.97593,-40.40574]]}},{"id":"10399","type":"Feature","properties":{"ROL":"U-103","NOMBRE_CAMINO":"Polloico - Las Lumas","CLASIFICACION":"Camino Regional Comunal","CALZADA":null,"tmda":null},"geometry":{"type":"LineString","coordinates":[[-72.99047,-40.60126],[-72.99024,-40.60214]]}},{"id":"10400","type":"Feature","properties":{"ROL":"U-103","NOMBRE_CAMINO":"Polloico - Las Lumas","CLASIFICACION":"Camino Regional Comunal","CALZADA":null,"tmda":null},"geometry":{"type":"LineString","coordinates":[[-72.99024,-40.60214],[-72.99053,-40.6053]]}},{"id":"10401","type":"Feature","properties":{"ROL":"V-815","NOMBRE_CAMINO":"Panitao - Huelmo - Calbuco","CLASIFICACION":"Camino Regional Comunal","CALZADA":null,"tmda":4236.0},"geometry":{"type":"LineString","coordinates":[[-73.05023,-41.53166],[-73.0508,-41.53368]]}},{"id":"10402","type":"Feature","properties":{"ROL":"V-815","NOMBRE_CAMINO":"Panitao - Huelmo - Calbuco","CLASIFICACION":"Camino Regional Comunal","CALZADA":null,"tmda":4236.0},"geometry":{"type":"LineString","coordinates":[[-73.0508,-41.53368],[-73.05563,-41.54992],[-73.0611,-41.55564],[-73.07016,-41.55886]]}},{"id":"10403","type":"Feature","properties":{"ROL":"V-815","NOMBRE_CAMINO":"Panitao - Huelmo - Calbuco","CLASIFICACION":"Camino Regional Comunal","CALZADA":null,"tmda":2364.0},"geometry":{"type":"LineString","coordinates":[[-73.07016,-41.55886],[-73.0845,-41.56519],[-73.09182,-41.57016],[-73.10524,-41.59153],[-73.10621,-41.6174],[-73.09943,-41.62726],[-73.09034,-41.65159],[-73.07945,-41.6608],[-73.08031,-41.66593],[-73.08273,-41.66837],[-73.08251,-41.67193],[-73.07937,-41.67911],[-73.08091,-41.68624],[-73.09795,-41.6899],[-73.10994,-41.68733],[-73.11701,-41.69026],[-73.12755,-41.68261],[-73.13638,-41.67913],[-73.14737,-41.68557],[-73.14659,-41.68964],[-73.15425,-41.70005],[-73.15355,-41.70546],[-73.15573,-41.70899],[-73.15465,-41.7134],[-73.16619,-41.7155],[-73.18082,-41.72362]]}},{"id":"10404","type":"Feature","properties":{"ROL":"U-304","NOMBRE_CAMINO":"Bahía Mansa - Río Contaco","CLASIFICACION":"Camino Regional Comunal","CALZADA":null,"tmda":null},"geometry":{"type":"LineString","coordinates":[[-73.71218,-40.57897],[-73.71062,-40.57698],[-73.70998,-40.57069],[-73.70335,-40.5624],[-73.70497,-40.56227]]}},{"id":"10405","type":"Feature","properties":{"ROL":"U-951","NOMBRE_CAMINO":"Cruce Ruta 5 (Cuatro Vientos) - Puerto Octay","CLASIFICACION":"Camino Regional Comunal","CALZADA":null,"tmda":1536.0},"geometry":{"type":"LineString","coordinates":[[-73.1396,-40.94084],[-73.13712,-40.9432],[-73.11557,-40.94072],[-73.09349,-40.94181],[-73.06603,-40.94098],[-73.03909,-40.9317],[-73.00819,-40.93344],[-72.99389,-40.9398]]}},{"id":"10406","type":"Feature","properties":{"ROL":"U-951","NOMBRE_CAMINO":"Cruce Ruta 5 (Cuatro Vientos) - Puerto Octay","CLASIFICACION":"Camino Regional Comunal","CALZADA":null,"tmda":1536.0},"geometry":{"type":"LineString","coordinates":[[-72.99389,-40.9398],[-72.9833,-40.94452],[-72.96015,-40.9444]]}},{"id":"10407","type":"Feature","properties":{"ROL":"U-951","NOMBRE_CAMINO":"Cruce Ruta 5 (Cuatro Vientos) - Puerto Octay","CLASIFICACION":"Camino Regional Comunal","CALZADA":null,"tmda":1536.0},"geometry":{"type":"LineString","coordinates":[[-72.96015,-40.9444],[-72.91666,-40.94413],[-72.90604,-40.94986],[-72.90347,-40.95277],[-72.9024,-40.95642],[-72.88985,-40.96234]]}},{"id":"10408","type":"Feature","properties":{"ROL":"V-843","NOMBRE_CAMINO":"San Rafael - San Antonio","CLASIFICACION":"Camino Regional Comunal","CALZADA":null,"tmda":null},"geometry":{"type":"LineString","coordinates":[[-73.16707,-41.75106],[-73.16592,-41.75808],[-73.16124,-41.76142],[-73.16216,-41.76433],[-73.1598,-41.76712],[-73.16501,-41.77171],[-73.1807,-41.77578],[-73.19013,-41.78155]]}},{"id":"10409","type":"Feature","properties":{"ROL":"V-843","NOMBRE_CAMINO":"San Rafael - San Antonio","CLASIFICACION":"Camino Regional Comunal","CALZADA":null,"tmda":null},"geometry":{"type":"LineString","coordinates":[[-73.2109,-41.78075],[-73.22473,-41.77561],[-73.23355,-41.77421]]}},{"id":"10410","type":"Feature","properties":{"ROL":"V-843","NOMBRE_CAMINO":"San Rafael - San Antonio","CLASIFICACION":"Camino Regional Comunal","CALZADA":null,"tmda":null},"geometry":{"type":"LineString","coordinates":[[-73.19013,-41.78155],[-73.19668,-41.78605],[-73.19894,-41.78566],[-73.20187,-41.78256]]}},{"id":"10411","type":"Feature","properties":{"ROL":"V-843","NOMBRE_CAMINO":"San Rafael - San Antonio","CLASIFICACION":"Camino Regional Comunal","CALZADA":null,"tmda":null},"geometry":{"type":"LineString","coordinates":[[-73.23355,-41.77421],[-73.23456,-41.77431],[-73.23283,-41.77455]]}},{"id":"10412","type":"Feature","properties":{"ROL":"U-100","NOMBRE_CAMINO":"San Pablo - Trumao - Quilacahuín","CLASIFICACION":"Camino Regional Comunal","CALZADA":null,"tmda":193.0},"geometry":{"type":"LineString","coordinates":[[-73.01263,-40.41267],[-73.0157,-40.40961],[-73.01555,-40.4072]]}},{"id":"10413","type":"Feature","properties":{"ROL":"U-100","NOMBRE_CAMINO":"San Pablo - Trumao - Quilacahuín","CLASIFICACION":"Camino Regional Comunal","CALZADA":null,"tmda":318.0},"geometry":{"type":"LineString","coordinates":[[-73.01555,-40.4072],[-73.01611,-40.40352],[-73.03017,-40.38564],[-73.03377,-40.38374],[-73.04058,-40.38285],[-73.04915,-40.37773],[-73.05727,-40.38166],[-73.06174,-40.38662],[-73.07937,-40.38042],[-73.08932,-40.37849],[-73.09601,-40.37862],[-73.10325,-40.38136],[-73.11346,-40.38246],[-73.13965,-40.37856],[-73.14644,-40.37228],[-73.16148,-40.36504],[-73.16147,-40.36256]]}},{"id":"10414","type":"Feature","properties":{"ROL":"URBU551V","NOMBRE_CAMINO":"Nochaco - Puerto Octay - Frutillar Alto","CLASIFICACION":"Camino Regional Comunal (Conexión Vial Urbana)","CALZADA":null,"tmda":null},"geometry":{"type":"LineString","coordinates":[[-72.88433,-40.97151],[-72.88422,-40.97447],[-72.88515,-40.97468]]}},{"id":"10415","type":"Feature","properties":{"ROL":"URBV11","NOMBRE_CAMINO":"Av. Colón - Av. San Francisco","CLASIFICACION":"Camino Regional Comunal (Conexión Vial Urbana)","CALZADA":null,"tmda":null},"geometry":{"type":"LineString","coordinates":[[-72.98517,-41.32626],[-72.98523,-41.32393],[-72.98168,-41.3239],[-72.97182,-41.33113],[-72.96348,-41.33296],[-72.9622,-41.33483]]}},{"id":"10416","type":"Feature","properties":{"ROL":"URBV15","NOMBRE_CAMINO":"Av. Río Puelche","CLASIFICACION":"Camino Regional Comunal (Conexión Vial Urbana)","CALZADA":null,"tmda":null},"geometry":{"type":"LineString","coordinates":[[-72.92134,-41.47481],[-72.92046,-41.47329],[-72.91808,-41.47399]]}},{"id":"10417","type":"Feature","properties":{"ROL":"V-877","NOMBRE_CAMINO":"Texas - By Pass","CLASIFICACION":"Camino Regional Comunal","CALZADA":null,"tmda":null},"geometry":{"type":"LineString","coordinates":[[-73.15212,-41.75521],[-73.15986,-41.76718]]}},{"id":"10418","type":"Feature","properties":{"ROL":"V-123","NOMBRE_CAMINO":"Cruce Ruta 5 (Casma) - Río Pescado","CLASIFICACION":"Camino Regional de Acceso","CALZADA":null,"tmda":null},"geometry":{"type":"LineString","coordinates":[[-73.12148,-41.01321],[-73.12078,-41.01398]]}},{"id":"10419","type":"Feature","properties":{"ROL":"V-123","NOMBRE_CAMINO":"Cruce Ruta 5 (Casma) - Río Pescado","CLASIFICACION":"Camino Regional de Acceso","CALZADA":null,"tmda":null},"geometry":{"type":"LineString","coordinates":[[-73.11696,-41.02029],[-73.11752,-41.01898],[-73.11307,-41.01714],[-73.09903,-41.01708],[-73.08918,-41.01507],[-73.08451,-41.01647]]}},{"id":"10420","type":"Feature","properties":{"ROL":"V-305","NOMBRE_CAMINO":"Quebrada Honda - Punta Larga - Frutillar","CLASIFICACION":"Camino Regional Comunal","CALZADA":null,"tmda":688.0},"geometry":{"type":"LineString","coordinates":[[-73.02241,-41.18948],[-73.01726,-41.18766],[-73.00703,-41.18718],[-72.99969,-41.1912],[-72.98706,-41.19219],[-72.98457,-41.18853],[-72.97197,-41.18105],[-72.96293,-41.17013],[-72.96229,-41.16534],[-72.96299,-41.16077],[-72.96598,-41.15748],[-72.9769,-41.15027],[-72.98259,-41.14803],[-73.00213,-41.14716],[-73.0149,-41.14998],[-73.02122,-41.14586]]}},{"id":"10421","type":"Feature","properties":{"ROL":"V-351","NOMBRE_CAMINO":"Cruce Ruta 5 - Totoral","CLASIFICACION":"Camino Regional Comunal","CALZADA":null,"tmda":null},"geometry":{"type":"LineString","coordinates":[[-73.05424,-41.21693],[-73.05279,-41.21682]]}},{"id":"10422","type":"Feature","properties":{"ROL":"V-351","NOMBRE_CAMINO":"Cruce Ruta 5 - Totoral","CLASIFICACION":"Camino Regional Comunal","CALZADA":null,"tmda":null},"geometry":{"type":"LineString","coordinates":[[-73.05279,-41.21682],[-73.0461,-41.21805],[-73.03398,-41.21643]]}},{"id":"10423","type":"Feature","properties":{"ROL":"V-401","NOMBRE_CAMINO":"Cruce Ruta 5 - Río Maullín","CLASIFICACION":"Camino Regional Comunal","CALZADA":null,"tmda":null},"geometry":{"type":"LineString","coordinates":[[-73.01171,-41.26323],[-73.00948,-41.2601],[-73.00488,-41.25769]]}},{"id":"10424","type":"Feature","properties":{"ROL":"V-501","NOMBRE_CAMINO":"Cruce Ruta 5 - Estación Alerce","CLASIFICACION":"Camino Regional Comunal","CALZADA":null,"tmda":null},"geometry":{"type":"LineString","coordinates":[[-72.95735,-41.41011],[-72.95652,-41.41091]]}},{"id":"10425","type":"Feature","properties":{"ROL":"V-501","NOMBRE_CAMINO":"Cruce Ruta 5 - Estación Alerce","CLASIFICACION":"Camino Regional Comunal","CALZADA":null,"tmda":null},"geometry":{"type":"LineString","coordinates":[[-72.95652,-41.41091],[-72.95646,-41.4109]]}},{"id":"10426","type":"Feature","properties":{"ROL":"V-501","NOMBRE_CAMINO":"Cruce Ruta 5 - Estación Alerce","CLASIFICACION":"Camino Regional Comunal","CALZADA":null,"tmda":null},"geometry":{"type":"LineString","coordinates":[[-72.95646,-41.4109],[-72.95341,-41.41066],[-72.94609,-41.41385]]}},{"id":"10427","type":"Feature","properties":{"ROL":"V-501","NOMBRE_CAMINO":"Cruce Ruta 5 - Estación Alerce","CLASIFICACION":"Camino Regional Comunal","CALZADA":null,"tmda":null},"geometry":{"type":"LineString","coordinates":[[-72.94609,-41.41385],[-72.93892,-41.41661],[-72.93316,-41.41267]]}},{"id":"10428","type":"Feature","properties":{"ROL":"V-501","NOMBRE_CAMINO":"Cruce Ruta 5 - Estación Alerce","CLASIFICACION":"Camino Regional Comunal","CALZADA":null,"tmda":null},"geometry":{"type":"LineString","coordinates":[[-72.93316,-41.41267],[-72.92213,-41.40583]]}},{"id":"10429","type":"Feature","properties":{"ROL":"V-501","NOMBRE_CAMINO":"Cruce Ruta 5 - Estación Alerce","CLASIFICACION":"Camino Regional Comunal","CALZADA":null,"tmda":null},"geometry":{"type":"LineString","coordinates":[[-72.92213,-41.40583],[-72.91689,-41.40343]]}},{"id":"10430","type":"Feature","properties":{"ROL":"V-615","NOMBRE_CAMINO":"Alerce - Colonia Río Sur","CLASIFICACION":"Camino Regional Comunal","CALZADA":null,"tmda":null},"geometry":{"type":"LineString","coordinates":[[-72.91826,-41.39902],[-72.90987,-41.39804],[-72.88796,-41.39115]]}},{"id":"10431","type":"Feature","properties":{"ROL":"V-615","NOMBRE_CAMINO":"Alerce - Colonia Río Sur","CLASIFICACION":"Camino Regional Comunal","CALZADA":null,"tmda":null},"geometry":{"type":"LineString","coordinates":[[-72.88796,-41.39115],[-72.8405,-41.37638]]}},{"id":"10432","type":"Feature","properties":{"ROL":"V-615","NOMBRE_CAMINO":"Alerce - Colonia Río Sur","CLASIFICACION":"Camino Regional Comunal","CALZADA":null,"tmda":null},"geometry":{"type":"LineString","coordinates":[[-72.8405,-41.37638],[-72.82521,-41.37155],[-72.82468,-41.36607],[-72.82624,-41.36471],[-72.82584,-41.36365],[-72.80937,-41.36461],[-72.80245,-41.36147],[-72.79922,-41.35833],[-72.79006,-41.35576]]}},{"id":"10433","type":"Feature","properties":{"ROL":"V-615","NOMBRE_CAMINO":"Alerce - Colonia Río Sur","CLASIFICACION":"Camino Regional Comunal","CALZADA":null,"tmda":null},"geometry":{"type":"LineString","coordinates":[[-72.79006,-41.35576],[-72.7829,-41.35844],[-72.7659,-41.35288],[-72.7602,-41.35278],[-72.74932,-41.36077],[-72.74465,-41.36235],[-72.74,-41.36249],[-72.73041,-41.35882],[-72.71448,-41.35901],[-72.70788,-41.36107]]}},{"id":"10434","type":"Feature","properties":{"ROL":"U-242","NOMBRE_CAMINO":"Posta Chanco - Chihuaipulli","CLASIFICACION":"Camino Regional Comunal","CALZADA":null,"tmda":null},"geometry":{"type":"LineString","coordinates":[[-73.30543,-40.42226],[-73.30884,-40.42218]]}},{"id":"10435","type":"Feature","properties":{"ROL":"U-242","NOMBRE_CAMINO":"Posta Chanco - Chihuaipulli","CLASIFICACION":"Camino Regional Comunal","CALZADA":null,"tmda":null},"geometry":{"type":"LineString","coordinates":[[-73.30884,-40.42218],[-73.31466,-40.41921],[-73.31592,-40.42079],[-73.31743,-40.41978],[-73.3242,-40.42005],[-73.32546,-40.4229]]}},{"id":"10436","type":"Feature","properties":{"ROL":"U-891","NOMBRE_CAMINO":"Cruce Ruta 5 (Enlace Purranque) - Coihueco","CLASIFICACION":"Camino Regional Comunal","CALZADA":null,"tmda":949.0},"geometry":{"type":"LineString","coordinates":[[-73.1478,-40.91477],[-73.14373,-40.91289],[-73.14342,-40.91151],[-73.13606,-40.91028],[-73.13304,-40.90519],[-73.11973,-40.90057],[-73.11566,-40.89743],[-73.10978,-40.8844]]}},{"id":"10437","type":"Feature","properties":{"ROL":"U-891","NOMBRE_CAMINO":"Cruce Ruta 5 (Enlace Purranque) - Coihueco","CLASIFICACION":"Camino Regional Comunal","CALZADA":null,"tmda":352.0},"geometry":{"type":"LineString","coordinates":[[-73.10265,-40.8756],[-73.07741,-40.86484],[-73.00688,-40.88633],[-72.99411,-40.8847],[-72.99211,-40.8834],[-72.98374,-40.86302],[-72.96248,-40.84856],[-72.95777,-40.84696],[-72.95626,-40.84492],[-72.93151,-40.83647]]}},{"id":"10438","type":"Feature","properties":{"ROL":"U-964-V","NOMBRE_CAMINO":"Cruce Ruta 5 (Corte Alto) - Paraguay","CLASIFICACION":"Camino Regional Comunal","CALZADA":null,"tmda":872.0},"geometry":{"type":"LineString","coordinates":[[-73.1396,-40.94084],[-73.14068,-40.94105],[-73.13895,-40.9438],[-73.13959,-40.94473],[-73.15595,-40.95148],[-73.15831,-40.95168],[-73.15872,-40.94787],[-73.16042,-40.94797],[-73.16011,-40.95182],[-73.17015,-40.95095],[-73.17743,-40.96229],[-73.19765,-40.96839],[-73.2093,-40.97685],[-73.21841,-40.98935],[-73.21914,-40.99187],[-73.21682,-40.99552],[-73.21731,-40.99735],[-73.22091,-41.00086],[-73.22614,-41.01417],[-73.23287,-41.02272],[-73.22523,-41.04033],[-73.2296,-41.04561],[-73.23649,-41.06031],[-73.24144,-41.06501],[-73.2458,-41.08045],[-73.24791,-41.09728]]}},{"id":"10439","type":"Feature","properties":{"ROL":"U-966","NOMBRE_CAMINO":"Cuatro Vientos - Purranque","CLASIFICACION":"Camino Regional Provincial","CALZADA":null,"tmda":null},"geometry":{"type":"LineString","coordinates":[[-73.14068,-40.94105],[-73.14202,-40.93794]]}},{"id":"10440","type":"Feature","properties":{"ROL":"U-966","NOMBRE_CAMINO":"Cuatro Vientos - Purranque","CLASIFICACION":"Camino Regional Provincial","CALZADA":null,"tmda":null},"geometry":{"type":"LineString","coordinates":[[-73.14202,-40.93794],[-73.14409,-40.9346],[-73.15301,-40.92929],[-73.15566,-40.92466],[-73.15704,-40.9159]]}},{"id":"10441","type":"Feature","properties":{"ROL":"U-970","NOMBRE_CAMINO":"Purranque - Corte Alto","CLASIFICACION":"Camino Regional Comunal","CALZADA":null,"tmda":null},"geometry":{"type":"LineString","coordinates":[[-73.1634,-40.91624],[-73.16239,-40.92169]]}},{"id":"10442","type":"Feature","properties":{"ROL":"U-970","NOMBRE_CAMINO":"Purranque - Corte Alto","CLASIFICACION":"Camino Regional Comunal","CALZADA":null,"tmda":null},"geometry":{"type":"LineString","coordinates":[[-73.16239,-40.92169],[-73.16042,-40.94797]]}},{"id":"10443","type":"Feature","properties":{"ROL":"V-400","NOMBRE_CAMINO":"Cruce Ruta 5 (Llanquihue) - Loncotoro - Línea Solar","CLASIFICACION":"Camino Regional Comunal","CALZADA":null,"tmda":1516.0},"geometry":{"type":"LineString","coordinates":[[-73.01171,-41.26323],[-73.0152,-41.26903],[-73.02861,-41.27449],[-73.06364,-41.275],[-73.071,-41.27372],[-73.11496,-41.27545],[-73.13342,-41.27967],[-73.14054,-41.27904],[-73.14894,-41.28255],[-73.16134,-41.28291],[-73.17423,-41.29125],[-73.21248,-41.29261]]}},{"id":"10444","type":"Feature","properties":{"ROL":"V-400","NOMBRE_CAMINO":"Cruce Ruta 5 (Llanquihue) - Loncotoro - Línea Solar","CLASIFICACION":"Camino Regional Comunal","CALZADA":null,"tmda":1516.0},"geometry":{"type":"LineString","coordinates":[[-73.22288,-41.29293],[-73.3021,-41.29194],[-73.313,-41.28504],[-73.3243,-41.28564]]}},{"id":"10445","type":"Feature","properties":{"ROL":"V-400","NOMBRE_CAMINO":"Cruce Ruta 5 (Llanquihue) - Loncotoro - Línea Solar","CLASIFICACION":"Camino Regional Comunal","CALZADA":null,"tmda":1516.0},"geometry":{"type":"LineString","coordinates":[[-73.21248,-41.29261],[-73.21961,-41.29285]]}},{"id":"10446","type":"Feature","properties":{"ROL":"URBU31","NOMBRE_CAMINO":"Calle Victoria","CLASIFICACION":"Camino Regional Comunal (Conexión Vial Urbana)","CALZADA":null,"tmda":null},"geometry":{"type":"LineString","coordinates":[[-73.15739,-40.5705],[-73.1577,-40.57394]]}},{"id":"10447","type":"Feature","properties":{"ROL":"URBU32","NOMBRE_CAMINO":"Av. Algarrobo","CLASIFICACION":"Camino Regional Comunal (Conexión Vial Urbana)","CALZADA":null,"tmda":null},"geometry":{"type":"LineString","coordinates":[[-73.1509,-40.56708],[-73.15739,-40.5705]]}},{"id":"10448","type":"Feature","properties":{"ROL":"U-500","NOMBRE_CAMINO":"Osorno - Río Negro - Purranque","CLASIFICACION":"Camino Regional Provincial","CALZADA":null,"tmda":384.0},"geometry":{"type":"LineString","coordinates":[[-73.15296,-40.5898],[-73.15115,-40.59208]]}},{"id":"10449","type":"Feature","properties":{"ROL":"U-500","NOMBRE_CAMINO":"Osorno - Río Negro - Purranque","CLASIFICACION":"Camino Regional Provincial","CALZADA":null,"tmda":177.0},"geometry":{"type":"LineString","coordinates":[[-73.21274,-40.80621],[-73.20116,-40.8196],[-73.19652,-40.82137],[-73.19624,-40.826]]}},{"id":"10450","type":"Feature","properties":{"ROL":"U-500","NOMBRE_CAMINO":"Osorno - Río Negro - Purranque","CLASIFICACION":"Camino Regional Provincial","CALZADA":null,"tmda":177.0},"geometry":{"type":"LineString","coordinates":[[-73.20871,-40.78693],[-73.21532,-40.79113],[-73.21451,-40.79226],[-73.21775,-40.79366],[-73.21785,-40.79634],[-73.22012,-40.79864],[-73.21999,-40.79985],[-73.21692,-40.79847],[-73.21274,-40.80621]]}},{"id":"10451","type":"Feature","properties":{"ROL":"U-500","NOMBRE_CAMINO":"Osorno - Río Negro - Purranque","CLASIFICACION":"Camino Regional Provincial","CALZADA":null,"tmda":177.0},"geometry":{"type":"LineString","coordinates":[[-73.19624,-40.826],[-73.19579,-40.83125],[-73.17919,-40.83275],[-73.17021,-40.85056],[-73.16432,-40.90357]]}},{"id":"10452","type":"Feature","properties":{"ROL":"U-500","NOMBRE_CAMINO":"Osorno - Río Negro - Purranque","CLASIFICACION":"Camino Regional Provincial","CALZADA":null,"tmda":177.0},"geometry":{"type":"LineString","coordinates":[[-73.18212,-40.75331],[-73.18078,-40.75676],[-73.18189,-40.7648],[-73.18619,-40.77244],[-73.19614,-40.77782],[-73.20022,-40.78171],[-73.20502,-40.78342],[-73.20871,-40.78693]]}},{"id":"10453","type":"Feature","properties":{"ROL":"U-500","NOMBRE_CAMINO":"Osorno - Río Negro - Purranque","CLASIFICACION":"Camino Regional Provincial","CALZADA":null,"tmda":384.0},"geometry":{"type":"LineString","coordinates":[[-73.18241,-40.63875],[-73.18184,-40.64345],[-73.18459,-40.65734],[-73.1872,-40.66208],[-73.18779,-40.66606],[-73.19103,-40.6698],[-73.19103,-40.6753],[-73.18522,-40.68624],[-73.17879,-40.689],[-73.17354,-40.69494],[-73.16796,-40.71505],[-73.17045,-40.72017],[-73.17798,-40.72673],[-73.17972,-40.72986],[-73.17977,-40.73541],[-73.18298,-40.74059],[-73.18431,-40.7467],[-73.18212,-40.75331]]}},{"id":"10454","type":"Feature","properties":{"ROL":"U-500","NOMBRE_CAMINO":"Osorno - Río Negro - Purranque","CLASIFICACION":"Camino Regional Provincial","CALZADA":null,"tmda":384.0},"geometry":{"type":"LineString","coordinates":[[-73.15115,-40.59208],[-73.15241,-40.59554],[-73.161,-40.60104],[-73.17677,-40.61976],[-73.17993,-40.6292]]}},{"id":"10455","type":"Feature","properties":{"ROL":"URBU34","NOMBRE_CAMINO":"Av. Vicuña Mackenna","CLASIFICACION":"Camino Regional Comunal (Conexión Vial Urbana)","CALZADA":null,"tmda":null},"geometry":{"type":"LineString","coordinates":[[-73.13839,-40.57438],[-73.14515,-40.57434]]}},{"id":"10456","type":"Feature","properties":{"ROL":"V-108","NOMBRE_CAMINO":"Cruce Ruta 5 - Cruce Longitudinal Antiguo","CLASIFICACION":"Camino Regional Comunal","CALZADA":null,"tmda":null},"geometry":{"type":"LineString","coordinates":[[-73.12406,-40.9904],[-73.12615,-40.99143]]}},{"id":"10457","type":"Feature","properties":{"ROL":"V-108","NOMBRE_CAMINO":"Cruce Ruta 5 - Cruce Longitudinal Antiguo","CLASIFICACION":"Camino Regional Comunal","CALZADA":null,"tmda":null},"geometry":{"type":"LineString","coordinates":[[-73.12615,-40.99143],[-73.13247,-40.99495]]}},{"id":"10458","type":"Feature","properties":{"ROL":"V-500","NOMBRE_CAMINO":"Cruce Ruta 5 (Puerto Varas) - Nueva Braunau - Las Cañitas","CLASIFICACION":"Camino Regional Comunal","CALZADA":null,"tmda":1614.0},"geometry":{"type":"LineString","coordinates":[[-73.00947,-41.31812],[-73.01847,-41.31831],[-73.02547,-41.3242],[-73.02831,-41.32519],[-73.04449,-41.32431],[-73.35384,-41.33377],[-73.36849,-41.32689],[-73.37125,-41.32188],[-73.37126,-41.31405],[-73.37947,-41.30681],[-73.38697,-41.30298],[-73.39678,-41.30332],[-73.40499,-41.29752],[-73.42179,-41.29131],[-73.42882,-41.28975],[-73.43632,-41.29034],[-73.43779,-41.29293],[-73.4501,-41.29906],[-73.45312,-41.30512]]}},{"id":"10459","type":"Feature","properties":{"ROL":"V-506","NOMBRE_CAMINO":"Longitudinal Antiguo: Pellines - Llanquihue","CLASIFICACION":"Camino Regional Comunal","CALZADA":null,"tmda":null},"geometry":{"type":"LineString","coordinates":[[-73.06939,-41.19188],[-73.06433,-41.19175],[-73.05508,-41.20012],[-73.05396,-41.20978]]}},{"id":"10460","type":"Feature","properties":{"ROL":"V-506","NOMBRE_CAMINO":"Longitudinal Antiguo: Pellines - Llanquihue","CLASIFICACION":"Camino Regional Comunal","CALZADA":null,"tmda":null},"geometry":{"type":"LineString","coordinates":[[-73.04428,-41.23443],[-73.04344,-41.25404]]}},{"id":"10461","type":"Feature","properties":{"ROL":"V-506","NOMBRE_CAMINO":"Longitudinal Antiguo: Pellines - Llanquihue","CLASIFICACION":"Camino Regional Comunal","CALZADA":null,"tmda":null},"geometry":{"type":"LineString","coordinates":[[-73.04344,-41.25404],[-73.04289,-41.25496],[-73.02407,-41.25467]]}},{"id":"10462","type":"Feature","properties":{"ROL":"V-506","NOMBRE_CAMINO":"Longitudinal Antiguo: Pellines - Llanquihue","CLASIFICACION":"Camino Regional Comunal","CALZADA":null,"tmda":null},"geometry":{"type":"LineString","coordinates":[[-73.05396,-41.20978],[-73.05367,-41.21535],[-73.0494,-41.22166]]}},{"id":"10463","type":"Feature","properties":{"ROL":"V-506","NOMBRE_CAMINO":"Longitudinal Antiguo: Pellines - Llanquihue","CLASIFICACION":"Camino Regional Comunal","CALZADA":null,"tmda":null},"geometry":{"type":"LineString","coordinates":[[-73.0494,-41.22166],[-73.04755,-41.22445]]}},{"id":"10464","type":"Feature","properties":{"ROL":"V-506","NOMBRE_CAMINO":"Longitudinal Antiguo: Pellines - Llanquihue","CLASIFICACION":"Camino Regional Comunal","CALZADA":null,"tmda":null},"geometry":{"type":"LineString","coordinates":[[-73.04755,-41.22445],[-73.0446,-41.22889],[-73.04432,-41.23212]]}},{"id":"10465","type":"Feature","properties":{"ROL":"V-506","NOMBRE_CAMINO":"Longitudinal Antiguo: Pellines - Llanquihue","CLASIFICACION":"Camino Regional Comunal","CALZADA":null,"tmda":null},"geometry":{"type":"LineString","coordinates":[[-73.02407,-41.25467],[-73.02204,-41.25537]]}},{"id":"10466","type":"Feature","properties":{"ROL":"V-508","NOMBRE_CAMINO":"Longitudinal Antiguo: Llanquihue - Puerto Varas","CLASIFICACION":"Camino Regional Comunal","CALZADA":null,"tmda":null},"geometry":{"type":"LineString","coordinates":[[-73.00734,-41.27434],[-73.00929,-41.27625]]}},{"id":"10467","type":"Feature","properties":{"ROL":"V-508","NOMBRE_CAMINO":"Longitudinal Antiguo: Llanquihue - Puerto Varas","CLASIFICACION":"Camino Regional Comunal","CALZADA":null,"tmda":null},"geometry":{"type":"LineString","coordinates":[[-73.00929,-41.27625],[-73.01159,-41.27861],[-73.0136,-41.28726],[-73.01276,-41.31799]]}},{"id":"10468","type":"Feature","properties":{"ROL":"U-600","NOMBRE_CAMINO":"Río Negro - Riachuelo","CLASIFICACION":"Camino Regional Comunal","CALZADA":null,"tmda":1204.0},"geometry":{"type":"LineString","coordinates":[[-73.22035,-40.79981],[-73.22361,-40.81027],[-73.22192,-40.81487],[-73.22736,-40.82032],[-73.23424,-40.81881],[-73.26115,-40.82122],[-73.2709,-40.82824],[-73.28052,-40.83154],[-73.28863,-40.831],[-73.29294,-40.82792],[-73.3061,-40.82804],[-73.3087,-40.82304],[-73.31666,-40.82115],[-73.33383,-40.8249],[-73.34078,-40.82278]]}},{"id":"10469","type":"Feature","properties":{"ROL":"V-200","NOMBRE_CAMINO":"Cruce Ruta 5 (Frutillar) - Tegualda","CLASIFICACION":"Camino Regional Provincial","CALZADA":null,"tmda":1369.0},"geometry":{"type":"LineString","coordinates":[[-73.06321,-41.11763],[-73.06496,-41.11788],[-73.06345,-41.11943],[-73.06511,-41.12206],[-73.10673,-41.12001],[-73.14687,-41.12026],[-73.17646,-41.12758],[-73.19403,-41.11693],[-73.19696,-41.11378],[-73.20492,-41.11308],[-73.211,-41.1111],[-73.21806,-41.10468],[-73.27494,-41.0906],[-73.31472,-41.08254],[-73.3158,-41.08132],[-73.31612,-41.0696],[-73.33217,-41.06307],[-73.33692,-41.05965],[-73.3703,-41.0481],[-73.38099,-41.04739],[-73.39266,-41.04836],[-73.39801,-41.04388]]}},{"id":"10470","type":"Feature","properties":{"ROL":"U-598","NOMBRE_CAMINO":"Cruce Ruta 5 - Río Negro","CLASIFICACION":"Camino Regional Provincial","CALZADA":null,"tmda":3353.0},"geometry":{"type":"LineString","coordinates":[[-73.16789,-40.81096],[-73.18791,-40.79817],[-73.20401,-40.78592],[-73.20602,-40.78586],[-73.20984,-40.78836]]}},{"id":"10471","type":"Feature","properties":{"ROL":"V-990","NOMBRE_CAMINO":"Cruce Ruta 5 (Pargua) - Punta Coronel","CLASIFICACION":"Camino Regional Comunal","CALZADA":null,"tmda":null},"geometry":{"type":"LineString","coordinates":[[-73.46046,-41.7924],[-73.47198,-41.79838],[-73.47976,-41.79922]]}},{"id":"10472","type":"Feature","properties":{"ROL":"URBW41","NOMBRE_CAMINO":"Av. Ingenieros Militares","CLASIFICACION":"Camino Regional Comunal (Conexión Vial Urbana)","CALZADA":null,"tmda":null},"geometry":{"type":"LineString","coordinates":[[-72.47533,-41.96805],[-72.47212,-41.97132]]}},{"id":"10473","type":"Feature","properties":{"ROL":"W-200","NOMBRE_CAMINO":"Ancud - Quetalmahue - Circunvalación Guabún","CLASIFICACION":"Camino Regional Comunal","CALZADA":null,"tmda":1674.0},"geometry":{"type":"LineString","coordinates":[[-73.82978,-41.87858],[-73.83772,-41.88252],[-73.8554,-41.88346],[-73.87211,-41.88039],[-73.89843,-41.87861],[-73.90356,-41.87592],[-73.90898,-41.87557],[-73.9091,-41.87447],[-73.91385,-41.87437],[-73.91501,-41.87618],[-73.9233,-41.87649],[-73.92287,-41.87758],[-73.92544,-41.87913],[-73.93132,-41.87827],[-73.93659,-41.87626],[-73.93998,-41.87209],[-73.94548,-41.87069],[-73.94924,-41.866],[-73.95579,-41.86317],[-73.95656,-41.85999],[-73.95461,-41.85815],[-73.95865,-41.85786]]}},{"id":"10474","type":"Feature","properties":{"ROL":"W-200","NOMBRE_CAMINO":"Ancud - Quetalmahue - Circunvalación Guabún","CLASIFICACION":"Camino Regional Comunal","CALZADA":null,"tmda":251.0},"geometry":{"type":"LineString","coordinates":[[-73.95865,-41.85786],[-73.97167,-41.858],[-73.97548,-41.85857],[-73.98037,-41.86135],[-73.98384,-41.86079],[-73.98846,-41.85784],[-73.9984,-41.85433],[-74.00278,-41.84776],[-74.01028,-41.84124]]}},{"id":"10475","type":"Feature","properties":{"ROL":"W-200","NOMBRE_CAMINO":"Ancud - Quetalmahue - Circunvalación Guabún","CLASIFICACION":"Camino Regional Comunal","CALZADA":null,"tmda":251.0},"geometry":{"type":"LineString","coordinates":[[-74.01028,-41.84124],[-74.02485,-41.83267],[-74.03046,-41.83032],[-74.03486,-41.83026],[-74.03543,-41.82243],[-74.03183,-41.81174],[-74.04258,-41.81126],[-74.05083,-41.82445],[-74.05058,-41.8277],[-74.04963,-41.82963],[-74.04541,-41.83114],[-74.03973,-41.83163],[-74.03482,-41.8303]]}},{"id":"10476","type":"Feature","properties":{"ROL":"V-910","NOMBRE_CAMINO":"Carelmapu - Mar Brava","CLASIFICACION":"Camino Regional de Acceso","CALZADA":null,"tmda":null},"geometry":{"type":"LineString","coordinates":[[-73.7065,-41.74968],[-73.71249,-41.74775]]}},{"id":"10477","type":"Feature","properties":{"ROL":"V-910","NOMBRE_CAMINO":"Carelmapu - Mar Brava","CLASIFICACION":"Camino Regional de Acceso","CALZADA":null,"tmda":null},"geometry":{"type":"LineString","coordinates":[[-73.71249,-41.74775],[-73.73496,-41.74128]]}},{"id":"10478","type":"Feature","properties":{"ROL":"W-520","NOMBRE_CAMINO":"La Chacra - La Montaña","CLASIFICACION":"Camino Regional de Acceso","CALZADA":null,"tmda":null},"geometry":{"type":"LineString","coordinates":[[-73.78535,-42.46845],[-73.79398,-42.46251]]}},{"id":"10479","type":"Feature","properties":{"ROL":"W-520","NOMBRE_CAMINO":"La Chacra - La Montaña","CLASIFICACION":"Camino Regional de Acceso","CALZADA":null,"tmda":null},"geometry":{"type":"LineString","coordinates":[[-73.80394,-42.4568],[-73.80582,-42.45744],[-73.80625,-42.4559],[-73.81069,-42.45571],[-73.81408,-42.45319],[-73.81853,-42.45267],[-73.82293,-42.45012],[-73.82539,-42.45111]]}},{"id":"10480","type":"Feature","properties":{"ROL":"V-930","NOMBRE_CAMINO":"Maullín - Carelmapu","CLASIFICACION":"Camino Regional Comunal","CALZADA":null,"tmda":null},"geometry":{"type":"LineString","coordinates":[[-73.5868,-41.63672],[-73.6022,-41.66643],[-73.69355,-41.7331],[-73.70637,-41.74563],[-73.7065,-41.74968]]}},{"id":"10481","type":"Feature","properties":{"ROL":"V-651","NOMBRE_CAMINO":"Chamiza - Correntoso - Lago Chapo","CLASIFICACION":"Camino Regional Comunal","CALZADA":null,"tmda":3894.0},"geometry":{"type":"LineString","coordinates":[[-72.8459,-41.48304],[-72.8425,-41.47466],[-72.84543,-41.46774],[-72.84113,-41.46646],[-72.83162,-41.45865],[-72.82293,-41.44851]]}},{"id":"10482","type":"Feature","properties":{"ROL":"V-651","NOMBRE_CAMINO":"Chamiza - Correntoso - Lago Chapo","CLASIFICACION":"Camino Regional Comunal","CALZADA":null,"tmda":3894.0},"geometry":{"type":"LineString","coordinates":[[-72.82293,-41.44851],[-72.81485,-41.44533],[-72.8113,-41.44573],[-72.80387,-41.44312],[-72.77193,-41.43919],[-72.76441,-41.43632],[-72.74243,-41.43162],[-72.68974,-41.44861],[-72.66729,-41.45347],[-72.6603,-41.45282],[-72.65856,-41.44541],[-72.64786,-41.42278],[-72.64072,-41.41652],[-72.6352,-41.40901]]}},{"id":"10483","type":"Feature","properties":{"ROL":"V-651","NOMBRE_CAMINO":"Chamiza - Correntoso - Lago Chapo","CLASIFICACION":"Camino Regional Comunal","CALZADA":null,"tmda":3894.0},"geometry":{"type":"LineString","coordinates":[[-72.6352,-41.40901],[-72.62742,-41.4049]]}},{"id":"10484","type":"Feature","properties":{"ROL":"V-651","NOMBRE_CAMINO":"Chamiza - Correntoso - Lago Chapo","CLASIFICACION":"Camino Regional Comunal","CALZADA":null,"tmda":3894.0},"geometry":{"type":"LineString","coordinates":[[-72.62742,-41.4049],[-72.6252,-41.40425],[-72.60823,-41.41441],[-72.5992,-41.41618],[-72.58316,-41.41632],[-72.57542,-41.4327]]}},{"id":"10485","type":"Feature","properties":{"ROL":"U-965-T","NOMBRE_CAMINO":"Cruce Ruta 5 (Chifca) - Maile - Cruce T-931 (Trafún), Sector: Chifca - Límite Regional","CLASIFICACION":"Camino Regional Comunal","CALZADA":null,"tmda":632.0},"geometry":{"type":"LineString","coordinates":[[-73.03952,-40.48451],[-73.00648,-40.48468],[-72.97566,-40.47447],[-72.92881,-40.45453],[-72.92359,-40.4507],[-72.91595,-40.4421],[-72.91245,-40.44032]]}},{"id":"10486","type":"Feature","properties":{"ROL":"U-900","NOMBRE_CAMINO":"Cruce Ruta 5 (Enlace Purranque) - Hueyusca - San Pedro","CLASIFICACION":"Camino Regional Comunal","CALZADA":null,"tmda":782.0},"geometry":{"type":"LineString","coordinates":[[-73.47824,-40.93455],[-73.48557,-40.93235],[-73.49547,-40.92669],[-73.49988,-40.92211],[-73.50333,-40.92124],[-73.51682,-40.92068],[-73.53023,-40.9268]]}},{"id":"10487","type":"Feature","properties":{"ROL":"W-59","NOMBRE_CAMINO":"La Pasada - Curaco de Vélez - Achao - Chequián","CLASIFICACION":"Camino Regional Principal","CALZADA":null,"tmda":1050.0},"geometry":{"type":"LineString","coordinates":[[-73.40181,-42.57806],[-73.40037,-42.57877]]}},{"id":"10488","type":"Feature","properties":{"ROL":"U-900","NOMBRE_CAMINO":"Cruce Ruta 5 (Enlace Purranque) - Hueyusca - San Pedro","CLASIFICACION":"Camino Regional Comunal","CALZADA":null,"tmda":782.0},"geometry":{"type":"LineString","coordinates":[[-73.53023,-40.9268],[-73.53905,-40.92933],[-73.54851,-40.93523],[-73.55385,-40.94084],[-73.55574,-40.94858]]}},{"id":"10489","type":"Feature","properties":{"ROL":"W-540","NOMBRE_CAMINO":"Cruce Ruta 5 (Gamboa) - La Montaña","CLASIFICACION":"Camino Regional Comunal","CALZADA":null,"tmda":null},"geometry":{"type":"LineString","coordinates":[[-73.78302,-42.4829],[-73.78733,-42.484],[-73.7919,-42.4766]]}},{"id":"10490","type":"Feature","properties":{"ROL":"W-883","NOMBRE_CAMINO":"Cruce Ruta 5 - Díaz Lira","CLASIFICACION":"Camino Regional Comunal","CALZADA":null,"tmda":506.0},"geometry":{"type":"LineString","coordinates":[[-73.61749,-42.83171],[-73.61922,-42.82788]]}},{"id":"10491","type":"Feature","properties":{"ROL":"V-843","NOMBRE_CAMINO":"San Rafael - San Antonio","CLASIFICACION":"Camino Regional Comunal","CALZADA":null,"tmda":null},"geometry":{"type":"LineString","coordinates":[[-73.20187,-41.78256],[-73.2109,-41.78075]]}},{"id":"10492","type":"Feature","properties":{"ROL":"U-100","NOMBRE_CAMINO":"San Pablo - Trumao - Quilacahuín","CLASIFICACION":"Camino Regional Comunal","CALZADA":null,"tmda":318.0},"geometry":{"type":"LineString","coordinates":[[-73.16147,-40.36256],[-73.17066,-40.35972],[-73.17409,-40.36061],[-73.17457,-40.36264],[-73.18075,-40.36209],[-73.18553,-40.36086],[-73.18869,-40.35818],[-73.19521,-40.35563],[-73.19891,-40.35638],[-73.21205,-40.35388],[-73.23142,-40.35524],[-73.24023,-40.35408],[-73.25561,-40.35922],[-73.25663,-40.36486],[-73.25962,-40.36669],[-73.26105,-40.36942],[-73.26581,-40.36971],[-73.26582,-40.37146],[-73.26864,-40.37205]]}},{"id":"10493","type":"Feature","properties":{"ROL":"V-123","NOMBRE_CAMINO":"Cruce Ruta 5 (Casma) - Río Pescado","CLASIFICACION":"Camino Regional de Acceso","CALZADA":null,"tmda":null},"geometry":{"type":"LineString","coordinates":[[-73.12078,-41.01398],[-73.12141,-41.0171],[-73.11696,-41.02029]]}},{"id":"10494","type":"Feature","properties":{"ROL":"U-891","NOMBRE_CAMINO":"Cruce Ruta 5 (Enlace Purranque) - Coihueco","CLASIFICACION":"Camino Regional Comunal","CALZADA":null,"tmda":949.0},"geometry":{"type":"LineString","coordinates":[[-73.10978,-40.8844],[-73.10572,-40.88158],[-73.10734,-40.87777],[-73.10265,-40.8756]]}},{"id":"10495","type":"Feature","properties":{"ROL":"V-400","NOMBRE_CAMINO":"Cruce Ruta 5 (Llanquihue) - Loncotoro - Línea Solar","CLASIFICACION":"Camino Regional Comunal","CALZADA":null,"tmda":1516.0},"geometry":{"type":"LineString","coordinates":[[-73.21961,-41.29285],[-73.22288,-41.29293]]}},{"id":"10496","type":"Feature","properties":{"ROL":"U-500","NOMBRE_CAMINO":"Osorno - Río Negro - Purranque","CLASIFICACION":"Camino Regional Provincial","CALZADA":null,"tmda":177.0},"geometry":{"type":"LineString","coordinates":[[-73.16432,-40.90357],[-73.16388,-40.91182]]}},{"id":"10497","type":"Feature","properties":{"ROL":"U-500","NOMBRE_CAMINO":"Osorno - Río Negro - Purranque","CLASIFICACION":"Camino Regional Provincial","CALZADA":null,"tmda":384.0},"geometry":{"type":"LineString","coordinates":[[-73.17993,-40.6292],[-73.18254,-40.63212],[-73.18065,-40.63399],[-73.1846,-40.63407],[-73.18241,-40.63875]]}},{"id":"10498","type":"Feature","properties":{"ROL":"V-506","NOMBRE_CAMINO":"Longitudinal Antiguo: Pellines - Llanquihue","CLASIFICACION":"Camino Regional Comunal","CALZADA":null,"tmda":null},"geometry":{"type":"LineString","coordinates":[[-73.04432,-41.23212],[-73.04428,-41.23443]]}},{"id":"10499","type":"Feature","properties":{"ROL":"W-520","NOMBRE_CAMINO":"La Chacra - La Montaña","CLASIFICACION":"Camino Regional de Acceso","CALZADA":null,"tmda":null},"geometry":{"type":"LineString","coordinates":[[-73.79398,-42.46251],[-73.7992,-42.46177],[-73.80394,-42.4568]]}},{"id":"10500","type":"Feature","properties":{"ROL":"U-511","NOMBRE_CAMINO":"Cruce Ruta 5 (Casa de Lata) - Rupanquito","CLASIFICACION":"Camino Regional Provincial","CALZADA":null,"tmda":2254.0},"geometry":{"type":"LineString","coordinates":[[-73.132,-40.6942],[-73.0916,-40.70793],[-73.08163,-40.71454],[-73.07583,-40.71668],[-73.0574,-40.73112],[-73.05329,-40.73284],[-73.04979,-40.73233],[-73.02639,-40.71505],[-73.02295,-40.7149],[-73.01858,-40.70564],[-73.01111,-40.70602]]}},{"id":"10501","type":"Feature","properties":{"ROL":"U-511","NOMBRE_CAMINO":"Cruce Ruta 5 (Casa de Lata) - Rupanquito","CLASIFICACION":"Camino Regional Provincial","CALZADA":null,"tmda":2254.0},"geometry":{"type":"LineString","coordinates":[[-73.01111,-40.70602],[-73.00128,-40.70622],[-72.98962,-40.70906],[-72.96057,-40.70863],[-72.93046,-40.71261],[-72.91458,-40.70564],[-72.8633,-40.7184]]}},{"id":"10502","type":"Feature","properties":{"ROL":"U-511","NOMBRE_CAMINO":"Cruce Ruta 5 (Casa de Lata) - Rupanquito","CLASIFICACION":"Camino Regional Provincial","CALZADA":null,"tmda":1007.0},"geometry":{"type":"LineString","coordinates":[[-72.8633,-40.7184],[-72.69688,-40.75835],[-72.68884,-40.76451],[-72.67906,-40.76223],[-72.66999,-40.76365],[-72.66772,-40.76285]]}},{"id":"10503","type":"Feature","properties":{"ROL":"U-410","NOMBRE_CAMINO":"Bahía Mansa - Maicolpué - Tril Tril","CLASIFICACION":"Camino Regional Comunal","CALZADA":null,"tmda":null},"geometry":{"type":"LineString","coordinates":[[-73.73118,-40.58509],[-73.74009,-40.58875],[-73.73678,-40.59037],[-73.73373,-40.59432],[-73.741,-40.6031],[-73.73775,-40.60596],[-73.73934,-40.60738]]}},{"id":"10504","type":"Feature","properties":{"ROL":"U-410","NOMBRE_CAMINO":"Bahía Mansa - Maicolpué - Tril Tril","CLASIFICACION":"Camino Regional Comunal","CALZADA":null,"tmda":null},"geometry":{"type":"LineString","coordinates":[[-73.73934,-40.60738],[-73.74532,-40.60651],[-73.74879,-40.60761],[-73.74889,-40.61136],[-73.74581,-40.61318],[-73.7486,-40.61578],[-73.74637,-40.61773],[-73.75357,-40.61763],[-73.75483,-40.61833],[-73.75518,-40.62137],[-73.75801,-40.62271],[-73.75761,-40.62411],[-73.7593,-40.6259],[-73.76302,-40.62595]]}},{"id":"10505","type":"Feature","properties":{"ROL":"U-960-V","NOMBRE_CAMINO":"Colonia Zagal - Río Maule - Tegualda","CLASIFICACION":"Camino Regional Comunal","CALZADA":null,"tmda":447.0},"geometry":{"type":"LineString","coordinates":[[-73.41297,-40.99678],[-73.40868,-41.01005],[-73.4094,-41.01755],[-73.41219,-41.0229],[-73.4095,-41.03201],[-73.41004,-41.03794]]}},{"id":"10506","type":"Feature","properties":{"ROL":"U-960-V","NOMBRE_CAMINO":"Colonia Zagal - Río Maule - Tegualda","CLASIFICACION":"Camino Regional Comunal","CALZADA":null,"tmda":447.0},"geometry":{"type":"LineString","coordinates":[[-73.41004,-41.03794],[-73.41184,-41.03909]]}},{"id":"10507","type":"Feature","properties":{"ROL":"U-960-V","NOMBRE_CAMINO":"Colonia Zagal - Río Maule - Tegualda","CLASIFICACION":"Camino Regional Comunal","CALZADA":null,"tmda":447.0},"geometry":{"type":"LineString","coordinates":[[-73.42656,-40.9425],[-73.42973,-40.94978],[-73.42899,-40.96766],[-73.42105,-40.97935],[-73.41704,-40.98308]]}},{"id":"10508","type":"Feature","properties":{"ROL":"U-960-V","NOMBRE_CAMINO":"Colonia Zagal - Río Maule - Tegualda","CLASIFICACION":"Camino Regional Comunal","CALZADA":null,"tmda":447.0},"geometry":{"type":"LineString","coordinates":[[-73.41704,-40.98308],[-73.41407,-40.98614],[-73.41452,-40.99121]]}},{"id":"10509","type":"Feature","properties":{"ROL":"U-960-V","NOMBRE_CAMINO":"Colonia Zagal - Río Maule - Tegualda","CLASIFICACION":"Camino Regional Comunal","CALZADA":null,"tmda":447.0},"geometry":{"type":"LineString","coordinates":[[-73.41452,-40.99121],[-73.41297,-40.99678]]}},{"id":"10510","type":"Feature","properties":{"ROL":"W-220","NOMBRE_CAMINO":"Quilo - Pumillahue - Duatao","CLASIFICACION":"Camino Regional Comunal","CALZADA":null,"tmda":1180.0},"geometry":{"type":"LineString","coordinates":[[-73.94509,-41.87086],[-73.95935,-41.87612],[-73.9581,-41.8859],[-73.96202,-41.88715],[-73.96305,-41.89021],[-73.95736,-41.9073],[-73.96109,-41.91452],[-73.96705,-41.91907],[-73.97051,-41.92023],[-73.97518,-41.91901],[-73.98083,-41.92042],[-73.98725,-41.91893],[-73.99468,-41.91965],[-74.00335,-41.92631],[-74.01151,-41.92859]]}},{"id":"10511","type":"Feature","properties":{"ROL":"W-220","NOMBRE_CAMINO":"Quilo - Pumillahue - Duatao","CLASIFICACION":"Camino Regional Comunal","CALZADA":null,"tmda":1180.0},"geometry":{"type":"LineString","coordinates":[[-74.01151,-41.92859],[-74.01975,-41.93301],[-74.01829,-41.93731],[-74.01939,-41.94312],[-74.01364,-41.95266],[-74.01443,-41.95662],[-74.02179,-41.96243],[-74.03209,-41.96764],[-74.03924,-41.96895],[-74.04385,-41.97314],[-74.04436,-41.97506],[-74.04242,-41.97619],[-74.04046,-41.98001],[-74.03962,-41.98643],[-74.04177,-41.98769]]}},{"id":"10512","type":"Feature","properties":{"ROL":"W-232","NOMBRE_CAMINO":"Pumillahue - Puñihuil","CLASIFICACION":"Camino Regional de Acceso","CALZADA":null,"tmda":null},"geometry":{"type":"LineString","coordinates":[[-74.01928,-41.93999],[-74.02921,-41.94373],[-74.03679,-41.94248],[-74.03735,-41.94061],[-74.03612,-41.93836],[-74.03946,-41.93297],[-74.03798,-41.92917],[-74.03606,-41.92916]]}},{"id":"10513","type":"Feature","properties":{"ROL":"W-597","NOMBRE_CAMINO":"La Paloma - Coñab","CLASIFICACION":"Camino Regional Comunal","CALZADA":null,"tmda":null},"geometry":{"type":"LineString","coordinates":[[-73.50485,-42.46728],[-73.50452,-42.47014],[-73.50583,-42.47109],[-73.50479,-42.4736],[-73.50553,-42.48209],[-73.49882,-42.48161]]}},{"id":"10514","type":"Feature","properties":{"ROL":"W-609","NOMBRE_CAMINO":"Contao - La Poza - Rolecha - El Varal","CLASIFICACION":"Camino Regional Comunal","CALZADA":null,"tmda":945.0},"geometry":{"type":"LineString","coordinates":[[-72.83917,-41.89983],[-72.84214,-41.90031],[-72.8494,-41.90547],[-72.85106,-41.90907],[-72.84747,-41.91494],[-72.84678,-41.91955],[-72.84439,-41.92019],[-72.84239,-41.9232],[-72.83897,-41.92423],[-72.82964,-41.9317],[-72.81918,-41.93608],[-72.81518,-41.93662],[-72.81115,-41.93549],[-72.80165,-41.93995],[-72.80126,-41.94762],[-72.80786,-41.95032],[-72.81299,-41.95492],[-72.80899,-41.97169],[-72.7995,-41.974],[-72.79336,-41.97384],[-72.79362,-41.97664],[-72.78846,-41.98128],[-72.7711,-41.97937],[-72.76271,-41.98313],[-72.75951,-41.97894],[-72.75977,-41.98349],[-72.75594,-41.98534]]}},{"id":"10515","type":"Feature","properties":{"ROL":"W-242","NOMBRE_CAMINO":"Lajas Blancas - Tehuaco","CLASIFICACION":"Camino Regional de Acceso","CALZADA":null,"tmda":null},"geometry":{"type":"LineString","coordinates":[[-73.81465,-41.91022],[-73.81859,-41.91131]]}},{"id":"10516","type":"Feature","properties":{"ROL":"W-242","NOMBRE_CAMINO":"Lajas Blancas - Tehuaco","CLASIFICACION":"Camino Regional de Acceso","CALZADA":null,"tmda":null},"geometry":{"type":"LineString","coordinates":[[-73.81859,-41.91131],[-73.82812,-41.91397],[-73.83218,-41.91681],[-73.84616,-41.91642],[-73.85318,-41.91945],[-73.85809,-41.91851],[-73.86257,-41.92039],[-73.87056,-41.92041],[-73.87757,-41.92442],[-73.87939,-41.93274],[-73.8861,-41.9342],[-73.88772,-41.93615],[-73.89453,-41.93384],[-73.90637,-41.93531],[-73.90782,-41.9318]]}},{"id":"10517","type":"Feature","properties":{"ROL":"W-145","NOMBRE_CAMINO":"Cruce Ruta 5 (El Quilar) - Doca","CLASIFICACION":"Camino Regional Comunal","CALZADA":null,"tmda":null},"geometry":{"type":"LineString","coordinates":[[-73.66207,-41.88497],[-73.63963,-41.91682]]}},{"id":"10518","type":"Feature","properties":{"ROL":"W-145","NOMBRE_CAMINO":"Cruce Ruta 5 (El Quilar) - Doca","CLASIFICACION":"Camino Regional Comunal","CALZADA":null,"tmda":null},"geometry":{"type":"LineString","coordinates":[[-73.63963,-41.91682],[-73.63357,-41.9256],[-73.61404,-41.9271],[-73.61199,-41.92902],[-73.60864,-41.9295],[-73.59591,-41.94149],[-73.58748,-41.94417],[-73.57497,-41.94243],[-73.57153,-41.94387]]}},{"id":"10519","type":"Feature","properties":{"ROL":"W-251","NOMBRE_CAMINO":"Cruce Ruta 5 (San Antonio) - Palomar","CLASIFICACION":"Camino Regional Comunal","CALZADA":null,"tmda":176.0},"geometry":{"type":"LineString","coordinates":[[-73.81835,-41.96432],[-73.81353,-41.97541],[-73.80427,-41.97979],[-73.79958,-41.98832]]}},{"id":"10520","type":"Feature","properties":{"ROL":"W-251","NOMBRE_CAMINO":"Cruce Ruta 5 (San Antonio) - Palomar","CLASIFICACION":"Camino Regional Comunal","CALZADA":null,"tmda":176.0},"geometry":{"type":"LineString","coordinates":[[-73.79958,-41.98832],[-73.8011,-41.99688],[-73.79614,-42.00238],[-73.79671,-42.00494],[-73.79284,-42.00871],[-73.79153,-42.01743],[-73.79319,-42.02616],[-73.80227,-42.03062],[-73.80473,-42.035],[-73.80193,-42.04958],[-73.78982,-42.06994]]}},{"id":"10521","type":"Feature","properties":{"ROL":"W-401","NOMBRE_CAMINO":"Chovi - San Juan","CLASIFICACION":"Camino Regional Comunal","CALZADA":null,"tmda":null},"geometry":{"type":"LineString","coordinates":[[-73.55107,-42.31964],[-73.55221,-42.31665]]}},{"id":"10522","type":"Feature","properties":{"ROL":"W-401","NOMBRE_CAMINO":"Chovi - San Juan","CLASIFICACION":"Camino Regional Comunal","CALZADA":null,"tmda":null},"geometry":{"type":"LineString","coordinates":[[-73.55221,-42.31665],[-73.55093,-42.31294],[-73.54593,-42.30904],[-73.54238,-42.30836],[-73.53694,-42.31326],[-73.53012,-42.3159],[-73.5293,-42.31961],[-73.53254,-42.32241],[-73.52244,-42.33307],[-73.51133,-42.33423]]}},{"id":"10523","type":"Feature","properties":{"ROL":"W-605","NOMBRE_CAMINO":"Polivalente - Coñab","CLASIFICACION":"Camino Regional Comunal","CALZADA":null,"tmda":null},"geometry":{"type":"LineString","coordinates":[[-73.45481,-42.50601],[-73.46009,-42.50766],[-73.47155,-42.50657],[-73.47379,-42.5074],[-73.48487,-42.504],[-73.4915,-42.5044]]}},{"id":"10524","type":"Feature","properties":{"ROL":"W-256","NOMBRE_CAMINO":"Chaumán - La Playa","CLASIFICACION":"Camino Regional de Acceso","CALZADA":null,"tmda":null},"geometry":{"type":"LineString","coordinates":[[-73.9577,-41.811],[-73.95635,-41.80811],[-73.95819,-41.80499],[-73.95775,-41.80272],[-73.95203,-41.79892]]}},{"id":"10525","type":"Feature","properties":{"ROL":"W-256","NOMBRE_CAMINO":"Chaumán - La Playa","CLASIFICACION":"Camino Regional de Acceso","CALZADA":null,"tmda":null},"geometry":{"type":"LineString","coordinates":[[-73.95203,-41.79892],[-73.94921,-41.79763]]}},{"id":"10526","type":"Feature","properties":{"ROL":"W-268","NOMBRE_CAMINO":"Cayucán - Balcacura","CLASIFICACION":"Camino Regional Comunal","CALZADA":null,"tmda":null},"geometry":{"type":"LineString","coordinates":[[-73.884,-41.83604],[-73.88684,-41.83826]]}},{"id":"10527","type":"Feature","properties":{"ROL":"W-268","NOMBRE_CAMINO":"Cayucán - Balcacura","CLASIFICACION":"Camino Regional Comunal","CALZADA":null,"tmda":null},"geometry":{"type":"LineString","coordinates":[[-73.88684,-41.83826],[-73.89153,-41.84082],[-73.88979,-41.84142],[-73.88952,-41.84376],[-73.88539,-41.84453],[-73.88711,-41.84685],[-73.88435,-41.84791],[-73.88654,-41.84922],[-73.88702,-41.85121],[-73.88234,-41.8527],[-73.88192,-41.85404],[-73.88632,-41.85586],[-73.88958,-41.85901],[-73.89171,-41.85751],[-73.89146,-41.85391]]}},{"id":"10528","type":"Feature","properties":{"ROL":"W-625","NOMBRE_CAMINO":"Cruce Ruta 5 (Vilupulli) - Quinched","CLASIFICACION":"Camino Regional Comunal","CALZADA":null,"tmda":null},"geometry":{"type":"LineString","coordinates":[[-73.80561,-42.59414],[-73.79143,-42.58673],[-73.7907,-42.5816],[-73.78887,-42.57909],[-73.78278,-42.5801],[-73.77323,-42.57803],[-73.76657,-42.57475]]}},{"id":"10529","type":"Feature","properties":{"ROL":"W-460","NOMBRE_CAMINO":"Cruce Ruta 5 (Piruquina) - San Pedro","CLASIFICACION":"Camino Regional Comunal","CALZADA":null,"tmda":736.0},"geometry":{"type":"LineString","coordinates":[[-73.78429,-42.39444],[-73.79007,-42.39064],[-73.79797,-42.37968],[-73.8061,-42.3788],[-73.80815,-42.37707],[-73.80719,-42.37203],[-73.82776,-42.36353],[-73.83483,-42.36221],[-73.83726,-42.35967],[-73.84069,-42.35987],[-73.84198,-42.35749],[-73.84097,-42.35516],[-73.84316,-42.35389],[-73.84494,-42.34758],[-73.84951,-42.34942],[-73.84849,-42.34781],[-73.84932,-42.34604],[-73.84821,-42.34547],[-73.85301,-42.34675],[-73.85093,-42.34358]]}},{"id":"10530","type":"Feature","properties":{"ROL":"W-460","NOMBRE_CAMINO":"Cruce Ruta 5 (Piruquina) - San Pedro","CLASIFICACION":"Camino Regional Comunal","CALZADA":null,"tmda":736.0},"geometry":{"type":"LineString","coordinates":[[-73.85093,-42.34358],[-73.84334,-42.3418],[-73.83443,-42.34278],[-73.8286,-42.3454],[-73.80806,-42.33863]]}},{"id":"10531","type":"Feature","properties":{"ROL":"W-485","NOMBRE_CAMINO":"Cruce Ruta 5 (Pid Pid) - Alto Muro","CLASIFICACION":"Camino Regional Comunal","CALZADA":null,"tmda":null},"geometry":{"type":"LineString","coordinates":[[-73.78197,-42.40192],[-73.78004,-42.40513],[-73.77857,-42.40511],[-73.77268,-42.40432],[-73.772,-42.4012],[-73.76754,-42.39889],[-73.75591,-42.39716],[-73.75334,-42.39869],[-73.75141,-42.40273],[-73.75118,-42.40982],[-73.75504,-42.41946],[-73.75472,-42.42288]]}},{"id":"10532","type":"Feature","properties":{"ROL":"W-204","NOMBRE_CAMINO":"Quetalmahue - Faro Corona","CLASIFICACION":"Camino Regional Comunal","CALZADA":null,"tmda":925.0},"geometry":{"type":"LineString","coordinates":[[-74.01005,-41.8414],[-74.00088,-41.83244],[-73.98996,-41.82874],[-73.98727,-41.819],[-73.98206,-41.82014],[-73.95972,-41.81126],[-73.94066,-41.81431],[-73.93849,-41.81607],[-73.93438,-41.81677],[-73.9316,-41.82021],[-73.92419,-41.82078],[-73.9205,-41.81461],[-73.91372,-41.80749],[-73.91181,-41.79326],[-73.90147,-41.78362],[-73.89903,-41.78352],[-73.89506,-41.78639],[-73.88861,-41.78812],[-73.8834,-41.78708],[-73.88026,-41.78445]]}},{"id":"10533","type":"Feature","properties":{"ROL":"W-579","NOMBRE_CAMINO":"Tolquien - Rampa Palqui","CLASIFICACION":"Camino Regional Comunal","CALZADA":null,"tmda":null},"geometry":{"type":"LineString","coordinates":[[-73.51689,-42.4071],[-73.51687,-42.41036]]}},{"id":"10534","type":"Feature","properties":{"ROL":"W-129","NOMBRE_CAMINO":"Chacao - Tres Cruces","CLASIFICACION":"Camino Regional de Acceso","CALZADA":null,"tmda":null},"geometry":{"type":"LineString","coordinates":[[-73.50871,-41.83283],[-73.50147,-41.83211],[-73.49196,-41.83417],[-73.47765,-41.83248]]}},{"id":"10535","type":"Feature","properties":{"ROL":"W-585","NOMBRE_CAMINO":"Chullec - La Planchada","CLASIFICACION":"Camino Regional Comunal","CALZADA":null,"tmda":null},"geometry":{"type":"LineString","coordinates":[[-73.53865,-42.4553],[-73.54261,-42.45655],[-73.54832,-42.46069],[-73.55627,-42.46281],[-73.56534,-42.45942],[-73.57781,-42.45143],[-73.58903,-42.44708],[-73.59281,-42.44384],[-73.59934,-42.44438]]}},{"id":"10536","type":"Feature","properties":{"ROL":"W-216","NOMBRE_CAMINO":"Piedra Run - Playa Puñihuil","CLASIFICACION":"Camino Regional de Acceso","CALZADA":null,"tmda":null},"geometry":{"type":"LineString","coordinates":[[-74.01172,-41.92861],[-74.0197,-41.92882],[-74.02155,-41.92785],[-74.02991,-41.92997]]}},{"id":"10537","type":"Feature","properties":{"ROL":"U-149","NOMBRE_CAMINO":"Konow - La Poza","CLASIFICACION":"Camino Regional Comunal","CALZADA":null,"tmda":null},"geometry":{"type":"LineString","coordinates":[[-72.89473,-40.59972],[-72.8895,-40.58685],[-72.87997,-40.58203],[-72.87607,-40.57729],[-72.86265,-40.57437],[-72.85919,-40.57104]]}},{"id":"10538","type":"Feature","properties":{"ROL":"U-151","NOMBRE_CAMINO":"La Poza - Maile","CLASIFICACION":"Camino Regional Comunal","CALZADA":null,"tmda":462.0},"geometry":{"type":"LineString","coordinates":[[-72.90271,-40.50947],[-72.90639,-40.51036],[-72.91282,-40.5091],[-72.91885,-40.51194],[-72.94081,-40.50734],[-72.95893,-40.50531],[-72.96731,-40.49773],[-72.98355,-40.4922],[-72.98964,-40.4918],[-73.013,-40.4846]]}},{"id":"10539","type":"Feature","properties":{"ROL":"W-689","NOMBRE_CAMINO":"Acceso a Villa Quinchao - Escuela","CLASIFICACION":"Camino Regional Comunal","CALZADA":null,"tmda":null},"geometry":{"type":"LineString","coordinates":[[-73.4254,-42.53266],[-73.42763,-42.53494],[-73.42362,-42.54048],[-73.42145,-42.53905]]}},{"id":"10540","type":"Feature","properties":{"ROL":"W-693","NOMBRE_CAMINO":"Quinchao - Coen","CLASIFICACION":"Camino Regional de Acceso","CALZADA":null,"tmda":null},"geometry":{"type":"LineString","coordinates":[[-73.41805,-42.56014],[-73.42104,-42.55841],[-73.42163,-42.55322],[-73.42888,-42.55311],[-73.43149,-42.55182],[-73.43298,-42.54921],[-73.43194,-42.5456],[-73.43434,-42.54411],[-73.43165,-42.54201]]}},{"id":"10541","type":"Feature","properties":{"ROL":"W-699","NOMBRE_CAMINO":"San Javier - Chanhuitad - Curaco de Vélez","CLASIFICACION":"Camino Regional Comunal","CALZADA":null,"tmda":null},"geometry":{"type":"LineString","coordinates":[[-73.6352,-42.40202],[-73.63441,-42.40616],[-73.63521,-42.41047],[-73.62665,-42.41499],[-73.6208,-42.4214],[-73.61725,-42.42225],[-73.617,-42.42535],[-73.60803,-42.43163],[-73.60716,-42.43486],[-73.60276,-42.43465],[-73.60157,-42.43581],[-73.60216,-42.43747]]}},{"id":"10542","type":"Feature","properties":{"ROL":"U-155","NOMBRE_CAMINO":"Cruce Ruta 5 - Chapilcahuín - Mulpulmo","CLASIFICACION":"Camino Regional Comunal","CALZADA":null,"tmda":null},"geometry":{"type":"LineString","coordinates":[[-73.05303,-40.50444],[-73.03848,-40.51034],[-73.026,-40.5103],[-73.01336,-40.50836],[-72.98566,-40.51285]]}},{"id":"10543","type":"Feature","properties":{"ROL":"U-155","NOMBRE_CAMINO":"Cruce Ruta 5 - Chapilcahuín - Mulpulmo","CLASIFICACION":"Camino Regional Comunal","CALZADA":null,"tmda":null},"geometry":{"type":"LineString","coordinates":[[-72.98566,-40.51285],[-72.96548,-40.52099],[-72.96869,-40.53024],[-72.93212,-40.53951],[-72.92062,-40.54081],[-72.91659,-40.54034],[-72.90788,-40.53585],[-72.90791,-40.54459],[-72.9149,-40.54955],[-72.92296,-40.55015],[-72.92906,-40.56042],[-72.93227,-40.55884]]}},{"id":"10544","type":"Feature","properties":{"ROL":"U-163","NOMBRE_CAMINO":"La Poza - Santa Carmen","CLASIFICACION":"Camino Regional Comunal","CALZADA":null,"tmda":null},"geometry":{"type":"LineString","coordinates":[[-72.88075,-40.53194],[-72.90516,-40.53437]]}},{"id":"10545","type":"Feature","properties":{"ROL":"U-163","NOMBRE_CAMINO":"La Poza - Santa Carmen","CLASIFICACION":"Camino Regional Comunal","CALZADA":null,"tmda":null},"geometry":{"type":"LineString","coordinates":[[-72.90516,-40.53437],[-72.90789,-40.53585]]}},{"id":"10546","type":"Feature","properties":{"ROL":"U-165","NOMBRE_CAMINO":"Cruce Ruta 5 (Remehue) - Mulpulmo","CLASIFICACION":"Camino Regional Comunal","CALZADA":null,"tmda":null},"geometry":{"type":"LineString","coordinates":[[-73.07538,-40.53328],[-73.05091,-40.53821],[-73.04493,-40.54158],[-73.03294,-40.54076],[-73.02381,-40.54201],[-73.00937,-40.54881],[-73.00864,-40.55412],[-72.9979,-40.55567],[-72.95444,-40.55559],[-72.95592,-40.57223],[-72.95297,-40.58416],[-72.95282,-40.5914]]}},{"id":"10547","type":"Feature","properties":{"ROL":"U-175","NOMBRE_CAMINO":"Barro Blanco - Polloico","CLASIFICACION":"Camino Regional Comunal","CALZADA":null,"tmda":null},"geometry":{"type":"LineString","coordinates":[[-73.08821,-40.57887],[-73.07385,-40.58084],[-73.06959,-40.57874],[-73.06477,-40.57414],[-73.05469,-40.57185],[-73.04412,-40.57114],[-73.03886,-40.57424],[-73.01986,-40.58038],[-73.00818,-40.59161],[-72.99214,-40.59763]]}},{"id":"10548","type":"Feature","properties":{"ROL":"U-179","NOMBRE_CAMINO":"Polloico - Pelleco","CLASIFICACION":"Camino Regional Comunal","CALZADA":null,"tmda":null},"geometry":{"type":"LineString","coordinates":[[-72.99144,-40.58685],[-72.98594,-40.5801],[-72.97489,-40.57249],[-72.97134,-40.56819]]}},{"id":"10549","type":"Feature","properties":{"ROL":"U-179","NOMBRE_CAMINO":"Polloico - Pelleco","CLASIFICACION":"Camino Regional Comunal","CALZADA":null,"tmda":null},"geometry":{"type":"LineString","coordinates":[[-72.97134,-40.56819],[-72.96728,-40.56506],[-72.95605,-40.56831]]}},{"id":"10550","type":"Feature","properties":{"ROL":"U-401","NOMBRE_CAMINO":"Los Negros - Tacamó","CLASIFICACION":"Camino Regional Comunal","CALZADA":null,"tmda":null},"geometry":{"type":"LineString","coordinates":[[-72.86496,-40.60256],[-72.86048,-40.60624],[-72.86022,-40.62544],[-72.86846,-40.63587],[-72.87531,-40.6396],[-72.87811,-40.64507]]}},{"id":"10551","type":"Feature","properties":{"ROL":"W-902","NOMBRE_CAMINO":"Quellón - Yaldad","CLASIFICACION":"Camino Regional Comunal","CALZADA":null,"tmda":1558.0},"geometry":{"type":"LineString","coordinates":[[-73.63974,-43.11992],[-73.64414,-43.11735],[-73.65836,-43.11362],[-73.66359,-43.10806],[-73.67835,-43.10331],[-73.68221,-43.09973],[-73.68892,-43.09791],[-73.70035,-43.10707],[-73.71068,-43.1131]]}},{"id":"10552","type":"Feature","properties":{"ROL":"U-435","NOMBRE_CAMINO":"Tacamó - Las Carretas","CLASIFICACION":"Camino Regional Comunal","CALZADA":null,"tmda":null},"geometry":{"type":"LineString","coordinates":[[-73.06483,-40.63368],[-73.05032,-40.62945],[-73.01601,-40.62999],[-73.01279,-40.62901],[-72.97091,-40.63591],[-72.92655,-40.64029]]}},{"id":"10553","type":"Feature","properties":{"ROL":"U-449","NOMBRE_CAMINO":"El Ñadi - Pichidama","CLASIFICACION":"Camino Regional Comunal","CALZADA":null,"tmda":null},"geometry":{"type":"LineString","coordinates":[[-72.80713,-40.61381],[-72.81333,-40.6247],[-72.81364,-40.64717],[-72.80979,-40.6641]]}},{"id":"10554","type":"Feature","properties":{"ROL":"U-449","NOMBRE_CAMINO":"El Ñadi - Pichidama","CLASIFICACION":"Camino Regional Comunal","CALZADA":null,"tmda":null},"geometry":{"type":"LineString","coordinates":[[-72.80979,-40.6641],[-72.80186,-40.6754],[-72.8121,-40.6946],[-72.82676,-40.72753]]}},{"id":"10555","type":"Feature","properties":{"ROL":"U-453","NOMBRE_CAMINO":"Quema del Buey - Los Sauces","CLASIFICACION":"Camino Regional Comunal","CALZADA":null,"tmda":null},"geometry":{"type":"LineString","coordinates":[[-72.76129,-40.63793],[-72.75782,-40.65314],[-72.76397,-40.66393],[-72.76316,-40.66989]]}},{"id":"10556","type":"Feature","properties":{"ROL":"U-453","NOMBRE_CAMINO":"Quema del Buey - Los Sauces","CLASIFICACION":"Camino Regional Comunal","CALZADA":null,"tmda":null},"geometry":{"type":"LineString","coordinates":[[-72.76316,-40.66989],[-72.76158,-40.68109],[-72.75915,-40.68561],[-72.75322,-40.68926],[-72.75216,-40.69409],[-72.73841,-40.69719],[-72.7213,-40.69739],[-72.69842,-40.70059],[-72.68468,-40.6988],[-72.68153,-40.69941]]}},{"id":"10557","type":"Feature","properties":{"ROL":"U-455","NOMBRE_CAMINO":"La Capilla - Corral del Sur","CLASIFICACION":"Camino Regional Comunal","CALZADA":null,"tmda":441.0},"geometry":{"type":"LineString","coordinates":[[-72.76052,-40.62382],[-72.75978,-40.63266],[-72.7613,-40.63792],[-72.74528,-40.64736],[-72.73886,-40.65581],[-72.70206,-40.66518],[-72.69997,-40.66783]]}},{"id":"10558","type":"Feature","properties":{"ROL":"W-860","NOMBRE_CAMINO":"Cruce Ruta 5 (Chadmo) - Transversal Pacífico","CLASIFICACION":"Camino Regional de Acceso","CALZADA":null,"tmda":null},"geometry":{"type":"LineString","coordinates":[[-73.68476,-42.92159],[-73.69617,-42.92443]]}},{"id":"10559","type":"Feature","properties":{"ROL":"W-860","NOMBRE_CAMINO":"Cruce Ruta 5 (Chadmo) - Transversal Pacífico","CLASIFICACION":"Camino Regional de Acceso","CALZADA":null,"tmda":null},"geometry":{"type":"LineString","coordinates":[[-73.69617,-42.92443],[-73.71816,-42.92698],[-73.72421,-42.9254],[-73.73091,-42.92112],[-73.74263,-42.91959],[-73.7538,-42.92441],[-73.75587,-42.92748]]}},{"id":"10560","type":"Feature","properties":{"ROL":"W-913","NOMBRE_CAMINO":"Chadmo - San Antonio de Chadmo","CLASIFICACION":"Camino Regional de Acceso","CALZADA":null,"tmda":null},"geometry":{"type":"LineString","coordinates":[[-73.62652,-42.95397],[-73.62038,-42.95003],[-73.62171,-42.94575],[-73.61785,-42.94427]]}},{"id":"10561","type":"Feature","properties":{"ROL":"U-475","NOMBRE_CAMINO":"Futacuhín - El Encanto - Santa Elvira","CLASIFICACION":"Camino Regional Comunal","CALZADA":null,"tmda":null},"geometry":{"type":"LineString","coordinates":[[-72.46533,-40.73007],[-72.46479,-40.74288],[-72.46186,-40.74721],[-72.44645,-40.75526],[-72.43878,-40.77077],[-72.43267,-40.77736],[-72.43157,-40.77992],[-72.4323,-40.78124]]}},{"id":"10562","type":"Feature","properties":{"ROL":"U-475","NOMBRE_CAMINO":"Futacuhín - El Encanto - Santa Elvira","CLASIFICACION":"Camino Regional Comunal","CALZADA":null,"tmda":null},"geometry":{"type":"LineString","coordinates":[[-72.4323,-40.78124],[-72.43333,-40.78334],[-72.42781,-40.78536],[-72.4269,-40.78757],[-72.42195,-40.78827],[-72.41304,-40.79193],[-72.39963,-40.80101],[-72.39488,-40.80465],[-72.38756,-40.81376],[-72.38229,-40.81664],[-72.38127,-40.819],[-72.37396,-40.821],[-72.36077,-40.82748],[-72.35723,-40.83142],[-72.34475,-40.83737],[-72.34065,-40.84073],[-72.33647,-40.84083],[-72.32824,-40.84487],[-72.32279,-40.84474]]}},{"id":"10563","type":"Feature","properties":{"ROL":"W-860","NOMBRE_CAMINO":"Cruce Ruta 5 (Chadmo) - Transversal Pacífico","CLASIFICACION":"Camino Regional de Acceso","CALZADA":null,"tmda":null},"geometry":{"type":"LineString","coordinates":[[-73.75587,-42.92748],[-73.75888,-42.92995],[-73.76131,-42.92998],[-73.76767,-42.92682],[-73.7747,-42.92758],[-73.77514,-42.92853]]}},{"id":"10564","type":"Feature","properties":{"ROL":"U-407","NOMBRE_CAMINO":"Cañal Bajo - Los Volcanes","CLASIFICACION":"Camino Regional Comunal","CALZADA":null,"tmda":null},"geometry":{"type":"LineString","coordinates":[[-73.04537,-40.60523],[-73.02609,-40.60999],[-73.01904,-40.60896],[-73.01915,-40.60678]]}},{"id":"10565","type":"Feature","properties":{"ROL":"U-415","NOMBRE_CAMINO":"Osorno - Cañal Bajo","CLASIFICACION":"Camino Regional de Acceso","CALZADA":null,"tmda":null},"geometry":{"type":"LineString","coordinates":[[-73.09738,-40.58348],[-73.09283,-40.58662],[-73.08795,-40.59479],[-73.06869,-40.6003],[-73.06218,-40.61239]]}},{"id":"10566","type":"Feature","properties":{"ROL":"U-421","NOMBRE_CAMINO":"Monsalve - Las Lumas","CLASIFICACION":"Camino Regional Comunal","CALZADA":null,"tmda":null},"geometry":{"type":"LineString","coordinates":[[-73.00774,-40.60709],[-72.9804,-40.60455],[-72.97021,-40.60077],[-72.9528,-40.5914]]}},{"id":"10567","type":"Feature","properties":{"ROL":"W-771","NOMBRE_CAMINO":"Cruce 5 (Llicaldad) - Rauco por la Costa","CLASIFICACION":"Camino Regional Comunal","CALZADA":null,"tmda":null},"geometry":{"type":"LineString","coordinates":[[-73.79917,-42.52414],[-73.79926,-42.52668],[-73.80304,-42.53186],[-73.80371,-42.53687],[-73.8052,-42.53869],[-73.80119,-42.54192],[-73.80156,-42.54576],[-73.79824,-42.54469],[-73.79628,-42.54578],[-73.79656,-42.55286],[-73.79796,-42.55406],[-73.8083,-42.55544],[-73.81221,-42.56339],[-73.81605,-42.56531]]}},{"id":"10568","type":"Feature","properties":{"ROL":"W-775","NOMBRE_CAMINO":"Teupa - Bahía Yal - Quitripulli","CLASIFICACION":"Camino Regional Comunal","CALZADA":null,"tmda":null},"geometry":{"type":"LineString","coordinates":[[-73.71596,-42.66271],[-73.69525,-42.66907],[-73.68716,-42.66724],[-73.68304,-42.66784],[-73.6769,-42.67143],[-73.67867,-42.6728],[-73.67796,-42.67549],[-73.67588,-42.67721],[-73.67616,-42.68138],[-73.67981,-42.68648],[-73.68275,-42.68764],[-73.68799,-42.68611],[-73.69064,-42.68727]]}},{"id":"10569","type":"Feature","properties":{"ROL":"W-775","NOMBRE_CAMINO":"Teupa - Bahía Yal - Quitripulli","CLASIFICACION":"Camino Regional Comunal","CALZADA":null,"tmda":null},"geometry":{"type":"LineString","coordinates":[[-73.69064,-42.68727],[-73.6931,-42.68782],[-73.69839,-42.68551],[-73.70251,-42.68602],[-73.70485,-42.68975]]}},{"id":"10570","type":"Feature","properties":{"ROL":"U-465","NOMBRE_CAMINO":"Entre Lagos - Puerto Chalupa","CLASIFICACION":"Camino Regional Comunal","CALZADA":null,"tmda":null},"geometry":{"type":"LineString","coordinates":[[-72.595,-40.68649],[-72.58843,-40.70149],[-72.58605,-40.70367],[-72.5863,-40.70567],[-72.57983,-40.71685],[-72.57509,-40.72068],[-72.57081,-40.72196],[-72.56613,-40.73156],[-72.57039,-40.73888],[-72.57074,-40.74139],[-72.56927,-40.74454],[-72.57222,-40.75111],[-72.57501,-40.75245],[-72.58043,-40.75222],[-72.57897,-40.75437],[-72.57785,-40.76302],[-72.57643,-40.76501],[-72.57251,-40.7662]]}},{"id":"10571","type":"Feature","properties":{"ROL":"W-941","NOMBRE_CAMINO":"Cruce Ruta 5 - San Juan de Chadmo","CLASIFICACION":"Camino Regional Comunal","CALZADA":null,"tmda":null},"geometry":{"type":"LineString","coordinates":[[-73.66633,-42.95499],[-73.65706,-42.95103],[-73.62652,-42.95397]]}},{"id":"10572","type":"Feature","properties":{"ROL":"W-805","NOMBRE_CAMINO":"Detico - San Miguel - Contuy","CLASIFICACION":"Camino Regional Comunal","CALZADA":null,"tmda":null},"geometry":{"type":"LineString","coordinates":[[-73.47464,-42.85571],[-73.48256,-42.85338],[-73.491,-42.85503],[-73.49356,-42.85775],[-73.49684,-42.8583],[-73.49782,-42.8598],[-73.49714,-42.86316],[-73.50054,-42.86462],[-73.50667,-42.87059],[-73.51081,-42.86761],[-73.51339,-42.86805],[-73.51441,-42.86922],[-73.5141,-42.87361],[-73.52256,-42.87834],[-73.52335,-42.87989]]}},{"id":"10573","type":"Feature","properties":{"ROL":"W-805","NOMBRE_CAMINO":"Detico - San Miguel - Contuy","CLASIFICACION":"Camino Regional Comunal","CALZADA":null,"tmda":null},"geometry":{"type":"LineString","coordinates":[[-73.58759,-42.85694],[-73.5911,-42.85471],[-73.59505,-42.84793],[-73.60186,-42.84162],[-73.60406,-42.83621],[-73.60327,-42.83268],[-73.60466,-42.82547],[-73.6108,-42.81691],[-73.60923,-42.81303],[-73.60973,-42.81068],[-73.60178,-42.80241],[-73.60331,-42.80023],[-73.60298,-42.79847],[-73.60038,-42.79568],[-73.59411,-42.79304],[-73.59267,-42.78937]]}},{"id":"10574","type":"Feature","properties":{"ROL":"W-813","NOMBRE_CAMINO":"Poyo - Ayacara - Buill","CLASIFICACION":"Camino Regional Comunal","CALZADA":null,"tmda":1196.0},"geometry":{"type":"LineString","coordinates":[[-72.68968,-42.22272],[-72.69372,-42.22677],[-72.6944,-42.22922],[-72.69885,-42.22724],[-72.71153,-42.22516],[-72.72579,-42.22644],[-72.73229,-42.23047],[-72.73769,-42.22845],[-72.74366,-42.23137],[-72.74964,-42.23722],[-72.74486,-42.24143],[-72.73977,-42.24955],[-72.73423,-42.24939],[-72.72995,-42.25177],[-72.72935,-42.2546],[-72.73007,-42.25867],[-72.73422,-42.25847],[-72.74017,-42.26437]]}},{"id":"10575","type":"Feature","properties":{"ROL":"W-813","NOMBRE_CAMINO":"Poyo - Ayacara - Buill","CLASIFICACION":"Camino Regional Comunal","CALZADA":null,"tmda":1196.0},"geometry":{"type":"LineString","coordinates":[[-72.77384,-42.29799],[-72.78245,-42.303],[-72.78458,-42.31677],[-72.78948,-42.31993],[-72.78961,-42.32282],[-72.78384,-42.33686],[-72.77303,-42.34992],[-72.7711,-42.35392],[-72.77214,-42.35804],[-72.76946,-42.36505],[-72.76505,-42.36974],[-72.76401,-42.37328],[-72.75968,-42.37715],[-72.75776,-42.38157],[-72.7514,-42.38837],[-72.73219,-42.39729],[-72.72552,-42.40407],[-72.72316,-42.40437],[-72.72043,-42.40238],[-72.71605,-42.40194],[-72.71349,-42.40353],[-72.70516,-42.40369],[-72.69742,-42.40959],[-72.69269,-42.40971]]}},{"id":"10576","type":"Feature","properties":{"ROL":"W-875","NOMBRE_CAMINO":"Cruce Ruta 5 (Coinco) - Candelaria - Oqueldán","CLASIFICACION":"Camino Regional Comunal","CALZADA":null,"tmda":681.0},"geometry":{"type":"LineString","coordinates":[[-73.62759,-43.05312],[-73.6154,-43.0581],[-73.60469,-43.05904],[-73.59482,-43.05279],[-73.57632,-43.05239],[-73.56224,-43.06324],[-73.5488,-43.06846],[-73.54883,-43.07096],[-73.54639,-43.07258],[-73.54669,-43.07914],[-73.54183,-43.08652],[-73.53931,-43.08817],[-73.53828,-43.09154],[-73.54211,-43.09508],[-73.53949,-43.10168]]}},{"id":"10577","type":"Feature","properties":{"ROL":"W-815","NOMBRE_CAMINO":"Apeche - Las Cañas","CLASIFICACION":"Camino Regional de Acceso","CALZADA":null,"tmda":null},"geometry":{"type":"LineString","coordinates":[[-73.62384,-42.80602],[-73.62853,-42.8031],[-73.62786,-42.80084],[-73.62883,-42.79971],[-73.63283,-42.79883],[-73.63442,-42.79716]]}},{"id":"10578","type":"Feature","properties":{"ROL":"W-819","NOMBRE_CAMINO":"Terao - Lago Coihuin","CLASIFICACION":"Camino Regional de Acceso","CALZADA":null,"tmda":null},"geometry":{"type":"LineString","coordinates":[[-73.66185,-42.73745],[-73.67184,-42.74378],[-73.67543,-42.74752],[-73.68168,-42.74867]]}},{"id":"10579","type":"Feature","properties":{"ROL":"W-877","NOMBRE_CAMINO":"Cruce Ruta 5 (Huildad) - Auchac","CLASIFICACION":"Camino Regional Comunal","CALZADA":null,"tmda":1367.0},"geometry":{"type":"LineString","coordinates":[[-73.64142,-43.03262],[-73.62351,-43.03719],[-73.62104,-43.03972],[-73.61657,-43.0409],[-73.60696,-43.0385],[-73.59697,-43.03814],[-73.58213,-43.03072],[-73.56627,-43.02967],[-73.55918,-43.02672],[-73.54103,-43.02591],[-73.53948,-43.02662],[-73.5372,-43.03216],[-73.53175,-43.03714]]}},{"id":"10580","type":"Feature","properties":{"ROL":"W-877","NOMBRE_CAMINO":"Cruce Ruta 5 (Huildad) - Auchac","CLASIFICACION":"Camino Regional Comunal","CALZADA":null,"tmda":1367.0},"geometry":{"type":"LineString","coordinates":[[-73.53175,-43.03714],[-73.52824,-43.03985]]}},{"id":"10581","type":"Feature","properties":{"ROL":"W-877","NOMBRE_CAMINO":"Cruce Ruta 5 (Huildad) - Auchac","CLASIFICACION":"Camino Regional Comunal","CALZADA":null,"tmda":1367.0},"geometry":{"type":"LineString","coordinates":[[-73.52824,-43.03985],[-73.52798,-43.04477]]}},{"id":"10582","type":"Feature","properties":{"ROL":"W-879","NOMBRE_CAMINO":"Curanue - La Posta","CLASIFICACION":"Camino Regional de Acceso","CALZADA":null,"tmda":null},"geometry":{"type":"LineString","coordinates":[[-73.57357,-43.03013],[-73.57158,-43.0332],[-73.5676,-43.03543]]}},{"id":"10583","type":"Feature","properties":{"ROL":"W-879","NOMBRE_CAMINO":"Curanue - La Posta","CLASIFICACION":"Camino Regional de Acceso","CALZADA":null,"tmda":null},"geometry":{"type":"LineString","coordinates":[[-73.5676,-43.03543],[-73.56138,-43.03824],[-73.55835,-43.04244]]}},{"id":"10584","type":"Feature","properties":{"ROL":"U-11","NOMBRE_CAMINO":"Cruce Ruta 5 (San Pablo) - Trafún","CLASIFICACION":"Camino Regional Principal","CALZADA":null,"tmda":1225.0},"geometry":{"type":"LineString","coordinates":[[-73.00277,-40.42259],[-72.99999,-40.42646],[-72.99266,-40.4313],[-72.98635,-40.43114],[-72.9705,-40.42751],[-72.9648,-40.42833],[-72.95776,-40.42718],[-72.95393,-40.42843],[-72.94039,-40.43989],[-72.93571,-40.44829],[-72.93265,-40.45069]]}},{"id":"10585","type":"Feature","properties":{"ROL":"U-11","NOMBRE_CAMINO":"Cruce Ruta 5 (San Pablo) - Trafún","CLASIFICACION":"Camino Regional Principal","CALZADA":null,"tmda":243.0},"geometry":{"type":"LineString","coordinates":[[-72.93265,-40.45069],[-72.92593,-40.45637],[-72.91803,-40.45961],[-72.9072,-40.47361],[-72.90234,-40.4965],[-72.90271,-40.50947]]}},{"id":"10586","type":"Feature","properties":{"ROL":"U-11","NOMBRE_CAMINO":"Cruce Ruta 5 (San Pablo) - Trafún","CLASIFICACION":"Camino Regional Principal","CALZADA":null,"tmda":238.0},"geometry":{"type":"LineString","coordinates":[[-72.85931,-40.55743],[-72.857,-40.56143],[-72.86005,-40.56892],[-72.85335,-40.58148],[-72.85768,-40.59147],[-72.8557,-40.60175]]}},{"id":"10587","type":"Feature","properties":{"ROL":"U-135","NOMBRE_CAMINO":"Hueleco - Quilén","CLASIFICACION":"Camino Regional Comunal","CALZADA":null,"tmda":null},"geometry":{"type":"LineString","coordinates":[[-72.97366,-40.42828],[-72.97707,-40.43265],[-72.97437,-40.4374],[-72.96253,-40.44994],[-72.96157,-40.45252],[-72.95594,-40.45556],[-72.95245,-40.45591],[-72.94691,-40.46224]]}},{"id":"10588","type":"Feature","properties":{"ROL":"V-817","NOMBRE_CAMINO":"Cupahue - Punta Ilque","CLASIFICACION":"Camino Regional Comunal","CALZADA":null,"tmda":null},"geometry":{"type":"LineString","coordinates":[[-73.10601,-41.60787],[-73.09692,-41.60665],[-73.09064,-41.60801],[-73.08768,-41.61023],[-73.08622,-41.60969],[-73.08478,-41.61305],[-73.08712,-41.62043]]}},{"id":"10589","type":"Feature","properties":{"ROL":"V-817","NOMBRE_CAMINO":"Cupahue - Punta Ilque","CLASIFICACION":"Camino Regional Comunal","CALZADA":null,"tmda":null},"geometry":{"type":"LineString","coordinates":[[-73.08712,-41.62043],[-73.08641,-41.62232]]}},{"id":"10590","type":"Feature","properties":{"ROL":"U-909","NOMBRE_CAMINO":"Picasso - Quilanto","CLASIFICACION":"Camino Regional Comunal","CALZADA":null,"tmda":null},"geometry":{"type":"LineString","coordinates":[[-72.98311,-40.94455],[-72.98072,-40.95726],[-72.96922,-40.9728]]}},{"id":"10591","type":"Feature","properties":{"ROL":"U-911","NOMBRE_CAMINO":"Central Rupanco - Puerto Rico","CLASIFICACION":"Camino Regional Comunal","CALZADA":null,"tmda":348.0},"geometry":{"type":"LineString","coordinates":[[-72.93439,-40.83075],[-72.9256,-40.82983],[-72.91765,-40.83331],[-72.91639,-40.83583],[-72.91494,-40.83383],[-72.90397,-40.83218],[-72.90241,-40.83068],[-72.89166,-40.82814],[-72.89089,-40.83059],[-72.74203,-40.85862],[-72.58167,-40.89768],[-72.56674,-40.89352],[-72.55922,-40.89439],[-72.55492,-40.89313],[-72.54778,-40.89345],[-72.53373,-40.88844],[-72.51606,-40.87815],[-72.50913,-40.87152],[-72.50277,-40.87315],[-72.49695,-40.87827]]}},{"id":"10592","type":"Feature","properties":{"ROL":"U-911","NOMBRE_CAMINO":"Central Rupanco - Puerto Rico","CLASIFICACION":"Camino Regional Comunal","CALZADA":null,"tmda":348.0},"geometry":{"type":"LineString","coordinates":[[-72.49695,-40.87827],[-72.48223,-40.88102],[-72.47379,-40.88718],[-72.4647,-40.89013],[-72.4544,-40.8877],[-72.43179,-40.88514],[-72.42349,-40.88858],[-72.41758,-40.886],[-72.41385,-40.88268]]}},{"id":"10593","type":"Feature","properties":{"ROL":"U-911","NOMBRE_CAMINO":"Central Rupanco - Puerto Rico","CLASIFICACION":"Camino Regional Comunal","CALZADA":null,"tmda":null},"geometry":{"type":"LineString","coordinates":[[-72.41385,-40.88268],[-72.41042,-40.88067],[-72.4022,-40.88077],[-72.40265,-40.88376],[-72.39978,-40.89046],[-72.39585,-40.89329],[-72.38891,-40.89564],[-72.38089,-40.89561],[-72.3745,-40.89109],[-72.36778,-40.88912],[-72.33956,-40.8937],[-72.33465,-40.89797],[-72.3238,-40.89997],[-72.31449,-40.89837],[-72.31133,-40.89313],[-72.3047,-40.89132],[-72.28299,-40.89383],[-72.27913,-40.89256],[-72.27737,-40.89365],[-72.2662,-40.89239],[-72.26023,-40.89073],[-72.25708,-40.89228],[-72.25379,-40.89672],[-72.25001,-40.89854],[-72.24018,-40.89631],[-72.23885,-40.89397],[-72.23624,-40.89263],[-72.22385,-40.89363],[-72.2035,-40.88758],[-72.19547,-40.88953],[-72.19519,-40.8881],[-72.18996,-40.88612],[-72.18748,-40.8832],[-72.18015,-40.8817],[-72.1794,-40.87754],[-72.181,-40.87395],[-72.17987,-40.87154]]}},{"id":"10594","type":"Feature","properties":{"ROL":"U-300","NOMBRE_CAMINO":"Puaucho - Trinidad","CLASIFICACION":"Camino Regional Provincial","CALZADA":null,"tmda":521.0},"geometry":{"type":"LineString","coordinates":[[-73.46631,-40.60009],[-73.4613,-40.59516],[-73.45751,-40.5932],[-73.45434,-40.59314],[-73.45042,-40.58581],[-73.44959,-40.58058],[-73.44482,-40.58007],[-73.44443,-40.57695],[-73.43758,-40.5714],[-73.43744,-40.56934],[-73.43962,-40.56729],[-73.44013,-40.56484],[-73.43829,-40.56204],[-73.42663,-40.55762],[-73.42301,-40.55476],[-73.41407,-40.55577],[-73.40421,-40.55257],[-73.39397,-40.54468],[-73.38992,-40.5326],[-73.39088,-40.52876]]}},{"id":"10595","type":"Feature","properties":{"ROL":"U-300","NOMBRE_CAMINO":"Puaucho - Trinidad","CLASIFICACION":"Camino Regional Provincial","CALZADA":null,"tmda":270.0},"geometry":{"type":"LineString","coordinates":[[-73.4055,-40.49],[-73.41089,-40.48642],[-73.40702,-40.4809],[-73.41083,-40.48266],[-73.41258,-40.48111],[-73.41879,-40.47971],[-73.42005,-40.47345],[-73.42302,-40.47055],[-73.42231,-40.4686],[-73.42362,-40.46667],[-73.42983,-40.46443],[-73.43898,-40.45828],[-73.43937,-40.45411],[-73.44054,-40.45337],[-73.43908,-40.44535],[-73.4447,-40.44349],[-73.44567,-40.43722],[-73.44392,-40.43466],[-73.44688,-40.43401],[-73.44829,-40.43114],[-73.44749,-40.42082],[-73.45157,-40.42046],[-73.45243,-40.41927],[-73.45135,-40.41643],[-73.45303,-40.41426],[-73.45021,-40.41018],[-73.44473,-40.40893],[-73.44159,-40.40527],[-73.4344,-40.40474],[-73.43265,-40.40197]]}},{"id":"10596","type":"Feature","properties":{"ROL":"U-300","NOMBRE_CAMINO":"Puaucho - Trinidad","CLASIFICACION":"Camino Regional Provincial","CALZADA":null,"tmda":270.0},"geometry":{"type":"LineString","coordinates":[[-73.39088,-40.52876],[-73.3929,-40.52799],[-73.39423,-40.52471],[-73.39119,-40.52329],[-73.38993,-40.5206],[-73.38963,-40.51694],[-73.3919,-40.50997],[-73.39038,-40.509],[-73.39011,-40.50676],[-73.39269,-40.50422],[-73.39577,-40.50415],[-73.39625,-40.4995],[-73.402,-40.49665],[-73.40408,-40.49428]]}},{"id":"10597","type":"Feature","properties":{"ROL":"U-300","NOMBRE_CAMINO":"Puaucho - Trinidad","CLASIFICACION":"Camino Regional Provincial","CALZADA":null,"tmda":270.0},"geometry":{"type":"LineString","coordinates":[[-73.43265,-40.40197],[-73.43672,-40.39871],[-73.43904,-40.39378],[-73.44327,-40.39212],[-73.44252,-40.38934],[-73.44611,-40.38267],[-73.44885,-40.37936],[-73.45298,-40.37903],[-73.45312,-40.37521],[-73.45533,-40.37485],[-73.45708,-40.37036],[-73.46029,-40.36893],[-73.46097,-40.36633],[-73.45936,-40.36023],[-73.45685,-40.35948],[-73.45836,-40.35604],[-73.46025,-40.35506],[-73.45829,-40.35243],[-73.45855,-40.34955],[-73.44786,-40.34469],[-73.44647,-40.34075],[-73.44808,-40.33415],[-73.44589,-40.33396],[-73.44475,-40.33085],[-73.44753,-40.32918],[-73.44469,-40.32803],[-73.44092,-40.32404]]}},{"id":"10598","type":"Feature","properties":{"ROL":"U-300","NOMBRE_CAMINO":"Puaucho - Trinidad","CLASIFICACION":"Camino Regional Provincial","CALZADA":null,"tmda":270.0},"geometry":{"type":"LineString","coordinates":[[-73.44092,-40.32404],[-73.44136,-40.31804]]}},{"id":"10599","type":"Feature","properties":{"ROL":"U-302","NOMBRE_CAMINO":"Pucatrihue - Escuela Caleta Manzano","CLASIFICACION":"Camino Regional Comunal","CALZADA":null,"tmda":null},"geometry":{"type":"LineString","coordinates":[[-73.70715,-40.57066],[-73.70542,-40.56684],[-73.70256,-40.56435],[-73.70482,-40.56255],[-73.70659,-40.55851],[-73.71328,-40.5564],[-73.71564,-40.55095],[-73.71961,-40.54646],[-73.71308,-40.53783]]}},{"id":"10600","type":"Feature","properties":{"ROL":"U-302","NOMBRE_CAMINO":"Pucatrihue - Escuela Caleta Manzano","CLASIFICACION":"Camino Regional Comunal","CALZADA":null,"tmda":null},"geometry":{"type":"LineString","coordinates":[[-73.71113,-40.53715],[-73.71083,-40.53592],[-73.71774,-40.52396],[-73.70942,-40.52698],[-73.71124,-40.52571],[-73.70519,-40.5251],[-73.70013,-40.51951],[-73.7004,-40.51661],[-73.70678,-40.51431],[-73.70878,-40.50831],[-73.7143,-40.50589],[-73.71814,-40.50202],[-73.7228,-40.50031],[-73.72637,-40.49677],[-73.72643,-40.50047],[-73.72837,-40.49805],[-73.72892,-40.49924],[-73.7313,-40.49853],[-73.73145,-40.49712],[-73.7405,-40.49385],[-73.74178,-40.49018],[-73.74599,-40.48835],[-73.7458,-40.48681]]}},{"id":"10601","type":"Feature","properties":{"ROL":"U-915","NOMBRE_CAMINO":"Puerto Octay - Centinela","CLASIFICACION":"Camino Regional de Acceso","CALZADA":null,"tmda":null},"geometry":{"type":"LineString","coordinates":[[-72.88816,-40.97688],[-72.88853,-40.9823],[-72.88994,-40.98409],[-72.88788,-40.98649],[-72.88283,-40.98945],[-72.87744,-40.99491],[-72.87285,-40.99422]]}},{"id":"10602","type":"Feature","properties":{"ROL":"U-915","NOMBRE_CAMINO":"Puerto Octay - Centinela","CLASIFICACION":"Camino Regional de Acceso","CALZADA":null,"tmda":null},"geometry":{"type":"LineString","coordinates":[[-72.87285,-40.99422],[-72.86759,-40.99272],[-72.86524,-40.98997]]}},{"id":"10603","type":"Feature","properties":{"ROL":"U-925","NOMBRE_CAMINO":"Carril - Media Luna - Pampa Grande","CLASIFICACION":"Camino Regional Comunal","CALZADA":null,"tmda":null},"geometry":{"type":"LineString","coordinates":[[-72.87747,-40.94763],[-72.86046,-40.94885],[-72.84851,-40.95305],[-72.84638,-40.95675],[-72.8444,-40.95776],[-72.81914,-40.96175],[-72.81541,-40.96525],[-72.81336,-40.96497],[-72.81235,-40.96615],[-72.81047,-40.97273],[-72.80351,-40.9821],[-72.79597,-40.98647],[-72.78327,-40.99127],[-72.77634,-40.99176],[-72.77137,-40.98999],[-72.75859,-40.99675],[-72.75492,-41.00104],[-72.7446,-41.00274],[-72.73673,-41.00198],[-72.72966,-41.00473],[-72.72807,-41.00315],[-72.71463,-40.99809],[-72.70548,-40.98946],[-72.69744,-40.97158],[-72.6977,-40.96197],[-72.6915,-40.94736],[-72.69154,-40.94161],[-72.68315,-40.93476],[-72.68274,-40.93277],[-72.6226,-40.88816]]}},{"id":"10604","type":"Feature","properties":{"ROL":"V-833","NOMBRE_CAMINO":"Isla Puluqui: San Ramón - Pergue","CLASIFICACION":"Camino Regional Comunal","CALZADA":null,"tmda":null},"geometry":{"type":"LineString","coordinates":[[-73.06005,-41.73307],[-73.06074,-41.73419],[-73.05754,-41.73931],[-73.05701,-41.74616],[-73.0537,-41.74945]]}},{"id":"10605","type":"Feature","properties":{"ROL":"V-833","NOMBRE_CAMINO":"Isla Puluqui: San Ramón - Pergue","CLASIFICACION":"Camino Regional Comunal","CALZADA":null,"tmda":null},"geometry":{"type":"LineString","coordinates":[[-73.03407,-41.80597],[-73.03167,-41.81457],[-73.02445,-41.82335],[-73.02103,-41.83076],[-73.01371,-41.83736],[-73.00783,-41.84524],[-72.99875,-41.85136],[-72.99507,-41.86004]]}},{"id":"10606","type":"Feature","properties":{"ROL":"V-833","NOMBRE_CAMINO":"Isla Puluqui: San Ramón - Pergue","CLASIFICACION":"Camino Regional Comunal","CALZADA":null,"tmda":null},"geometry":{"type":"LineString","coordinates":[[-73.0537,-41.74945],[-73.0476,-41.75938],[-73.04404,-41.76987],[-73.04324,-41.7787],[-73.03991,-41.78409],[-73.04056,-41.79012],[-73.03567,-41.79744],[-73.03407,-41.80597]]}},{"id":"10607","type":"Feature","properties":{"ROL":"V-837","NOMBRE_CAMINO":"Rulo - Rosario","CLASIFICACION":"Camino Regional Comunal","CALZADA":null,"tmda":null},"geometry":{"type":"LineString","coordinates":[[-73.11028,-41.6874],[-73.11484,-41.70657],[-73.13146,-41.72472],[-73.13703,-41.73378],[-73.14072,-41.7433],[-73.14163,-41.7523]]}},{"id":"10608","type":"Feature","properties":{"ROL":"V-839","NOMBRE_CAMINO":"Calbuco - Caicaén","CLASIFICACION":"Camino Regional Comunal","CALZADA":null,"tmda":null},"geometry":{"type":"LineString","coordinates":[[-73.13386,-41.78209],[-73.13855,-41.78256],[-73.14721,-41.7872],[-73.14905,-41.79201],[-73.15487,-41.79776],[-73.16266,-41.80083],[-73.17058,-41.80127],[-73.18265,-41.79719],[-73.185,-41.79739],[-73.18675,-41.79488]]}},{"id":"10609","type":"Feature","properties":{"ROL":"V-839","NOMBRE_CAMINO":"Calbuco - Caicaén","CLASIFICACION":"Camino Regional Comunal","CALZADA":null,"tmda":null},"geometry":{"type":"LineString","coordinates":[[-73.18675,-41.79488],[-73.18661,-41.79513]]}},{"id":"10610","type":"Feature","properties":{"ROL":"V-847","NOMBRE_CAMINO":"Isla Quihua: Pureo - Yaco Alto","CLASIFICACION":"Camino Regional Comunal","CALZADA":null,"tmda":null},"geometry":{"type":"LineString","coordinates":[[-73.2129,-41.77941],[-73.21474,-41.7651],[-73.21725,-41.75703],[-73.22202,-41.75048],[-73.23211,-41.74186]]}},{"id":"10611","type":"Feature","properties":{"ROL":"V-847","NOMBRE_CAMINO":"Isla Quihua: Pureo - Yaco Alto","CLASIFICACION":"Camino Regional Comunal","CALZADA":null,"tmda":null},"geometry":{"type":"LineString","coordinates":[[-73.23211,-41.74186],[-73.23427,-41.73997],[-73.2386,-41.74079],[-73.24073,-41.73744],[-73.24111,-41.7326]]}},{"id":"10612","type":"Feature","properties":{"ROL":"U-358","NOMBRE_CAMINO":"Trosco - Purrehuín","CLASIFICACION":"Camino Regional Comunal","CALZADA":null,"tmda":null},"geometry":{"type":"LineString","coordinates":[[-73.39304,-40.61049],[-73.3957,-40.60984],[-73.39498,-40.60282],[-73.39831,-40.59952],[-73.39639,-40.59095],[-73.39777,-40.58454],[-73.40067,-40.58184],[-73.40074,-40.57839],[-73.40833,-40.57516],[-73.40883,-40.57054],[-73.41232,-40.5682],[-73.41884,-40.56767],[-73.42282,-40.566],[-73.42347,-40.56005],[-73.42668,-40.55764]]}},{"id":"10613","type":"Feature","properties":{"ROL":"V-155","NOMBRE_CAMINO":"LLanquihue - Frutillar - Quilanto","CLASIFICACION":"Camino Regional Provincial","CALZADA":null,"tmda":867.0},"geometry":{"type":"LineString","coordinates":[[-73.00506,-41.25703],[-73.00894,-41.24674],[-73.00802,-41.24371],[-73.01298,-41.23288],[-73.01194,-41.22794],[-73.0166,-41.22458],[-73.0298,-41.2199],[-73.03344,-41.21721],[-73.03496,-41.21354],[-73.03378,-41.20957],[-73.02557,-41.20637],[-73.02025,-41.20192],[-73.01997,-41.19794],[-73.02355,-41.19378],[-73.02161,-41.18831],[-73.02385,-41.18283],[-73.01811,-41.18004],[-73.01746,-41.1785],[-73.01874,-41.17245],[-73.02605,-41.16211],[-73.02022,-41.15402],[-73.02182,-41.14894],[-73.0204,-41.14671]]}},{"id":"10614","type":"Feature","properties":{"ROL":"V-155","NOMBRE_CAMINO":"LLanquihue - Frutillar - Quilanto","CLASIFICACION":"Camino Regional Provincial","CALZADA":null,"tmda":867.0},"geometry":{"type":"LineString","coordinates":[[-73.02384,-41.12505],[-73.01182,-41.11833],[-72.98685,-41.11105],[-72.98792,-41.10741],[-72.98525,-41.10161],[-72.98499,-41.0946],[-72.98038,-41.09149],[-72.97077,-41.0921],[-72.96642,-41.09139],[-72.96577,-41.0903],[-72.96288,-41.09138],[-72.9589,-41.08775],[-72.94812,-41.08221]]}},{"id":"10615","type":"Feature","properties":{"ROL":"V-155","NOMBRE_CAMINO":"LLanquihue - Frutillar - Quilanto","CLASIFICACION":"Camino Regional Provincial","CALZADA":null,"tmda":867.0},"geometry":{"type":"LineString","coordinates":[[-72.92749,-41.06769],[-72.92679,-41.06618],[-72.9201,-41.0641],[-72.9177,-41.06592],[-72.9156,-41.06582],[-72.90502,-41.06131],[-72.9125,-41.04849],[-72.91152,-41.0453],[-72.91254,-41.0422],[-72.92327,-41.03261],[-72.93025,-41.02853],[-72.9323,-41.02912],[-72.94252,-41.02181]]}},{"id":"10616","type":"Feature","properties":{"ROL":"V-155","NOMBRE_CAMINO":"LLanquihue - Frutillar - Quilanto","CLASIFICACION":"Camino Regional Provincial","CALZADA":null,"tmda":867.0},"geometry":{"type":"LineString","coordinates":[[-72.94812,-41.08221],[-72.94057,-41.07467],[-72.93653,-41.07227]]}},{"id":"10617","type":"Feature","properties":{"ROL":"V-891","NOMBRE_CAMINO":"Cruce Ruta 5 - Colaco - Cruce Cárdenas","CLASIFICACION":"Camino Regional Comunal","CALZADA":null,"tmda":null},"geometry":{"type":"LineString","coordinates":[[-73.39057,-41.74192],[-73.37575,-41.75056],[-73.36503,-41.75943],[-73.3623,-41.76202],[-73.36365,-41.7665],[-73.36169,-41.76796],[-73.35676,-41.7677],[-73.34295,-41.77114],[-73.33349,-41.76964],[-73.31432,-41.7711],[-73.30639,-41.76382],[-73.28912,-41.76213],[-73.28003,-41.74863],[-73.26295,-41.71428],[-73.26273,-41.71107],[-73.2645,-41.70618],[-73.26235,-41.70114],[-73.25833,-41.69947],[-73.25579,-41.69633],[-73.25194,-41.69477],[-73.23826,-41.69378],[-73.23447,-41.68908],[-73.23112,-41.68838],[-73.21959,-41.68851],[-73.21069,-41.69172],[-73.19526,-41.69198]]}},{"id":"10618","type":"Feature","properties":{"ROL":"U-120","NOMBRE_CAMINO":"Chacayal - Caracol - Quilacoya","CLASIFICACION":"Camino Regional Comunal","CALZADA":null,"tmda":57.0},"geometry":{"type":"LineString","coordinates":[[-73.16043,-40.50095],[-73.1463,-40.48955],[-73.14478,-40.48512],[-73.13729,-40.4747],[-73.13077,-40.46636],[-73.12809,-40.46544],[-73.12669,-40.46253],[-73.12688,-40.45564],[-73.1229,-40.44363]]}},{"id":"10619","type":"Feature","properties":{"ROL":"U-120","NOMBRE_CAMINO":"Chacayal - Caracol - Quilacoya","CLASIFICACION":"Camino Regional Comunal","CALZADA":null,"tmda":57.0},"geometry":{"type":"LineString","coordinates":[[-73.1229,-40.44363],[-73.11873,-40.44181],[-73.11583,-40.43231],[-73.12326,-40.41786],[-73.12817,-40.4126],[-73.1314,-40.4124],[-73.13311,-40.40814],[-73.12647,-40.3876],[-73.12568,-40.38008]]}},{"id":"10620","type":"Feature","properties":{"ROL":"U-166","NOMBRE_CAMINO":"Misión Quilacahuín - Las Juntas","CLASIFICACION":"Camino Regional Comunal","CALZADA":null,"tmda":null},"geometry":{"type":"LineString","coordinates":[[-73.26573,-40.37724],[-73.26657,-40.3783]]}},{"id":"10621","type":"Feature","properties":{"ROL":"U-170","NOMBRE_CAMINO":"El Roble - Quilacahuín - Las Juntas","CLASIFICACION":"Camino Regional Comunal","CALZADA":null,"tmda":821.0},"geometry":{"type":"LineString","coordinates":[[-73.20004,-40.4533],[-73.20558,-40.45319],[-73.21441,-40.44654],[-73.22008,-40.4405],[-73.21878,-40.43681],[-73.22527,-40.43233],[-73.21881,-40.4242],[-73.21809,-40.41967],[-73.22687,-40.40718],[-73.23007,-40.40757],[-73.23184,-40.40589],[-73.23014,-40.40308],[-73.23055,-40.40149],[-73.24335,-40.39497],[-73.24781,-40.39117],[-73.24932,-40.38605],[-73.25332,-40.3842],[-73.25797,-40.38387],[-73.26149,-40.37849],[-73.26533,-40.37707],[-73.2685,-40.37204],[-73.2704,-40.37399],[-73.27757,-40.37043],[-73.28698,-40.36982],[-73.29703,-40.36449],[-73.30724,-40.35666],[-73.30964,-40.354],[-73.31068,-40.34648],[-73.31421,-40.3395],[-73.30944,-40.33568]]}},{"id":"10622","type":"Feature","properties":{"ROL":"U-531","NOMBRE_CAMINO":"Casa de Lata - Buenaventura Norte","CLASIFICACION":"Camino Regional de Acceso","CALZADA":null,"tmda":null},"geometry":{"type":"LineString","coordinates":[[-73.11977,-40.69847],[-73.11962,-40.69272]]}},{"id":"10623","type":"Feature","properties":{"ROL":"U-533","NOMBRE_CAMINO":"Casa de Lata - Buenaventura Sur","CLASIFICACION":"Camino Regional de Acceso","CALZADA":null,"tmda":null},"geometry":{"type":"LineString","coordinates":[[-73.11977,-40.69847],[-73.11699,-40.71569],[-73.11203,-40.71709]]}},{"id":"10624","type":"Feature","properties":{"ROL":"U-605","NOMBRE_CAMINO":"Cruce Ruta 5 - Chifín - Cancura","CLASIFICACION":"Camino Regional Comunal","CALZADA":null,"tmda":null},"geometry":{"type":"LineString","coordinates":[[-73.16324,-40.79157],[-73.10815,-40.80671]]}},{"id":"10625","type":"Feature","properties":{"ROL":"U-605","NOMBRE_CAMINO":"Cruce Ruta 5 - Chifín - Cancura","CLASIFICACION":"Camino Regional Comunal","CALZADA":null,"tmda":null},"geometry":{"type":"LineString","coordinates":[[-73.10815,-40.80671],[-73.10028,-40.80865],[-73.04486,-40.79727],[-73.01767,-40.77361],[-73.01103,-40.76155],[-73.00561,-40.75753],[-72.99558,-40.76261],[-72.98239,-40.77316],[-72.96727,-40.772],[-72.96625,-40.77063],[-72.96628,-40.76529]]}},{"id":"10626","type":"Feature","properties":{"ROL":"V-555","NOMBRE_CAMINO":"Acceso Al Volcán Osorno","CLASIFICACION":"Camino Regional de Acceso","CALZADA":null,"tmda":null},"geometry":{"type":"LineString","coordinates":[[-72.54099,-41.19372],[-72.53014,-41.18986],[-72.51921,-41.17926],[-72.51292,-41.16455],[-72.51342,-41.16212],[-72.51055,-41.16022],[-72.51269,-41.15652],[-72.51482,-41.15645],[-72.51781,-41.1491]]}},{"id":"10627","type":"Feature","properties":{"ROL":"V-555","NOMBRE_CAMINO":"Acceso Al Volcán Osorno","CLASIFICACION":"Camino Regional de Acceso","CALZADA":null,"tmda":null},"geometry":{"type":"LineString","coordinates":[[-72.51781,-41.1491],[-72.51433,-41.14724]]}},{"id":"10628","type":"Feature","properties":{"ROL":"V-555","NOMBRE_CAMINO":"Acceso Al Volcán Osorno","CLASIFICACION":"Camino Regional de Acceso","CALZADA":null,"tmda":null},"geometry":{"type":"LineString","coordinates":[[-72.51433,-41.14724],[-72.5212,-41.1445],[-72.52428,-41.1454],[-72.5241,-41.14421],[-72.52663,-41.14181],[-72.52979,-41.14214],[-72.53591,-41.14006],[-72.53929,-41.13553],[-72.53838,-41.13472],[-72.53908,-41.13358],[-72.5382,-41.13406],[-72.53843,-41.13263],[-72.53736,-41.13333],[-72.53755,-41.13187],[-72.53539,-41.13319],[-72.53651,-41.13166],[-72.53257,-41.1309],[-72.52988,-41.12795]]}},{"id":"10629","type":"Feature","properties":{"ROL":"V-605","NOMBRE_CAMINO":"Colonia Tres Puentes - Metrenquén","CLASIFICACION":"Camino Regional Comunal","CALZADA":null,"tmda":215.0},"geometry":{"type":"LineString","coordinates":[[-72.87033,-41.30182],[-72.83571,-41.30104],[-72.82698,-41.31481],[-72.82301,-41.31734],[-72.81169,-41.31965],[-72.81894,-41.34173],[-72.81873,-41.35217],[-72.82227,-41.35628],[-72.82061,-41.36246],[-72.82231,-41.36409]]}},{"id":"10630","type":"Feature","properties":{"ROL":"V-613","NOMBRE_CAMINO":"Río Pescado - Colonia Río Sur","CLASIFICACION":"Camino Regional Comunal","CALZADA":null,"tmda":662.0},"geometry":{"type":"LineString","coordinates":[[-72.79699,-41.25365],[-72.7965,-41.25869],[-72.79509,-41.26056],[-72.78534,-41.26121],[-72.78306,-41.26481],[-72.77959,-41.26599],[-72.77706,-41.26979],[-72.77349,-41.27108],[-72.77163,-41.27592],[-72.76794,-41.27868],[-72.74529,-41.28444],[-72.73561,-41.29],[-72.73286,-41.29418],[-72.72649,-41.29937],[-72.72001,-41.30214],[-72.71342,-41.30842],[-72.70978,-41.31044],[-72.69975,-41.31182],[-72.69478,-41.31428],[-72.69417,-41.31653]]}},{"id":"10631","type":"Feature","properties":{"ROL":"V-613","NOMBRE_CAMINO":"Río Pescado - Colonia Río Sur","CLASIFICACION":"Camino Regional Comunal","CALZADA":null,"tmda":662.0},"geometry":{"type":"LineString","coordinates":[[-72.70857,-41.363],[-72.7136,-41.37748]]}},{"id":"10632","type":"Feature","properties":{"ROL":"V-613","NOMBRE_CAMINO":"Río Pescado - Colonia Río Sur","CLASIFICACION":"Camino Regional Comunal","CALZADA":null,"tmda":662.0},"geometry":{"type":"LineString","coordinates":[[-72.69445,-41.31871],[-72.70086,-41.33523],[-72.70111,-41.34075],[-72.70823,-41.36197]]}},{"id":"10633","type":"Feature","properties":{"ROL":"U-180","NOMBRE_CAMINO":"Cuinco - Colimahuida - Colhue","CLASIFICACION":"Camino Regional Comunal","CALZADA":null,"tmda":null},"geometry":{"type":"LineString","coordinates":[[-73.15061,-40.53939],[-73.15318,-40.53754],[-73.15887,-40.53959],[-73.17198,-40.54152],[-73.18715,-40.5269],[-73.19416,-40.52533]]}},{"id":"10634","type":"Feature","properties":{"ROL":"U-180","NOMBRE_CAMINO":"Cuinco - Colimahuida - Colhue","CLASIFICACION":"Camino Regional Comunal","CALZADA":null,"tmda":null},"geometry":{"type":"LineString","coordinates":[[-73.19416,-40.52533],[-73.20667,-40.5259],[-73.20599,-40.51939],[-73.20775,-40.51654],[-73.21932,-40.50807],[-73.21912,-40.50506],[-73.223,-40.50302],[-73.22356,-40.50133],[-73.22216,-40.49677],[-73.21434,-40.49883],[-73.21291,-40.50032],[-73.2095,-40.49818],[-73.2049,-40.49766],[-73.20266,-40.49386],[-73.18956,-40.48936],[-73.18566,-40.48626]]}},{"id":"10635","type":"Feature","properties":{"ROL":"U-655","NOMBRE_CAMINO":"Cancura - Loma Alta - El Desagüe","CLASIFICACION":"Camino Regional Comunal","CALZADA":null,"tmda":null},"geometry":{"type":"LineString","coordinates":[[-72.968,-40.75549],[-72.96707,-40.75542],[-72.96637,-40.7599],[-72.96372,-40.75982],[-72.95648,-40.76479],[-72.94224,-40.7631]]}},{"id":"10636","type":"Feature","properties":{"ROL":"U-655","NOMBRE_CAMINO":"Cancura - Loma Alta - El Desagüe","CLASIFICACION":"Camino Regional Comunal","CALZADA":null,"tmda":null},"geometry":{"type":"LineString","coordinates":[[-72.93523,-40.76212],[-72.92343,-40.75854],[-72.89792,-40.76137],[-72.86503,-40.77872],[-72.85456,-40.77959],[-72.8329,-40.78741],[-72.78494,-40.77657],[-72.76609,-40.78049]]}},{"id":"10637","type":"Feature","properties":{"ROL":"V-629","NOMBRE_CAMINO":"La Vara - Senda Sur","CLASIFICACION":"Camino Regional Comunal","CALZADA":null,"tmda":6002.0},"geometry":{"type":"LineString","coordinates":[[-72.91166,-41.42597],[-72.9006,-41.42539]]}},{"id":"10638","type":"Feature","properties":{"ROL":"V-629","NOMBRE_CAMINO":"La Vara - Senda Sur","CLASIFICACION":"Camino Regional Comunal","CALZADA":null,"tmda":6002.0},"geometry":{"type":"LineString","coordinates":[[-72.89938,-41.42538],[-72.85488,-41.43447]]}},{"id":"10639","type":"Feature","properties":{"ROL":"U-705","NOMBRE_CAMINO":"Cruce Ruta 5 - Oromo","CLASIFICACION":"Camino Regional Comunal","CALZADA":null,"tmda":576.0},"geometry":{"type":"LineString","coordinates":[[-73.16789,-40.81096],[-73.16363,-40.81397]]}},{"id":"10640","type":"Feature","properties":{"ROL":"U-705","NOMBRE_CAMINO":"Cruce Ruta 5 - Oromo","CLASIFICACION":"Camino Regional Comunal","CALZADA":null,"tmda":576.0},"geometry":{"type":"LineString","coordinates":[[-73.16363,-40.81397],[-73.143,-40.8278],[-73.14248,-40.83057],[-73.13459,-40.83915],[-73.12777,-40.84913],[-73.12154,-40.85443]]}},{"id":"10641","type":"Feature","properties":{"ROL":"U-705","NOMBRE_CAMINO":"Cruce Ruta 5 - Oromo","CLASIFICACION":"Camino Regional Comunal","CALZADA":null,"tmda":576.0},"geometry":{"type":"LineString","coordinates":[[-73.12154,-40.85443],[-73.10737,-40.87783]]}},{"id":"10642","type":"Feature","properties":{"ROL":"V-699","NOMBRE_CAMINO":"Ralún - Canutillar - Lago Chapo","CLASIFICACION":"Camino Regional Comunal","CALZADA":null,"tmda":null},"geometry":{"type":"LineString","coordinates":[[-72.31658,-41.37589],[-72.32041,-41.37897],[-72.326,-41.38654],[-72.32898,-41.38803],[-72.33289,-41.39414],[-72.33299,-41.39854],[-72.33058,-41.4009],[-72.32916,-41.40513],[-72.33046,-41.40784],[-72.33036,-41.4124],[-72.32802,-41.4191],[-72.33045,-41.42297],[-72.33336,-41.43932],[-72.33187,-41.45051],[-72.3284,-41.45419],[-72.32554,-41.46054],[-72.32944,-41.46518],[-72.3301,-41.47202],[-72.32848,-41.48009],[-72.33226,-41.48711],[-72.33359,-41.49773],[-72.33838,-41.5015],[-72.3408,-41.50588]]}},{"id":"10643","type":"Feature","properties":{"ROL":"U-905","NOMBRE_CAMINO":"Coñico - Quilanto","CLASIFICACION":"Camino Regional Comunal","CALZADA":null,"tmda":103.0},"geometry":{"type":"LineString","coordinates":[[-73.05427,-40.93707],[-73.02677,-40.95833],[-73.01695,-40.9696],[-72.99805,-40.96899],[-72.96985,-40.9726]]}},{"id":"10644","type":"Feature","properties":{"ROL":"U-905","NOMBRE_CAMINO":"Coñico - Quilanto","CLASIFICACION":"Camino Regional Comunal","CALZADA":null,"tmda":646.0},"geometry":{"type":"LineString","coordinates":[[-72.96985,-40.9726],[-72.95111,-40.98562],[-72.94473,-40.98506],[-72.93762,-40.99198],[-72.93505,-40.99641]]}},{"id":"10645","type":"Feature","properties":{"ROL":"V-630","NOMBRE_CAMINO":"Caracol - Piedra Blanca","CLASIFICACION":"Camino Regional Comunal","CALZADA":null,"tmda":186.0},"geometry":{"type":"LineString","coordinates":[[-73.47395,-41.45167],[-73.49292,-41.45255],[-73.50797,-41.44913],[-73.52193,-41.45661],[-73.52954,-41.4552],[-73.54924,-41.4607],[-73.56707,-41.48319],[-73.57029,-41.49138],[-73.57511,-41.49363],[-73.58163,-41.4939],[-73.59572,-41.49929]]}},{"id":"10646","type":"Feature","properties":{"ROL":"V-630","NOMBRE_CAMINO":"Caracol - Piedra Blanca","CLASIFICACION":"Camino Regional Comunal","CALZADA":null,"tmda":186.0},"geometry":{"type":"LineString","coordinates":[[-73.59572,-41.49929],[-73.60309,-41.50203],[-73.61815,-41.50506],[-73.62534,-41.50842]]}},{"id":"10647","type":"Feature","properties":{"ROL":"V-630","NOMBRE_CAMINO":"Caracol - Piedra Blanca","CLASIFICACION":"Camino Regional Comunal","CALZADA":null,"tmda":186.0},"geometry":{"type":"LineString","coordinates":[[-73.62534,-41.50842],[-73.64142,-41.51678],[-73.63761,-41.53279],[-73.62043,-41.55648]]}},{"id":"10648","type":"Feature","properties":{"ROL":"V-260","NOMBRE_CAMINO":"Macal - Centinela","CLASIFICACION":"Camino Regional Comunal","CALZADA":null,"tmda":null},"geometry":{"type":"LineString","coordinates":[[-73.20775,-41.23587],[-73.20267,-41.22143],[-73.2044,-41.21443],[-73.20946,-41.20817],[-73.2145,-41.19767],[-73.21856,-41.18446],[-73.23313,-41.17106],[-73.23552,-41.16117],[-73.23849,-41.15602],[-73.23745,-41.14729],[-73.23096,-41.13925],[-73.21505,-41.12781],[-73.21185,-41.12393],[-73.21026,-41.11148]]}},{"id":"10649","type":"Feature","properties":{"ROL":"V-660","NOMBRE_CAMINO":"Chaquihuán (Cuatro Vientos) - Quenuir","CLASIFICACION":"Camino Regional Comunal","CALZADA":null,"tmda":null},"geometry":{"type":"LineString","coordinates":[[-73.71001,-41.43636],[-73.71302,-41.44012],[-73.71636,-41.44079],[-73.71836,-41.44362],[-73.7219,-41.4447],[-73.73923,-41.45644],[-73.73955,-41.46547],[-73.74746,-41.4655],[-73.74794,-41.46946],[-73.75093,-41.47271],[-73.74747,-41.47843],[-73.74829,-41.48317],[-73.75057,-41.48679],[-73.74413,-41.50697],[-73.73907,-41.50969],[-73.73649,-41.51546],[-73.73134,-41.52039],[-73.70224,-41.53942],[-73.69392,-41.54094],[-73.68612,-41.54855],[-73.68361,-41.55556],[-73.67992,-41.55808],[-73.67897,-41.56386],[-73.67767,-41.56439]]}},{"id":"10650","type":"Feature","properties":{"ROL":"V-300","NOMBRE_CAMINO":"Río Frío - Fresia - Polizones","CLASIFICACION":"Camino Regional Comunal","CALZADA":null,"tmda":454.0},"geometry":{"type":"LineString","coordinates":[[-73.43634,-41.29035],[-73.4288,-41.26978],[-73.42244,-41.2686],[-73.42351,-41.26689],[-73.42725,-41.26571],[-73.42709,-41.26365],[-73.42884,-41.26265],[-73.42748,-41.26107],[-73.42706,-41.2556],[-73.43134,-41.24596],[-73.43939,-41.24354],[-73.45226,-41.23319],[-73.45307,-41.22964],[-73.44971,-41.21523],[-73.45366,-41.20821],[-73.45128,-41.20411],[-73.44744,-41.20397],[-73.44759,-41.20133],[-73.44502,-41.19746]]}},{"id":"10651","type":"Feature","properties":{"ROL":"V-300","NOMBRE_CAMINO":"Río Frío - Fresia - Polizones","CLASIFICACION":"Camino Regional Comunal","CALZADA":null,"tmda":454.0},"geometry":{"type":"LineString","coordinates":[[-73.40595,-41.16267],[-73.3984,-41.15689]]}},{"id":"10652","type":"Feature","properties":{"ROL":"V-300","NOMBRE_CAMINO":"Río Frío - Fresia - Polizones","CLASIFICACION":"Camino Regional Comunal","CALZADA":null,"tmda":454.0},"geometry":{"type":"LineString","coordinates":[[-73.43899,-41.19629],[-73.43579,-41.19642],[-73.43087,-41.19358],[-73.43215,-41.18912],[-73.41466,-41.1683],[-73.40595,-41.16267]]}},{"id":"10653","type":"Feature","properties":{"ROL":"V-300","NOMBRE_CAMINO":"Río Frío - Fresia - Polizones","CLASIFICACION":"Camino Regional Comunal","CALZADA":null,"tmda":454.0},"geometry":{"type":"LineString","coordinates":[[-73.3984,-41.15689],[-73.39198,-41.14805],[-73.3844,-41.14356],[-73.37992,-41.139],[-73.37627,-41.13389],[-73.37585,-41.13014],[-73.36914,-41.12386],[-73.36763,-41.11792],[-73.36743,-41.10327],[-73.35763,-41.091],[-73.35653,-41.08592],[-73.34744,-41.07679],[-73.34805,-41.06635],[-73.34126,-41.05816]]}},{"id":"10654","type":"Feature","properties":{"ROL":"V-700","NOMBRE_CAMINO":"Ostiones - Victoria - Canelo","CLASIFICACION":"Camino Regional Comunal","CALZADA":null,"tmda":null},"geometry":{"type":"LineString","coordinates":[[-73.31978,-41.40233],[-73.33395,-41.42078],[-73.33962,-41.43477]]}},{"id":"10655","type":"Feature","properties":{"ROL":"V-700","NOMBRE_CAMINO":"Ostiones - Victoria - Canelo","CLASIFICACION":"Camino Regional Comunal","CALZADA":null,"tmda":null},"geometry":{"type":"LineString","coordinates":[[-73.34279,-41.43601],[-73.34987,-41.43866],[-73.35691,-41.44894],[-73.35954,-41.45454],[-73.36132,-41.4635],[-73.36022,-41.46716],[-73.36342,-41.46933],[-73.36492,-41.47213],[-73.35839,-41.47753],[-73.35268,-41.48479],[-73.35766,-41.49078],[-73.35613,-41.49295],[-73.35635,-41.4962],[-73.37086,-41.50233],[-73.3795,-41.50199],[-73.382,-41.50052],[-73.38269,-41.4979],[-73.38856,-41.49367],[-73.40459,-41.48627],[-73.40625,-41.48276],[-73.41275,-41.4818],[-73.41697,-41.48408],[-73.43047,-41.48519],[-73.43419,-41.48308],[-73.43412,-41.48034],[-73.43918,-41.47124],[-73.44837,-41.46534],[-73.4755,-41.46336],[-73.47783,-41.46206]]}},{"id":"10656","type":"Feature","properties":{"ROL":"V-706","NOMBRE_CAMINO":"Acceso a Paraguay Chico","CLASIFICACION":"Camino Regional Comunal","CALZADA":null,"tmda":null},"geometry":{"type":"LineString","coordinates":[[-73.30734,-41.40441],[-73.28451,-41.41215]]}},{"id":"10657","type":"Feature","properties":{"ROL":"V-340","NOMBRE_CAMINO":"Pato - Llico - Las Cruces - Rinconada","CLASIFICACION":"Camino Regional Comunal","CALZADA":null,"tmda":null},"geometry":{"type":"LineString","coordinates":[[-73.51733,-41.22219],[-73.52528,-41.22125],[-73.52854,-41.21916],[-73.52954,-41.21353],[-73.5355,-41.20708],[-73.54029,-41.20785],[-73.54562,-41.2108],[-73.54877,-41.20529],[-73.55973,-41.20061],[-73.565,-41.20076],[-73.57111,-41.20426],[-73.57349,-41.20792],[-73.58005,-41.2098],[-73.59338,-41.21644],[-73.59589,-41.21609]]}},{"id":"10658","type":"Feature","properties":{"ROL":"V-340","NOMBRE_CAMINO":"Pato - Llico - Las Cruces - Rinconada","CLASIFICACION":"Camino Regional Comunal","CALZADA":null,"tmda":null},"geometry":{"type":"LineString","coordinates":[[-73.59589,-41.21609],[-73.59753,-41.21522],[-73.59818,-41.21095],[-73.60476,-41.2025],[-73.60554,-41.19606],[-73.61331,-41.19334],[-73.62109,-41.18432],[-73.63348,-41.17573],[-73.63381,-41.1693],[-73.63226,-41.16575]]}},{"id":"10659","type":"Feature","properties":{"ROL":"U-912-V","NOMBRE_CAMINO":"Pampa Bonita - La Naranja - Tegualda","CLASIFICACION":"Camino Regional Comunal","CALZADA":null,"tmda":null},"geometry":{"type":"LineString","coordinates":[[-73.57267,-40.9878],[-73.56768,-40.98719],[-73.56298,-40.99486],[-73.54784,-41.00607],[-73.54659,-41.00881],[-73.54782,-41.01679],[-73.53814,-41.02541],[-73.53346,-41.02669],[-73.53011,-41.02555],[-73.52045,-41.02763],[-73.51155,-41.02679],[-73.50635,-41.02892],[-73.50278,-41.03502],[-73.49788,-41.0371],[-73.48522,-41.03403],[-73.46595,-41.03294]]}},{"id":"10660","type":"Feature","properties":{"ROL":"U-912-V","NOMBRE_CAMINO":"Pampa Bonita - La Naranja - Tegualda","CLASIFICACION":"Camino Regional Comunal","CALZADA":null,"tmda":null},"geometry":{"type":"LineString","coordinates":[[-73.46595,-41.03294],[-73.42238,-41.03457],[-73.41996,-41.03656],[-73.41184,-41.03909]]}},{"id":"10661","type":"Feature","properties":{"ROL":"V-720","NOMBRE_CAMINO":"Cruce Ruta 5 - San Antonio - El Tepual","CLASIFICACION":"Camino Regional Comunal","CALZADA":null,"tmda":null},"geometry":{"type":"LineString","coordinates":[[-73.08039,-41.51793],[-73.08768,-41.51394],[-73.09011,-41.51094],[-73.09578,-41.5074],[-73.09665,-41.50546],[-73.09972,-41.50433],[-73.10213,-41.4969],[-73.10193,-41.49216],[-73.09513,-41.4864],[-73.09521,-41.48364],[-73.0914,-41.47907],[-73.08947,-41.47226],[-73.08776,-41.42667]]}},{"id":"10662","type":"Feature","properties":{"ROL":"U-950-V","NOMBRE_CAMINO":"Ánima La Pampa - Concordia","CLASIFICACION":"Camino Regional Comunal","CALZADA":null,"tmda":null},"geometry":{"type":"LineString","coordinates":[[-73.30891,-40.93166],[-73.30903,-40.93441],[-73.30282,-40.9418],[-73.30182,-40.94839],[-73.30311,-40.9521],[-73.30151,-40.95517],[-73.29583,-40.95904],[-73.28799,-40.95993],[-73.27632,-40.9639],[-73.27091,-40.97264],[-73.27316,-40.97975],[-73.27528,-40.9818],[-73.27999,-40.98316],[-73.28728,-40.98207],[-73.29032,-40.98327],[-73.29159,-40.98745],[-73.28782,-40.99191],[-73.29205,-41.00045],[-73.28742,-41.00274],[-73.29112,-41.00386],[-73.29149,-41.00502]]}},{"id":"10663","type":"Feature","properties":{"ROL":"U-950-V","NOMBRE_CAMINO":"Ánima La Pampa - Concordia","CLASIFICACION":"Camino Regional Comunal","CALZADA":null,"tmda":null},"geometry":{"type":"LineString","coordinates":[[-73.29149,-41.00502],[-73.29391,-41.0048],[-73.29067,-41.01036]]}},{"id":"10664","type":"Feature","properties":{"ROL":"U-460","NOMBRE_CAMINO":"Lumaco - Popoén","CLASIFICACION":"Camino Regional Comunal","CALZADA":null,"tmda":null},"geometry":{"type":"LineString","coordinates":[[-73.29064,-40.60424],[-73.29497,-40.60682],[-73.29621,-40.61083],[-73.30067,-40.61424],[-73.3044,-40.62376],[-73.30811,-40.62448],[-73.31528,-40.62993],[-73.31758,-40.63227],[-73.32093,-40.63999],[-73.32869,-40.64576],[-73.33296,-40.65611],[-73.33237,-40.65854],[-73.33402,-40.66196]]}},{"id":"10665","type":"Feature","properties":{"ROL":"U-460","NOMBRE_CAMINO":"Lumaco - Popoén","CLASIFICACION":"Camino Regional Comunal","CALZADA":null,"tmda":null},"geometry":{"type":"LineString","coordinates":[[-73.33402,-40.66196],[-73.3352,-40.66407],[-73.36545,-40.67034],[-73.38917,-40.67018],[-73.41432,-40.6671],[-73.41728,-40.66797],[-73.41699,-40.67084],[-73.41865,-40.67442],[-73.43028,-40.68674],[-73.43234,-40.69234],[-73.43514,-40.69361],[-73.44148,-40.69382],[-73.44705,-40.69188],[-73.44933,-40.69313],[-73.45637,-40.68907],[-73.45952,-40.68869],[-73.46673,-40.69456],[-73.46837,-40.69454],[-73.47088,-40.70549],[-73.47308,-40.70983],[-73.47361,-40.71553],[-73.47567,-40.7169],[-73.47944,-40.71684],[-73.48503,-40.7217]]}},{"id":"10666","type":"Feature","properties":{"ROL":"V-710","NOMBRE_CAMINO":"Paraguay Chico - Colonia El Gato","CLASIFICACION":"Camino Regional Comunal","CALZADA":null,"tmda":null},"geometry":{"type":"LineString","coordinates":[[-73.28159,-41.40737],[-73.28692,-41.41786],[-73.28842,-41.42772],[-73.28707,-41.43618],[-73.29211,-41.44626]]}},{"id":"10667","type":"Feature","properties":{"ROL":"V-710","NOMBRE_CAMINO":"Paraguay Chico - Colonia El Gato","CLASIFICACION":"Camino Regional Comunal","CALZADA":null,"tmda":null},"geometry":{"type":"LineString","coordinates":[[-73.29211,-41.44626],[-73.28735,-41.44525],[-73.28091,-41.44618],[-73.25812,-41.45407],[-73.25704,-41.453],[-73.24801,-41.45995]]}},{"id":"10668","type":"Feature","properties":{"ROL":"V-440","NOMBRE_CAMINO":"Llico - Mañío - Yerbas Buenas","CLASIFICACION":"Camino Regional Comunal","CALZADA":null,"tmda":null},"geometry":{"type":"LineString","coordinates":[[-73.53665,-41.29205],[-73.56791,-41.28948],[-73.57378,-41.28561],[-73.57852,-41.28474],[-73.59073,-41.28897],[-73.59853,-41.29415],[-73.60163,-41.29446]]}},{"id":"10669","type":"Feature","properties":{"ROL":"V-440","NOMBRE_CAMINO":"Llico - Mañío - Yerbas Buenas","CLASIFICACION":"Camino Regional Comunal","CALZADA":null,"tmda":null},"geometry":{"type":"LineString","coordinates":[[-73.61871,-41.28463],[-73.62162,-41.28241],[-73.63464,-41.28287],[-73.64457,-41.27807],[-73.64885,-41.2783],[-73.65974,-41.27373],[-73.66589,-41.26844],[-73.67145,-41.2671],[-73.68073,-41.27464],[-73.68435,-41.27618],[-73.68557,-41.27749],[-73.68556,-41.28203],[-73.68931,-41.28379],[-73.69628,-41.28206],[-73.69645,-41.28055],[-73.69881,-41.27903],[-73.70354,-41.27916],[-73.70743,-41.27738],[-73.7103,-41.27822],[-73.71554,-41.26993],[-73.71674,-41.27019],[-73.71308,-41.26238],[-73.71423,-41.25875],[-73.72287,-41.25347],[-73.72958,-41.25461],[-73.73233,-41.25135],[-73.73242,-41.24853],[-73.73984,-41.2345],[-73.75112,-41.22841]]}},{"id":"10670","type":"Feature","properties":{"ROL":"U-506","NOMBRE_CAMINO":"Chahuilco - Huilma - Parrones","CLASIFICACION":"Camino Regional Comunal","CALZADA":null,"tmda":150.0},"geometry":{"type":"LineString","coordinates":[[-73.18803,-40.72746],[-73.20193,-40.7263],[-73.21401,-40.7185],[-73.21479,-40.71666]]}},{"id":"10671","type":"Feature","properties":{"ROL":"U-506","NOMBRE_CAMINO":"Chahuilco - Huilma - Parrones","CLASIFICACION":"Camino Regional Comunal","CALZADA":null,"tmda":92.0},"geometry":{"type":"LineString","coordinates":[[-73.27208,-40.70952],[-73.27731,-40.7085],[-73.28428,-40.7095],[-73.28712,-40.70799],[-73.29341,-40.71056],[-73.30046,-40.70804],[-73.30983,-40.71294],[-73.31726,-40.70869],[-73.32586,-40.70906],[-73.33581,-40.71549],[-73.34163,-40.71711],[-73.35296,-40.7264],[-73.36822,-40.73214]]}},{"id":"10672","type":"Feature","properties":{"ROL":"U-506","NOMBRE_CAMINO":"Chahuilco - Huilma - Parrones","CLASIFICACION":"Camino Regional Comunal","CALZADA":null,"tmda":92.0},"geometry":{"type":"LineString","coordinates":[[-73.21479,-40.71666],[-73.22064,-40.71547],[-73.22798,-40.71727],[-73.22905,-40.71893],[-73.23922,-40.7195],[-73.24699,-40.71772],[-73.25637,-40.71132],[-73.27208,-40.70952]]}},{"id":"10673","type":"Feature","properties":{"ROL":"U-510","NOMBRE_CAMINO":"Cruce Ruta 5 - Casa de Lata","CLASIFICACION":"Camino Regional Comunal","CALZADA":null,"tmda":467.0},"geometry":{"type":"LineString","coordinates":[[-73.132,-40.6942],[-73.14494,-40.69001],[-73.15379,-40.68435],[-73.16256,-40.68218],[-73.16629,-40.68282],[-73.17772,-40.6902]]}},{"id":"10674","type":"Feature","properties":{"ROL":"V-104","NOMBRE_CAMINO":"Cruce Ruta 5 (El Burro) - Límite Provincial","CLASIFICACION":"Camino Regional Comunal","CALZADA":null,"tmda":null},"geometry":{"type":"LineString","coordinates":[[-73.09344,-41.06259],[-73.10191,-41.06163],[-73.11662,-41.0507],[-73.12487,-41.03759],[-73.12799,-41.02408],[-73.12993,-41.02062],[-73.12909,-41.01696]]}},{"id":"10675","type":"Feature","properties":{"ROL":"V-104","NOMBRE_CAMINO":"Cruce Ruta 5 (El Burro) - Límite Provincial","CLASIFICACION":"Camino Regional Comunal","CALZADA":null,"tmda":null},"geometry":{"type":"LineString","coordinates":[[-73.12615,-41.00098],[-73.13167,-40.99632],[-73.13859,-40.98411]]}},{"id":"10676","type":"Feature","properties":{"ROL":"U-522","NOMBRE_CAMINO":"Río Negro - El Rincón","CLASIFICACION":"Camino Regional de Acceso","CALZADA":null,"tmda":null},"geometry":{"type":"LineString","coordinates":[[-73.21937,-40.79768],[-73.22216,-40.79622]]}},{"id":"10677","type":"Feature","properties":{"ROL":"U-522","NOMBRE_CAMINO":"Río Negro - El Rincón","CLASIFICACION":"Camino Regional de Acceso","CALZADA":null,"tmda":null},"geometry":{"type":"LineString","coordinates":[[-73.22403,-40.79536],[-73.23104,-40.78969],[-73.23358,-40.78019],[-73.23706,-40.77917],[-73.23857,-40.77627],[-73.23959,-40.77213],[-73.23721,-40.76627]]}},{"id":"10678","type":"Feature","properties":{"ROL":"U-520","NOMBRE_CAMINO":"Contaco - Loma de La Piedra - El Bolsón","CLASIFICACION":"Camino Regional Comunal","CALZADA":null,"tmda":432.0},"geometry":{"type":"LineString","coordinates":[[-73.51076,-40.59359],[-73.51338,-40.59618],[-73.51505,-40.60192],[-73.51944,-40.60679],[-73.51795,-40.62346],[-73.52236,-40.63285],[-73.52564,-40.63666],[-73.52609,-40.64042],[-73.52285,-40.64274],[-73.52579,-40.6527]]}},{"id":"10679","type":"Feature","properties":{"ROL":"U-520","NOMBRE_CAMINO":"Contaco - Loma de La Piedra - El Bolsón","CLASIFICACION":"Camino Regional Comunal","CALZADA":null,"tmda":158.0},"geometry":{"type":"LineString","coordinates":[[-73.52579,-40.6527],[-73.52382,-40.66611],[-73.51602,-40.67201],[-73.51283,-40.67666],[-73.51274,-40.67871],[-73.50582,-40.68792],[-73.50542,-40.69872],[-73.50175,-40.70155],[-73.49776,-40.71124],[-73.49813,-40.7134],[-73.49394,-40.71645],[-73.48981,-40.72268],[-73.4854,-40.72152],[-73.47847,-40.7245],[-73.47504,-40.73798],[-73.47488,-40.75632],[-73.4729,-40.75869],[-73.46768,-40.76022],[-73.46196,-40.76439],[-73.45012,-40.76635],[-73.44636,-40.76947],[-73.4434,-40.77576],[-73.43188,-40.7833],[-73.42816,-40.78725],[-73.42735,-40.78869],[-73.42821,-40.79076],[-73.42468,-40.79384]]}},{"id":"10680","type":"Feature","properties":{"ROL":"V-120","NOMBRE_CAMINO":"Casma - Cancha Rayada - Centinela","CLASIFICACION":"Camino Regional Comunal","CALZADA":null,"tmda":null},"geometry":{"type":"LineString","coordinates":[[-73.12982,-41.01983],[-73.1402,-41.02569],[-73.14328,-41.02954],[-73.1475,-41.03149],[-73.16087,-41.04251],[-73.17484,-41.0449],[-73.18941,-41.0509],[-73.19456,-41.05586]]}},{"id":"10681","type":"Feature","properties":{"ROL":"V-510","NOMBRE_CAMINO":"Los Muermos - Cruce Cuatro Vientos - Estaquilla","CLASIFICACION":"Camino Regional Comunal","CALZADA":null,"tmda":null},"geometry":{"type":"LineString","coordinates":[[-73.4674,-41.40276],[-73.52368,-41.39494],[-73.54213,-41.3908],[-73.54759,-41.39179],[-73.55184,-41.39795],[-73.55587,-41.4134],[-73.55891,-41.42015],[-73.56573,-41.42664],[-73.57291,-41.4278],[-73.5771,-41.43072],[-73.57624,-41.43315],[-73.5779,-41.43681],[-73.59334,-41.44154],[-73.59704,-41.44378],[-73.60516,-41.44345],[-73.61126,-41.44668],[-73.61962,-41.44883],[-73.63684,-41.44793],[-73.6521,-41.44298],[-73.65758,-41.44741],[-73.66224,-41.44915],[-73.66933,-41.44686],[-73.67435,-41.44705],[-73.68247,-41.44302],[-73.68719,-41.43728],[-73.69258,-41.43988],[-73.70974,-41.43648],[-73.71532,-41.42976],[-73.74756,-41.42116],[-73.75243,-41.41829],[-73.76356,-41.41495],[-73.76472,-41.41228],[-73.76568,-41.41308],[-73.76482,-41.41961],[-73.76746,-41.42095],[-73.77485,-41.42159],[-73.78554,-41.41932],[-73.80152,-41.40965],[-73.80416,-41.40305],[-73.81028,-41.40409],[-73.81926,-41.39652],[-73.82773,-41.39435],[-73.83642,-41.39405]]}},{"id":"10682","type":"Feature","properties":{"ROL":"U-58","NOMBRE_CAMINO":"Cruce Ruta 5 (Las Quemas) - Osorno","CLASIFICACION":"Camino Regional Principal","CALZADA":null,"tmda":null},"geometry":{"type":"LineString","coordinates":[[-73.11871,-40.65385],[-73.13185,-40.6442],[-73.12897,-40.63044],[-73.1301,-40.62774],[-73.12801,-40.62362]]}},{"id":"10683","type":"Feature","properties":{"ROL":"U-58","NOMBRE_CAMINO":"Cruce Ruta 5 (Las Quemas) - Osorno","CLASIFICACION":"Camino Regional Principal","CALZADA":null,"tmda":null},"geometry":{"type":"LineString","coordinates":[[-73.12801,-40.62362],[-73.12246,-40.61391],[-73.12306,-40.60807],[-73.12505,-40.60433],[-73.12379,-40.60317],[-73.12308,-40.59743],[-73.12384,-40.59433]]}},{"id":"10684","type":"Feature","properties":{"ROL":"U-588","NOMBRE_CAMINO":"Río Negro - Chapaco","CLASIFICACION":"Camino Regional Comunal","CALZADA":null,"tmda":null},"geometry":{"type":"LineString","coordinates":[[-73.22035,-40.79981],[-73.22479,-40.80112],[-73.23345,-40.79695]]}},{"id":"10685","type":"Feature","properties":{"ROL":"U-588","NOMBRE_CAMINO":"Río Negro - Chapaco","CLASIFICACION":"Camino Regional Comunal","CALZADA":null,"tmda":null},"geometry":{"type":"LineString","coordinates":[[-73.23345,-40.79695],[-73.27936,-40.7876],[-73.28625,-40.79047],[-73.30144,-40.78468]]}},{"id":"10686","type":"Feature","properties":{"ROL":"U-596","NOMBRE_CAMINO":"Cruce Ruta 5 - Chifín - Río Negro","CLASIFICACION":"Camino Regional Comunal","CALZADA":null,"tmda":null},"geometry":{"type":"LineString","coordinates":[[-73.16587,-40.79568],[-73.17755,-40.79113],[-73.18832,-40.79312],[-73.19164,-40.79528]]}},{"id":"10687","type":"Feature","properties":{"ROL":"V-520","NOMBRE_CAMINO":"Llico - San Carlos","CLASIFICACION":"Camino Regional Comunal","CALZADA":null,"tmda":null},"geometry":{"type":"LineString","coordinates":[[-73.53605,-41.28884],[-73.53873,-41.30326],[-73.53769,-41.3057],[-73.53926,-41.30706],[-73.54072,-41.31346],[-73.55765,-41.3199],[-73.56254,-41.32569],[-73.56696,-41.337],[-73.57658,-41.34688],[-73.56191,-41.35868],[-73.56286,-41.37127],[-73.56599,-41.37891],[-73.56228,-41.38311],[-73.54225,-41.3908]]}},{"id":"10688","type":"Feature","properties":{"ROL":"V-560","NOMBRE_CAMINO":"Colegual - Línea Balmaceda","CLASIFICACION":"Camino Regional Comunal","CALZADA":null,"tmda":791.0},"geometry":{"type":"LineString","coordinates":[[-73.21521,-41.23603],[-73.21346,-41.28067],[-73.21138,-41.30957],[-73.21014,-41.3128],[-73.2086,-41.34323],[-73.21079,-41.34737],[-73.21246,-41.39463]]}},{"id":"10689","type":"Feature","properties":{"ROL":"U-596","NOMBRE_CAMINO":"Cruce Ruta 5 - Chifín - Río Negro","CLASIFICACION":"Camino Regional Comunal","CALZADA":null,"tmda":null},"geometry":{"type":"LineString","coordinates":[[-73.16467,-40.7975],[-73.16587,-40.79568]]}},{"id":"10690","type":"Feature","properties":{"ROL":"V-590","NOMBRE_CAMINO":"El Tepual - Las Lomas","CLASIFICACION":"Camino Regional Comunal","CALZADA":null,"tmda":null},"geometry":{"type":"LineString","coordinates":[[-73.06322,-41.43151],[-73.06652,-41.42588],[-73.06554,-41.40085],[-73.06771,-41.39721],[-73.06875,-41.38898],[-73.04259,-41.35108],[-73.03475,-41.34657],[-73.02925,-41.34536],[-73.02599,-41.34218],[-73.02419,-41.33672],[-73.02378,-41.32828],[-73.02549,-41.32422]]}},{"id":"10691","type":"Feature","properties":{"ROL":"U-602","NOMBRE_CAMINO":"Riachuelo - Huellelhue - El Mirador","CLASIFICACION":"Camino Regional Comunal","CALZADA":null,"tmda":null},"geometry":{"type":"LineString","coordinates":[[-73.39284,-40.81333],[-73.39895,-40.81295],[-73.39952,-40.81025],[-73.40959,-40.80629],[-73.41648,-40.79876],[-73.4255,-40.79339],[-73.43849,-40.79305],[-73.45257,-40.78784]]}},{"id":"10692","type":"Feature","properties":{"ROL":"U-602","NOMBRE_CAMINO":"Riachuelo - Huellelhue - El Mirador","CLASIFICACION":"Camino Regional Comunal","CALZADA":null,"tmda":null},"geometry":{"type":"LineString","coordinates":[[-73.45257,-40.78784],[-73.47422,-40.78073],[-73.48035,-40.78266],[-73.48438,-40.78071],[-73.49278,-40.77284],[-73.50218,-40.77063]]}},{"id":"10693","type":"Feature","properties":{"ROL":"U-602","NOMBRE_CAMINO":"Riachuelo - Huellelhue - El Mirador","CLASIFICACION":"Camino Regional Comunal","CALZADA":null,"tmda":null},"geometry":{"type":"LineString","coordinates":[[-73.50218,-40.77063],[-73.5209,-40.77266],[-73.52088,-40.775],[-73.52276,-40.77547],[-73.52223,-40.77709],[-73.5279,-40.78297],[-73.52701,-40.78461],[-73.52797,-40.78673],[-73.52654,-40.78767],[-73.52972,-40.7898],[-73.53206,-40.79007],[-73.53388,-40.78646],[-73.53753,-40.78542],[-73.54078,-40.78563],[-73.54182,-40.78735],[-73.54819,-40.78948],[-73.55103,-40.7885],[-73.55021,-40.78974],[-73.55232,-40.78847],[-73.55574,-40.78937],[-73.55839,-40.78746],[-73.56221,-40.78701],[-73.56843,-40.78113],[-73.57309,-40.78195],[-73.57498,-40.78358],[-73.57953,-40.78279],[-73.58033,-40.78417],[-73.57896,-40.78635],[-73.58291,-40.78685],[-73.58182,-40.78834],[-73.58209,-40.79423],[-73.59975,-40.79534],[-73.6093,-40.79963],[-73.60853,-40.80126],[-73.60964,-40.80265],[-73.60858,-40.80401],[-73.61247,-40.80685],[-73.6163,-40.80811],[-73.61808,-40.80722]]}},{"id":"10694","type":"Feature","properties":{"ROL":"Ruta 231 CH","NOMBRE_CAMINO":"Cruce Ruta 235 CH (Puerto Ramírez) - Paso Futaleufú","CLASIFICACION":"Camino Nacional con Carácter de Internacional","CALZADA":null,"tmda":227.0},"geometry":{"type":"LineString","coordinates":[[-72.11713,-43.48856],[-72.10789,-43.48553],[-72.11166,-43.47685],[-72.10843,-43.47343],[-72.10591,-43.46285],[-72.10614,-43.45723],[-72.10759,-43.45406],[-72.10576,-43.45017]]}},{"id":"10695","type":"Feature","properties":{"ROL":"Ruta 231 CH","NOMBRE_CAMINO":"Cruce Ruta 235 CH (Puerto Ramírez) - Paso Futaleufú","CLASIFICACION":"Camino Nacional con Carácter de Internacional","CALZADA":null,"tmda":null},"geometry":{"type":"LineString","coordinates":[[-71.75739,-43.17645],[-71.75143,-43.17352],[-71.74965,-43.17389]]}},{"id":"10696","type":"Feature","properties":{"ROL":"Ruta 235 CH","NOMBRE_CAMINO":"Cruce Ruta 7 (Villa Sta. Lucía) - Paso Palena - Carrenleufu","CLASIFICACION":"Camino Nacional con Carácter de Internacional","CALZADA":null,"tmda":238.0},"geometry":{"type":"LineString","coordinates":[[-72.36785,-43.40983],[-72.35709,-43.41438],[-72.35201,-43.41094],[-72.34746,-43.40542],[-72.33517,-43.3981],[-72.32782,-43.39662],[-72.32005,-43.397],[-72.30684,-43.38914],[-72.29917,-43.38672],[-72.29654,-43.38411],[-72.29004,-43.38211],[-72.28341,-43.38254],[-72.25824,-43.40305],[-72.24549,-43.40957],[-72.24351,-43.41461],[-72.23988,-43.41783],[-72.23142,-43.42114],[-72.22768,-43.42082],[-72.21771,-43.42568],[-72.21124,-43.43287],[-72.20385,-43.43481],[-72.18938,-43.43597],[-72.18367,-43.4346],[-72.17987,-43.43051],[-72.16721,-43.43405],[-72.1678,-43.43691],[-72.16675,-43.43923],[-72.15919,-43.44282],[-72.1517,-43.44435],[-72.14578,-43.44992],[-72.14936,-43.46142],[-72.145,-43.47311],[-72.13981,-43.47986],[-72.13591,-43.48214],[-72.12767,-43.48183],[-72.12323,-43.48758],[-72.11721,-43.48849],[-72.11431,-43.49101],[-72.11331,-43.49517],[-72.10853,-43.49669],[-72.10579,-43.50101],[-72.1014,-43.50271],[-72.09894,-43.51122],[-72.0902,-43.51421],[-72.08849,-43.51373],[-72.09006,-43.51142],[-72.08913,-43.51094],[-72.08384,-43.51421],[-72.07592,-43.5244],[-72.07253,-43.52639],[-72.0736,-43.52652],[-72.07375,-43.53175],[-72.0718,-43.53528],[-72.06272,-43.54138],[-72.05573,-43.54864],[-72.04402,-43.5555],[-72.04704,-43.55803],[-72.04716,-43.56066],[-72.04968,-43.56202],[-72.05028,-43.56456],[-72.04874,-43.56795],[-72.04469,-43.57178],[-72.04339,-43.57802],[-72.0413,-43.58131],[-72.03057,-43.58572],[-72.02445,-43.58433],[-72.01723,-43.58541],[-72.01634,-43.59804],[-72.01212,-43.60065],[-72.01035,-43.60368],[-72.00489,-43.60809],[-72.00564,-43.61399],[-72.00782,-43.61715],[-72.00487,-43.62095],[-71.99315,-43.62126],[-71.97456,-43.61938],[-71.97142,-43.61767],[-71.97191,-43.62087],[-71.96712,-43.61823],[-71.96078,-43.61829],[-71.94084,-43.62376],[-71.93044,-43.622],[-71.92182,-43.62332],[-71.92065,-43.62487],[-71.91865,-43.62408],[-71.91228,-43.6253],[-71.90723,-43.62419]]}},{"id":"10697","type":"Feature","properties":{"ROL":"Ruta 235 CH","NOMBRE_CAMINO":"Cruce Ruta 7 (Villa Sta. Lucía) - Paso Palena - Carrenleufu","CLASIFICACION":"Camino Nacional con Carácter de Internacional","CALZADA":null,"tmda":238.0},"geometry":{"type":"LineString","coordinates":[[-71.86613,-43.61493],[-71.86259,-43.61556]]}},{"id":"10698","type":"Feature","properties":{"ROL":"Ruta 235 CH","NOMBRE_CAMINO":"Cruce Ruta 7 (Villa Sta. Lucía) - Paso Palena - Carrenleufu","CLASIFICACION":"Camino Nacional con Carácter de Internacional","CALZADA":null,"tmda":238.0},"geometry":{"type":"LineString","coordinates":[[-71.90723,-43.62419],[-71.89938,-43.62337],[-71.89105,-43.61624],[-71.87708,-43.61352],[-71.86613,-43.61493]]}},{"id":"10699","type":"Feature","properties":{"ROL":"Ruta 235 CH","NOMBRE_CAMINO":"Cruce Ruta 7 (Villa Sta. Lucía) - Paso Palena - Carrenleufu","CLASIFICACION":"Camino Nacional con Carácter de Internacional","CALZADA":null,"tmda":null},"geometry":{"type":"LineString","coordinates":[[-71.85902,-43.61531],[-71.84962,-43.61458],[-71.84084,-43.61245],[-71.83661,-43.61014],[-71.83011,-43.60992],[-71.82738,-43.61178],[-71.82522,-43.61078],[-71.82063,-43.61143],[-71.81788,-43.60891],[-71.81124,-43.61236],[-71.80397,-43.61212],[-71.80516,-43.61569],[-71.80448,-43.61819],[-71.78511,-43.61707],[-71.77899,-43.61465],[-71.76536,-43.61475],[-71.7623,-43.6169],[-71.75411,-43.61793],[-71.75287,-43.61635],[-71.74884,-43.6163],[-71.74054,-43.60933],[-71.73273,-43.61074],[-71.72722,-43.60947],[-71.72014,-43.60999],[-71.71506,-43.60539],[-71.71227,-43.59261],[-71.70668,-43.58779]]}},{"id":"10700","type":"Feature","properties":{"ROL":"W-557","NOMBRE_CAMINO":"Puyán - Curahue - La Estancia - Yutuy","CLASIFICACION":"Camino Regional Comunal","CALZADA":null,"tmda":null},"geometry":{"type":"LineString","coordinates":[[-73.69916,-42.48186],[-73.70732,-42.48953],[-73.70912,-42.49404],[-73.71917,-42.49708],[-73.7193,-42.50428],[-73.72265,-42.50682],[-73.72311,-42.50885],[-73.71474,-42.51345],[-73.70407,-42.51662],[-73.69533,-42.52267],[-73.69008,-42.53077],[-73.68858,-42.54567],[-73.68185,-42.55029],[-73.6846,-42.55125]]}},{"id":"10701","type":"Feature","properties":{"ROL":"W-557","NOMBRE_CAMINO":"Puyán - Curahue - La Estancia - Yutuy","CLASIFICACION":"Camino Regional Comunal","CALZADA":null,"tmda":null},"geometry":{"type":"LineString","coordinates":[[-73.6846,-42.55125],[-73.68791,-42.55244],[-73.69322,-42.55716],[-73.70479,-42.55598],[-73.7095,-42.55742],[-73.71269,-42.56148],[-73.71488,-42.56217],[-73.72478,-42.56116],[-73.72439,-42.55905],[-73.72661,-42.55784],[-73.72988,-42.54841],[-73.72697,-42.54529],[-73.72748,-42.54339],[-73.73684,-42.53334],[-73.7379,-42.52835],[-73.74172,-42.52273],[-73.7488,-42.51924],[-73.74819,-42.5162],[-73.74007,-42.51324],[-73.7327,-42.50769],[-73.73024,-42.50927],[-73.72311,-42.50885]]}},{"id":"10702","type":"Feature","properties":{"ROL":"W-179","NOMBRE_CAMINO":"Colo - Quicaví - Los Molinos","CLASIFICACION":"Camino Regional Comunal","CALZADA":null,"tmda":null},"geometry":{"type":"LineString","coordinates":[[-73.42396,-42.27178],[-73.41785,-42.26964],[-73.40049,-42.27245],[-73.38653,-42.27267],[-73.38395,-42.27191],[-73.38204,-42.26755],[-73.37914,-42.26565],[-73.3621,-42.26302],[-73.35374,-42.2662],[-73.35165,-42.27183]]}},{"id":"10703","type":"Feature","properties":{"ROL":"W-179","NOMBRE_CAMINO":"Colo - Quicaví - Los Molinos","CLASIFICACION":"Camino Regional Comunal","CALZADA":null,"tmda":null},"geometry":{"type":"LineString","coordinates":[[-73.35352,-42.27902],[-73.35678,-42.28047],[-73.36123,-42.28485],[-73.36097,-42.29029],[-73.3752,-42.28955],[-73.37608,-42.29452],[-73.37519,-42.29617],[-73.36976,-42.30287],[-73.36544,-42.30434],[-73.36953,-42.30779],[-73.36716,-42.31191],[-73.37205,-42.31438],[-73.37172,-42.31592],[-73.37469,-42.31845]]}},{"id":"10704","type":"Feature","properties":{"ROL":"W-181","NOMBRE_CAMINO":"Tocoihue - Tenaún","CLASIFICACION":"Camino Regional Comunal","CALZADA":null,"tmda":null},"geometry":{"type":"LineString","coordinates":[[-73.42329,-42.30286],[-73.41523,-42.3047]]}},{"id":"10705","type":"Feature","properties":{"ROL":"W-181","NOMBRE_CAMINO":"Tocoihue - Tenaún","CLASIFICACION":"Camino Regional Comunal","CALZADA":null,"tmda":null},"geometry":{"type":"LineString","coordinates":[[-73.41523,-42.3047],[-73.40205,-42.30788],[-73.39507,-42.31235],[-73.36771,-42.32114],[-73.36579,-42.3233],[-73.37316,-42.33239]]}},{"id":"10706","type":"Feature","properties":{"ROL":"W-185","NOMBRE_CAMINO":"Colegual - Calen","CLASIFICACION":"Camino Regional Comunal","CALZADA":null,"tmda":null},"geometry":{"type":"LineString","coordinates":[[-73.45763,-42.29294],[-73.46235,-42.30247],[-73.45976,-42.30493],[-73.461,-42.30801],[-73.46999,-42.32134],[-73.46747,-42.3252],[-73.45777,-42.32975]]}},{"id":"10707","type":"Feature","properties":{"ROL":"W-185","NOMBRE_CAMINO":"Colegual - Calen","CLASIFICACION":"Camino Regional Comunal","CALZADA":null,"tmda":null},"geometry":{"type":"LineString","coordinates":[[-73.45777,-42.32975],[-73.45728,-42.33019]]}},{"id":"10708","type":"Feature","properties":{"ROL":"W-181","NOMBRE_CAMINO":"Tocoihue - Tenaún","CLASIFICACION":"Camino Regional Comunal","CALZADA":null,"tmda":null},"geometry":{"type":"LineString","coordinates":[[-73.37316,-42.33239],[-73.3728,-42.33251]]}},{"id":"10709","type":"Feature","properties":{"ROL":"W-181","NOMBRE_CAMINO":"Tocoihue - Tenaún","CLASIFICACION":"Camino Regional Comunal","CALZADA":null,"tmda":null},"geometry":{"type":"LineString","coordinates":[[-73.3728,-42.33251],[-73.37044,-42.3336]]}},{"id":"10710","type":"Feature","properties":{"ROL":"W-300","NOMBRE_CAMINO":"Cruce Ruta 5 - Chepu","CLASIFICACION":"Camino Regional Comunal","CALZADA":null,"tmda":293.0},"geometry":{"type":"LineString","coordinates":[[-73.90444,-42.02374],[-73.9132,-42.02761],[-73.91629,-42.03457],[-73.91606,-42.03721],[-73.91932,-42.03966],[-73.92415,-42.04074],[-73.93158,-42.03903],[-73.94159,-42.03927],[-73.95393,-42.04459],[-73.96039,-42.04358],[-73.96214,-42.04617],[-73.96693,-42.04632],[-73.97372,-42.04884]]}},{"id":"10711","type":"Feature","properties":{"ROL":"W-569","NOMBRE_CAMINO":"Huyar - Dian","CLASIFICACION":"Camino Regional Comunal","CALZADA":null,"tmda":504.0},"geometry":{"type":"LineString","coordinates":[[-73.60037,-42.41718],[-73.58035,-42.40964],[-73.57696,-42.40941],[-73.56817,-42.40326],[-73.57145,-42.39884],[-73.58444,-42.39445]]}},{"id":"10712","type":"Feature","properties":{"ROL":"W-569","NOMBRE_CAMINO":"Huyar - Dian","CLASIFICACION":"Camino Regional Comunal","CALZADA":null,"tmda":504.0},"geometry":{"type":"LineString","coordinates":[[-73.58444,-42.39445],[-73.59092,-42.38944],[-73.59571,-42.38743],[-73.59599,-42.38262],[-73.59829,-42.38179],[-73.60117,-42.38334]]}},{"id":"10713","type":"Feature","properties":{"ROL":"W-571","NOMBRE_CAMINO":"Curaco de Vélez - Punta Huenao","CLASIFICACION":"Camino Regional Comunal","CALZADA":null,"tmda":null},"geometry":{"type":"LineString","coordinates":[[-73.60101,-42.43893],[-73.6051,-42.44258],[-73.60892,-42.44262],[-73.6192,-42.44989],[-73.6221,-42.45709],[-73.62848,-42.46095],[-73.63037,-42.46381],[-73.63522,-42.46482],[-73.6438,-42.46218]]}},{"id":"10714","type":"Feature","properties":{"ROL":"W-573","NOMBRE_CAMINO":"Curaco de Vélez - La Planchada","CLASIFICACION":"Camino Regional Comunal","CALZADA":null,"tmda":null},"geometry":{"type":"LineString","coordinates":[[-73.60063,-42.44046],[-73.59814,-42.44765],[-73.5953,-42.45102],[-73.59652,-42.45685],[-73.59256,-42.46253]]}},{"id":"10715","type":"Feature","properties":{"ROL":"W-579","NOMBRE_CAMINO":"Tolquien - Rampa Palqui","CLASIFICACION":"Camino Regional Comunal","CALZADA":null,"tmda":null},"geometry":{"type":"LineString","coordinates":[[-73.52126,-42.45932],[-73.52709,-42.45362],[-73.52529,-42.4468],[-73.5295,-42.4431],[-73.52934,-42.44135],[-73.5312,-42.43892],[-73.52928,-42.4364],[-73.52938,-42.43376],[-73.53084,-42.42821],[-73.53421,-42.42336],[-73.53355,-42.42082],[-73.52916,-42.41767],[-73.52766,-42.41471],[-73.5271,-42.4114],[-73.52856,-42.40912],[-73.52536,-42.40523],[-73.52543,-42.40262],[-73.52201,-42.40069],[-73.51689,-42.4071]]}},{"id":"10716","type":"Feature","properties":{"ROL":"W-577","NOMBRE_CAMINO":"Acceso a Chullec - La Capilla","CLASIFICACION":"Camino Regional de Acceso","CALZADA":null,"tmda":null},"geometry":{"type":"LineString","coordinates":[[-73.53276,-42.45636],[-73.53272,-42.45794],[-73.53646,-42.46078],[-73.53736,-42.46515],[-73.53904,-42.46595],[-73.5394,-42.4678]]}},{"id":"10717","type":"Feature","properties":{"ROL":"V-850","NOMBRE_CAMINO":"Cruce Ruta 5 - Salto Grande","CLASIFICACION":"Camino Regional Comunal","CALZADA":null,"tmda":null},"geometry":{"type":"LineString","coordinates":[[-73.23681,-41.59102],[-73.24302,-41.58002],[-73.25027,-41.57066],[-73.24997,-41.5686]]}},{"id":"10718","type":"Feature","properties":{"ROL":"V-850","NOMBRE_CAMINO":"Cruce Ruta 5 - Salto Grande","CLASIFICACION":"Camino Regional Comunal","CALZADA":null,"tmda":null},"geometry":{"type":"LineString","coordinates":[[-73.24997,-41.5686],[-73.26638,-41.54388],[-73.28473,-41.53387],[-73.29641,-41.51925],[-73.30554,-41.51335],[-73.31293,-41.50438]]}},{"id":"10719","type":"Feature","properties":{"ROL":"W-305","NOMBRE_CAMINO":"Cruce Ruta 5 - Pupelde","CLASIFICACION":"Camino Regional de Acceso","CALZADA":null,"tmda":null},"geometry":{"type":"LineString","coordinates":[[-73.79494,-41.91184],[-73.78488,-41.91014],[-73.77464,-41.91022],[-73.76997,-41.90915],[-73.76673,-41.90594],[-73.75971,-41.90807]]}},{"id":"10720","type":"Feature","properties":{"ROL":"V-854","NOMBRE_CAMINO":"El Empalme Calbuco - El Jardín","CLASIFICACION":"Camino Regional Comunal","CALZADA":null,"tmda":null},"geometry":{"type":"LineString","coordinates":[[-73.23763,-41.58868],[-73.23935,-41.59215],[-73.26425,-41.60619],[-73.32172,-41.58484],[-73.32938,-41.57314],[-73.33085,-41.56835],[-73.33071,-41.56329],[-73.3348,-41.55976],[-73.35401,-41.54879]]}},{"id":"10721","type":"Feature","properties":{"ROL":"V-854","NOMBRE_CAMINO":"El Empalme Calbuco - El Jardín","CLASIFICACION":"Camino Regional Comunal","CALZADA":null,"tmda":null},"geometry":{"type":"LineString","coordinates":[[-73.35401,-41.54879],[-73.35732,-41.54447],[-73.35549,-41.54372],[-73.35509,-41.54146],[-73.3534,-41.54018],[-73.35437,-41.53544],[-73.35639,-41.53424]]}},{"id":"10722","type":"Feature","properties":{"ROL":"V-860","NOMBRE_CAMINO":"Pichilaguna - Las Quemas - Tres Cumbres","CLASIFICACION":"Camino Regional Provincial","CALZADA":null,"tmda":579.0},"geometry":{"type":"LineString","coordinates":[[-73.06393,-41.27498],[-73.06401,-41.2794],[-73.06865,-41.27984],[-73.06848,-41.29103],[-73.08341,-41.29143],[-73.08345,-41.29407]]}},{"id":"10723","type":"Feature","properties":{"ROL":"V-860","NOMBRE_CAMINO":"Pichilaguna - Las Quemas - Tres Cumbres","CLASIFICACION":"Camino Regional Provincial","CALZADA":null,"tmda":826.0},"geometry":{"type":"LineString","coordinates":[[-73.46226,-41.68033],[-73.46888,-41.68354]]}},{"id":"10724","type":"Feature","properties":{"ROL":"V-860","NOMBRE_CAMINO":"Pichilaguna - Las Quemas - Tres Cumbres","CLASIFICACION":"Camino Regional Provincial","CALZADA":null,"tmda":826.0},"geometry":{"type":"LineString","coordinates":[[-73.39081,-41.54214],[-73.39443,-41.55029],[-73.39439,-41.56107],[-73.39959,-41.56051],[-73.40059,-41.56208],[-73.39869,-41.56912],[-73.40236,-41.57483],[-73.40198,-41.57777],[-73.40629,-41.58731],[-73.40475,-41.6011],[-73.41666,-41.61696],[-73.41921,-41.62738],[-73.42993,-41.64284],[-73.43346,-41.65771],[-73.4558,-41.67708],[-73.46226,-41.68033]]}},{"id":"10725","type":"Feature","properties":{"ROL":"V-860","NOMBRE_CAMINO":"Pichilaguna - Las Quemas - Tres Cumbres","CLASIFICACION":"Camino Regional Provincial","CALZADA":null,"tmda":1523.0},"geometry":{"type":"LineString","coordinates":[[-73.0827,-41.31744],[-73.08189,-41.33179]]}},{"id":"10726","type":"Feature","properties":{"ROL":"V-860","NOMBRE_CAMINO":"Pichilaguna - Las Quemas - Tres Cumbres","CLASIFICACION":"Camino Regional Provincial","CALZADA":null,"tmda":1523.0},"geometry":{"type":"LineString","coordinates":[[-73.08345,-41.29407],[-73.0827,-41.31744]]}},{"id":"10727","type":"Feature","properties":{"ROL":"V-860","NOMBRE_CAMINO":"Pichilaguna - Las Quemas - Tres Cumbres","CLASIFICACION":"Camino Regional Provincial","CALZADA":null,"tmda":1523.0},"geometry":{"type":"LineString","coordinates":[[-73.09275,-41.33779],[-73.09651,-41.33812],[-73.09646,-41.34151]]}},{"id":"10728","type":"Feature","properties":{"ROL":"V-860","NOMBRE_CAMINO":"Pichilaguna - Las Quemas - Tres Cumbres","CLASIFICACION":"Camino Regional Provincial","CALZADA":null,"tmda":972.0},"geometry":{"type":"LineString","coordinates":[[-73.19655,-41.41775],[-73.20581,-41.42519],[-73.21792,-41.42931],[-73.24419,-41.46071],[-73.24859,-41.46264],[-73.24926,-41.46627],[-73.25274,-41.47233],[-73.2646,-41.47516],[-73.26766,-41.47799],[-73.2775,-41.48306],[-73.30052,-41.49234],[-73.30277,-41.49412],[-73.30236,-41.49561],[-73.30447,-41.49626],[-73.30355,-41.4982],[-73.30638,-41.50227],[-73.31751,-41.50519],[-73.3216,-41.51026],[-73.32585,-41.50856],[-73.32659,-41.5101],[-73.32441,-41.51619],[-73.32454,-41.52004],[-73.32602,-41.52256],[-73.32492,-41.52706],[-73.34746,-41.53418],[-73.36094,-41.53373],[-73.36894,-41.53171],[-73.38708,-41.53556],[-73.38929,-41.53882]]}},{"id":"10729","type":"Feature","properties":{"ROL":"V-860","NOMBRE_CAMINO":"Pichilaguna - Las Quemas - Tres Cumbres","CLASIFICACION":"Camino Regional Provincial","CALZADA":null,"tmda":1523.0},"geometry":{"type":"LineString","coordinates":[[-73.08189,-41.33179],[-73.08183,-41.33438],[-73.08398,-41.33723],[-73.09275,-41.33779]]}},{"id":"10730","type":"Feature","properties":{"ROL":"V-862","NOMBRE_CAMINO":"Variante Misquihué - Pupalguín","CLASIFICACION":"Camino Regional Comunal","CALZADA":null,"tmda":null},"geometry":{"type":"LineString","coordinates":[[-73.35403,-41.54879],[-73.36601,-41.54979],[-73.39406,-41.54929]]}},{"id":"10731","type":"Feature","properties":{"ROL":"V-868","NOMBRE_CAMINO":"La Pasada - Lepihue","CLASIFICACION":"Camino Regional de Acceso","CALZADA":null,"tmda":null},"geometry":{"type":"LineString","coordinates":[[-73.59141,-41.60266],[-73.58312,-41.60181],[-73.58118,-41.59962]]}},{"id":"10732","type":"Feature","properties":{"ROL":"V-868","NOMBRE_CAMINO":"La Pasada - Lepihue","CLASIFICACION":"Camino Regional de Acceso","CALZADA":null,"tmda":null},"geometry":{"type":"LineString","coordinates":[[-73.58118,-41.59962],[-73.58011,-41.59773]]}},{"id":"10733","type":"Feature","properties":{"ROL":"W-315","NOMBRE_CAMINO":"Coquiao - Pumanzano","CLASIFICACION":"Camino Regional Comunal","CALZADA":null,"tmda":134.0},"geometry":{"type":"LineString","coordinates":[[-73.79955,-41.98841],[-73.79033,-41.98971],[-73.78552,-41.98884],[-73.78421,-41.98731],[-73.76621,-41.98868],[-73.74836,-41.98062],[-73.7365,-41.98116],[-73.72852,-41.98]]}},{"id":"10734","type":"Feature","properties":{"ROL":"W-315","NOMBRE_CAMINO":"Coquiao - Pumanzano","CLASIFICACION":"Camino Regional Comunal","CALZADA":null,"tmda":134.0},"geometry":{"type":"LineString","coordinates":[[-73.72852,-41.98],[-73.72749,-41.98004],[-73.72501,-41.98576],[-73.72125,-41.98664],[-73.72019,-41.98427],[-73.71027,-41.97547],[-73.69915,-41.96704],[-73.69818,-41.96362],[-73.68885,-41.95913],[-73.68163,-41.95909],[-73.66915,-41.95407]]}},{"id":"10735","type":"Feature","properties":{"ROL":"V-896","NOMBRE_CAMINO":"Río Piedra - Lolcura","CLASIFICACION":"Camino Regional de Acceso","CALZADA":null,"tmda":null},"geometry":{"type":"LineString","coordinates":[[-73.53842,-41.56047],[-73.53914,-41.5747],[-73.55236,-41.59148],[-73.55553,-41.5921]]}},{"id":"10736","type":"Feature","properties":{"ROL":"V-908","NOMBRE_CAMINO":"Chuyaquén - Las Quemas","CLASIFICACION":"Camino Regional Comunal","CALZADA":null,"tmda":null},"geometry":{"type":"LineString","coordinates":[[-73.49383,-41.67616],[-73.49432,-41.6604],[-73.49298,-41.65782],[-73.49483,-41.65068],[-73.50868,-41.63564],[-73.53092,-41.62033],[-73.54785,-41.62135],[-73.55251,-41.61508],[-73.55916,-41.61097],[-73.55993,-41.60878]]}},{"id":"10737","type":"Feature","properties":{"ROL":"W-377","NOMBRE_CAMINO":"Mocopulli - Niucho","CLASIFICACION":"Camino Regional de Acceso","CALZADA":null,"tmda":null},"geometry":{"type":"LineString","coordinates":[[-73.6833,-42.34944],[-73.68592,-42.34407],[-73.68834,-42.3426],[-73.68689,-42.33693]]}},{"id":"10738","type":"Feature","properties":{"ROL":"W-377","NOMBRE_CAMINO":"Mocopulli - Niucho","CLASIFICACION":"Camino Regional de Acceso","CALZADA":null,"tmda":null},"geometry":{"type":"LineString","coordinates":[[-73.68689,-42.33693],[-73.68551,-42.33333],[-73.67987,-42.3308],[-73.6793,-42.32842],[-73.68073,-42.32384]]}},{"id":"10739","type":"Feature","properties":{"ROL":"V-970","NOMBRE_CAMINO":"Cruce Ruta 5 (Pargua) - Astillero - Carelmapu","CLASIFICACION":"Camino Regional Comunal","CALZADA":null,"tmda":null},"geometry":{"type":"LineString","coordinates":[[-73.46047,-41.7916],[-73.47186,-41.79265],[-73.49061,-41.78861],[-73.51094,-41.7772],[-73.51686,-41.77653],[-73.52739,-41.77213],[-73.53109,-41.77196],[-73.533,-41.76996],[-73.55508,-41.76519],[-73.56713,-41.75309],[-73.61534,-41.75536],[-73.6339,-41.7505],[-73.65185,-41.75005],[-73.6748,-41.73848],[-73.6996,-41.73944]]}},{"id":"10740","type":"Feature","properties":{"ROL":"U-975-T","NOMBRE_CAMINO":"Cruce Ruta 215 CH - Carimallín - Colonia Rucatayo, Sector: Cruce Ruta 215 CH - Límite Regional","CLASIFICACION":"Camino Regional Comunal","CALZADA":null,"tmda":null},"geometry":{"type":"LineString","coordinates":[[-72.71928,-40.62777],[-72.71402,-40.62329],[-72.71475,-40.61786],[-72.71323,-40.61537]]}},{"id":"10741","type":"Feature","properties":{"ROL":"U-124","NOMBRE_CAMINO":"Quilacahuín - Escuela","CLASIFICACION":"Camino Regional Comunal","CALZADA":null,"tmda":null},"geometry":{"type":"LineString","coordinates":[[-73.26583,-40.37608],[-73.26522,-40.3745],[-73.26745,-40.37365]]}},{"id":"10742","type":"Feature","properties":{"ROL":"U-166","NOMBRE_CAMINO":"Misión Quilacahuín - Las Juntas","CLASIFICACION":"Camino Regional Comunal","CALZADA":null,"tmda":null},"geometry":{"type":"LineString","coordinates":[[-73.26543,-40.37685],[-73.26573,-40.37724]]}},{"id":"10743","type":"Feature","properties":{"ROL":"U-506","NOMBRE_CAMINO":"Chahuilco - Huilma - Parrones","CLASIFICACION":"Camino Regional Comunal","CALZADA":null,"tmda":150.0},"geometry":{"type":"LineString","coordinates":[[-73.17869,-40.72814],[-73.18803,-40.72746]]}},{"id":"10744","type":"Feature","properties":{"ROL":"W-300","NOMBRE_CAMINO":"Cruce Ruta 5 - Chepu","CLASIFICACION":"Camino Regional Comunal","CALZADA":null,"tmda":398.0},"geometry":{"type":"LineString","coordinates":[[-73.82968,-42.02985],[-73.90444,-42.02374]]}},{"id":"10745","type":"Feature","properties":{"ROL":"W-941","NOMBRE_CAMINO":"Cruce Ruta 5 - San Juan de Chadmo","CLASIFICACION":"Camino Regional Comunal","CALZADA":null,"tmda":null},"geometry":{"type":"LineString","coordinates":[[-73.62652,-42.95397],[-73.6118,-42.9632],[-73.6082,-42.96684],[-73.60443,-42.96717]]}},{"id":"10746","type":"Feature","properties":{"ROL":"U-155","NOMBRE_CAMINO":"Cruce Ruta 5 - Chapilcahuín - Mulpulmo","CLASIFICACION":"Camino Regional Comunal","CALZADA":null,"tmda":null},"geometry":{"type":"LineString","coordinates":[[-72.93227,-40.55884],[-72.94691,-40.55344],[-72.95164,-40.55323],[-72.95443,-40.5556]]}},{"id":"10747","type":"Feature","properties":{"ROL":"U-175","NOMBRE_CAMINO":"Barro Blanco - Polloico","CLASIFICACION":"Camino Regional Comunal","CALZADA":null,"tmda":null},"geometry":{"type":"LineString","coordinates":[[-73.09761,-40.57689],[-73.09352,-40.57827]]}},{"id":"10748","type":"Feature","properties":{"ROL":"U-175","NOMBRE_CAMINO":"Barro Blanco - Polloico","CLASIFICACION":"Camino Regional Comunal","CALZADA":null,"tmda":null},"geometry":{"type":"LineString","coordinates":[[-73.09352,-40.57827],[-73.08821,-40.57887]]}},{"id":"10749","type":"Feature","properties":{"ROL":"U-179","NOMBRE_CAMINO":"Polloico - Pelleco","CLASIFICACION":"Camino Regional Comunal","CALZADA":null,"tmda":null},"geometry":{"type":"LineString","coordinates":[[-72.99035,-40.60122],[-72.99216,-40.59755],[-72.99013,-40.59304],[-72.99144,-40.58685]]}},{"id":"10750","type":"Feature","properties":{"ROL":"W-813","NOMBRE_CAMINO":"Poyo - Ayacara - Buill","CLASIFICACION":"Camino Regional Comunal","CALZADA":null,"tmda":1196.0},"geometry":{"type":"LineString","coordinates":[[-72.74017,-42.26437],[-72.74345,-42.27169],[-72.74005,-42.27702],[-72.74152,-42.28042],[-72.74922,-42.28417],[-72.74996,-42.28719],[-72.77384,-42.29799]]}},{"id":"10751","type":"Feature","properties":{"ROL":"U-11","NOMBRE_CAMINO":"Cruce Ruta 5 (San Pablo) - Trafún","CLASIFICACION":"Camino Regional Principal","CALZADA":null,"tmda":238.0},"geometry":{"type":"LineString","coordinates":[[-72.88075,-40.53194],[-72.87957,-40.54269],[-72.87545,-40.54951],[-72.86296,-40.55255],[-72.85931,-40.55743]]}},{"id":"10752","type":"Feature","properties":{"ROL":"U-11","NOMBRE_CAMINO":"Cruce Ruta 5 (San Pablo) - Trafún","CLASIFICACION":"Camino Regional Principal","CALZADA":null,"tmda":243.0},"geometry":{"type":"LineString","coordinates":[[-72.90271,-40.50947],[-72.89935,-40.51376],[-72.88918,-40.51964],[-72.88156,-40.52848],[-72.88075,-40.53194]]}},{"id":"10753","type":"Feature","properties":{"ROL":"U-300","NOMBRE_CAMINO":"Puaucho - Trinidad","CLASIFICACION":"Camino Regional Provincial","CALZADA":null,"tmda":270.0},"geometry":{"type":"LineString","coordinates":[[-73.40408,-40.49428],[-73.4055,-40.49]]}},{"id":"10754","type":"Feature","properties":{"ROL":"U-302","NOMBRE_CAMINO":"Pucatrihue - Escuela Caleta Manzano","CLASIFICACION":"Camino Regional Comunal","CALZADA":null,"tmda":null},"geometry":{"type":"LineString","coordinates":[[-73.71308,-40.53783],[-73.71113,-40.53715]]}},{"id":"10755","type":"Feature","properties":{"ROL":"V-155","NOMBRE_CAMINO":"LLanquihue - Frutillar - Quilanto","CLASIFICACION":"Camino Regional Provincial","CALZADA":null,"tmda":867.0},"geometry":{"type":"LineString","coordinates":[[-73.0204,-41.14671],[-73.02414,-41.14353],[-73.02734,-41.13597],[-73.02711,-41.12888],[-73.02384,-41.12505]]}},{"id":"10756","type":"Feature","properties":{"ROL":"V-155","NOMBRE_CAMINO":"LLanquihue - Frutillar - Quilanto","CLASIFICACION":"Camino Regional Provincial","CALZADA":null,"tmda":867.0},"geometry":{"type":"LineString","coordinates":[[-72.93653,-41.07227],[-72.92749,-41.06769]]}},{"id":"10757","type":"Feature","properties":{"ROL":"V-613","NOMBRE_CAMINO":"Río Pescado - Colonia Río Sur","CLASIFICACION":"Camino Regional Comunal","CALZADA":null,"tmda":662.0},"geometry":{"type":"LineString","coordinates":[[-72.69417,-41.31653],[-72.69445,-41.31871]]}},{"id":"10758","type":"Feature","properties":{"ROL":"V-613","NOMBRE_CAMINO":"Río Pescado - Colonia Río Sur","CLASIFICACION":"Camino Regional Comunal","CALZADA":null,"tmda":662.0},"geometry":{"type":"LineString","coordinates":[[-72.70823,-41.36197],[-72.70857,-41.363]]}},{"id":"10759","type":"Feature","properties":{"ROL":"U-655","NOMBRE_CAMINO":"Cancura - Loma Alta - El Desagüe","CLASIFICACION":"Camino Regional Comunal","CALZADA":null,"tmda":null},"geometry":{"type":"LineString","coordinates":[[-72.76609,-40.78049],[-72.72751,-40.7894],[-72.72347,-40.77971],[-72.72025,-40.78076],[-72.71542,-40.77741]]}},{"id":"10760","type":"Feature","properties":{"ROL":"U-655","NOMBRE_CAMINO":"Cancura - Loma Alta - El Desagüe","CLASIFICACION":"Camino Regional Comunal","CALZADA":null,"tmda":null},"geometry":{"type":"LineString","coordinates":[[-72.94224,-40.7631],[-72.93523,-40.76212]]}},{"id":"10761","type":"Feature","properties":{"ROL":"V-629","NOMBRE_CAMINO":"La Vara - Senda Sur","CLASIFICACION":"Camino Regional Comunal","CALZADA":null,"tmda":6002.0},"geometry":{"type":"LineString","coordinates":[[-72.9006,-41.42539],[-72.89938,-41.42538]]}},{"id":"10762","type":"Feature","properties":{"ROL":"V-629","NOMBRE_CAMINO":"La Vara - Senda Sur","CLASIFICACION":"Camino Regional Comunal","CALZADA":null,"tmda":6002.0},"geometry":{"type":"LineString","coordinates":[[-72.85488,-41.43447],[-72.83677,-41.4383],[-72.83231,-41.44602],[-72.82923,-41.44706]]}},{"id":"10763","type":"Feature","properties":{"ROL":"V-300","NOMBRE_CAMINO":"Río Frío - Fresia - Polizones","CLASIFICACION":"Camino Regional Comunal","CALZADA":null,"tmda":454.0},"geometry":{"type":"LineString","coordinates":[[-73.44502,-41.19746],[-73.44267,-41.19605],[-73.43899,-41.19629]]}},{"id":"10764","type":"Feature","properties":{"ROL":"V-700","NOMBRE_CAMINO":"Ostiones - Victoria - Canelo","CLASIFICACION":"Camino Regional Comunal","CALZADA":null,"tmda":null},"geometry":{"type":"LineString","coordinates":[[-73.33962,-41.43477],[-73.34279,-41.43601]]}},{"id":"10765","type":"Feature","properties":{"ROL":"V-440","NOMBRE_CAMINO":"Llico - Mañío - Yerbas Buenas","CLASIFICACION":"Camino Regional Comunal","CALZADA":null,"tmda":null},"geometry":{"type":"LineString","coordinates":[[-73.60163,-41.29446],[-73.60921,-41.29426],[-73.61871,-41.28463]]}},{"id":"10766","type":"Feature","properties":{"ROL":"V-104","NOMBRE_CAMINO":"Cruce Ruta 5 (El Burro) - Límite Provincial","CLASIFICACION":"Camino Regional Comunal","CALZADA":null,"tmda":null},"geometry":{"type":"LineString","coordinates":[[-73.12909,-41.01696],[-73.12782,-41.01324],[-73.12269,-41.01066],[-73.12615,-41.00098]]}},{"id":"10767","type":"Feature","properties":{"ROL":"U-522","NOMBRE_CAMINO":"Río Negro - El Rincón","CLASIFICACION":"Camino Regional de Acceso","CALZADA":null,"tmda":null},"geometry":{"type":"LineString","coordinates":[[-73.22216,-40.79622],[-73.22403,-40.79536]]}},{"id":"10768","type":"Feature","properties":{"ROL":"U-602","NOMBRE_CAMINO":"Riachuelo - Huellelhue - El Mirador","CLASIFICACION":"Camino Regional Comunal","CALZADA":null,"tmda":null},"geometry":{"type":"LineString","coordinates":[[-73.33852,-40.81955],[-73.35921,-40.81406],[-73.3598,-40.81264],[-73.36343,-40.81372],[-73.38561,-40.81457],[-73.39284,-40.81333]]}},{"id":"10769","type":"Feature","properties":{"ROL":"Ruta 235 CH","NOMBRE_CAMINO":"Cruce Ruta 7 (Villa Sta. Lucía) - Paso Palena - Carrenleufu","CLASIFICACION":"Camino Nacional con Carácter de Internacional","CALZADA":null,"tmda":null},"geometry":{"type":"LineString","coordinates":[[-71.86259,-43.61556],[-71.85902,-43.61531]]}},{"id":"10770","type":"Feature","properties":{"ROL":"W-179","NOMBRE_CAMINO":"Colo - Quicaví - Los Molinos","CLASIFICACION":"Camino Regional Comunal","CALZADA":null,"tmda":null},"geometry":{"type":"LineString","coordinates":[[-73.35165,-42.27183],[-73.35137,-42.27541],[-73.35352,-42.27902]]}},{"id":"10771","type":"Feature","properties":{"ROL":"W-300","NOMBRE_CAMINO":"Cruce Ruta 5 - Chepu","CLASIFICACION":"Camino Regional Comunal","CALZADA":null,"tmda":293.0},"geometry":{"type":"LineString","coordinates":[[-73.97372,-42.04884],[-73.97487,-42.04796],[-73.97395,-42.04155],[-73.97885,-42.03983],[-74.00934,-42.0434]]}},{"id":"10772","type":"Feature","properties":{"ROL":"V-860","NOMBRE_CAMINO":"Pichilaguna - Las Quemas - Tres Cumbres","CLASIFICACION":"Camino Regional Provincial","CALZADA":null,"tmda":972.0},"geometry":{"type":"LineString","coordinates":[[-73.09646,-41.34151],[-73.09647,-41.34757],[-73.10374,-41.35459],[-73.12991,-41.35962],[-73.13983,-41.36588],[-73.14215,-41.36897],[-73.15596,-41.37736],[-73.17276,-41.3826],[-73.1735,-41.3886],[-73.17584,-41.39119],[-73.18053,-41.40218]]}},{"id":"10773","type":"Feature","properties":{"ROL":"V-860","NOMBRE_CAMINO":"Pichilaguna - Las Quemas - Tres Cumbres","CLASIFICACION":"Camino Regional Provincial","CALZADA":null,"tmda":972.0},"geometry":{"type":"LineString","coordinates":[[-73.18053,-41.40218],[-73.1819,-41.40484],[-73.19655,-41.41775]]}},{"id":"10774","type":"Feature","properties":{"ROL":"V-860","NOMBRE_CAMINO":"Pichilaguna - Las Quemas - Tres Cumbres","CLASIFICACION":"Camino Regional Provincial","CALZADA":null,"tmda":826.0},"geometry":{"type":"LineString","coordinates":[[-73.38929,-41.53882],[-73.39081,-41.54214]]}},{"id":"10775","type":"Feature","properties":{"ROL":"U-464","NOMBRE_CAMINO":"Pichilumaco - Lumaco","CLASIFICACION":"Camino Regional Comunal","CALZADA":null,"tmda":null},"geometry":{"type":"LineString","coordinates":[[-73.28861,-40.62424],[-73.30137,-40.61693]]}},{"id":"10776","type":"Feature","properties":{"ROL":"U-118","NOMBRE_CAMINO":"Metahue - Mata de Caña","CLASIFICACION":"Camino Regional Comunal","CALZADA":null,"tmda":null},"geometry":{"type":"LineString","coordinates":[[-73.06384,-40.39018],[-73.07266,-40.3882],[-73.07467,-40.39098],[-73.09229,-40.40322],[-73.09618,-40.40043],[-73.09947,-40.40424],[-73.10194,-40.416],[-73.11448,-40.42519],[-73.11848,-40.42583]]}},{"id":"10777","type":"Feature","properties":{"ROL":"U-512","NOMBRE_CAMINO":"Tres Esteros - Los Parrones","CLASIFICACION":"Camino Regional Comunal","CALZADA":null,"tmda":null},"geometry":{"type":"LineString","coordinates":[[-73.27031,-40.73093],[-73.27795,-40.72916],[-73.29394,-40.73342],[-73.30213,-40.73304],[-73.30719,-40.73465],[-73.3159,-40.73357],[-73.32124,-40.73734],[-73.33048,-40.73766],[-73.33778,-40.73663],[-73.34032,-40.73508],[-73.34585,-40.73931],[-73.35287,-40.72632]]}},{"id":"10778","type":"Feature","properties":{"ROL":"U-904","NOMBRE_CAMINO":"Colegual - Radal","CLASIFICACION":"Camino Regional Comunal","CALZADA":null,"tmda":null},"geometry":{"type":"LineString","coordinates":[[-73.47695,-40.93464],[-73.49797,-40.9454],[-73.50976,-40.95453],[-73.51637,-40.97002],[-73.53036,-40.98446],[-73.53219,-41.00046],[-73.53599,-41.00674],[-73.54269,-41.01059],[-73.54709,-41.01109]]}},{"id":"10779","type":"Feature","properties":{"ROL":"U-214","NOMBRE_CAMINO":"Quitra Quitra - El Mirador","CLASIFICACION":"Camino Regional Comunal","CALZADA":null,"tmda":null},"geometry":{"type":"LineString","coordinates":[[-73.37287,-40.396],[-73.38336,-40.397],[-73.39029,-40.39559],[-73.39527,-40.39784],[-73.402,-40.40837],[-73.40472,-40.40976]]}},{"id":"10780","type":"Feature","properties":{"ROL":"U-471","NOMBRE_CAMINO":"Quisel - El Mirador","CLASIFICACION":"Camino Regional de Acceso","CALZADA":null,"tmda":null},"geometry":{"type":"LineString","coordinates":[[-72.43266,-40.77738],[-72.42539,-40.7788],[-72.4206,-40.78162],[-72.40911,-40.78325]]}},{"id":"10781","type":"Feature","properties":{"ROL":"U-445","NOMBRE_CAMINO":"Pailahueque - El Ñadi","CLASIFICACION":"Camino Regional Comunal","CALZADA":null,"tmda":null},"geometry":{"type":"LineString","coordinates":[[-72.88248,-40.71349],[-72.87718,-40.70017],[-72.86862,-40.69953],[-72.85358,-40.70192],[-72.84583,-40.70069],[-72.83895,-40.68437],[-72.83916,-40.68201],[-72.83688,-40.67982],[-72.80739,-40.6857]]}},{"id":"10782","type":"Feature","properties":{"ROL":"U-609","NOMBRE_CAMINO":"Cruce Ruta 5 - El Moro","CLASIFICACION":"Camino Regional de Acceso","CALZADA":null,"tmda":null},"geometry":{"type":"LineString","coordinates":[[-73.16283,-40.7986],[-73.14833,-40.80771],[-73.14642,-40.81103],[-73.13778,-40.81902],[-73.12172,-40.82787],[-73.11809,-40.83106]]}},{"id":"10783","type":"Feature","properties":{"ROL":"U-146","NOMBRE_CAMINO":"Osorno - Cuinco","CLASIFICACION":"Camino Regional de Acceso","CALZADA":null,"tmda":null},"geometry":{"type":"LineString","coordinates":[[-73.15019,-40.5475],[-73.13823,-40.54001],[-73.1361,-40.536],[-73.13001,-40.53044]]}},{"id":"10784","type":"Feature","properties":{"ROL":"U-555","NOMBRE_CAMINO":"Cruce Ruta 5 (Los Laureles) - El Cobre","CLASIFICACION":"Camino Regional de Acceso","CALZADA":null,"tmda":null},"geometry":{"type":"LineString","coordinates":[[-73.14981,-40.73576],[-73.14609,-40.73769]]}},{"id":"10785","type":"Feature","properties":{"ROL":"U-660","NOMBRE_CAMINO":"Riachuelo - Puente Werner - Río Blanco","CLASIFICACION":"Camino Regional Comunal","CALZADA":null,"tmda":258.0},"geometry":{"type":"LineString","coordinates":[[-73.3639,-40.83775],[-73.36627,-40.8358],[-73.3778,-40.83168],[-73.38586,-40.83063],[-73.38898,-40.83327],[-73.39007,-40.83766],[-73.39303,-40.8384],[-73.4,-40.84549],[-73.40994,-40.84497],[-73.41994,-40.84253],[-73.43396,-40.84688],[-73.4323,-40.85854]]}},{"id":"10786","type":"Feature","properties":{"ROL":"U-350","NOMBRE_CAMINO":"Cuquimo - Cunamo","CLASIFICACION":"Camino Regional Comunal","CALZADA":null,"tmda":362.0},"geometry":{"type":"LineString","coordinates":[[-73.29656,-40.52854],[-73.29896,-40.53292],[-73.30489,-40.52995],[-73.31402,-40.53501],[-73.31949,-40.5362],[-73.32475,-40.54123],[-73.33012,-40.54328],[-73.33369,-40.54064],[-73.33534,-40.5349],[-73.34067,-40.53309],[-73.33891,-40.5315],[-73.33987,-40.52878],[-73.34262,-40.52868],[-73.34461,-40.52551],[-73.34649,-40.52473],[-73.35001,-40.52675],[-73.35366,-40.52606],[-73.35591,-40.52794],[-73.36729,-40.53031],[-73.36862,-40.52788],[-73.37796,-40.53011],[-73.38383,-40.5283],[-73.39101,-40.52867]]}},{"id":"10787","type":"Feature","properties":{"ROL":"U-272","NOMBRE_CAMINO":"Chamilco - Anchiqueumo","CLASIFICACION":"Camino Regional Comunal","CALZADA":null,"tmda":null},"geometry":{"type":"LineString","coordinates":[[-73.31685,-40.46115],[-73.32137,-40.45966],[-73.32742,-40.45526],[-73.3371,-40.45518],[-73.33886,-40.45617],[-73.34042,-40.4601],[-73.3469,-40.46874],[-73.34881,-40.4693],[-73.35728,-40.46525],[-73.36405,-40.45876],[-73.36412,-40.45632]]}},{"id":"10788","type":"Feature","properties":{"ROL":"U-461","NOMBRE_CAMINO":"Osorio - Cárdenas Neumann","CLASIFICACION":"Camino Regional Comunal","CALZADA":null,"tmda":null},"geometry":{"type":"LineString","coordinates":[[-72.57459,-40.72088],[-72.57667,-40.7253],[-72.58662,-40.72924],[-72.58926,-40.73219],[-72.59649,-40.73523],[-72.59815,-40.744],[-72.59626,-40.74575]]}},{"id":"10789","type":"Feature","properties":{"ROL":"U-370","NOMBRE_CAMINO":"Carrico - Puaucho","CLASIFICACION":"Camino Regional Comunal","CALZADA":null,"tmda":null},"geometry":{"type":"LineString","coordinates":[[-73.51846,-40.59187],[-73.51914,-40.59075],[-73.51768,-40.58902],[-73.52096,-40.58176],[-73.52041,-40.57541],[-73.51775,-40.56834],[-73.52067,-40.56434],[-73.51826,-40.56327],[-73.51754,-40.55872],[-73.51169,-40.56206],[-73.50332,-40.56401],[-73.50144,-40.56552],[-73.4769,-40.56877],[-73.46904,-40.57266],[-73.46645,-40.57576],[-73.45845,-40.57651],[-73.44963,-40.58069]]}},{"id":"10790","type":"Feature","properties":{"ROL":"U-534","NOMBRE_CAMINO":"Cruce Ruta 5 - Salka","CLASIFICACION":"Camino Regional Comunal","CALZADA":null,"tmda":null},"geometry":{"type":"LineString","coordinates":[[-73.15512,-40.75774],[-73.15671,-40.758]]}},{"id":"10791","type":"Feature","properties":{"ROL":"U-682","NOMBRE_CAMINO":"Millantúe - Las Minas","CLASIFICACION":"Camino Regional de Acceso","CALZADA":null,"tmda":null},"geometry":{"type":"LineString","coordinates":[[-73.50777,-40.77102],[-73.52408,-40.76165],[-73.52666,-40.75782],[-73.53423,-40.75519],[-73.53494,-40.75229],[-73.53316,-40.74727],[-73.53461,-40.74554],[-73.53749,-40.74636],[-73.54269,-40.74229],[-73.54585,-40.74161]]}},{"id":"10792","type":"Feature","properties":{"ROL":"U-504","NOMBRE_CAMINO":"Cruce Ruta 5 (Caletera) - Acceso Norte a Purranque","CLASIFICACION":"Camino Regional Provincial","CALZADA":null,"tmda":null},"geometry":{"type":"LineString","coordinates":[[-73.15761,-40.90586],[-73.1637,-40.90888]]}},{"id":"10793","type":"Feature","properties":{"ROL":"U-238","NOMBRE_CAMINO":"Lololhue - Trecaimo","CLASIFICACION":"Camino Regional Comunal","CALZADA":null,"tmda":null},"geometry":{"type":"LineString","coordinates":[[-73.26729,-40.3908],[-73.27105,-40.38684],[-73.27666,-40.38841],[-73.28136,-40.39834],[-73.29044,-40.40689]]}},{"id":"10794","type":"Feature","properties":{"ROL":"U-946-V","NOMBRE_CAMINO":"Collihuinco - El Repil","CLASIFICACION":"Camino Regional Comunal","CALZADA":null,"tmda":null},"geometry":{"type":"LineString","coordinates":[[-73.62985,-41.05579],[-73.63316,-41.05776],[-73.63628,-41.06284],[-73.65562,-41.06163],[-73.6538,-41.05333]]}},{"id":"10795","type":"Feature","properties":{"ROL":"U-440","NOMBRE_CAMINO":"Monte Verde - Loma de La Piedra","CLASIFICACION":"Camino Regional Comunal","CALZADA":null,"tmda":146.0},"geometry":{"type":"LineString","coordinates":[[-73.41728,-40.66797],[-73.42295,-40.66839],[-73.43603,-40.66392],[-73.44401,-40.66492],[-73.45442,-40.66409],[-73.45833,-40.65874],[-73.46109,-40.65841],[-73.46846,-40.66215],[-73.4723,-40.666],[-73.48013,-40.66914],[-73.48141,-40.67255],[-73.48385,-40.67375],[-73.50615,-40.66793],[-73.51109,-40.66868],[-73.51616,-40.67184]]}},{"id":"10796","type":"Feature","properties":{"ROL":"U-126","NOMBRE_CAMINO":"Pincoy - Caracol","CLASIFICACION":"Camino Regional Comunal","CALZADA":null,"tmda":128.0},"geometry":{"type":"LineString","coordinates":[[-73.05469,-40.44816],[-73.05687,-40.4471],[-73.06357,-40.44732],[-73.07415,-40.44385],[-73.08322,-40.44934],[-73.09855,-40.4465],[-73.11034,-40.4404],[-73.11873,-40.44181]]}},{"id":"10797","type":"Feature","properties":{"ROL":"U-390","NOMBRE_CAMINO":"Forrahue - Huillinco","CLASIFICACION":"Camino Regional Comunal","CALZADA":null,"tmda":null},"geometry":{"type":"LineString","coordinates":[[-73.27026,-40.52982],[-73.27434,-40.5333],[-73.28181,-40.5424],[-73.28169,-40.54444],[-73.2844,-40.54669],[-73.28557,-40.55396],[-73.28911,-40.56187],[-73.30516,-40.56849],[-73.32333,-40.56756],[-73.32592,-40.57377],[-73.32664,-40.58286],[-73.33535,-40.60038]]}},{"id":"10798","type":"Feature","properties":{"ROL":"U-515","NOMBRE_CAMINO":"Cruce Ruta 5 (Las Quemas) - Las Quemas Bajas","CLASIFICACION":"Camino Regional Comunal","CALZADA":null,"tmda":null},"geometry":{"type":"LineString","coordinates":[[-73.11524,-40.65682],[-73.1077,-40.66322],[-73.08584,-40.67356],[-73.07849,-40.66712],[-73.06858,-40.66131],[-73.06765,-40.65937],[-73.07068,-40.65618],[-73.0684,-40.65358],[-73.05252,-40.64584]]}},{"id":"10799","type":"Feature","properties":{"ROL":"U-210","NOMBRE_CAMINO":"Lololhue - Curaco","CLASIFICACION":"Camino Regional Comunal","CALZADA":null,"tmda":null},"geometry":{"type":"LineString","coordinates":[[-73.29126,-40.40817],[-73.2892,-40.40993],[-73.28919,-40.41574],[-73.28486,-40.41835],[-73.28533,-40.42044],[-73.28316,-40.42021]]}},{"id":"10800","type":"Feature","properties":{"ROL":"U-945","NOMBRE_CAMINO":"Nochaco - Chiriuco - Paullín","CLASIFICACION":"Camino Regional Comunal","CALZADA":null,"tmda":null},"geometry":{"type":"LineString","coordinates":[[-72.88569,-40.89096],[-72.87167,-40.88287],[-72.84745,-40.88151],[-72.8304,-40.88661],[-72.81926,-40.88724],[-72.8142,-40.88676],[-72.80177,-40.88253],[-72.794,-40.88235],[-72.78912,-40.88434],[-72.77733,-40.89803],[-72.76144,-40.90271]]}},{"id":"10801","type":"Feature","properties":{"ROL":"U-639","NOMBRE_CAMINO":"Cementerio - Acceso Norte a Cancura","CLASIFICACION":"Camino Regional Comunal","CALZADA":null,"tmda":null},"geometry":{"type":"LineString","coordinates":[[-72.96889,-40.74801],[-72.96684,-40.75103],[-72.96707,-40.75542]]}},{"id":"10802","type":"Feature","properties":{"ROL":"U-878","NOMBRE_CAMINO":"Rincón Chileno - Copihue","CLASIFICACION":"Camino Regional Comunal","CALZADA":null,"tmda":null},"geometry":{"type":"LineString","coordinates":[[-73.33628,-40.96668],[-73.33861,-40.96709]]}},{"id":"10803","type":"Feature","properties":{"ROL":"U-182","NOMBRE_CAMINO":"Colimahuida - Los Boldos","CLASIFICACION":"Camino Regional de Acceso","CALZADA":null,"tmda":null},"geometry":{"type":"LineString","coordinates":[[-73.20574,-40.52604],[-73.21418,-40.53555],[-73.22339,-40.5355],[-73.23783,-40.53067],[-73.25031,-40.5306]]}},{"id":"10804","type":"Feature","properties":{"ROL":"U-153","NOMBRE_CAMINO":"Maile - Chapilcahuín","CLASIFICACION":"Camino Regional Comunal","CALZADA":null,"tmda":null},"geometry":{"type":"LineString","coordinates":[[-72.95752,-40.50544],[-72.96825,-40.51985]]}},{"id":"10805","type":"Feature","properties":{"ROL":"U-252","NOMBRE_CAMINO":"Purretrún - Purrucalhue","CLASIFICACION":"Camino Regional Comunal","CALZADA":null,"tmda":null},"geometry":{"type":"LineString","coordinates":[[-73.37452,-40.42307],[-73.37551,-40.42152],[-73.37358,-40.41393],[-73.38159,-40.40645],[-73.38761,-40.40374],[-73.38902,-40.39848],[-73.39182,-40.39657]]}},{"id":"10806","type":"Feature","properties":{"ROL":"U-516","NOMBRE_CAMINO":"El Rincón - Chahuilco","CLASIFICACION":"Camino Regional Comunal","CALZADA":null,"tmda":null},"geometry":{"type":"LineString","coordinates":[[-73.17007,-40.70779],[-73.1822,-40.71001],[-73.19414,-40.70849],[-73.21052,-40.71326],[-73.21475,-40.71669]]}},{"id":"10807","type":"Feature","properties":{"ROL":"U-322","NOMBRE_CAMINO":"Punotro - Escuela Carrico","CLASIFICACION":"Camino Regional de Acceso","CALZADA":null,"tmda":null},"geometry":{"type":"LineString","coordinates":[[-73.52045,-40.56479],[-73.52465,-40.56468],[-73.55073,-40.55418]]}},{"id":"10808","type":"Feature","properties":{"ROL":"U-518","NOMBRE_CAMINO":"Salka - Chahuilco Sur","CLASIFICACION":"Camino Regional de Acceso","CALZADA":null,"tmda":null},"geometry":{"type":"LineString","coordinates":[[-73.18129,-40.75486],[-73.18724,-40.75465],[-73.19032,-40.75286],[-73.19003,-40.75159],[-73.19887,-40.74868],[-73.20121,-40.74548]]}},{"id":"10809","type":"Feature","properties":{"ROL":"U-701","NOMBRE_CAMINO":"U-55-V - Población Pichil","CLASIFICACION":"Camino Regional Comunal","CALZADA":null,"tmda":null},"geometry":{"type":"LineString","coordinates":[[-73.01743,-40.69616],[-73.02349,-40.69992]]}},{"id":"10810","type":"Feature","properties":{"ROL":"U-250","NOMBRE_CAMINO":"Cancha Larga - Huitrapulli","CLASIFICACION":"Camino Regional Comunal","CALZADA":null,"tmda":140.0},"geometry":{"type":"LineString","coordinates":[[-73.29369,-40.43572],[-73.30245,-40.43254],[-73.31055,-40.43557],[-73.31438,-40.43531],[-73.31546,-40.43234],[-73.32003,-40.43134],[-73.32432,-40.42864],[-73.32546,-40.42202],[-73.33367,-40.41847],[-73.34106,-40.42273],[-73.35147,-40.42416],[-73.35483,-40.43648],[-73.36096,-40.43642],[-73.36307,-40.43905],[-73.37327,-40.44115],[-73.37837,-40.44396],[-73.38231,-40.44317],[-73.38607,-40.44587],[-73.3912,-40.44505],[-73.40851,-40.45628],[-73.40956,-40.45965],[-73.41471,-40.4628],[-73.42429,-40.46611]]}},{"id":"10811","type":"Feature","properties":{"ROL":"U-490","NOMBRE_CAMINO":"Osorno - Murrinumo","CLASIFICACION":"Camino Regional de Acceso","CALZADA":null,"tmda":null},"geometry":{"type":"LineString","coordinates":[[-73.1693,-40.59134],[-73.17572,-40.58969],[-73.17903,-40.58636]]}},{"id":"10812","type":"Feature","properties":{"ROL":"U-930","NOMBRE_CAMINO":"Maipué - Los Capados","CLASIFICACION":"Camino Regional Comunal","CALZADA":null,"tmda":null},"geometry":{"type":"LineString","coordinates":[[-73.31349,-40.9864],[-73.31667,-40.98496],[-73.31631,-40.98594],[-73.32039,-40.9876],[-73.31936,-40.98984]]}},{"id":"10813","type":"Feature","properties":{"ROL":"U-174","NOMBRE_CAMINO":"Quilacahuín Oriente - Río Rahue","CLASIFICACION":"Camino Regional Comunal","CALZADA":null,"tmda":null},"geometry":{"type":"LineString","coordinates":[[-73.22526,-40.43227],[-73.23286,-40.42785],[-73.23671,-40.42367],[-73.25405,-40.41345],[-73.25836,-40.40645],[-73.26551,-40.40408],[-73.26333,-40.40098]]}},{"id":"10814","type":"Feature","properties":{"ROL":"U-276","NOMBRE_CAMINO":"Chanco - Planchón - Anchiqueumo","CLASIFICACION":"Camino Regional Comunal","CALZADA":null,"tmda":null},"geometry":{"type":"LineString","coordinates":[[-73.3362,-40.42033],[-73.33925,-40.43405],[-73.34425,-40.43684],[-73.34882,-40.44563],[-73.34904,-40.44972],[-73.34517,-40.45014],[-73.34224,-40.45339],[-73.3416,-40.46111]]}},{"id":"10815","type":"Feature","properties":{"ROL":"U-490","NOMBRE_CAMINO":"Osorno - Murrinumo","CLASIFICACION":"Camino Regional de Acceso","CALZADA":null,"tmda":null},"geometry":{"type":"LineString","coordinates":[[-73.17903,-40.58636],[-73.18589,-40.58663],[-73.18795,-40.5833],[-73.19677,-40.58427],[-73.20109,-40.58207],[-73.2058,-40.58162],[-73.21232,-40.59532],[-73.21411,-40.59756],[-73.22067,-40.601],[-73.22236,-40.60658],[-73.22803,-40.61175]]}},{"id":"10816","type":"Feature","properties":{"ROL":"U-731","NOMBRE_CAMINO":"Chan Chan - Puchaura","CLASIFICACION":"Camino Regional de Acceso","CALZADA":null,"tmda":null},"geometry":{"type":"LineString","coordinates":[[-72.99887,-40.80546],[-73.00142,-40.80827],[-73.00886,-40.81012],[-73.0135,-40.82532],[-73.02619,-40.83524],[-73.03091,-40.83231],[-73.0373,-40.83332]]}},{"id":"10817","type":"Feature","properties":{"ROL":"U-177","NOMBRE_CAMINO":"Barro Blanco - Tufilco","CLASIFICACION":"Camino Regional de Acceso","CALZADA":null,"tmda":null},"geometry":{"type":"LineString","coordinates":[[-73.04689,-40.57074],[-73.04627,-40.56796],[-73.05097,-40.56703],[-73.04889,-40.5611],[-73.05407,-40.5591]]}},{"id":"10818","type":"Feature","properties":{"ROL":"U-916-V","NOMBRE_CAMINO":"Radal - Collihuinco","CLASIFICACION":"Camino Regional Comunal","CALZADA":null,"tmda":null},"geometry":{"type":"LineString","coordinates":[[-73.54816,-41.0154],[-73.55021,-41.0162],[-73.55913,-41.02655],[-73.56853,-41.02839],[-73.57576,-41.03635],[-73.57838,-41.03719],[-73.58367,-41.04195],[-73.59331,-41.04381],[-73.61083,-41.05172],[-73.62074,-41.05299],[-73.62586,-41.05657],[-73.62951,-41.05612]]}},{"id":"10819","type":"Feature","properties":{"ROL":"U-406","NOMBRE_CAMINO":"Trosco - Escuela","CLASIFICACION":"Camino Regional de Acceso","CALZADA":null,"tmda":null},"geometry":{"type":"LineString","coordinates":[[-73.39777,-40.597],[-73.40246,-40.59616],[-73.40395,-40.59315],[-73.40725,-40.59157],[-73.40714,-40.58765],[-73.40488,-40.58589]]}},{"id":"10820","type":"Feature","properties":{"ROL":"U-148","NOMBRE_CAMINO":"Loma del Medio - Quilacoya","CLASIFICACION":"Camino Regional Comunal","CALZADA":null,"tmda":null},"geometry":{"type":"LineString","coordinates":[[-73.10138,-40.41115],[-73.11128,-40.4065]]}},{"id":"10821","type":"Feature","properties":{"ROL":"U-348","NOMBRE_CAMINO":"Misión de la Costa","CLASIFICACION":"Camino Regional Comunal","CALZADA":null,"tmda":null},"geometry":{"type":"LineString","coordinates":[[-73.40344,-40.49496],[-73.40848,-40.49523],[-73.41269,-40.49226],[-73.41751,-40.49396]]}},{"id":"10822","type":"Feature","properties":{"ROL":"U-270","NOMBRE_CAMINO":"Cancha Larga - Centinela","CLASIFICACION":"Camino Regional Comunal","CALZADA":null,"tmda":null},"geometry":{"type":"LineString","coordinates":[[-73.29369,-40.43572],[-73.29857,-40.44617],[-73.30216,-40.44864],[-73.30172,-40.45075],[-73.30454,-40.45413],[-73.31223,-40.45674],[-73.31912,-40.46446],[-73.32501,-40.46854],[-73.32802,-40.46877],[-73.33882,-40.48401],[-73.34822,-40.48769],[-73.35288,-40.49436],[-73.35275,-40.49604],[-73.3574,-40.49944],[-73.35778,-40.50218],[-73.36135,-40.50321]]}},{"id":"10823","type":"Feature","properties":{"ROL":"U-466","NOMBRE_CAMINO":"Huilma - La Huella","CLASIFICACION":"Camino Regional de Acceso","CALZADA":null,"tmda":null},"geometry":{"type":"LineString","coordinates":[[-73.33586,-40.66423],[-73.34763,-40.67727],[-73.35964,-40.68603],[-73.36323,-40.69084],[-73.36892,-40.69412],[-73.37524,-40.69438],[-73.38078,-40.69684]]}},{"id":"10824","type":"Feature","properties":{"ROL":"U-171","NOMBRE_CAMINO":"Rupanquito - Loma Alta","CLASIFICACION":"Camino Regional Comunal","CALZADA":null,"tmda":null},"geometry":{"type":"LineString","coordinates":[[-72.76927,-40.74133],[-72.78416,-40.77661]]}},{"id":"10825","type":"Feature","properties":{"ROL":"U-456","NOMBRE_CAMINO":"Huilma - Dollinco - Cuinco","CLASIFICACION":"Camino Regional Comunal","CALZADA":null,"tmda":null},"geometry":{"type":"LineString","coordinates":[[-73.33001,-40.6492],[-73.34913,-40.65029],[-73.35182,-40.65224],[-73.35979,-40.65384],[-73.36914,-40.65203],[-73.38068,-40.65288],[-73.38496,-40.65138],[-73.4047,-40.65075],[-73.4112,-40.64442],[-73.41814,-40.64521],[-73.42337,-40.64177],[-73.44146,-40.64646],[-73.44776,-40.65101],[-73.45453,-40.64621],[-73.46086,-40.64881]]}},{"id":"10826","type":"Feature","properties":{"ROL":"U-590","NOMBRE_CAMINO":"Chapaco - Cheuquemó","CLASIFICACION":"Camino Regional de Acceso","CALZADA":null,"tmda":null},"geometry":{"type":"LineString","coordinates":[[-73.30169,-40.78607],[-73.30764,-40.78806],[-73.32874,-40.78142],[-73.33943,-40.77976],[-73.33849,-40.77676],[-73.34493,-40.77393]]}},{"id":"10827","type":"Feature","properties":{"ROL":"U-428","NOMBRE_CAMINO":"La Cumbre - Los Hualles","CLASIFICACION":"Camino Regional Comunal","CALZADA":null,"tmda":null},"geometry":{"type":"LineString","coordinates":[[-73.42613,-40.61431],[-73.42608,-40.61864],[-73.42242,-40.62175],[-73.42148,-40.62427],[-73.42127,-40.6373],[-73.42269,-40.64185]]}},{"id":"10828","type":"Feature","properties":{"ROL":"U-138","NOMBRE_CAMINO":"Caracol - Vaquería","CLASIFICACION":"Camino Regional Comunal","CALZADA":null,"tmda":null},"geometry":{"type":"LineString","coordinates":[[-73.10543,-40.41923],[-73.10051,-40.42166],[-73.09122,-40.42263],[-73.08818,-40.42432],[-73.08667,-40.43026],[-73.07918,-40.43231],[-73.07766,-40.43875],[-73.07415,-40.44385]]}},{"id":"10829","type":"Feature","properties":{"ROL":"U-664","NOMBRE_CAMINO":"La Virgen - Puente Werner","CLASIFICACION":"Camino Regional Comunal","CALZADA":null,"tmda":null},"geometry":{"type":"LineString","coordinates":[[-73.4493,-40.8093],[-73.45024,-40.81026],[-73.44437,-40.81748],[-73.44534,-40.82342],[-73.44781,-40.82737],[-73.44699,-40.82992],[-73.44889,-40.83465],[-73.44856,-40.84015],[-73.44344,-40.84568],[-73.43416,-40.84948]]}},{"id":"10830","type":"Feature","properties":{"ROL":"U-262","NOMBRE_CAMINO":"Centinela - Piutril - Panguimapu","CLASIFICACION":"Camino Regional Comunal","CALZADA":null,"tmda":null},"geometry":{"type":"LineString","coordinates":[[-73.34814,-40.48765],[-73.3497,-40.48621],[-73.34942,-40.48231],[-73.35356,-40.47718],[-73.35651,-40.47607],[-73.36471,-40.47723],[-73.37353,-40.48094],[-73.37868,-40.4802],[-73.38843,-40.47184],[-73.39046,-40.46728],[-73.38999,-40.46504],[-73.39431,-40.46339],[-73.40025,-40.46306],[-73.40741,-40.46043],[-73.40894,-40.45871]]}},{"id":"10831","type":"Feature","properties":{"ROL":"U-478","NOMBRE_CAMINO":"Monte Verde - Parrones - Riachuelo","CLASIFICACION":"Camino Regional Comunal","CALZADA":null,"tmda":null},"geometry":{"type":"LineString","coordinates":[[-73.41504,-40.66732],[-73.41298,-40.67162],[-73.41199,-40.67835],[-73.415,-40.68427],[-73.41688,-40.69213],[-73.41471,-40.70844],[-73.41276,-40.7112],[-73.41608,-40.71649],[-73.41986,-40.7189],[-73.41694,-40.72299],[-73.41563,-40.73081],[-73.41128,-40.73602],[-73.38819,-40.73182],[-73.38038,-40.73189],[-73.3731,-40.73429],[-73.36822,-40.73214],[-73.36959,-40.73856],[-73.37525,-40.75062],[-73.38077,-40.75739],[-73.38344,-40.76754],[-73.37951,-40.77384],[-73.37873,-40.77893],[-73.37204,-40.78457],[-73.35959,-40.78843],[-73.35357,-40.79919],[-73.3467,-40.80537],[-73.33326,-40.81003]]}},{"id":"10832","type":"Feature","properties":{"ROL":"U-195","NOMBRE_CAMINO":"Pilmaiquén - Chinchín","CLASIFICACION":"Camino Regional Comunal","CALZADA":null,"tmda":null},"geometry":{"type":"LineString","coordinates":[[-72.66261,-40.65177],[-72.65339,-40.65499],[-72.64566,-40.66128]]}},{"id":"10833","type":"Feature","properties":{"ROL":"U-609","NOMBRE_CAMINO":"Cruce Ruta 5 - El Moro","CLASIFICACION":"Camino Regional de Acceso","CALZADA":null,"tmda":null},"geometry":{"type":"LineString","coordinates":[[-73.16467,-40.7975],[-73.16283,-40.7986]]}},{"id":"10834","type":"Feature","properties":{"ROL":"U-384","NOMBRE_CAMINO":"Forrahue - Pichilcura","CLASIFICACION":"Camino Regional Comunal","CALZADA":null,"tmda":null},"geometry":{"type":"LineString","coordinates":[[-73.32333,-40.56756],[-73.33322,-40.56785],[-73.33817,-40.56662],[-73.34346,-40.55923],[-73.34359,-40.55402],[-73.34121,-40.54778],[-73.3337,-40.5443],[-73.3335,-40.54084]]}},{"id":"10835","type":"Feature","properties":{"ROL":"U-725","NOMBRE_CAMINO":"Pichil - Chan Chan","CLASIFICACION":"Camino Regional Comunal","CALZADA":null,"tmda":null},"geometry":{"type":"LineString","coordinates":[[-73.02295,-40.7149],[-73.02502,-40.72084],[-73.02242,-40.72968],[-73.02256,-40.73827],[-73.01637,-40.74813],[-73.01635,-40.7539],[-73.00561,-40.75753]]}},{"id":"10836","type":"Feature","properties":{"ROL":"U-260","NOMBRE_CAMINO":"Pulurruca - Misión San Juan","CLASIFICACION":"Camino Regional Comunal","CALZADA":null,"tmda":null},"geometry":{"type":"LineString","coordinates":[[-73.40444,-40.48796],[-73.40589,-40.48771],[-73.4055,-40.49]]}},{"id":"10837","type":"Feature","properties":{"ROL":"U-334","NOMBRE_CAMINO":"Purrehuín - Cumuimo - Pichilafquelmapu","CLASIFICACION":"Camino Regional Comunal","CALZADA":null,"tmda":null},"geometry":{"type":"LineString","coordinates":[[-73.42631,-40.55745],[-73.42647,-40.55373],[-73.43142,-40.55338],[-73.43657,-40.5497],[-73.44428,-40.54641],[-73.44947,-40.54593],[-73.45633,-40.5416],[-73.45703,-40.53937],[-73.46085,-40.53626],[-73.46416,-40.52824],[-73.46824,-40.52686],[-73.47162,-40.52248],[-73.47836,-40.52032],[-73.47739,-40.51623],[-73.47943,-40.51317],[-73.47999,-40.50684],[-73.48309,-40.50373]]}},{"id":"10838","type":"Feature","properties":{"ROL":"U-534","NOMBRE_CAMINO":"Cruce Ruta 5 - Salka","CLASIFICACION":"Camino Regional Comunal","CALZADA":null,"tmda":null},"geometry":{"type":"LineString","coordinates":[[-73.15671,-40.758],[-73.16389,-40.75754],[-73.18213,-40.75329]]}},{"id":"10839","type":"Feature","properties":{"ROL":"U-246","NOMBRE_CAMINO":"Huali - El Mirador - Pucopío","CLASIFICACION":"Camino Regional Comunal","CALZADA":null,"tmda":null},"geometry":{"type":"LineString","coordinates":[[-73.40636,-40.40721],[-73.41057,-40.40373],[-73.41194,-40.39929],[-73.41405,-40.398],[-73.41343,-40.39423],[-73.41673,-40.3879],[-73.41626,-40.38524],[-73.41957,-40.38735]]}},{"id":"10840","type":"Feature","properties":{"ROL":"U-502","NOMBRE_CAMINO":"Sagllue - Acceso Estación FF.CC. 2","CLASIFICACION":"Camino Regional de Acceso","CALZADA":null,"tmda":null},"geometry":{"type":"LineString","coordinates":[[-73.18406,-40.6521],[-73.19903,-40.64657],[-73.20459,-40.64991]]}},{"id":"10841","type":"Feature","properties":{"ROL":"U-954","NOMBRE_CAMINO":"El Manzano - Entre Ríos - San José","CLASIFICACION":"Camino Regional de Acceso","CALZADA":null,"tmda":null},"geometry":{"type":"LineString","coordinates":[[-73.27724,-40.92075],[-73.27994,-40.92113],[-73.28215,-40.91928],[-73.28673,-40.91069],[-73.28659,-40.9088],[-73.28886,-40.90631],[-73.28876,-40.90424],[-73.29155,-40.90238]]}},{"id":"10842","type":"Feature","properties":{"ROL":"U-342","NOMBRE_CAMINO":"Cunamo - Punicahuín","CLASIFICACION":"Camino Regional de Acceso","CALZADA":null,"tmda":null},"geometry":{"type":"LineString","coordinates":[[-73.39284,-40.52803],[-73.40769,-40.54044],[-73.41429,-40.54141],[-73.42502,-40.53821]]}},{"id":"10843","type":"Feature","properties":{"ROL":"U-555","NOMBRE_CAMINO":"Cruce Ruta 5 (Los Laureles) - El Cobre","CLASIFICACION":"Camino Regional de Acceso","CALZADA":null,"tmda":null},"geometry":{"type":"LineString","coordinates":[[-73.14609,-40.73769],[-73.13963,-40.7393],[-73.13094,-40.74366],[-73.12311,-40.73637],[-73.10315,-40.74566],[-73.09819,-40.74931]]}},{"id":"10844","type":"Feature","properties":{"ROL":"U-875","NOMBRE_CAMINO":"Islote - El Cabrito","CLASIFICACION":"Camino Regional de Acceso","CALZADA":null,"tmda":null},"geometry":{"type":"LineString","coordinates":[[-72.40819,-40.88101],[-72.41556,-40.90555],[-72.40804,-40.91101],[-72.40277,-40.91678],[-72.39618,-40.92659],[-72.39541,-40.93328]]}},{"id":"10845","type":"Feature","properties":{"ROL":"U-116","NOMBRE_CAMINO":"La Montaña - Vaquería","CLASIFICACION":"Camino Regional Comunal","CALZADA":null,"tmda":null},"geometry":{"type":"LineString","coordinates":[[-73.05897,-40.39991],[-73.06216,-40.40873],[-73.05941,-40.41429],[-73.0663,-40.42764],[-73.06564,-40.42996],[-73.07581,-40.43271],[-73.07859,-40.43468]]}},{"id":"10846","type":"Feature","properties":{"ROL":"U-236","NOMBRE_CAMINO":"Cantiamo Bajo - Cantiamo Alto","CLASIFICACION":"Camino Regional Comunal","CALZADA":null,"tmda":null},"geometry":{"type":"LineString","coordinates":[[-73.30346,-40.36162],[-73.30233,-40.36607],[-73.30464,-40.36713],[-73.30649,-40.37137],[-73.31116,-40.37363],[-73.31614,-40.37187],[-73.32338,-40.37411]]}},{"id":"10847","type":"Feature","properties":{"ROL":"U-530","NOMBRE_CAMINO":"Rio Negro - Estero Largo","CLASIFICACION":"Camino Regional de Acceso","CALZADA":null,"tmda":null},"geometry":{"type":"LineString","coordinates":[[-73.19596,-40.83105],[-73.1964,-40.83573],[-73.19534,-40.83872],[-73.19253,-40.84374],[-73.18973,-40.84595]]}},{"id":"10848","type":"Feature","properties":{"ROL":"U-709","NOMBRE_CAMINO":"Oromo - Quilque - Coñico","CLASIFICACION":"Camino Regional Comunal","CALZADA":null,"tmda":null},"geometry":{"type":"LineString","coordinates":[[-73.10572,-40.88155],[-73.10103,-40.88842],[-73.08692,-40.8969],[-73.08171,-40.90258],[-73.08208,-40.90983],[-73.07997,-40.91558],[-73.07645,-40.918],[-73.0898,-40.94159]]}},{"id":"10849","type":"Feature","properties":{"ROL":"U-167","NOMBRE_CAMINO":"Lutún - Polloico","CLASIFICACION":"Camino Regional Comunal","CALZADA":null,"tmda":null},"geometry":{"type":"LineString","coordinates":[[-73.01775,-40.5822],[-73.00926,-40.5782],[-73.0013,-40.5782],[-72.99847,-40.58002],[-72.99578,-40.58504],[-72.99144,-40.58685]]}},{"id":"10850","type":"Feature","properties":{"ROL":"U-477","NOMBRE_CAMINO":"Pulelfu - Las Parras","CLASIFICACION":"Camino Regional de Acceso","CALZADA":null,"tmda":null},"geometry":{"type":"LineString","coordinates":[[-72.38187,-40.81712],[-72.37433,-40.81652],[-72.36024,-40.8092],[-72.35047,-40.80653],[-72.34909,-40.81027],[-72.33772,-40.80858],[-72.33326,-40.80561],[-72.32968,-40.80524],[-72.32139,-40.79675],[-72.30877,-40.79404]]}},{"id":"10851","type":"Feature","properties":{"ROL":"U-913","NOMBRE_CAMINO":"Chan Chan - Tres Puertas","CLASIFICACION":"Camino Regional Comunal","CALZADA":null,"tmda":null},"geometry":{"type":"LineString","coordinates":[[-72.96232,-40.84848],[-72.94832,-40.86441],[-72.94714,-40.86906],[-72.94292,-40.87389],[-72.94398,-40.87839],[-72.94028,-40.89509],[-72.94281,-40.91397],[-72.94152,-40.91688],[-72.93442,-40.92965],[-72.92499,-40.93593],[-72.9175,-40.94408]]}},{"id":"10852","type":"Feature","properties":{"ROL":"U-352","NOMBRE_CAMINO":"Cunamo - Punotro - Casa de Lata","CLASIFICACION":"Camino Regional Comunal","CALZADA":null,"tmda":null},"geometry":{"type":"LineString","coordinates":[[-73.39411,-40.52512],[-73.39784,-40.52582],[-73.39507,-40.52249],[-73.39588,-40.52072],[-73.40098,-40.51715],[-73.40588,-40.51071],[-73.41274,-40.51066],[-73.41201,-40.50839],[-73.41375,-40.50725],[-73.41344,-40.50363],[-73.4147,-40.50221],[-73.41884,-40.50223],[-73.41751,-40.49396],[-73.43289,-40.49068],[-73.43614,-40.48682],[-73.45427,-40.49926],[-73.45762,-40.49921],[-73.46559,-40.50343],[-73.47534,-40.50576],[-73.48195,-40.50347],[-73.48771,-40.5031],[-73.49557,-40.49544],[-73.50138,-40.49576],[-73.5025,-40.49415],[-73.51038,-40.49235],[-73.51517,-40.48965],[-73.51757,-40.49001],[-73.51971,-40.48775],[-73.52432,-40.48868],[-73.52486,-40.49097],[-73.52667,-40.49226],[-73.53985,-40.48963],[-73.54588,-40.49043],[-73.55166,-40.48835],[-73.55447,-40.48909],[-73.55535,-40.49074],[-73.55842,-40.49003],[-73.56186,-40.48664],[-73.57435,-40.48338],[-73.58228,-40.48334],[-73.58861,-40.47939],[-73.59014,-40.48221],[-73.60571,-40.48332],[-73.61031,-40.48563],[-73.61161,-40.48476],[-73.61023,-40.48297],[-73.61074,-40.48108],[-73.61495,-40.47839],[-73.62201,-40.48151],[-73.63149,-40.48087],[-73.63362,-40.47974],[-73.65362,-40.48196],[-73.65695,-40.48037],[-73.65842,-40.47646],[-73.65807,-40.47357],[-73.65556,-40.47293],[-73.65547,-40.46918],[-73.65823,-40.46698],[-73.66171,-40.46757]]}},{"id":"10853","type":"Feature","properties":{"ROL":"U-473","NOMBRE_CAMINO":"Paicil - Bahía El Encanto","CLASIFICACION":"Camino Regional Comunal","CALZADA":null,"tmda":null},"geometry":{"type":"LineString","coordinates":[[-72.45877,-40.74886],[-72.46463,-40.75713],[-72.47011,-40.76148],[-72.47167,-40.77016],[-72.46363,-40.77942],[-72.45853,-40.78107],[-72.45638,-40.7847],[-72.44644,-40.79292],[-72.43469,-40.79386],[-72.43334,-40.78333]]}},{"id":"10854","type":"Feature","properties":{"ROL":"U-424","NOMBRE_CAMINO":"Cuinco - Huacamapu","CLASIFICACION":"Camino Regional Comunal","CALZADA":null,"tmda":null},"geometry":{"type":"LineString","coordinates":[[-73.46106,-40.63399],[-73.47407,-40.63122],[-73.47738,-40.63382],[-73.48164,-40.63313],[-73.48547,-40.63721],[-73.49121,-40.64773],[-73.48936,-40.65726],[-73.4904,-40.66077],[-73.48662,-40.66913],[-73.48687,-40.6728]]}},{"id":"10855","type":"Feature","properties":{"ROL":"U-130","NOMBRE_CAMINO":"Caracol - San Martín - Loma Blanca","CLASIFICACION":"Camino Regional Comunal","CALZADA":null,"tmda":null},"geometry":{"type":"LineString","coordinates":[[-73.12365,-40.44037],[-73.14003,-40.44225],[-73.14121,-40.43855],[-73.15356,-40.43243],[-73.16618,-40.42391],[-73.16658,-40.42185],[-73.15651,-40.41407],[-73.1457,-40.4001]]}},{"id":"10856","type":"Feature","properties":{"ROL":"U-328","NOMBRE_CAMINO":"Cumilelfu - Puente Negro","CLASIFICACION":"Camino Regional Comunal","CALZADA":null,"tmda":null},"geometry":{"type":"LineString","coordinates":[[-73.45175,-40.42038],[-73.45447,-40.41938],[-73.45893,-40.42381],[-73.46353,-40.42353],[-73.46658,-40.42575],[-73.47098,-40.43098],[-73.46966,-40.43548],[-73.47115,-40.43808]]}},{"id":"10857","type":"Feature","properties":{"ROL":"U-514","NOMBRE_CAMINO":"Tres Esteros - Llahualco","CLASIFICACION":"Camino Regional Comunal","CALZADA":null,"tmda":null},"geometry":{"type":"LineString","coordinates":[[-73.2889,-40.76134],[-73.29335,-40.75833],[-73.29809,-40.75904],[-73.30238,-40.75705],[-73.3228,-40.76092],[-73.32688,-40.75094],[-73.33257,-40.7481],[-73.33975,-40.74689],[-73.34588,-40.73931]]}},{"id":"10858","type":"Feature","properties":{"ROL":"U-765","NOMBRE_CAMINO":"Central Rupanco - Las Juntas","CLASIFICACION":"Camino Regional de Acceso","CALZADA":null,"tmda":null},"geometry":{"type":"LineString","coordinates":[[-72.89159,-40.82821],[-72.89682,-40.81871],[-72.89951,-40.80743],[-72.90135,-40.80538],[-72.909,-40.80418],[-72.91574,-40.79095],[-72.92172,-40.79013],[-72.92835,-40.79112]]}},{"id":"10859","type":"Feature","properties":{"ROL":"U-106","NOMBRE_CAMINO":"Trumao - Rivera Sur Río Bueno","CLASIFICACION":"Camino Regional de Acceso","CALZADA":null,"tmda":null},"geometry":{"type":"LineString","coordinates":[[-73.17305,-40.36019],[-73.1698,-40.35455],[-73.17953,-40.34824]]}},{"id":"10860","type":"Feature","properties":{"ROL":"U-265","NOMBRE_CAMINO":"Nueva Esperanza - Planta Eléctrica Pilmaiquén","CLASIFICACION":"Camino Regional de Acceso","CALZADA":null,"tmda":null},"geometry":{"type":"LineString","coordinates":[[-72.65981,-40.6533],[-72.65782,-40.64606],[-72.65357,-40.64515],[-72.65333,-40.6431]]}},{"id":"10861","type":"Feature","properties":{"ROL":"U-479","NOMBRE_CAMINO":"Lomón - El Taique","CLASIFICACION":"Camino Regional de Acceso","CALZADA":null,"tmda":null},"geometry":{"type":"LineString","coordinates":[[-72.44345,-40.76165],[-72.41398,-40.76882],[-72.40458,-40.77676],[-72.38587,-40.78465],[-72.38394,-40.78962]]}},{"id":"10862","type":"Feature","properties":{"ROL":"U-176","NOMBRE_CAMINO":"Monje - Currupulli","CLASIFICACION":"Camino Regional Comunal","CALZADA":null,"tmda":null},"geometry":{"type":"LineString","coordinates":[[-73.25634,-40.36216],[-73.26033,-40.36035],[-73.26709,-40.36158],[-73.27411,-40.36006],[-73.27578,-40.36325],[-73.27836,-40.36436],[-73.28117,-40.36977]]}},{"id":"10863","type":"Feature","properties":{"ROL":"U-423","NOMBRE_CAMINO":"Las Lumas - Los Melíes","CLASIFICACION":"Camino Regional de Acceso","CALZADA":null,"tmda":null},"geometry":{"type":"LineString","coordinates":[[-72.94888,-40.59125],[-72.94956,-40.6007],[-72.94437,-40.60165],[-72.95586,-40.6158]]}},{"id":"10864","type":"Feature","properties":{"ROL":"U-441","NOMBRE_CAMINO":"Pailahueque - Mohor","CLASIFICACION":"Camino Regional de Acceso","CALZADA":null,"tmda":null},"geometry":{"type":"LineString","coordinates":[[-72.87777,-40.70054],[-72.87149,-40.69317],[-72.86415,-40.68129]]}},{"id":"10865","type":"Feature","properties":{"ROL":"U-556","NOMBRE_CAMINO":"Monte Verde - La Montaña","CLASIFICACION":"Camino Regional de Acceso","CALZADA":null,"tmda":null},"geometry":{"type":"LineString","coordinates":[[-73.41278,-40.71136],[-73.40783,-40.71559]]}},{"id":"10866","type":"Feature","properties":{"ROL":"U-132","NOMBRE_CAMINO":"Caracol - Caracoleado","CLASIFICACION":"Camino Regional de Acceso","CALZADA":null,"tmda":null},"geometry":{"type":"LineString","coordinates":[[-73.14121,-40.43855],[-73.14042,-40.41715],[-73.14241,-40.41392]]}},{"id":"10867","type":"Feature","properties":{"ROL":"U-667","NOMBRE_CAMINO":"Desagüe Rupanco - Callejón Pérez","CLASIFICACION":"Camino Regional Comunal","CALZADA":null,"tmda":null},"geometry":{"type":"LineString","coordinates":[[-72.68975,-40.78957],[-72.68741,-40.79269],[-72.68763,-40.79712],[-72.68141,-40.80114],[-72.67981,-40.80524],[-72.66263,-40.81623],[-72.65348,-40.82061],[-72.64127,-40.82284],[-72.63149,-40.82902],[-72.59264,-40.84277],[-72.57667,-40.85259],[-72.57578,-40.858],[-72.59155,-40.87302],[-72.59531,-40.88525]]}},{"id":"10868","type":"Feature","properties":{"ROL":"U-274","NOMBRE_CAMINO":"Puninque - Chamilco","CLASIFICACION":"Camino Regional Comunal","CALZADA":null,"tmda":null},"geometry":{"type":"LineString","coordinates":[[-73.31442,-40.43529],[-73.32066,-40.43769],[-73.32657,-40.44624],[-73.32635,-40.44966],[-73.32322,-40.45242],[-73.32118,-40.45974]]}},{"id":"10869","type":"Feature","properties":{"ROL":"U-483","NOMBRE_CAMINO":"Hoyería - Puyehue","CLASIFICACION":"Camino Regional de Acceso","CALZADA":null,"tmda":null},"geometry":{"type":"LineString","coordinates":[[-72.25716,-40.6642],[-72.26017,-40.65947],[-72.26241,-40.65838],[-72.2701,-40.6559],[-72.27868,-40.65628],[-72.30394,-40.66405],[-72.30885,-40.66822],[-72.30872,-40.67274],[-72.31529,-40.67483]]}},{"id":"10870","type":"Feature","properties":{"ROL":"U-936","NOMBRE_CAMINO":"La Mocha - Collihuinco","CLASIFICACION":"Camino Regional Comunal","CALZADA":null,"tmda":null},"geometry":{"type":"LineString","coordinates":[[-73.57652,-40.9988],[-73.58257,-41.00899],[-73.58272,-41.01262],[-73.58519,-41.01525],[-73.59187,-41.01679],[-73.59683,-41.02015],[-73.60702,-41.02347],[-73.61987,-41.03019],[-73.62063,-41.03586],[-73.62816,-41.04342],[-73.62796,-41.05197],[-73.63019,-41.05461],[-73.62951,-41.05612]]}},{"id":"10871","type":"Feature","properties":{"ROL":"U-463","NOMBRE_CAMINO":"Bellavista - Cárdenas Neumann","CLASIFICACION":"Camino Regional Comunal","CALZADA":null,"tmda":null},"geometry":{"type":"LineString","coordinates":[[-72.57105,-40.74779],[-72.5874,-40.74524],[-72.59523,-40.74604],[-72.59894,-40.74519],[-72.60312,-40.74895]]}},{"id":"10872","type":"Feature","properties":{"ROL":"U-127","NOMBRE_CAMINO":"Cementerio - Pufayo","CLASIFICACION":"Camino Regional de Acceso","CALZADA":null,"tmda":null},"geometry":{"type":"LineString","coordinates":[[-72.99669,-40.43571],[-73.00958,-40.43658],[-73.01041,-40.43342]]}},{"id":"10873","type":"Feature","properties":{"ROL":"U-517","NOMBRE_CAMINO":"Tacamó - Surber","CLASIFICACION":"Camino Regional de Acceso","CALZADA":null,"tmda":null},"geometry":{"type":"LineString","coordinates":[[-73.06725,-40.63137],[-73.07157,-40.63554],[-73.09487,-40.64517],[-73.09696,-40.6496],[-73.08244,-40.65616]]}},{"id":"10874","type":"Feature","properties":{"ROL":"U-710","NOMBRE_CAMINO":"Los Corrales - Putrihue","CLASIFICACION":"Camino Regional Comunal","CALZADA":null,"tmda":null},"geometry":{"type":"LineString","coordinates":[[-73.41187,-40.86063],[-73.421,-40.86089],[-73.42593,-40.85855],[-73.43938,-40.85782],[-73.44556,-40.85493],[-73.44948,-40.85053],[-73.45366,-40.85046],[-73.47433,-40.84295],[-73.47978,-40.83564],[-73.48253,-40.83392],[-73.48262,-40.83121],[-73.48124,-40.82927]]}},{"id":"10875","type":"Feature","properties":{"ROL":"U-260","NOMBRE_CAMINO":"Pulurruca - Misión San Juan","CLASIFICACION":"Camino Regional Comunal","CALZADA":null,"tmda":null},"geometry":{"type":"LineString","coordinates":[[-73.40717,-40.46054],[-73.40544,-40.4628],[-73.40491,-40.47024],[-73.40286,-40.47652],[-73.39938,-40.48345],[-73.3998,-40.4855],[-73.40444,-40.48796]]}},{"id":"10876","type":"Feature","properties":{"ROL":"U-168","NOMBRE_CAMINO":"Quilmahue - Bastidas","CLASIFICACION":"Camino Regional Comunal","CALZADA":null,"tmda":null},"geometry":{"type":"LineString","coordinates":[[-73.2265,-40.40868],[-73.22938,-40.41092],[-73.23585,-40.41008],[-73.24042,-40.40803],[-73.24374,-40.4025],[-73.25046,-40.39908],[-73.24577,-40.39606],[-73.24491,-40.39346]]}},{"id":"10877","type":"Feature","properties":{"ROL":"U-462","NOMBRE_CAMINO":"Pichihuilma - El Rincón","CLASIFICACION":"Camino Regional de Acceso","CALZADA":null,"tmda":null},"geometry":{"type":"LineString","coordinates":[[-73.33444,-40.66331],[-73.33004,-40.66308],[-73.32309,-40.6689],[-73.31922,-40.66872],[-73.3088,-40.67486]]}},{"id":"10878","type":"Feature","properties":{"ROL":"U-532","NOMBRE_CAMINO":"Purranque - Estero Largo","CLASIFICACION":"Camino Regional de Acceso","CALZADA":null,"tmda":null},"geometry":{"type":"LineString","coordinates":[[-73.17294,-40.91033],[-73.17819,-40.90657],[-73.18984,-40.89059],[-73.18806,-40.87339],[-73.18455,-40.86203]]}},{"id":"10879","type":"Feature","properties":{"ROL":"U-610","NOMBRE_CAMINO":"El Bolsón - Putrihue","CLASIFICACION":"Camino Regional de Acceso","CALZADA":null,"tmda":null},"geometry":{"type":"LineString","coordinates":[[-73.42567,-40.79332],[-73.44932,-40.80931],[-73.45486,-40.80822],[-73.45918,-40.80913],[-73.4709,-40.8203],[-73.47209,-40.82502],[-73.4742,-40.82731],[-73.48065,-40.82847]]}},{"id":"10880","type":"Feature","properties":{"ROL":"U-800","NOMBRE_CAMINO":"Río Negro - Los Angeles","CLASIFICACION":"Camino Regional Comunal","CALZADA":null,"tmda":365.0},"geometry":{"type":"LineString","coordinates":[[-73.23639,-40.84102],[-73.23509,-40.84414],[-73.24571,-40.87723],[-73.24391,-40.88419],[-73.24408,-40.89091],[-73.24242,-40.89514],[-73.24671,-40.90961]]}},{"id":"10881","type":"Feature","properties":{"ROL":"U-282","NOMBRE_CAMINO":"Centinela - Pulotre","CLASIFICACION":"Camino Regional de Acceso","CALZADA":null,"tmda":null},"geometry":{"type":"LineString","coordinates":[[-73.36773,-40.50415],[-73.37695,-40.49743],[-73.37466,-40.48973],[-73.36727,-40.48597]]}},{"id":"10882","type":"Feature","properties":{"ROL":"U-736","NOMBRE_CAMINO":"Colonia Zagal Norte - Rinconada","CLASIFICACION":"Camino Regional Comunal","CALZADA":null,"tmda":397.0},"geometry":{"type":"LineString","coordinates":[[-73.4263,-40.94252],[-73.42667,-40.92991],[-73.42192,-40.92996],[-73.41479,-40.92769]]}},{"id":"10883","type":"Feature","properties":{"ROL":"U-604","NOMBRE_CAMINO":"Millantúe - Huellelhue","CLASIFICACION":"Camino Regional Comunal","CALZADA":null,"tmda":null},"geometry":{"type":"LineString","coordinates":[[-73.48875,-40.77658],[-73.48578,-40.78751],[-73.48835,-40.78946],[-73.49398,-40.8039],[-73.50013,-40.80693],[-73.50499,-40.80355],[-73.50963,-40.80365],[-73.51066,-40.80106],[-73.51406,-40.80016],[-73.51967,-40.792],[-73.52558,-40.78995],[-73.52657,-40.78772]]}},{"id":"10884","type":"Feature","properties":{"ROL":"U-254","NOMBRE_CAMINO":"Pucopío - Loncopitrío","CLASIFICACION":"Camino Regional Comunal","CALZADA":null,"tmda":null},"geometry":{"type":"LineString","coordinates":[[-73.43013,-40.40649],[-73.43159,-40.41008],[-73.43456,-40.41065],[-73.43933,-40.40885],[-73.44155,-40.41138],[-73.44402,-40.41204],[-73.44459,-40.41718],[-73.44778,-40.42048]]}},{"id":"10885","type":"Feature","properties":{"ROL":"U-159","NOMBRE_CAMINO":"La Poza - Mulpulmo","CLASIFICACION":"Camino Regional Comunal","CALZADA":null,"tmda":null},"geometry":{"type":"LineString","coordinates":[[-72.8599,-40.5682],[-72.86356,-40.56816],[-72.86964,-40.56326],[-72.91616,-40.56667],[-72.92906,-40.56042]]}},{"id":"10886","type":"Feature","properties":{"ROL":"U-414","NOMBRE_CAMINO":"Liucura Este - Río Contaco","CLASIFICACION":"Camino Regional de Acceso","CALZADA":null,"tmda":null},"geometry":{"type":"LineString","coordinates":[[-73.5229,-40.63351],[-73.51436,-40.63486],[-73.50299,-40.63279]]}},{"id":"10887","type":"Feature","properties":{"ROL":"U-324","NOMBRE_CAMINO":"Cunamo - Laupulli","CLASIFICACION":"Camino Regional Comunal","CALZADA":null,"tmda":null},"geometry":{"type":"LineString","coordinates":[[-73.39538,-40.52535],[-73.40352,-40.52965],[-73.41459,-40.52893],[-73.42687,-40.52551],[-73.43014,-40.52592],[-73.43255,-40.5221],[-73.44564,-40.52306],[-73.45361,-40.51957]]}},{"id":"10888","type":"Feature","properties":{"ROL":"U-902","NOMBRE_CAMINO":"Hueyusca - Cajones","CLASIFICACION":"Camino Regional de Acceso","CALZADA":null,"tmda":null},"geometry":{"type":"LineString","coordinates":[[-73.55405,-40.94154],[-73.56235,-40.93698],[-73.56299,-40.93543],[-73.56161,-40.92986],[-73.56393,-40.9226],[-73.55989,-40.91455]]}},{"id":"10889","type":"Feature","properties":{"ROL":"U-234","NOMBRE_CAMINO":"Jackson - Lololhue","CLASIFICACION":"Camino Regional Comunal","CALZADA":null,"tmda":null},"geometry":{"type":"LineString","coordinates":[[-73.28444,-40.37157],[-73.28527,-40.37415],[-73.28345,-40.37619],[-73.28688,-40.37829],[-73.28888,-40.38259],[-73.28823,-40.38879],[-73.296,-40.39582],[-73.29255,-40.40096],[-73.29046,-40.40712],[-73.2961,-40.40953]]}},{"id":"10890","type":"Feature","properties":{"ROL":"U-467","NOMBRE_CAMINO":"Puerto Chalupa - Santibáñez","CLASIFICACION":"Camino Regional de Acceso","CALZADA":null,"tmda":null},"geometry":{"type":"LineString","coordinates":[[-72.57861,-40.75717],[-72.59916,-40.76062],[-72.6065,-40.76359],[-72.61084,-40.76354]]}},{"id":"10891","type":"Feature","properties":{"ROL":"U-948","NOMBRE_CAMINO":"Ánima La Pampa - Palomar","CLASIFICACION":"Camino Regional de Acceso","CALZADA":null,"tmda":null},"geometry":{"type":"LineString","coordinates":[[-73.2849,-40.96135],[-73.28209,-40.95498],[-73.27363,-40.94944],[-73.2635,-40.94547],[-73.25765,-40.94692],[-73.25153,-40.94421]]}},{"id":"10892","type":"Feature","properties":{"ROL":"U-439","NOMBRE_CAMINO":"Tacamó - Lo Blaña","CLASIFICACION":"Camino Regional Comunal","CALZADA":null,"tmda":null},"geometry":{"type":"LineString","coordinates":[[-72.89785,-40.64312],[-72.89676,-40.64491],[-72.90551,-40.6699],[-72.8992,-40.68138],[-72.91005,-40.70674]]}},{"id":"10893","type":"Feature","properties":{"ROL":"U-140","NOMBRE_CAMINO":"Pincoy - Chacayal","CLASIFICACION":"Camino Regional Comunal","CALZADA":null,"tmda":null},"geometry":{"type":"LineString","coordinates":[[-73.0703,-40.48531],[-73.08444,-40.48106],[-73.08824,-40.47871],[-73.09737,-40.48437],[-73.10797,-40.48822],[-73.1143,-40.48689],[-73.1176,-40.4898],[-73.12226,-40.48995],[-73.12529,-40.4966],[-73.15054,-40.49385]]}},{"id":"10894","type":"Feature","properties":{"ROL":"U-618","NOMBRE_CAMINO":"Huellelhue - Catrihuala","CLASIFICACION":"Camino Regional de Acceso","CALZADA":null,"tmda":null},"geometry":{"type":"LineString","coordinates":[[-73.50949,-40.80373],[-73.51346,-40.80361],[-73.51832,-40.80618],[-73.52626,-40.80304],[-73.52879,-40.80509],[-73.53013,-40.80975],[-73.53361,-40.81266],[-73.53222,-40.81473],[-73.53355,-40.81543],[-73.53287,-40.8174],[-73.53732,-40.8202],[-73.53651,-40.82374],[-73.54078,-40.82878],[-73.54007,-40.83089],[-73.54278,-40.83298],[-73.5634,-40.83768],[-73.56842,-40.84018],[-73.56895,-40.84206],[-73.57204,-40.84256]]}},{"id":"10895","type":"Feature","properties":{"ROL":"U-148","NOMBRE_CAMINO":"Loma del Medio - Quilacoya","CLASIFICACION":"Camino Regional Comunal","CALZADA":null,"tmda":null},"geometry":{"type":"LineString","coordinates":[[-73.11128,-40.4065],[-73.12881,-40.39463]]}},{"id":"10896","type":"Feature","properties":{"ROL":"U-674","NOMBRE_CAMINO":"Río Blanco - Línea Matriz","CLASIFICACION":"Camino Regional Comunal","CALZADA":null,"tmda":null},"geometry":{"type":"LineString","coordinates":[[-73.38868,-40.83289],[-73.4097,-40.82812],[-73.42495,-40.82665],[-73.43438,-40.81851],[-73.44471,-40.81581]]}},{"id":"10897","type":"Feature","properties":{"ROL":"U-222","NOMBRE_CAMINO":"Panguimapu - Pullaullao","CLASIFICACION":"Camino Regional de Acceso","CALZADA":null,"tmda":null},"geometry":{"type":"LineString","coordinates":[[-73.39857,-40.44958],[-73.39768,-40.44636],[-73.39951,-40.43996],[-73.39318,-40.43734],[-73.39238,-40.43123]]}},{"id":"10898","type":"Feature","properties":{"ROL":"U-469","NOMBRE_CAMINO":"Los Copihues - Futacuhín","CLASIFICACION":"Camino Regional Comunal","CALZADA":null,"tmda":null},"geometry":{"type":"LineString","coordinates":[[-72.51432,-40.70905],[-72.51112,-40.71135],[-72.50874,-40.71839],[-72.50726,-40.71946],[-72.504,-40.73083],[-72.48052,-40.73115],[-72.47422,-40.7298]]}},{"id":"10899","type":"Feature","properties":{"ROL":"U-711","NOMBRE_CAMINO":"El Moro - Burdiles","CLASIFICACION":"Camino Regional de Acceso","CALZADA":null,"tmda":null},"geometry":{"type":"LineString","coordinates":[[-73.08067,-40.86593],[-73.07944,-40.86322],[-73.06881,-40.86176],[-73.06088,-40.85802]]}},{"id":"10900","type":"Feature","properties":{"ROL":"U-554","NOMBRE_CAMINO":"Cruce Ruta 5 - Chahuilco","CLASIFICACION":"Camino Regional Comunal","CALZADA":null,"tmda":286.0},"geometry":{"type":"LineString","coordinates":[[-73.14981,-40.73576],[-73.1769,-40.72577]]}},{"id":"10901","type":"Feature","properties":{"ROL":"U-702","NOMBRE_CAMINO":"Hueyusca - Puquitrahue","CLASIFICACION":"Camino Regional de Acceso","CALZADA":null,"tmda":null},"geometry":{"type":"LineString","coordinates":[[-73.51927,-40.92131],[-73.51361,-40.91299],[-73.51558,-40.91122]]}},{"id":"10902","type":"Feature","properties":{"ROL":"U-266","NOMBRE_CAMINO":"La Plantilla - Pucopío - El Rincón","CLASIFICACION":"Camino Regional Comunal","CALZADA":null,"tmda":null},"geometry":{"type":"LineString","coordinates":[[-73.41465,-40.41939],[-73.41857,-40.41963],[-73.42294,-40.41688],[-73.42817,-40.4076],[-73.43029,-40.40637],[-73.42812,-40.40518],[-73.42805,-40.40274],[-73.43388,-40.39634],[-73.43273,-40.3942],[-73.43365,-40.38873],[-73.43159,-40.38412],[-73.43231,-40.37994],[-73.43504,-40.37808],[-73.4423,-40.37759],[-73.44365,-40.37155],[-73.4421,-40.36927],[-73.44203,-40.36515],[-73.44412,-40.36432],[-73.44435,-40.35974]]}},{"id":"10903","type":"Feature","properties":{"ROL":"U-486","NOMBRE_CAMINO":"Pucoihue - Lumaco - Trinquicahuin","CLASIFICACION":"Camino Regional Comunal","CALZADA":null,"tmda":null},"geometry":{"type":"LineString","coordinates":[[-73.26805,-40.59774],[-73.26299,-40.60038],[-73.26361,-40.60409],[-73.26185,-40.60575],[-73.26533,-40.61669],[-73.27122,-40.62429],[-73.28287,-40.62266],[-73.2865,-40.62327],[-73.28856,-40.62511],[-73.28498,-40.63209],[-73.27971,-40.63524],[-73.27566,-40.64188],[-73.27573,-40.64465],[-73.27841,-40.6502],[-73.27528,-40.65399],[-73.25467,-40.66003]]}},{"id":"10904","type":"Feature","properties":{"ROL":"U-557","NOMBRE_CAMINO":"Las Quemas - Fábrica de Ladrillos","CLASIFICACION":"Camino Regional de Acceso","CALZADA":null,"tmda":null},"geometry":{"type":"LineString","coordinates":[[-73.06766,-40.65936],[-73.06254,-40.66439],[-73.06419,-40.67243],[-73.06088,-40.6769],[-73.06061,-40.68707]]}},{"id":"10905","type":"Feature","properties":{"ROL":"U-372","NOMBRE_CAMINO":"Purrehuín - Quemeumo","CLASIFICACION":"Camino Regional Comunal","CALZADA":null,"tmda":null},"geometry":{"type":"LineString","coordinates":[[-73.43969,-40.5639],[-73.4435,-40.5637],[-73.44445,-40.56487],[-73.44891,-40.56192],[-73.45686,-40.56036],[-73.45891,-40.55825],[-73.46218,-40.55757],[-73.4676,-40.5522],[-73.46771,-40.55064],[-73.47248,-40.5501],[-73.47562,-40.54429],[-73.48305,-40.54196],[-73.48543,-40.53861],[-73.48481,-40.53636],[-73.49,-40.53534],[-73.49484,-40.53735],[-73.50073,-40.53271],[-73.50338,-40.5321],[-73.50379,-40.53064],[-73.51374,-40.52778],[-73.51571,-40.52546],[-73.51748,-40.52526]]}},{"id":"10906","type":"Feature","properties":{"ROL":"U-240","NOMBRE_CAMINO":"Cancha Larga - Lololhue - Waltz","CLASIFICACION":"Camino Regional Comunal","CALZADA":null,"tmda":null},"geometry":{"type":"LineString","coordinates":[[-73.3044,-40.43277],[-73.30825,-40.43123],[-73.30839,-40.42929],[-73.30587,-40.426],[-73.30601,-40.42271],[-73.30181,-40.41967],[-73.29984,-40.41525],[-73.29641,-40.41208],[-73.29632,-40.40854],[-73.30443,-40.40228],[-73.30678,-40.39752],[-73.30948,-40.39721],[-73.31267,-40.39865],[-73.31391,-40.39448],[-73.31711,-40.39104],[-73.31593,-40.38859],[-73.31776,-40.38628],[-73.31656,-40.38492],[-73.32699,-40.38315],[-73.32338,-40.37408],[-73.33153,-40.36381],[-73.34049,-40.35814],[-73.34009,-40.35156],[-73.34595,-40.34728],[-73.34645,-40.3396],[-73.34792,-40.33685]]}},{"id":"10907","type":"Feature","properties":{"ROL":"U-264","NOMBRE_CAMINO":"Punotro - El Encino","CLASIFICACION":"Camino Regional de Acceso","CALZADA":null,"tmda":null},"geometry":{"type":"LineString","coordinates":[[-73.36668,-40.42291],[-73.36424,-40.41934],[-73.36449,-40.41593],[-73.36253,-40.41459]]}},{"id":"10908","type":"Feature","properties":{"ROL":"U-504","NOMBRE_CAMINO":"Cruce Ruta 5 (Caletera) - Acceso Norte a Purranque","CLASIFICACION":"Camino Regional Provincial","CALZADA":null,"tmda":null},"geometry":{"type":"LineString","coordinates":[[-73.15193,-40.90249],[-73.15761,-40.90586]]}},{"id":"10909","type":"Feature","properties":{"ROL":"U-876","NOMBRE_CAMINO":"Ánima La Pampa - Central Unido","CLASIFICACION":"Camino Regional Comunal","CALZADA":null,"tmda":null},"geometry":{"type":"LineString","coordinates":[[-73.27093,-40.97256],[-73.30254,-40.96405],[-73.31715,-40.96567],[-73.31757,-40.96326]]}},{"id":"10910","type":"Feature","properties":{"ROL":"U-130","NOMBRE_CAMINO":"Caracol - San Martín - Loma Blanca","CLASIFICACION":"Camino Regional Comunal","CALZADA":null,"tmda":null},"geometry":{"type":"LineString","coordinates":[[-73.12269,-40.44274],[-73.12365,-40.44037]]}},{"id":"10911","type":"Feature","properties":{"ROL":"U-244","NOMBRE_CAMINO":"Quillipulli - Pupañimo - Puaco","CLASIFICACION":"Camino Regional Comunal","CALZADA":null,"tmda":null},"geometry":{"type":"LineString","coordinates":[[-73.32712,-40.38169],[-73.33019,-40.38316],[-73.33891,-40.37729],[-73.34237,-40.37231],[-73.34313,-40.36519],[-73.34425,-40.36387],[-73.34573,-40.36646],[-73.34945,-40.36726],[-73.35596,-40.36493],[-73.36338,-40.37315],[-73.36684,-40.37383],[-73.37237,-40.3791]]}},{"id":"10912","type":"Feature","properties":{"ROL":"U-152","NOMBRE_CAMINO":"Cruce Ruta 5 (Enlace Putabla) - Chifca","CLASIFICACION":"Camino Regional Comunal","CALZADA":null,"tmda":null},"geometry":{"type":"LineString","coordinates":[[-73.02581,-40.45578],[-73.02756,-40.45406],[-73.03021,-40.45977],[-73.03571,-40.46283],[-73.03498,-40.46551],[-73.03756,-40.47277],[-73.03564,-40.47622]]}},{"id":"10913","type":"Feature","properties":{"ROL":"U-675","NOMBRE_CAMINO":"Pellinada - Puerto Mancilla - Piedras Negras","CLASIFICACION":"Camino Regional Comunal","CALZADA":null,"tmda":null},"geometry":{"type":"LineString","coordinates":[[-72.57696,-40.85233],[-72.57104,-40.85012],[-72.55752,-40.85278],[-72.54628,-40.8465],[-72.54437,-40.84858],[-72.54649,-40.85626],[-72.54297,-40.86293],[-72.52448,-40.8661],[-72.50816,-40.87145]]}},{"id":"10914","type":"Feature","properties":{"ROL":"U-330","NOMBRE_CAMINO":"Aleucapi - Carrico","CLASIFICACION":"Camino Regional Comunal","CALZADA":null,"tmda":null},"geometry":{"type":"LineString","coordinates":[[-73.51824,-40.48968],[-73.51652,-40.49448],[-73.51455,-40.49609],[-73.51606,-40.49796],[-73.51334,-40.50248],[-73.51436,-40.50859],[-73.51625,-40.51157],[-73.51498,-40.51473],[-73.51611,-40.51846],[-73.51342,-40.52258],[-73.52107,-40.52808],[-73.51974,-40.53255],[-73.53033,-40.54549],[-73.52844,-40.54982],[-73.52743,-40.5488],[-73.52482,-40.55022],[-73.51754,-40.55872]]}},{"id":"10915","type":"Feature","properties":{"ROL":"U-515","NOMBRE_CAMINO":"Cruce Ruta 5 (Las Quemas) - Las Quemas Bajas","CLASIFICACION":"Camino Regional Comunal","CALZADA":null,"tmda":null},"geometry":{"type":"LineString","coordinates":[[-73.11871,-40.65385],[-73.11524,-40.65682]]}},{"id":"10916","type":"Feature","properties":{"ROL":"U-800","NOMBRE_CAMINO":"Río Negro - Los Angeles","CLASIFICACION":"Camino Regional Comunal","CALZADA":null,"tmda":942.0},"geometry":{"type":"LineString","coordinates":[[-73.22699,-40.81999],[-73.23082,-40.82519],[-73.23639,-40.84102]]}},{"id":"10917","type":"Feature","properties":{"ROL":"U-214","NOMBRE_CAMINO":"Quitra Quitra - El Mirador","CLASIFICACION":"Camino Regional Comunal","CALZADA":null,"tmda":null},"geometry":{"type":"LineString","coordinates":[[-73.35244,-40.39175],[-73.35928,-40.39214],[-73.36663,-40.39497],[-73.37099,-40.39457],[-73.37287,-40.396]]}},{"id":"10918","type":"Feature","properties":{"ROL":"U-480","NOMBRE_CAMINO":"Central Huilma - Huilma Baja","CLASIFICACION":"Camino Regional Comunal","CALZADA":null,"tmda":null},"geometry":{"type":"LineString","coordinates":[[-73.34,-40.66859],[-73.33218,-40.68632],[-73.33008,-40.68765],[-73.32668,-40.69324],[-73.32297,-40.70526],[-73.32355,-40.70892]]}},{"id":"10919","type":"Feature","properties":{"ROL":"U-174","NOMBRE_CAMINO":"Quilacahuín Oriente - Río Rahue","CLASIFICACION":"Camino Regional Comunal","CALZADA":null,"tmda":null},"geometry":{"type":"LineString","coordinates":[[-73.26333,-40.40098],[-73.25823,-40.3957],[-73.25531,-40.38627],[-73.25611,-40.38386]]}},{"id":"10920","type":"Feature","properties":{"ROL":"U-457","NOMBRE_CAMINO":"El Salto - La Mosqueta","CLASIFICACION":"Camino Regional Comunal","CALZADA":null,"tmda":null},"geometry":{"type":"LineString","coordinates":[[-72.66223,-40.65197],[-72.66411,-40.65701],[-72.66355,-40.66417],[-72.65723,-40.66972],[-72.65914,-40.67581],[-72.658,-40.67878],[-72.65944,-40.68452],[-72.65265,-40.6881],[-72.64942,-40.69251],[-72.64377,-40.69582],[-72.62485,-40.70195],[-72.62449,-40.7071]]}},{"id":"10921","type":"Feature","properties":{"ROL":"U-408","NOMBRE_CAMINO":"Trosco - Radales","CLASIFICACION":"Camino Regional Comunal","CALZADA":null,"tmda":null},"geometry":{"type":"LineString","coordinates":[[-73.42073,-40.56713],[-73.41842,-40.57187],[-73.41908,-40.5786],[-73.42489,-40.5827],[-73.43038,-40.58521],[-73.434,-40.58487],[-73.43803,-40.58409],[-73.44063,-40.58143],[-73.44481,-40.58005]]}},{"id":"10922","type":"Feature","properties":{"ROL":"U-612","NOMBRE_CAMINO":"Putrihue - Millantúe","CLASIFICACION":"Camino Regional Comunal","CALZADA":null,"tmda":null},"geometry":{"type":"LineString","coordinates":[[-73.4591,-40.8091],[-73.45969,-40.806],[-73.46511,-40.8014],[-73.46967,-40.80073],[-73.47655,-40.79601],[-73.48109,-40.79559],[-73.48187,-40.79652],[-73.49035,-40.79494]]}},{"id":"10923","type":"Feature","properties":{"ROL":"U-147","NOMBRE_CAMINO":"Maile - El Monte","CLASIFICACION":"Camino Regional de Acceso","CALZADA":null,"tmda":null},"geometry":{"type":"LineString","coordinates":[[-72.93699,-40.50805],[-72.93349,-40.50066],[-72.92467,-40.49422],[-72.91989,-40.48846],[-72.91913,-40.48576]]}},{"id":"10924","type":"Feature","properties":{"ROL":"U-338","NOMBRE_CAMINO":"Trafunco - Los Bados","CLASIFICACION":"Camino Regional de Acceso","CALZADA":null,"tmda":null},"geometry":{"type":"LineString","coordinates":[[-73.58935,-40.47976],[-73.59296,-40.47899],[-73.5921,-40.47329],[-73.59294,-40.47078],[-73.59442,-40.47031],[-73.59392,-40.46688],[-73.59131,-40.46655],[-73.5921,-40.46504],[-73.58964,-40.46439],[-73.58961,-40.4627],[-73.58434,-40.45992],[-73.58288,-40.45679],[-73.5804,-40.45506],[-73.57576,-40.45663],[-73.57099,-40.45414]]}},{"id":"10925","type":"Feature","properties":{"ROL":"U-508","NOMBRE_CAMINO":"Cruce Ruta 5 - Las Quemas","CLASIFICACION":"Camino Regional Comunal","CALZADA":null,"tmda":null},"geometry":{"type":"LineString","coordinates":[[-73.11111,-40.6304],[-73.12751,-40.62257]]}},{"id":"10926","type":"Feature","properties":{"ROL":"U-729","NOMBRE_CAMINO":"San Alejandro - Esmeralda","CLASIFICACION":"Camino Regional Comunal","CALZADA":null,"tmda":null},"geometry":{"type":"LineString","coordinates":[[-73.0149,-40.76889],[-72.99906,-40.80522],[-72.98143,-40.82421],[-72.96232,-40.84848]]}},{"id":"10927","type":"Feature","properties":{"ROL":"U-246","NOMBRE_CAMINO":"Huali - El Mirador - Pucopío","CLASIFICACION":"Camino Regional Comunal","CALZADA":null,"tmda":null},"geometry":{"type":"LineString","coordinates":[[-73.35012,-40.42341],[-73.35357,-40.4209],[-73.36173,-40.42438],[-73.37171,-40.42246],[-73.37569,-40.42292],[-73.38452,-40.42675],[-73.39454,-40.42482],[-73.39776,-40.42068],[-73.40072,-40.42063],[-73.40312,-40.41875],[-73.41463,-40.41943],[-73.40504,-40.4166],[-73.40352,-40.41341],[-73.40636,-40.40721]]}},{"id":"10928","type":"Feature","properties":{"ROL":"U-906","NOMBRE_CAMINO":"Hueyusca - La Poza","CLASIFICACION":"Camino Regional Comunal","CALZADA":null,"tmda":null},"geometry":{"type":"LineString","coordinates":[[-73.52952,-40.92664],[-73.52554,-40.94343],[-73.52232,-40.94859],[-73.52249,-40.95177],[-73.51744,-40.95694],[-73.51115,-40.95728]]}},{"id":"10929","type":"Feature","properties":{"ROL":"U-450","NOMBRE_CAMINO":"Puninque - Popoén","CLASIFICACION":"Camino Regional Comunal","CALZADA":null,"tmda":null},"geometry":{"type":"LineString","coordinates":[[-73.47415,-40.66671],[-73.47453,-40.6702],[-73.4722,-40.67451],[-73.47256,-40.68009],[-73.4691,-40.68373],[-73.47094,-40.6885],[-73.46866,-40.69123],[-73.46837,-40.69454]]}},{"id":"10930","type":"Feature","properties":{"ROL":"U-332","NOMBRE_CAMINO":"Paimapu - Cumilelfu","CLASIFICACION":"Camino Regional Comunal","CALZADA":null,"tmda":null},"geometry":{"type":"LineString","coordinates":[[-73.4385,-40.45861],[-73.44825,-40.4556],[-73.4572,-40.44859],[-73.47024,-40.44418]]}},{"id":"10931","type":"Feature","properties":{"ROL":"U-730","NOMBRE_CAMINO":"Río Blanco - Los Corrales - Los Riscos - Hueyusca","CLASIFICACION":"Camino Regional Comunal","CALZADA":null,"tmda":null},"geometry":{"type":"LineString","coordinates":[[-73.36228,-40.86191],[-73.3771,-40.86252],[-73.39109,-40.86013],[-73.40838,-40.85902],[-73.41918,-40.8664],[-73.42351,-40.8725],[-73.43327,-40.87977],[-73.43587,-40.88417],[-73.44108,-40.88442],[-73.4411,-40.88804],[-73.44544,-40.89171],[-73.44986,-40.89245],[-73.45764,-40.88796],[-73.46303,-40.88751],[-73.46911,-40.88499],[-73.47668,-40.88784],[-73.4814,-40.89142],[-73.48347,-40.89597],[-73.48465,-40.9039],[-73.48332,-40.9127],[-73.48418,-40.91784],[-73.48814,-40.92883],[-73.48961,-40.92988]]}},{"id":"10932","type":"Feature","properties":{"ROL":"U-280","NOMBRE_CAMINO":"Puloyo - Centinela","CLASIFICACION":"Camino Regional Comunal","CALZADA":null,"tmda":null},"geometry":{"type":"LineString","coordinates":[[-73.30951,-40.53261],[-73.31893,-40.52519],[-73.32131,-40.52052],[-73.32061,-40.51744],[-73.32467,-40.51224],[-73.33199,-40.51044],[-73.34004,-40.51161],[-73.35724,-40.50892],[-73.35837,-40.50813],[-73.35747,-40.50565],[-73.36046,-40.505],[-73.36135,-40.50321],[-73.36567,-40.50315],[-73.36969,-40.5053],[-73.37942,-40.50475],[-73.38474,-40.50194],[-73.39417,-40.50188],[-73.39606,-40.49988]]}},{"id":"10933","type":"Feature","properties":{"ROL":"U-940","NOMBRE_CAMINO":"Colegual - Poza Blanca","CLASIFICACION":"Camino Regional Comunal","CALZADA":null,"tmda":null},"geometry":{"type":"LineString","coordinates":[[-73.36828,-40.93685],[-73.36348,-40.95373],[-73.36549,-40.96457],[-73.3681,-40.97083],[-73.36506,-40.98221],[-73.36853,-40.99281],[-73.36539,-40.99365],[-73.36757,-40.99603],[-73.36279,-40.99956],[-73.35869,-41.00109],[-73.30319,-40.99222],[-73.28816,-40.99321]]}},{"id":"10934","type":"Feature","properties":{"ROL":"U-193","NOMBRE_CAMINO":"La Poza - Moncopulli","CLASIFICACION":"Camino Regional de Acceso","CALZADA":null,"tmda":null},"geometry":{"type":"LineString","coordinates":[[-72.85489,-40.58507],[-72.84492,-40.58781],[-72.83274,-40.58534]]}},{"id":"10935","type":"Feature","properties":{"ROL":"U-459","NOMBRE_CAMINO":"El Coihue - El Cardal","CLASIFICACION":"Camino Regional Comunal","CALZADA":null,"tmda":168.0},"geometry":{"type":"LineString","coordinates":[[-72.69994,-40.66778],[-72.69784,-40.67181],[-72.68672,-40.68188],[-72.68089,-40.70158],[-72.68131,-40.71361],[-72.66853,-40.72869]]}},{"id":"10936","type":"Feature","properties":{"ROL":"U-360","NOMBRE_CAMINO":"Lafquelmapu Alto - Laupulli","CLASIFICACION":"Camino Regional Comunal","CALZADA":null,"tmda":null},"geometry":{"type":"LineString","coordinates":[[-73.42611,-40.49262],[-73.44049,-40.50311],[-73.4513,-40.51381],[-73.45223,-40.5176],[-73.45482,-40.52107],[-73.46458,-40.52807]]}},{"id":"10937","type":"Feature","properties":{"ROL":"U-446","NOMBRE_CAMINO":"Cuinco - Puninque","CLASIFICACION":"Camino Regional Comunal","CALZADA":null,"tmda":null},"geometry":{"type":"LineString","coordinates":[[-73.44101,-40.61899],[-73.44099,-40.62284],[-73.44446,-40.62629],[-73.44863,-40.62598],[-73.45045,-40.62808],[-73.45254,-40.6264],[-73.45477,-40.62703],[-73.46015,-40.63108],[-73.46129,-40.6379],[-73.45968,-40.64305],[-73.46137,-40.65153],[-73.46307,-40.65289],[-73.46363,-40.65904]]}},{"id":"10938","type":"Feature","properties":{"ROL":"U-523","NOMBRE_CAMINO":"Variante Pichil - Puente Esperanza","CLASIFICACION":"Camino Regional Comunal","CALZADA":null,"tmda":null},"geometry":{"type":"LineString","coordinates":[[-73.03932,-40.66476],[-73.03824,-40.67112],[-73.03871,-40.67932],[-73.03724,-40.68517],[-73.03016,-40.6908],[-73.01852,-40.70562]]}},{"id":"10939","type":"Feature","properties":{"ROL":"U-104","NOMBRE_CAMINO":"Bellavista - Quilmahue","CLASIFICACION":"Camino Regional Comunal","CALZADA":null,"tmda":null},"geometry":{"type":"LineString","coordinates":[[-73.23277,-40.35503],[-73.23543,-40.35894],[-73.23478,-40.36172],[-73.23883,-40.36655],[-73.24111,-40.3791],[-73.24723,-40.37742],[-73.25336,-40.38419]]}},{"id":"10940","type":"Feature","properties":{"ROL":"U-212","NOMBRE_CAMINO":"Chanco - Quitra Quitra","CLASIFICACION":"Camino Regional Comunal","CALZADA":null,"tmda":null},"geometry":{"type":"LineString","coordinates":[[-73.3342,-40.41883],[-73.33961,-40.41592],[-73.34753,-40.41598],[-73.34857,-40.41453],[-73.35336,-40.41374],[-73.35784,-40.41031],[-73.35915,-40.40414],[-73.36171,-40.40209],[-73.36107,-40.39933],[-73.35177,-40.39138],[-73.3508,-40.38835],[-73.35238,-40.38645],[-73.35151,-40.3829],[-73.35058,-40.38367],[-73.34858,-40.38213],[-73.3447,-40.37633],[-73.34028,-40.37489]]}},{"id":"10941","type":"Feature","properties":{"ROL":"U-930","NOMBRE_CAMINO":"Maipué - Los Capados","CLASIFICACION":"Camino Regional Comunal","CALZADA":null,"tmda":null},"geometry":{"type":"LineString","coordinates":[[-73.30304,-40.99221],[-73.30249,-40.98959],[-73.30755,-40.98959],[-73.31349,-40.9864]]}},{"id":"10942","type":"Feature","properties":{"ROL":"U-340","NOMBRE_CAMINO":"Tren Tren - Huitrapulli","CLASIFICACION":"Camino Regional Comunal","CALZADA":null,"tmda":null},"geometry":{"type":"LineString","coordinates":[[-73.43382,-40.46159],[-73.43393,-40.46528],[-73.43899,-40.46573],[-73.4444,-40.46817],[-73.45096,-40.46884],[-73.45552,-40.46713],[-73.45763,-40.46767],[-73.46028,-40.46532],[-73.4765,-40.46511],[-73.4785,-40.46404],[-73.48063,-40.46715],[-73.4934,-40.46778],[-73.49322,-40.46936]]}},{"id":"10943","type":"Feature","properties":{"ROL":"U-855","NOMBRE_CAMINO":"Las Nieves - Pampa Grande - Laguna Bonita","CLASIFICACION":"Camino Regional Comunal","CALZADA":null,"tmda":null},"geometry":{"type":"LineString","coordinates":[[-72.65133,-40.9098],[-72.61707,-40.92283],[-72.59277,-40.93669],[-72.5833,-40.94486],[-72.58031,-40.93753],[-72.58162,-40.93463],[-72.58079,-40.89759]]}},{"id":"10944","type":"Feature","properties":{"ROL":"U-114","NOMBRE_CAMINO":"La Montaña - San Pablo","CLASIFICACION":"Camino Regional Comunal","CALZADA":null,"tmda":null},"geometry":{"type":"LineString","coordinates":[[-73.06191,-40.38662],[-73.06471,-40.39209],[-73.05897,-40.39991],[-73.04463,-40.40862],[-73.03394,-40.41209],[-73.02649,-40.41788]]}},{"id":"10945","type":"Feature","properties":{"ROL":"U-525","NOMBRE_CAMINO":"Las Quemas Bajas","CLASIFICACION":"Camino Regional de Acceso","CALZADA":null,"tmda":null},"geometry":{"type":"LineString","coordinates":[[-73.08591,-40.67356],[-73.09293,-40.68782]]}},{"id":"10946","type":"Feature","properties":{"ROL":"U-491","NOMBRE_CAMINO":"Cardal - Campo Lindo","CLASIFICACION":"Camino Regional Comunal","CALZADA":null,"tmda":null},"geometry":{"type":"LineString","coordinates":[[-72.67668,-40.71917],[-72.68119,-40.72303],[-72.68305,-40.72928],[-72.69207,-40.73175],[-72.70205,-40.73686],[-72.69279,-40.74016],[-72.69245,-40.74414],[-72.69075,-40.74627],[-72.69147,-40.74793],[-72.70904,-40.74432],[-72.7133,-40.75439]]}},{"id":"10947","type":"Feature","properties":{"ROL":"U-955","NOMBRE_CAMINO":"La Mona - Chapuco","CLASIFICACION":"Camino Regional Comunal","CALZADA":null,"tmda":225.0},"geometry":{"type":"LineString","coordinates":[[-72.6913,-40.99479],[-72.67357,-40.98491],[-72.67237,-40.97163],[-72.63332,-40.97591],[-72.60498,-40.97208],[-72.59371,-40.97417],[-72.58436,-40.97205],[-72.57744,-40.97491],[-72.56952,-40.97602],[-72.56806,-40.97877],[-72.56506,-40.97099],[-72.56259,-40.97073],[-72.56223,-40.97226],[-72.55838,-40.97352],[-72.55772,-40.96987],[-72.54549,-40.96263],[-72.52564,-40.95704],[-72.51736,-40.95946],[-72.50663,-40.95997],[-72.49025,-40.95821],[-72.48444,-40.9617],[-72.47815,-40.9625],[-72.47125,-40.9603],[-72.46684,-40.95728],[-72.45655,-40.9577],[-72.45329,-40.9591],[-72.45125,-40.96241],[-72.44994,-40.97207]]}},{"id":"10948","type":"Feature","properties":{"ROL":"U-402","NOMBRE_CAMINO":"Liucura - Naguil","CLASIFICACION":"Camino Regional Comunal","CALZADA":null,"tmda":null},"geometry":{"type":"LineString","coordinates":[[-73.5184,-40.61389],[-73.52319,-40.61508],[-73.5278,-40.61852],[-73.53093,-40.62312],[-73.53275,-40.6239],[-73.53334,-40.6271],[-73.53976,-40.63414],[-73.53575,-40.63672],[-73.53172,-40.63596],[-73.52573,-40.63763]]}},{"id":"10949","type":"Feature","properties":{"ROL":"V-636","NOMBRE_CAMINO":"Cululil - Piedra Blanca","CLASIFICACION":"Camino Regional de Acceso","CALZADA":null,"tmda":null},"geometry":{"type":"LineString","coordinates":[[-73.63762,-41.53278],[-73.64002,-41.53724],[-73.64786,-41.54116],[-73.64676,-41.54802],[-73.64858,-41.55062],[-73.65256,-41.55294]]}},{"id":"10950","type":"Feature","properties":{"ROL":"V-362","NOMBRE_CAMINO":"Cañal - La Coihuería","CLASIFICACION":"Camino Regional Comunal","CALZADA":null,"tmda":null},"geometry":{"type":"LineString","coordinates":[[-73.30655,-41.21888],[-73.31001,-41.22114],[-73.31788,-41.22201],[-73.32918,-41.25075],[-73.32764,-41.25554]]}},{"id":"10951","type":"Feature","properties":{"ROL":"V-620","NOMBRE_CAMINO":"Caracol - Quilahuén","CLASIFICACION":"Camino Regional de Acceso","CALZADA":null,"tmda":null},"geometry":{"type":"LineString","coordinates":[[-73.47938,-41.42791],[-73.50342,-41.4205],[-73.50866,-41.41711],[-73.5125,-41.41754],[-73.521,-41.41522],[-73.52658,-41.4152]]}},{"id":"10952","type":"Feature","properties":{"ROL":"V-348","NOMBRE_CAMINO":"El Encanto - Yerbas Buenas Bajo","CLASIFICACION":"Camino Regional Comunal","CALZADA":null,"tmda":null},"geometry":{"type":"LineString","coordinates":[[-73.69295,-41.24817],[-73.70424,-41.24632],[-73.70739,-41.24852],[-73.71156,-41.24891],[-73.71378,-41.25194],[-73.71564,-41.25169],[-73.71489,-41.25342],[-73.72325,-41.25154],[-73.72489,-41.25365]]}},{"id":"10953","type":"Feature","properties":{"ROL":"V-723","NOMBRE_CAMINO":"Llanada Grande - Río Cataratas","CLASIFICACION":"Camino Regional de Acceso","CALZADA":null,"tmda":null},"geometry":{"type":"LineString","coordinates":[[-71.86638,-41.97815],[-71.86589,-41.98282],[-71.86972,-41.98265],[-71.87036,-41.98434],[-71.86871,-41.99085]]}},{"id":"10954","type":"Feature","properties":{"ROL":"V-444","NOMBRE_CAMINO":"El Zarao - Cordillera Vieja - Cordillera Verde","CLASIFICACION":"Camino Regional Comunal","CALZADA":null,"tmda":null},"geometry":{"type":"LineString","coordinates":[[-73.64833,-41.3456],[-73.648,-41.35414],[-73.64931,-41.35692]]}},{"id":"10955","type":"Feature","properties":{"ROL":"V-680","NOMBRE_CAMINO":"Cumbre El Barro - El Roble","CLASIFICACION":"Camino Regional Comunal","CALZADA":null,"tmda":null},"geometry":{"type":"LineString","coordinates":[[-73.56835,-41.53614],[-73.58501,-41.53472]]}},{"id":"10956","type":"Feature","properties":{"ROL":"V-115-U","NOMBRE_CAMINO":"Cruce Ruta 5 - Colonia Copío","CLASIFICACION":"Camino Regional Comunal","CALZADA":null,"tmda":null},"geometry":{"type":"LineString","coordinates":[[-73.12197,-40.98937],[-73.11098,-40.98422],[-73.09416,-40.98469],[-73.09026,-40.98242]]}},{"id":"10957","type":"Feature","properties":{"ROL":"V-592","NOMBRE_CAMINO":"San Rafael - Las Vegas","CLASIFICACION":"Camino Regional de Acceso","CALZADA":null,"tmda":null},"geometry":{"type":"LineString","coordinates":[[-73.05691,-41.3253],[-73.0531,-41.34988],[-73.05374,-41.35462],[-73.06166,-41.35939],[-73.07186,-41.36332],[-73.07972,-41.36955],[-73.09747,-41.37234],[-73.09851,-41.38044]]}},{"id":"10958","type":"Feature","properties":{"ROL":"V-450","NOMBRE_CAMINO":"Crucero - Línea Errázuriz","CLASIFICACION":"Camino Regional Comunal","CALZADA":null,"tmda":null},"geometry":{"type":"LineString","coordinates":[[-73.21583,-41.39486],[-73.22732,-41.39195],[-73.23487,-41.38786],[-73.24189,-41.38348],[-73.24802,-41.3762],[-73.26051,-41.37556],[-73.27321,-41.37984],[-73.29713,-41.36934],[-73.30597,-41.36859],[-73.31435,-41.36551],[-73.3165,-41.31548],[-73.32012,-41.30899],[-73.32056,-41.2937],[-73.32469,-41.28693],[-73.32312,-41.28312],[-73.3232,-41.27143]]}},{"id":"10959","type":"Feature","properties":{"ROL":"V-645","NOMBRE_CAMINO":"El Manso - Paso El León","CLASIFICACION":"Camino Regional de Acceso","CALZADA":null,"tmda":null},"geometry":{"type":"LineString","coordinates":[[-72.02063,-41.72622],[-72.0187,-41.72643],[-72.00625,-41.70963]]}},{"id":"10960","type":"Feature","properties":{"ROL":"V-454","NOMBRE_CAMINO":"Huracán - Los Piques","CLASIFICACION":"Camino Regional Comunal","CALZADA":null,"tmda":null},"geometry":{"type":"LineString","coordinates":[[-73.59729,-41.37275],[-73.60195,-41.36989],[-73.60129,-41.36587],[-73.60296,-41.36012]]}},{"id":"10961","type":"Feature","properties":{"ROL":"V-632","NOMBRE_CAMINO":"Cululil - Central","CLASIFICACION":"Camino Regional Comunal","CALZADA":null,"tmda":null},"geometry":{"type":"LineString","coordinates":[[-73.63325,-41.53891],[-73.62569,-41.53771],[-73.62416,-41.53619],[-73.61134,-41.53623],[-73.60812,-41.53497],[-73.60254,-41.53613]]}},{"id":"10962","type":"Feature","properties":{"ROL":"V-124","NOMBRE_CAMINO":"Pedernal - Cementerio","CLASIFICACION":"Camino Regional de Acceso","CALZADA":null,"tmda":null},"geometry":{"type":"LineString","coordinates":[[-73.30157,-41.0227],[-73.29419,-41.0228],[-73.29018,-41.02448],[-73.28649,-41.0284],[-73.2813,-41.02803]]}},{"id":"10963","type":"Feature","properties":{"ROL":"V-366","NOMBRE_CAMINO":"Amancayes - El Torreón","CLASIFICACION":"Camino Regional Comunal","CALZADA":null,"tmda":null},"geometry":{"type":"LineString","coordinates":[[-73.37207,-41.26056],[-73.37518,-41.275],[-73.38164,-41.27392],[-73.37715,-41.28489]]}},{"id":"10964","type":"Feature","properties":{"ROL":"V-612","NOMBRE_CAMINO":"El Mañío - Cumbre Alta","CLASIFICACION":"Camino Regional Comunal","CALZADA":null,"tmda":null},"geometry":{"type":"LineString","coordinates":[[-73.59626,-41.44343],[-73.59192,-41.45021],[-73.59681,-41.46338],[-73.59857,-41.47809],[-73.59607,-41.49942]]}},{"id":"10965","type":"Feature","properties":{"ROL":"U-973","NOMBRE_CAMINO":"Puerto Klocker - Refugio La Picada","CLASIFICACION":"Camino Regional Comunal","CALZADA":null,"tmda":null},"geometry":{"type":"LineString","coordinates":[[-72.6541,-41.02403],[-72.64908,-41.02496],[-72.63763,-41.02389],[-72.62124,-41.02947],[-72.6174,-41.02306],[-72.60423,-41.0143],[-72.59287,-41.01206],[-72.58323,-41.01214],[-72.57929,-41.01111],[-72.5758,-41.00803],[-72.57261,-41.00802],[-72.55702,-41.01218],[-72.54938,-41.01815],[-72.53702,-41.02332],[-72.5233,-41.03144],[-72.51556,-41.04098],[-72.50558,-41.04847],[-72.50366,-41.0527],[-72.5003,-41.05318],[-72.49041,-41.05973]]}},{"id":"10966","type":"Feature","properties":{"ROL":"V-330","NOMBRE_CAMINO":"Río Llico - Parga","CLASIFICACION":"Camino Regional Comunal","CALZADA":null,"tmda":null},"geometry":{"type":"LineString","coordinates":[[-73.48844,-41.21345],[-73.48665,-41.21862]]}},{"id":"10967","type":"Feature","properties":{"ROL":"V-564","NOMBRE_CAMINO":"La Paloma - Línea Errázuriz","CLASIFICACION":"Camino Regional Comunal","CALZADA":null,"tmda":null},"geometry":{"type":"LineString","coordinates":[[-73.4002,-41.35006],[-73.39441,-41.35105],[-73.39386,-41.35232],[-73.38627,-41.35578],[-73.37235,-41.35585],[-73.3645,-41.36098],[-73.35616,-41.36113],[-73.35083,-41.35828],[-73.33841,-41.35797],[-73.33656,-41.35802],[-73.33628,-41.36101],[-73.31476,-41.35992]]}},{"id":"10968","type":"Feature","properties":{"ROL":"V-150","NOMBRE_CAMINO":"Cancha Rayada - La Junta","CLASIFICACION":"Camino Regional Comunal","CALZADA":null,"tmda":null},"geometry":{"type":"LineString","coordinates":[[-73.19544,-41.05678],[-73.20406,-41.05388],[-73.22521,-41.03923]]}},{"id":"10969","type":"Feature","properties":{"ROL":"V-470","NOMBRE_CAMINO":"La Paloma - El Mañío","CLASIFICACION":"Camino Regional Comunal","CALZADA":null,"tmda":null},"geometry":{"type":"LineString","coordinates":[[-73.60511,-41.44344],[-73.61353,-41.44165],[-73.62745,-41.43196],[-73.6267,-41.42998],[-73.6295,-41.42686],[-73.63649,-41.42322],[-73.63968,-41.42302],[-73.64398,-41.42548],[-73.64324,-41.4291],[-73.64418,-41.43124],[-73.65152,-41.43281],[-73.65407,-41.43464],[-73.65292,-41.44162],[-73.65123,-41.44326]]}},{"id":"10970","type":"Feature","properties":{"ROL":"V-642","NOMBRE_CAMINO":"Coyam - El Roble - Cumbre Alta","CLASIFICACION":"Camino Regional Comunal","CALZADA":null,"tmda":null},"geometry":{"type":"LineString","coordinates":[[-73.57264,-41.56836],[-73.58123,-41.56412],[-73.58521,-41.55818],[-73.58271,-41.55192],[-73.58263,-41.5479],[-73.58108,-41.54609],[-73.58769,-41.54192],[-73.58521,-41.53524]]}},{"id":"10971","type":"Feature","properties":{"ROL":"V-701","NOMBRE_CAMINO":"Lenca - Piello","CLASIFICACION":"Camino Regional de Acceso","CALZADA":null,"tmda":null},"geometry":{"type":"LineString","coordinates":[[-72.66725,-41.6059],[-72.66743,-41.5999],[-72.66282,-41.59654],[-72.66193,-41.59394],[-72.6576,-41.59048],[-72.65577,-41.58723],[-72.65245,-41.58577],[-72.64828,-41.58676]]}},{"id":"10972","type":"Feature","properties":{"ROL":"V-370","NOMBRE_CAMINO":"Línea sin Nombre - El Torreón","CLASIFICACION":"Camino Regional Comunal","CALZADA":null,"tmda":null},"geometry":{"type":"LineString","coordinates":[[-73.21426,-41.25433],[-73.26474,-41.25601],[-73.2815,-41.25482],[-73.35092,-41.2564],[-73.39237,-41.26335]]}},{"id":"10973","type":"Feature","properties":{"ROL":"V-360","NOMBRE_CAMINO":"Santa María - El Torreón","CLASIFICACION":"Camino Regional Comunal","CALZADA":null,"tmda":186.0},"geometry":{"type":"LineString","coordinates":[[-73.38034,-41.18191],[-73.38513,-41.19378],[-73.39278,-41.22599],[-73.39947,-41.2351],[-73.39983,-41.23866],[-73.40269,-41.2429],[-73.39558,-41.25575],[-73.38873,-41.27265],[-73.392,-41.28136],[-73.3415,-41.29172],[-73.33468,-41.2922],[-73.32964,-41.28964],[-73.32346,-41.28891]]}},{"id":"10974","type":"Feature","properties":{"ROL":"V-342","NOMBRE_CAMINO":"Yerbas Buenas Alto - El Encanto - Traiguén","CLASIFICACION":"Camino Regional Comunal","CALZADA":null,"tmda":null},"geometry":{"type":"LineString","coordinates":[[-73.67187,-41.26711],[-73.67634,-41.26342],[-73.67962,-41.26389],[-73.68481,-41.26233],[-73.68775,-41.25885],[-73.69317,-41.24953],[-73.69224,-41.24005],[-73.69336,-41.23746]]}},{"id":"10975","type":"Feature","properties":{"ROL":"V-526","NOMBRE_CAMINO":"El Melí - La Vega - Rincón Ánima","CLASIFICACION":"Camino Regional Comunal","CALZADA":null,"tmda":null},"geometry":{"type":"LineString","coordinates":[[-73.59753,-41.29323],[-73.59659,-41.30188],[-73.60894,-41.30248],[-73.61395,-41.30732],[-73.62053,-41.30839],[-73.62434,-41.31092],[-73.6297,-41.30724],[-73.64079,-41.31415]]}},{"id":"10976","type":"Feature","properties":{"ROL":"V-655","NOMBRE_CAMINO":"Chamiza - Automó - Correntoso","CLASIFICACION":"Camino Regional Comunal","CALZADA":null,"tmda":null},"geometry":{"type":"LineString","coordinates":[[-72.72609,-41.44606],[-72.72003,-41.45384],[-72.71437,-41.45646],[-72.7087,-41.46281],[-72.70468,-41.46447],[-72.69311,-41.46464],[-72.6909,-41.4671],[-72.68378,-41.47075],[-72.67597,-41.47272],[-72.66398,-41.47874]]}},{"id":"10977","type":"Feature","properties":{"ROL":"V-246","NOMBRE_CAMINO":"Centinela - La Guacha","CLASIFICACION":"Camino Regional de Acceso","CALZADA":null,"tmda":null},"geometry":{"type":"LineString","coordinates":[[-73.22996,-41.10174],[-73.25485,-41.11349],[-73.25547,-41.11762],[-73.25955,-41.12219],[-73.26427,-41.1244],[-73.26735,-41.12745],[-73.26813,-41.13014],[-73.27545,-41.13851],[-73.27975,-41.13753]]}},{"id":"10978","type":"Feature","properties":{"ROL":"V-448","NOMBRE_CAMINO":"Huracán - La Colonia","CLASIFICACION":"Camino Regional Comunal","CALZADA":null,"tmda":null},"geometry":{"type":"LineString","coordinates":[[-73.58288,-41.34861],[-73.58182,-41.35877],[-73.59127,-41.36601],[-73.60086,-41.37731],[-73.60803,-41.38082]]}},{"id":"10979","type":"Feature","properties":{"ROL":"V-633","NOMBRE_CAMINO":"Correntoso - El Chingue","CLASIFICACION":"Camino Regional de Acceso","CALZADA":null,"tmda":null},"geometry":{"type":"LineString","coordinates":[[-72.64786,-41.42278],[-72.65044,-41.42195],[-72.64934,-41.40698]]}},{"id":"10980","type":"Feature","properties":{"ROL":"V-714","NOMBRE_CAMINO":"Paraguay Chico - Río Oscuro","CLASIFICACION":"Camino Regional de Acceso","CALZADA":null,"tmda":null},"geometry":{"type":"LineString","coordinates":[[-73.28083,-41.41236],[-73.27631,-41.41261]]}},{"id":"10981","type":"Feature","properties":{"ROL":"V-622","NOMBRE_CAMINO":"Cumbre Alta - Boqui Negro","CLASIFICACION":"Camino Regional Comunal","CALZADA":null,"tmda":null},"geometry":{"type":"LineString","coordinates":[[-73.633,-41.49015],[-73.64178,-41.49634],[-73.63805,-41.51443]]}},{"id":"10982","type":"Feature","properties":{"ROL":"V-512","NOMBRE_CAMINO":"Tambor Bajo - Bellavista","CLASIFICACION":"Camino Regional Comunal","CALZADA":null,"tmda":null},"geometry":{"type":"LineString","coordinates":[[-73.6814,-41.4023],[-73.67897,-41.40324],[-73.67918,-41.40641],[-73.67557,-41.40859],[-73.67372,-41.41139],[-73.67436,-41.41413],[-73.67944,-41.42087],[-73.6815,-41.42705],[-73.67935,-41.42948],[-73.67109,-41.43215]]}},{"id":"10983","type":"Feature","properties":{"ROL":"V-502","NOMBRE_CAMINO":"Santa María - San Nicolás","CLASIFICACION":"Camino Regional de Acceso","CALZADA":null,"tmda":null},"geometry":{"type":"LineString","coordinates":[[-73.41872,-41.15088],[-73.42014,-41.14031],[-73.4222,-41.13812],[-73.43861,-41.13404],[-73.44198,-41.12926],[-73.45084,-41.12398],[-73.45666,-41.1243]]}},{"id":"10984","type":"Feature","properties":{"ROL":"V-216","NOMBRE_CAMINO":"San Antonio - Monte Verde - Mirador","CLASIFICACION":"Camino Regional Comunal","CALZADA":null,"tmda":null},"geometry":{"type":"LineString","coordinates":[[-73.49116,-41.13633],[-73.48935,-41.13071],[-73.49044,-41.12243],[-73.48703,-41.11332],[-73.48846,-41.10248],[-73.487,-41.09519],[-73.49274,-41.08642],[-73.50351,-41.08217]]}},{"id":"10985","type":"Feature","properties":{"ROL":"V-304","NOMBRE_CAMINO":"Parga - Pichiparga","CLASIFICACION":"Camino Regional Comunal","CALZADA":null,"tmda":null},"geometry":{"type":"LineString","coordinates":[[-73.49657,-41.21989],[-73.48652,-41.21856]]}},{"id":"10986","type":"Feature","properties":{"ROL":"V-668","NOMBRE_CAMINO":"Quenuir - Puerto Godoy","CLASIFICACION":"Camino Regional Comunal","CALZADA":null,"tmda":null},"geometry":{"type":"LineString","coordinates":[[-73.6795,-41.56069],[-73.68522,-41.56236],[-73.69617,-41.56198],[-73.69967,-41.56721],[-73.71287,-41.56834],[-73.71675,-41.57077]]}},{"id":"10987","type":"Feature","properties":{"ROL":"V-132","NOMBRE_CAMINO":"Cruce Ruta 5 - Colonia La Huacha","CLASIFICACION":"Camino Regional Comunal","CALZADA":null,"tmda":null},"geometry":{"type":"LineString","coordinates":[[-73.10882,-41.03512],[-73.11867,-41.03646],[-73.1259,-41.03425]]}},{"id":"10988","type":"Feature","properties":{"ROL":"V-482","NOMBRE_CAMINO":"Santa Bárbara - Estero El Molino","CLASIFICACION":"Camino Regional de Acceso","CALZADA":null,"tmda":null},"geometry":{"type":"LineString","coordinates":[[-73.31703,-41.3142],[-73.30664,-41.31256]]}},{"id":"10989","type":"Feature","properties":{"ROL":"V-697","NOMBRE_CAMINO":"Río Blanco - Costero Yates","CLASIFICACION":"Camino Regional Comunal","CALZADA":null,"tmda":null},"geometry":{"type":"LineString","coordinates":[[-72.35468,-41.7019],[-72.35257,-41.68673],[-72.35296,-41.68221],[-72.35616,-41.67701],[-72.37254,-41.67868],[-72.37568,-41.68111],[-72.38099,-41.68159],[-72.38518,-41.68372],[-72.39018,-41.68805],[-72.39257,-41.69734],[-72.38899,-41.69877],[-72.38797,-41.70054]]}},{"id":"10990","type":"Feature","properties":{"ROL":"V-374","NOMBRE_CAMINO":"Colegual - Coihue Interior","CLASIFICACION":"Camino Regional de Acceso","CALZADA":null,"tmda":null},"geometry":{"type":"LineString","coordinates":[[-73.1717,-41.22108],[-73.18489,-41.22425],[-73.18684,-41.21968],[-73.19173,-41.21974]]}},{"id":"10991","type":"Feature","properties":{"ROL":"V-682","NOMBRE_CAMINO":"Habal - Chinchel - Las Conchillas","CLASIFICACION":"Camino Regional Comunal","CALZADA":null,"tmda":null},"geometry":{"type":"LineString","coordinates":[[-73.59992,-41.58797],[-73.60452,-41.58413],[-73.6103,-41.57106],[-73.61426,-41.56559],[-73.62986,-41.56457],[-73.63238,-41.5677],[-73.65131,-41.57403],[-73.65183,-41.57692]]}},{"id":"10992","type":"Feature","properties":{"ROL":"V-314","NOMBRE_CAMINO":"El Repil - Esperanza","CLASIFICACION":"Camino Regional Comunal","CALZADA":null,"tmda":null},"geometry":{"type":"LineString","coordinates":[[-73.65576,-41.06156],[-73.65713,-41.06429],[-73.66024,-41.06494],[-73.6603,-41.07284],[-73.66388,-41.08061],[-73.66302,-41.09419],[-73.66644,-41.10003],[-73.67073,-41.09972],[-73.66665,-41.10579],[-73.66753,-41.10771]]}},{"id":"10993","type":"Feature","properties":{"ROL":"V-639","NOMBRE_CAMINO":"Colonia Tres Puentes - Aserradero","CLASIFICACION":"Camino Regional de Acceso","CALZADA":null,"tmda":null},"geometry":{"type":"LineString","coordinates":[[-72.82315,-41.31729],[-72.82777,-41.32942]]}},{"id":"10994","type":"Feature","properties":{"ROL":"V-110","NOMBRE_CAMINO":"Casma - Trailén","CLASIFICACION":"Camino Regional Comunal","CALZADA":null,"tmda":null},"geometry":{"type":"LineString","coordinates":[[-73.12367,-41.01132],[-73.12688,-41.00853],[-73.13025,-41.00981],[-73.17241,-40.99601],[-73.17708,-40.99615]]}},{"id":"10995","type":"Feature","properties":{"ROL":"V-444","NOMBRE_CAMINO":"El Zarao - Cordillera Vieja - Cordillera Verde","CLASIFICACION":"Camino Regional Comunal","CALZADA":null,"tmda":null},"geometry":{"type":"LineString","coordinates":[[-73.64931,-41.35692],[-73.65167,-41.36244],[-73.65005,-41.3669],[-73.65101,-41.37024],[-73.65962,-41.37517],[-73.67195,-41.37492],[-73.67862,-41.37802],[-73.6887,-41.37602],[-73.69514,-41.37687],[-73.70021,-41.37454],[-73.70818,-41.37669],[-73.71165,-41.37553],[-73.72224,-41.37611],[-73.73193,-41.3738]]}},{"id":"10996","type":"Feature","properties":{"ROL":"V-619","NOMBRE_CAMINO":"Los Riscos - Volcán Calbuco","CLASIFICACION":"Camino Regional de Acceso","CALZADA":null,"tmda":null},"geometry":{"type":"LineString","coordinates":[[-72.68809,-41.26847],[-72.68442,-41.26709],[-72.67389,-41.269],[-72.66824,-41.26714]]}},{"id":"10997","type":"Feature","properties":{"ROL":"V-680","NOMBRE_CAMINO":"Cumbre El Barro - El Roble","CLASIFICACION":"Camino Regional Comunal","CALZADA":null,"tmda":null},"geometry":{"type":"LineString","coordinates":[[-73.53155,-41.55136],[-73.53558,-41.54699],[-73.55098,-41.54184],[-73.55219,-41.53756],[-73.56208,-41.53766],[-73.56417,-41.5352],[-73.56566,-41.53637],[-73.56835,-41.53614]]}},{"id":"10998","type":"Feature","properties":{"ROL":"V-284","NOMBRE_CAMINO":"Colegual - Esperanza","CLASIFICACION":"Camino Regional de Acceso","CALZADA":null,"tmda":null},"geometry":{"type":"LineString","coordinates":[[-73.13554,-41.22199],[-73.14384,-41.20183],[-73.14909,-41.20287],[-73.15129,-41.19731],[-73.16261,-41.18633],[-73.16516,-41.18459],[-73.19048,-41.18021]]}},{"id":"10999","type":"Feature","properties":{"ROL":"V-424","NOMBRE_CAMINO":"Cordillera Verde - Tambor Alto","CLASIFICACION":"Camino Regional Comunal","CALZADA":null,"tmda":null},"geometry":{"type":"LineString","coordinates":[[-73.69798,-41.37542],[-73.69704,-41.37711],[-73.69862,-41.37826],[-73.69571,-41.38364],[-73.69651,-41.38658],[-73.70007,-41.39019],[-73.69977,-41.39306],[-73.70374,-41.39955],[-73.70571,-41.4005],[-73.70563,-41.40198]]}},{"id":"11000","type":"Feature","properties":{"ROL":"V-346","NOMBRE_CAMINO":"El Pato - Los Guindos - Rinconada","CLASIFICACION":"Camino Regional Comunal","CALZADA":null,"tmda":null},"geometry":{"type":"LineString","coordinates":[[-73.56479,-41.20069],[-73.56573,-41.20033],[-73.56625,-41.19408],[-73.57107,-41.18767],[-73.5703,-41.18542],[-73.57625,-41.18442],[-73.57905,-41.18215],[-73.58717,-41.18148],[-73.59083,-41.17969],[-73.59221,-41.1776],[-73.59367,-41.17811],[-73.60285,-41.17298],[-73.60822,-41.17447],[-73.61147,-41.17923],[-73.61578,-41.18054],[-73.62112,-41.1843]]}},{"id":"11001","type":"Feature","properties":{"ROL":"V-608","NOMBRE_CAMINO":"Palihué - Quebrada Honda - Puerto Escala","CLASIFICACION":"Camino Regional Comunal","CALZADA":null,"tmda":null},"geometry":{"type":"LineString","coordinates":[[-73.69011,-41.45864],[-73.68261,-41.45264]]}},{"id":"11002","type":"Feature","properties":{"ROL":"U-962-V","NOMBRE_CAMINO":"Dollinco - Cancha Rayada","CLASIFICACION":"Camino Regional Comunal","CALZADA":null,"tmda":null},"geometry":{"type":"LineString","coordinates":[[-73.17751,-40.96233],[-73.17931,-40.96799],[-73.1793,-40.97771],[-73.17734,-40.98297],[-73.17462,-40.98592],[-73.174,-40.99155],[-73.18038,-41.00211],[-73.18733,-41.01009],[-73.19258,-41.01274],[-73.19909,-41.01887],[-73.19721,-41.03292],[-73.19279,-41.03856],[-73.18997,-41.05135]]}},{"id":"11003","type":"Feature","properties":{"ROL":"V-190","NOMBRE_CAMINO":"Cruce Ruta 5 - Colonia La Radio","CLASIFICACION":"Camino Regional de Acceso","CALZADA":null,"tmda":null},"geometry":{"type":"LineString","coordinates":[[-73.07018,-41.10452],[-73.11024,-41.09769]]}},{"id":"11004","type":"Feature","properties":{"ROL":"V-380","NOMBRE_CAMINO":"Colegual - Esperanza Alto","CLASIFICACION":"Camino Regional de Acceso","CALZADA":null,"tmda":null},"geometry":{"type":"LineString","coordinates":[[-73.13443,-41.22189],[-73.13495,-41.22348],[-73.12856,-41.23891],[-73.15222,-41.24468]]}},{"id":"11005","type":"Feature","properties":{"ROL":"V-625","NOMBRE_CAMINO":"La Vara - Senda Central","CLASIFICACION":"Camino Regional Comunal","CALZADA":null,"tmda":8423.0},"geometry":{"type":"LineString","coordinates":[[-72.89974,-41.42533],[-72.89313,-41.4176],[-72.87558,-41.41222]]}},{"id":"11006","type":"Feature","properties":{"ROL":"V-566","NOMBRE_CAMINO":"Los Muermos - La Paloma","CLASIFICACION":"Camino Regional Comunal","CALZADA":null,"tmda":215.0},"geometry":{"type":"LineString","coordinates":[[-73.42151,-41.39061],[-73.42076,-41.3859],[-73.41641,-41.37689],[-73.41152,-41.37452],[-73.40644,-41.36233],[-73.40675,-41.35627],[-73.40562,-41.35367],[-73.39887,-41.34872],[-73.40057,-41.33704],[-73.40291,-41.33658],[-73.40254,-41.33401],[-73.4002,-41.33167],[-73.38118,-41.32511],[-73.36725,-41.3278]]}},{"id":"11007","type":"Feature","properties":{"ROL":"V-157","NOMBRE_CAMINO":"Línea Pantanosa - Los Bajos","CLASIFICACION":"Camino Regional Comunal","CALZADA":null,"tmda":null},"geometry":{"type":"LineString","coordinates":[[-72.9629,-41.04114],[-72.9476,-41.04607],[-72.94434,-41.05326],[-72.93716,-41.0562],[-72.92914,-41.06901]]}},{"id":"11008","type":"Feature","properties":{"ROL":"V-474","NOMBRE_CAMINO":"Téllez - La Paloma","CLASIFICACION":"Camino Regional de Acceso","CALZADA":null,"tmda":null},"geometry":{"type":"LineString","coordinates":[[-73.46565,-41.35852],[-73.43545,-41.36004],[-73.43536,-41.36182]]}},{"id":"11009","type":"Feature","properties":{"ROL":"V-638","NOMBRE_CAMINO":"Cuesta La Vaca - Caracol Bajo","CLASIFICACION":"Camino Regional Comunal","CALZADA":null,"tmda":null},"geometry":{"type":"LineString","coordinates":[[-73.50043,-41.49346],[-73.52218,-41.48695],[-73.52657,-41.48373],[-73.52789,-41.47928],[-73.53048,-41.47925],[-73.53569,-41.47631],[-73.5482,-41.47652],[-73.55004,-41.4712],[-73.54851,-41.47038],[-73.55125,-41.46302]]}},{"id":"11010","type":"Feature","properties":{"ROL":"V-432","NOMBRE_CAMINO":"Yerbas Buenas Alto - Loaiza","CLASIFICACION":"Camino Regional Comunal","CALZADA":null,"tmda":null},"geometry":{"type":"LineString","coordinates":[[-73.71417,-41.27284],[-73.72349,-41.27514],[-73.72397,-41.27615],[-73.72623,-41.27448],[-73.73229,-41.27468],[-73.7305,-41.26634],[-73.73352,-41.2586],[-73.73159,-41.25444],[-73.73233,-41.25135]]}},{"id":"11011","type":"Feature","properties":{"ROL":"V-618","NOMBRE_CAMINO":"Caracol Bajo - El Mañío","CLASIFICACION":"Camino Regional Comunal","CALZADA":null,"tmda":null},"geometry":{"type":"LineString","coordinates":[[-73.5512,-41.46295],[-73.55493,-41.45899],[-73.56897,-41.45659],[-73.56941,-41.4547],[-73.57656,-41.45035],[-73.58326,-41.45082],[-73.58721,-41.45295],[-73.59249,-41.45187]]}},{"id":"11012","type":"Feature","properties":{"ROL":"V-687","NOMBRE_CAMINO":"Lenca - Lagunas Caiquenes (Parque Alerce Andino)","CLASIFICACION":"Camino Regional Comunal","CALZADA":null,"tmda":null},"geometry":{"type":"LineString","coordinates":[[-72.67162,-41.60879],[-72.66703,-41.6058],[-72.66159,-41.60483],[-72.65225,-41.60585],[-72.64537,-41.60344],[-72.63059,-41.60466],[-72.61869,-41.60294],[-72.60703,-41.59815],[-72.59947,-41.59664],[-72.59417,-41.59372]]}},{"id":"11013","type":"Feature","properties":{"ROL":"V-528","NOMBRE_CAMINO":"San Carlos - Río Esperanza","CLASIFICACION":"Camino Regional de Acceso","CALZADA":null,"tmda":null},"geometry":{"type":"LineString","coordinates":[[-73.5407,-41.31342],[-73.54279,-41.32843],[-73.54211,-41.33336],[-73.54595,-41.33997],[-73.55144,-41.34039],[-73.55144,-41.34269],[-73.55279,-41.34325]]}},{"id":"11014","type":"Feature","properties":{"ROL":"V-128","NOMBRE_CAMINO":"Pedernal - Concordia - Las Juntas","CLASIFICACION":"Camino Regional Comunal","CALZADA":null,"tmda":null},"geometry":{"type":"LineString","coordinates":[[-73.32648,-41.06546],[-73.31936,-41.03826],[-73.31732,-41.03452],[-73.29624,-41.01815],[-73.29063,-41.01033],[-73.28264,-41.01152],[-73.27698,-41.0093],[-73.22244,-41.00476]]}},{"id":"11015","type":"Feature","properties":{"ROL":"V-464","NOMBRE_CAMINO":"La Paloma - Cañitas","CLASIFICACION":"Camino Regional Comunal","CALZADA":null,"tmda":null},"geometry":{"type":"LineString","coordinates":[[-73.40613,-41.35472],[-73.41464,-41.34967],[-73.41879,-41.3457],[-73.42214,-41.33685],[-73.42242,-41.33198],[-73.42695,-41.3309],[-73.42537,-41.32645],[-73.42616,-41.31837],[-73.42315,-41.31214],[-73.42999,-41.30827],[-73.43893,-41.30673],[-73.45168,-41.3018]]}},{"id":"11016","type":"Feature","properties":{"ROL":"V-712","NOMBRE_CAMINO":"Colonia El Gato - Ostiones","CLASIFICACION":"Camino Regional de Acceso","CALZADA":null,"tmda":null},"geometry":{"type":"LineString","coordinates":[[-73.29218,-41.44625],[-73.312,-41.45028],[-73.31846,-41.45562],[-73.32025,-41.45466],[-73.31951,-41.45724],[-73.32242,-41.46075]]}},{"id":"11017","type":"Feature","properties":{"ROL":"V-364","NOMBRE_CAMINO":"Las Nalcas - El Torreón","CLASIFICACION":"Camino Regional Comunal","CALZADA":null,"tmda":null},"geometry":{"type":"LineString","coordinates":[[-73.43001,-41.27301],[-73.39181,-41.28148]]}},{"id":"11018","type":"Feature","properties":{"ROL":"V-444","NOMBRE_CAMINO":"El Zarao - Cordillera Vieja - Cordillera Verde","CLASIFICACION":"Camino Regional Comunal","CALZADA":null,"tmda":null},"geometry":{"type":"LineString","coordinates":[[-73.73193,-41.3738],[-73.74875,-41.37445],[-73.75167,-41.37343],[-73.75761,-41.37803],[-73.75671,-41.38286],[-73.75188,-41.38736],[-73.74734,-41.39013],[-73.74447,-41.39037],[-73.7412,-41.39385]]}},{"id":"11019","type":"Feature","properties":{"ROL":"V-623","NOMBRE_CAMINO":"Ensenada - Cruce Navarro","CLASIFICACION":"Camino Regional de Acceso","CALZADA":null,"tmda":null},"geometry":{"type":"LineString","coordinates":[[-72.57315,-41.22758],[-72.56684,-41.24289],[-72.56449,-41.25392],[-72.56793,-41.26167]]}},{"id":"11020","type":"Feature","properties":{"ROL":"V-676","NOMBRE_CAMINO":"Quillahua - Chaiguaco","CLASIFICACION":"Camino Regional de Acceso","CALZADA":null,"tmda":null},"geometry":{"type":"LineString","coordinates":[[-73.74151,-41.50842],[-73.74487,-41.50756],[-73.75353,-41.51266]]}},{"id":"11021","type":"Feature","properties":{"ROL":"U-992","NOMBRE_CAMINO":"Poza Blanca - Escuela Maipué","CLASIFICACION":"Camino Regional Comunal","CALZADA":null,"tmda":null},"geometry":{"type":"LineString","coordinates":[[-73.29041,-40.98345],[-73.30021,-40.98636],[-73.30244,-40.98964]]}},{"id":"11022","type":"Feature","properties":{"ROL":"V-344","NOMBRE_CAMINO":"Yerbas Buenas - Rincón Ánimas I","CLASIFICACION":"Camino Regional Comunal","CALZADA":null,"tmda":null},"geometry":{"type":"LineString","coordinates":[[-73.67785,-41.27182],[-73.67501,-41.27433],[-73.67328,-41.27844],[-73.66646,-41.28482],[-73.66581,-41.28966],[-73.6719,-41.29649],[-73.67125,-41.29858],[-73.66898,-41.29965]]}},{"id":"11023","type":"Feature","properties":{"ROL":"V-256","NOMBRE_CAMINO":"Bellavista - San Luis","CLASIFICACION":"Camino Regional de Acceso","CALZADA":null,"tmda":null},"geometry":{"type":"LineString","coordinates":[[-73.23815,-41.20005],[-73.24375,-41.20036],[-73.24419,-41.19861],[-73.25002,-41.19884]]}},{"id":"11024","type":"Feature","properties":{"ROL":"V-468","NOMBRE_CAMINO":"Olavarría - La Paloma","CLASIFICACION":"Camino Regional de Acceso","CALZADA":null,"tmda":null},"geometry":{"type":"LineString","coordinates":[[-73.46884,-41.37154],[-73.43217,-41.37504]]}},{"id":"11025","type":"Feature","properties":{"ROL":"V-640","NOMBRE_CAMINO":"Huatrunes - Potrero del Norte","CLASIFICACION":"Camino Regional Comunal","CALZADA":null,"tmda":null},"geometry":{"type":"LineString","coordinates":[[-73.51647,-41.51489],[-73.52147,-41.51405],[-73.52411,-41.51155],[-73.52745,-41.51178],[-73.53636,-41.50656],[-73.54064,-41.4984],[-73.55105,-41.48467],[-73.56521,-41.48085]]}},{"id":"11026","type":"Feature","properties":{"ROL":"V-717","NOMBRE_CAMINO":"Isla Huar: Chancura - Iglesia Chucagua","CLASIFICACION":"Camino Regional de Acceso","CALZADA":null,"tmda":null},"geometry":{"type":"LineString","coordinates":[[-72.97352,-41.72139],[-72.98532,-41.72076],[-72.98985,-41.71473]]}},{"id":"11027","type":"Feature","properties":{"ROL":"V-676","NOMBRE_CAMINO":"Quillahua - Chaiguaco","CLASIFICACION":"Camino Regional de Acceso","CALZADA":null,"tmda":null},"geometry":{"type":"LineString","coordinates":[[-73.75986,-41.51216],[-73.76713,-41.51094],[-73.77951,-41.51449]]}},{"id":"11028","type":"Feature","properties":{"ROL":"V-214","NOMBRE_CAMINO":"Mirador - Paso El León","CLASIFICACION":"Camino Regional Comunal","CALZADA":null,"tmda":null},"geometry":{"type":"LineString","coordinates":[[-73.54858,-41.07262],[-73.55824,-41.06872]]}},{"id":"11029","type":"Feature","properties":{"ROL":"V-456","NOMBRE_CAMINO":"Esperanza - Miramar","CLASIFICACION":"Camino Regional Comunal","CALZADA":null,"tmda":null},"geometry":{"type":"LineString","coordinates":[[-73.70349,-41.3427],[-73.72307,-41.34451],[-73.72641,-41.34814],[-73.72739,-41.35204],[-73.7335,-41.35554]]}},{"id":"11030","type":"Feature","properties":{"ROL":"V-326","NOMBRE_CAMINO":"El Pato - Río Llico","CLASIFICACION":"Camino Regional Comunal","CALZADA":null,"tmda":null},"geometry":{"type":"LineString","coordinates":[[-73.55768,-41.20102],[-73.55679,-41.19885],[-73.54639,-41.19607],[-73.54443,-41.19437],[-73.53805,-41.19376],[-73.53487,-41.19012],[-73.52887,-41.18815]]}},{"id":"11031","type":"Feature","properties":{"ROL":"V-212","NOMBRE_CAMINO":"Cau Cau - Collihuinco","CLASIFICACION":"Camino Regional Comunal","CALZADA":null,"tmda":null},"geometry":{"type":"LineString","coordinates":[[-73.56375,-41.10445],[-73.56181,-41.09976],[-73.56291,-41.09713],[-73.57425,-41.09158],[-73.57555,-41.08869],[-73.58252,-41.08197],[-73.58248,-41.06865],[-73.58892,-41.06562],[-73.60278,-41.06386],[-73.60326,-41.05853],[-73.60663,-41.04956]]}},{"id":"11032","type":"Feature","properties":{"ROL":"V-378","NOMBRE_CAMINO":"La Coihuería - Las Carpas","CLASIFICACION":"Camino Regional Comunal","CALZADA":null,"tmda":null},"geometry":{"type":"LineString","coordinates":[[-73.3178,-41.22195],[-73.3255,-41.22265],[-73.33392,-41.22076],[-73.36268,-41.22229],[-73.35563,-41.24258],[-73.35962,-41.24384],[-73.3564,-41.2573]]}},{"id":"11033","type":"Feature","properties":{"ROL":"U-968","NOMBRE_CAMINO":"Río Blanco - El Mirador","CLASIFICACION":"Camino Regional de Acceso","CALZADA":null,"tmda":null},"geometry":{"type":"LineString","coordinates":[[-73.35015,-40.87726],[-73.35467,-40.88275],[-73.3718,-40.88986],[-73.37909,-40.89095],[-73.38365,-40.88797],[-73.38793,-40.88778],[-73.40524,-40.88996],[-73.40994,-40.89524],[-73.40733,-40.89871]]}},{"id":"11034","type":"Feature","properties":{"ROL":"V-446","NOMBRE_CAMINO":"El Torreón - El Laurel","CLASIFICACION":"Camino Regional Comunal","CALZADA":null,"tmda":null},"geometry":{"type":"LineString","coordinates":[[-73.37711,-41.2849],[-73.38497,-41.30388]]}},{"id":"11035","type":"Feature","properties":{"ROL":"V-647","NOMBRE_CAMINO":"El Manso - Valle El Frío","CLASIFICACION":"Camino Regional de Acceso","CALZADA":null,"tmda":null},"geometry":{"type":"LineString","coordinates":[[-72.01867,-41.72906],[-72.00886,-41.72196],[-72.0072,-41.71927],[-72.00213,-41.71605],[-71.99283,-41.70715],[-71.99,-41.70612]]}},{"id":"11036","type":"Feature","properties":{"ROL":"V-719","NOMBRE_CAMINO":"El Dao - Centro","CLASIFICACION":"Camino Regional Comunal","CALZADA":null,"tmda":null},"geometry":{"type":"LineString","coordinates":[[-73.28378,-41.75397],[-73.27861,-41.76401],[-73.27549,-41.76522],[-73.2722,-41.76375],[-73.26674,-41.76375],[-73.26541,-41.76539],[-73.26181,-41.76619],[-73.26208,-41.7678],[-73.2598,-41.76936]]}},{"id":"11037","type":"Feature","properties":{"ROL":"V-436","NOMBRE_CAMINO":"El Pescado - Miramar","CLASIFICACION":"Camino Regional Comunal","CALZADA":null,"tmda":null},"geometry":{"type":"LineString","coordinates":[[-73.64786,-41.34731],[-73.65341,-41.34919],[-73.66705,-41.34873],[-73.67104,-41.35103],[-73.67564,-41.35103],[-73.67973,-41.35721],[-73.685,-41.35663],[-73.68836,-41.35971],[-73.69435,-41.36209],[-73.71039,-41.36236],[-73.71766,-41.36463],[-73.72932,-41.36045],[-73.73182,-41.35619],[-73.73342,-41.35554],[-73.73664,-41.35707],[-73.74308,-41.35757],[-73.7574,-41.35562],[-73.76618,-41.35644],[-73.77125,-41.35869],[-73.779,-41.35879],[-73.78115,-41.36024],[-73.77894,-41.36566],[-73.78262,-41.36859],[-73.78367,-41.37212],[-73.79017,-41.37769],[-73.79397,-41.37757],[-73.79955,-41.38098]]}},{"id":"11038","type":"Feature","properties":{"ROL":"V-624","NOMBRE_CAMINO":"Estaquilla - La Pampina","CLASIFICACION":"Camino Regional Comunal","CALZADA":null,"tmda":null},"geometry":{"type":"LineString","coordinates":[[-73.80773,-41.38804],[-73.81892,-41.39154],[-73.81918,-41.39655]]}},{"id":"11039","type":"Feature","properties":{"ROL":"V-642","NOMBRE_CAMINO":"Coyam - El Roble - Cumbre Alta","CLASIFICACION":"Camino Regional Comunal","CALZADA":null,"tmda":null},"geometry":{"type":"LineString","coordinates":[[-73.58217,-41.52247],[-73.582,-41.51916],[-73.59215,-41.50745],[-73.59607,-41.49942]]}},{"id":"11040","type":"Feature","properties":{"ROL":"V-722","NOMBRE_CAMINO":"Chaqueihua - San Antonio","CLASIFICACION":"Camino Regional Comunal","CALZADA":null,"tmda":null},"geometry":{"type":"LineString","coordinates":[[-73.22661,-41.4399],[-73.21533,-41.44718],[-73.20686,-41.44748],[-73.19817,-41.45035],[-73.18434,-41.45808],[-73.16315,-41.4621],[-73.15987,-41.46542],[-73.1589,-41.47919],[-73.15366,-41.48476],[-73.14922,-41.48621],[-73.1416,-41.48605],[-73.11595,-41.49917],[-73.10984,-41.49781],[-73.10628,-41.5006],[-73.10127,-41.5019]]}},{"id":"11041","type":"Feature","properties":{"ROL":"V-125","NOMBRE_CAMINO":"Cruce Ruta 5 - Colonia San Martín","CLASIFICACION":"Camino Regional de Acceso","CALZADA":null,"tmda":null},"geometry":{"type":"LineString","coordinates":[[-73.11253,-41.02839],[-73.09952,-41.02796],[-73.07589,-41.02979],[-73.05156,-41.03903]]}},{"id":"11042","type":"Feature","properties":{"ROL":"V-621","NOMBRE_CAMINO":"Las Lavas - Río Tepu","CLASIFICACION":"Camino Regional de Acceso","CALZADA":null,"tmda":null},"geometry":{"type":"LineString","coordinates":[[-72.59961,-41.23376],[-72.58973,-41.24505],[-72.59006,-41.24982],[-72.58695,-41.25141]]}},{"id":"11043","type":"Feature","properties":{"ROL":"V-342","NOMBRE_CAMINO":"Yerbas Buenas Alto - El Encanto - Traiguén","CLASIFICACION":"Camino Regional Comunal","CALZADA":null,"tmda":null},"geometry":{"type":"LineString","coordinates":[[-73.69336,-41.23746],[-73.69086,-41.23872],[-73.68933,-41.2361],[-73.68561,-41.23466],[-73.68553,-41.23325],[-73.68422,-41.23354],[-73.6818,-41.23104],[-73.68372,-41.22692],[-73.68292,-41.22109],[-73.68458,-41.21669],[-73.68972,-41.21326],[-73.70111,-41.21382],[-73.71088,-41.20947]]}},{"id":"11044","type":"Feature","properties":{"ROL":"V-486","NOMBRE_CAMINO":"Santa Clara - El Torreón","CLASIFICACION":"Camino Regional Comunal","CALZADA":null,"tmda":null},"geometry":{"type":"LineString","coordinates":[[-73.33468,-41.2922],[-73.3352,-41.29635],[-73.33412,-41.29841],[-73.33782,-41.30333],[-73.3366,-41.3039],[-73.33605,-41.30842],[-73.33762,-41.32103],[-73.3354,-41.33299]]}},{"id":"11045","type":"Feature","properties":{"ROL":"V-642","NOMBRE_CAMINO":"Coyam - El Roble - Cumbre Alta","CLASIFICACION":"Camino Regional Comunal","CALZADA":null,"tmda":null},"geometry":{"type":"LineString","coordinates":[[-73.58521,-41.53524],[-73.58217,-41.52247]]}},{"id":"11046","type":"Feature","properties":{"ROL":"V-709","NOMBRE_CAMINO":"Cruce V-891 - Colaco Interior","CLASIFICACION":"Camino Regional de Acceso","CALZADA":null,"tmda":null},"geometry":{"type":"LineString","coordinates":[[-73.27747,-41.74265],[-73.26992,-41.74498]]}},{"id":"11047","type":"Feature","properties":{"ROL":"V-376","NOMBRE_CAMINO":"Colonia - Los Indios","CLASIFICACION":"Camino Regional Comunal","CALZADA":null,"tmda":null},"geometry":{"type":"LineString","coordinates":[[-73.18608,-41.29177],[-73.1858,-41.269],[-73.1945,-41.26965],[-73.1964,-41.26859],[-73.19587,-41.26466],[-73.19732,-41.26344],[-73.19686,-41.26052],[-73.19826,-41.26005],[-73.21396,-41.26122]]}},{"id":"11048","type":"Feature","properties":{"ROL":"V-607","NOMBRE_CAMINO":"La Fábrica - Puerto Rosales","CLASIFICACION":"Camino Regional de Acceso","CALZADA":null,"tmda":null},"geometry":{"type":"LineString","coordinates":[[-72.85886,-41.2866],[-72.86476,-41.27997]]}},{"id":"11049","type":"Feature","properties":{"ROL":"V-320","NOMBRE_CAMINO":"Maichihue - Traiguén - Llico Bajo - Huar","CLASIFICACION":"Camino Regional Comunal","CALZADA":null,"tmda":92.0},"geometry":{"type":"LineString","coordinates":[[-73.61496,-41.12791],[-73.61985,-41.13523],[-73.6268,-41.14007],[-73.64017,-41.14537],[-73.65776,-41.15655],[-73.66605,-41.15881],[-73.67532,-41.1737],[-73.6774,-41.17496],[-73.68129,-41.17303],[-73.68534,-41.17403],[-73.68544,-41.17934],[-73.68742,-41.18417],[-73.6927,-41.18183],[-73.70115,-41.18482],[-73.70994,-41.18601],[-73.70852,-41.19486],[-73.71329,-41.20124],[-73.71089,-41.20922],[-73.71159,-41.21124],[-73.72662,-41.21351],[-73.73008,-41.21896],[-73.73265,-41.22046],[-73.73917,-41.2196],[-73.74246,-41.22096],[-73.74749,-41.22504],[-73.74743,-41.22655],[-73.75376,-41.23012],[-73.76667,-41.23232],[-73.77865,-41.24533],[-73.79085,-41.25319],[-73.79411,-41.26067],[-73.79325,-41.26418],[-73.7945,-41.26919],[-73.79879,-41.27357],[-73.81157,-41.27692],[-73.82485,-41.27279],[-73.83795,-41.27801],[-73.83878,-41.28224],[-73.83476,-41.28752],[-73.83766,-41.29113],[-73.84317,-41.29238],[-73.84211,-41.29428],[-73.8457,-41.29863],[-73.83987,-41.30584],[-73.83968,-41.30868],[-73.83667,-41.3112],[-73.83478,-41.31761],[-73.83213,-41.32088],[-73.83273,-41.32232],[-73.82873,-41.32745],[-73.82713,-41.32782],[-73.82769,-41.33331],[-73.82381,-41.3351],[-73.82001,-41.33374],[-73.81739,-41.33545],[-73.81415,-41.33347],[-73.80649,-41.33337],[-73.80241,-41.33459],[-73.80516,-41.34246],[-73.80839,-41.34528],[-73.81555,-41.34589],[-73.81864,-41.3508],[-73.81772,-41.35511],[-73.81579,-41.35732],[-73.81288,-41.358],[-73.81201,-41.35991],[-73.81326,-41.36823],[-73.81266,-41.37304],[-73.80857,-41.37623],[-73.80193,-41.37706],[-73.79949,-41.38044],[-73.80686,-41.38437],[-73.80789,-41.38708],[-73.80516,-41.3945],[-73.80548,-41.40209],[-73.80411,-41.40308]]}},{"id":"11050","type":"Feature","properties":{"ROL":"V-514","NOMBRE_CAMINO":"El Ñady - Tambor Bajo - Chaquihuán","CLASIFICACION":"Camino Regional Comunal","CALZADA":null,"tmda":null},"geometry":{"type":"LineString","coordinates":[[-73.55297,-41.40211],[-73.59111,-41.39171],[-73.59097,-41.38971],[-73.60732,-41.38594],[-73.60731,-41.38249],[-73.60909,-41.37938],[-73.61429,-41.37635],[-73.62593,-41.37447],[-73.6299,-41.381],[-73.63706,-41.3829],[-73.63925,-41.38757],[-73.64309,-41.38817],[-73.64755,-41.39225],[-73.64931,-41.3961],[-73.65382,-41.39881],[-73.65554,-41.4029],[-73.65804,-41.40149],[-73.66276,-41.40249],[-73.66833,-41.39985],[-73.67191,-41.39984],[-73.67741,-41.40036],[-73.68268,-41.40313],[-73.6876,-41.40373],[-73.68752,-41.40925],[-73.68858,-41.41114],[-73.68985,-41.41213],[-73.69548,-41.4121],[-73.69895,-41.4169],[-73.6972,-41.42319],[-73.69789,-41.42857],[-73.71001,-41.43636]]}},{"id":"11051","type":"Feature","properties":{"ROL":"V-312","NOMBRE_CAMINO":"Tegualda - Polizones","CLASIFICACION":"Camino Regional Comunal","CALZADA":null,"tmda":null},"geometry":{"type":"LineString","coordinates":[[-73.40593,-41.05455],[-73.40368,-41.06915],[-73.39775,-41.08532],[-73.40134,-41.08892],[-73.40115,-41.09131],[-73.38494,-41.10878],[-73.37676,-41.11324],[-73.36788,-41.11497]]}},{"id":"11052","type":"Feature","properties":{"ROL":"V-254","NOMBRE_CAMINO":"Colegual - Bellavista","CLASIFICACION":"Camino Regional Comunal","CALZADA":null,"tmda":null},"geometry":{"type":"LineString","coordinates":[[-73.22419,-41.22311],[-73.22613,-41.21973],[-73.23313,-41.21344],[-73.2389,-41.19576]]}},{"id":"11053","type":"Feature","properties":{"ROL":"V-452","NOMBRE_CAMINO":"Trompetillas - El Mañío","CLASIFICACION":"Camino Regional Comunal","CALZADA":null,"tmda":null},"geometry":{"type":"LineString","coordinates":[[-73.66804,-41.26813],[-73.66666,-41.2642],[-73.66435,-41.26376],[-73.65971,-41.25976],[-73.65497,-41.25762],[-73.64696,-41.25707],[-73.64415,-41.248],[-73.63766,-41.24392],[-73.63354,-41.23764],[-73.6309,-41.23605],[-73.62718,-41.22951],[-73.62609,-41.21774],[-73.62501,-41.21684],[-73.62687,-41.21565],[-73.6254,-41.21288],[-73.62646,-41.21262],[-73.62455,-41.21235],[-73.62572,-41.21067],[-73.62307,-41.20852]]}},{"id":"11054","type":"Feature","properties":{"ROL":"V-694","NOMBRE_CAMINO":"Punta Rieles - Matadero","CLASIFICACION":"Camino Regional Comunal","CALZADA":null,"tmda":null},"geometry":{"type":"LineString","coordinates":[[-73.46943,-41.40538],[-73.462,-41.416],[-73.46798,-41.43426],[-73.46788,-41.4391],[-73.47646,-41.4373]]}},{"id":"11055","type":"Feature","properties":{"ROL":"V-442","NOMBRE_CAMINO":"Río Blanco - Cañones","CLASIFICACION":"Camino Regional Comunal","CALZADA":null,"tmda":40.0},"geometry":{"type":"LineString","coordinates":[[-73.60131,-41.20729],[-73.6066,-41.20616],[-73.61578,-41.20989],[-73.62267,-41.20877],[-73.62362,-41.20512],[-73.62256,-41.20104],[-73.63271,-41.19041],[-73.63612,-41.1886],[-73.65294,-41.18642],[-73.66267,-41.18181],[-73.66591,-41.17863],[-73.67595,-41.17708],[-73.67887,-41.17478]]}},{"id":"11056","type":"Feature","properties":{"ROL":"V-609","NOMBRE_CAMINO":"Cruce V-615 - Senda Los Colonos","CLASIFICACION":"Camino Regional de Acceso","CALZADA":null,"tmda":null},"geometry":{"type":"LineString","coordinates":[[-72.84133,-41.37664],[-72.85195,-41.3569]]}},{"id":"11057","type":"Feature","properties":{"ROL":"V-674","NOMBRE_CAMINO":"Quillahua - La Escuela","CLASIFICACION":"Camino Regional de Acceso","CALZADA":null,"tmda":null},"geometry":{"type":"LineString","coordinates":[[-73.75056,-41.48634],[-73.7559,-41.4877],[-73.76334,-41.49241],[-73.76981,-41.49298],[-73.77465,-41.49911],[-73.78606,-41.50242],[-73.79102,-41.50599],[-73.79344,-41.5117]]}},{"id":"11058","type":"Feature","properties":{"ROL":"V-308","NOMBRE_CAMINO":"Amancayes - Los Maitenes","CLASIFICACION":"Camino Regional Comunal","CALZADA":null,"tmda":null},"geometry":{"type":"LineString","coordinates":[[-73.42712,-41.25536],[-73.41655,-41.25086],[-73.4129,-41.24772],[-73.40212,-41.24432]]}},{"id":"11059","type":"Feature","properties":{"ROL":"V-522","NOMBRE_CAMINO":"San Carlos - El Melí","CLASIFICACION":"Camino Regional Comunal","CALZADA":null,"tmda":null},"geometry":{"type":"LineString","coordinates":[[-73.55945,-41.32199],[-73.5781,-41.32465],[-73.60755,-41.33664]]}},{"id":"11060","type":"Feature","properties":{"ROL":"V-666","NOMBRE_CAMINO":"Cumbre Alta - La Máquina","CLASIFICACION":"Camino Regional de Acceso","CALZADA":null,"tmda":null},"geometry":{"type":"LineString","coordinates":[[-73.60825,-41.50306],[-73.6082,-41.48893],[-73.61608,-41.48692]]}},{"id":"11061","type":"Feature","properties":{"ROL":"V-220","NOMBRE_CAMINO":"Colonia La Isla - Polizones","CLASIFICACION":"Camino Regional Comunal","CALZADA":null,"tmda":null},"geometry":{"type":"LineString","coordinates":[[-73.34933,-41.20178],[-73.34193,-41.19405],[-73.35141,-41.17242],[-73.35612,-41.16517],[-73.35403,-41.15814],[-73.37119,-41.14117],[-73.37962,-41.13862]]}},{"id":"11062","type":"Feature","properties":{"ROL":"V-438","NOMBRE_CAMINO":"Miramar - Hua Huar","CLASIFICACION":"Camino Regional Comunal","CALZADA":null,"tmda":null},"geometry":{"type":"LineString","coordinates":[[-73.78114,-41.36011],[-73.78612,-41.36016],[-73.79534,-41.35453],[-73.80007,-41.34932],[-73.80009,-41.34644],[-73.80159,-41.34452],[-73.80449,-41.34584],[-73.80851,-41.34532]]}},{"id":"11063","type":"Feature","properties":{"ROL":"V-631","NOMBRE_CAMINO":"La Quemada - Río Chepa","CLASIFICACION":"Camino Regional de Acceso","CALZADA":null,"tmda":null},"geometry":{"type":"LineString","coordinates":[[-72.73815,-41.36195],[-72.73694,-41.36579],[-72.73272,-41.36871],[-72.73294,-41.37147]]}},{"id":"11064","type":"Feature","properties":{"ROL":"URBW583","NOMBRE_CAMINO":"Calle Serrano","CLASIFICACION":"Camino Regional de Acceso (Conexión Vial Urbana)","CALZADA":null,"tmda":null},"geometry":{"type":"LineString","coordinates":[[-73.49215,-42.47189],[-73.49074,-42.46902]]}},{"id":"11065","type":"Feature","properties":{"ROL":"V-655","NOMBRE_CAMINO":"Chamiza - Automó - Correntoso","CLASIFICACION":"Camino Regional Comunal","CALZADA":null,"tmda":null},"geometry":{"type":"LineString","coordinates":[[-72.84439,-41.48293],[-72.84302,-41.48011],[-72.83914,-41.47742],[-72.84118,-41.47234],[-72.83515,-41.46174],[-72.83116,-41.45934],[-72.82353,-41.4506],[-72.81896,-41.44759],[-72.79455,-41.44579],[-72.78548,-41.44296],[-72.77032,-41.44191],[-72.76342,-41.43847],[-72.75703,-41.4394],[-72.74624,-41.43863],[-72.73621,-41.43613],[-72.73233,-41.43819],[-72.73135,-41.44047],[-72.73234,-41.44294],[-72.72609,-41.44606]]}},{"id":"11066","type":"Feature","properties":{"ROL":"V-476","NOMBRE_CAMINO":"Tambor Bajo - Tambor Alto","CLASIFICACION":"Camino Regional Comunal","CALZADA":null,"tmda":null},"geometry":{"type":"LineString","coordinates":[[-73.68711,-41.40362],[-73.68808,-41.40256],[-73.6904,-41.40328],[-73.69522,-41.40177],[-73.69834,-41.40282],[-73.7058,-41.40198],[-73.7148,-41.40388],[-73.72064,-41.40152],[-73.72427,-41.40314],[-73.73005,-41.40356],[-73.73143,-41.40047],[-73.73311,-41.40016],[-73.73275,-41.39787],[-73.73712,-41.39451],[-73.74439,-41.39424],[-73.74519,-41.39609]]}},{"id":"11067","type":"Feature","properties":{"ROL":"V-635","NOMBRE_CAMINO":"Colonia Río Chico - Lauca - Metrenquén","CLASIFICACION":"Camino Regional Comunal","CALZADA":null,"tmda":null},"geometry":{"type":"LineString","coordinates":[[-72.8213,-41.44727],[-72.82063,-41.44068],[-72.81845,-41.4374],[-72.82053,-41.42238],[-72.81813,-41.42126],[-72.81844,-41.41389],[-72.81657,-41.41031],[-72.81747,-41.40918],[-72.80451,-41.40685],[-72.79886,-41.40253],[-72.79702,-41.39859],[-72.79353,-41.39749],[-72.78828,-41.39794],[-72.78319,-41.39652],[-72.7728,-41.39765],[-72.76685,-41.38031],[-72.7707,-41.37676],[-72.77245,-41.37158],[-72.77767,-41.36678],[-72.78273,-41.35841]]}},{"id":"11068","type":"Feature","properties":{"ROL":"V-702","NOMBRE_CAMINO":"Ostiones - Puerto Toledo","CLASIFICACION":"Camino Regional de Acceso","CALZADA":null,"tmda":null},"geometry":{"type":"LineString","coordinates":[[-73.35268,-41.48481],[-73.34666,-41.4911],[-73.34189,-41.49216],[-73.33961,-41.49479],[-73.33758,-41.5002],[-73.33489,-41.50226],[-73.33709,-41.50422]]}},{"id":"11069","type":"Feature","properties":{"ROL":"V-434","NOMBRE_CAMINO":"Bellavista - Palihué","CLASIFICACION":"Camino Regional Comunal","CALZADA":null,"tmda":null},"geometry":{"type":"LineString","coordinates":[[-73.57515,-41.42927],[-73.58356,-41.42578],[-73.59326,-41.42379],[-73.5989,-41.42594],[-73.60219,-41.42553],[-73.60632,-41.42251],[-73.60842,-41.42319],[-73.61025,-41.42148],[-73.61796,-41.42322],[-73.62666,-41.41551],[-73.64212,-41.40975],[-73.64503,-41.41218],[-73.64744,-41.41242],[-73.65957,-41.42445],[-73.66646,-41.42729],[-73.67088,-41.43171],[-73.67341,-41.43775],[-73.67271,-41.44269],[-73.67519,-41.44664]]}},{"id":"11070","type":"Feature","properties":{"ROL":"V-617","NOMBRE_CAMINO":"Colonia Tres Puentes - La Poza","CLASIFICACION":"Camino Regional Comunal","CALZADA":null,"tmda":null},"geometry":{"type":"LineString","coordinates":[[-72.81171,-41.31964],[-72.79561,-41.32302],[-72.78848,-41.32284],[-72.77933,-41.32467],[-72.79023,-41.35579]]}},{"id":"11071","type":"Feature","properties":{"ROL":"U-997","NOMBRE_CAMINO":"Cruce Ruta 5 (Colonia Ponce) - Quilanto","CLASIFICACION":"Camino Regional Comunal","CALZADA":null,"tmda":null},"geometry":{"type":"LineString","coordinates":[[-73.12908,-40.97454],[-73.12788,-40.973],[-73.12319,-40.97286],[-73.10079,-40.97723],[-73.0856,-40.98494],[-73.05086,-40.99234],[-73.0265,-41.00522],[-73.00607,-41.01196],[-72.98526,-41.00179],[-72.94191,-40.98826]]}},{"id":"11072","type":"Feature","properties":{"ROL":"V-334","NOMBRE_CAMINO":"Las Nalcas - Río Frío","CLASIFICACION":"Camino Regional Comunal","CALZADA":null,"tmda":null},"geometry":{"type":"LineString","coordinates":[[-73.43096,-41.27266],[-73.44129,-41.2763],[-73.44133,-41.28543],[-73.43979,-41.28908],[-73.44013,-41.29193],[-73.44264,-41.29519]]}},{"id":"11073","type":"Feature","properties":{"ROL":"V-655","NOMBRE_CAMINO":"Chamiza - Automó - Correntoso","CLASIFICACION":"Camino Regional Comunal","CALZADA":null,"tmda":null},"geometry":{"type":"LineString","coordinates":[[-72.66398,-41.47874],[-72.66094,-41.47837],[-72.66079,-41.47652],[-72.65621,-41.47223],[-72.65218,-41.47069],[-72.64707,-41.46407],[-72.6437,-41.46267],[-72.64534,-41.46],[-72.65233,-41.45577],[-72.66019,-41.45279]]}},{"id":"11074","type":"Feature","properties":{"ROL":"V-626","NOMBRE_CAMINO":"Cumbre Alta - Cululil","CLASIFICACION":"Camino Regional Comunal","CALZADA":null,"tmda":null},"geometry":{"type":"LineString","coordinates":[[-73.61145,-41.50372],[-73.61329,-41.51139],[-73.61683,-41.51161],[-73.6181,-41.51473],[-73.62663,-41.51921],[-73.62935,-41.5313],[-73.63633,-41.53408]]}},{"id":"11075","type":"Feature","properties":{"ROL":"V-258","NOMBRE_CAMINO":"Colegual - Macal","CLASIFICACION":"Camino Regional Comunal","CALZADA":null,"tmda":null},"geometry":{"type":"LineString","coordinates":[[-73.22103,-41.2233],[-73.20475,-41.21367]]}},{"id":"11076","type":"Feature","properties":{"ROL":"V-316","NOMBRE_CAMINO":"Esperanza - Peuchén","CLASIFICACION":"Camino Regional de Acceso","CALZADA":null,"tmda":null},"geometry":{"type":"LineString","coordinates":[[-73.67522,-41.10577],[-73.67325,-41.10966],[-73.6803,-41.11608],[-73.68019,-41.12472],[-73.68797,-41.12448],[-73.69099,-41.12791],[-73.68607,-41.12854],[-73.685,-41.13055],[-73.68163,-41.13237],[-73.67854,-41.13755],[-73.68103,-41.14249],[-73.68505,-41.14338]]}},{"id":"11077","type":"Feature","properties":{"ROL":"V-608","NOMBRE_CAMINO":"Palihué - Quebrada Honda - Puerto Escala","CLASIFICACION":"Camino Regional Comunal","CALZADA":null,"tmda":null},"geometry":{"type":"LineString","coordinates":[[-73.70412,-41.47313],[-73.70807,-41.46966],[-73.71387,-41.47019],[-73.71958,-41.46878],[-73.71726,-41.46774],[-73.7171,-41.46499],[-73.71485,-41.46228],[-73.71058,-41.46297],[-73.69853,-41.45924],[-73.69011,-41.45864]]}},{"id":"11078","type":"Feature","properties":{"ROL":"U-994","NOMBRE_CAMINO":"Colonia Zagal - Fundo La Arena","CLASIFICACION":"Camino Regional de Acceso","CALZADA":null,"tmda":null},"geometry":{"type":"LineString","coordinates":[[-73.42691,-40.97112],[-73.44049,-40.97565],[-73.46531,-40.97107]]}},{"id":"11079","type":"Feature","properties":{"ROL":"V-210","NOMBRE_CAMINO":"Cau Cau - Huempeleo","CLASIFICACION":"Camino Regional Comunal","CALZADA":null,"tmda":null},"geometry":{"type":"LineString","coordinates":[[-73.47217,-41.15459],[-73.48502,-41.15118],[-73.49134,-41.13603],[-73.5197,-41.13585],[-73.5471,-41.12768],[-73.56134,-41.11546],[-73.56529,-41.10824],[-73.56372,-41.10445],[-73.55751,-41.10822],[-73.55433,-41.10831],[-73.54611,-41.1045],[-73.52911,-41.10405],[-73.51098,-41.09649],[-73.50355,-41.08232],[-73.50145,-41.07338],[-73.49891,-41.07094],[-73.5011,-41.06839],[-73.49727,-41.05033],[-73.49357,-41.04802],[-73.47975,-41.04576],[-73.47139,-41.03328]]}},{"id":"11080","type":"Feature","properties":{"ROL":"V-478","NOMBRE_CAMINO":"Cordillera Vieja - Tambor Bajo","CLASIFICACION":"Camino Regional Comunal","CALZADA":null,"tmda":null},"geometry":{"type":"LineString","coordinates":[[-73.662,-41.37541],[-73.66322,-41.38283],[-73.66543,-41.38675],[-73.66737,-41.38762],[-73.66704,-41.38904],[-73.67064,-41.38973],[-73.66998,-41.39201],[-73.67387,-41.3942],[-73.67465,-41.39659],[-73.68085,-41.39893],[-73.68002,-41.40141]]}},{"id":"11081","type":"Feature","properties":{"ROL":"V-650","NOMBRE_CAMINO":"Canelo - Chelles","CLASIFICACION":"Camino Regional de Acceso","CALZADA":null,"tmda":null},"geometry":{"type":"LineString","coordinates":[[-73.43427,-41.48253],[-73.43997,-41.49532],[-73.44472,-41.50119]]}},{"id":"11082","type":"Feature","properties":{"ROL":"V-695","NOMBRE_CAMINO":"Puelo - Rampa Puelo","CLASIFICACION":"Camino Regional de Acceso","CALZADA":null,"tmda":null},"geometry":{"type":"LineString","coordinates":[[-72.30497,-41.66428],[-72.33809,-41.65924],[-72.33999,-41.6599]]}},{"id":"11083","type":"Feature","properties":{"ROL":"V-619","NOMBRE_CAMINO":"Los Riscos - Volcán Calbuco","CLASIFICACION":"Camino Regional de Acceso","CALZADA":null,"tmda":null},"geometry":{"type":"LineString","coordinates":[[-72.72714,-41.2192],[-72.7264,-41.24188],[-72.7244,-41.24571],[-72.72221,-41.24698],[-72.72218,-41.25297],[-72.71601,-41.25565],[-72.71101,-41.25973],[-72.70179,-41.26035],[-72.69985,-41.2621],[-72.69864,-41.26798],[-72.68809,-41.26847]]}},{"id":"11084","type":"Feature","properties":{"ROL":"V-562","NOMBRE_CAMINO":"La Paloma - Las Rosas","CLASIFICACION":"Camino Regional de Acceso","CALZADA":null,"tmda":null},"geometry":{"type":"LineString","coordinates":[[-73.4002,-41.33167],[-73.41051,-41.32627],[-73.41752,-41.31618]]}},{"id":"11085","type":"Feature","properties":{"ROL":"V-130","NOMBRE_CAMINO":"Loma La Piedra - Teihuén","CLASIFICACION":"Camino Regional de Acceso","CALZADA":null,"tmda":null},"geometry":{"type":"LineString","coordinates":[[-73.11798,-41.04858],[-73.12205,-41.05136]]}},{"id":"11086","type":"Feature","properties":{"ROL":"V-462","NOMBRE_CAMINO":"San Carlos - Rincón Ánimas - La Rana","CLASIFICACION":"Camino Regional Comunal","CALZADA":null,"tmda":null},"geometry":{"type":"LineString","coordinates":[[-73.5764,-41.34641],[-73.58297,-41.34859],[-73.58614,-41.34644],[-73.60301,-41.34089],[-73.61207,-41.33404],[-73.63725,-41.32644],[-73.6397,-41.32321],[-73.63973,-41.31569],[-73.64326,-41.30993],[-73.64229,-41.30774],[-73.64867,-41.30669],[-73.66503,-41.29934],[-73.6692,-41.29974],[-73.67239,-41.30382],[-73.6784,-41.3073],[-73.68088,-41.31421],[-73.69014,-41.31813],[-73.6937,-41.31812],[-73.70064,-41.32336],[-73.70913,-41.32294],[-73.71299,-41.32455],[-73.71615,-41.32213]]}},{"id":"11087","type":"Feature","properties":{"ROL":"V-641","NOMBRE_CAMINO":"Río Chico - Las Marcas - Metrenquén","CLASIFICACION":"Camino Regional de Acceso","CALZADA":null,"tmda":null},"geometry":{"type":"LineString","coordinates":[[-72.82052,-41.42244],[-72.82243,-41.41849],[-72.82287,-41.41036],[-72.82665,-41.40601],[-72.82813,-41.40615],[-72.82783,-41.40802],[-72.82958,-41.40816]]}},{"id":"11088","type":"Feature","properties":{"ROL":"V-714","NOMBRE_CAMINO":"Paraguay Chico - Río Oscuro","CLASIFICACION":"Camino Regional de Acceso","CALZADA":null,"tmda":null},"geometry":{"type":"LineString","coordinates":[[-73.2844,-41.41219],[-73.28083,-41.41236]]}},{"id":"11089","type":"Feature","properties":{"ROL":"V-480","NOMBRE_CAMINO":"Loncotoro - El Maitén","CLASIFICACION":"Camino Regional Comunal","CALZADA":null,"tmda":null},"geometry":{"type":"LineString","coordinates":[[-73.17358,-41.29107],[-73.17205,-41.32777]]}},{"id":"11090","type":"Feature","properties":{"ROL":"V-643","NOMBRE_CAMINO":"Lago Chapo - Río Colorado","CLASIFICACION":"Camino Regional de Acceso","CALZADA":null,"tmda":null},"geometry":{"type":"LineString","coordinates":[[-72.61377,-41.41138],[-72.6119,-41.41058],[-72.60829,-41.40377]]}},{"id":"11091","type":"Feature","properties":{"ROL":"V-704","NOMBRE_CAMINO":"Ostiones - Paredes","CLASIFICACION":"Camino Regional de Acceso","CALZADA":null,"tmda":null},"geometry":{"type":"LineString","coordinates":[[-73.33967,-41.43482],[-73.34491,-41.44507],[-73.34471,-41.45435],[-73.34127,-41.45691]]}},{"id":"11092","type":"Feature","properties":{"ROL":"V-122","NOMBRE_CAMINO":"Pedernal Interior - Pedernal Alto","CLASIFICACION":"Camino Regional Comunal","CALZADA":null,"tmda":null},"geometry":{"type":"LineString","coordinates":[[-73.31383,-41.03203],[-73.3113,-41.03167],[-73.30377,-41.03671],[-73.30289,-41.04098],[-73.28922,-41.04944],[-73.29326,-41.05418]]}},{"id":"11093","type":"Feature","properties":{"ROL":"V-350","NOMBRE_CAMINO":"Las Nalcas - Puente Las Nalcas","CLASIFICACION":"Camino Regional Comunal","CALZADA":null,"tmda":null},"geometry":{"type":"LineString","coordinates":[[-73.43001,-41.27301],[-73.43485,-41.27018],[-73.45401,-41.26464],[-73.46356,-41.25935]]}},{"id":"11094","type":"Feature","properties":{"ROL":"V-692","NOMBRE_CAMINO":"Planchado - Los Indios - Punta Rieles","CLASIFICACION":"Camino Regional Comunal","CALZADA":null,"tmda":null},"geometry":{"type":"LineString","coordinates":[[-73.42675,-41.44339],[-73.44291,-41.43887],[-73.45026,-41.43494],[-73.4668,-41.4312]]}},{"id":"11095","type":"Feature","properties":{"ROL":"V-332","NOMBRE_CAMINO":"Llico Alto - La Herrería","CLASIFICACION":"Camino Regional de Acceso","CALZADA":null,"tmda":null},"geometry":{"type":"LineString","coordinates":[[-73.54597,-41.21063],[-73.54825,-41.21283],[-73.54807,-41.2146],[-73.54961,-41.21526],[-73.5509,-41.21424],[-73.56351,-41.21337],[-73.57039,-41.21557]]}},{"id":"11096","type":"Feature","properties":{"ROL":"V-530","NOMBRE_CAMINO":"Llico - Millaray","CLASIFICACION":"Camino Regional Comunal","CALZADA":null,"tmda":null},"geometry":{"type":"LineString","coordinates":[[-73.46996,-41.29944],[-73.47715,-41.30239],[-73.4873,-41.30891],[-73.49414,-41.31167],[-73.49818,-41.31192],[-73.49915,-41.31961],[-73.50327,-41.33283],[-73.50684,-41.33883],[-73.51372,-41.3439],[-73.51247,-41.3473],[-73.51026,-41.34881],[-73.52727,-41.39415]]}},{"id":"11097","type":"Feature","properties":{"ROL":"V-198","NOMBRE_CAMINO":"Ñapeco - Collihuinco","CLASIFICACION":"Camino Regional Comunal","CALZADA":null,"tmda":null},"geometry":{"type":"LineString","coordinates":[[-73.63395,-41.10285],[-73.63339,-41.09802],[-73.6286,-41.09617],[-73.62636,-41.09316],[-73.62721,-41.0829],[-73.63105,-41.07974],[-73.63242,-41.07619],[-73.62782,-41.07119],[-73.62548,-41.05634]]}},{"id":"11098","type":"Feature","properties":{"ROL":"V-484","NOMBRE_CAMINO":"La Colonia - Los Piques","CLASIFICACION":"Camino Regional Comunal","CALZADA":null,"tmda":null},"geometry":{"type":"LineString","coordinates":[[-73.62532,-41.37446],[-73.62752,-41.37183],[-73.62428,-41.36686],[-73.62377,-41.35935],[-73.639,-41.35012],[-73.64774,-41.34713]]}},{"id":"11099","type":"Feature","properties":{"ROL":"V-713","NOMBRE_CAMINO":"Isla Puluqui: Perhue - Poza Llaicha - Chope","CLASIFICACION":"Camino Regional Comunal","CALZADA":null,"tmda":null},"geometry":{"type":"LineString","coordinates":[[-72.99645,-41.8568],[-73.00024,-41.85525],[-73.00533,-41.85521],[-73.0096,-41.85315],[-73.02085,-41.85482],[-73.02349,-41.854],[-73.02368,-41.85279],[-73.02786,-41.85206],[-73.02856,-41.85022],[-73.04812,-41.84126],[-73.0482,-41.83469],[-73.05096,-41.831],[-73.05794,-41.82889],[-73.06707,-41.82162],[-73.07258,-41.8209],[-73.07803,-41.81742],[-73.08229,-41.81744],[-73.0956,-41.81141],[-73.10011,-41.80704],[-73.10199,-41.80764],[-73.10422,-41.80562],[-73.10658,-41.80621],[-73.11,-41.80105]]}},{"id":"11100","type":"Feature","properties":{"ROL":"V-625","NOMBRE_CAMINO":"La Vara - Senda Central","CLASIFICACION":"Camino Regional Comunal","CALZADA":null,"tmda":8423.0},"geometry":{"type":"LineString","coordinates":[[-72.85489,-41.39989],[-72.85113,-41.39855],[-72.85139,-41.39579],[-72.84478,-41.39147],[-72.85483,-41.38073]]}},{"id":"11101","type":"Feature","properties":{"ROL":"V-676","NOMBRE_CAMINO":"Quillahua - Chaiguaco","CLASIFICACION":"Camino Regional de Acceso","CALZADA":null,"tmda":null},"geometry":{"type":"LineString","coordinates":[[-73.75353,-41.51266],[-73.75986,-41.51216]]}},{"id":"11102","type":"Feature","properties":{"ROL":"V-272","NOMBRE_CAMINO":"La Esperanza - Villa Alegre Sur","CLASIFICACION":"Camino Regional de Acceso","CALZADA":null,"tmda":null},"geometry":{"type":"LineString","coordinates":[[-73.13566,-41.1195],[-73.1314,-41.13535],[-73.1435,-41.15929]]}},{"id":"11103","type":"Feature","properties":{"ROL":"V-524","NOMBRE_CAMINO":"El Ñady - La Vega - El Melí","CLASIFICACION":"Camino Regional Comunal","CALZADA":null,"tmda":null},"geometry":{"type":"LineString","coordinates":[[-73.57173,-41.32323],[-73.57085,-41.31607],[-73.56812,-41.3122],[-73.56785,-41.30934],[-73.57569,-41.30549],[-73.58064,-41.30444],[-73.5839,-41.30519],[-73.59226,-41.30205],[-73.59667,-41.30189]]}},{"id":"11104","type":"Feature","properties":{"ROL":"V-664","NOMBRE_CAMINO":"Putrautrao - La Poza","CLASIFICACION":"Camino Regional Comunal","CALZADA":null,"tmda":null},"geometry":{"type":"LineString","coordinates":[[-73.74357,-41.4652],[-73.73999,-41.46944],[-73.73221,-41.47107],[-73.73232,-41.4741],[-73.72717,-41.47855],[-73.72638,-41.48216],[-73.72368,-41.48241],[-73.72227,-41.48387],[-73.72431,-41.48668],[-73.723,-41.48954],[-73.72205,-41.50124],[-73.71924,-41.50316],[-73.71361,-41.50402],[-73.70649,-41.50345],[-73.70512,-41.50539],[-73.70526,-41.51262],[-73.70277,-41.5141],[-73.69703,-41.51467],[-73.69498,-41.51915],[-73.70193,-41.52364],[-73.70264,-41.52689],[-73.69452,-41.53445],[-73.69418,-41.54076]]}},{"id":"11105","type":"Feature","properties":{"ROL":"V-126","NOMBRE_CAMINO":"Pedernal Bajo - Pitildeo","CLASIFICACION":"Camino Regional de Acceso","CALZADA":null,"tmda":null},"geometry":{"type":"LineString","coordinates":[[-73.31697,-41.03409],[-73.32773,-41.03123]]}},{"id":"11106","type":"Feature","properties":{"ROL":"V-472","NOMBRE_CAMINO":"La Vega - Variante Uribe","CLASIFICACION":"Camino Regional Comunal","CALZADA":null,"tmda":null},"geometry":{"type":"LineString","coordinates":[[-73.60719,-41.30197],[-73.60486,-41.30567],[-73.6044,-41.30905],[-73.60601,-41.31671],[-73.61304,-41.31816],[-73.61533,-41.3251],[-73.619,-41.32853],[-73.61944,-41.3314]]}},{"id":"11107","type":"Feature","properties":{"ROL":"V-708","NOMBRE_CAMINO":"Cumbre El Barro - Pozo Aros","CLASIFICACION":"Camino Regional de Acceso","CALZADA":null,"tmda":null},"geometry":{"type":"LineString","coordinates":[[-73.52338,-41.53893],[-73.50665,-41.54157],[-73.50486,-41.54429],[-73.50547,-41.54609]]}},{"id":"11108","type":"Feature","properties":{"ROL":"V-422","NOMBRE_CAMINO":"Cordillera Vieja - Internado","CLASIFICACION":"Camino Regional Comunal","CALZADA":null,"tmda":null},"geometry":{"type":"LineString","coordinates":[[-73.68215,-41.37729],[-73.68502,-41.38208],[-73.68434,-41.3869],[-73.68711,-41.39677],[-73.68357,-41.39979],[-73.68329,-41.40327]]}},{"id":"11109","type":"Feature","properties":{"ROL":"U-957","NOMBRE_CAMINO":"Chapuco - Escuela Río Blanco","CLASIFICACION":"Camino Regional Comunal","CALZADA":null,"tmda":null},"geometry":{"type":"LineString","coordinates":[[-72.56813,-40.97877],[-72.57185,-40.98508],[-72.57274,-40.99224],[-72.57101,-40.9942],[-72.5717,-41.00342],[-72.57002,-41.0062],[-72.57047,-41.00859]]}},{"id":"11110","type":"Feature","properties":{"ROL":"V-196","NOMBRE_CAMINO":"La Esperanza - Villa Alegre Norte","CLASIFICACION":"Camino Regional de Acceso","CALZADA":null,"tmda":null},"geometry":{"type":"LineString","coordinates":[[-73.13566,-41.1195],[-73.13756,-41.1128],[-73.14047,-41.11199],[-73.1409,-41.10764],[-73.14359,-41.10544]]}},{"id":"11111","type":"Feature","properties":{"ROL":"V-637","NOMBRE_CAMINO":"La Quemada - Río Las Marcas","CLASIFICACION":"Camino Regional de Acceso","CALZADA":null,"tmda":null},"geometry":{"type":"LineString","coordinates":[[-72.74114,-41.36273],[-72.75262,-41.36639],[-72.75943,-41.36719]]}},{"id":"11112","type":"Feature","properties":{"ROL":"V-458","NOMBRE_CAMINO":"Yerbas Buenas - Rincón Ánimas II","CLASIFICACION":"Camino Regional de Acceso","CALZADA":null,"tmda":null},"geometry":{"type":"LineString","coordinates":[[-73.68942,-41.28381],[-73.68826,-41.28715],[-73.69086,-41.28788],[-73.69286,-41.29052],[-73.69094,-41.30069],[-73.68634,-41.30209],[-73.6861,-41.30649]]}},{"id":"11113","type":"Feature","properties":{"ROL":"V-662","NOMBRE_CAMINO":"La Poza - Puerto Godoy","CLASIFICACION":"Camino Regional de Acceso","CALZADA":null,"tmda":null},"geometry":{"type":"LineString","coordinates":[[-73.71339,-41.53146],[-73.72294,-41.53848],[-73.73057,-41.53988],[-73.73281,-41.54269],[-73.73749,-41.54115],[-73.74301,-41.54331],[-73.74495,-41.54671],[-73.74755,-41.54794],[-73.74405,-41.55162],[-73.74467,-41.55368],[-73.74981,-41.55709]]}},{"id":"11114","type":"Feature","properties":{"ROL":"V-711","NOMBRE_CAMINO":"Isla Puluqui: Cuatro Vientos - Pollollo","CLASIFICACION":"Camino Regional Comunal","CALZADA":null,"tmda":null},"geometry":{"type":"LineString","coordinates":[[-73.03023,-41.81604],[-73.02643,-41.81305],[-73.01231,-41.80857]]}},{"id":"11115","type":"Feature","properties":{"ROL":"V-180","NOMBRE_CAMINO":"Paraguay - Pedernal Alto","CLASIFICACION":"Camino Regional Comunal","CALZADA":null,"tmda":null},"geometry":{"type":"LineString","coordinates":[[-73.2442,-41.07394],[-73.25592,-41.07089],[-73.28181,-41.05621],[-73.29147,-41.05538],[-73.32001,-41.04185]]}},{"id":"11116","type":"Feature","properties":{"ROL":"V-354","NOMBRE_CAMINO":"Yerbas Buenas Alto - Yerbas Buenas Bajo","CLASIFICACION":"Camino Regional Comunal","CALZADA":null,"tmda":null},"geometry":{"type":"LineString","coordinates":[[-73.69211,-41.25213],[-73.69436,-41.25162],[-73.70219,-41.25461],[-73.70837,-41.25491],[-73.71081,-41.25348],[-73.71495,-41.25709],[-73.71685,-41.25656]]}},{"id":"11117","type":"Feature","properties":{"ROL":"V-676","NOMBRE_CAMINO":"Quillahua - Chaiguaco","CLASIFICACION":"Camino Regional de Acceso","CALZADA":null,"tmda":null},"geometry":{"type":"LineString","coordinates":[[-73.77951,-41.51449],[-73.78347,-41.51781],[-73.78626,-41.52977],[-73.78883,-41.53043]]}},{"id":"11118","type":"Feature","properties":{"ROL":"V-324","NOMBRE_CAMINO":"Las Cruces - Las Cuyas - El Mañío","CLASIFICACION":"Camino Regional Comunal","CALZADA":null,"tmda":null},"geometry":{"type":"LineString","coordinates":[[-73.59753,-41.21522],[-73.60633,-41.22583],[-73.60486,-41.23283],[-73.60038,-41.23556],[-73.60091,-41.2433],[-73.60422,-41.24827],[-73.61212,-41.24829],[-73.6146,-41.24979],[-73.62227,-41.26678],[-73.63261,-41.27761],[-73.63018,-41.27981],[-73.63048,-41.28105],[-73.62738,-41.28279]]}},{"id":"11119","type":"Feature","properties":{"ROL":"V-627","NOMBRE_CAMINO":"Mirador - La Laja (La Laja - Tres Piedras)","CLASIFICACION":"Camino Regional de Acceso","CALZADA":null,"tmda":8462.0},"geometry":{"type":"LineString","coordinates":[[-72.95634,-41.3458],[-72.95097,-41.34498],[-72.94561,-41.34604],[-72.93763,-41.34989],[-72.92435,-41.35096],[-72.92253,-41.34796],[-72.91323,-41.34385],[-72.90761,-41.34555],[-72.90346,-41.34534]]}},{"id":"11120","type":"Feature","properties":{"ROL":"U-995","NOMBRE_CAMINO":"La Gruta - Tres Puertas","CLASIFICACION":"Camino Regional Comunal","CALZADA":null,"tmda":null},"geometry":{"type":"LineString","coordinates":[[-72.8886,-40.958],[-72.89048,-40.95849],[-72.89953,-40.952],[-72.90645,-40.94951]]}},{"id":"11121","type":"Feature","properties":{"ROL":"V-262","NOMBRE_CAMINO":"Las Delicias - Pichi López","CLASIFICACION":"Camino Regional de Acceso","CALZADA":null,"tmda":null},"geometry":{"type":"LineString","coordinates":[[-73.17556,-41.12751],[-73.17958,-41.12867],[-73.18047,-41.13074],[-73.17898,-41.13128],[-73.1828,-41.13909],[-73.18112,-41.14955],[-73.18671,-41.15244]]}},{"id":"11122","type":"Feature","properties":{"ROL":"V-488","NOMBRE_CAMINO":"Elías Huaquín - Santa Margarita","CLASIFICACION":"Camino Regional de Acceso","CALZADA":null,"tmda":null},"geometry":{"type":"LineString","coordinates":[[-73.46062,-41.40224],[-73.43846,-41.40598]]}},{"id":"11123","type":"Feature","properties":{"ROL":"V-649","NOMBRE_CAMINO":"Río Manso - Paso El León","CLASIFICACION":"Camino Regional de Acceso","CALZADA":null,"tmda":null},"geometry":{"type":"LineString","coordinates":[[-71.8469,-41.50812],[-71.85215,-41.50673],[-71.85161,-41.50914],[-71.85523,-41.51237]]}},{"id":"11124","type":"Feature","properties":{"ROL":"V-372","NOMBRE_CAMINO":"Colegual - El Coihue","CLASIFICACION":"Camino Regional Comunal","CALZADA":null,"tmda":null},"geometry":{"type":"LineString","coordinates":[[-73.16815,-41.22976],[-73.17525,-41.21257],[-73.18531,-41.215],[-73.18754,-41.21374],[-73.18939,-41.2099],[-73.19322,-41.21079]]}},{"id":"11125","type":"Feature","properties":{"ROL":"V-625","NOMBRE_CAMINO":"La Vara - Senda Central","CLASIFICACION":"Camino Regional Comunal","CALZADA":null,"tmda":8423.0},"geometry":{"type":"LineString","coordinates":[[-72.87558,-41.41222],[-72.86379,-41.40831],[-72.86092,-41.4025],[-72.85489,-41.39989]]}},{"id":"11126","type":"Feature","properties":{"ROL":"V-304","NOMBRE_CAMINO":"Parga - Pichiparga","CLASIFICACION":"Camino Regional Comunal","CALZADA":null,"tmda":null},"geometry":{"type":"LineString","coordinates":[[-73.48652,-41.21856],[-73.46987,-41.21498],[-73.45722,-41.22156],[-73.45089,-41.22054]]}},{"id":"11127","type":"Feature","properties":{"ROL":"V-614","NOMBRE_CAMINO":"Cumbre Alta - Palihué","CLASIFICACION":"Camino Regional Comunal","CALZADA":null,"tmda":null},"geometry":{"type":"LineString","coordinates":[[-73.61695,-41.50482],[-73.63373,-41.48837],[-73.63842,-41.48539],[-73.65352,-41.48477],[-73.67146,-41.48702],[-73.67784,-41.48478],[-73.67645,-41.47945],[-73.67356,-41.47835],[-73.67214,-41.4727],[-73.67314,-41.46939],[-73.66918,-41.46487],[-73.67474,-41.45852],[-73.68277,-41.45238],[-73.67912,-41.4517],[-73.67519,-41.44664]]}},{"id":"11128","type":"Feature","properties":{"ROL":"V-230","NOMBRE_CAMINO":"El Ñadi - Polizones","CLASIFICACION":"Camino Regional Comunal","CALZADA":null,"tmda":null},"geometry":{"type":"LineString","coordinates":[[-73.28387,-41.21543],[-73.28852,-41.2055],[-73.28733,-41.19461],[-73.28989,-41.18611],[-73.29316,-41.1794],[-73.30009,-41.17035],[-73.29937,-41.16605],[-73.31101,-41.16634],[-73.33285,-41.17169],[-73.34289,-41.15618],[-73.34444,-41.15221],[-73.34498,-41.14463],[-73.35278,-41.13812],[-73.36525,-41.13105],[-73.37501,-41.1293]]}},{"id":"11129","type":"Feature","properties":{"ROL":"V-454","NOMBRE_CAMINO":"Huracán - Los Piques","CLASIFICACION":"Camino Regional Comunal","CALZADA":null,"tmda":null},"geometry":{"type":"LineString","coordinates":[[-73.62328,-41.35145],[-73.6283,-41.35259],[-73.6299,-41.35582]]}},{"id":"11130","type":"Feature","properties":{"ROL":"V-644","NOMBRE_CAMINO":"Boqui Negro - La Granja","CLASIFICACION":"Camino Regional de Acceso","CALZADA":null,"tmda":null},"geometry":{"type":"LineString","coordinates":[[-73.64089,-41.51576],[-73.654,-41.51943],[-73.65877,-41.51752],[-73.66383,-41.52012],[-73.66393,-41.52177]]}},{"id":"11131","type":"Feature","properties":{"ROL":"V-715","NOMBRE_CAMINO":"Isla Huar: Chipue - Nalcahue - Quetrolauquén","CLASIFICACION":"Camino Regional Comunal","CALZADA":null,"tmda":null},"geometry":{"type":"LineString","coordinates":[[-72.93051,-41.68403],[-72.92983,-41.68804],[-72.9119,-41.69987],[-72.91182,-41.70473],[-72.91551,-41.70827],[-72.92835,-41.70873],[-72.94008,-41.70428],[-72.94382,-41.70155],[-72.94419,-41.69786],[-72.9465,-41.69477],[-72.94819,-41.6887],[-72.93806,-41.67732]]}},{"id":"11132","type":"Feature","properties":{"ROL":"V-115-U","NOMBRE_CAMINO":"Cruce Ruta 5 - Colonia Copío","CLASIFICACION":"Camino Regional Comunal","CALZADA":null,"tmda":null},"geometry":{"type":"LineString","coordinates":[[-73.12406,-40.9904],[-73.12197,-40.98937]]}},{"id":"11133","type":"Feature","properties":{"ROL":"V-690","NOMBRE_CAMINO":"Planchado - Los Indios","CLASIFICACION":"Camino Regional Comunal","CALZADA":null,"tmda":237.0},"geometry":{"type":"LineString","coordinates":[[-73.41426,-41.39112],[-73.41364,-41.40541],[-73.41891,-41.43042],[-73.425,-41.43903],[-73.43186,-41.45655]]}},{"id":"11134","type":"Feature","properties":{"ROL":"V-336","NOMBRE_CAMINO":"Ñapeco - Nueva Esperanza","CLASIFICACION":"Camino Regional Comunal","CALZADA":null,"tmda":null},"geometry":{"type":"LineString","coordinates":[[-73.63576,-41.10346],[-73.63921,-41.1044],[-73.65945,-41.09969],[-73.66643,-41.10003]]}},{"id":"11135","type":"Feature","properties":{"ROL":"V-670","NOMBRE_CAMINO":"Puerto Godoy - Quenuir Bajo","CLASIFICACION":"Camino Regional de Acceso","CALZADA":null,"tmda":null},"geometry":{"type":"LineString","coordinates":[[-73.70453,-41.56817],[-73.70563,-41.57309],[-73.70159,-41.57583],[-73.69938,-41.58483],[-73.69216,-41.59015],[-73.68947,-41.59121],[-73.68851,-41.58929],[-73.68523,-41.58927],[-73.67761,-41.5932],[-73.67212,-41.59118],[-73.66531,-41.58683],[-73.66595,-41.58602]]}},{"id":"11136","type":"Feature","properties":{"ROL":"V-454","NOMBRE_CAMINO":"Huracán - Los Piques","CLASIFICACION":"Camino Regional Comunal","CALZADA":null,"tmda":null},"geometry":{"type":"LineString","coordinates":[[-73.60296,-41.36012],[-73.60443,-41.35732],[-73.60987,-41.35329],[-73.61729,-41.35068],[-73.62328,-41.35145]]}},{"id":"11137","type":"Feature","properties":{"ROL":"V-170","NOMBRE_CAMINO":"Los Álamos - Cancha Rayada","CLASIFICACION":"Camino Regional de Acceso","CALZADA":null,"tmda":null},"geometry":{"type":"LineString","coordinates":[[-73.16577,-41.04344],[-73.1639,-41.07623],[-73.1614,-41.08019]]}},{"id":"11138","type":"Feature","properties":{"ROL":"V-456","NOMBRE_CAMINO":"Esperanza - Miramar","CLASIFICACION":"Camino Regional Comunal","CALZADA":null,"tmda":null},"geometry":{"type":"LineString","coordinates":[[-73.64876,-41.34449],[-73.65288,-41.34099],[-73.66293,-41.33607],[-73.66453,-41.33282],[-73.66953,-41.33122],[-73.67132,-41.32806],[-73.67528,-41.32566],[-73.68278,-41.33267],[-73.68864,-41.33178],[-73.69412,-41.3338],[-73.70349,-41.3427]]}},{"id":"11139","type":"Feature","properties":{"ROL":"V-444","NOMBRE_CAMINO":"El Zarao - Cordillera Vieja - Cordillera Verde","CLASIFICACION":"Camino Regional Comunal","CALZADA":null,"tmda":null},"geometry":{"type":"LineString","coordinates":[[-73.6259,-41.33037],[-73.62907,-41.33852],[-73.6322,-41.34224],[-73.64319,-41.34259],[-73.6486,-41.34433],[-73.64833,-41.3456]]}},{"id":"11140","type":"Feature","properties":{"ROL":"V-616","NOMBRE_CAMINO":"Mañío Bajo - Palihué","CLASIFICACION":"Camino Regional Comunal","CALZADA":null,"tmda":null},"geometry":{"type":"LineString","coordinates":[[-73.63714,-41.44786],[-73.63647,-41.45369],[-73.63894,-41.45739],[-73.63581,-41.46109],[-73.63548,-41.46381],[-73.64077,-41.47196],[-73.64411,-41.47453],[-73.6462,-41.47998],[-73.64814,-41.48012],[-73.64621,-41.48496]]}},{"id":"11141","type":"Feature","properties":{"ROL":"V-328","NOMBRE_CAMINO":"El Pato - Los Guindos","CLASIFICACION":"Camino Regional Comunal","CALZADA":null,"tmda":null},"geometry":{"type":"LineString","coordinates":[[-73.54472,-41.19451],[-73.5483,-41.1891],[-73.55432,-41.18585],[-73.56022,-41.18577],[-73.56465,-41.1874],[-73.56801,-41.18614],[-73.5707,-41.18678]]}},{"id":"11142","type":"Feature","properties":{"ROL":"V-657","NOMBRE_CAMINO":"El Pangal - Zargazo","CLASIFICACION":"Camino Regional de Acceso","CALZADA":null,"tmda":null},"geometry":{"type":"LineString","coordinates":[[-72.66311,-41.47879],[-72.66263,-41.4847],[-72.66614,-41.49396],[-72.66224,-41.49517],[-72.66019,-41.49999],[-72.65443,-41.50564],[-72.65195,-41.5122],[-72.64662,-41.5121],[-72.63769,-41.50767],[-72.62163,-41.50864]]}},{"id":"11143","type":"Feature","properties":{"ROL":"V-214","NOMBRE_CAMINO":"Mirador - Paso El León","CLASIFICACION":"Camino Regional Comunal","CALZADA":null,"tmda":null},"geometry":{"type":"LineString","coordinates":[[-73.50352,-41.08222],[-73.5117,-41.0842],[-73.51868,-41.08274],[-73.52483,-41.07134],[-73.53198,-41.06833],[-73.54099,-41.06739],[-73.54428,-41.06849],[-73.54399,-41.07089],[-73.54858,-41.07262]]}},{"id":"11144","type":"Feature","properties":{"ROL":"V-368","NOMBRE_CAMINO":"Colonia La Isla - Pantanal","CLASIFICACION":"Camino Regional Comunal","CALZADA":null,"tmda":null},"geometry":{"type":"LineString","coordinates":[[-73.35119,-41.20088],[-73.35083,-41.20772],[-73.35751,-41.21113],[-73.35774,-41.22197]]}},{"id":"11145","type":"Feature","properties":{"ROL":"V-280","NOMBRE_CAMINO":"Cruce Ruta 5 (Pellines) - Río Colegual","CLASIFICACION":"Camino Regional de Acceso","CALZADA":null,"tmda":null},"geometry":{"type":"LineString","coordinates":[[-73.06961,-41.19189],[-73.12328,-41.19317]]}},{"id":"11146","type":"Feature","properties":{"ROL":"V-608","NOMBRE_CAMINO":"Palihué - Quebrada Honda - Puerto Escala","CLASIFICACION":"Camino Regional Comunal","CALZADA":null,"tmda":null},"geometry":{"type":"LineString","coordinates":[[-73.67795,-41.48324],[-73.68766,-41.48457],[-73.68862,-41.48753],[-73.6871,-41.49223],[-73.69527,-41.49027],[-73.69955,-41.48248],[-73.6989,-41.47781],[-73.70412,-41.47313]]}},{"id":"11147","type":"Feature","properties":{"ROL":"V-672","NOMBRE_CAMINO":"Quillahua - Putrautrao","CLASIFICACION":"Camino Regional Comunal","CALZADA":null,"tmda":null},"geometry":{"type":"LineString","coordinates":[[-73.74796,-41.4814],[-73.76628,-41.47829],[-73.769,-41.47595],[-73.77259,-41.46848],[-73.77441,-41.46771],[-73.77418,-41.4631],[-73.76697,-41.45854],[-73.7512,-41.45858],[-73.74292,-41.45341],[-73.73942,-41.45666]]}},{"id":"11148","type":"Feature","properties":{"ROL":"W-230","NOMBRE_CAMINO":"Huapilacuy - La Capilla","CLASIFICACION":"Camino Regional Comunal","CALZADA":null,"tmda":null},"geometry":{"type":"LineString","coordinates":[[-73.90784,-41.80161],[-73.90838,-41.80366],[-73.90722,-41.80597],[-73.90269,-41.80963]]}},{"id":"11149","type":"Feature","properties":{"ROL":"V-812","NOMBRE_CAMINO":"El Cristo - San Francisco","CLASIFICACION":"Camino Regional de Acceso","CALZADA":null,"tmda":null},"geometry":{"type":"LineString","coordinates":[[-73.08341,-41.29143],[-73.10764,-41.29282]]}},{"id":"11150","type":"Feature","properties":{"ROL":"W-149","NOMBRE_CAMINO":"San Juan - Caipulli","CLASIFICACION":"Camino Regional Comunal","CALZADA":null,"tmda":null},"geometry":{"type":"LineString","coordinates":[[-73.70457,-41.89785],[-73.72194,-41.90369],[-73.72563,-41.90158],[-73.72818,-41.90155],[-73.73465,-41.9051]]}},{"id":"11151","type":"Feature","properties":{"ROL":"W-103","NOMBRE_CAMINO":"Cruce Ruta 5 (San Antonio) - Huelden","CLASIFICACION":"Camino Regional de Acceso","CALZADA":null,"tmda":null},"geometry":{"type":"LineString","coordinates":[[-73.63766,-41.87445],[-73.62685,-41.88698],[-73.61133,-41.89493],[-73.5963,-41.90722]]}},{"id":"11152","type":"Feature","properties":{"ROL":"V-915","NOMBRE_CAMINO":"Laguna Chica - Rosario Central","CLASIFICACION":"Camino Regional Comunal","CALZADA":null,"tmda":null},"geometry":{"type":"LineString","coordinates":[[-73.12902,-41.72279],[-73.12383,-41.7291],[-73.12453,-41.73697],[-73.12704,-41.73767],[-73.128,-41.74053],[-73.12727,-41.7496],[-73.13105,-41.74966],[-73.13117,-41.74178],[-73.13237,-41.73857],[-73.13511,-41.73846],[-73.13803,-41.73597]]}},{"id":"11153","type":"Feature","properties":{"ROL":"V-736","NOMBRE_CAMINO":"Los Helechos - Las Violetas","CLASIFICACION":"Camino Regional de Acceso","CALZADA":null,"tmda":null},"geometry":{"type":"LineString","coordinates":[[-73.59551,-41.63055],[-73.60779,-41.64918],[-73.613,-41.65392],[-73.61725,-41.65552]]}},{"id":"11154","type":"Feature","properties":{"ROL":"V-869","NOMBRE_CAMINO":"Laguna - Putenío","CLASIFICACION":"Camino Regional Comunal","CALZADA":null,"tmda":null},"geometry":{"type":"LineString","coordinates":[[-73.09062,-41.65093],[-73.0935,-41.64959],[-73.09715,-41.65029],[-73.10222,-41.65469],[-73.10874,-41.65665],[-73.10959,-41.66065]]}},{"id":"11155","type":"Feature","properties":{"ROL":"W-140","NOMBRE_CAMINO":"Tehuaco - El Descansadero","CLASIFICACION":"Camino Regional de Acceso","CALZADA":null,"tmda":null},"geometry":{"type":"LineString","coordinates":[[-73.96782,-41.9194],[-73.9648,-41.92134],[-73.96302,-41.92623],[-73.96067,-41.92645],[-73.95728,-41.92944],[-73.95793,-41.93487],[-73.9549,-41.93929],[-73.95233,-41.94086],[-73.95524,-41.94629]]}},{"id":"11156","type":"Feature","properties":{"ROL":"V-846","NOMBRE_CAMINO":"Don Justo - Interior","CLASIFICACION":"Camino Regional de Acceso","CALZADA":null,"tmda":null},"geometry":{"type":"LineString","coordinates":[[-73.38105,-41.64733],[-73.38192,-41.64635]]}},{"id":"11157","type":"Feature","properties":{"ROL":"V-987","NOMBRE_CAMINO":"Chayahué - Punta Peuque","CLASIFICACION":"Camino Regional de Acceso","CALZADA":null,"tmda":null},"geometry":{"type":"LineString","coordinates":[[-73.38383,-41.78813],[-73.38155,-41.78189],[-73.37894,-41.77972],[-73.37973,-41.77881]]}},{"id":"11158","type":"Feature","properties":{"ROL":"V-801","NOMBRE_CAMINO":"Ilque - Los Pinis","CLASIFICACION":"Camino Regional de Acceso","CALZADA":null,"tmda":null},"geometry":{"type":"LineString","coordinates":[[-73.10057,-41.62541],[-73.11588,-41.62528]]}},{"id":"11159","type":"Feature","properties":{"ROL":"V-849","NOMBRE_CAMINO":"San Antonio - Chuyegua","CLASIFICACION":"Camino Regional de Acceso","CALZADA":null,"tmda":null},"geometry":{"type":"LineString","coordinates":[[-73.23299,-41.77457],[-73.23359,-41.77825],[-73.23045,-41.787],[-73.23258,-41.79325],[-73.23718,-41.80088],[-73.24311,-41.79962],[-73.24594,-41.7946]]}},{"id":"11160","type":"Feature","properties":{"ROL":"V-918","NOMBRE_CAMINO":"El Peñol - Cerros del Peñol","CLASIFICACION":"Camino Regional de Acceso","CALZADA":null,"tmda":null},"geometry":{"type":"LineString","coordinates":[[-73.42924,-41.64183],[-73.4405,-41.64072]]}},{"id":"11161","type":"Feature","properties":{"ROL":"W-218","NOMBRE_CAMINO":"Nal - Yuste - Fuerte Ahui","CLASIFICACION":"Camino Regional Comunal","CALZADA":null,"tmda":null},"geometry":{"type":"LineString","coordinates":[[-73.92517,-41.82101],[-73.92039,-41.82249],[-73.91601,-41.82139],[-73.90341,-41.82372],[-73.89839,-41.82062],[-73.89513,-41.82022],[-73.88941,-41.81512],[-73.88524,-41.81549],[-73.8743,-41.82217],[-73.87048,-41.82715],[-73.86587,-41.83016],[-73.8586,-41.83101]]}},{"id":"11162","type":"Feature","properties":{"ROL":"V-819","NOMBRE_CAMINO":"Cruce Ruta 5 (Barra) - Los Pinis","CLASIFICACION":"Camino Regional Comunal","CALZADA":null,"tmda":null},"geometry":{"type":"LineString","coordinates":[[-73.09549,-41.52508],[-73.09423,-41.52697],[-73.09678,-41.53144],[-73.09717,-41.53644],[-73.10171,-41.54221],[-73.10474,-41.54867],[-73.10743,-41.56251],[-73.11467,-41.5762],[-73.11522,-41.58123],[-73.11839,-41.58815],[-73.11003,-41.59112],[-73.10496,-41.59084]]}},{"id":"11163","type":"Feature","properties":{"ROL":"V-904","NOMBRE_CAMINO":"Las Chilcas - Huimán","CLASIFICACION":"Camino Regional de Acceso","CALZADA":null,"tmda":null},"geometry":{"type":"LineString","coordinates":[[-73.53493,-41.69851],[-73.5345,-41.71338],[-73.53026,-41.72318],[-73.51461,-41.74387],[-73.51502,-41.74859]]}},{"id":"11164","type":"Feature","properties":{"ROL":"V-865","NOMBRE_CAMINO":"San José - Punta Quihua","CLASIFICACION":"Camino Regional de Acceso","CALZADA":null,"tmda":null},"geometry":{"type":"LineString","coordinates":[[-73.19423,-41.78479],[-73.18774,-41.78523],[-73.17766,-41.78841],[-73.1654,-41.78241],[-73.16093,-41.78357]]}},{"id":"11165","type":"Feature","properties":{"ROL":"W-128","NOMBRE_CAMINO":"Pulalun - Caleta Los Chonos","CLASIFICACION":"Camino Regional Comunal","CALZADA":null,"tmda":null},"geometry":{"type":"LineString","coordinates":[[-74.00605,-41.84488],[-74.0112,-41.84702],[-74.0206,-41.84613],[-74.02622,-41.84789],[-74.03577,-41.84553]]}},{"id":"11166","type":"Feature","properties":{"ROL":"W-260","NOMBRE_CAMINO":"Nal - Punta Rangui","CLASIFICACION":"Camino Regional de Acceso","CALZADA":null,"tmda":null},"geometry":{"type":"LineString","coordinates":[[-73.92661,-41.83947],[-73.93538,-41.84]]}},{"id":"11167","type":"Feature","properties":{"ROL":"W-108","NOMBRE_CAMINO":"Caulín Bajo - Punta Pugueñún","CLASIFICACION":"Camino Regional de Acceso","CALZADA":null,"tmda":null},"geometry":{"type":"LineString","coordinates":[[-73.63834,-41.82308],[-73.64251,-41.81888],[-73.64282,-41.81018],[-73.64623,-41.80483],[-73.65455,-41.80405],[-73.65734,-41.80247]]}},{"id":"11168","type":"Feature","properties":{"ROL":"W-207","NOMBRE_CAMINO":"Colo - Capilla Colo","CLASIFICACION":"Camino Regional de Acceso","CALZADA":null,"tmda":null},"geometry":{"type":"LineString","coordinates":[[-73.41805,-42.26965],[-73.41554,-42.26722],[-73.41232,-42.26645],[-73.41052,-42.26409],[-73.40413,-42.26289],[-73.40112,-42.26075],[-73.40155,-42.25917]]}},{"id":"11169","type":"Feature","properties":{"ROL":"V-813","NOMBRE_CAMINO":"La Fisca - Estero Guauda","CLASIFICACION":"Camino Regional de Acceso","CALZADA":null,"tmda":null},"geometry":{"type":"LineString","coordinates":[[-73.21782,-41.61454],[-73.2153,-41.61348],[-73.20418,-41.61544]]}},{"id":"11170","type":"Feature","properties":{"ROL":"V-890","NOMBRE_CAMINO":"El Peñol - Río Cebadal","CLASIFICACION":"Camino Regional Comunal","CALZADA":null,"tmda":null},"geometry":{"type":"LineString","coordinates":[[-73.4192,-41.62734],[-73.4457,-41.61706],[-73.46462,-41.6132],[-73.50987,-41.59224]]}},{"id":"11171","type":"Feature","properties":{"ROL":"W-171","NOMBRE_CAMINO":"Metrenquén - La Tiza - Bellavista","CLASIFICACION":"Camino Regional de Acceso","CALZADA":null,"tmda":null},"geometry":{"type":"LineString","coordinates":[[-73.52392,-41.97017],[-73.52669,-41.97183],[-73.53047,-41.97943],[-73.52983,-41.9863],[-73.53552,-41.99248],[-73.536,-41.99566],[-73.5394,-41.99935],[-73.53692,-42.00546],[-73.53059,-42.01454],[-73.52421,-42.02957]]}},{"id":"11172","type":"Feature","properties":{"ROL":"V-734","NOMBRE_CAMINO":"La Manzana - Huichamilla - El Dadi","CLASIFICACION":"Camino Regional de Acceso","CALZADA":null,"tmda":null},"geometry":{"type":"LineString","coordinates":[[-73.6088,-41.61604],[-73.63039,-41.64163],[-73.6444,-41.65114],[-73.65761,-41.65649],[-73.65897,-41.66176],[-73.66195,-41.66571]]}},{"id":"11173","type":"Feature","properties":{"ROL":"V-909","NOMBRE_CAMINO":"Peñasmó - El Dao","CLASIFICACION":"Camino Regional de Acceso","CALZADA":null,"tmda":null},"geometry":{"type":"LineString","coordinates":[[-73.26974,-41.72912],[-73.26554,-41.73427],[-73.26419,-41.74193],[-73.26055,-41.74536],[-73.26043,-41.75173],[-73.25634,-41.75467],[-73.25492,-41.75874],[-73.25063,-41.76134]]}},{"id":"11174","type":"Feature","properties":{"ROL":"V-886","NOMBRE_CAMINO":"Cruce Ruta 5 (Cumbre del Barro) - Don Justo - Quebrada La Junta","CLASIFICACION":"Camino Regional Comunal","CALZADA":null,"tmda":null},"geometry":{"type":"LineString","coordinates":[[-73.38202,-41.64809],[-73.38754,-41.6524],[-73.40066,-41.64963],[-73.41596,-41.6487],[-73.42022,-41.64988],[-73.42409,-41.65326],[-73.43272,-41.6548]]}},{"id":"11175","type":"Feature","properties":{"ROL":"W-123","NOMBRE_CAMINO":"Puente Huelden - La Mecura","CLASIFICACION":"Camino Regional Comunal","CALZADA":null,"tmda":null},"geometry":{"type":"LineString","coordinates":[[-73.5424,-41.92359],[-73.53751,-41.92588],[-73.53608,-41.9247],[-73.52546,-41.92684],[-73.52009,-41.92615],[-73.51838,-41.92454]]}},{"id":"11176","type":"Feature","properties":{"ROL":"W-258","NOMBRE_CAMINO":"Huapilacuy - Yuste","CLASIFICACION":"Camino Regional Comunal","CALZADA":null,"tmda":null},"geometry":{"type":"LineString","coordinates":[[-73.91346,-41.80328],[-73.90881,-41.80088],[-73.90711,-41.80186],[-73.90242,-41.80121],[-73.90051,-41.80639],[-73.90247,-41.81043],[-73.892,-41.81506],[-73.89124,-41.81678]]}},{"id":"11177","type":"Feature","properties":{"ROL":"W-252","NOMBRE_CAMINO":"Cocotué - Tehuaco - Las Huachas","CLASIFICACION":"Camino Regional Comunal","CALZADA":null,"tmda":null},"geometry":{"type":"LineString","coordinates":[[-74.01047,-41.92861],[-74.0106,-41.93389],[-74.00521,-41.93376],[-74.0,-41.93724],[-73.99885,-41.94321],[-73.99971,-41.94669],[-73.99509,-41.95198],[-73.99715,-41.95483],[-73.99395,-41.95851],[-73.98516,-41.95979],[-73.98596,-41.96186],[-73.98212,-41.97526],[-73.97343,-41.98311],[-73.97502,-41.9915],[-73.96545,-42.0031],[-73.96241,-42.01899],[-73.964,-42.02146],[-73.95905,-42.02641],[-73.95008,-42.03144],[-73.94976,-42.03515],[-73.94335,-42.03983]]}},{"id":"11178","type":"Feature","properties":{"ROL":"V-759","NOMBRE_CAMINO":"Isla Puluqui: Llaicha - Punta Loicura - Chope","CLASIFICACION":"Camino Regional Comunal","CALZADA":null,"tmda":null},"geometry":{"type":"LineString","coordinates":[[-73.04812,-41.84125],[-73.05502,-41.84192],[-73.06335,-41.83947],[-73.07294,-41.83254],[-73.07649,-41.82888],[-73.07606,-41.8266],[-73.07741,-41.82475],[-73.07249,-41.82092]]}},{"id":"11179","type":"Feature","properties":{"ROL":"V-898","NOMBRE_CAMINO":"Los Arces - Los Loros","CLASIFICACION":"Camino Regional Comunal","CALZADA":null,"tmda":null},"geometry":{"type":"LineString","coordinates":[[-73.40587,-41.58623],[-73.40262,-41.58616],[-73.37935,-41.59402],[-73.36475,-41.59203],[-73.34664,-41.59602]]}},{"id":"11180","type":"Feature","properties":{"ROL":"V-728","NOMBRE_CAMINO":"Cruce Ruta 5 - Las Cahuellas","CLASIFICACION":"Camino Regional de Acceso","CALZADA":null,"tmda":null},"geometry":{"type":"LineString","coordinates":[[-73.02849,-41.49128],[-73.04721,-41.48516],[-73.05764,-41.48328]]}},{"id":"11181","type":"Feature","properties":{"ROL":"V-879","NOMBRE_CAMINO":"San Rafael - Cruce Oyarzún - Canal Quihua","CLASIFICACION":"Camino Regional Comunal","CALZADA":null,"tmda":null},"geometry":{"type":"LineString","coordinates":[[-73.15976,-41.75486],[-73.16681,-41.75888],[-73.17805,-41.7621],[-73.18451,-41.76116]]}},{"id":"11182","type":"Feature","properties":{"ROL":"V-948","NOMBRE_CAMINO":"Astillero - Punta Redonda","CLASIFICACION":"Camino Regional de Acceso","CALZADA":null,"tmda":null},"geometry":{"type":"LineString","coordinates":[[-73.60831,-41.75515],[-73.61495,-41.7621]]}},{"id":"11183","type":"Feature","properties":{"ROL":"V-855","NOMBRE_CAMINO":"Acceso a Laguna Troya","CLASIFICACION":"Camino Regional de Acceso","CALZADA":null,"tmda":null},"geometry":{"type":"LineString","coordinates":[[-73.13681,-41.66246],[-73.14195,-41.65972],[-73.14672,-41.65916]]}},{"id":"11184","type":"Feature","properties":{"ROL":"V-885","NOMBRE_CAMINO":"Isla Puluqui: Posta Perhue - Costero Peatonal","CLASIFICACION":"Camino Regional de Acceso","CALZADA":null,"tmda":null},"geometry":{"type":"LineString","coordinates":[[-72.99568,-41.8571],[-72.99348,-41.85597],[-72.99212,-41.84638]]}},{"id":"11185","type":"Feature","properties":{"ROL":"V-976","NOMBRE_CAMINO":"Galpones - Cariquilda","CLASIFICACION":"Camino Regional Comunal","CALZADA":null,"tmda":null},"geometry":{"type":"LineString","coordinates":[[-73.5049,-41.67841],[-73.51167,-41.67253],[-73.51573,-41.66349],[-73.52042,-41.66022],[-73.52881,-41.65788],[-73.53237,-41.65957],[-73.53869,-41.65917],[-73.54055,-41.66058],[-73.5295,-41.66526],[-73.51534,-41.67808]]}},{"id":"11186","type":"Feature","properties":{"ROL":"W-262","NOMBRE_CAMINO":"Escuela Sol del Pacífico - La Playa","CLASIFICACION":"Camino Regional de Acceso","CALZADA":null,"tmda":null},"geometry":{"type":"LineString","coordinates":[[-73.92829,-41.87379],[-73.93001,-41.86984],[-73.93593,-41.86894]]}},{"id":"11187","type":"Feature","properties":{"ROL":"V-857","NOMBRE_CAMINO":"Huelmo - Putenío","CLASIFICACION":"Camino Regional Comunal","CALZADA":null,"tmda":null},"geometry":{"type":"LineString","coordinates":[[-73.08041,-41.66318],[-73.08838,-41.66094],[-73.10229,-41.66274],[-73.1125,-41.65992],[-73.1215,-41.66278],[-73.12601,-41.66212],[-73.13499,-41.66374],[-73.13508,-41.67124]]}},{"id":"11188","type":"Feature","properties":{"ROL":"V-906","NOMBRE_CAMINO":"Cruce Ruta 5 (Galpones) - Cumbre La Bola","CLASIFICACION":"Camino Regional Comunal","CALZADA":null,"tmda":null},"geometry":{"type":"LineString","coordinates":[[-73.42533,-41.76518],[-73.42736,-41.76331],[-73.44517,-41.75764],[-73.45844,-41.75113],[-73.46001,-41.7472],[-73.46416,-41.7427],[-73.46541,-41.7385],[-73.46892,-41.73649],[-73.46763,-41.73102],[-73.47402,-41.72326],[-73.49108,-41.68815],[-73.49643,-41.68383],[-73.50053,-41.68278],[-73.5049,-41.67841]]}},{"id":"11189","type":"Feature","properties":{"ROL":"W-212","NOMBRE_CAMINO":"Los Robles - Chaicura","CLASIFICACION":"Camino Regional de Acceso","CALZADA":null,"tmda":null},"geometry":{"type":"LineString","coordinates":[[-73.87334,-41.83787],[-73.87051,-41.83942]]}},{"id":"11190","type":"Feature","properties":{"ROL":"V-747","NOMBRE_CAMINO":"Isla Puluqui: Posta Máchil","CLASIFICACION":"Camino Regional Comunal","CALZADA":null,"tmda":null},"geometry":{"type":"LineString","coordinates":[[-73.05276,-41.78603],[-73.05759,-41.782],[-73.05942,-41.77841],[-73.06623,-41.77604]]}},{"id":"11191","type":"Feature","properties":{"ROL":"V-881","NOMBRE_CAMINO":"Isla Quihua: Yaco Alto - Pasarela San Antonio","CLASIFICACION":"Camino Regional de Acceso","CALZADA":null,"tmda":null},"geometry":{"type":"LineString","coordinates":[[-73.215,-41.76398],[-73.21815,-41.76333],[-73.22456,-41.76585],[-73.23023,-41.76947],[-73.23234,-41.77353]]}},{"id":"11192","type":"Feature","properties":{"ROL":"W-187","NOMBRE_CAMINO":"Aucar - Guardiamó","CLASIFICACION":"Camino Regional de Acceso","CALZADA":null,"tmda":null},"geometry":{"type":"LineString","coordinates":[[-73.48345,-42.16917],[-73.468,-42.1676],[-73.46427,-42.16425],[-73.45654,-42.1699],[-73.45498,-42.17475],[-73.45091,-42.17846],[-73.43638,-42.18301],[-73.43097,-42.18734],[-73.42072,-42.18711],[-73.41887,-42.1896]]}},{"id":"11193","type":"Feature","properties":{"ROL":"V-739","NOMBRE_CAMINO":"Isla Puluqui: Estero Máchil - Estero Quinche","CLASIFICACION":"Camino Regional Comunal","CALZADA":null,"tmda":null},"geometry":{"type":"LineString","coordinates":[[-73.06609,-41.77271],[-73.06793,-41.77345],[-73.07219,-41.77239],[-73.07501,-41.76998],[-73.07625,-41.76541],[-73.07954,-41.7634],[-73.08151,-41.76367]]}},{"id":"11194","type":"Feature","properties":{"ROL":"W-148","NOMBRE_CAMINO":"Pilluco - Cabeza de Vaca N° 2","CLASIFICACION":"Camino Regional de Acceso","CALZADA":null,"tmda":null},"geometry":{"type":"LineString","coordinates":[[-73.92054,-41.89343],[-73.91842,-41.8971]]}},{"id":"11195","type":"Feature","properties":{"ROL":"V-853","NOMBRE_CAMINO":"Isla Puluqui: Perhue - Miramar","CLASIFICACION":"Camino Regional de Acceso","CALZADA":null,"tmda":null},"geometry":{"type":"LineString","coordinates":[[-73.00666,-41.84595],[-72.99223,-41.84345]]}},{"id":"11196","type":"Feature","properties":{"ROL":"W-112","NOMBRE_CAMINO":"Pugueñún - Pihuío","CLASIFICACION":"Camino Regional Comunal","CALZADA":null,"tmda":null},"geometry":{"type":"LineString","coordinates":[[-73.69635,-41.82503],[-73.6932,-41.82523],[-73.69068,-41.82717],[-73.69186,-41.83341],[-73.68712,-41.83674],[-73.68359,-41.84218],[-73.68845,-41.85306],[-73.69104,-41.85135],[-73.70088,-41.85165]]}},{"id":"11197","type":"Feature","properties":{"ROL":"W-250","NOMBRE_CAMINO":"Cruce Ruta 5 (Mechaico) - Coipomó","CLASIFICACION":"Camino Regional Comunal","CALZADA":null,"tmda":131.0},"geometry":{"type":"LineString","coordinates":[[-73.82871,-41.94085],[-73.82917,-41.9478],[-73.82792,-41.95166],[-73.82961,-41.95339],[-73.82629,-41.95579],[-73.83151,-41.95619],[-73.83418,-41.96025],[-73.84225,-41.96305],[-73.84506,-41.96741],[-73.85165,-41.97357],[-73.85951,-41.97405],[-73.86828,-41.98299],[-73.87013,-41.98888],[-73.87697,-41.99392],[-73.88138,-42.00132],[-73.8952,-42.01125],[-73.90108,-42.01736],[-73.90465,-42.02378]]}},{"id":"11198","type":"Feature","properties":{"ROL":"W-161","NOMBRE_CAMINO":"Lliuco - Estación Médica","CLASIFICACION":"Camino Regional de Acceso","CALZADA":null,"tmda":null},"geometry":{"type":"LineString","coordinates":[[-73.51424,-42.04298],[-73.51688,-42.04814],[-73.52624,-42.0523]]}},{"id":"11199","type":"Feature","properties":{"ROL":"V-733","NOMBRE_CAMINO":"Isla Puluqui: Garita Tihuel - Chauquear","CLASIFICACION":"Camino Regional Comunal","CALZADA":null,"tmda":null},"geometry":{"type":"LineString","coordinates":[[-73.01844,-41.83278],[-73.02458,-41.83265],[-73.02857,-41.83052],[-73.03455,-41.83146],[-73.03942,-41.829],[-73.04413,-41.82226],[-73.0435,-41.82611],[-73.0449,-41.82915],[-73.05129,-41.83086]]}},{"id":"11200","type":"Feature","properties":{"ROL":"V-867","NOMBRE_CAMINO":"Isla Quihua: Pureo","CLASIFICACION":"Camino Regional de Acceso","CALZADA":null,"tmda":null},"geometry":{"type":"LineString","coordinates":[[-73.21179,-41.78019],[-73.21782,-41.78502],[-73.21937,-41.78779],[-73.21882,-41.79389],[-73.2249,-41.79789]]}},{"id":"11201","type":"Feature","properties":{"ROL":"V-902","NOMBRE_CAMINO":"Chilcas - Astilleros","CLASIFICACION":"Camino Regional Comunal","CALZADA":null,"tmda":null},"geometry":{"type":"LineString","coordinates":[[-73.54124,-41.67649],[-73.53187,-41.69186],[-73.53505,-41.69871],[-73.54044,-41.70232],[-73.55048,-41.71988],[-73.55814,-41.72866],[-73.56586,-41.75408]]}},{"id":"11202","type":"Feature","properties":{"ROL":"W-203","NOMBRE_CAMINO":"San Juan - Senda Al Tajo","CLASIFICACION":"Camino Regional de Acceso","CALZADA":null,"tmda":null},"geometry":{"type":"LineString","coordinates":[[-73.69113,-41.92162],[-73.68096,-41.91803],[-73.67065,-41.91973],[-73.66883,-41.92161],[-73.66372,-41.9219]]}},{"id":"11203","type":"Feature","properties":{"ROL":"V-863","NOMBRE_CAMINO":"Huito - La Escuela - Rosario","CLASIFICACION":"Camino Regional Comunal","CALZADA":null,"tmda":null},"geometry":{"type":"LineString","coordinates":[[-73.15172,-41.69576],[-73.14477,-41.69613],[-73.14201,-41.69793],[-73.14139,-41.70639],[-73.14903,-41.71506],[-73.14816,-41.71928],[-73.1507,-41.72583],[-73.15089,-41.73223],[-73.15394,-41.73571],[-73.14707,-41.73896],[-73.13975,-41.74055]]}},{"id":"11204","type":"Feature","properties":{"ROL":"W-143","NOMBRE_CAMINO":"Manao - Hueihue N° 2","CLASIFICACION":"Camino Regional de Acceso","CALZADA":null,"tmda":null},"geometry":{"type":"LineString","coordinates":[[-73.51883,-41.89039],[-73.51987,-41.89452]]}},{"id":"11205","type":"Feature","properties":{"ROL":"W-212","NOMBRE_CAMINO":"Los Robles - Chaicura","CLASIFICACION":"Camino Regional de Acceso","CALZADA":null,"tmda":null},"geometry":{"type":"LineString","coordinates":[[-73.87051,-41.83942],[-73.87057,-41.84407],[-73.87666,-41.84572]]}},{"id":"11206","type":"Feature","properties":{"ROL":"V-911","NOMBRE_CAMINO":"Rulo - Estero Rulo","CLASIFICACION":"Camino Regional Comunal","CALZADA":null,"tmda":null},"geometry":{"type":"LineString","coordinates":[[-73.09697,-41.68975],[-73.09455,-41.6944],[-73.0955,-41.69788],[-73.0981,-41.69798],[-73.10228,-41.70305],[-73.09974,-41.70749],[-73.09422,-41.70784],[-73.094,-41.70999],[-73.09746,-41.71036],[-73.10264,-41.71309],[-73.1033,-41.71588],[-73.1054,-41.71393],[-73.11609,-41.71703]]}},{"id":"11207","type":"Feature","properties":{"ROL":"W-183","NOMBRE_CAMINO":"Montemar - Acceso Sur a Chaurahué","CLASIFICACION":"Camino Regional Comunal","CALZADA":null,"tmda":null},"geometry":{"type":"LineString","coordinates":[[-73.42466,-42.25518],[-73.41812,-42.25492],[-73.42013,-42.25143],[-73.40281,-42.24948],[-73.40935,-42.24574],[-73.41573,-42.23789],[-73.41708,-42.23377],[-73.41562,-42.23236]]}},{"id":"11208","type":"Feature","properties":{"ROL":"W-119","NOMBRE_CAMINO":"Tocoihue - Las Petas","CLASIFICACION":"Camino Regional de Acceso","CALZADA":null,"tmda":null},"geometry":{"type":"LineString","coordinates":[[-73.43683,-42.29982],[-73.43734,-42.2929],[-73.44264,-42.28698],[-73.44706,-42.28701]]}},{"id":"11209","type":"Feature","properties":{"ROL":"W-137","NOMBRE_CAMINO":"Chaurahué - Choén","CLASIFICACION":"Camino Regional de Acceso","CALZADA":null,"tmda":null},"geometry":{"type":"LineString","coordinates":[[-73.38802,-42.23269],[-73.38084,-42.22717],[-73.38411,-42.21629],[-73.38346,-42.21347],[-73.37817,-42.21273]]}},{"id":"11210","type":"Feature","properties":{"ROL":"W-260","NOMBRE_CAMINO":"Nal - Punta Rangui","CLASIFICACION":"Camino Regional de Acceso","CALZADA":null,"tmda":null},"geometry":{"type":"LineString","coordinates":[[-73.91491,-41.83925],[-73.92661,-41.83947]]}},{"id":"11211","type":"Feature","properties":{"ROL":"W-110","NOMBRE_CAMINO":"Cruce Ruta 5 - Caulín Bajo","CLASIFICACION":"Camino Regional Comunal","CALZADA":null,"tmda":null},"geometry":{"type":"LineString","coordinates":[[-73.615,-41.86627],[-73.61886,-41.8618],[-73.62573,-41.85808],[-73.62968,-41.85011],[-73.6289,-41.84282],[-73.63052,-41.83751],[-73.62697,-41.82853]]}},{"id":"11212","type":"Feature","properties":{"ROL":"W-206","NOMBRE_CAMINO":"Catruman - La Escuela","CLASIFICACION":"Camino Regional Comunal","CALZADA":null,"tmda":null},"geometry":{"type":"LineString","coordinates":[[-73.97305,-41.81693],[-73.97288,-41.82185],[-73.96645,-41.82374],[-73.96564,-41.82592],[-73.97117,-41.8278],[-73.97259,-41.83071],[-73.97776,-41.83029]]}},{"id":"11213","type":"Feature","properties":{"ROL":"V-751","NOMBRE_CAMINO":"Isla Puluqui: Caracolito - Poza Llaicha","CLASIFICACION":"Camino Regional Comunal","CALZADA":null,"tmda":null},"geometry":{"type":"LineString","coordinates":[[-73.00853,-41.84422],[-73.01129,-41.84552],[-73.01228,-41.84942],[-73.02112,-41.8509],[-73.02858,-41.8502]]}},{"id":"11214","type":"Feature","properties":{"ROL":"V-907","NOMBRE_CAMINO":"El Dao - La Escuela","CLASIFICACION":"Camino Regional Comunal","CALZADA":null,"tmda":null},"geometry":{"type":"LineString","coordinates":[[-73.29151,-41.76287],[-73.2896,-41.77414],[-73.27781,-41.77628],[-73.26875,-41.77024],[-73.25998,-41.76934],[-73.25802,-41.77084],[-73.25723,-41.77355],[-73.25283,-41.77293],[-73.24931,-41.77506],[-73.24159,-41.7744]]}},{"id":"11215","type":"Feature","properties":{"ROL":"W-167","NOMBRE_CAMINO":"Lliuco - La Estancia","CLASIFICACION":"Camino Regional de Acceso","CALZADA":null,"tmda":null},"geometry":{"type":"LineString","coordinates":[[-73.48898,-42.02996],[-73.49038,-42.03643],[-73.49374,-42.03843],[-73.49581,-42.04377],[-73.49847,-42.04415],[-73.50198,-42.04692],[-73.50392,-42.05455]]}},{"id":"11216","type":"Feature","properties":{"ROL":"V-743","NOMBRE_CAMINO":"Isla Puluqui: San Ramón - Estero Puluqui","CLASIFICACION":"Camino Regional Comunal","CALZADA":null,"tmda":null},"geometry":{"type":"LineString","coordinates":[[-73.06007,-41.73512],[-73.06521,-41.7366],[-73.06577,-41.73797],[-73.07132,-41.73811],[-73.07589,-41.74122],[-73.07735,-41.74395],[-73.06975,-41.74374],[-73.06634,-41.74495]]}},{"id":"11217","type":"Feature","properties":{"ROL":"V-884","NOMBRE_CAMINO":"Los Sánchez - La Escuela","CLASIFICACION":"Camino Regional de Acceso","CALZADA":null,"tmda":null},"geometry":{"type":"LineString","coordinates":[[-73.43386,-41.65824],[-73.42036,-41.66675],[-73.40161,-41.67465],[-73.39898,-41.67878]]}},{"id":"11218","type":"Feature","properties":{"ROL":"V-917","NOMBRE_CAMINO":"La Campana - Los Pinis","CLASIFICACION":"Camino Regional de Acceso","CALZADA":null,"tmda":null},"geometry":{"type":"LineString","coordinates":[[-73.20272,-41.63359],[-73.19286,-41.63641],[-73.19102,-41.63482],[-73.18388,-41.63445],[-73.18194,-41.63331],[-73.17113,-41.63504],[-73.16312,-41.62903],[-73.15453,-41.62766],[-73.1483,-41.62347],[-73.14702,-41.6199],[-73.14367,-41.61811]]}},{"id":"11219","type":"Feature","properties":{"ROL":"W-246","NOMBRE_CAMINO":"Coipomó - Río Negro","CLASIFICACION":"Camino Regional de Acceso","CALZADA":null,"tmda":49.0},"geometry":{"type":"LineString","coordinates":[[-73.92611,-42.04025],[-73.92698,-42.04305],[-73.92356,-42.04537],[-73.92298,-42.04871],[-73.92925,-42.05341]]}},{"id":"11220","type":"Feature","properties":{"ROL":"V-821","NOMBRE_CAMINO":"Ilque - Bahía Ilque","CLASIFICACION":"Camino Regional Comunal","CALZADA":null,"tmda":null},"geometry":{"type":"LineString","coordinates":[[-73.10057,-41.62541],[-73.08737,-41.6222],[-73.08377,-41.6229]]}},{"id":"11221","type":"Feature","properties":{"ROL":"V-893","NOMBRE_CAMINO":"Cruce Ruta 5 (Avellanal) - Ensenada Codihue (Abtao)","CLASIFICACION":"Camino Regional de Acceso","CALZADA":null,"tmda":null},"geometry":{"type":"LineString","coordinates":[[-73.41683,-41.7608],[-73.41338,-41.76356],[-73.40854,-41.76511],[-73.40772,-41.76667]]}},{"id":"11222","type":"Feature","properties":{"ROL":"W-104","NOMBRE_CAMINO":"Las Vegas - Puerto Elvira","CLASIFICACION":"Camino Regional Comunal","CALZADA":null,"tmda":null},"geometry":{"type":"LineString","coordinates":[[-73.56529,-41.82788],[-73.5677,-41.82124],[-73.5655,-41.8177],[-73.56699,-41.80623],[-73.56413,-41.80315],[-73.56598,-41.7994]]}},{"id":"11223","type":"Feature","properties":{"ROL":"W-205","NOMBRE_CAMINO":"Lliuco -Tubildad","CLASIFICACION":"Camino Regional Comunal","CALZADA":null,"tmda":null},"geometry":{"type":"LineString","coordinates":[[-73.47237,-42.03122],[-73.47726,-42.03775],[-73.48003,-42.03906],[-73.48358,-42.04759],[-73.48628,-42.04795],[-73.48729,-42.05055],[-73.48607,-42.0532],[-73.48841,-42.05525],[-73.49018,-42.0601],[-73.49425,-42.06259],[-73.49653,-42.06192],[-73.50213,-42.06315],[-73.50848,-42.06169],[-73.50868,-42.06482],[-73.51039,-42.0664],[-73.50864,-42.06871],[-73.5038,-42.07065],[-73.49907,-42.07646],[-73.50327,-42.09974],[-73.4997,-42.10477],[-73.49357,-42.10667],[-73.49348,-42.1078],[-73.48789,-42.11091]]}},{"id":"11224","type":"Feature","properties":{"ROL":"V-811","NOMBRE_CAMINO":"Huelmo - Huatral - San Agustín","CLASIFICACION":"Camino Regional Comunal","CALZADA":null,"tmda":null},"geometry":{"type":"LineString","coordinates":[[-73.07947,-41.6619],[-73.07774,-41.66266],[-73.07036,-41.66062],[-73.06695,-41.66161],[-73.06881,-41.66421],[-73.06797,-41.66631],[-73.06403,-41.66876],[-73.06099,-41.67838],[-73.05111,-41.69065],[-73.04826,-41.69672],[-73.0473,-41.70357],[-73.04865,-41.70783],[-73.05947,-41.71474]]}},{"id":"11225","type":"Feature","properties":{"ROL":"V-903","NOMBRE_CAMINO":"Chayahué - Punta Auco","CLASIFICACION":"Camino Regional de Acceso","CALZADA":null,"tmda":null},"geometry":{"type":"LineString","coordinates":[[-73.3636,-41.79467],[-73.36463,-41.79997],[-73.3629,-41.80309],[-73.35355,-41.80883],[-73.34944,-41.80994],[-73.34836,-41.80883]]}},{"id":"11226","type":"Feature","properties":{"ROL":"W-160","NOMBRE_CAMINO":"Cruce Ruta 5 (Huicha) - Caulín Bajo","CLASIFICACION":"Camino Regional Comunal","CALZADA":null,"tmda":null},"geometry":{"type":"LineString","coordinates":[[-73.69497,-41.82409],[-73.68158,-41.81854],[-73.66354,-41.82266],[-73.65437,-41.82279],[-73.65048,-41.8259],[-73.63836,-41.82308],[-73.63527,-41.82529],[-73.6278,-41.82627],[-73.62611,-41.82837]]}},{"id":"11227","type":"Feature","properties":{"ROL":"V-724","NOMBRE_CAMINO":"Cumbre Cortada - Pullencho","CLASIFICACION":"Camino Regional de Acceso","CALZADA":null,"tmda":null},"geometry":{"type":"LineString","coordinates":[[-73.20139,-41.42176],[-73.19229,-41.42597],[-73.17872,-41.4258]]}},{"id":"11228","type":"Feature","properties":{"ROL":"V-882","NOMBRE_CAMINO":"Manicitas - El Peñol","CLASIFICACION":"Camino Regional de Acceso","CALZADA":null,"tmda":null},"geometry":{"type":"LineString","coordinates":[[-73.44606,-41.66869],[-73.45919,-41.65894],[-73.46465,-41.65816]]}},{"id":"11229","type":"Feature","properties":{"ROL":"W-106","NOMBRE_CAMINO":"Cruce Ruta 5 - Puerto Elvira","CLASIFICACION":"Camino Regional Comunal","CALZADA":null,"tmda":null},"geometry":{"type":"LineString","coordinates":[[-73.55428,-41.84383],[-73.56518,-41.82789]]}},{"id":"11230","type":"Feature","properties":{"ROL":"W-263","NOMBRE_CAMINO":"Chovi - Playa","CLASIFICACION":"Camino Regional de Acceso","CALZADA":null,"tmda":null},"geometry":{"type":"LineString","coordinates":[[-73.5209,-42.33351],[-73.51908,-42.33415],[-73.51974,-42.33596],[-73.51725,-42.33749],[-73.51967,-42.33967]]}},{"id":"11231","type":"Feature","properties":{"ROL":"V-852","NOMBRE_CAMINO":"El Llolle - El Jardín","CLASIFICACION":"Camino Regional Comunal","CALZADA":null,"tmda":null},"geometry":{"type":"LineString","coordinates":[[-73.23781,-41.58875],[-73.24256,-41.58576],[-73.25304,-41.57561],[-73.25954,-41.57515],[-73.26668,-41.57846],[-73.27811,-41.58125],[-73.28347,-41.57675],[-73.28456,-41.57414],[-73.29264,-41.5711],[-73.29779,-41.56692],[-73.30565,-41.5565],[-73.31681,-41.55122],[-73.33219,-41.56196]]}},{"id":"11232","type":"Feature","properties":{"ROL":"V-888","NOMBRE_CAMINO":"Cumbres del Peñol - Las Trancas","CLASIFICACION":"Camino Regional Comunal","CALZADA":null,"tmda":null},"geometry":{"type":"LineString","coordinates":[[-73.46943,-41.63291],[-73.47399,-41.6296],[-73.47705,-41.6254]]}},{"id":"11233","type":"Feature","properties":{"ROL":"V-872","NOMBRE_CAMINO":"Puelpún - Los Arcos","CLASIFICACION":"Camino Regional Comunal","CALZADA":null,"tmda":null},"geometry":{"type":"LineString","coordinates":[[-73.43946,-41.54758],[-73.43817,-41.54531],[-73.44108,-41.54462],[-73.45137,-41.536],[-73.46221,-41.5368],[-73.46906,-41.54766]]}},{"id":"11234","type":"Feature","properties":{"ROL":"V-727","NOMBRE_CAMINO":"El Dao - El Muro","CLASIFICACION":"Camino Regional Comunal","CALZADA":null,"tmda":null},"geometry":{"type":"LineString","coordinates":[[-73.28295,-41.75271],[-73.27349,-41.75351],[-73.27257,-41.75502],[-73.26544,-41.75658],[-73.26356,-41.75565],[-73.25985,-41.75998],[-73.26055,-41.76251],[-73.25907,-41.76438],[-73.26177,-41.7663]]}},{"id":"11235","type":"Feature","properties":{"ROL":"W-146","NOMBRE_CAMINO":"Pilluco - Cabeza de Vaca N° 1","CLASIFICACION":"Camino Regional Comunal","CALZADA":null,"tmda":null},"geometry":{"type":"LineString","coordinates":[[-73.92688,-41.88565],[-73.91969,-41.88846],[-73.91932,-41.88978],[-73.91966,-41.89245],[-73.92303,-41.89653],[-73.92872,-41.89904],[-73.92854,-41.90035]]}},{"id":"11236","type":"Feature","properties":{"ROL":"V-845","NOMBRE_CAMINO":"Isla Quihua: San José - Yaco Bajo","CLASIFICACION":"Camino Regional Comunal","CALZADA":null,"tmda":null},"geometry":{"type":"LineString","coordinates":[[-73.20253,-41.78206],[-73.20102,-41.7762],[-73.19819,-41.77146],[-73.20008,-41.76752],[-73.19895,-41.76172],[-73.20441,-41.74908],[-73.21324,-41.74199]]}},{"id":"11237","type":"Feature","properties":{"ROL":"V-919","NOMBRE_CAMINO":"El Dao Centro - San Lorenzo","CLASIFICACION":"Camino Regional de Acceso","CALZADA":null,"tmda":null},"geometry":{"type":"LineString","coordinates":[[-73.28295,-41.75271],[-73.28626,-41.75175],[-73.29341,-41.74375],[-73.30556,-41.73863],[-73.31175,-41.73112]]}},{"id":"11238","type":"Feature","properties":{"ROL":"W-201","NOMBRE_CAMINO":"Montemar - Chaurahué","CLASIFICACION":"Camino Regional Comunal","CALZADA":null,"tmda":null},"geometry":{"type":"LineString","coordinates":[[-73.43551,-42.22744],[-73.4041,-42.23503],[-73.40103,-42.23479],[-73.3989,-42.23142],[-73.39653,-42.23095],[-73.39332,-42.22741],[-73.38802,-42.23269],[-73.38892,-42.23509],[-73.38737,-42.23631],[-73.37979,-42.23449],[-73.37784,-42.23665],[-73.37404,-42.23672],[-73.37184,-42.2382],[-73.36734,-42.2377],[-73.36305,-42.2388],[-73.36247,-42.24114]]}},{"id":"11239","type":"Feature","properties":{"ROL":"W-118","NOMBRE_CAMINO":"Cruce Ruta 5 - Huicha La Cumbre","CLASIFICACION":"Camino Regional Comunal","CALZADA":null,"tmda":null},"geometry":{"type":"LineString","coordinates":[[-73.6525,-41.87986],[-73.65978,-41.87504],[-73.67298,-41.87229],[-73.67674,-41.86965],[-73.68257,-41.86854],[-73.68841,-41.86183],[-73.69596,-41.85809],[-73.70083,-41.85166],[-73.71128,-41.85316],[-73.72822,-41.85327],[-73.73178,-41.85202],[-73.73286,-41.84993]]}},{"id":"11240","type":"Feature","properties":{"ROL":"V-922","NOMBRE_CAMINO":"El Jardín - Olmopulli - Puerto Olmopulli","CLASIFICACION":"Camino Regional Comunal","CALZADA":null,"tmda":null},"geometry":{"type":"LineString","coordinates":[[-73.32008,-41.58569],[-73.33953,-41.5926],[-73.3599,-41.60301],[-73.37027,-41.60623],[-73.37758,-41.60327],[-73.39017,-41.60238],[-73.39807,-41.59813],[-73.40142,-41.59437],[-73.4622,-41.5762],[-73.46879,-41.57332],[-73.46925,-41.57035]]}},{"id":"11241","type":"Feature","properties":{"ROL":"W-224","NOMBRE_CAMINO":"Yuste - Cayucán - Chaicura","CLASIFICACION":"Camino Regional Comunal","CALZADA":null,"tmda":null},"geometry":{"type":"LineString","coordinates":[[-73.90091,-41.82227],[-73.89947,-41.8252],[-73.89235,-41.83011],[-73.88981,-41.83389],[-73.87703,-41.83753],[-73.87295,-41.83767],[-73.8718,-41.83479],[-73.87367,-41.83269],[-73.87236,-41.83056],[-73.86805,-41.82854]]}},{"id":"11242","type":"Feature","properties":{"ROL":"V-832","NOMBRE_CAMINO":"Los Mancilla - Puerto Los Mancilla","CLASIFICACION":"Camino Regional de Acceso","CALZADA":null,"tmda":null},"geometry":{"type":"LineString","coordinates":[[-73.46264,-41.53713],[-73.47315,-41.53383],[-73.48127,-41.53694]]}},{"id":"11243","type":"Feature","properties":{"ROL":"W-191","NOMBRE_CAMINO":"Montemar - La Escuela","CLASIFICACION":"Camino Regional Comunal","CALZADA":null,"tmda":null},"geometry":{"type":"LineString","coordinates":[[-73.44891,-42.21625],[-73.45394,-42.2206],[-73.46828,-42.22457],[-73.47091,-42.22657],[-73.45782,-42.23627],[-73.44991,-42.25456],[-73.44591,-42.25665],[-73.43242,-42.25696],[-73.42848,-42.25986]]}},{"id":"11244","type":"Feature","properties":{"ROL":"V-735","NOMBRE_CAMINO":"Isla Puluqui: San Ramón - Máchil - Chauquear","CLASIFICACION":"Camino Regional Comunal","CALZADA":null,"tmda":null},"geometry":{"type":"LineString","coordinates":[[-73.05781,-41.74182],[-73.0654,-41.74429],[-73.06828,-41.74766],[-73.07154,-41.74801],[-73.07572,-41.75279],[-73.07326,-41.75807],[-73.07405,-41.76242],[-73.07143,-41.76588],[-73.0686,-41.76647],[-73.06892,-41.76788],[-73.06531,-41.77411],[-73.07617,-41.78519],[-73.07032,-41.78864],[-73.05165,-41.80489],[-73.04914,-41.81197],[-73.04416,-41.81704],[-73.04415,-41.82226]]}},{"id":"11245","type":"Feature","properties":{"ROL":"V-871","NOMBRE_CAMINO":"Isla Puluqui: Retén - Estero Chauquear","CLASIFICACION":"Camino Regional Comunal","CALZADA":null,"tmda":null},"geometry":{"type":"LineString","coordinates":[[-73.03571,-41.79734],[-73.05579,-41.80286]]}},{"id":"11246","type":"Feature","properties":{"ROL":"W-122","NOMBRE_CAMINO":"Guabún - Caleta Los Chonos","CLASIFICACION":"Camino Regional Comunal","CALZADA":null,"tmda":null},"geometry":{"type":"LineString","coordinates":[[-74.03827,-41.83123],[-74.03881,-41.83396],[-74.03727,-41.8376],[-74.03867,-41.84288],[-74.03582,-41.84427],[-74.03539,-41.84632]]}},{"id":"11247","type":"Feature","properties":{"ROL":"W-142","NOMBRE_CAMINO":"Quilo - Laguna Popetán","CLASIFICACION":"Camino Regional Comunal","CALZADA":null,"tmda":null},"geometry":{"type":"LineString","coordinates":[[-73.97912,-41.88473],[-73.9682,-41.89412],[-73.96134,-41.89492]]}},{"id":"11248","type":"Feature","properties":{"ROL":"V-841","NOMBRE_CAMINO":"Huito - Daitao","CLASIFICACION":"Camino Regional de Acceso","CALZADA":null,"tmda":null},"geometry":{"type":"LineString","coordinates":[[-73.18116,-41.72758],[-73.1838,-41.72848],[-73.18835,-41.72472],[-73.19045,-41.72097],[-73.19827,-41.71861],[-73.20627,-41.71821],[-73.21369,-41.72555],[-73.21464,-41.72964],[-73.21796,-41.7307],[-73.21815,-41.73327]]}},{"id":"11249","type":"Feature","properties":{"ROL":"V-925","NOMBRE_CAMINO":"Daitao - La Escuela","CLASIFICACION":"Camino Regional de Acceso","CALZADA":null,"tmda":null},"geometry":{"type":"LineString","coordinates":[[-73.21469,-41.72967],[-73.21237,-41.73321]]}},{"id":"11250","type":"Feature","properties":{"ROL":"V-809","NOMBRE_CAMINO":"Cruce Ruta 5 (Abtao Bajo) - La Playa","CLASIFICACION":"Camino Regional Comunal","CALZADA":null,"tmda":null},"geometry":{"type":"LineString","coordinates":[[-73.39713,-41.74885],[-73.39645,-41.75636],[-73.40025,-41.76258]]}},{"id":"11251","type":"Feature","properties":{"ROL":"W-240","NOMBRE_CAMINO":"Cruce Ruta 5 (Caracoles) - Caicumeo","CLASIFICACION":"Camino Regional Comunal","CALZADA":null,"tmda":null},"geometry":{"type":"LineString","coordinates":[[-73.8058,-41.9235],[-73.80865,-41.92438],[-73.81168,-41.92298],[-73.81746,-41.89976],[-73.81499,-41.89779],[-73.8161,-41.89773],[-73.81449,-41.89342],[-73.81586,-41.89108],[-73.81077,-41.88989],[-73.80536,-41.88231],[-73.80443,-41.87914],[-73.80687,-41.87752]]}},{"id":"11252","type":"Feature","properties":{"ROL":"V-829","NOMBRE_CAMINO":"Isla Huar: Choncoihue - Chucagua - Chancura","CLASIFICACION":"Camino Regional Comunal","CALZADA":null,"tmda":null},"geometry":{"type":"LineString","coordinates":[[-72.98638,-41.68297],[-72.98806,-41.68306],[-72.98979,-41.68642],[-72.98916,-41.68957],[-72.99247,-41.69192],[-72.99361,-41.69443],[-72.99301,-41.69837],[-72.99464,-41.70176],[-72.99316,-41.7061],[-72.98086,-41.71533],[-72.97449,-41.71848],[-72.9733,-41.72161],[-72.95937,-41.72094],[-72.95759,-41.71661],[-72.95937,-41.71499],[-72.96142,-41.70476],[-72.97904,-41.69499],[-72.98463,-41.69345],[-72.98927,-41.68975]]}},{"id":"11253","type":"Feature","properties":{"ROL":"V-913","NOMBRE_CAMINO":"Rosario - Siete Colinas","CLASIFICACION":"Camino Regional Comunal","CALZADA":null,"tmda":null},"geometry":{"type":"LineString","coordinates":[[-73.12055,-41.71268],[-73.11708,-41.71412],[-73.1144,-41.72321],[-73.10613,-41.73256],[-73.10351,-41.73746]]}},{"id":"11254","type":"Feature","properties":{"ROL":"W-133","NOMBRE_CAMINO":"Manao - Hueihue N° 1","CLASIFICACION":"Camino Regional Comunal","CALZADA":null,"tmda":null},"geometry":{"type":"LineString","coordinates":[[-73.5202,-41.88766],[-73.51548,-41.89539],[-73.51443,-41.89491]]}},{"id":"11255","type":"Feature","properties":{"ROL":"W-109","NOMBRE_CAMINO":"Aucar - Puchaurán","CLASIFICACION":"Camino Regional Comunal","CALZADA":null,"tmda":null},"geometry":{"type":"LineString","coordinates":[[-73.48212,-42.17054],[-73.48651,-42.17499],[-73.48942,-42.18618],[-73.49399,-42.18577],[-73.49662,-42.18779],[-73.51511,-42.20782],[-73.51502,-42.21665],[-73.51753,-42.22451],[-73.52481,-42.23345],[-73.52543,-42.23675],[-73.52962,-42.23764],[-73.53131,-42.2397],[-73.52766,-42.24881],[-73.52879,-42.25536],[-73.53192,-42.25896],[-73.52892,-42.264],[-73.52217,-42.26834],[-73.52251,-42.27318]]}},{"id":"11256","type":"Feature","properties":{"ROL":"W-228","NOMBRE_CAMINO":"Catruman - Las Huetas","CLASIFICACION":"Camino Regional de Acceso","CALZADA":null,"tmda":null},"geometry":{"type":"LineString","coordinates":[[-73.96791,-41.82303],[-73.96304,-41.8224],[-73.96047,-41.82028]]}},{"id":"11257","type":"Feature","properties":{"ROL":"V-781","NOMBRE_CAMINO":"Cochamó - El Bosque","CLASIFICACION":"Camino Regional de Acceso","CALZADA":null,"tmda":null},"geometry":{"type":"LineString","coordinates":[[-72.30974,-41.48982],[-72.30933,-41.48148],[-72.30732,-41.4794],[-72.30537,-41.48049],[-72.30389,-41.47365],[-72.29648,-41.47598],[-72.29281,-41.48045]]}},{"id":"11258","type":"Feature","properties":{"ROL":"W-159","NOMBRE_CAMINO":"Tenaún Alto - La Montaña","CLASIFICACION":"Camino Regional de Acceso","CALZADA":null,"tmda":null},"geometry":{"type":"LineString","coordinates":[[-73.37666,-42.31797],[-73.38258,-42.3126],[-73.38209,-42.30834],[-73.38662,-42.3054],[-73.38975,-42.30061]]}},{"id":"11259","type":"Feature","properties":{"ROL":"V-874","NOMBRE_CAMINO":"Misquihué - Los Arcos","CLASIFICACION":"Camino Regional Comunal","CALZADA":null,"tmda":null},"geometry":{"type":"LineString","coordinates":[[-73.38729,-41.53565],[-73.39327,-41.53408],[-73.39726,-41.53071],[-73.39826,-41.52602],[-73.4042,-41.52381],[-73.40699,-41.52091],[-73.40869,-41.52194],[-73.41065,-41.51996],[-73.41622,-41.51898],[-73.4352,-41.52175],[-73.43857,-41.5233],[-73.44377,-41.5261],[-73.44652,-41.53167],[-73.4514,-41.53601]]}},{"id":"11260","type":"Feature","properties":{"ROL":"W-116","NOMBRE_CAMINO":"Chacao - San Gayán","CLASIFICACION":"Camino Regional Comunal","CALZADA":null,"tmda":null},"geometry":{"type":"LineString","coordinates":[[-73.52852,-41.82656],[-73.52208,-41.82013],[-73.52463,-41.81747],[-73.53248,-41.8144],[-73.53403,-41.80749]]}},{"id":"11261","type":"Feature","properties":{"ROL":"V-887","NOMBRE_CAMINO":"Isla Puluqui: Retén - Pollollo","CLASIFICACION":"Camino Regional de Acceso","CALZADA":null,"tmda":null},"geometry":{"type":"LineString","coordinates":[[-73.03571,-41.79734],[-73.03136,-41.79568],[-73.03028,-41.79833],[-73.02716,-41.79852],[-73.0253,-41.80083],[-73.02392,-41.80076]]}},{"id":"11262","type":"Feature","properties":{"ROL":"W-117","NOMBRE_CAMINO":"Las Petas - Cuesta Alta - Puchaurán","CLASIFICACION":"Camino Regional Comunal","CALZADA":null,"tmda":null},"geometry":{"type":"LineString","coordinates":[[-73.4284,-42.26857],[-73.43729,-42.26802],[-73.44192,-42.26606],[-73.4482,-42.27164],[-73.45341,-42.27003],[-73.46507,-42.26268],[-73.46731,-42.26002],[-73.47306,-42.2576],[-73.47177,-42.25478],[-73.47502,-42.25325],[-73.47714,-42.25031],[-73.48354,-42.2471],[-73.48562,-42.25105],[-73.49087,-42.25104],[-73.49392,-42.25609],[-73.50108,-42.25818],[-73.50169,-42.26061],[-73.49776,-42.26672],[-73.49792,-42.27055],[-73.50105,-42.27418]]}},{"id":"11263","type":"Feature","properties":{"ROL":"V-859","NOMBRE_CAMINO":"Isla Huar: La Poza","CLASIFICACION":"Camino Regional de Acceso","CALZADA":null,"tmda":null},"geometry":{"type":"LineString","coordinates":[[-72.95792,-41.66511],[-72.95115,-41.66467],[-72.9467,-41.66979],[-72.93971,-41.67201],[-72.93633,-41.66954]]}},{"id":"11264","type":"Feature","properties":{"ROL":"V-981","NOMBRE_CAMINO":"Isla Puluqui: Garita Tihuel - Pollollo","CLASIFICACION":"Camino Regional Comunal","CALZADA":null,"tmda":null},"geometry":{"type":"LineString","coordinates":[[-73.01837,-41.83284],[-73.01588,-41.83207],[-73.01196,-41.83372],[-73.00498,-41.83343],[-73.00205,-41.8255],[-73.00477,-41.8188],[-73.004,-41.81767],[-73.00887,-41.81245],[-73.00922,-41.81023],[-73.01583,-41.80478]]}},{"id":"11265","type":"Feature","properties":{"ROL":"W-226","NOMBRE_CAMINO":"Catruman - La Playa","CLASIFICACION":"Camino Regional de Acceso","CALZADA":null,"tmda":null},"geometry":{"type":"LineString","coordinates":[[-73.96562,-41.82584],[-73.96357,-41.82632],[-73.96227,-41.82941],[-73.95814,-41.82935]]}},{"id":"11266","type":"Feature","properties":{"ROL":"V-803","NOMBRE_CAMINO":"Cruce Cárdenas - Putenío","CLASIFICACION":"Camino Regional Comunal","CALZADA":null,"tmda":null},"geometry":{"type":"LineString","coordinates":[[-73.09568,-41.63756],[-73.10862,-41.64387],[-73.11546,-41.64063],[-73.12358,-41.64281],[-73.12628,-41.64755],[-73.13359,-41.65064],[-73.13731,-41.65476],[-73.13684,-41.66241],[-73.13502,-41.66378]]}},{"id":"11267","type":"Feature","properties":{"ROL":"V-899","NOMBRE_CAMINO":"Chayahué - Peuque Bajo","CLASIFICACION":"Camino Regional de Acceso","CALZADA":null,"tmda":null},"geometry":{"type":"LineString","coordinates":[[-73.38831,-41.78668],[-73.38884,-41.78148],[-73.39593,-41.77818]]}},{"id":"11268","type":"Feature","properties":{"ROL":"V-736","NOMBRE_CAMINO":"Los Helechos - Las Violetas","CLASIFICACION":"Camino Regional de Acceso","CALZADA":null,"tmda":null},"geometry":{"type":"LineString","coordinates":[[-73.61725,-41.65552],[-73.62772,-41.65966],[-73.63532,-41.66438]]}},{"id":"11269","type":"Feature","properties":{"ROL":"V-866","NOMBRE_CAMINO":"La Pasada - Chanhue","CLASIFICACION":"Camino Regional Comunal","CALZADA":null,"tmda":null},"geometry":{"type":"LineString","coordinates":[[-73.59828,-41.60445],[-73.6054,-41.6025],[-73.61188,-41.59384],[-73.61926,-41.58736],[-73.63647,-41.57925],[-73.65177,-41.57689],[-73.65335,-41.58025],[-73.65292,-41.58299]]}},{"id":"11270","type":"Feature","properties":{"ROL":"W-111","NOMBRE_CAMINO":"Cruce Ruta 5 (Río Huenque) - Butamanga","CLASIFICACION":"Camino Regional Comunal","CALZADA":null,"tmda":null},"geometry":{"type":"LineString","coordinates":[[-73.59691,-41.85968],[-73.58813,-41.86669],[-73.5855,-41.87147],[-73.5817,-41.87238],[-73.57717,-41.86599],[-73.57735,-41.8632],[-73.56445,-41.85862],[-73.56131,-41.85875],[-73.54861,-41.85233]]}},{"id":"11271","type":"Feature","properties":{"ROL":"V-840","NOMBRE_CAMINO":"Cruce Ruta 5 (La Goleta) - Salto Chico","CLASIFICACION":"Camino Regional Comunal","CALZADA":null,"tmda":null},"geometry":{"type":"LineString","coordinates":[[-73.15933,-41.55002],[-73.16363,-41.55336],[-73.16982,-41.54648],[-73.18329,-41.53556],[-73.24028,-41.5145],[-73.26343,-41.49307],[-73.27416,-41.48691],[-73.27696,-41.48278]]}},{"id":"11272","type":"Feature","properties":{"ROL":"V-753","NOMBRE_CAMINO":"Isla Puluqui: Caracolito - Interior","CLASIFICACION":"Camino Regional Comunal","CALZADA":null,"tmda":null},"geometry":{"type":"LineString","coordinates":[[-73.01222,-41.8494],[-73.00992,-41.84902],[-73.01056,-41.85314]]}},{"id":"11273","type":"Feature","properties":{"ROL":"V-858","NOMBRE_CAMINO":"Cebadal - Pierna del Río","CLASIFICACION":"Camino Regional de Acceso","CALZADA":null,"tmda":null},"geometry":{"type":"LineString","coordinates":[[-73.41594,-41.616],[-73.42181,-41.61012],[-73.43346,-41.60495],[-73.44127,-41.5962]]}},{"id":"11274","type":"Feature","properties":{"ROL":"V-895","NOMBRE_CAMINO":"Cruce Ruta 5 - Chayahué","CLASIFICACION":"Camino Regional Comunal","CALZADA":null,"tmda":null},"geometry":{"type":"LineString","coordinates":[[-73.4255,-41.7665],[-73.42283,-41.76667]]}},{"id":"11275","type":"Feature","properties":{"ROL":"W-214","NOMBRE_CAMINO":"Pilluco - Escuela Sol del Pacífico","CLASIFICACION":"Camino Regional Comunal","CALZADA":null,"tmda":null},"geometry":{"type":"LineString","coordinates":[[-73.92933,-41.87819],[-73.92834,-41.8738],[-73.92605,-41.87357],[-73.92351,-41.87016],[-73.92071,-41.87034]]}},{"id":"11276","type":"Feature","properties":{"ROL":"V-749","NOMBRE_CAMINO":"Isla Puluqui: Cuatro Vientos - Chauquear","CLASIFICACION":"Camino Regional Comunal","CALZADA":null,"tmda":null},"geometry":{"type":"LineString","coordinates":[[-73.03023,-41.81604],[-73.03708,-41.81842],[-73.04414,-41.81734]]}},{"id":"11277","type":"Feature","properties":{"ROL":"V-876","NOMBRE_CAMINO":"Cruce Ruta 5 (Huayún) - Los Lingues","CLASIFICACION":"Camino Regional Comunal","CALZADA":null,"tmda":null},"geometry":{"type":"LineString","coordinates":[[-73.31049,-41.65566],[-73.33946,-41.64116],[-73.34666,-41.6283],[-73.3805,-41.62014],[-73.38211,-41.61798],[-73.3815,-41.61477],[-73.38339,-41.61112],[-73.38327,-41.60477],[-73.3847,-41.60308]]}},{"id":"11278","type":"Feature","properties":{"ROL":"W-189","NOMBRE_CAMINO":"Lliuco - La Montaña","CLASIFICACION":"Camino Regional Comunal","CALZADA":null,"tmda":null},"geometry":{"type":"LineString","coordinates":[[-73.47994,-42.02532],[-73.49114,-42.0308],[-73.50082,-42.03237],[-73.50333,-42.0345],[-73.50905,-42.03591],[-73.51376,-42.0404],[-73.51433,-42.04303],[-73.53087,-42.04687],[-73.53696,-42.04569]]}},{"id":"11279","type":"Feature","properties":{"ROL":"V-745","NOMBRE_CAMINO":"Isla Puluqui: Máchil Alto","CLASIFICACION":"Camino Regional Comunal","CALZADA":null,"tmda":null},"geometry":{"type":"LineString","coordinates":[[-73.04338,-41.77767],[-73.05908,-41.77611],[-73.06531,-41.77412]]}},{"id":"11280","type":"Feature","properties":{"ROL":"W-107","NOMBRE_CAMINO":"Cruce Ruta 5 - El Tepual","CLASIFICACION":"Camino Regional de Acceso","CALZADA":null,"tmda":null},"geometry":{"type":"LineString","coordinates":[[-73.6218,-41.86874],[-73.61491,-41.87725],[-73.61125,-41.87846],[-73.60293,-41.87593],[-73.60149,-41.8726],[-73.5989,-41.87092]]}},{"id":"11281","type":"Feature","properties":{"ROL":"V-761","NOMBRE_CAMINO":"Isla Puluqui: Chauquear - Chope","CLASIFICACION":"Camino Regional Comunal","CALZADA":null,"tmda":null},"geometry":{"type":"LineString","coordinates":[[-73.0443,-41.82244],[-73.04672,-41.82193],[-73.05844,-41.80948],[-73.07195,-41.80174],[-73.0743,-41.80164],[-73.07637,-41.80555],[-73.07997,-41.80732]]}},{"id":"11282","type":"Feature","properties":{"ROL":"W-177","NOMBRE_CAMINO":"Aucho - Huite - Tubildad","CLASIFICACION":"Camino Regional Comunal","CALZADA":null,"tmda":null},"geometry":{"type":"LineString","coordinates":[[-73.45789,-42.06668],[-73.45168,-42.06931],[-73.44113,-42.08066],[-73.4421,-42.08574],[-73.43888,-42.09758],[-73.44077,-42.10449],[-73.45939,-42.11308],[-73.47176,-42.11394],[-73.47264,-42.11576],[-73.47595,-42.11758],[-73.47946,-42.11129],[-73.48789,-42.11086]]}},{"id":"11283","type":"Feature","properties":{"ROL":"V-864","NOMBRE_CAMINO":"El Peñol - Los Cipreses","CLASIFICACION":"Camino Regional de Acceso","CALZADA":null,"tmda":null},"geometry":{"type":"LineString","coordinates":[[-73.4177,-41.62108],[-73.41199,-41.62253],[-73.41034,-41.62129],[-73.40309,-41.62167],[-73.3988,-41.62454],[-73.39827,-41.62646],[-73.39526,-41.62883],[-73.39563,-41.6304]]}},{"id":"11284","type":"Feature","properties":{"ROL":"V-886","NOMBRE_CAMINO":"Cruce Ruta 5 (Cumbre del Barro) - Don Justo - Quebrada La Junta","CLASIFICACION":"Camino Regional Comunal","CALZADA":null,"tmda":null},"geometry":{"type":"LineString","coordinates":[[-73.33234,-41.67939],[-73.35324,-41.6732],[-73.3751,-41.65236],[-73.38105,-41.64733],[-73.38202,-41.64809]]}},{"id":"11285","type":"Feature","properties":{"ROL":"V-880","NOMBRE_CAMINO":"El Peñol - Entre Ríos","CLASIFICACION":"Camino Regional de Acceso","CALZADA":null,"tmda":null},"geometry":{"type":"LineString","coordinates":[[-73.45789,-41.61443],[-73.4545,-41.60735],[-73.4583,-41.60318],[-73.48148,-41.59199]]}},{"id":"11286","type":"Feature","properties":{"ROL":"W-130","NOMBRE_CAMINO":"Guabún - Al Pacífico","CLASIFICACION":"Camino Regional de Acceso","CALZADA":null,"tmda":null},"geometry":{"type":"LineString","coordinates":[[-74.04974,-41.82949],[-74.05049,-41.83228],[-74.04791,-41.83921],[-74.04288,-41.84142],[-74.04237,-41.84403]]}},{"id":"11287","type":"Feature","properties":{"ROL":"W-221","NOMBRE_CAMINO":"Cogomó Alto - Camino a Río Negro","CLASIFICACION":"Camino Regional de Acceso","CALZADA":null,"tmda":null},"geometry":{"type":"LineString","coordinates":[[-73.74016,-42.01627],[-73.73475,-42.0186],[-73.73089,-42.01816]]}},{"id":"11288","type":"Feature","properties":{"ROL":"V-823","NOMBRE_CAMINO":"Punta Capacho - Huelmo","CLASIFICACION":"Camino Regional de Acceso","CALZADA":null,"tmda":null},"geometry":{"type":"LineString","coordinates":[[-73.06688,-41.66179],[-73.06642,-41.65899],[-73.06207,-41.65384],[-73.06351,-41.64664],[-73.06567,-41.64307]]}},{"id":"11289","type":"Feature","properties":{"ROL":"V-912","NOMBRE_CAMINO":"Cebadal - Cementerio","CLASIFICACION":"Camino Regional de Acceso","CALZADA":null,"tmda":null},"geometry":{"type":"LineString","coordinates":[[-73.47639,-41.60712],[-73.47886,-41.61101],[-73.49597,-41.61118],[-73.50419,-41.61333]]}},{"id":"11290","type":"Feature","properties":{"ROL":"W-197","NOMBRE_CAMINO":"Montemar - Queude","CLASIFICACION":"Camino Regional de Acceso","CALZADA":null,"tmda":null},"geometry":{"type":"LineString","coordinates":[[-73.42973,-42.21919],[-73.42649,-42.2186],[-73.40729,-42.20607],[-73.40198,-42.20856]]}},{"id":"11291","type":"Feature","properties":{"ROL":"V-731","NOMBRE_CAMINO":"El Dao - Cementerio","CLASIFICACION":"Camino Regional de Acceso","CALZADA":null,"tmda":null},"geometry":{"type":"LineString","coordinates":[[-73.29782,-41.76322],[-73.29613,-41.76659],[-73.29971,-41.77804]]}},{"id":"11292","type":"Feature","properties":{"ROL":"W-120","NOMBRE_CAMINO":"Cruce Ruta 5 (Chacao) - Caulín Alto","CLASIFICACION":"Camino Regional Comunal","CALZADA":null,"tmda":null},"geometry":{"type":"LineString","coordinates":[[-73.52373,-41.82857],[-73.52774,-41.82672],[-73.55037,-41.82332],[-73.55702,-41.82732],[-73.57132,-41.82791],[-73.57407,-41.82971],[-73.57969,-41.8276],[-73.58854,-41.82675],[-73.59157,-41.82332],[-73.59768,-41.82155],[-73.60203,-41.81705]]}},{"id":"11293","type":"Feature","properties":{"ROL":"V-842","NOMBRE_CAMINO":"Salto Chico - Los Pellines - Salto Grande","CLASIFICACION":"Camino Regional Comunal","CALZADA":null,"tmda":null},"geometry":{"type":"LineString","coordinates":[[-73.21622,-41.52358],[-73.22126,-41.52887],[-73.23128,-41.53291],[-73.2302,-41.53562],[-73.2277,-41.53664],[-73.22833,-41.54138],[-73.23861,-41.53917],[-73.24919,-41.54371],[-73.26076,-41.54389],[-73.26143,-41.54495],[-73.26635,-41.54393]]}},{"id":"11294","type":"Feature","properties":{"ROL":"W-105","NOMBRE_CAMINO":"Pumanzano - Troihue","CLASIFICACION":"Camino Regional de Acceso","CALZADA":null,"tmda":null},"geometry":{"type":"LineString","coordinates":[[-73.70522,-41.97111],[-73.71115,-41.9643],[-73.72129,-41.9602]]}},{"id":"11295","type":"Feature","properties":{"ROL":"W-222","NOMBRE_CAMINO":"Huichipulli - Mar Brava","CLASIFICACION":"Camino Regional Comunal","CALZADA":null,"tmda":null},"geometry":{"type":"LineString","coordinates":[[-73.96198,-41.88713],[-73.96798,-41.88378],[-73.97273,-41.8829],[-73.97534,-41.88278],[-73.9812,-41.88536],[-73.99138,-41.88488],[-74.00277,-41.86778],[-74.00111,-41.86441],[-74.01099,-41.86137],[-73.9983,-41.85439]]}},{"id":"11296","type":"Feature","properties":{"ROL":"V-783","NOMBRE_CAMINO":"Cochamó - Paso El León","CLASIFICACION":"Camino Regional de Acceso","CALZADA":null,"tmda":null},"geometry":{"type":"LineString","coordinates":[[-72.26254,-41.49491],[-72.25655,-41.49066],[-72.24805,-41.48704],[-72.2438,-41.47734],[-72.2324,-41.46772],[-72.23167,-41.46444],[-72.21924,-41.455]]}},{"id":"11297","type":"Feature","properties":{"ROL":"W-114","NOMBRE_CAMINO":"Pihuío - La Montaña","CLASIFICACION":"Camino Regional de Acceso","CALZADA":null,"tmda":null},"geometry":{"type":"LineString","coordinates":[[-73.69073,-41.82711],[-73.68342,-41.83205],[-73.67703,-41.83449],[-73.67313,-41.84117]]}},{"id":"11298","type":"Feature","properties":{"ROL":"V-785","NOMBRE_CAMINO":"El Cristo - Casa Máquinas","CLASIFICACION":"Camino Regional de Acceso","CALZADA":null,"tmda":null},"geometry":{"type":"LineString","coordinates":[[-72.3336,-41.49777],[-72.33361,-41.50422],[-72.33509,-41.50854],[-72.3397,-41.51322],[-72.33851,-41.5151],[-72.33982,-41.51695],[-72.33915,-41.52151]]}},{"id":"11299","type":"Feature","properties":{"ROL":"W-165","NOMBRE_CAMINO":"Pumanzano - Caipulli","CLASIFICACION":"Camino Regional Comunal","CALZADA":null,"tmda":null},"geometry":{"type":"LineString","coordinates":[[-73.69413,-41.91701],[-73.70307,-41.91887],[-73.7089,-41.92233],[-73.72091,-41.92071],[-73.72849,-41.90954],[-73.74315,-41.89959],[-73.74729,-41.89893]]}},{"id":"11300","type":"Feature","properties":{"ROL":"V-747","NOMBRE_CAMINO":"Isla Puluqui: Posta Máchil","CLASIFICACION":"Camino Regional Comunal","CALZADA":null,"tmda":null},"geometry":{"type":"LineString","coordinates":[[-73.04065,-41.78899],[-73.04454,-41.79086],[-73.04716,-41.78708],[-73.05276,-41.78603]]}},{"id":"11301","type":"Feature","properties":{"ROL":"W-119","NOMBRE_CAMINO":"Tocoihue - Las Petas","CLASIFICACION":"Camino Regional de Acceso","CALZADA":null,"tmda":null},"geometry":{"type":"LineString","coordinates":[[-73.44706,-42.28701],[-73.44934,-42.28464],[-73.44982,-42.28115],[-73.4609,-42.27002]]}},{"id":"11302","type":"Feature","properties":{"ROL":"W-254","NOMBRE_CAMINO":"Los Pinos - Ensenada Cuimio","CLASIFICACION":"Camino Regional de Acceso","CALZADA":null,"tmda":null},"geometry":{"type":"LineString","coordinates":[[-73.95529,-41.8202],[-73.95139,-41.81905],[-73.95013,-41.82343]]}},{"id":"11303","type":"Feature","properties":{"ROL":"V-838","NOMBRE_CAMINO":"Quebrada La Junta - Interior","CLASIFICACION":"Camino Regional de Acceso","CALZADA":null,"tmda":null},"geometry":{"type":"LineString","coordinates":[[-73.41596,-41.6487],[-73.41438,-41.64613]]}},{"id":"11304","type":"Feature","properties":{"ROL":"V-921","NOMBRE_CAMINO":"Isla Maillen : Puqueldón - Pitrén - El Estero","CLASIFICACION":"Camino Regional de Acceso","CALZADA":null,"tmda":null},"geometry":{"type":"LineString","coordinates":[[-73.00076,-41.55562],[-72.99583,-41.55343],[-72.99069,-41.55338],[-72.98768,-41.55385],[-72.98647,-41.55698],[-72.9826,-41.55464],[-72.97674,-41.55813],[-72.9763,-41.56745],[-72.97825,-41.56992],[-72.97444,-41.57059],[-72.97117,-41.57349],[-72.97125,-41.57687],[-72.96968,-41.57795],[-72.96939,-41.58116],[-72.98082,-41.5866],[-72.99852,-41.58517],[-73.00097,-41.58221],[-73.01339,-41.57837],[-73.01515,-41.57392],[-73.01445,-41.56573],[-73.01303,-41.56384],[-72.98647,-41.55698]]}},{"id":"11305","type":"Feature","properties":{"ROL":"V-835","NOMBRE_CAMINO":"Huelmo - San Agustín","CLASIFICACION":"Camino Regional Comunal","CALZADA":null,"tmda":null},"geometry":{"type":"LineString","coordinates":[[-73.08099,-41.68633],[-73.07703,-41.68865],[-73.07404,-41.69679],[-73.07421,-41.7033],[-73.06131,-41.7118],[-73.058,-41.71893]]}},{"id":"11306","type":"Feature","properties":{"ROL":"V-895","NOMBRE_CAMINO":"Cruce Ruta 5 - Chayahué","CLASIFICACION":"Camino Regional Comunal","CALZADA":null,"tmda":null},"geometry":{"type":"LineString","coordinates":[[-73.42283,-41.76667],[-73.41317,-41.77664],[-73.39747,-41.78367],[-73.35842,-41.79693],[-73.35988,-41.79753]]}},{"id":"11307","type":"Feature","properties":{"ROL":"W-202","NOMBRE_CAMINO":"Cayucán - Estero El Dique","CLASIFICACION":"Camino Regional de Acceso","CALZADA":null,"tmda":null},"geometry":{"type":"LineString","coordinates":[[-73.89153,-41.84082],[-73.90016,-41.83944]]}},{"id":"11308","type":"Feature","properties":{"ROL":"V-725","NOMBRE_CAMINO":"Puelo - Poicas","CLASIFICACION":"Camino Regional de Acceso","CALZADA":null,"tmda":null},"geometry":{"type":"LineString","coordinates":[[-72.28315,-41.6677],[-72.28455,-41.6736],[-72.28423,-41.68584],[-72.28569,-41.68696],[-72.28653,-41.6955],[-72.2834,-41.7068],[-72.28341,-41.71452],[-72.27874,-41.72107],[-72.27799,-41.72412],[-72.26737,-41.73487],[-72.26062,-41.74439],[-72.2491,-41.75343]]}},{"id":"11309","type":"Feature","properties":{"ROL":"W-124","NOMBRE_CAMINO":"Estero Chacao - Puerto Elvira","CLASIFICACION":"Camino Regional Comunal","CALZADA":null,"tmda":null},"geometry":{"type":"LineString","coordinates":[[-73.54806,-41.82032],[-73.55093,-41.8173],[-73.55755,-41.80414],[-73.56483,-41.80376]]}},{"id":"11310","type":"Feature","properties":{"ROL":"V-878","NOMBRE_CAMINO":"Puelpún - Pozo Gómez","CLASIFICACION":"Camino Regional de Acceso","CALZADA":null,"tmda":null},"geometry":{"type":"LineString","coordinates":[[-73.43115,-41.5456],[-73.42942,-41.54966],[-73.43258,-41.55219],[-73.43515,-41.55737],[-73.44591,-41.56985]]}},{"id":"11311","type":"Feature","properties":{"ROL":"V-905","NOMBRE_CAMINO":"Aguantao - Aucha Norte","CLASIFICACION":"Camino Regional de Acceso","CALZADA":null,"tmda":null},"geometry":{"type":"LineString","coordinates":[[-73.3208,-41.77039],[-73.31888,-41.76456],[-73.32324,-41.75581],[-73.31967,-41.75227],[-73.32007,-41.749]]}},{"id":"11312","type":"Feature","properties":{"ROL":"W-169","NOMBRE_CAMINO":"Manao - Punta Chilén","CLASIFICACION":"Camino Regional Comunal","CALZADA":null,"tmda":null},"geometry":{"type":"LineString","coordinates":[[-73.52231,-41.88592],[-73.52001,-41.88776],[-73.50703,-41.89136],[-73.49651,-41.89278],[-73.49124,-41.89488],[-73.48633,-41.89387],[-73.47575,-41.89802]]}},{"id":"11313","type":"Feature","properties":{"ROL":"V-726","NOMBRE_CAMINO":"Chaqueihua - Los Carrasco","CLASIFICACION":"Camino Regional de Acceso","CALZADA":null,"tmda":null},"geometry":{"type":"LineString","coordinates":[[-73.19148,-41.45361],[-73.19563,-41.45621],[-73.19461,-41.46367],[-73.19756,-41.46742],[-73.19979,-41.46714]]}},{"id":"11314","type":"Feature","properties":{"ROL":"V-883","NOMBRE_CAMINO":"Chayahué - Los Tiques","CLASIFICACION":"Camino Regional de Acceso","CALZADA":null,"tmda":null},"geometry":{"type":"LineString","coordinates":[[-73.37712,-41.79031],[-73.3805,-41.79337],[-73.38932,-41.79581],[-73.39165,-41.80278],[-73.38517,-41.80772]]}},{"id":"11315","type":"Feature","properties":{"ROL":"V-972","NOMBRE_CAMINO":"Astillero - Aínco","CLASIFICACION":"Camino Regional de Acceso","CALZADA":null,"tmda":null},"geometry":{"type":"LineString","coordinates":[[-73.55813,-41.76269],[-73.56204,-41.76431],[-73.57069,-41.76333],[-73.57713,-41.76539],[-73.59145,-41.76227]]}},{"id":"11316","type":"Feature","properties":{"ROL":"W-257","NOMBRE_CAMINO":"Las Quemas - Los Santanas","CLASIFICACION":"Camino Regional Comunal","CALZADA":null,"tmda":null},"geometry":{"type":"LineString","coordinates":[[-73.57699,-42.33108],[-73.57522,-42.33473],[-73.57105,-42.33765],[-73.57191,-42.34237],[-73.56922,-42.34607],[-73.56519,-42.34628]]}},{"id":"11317","type":"Feature","properties":{"ROL":"W-210","NOMBRE_CAMINO":"Pilluco - Huichipulli","CLASIFICACION":"Camino Regional Comunal","CALZADA":null,"tmda":null},"geometry":{"type":"LineString","coordinates":[[-73.92933,-41.87819],[-73.92954,-41.88231],[-73.92718,-41.88428],[-73.92664,-41.88802],[-73.93045,-41.88942],[-73.93087,-41.89122],[-73.93685,-41.89602],[-73.94866,-41.89557],[-73.9484,-41.89356],[-73.95759,-41.89196],[-73.95852,-41.88665]]}},{"id":"11318","type":"Feature","properties":{"ROL":"V-831","NOMBRE_CAMINO":"Isla Huar: Quetrolauquén - La Redonda - La Capilla","CLASIFICACION":"Camino Regional Comunal","CALZADA":null,"tmda":null},"geometry":{"type":"LineString","coordinates":[[-72.93734,-41.67763],[-72.93603,-41.68035],[-72.92889,-41.6847],[-72.92624,-41.68895],[-72.92275,-41.68968],[-72.92091,-41.69152],[-72.91618,-41.69104],[-72.90296,-41.69633],[-72.89282,-41.69456],[-72.8934,-41.69156],[-72.89748,-41.68862],[-72.90146,-41.68042],[-72.90423,-41.68181],[-72.91672,-41.67773],[-72.92005,-41.67812],[-72.92255,-41.67525],[-72.9314,-41.67298],[-72.93454,-41.67397],[-72.93537,-41.67644],[-72.93734,-41.67763]]}},{"id":"11319","type":"Feature","properties":{"ROL":"V-873","NOMBRE_CAMINO":"Isla Puluqui: Chope - Punta Chéchil","CLASIFICACION":"Camino Regional de Acceso","CALZADA":null,"tmda":null},"geometry":{"type":"LineString","coordinates":[[-73.07119,-41.82044],[-73.07222,-41.81996],[-73.07149,-41.81565],[-73.08052,-41.80674],[-73.08319,-41.80226],[-73.09753,-41.79267],[-73.10047,-41.79338]]}},{"id":"11320","type":"Feature","properties":{"ROL":"W-173","NOMBRE_CAMINO":"Puente La Máquina - Río Negro","CLASIFICACION":"Camino Regional de Acceso","CALZADA":null,"tmda":null},"geometry":{"type":"LineString","coordinates":[[-73.55077,-41.96726],[-73.5504,-41.97053],[-73.54709,-41.97608],[-73.54932,-41.97981],[-73.55314,-41.9816],[-73.55581,-41.99141],[-73.56226,-41.99334]]}},{"id":"11321","type":"Feature","properties":{"ROL":"V-729","NOMBRE_CAMINO":"Llanada Grande - Puerto Urrutia","CLASIFICACION":"Camino Regional de Acceso","CALZADA":null,"tmda":null},"geometry":{"type":"LineString","coordinates":[[-71.9101,-41.92088],[-71.91339,-41.91994],[-71.9219,-41.921],[-71.92551,-41.92409],[-71.92783,-41.92384],[-71.92829,-41.92782],[-71.92649,-41.93409]]}},{"id":"11322","type":"Feature","properties":{"ROL":"W-101","NOMBRE_CAMINO":"Coñimó - Alto La Mecura","CLASIFICACION":"Camino Regional Comunal","CALZADA":null,"tmda":null},"geometry":{"type":"LineString","coordinates":[[-73.53923,-41.91435],[-73.53341,-41.90763],[-73.51973,-41.90829],[-73.51793,-41.90693],[-73.51467,-41.90806],[-73.51194,-41.91248],[-73.51111,-41.91665],[-73.51464,-41.91884],[-73.51361,-41.92351],[-73.51714,-41.92483],[-73.52332,-41.9226],[-73.5257,-41.92016],[-73.53948,-41.91575]]}},{"id":"11323","type":"Feature","properties":{"ROL":"W-244","NOMBRE_CAMINO":"Los Pinos - La Playa","CLASIFICACION":"Camino Regional Comunal","CALZADA":null,"tmda":null},"geometry":{"type":"LineString","coordinates":[[-73.9673,-41.81433],[-73.95894,-41.81601],[-73.95454,-41.82118],[-73.95586,-41.82549],[-73.95403,-41.82676],[-73.95312,-41.82609]]}},{"id":"11324","type":"Feature","properties":{"ROL":"V-827","NOMBRE_CAMINO":"Isla Huar: Choncoihue - Alfaro - Quetrolauquén","CLASIFICACION":"Camino Regional Comunal","CALZADA":null,"tmda":null},"geometry":{"type":"LineString","coordinates":[[-72.98638,-41.68297],[-72.9917,-41.67847],[-72.98903,-41.67257],[-72.99,-41.67111],[-72.9743,-41.66603],[-72.96599,-41.66727],[-72.95792,-41.66511],[-72.95597,-41.66804],[-72.94705,-41.67048],[-72.94041,-41.67696],[-72.93734,-41.67763]]}},{"id":"11325","type":"Feature","properties":{"ROL":"V-914","NOMBRE_CAMINO":"Variante Chuyaquén - El Balseo","CLASIFICACION":"Camino Regional de Acceso","CALZADA":null,"tmda":null},"geometry":{"type":"LineString","coordinates":[[-73.54726,-41.62152],[-73.56373,-41.62276]]}},{"id":"11326","type":"Feature","properties":{"ROL":"V-944","NOMBRE_CAMINO":"Las Chilcas - Río Luisa","CLASIFICACION":"Camino Regional de Acceso","CALZADA":null,"tmda":null},"geometry":{"type":"LineString","coordinates":[[-73.53311,-41.69454],[-73.52443,-41.70138],[-73.5212,-41.70206],[-73.51841,-41.70545],[-73.51513,-41.70618],[-73.51145,-41.71123],[-73.51238,-41.7139]]}},{"id":"11327","type":"Feature","properties":{"ROL":"V-834","NOMBRE_CAMINO":"Monte Verde - El Gato Colorado","CLASIFICACION":"Camino Regional Comunal","CALZADA":null,"tmda":null},"geometry":{"type":"LineString","coordinates":[[-73.17411,-41.50614],[-73.17199,-41.49484],[-73.17684,-41.49158],[-73.18081,-41.48586],[-73.18591,-41.48188],[-73.19943,-41.48483],[-73.21873,-41.47648],[-73.22957,-41.47796],[-73.23783,-41.48162]]}},{"id":"11328","type":"Feature","properties":{"ROL":"V-736","NOMBRE_CAMINO":"Los Helechos - Las Violetas","CLASIFICACION":"Camino Regional de Acceso","CALZADA":null,"tmda":null},"geometry":{"type":"LineString","coordinates":[[-73.59292,-41.62812],[-73.59551,-41.63055]]}},{"id":"11329","type":"Feature","properties":{"ROL":"V-875","NOMBRE_CAMINO":"San Rafael - Estero Yale","CLASIFICACION":"Camino Regional Comunal","CALZADA":null,"tmda":null},"geometry":{"type":"LineString","coordinates":[[-73.16464,-41.75279],[-73.18244,-41.75479],[-73.18483,-41.75321],[-73.18472,-41.7512],[-73.19017,-41.74552],[-73.18956,-41.74343],[-73.19204,-41.74404]]}},{"id":"11330","type":"Feature","properties":{"ROL":"W-141","NOMBRE_CAMINO":"San Juan - Senda del Medio","CLASIFICACION":"Camino Regional de Acceso","CALZADA":null,"tmda":null},"geometry":{"type":"LineString","coordinates":[[-73.68404,-41.89124],[-73.6766,-41.90133]]}},{"id":"11331","type":"Feature","properties":{"ROL":"V-923","NOMBRE_CAMINO":"Rulo - Variante Estero Rulo","CLASIFICACION":"Camino Regional Comunal","CALZADA":null,"tmda":null},"geometry":{"type":"LineString","coordinates":[[-73.09965,-41.6896],[-73.10146,-41.69196],[-73.09798,-41.69795]]}},{"id":"11332","type":"Feature","properties":{"ROL":"V-830","NOMBRE_CAMINO":"Cruce Ruta 5 (Monte Verde) - Colonia El Gato","CLASIFICACION":"Camino Regional Comunal","CALZADA":null,"tmda":null},"geometry":{"type":"LineString","coordinates":[[-73.12138,-41.52852],[-73.13076,-41.52191],[-73.14072,-41.51832],[-73.14516,-41.51906],[-73.156,-41.51654],[-73.16229,-41.51171],[-73.16616,-41.51142],[-73.16706,-41.50913],[-73.17165,-41.5062],[-73.17438,-41.50618],[-73.18868,-41.51356],[-73.2093,-41.50342]]}},{"id":"11333","type":"Feature","properties":{"ROL":"V-889","NOMBRE_CAMINO":"Cruce Cárdenas - Huayún","CLASIFICACION":"Camino Regional de Acceso","CALZADA":null,"tmda":null},"geometry":{"type":"LineString","coordinates":[[-73.2379,-41.69356],[-73.24252,-41.70571],[-73.2409,-41.71182],[-73.24236,-41.71354],[-73.24517,-41.71356]]}},{"id":"11334","type":"Feature","properties":{"ROL":"W-193","NOMBRE_CAMINO":"Aucho - La Playa","CLASIFICACION":"Camino Regional de Acceso","CALZADA":null,"tmda":null},"geometry":{"type":"LineString","coordinates":[[-73.45743,-42.06587],[-73.45276,-42.06424],[-73.44607,-42.06441],[-73.43201,-42.06038],[-73.42623,-42.06472],[-73.42676,-42.06558]]}},{"id":"11335","type":"Feature","properties":{"ROL":"V-730","NOMBRE_CAMINO":"Maullín - El Pangal","CLASIFICACION":"Camino Regional Comunal","CALZADA":null,"tmda":null},"geometry":{"type":"LineString","coordinates":[[-73.6088,-41.61604],[-73.61498,-41.6172],[-73.62182,-41.61566],[-73.62159,-41.61333],[-73.64515,-41.60738],[-73.64036,-41.60289]]}},{"id":"11336","type":"Feature","properties":{"ROL":"V-888","NOMBRE_CAMINO":"Cumbres del Peñol - Las Trancas","CLASIFICACION":"Camino Regional Comunal","CALZADA":null,"tmda":null},"geometry":{"type":"LineString","coordinates":[[-73.4319,-41.6511],[-73.43856,-41.64994],[-73.44389,-41.65092],[-73.45187,-41.64616],[-73.45602,-41.64569],[-73.45684,-41.64372],[-73.46943,-41.63291]]}},{"id":"11337","type":"Feature","properties":{"ROL":"W-157","NOMBRE_CAMINO":"Pumanzano - Huilqueco","CLASIFICACION":"Camino Regional de Acceso","CALZADA":null,"tmda":null},"geometry":{"type":"LineString","coordinates":[[-73.68376,-41.95906],[-73.69085,-41.9537],[-73.70071,-41.95288],[-73.71945,-41.94849],[-73.72752,-41.95006],[-73.73799,-41.9467],[-73.73872,-41.945],[-73.73588,-41.93922]]}},{"id":"11338","type":"Feature","properties":{"ROL":"V-732","NOMBRE_CAMINO":"El Pangal - Amortajado","CLASIFICACION":"Camino Regional de Acceso","CALZADA":null,"tmda":null},"geometry":{"type":"LineString","coordinates":[[-73.62194,-41.61561],[-73.63181,-41.62538],[-73.63802,-41.62976],[-73.64486,-41.63925],[-73.65205,-41.63641],[-73.66614,-41.64204],[-73.66831,-41.64179]]}},{"id":"11339","type":"Feature","properties":{"ROL":"W-135","NOMBRE_CAMINO":"Cruce Ruta 5 (Butamanga) - Manao","CLASIFICACION":"Camino Regional Comunal","CALZADA":null,"tmda":172.0},"geometry":{"type":"LineString","coordinates":[[-73.5541,-41.84376],[-73.53682,-41.87082],[-73.54126,-41.87533],[-73.53503,-41.87981]]}},{"id":"11340","type":"Feature","properties":{"ROL":"V-836","NOMBRE_CAMINO":"Huayún - Las Encinas","CLASIFICACION":"Camino Regional de Acceso","CALZADA":null,"tmda":null},"geometry":{"type":"LineString","coordinates":[[-73.3558,-41.62603],[-73.3593,-41.63915],[-73.35618,-41.64786]]}},{"id":"11341","type":"Feature","properties":{"ROL":"W-223","NOMBRE_CAMINO":"Cogomó - Cogomó Alto","CLASIFICACION":"Camino Regional Comunal","CALZADA":null,"tmda":null},"geometry":{"type":"LineString","coordinates":[[-73.75823,-41.9856],[-73.75702,-41.98938],[-73.75352,-41.99013],[-73.75078,-41.99301],[-73.74241,-41.99734],[-73.73587,-42.00611],[-73.74018,-42.0163],[-73.74808,-42.01618]]}},{"id":"11342","type":"Feature","properties":{"ROL":"V-825","NOMBRE_CAMINO":"La Campana - Putenío","CLASIFICACION":"Camino Regional Comunal","CALZADA":null,"tmda":null},"geometry":{"type":"LineString","coordinates":[[-73.19753,-41.65738],[-73.17754,-41.65318],[-73.16538,-41.66451],[-73.15809,-41.66682],[-73.15141,-41.66668],[-73.14626,-41.66959],[-73.14091,-41.66924],[-73.1351,-41.67121],[-73.13787,-41.67657],[-73.1374,-41.67963]]}},{"id":"11343","type":"Feature","properties":{"ROL":"V-897","NOMBRE_CAMINO":"Cruce Ruta 5 (Pargua Alta) - Los Tiques (Alonso de Ercilla)","CLASIFICACION":"Camino Regional Comunal","CALZADA":null,"tmda":null},"geometry":{"type":"LineString","coordinates":[[-73.44485,-41.78],[-73.43776,-41.77969],[-73.43167,-41.77789],[-73.41728,-41.77774],[-73.41493,-41.77621],[-73.41216,-41.77704]]}},{"id":"11344","type":"Feature","properties":{"ROL":"V-741","NOMBRE_CAMINO":"Isla Puluqui: Acceso a Estero Máchil","CLASIFICACION":"Camino Regional Comunal","CALZADA":null,"tmda":null},"geometry":{"type":"LineString","coordinates":[[-73.0722,-41.76504],[-73.07582,-41.766]]}},{"id":"11345","type":"Feature","properties":{"ROL":"W-121","NOMBRE_CAMINO":"El Quilar - Lapahue","CLASIFICACION":"Camino Regional de Acceso","CALZADA":null,"tmda":null},"geometry":{"type":"LineString","coordinates":[[-73.63359,-41.92559],[-73.61914,-41.94683]]}},{"id":"11346","type":"Feature","properties":{"ROL":"W-261","NOMBRE_CAMINO":"Cruce Ruta 5 (Antigua) - Puente Mechaico","CLASIFICACION":"Camino Regional Comunal","CALZADA":null,"tmda":null},"geometry":{"type":"LineString","coordinates":[[-73.80979,-41.92602],[-73.81199,-41.92871],[-73.81618,-41.92983],[-73.81805,-41.93374],[-73.82758,-41.93629],[-73.83162,-41.9362]]}},{"id":"11347","type":"Feature","properties":{"ROL":"V-856","NOMBRE_CAMINO":"Cruce Ruta 5 - Avellanal","CLASIFICACION":"Camino Regional de Acceso","CALZADA":null,"tmda":null},"geometry":{"type":"LineString","coordinates":[[-73.41089,-41.75702],[-73.4187,-41.74855],[-73.41878,-41.74715],[-73.41551,-41.747],[-73.41493,-41.74394]]}},{"id":"11348","type":"Feature","properties":{"ROL":"V-920","NOMBRE_CAMINO":"Colonia Pichi Maule - La Naranja","CLASIFICACION":"Camino Regional Comunal","CALZADA":null,"tmda":null},"geometry":{"type":"LineString","coordinates":[[-73.41168,-41.02061],[-73.41893,-41.01961],[-73.43353,-41.01392],[-73.45708,-41.01353],[-73.46527,-41.02027],[-73.46463,-41.02351],[-73.46585,-41.02554],[-73.46899,-41.02607],[-73.46694,-41.03283]]}},{"id":"11349","type":"Feature","properties":{"ROL":"W-127","NOMBRE_CAMINO":"Tocoihue - Colo","CLASIFICACION":"Camino Regional de Acceso","CALZADA":null,"tmda":null},"geometry":{"type":"LineString","coordinates":[[-73.41723,-42.30412],[-73.41345,-42.30053],[-73.40408,-42.29577],[-73.39945,-42.291]]}},{"id":"11350","type":"Feature","properties":{"ROL":"W-102","NOMBRE_CAMINO":"Pajal - Punta San Gayán","CLASIFICACION":"Camino Regional Comunal","CALZADA":null,"tmda":null},"geometry":{"type":"LineString","coordinates":[[-73.54894,-41.82347],[-73.54673,-41.81855],[-73.53926,-41.81085],[-73.53403,-41.80751],[-73.53466,-41.80545],[-73.54217,-41.8004]]}},{"id":"11351","type":"Feature","properties":{"ROL":"W-248","NOMBRE_CAMINO":"Cruce Ruta 5 - San Antonio","CLASIFICACION":"Camino Regional Comunal","CALZADA":null,"tmda":null},"geometry":{"type":"LineString","coordinates":[[-73.82163,-41.9581],[-73.82629,-41.95579]]}},{"id":"11352","type":"Feature","properties":{"ROL":"V-757","NOMBRE_CAMINO":"Aguantao - Pasarela Peatonal","CLASIFICACION":"Camino Regional Comunal","CALZADA":null,"tmda":null},"geometry":{"type":"LineString","coordinates":[[-73.27421,-41.77477],[-73.27374,-41.77718],[-73.26822,-41.77777],[-73.26353,-41.78124],[-73.25715,-41.77733],[-73.25084,-41.77668],[-73.24937,-41.77506]]}},{"id":"11353","type":"Feature","properties":{"ROL":"V-892","NOMBRE_CAMINO":"El Jardín - Algodonal N° 1","CLASIFICACION":"Camino Regional Comunal","CALZADA":null,"tmda":null},"geometry":{"type":"LineString","coordinates":[[-73.34214,-41.55614],[-73.34278,-41.55707],[-73.34161,-41.55808],[-73.34461,-41.56154],[-73.34512,-41.56486],[-73.34892,-41.56637],[-73.36347,-41.58149],[-73.38245,-41.58426],[-73.39787,-41.58264],[-73.40444,-41.58312]]}},{"id":"11354","type":"Feature","properties":{"ROL":"W-155","NOMBRE_CAMINO":"Chovi - Estero San Juan","CLASIFICACION":"Camino Regional de Acceso","CALZADA":null,"tmda":null},"geometry":{"type":"LineString","coordinates":[[-73.51729,-42.33744],[-73.51204,-42.34017]]}},{"id":"11355","type":"Feature","properties":{"ROL":"W-113","NOMBRE_CAMINO":"Cruce Ruta 5 (Mutrico) - Caipulli","CLASIFICACION":"Camino Regional Comunal","CALZADA":null,"tmda":null},"geometry":{"type":"LineString","coordinates":[[-73.76975,-41.86781],[-73.76728,-41.87219],[-73.75649,-41.87701],[-73.7482,-41.88581],[-73.74267,-41.89469],[-73.743,-41.89969]]}},{"id":"11356","type":"Feature","properties":{"ROL":"V-894","NOMBRE_CAMINO":"El Peñol - Pozo Copihue","CLASIFICACION":"Camino Regional Comunal","CALZADA":null,"tmda":null},"geometry":{"type":"LineString","coordinates":[[-73.43784,-41.62061],[-73.43935,-41.62324],[-73.44644,-41.62805],[-73.46026,-41.6349],[-73.46612,-41.63539]]}},{"id":"11357","type":"Feature","properties":{"ROL":"V-807","NOMBRE_CAMINO":"Abtao Bajo - Estero Los Cuervos","CLASIFICACION":"Camino Regional de Acceso","CALZADA":null,"tmda":null},"geometry":{"type":"LineString","coordinates":[[-73.39666,-41.75552],[-73.39944,-41.75606],[-73.4026,-41.75872],[-73.40327,-41.76388]]}},{"id":"11358","type":"Feature","properties":{"ROL":"V-870","NOMBRE_CAMINO":"Misquihué - Puelpún","CLASIFICACION":"Camino Regional Comunal","CALZADA":null,"tmda":null},"geometry":{"type":"LineString","coordinates":[[-73.39115,-41.5429],[-73.42509,-41.54356],[-73.43767,-41.54682],[-73.45332,-41.55303],[-73.45897,-41.5524],[-73.46928,-41.54768],[-73.48049,-41.55068],[-73.50074,-41.56208]]}},{"id":"11359","type":"Feature","properties":{"ROL":"W-199","NOMBRE_CAMINO":"Montemar - Choén","CLASIFICACION":"Camino Regional Comunal","CALZADA":null,"tmda":null},"geometry":{"type":"LineString","coordinates":[[-73.44015,-42.22126],[-73.42973,-42.21919],[-73.42294,-42.2236],[-73.41768,-42.2235],[-73.40856,-42.22749],[-73.38956,-42.21942],[-73.38645,-42.21928],[-73.38428,-42.21731],[-73.38835,-42.21494],[-73.38642,-42.21138]]}},{"id":"11360","type":"Feature","properties":{"ROL":"V-737","NOMBRE_CAMINO":"Isla Puluqui: Camino Tihuel","CLASIFICACION":"Camino Regional Comunal","CALZADA":null,"tmda":null},"geometry":{"type":"LineString","coordinates":[[-73.00895,-41.83374],[-73.00946,-41.82858],[-73.00609,-41.81782],[-73.00677,-41.81646],[-73.00542,-41.81572]]}},{"id":"11361","type":"Feature","properties":{"ROL":"W-144","NOMBRE_CAMINO":"Playa Lechagua - Acceso a Pauldeo","CLASIFICACION":"Camino Regional Comunal","CALZADA":null,"tmda":null},"geometry":{"type":"LineString","coordinates":[[-73.87931,-41.87987],[-73.88224,-41.88899]]}},{"id":"11362","type":"Feature","properties":{"ROL":"W-431","NOMBRE_CAMINO":"Huenuco - Playa Pellu","CLASIFICACION":"Camino Regional de Acceso","CALZADA":null,"tmda":null},"geometry":{"type":"LineString","coordinates":[[-73.71429,-42.49488],[-73.7178,-42.49016],[-73.72083,-42.48973],[-73.72494,-42.48628],[-73.73335,-42.48475],[-73.73404,-42.48359]]}},{"id":"11363","type":"Feature","properties":{"ROL":"W-521","NOMBRE_CAMINO":"Laguna Pulul - San Javier","CLASIFICACION":"Camino Regional Comunal","CALZADA":null,"tmda":null},"geometry":{"type":"LineString","coordinates":[[-73.60388,-42.41361],[-73.60533,-42.40866],[-73.60946,-42.40416],[-73.61142,-42.3998],[-73.61365,-42.39979],[-73.61656,-42.3954],[-73.62269,-42.39419],[-73.62495,-42.39193],[-73.62475,-42.38865]]}},{"id":"11364","type":"Feature","properties":{"ROL":"W-685","NOMBRE_CAMINO":"Chullec - Coñab","CLASIFICACION":"Camino Regional Comunal","CALZADA":null,"tmda":null},"geometry":{"type":"LineString","coordinates":[[-73.52388,-42.45949],[-73.52187,-42.46395],[-73.52159,-42.46832],[-73.51395,-42.47404],[-73.50804,-42.48602],[-73.49929,-42.49404]]}},{"id":"11365","type":"Feature","properties":{"ROL":"W-644","NOMBRE_CAMINO":"Canán - Vilupulli","CLASIFICACION":"Camino Regional Comunal","CALZADA":null,"tmda":null},"geometry":{"type":"LineString","coordinates":[[-73.81567,-42.57644],[-73.83022,-42.57985],[-73.83125,-42.58156],[-73.82881,-42.58409],[-73.82947,-42.58604],[-73.82792,-42.58853],[-73.82873,-42.59088],[-73.83333,-42.59464]]}},{"id":"11366","type":"Feature","properties":{"ROL":"W-600","NOMBRE_CAMINO":"Dicham - Curaco","CLASIFICACION":"Camino Regional Comunal","CALZADA":null,"tmda":null},"geometry":{"type":"LineString","coordinates":[[-73.82912,-42.61686],[-73.83064,-42.61631],[-73.83168,-42.61334],[-73.83058,-42.61193],[-73.83521,-42.61145],[-73.83618,-42.60967],[-73.83928,-42.609],[-73.84518,-42.60378]]}},{"id":"11367","type":"Feature","properties":{"ROL":"W-369","NOMBRE_CAMINO":"Teguel - Pupetra","CLASIFICACION":"Camino Regional de Acceso","CALZADA":null,"tmda":null},"geometry":{"type":"LineString","coordinates":[[-73.63035,-42.34108],[-73.63263,-42.33665],[-73.62842,-42.33324],[-73.62678,-42.32958],[-73.6284,-42.32343],[-73.62654,-42.32128],[-73.62642,-42.31565],[-73.61878,-42.30462],[-73.62469,-42.29275]]}},{"id":"11368","type":"Feature","properties":{"ROL":"W-526","NOMBRE_CAMINO":"Nercón - Los Aromos","CLASIFICACION":"Camino Regional de Acceso","CALZADA":null,"tmda":null},"geometry":{"type":"LineString","coordinates":[[-73.79011,-42.50639],[-73.79469,-42.50421],[-73.80114,-42.5045],[-73.80773,-42.50275]]}},{"id":"11369","type":"Feature","properties":{"ROL":"W-663","NOMBRE_CAMINO":"La Planchada - Alto","CLASIFICACION":"Camino Regional Comunal","CALZADA":null,"tmda":null},"geometry":{"type":"LineString","coordinates":[[-73.57736,-42.4517],[-73.58801,-42.45778]]}},{"id":"11370","type":"Feature","properties":{"ROL":"W-523","NOMBRE_CAMINO":"Liucura - Marico Playa","CLASIFICACION":"Camino Regional Comunal","CALZADA":null,"tmda":null},"geometry":{"type":"LineString","coordinates":[[-73.59774,-42.6347],[-73.59379,-42.63454],[-73.58879,-42.63636],[-73.58085,-42.63435]]}},{"id":"11371","type":"Feature","properties":{"ROL":"W-613","NOMBRE_CAMINO":"Pichicolo - Acceso a Río Pichicolo","CLASIFICACION":"Camino Regional de Acceso","CALZADA":null,"tmda":null},"geometry":{"type":"LineString","coordinates":[[-72.59607,-42.00503],[-72.58753,-42.00396],[-72.57724,-41.9971]]}},{"id":"11372","type":"Feature","properties":{"ROL":"W-637","NOMBRE_CAMINO":"Chaichaen - Liucura","CLASIFICACION":"Camino Regional de Acceso","CALZADA":null,"tmda":null},"geometry":{"type":"LineString","coordinates":[[-73.62699,-42.63808],[-73.62505,-42.64141],[-73.6219,-42.64314],[-73.62082,-42.65116],[-73.61617,-42.65318]]}},{"id":"11373","type":"Feature","properties":{"ROL":"W-330","NOMBRE_CAMINO":"Cruce Ruta 5 - Estación Palomar","CLASIFICACION":"Camino Regional Comunal","CALZADA":null,"tmda":null},"geometry":{"type":"LineString","coordinates":[[-73.815,-42.05874],[-73.81934,-42.07116],[-73.81714,-42.07871],[-73.80721,-42.07975],[-73.80405,-42.07668],[-73.79927,-42.0772],[-73.79685,-42.07915],[-73.78258,-42.07799],[-73.77983,-42.07649]]}},{"id":"11374","type":"Feature","properties":{"ROL":"W-475","NOMBRE_CAMINO":"Putemún - Caicumeo","CLASIFICACION":"Camino Regional de Acceso","CALZADA":null,"tmda":null},"geometry":{"type":"LineString","coordinates":[[-73.74095,-42.42067],[-73.7446,-42.41947],[-73.74689,-42.41419]]}},{"id":"11375","type":"Feature","properties":{"ROL":"W-567","NOMBRE_CAMINO":"Huyar Alto - Huyar Bajo - Palqui","CLASIFICACION":"Camino Regional Comunal","CALZADA":null,"tmda":null},"geometry":{"type":"LineString","coordinates":[[-73.5618,-42.40303],[-73.55712,-42.40123],[-73.55629,-42.40007],[-73.55712,-42.39796],[-73.55162,-42.39967],[-73.54848,-42.39934],[-73.54524,-42.40293],[-73.54173,-42.40168],[-73.52963,-42.41037],[-73.52833,-42.40967]]}},{"id":"11376","type":"Feature","properties":{"ROL":"W-773","NOMBRE_CAMINO":"Chonchi - Laguna Mayol","CLASIFICACION":"Camino Regional de Acceso","CALZADA":null,"tmda":259.0},"geometry":{"type":"LineString","coordinates":[[-73.76193,-42.63438],[-73.76963,-42.64123],[-73.77578,-42.64425],[-73.77703,-42.64776],[-73.78204,-42.65319]]}},{"id":"11377","type":"Feature","properties":{"ROL":"W-332","NOMBRE_CAMINO":"Cruce Ruta 5 (Tantauco) - Camino Viejo","CLASIFICACION":"Camino Regional Comunal","CALZADA":null,"tmda":null},"geometry":{"type":"LineString","coordinates":[[-73.7609,-42.09843],[-73.76194,-42.0985],[-73.76563,-42.10509],[-73.7656,-42.10782],[-73.75405,-42.11868]]}},{"id":"11378","type":"Feature","properties":{"ROL":"W-542","NOMBRE_CAMINO":"Nercón - La Montaña","CLASIFICACION":"Camino Regional Comunal","CALZADA":null,"tmda":null},"geometry":{"type":"LineString","coordinates":[[-73.79353,-42.49514],[-73.80809,-42.49578],[-73.8112,-42.49819],[-73.82136,-42.49638],[-73.82597,-42.49687],[-73.82992,-42.49278]]}},{"id":"11379","type":"Feature","properties":{"ROL":"W-491","NOMBRE_CAMINO":"Yutuy - Los Molinos","CLASIFICACION":"Camino Regional Comunal","CALZADA":null,"tmda":null},"geometry":{"type":"LineString","coordinates":[[-73.71765,-42.52775],[-73.72019,-42.52498],[-73.72494,-42.52303],[-73.74099,-42.5242]]}},{"id":"11380","type":"Feature","properties":{"ROL":"W-447","NOMBRE_CAMINO":"Rilán - La Isla","CLASIFICACION":"Camino Regional de Acceso","CALZADA":null,"tmda":null},"geometry":{"type":"LineString","coordinates":[[-73.65506,-42.53662],[-73.64951,-42.53684],[-73.64925,-42.53837],[-73.64293,-42.5423],[-73.64017,-42.54089]]}},{"id":"11381","type":"Feature","properties":{"ROL":"W-751","NOMBRE_CAMINO":"Tentelhue - Nao - Rolecha","CLASIFICACION":"Camino Regional Comunal","CALZADA":null,"tmda":null},"geometry":{"type":"LineString","coordinates":[[-72.84966,-41.90579],[-72.86309,-41.90704],[-72.87643,-41.91422],[-72.8685,-41.92243],[-72.85597,-41.92892],[-72.84957,-41.92827],[-72.84603,-41.91987]]}},{"id":"11382","type":"Feature","properties":{"ROL":"W-389","NOMBRE_CAMINO":"Astilleros - San José","CLASIFICACION":"Camino Regional Comunal","CALZADA":null,"tmda":null},"geometry":{"type":"LineString","coordinates":[[-73.67778,-42.39404],[-73.67482,-42.39654],[-73.6731,-42.4036],[-73.67412,-42.41413],[-73.67335,-42.41884],[-73.67583,-42.42581],[-73.67616,-42.43717]]}},{"id":"11383","type":"Feature","properties":{"ROL":"W-559","NOMBRE_CAMINO":"Quinchao - Acceso a Matao","CLASIFICACION":"Camino Regional de Acceso","CALZADA":null,"tmda":null},"geometry":{"type":"LineString","coordinates":[[-73.42209,-42.56462],[-73.42605,-42.5679],[-73.43629,-42.56829],[-73.44182,-42.57066],[-73.44012,-42.5709]]}},{"id":"11384","type":"Feature","properties":{"ROL":"W-659","NOMBRE_CAMINO":"Aldachildo - Puchilco","CLASIFICACION":"Camino Regional Comunal","CALZADA":null,"tmda":null},"geometry":{"type":"LineString","coordinates":[[-73.61237,-42.58738],[-73.60311,-42.59421],[-73.60426,-42.59563],[-73.60041,-42.59848],[-73.59958,-42.60203],[-73.59299,-42.60604],[-73.59094,-42.60545],[-73.5883,-42.60748],[-73.58706,-42.60708]]}},{"id":"11385","type":"Feature","properties":{"ROL":"W-541","NOMBRE_CAMINO":"Quilquico - Las Barrancas","CLASIFICACION":"Camino Regional Comunal","CALZADA":null,"tmda":null},"geometry":{"type":"LineString","coordinates":[[-73.70215,-42.46979],[-73.69877,-42.47972]]}},{"id":"11386","type":"Feature","properties":{"ROL":"W-515","NOMBRE_CAMINO":"Aldachildo - Chalihue","CLASIFICACION":"Camino Regional Comunal","CALZADA":null,"tmda":null},"geometry":{"type":"LineString","coordinates":[[-73.595,-42.58112],[-73.58585,-42.58355],[-73.58087,-42.58708],[-73.58152,-42.59466],[-73.58781,-42.59463]]}},{"id":"11387","type":"Feature","properties":{"ROL":"W-621","NOMBRE_CAMINO":"Acceso Cuchao - Aldachildo","CLASIFICACION":"Camino Regional Comunal","CALZADA":null,"tmda":null},"geometry":{"type":"LineString","coordinates":[[-73.65284,-42.60311],[-73.64702,-42.59836],[-73.6388,-42.59879],[-73.62142,-42.59459],[-73.61581,-42.58636],[-73.61372,-42.58614]]}},{"id":"11388","type":"Feature","properties":{"ROL":"W-811","NOMBRE_CAMINO":"Paildad - Aulén","CLASIFICACION":"Camino Regional de Acceso","CALZADA":null,"tmda":null},"geometry":{"type":"LineString","coordinates":[[-73.62344,-42.85332],[-73.62455,-42.85596],[-73.62729,-42.858],[-73.63359,-42.85976],[-73.63448,-42.86365],[-73.63674,-42.86425],[-73.63767,-42.86533],[-73.63695,-42.86608],[-73.63836,-42.86661]]}},{"id":"11389","type":"Feature","properties":{"ROL":"W-463","NOMBRE_CAMINO":"Palqui - Tres Cruces","CLASIFICACION":"Camino Regional de Acceso","CALZADA":null,"tmda":null},"geometry":{"type":"LineString","coordinates":[[-73.52408,-42.40138],[-73.52716,-42.40021],[-73.53179,-42.39578],[-73.53626,-42.3947]]}},{"id":"11390","type":"Feature","properties":{"ROL":"W-793","NOMBRE_CAMINO":"Pocatue - Huicha","CLASIFICACION":"Camino Regional Comunal","CALZADA":null,"tmda":null},"geometry":{"type":"LineString","coordinates":[[-73.74551,-42.64665],[-73.75101,-42.6504],[-73.75214,-42.65229],[-73.75173,-42.65467],[-73.75373,-42.65768],[-73.75018,-42.65848],[-73.74754,-42.65674],[-73.74374,-42.65907],[-73.73864,-42.65242],[-73.73565,-42.65046]]}},{"id":"11391","type":"Feature","properties":{"ROL":"W-531","NOMBRE_CAMINO":"Puyán - Laguna Hueico","CLASIFICACION":"Camino Regional Comunal","CALZADA":null,"tmda":null},"geometry":{"type":"LineString","coordinates":[[-73.70744,-42.49174],[-73.69876,-42.50189],[-73.69575,-42.50253],[-73.69193,-42.50674],[-73.68838,-42.50786],[-73.68752,-42.51069],[-73.68376,-42.51058],[-73.68026,-42.51378],[-73.67672,-42.51537],[-73.67325,-42.51521],[-73.67162,-42.51672]]}},{"id":"11392","type":"Feature","properties":{"ROL":"W-697","NOMBRE_CAMINO":"Tey - Pullao","CLASIFICACION":"Camino Regional Comunal","CALZADA":null,"tmda":null},"geometry":{"type":"LineString","coordinates":[[-73.70931,-42.45701],[-73.69589,-42.4614]]}},{"id":"11393","type":"Feature","properties":{"ROL":"W-302","NOMBRE_CAMINO":"El Pino - Río Negro","CLASIFICACION":"Camino Regional de Acceso","CALZADA":null,"tmda":null},"geometry":{"type":"LineString","coordinates":[[-73.88089,-42.02584],[-73.87676,-42.0469]]}},{"id":"11394","type":"Feature","properties":{"ROL":"W-501","NOMBRE_CAMINO":"San Agustín - Puerto Haro","CLASIFICACION":"Camino Regional Comunal","CALZADA":null,"tmda":null},"geometry":{"type":"LineString","coordinates":[[-73.62472,-42.62024],[-73.62924,-42.62821],[-73.63382,-42.63289],[-73.63431,-42.63805],[-73.63641,-42.64218]]}},{"id":"11395","type":"Feature","properties":{"ROL":"W-461","NOMBRE_CAMINO":"Cruce Ruta 5 (Mocopulli) - Puente Puacura","CLASIFICACION":"Camino Regional Comunal","CALZADA":null,"tmda":null},"geometry":{"type":"LineString","coordinates":[[-73.71136,-42.35523],[-73.71025,-42.35601],[-73.7107,-42.3582],[-73.70707,-42.36311],[-73.70779,-42.36924],[-73.7179,-42.37521],[-73.71624,-42.37709],[-73.71654,-42.38261],[-73.7115,-42.38608],[-73.71026,-42.38904],[-73.70784,-42.3908],[-73.70052,-42.39194],[-73.68619,-42.39869]]}},{"id":"11396","type":"Feature","properties":{"ROL":"W-505","NOMBRE_CAMINO":"Ducán - Curahue","CLASIFICACION":"Camino Regional Comunal","CALZADA":null,"tmda":null},"geometry":{"type":"LineString","coordinates":[[-73.69267,-42.54034],[-73.69507,-42.54856],[-73.68917,-42.55364]]}},{"id":"11397","type":"Feature","properties":{"ROL":"W-583","NOMBRE_CAMINO":"Achao - Rampa Coñab","CLASIFICACION":"Camino Regional Comunal","CALZADA":null,"tmda":null},"geometry":{"type":"LineString","coordinates":[[-73.49215,-42.47189],[-73.50046,-42.48549],[-73.49949,-42.4938],[-73.49401,-42.49708],[-73.49186,-42.50056],[-73.49055,-42.51088],[-73.49139,-42.51546]]}},{"id":"11398","type":"Feature","properties":{"ROL":"W-437","NOMBRE_CAMINO":"Puente Hueñocoihue - Punahuel","CLASIFICACION":"Camino Regional Comunal","CALZADA":null,"tmda":null},"geometry":{"type":"LineString","coordinates":[[-73.6706,-42.38887],[-73.68765,-42.38402],[-73.6912,-42.38108],[-73.69845,-42.38101],[-73.70513,-42.37632],[-73.70987,-42.37898],[-73.71369,-42.37939],[-73.71634,-42.37684]]}},{"id":"11399","type":"Feature","properties":{"ROL":"W-526","NOMBRE_CAMINO":"Nercón - Los Aromos","CLASIFICACION":"Camino Regional de Acceso","CALZADA":null,"tmda":null},"geometry":{"type":"LineString","coordinates":[[-73.78983,-42.50807],[-73.79011,-42.50639]]}},{"id":"11400","type":"Feature","properties":{"ROL":"W-747","NOMBRE_CAMINO":"Pindal - Hueñoco","CLASIFICACION":"Camino Regional de Acceso","CALZADA":null,"tmda":null},"geometry":{"type":"LineString","coordinates":[[-73.66724,-42.61826],[-73.67359,-42.61875],[-73.6738,-42.62033]]}},{"id":"11401","type":"Feature","properties":{"ROL":"W-427","NOMBRE_CAMINO":"Cruce Ruta 5 (Nalhuitad) - Playa Rauco 2","CLASIFICACION":"Camino Regional Comunal","CALZADA":null,"tmda":null},"geometry":{"type":"LineString","coordinates":[[-73.82629,-42.54698],[-73.82095,-42.54482],[-73.80816,-42.54276],[-73.8073,-42.54228],[-73.80802,-42.54017],[-73.80425,-42.53971]]}},{"id":"11402","type":"Feature","properties":{"ROL":"W-502","NOMBRE_CAMINO":"Nercón Alto - Agua Potable","CLASIFICACION":"Camino Regional de Acceso","CALZADA":null,"tmda":null},"geometry":{"type":"LineString","coordinates":[[-73.80028,-42.49248],[-73.80287,-42.49198],[-73.80722,-42.48751]]}},{"id":"11403","type":"Feature","properties":{"ROL":"W-649","NOMBRE_CAMINO":"Cheuque - Pindal","CLASIFICACION":"Camino Regional Comunal","CALZADA":null,"tmda":null},"geometry":{"type":"LineString","coordinates":[[-73.64489,-42.60707],[-73.64655,-42.60796],[-73.64549,-42.60947],[-73.64617,-42.61212],[-73.64917,-42.61279],[-73.65153,-42.61557]]}},{"id":"11404","type":"Feature","properties":{"ROL":"W-321","NOMBRE_CAMINO":"Choroihué - Loncomilla","CLASIFICACION":"Camino Regional Comunal","CALZADA":null,"tmda":null},"geometry":{"type":"LineString","coordinates":[[-73.72338,-41.98687],[-73.719,-41.99163],[-73.71134,-41.99567],[-73.71115,-41.99779],[-73.70094,-42.00728],[-73.69313,-42.00957],[-73.69354,-42.01125],[-73.69183,-42.01433],[-73.68766,-42.01585],[-73.68625,-42.01762],[-73.68114,-42.01889],[-73.67524,-42.02346],[-73.66865,-42.02543],[-73.65697,-42.03449],[-73.65371,-42.04412],[-73.64149,-42.09909],[-73.63945,-42.10182]]}},{"id":"11405","type":"Feature","properties":{"ROL":"W-643","NOMBRE_CAMINO":"Quinchao - La Cumbre","CLASIFICACION":"Camino Regional de Acceso","CALZADA":null,"tmda":null},"geometry":{"type":"LineString","coordinates":[[-73.40648,-42.55182],[-73.3959,-42.55498]]}},{"id":"11406","type":"Feature","properties":{"ROL":"W-443","NOMBRE_CAMINO":"Rilán - Pullao","CLASIFICACION":"Camino Regional Comunal","CALZADA":null,"tmda":null},"geometry":{"type":"LineString","coordinates":[[-73.6532,-42.51952],[-73.65256,-42.5176],[-73.6554,-42.51231],[-73.65807,-42.51005]]}},{"id":"11407","type":"Feature","properties":{"ROL":"W-801","NOMBRE_CAMINO":"Tarahuin - Pilpilehue","CLASIFICACION":"Camino Regional de Acceso","CALZADA":null,"tmda":null},"geometry":{"type":"LineString","coordinates":[[-73.64922,-42.74723],[-73.63722,-42.74442],[-73.63041,-42.74443],[-73.62026,-42.73907]]}},{"id":"11408","type":"Feature","properties":{"ROL":"W-549","NOMBRE_CAMINO":"Quilquico - Playa Quento","CLASIFICACION":"Camino Regional de Acceso","CALZADA":null,"tmda":null},"geometry":{"type":"LineString","coordinates":[[-73.70954,-42.46924],[-73.71564,-42.46864],[-73.72186,-42.46536],[-73.73127,-42.46606]]}},{"id":"11409","type":"Feature","properties":{"ROL":"W-654","NOMBRE_CAMINO":"Quiao - Río Chaicura","CLASIFICACION":"Camino Regional de Acceso","CALZADA":null,"tmda":null},"geometry":{"type":"LineString","coordinates":[[-73.93006,-42.63828],[-73.94173,-42.63841],[-73.95813,-42.6475],[-73.96296,-42.64401]]}},{"id":"11410","type":"Feature","properties":{"ROL":"W-497","NOMBRE_CAMINO":"Quiquel - La Caldera","CLASIFICACION":"Camino Regional de Acceso","CALZADA":null,"tmda":null},"geometry":{"type":"LineString","coordinates":[[-73.59832,-42.33969],[-73.59272,-42.3423],[-73.58602,-42.3424],[-73.58186,-42.34447],[-73.57729,-42.34715],[-73.57459,-42.35098],[-73.5756,-42.35204]]}},{"id":"11411","type":"Feature","properties":{"ROL":"W-546","NOMBRE_CAMINO":"Gamboa - Las Antenas","CLASIFICACION":"Camino Regional Comunal","CALZADA":null,"tmda":null},"geometry":{"type":"LineString","coordinates":[[-73.78733,-42.484],[-73.79098,-42.48421]]}},{"id":"11412","type":"Feature","properties":{"ROL":"W-648","NOMBRE_CAMINO":"Cruce Ruta 5 (Vilupulli) - Melleico","CLASIFICACION":"Camino Regional Comunal","CALZADA":null,"tmda":null},"geometry":{"type":"LineString","coordinates":[[-73.80355,-42.60181],[-73.81558,-42.60167],[-73.81642,-42.60078],[-73.81947,-42.60174],[-73.84146,-42.59041],[-73.84503,-42.58973],[-73.85427,-42.58926],[-73.86345,-42.5926],[-73.86829,-42.5922]]}},{"id":"11413","type":"Feature","properties":{"ROL":"W-481","NOMBRE_CAMINO":"Tey - Astillero","CLASIFICACION":"Camino Regional Comunal","CALZADA":null,"tmda":null},"geometry":{"type":"LineString","coordinates":[[-73.71987,-42.42257],[-73.71453,-42.419],[-73.70692,-42.41753],[-73.69443,-42.4226],[-73.68586,-42.4195],[-73.68434,-42.41541],[-73.68477,-42.41134],[-73.68077,-42.40352],[-73.67349,-42.40195]]}},{"id":"11414","type":"Feature","properties":{"ROL":"W-629","NOMBRE_CAMINO":"San Agustín - Puchilco","CLASIFICACION":"Camino Regional Comunal","CALZADA":null,"tmda":null},"geometry":{"type":"LineString","coordinates":[[-73.6249,-42.61999],[-73.6037,-42.61625],[-73.59507,-42.61652],[-73.58976,-42.61243],[-73.5816,-42.61158]]}},{"id":"11415","type":"Feature","properties":{"ROL":"W-816","NOMBRE_CAMINO":"Cruce Ruta 5 (Tara) - Quilipulli","CLASIFICACION":"Camino Regional de Acceso","CALZADA":null,"tmda":null},"geometry":{"type":"LineString","coordinates":[[-73.79884,-42.67584],[-73.8023,-42.67633],[-73.81043,-42.67422],[-73.81389,-42.67483],[-73.82452,-42.67155],[-73.83111,-42.66569]]}},{"id":"11416","type":"Feature","properties":{"ROL":"W-441","NOMBRE_CAMINO":"Coñico - Laguna Hueico","CLASIFICACION":"Camino Regional Comunal","CALZADA":null,"tmda":null},"geometry":{"type":"LineString","coordinates":[[-73.67774,-42.50002],[-73.68364,-42.50247],[-73.68823,-42.49798],[-73.69159,-42.49812],[-73.69474,-42.49625],[-73.69982,-42.49732],[-73.70086,-42.49892]]}},{"id":"11417","type":"Feature","properties":{"ROL":"W-761","NOMBRE_CAMINO":"Detico - Estero Mechai","CLASIFICACION":"Camino Regional de Acceso","CALZADA":null,"tmda":null},"geometry":{"type":"LineString","coordinates":[[-73.50672,-42.87061],[-73.50679,-42.87217],[-73.50321,-42.87429],[-73.49798,-42.87334],[-73.49556,-42.87429],[-73.49154,-42.87836],[-73.49098,-42.88106],[-73.48762,-42.88153]]}},{"id":"11418","type":"Feature","properties":{"ROL":"W-535","NOMBRE_CAMINO":"Mirador Putique - Petra","CLASIFICACION":"Camino Regional Comunal","CALZADA":null,"tmda":null},"geometry":{"type":"LineString","coordinates":[[-73.46963,-42.49249],[-73.46792,-42.49093],[-73.4638,-42.49128],[-73.46109,-42.48708],[-73.45783,-42.48697],[-73.45591,-42.48552],[-73.45516,-42.48274]]}},{"id":"11419","type":"Feature","properties":{"ROL":"W-522","NOMBRE_CAMINO":"La Chacra - Coihuinco","CLASIFICACION":"Camino Regional Comunal","CALZADA":null,"tmda":null},"geometry":{"type":"LineString","coordinates":[[-73.79525,-42.44984],[-73.79491,-42.44466],[-73.7979,-42.43764],[-73.80952,-42.42813],[-73.82498,-42.42295],[-73.83404,-42.41662]]}},{"id":"11420","type":"Feature","properties":{"ROL":"W-633","NOMBRE_CAMINO":"Tey - Pillul Sur","CLASIFICACION":"Camino Regional Comunal","CALZADA":null,"tmda":null},"geometry":{"type":"LineString","coordinates":[[-73.7093,-42.45696],[-73.71787,-42.45518],[-73.71879,-42.45405]]}},{"id":"11421","type":"Feature","properties":{"ROL":"W-821","NOMBRE_CAMINO":"Chumeldén - Casa de Pesca","CLASIFICACION":"Camino Regional Comunal","CALZADA":null,"tmda":null},"geometry":{"type":"LineString","coordinates":[[-72.80636,-42.50762],[-72.80858,-42.51311],[-72.80671,-42.51725],[-72.81077,-42.52105],[-72.81252,-42.52085],[-72.81533,-42.52316],[-72.81854,-42.52764],[-72.81956,-42.53257],[-72.81801,-42.53438],[-72.81931,-42.53529],[-72.81838,-42.53724],[-72.82295,-42.54597],[-72.82067,-42.55046],[-72.8227,-42.55488],[-72.8226,-42.55758],[-72.82564,-42.56261],[-72.82445,-42.56566],[-72.82906,-42.5697],[-72.8305,-42.57313],[-72.83197,-42.57716],[-72.8321,-42.58578],[-72.84314,-42.59245],[-72.84386,-42.59541],[-72.83884,-42.60214],[-72.84155,-42.60893],[-72.848,-42.61572]]}},{"id":"11422","type":"Feature","properties":{"ROL":"W-469","NOMBRE_CAMINO":"Tey - Pillul","CLASIFICACION":"Camino Regional Comunal","CALZADA":null,"tmda":null},"geometry":{"type":"LineString","coordinates":[[-73.70945,-42.44361],[-73.71399,-42.44603],[-73.71514,-42.44967],[-73.71875,-42.45405],[-73.7234,-42.45102],[-73.7287,-42.44977]]}},{"id":"11423","type":"Feature","properties":{"ROL":"W-580","NOMBRE_CAMINO":"Cruce Ruta 5 (Llicaldad) - La Montaña","CLASIFICACION":"Camino Regional Comunal","CALZADA":null,"tmda":null},"geometry":{"type":"LineString","coordinates":[[-73.7965,-42.51302],[-73.79983,-42.51282]]}},{"id":"11424","type":"Feature","properties":{"ROL":"W-397","NOMBRE_CAMINO":"Las Quemas - Quiquel","CLASIFICACION":"Camino Regional Comunal","CALZADA":null,"tmda":null},"geometry":{"type":"LineString","coordinates":[[-73.59994,-42.33404],[-73.59338,-42.35124],[-73.58755,-42.35337],[-73.58127,-42.35341],[-73.5792,-42.35511]]}},{"id":"11425","type":"Feature","properties":{"ROL":"W-565","NOMBRE_CAMINO":"Putique - Acceso a Altos Vargas","CLASIFICACION":"Camino Regional de Acceso","CALZADA":null,"tmda":null},"geometry":{"type":"LineString","coordinates":[[-73.44898,-42.50947],[-73.44784,-42.51127],[-73.45126,-42.5153],[-73.44951,-42.51844]]}},{"id":"11426","type":"Feature","properties":{"ROL":"W-655","NOMBRE_CAMINO":"Ichuac - Los Césares","CLASIFICACION":"Camino Regional Comunal","CALZADA":null,"tmda":null},"geometry":{"type":"LineString","coordinates":[[-73.70081,-42.61169],[-73.70662,-42.61932],[-73.70545,-42.62326],[-73.70726,-42.62574],[-73.70683,-42.6307]]}},{"id":"11427","type":"Feature","properties":{"ROL":"W-311","NOMBRE_CAMINO":"El Ánima - Pelu","CLASIFICACION":"Camino Regional de Acceso","CALZADA":null,"tmda":null},"geometry":{"type":"LineString","coordinates":[[-73.37231,-42.31926],[-73.3701,-42.32111],[-73.37579,-42.32524],[-73.38449,-42.32604],[-73.39416,-42.32417],[-73.39957,-42.31986],[-73.40879,-42.31625],[-73.41617,-42.31651],[-73.42687,-42.31301],[-73.43,-42.31831],[-73.43073,-42.32272],[-73.42704,-42.32482],[-73.42047,-42.32473]]}},{"id":"11428","type":"Feature","properties":{"ROL":"W-487","NOMBRE_CAMINO":"Chañihue - Lingue","CLASIFICACION":"Camino Regional Comunal","CALZADA":null,"tmda":null},"geometry":{"type":"LineString","coordinates":[[-73.73028,-42.50926],[-73.72837,-42.5127],[-73.72065,-42.51765],[-73.71937,-42.5169],[-73.71824,-42.52022],[-73.71576,-42.52043],[-73.70789,-42.52572]]}},{"id":"11429","type":"Feature","properties":{"ROL":"W-624","NOMBRE_CAMINO":"Cruce Ruta 5 (Nalhuitad) - Río Toro","CLASIFICACION":"Camino Regional Comunal","CALZADA":null,"tmda":null},"geometry":{"type":"LineString","coordinates":[[-73.82204,-42.53514],[-73.82728,-42.53375],[-73.83177,-42.53434],[-73.83785,-42.53224],[-73.84065,-42.5349],[-73.8445,-42.53238],[-73.84608,-42.53349],[-73.85291,-42.53125],[-73.85834,-42.53435]]}},{"id":"11430","type":"Feature","properties":{"ROL":"W-435","NOMBRE_CAMINO":"Butalcura Alto - Pindapulli","CLASIFICACION":"Camino Regional de Acceso","CALZADA":null,"tmda":null},"geometry":{"type":"LineString","coordinates":[[-73.69604,-42.28404],[-73.68892,-42.28416],[-73.68706,-42.28521],[-73.68751,-42.28618]]}},{"id":"11431","type":"Feature","properties":{"ROL":"W-757","NOMBRE_CAMINO":"Ichuac - Levacura","CLASIFICACION":"Camino Regional Comunal","CALZADA":null,"tmda":null},"geometry":{"type":"LineString","coordinates":[[-73.71797,-42.61433],[-73.7205,-42.61112],[-73.72693,-42.60985]]}},{"id":"11432","type":"Feature","properties":{"ROL":"W-345","NOMBRE_CAMINO":"Cruce Ruta 5 (Tantauco) - Loncomilla","CLASIFICACION":"Camino Regional Comunal","CALZADA":null,"tmda":null},"geometry":{"type":"LineString","coordinates":[[-73.7609,-42.09843],[-73.63952,-42.10178],[-73.62572,-42.1671]]}},{"id":"11433","type":"Feature","properties":{"ROL":"W-580","NOMBRE_CAMINO":"Cruce Ruta 5 (Llicaldad) - La Montaña","CLASIFICACION":"Camino Regional Comunal","CALZADA":null,"tmda":null},"geometry":{"type":"LineString","coordinates":[[-73.79372,-42.51356],[-73.7965,-42.51302]]}},{"id":"11434","type":"Feature","properties":{"ROL":"W-371","NOMBRE_CAMINO":"Cruce Ruta 5 (Butalcura) - Pindapulli","CLASIFICACION":"Camino Regional Comunal","CALZADA":null,"tmda":null},"geometry":{"type":"LineString","coordinates":[[-73.70817,-42.28183],[-73.70468,-42.28205],[-73.70295,-42.28509],[-73.69611,-42.28311],[-73.69581,-42.28542],[-73.6935,-42.28726],[-73.69344,-42.29105],[-73.69058,-42.29896],[-73.69964,-42.30596],[-73.69954,-42.31321],[-73.70116,-42.31877],[-73.70842,-42.32745]]}},{"id":"11435","type":"Feature","properties":{"ROL":"W-657","NOMBRE_CAMINO":"Puchilco - Rampa Puchilco","CLASIFICACION":"Camino Regional de Acceso","CALZADA":null,"tmda":null},"geometry":{"type":"LineString","coordinates":[[-73.58159,-42.61333],[-73.57492,-42.61399],[-73.56921,-42.61808],[-73.56867,-42.61971]]}},{"id":"11436","type":"Feature","properties":{"ROL":"W-507","NOMBRE_CAMINO":"Rilán - Laguna Hueico","CLASIFICACION":"Camino Regional Comunal","CALZADA":null,"tmda":null},"geometry":{"type":"LineString","coordinates":[[-73.66386,-42.51309],[-73.66452,-42.51466],[-73.67673,-42.51818],[-73.67692,-42.51936],[-73.6898,-42.52439],[-73.69182,-42.52886]]}},{"id":"11437","type":"Feature","properties":{"ROL":"W-603","NOMBRE_CAMINO":"Chullec - Playa","CLASIFICACION":"Camino Regional Comunal","CALZADA":null,"tmda":null},"geometry":{"type":"LineString","coordinates":[[-73.51138,-42.46518],[-73.51647,-42.46706],[-73.52231,-42.46741],[-73.52464,-42.46963],[-73.52954,-42.47103],[-73.52958,-42.47256],[-73.53195,-42.47377],[-73.5355,-42.47317]]}},{"id":"11438","type":"Feature","properties":{"ROL":"W-533","NOMBRE_CAMINO":"San Antonio de Puyán - Lingue","CLASIFICACION":"Camino Regional Comunal","CALZADA":null,"tmda":null},"geometry":{"type":"LineString","coordinates":[[-73.7004,-42.51931],[-73.70306,-42.52147],[-73.70166,-42.52333],[-73.70392,-42.52681],[-73.70695,-42.52534],[-73.71324,-42.52808],[-73.71891,-42.52778],[-73.72489,-42.53235],[-73.73064,-42.53514],[-73.73425,-42.53537]]}},{"id":"11439","type":"Feature","properties":{"ROL":"W-423","NOMBRE_CAMINO":"Huyar Alto - Laguna Pulul","CLASIFICACION":"Camino Regional Comunal","CALZADA":null,"tmda":null},"geometry":{"type":"LineString","coordinates":[[-73.59037,-42.41338],[-73.59246,-42.40599],[-73.59843,-42.40109],[-73.60038,-42.39775],[-73.60554,-42.3978],[-73.60378,-42.40194],[-73.6096,-42.40393]]}},{"id":"11440","type":"Feature","properties":{"ROL":"W-483","NOMBRE_CAMINO":"Putemún - Pid Pid","CLASIFICACION":"Camino Regional Comunal","CALZADA":null,"tmda":null},"geometry":{"type":"LineString","coordinates":[[-73.75628,-42.42451],[-73.75775,-42.42251],[-73.76772,-42.41743],[-73.76741,-42.4112],[-73.77299,-42.40439]]}},{"id":"11441","type":"Feature","properties":{"ROL":"W-313","NOMBRE_CAMINO":"Quicaví - Alto Pasaje","CLASIFICACION":"Camino Regional de Acceso","CALZADA":null,"tmda":null},"geometry":{"type":"LineString","coordinates":[[-73.36849,-42.26358],[-73.36758,-42.2611],[-73.37181,-42.2583],[-73.37104,-42.25353],[-73.37291,-42.25134],[-73.37243,-42.24903],[-73.37024,-42.24798],[-73.36594,-42.24826]]}},{"id":"11442","type":"Feature","properties":{"ROL":"W-610","NOMBRE_CAMINO":"Cruce Ruta 5 (Canán) - Alcaldeo de Rauco","CLASIFICACION":"Camino Regional Comunal","CALZADA":null,"tmda":null},"geometry":{"type":"LineString","coordinates":[[-73.80889,-42.5788],[-73.81041,-42.57729],[-73.81595,-42.57632],[-73.82615,-42.56823],[-73.83956,-42.56875],[-73.84887,-42.56571],[-73.85039,-42.56421],[-73.84686,-42.56177],[-73.84907,-42.5594]]}},{"id":"11443","type":"Feature","properties":{"ROL":"W-439","NOMBRE_CAMINO":"Quilquico - Playa Tongoy","CLASIFICACION":"Camino Regional de Acceso","CALZADA":null,"tmda":null},"geometry":{"type":"LineString","coordinates":[[-73.70651,-42.47562],[-73.71527,-42.4784],[-73.71897,-42.47679],[-73.72838,-42.47561],[-73.73193,-42.4765]]}},{"id":"11444","type":"Feature","properties":{"ROL":"W-590","NOMBRE_CAMINO":"Cruce Ruta 5 (Nalhuitad 1) - La Montaña","CLASIFICACION":"Camino Regional Comunal","CALZADA":null,"tmda":null},"geometry":{"type":"LineString","coordinates":[[-73.80779,-42.52968],[-73.81236,-42.52552],[-73.82501,-42.52484],[-73.82874,-42.52178],[-73.83485,-42.52118],[-73.84152,-42.51509],[-73.84477,-42.51382]]}},{"id":"11445","type":"Feature","properties":{"ROL":"W-691","NOMBRE_CAMINO":"Quinchao - Playa Traiguén","CLASIFICACION":"Camino Regional de Acceso","CALZADA":null,"tmda":null},"geometry":{"type":"LineString","coordinates":[[-73.40841,-42.54765],[-73.40639,-42.54679],[-73.40192,-42.54809],[-73.40001,-42.54679],[-73.39819,-42.54754]]}},{"id":"11446","type":"Feature","properties":{"ROL":"W-601","NOMBRE_CAMINO":"Coñab - Conchas Blancas","CLASIFICACION":"Camino Regional Comunal","CALZADA":null,"tmda":null},"geometry":{"type":"LineString","coordinates":[[-73.50542,-42.48231],[-73.51106,-42.48435],[-73.51054,-42.48724],[-73.51395,-42.48616],[-73.51347,-42.48778],[-73.51443,-42.48839]]}},{"id":"11447","type":"Feature","properties":{"ROL":"W-537","NOMBRE_CAMINO":"Quel Quel - Curahue","CLASIFICACION":"Camino Regional Comunal","CALZADA":null,"tmda":null},"geometry":{"type":"LineString","coordinates":[[-73.67764,-42.53943],[-73.67708,-42.54155],[-73.67835,-42.5426],[-73.67919,-42.54741],[-73.68187,-42.55027]]}},{"id":"11448","type":"Feature","properties":{"ROL":"W-317","NOMBRE_CAMINO":"Aucho - La Montaña","CLASIFICACION":"Camino Regional Comunal","CALZADA":null,"tmda":null},"geometry":{"type":"LineString","coordinates":[[-73.46341,-42.07289],[-73.47274,-42.0719],[-73.47878,-42.07389],[-73.48343,-42.07363],[-73.48305,-42.078],[-73.48492,-42.07907],[-73.48483,-42.08281],[-73.48713,-42.0844]]}},{"id":"11449","type":"Feature","properties":{"ROL":"W-524","NOMBRE_CAMINO":"La Chacra - La Capilla","CLASIFICACION":"Camino Regional de Acceso","CALZADA":null,"tmda":null},"geometry":{"type":"LineString","coordinates":[[-73.79568,-42.44909],[-73.8112,-42.44367]]}},{"id":"11450","type":"Feature","properties":{"ROL":"W-612","NOMBRE_CAMINO":"Nalhuitad - Alcaldeo de Rauco","CLASIFICACION":"Camino Regional Comunal","CALZADA":null,"tmda":null},"geometry":{"type":"LineString","coordinates":[[-73.83139,-42.52144],[-73.83567,-42.52394],[-73.83911,-42.52947],[-73.84629,-42.5363],[-73.84734,-42.54422],[-73.85091,-42.55103],[-73.84937,-42.55354],[-73.85055,-42.55617],[-73.84998,-42.55936]]}},{"id":"11451","type":"Feature","properties":{"ROL":"W-639","NOMBRE_CAMINO":"Detif - Apahuen","CLASIFICACION":"Camino Regional de Acceso","CALZADA":null,"tmda":null},"geometry":{"type":"LineString","coordinates":[[-73.55523,-42.69068],[-73.55125,-42.69288],[-73.54642,-42.69214],[-73.54195,-42.69401],[-73.53984,-42.69261],[-73.53969,-42.68875],[-73.53818,-42.68873],[-73.53287,-42.68196]]}},{"id":"11452","type":"Feature","properties":{"ROL":"W-809","NOMBRE_CAMINO":"Agoní Alto - Las Lajas","CLASIFICACION":"Camino Regional de Acceso","CALZADA":null,"tmda":null},"geometry":{"type":"LineString","coordinates":[[-73.63073,-42.76038],[-73.62936,-42.75887],[-73.61857,-42.75521],[-73.61653,-42.75209],[-73.61666,-42.74983],[-73.61174,-42.74738]]}},{"id":"11453","type":"Feature","properties":{"ROL":"W-473","NOMBRE_CAMINO":"Escuela Tey - Playa","CLASIFICACION":"Camino Regional de Acceso","CALZADA":null,"tmda":null},"geometry":{"type":"LineString","coordinates":[[-73.71904,-42.42812],[-73.72511,-42.42831],[-73.72599,-42.43278],[-73.72858,-42.43351],[-73.72932,-42.43654]]}},{"id":"11454","type":"Feature","properties":{"ROL":"W-575","NOMBRE_CAMINO":"Tolquien - Caserío Los Palqui","CLASIFICACION":"Camino Regional Comunal","CALZADA":null,"tmda":null},"geometry":{"type":"LineString","coordinates":[[-73.56685,-42.43896],[-73.56487,-42.43414],[-73.55917,-42.43123],[-73.55573,-42.42995],[-73.55079,-42.43044],[-73.5342,-42.42368]]}},{"id":"11455","type":"Feature","properties":{"ROL":"W-350","NOMBRE_CAMINO":"Cruce Ruta 5 (Puntra) - Río Cajunco - Kilómetro 60","CLASIFICACION":"Camino Regional Comunal","CALZADA":null,"tmda":null},"geometry":{"type":"LineString","coordinates":[[-73.7535,-42.12826],[-73.76358,-42.13072],[-73.77898,-42.12529],[-73.78466,-42.12149],[-73.80974,-42.11927],[-73.81388,-42.12087],[-73.81646,-42.11996],[-73.8102,-42.12607],[-73.8049,-42.13626],[-73.79852,-42.14547],[-73.79529,-42.14809],[-73.79024,-42.15822],[-73.78839,-42.15968],[-73.78647,-42.16698],[-73.77796,-42.17954],[-73.77725,-42.1835],[-73.77917,-42.1868],[-73.77649,-42.18772],[-73.77286,-42.19141],[-73.77147,-42.19836],[-73.74942,-42.22849],[-73.75207,-42.23226],[-73.76228,-42.23029],[-73.76208,-42.23488],[-73.7661,-42.23906],[-73.75763,-42.24375],[-73.75091,-42.24408],[-73.7366,-42.25274],[-73.72114,-42.29537],[-73.71021,-42.29406]]}},{"id":"11456","type":"Feature","properties":{"ROL":"W-546","NOMBRE_CAMINO":"Gamboa - Las Antenas","CLASIFICACION":"Camino Regional Comunal","CALZADA":null,"tmda":null},"geometry":{"type":"LineString","coordinates":[[-73.79098,-42.48421],[-73.80578,-42.48202],[-73.80657,-42.4808]]}},{"id":"11457","type":"Feature","properties":{"ROL":"W-791","NOMBRE_CAMINO":"Cruce Ruta 5 (Tara) - Huicha","CLASIFICACION":"Camino Regional Comunal","CALZADA":null,"tmda":165.0},"geometry":{"type":"LineString","coordinates":[[-73.8002,-42.66541],[-73.78571,-42.66902],[-73.78237,-42.67247],[-73.77251,-42.67413],[-73.77146,-42.67134],[-73.76779,-42.66824],[-73.76972,-42.66565],[-73.767,-42.66318],[-73.76835,-42.66267],[-73.76737,-42.65788],[-73.76813,-42.65594],[-73.76635,-42.65375],[-73.7676,-42.65134],[-73.76733,-42.64815],[-73.753,-42.64146]]}},{"id":"11458","type":"Feature","properties":{"ROL":"W-393","NOMBRE_CAMINO":"Calen - San Juan","CLASIFICACION":"Camino Regional Comunal","CALZADA":null,"tmda":null},"geometry":{"type":"LineString","coordinates":[[-73.46992,-42.32074],[-73.48223,-42.32417],[-73.48128,-42.32828],[-73.48487,-42.33296],[-73.48755,-42.33299],[-73.49367,-42.33591],[-73.49986,-42.33408],[-73.50316,-42.33523]]}},{"id":"11459","type":"Feature","properties":{"ROL":"W-545","NOMBRE_CAMINO":"Puyán - Chañihué","CLASIFICACION":"Camino Regional de Acceso","CALZADA":null,"tmda":null},"geometry":{"type":"LineString","coordinates":[[-73.7325,-42.50768],[-73.73899,-42.50209]]}},{"id":"11460","type":"Feature","properties":{"ROL":"W-656","NOMBRE_CAMINO":"Notuco - Dicham","CLASIFICACION":"Camino Regional Comunal","CALZADA":null,"tmda":null},"geometry":{"type":"LineString","coordinates":[[-73.82764,-42.6458],[-73.82834,-42.64358],[-73.83309,-42.63995],[-73.83319,-42.63685],[-73.82845,-42.63271],[-73.8286,-42.62998],[-73.83129,-42.62919],[-73.8373,-42.62221]]}},{"id":"11461","type":"Feature","properties":{"ROL":"W-503","NOMBRE_CAMINO":"Troncal - Liucura - Marico","CLASIFICACION":"Camino Regional Comunal","CALZADA":null,"tmda":null},"geometry":{"type":"LineString","coordinates":[[-73.6186,-42.63664],[-73.61899,-42.63978],[-73.61621,-42.64442],[-73.60902,-42.65066],[-73.60729,-42.65065],[-73.60557,-42.64623]]}},{"id":"11462","type":"Feature","properties":{"ROL":"W-449","NOMBRE_CAMINO":"Quel Quel - Playa","CLASIFICACION":"Camino Regional de Acceso","CALZADA":null,"tmda":null},"geometry":{"type":"LineString","coordinates":[[-73.66512,-42.53895],[-73.66682,-42.54],[-73.66706,-42.5444],[-73.66423,-42.54501],[-73.6618,-42.5483]]}},{"id":"11463","type":"Feature","properties":{"ROL":"W-352","NOMBRE_CAMINO":"Puntra - El Roble","CLASIFICACION":"Camino Regional de Acceso","CALZADA":null,"tmda":null},"geometry":{"type":"LineString","coordinates":[[-73.81646,-42.11993],[-73.81739,-42.11908],[-73.82399,-42.12019],[-73.83399,-42.11817],[-73.83701,-42.11918],[-73.84066,-42.11841],[-73.84283,-42.11989],[-73.84588,-42.11924],[-73.85133,-42.1153],[-73.85201,-42.11257],[-73.85742,-42.10523],[-73.85986,-42.10503],[-73.86416,-42.10718],[-73.86843,-42.10606],[-73.87616,-42.09788],[-73.88492,-42.09439],[-73.8918,-42.09316],[-73.90459,-42.07311]]}},{"id":"11464","type":"Feature","properties":{"ROL":"W-560","NOMBRE_CAMINO":"Gamboa - Nercón","CLASIFICACION":"Camino Regional Comunal","CALZADA":null,"tmda":null},"geometry":{"type":"LineString","coordinates":[[-73.79468,-42.48369],[-73.79576,-42.48862],[-73.80025,-42.49209],[-73.79704,-42.49461]]}},{"id":"11465","type":"Feature","properties":{"ROL":"W-620","NOMBRE_CAMINO":"Chanquín - Tierra Nueva","CLASIFICACION":"Camino Regional de Acceso","CALZADA":null,"tmda":null},"geometry":{"type":"LineString","coordinates":[[-74.11483,-42.61619],[-74.1027,-42.61531],[-74.09455,-42.61988]]}},{"id":"11466","type":"Feature","properties":{"ROL":"W-519","NOMBRE_CAMINO":"Aldachildo - Laguna Puchilco","CLASIFICACION":"Camino Regional Comunal","CALZADA":null,"tmda":null},"geometry":{"type":"LineString","coordinates":[[-73.61205,-42.58348],[-73.60007,-42.58757],[-73.59509,-42.59221],[-73.58599,-42.59626],[-73.58679,-42.59834],[-73.58534,-42.60188],[-73.58708,-42.60702],[-73.58405,-42.60966],[-73.58358,-42.6119]]}},{"id":"11467","type":"Feature","properties":{"ROL":"W-627","NOMBRE_CAMINO":"Puchilco - Marico","CLASIFICACION":"Camino Regional Comunal","CALZADA":null,"tmda":null},"geometry":{"type":"LineString","coordinates":[[-73.58165,-42.61354],[-73.58158,-42.6154],[-73.58511,-42.61818],[-73.58608,-42.62219],[-73.58807,-42.62222],[-73.59214,-42.62808],[-73.59508,-42.62957],[-73.59629,-42.6344]]}},{"id":"11468","type":"Feature","properties":{"ROL":"W-466","NOMBRE_CAMINO":"Cude - Auquilda","CLASIFICACION":"Camino Regional de Acceso","CALZADA":null,"tmda":null},"geometry":{"type":"LineString","coordinates":[[-73.80714,-42.37403],[-73.81104,-42.37483],[-73.81726,-42.38042],[-73.82577,-42.38401],[-73.82959,-42.38744],[-73.83575,-42.38733],[-73.83757,-42.38536]]}},{"id":"11469","type":"Feature","properties":{"ROL":"W-591","NOMBRE_CAMINO":"Rauco - Tauco","CLASIFICACION":"Camino Regional Comunal","CALZADA":null,"tmda":null},"geometry":{"type":"LineString","coordinates":[[-73.78365,-42.55926],[-73.7795,-42.55875],[-73.7762,-42.5549],[-73.77046,-42.55315],[-73.77053,-42.5485],[-73.7655,-42.54748],[-73.76041,-42.54982]]}},{"id":"11470","type":"Feature","properties":{"ROL":"W-802","NOMBRE_CAMINO":"Cucao - Puente Rahue","CLASIFICACION":"Camino Regional Comunal","CALZADA":null,"tmda":null},"geometry":{"type":"LineString","coordinates":[[-74.11,-42.63831],[-74.1106,-42.64181],[-74.11715,-42.6499],[-74.11724,-42.65974],[-74.10839,-42.66371],[-74.10586,-42.66622],[-74.10459,-42.66786],[-74.10526,-42.67409],[-74.11301,-42.68826],[-74.12058,-42.69193],[-74.12082,-42.69486]]}},{"id":"11471","type":"Feature","properties":{"ROL":"W-327","NOMBRE_CAMINO":"Llanco - La Montaña","CLASIFICACION":"Camino Regional de Acceso","CALZADA":null,"tmda":null},"geometry":{"type":"LineString","coordinates":[[-73.70523,-41.97112],[-73.69597,-41.97616],[-73.67916,-41.98],[-73.6711,-41.99023]]}},{"id":"11472","type":"Feature","properties":{"ROL":"W-539","NOMBRE_CAMINO":"Quilquico - San José","CLASIFICACION":"Camino Regional Comunal","CALZADA":null,"tmda":null},"geometry":{"type":"LineString","coordinates":[[-73.70967,-42.46866],[-73.7021,-42.46978],[-73.69963,-42.46726],[-73.70088,-42.46565],[-73.69977,-42.46331],[-73.69596,-42.46142],[-73.6901,-42.46321],[-73.68994,-42.46176],[-73.68668,-42.45927],[-73.68457,-42.45345],[-73.67991,-42.45054],[-73.67487,-42.44438],[-73.67344,-42.4436],[-73.67149,-42.44467]]}},{"id":"11473","type":"Feature","properties":{"ROL":"W-647","NOMBRE_CAMINO":"Puqueldón - Pindal","CLASIFICACION":"Camino Regional Comunal","CALZADA":null,"tmda":null},"geometry":{"type":"LineString","coordinates":[[-73.66817,-42.60733],[-73.66112,-42.61043],[-73.65361,-42.61161],[-73.6522,-42.61275],[-73.65116,-42.61699],[-73.65769,-42.61832],[-73.66741,-42.61703]]}},{"id":"11474","type":"Feature","properties":{"ROL":"W-488","NOMBRE_CAMINO":"Cruce Ruta 5 (LLau Llao) - La Montaña - Piruquina","CLASIFICACION":"Camino Regional Comunal","CALZADA":null,"tmda":null},"geometry":{"type":"LineString","coordinates":[[-73.76991,-42.43368],[-73.77761,-42.42968],[-73.78616,-42.42945],[-73.78762,-42.42262],[-73.7892,-42.42154],[-73.79279,-42.42179],[-73.7919,-42.41885],[-73.80304,-42.41258],[-73.80313,-42.40877],[-73.78996,-42.39074]]}},{"id":"11475","type":"Feature","properties":{"ROL":"W-580","NOMBRE_CAMINO":"Cruce Ruta 5 (Llicaldad) - La Montaña","CLASIFICACION":"Camino Regional Comunal","CALZADA":null,"tmda":null},"geometry":{"type":"LineString","coordinates":[[-73.79983,-42.51282],[-73.81989,-42.5134],[-73.82536,-42.51013],[-73.83025,-42.50517],[-73.84127,-42.5019],[-73.84635,-42.4968],[-73.84508,-42.49116],[-73.84947,-42.48834],[-73.84398,-42.48374],[-73.84394,-42.48189],[-73.84579,-42.48042],[-73.84516,-42.47896]]}},{"id":"11476","type":"Feature","properties":{"ROL":"W-457","NOMBRE_CAMINO":"Ducán - La Estancia","CLASIFICACION":"Camino Regional Comunal","CALZADA":null,"tmda":null},"geometry":{"type":"LineString","coordinates":[[-73.70546,-42.54063],[-73.70445,-42.54339],[-73.70736,-42.54568],[-73.70582,-42.54885],[-73.70769,-42.55494],[-73.70685,-42.55655]]}},{"id":"11477","type":"Feature","properties":{"ROL":"W-543","NOMBRE_CAMINO":"Quilquico - Barranca Sur","CLASIFICACION":"Camino Regional de Acceso","CALZADA":null,"tmda":null},"geometry":{"type":"LineString","coordinates":[[-73.69628,-42.48319],[-73.68637,-42.48306],[-73.68111,-42.48141]]}},{"id":"11478","type":"Feature","properties":{"ROL":"W-395","NOMBRE_CAMINO":"Chovi - Quetalco","CLASIFICACION":"Camino Regional Comunal","CALZADA":null,"tmda":null},"geometry":{"type":"LineString","coordinates":[[-73.5566,-42.31754],[-73.55104,-42.3197],[-73.55238,-42.3251],[-73.55181,-42.32648],[-73.54885,-42.32701],[-73.54978,-42.3306],[-73.54861,-42.33464],[-73.55027,-42.33589]]}},{"id":"11479","type":"Feature","properties":{"ROL":"W-453","NOMBRE_CAMINO":"Rilán - Quel Quel","CLASIFICACION":"Camino Regional de Acceso","CALZADA":null,"tmda":null},"geometry":{"type":"LineString","coordinates":[[-73.65893,-42.53759],[-73.65715,-42.54422],[-73.66109,-42.54507],[-73.6616,-42.54618]]}},{"id":"11480","type":"Feature","properties":{"ROL":"W-555","NOMBRE_CAMINO":"Quinchao - Ten Ten","CLASIFICACION":"Camino Regional de Acceso","CALZADA":null,"tmda":null},"geometry":{"type":"LineString","coordinates":[[-73.41321,-42.55877],[-73.40739,-42.56268],[-73.40842,-42.56505]]}},{"id":"11481","type":"Feature","properties":{"ROL":"W-781","NOMBRE_CAMINO":"Tauco - Playa Rauco","CLASIFICACION":"Camino Regional de Acceso","CALZADA":null,"tmda":null},"geometry":{"type":"LineString","coordinates":[[-73.77355,-42.55356],[-73.77674,-42.55083],[-73.78276,-42.5506],[-73.78353,-42.54756],[-73.78727,-42.54592]]}},{"id":"11482","type":"Feature","properties":{"ROL":"W-381","NOMBRE_CAMINO":"Puente Puacura - Astillero","CLASIFICACION":"Camino Regional Comunal","CALZADA":null,"tmda":null},"geometry":{"type":"LineString","coordinates":[[-73.68594,-42.39855],[-73.67468,-42.39707]]}},{"id":"11483","type":"Feature","properties":{"ROL":"W-652","NOMBRE_CAMINO":"Curaco - Río Tablín","CLASIFICACION":"Camino Regional Comunal","CALZADA":null,"tmda":null},"geometry":{"type":"LineString","coordinates":[[-73.82917,-42.59695],[-73.83724,-42.60122],[-73.84619,-42.6041],[-73.85384,-42.6018],[-73.85759,-42.60284],[-73.86076,-42.60618],[-73.86781,-42.60663],[-73.87296,-42.60532],[-73.87328,-42.59794],[-73.86761,-42.59526],[-73.8613,-42.59438],[-73.86294,-42.59246]]}},{"id":"11484","type":"Feature","properties":{"ROL":"W-297","NOMBRE_CAMINO":"Mocopulli Bajo - Histórico","CLASIFICACION":"Camino Regional Comunal","CALZADA":null,"tmda":null},"geometry":{"type":"LineString","coordinates":[[-73.66742,-42.38551],[-73.67089,-42.38092],[-73.67754,-42.37832],[-73.67993,-42.37612],[-73.69937,-42.36897],[-73.69972,-42.36772],[-73.69615,-42.36378],[-73.69512,-42.35596],[-73.6936,-42.3545],[-73.70149,-42.35135],[-73.70247,-42.34819],[-73.70151,-42.34518]]}},{"id":"11485","type":"Feature","properties":{"ROL":"W-611","NOMBRE_CAMINO":"Pichicolo - Puntilla Pichicolo","CLASIFICACION":"Camino Regional Comunal","CALZADA":null,"tmda":null},"geometry":{"type":"LineString","coordinates":[[-72.59733,-42.0017],[-72.59608,-42.00506],[-72.5994,-42.00574],[-72.60443,-42.01177],[-72.60996,-42.01593],[-72.60721,-42.01811],[-72.60556,-42.02952],[-72.60305,-42.03289],[-72.60273,-42.03588],[-72.60524,-42.03864],[-72.61376,-42.04116]]}},{"id":"11486","type":"Feature","properties":{"ROL":"W-465","NOMBRE_CAMINO":"Quilquico Norte - Tey","CLASIFICACION":"Camino Regional Comunal","CALZADA":null,"tmda":null},"geometry":{"type":"LineString","coordinates":[[-73.69177,-42.44101],[-73.69195,-42.446],[-73.68966,-42.44955],[-73.69053,-42.45009],[-73.68996,-42.45472],[-73.68654,-42.4583]]}},{"id":"11487","type":"Feature","properties":{"ROL":"W-599","NOMBRE_CAMINO":"Quetro - Huyar","CLASIFICACION":"Camino Regional Comunal","CALZADA":null,"tmda":null},"geometry":{"type":"LineString","coordinates":[[-73.5876,-42.42148],[-73.56508,-42.41544],[-73.56618,-42.41275],[-73.5654,-42.40804],[-73.56816,-42.40323]]}},{"id":"11488","type":"Feature","properties":{"ROL":"W-753","NOMBRE_CAMINO":"Quildaco Bajo - La Poza","CLASIFICACION":"Camino Regional de Acceso","CALZADA":null,"tmda":null},"geometry":{"type":"LineString","coordinates":[[-72.78752,-41.85195],[-72.7877,-41.85791]]}},{"id":"11489","type":"Feature","properties":{"ROL":"W-337","NOMBRE_CAMINO":"Chaquihual - Inia","CLASIFICACION":"Camino Regional de Acceso","CALZADA":null,"tmda":null},"geometry":{"type":"LineString","coordinates":[[-73.66352,-42.25508],[-73.65111,-42.25904]]}},{"id":"11490","type":"Feature","properties":{"ROL":"W-563","NOMBRE_CAMINO":"Ducán - Lingue","CLASIFICACION":"Camino Regional Comunal","CALZADA":null,"tmda":null},"geometry":{"type":"LineString","coordinates":[[-73.6896,-42.54023],[-73.69157,-42.54098],[-73.70041,-42.53885],[-73.70567,-42.5407],[-73.71213,-42.54023],[-73.7183,-42.54294],[-73.72742,-42.54353]]}},{"id":"11491","type":"Feature","properties":{"ROL":"W-658","NOMBRE_CAMINO":"Los Petanes - La Escuela","CLASIFICACION":"Camino Regional de Acceso","CALZADA":null,"tmda":null},"geometry":{"type":"LineString","coordinates":[[-73.87319,-42.63292],[-73.8846,-42.63419],[-73.88863,-42.63567],[-73.88951,-42.63765]]}},{"id":"11492","type":"Feature","properties":{"ROL":"W-511","NOMBRE_CAMINO":"Lincay - Liucura","CLASIFICACION":"Camino Regional Comunal","CALZADA":null,"tmda":null},"geometry":{"type":"LineString","coordinates":[[-73.66783,-42.63008],[-73.65528,-42.63558],[-73.64614,-42.6354],[-73.64094,-42.63384],[-73.63595,-42.63432],[-73.62695,-42.63809],[-73.6191,-42.63882]]}},{"id":"11493","type":"Feature","properties":{"ROL":"W-817","NOMBRE_CAMINO":"Lelbun - Aituy","CLASIFICACION":"Camino Regional Comunal","CALZADA":null,"tmda":null},"geometry":{"type":"LineString","coordinates":[[-73.51496,-42.78097],[-73.50559,-42.78605],[-73.49825,-42.78841],[-73.49414,-42.79148],[-73.49012,-42.80026],[-73.48898,-42.80671],[-73.48541,-42.81108],[-73.47848,-42.81585],[-73.47733,-42.8188],[-73.4811,-42.82635],[-73.48029,-42.83002]]}},{"id":"11494","type":"Feature","properties":{"ROL":"W-471","NOMBRE_CAMINO":"Quetro - Santana","CLASIFICACION":"Camino Regional Comunal","CALZADA":null,"tmda":null},"geometry":{"type":"LineString","coordinates":[[-73.59493,-42.41509],[-73.59078,-42.41662],[-73.58763,-42.42148]]}},{"id":"11495","type":"Feature","properties":{"ROL":"W-499","NOMBRE_CAMINO":"Teguel - Playa Quiquel","CLASIFICACION":"Camino Regional de Acceso","CALZADA":null,"tmda":null},"geometry":{"type":"LineString","coordinates":[[-73.61177,-42.35934],[-73.60704,-42.36193],[-73.60851,-42.36336]]}},{"id":"11496","type":"Feature","properties":{"ROL":"W-619","NOMBRE_CAMINO":"Chulchuy - Lincay","CLASIFICACION":"Camino Regional Comunal","CALZADA":null,"tmda":null},"geometry":{"type":"LineString","coordinates":[[-73.71376,-42.63233],[-73.71352,-42.6343],[-73.70982,-42.63661],[-73.71023,-42.63855],[-73.70558,-42.64083],[-73.70764,-42.64262],[-73.7074,-42.64598],[-73.69872,-42.65168],[-73.6889,-42.65022],[-73.68795,-42.64898],[-73.68429,-42.6496],[-73.68375,-42.64737],[-73.68188,-42.64659],[-73.6821,-42.6444],[-73.6787,-42.64145],[-73.67877,-42.63875]]}},{"id":"11497","type":"Feature","properties":{"ROL":"W-641","NOMBRE_CAMINO":"Detif - Huenay","CLASIFICACION":"Camino Regional Comunal","CALZADA":null,"tmda":null},"geometry":{"type":"LineString","coordinates":[[-73.55839,-42.68653],[-73.5571,-42.68633],[-73.5546,-42.68973],[-73.5573,-42.69286],[-73.55604,-42.69688],[-73.54526,-42.70005],[-73.54544,-42.70182]]}},{"id":"11498","type":"Feature","properties":{"ROL":"W-459","NOMBRE_CAMINO":"Correo - La Estancia","CLASIFICACION":"Camino Regional Comunal","CALZADA":null,"tmda":null},"geometry":{"type":"LineString","coordinates":[[-73.70949,-42.55742],[-73.71465,-42.55189],[-73.72789,-42.55288]]}},{"id":"11499","type":"Feature","properties":{"ROL":"W-383","NOMBRE_CAMINO":"Pulutauco - Loncomilla","CLASIFICACION":"Camino Regional de Acceso","CALZADA":null,"tmda":null},"geometry":{"type":"LineString","coordinates":[[-73.65388,-42.35376],[-73.65632,-42.34697],[-73.65469,-42.34379],[-73.6547,-42.33988],[-73.64447,-42.32739],[-73.64025,-42.3175]]}},{"id":"11500","type":"Feature","properties":{"ROL":"W-707","NOMBRE_CAMINO":"Cruce Ruta 7 - Acceso a Parque Hornopirén","CLASIFICACION":"Camino Regional de Acceso","CALZADA":null,"tmda":null},"geometry":{"type":"LineString","coordinates":[[-72.42541,-41.92997],[-72.42204,-41.92681],[-72.41862,-41.91887],[-72.4102,-41.91343],[-72.40797,-41.90655],[-72.40302,-41.90012],[-72.40278,-41.89559],[-72.39917,-41.8941]]}},{"id":"11501","type":"Feature","properties":{"ROL":"W-309","NOMBRE_CAMINO":"Dallico - Playa San Juan","CLASIFICACION":"Camino Regional de Acceso","CALZADA":null,"tmda":null},"geometry":{"type":"LineString","coordinates":[[-73.52918,-42.28649],[-73.5249,-42.29094],[-73.50912,-42.29869],[-73.50128,-42.30776],[-73.50146,-42.3112],[-73.50756,-42.31614],[-73.50974,-42.32052],[-73.51131,-42.32745],[-73.50977,-42.32924]]}},{"id":"11502","type":"Feature","properties":{"ROL":"W-607","NOMBRE_CAMINO":"Putique - Coñab","CLASIFICACION":"Camino Regional Comunal","CALZADA":null,"tmda":null},"geometry":{"type":"LineString","coordinates":[[-73.46388,-42.50248],[-73.47106,-42.50292],[-73.49638,-42.49565]]}},{"id":"11503","type":"Feature","properties":{"ROL":"W-467","NOMBRE_CAMINO":"Tey - Pillul Norte","CLASIFICACION":"Camino Regional de Acceso","CALZADA":null,"tmda":null},"geometry":{"type":"LineString","coordinates":[[-73.71061,-42.43917],[-73.71505,-42.44024],[-73.71627,-42.44327],[-73.71821,-42.44426]]}},{"id":"11504","type":"Feature","properties":{"ROL":"W-379","NOMBRE_CAMINO":"Las Quemas - Alcalde Santana","CLASIFICACION":"Camino Regional Comunal","CALZADA":null,"tmda":null},"geometry":{"type":"LineString","coordinates":[[-73.56607,-42.32859],[-73.56409,-42.32935],[-73.56391,-42.33076],[-73.56883,-42.33627],[-73.56442,-42.33663],[-73.56161,-42.3385],[-73.56153,-42.34009],[-73.56974,-42.3409],[-73.5712,-42.33856]]}},{"id":"11505","type":"Feature","properties":{"ROL":"W-589","NOMBRE_CAMINO":"Tey - Los Robles","CLASIFICACION":"Camino Regional Comunal","CALZADA":null,"tmda":null},"geometry":{"type":"LineString","coordinates":[[-73.70895,-42.45258],[-73.70632,-42.45473],[-73.70073,-42.45218],[-73.69619,-42.44812],[-73.69177,-42.44105],[-73.69246,-42.43778],[-73.69531,-42.43541]]}},{"id":"11506","type":"Feature","properties":{"ROL":"W-341","NOMBRE_CAMINO":"Cruce Ruta 5 (Puntra) - El Prado","CLASIFICACION":"Camino Regional de Acceso","CALZADA":null,"tmda":null},"geometry":{"type":"LineString","coordinates":[[-73.72102,-42.16058],[-73.7209,-42.16548],[-73.71846,-42.16722],[-73.70936,-42.16334],[-73.70139,-42.16556],[-73.68533,-42.17329],[-73.68132,-42.18018]]}},{"id":"11507","type":"Feature","properties":{"ROL":"W-661","NOMBRE_CAMINO":"Puqueldón - Lincay","CLASIFICACION":"Camino Regional Comunal","CALZADA":null,"tmda":null},"geometry":{"type":"LineString","coordinates":[[-73.67897,-42.61226],[-73.68059,-42.61715],[-73.68424,-42.62021],[-73.68362,-42.62256],[-73.6852,-42.62331],[-73.68313,-42.62677],[-73.68539,-42.62913],[-73.68307,-42.63528],[-73.68147,-42.63695],[-73.67883,-42.63664],[-73.67715,-42.63799]]}},{"id":"11508","type":"Feature","properties":{"ROL":"W-319","NOMBRE_CAMINO":"Cruce Ruta 5 (Coquiao) - Cogomó","CLASIFICACION":"Camino Regional Comunal","CALZADA":null,"tmda":null},"geometry":{"type":"LineString","coordinates":[[-73.83288,-42.00722],[-73.82149,-41.99601],[-73.81715,-41.99375],[-73.81285,-41.99332],[-73.80234,-41.98457]]}},{"id":"11509","type":"Feature","properties":{"ROL":"W-513","NOMBRE_CAMINO":"Yutuy - Punta Peuque","CLASIFICACION":"Camino Regional de Acceso","CALZADA":null,"tmda":null},"geometry":{"type":"LineString","coordinates":[[-73.74641,-42.52054],[-73.74661,-42.52255],[-73.75455,-42.52709],[-73.76678,-42.52571],[-73.77238,-42.52872],[-73.77602,-42.52802],[-73.78028,-42.5246]]}},{"id":"11510","type":"Feature","properties":{"ROL":"W-462","NOMBRE_CAMINO":"San Pedro - Colonia Notué","CLASIFICACION":"Camino Regional de Acceso","CALZADA":null,"tmda":null},"geometry":{"type":"LineString","coordinates":[[-73.85073,-42.34332],[-73.8544,-42.3424],[-73.85609,-42.33531]]}},{"id":"11511","type":"Feature","properties":{"ROL":"W-587","NOMBRE_CAMINO":"Quinchao - Cauchauques","CLASIFICACION":"Camino Regional de Acceso","CALZADA":null,"tmda":null},"geometry":{"type":"LineString","coordinates":[[-73.41578,-42.54302],[-73.40941,-42.54043],[-73.41022,-42.53563]]}},{"id":"11512","type":"Feature","properties":{"ROL":"W-759","NOMBRE_CAMINO":"Ichuac - Yelqui","CLASIFICACION":"Camino Regional de Acceso","CALZADA":null,"tmda":null},"geometry":{"type":"LineString","coordinates":[[-73.72204,-42.61107],[-73.7176,-42.6028],[-73.7195,-42.60118],[-73.71937,-42.59778],[-73.71641,-42.59819],[-73.71433,-42.59733],[-73.71469,-42.59656]]}},{"id":"11513","type":"Feature","properties":{"ROL":"W-325","NOMBRE_CAMINO":"Puente Río Negro - Río Huichiboque","CLASIFICACION":"Camino Regional de Acceso","CALZADA":null,"tmda":null},"geometry":{"type":"LineString","coordinates":[[-73.72761,-41.97992],[-73.73073,-41.97036],[-73.73099,-41.96549],[-73.7387,-41.9606]]}},{"id":"11514","type":"Feature","properties":{"ROL":"W-525","NOMBRE_CAMINO":"Quilquico - Barranca Norte","CLASIFICACION":"Camino Regional Comunal","CALZADA":null,"tmda":null},"geometry":{"type":"LineString","coordinates":[[-73.70114,-42.48107],[-73.69695,-42.47869],[-73.69712,-42.47563],[-73.69416,-42.4735],[-73.68555,-42.47377]]}},{"id":"11515","type":"Feature","properties":{"ROL":"W-695","NOMBRE_CAMINO":"Chulchuy - Luco","CLASIFICACION":"Camino Regional de Acceso","CALZADA":null,"tmda":null},"geometry":{"type":"LineString","coordinates":[[-73.72386,-42.6333],[-73.73144,-42.62997],[-73.73932,-42.62852],[-73.73823,-42.627]]}},{"id":"11516","type":"Feature","properties":{"ROL":"W-264","NOMBRE_CAMINO":"Nal - La Escuela","CLASIFICACION":"Camino Regional Comunal","CALZADA":null,"tmda":null},"geometry":{"type":"LineString","coordinates":[[-73.92122,-41.82215],[-73.92271,-41.82484],[-73.92138,-41.82886],[-73.91339,-41.8335],[-73.91547,-41.84055],[-73.91492,-41.84437],[-73.9097,-41.84391]]}},{"id":"11517","type":"Feature","properties":{"ROL":"W-522","NOMBRE_CAMINO":"La Chacra - Coihuinco","CLASIFICACION":"Camino Regional Comunal","CALZADA":null,"tmda":null},"geometry":{"type":"LineString","coordinates":[[-73.78535,-42.46845],[-73.78323,-42.46261],[-73.78465,-42.45663],[-73.79103,-42.45172]]}},{"id":"11518","type":"Feature","properties":{"ROL":"W-529","NOMBRE_CAMINO":"Tey - San José","CLASIFICACION":"Camino Regional Comunal","CALZADA":null,"tmda":null},"geometry":{"type":"LineString","coordinates":[[-73.71202,-42.43472],[-73.68714,-42.43513],[-73.67163,-42.43824],[-73.66774,-42.44188],[-73.67155,-42.44476],[-73.67142,-42.44793],[-73.66781,-42.45177],[-73.66759,-42.45426],[-73.66175,-42.45653]]}},{"id":"11519","type":"Feature","properties":{"ROL":"W-509","NOMBRE_CAMINO":"Detif - Punta Lima","CLASIFICACION":"Camino Regional de Acceso","CALZADA":null,"tmda":null},"geometry":{"type":"LineString","coordinates":[[-73.56647,-42.68468],[-73.56679,-42.68973],[-73.5734,-42.69937]]}},{"id":"11520","type":"Feature","properties":{"ROL":"W-542","NOMBRE_CAMINO":"Nercón - La Montaña","CLASIFICACION":"Camino Regional Comunal","CALZADA":null,"tmda":null},"geometry":{"type":"LineString","coordinates":[[-73.7842,-42.50201],[-73.78678,-42.50146],[-73.79353,-42.49514]]}},{"id":"11521","type":"Feature","properties":{"ROL":"W-804","NOMBRE_CAMINO":"Rahue - La Montaña","CLASIFICACION":"Camino Regional de Acceso","CALZADA":null,"tmda":null},"geometry":{"type":"LineString","coordinates":[[-74.10462,-42.66777],[-74.09976,-42.67087],[-74.10008,-42.67354],[-74.09502,-42.67968],[-74.09,-42.68118]]}},{"id":"11522","type":"Feature","properties":{"ROL":"W-425","NOMBRE_CAMINO":"Laguna Quinched - Fuerte Tauco","CLASIFICACION":"Camino Regional Comunal","CALZADA":null,"tmda":null},"geometry":{"type":"LineString","coordinates":[[-73.77079,-42.56656],[-73.76352,-42.56361],[-73.76046,-42.56067],[-73.75941,-42.55728],[-73.75633,-42.55697],[-73.75852,-42.55368],[-73.75756,-42.55279],[-73.75565,-42.554],[-73.7511,-42.55197]]}},{"id":"11523","type":"Feature","properties":{"ROL":"W-489","NOMBRE_CAMINO":"Caserío - Santana","CLASIFICACION":"Camino Regional Comunal","CALZADA":null,"tmda":null},"geometry":{"type":"LineString","coordinates":[[-73.57077,-42.42895],[-73.57294,-42.42667],[-73.57921,-42.42726],[-73.58482,-42.42569],[-73.58437,-42.42484],[-73.58763,-42.42148]]}},{"id":"11524","type":"Feature","properties":{"ROL":"W-646","NOMBRE_CAMINO":"Chanquín - Lago Huelde","CLASIFICACION":"Camino Regional de Acceso","CALZADA":null,"tmda":null},"geometry":{"type":"LineString","coordinates":[[-74.11781,-42.60736],[-74.1108,-42.60712],[-74.11399,-42.6015]]}},{"id":"11525","type":"Feature","properties":{"ROL":"W-299","NOMBRE_CAMINO":"Tey - Putemún","CLASIFICACION":"Camino Regional Comunal","CALZADA":null,"tmda":null},"geometry":{"type":"LineString","coordinates":[[-73.7055,-42.43467],[-73.70693,-42.42936],[-73.69843,-42.42683],[-73.69468,-42.42256]]}},{"id":"11526","type":"Feature","properties":{"ROL":"W-640","NOMBRE_CAMINO":"Cruce Ruta 5 - Alcaldeo de Rauco - San Bruno","CLASIFICACION":"Camino Regional Comunal","CALZADA":null,"tmda":null},"geometry":{"type":"LineString","coordinates":[[-73.82622,-42.54704],[-73.83172,-42.55373],[-73.83727,-42.55618],[-73.84252,-42.55632],[-73.84877,-42.55935],[-73.86416,-42.56189],[-73.87824,-42.56287],[-73.88217,-42.56698],[-73.88205,-42.56839],[-73.8879,-42.57102],[-73.88413,-42.57661],[-73.87811,-42.57872],[-73.87374,-42.57631],[-73.86714,-42.57809],[-73.86511,-42.58019],[-73.85272,-42.58524],[-73.85109,-42.58717],[-73.85129,-42.58936]]}},{"id":"11527","type":"Feature","properties":{"ROL":"W-458","NOMBRE_CAMINO":"Cruce Ruta 5 (Pid Pid) - Antigua Variante","CLASIFICACION":"Camino Regional Comunal","CALZADA":null,"tmda":null},"geometry":{"type":"LineString","coordinates":[[-73.78238,-42.40441],[-73.78237,-42.41277],[-73.78123,-42.41524]]}},{"id":"11528","type":"Feature","properties":{"ROL":"W-595","NOMBRE_CAMINO":"Rauco - Quinched","CLASIFICACION":"Camino Regional Comunal","CALZADA":null,"tmda":null},"geometry":{"type":"LineString","coordinates":[[-73.80023,-42.55439],[-73.79315,-42.55904],[-73.78435,-42.55881],[-73.77839,-42.56388],[-73.77045,-42.56669],[-73.76944,-42.56951],[-73.7707,-42.57267],[-73.76671,-42.57473],[-73.75916,-42.57539]]}},{"id":"11529","type":"Feature","properties":{"ROL":"W-783","NOMBRE_CAMINO":"Quildaco - Muy","CLASIFICACION":"Camino Regional Comunal","CALZADA":null,"tmda":null},"geometry":{"type":"LineString","coordinates":[[-72.78997,-41.87297],[-72.79911,-41.86723],[-72.80378,-41.86684],[-72.80484,-41.8676],[-72.80516,-41.87237],[-72.81001,-41.87311],[-72.81071,-41.87439],[-72.80971,-41.87745],[-72.80657,-41.878]]}},{"id":"11530","type":"Feature","properties":{"ROL":"W-385","NOMBRE_CAMINO":"Cruce Ruta 5 (Loncomilla) - Culdeo","CLASIFICACION":"Camino Regional de Acceso","CALZADA":null,"tmda":null},"geometry":{"type":"LineString","coordinates":[[-73.71068,-42.24212],[-73.68502,-42.22919],[-73.67211,-42.21544],[-73.6681,-42.21271],[-73.66383,-42.21116],[-73.65428,-42.21037],[-73.63256,-42.21114]]}},{"id":"11531","type":"Feature","properties":{"ROL":"W-527","NOMBRE_CAMINO":"Cruce Ruta 5 (Vilupulli) - La Playa","CLASIFICACION":"Camino Regional de Acceso","CALZADA":null,"tmda":null},"geometry":{"type":"LineString","coordinates":[[-73.80355,-42.60181],[-73.78951,-42.60461],[-73.78696,-42.60627]]}},{"id":"11532","type":"Feature","properties":{"ROL":"W-681","NOMBRE_CAMINO":"Huyar Alto - Caserío","CLASIFICACION":"Camino Regional Comunal","CALZADA":null,"tmda":null},"geometry":{"type":"LineString","coordinates":[[-73.57263,-42.43718],[-73.57104,-42.43591],[-73.57253,-42.43353],[-73.57075,-42.42892],[-73.56688,-42.42882],[-73.56517,-42.42777],[-73.5659,-42.42671],[-73.56011,-42.42275],[-73.56504,-42.4153]]}},{"id":"11533","type":"Feature","properties":{"ROL":"W-269","NOMBRE_CAMINO":"San José - La Playa","CLASIFICACION":"Camino Regional de Acceso","CALZADA":null,"tmda":null},"geometry":{"type":"LineString","coordinates":[[-73.67094,-42.43869],[-73.66524,-42.43774],[-73.65702,-42.43212],[-73.6494,-42.43477],[-73.64591,-42.43257]]}},{"id":"11534","type":"Feature","properties":{"ROL":"W-493","NOMBRE_CAMINO":"Putemún - Humedal Putemún","CLASIFICACION":"Camino Regional de Acceso","CALZADA":null,"tmda":null},"geometry":{"type":"LineString","coordinates":[[-73.74715,-42.42254],[-73.744,-42.42781]]}},{"id":"11535","type":"Feature","properties":{"ROL":"W-618","NOMBRE_CAMINO":"Nalhuitad - Río Toro 1","CLASIFICACION":"Camino Regional de Acceso","CALZADA":null,"tmda":null},"geometry":{"type":"LineString","coordinates":[[-73.84055,-42.53041],[-73.84693,-42.52866],[-73.85342,-42.5247]]}},{"id":"11536","type":"Feature","properties":{"ROL":"W-615","NOMBRE_CAMINO":"Aldachildo - San Agustín","CLASIFICACION":"Camino Regional Comunal","CALZADA":null,"tmda":null},"geometry":{"type":"LineString","coordinates":[[-73.61413,-42.59452],[-73.61225,-42.5977],[-73.61241,-42.60653],[-73.6102,-42.61174],[-73.60796,-42.61321],[-73.60926,-42.61419],[-73.60852,-42.6175]]}},{"id":"11537","type":"Feature","properties":{"ROL":"W-810","NOMBRE_CAMINO":"Notuco - Los Petanes - Río Tablín","CLASIFICACION":"Camino Regional Comunal","CALZADA":null,"tmda":null},"geometry":{"type":"LineString","coordinates":[[-73.83995,-42.64871],[-73.84202,-42.64826],[-73.84351,-42.64369],[-73.8448,-42.64297],[-73.87319,-42.63293],[-73.87266,-42.6303],[-73.87533,-42.62882],[-73.87599,-42.62444],[-73.87323,-42.61566],[-73.87542,-42.60712],[-73.87297,-42.60531]]}},{"id":"11538","type":"Feature","properties":{"ROL":"W-477","NOMBRE_CAMINO":"Puacura - Punahuel - Putemún","CLASIFICACION":"Camino Regional Comunal","CALZADA":null,"tmda":null},"geometry":{"type":"LineString","coordinates":[[-73.73704,-42.41921],[-73.73833,-42.40822],[-73.73309,-42.40129],[-73.73489,-42.39671],[-73.73365,-42.39408],[-73.73007,-42.3938],[-73.72659,-42.39013],[-73.72407,-42.39074],[-73.72021,-42.39453],[-73.71958,-42.39678],[-73.71699,-42.39819],[-73.71286,-42.40542]]}},{"id":"11539","type":"Feature","properties":{"ROL":"W-755","NOMBRE_CAMINO":"Apeche - Las Hualas","CLASIFICACION":"Camino Regional de Acceso","CALZADA":null,"tmda":null},"geometry":{"type":"LineString","coordinates":[[-73.62433,-42.81395],[-73.62548,-42.81211],[-73.64759,-42.80716],[-73.64951,-42.80441],[-73.65536,-42.80195]]}},{"id":"11540","type":"Feature","properties":{"ROL":"W-400","NOMBRE_CAMINO":"Cruce Ruta 5 (Pid Pid) - Piruquina","CLASIFICACION":"Camino Regional Comunal","CALZADA":null,"tmda":null},"geometry":{"type":"LineString","coordinates":[[-73.78199,-42.40201],[-73.78613,-42.39871],[-73.79423,-42.39658]]}},{"id":"11541","type":"Feature","properties":{"ROL":"W-547","NOMBRE_CAMINO":"Rilán - Ducán","CLASIFICACION":"Camino Regional Comunal","CALZADA":null,"tmda":229.0},"geometry":{"type":"LineString","coordinates":[[-73.64789,-42.52149],[-73.65148,-42.52354],[-73.65303,-42.52984],[-73.65277,-42.53468],[-73.65488,-42.53655],[-73.66285,-42.53905],[-73.67351,-42.53763],[-73.68065,-42.5407],[-73.68258,-42.53892],[-73.68955,-42.54112]]}},{"id":"11542","type":"Feature","properties":{"ROL":"W-650","NOMBRE_CAMINO":"Cruce Ruta 5 (Vilupulli) - Notué - Quiao","CLASIFICACION":"Camino Regional Comunal","CALZADA":null,"tmda":null},"geometry":{"type":"LineString","coordinates":[[-73.80265,-42.61398],[-73.81074,-42.61256],[-73.82201,-42.61625],[-73.82971,-42.61688],[-73.83914,-42.6226],[-73.84782,-42.61989],[-73.86038,-42.62285],[-73.87175,-42.62099],[-73.91788,-42.62134],[-73.92045,-42.62588],[-73.92334,-42.62694],[-73.92658,-42.633],[-73.93065,-42.63506],[-73.9303,-42.64002],[-73.93494,-42.64293],[-73.93628,-42.64748],[-73.93258,-42.65119],[-73.93142,-42.65721]]}},{"id":"11543","type":"Feature","properties":{"ROL":"W-265","NOMBRE_CAMINO":"Aucho - Tubildad Alto","CLASIFICACION":"Camino Regional Comunal","CALZADA":null,"tmda":null},"geometry":{"type":"LineString","coordinates":[[-73.48129,-42.09555],[-73.48672,-42.09051],[-73.48624,-42.08528],[-73.49058,-42.08086],[-73.49267,-42.08086],[-73.49708,-42.08499],[-73.50012,-42.0837]]}},{"id":"11544","type":"Feature","properties":{"ROL":"W-479","NOMBRE_CAMINO":"El Pino - Punahuel","CLASIFICACION":"Camino Regional Comunal","CALZADA":null,"tmda":null},"geometry":{"type":"LineString","coordinates":[[-73.73175,-42.41841],[-73.72904,-42.4107],[-73.7301,-42.40394],[-73.73309,-42.40113]]}},{"id":"11545","type":"Feature","properties":{"ROL":"W-614","NOMBRE_CAMINO":"Cruce Ruta 5 (Nalhuitad 2) - La Montaña","CLASIFICACION":"Camino Regional Comunal","CALZADA":null,"tmda":null},"geometry":{"type":"LineString","coordinates":[[-73.81829,-42.53371],[-73.82213,-42.52974],[-73.8345,-42.52128]]}},{"id":"11546","type":"Feature","properties":{"ROL":"W-456","NOMBRE_CAMINO":"Cruce Ruta 5 - Acceso Piruquina","CLASIFICACION":"Camino Regional Comunal","CALZADA":null,"tmda":null},"geometry":{"type":"LineString","coordinates":[[-73.78111,-42.3852],[-73.78879,-42.39157]]}},{"id":"11547","type":"Feature","properties":{"ROL":"W-387","NOMBRE_CAMINO":"Cruce Ruta 5 (Butalcura) - Chaquihual","CLASIFICACION":"Camino Regional Comunal","CALZADA":null,"tmda":null},"geometry":{"type":"LineString","coordinates":[[-73.70293,-42.25622],[-73.70114,-42.26413],[-73.69951,-42.26617],[-73.69628,-42.26565],[-73.68992,-42.26701],[-73.67556,-42.26239],[-73.66733,-42.25845],[-73.66063,-42.25291],[-73.65598,-42.24648],[-73.64301,-42.23801],[-73.64036,-42.23436],[-73.62493,-42.22691]]}},{"id":"11548","type":"Feature","properties":{"ROL":"W-307","NOMBRE_CAMINO":"Las Quemas - Pupetra","CLASIFICACION":"Camino Regional de Acceso","CALZADA":null,"tmda":null},"geometry":{"type":"LineString","coordinates":[[-73.59634,-42.33283],[-73.59663,-42.32869],[-73.59353,-42.32322],[-73.59388,-42.31855],[-73.6025,-42.30961],[-73.60045,-42.29887]]}},{"id":"11549","type":"Feature","properties":{"ROL":"W-623","NOMBRE_CAMINO":"Chulchuy - Bahía Lincay - Puqueldón","CLASIFICACION":"Camino Regional Comunal","CALZADA":null,"tmda":null},"geometry":{"type":"LineString","coordinates":[[-73.71352,-42.62797],[-73.70676,-42.63074],[-73.70342,-42.63439],[-73.68096,-42.63937],[-73.67299,-42.63774],[-73.66903,-42.63977],[-73.66791,-42.6303],[-73.66521,-42.62476],[-73.66732,-42.61798],[-73.66818,-42.60726],[-73.67093,-42.60398]]}},{"id":"11550","type":"Feature","properties":{"ROL":"W-817","NOMBRE_CAMINO":"Lelbun - Aituy","CLASIFICACION":"Camino Regional Comunal","CALZADA":null,"tmda":null},"geometry":{"type":"LineString","coordinates":[[-73.52626,-42.79808],[-73.51875,-42.78839],[-73.51775,-42.78302],[-73.51496,-42.78097]]}},{"id":"11551","type":"Feature","properties":{"ROL":"W-433","NOMBRE_CAMINO":"Cruce Ruta 5 (Llau Llao) - La Playa","CLASIFICACION":"Camino Regional de Acceso","CALZADA":null,"tmda":null},"geometry":{"type":"LineString","coordinates":[[-73.76991,-42.43368],[-73.76239,-42.44042],[-73.75749,-42.44092],[-73.75308,-42.44607]]}},{"id":"11552","type":"Feature","properties":{"ROL":"W-582","NOMBRE_CAMINO":"Llicaldad - Chandeo","CLASIFICACION":"Camino Regional de Acceso","CALZADA":null,"tmda":null},"geometry":{"type":"LineString","coordinates":[[-73.80956,-42.51293],[-73.81635,-42.50688]]}},{"id":"11553","type":"Feature","properties":{"ROL":"W-445","NOMBRE_CAMINO":"Laguna Hueico - Pullao","CLASIFICACION":"Camino Regional Comunal","CALZADA":null,"tmda":null},"geometry":{"type":"LineString","coordinates":[[-73.66352,-42.51338],[-73.66353,-42.51239],[-73.65807,-42.51005],[-73.66123,-42.50653],[-73.66203,-42.50248],[-73.66956,-42.49769]]}},{"id":"11554","type":"Feature","properties":{"ROL":"W-769","NOMBRE_CAMINO":"Quitripulli - Pindaco","CLASIFICACION":"Camino Regional Comunal","CALZADA":null,"tmda":null},"geometry":{"type":"LineString","coordinates":[[-73.70466,-42.69007],[-73.70924,-42.692],[-73.71722,-42.69118],[-73.71861,-42.69301],[-73.73173,-42.69768]]}},{"id":"11555","type":"Feature","properties":{"ROL":"W-335","NOMBRE_CAMINO":"Cruce Ruta 5 (Palomar) - Belbén","CLASIFICACION":"Camino Regional Comunal","CALZADA":null,"tmda":null},"geometry":{"type":"LineString","coordinates":[[-73.78389,-42.07385],[-73.75704,-42.06378],[-73.75364,-42.06377],[-73.74976,-42.06104],[-73.69784,-42.042],[-73.694,-42.04116],[-73.68662,-42.04193],[-73.66042,-42.03268]]}},{"id":"11556","type":"Feature","properties":{"ROL":"W-495","NOMBRE_CAMINO":"Huyar Alto - Cementerio","CLASIFICACION":"Camino Regional de Acceso","CALZADA":null,"tmda":null},"geometry":{"type":"LineString","coordinates":[[-73.56515,-42.4024],[-73.56558,-42.40062],[-73.56301,-42.39923]]}},{"id":"11557","type":"Feature","properties":{"ROL":"W-581","NOMBRE_CAMINO":"La Planchada - Huenao","CLASIFICACION":"Camino Regional Comunal","CALZADA":null,"tmda":null},"geometry":{"type":"LineString","coordinates":[[-73.59582,-42.45221],[-73.60001,-42.45322],[-73.60249,-42.45234],[-73.60492,-42.44922],[-73.60537,-42.44375],[-73.60698,-42.44252]]}},{"id":"11558","type":"Feature","properties":{"ROL":"W-454","NOMBRE_CAMINO":"Cruce Ruta 5 (Las Compuertas) - Carihueico","CLASIFICACION":"Camino Regional de Acceso","CALZADA":null,"tmda":null},"geometry":{"type":"LineString","coordinates":[[-73.75769,-42.36429],[-73.76252,-42.34946],[-73.76967,-42.33388],[-73.7718,-42.33081],[-73.77455,-42.33],[-73.77468,-42.33156],[-73.77585,-42.33144],[-73.77909,-42.32727],[-73.77884,-42.32355],[-73.776,-42.32149],[-73.77556,-42.3181],[-73.77134,-42.31576],[-73.77398,-42.31124],[-73.77902,-42.30935],[-73.77295,-42.30493],[-73.76661,-42.30546],[-73.76432,-42.30275],[-73.76142,-42.30283],[-73.76057,-42.30051],[-73.75769,-42.29979],[-73.75515,-42.29713],[-73.75118,-42.29701],[-73.75035,-42.29512],[-73.74094,-42.29472]]}},{"id":"11559","type":"Feature","properties":{"ROL":"W-553","NOMBRE_CAMINO":"Yutuy - Rampa Yutuy","CLASIFICACION":"Camino Regional de Acceso","CALZADA":null,"tmda":null},"geometry":{"type":"LineString","coordinates":[[-73.74855,-42.51849],[-73.75496,-42.51697]]}},{"id":"11560","type":"Feature","properties":{"ROL":"W-777","NOMBRE_CAMINO":"Cruce Ruta 7 - Quildaco Alto","CLASIFICACION":"Camino Regional de Acceso","CALZADA":null,"tmda":null},"geometry":{"type":"LineString","coordinates":[[-72.6966,-41.89191],[-72.70118,-41.89977],[-72.70712,-41.90113],[-72.71099,-41.89951]]}},{"id":"11561","type":"Feature","properties":{"ROL":"W-421","NOMBRE_CAMINO":"Laguna Quinched - Tauco","CLASIFICACION":"Camino Regional Comunal","CALZADA":null,"tmda":null},"geometry":{"type":"LineString","coordinates":[[-73.75911,-42.55812],[-73.76156,-42.55801],[-73.76174,-42.55533],[-73.76689,-42.55095],[-73.76759,-42.54831]]}},{"id":"11562","type":"Feature","properties":{"ROL":"W-517","NOMBRE_CAMINO":"Putique - Petra","CLASIFICACION":"Camino Regional Comunal","CALZADA":null,"tmda":null},"geometry":{"type":"LineString","coordinates":[[-73.46622,-42.4964],[-73.46056,-42.49325],[-73.45399,-42.49368],[-73.45336,-42.49213],[-73.45018,-42.49153],[-73.45568,-42.48521]]}},{"id":"11563","type":"Feature","properties":{"ROL":"W-683","NOMBRE_CAMINO":"Chullec - Caserío Los Palquis","CLASIFICACION":"Camino Regional Comunal","CALZADA":null,"tmda":null},"geometry":{"type":"LineString","coordinates":[[-73.53317,-42.45635],[-73.53178,-42.45235],[-73.53281,-42.44842],[-73.53751,-42.44195],[-73.54205,-42.4309],[-73.54633,-42.42882]]}},{"id":"11564","type":"Feature","properties":{"ROL":"W-303","NOMBRE_CAMINO":"Quiquel - Teguel Bajo","CLASIFICACION":"Camino Regional Comunal","CALZADA":null,"tmda":null},"geometry":{"type":"LineString","coordinates":[[-73.63236,-42.34165],[-73.62601,-42.349],[-73.61963,-42.3522],[-73.61917,-42.35815],[-73.62017,-42.35939]]}},{"id":"11565","type":"Feature","properties":{"ROL":"W-851","NOMBRE_CAMINO":"Cruce Ruta 5 - Quila Quemada","CLASIFICACION":"Camino Regional de Acceso","CALZADA":null,"tmda":null},"geometry":{"type":"LineString","coordinates":[[-73.61205,-43.09611],[-73.60728,-43.09578],[-73.60002,-43.09071],[-73.59322,-43.08936]]}},{"id":"11566","type":"Feature","properties":{"ROL":"W-827","NOMBRE_CAMINO":"Huequi - Chulao - Ayacara","CLASIFICACION":"Camino Regional Comunal","CALZADA":null,"tmda":449.0},"geometry":{"type":"LineString","coordinates":[[-72.78607,-42.30921],[-72.78384,-42.30895]]}},{"id":"11567","type":"Feature","properties":{"ROL":"W-921","NOMBRE_CAMINO":"Cruce Ruta 7 (Villa Vanguardia) - Río Frío","CLASIFICACION":"Camino Regional de Acceso","CALZADA":null,"tmda":null},"geometry":{"type":"LineString","coordinates":[[-72.33207,-43.66305],[-72.32479,-43.67154],[-72.32222,-43.6727],[-72.32015,-43.67631]]}},{"id":"11568","type":"Feature","properties":{"ROL":"W-839","NOMBRE_CAMINO":"Aituy - Laguna Tahue","CLASIFICACION":"Camino Regional de Acceso","CALZADA":null,"tmda":null},"geometry":{"type":"LineString","coordinates":[[-73.48434,-42.82855],[-73.49049,-42.83026],[-73.51608,-42.82838]]}},{"id":"11569","type":"Feature","properties":{"ROL":"W-911","NOMBRE_CAMINO":"Cruce Ruta 5 (San Juan) - Curanué","CLASIFICACION":"Camino Regional Comunal","CALZADA":null,"tmda":null},"geometry":{"type":"LineString","coordinates":[[-73.6603,-42.98429],[-73.65343,-42.98207],[-73.65043,-42.98263],[-73.63864,-42.98085],[-73.63049,-42.97811],[-73.62739,-42.97943],[-73.62369,-42.97845],[-73.6168,-42.97906],[-73.61469,-42.97599],[-73.60353,-42.97295],[-73.60243,-42.97115],[-73.59867,-42.96973],[-73.59369,-42.97182],[-73.5814,-42.97255],[-73.57264,-42.97659],[-73.56982,-42.97547],[-73.56359,-42.97992]]}},{"id":"11570","type":"Feature","properties":{"ROL":"W-887","NOMBRE_CAMINO":"Cruce Ruta 7 (El Amarillo) - Las Termas - Los Turbios","CLASIFICACION":"Camino Regional de Acceso","CALZADA":null,"tmda":248.0},"geometry":{"type":"LineString","coordinates":[[-72.48005,-43.00944],[-72.47362,-43.0086],[-72.47375,-43.01152],[-72.47188,-43.01212],[-72.46036,-43.00707],[-72.45292,-43.0067],[-72.45214,-43.00306],[-72.44842,-42.99932],[-72.43521,-42.99199],[-72.41375,-42.9876],[-72.41117,-42.9815],[-72.40837,-42.96511],[-72.4021,-42.96383],[-72.39971,-42.96047],[-72.39574,-42.95954],[-72.39665,-42.95799],[-72.39512,-42.95804],[-72.39506,-42.95411],[-72.38759,-42.94419],[-72.38657,-42.94097],[-72.39305,-42.93373],[-72.39522,-42.92882],[-72.40014,-42.92409],[-72.3964,-42.92185],[-72.39672,-42.92053],[-72.39525,-42.92194],[-72.39504,-42.91224],[-72.38838,-42.89499]]}},{"id":"11571","type":"Feature","properties":{"ROL":"W-850","NOMBRE_CAMINO":"Huillinco - Lago Tepuhueico","CLASIFICACION":"Camino Regional de Acceso","CALZADA":null,"tmda":null},"geometry":{"type":"LineString","coordinates":[[-73.93049,-42.68814],[-73.92882,-42.6905],[-73.92926,-42.69386],[-73.93296,-42.69767],[-73.93266,-42.70251],[-73.93569,-42.70435],[-73.93475,-42.70757],[-73.93576,-42.71132],[-73.94577,-42.72],[-73.94714,-42.72288],[-73.95478,-42.72668],[-73.95467,-42.72827]]}},{"id":"11572","type":"Feature","properties":{"ROL":"W-835","NOMBRE_CAMINO":"Posta Terao - Pilpilehue","CLASIFICACION":"Camino Regional de Acceso","CALZADA":null,"tmda":null},"geometry":{"type":"LineString","coordinates":[[-73.66343,-42.71933],[-73.65649,-42.72198],[-73.65188,-42.72252],[-73.64989,-42.72066],[-73.64577,-42.72332],[-73.64325,-42.72273]]}},{"id":"11573","type":"Feature","properties":{"ROL":"W-915","NOMBRE_CAMINO":"Isla Tranqui: Tranqui - Alqui - Centinela","CLASIFICACION":"Camino Regional Comunal","CALZADA":null,"tmda":null},"geometry":{"type":"LineString","coordinates":[[-73.52138,-42.9168],[-73.51411,-42.9222],[-73.51753,-42.92545],[-73.51836,-42.92861],[-73.51559,-42.93328],[-73.51656,-42.93536],[-73.52188,-42.93745],[-73.52291,-42.94174],[-73.52582,-42.94444],[-73.52308,-42.94517],[-73.52195,-42.9469],[-73.52215,-42.95183],[-73.51693,-42.95497],[-73.51942,-42.95599],[-73.51925,-42.96016],[-73.5106,-42.96122],[-73.50905,-42.9668],[-73.50707,-42.96929],[-73.50327,-42.9712],[-73.49889,-42.97007],[-73.49642,-42.97224],[-73.48901,-42.97485],[-73.48669,-42.97807],[-73.48375,-42.97962],[-73.47515,-42.97908],[-73.46822,-42.98063],[-73.46255,-42.9855],[-73.45966,-42.99219],[-73.44156,-42.99071],[-73.42948,-42.99295],[-73.42069,-42.99641],[-73.39159,-43.00024]]}},{"id":"11574","type":"Feature","properties":{"ROL":"W-873","NOMBRE_CAMINO":"Chumeldén - Loyola","CLASIFICACION":"Camino Regional de Acceso","CALZADA":null,"tmda":null},"geometry":{"type":"LineString","coordinates":[[-72.80671,-42.51725],[-72.79404,-42.51398],[-72.77968,-42.51723],[-72.76641,-42.51393],[-72.75522,-42.51634]]}},{"id":"11575","type":"Feature","properties":{"ROL":"W-939","NOMBRE_CAMINO":"Noroeste - Piedra del Águila","CLASIFICACION":"Camino Regional de Acceso","CALZADA":null,"tmda":null},"geometry":{"type":"LineString","coordinates":[[-71.89719,-43.17102],[-71.89748,-43.1648],[-71.89339,-43.16326],[-71.89207,-43.15545]]}},{"id":"11576","type":"Feature","properties":{"ROL":"W-897","NOMBRE_CAMINO":"Oqueldán - Tutil","CLASIFICACION":"Camino Regional de Acceso","CALZADA":null,"tmda":null},"geometry":{"type":"LineString","coordinates":[[-73.5372,-43.10738],[-73.52242,-43.10472],[-73.51588,-43.10079],[-73.4982,-43.10463],[-73.49427,-43.10215],[-73.49357,-43.09985]]}},{"id":"11577","type":"Feature","properties":{"ROL":"W-905","NOMBRE_CAMINO":"Cruce Ruta 5 (Compu) - Chaildad","CLASIFICACION":"Camino Regional Comunal","CALZADA":null,"tmda":256.0},"geometry":{"type":"LineString","coordinates":[[-73.70543,-42.87328],[-73.70149,-42.87189],[-73.68521,-42.87408],[-73.68142,-42.8735],[-73.67611,-42.87692],[-73.67468,-42.87648],[-73.66396,-42.8803],[-73.66503,-42.88184],[-73.66182,-42.88221],[-73.65921,-42.88551],[-73.66095,-42.88657]]}},{"id":"11578","type":"Feature","properties":{"ROL":"W-866","NOMBRE_CAMINO":"Cruce Ruta 5 (Coinco) - Los Runiahues","CLASIFICACION":"Camino Regional de Acceso","CALZADA":null,"tmda":null},"geometry":{"type":"LineString","coordinates":[[-73.63739,-43.04377],[-73.64052,-43.0433],[-73.64142,-43.04546],[-73.64316,-43.04459],[-73.64966,-43.0454],[-73.65381,-43.04372],[-73.65788,-43.04372],[-73.66002,-43.04418],[-73.66441,-43.04847],[-73.66928,-43.04902],[-73.68003,-43.04829],[-73.6859,-43.04462],[-73.69541,-43.04631]]}},{"id":"11579","type":"Feature","properties":{"ROL":"W-874","NOMBRE_CAMINO":"Yaldad - Acceso Playa","CLASIFICACION":"Camino Regional de Acceso","CALZADA":null,"tmda":null},"geometry":{"type":"LineString","coordinates":[[-73.70584,-43.12003],[-73.70679,-43.12576],[-73.71256,-43.13042]]}},{"id":"11580","type":"Feature","properties":{"ROL":"W-858","NOMBRE_CAMINO":"Cruce Ruta 5 (Colonia Yungay) - Lago San Antonio","CLASIFICACION":"Camino Regional Comunal","CALZADA":null,"tmda":null},"geometry":{"type":"LineString","coordinates":[[-73.65928,-43.00743],[-73.66277,-43.00236],[-73.68658,-42.99395],[-73.68718,-42.9891],[-73.69308,-42.98427],[-73.69956,-42.98525],[-73.70498,-42.9836],[-73.72636,-42.97204],[-73.73189,-42.96697],[-73.73751,-42.9656]]}},{"id":"11581","type":"Feature","properties":{"ROL":"W-935","NOMBRE_CAMINO":"Río Chico - La Montaña","CLASIFICACION":"Camino Regional de Acceso","CALZADA":null,"tmda":null},"geometry":{"type":"LineString","coordinates":[[-71.79848,-43.22105],[-71.79563,-43.21962],[-71.79495,-43.21654],[-71.79337,-43.21664],[-71.79506,-43.21325]]}},{"id":"11582","type":"Feature","properties":{"ROL":"W-823","NOMBRE_CAMINO":"Cruce Ruta 7 - Acceso a Playa Santa Bárbara","CLASIFICACION":"Camino Regional Comunal","CALZADA":null,"tmda":null},"geometry":{"type":"LineString","coordinates":[[-72.7941,-42.85588],[-72.79826,-42.85484],[-72.79978,-42.85278],[-72.79981,-42.8489]]}},{"id":"11583","type":"Feature","properties":{"ROL":"W-852","NOMBRE_CAMINO":"Cruce Ruta 5 (Compu) - Los Antipani","CLASIFICACION":"Camino Regional de Acceso","CALZADA":null,"tmda":null},"geometry":{"type":"LineString","coordinates":[[-73.70148,-42.89918],[-73.71143,-42.90246],[-73.71425,-42.90563],[-73.72425,-42.9068],[-73.72894,-42.90552],[-73.73063,-42.90216]]}},{"id":"11584","type":"Feature","properties":{"ROL":"W-903","NOMBRE_CAMINO":"Cruce Ruta 235 CH - Acceso a Puerto Ramírez","CLASIFICACION":"Camino Regional de Acceso","CALZADA":null,"tmda":null},"geometry":{"type":"LineString","coordinates":[[-72.13178,-43.48214],[-72.12988,-43.48156],[-72.1277,-43.47531],[-72.1256,-43.47348]]}},{"id":"11585","type":"Feature","properties":{"ROL":"W-907","NOMBRE_CAMINO":"Lago Espolón (Puerto Poleto) - Valle Espolón","CLASIFICACION":"Camino Regional de Acceso","CALZADA":null,"tmda":null},"geometry":{"type":"LineString","coordinates":[[-72.03273,-43.0593],[-72.03549,-43.05876],[-72.03754,-43.05448],[-72.04597,-43.04733],[-72.04763,-43.04376],[-72.05539,-43.03947],[-72.05779,-43.03345],[-72.06094,-43.03058],[-72.0662,-43.02024],[-72.0713,-43.01822]]}},{"id":"11586","type":"Feature","properties":{"ROL":"W-937","NOMBRE_CAMINO":"La Capilla - Río Yelcho","CLASIFICACION":"Camino Regional de Acceso","CALZADA":null,"tmda":null},"geometry":{"type":"LineString","coordinates":[[-72.71743,-42.96983],[-72.72253,-42.97057]]}},{"id":"11587","type":"Feature","properties":{"ROL":"W-901","NOMBRE_CAMINO":"Cruce Ruta 231 CH (Futaleufú) - Río Espolón","CLASIFICACION":"Camino Regional Comunal","CALZADA":null,"tmda":null},"geometry":{"type":"LineString","coordinates":[[-71.86751,-43.18623],[-71.86732,-43.18513],[-71.87615,-43.18388],[-71.87754,-43.18199],[-71.88595,-43.17846],[-71.88695,-43.17701],[-71.90055,-43.18584],[-71.90234,-43.18793],[-71.90105,-43.18938],[-71.90309,-43.19127],[-71.9076,-43.19246],[-71.91053,-43.19616],[-71.91604,-43.19951]]}},{"id":"11588","type":"Feature","properties":{"ROL":"W-832","NOMBRE_CAMINO":"Cruce Ruta 5 (Tara) - Romezal - Quilipulli","CLASIFICACION":"Camino Regional Comunal","CALZADA":null,"tmda":null},"geometry":{"type":"LineString","coordinates":[[-73.79515,-42.69882],[-73.8073,-42.69951],[-73.8122,-42.70213],[-73.82425,-42.70204],[-73.83545,-42.69922],[-73.84062,-42.69407],[-73.8475,-42.69404],[-73.84576,-42.69033],[-73.84613,-42.68814],[-73.84226,-42.68221],[-73.84017,-42.68062],[-73.83698,-42.68131],[-73.83596,-42.68033],[-73.83996,-42.67297],[-73.84365,-42.6691]]}},{"id":"11589","type":"Feature","properties":{"ROL":"W-959","NOMBRE_CAMINO":"Cruce Ruta 235 CH (Palena) - El Aceite","CLASIFICACION":"Camino Regional de Acceso","CALZADA":null,"tmda":null},"geometry":{"type":"LineString","coordinates":[[-71.82096,-43.61146],[-71.8212,-43.60629],[-71.81597,-43.60425],[-71.80602,-43.59316],[-71.80149,-43.59095],[-71.79415,-43.58071],[-71.7861,-43.57786],[-71.78191,-43.5777]]}},{"id":"11590","type":"Feature","properties":{"ROL":"W-923","NOMBRE_CAMINO":"Agoní - Iglesia Agoní","CLASIFICACION":"Camino Regional de Acceso","CALZADA":null,"tmda":null},"geometry":{"type":"LineString","coordinates":[[-73.5627,-42.77946],[-73.56054,-42.77925],[-73.56017,-42.77741],[-73.55621,-42.77438],[-73.55369,-42.7662],[-73.55687,-42.75433],[-73.56575,-42.7576]]}},{"id":"11591","type":"Feature","properties":{"ROL":"W-886","NOMBRE_CAMINO":"Cruce Ruta 5 (Natri) - Miraflores - Lago Tepuhueico","CLASIFICACION":"Camino Regional Comunal","CALZADA":null,"tmda":null},"geometry":{"type":"LineString","coordinates":[[-73.78855,-42.77746],[-73.79403,-42.77803],[-73.79761,-42.78285],[-73.80013,-42.78352],[-73.81719,-42.78457],[-73.8316,-42.78148],[-73.83698,-42.78378],[-73.84689,-42.78459],[-73.85133,-42.78716],[-73.86443,-42.78986],[-73.88514,-42.80067],[-73.89406,-42.80159],[-73.90853,-42.79899],[-73.91845,-42.80018],[-73.92345,-42.80249],[-73.9276,-42.81052],[-73.92621,-42.81495]]}},{"id":"11592","type":"Feature","properties":{"ROL":"W-845","NOMBRE_CAMINO":"Cruce Ruta 5 (Chadmo) - Yatehue","CLASIFICACION":"Camino Regional Comunal","CALZADA":null,"tmda":null},"geometry":{"type":"LineString","coordinates":[[-73.68421,-42.92232],[-73.67405,-42.91997],[-73.66885,-42.92009],[-73.66455,-42.9181],[-73.65649,-42.91915],[-73.64875,-42.91623],[-73.64271,-42.91699],[-73.64031,-42.91624],[-73.63798,-42.91236],[-73.62877,-42.91305],[-73.6217,-42.91574],[-73.61755,-42.92039],[-73.61862,-42.92292]]}},{"id":"11593","type":"Feature","properties":{"ROL":"W-847","NOMBRE_CAMINO":"Pilque - Paildad","CLASIFICACION":"Camino Regional Comunal","CALZADA":null,"tmda":null},"geometry":{"type":"LineString","coordinates":[[-73.6522,-42.84754],[-73.64531,-42.84689],[-73.63458,-42.85054],[-73.63356,-42.85217],[-73.61279,-42.85367],[-73.61182,-42.85499],[-73.60402,-42.85731],[-73.60315,-42.85883],[-73.60398,-42.8619],[-73.5956,-42.86754],[-73.59428,-42.87595],[-73.59152,-42.8797]]}},{"id":"11594","type":"Feature","properties":{"ROL":"W-953","NOMBRE_CAMINO":"El Diablo - Acceso a Río El Malito","CLASIFICACION":"Camino Regional de Acceso","CALZADA":null,"tmda":null},"geometry":{"type":"LineString","coordinates":[[-72.08445,-43.57511],[-72.08804,-43.57144]]}},{"id":"11595","type":"Feature","properties":{"ROL":"W-833","NOMBRE_CAMINO":"Terao - Punta Terao","CLASIFICACION":"Camino Regional de Acceso","CALZADA":null,"tmda":null},"geometry":{"type":"LineString","coordinates":[[-73.65005,-42.71083],[-73.64453,-42.70842],[-73.63179,-42.71167]]}},{"id":"11596","type":"Feature","properties":{"ROL":"W-863","NOMBRE_CAMINO":"Poyo - Camino a Puerto Velero","CLASIFICACION":"Camino Regional de Acceso","CALZADA":null,"tmda":null},"geometry":{"type":"LineString","coordinates":[[-72.68987,-42.22389],[-72.68749,-42.22543],[-72.67667,-42.22678],[-72.66355,-42.22254],[-72.65736,-42.21918],[-72.64773,-42.21823],[-72.64059,-42.21374],[-72.63216,-42.21322]]}},{"id":"11597","type":"Feature","properties":{"ROL":"W-919","NOMBRE_CAMINO":"Agoní Alto - Pichiquehue","CLASIFICACION":"Camino Regional de Acceso","CALZADA":null,"tmda":null},"geometry":{"type":"LineString","coordinates":[[-73.59722,-42.77739],[-73.59667,-42.77619],[-73.5931,-42.77653],[-73.59249,-42.7749],[-73.5877,-42.7724],[-73.58787,-42.76787],[-73.58543,-42.76334]]}},{"id":"11598","type":"Feature","properties":{"ROL":"W-888","NOMBRE_CAMINO":"Cruce Ruta 5 (Molulco) - Yerba Loza","CLASIFICACION":"Camino Regional de Acceso","CALZADA":null,"tmda":null},"geometry":{"type":"LineString","coordinates":[[-73.75222,-42.84601],[-73.75646,-42.84631],[-73.76338,-42.84393],[-73.76446,-42.84494],[-73.7681,-42.84468],[-73.7839,-42.8611],[-73.78918,-42.86176],[-73.79423,-42.86607],[-73.7983,-42.86723],[-73.80472,-42.868],[-73.82147,-42.86545],[-73.83858,-42.86519],[-73.84746,-42.86364],[-73.88219,-42.86534],[-73.88148,-42.88275],[-73.88331,-42.88399],[-73.89088,-42.88464],[-73.89451,-42.88856],[-73.89773,-42.88962],[-73.89774,-42.89075]]}},{"id":"11599","type":"Feature","properties":{"ROL":"W-856","NOMBRE_CAMINO":"Huillinco - Río Coihuín","CLASIFICACION":"Camino Regional Comunal","CALZADA":null,"tmda":null},"geometry":{"type":"LineString","coordinates":[[-73.89762,-42.67468],[-73.89212,-42.67777],[-73.89162,-42.6801],[-73.88998,-42.68113],[-73.89135,-42.6891],[-73.89593,-42.69817],[-73.89956,-42.70018],[-73.9011,-42.70584],[-73.89727,-42.71879]]}},{"id":"11600","type":"Feature","properties":{"ROL":"W-893","NOMBRE_CAMINO":"Cruce Ruta 231 CH - Acceso a Lago Espolón","CLASIFICACION":"Camino Regional de Acceso","CALZADA":null,"tmda":null},"geometry":{"type":"LineString","coordinates":[[-71.92521,-43.22023],[-71.93454,-43.2175],[-71.93813,-43.21794],[-71.95032,-43.21532]]}},{"id":"11601","type":"Feature","properties":{"ROL":"W-873","NOMBRE_CAMINO":"Chumeldén - Loyola","CLASIFICACION":"Camino Regional de Acceso","CALZADA":null,"tmda":null},"geometry":{"type":"LineString","coordinates":[[-72.75522,-42.51634],[-72.74824,-42.51529],[-72.7416,-42.51665],[-72.73483,-42.51492],[-72.71942,-42.51658],[-72.71174,-42.51383],[-72.70742,-42.51617],[-72.70474,-42.51949]]}},{"id":"11602","type":"Feature","properties":{"ROL":"W-957","NOMBRE_CAMINO":"El Tigre - Camino a Lago Palena","CLASIFICACION":"Camino Regional de Acceso","CALZADA":null,"tmda":null},"geometry":{"type":"LineString","coordinates":[[-71.84156,-43.6445],[-71.82676,-43.66559],[-71.82723,-43.66973],[-71.82515,-43.67629],[-71.82758,-43.67847],[-71.82694,-43.68148],[-71.82854,-43.68563],[-71.8288,-43.69271],[-71.83007,-43.69476],[-71.83293,-43.69586],[-71.82992,-43.69906],[-71.8249,-43.7007],[-71.82315,-43.70506],[-71.81636,-43.7076],[-71.81407,-43.71107],[-71.81403,-43.71516]]}},{"id":"11603","type":"Feature","properties":{"ROL":"W-899","NOMBRE_CAMINO":"Cruce Ruta 231 CH - Escuela Lonconao","CLASIFICACION":"Camino Regional de Acceso","CALZADA":null,"tmda":null},"geometry":{"type":"LineString","coordinates":[[-71.92694,-43.22737],[-71.93097,-43.22538]]}},{"id":"11604","type":"Feature","properties":{"ROL":"W-884","NOMBRE_CAMINO":"Miraflores - Tepuhuieco","CLASIFICACION":"Camino Regional de Acceso","CALZADA":null,"tmda":null},"geometry":{"type":"LineString","coordinates":[[-73.8441,-42.78427],[-73.85459,-42.78154],[-73.85827,-42.77732],[-73.87571,-42.77518]]}},{"id":"11605","type":"Feature","properties":{"ROL":"W-892","NOMBRE_CAMINO":"Cruce Ruta 5 (Molulco) - Laguna Chiulla","CLASIFICACION":"Camino Regional de Acceso","CALZADA":null,"tmda":null},"geometry":{"type":"LineString","coordinates":[[-73.73505,-42.86092],[-73.74381,-42.86381],[-73.74647,-42.86343],[-73.74959,-42.86566],[-73.75669,-42.86783],[-73.75967,-42.87356],[-73.75966,-42.8764],[-73.76424,-42.87744]]}},{"id":"11606","type":"Feature","properties":{"ROL":"W-872","NOMBRE_CAMINO":"Quellón Viejo - Trincao - Yaldad","CLASIFICACION":"Camino Regional Comunal","CALZADA":null,"tmda":null},"geometry":{"type":"LineString","coordinates":[[-73.64342,-43.12949],[-73.64365,-43.13757],[-73.64656,-43.13823],[-73.65285,-43.13652],[-73.65465,-43.13751],[-73.66477,-43.13728],[-73.66919,-43.13978],[-73.68044,-43.14216],[-73.68474,-43.14153],[-73.69461,-43.14858],[-73.70023,-43.15044],[-73.70163,-43.14981],[-73.70296,-43.14303],[-73.70164,-43.13624],[-73.70366,-43.13496],[-73.7026,-43.13132],[-73.69799,-43.12773],[-73.69748,-43.12543],[-73.70603,-43.11988],[-73.70549,-43.11382],[-73.70877,-43.11169]]}},{"id":"11607","type":"Feature","properties":{"ROL":"W-827","NOMBRE_CAMINO":"Huequi - Chulao - Ayacara","CLASIFICACION":"Camino Regional Comunal","CALZADA":null,"tmda":449.0},"geometry":{"type":"LineString","coordinates":[[-72.73579,-42.25962],[-72.73481,-42.25801],[-72.73612,-42.25551],[-72.73572,-42.25236],[-72.74035,-42.25403],[-72.75361,-42.24716],[-72.75934,-42.24875],[-72.76983,-42.24614],[-72.77411,-42.24914],[-72.77456,-42.25123],[-72.78275,-42.26123],[-72.78528,-42.26074],[-72.78984,-42.26733],[-72.79428,-42.2708],[-72.79587,-42.27487],[-72.80482,-42.28139],[-72.80679,-42.28442],[-72.82218,-42.29323],[-72.83302,-42.2957],[-72.83457,-42.29899],[-72.83253,-42.30271],[-72.83289,-42.30958],[-72.83035,-42.3177],[-72.82393,-42.321],[-72.80681,-42.32289],[-72.80141,-42.31908],[-72.80051,-42.31619],[-72.79765,-42.31382],[-72.78842,-42.3089],[-72.78607,-42.30921]]}},{"id":"11608","type":"Feature","properties":{"ROL":"W-829","NOMBRE_CAMINO":"El Tigre - Laguna Negra","CLASIFICACION":"Camino Regional de Acceso","CALZADA":null,"tmda":null},"geometry":{"type":"LineString","coordinates":[[-71.85414,-43.6434],[-71.85667,-43.64177],[-71.85601,-43.63904],[-71.85699,-43.6372],[-71.86108,-43.63609]]}},{"id":"11609","type":"Feature","properties":{"ROL":"W-890","NOMBRE_CAMINO":"Cruce Ruta 5 (Molulco) - Las Tejas","CLASIFICACION":"Camino Regional de Acceso","CALZADA":null,"tmda":null},"geometry":{"type":"LineString","coordinates":[[-73.74904,-42.85249],[-73.75673,-42.85431],[-73.76135,-42.85701]]}},{"id":"11610","type":"Feature","properties":{"ROL":"W-917","NOMBRE_CAMINO":"Isla Tranqui: Tranqui - San José","CLASIFICACION":"Camino Regional de Acceso","CALZADA":null,"tmda":null},"geometry":{"type":"LineString","coordinates":[[-73.52574,-42.94453],[-73.52975,-42.94356],[-73.53424,-42.94419],[-73.53907,-42.94083],[-73.54133,-42.9428],[-73.54852,-42.94433],[-73.55523,-42.94757],[-73.56552,-42.94677],[-73.56728,-42.94089],[-73.57078,-42.94045],[-73.57523,-42.93549],[-73.57986,-42.93315],[-73.58233,-42.9298],[-73.58232,-42.9261]]}},{"id":"11611","type":"Feature","properties":{"ROL":"W-855","NOMBRE_CAMINO":"Lago Tarahuín - Terao","CLASIFICACION":"Camino Regional Comunal","CALZADA":null,"tmda":null},"geometry":{"type":"LineString","coordinates":[[-73.67249,-42.72546],[-73.67078,-42.72532],[-73.66203,-42.71836],[-73.65417,-42.71561],[-73.65006,-42.71234],[-73.65015,-42.70916],[-73.65339,-42.70667]]}},{"id":"11612","type":"Feature","properties":{"ROL":"W-931","NOMBRE_CAMINO":"Cruce Ruta 7 (El Avión) - Río Yelcho","CLASIFICACION":"Camino Regional de Acceso","CALZADA":null,"tmda":null},"geometry":{"type":"LineString","coordinates":[[-72.50004,-43.01269],[-72.50067,-43.01572],[-72.50449,-43.02153],[-72.50507,-43.02539],[-72.51385,-43.03693],[-72.51822,-43.04144],[-72.52134,-43.04262],[-72.52444,-43.04674],[-72.52953,-43.04884],[-72.53502,-43.05431],[-72.54241,-43.05767]]}},{"id":"11613","type":"Feature","properties":{"ROL":"W-909","NOMBRE_CAMINO":"Cruce Ruta 5 (Huildad) - Coi Coi","CLASIFICACION":"Camino Regional de Acceso","CALZADA":null,"tmda":null},"geometry":{"type":"LineString","coordinates":[[-73.6421,-43.02953],[-73.63259,-43.02967],[-73.63112,-43.02191],[-73.62834,-43.02006]]}},{"id":"11614","type":"Feature","properties":{"ROL":"W-865","NOMBRE_CAMINO":"Chadmo - Cacique Millalonco","CLASIFICACION":"Camino Regional de Acceso","CALZADA":null,"tmda":null},"geometry":{"type":"LineString","coordinates":[[-73.67631,-42.9213],[-73.6722,-42.92297],[-73.66698,-42.9311],[-73.66298,-42.93376],[-73.65847,-42.9401]]}},{"id":"11615","type":"Feature","properties":{"ROL":"W-889","NOMBRE_CAMINO":"Noroeste - El Huemul","CLASIFICACION":"Camino Regional Comunal","CALZADA":null,"tmda":null},"geometry":{"type":"LineString","coordinates":[[-71.89051,-43.17956],[-71.89536,-43.17596],[-71.89859,-43.16937],[-71.90172,-43.16907]]}},{"id":"11616","type":"Feature","properties":{"ROL":"W-825","NOMBRE_CAMINO":"Cruce Ruta 5 (Tara) - Pindaco","CLASIFICACION":"Camino Regional Comunal","CALZADA":null,"tmda":null},"geometry":{"type":"LineString","coordinates":[[-73.79423,-42.70043],[-73.78097,-42.69926],[-73.77049,-42.70154],[-73.7696,-42.69958],[-73.76597,-42.6974],[-73.76249,-42.68896],[-73.75035,-42.68249],[-73.74933,-42.67895],[-73.74224,-42.68037]]}},{"id":"11617","type":"Feature","properties":{"ROL":"W-951","NOMBRE_CAMINO":"Cruce Ruta 235 CH (El Malito) - El Diablo - Cordón Blanco","CLASIFICACION":"Camino Regional Comunal","CALZADA":null,"tmda":null},"geometry":{"type":"LineString","coordinates":[[-72.00777,-43.61737],[-72.01159,-43.61596],[-72.01687,-43.61108],[-72.01928,-43.60576],[-72.02753,-43.60243],[-72.03153,-43.59641],[-72.04863,-43.59235],[-72.05407,-43.58589],[-72.0799,-43.57965],[-72.08539,-43.57522],[-72.08872,-43.57805],[-72.08831,-43.58098],[-72.09158,-43.58156],[-72.09481,-43.58394],[-72.09549,-43.58622],[-72.10062,-43.59163],[-72.10301,-43.59817],[-72.11213,-43.60665],[-72.11095,-43.61384],[-72.11302,-43.61865],[-72.11739,-43.619],[-72.12306,-43.62188],[-72.13723,-43.63558],[-72.14935,-43.63906],[-72.15095,-43.64179],[-72.15075,-43.64655],[-72.15263,-43.65255],[-72.15475,-43.65325],[-72.16104,-43.66271],[-72.1633,-43.6754],[-72.16611,-43.68105],[-72.16497,-43.68337],[-72.16909,-43.68728]]}},{"id":"11618","type":"Feature","properties":{"ROL":"W-907","NOMBRE_CAMINO":"Lago Espolón (Puerto Poleto) - Valle Espolón","CLASIFICACION":"Camino Regional de Acceso","CALZADA":null,"tmda":null},"geometry":{"type":"LineString","coordinates":[[-72.02084,-43.12581],[-72.02111,-43.11433],[-72.02939,-43.10469],[-72.02543,-43.09638],[-72.02615,-43.09299],[-72.02199,-43.09343],[-72.02086,-43.08883],[-72.02097,-43.08637],[-72.02547,-43.08214],[-72.02624,-43.07834],[-72.01979,-43.07259],[-72.02427,-43.06412],[-72.03273,-43.0593]]}},{"id":"11619","type":"Feature","properties":{"ROL":"W-925","NOMBRE_CAMINO":"Pilque - Apeche Alto","CLASIFICACION":"Camino Regional Comunal","CALZADA":null,"tmda":null},"geometry":{"type":"LineString","coordinates":[[-73.63499,-42.84309],[-73.63751,-42.84147],[-73.63799,-42.83895],[-73.64367,-42.83702],[-73.6443,-42.8345],[-73.64864,-42.82941],[-73.65401,-42.82719],[-73.65287,-42.82233],[-73.64236,-42.81484],[-73.6383,-42.81562],[-73.6275,-42.81371],[-73.62175,-42.81436]]}},{"id":"11620","type":"Feature","properties":{"ROL":"W-837","NOMBRE_CAMINO":"Cruce Ruta 5 (Compu Alto) - Chaildad - Yatehue","CLASIFICACION":"Camino Regional Comunal","CALZADA":null,"tmda":null},"geometry":{"type":"LineString","coordinates":[[-73.70148,-42.89918],[-73.69595,-42.89771],[-73.69222,-42.89864],[-73.6862,-42.89408],[-73.67927,-42.89257],[-73.6771,-42.89025],[-73.67198,-42.8899],[-73.67095,-42.88791],[-73.66101,-42.88655],[-73.65504,-42.88942],[-73.65674,-42.89256],[-73.65502,-42.89703],[-73.64532,-42.90087],[-73.6398,-42.9052],[-73.63841,-42.91028],[-73.63924,-42.91157],[-73.63797,-42.91236]]}},{"id":"11621","type":"Feature","properties":{"ROL":"W-867","NOMBRE_CAMINO":"Cruce Ruta 231 CH (Futaleufú) - Las Escalas","CLASIFICACION":"Camino Regional de Acceso","CALZADA":null,"tmda":null},"geometry":{"type":"LineString","coordinates":[[-71.88779,-43.19544],[-71.88196,-43.19649],[-71.87671,-43.2047],[-71.87786,-43.20575],[-71.87729,-43.20696],[-71.88104,-43.2107],[-71.88112,-43.21731],[-71.88591,-43.21986],[-71.88793,-43.22327],[-71.88466,-43.2262],[-71.88525,-43.23302],[-71.88846,-43.23365],[-71.89072,-43.23724],[-71.88663,-43.24019],[-71.88367,-43.24029],[-71.88231,-43.24398],[-71.88743,-43.24852],[-71.8876,-43.25112],[-71.88625,-43.25318],[-71.88777,-43.25649]]}},{"id":"11622","type":"Feature","properties":{"ROL":"W-831","NOMBRE_CAMINO":"Cruce Ruta 235 CH - Acceso a Río Palena","CLASIFICACION":"Camino Regional de Acceso","CALZADA":null,"tmda":null},"geometry":{"type":"LineString","coordinates":[[-71.74157,-43.60997],[-71.74766,-43.60822],[-71.74949,-43.60548],[-71.74419,-43.60133]]}},{"id":"11623","type":"Feature","properties":{"ROL":"W-891","NOMBRE_CAMINO":"Candelaria - Tutil","CLASIFICACION":"Camino Regional de Acceso","CALZADA":null,"tmda":null},"geometry":{"type":"LineString","coordinates":[[-73.54878,-43.0691],[-73.53608,-43.0669],[-73.53368,-43.07192]]}},{"id":"11624","type":"Feature","properties":{"ROL":"W-830","NOMBRE_CAMINO":"Notuco - Quilipulli - Huillinco","CLASIFICACION":"Camino Regional Comunal","CALZADA":null,"tmda":null},"geometry":{"type":"LineString","coordinates":[[-73.85404,-42.65698],[-73.85381,-42.65943],[-73.84984,-42.66125],[-73.85014,-42.66502],[-73.84365,-42.6691],[-73.84672,-42.67186],[-73.87424,-42.67109],[-73.87708,-42.67181],[-73.87803,-42.67416],[-73.88994,-42.67172]]}},{"id":"11625","type":"Feature","properties":{"ROL":"W-898","NOMBRE_CAMINO":"Yaldad - Incopulli - Cocauque","CLASIFICACION":"Camino Regional de Acceso","CALZADA":null,"tmda":null},"geometry":{"type":"LineString","coordinates":[[-73.69513,-43.10231],[-73.70043,-43.09532],[-73.70202,-43.09119],[-73.71032,-43.08712],[-73.71888,-43.08552],[-73.71991,-43.08779],[-73.72601,-43.09119],[-73.73533,-43.09422],[-73.72989,-43.10058],[-73.7315,-43.10555],[-73.73132,-43.11173],[-73.72664,-43.1133],[-73.727,-43.11469],[-73.73231,-43.11662]]}},{"id":"11626","type":"Feature","properties":{"ROL":"W-857","NOMBRE_CAMINO":"Agoní - Playa Agoní","CLASIFICACION":"Camino Regional Comunal","CALZADA":null,"tmda":null},"geometry":{"type":"LineString","coordinates":[[-73.56985,-42.78092],[-73.56267,-42.7794],[-73.56434,-42.77653],[-73.56344,-42.77239],[-73.56552,-42.7708],[-73.56746,-42.76389],[-73.56705,-42.75966],[-73.56949,-42.75719]]}},{"id":"11627","type":"Feature","properties":{"ROL":"W-933","NOMBRE_CAMINO":"Río Chico - Reserva Nacional Futaleufú","CLASIFICACION":"Camino Regional de Acceso","CALZADA":null,"tmda":null},"geometry":{"type":"LineString","coordinates":[[-71.80976,-43.20535],[-71.80804,-43.20517],[-71.8091,-43.20346],[-71.80639,-43.19772]]}},{"id":"11628","type":"Feature","properties":{"ROL":"W-895","NOMBRE_CAMINO":"Cruce Ruta 235 CH (Río Encuentro) - Valle California","CLASIFICACION":"Camino Regional de Acceso","CALZADA":null,"tmda":null},"geometry":{"type":"LineString","coordinates":[[-71.71602,-43.6072],[-71.70877,-43.61131],[-71.70738,-43.61529],[-71.70824,-43.62683],[-71.70332,-43.63349],[-71.6996,-43.63577],[-71.69958,-43.63833],[-71.69543,-43.64118],[-71.6847,-43.64378],[-71.68759,-43.65215],[-71.69,-43.65533],[-71.68904,-43.6573],[-71.68973,-43.65914],[-71.69734,-43.66561],[-71.69835,-43.67055],[-71.70376,-43.67919],[-71.70566,-43.68006],[-71.70796,-43.67908],[-71.70894,-43.68447],[-71.70557,-43.6846],[-71.70389,-43.69479],[-71.71368,-43.69536],[-71.72182,-43.69876],[-71.72577,-43.70315],[-71.73381,-43.70574]]}},{"id":"11629","type":"Feature","properties":{"ROL":"W-927","NOMBRE_CAMINO":"Terao - Alto Bonito","CLASIFICACION":"Camino Regional de Acceso","CALZADA":null,"tmda":null},"geometry":{"type":"LineString","coordinates":[[-73.66351,-42.71939],[-73.66228,-42.71547],[-73.65635,-42.71219],[-73.65738,-42.71017],[-73.65831,-42.71054],[-73.65853,-42.70669]]}},{"id":"11630","type":"Feature","properties":{"ROL":"W-885","NOMBRE_CAMINO":"Río Chico - Las Escalas","CLASIFICACION":"Camino Regional de Acceso","CALZADA":null,"tmda":null},"geometry":{"type":"LineString","coordinates":[[-71.84034,-43.19634],[-71.84241,-43.19696],[-71.84037,-43.19904],[-71.84273,-43.20035],[-71.84369,-43.209],[-71.85046,-43.21705],[-71.85295,-43.21722],[-71.85345,-43.2189],[-71.85925,-43.22251],[-71.86832,-43.22503],[-71.87059,-43.22425],[-71.87463,-43.22556],[-71.87602,-43.22724],[-71.87458,-43.2277],[-71.87281,-43.23207],[-71.87852,-43.243],[-71.87961,-43.25306],[-71.87604,-43.26068],[-71.87132,-43.26408],[-71.87071,-43.26594],[-71.8836,-43.27365],[-71.8841,-43.27564],[-71.88174,-43.276],[-71.88516,-43.28049],[-71.89088,-43.28118],[-71.90155,-43.28615],[-71.91028,-43.28606],[-71.91735,-43.28759],[-71.92464,-43.28435]]}},{"id":"11631","type":"Feature","properties":{"ROL":"W-843","NOMBRE_CAMINO":"Santa Rosa - Quila Quemada","CLASIFICACION":"Camino Regional de Acceso","CALZADA":null,"tmda":null},"geometry":{"type":"LineString","coordinates":[[-73.60271,-43.05834],[-73.60203,-43.06556],[-73.6057,-43.07235]]}},{"id":"11632","type":"Feature","properties":{"ROL":"U-878","NOMBRE_CAMINO":"Rincón Chileno - Copihue","CLASIFICACION":"Camino Regional Comunal","CALZADA":null,"tmda":null},"geometry":{"type":"LineString","coordinates":[[-73.29592,-40.95901],[-73.33628,-40.96668]]}},{"id":"11633","type":"Feature","properties":{"ROL":"U-102","NOMBRE_CAMINO":"Cruce Ruta 5 (Pincoy) - San Pablo","CLASIFICACION":"Camino Regional Provincial","CALZADA":null,"tmda":204.0},"geometry":{"type":"LineString","coordinates":[[-73.06249,-40.51088],[-73.06737,-40.5033],[-73.07035,-40.48574],[-73.06566,-40.47193],[-73.0589,-40.45753],[-73.05824,-40.45084],[-73.05122,-40.44603],[-73.04399,-40.43468],[-73.03941,-40.43188],[-73.03821,-40.42906],[-73.03247,-40.42679],[-73.02607,-40.4221],[-73.02699,-40.41871],[-73.02604,-40.41742],[-73.0192,-40.41545]]}},{"id":"11634","type":"Feature","properties":{"ROL":"U-102","NOMBRE_CAMINO":"Cruce Ruta 5 (Pincoy) - San Pablo","CLASIFICACION":"Camino Regional Provincial","CALZADA":null,"tmda":204.0},"geometry":{"type":"LineString","coordinates":[[-73.0192,-40.41545],[-73.01263,-40.41267]]}},{"id":"11635","type":"Feature","properties":{"ROL":"U-108","NOMBRE_CAMINO":"Cruce Ruta 5 (Pufayo) - San Pablo","CLASIFICACION":"Camino Regional Provincial","CALZADA":null,"tmda":null},"geometry":{"type":"LineString","coordinates":[[-73.01035,-40.43294],[-73.011,-40.42534],[-73.00972,-40.42063]]}},{"id":"11636","type":"Feature","properties":{"ROL":"U-108","NOMBRE_CAMINO":"Cruce Ruta 5 (Pufayo) - San Pablo","CLASIFICACION":"Camino Regional Provincial","CALZADA":null,"tmda":null},"geometry":{"type":"LineString","coordinates":[[-73.00972,-40.42063],[-73.01024,-40.41842],[-73.01496,-40.41407]]}},{"id":"11637","type":"Feature","properties":{"ROL":"U-125","NOMBRE_CAMINO":"Hueleco - Pufayo - Trecaimo","CLASIFICACION":"Camino Regional Comunal","CALZADA":null,"tmda":292.0},"geometry":{"type":"LineString","coordinates":[[-72.99669,-40.43571],[-72.9819,-40.45073],[-72.98667,-40.4576],[-72.97929,-40.46497],[-72.96831,-40.47141]]}},{"id":"11638","type":"Feature","properties":{"ROL":"U-125","NOMBRE_CAMINO":"Hueleco - Pufayo - Trecaimo","CLASIFICACION":"Camino Regional Comunal","CALZADA":null,"tmda":292.0},"geometry":{"type":"LineString","coordinates":[[-72.99338,-40.43112],[-72.99669,-40.43571]]}},{"id":"11639","type":"Feature","properties":{"ROL":"U-336","NOMBRE_CAMINO":"Tren Tren - Cumilelfu","CLASIFICACION":"Camino Regional Comunal","CALZADA":null,"tmda":null},"geometry":{"type":"LineString","coordinates":[[-73.46648,-40.46108],[-73.46793,-40.46019],[-73.46757,-40.4565],[-73.46555,-40.45431],[-73.46715,-40.45255],[-73.47172,-40.45235],[-73.47076,-40.45012],[-73.47147,-40.44834],[-73.46972,-40.44582],[-73.47109,-40.43726],[-73.47501,-40.43656],[-73.4773,-40.43777],[-73.47934,-40.43557],[-73.47868,-40.43125],[-73.48065,-40.43227]]}},{"id":"11640","type":"Feature","properties":{"ROL":"U-336","NOMBRE_CAMINO":"Tren Tren - Cumilelfu","CLASIFICACION":"Camino Regional Comunal","CALZADA":null,"tmda":null},"geometry":{"type":"LineString","coordinates":[[-73.469,-40.46468],[-73.46648,-40.46108]]}},{"id":"11641","type":"Feature","properties":{"ROL":"U-326","NOMBRE_CAMINO":"Lafquelmapu Bajo - Nueva Huitrapulli","CLASIFICACION":"Camino Regional de Acceso","CALZADA":null,"tmda":null},"geometry":{"type":"LineString","coordinates":[[-73.43801,-40.4884],[-73.44206,-40.48757],[-73.44364,-40.48383],[-73.44886,-40.48361],[-73.45432,-40.4797],[-73.45926,-40.47938],[-73.45853,-40.47773],[-73.46132,-40.47655],[-73.46698,-40.47719],[-73.47576,-40.47358],[-73.47715,-40.47621],[-73.48027,-40.47805],[-73.48482,-40.47601],[-73.48619,-40.47668]]}},{"id":"11642","type":"Feature","properties":{"ROL":"U-336","NOMBRE_CAMINO":"Tren Tren - Cumilelfu","CLASIFICACION":"Camino Regional Comunal","CALZADA":null,"tmda":null},"geometry":{"type":"LineString","coordinates":[[-73.48065,-40.43227],[-73.48251,-40.43293],[-73.48263,-40.432]]}},{"id":"11643","type":"Feature","properties":{"ROL":"U-326","NOMBRE_CAMINO":"Lafquelmapu Bajo - Nueva Huitrapulli","CLASIFICACION":"Camino Regional de Acceso","CALZADA":null,"tmda":null},"geometry":{"type":"LineString","coordinates":[[-73.48619,-40.47668],[-73.48907,-40.47487]]}},{"id":"11644","type":"Feature","properties":{"ROL":"V-844","NOMBRE_CAMINO":"Misquihué - Algodonal Nº2","CLASIFICACION":"Camino Regional Comunal","CALZADA":null,"tmda":null},"geometry":{"type":"LineString","coordinates":[[-73.37577,-41.54962],[-73.37756,-41.55705],[-73.37494,-41.56305],[-73.37824,-41.57028]]}},{"id":"11645","type":"Feature","properties":{"ROL":"V-844","NOMBRE_CAMINO":"Misquihué - Algodonal Nº2","CLASIFICACION":"Camino Regional Comunal","CALZADA":null,"tmda":null},"geometry":{"type":"LineString","coordinates":[[-73.37824,-41.57028],[-73.37895,-41.57269],[-73.38546,-41.57891],[-73.38632,-41.58384]]}},{"id":"11646","type":"Feature","properties":{"ROL":"W-253","NOMBRE_CAMINO":"Coñico - Pullao","CLASIFICACION":"Camino Regional Comunal","CALZADA":null,"tmda":null},"geometry":{"type":"LineString","coordinates":[[-73.67749,-42.50023],[-73.67491,-42.49989],[-73.67408,-42.49705],[-73.66944,-42.49767],[-73.66685,-42.49544],[-73.66859,-42.4912],[-73.67018,-42.49034],[-73.66894,-42.48851],[-73.66991,-42.48769]]}},{"id":"11647","type":"Feature","properties":{"ROL":"W-253","NOMBRE_CAMINO":"Coñico - Pullao","CLASIFICACION":"Camino Regional Comunal","CALZADA":null,"tmda":null},"geometry":{"type":"LineString","coordinates":[[-73.66991,-42.48769],[-73.67071,-42.48332]]}},{"id":"11648","type":"Feature","properties":{"ROL":"W-480","NOMBRE_CAMINO":"Cruce Ruta 5 (Pid Pid) - Al Pacífico","CLASIFICACION":"Camino Regional Comunal","CALZADA":null,"tmda":602.0},"geometry":{"type":"LineString","coordinates":[[-73.77388,-42.41952],[-73.78122,-42.41524],[-73.79195,-42.41309],[-73.80269,-42.40832],[-73.81393,-42.40827],[-73.82253,-42.40471],[-73.83228,-42.40394],[-73.83711,-42.40526],[-73.83968,-42.40319],[-73.84267,-42.40303],[-73.84751,-42.39922],[-73.85721,-42.3998],[-73.86111,-42.39607],[-73.86296,-42.39196],[-73.86799,-42.39296],[-73.87293,-42.39575],[-73.87748,-42.3943],[-73.87817,-42.39195],[-73.89015,-42.38994],[-73.90214,-42.38979]]}},{"id":"11649","type":"Feature","properties":{"ROL":"W-480","NOMBRE_CAMINO":"Cruce Ruta 5 (Pid Pid) - Al Pacífico","CLASIFICACION":"Camino Regional Comunal","CALZADA":null,"tmda":602.0},"geometry":{"type":"LineString","coordinates":[[-73.90214,-42.38979],[-73.91571,-42.38343]]}},{"id":"11650","type":"Feature","properties":{"ROL":"W-739","NOMBRE_CAMINO":"Caleta El Manzano - Puntilla Quillón","CLASIFICACION":"Camino Regional Comunal","CALZADA":null,"tmda":null},"geometry":{"type":"LineString","coordinates":[[-72.63277,-42.01201],[-72.62766,-42.01485],[-72.63226,-42.01597],[-72.63212,-42.01914],[-72.63505,-42.02169],[-72.63794,-42.02698],[-72.63589,-42.02902],[-72.63185,-42.03019],[-72.63346,-42.03164],[-72.63224,-42.0331]]}},{"id":"11651","type":"Feature","properties":{"ROL":"W-739","NOMBRE_CAMINO":"Caleta El Manzano - Puntilla Quillón","CLASIFICACION":"Camino Regional Comunal","CALZADA":null,"tmda":null},"geometry":{"type":"LineString","coordinates":[[-72.63224,-42.0331],[-72.64011,-42.0358]]}},{"id":"11652","type":"Feature","properties":{"ROL":"W-859","NOMBRE_CAMINO":"Cruce Ruta 231 CH (El Desagüe) - Río Zapata","CLASIFICACION":"Camino Regional de Acceso","CALZADA":null,"tmda":null},"geometry":{"type":"LineString","coordinates":[[-72.0168,-43.30607],[-72.0303,-43.30201]]}},{"id":"11653","type":"Feature","properties":{"ROL":"W-765","NOMBRE_CAMINO":"Quildaco Bajo - El Valle","CLASIFICACION":"Camino Regional de Acceso","CALZADA":null,"tmda":null},"geometry":{"type":"LineString","coordinates":[[-72.79062,-41.86802],[-72.78969,-41.86712],[-72.78422,-41.86852],[-72.77785,-41.86785],[-72.77108,-41.87113],[-72.76545,-41.87117],[-72.75785,-41.86912],[-72.75439,-41.8726],[-72.74592,-41.87733]]}},{"id":"11654","type":"Feature","properties":{"ROL":"W-849","NOMBRE_CAMINO":"Lelbun - Lago Pío Pío","CLASIFICACION":"Camino Regional de Acceso","CALZADA":null,"tmda":null},"geometry":{"type":"LineString","coordinates":[[-73.52237,-42.8019],[-73.52918,-42.80819],[-73.53546,-42.81204],[-73.53629,-42.81639],[-73.53794,-42.81791],[-73.55088,-42.80992]]}},{"id":"11655","type":"Feature","properties":{"ROL":"W-849","NOMBRE_CAMINO":"Lelbun - Lago Pío Pío","CLASIFICACION":"Camino Regional de Acceso","CALZADA":null,"tmda":null},"geometry":{"type":"LineString","coordinates":[[-73.55088,-42.80992],[-73.55211,-42.80543],[-73.55825,-42.80107]]}},{"id":"11656","type":"Feature","properties":{"ROL":"W-765","NOMBRE_CAMINO":"Quildaco Bajo - El Valle","CLASIFICACION":"Camino Regional de Acceso","CALZADA":null,"tmda":null},"geometry":{"type":"LineString","coordinates":[[-72.74592,-41.87733],[-72.74134,-41.87895],[-72.7352,-41.87775],[-72.73277,-41.87357],[-72.72924,-41.87068]]}},{"id":"11657","type":"Feature","properties":{"ROL":"W-859","NOMBRE_CAMINO":"Cruce Ruta 231 CH (El Desagüe) - Río Zapata","CLASIFICACION":"Camino Regional de Acceso","CALZADA":null,"tmda":null},"geometry":{"type":"LineString","coordinates":[[-71.98152,-43.28889],[-71.98429,-43.2896],[-71.98672,-43.28813],[-71.98843,-43.28976],[-71.99175,-43.28941],[-71.99808,-43.29898],[-72.00153,-43.30145],[-72.00589,-43.30158],[-72.01117,-43.30372]]}},{"id":"11658","type":"Feature","properties":{"ROL":"W-859","NOMBRE_CAMINO":"Cruce Ruta 231 CH (El Desagüe) - Río Zapata","CLASIFICACION":"Camino Regional de Acceso","CALZADA":null,"tmda":null},"geometry":{"type":"LineString","coordinates":[[-72.01117,-43.30372],[-72.01464,-43.30402],[-72.0168,-43.30607]]}},{"id":"11659","type":"Feature","properties":{"ROL":"W-861","NOMBRE_CAMINO":"Cruce Ruta 231 CH (El Azul) - Pasarela El Azul","CLASIFICACION":"Camino Regional de Acceso","CALZADA":null,"tmda":null},"geometry":{"type":"LineString","coordinates":[[-72.01558,-43.30797],[-72.02561,-43.30427],[-72.03503,-43.30294],[-72.04108,-43.29857]]}},{"id":"11660","type":"Feature","properties":{"ROL":"W-869","NOMBRE_CAMINO":"Cruce Ruta 231 CH (Futaleufú) - Río Chico","CLASIFICACION":"Camino Regional Comunal","CALZADA":null,"tmda":null},"geometry":{"type":"LineString","coordinates":[[-71.84251,-43.19143],[-71.84276,-43.19394],[-71.83488,-43.19909],[-71.82286,-43.20099],[-71.81573,-43.19987],[-71.81166,-43.20067],[-71.81111,-43.20395],[-71.80489,-43.20848],[-71.80413,-43.2133],[-71.79843,-43.22062],[-71.7985,-43.22728],[-71.79418,-43.2323],[-71.79481,-43.23568],[-71.78858,-43.24586]]}},{"id":"11661","type":"Feature","properties":{"ROL":"W-861","NOMBRE_CAMINO":"Cruce Ruta 231 CH (El Azul) - Pasarela El Azul","CLASIFICACION":"Camino Regional de Acceso","CALZADA":null,"tmda":null},"geometry":{"type":"LineString","coordinates":[[-71.99852,-43.31991],[-72.00973,-43.31101],[-72.01285,-43.3107],[-72.01558,-43.30797]]}},{"id":"11662","type":"Feature","properties":{"ROL":"W-869","NOMBRE_CAMINO":"Cruce Ruta 231 CH (Futaleufú) - Río Chico","CLASIFICACION":"Camino Regional Comunal","CALZADA":null,"tmda":null},"geometry":{"type":"LineString","coordinates":[[-71.78858,-43.24586],[-71.78627,-43.25077],[-71.7866,-43.25497]]}},{"id":"11663","type":"Feature","properties":{"ROL":"W-871","NOMBRE_CAMINO":"Cruce Ruta 7 (Puente El Negro) - Chaitén Viejo","CLASIFICACION":"Camino Regional Comunal","CALZADA":null,"tmda":null},"geometry":{"type":"LineString","coordinates":[[-72.64392,-42.95419],[-72.64616,-42.957],[-72.66021,-42.96317],[-72.67654,-42.95994],[-72.67871,-42.96264],[-72.69005,-42.96126],[-72.69895,-42.96276],[-72.70231,-42.96456],[-72.70912,-42.96499],[-72.71784,-42.96989],[-72.72291,-42.9658],[-72.72456,-42.95426],[-72.72856,-42.94881],[-72.72412,-42.94196]]}},{"id":"11664","type":"Feature","properties":{"ROL":"W-871","NOMBRE_CAMINO":"Cruce Ruta 7 (Puente El Negro) - Chaitén Viejo","CLASIFICACION":"Camino Regional Comunal","CALZADA":null,"tmda":null},"geometry":{"type":"LineString","coordinates":[[-72.72412,-42.94196],[-72.72269,-42.94053]]}},{"id":"11665","type":"Feature","properties":{"ROL":"W-949","NOMBRE_CAMINO":"Cruce Ruta 235 CH (El Malito) - La Balsa - El Tranquilo","CLASIFICACION":"Camino Regional de Acceso","CALZADA":null,"tmda":null},"geometry":{"type":"LineString","coordinates":[[-72.00278,-43.64434],[-72.01412,-43.64971],[-72.01833,-43.64834],[-72.02449,-43.65064],[-72.02942,-43.64941],[-72.04454,-43.65049],[-72.05014,-43.65396],[-72.06153,-43.65629],[-72.06559,-43.65859],[-72.06676,-43.65791],[-72.0658,-43.65665],[-72.06767,-43.65667],[-72.07968,-43.66683],[-72.08331,-43.66703],[-72.09333,-43.67248],[-72.09644,-43.67649],[-72.09702,-43.68184],[-72.11146,-43.69336],[-72.11745,-43.69445],[-72.1195,-43.69738],[-72.12994,-43.7044],[-72.13717,-43.70628],[-72.14295,-43.71014],[-72.1554,-43.71073]]}},{"id":"11666","type":"Feature","properties":{"ROL":"W-929","NOMBRE_CAMINO":"Cruce Ruta 231 CH (El Azul) - Pasarela La Dificultad - El Raizal","CLASIFICACION":"Camino Regional de Acceso","CALZADA":null,"tmda":null},"geometry":{"type":"LineString","coordinates":[[-71.96949,-43.31416],[-71.9707,-43.32518],[-71.97887,-43.33375],[-71.98176,-43.33961],[-71.98755,-43.34249],[-71.99665,-43.34387]]}},{"id":"11667","type":"Feature","properties":{"ROL":"W-955","NOMBRE_CAMINO":"Cruce Ruta 235 CH (Palena) - El Tigre - Puente El Moro","CLASIFICACION":"Camino Regional Comunal","CALZADA":null,"tmda":null},"geometry":{"type":"LineString","coordinates":[[-71.8032,-43.6181],[-71.80307,-43.61974],[-71.80557,-43.61995],[-71.8086,-43.62232],[-71.81216,-43.62087],[-71.82054,-43.62122],[-71.82362,-43.62259],[-71.82427,-43.62811],[-71.82961,-43.63155],[-71.83353,-43.63891],[-71.83807,-43.64303],[-71.84433,-43.64599],[-71.84925,-43.64318],[-71.85402,-43.64337],[-71.85883,-43.64532],[-71.86098,-43.64444],[-71.86084,-43.64655],[-71.86698,-43.64893],[-71.86662,-43.6498],[-71.87927,-43.65262],[-71.89102,-43.65083],[-71.90271,-43.65133],[-71.90792,-43.64925],[-71.91037,-43.65051]]}},{"id":"11668","type":"Feature","properties":{"ROL":"W-949","NOMBRE_CAMINO":"Cruce Ruta 235 CH (El Malito) - La Balsa - El Tranquilo","CLASIFICACION":"Camino Regional de Acceso","CALZADA":null,"tmda":null},"geometry":{"type":"LineString","coordinates":[[-72.00111,-43.62146],[-72.0017,-43.62599],[-72.00489,-43.62974],[-72.00701,-43.63527],[-72.00608,-43.63673],[-72.0069,-43.64141],[-72.0035,-43.64334]]}},{"id":"11669","type":"Feature","properties":{"ROL":"W-955","NOMBRE_CAMINO":"Cruce Ruta 235 CH (Palena) - El Tigre - Puente El Moro","CLASIFICACION":"Camino Regional Comunal","CALZADA":null,"tmda":null},"geometry":{"type":"LineString","coordinates":[[-71.91037,-43.65051],[-71.91286,-43.64922],[-71.92098,-43.65073]]}},{"id":"11670","type":"Feature","properties":{"ROL":"W-929","NOMBRE_CAMINO":"Cruce Ruta 231 CH (El Azul) - Pasarela La Dificultad - El Raizal","CLASIFICACION":"Camino Regional de Acceso","CALZADA":null,"tmda":null},"geometry":{"type":"LineString","coordinates":[[-71.99318,-43.31117],[-71.98666,-43.31299],[-71.97499,-43.31189],[-71.96969,-43.3132],[-71.96949,-43.31416]]}},{"id":"11671","type":"Feature","properties":{"ROL":"W-949","NOMBRE_CAMINO":"Cruce Ruta 235 CH (El Malito) - La Balsa - El Tranquilo","CLASIFICACION":"Camino Regional de Acceso","CALZADA":null,"tmda":null},"geometry":{"type":"LineString","coordinates":[[-72.1554,-43.71073],[-72.16012,-43.71378],[-72.15896,-43.71737],[-72.16117,-43.72082],[-72.1615,-43.72447],[-72.15992,-43.72648],[-72.16577,-43.72873],[-72.16618,-43.73176]]}},{"id":"11672","type":"Feature","properties":{"ROL":"V-611","NOMBRE_CAMINO":"Río Sur - 4 de Septiembre","CLASIFICACION":"Camino Regional de Acceso","CALZADA":null,"tmda":null},"geometry":{"type":"LineString","coordinates":[[-72.73037,-41.29592],[-72.73004,-41.29751],[-72.73502,-41.30372],[-72.73528,-41.30711],[-72.74661,-41.30621]]}},{"id":"11673","type":"Feature","properties":{"ROL":"W-551","NOMBRE_CAMINO":"La Planchada - La Playa","CLASIFICACION":"Camino Regional Comunal","CALZADA":null,"tmda":null},"geometry":{"type":"LineString","coordinates":[[-73.5955,-42.45492],[-73.58799,-42.45779],[-73.58805,-42.45873],[-73.58424,-42.45869],[-73.58222,-42.46325]]}},{"id":"11674","type":"Feature","properties":{"ROL":"U-232","NOMBRE_CAMINO":"Cantiamo - Quillipulli","CLASIFICACION":"Camino Regional Comunal","CALZADA":null,"tmda":null},"geometry":{"type":"LineString","coordinates":[[-73.3346,-40.36231],[-73.3409,-40.36182],[-73.34005,-40.36432],[-73.34219,-40.36598],[-73.34317,-40.3653]]}},{"id":"11675","type":"Feature","properties":{"ROL":"U-344","NOMBRE_CAMINO":"Huitrapulli - Aleucapi","CLASIFICACION":"Camino Regional Comunal","CALZADA":null,"tmda":null},"geometry":{"type":"LineString","coordinates":[[-73.48831,-40.46786],[-73.49152,-40.47604],[-73.49392,-40.47757],[-73.5,-40.47828],[-73.50374,-40.48209],[-73.50838,-40.48449],[-73.51236,-40.48398],[-73.51214,-40.48599],[-73.51376,-40.48794],[-73.51304,-40.48899],[-73.51457,-40.49002]]}},{"id":"11676","type":"Feature","properties":{"ROL":"U-524","NOMBRE_CAMINO":"Cruce Ruta 5 - Cruce U-500","CLASIFICACION":"Camino Regional Comunal","CALZADA":null,"tmda":null},"geometry":{"type":"LineString","coordinates":[[-73.17112,-40.84061],[-73.17475,-40.84149]]}},{"id":"11677","type":"Feature","properties":{"ROL":"U-732","NOMBRE_CAMINO":"Los Riscos - Las Minas","CLASIFICACION":"Camino Regional de Acceso","CALZADA":null,"tmda":null},"geometry":{"type":"LineString","coordinates":[[-73.48372,-40.91056],[-73.46605,-40.9088],[-73.45652,-40.91183],[-73.45393,-40.9153]]}},{"id":"11678","type":"Feature","properties":{"ROL":"U-908","NOMBRE_CAMINO":"San Carlos - Manquemapu","CLASIFICACION":"Camino Regional Comunal","CALZADA":null,"tmda":null},"geometry":{"type":"LineString","coordinates":[[-73.84193,-40.94531],[-73.84342,-40.94459],[-73.84017,-40.94304],[-73.84927,-40.93101],[-73.8491,-40.92644],[-73.85164,-40.92553],[-73.85193,-40.92403],[-73.84997,-40.92355],[-73.85132,-40.92215],[-73.84516,-40.92142],[-73.84254,-40.92228],[-73.84136,-40.92104],[-73.84148,-40.91968],[-73.84626,-40.91853],[-73.84458,-40.90937],[-73.84595,-40.9086],[-73.84559,-40.90527],[-73.84833,-40.90189],[-73.84451,-40.8989],[-73.84443,-40.89684],[-73.84755,-40.89462],[-73.84282,-40.89241],[-73.84495,-40.89147],[-73.84661,-40.89251],[-73.84914,-40.89096]]}},{"id":"11679","type":"Feature","properties":{"ROL":"U-914","NOMBRE_CAMINO":"Manquemapu - Río Moro","CLASIFICACION":"Camino Regional de Acceso","CALZADA":null,"tmda":null},"geometry":{"type":"LineString","coordinates":[[-73.84766,-40.89134],[-73.8395,-40.88694],[-73.83598,-40.87984],[-73.83231,-40.87766]]}},{"id":"11680","type":"Feature","properties":{"ROL":"V-679","NOMBRE_CAMINO":"Costa Norte - Puelo Alto","CLASIFICACION":"Camino Regional de Acceso","CALZADA":null,"tmda":null},"geometry":{"type":"LineString","coordinates":[[-72.29707,-41.64675],[-72.29319,-41.64395],[-72.28863,-41.64336]]}},{"id":"11681","type":"Feature","properties":{"ROL":"V-679","NOMBRE_CAMINO":"Costa Norte - Puelo Alto","CLASIFICACION":"Camino Regional de Acceso","CALZADA":null,"tmda":null},"geometry":{"type":"LineString","coordinates":[[-72.28863,-41.64336],[-72.2869,-41.64175],[-72.28304,-41.64169],[-72.28035,-41.63943],[-72.27857,-41.64008],[-72.28004,-41.64113],[-72.2791,-41.64119],[-72.27412,-41.63802]]}},{"id":"11682","type":"Feature","properties":{"ROL":"V-693","NOMBRE_CAMINO":"Ralún - Lago Cayutúe","CLASIFICACION":"Camino Regional de Acceso","CALZADA":null,"tmda":null},"geometry":{"type":"LineString","coordinates":[[-72.29626,-41.38101],[-72.28953,-41.37522],[-72.28838,-41.37156],[-72.28657,-41.37007],[-72.28584,-41.36543],[-72.27924,-41.35907],[-72.27465,-41.35138],[-72.27729,-41.3444],[-72.27297,-41.33825],[-72.27512,-41.33072],[-72.27363,-41.32571],[-72.27514,-41.3215],[-72.2724,-41.31955],[-72.27358,-41.31643],[-72.27018,-41.31426],[-72.27059,-41.31099],[-72.2685,-41.30829]]}},{"id":"11683","type":"Feature","properties":{"ROL":"V-693","NOMBRE_CAMINO":"Ralún - Lago Cayutúe","CLASIFICACION":"Camino Regional de Acceso","CALZADA":null,"tmda":null},"geometry":{"type":"LineString","coordinates":[[-72.2685,-41.30829],[-72.2685,-41.30428],[-72.2699,-41.30256]]}},{"id":"11684","type":"Feature","properties":{"ROL":"V-721","NOMBRE_CAMINO":"Puelo - Lago Tagua Tagua - Segundo Corral","CLASIFICACION":"Camino Regional Comunal","CALZADA":null,"tmda":null},"geometry":{"type":"LineString","coordinates":[[-72.28277,-41.66167],[-72.25614,-41.65022],[-72.24377,-41.63549],[-72.239,-41.63427],[-72.22882,-41.6358],[-72.22322,-41.63451],[-72.21309,-41.64162],[-72.20538,-41.64489],[-72.19897,-41.64248],[-72.1909,-41.6444],[-72.17918,-41.64226],[-72.17081,-41.64472],[-72.16889,-41.64645],[-72.16912,-41.6481]]}},{"id":"11685","type":"Feature","properties":{"ROL":"V-721","NOMBRE_CAMINO":"Puelo - Lago Tagua Tagua - Segundo Corral","CLASIFICACION":"Camino Regional Comunal","CALZADA":null,"tmda":null},"geometry":{"type":"LineString","coordinates":[[-72.11359,-41.69726],[-72.10918,-41.69368],[-72.10081,-41.69242],[-72.08357,-41.69696],[-72.08199,-41.69942],[-72.07544,-41.7032],[-72.07784,-41.72144],[-72.06577,-41.7295],[-72.05308,-41.72981],[-72.04185,-41.72583],[-72.02568,-41.72376],[-72.01913,-41.72769],[-72.01976,-41.73412],[-72.02581,-41.73915],[-72.03156,-41.74176],[-72.03373,-41.74461],[-72.02406,-41.75158],[-72.01954,-41.75287],[-72.01881,-41.75555],[-72.01635,-41.75726],[-72.01289,-41.76281],[-72.01161,-41.7679],[-72.00315,-41.77283],[-71.99199,-41.78317],[-71.9884,-41.79421],[-71.98486,-41.79639],[-71.98417,-41.80262],[-71.98154,-41.80476],[-71.97668,-41.8059],[-71.97411,-41.81029],[-71.97161,-41.82174],[-71.96572,-41.83446],[-71.96131,-41.83572],[-71.96267,-41.83788],[-71.95497,-41.84459],[-71.95278,-41.84802],[-71.95043,-41.84891],[-71.94678,-41.85405],[-71.9444,-41.86641],[-71.93552,-41.87831],[-71.93018,-41.88003],[-71.92104,-41.89097],[-71.91245,-41.89458],[-71.90173,-41.902],[-71.90188,-41.905],[-71.89983,-41.90626],[-71.8981,-41.91025],[-71.90237,-41.91306],[-71.905,-41.91717],[-71.9102,-41.91892],[-71.90989,-41.92234],[-71.90669,-41.92247],[-71.90118,-41.9285],[-71.89499,-41.93206],[-71.89022,-41.94157],[-71.89148,-41.94682],[-71.89075,-41.9481],[-71.8828,-41.95291],[-71.88124,-41.95587],[-71.87476,-41.95911],[-71.86615,-41.96714],[-71.86689,-41.97885],[-71.87194,-41.97789],[-71.88028,-41.98244],[-71.88775,-41.98044],[-71.89367,-41.98075],[-71.89654,-41.98224],[-71.89839,-41.9856],[-71.90436,-41.98556],[-71.90856,-41.98823],[-71.90902,-41.99507],[-71.90471,-42.00605],[-71.89191,-42.00648],[-71.88852,-42.00786]]}},{"id":"11686","type":"Feature","properties":{"ROL":"V-721","NOMBRE_CAMINO":"Puelo - Lago Tagua Tagua - Segundo Corral","CLASIFICACION":"Camino Regional Comunal","CALZADA":null,"tmda":null},"geometry":{"type":"LineString","coordinates":[[-71.88852,-42.00786],[-71.88464,-42.01351],[-71.88018,-42.02344],[-71.87915,-42.02955],[-71.87509,-42.03434],[-71.87147,-42.04356],[-71.86258,-42.05348],[-71.85892,-42.06192],[-71.85724,-42.06328],[-71.86168,-42.06715]]}},{"id":"11687","type":"Feature","properties":{"ROL":"V-755","NOMBRE_CAMINO":"Canutillar - Pocoihuén Bajo","CLASIFICACION":"Camino Regional de Acceso","CALZADA":null,"tmda":null},"geometry":{"type":"LineString","coordinates":[[-72.34583,-41.52202],[-72.34103,-41.53236],[-72.34087,-41.53565],[-72.34291,-41.53827],[-72.34391,-41.54536],[-72.34579,-41.54694]]}},{"id":"11688","type":"Feature","properties":{"ROL":"V-755","NOMBRE_CAMINO":"Canutillar - Pocoihuén Bajo","CLASIFICACION":"Camino Regional de Acceso","CALZADA":null,"tmda":null},"geometry":{"type":"LineString","coordinates":[[-72.34579,-41.54694],[-72.35158,-41.54789],[-72.35255,-41.54972],[-72.35146,-41.55052]]}},{"id":"11689","type":"Feature","properties":{"ROL":"W-126","NOMBRE_CAMINO":"Cruce Ruta 5 (Los Cipreses) - San Gallán","CLASIFICACION":"Camino Regional de Acceso","CALZADA":null,"tmda":null},"geometry":{"type":"LineString","coordinates":[[-73.56509,-41.84779],[-73.55975,-41.84552],[-73.55731,-41.84287],[-73.55321,-41.83536],[-73.55029,-41.81912],[-73.54411,-41.81176]]}},{"id":"11690","type":"Feature","properties":{"ROL":"W-147","NOMBRE_CAMINO":"Pumanzano - Senda del Medio","CLASIFICACION":"Camino Regional de Acceso","CALZADA":null,"tmda":null},"geometry":{"type":"LineString","coordinates":[[-73.66752,-41.95646],[-73.64634,-41.94847]]}},{"id":"11691","type":"Feature","properties":{"ROL":"W-153","NOMBRE_CAMINO":"San Juan - Calen","CLASIFICACION":"Camino Regional Comunal","CALZADA":null,"tmda":null},"geometry":{"type":"LineString","coordinates":[[-73.48471,-42.33285],[-73.472,-42.33782],[-73.46688,-42.3386],[-73.45728,-42.33019]]}},{"id":"11692","type":"Feature","properties":{"ROL":"W-175","NOMBRE_CAMINO":"Pido - La Iglesia","CLASIFICACION":"Camino Regional Comunal","CALZADA":null,"tmda":null},"geometry":{"type":"LineString","coordinates":[[-73.4971,-42.00508],[-73.50983,-42.01312],[-73.50936,-42.01608],[-73.51122,-42.01791],[-73.52083,-42.01871],[-73.52774,-42.02201]]}},{"id":"11693","type":"Feature","properties":{"ROL":"W-375","NOMBRE_CAMINO":"Cruce Ruta 5 (Butalcura) - Pasarela El Pozuelo","CLASIFICACION":"Camino Regional de Acceso","CALZADA":null,"tmda":null},"geometry":{"type":"LineString","coordinates":[[-73.70401,-42.2684],[-73.69911,-42.26946],[-73.69547,-42.26879],[-73.67847,-42.27309],[-73.67302,-42.27227],[-73.66792,-42.27331],[-73.66112,-42.27141],[-73.65044,-42.27659],[-73.64501,-42.27579]]}},{"id":"11694","type":"Feature","properties":{"ROL":"W-375","NOMBRE_CAMINO":"Cruce Ruta 5 (Butalcura) - Pasarela El Pozuelo","CLASIFICACION":"Camino Regional de Acceso","CALZADA":null,"tmda":null},"geometry":{"type":"LineString","coordinates":[[-73.64501,-42.27579],[-73.64242,-42.2754],[-73.64077,-42.27271],[-73.6367,-42.27174],[-73.63515,-42.26952]]}},{"id":"11695","type":"Feature","properties":{"ROL":"W-705","NOMBRE_CAMINO":"Cruce Ruta 7 - Camino a Lago Cabrera","CLASIFICACION":"Camino Regional de Acceso","CALZADA":null,"tmda":null},"geometry":{"type":"LineString","coordinates":[[-72.45787,-41.95324],[-72.45822,-41.94959],[-72.46163,-41.94681],[-72.46949,-41.94573],[-72.47201,-41.93814],[-72.47387,-41.93601],[-72.47312,-41.92968],[-72.47481,-41.92637],[-72.47184,-41.92122],[-72.47388,-41.91713],[-72.47283,-41.9154],[-72.4747,-41.91271]]}},{"id":"11696","type":"Feature","properties":{"ROL":"W-705","NOMBRE_CAMINO":"Cruce Ruta 7 - Camino a Lago Cabrera","CLASIFICACION":"Camino Regional de Acceso","CALZADA":null,"tmda":null},"geometry":{"type":"LineString","coordinates":[[-72.4747,-41.91271],[-72.47365,-41.90966],[-72.47002,-41.90594],[-72.47087,-41.90467],[-72.46082,-41.90481],[-72.45804,-41.90206],[-72.46062,-41.89783],[-72.46495,-41.89623],[-72.46956,-41.89086],[-72.4698,-41.8831],[-72.46889,-41.87818],[-72.46726,-41.87625]]}},{"id":"11697","type":"Feature","properties":{"ROL":"W-795","NOMBRE_CAMINO":"Huildín - Tarahuín","CLASIFICACION":"Camino Regional Comunal","CALZADA":null,"tmda":172.0},"geometry":{"type":"LineString","coordinates":[[-73.72535,-42.65671],[-73.73059,-42.66065],[-73.74246,-42.67706],[-73.74207,-42.6815],[-73.73767,-42.69336],[-73.7337,-42.6954],[-73.72984,-42.70057],[-73.72896,-42.70538],[-73.7312,-42.70809]]}},{"id":"11698","type":"Feature","properties":{"ROL":"W-749","NOMBRE_CAMINO":"Quidalco Bajo - La Poza II","CLASIFICACION":"Camino Regional de Acceso","CALZADA":null,"tmda":null},"geometry":{"type":"LineString","coordinates":[[-72.78696,-41.85164],[-72.78626,-41.85546],[-72.7825,-41.8574]]}},{"id":"11699","type":"Feature","properties":{"ROL":"W-709","NOMBRE_CAMINO":"Chaqueihua - Río Esperanza","CLASIFICACION":"Camino Regional de Acceso","CALZADA":null,"tmda":null},"geometry":{"type":"LineString","coordinates":[[-72.41115,-41.91445],[-72.40653,-41.91161]]}},{"id":"11700","type":"Feature","properties":{"ROL":"W-451","NOMBRE_CAMINO":"Puacura Alto - Punahuel","CLASIFICACION":"Camino Regional Comunal ","CALZADA":null,"tmda":null},"geometry":{"type":"LineString","coordinates":[[-73.71663,-42.38183],[-73.72121,-42.38035],[-73.72149,-42.3831],[-73.72405,-42.38636],[-73.72399,-42.39087]]}},{"id":"11701","type":"Feature","properties":{"ROL":"W-544","NOMBRE_CAMINO":"Castro - Gamboa Alto","CLASIFICACION":"Camino Regional de Acceso","CALZADA":null,"tmda":null},"geometry":{"type":"LineString","coordinates":[[-73.79431,-42.48381],[-73.79606,-42.48013]]}},{"id":"11702","type":"Feature","properties":{"ROL":"W-642","NOMBRE_CAMINO":"Palihue - Huentemo","CLASIFICACION":"Camino Regional de Acceso","CALZADA":null,"tmda":null},"geometry":{"type":"LineString","coordinates":[[-74.12486,-42.59418],[-74.12517,-42.59261],[-74.12289,-42.59206],[-74.12267,-42.59059],[-74.11703,-42.58649],[-74.11616,-42.58402],[-74.1133,-42.58358],[-74.11252,-42.58212],[-74.12379,-42.57919],[-74.12929,-42.56658],[-74.13888,-42.56391],[-74.14123,-42.56007],[-74.14244,-42.55448]]}},{"id":"11703","type":"Feature","properties":{"ROL":"W-767","NOMBRE_CAMINO":"Cruce Cututa - Río Quildaco","CLASIFICACION":"Camino Regional de Acceso","CALZADA":null,"tmda":null},"geometry":{"type":"LineString","coordinates":[[-72.74634,-41.87723],[-72.74428,-41.88014],[-72.74437,-41.88298],[-72.74252,-41.88472]]}},{"id":"11704","type":"Feature","properties":{"ROL":"W-797","NOMBRE_CAMINO":"Tara Central - Pindaco","CLASIFICACION":"Camino Regional Comunal ","CALZADA":null,"tmda":null},"geometry":{"type":"LineString","coordinates":[[-73.77264,-42.67412],[-73.76476,-42.67699],[-73.7546,-42.67653],[-73.74932,-42.67893]]}},{"id":"11705","type":"Feature","properties":{"ROL":"U-592","NOMBRE_CAMINO":"Riachuelo - Cheuquemo","CLASIFICACION":"Camino Regional Comunal ","CALZADA":null,"tmda":null},"geometry":{"type":"LineString","coordinates":[[-73.32289,-40.80233],[-73.32776,-40.79719],[-73.32688,-40.79356],[-73.32878,-40.78141]]}},{"id":"11706","type":"Feature","properties":{"ROL":"W-737","NOMBRE_CAMINO":"Caleta El Manzano - Río Tiuques - Palihue","CLASIFICACION":"Camino Regional de Acceso","CALZADA":null,"tmda":null},"geometry":{"type":"LineString","coordinates":[[-72.64106,-42.01014],[-72.64384,-42.01071],[-72.6537,-42.00716],[-72.65727,-42.00432],[-72.65828,-42.00159]]}},{"id":"11707","type":"Feature","properties":{"ROL":"W-842","NOMBRE_CAMINO":"La Colonia - La Coipue - Río Yaldad","CLASIFICACION":"Camino Regional de Acceso","CALZADA":null,"tmda":null},"geometry":{"type":"LineString","coordinates":[[-73.72619,-42.97213],[-73.73983,-42.9709],[-73.74712,-42.97557],[-73.76086,-42.97889],[-73.76607,-42.98205],[-73.76805,-42.98097],[-73.77278,-42.98295],[-73.77544,-42.9871],[-73.7658,-42.99857],[-73.76199,-43.00041],[-73.75967,-42.99941],[-73.75752,-43.00022],[-73.7594,-43.00203],[-73.7587,-43.00489],[-73.76173,-43.00565],[-73.76868,-43.01042],[-73.77327,-43.00887],[-73.77648,-43.01442],[-73.78193,-43.0164]]}},{"id":"11708","type":"Feature","properties":{"ROL":"W-800","NOMBRE_CAMINO":"Cruce Ruta 5 (Notuco) - Huillinco - Cucao - Chanquín","CLASIFICACION":"Camino Regional Comunal ","CALZADA":null,"tmda":null},"geometry":{"type":"LineString","coordinates":[[-74.12161,-42.60112],[-74.12882,-42.58557]]}},{"id":"11709","type":"Feature","properties":{"ROL":"Ruta 7","NOMBRE_CAMINO":"Longitudinal Austral, Sector: Puerto Montt - Chaitén - Límite Regional","CLASIFICACION":"Camino Nacional Longitudinal","CALZADA":null,"tmda":965.0},"geometry":{"type":"LineString","coordinates":[[-72.64734,-41.7393],[-72.64941,-41.7421],[-72.65752,-41.7443],[-72.65948,-41.75296],[-72.66277,-41.75447],[-72.6668,-41.75912],[-72.67954,-41.76635],[-72.69209,-41.77868],[-72.70413,-41.79298],[-72.70973,-41.79624],[-72.71205,-41.80208],[-72.7207,-41.80397],[-72.72246,-41.80544],[-72.72171,-41.80717],[-72.71801,-41.80896],[-72.71727,-41.81481],[-72.71443,-41.81968],[-72.71505,-41.82341],[-72.71201,-41.82605],[-72.70766,-41.82719],[-72.70699,-41.82997],[-72.69988,-41.83487],[-72.70266,-41.84705],[-72.7007,-41.85733],[-72.70142,-41.86135],[-72.69867,-41.86659],[-72.70023,-41.88341],[-72.69891,-41.88896],[-72.68922,-41.89849],[-72.67943,-41.90436],[-72.6756,-41.9108],[-72.67758,-41.917],[-72.67942,-41.93771],[-72.68447,-41.95057],[-72.67156,-41.96735],[-72.66175,-41.97215],[-72.65844,-41.98054],[-72.65236,-41.98659],[-72.64581,-41.99091],[-72.63956,-41.99767],[-72.62073,-42.00572],[-72.61894,-42.00876],[-72.60972,-42.01064],[-72.59859,-42.00208],[-72.58136,-41.99338],[-72.57699,-41.99307],[-72.57521,-41.99037],[-72.56835,-41.98562],[-72.56316,-41.98526],[-72.56014,-41.98355],[-72.55942,-41.97784],[-72.55672,-41.97452],[-72.55484,-41.96599],[-72.53929,-41.95349],[-72.52832,-41.95253],[-72.52034,-41.94938],[-72.50706,-41.94986],[-72.49224,-41.94669],[-72.49124,-41.94773],[-72.49114,-41.95357],[-72.48916,-41.957],[-72.47533,-41.96805],[-72.46325,-41.96106],[-72.45822,-41.95336],[-72.45168,-41.95251],[-72.42532,-41.92992],[-72.39355,-41.93946]]}},{"id":"11710","type":"Feature","properties":{"ROL":"Ruta 7","NOMBRE_CAMINO":"Longitudinal Austral, Sector: Puerto Montt - Chaitén - Límite Regional","CLASIFICACION":"Camino Nacional Longitudinal","CALZADA":null,"tmda":363.0},"geometry":{"type":"LineString","coordinates":[[-72.39321,-41.94062],[-72.39412,-41.94207],[-72.40631,-41.93873],[-72.41537,-41.94112],[-72.41814,-41.9443],[-72.42336,-41.95837],[-72.42727,-41.98226],[-72.43178,-41.99044],[-72.43319,-41.99583],[-72.43455,-41.99633],[-72.43406,-41.99757],[-72.43673,-42.0003],[-72.43544,-42.01242],[-72.43667,-42.01868],[-72.44355,-42.03165],[-72.44339,-42.03657],[-72.4466,-42.04114],[-72.45282,-42.06089],[-72.45197,-42.06581],[-72.45651,-42.07506],[-72.45405,-42.08],[-72.45694,-42.08724],[-72.45693,-42.096],[-72.46304,-42.10773],[-72.46327,-42.1154],[-72.46711,-42.11999],[-72.46731,-42.12458],[-72.46386,-42.12713],[-72.46413,-42.12979],[-72.46285,-42.13154],[-72.46285,-42.13379],[-72.46454,-42.13545],[-72.46382,-42.13677]]}},{"id":"11711","type":"Feature","properties":{"ROL":"Ruta 7","NOMBRE_CAMINO":"Longitudinal Austral, Sector: Puerto Montt - Chaitén - Límite Regional","CLASIFICACION":"Camino Nacional Longitudinal","CALZADA":null,"tmda":null},"geometry":{"type":"LineString","coordinates":[[-72.43648,-42.48922],[-72.43922,-42.49148],[-72.442,-42.49984],[-72.44831,-42.50422],[-72.44882,-42.50789],[-72.45079,-42.5103],[-72.46215,-42.5129],[-72.47505,-42.51932],[-72.47999,-42.52386],[-72.48891,-42.52662],[-72.49509,-42.53051],[-72.49984,-42.53588],[-72.52242,-42.54468]]}},{"id":"11712","type":"Feature","properties":{"ROL":"Ruta 7","NOMBRE_CAMINO":"Longitudinal Austral, Sector: Puerto Montt - Chaitén - Límite Regional","CLASIFICACION":"Camino Nacional Longitudinal","CALZADA":null,"tmda":591.0},"geometry":{"type":"LineString","coordinates":[[-72.60439,-42.55907],[-72.60395,-42.56446],[-72.59518,-42.57484],[-72.59077,-42.59325],[-72.58576,-42.60732],[-72.58128,-42.60849],[-72.58041,-42.61047],[-72.58115,-42.61234],[-72.58492,-42.61475],[-72.58974,-42.62358],[-72.58854,-42.62786],[-72.57983,-42.64298],[-72.57984,-42.67422],[-72.5765,-42.67619],[-72.57603,-42.69223],[-72.57354,-42.70088],[-72.58,-42.71004],[-72.58127,-42.71384],[-72.58554,-42.71862],[-72.58811,-42.71884],[-72.59343,-42.72247],[-72.59608,-42.7224],[-72.59951,-42.72551],[-72.59987,-42.72716],[-72.59769,-42.72817],[-72.59949,-42.73543],[-72.5956,-42.73873],[-72.59536,-42.74099],[-72.60162,-42.74831],[-72.61821,-42.77458],[-72.6217,-42.77663],[-72.63746,-42.79834],[-72.64518,-42.80017],[-72.65911,-42.80614],[-72.69162,-42.81411]]}},{"id":"11713","type":"Feature","properties":{"ROL":"Ruta 7","NOMBRE_CAMINO":"Longitudinal Austral, Sector: Puerto Montt - Chaitén - Límite Regional","CLASIFICACION":"Camino Nacional Longitudinal","CALZADA":null,"tmda":567.0},"geometry":{"type":"LineString","coordinates":[[-72.71244,-42.91367],[-72.71266,-42.91792],[-72.70563,-42.91864]]}},{"id":"11714","type":"Feature","properties":{"ROL":"Ruta 7","NOMBRE_CAMINO":"Longitudinal Austral, Sector: Puerto Montt - Chaitén - Límite Regional","CLASIFICACION":"Camino Nacional Longitudinal","CALZADA":null,"tmda":355.0},"geometry":{"type":"LineString","coordinates":[[-72.70563,-42.91864],[-72.70274,-42.91905],[-72.70201,-42.92282],[-72.6992,-42.92541],[-72.69043,-42.92687],[-72.68409,-42.93365],[-72.68228,-42.94119],[-72.67676,-42.94495],[-72.67109,-42.94668],[-72.65893,-42.9549],[-72.65091,-42.95547],[-72.64507,-42.95366],[-72.64051,-42.9557],[-72.63173,-42.95631],[-72.62736,-42.95915],[-72.6222,-42.96018],[-72.61454,-42.97602],[-72.6078,-42.97952],[-72.59956,-42.98064],[-72.58934,-42.97998],[-72.58151,-42.98826],[-72.57826,-42.99006],[-72.57313,-42.99056],[-72.56887,-42.98828],[-72.55523,-42.99087],[-72.53972,-43.00057],[-72.52124,-43.00282],[-72.51711,-43.00529],[-72.51007,-43.00616],[-72.50094,-43.01263],[-72.47979,-43.00946],[-72.47929,-43.01173],[-72.47443,-43.01637],[-72.47461,-43.05374],[-72.45889,-43.09679],[-72.4539,-43.10248],[-72.45542,-43.11419],[-72.45202,-43.13271],[-72.44464,-43.13788],[-72.43578,-43.14808],[-72.42851,-43.16161],[-72.43106,-43.17452],[-72.43665,-43.17429],[-72.44875,-43.18004],[-72.46108,-43.19026],[-72.45833,-43.19922],[-72.45165,-43.20653],[-72.45208,-43.21008],[-72.44424,-43.21486],[-72.43205,-43.22687],[-72.42202,-43.25931],[-72.41958,-43.26182],[-72.41829,-43.26611],[-72.42128,-43.26968],[-72.41934,-43.28387],[-72.42003,-43.29927],[-72.41836,-43.30874],[-72.41549,-43.31136],[-72.41542,-43.31676],[-72.41194,-43.31936],[-72.40613,-43.3288],[-72.40589,-43.33334],[-72.40292,-43.33827],[-72.40466,-43.34196],[-72.40423,-43.34768],[-72.40641,-43.34933],[-72.40389,-43.34866],[-72.40031,-43.3508],[-72.39815,-43.35525],[-72.38358,-43.36838],[-72.38335,-43.37143],[-72.37808,-43.37396],[-72.37106,-43.38572],[-72.3731,-43.38921],[-72.37318,-43.39461],[-72.37177,-43.40002],[-72.36781,-43.40639],[-72.36755,-43.43059],[-72.35908,-43.44118],[-72.35601,-43.44771],[-72.35402,-43.45503],[-72.35444,-43.4635],[-72.35031,-43.47187],[-72.34996,-43.48067],[-72.34749,-43.48563],[-72.34514,-43.4959],[-72.34622,-43.50042],[-72.34282,-43.51109],[-72.34178,-43.53088],[-72.3385,-43.54309],[-72.33965,-43.54484],[-72.34728,-43.54767],[-72.34837,-43.54928],[-72.34312,-43.57047],[-72.34568,-43.5776],[-72.34382,-43.58043],[-72.34384,-43.58565],[-72.34012,-43.59652],[-72.3386,-43.61093],[-72.34711,-43.63394],[-72.34591,-43.63848],[-72.33837,-43.64579],[-72.33598,-43.65165],[-72.33067,-43.65892],[-72.33586,-43.6737]]}},{"id":"11715","type":"Feature","properties":{"ROL":"Ruta 7","NOMBRE_CAMINO":"Longitudinal Austral, Sector: Puerto Montt - Chaitén - Límite Regional","CLASIFICACION":"Camino Nacional Longitudinal","CALZADA":null,"tmda":591.0},"geometry":{"type":"LineString","coordinates":[[-72.69162,-42.81411],[-72.71086,-42.82088],[-72.73822,-42.82473],[-72.74854,-42.82466],[-72.76096,-42.82201],[-72.77139,-42.82302],[-72.77909,-42.82697],[-72.78771,-42.83638],[-72.79167,-42.84101],[-72.79513,-42.8492],[-72.79387,-42.85657],[-72.78675,-42.86348],[-72.76532,-42.87628],[-72.75703,-42.87882],[-72.74761,-42.88569],[-72.72891,-42.89586],[-72.72446,-42.90093],[-72.71751,-42.9038],[-72.71904,-42.91077],[-72.71244,-42.91367]]}},{"id":"11716","type":"Feature","properties":{"ROL":"Ruta 7","NOMBRE_CAMINO":"Longitudinal Austral, Sector: Puerto Montt - Chaitén - Límite Regional","CLASIFICACION":"Camino Nacional Longitudinal","CALZADA":null,"tmda":5691.0},"geometry":{"type":"LineString","coordinates":[[-72.93936,-41.4726],[-72.932,-41.47488],[-72.92074,-41.47496],[-72.91254,-41.47984],[-72.90708,-41.4855],[-72.90248,-41.48655]]}},{"id":"11717","type":"Feature","properties":{"ROL":"Ruta 7","NOMBRE_CAMINO":"Longitudinal Austral, Sector: Puerto Montt - Chaitén - Límite Regional","CLASIFICACION":"Camino Nacional Longitudinal","CALZADA":null,"tmda":5691.0},"geometry":{"type":"LineString","coordinates":[[-72.75957,-41.52338],[-72.75851,-41.52301]]}},{"id":"11718","type":"Feature","properties":{"ROL":"Ruta 7","NOMBRE_CAMINO":"Longitudinal Austral, Sector: Puerto Montt - Chaitén - Límite Regional","CLASIFICACION":"Camino Nacional Longitudinal","CALZADA":null,"tmda":3748.0},"geometry":{"type":"LineString","coordinates":[[-72.75851,-41.52301],[-72.75286,-41.52716],[-72.7505,-41.5256],[-72.74708,-41.52603],[-72.74328,-41.52878],[-72.74044,-41.52743],[-72.7344,-41.53206],[-72.73113,-41.54349],[-72.72778,-41.54914],[-72.73212,-41.5556],[-72.73012,-41.56369],[-72.72375,-41.57444],[-72.71594,-41.58281],[-72.70755,-41.58878],[-72.69989,-41.58776],[-72.70357,-41.5947],[-72.70275,-41.59889],[-72.70061,-41.60124],[-72.68252,-41.60653],[-72.67374,-41.60732],[-72.6699,-41.61082],[-72.66135,-41.61264],[-72.65764,-41.6159],[-72.65837,-41.62032],[-72.66583,-41.62757],[-72.66575,-41.63037],[-72.66887,-41.63437],[-72.66844,-41.64041],[-72.6664,-41.64559],[-72.66793,-41.64885],[-72.6671,-41.65104],[-72.6649,-41.65237],[-72.66553,-41.65545],[-72.66163,-41.66357],[-72.66215,-41.66609],[-72.64992,-41.6754],[-72.63871,-41.68961],[-72.63936,-41.69189],[-72.64175,-41.69229]]}},{"id":"11719","type":"Feature","properties":{"ROL":"Ruta 7","NOMBRE_CAMINO":"Longitudinal Austral, Sector: Puerto Montt - Chaitén - Límite Regional","CLASIFICACION":"Camino Nacional Longitudinal","CALZADA":null,"tmda":5691.0},"geometry":{"type":"LineString","coordinates":[[-72.90248,-41.48655],[-72.89369,-41.48975],[-72.87704,-41.49094],[-72.87009,-41.48678],[-72.86096,-41.48622],[-72.85131,-41.48358],[-72.82582,-41.48329],[-72.82205,-41.4871],[-72.81297,-41.4923],[-72.81075,-41.4971],[-72.80203,-41.50315],[-72.77906,-41.51386],[-72.76132,-41.52393],[-72.75957,-41.52338]]}},{"id":"11720","type":"Feature","properties":{"ROL":"Ruta 7","NOMBRE_CAMINO":"Longitudinal Austral, Sector: Puerto Montt - Chaitén - Límite Regional","CLASIFICACION":"Camino Nacional Longitudinal","CALZADA":null,"tmda":363.0},"geometry":{"type":"LineString","coordinates":[[-72.39355,-41.93946],[-72.39321,-41.94062]]}},{"id":"11721","type":"Feature","properties":{"ROL":"U-981-T","NOMBRE_CAMINO":"Cruce U-55-V (Nochaco) - Rupanquito - Entre Lagos - Cruce T-87 (Crucero), Sector: Nochaco - Límite Regional","CLASIFICACION":"Camino Regional Comunal","CALZADA":null,"tmda":1819.0},"geometry":{"type":"LineString","coordinates":[[-72.66851,-40.76378],[-72.66662,-40.76052],[-72.66097,-40.75622],[-72.65963,-40.7458],[-72.6684,-40.72903],[-72.66817,-40.72695],[-72.64515,-40.71291],[-72.63783,-40.71157],[-72.63309,-40.71213],[-72.62614,-40.70738],[-72.62032,-40.70686],[-72.61421,-40.70448],[-72.60165,-40.68404],[-72.60152,-40.68198],[-72.60323,-40.68019]]}},{"id":"11722","type":"Feature","properties":{"ROL":"URBV3","NOMBRE_CAMINO":"Av. Parque Industrial","CLASIFICACION":"Camino Regional Comunal (Conexión Vial Urbana)","CALZADA":null,"tmda":null},"geometry":{"type":"LineString","coordinates":[[-72.97209,-41.45604],[-72.96873,-41.45733]]}},{"id":"11723","type":"Feature","properties":{"ROL":"URBU38","NOMBRE_CAMINO":"Calle Baquedano - Puente Bulnes","CLASIFICACION":"Camino Regional Comunal (Conexión Vial Urbana)","CALZADA":null,"tmda":null},"geometry":{"type":"LineString","coordinates":[[-73.13885,-40.57044],[-73.13347,-40.57052],[-73.1307,-40.56726]]}},{"id":"11724","type":"Feature","properties":{"ROL":"W-617","NOMBRE_CAMINO":"Palqui - La Puntilla","CLASIFICACION":"Camino Regional de Acceso","CALZADA":null,"tmda":null},"geometry":{"type":"LineString","coordinates":[[-73.5169,-42.40713],[-73.51451,-42.40514]]}},{"id":"11725","type":"Feature","properties":{"ROL":"W-665","NOMBRE_CAMINO":"Isla Caguach : La Capilla - El Pasaje","CLASIFICACION":"Camino Regional de Acceso","CALZADA":null,"tmda":null},"geometry":{"type":"LineString","coordinates":[[-73.2656,-42.50995],[-73.26398,-42.51338],[-73.26599,-42.50808],[-73.26368,-42.5045],[-73.26354,-42.50196],[-73.27161,-42.48588],[-73.27844,-42.4825],[-73.28632,-42.47389],[-73.29276,-42.47035]]}},{"id":"11726","type":"Feature","properties":{"ROL":"W-667","NOMBRE_CAMINO":"Isla Caguach : Bellavista - El Estero","CLASIFICACION":"Camino Regional de Acceso","CALZADA":null,"tmda":null},"geometry":{"type":"LineString","coordinates":[[-73.26987,-42.48895],[-73.26776,-42.48788],[-73.272,-42.47977],[-73.277,-42.47637],[-73.2768,-42.47398]]}},{"id":"11727","type":"Feature","properties":{"ROL":"W-669","NOMBRE_CAMINO":"Isla Quenac : Villa Quenac - Capilla Antigua","CLASIFICACION":"Camino Regional de Acceso","CALZADA":null,"tmda":null},"geometry":{"type":"LineString","coordinates":[[-73.33113,-42.45838],[-73.33173,-42.4601],[-73.33775,-42.46424],[-73.353,-42.46663],[-73.3587,-42.47035],[-73.36518,-42.47241],[-73.37093,-42.47068],[-73.37361,-42.47129],[-73.37782,-42.46925]]}},{"id":"11728","type":"Feature","properties":{"ROL":"W-671","NOMBRE_CAMINO":"Isla Quenac : Villa Quenac - Puñelco","CLASIFICACION":"Camino Regional de Acceso","CALZADA":null,"tmda":null},"geometry":{"type":"LineString","coordinates":[[-73.32874,-42.45832],[-73.32331,-42.46523],[-73.32071,-42.46674],[-73.31734,-42.47341],[-73.3061,-42.47595]]}},{"id":"11729","type":"Feature","properties":{"ROL":"W-673","NOMBRE_CAMINO":"Isla Apiao : Metahue - Ostricultura","CLASIFICACION":"Camino Regional de Acceso","CALZADA":null,"tmda":null},"geometry":{"type":"LineString","coordinates":[[-73.23214,-42.61485],[-73.22659,-42.60839],[-73.22394,-42.60703],[-73.22384,-42.60101],[-73.22212,-42.59571],[-73.22504,-42.58976],[-73.22114,-42.58822],[-73.21169,-42.59084],[-73.21168,-42.59276],[-73.20892,-42.59544],[-73.21154,-42.59872],[-73.21028,-42.60162],[-73.20805,-42.60282],[-73.207,-42.60881],[-73.21044,-42.6131],[-73.21101,-42.61612],[-73.21865,-42.61662]]}},{"id":"11730","type":"Feature","properties":{"ROL":"W-675","NOMBRE_CAMINO":"Isla Meulín : El Tránsito - San Francisco - Las Gaviotas","CLASIFICACION":"Camino Regional de Acceso","CALZADA":null,"tmda":null},"geometry":{"type":"LineString","coordinates":[[-73.3405,-42.4273],[-73.33911,-42.42514],[-73.33176,-42.42462],[-73.32818,-42.42284],[-73.31831,-42.424],[-73.31543,-42.4218],[-73.30771,-42.42459],[-73.30328,-42.42379],[-73.30584,-42.42084],[-73.30076,-42.41831],[-73.29958,-42.41617],[-73.29627,-42.41542],[-73.29537,-42.41256],[-73.29642,-42.41173],[-73.29425,-42.41006],[-73.2952,-42.4079],[-73.29307,-42.40392],[-73.29558,-42.40017],[-73.29114,-42.39923],[-73.29027,-42.39529]]}},{"id":"11731","type":"Feature","properties":{"ROL":"W-561","NOMBRE_CAMINO":"Acceso San Javier - La Capilla","CLASIFICACION":"Camino Regional de Acceso","CALZADA":null,"tmda":null},"geometry":{"type":"LineString","coordinates":[[-73.63305,-42.39544],[-73.63157,-42.39054],[-73.6294,-42.38869]]}},{"id":"11732","type":"Feature","properties":{"ROL":"W-561","NOMBRE_CAMINO":"Acceso San Javier - La Capilla","CLASIFICACION":"Camino Regional de Acceso","CALZADA":null,"tmda":null},"geometry":{"type":"LineString","coordinates":[[-73.63231,-42.40292],[-73.63305,-42.39544]]}},{"id":"11733","type":"Feature","properties":{"ROL":"Ruta 231 CH","NOMBRE_CAMINO":"Cruce Ruta 235 CH (Puerto Ramírez) - Paso Futaleufú","CLASIFICACION":"Camino Nacional con Carácter de Internacional","CALZADA":null,"tmda":null},"geometry":{"type":"LineString","coordinates":[[-71.93377,-43.24753],[-71.92808,-43.24027],[-71.92489,-43.23819],[-71.925,-43.23622],[-71.9288,-43.23396],[-71.92623,-43.22208],[-71.92124,-43.212],[-71.91471,-43.20803],[-71.91022,-43.20122],[-71.90608,-43.19771],[-71.89924,-43.19368],[-71.88586,-43.19517],[-71.87957,-43.19026],[-71.8757,-43.18963],[-71.87294,-43.18726],[-71.86825,-43.18815],[-71.86751,-43.18623],[-71.84023,-43.19261],[-71.82952,-43.19082],[-71.82169,-43.19256],[-71.81135,-43.19162],[-71.80399,-43.18996],[-71.80095,-43.1871],[-71.79283,-43.18506],[-71.78552,-43.17932],[-71.78154,-43.1789],[-71.77249,-43.18247],[-71.76568,-43.18272],[-71.76196,-43.18075],[-71.75998,-43.17731],[-71.75739,-43.17645]]}},{"id":"11734","type":"Feature","properties":{"ROL":"Ruta 231 CH","NOMBRE_CAMINO":"Cruce Ruta 235 CH (Puerto Ramírez) - Paso Futaleufú","CLASIFICACION":"Camino Nacional con Carácter de Internacional","CALZADA":null,"tmda":227.0},"geometry":{"type":"LineString","coordinates":[[-72.10576,-43.45017],[-72.0984,-43.43716],[-72.09248,-43.43037],[-72.08893,-43.42844],[-72.08813,-43.42639],[-72.09131,-43.42427],[-72.09037,-43.42027],[-72.09285,-43.41836],[-72.09387,-43.4157],[-72.0914,-43.41303],[-72.08892,-43.40669],[-72.0923,-43.40318],[-72.09287,-43.39964],[-72.09479,-43.39873],[-72.09043,-43.39316],[-72.08994,-43.38964],[-72.08725,-43.3861],[-72.08978,-43.38027],[-72.06888,-43.36439],[-72.06234,-43.35722],[-72.05981,-43.3515],[-72.05245,-43.3492],[-72.03657,-43.34928],[-72.02167,-43.34224],[-72.02071,-43.33887],[-72.02162,-43.33265],[-72.0187,-43.32696],[-72.0133,-43.32397],[-71.9966,-43.31936],[-71.99415,-43.31636],[-71.99046,-43.31558],[-71.99316,-43.31124],[-71.99236,-43.3069],[-71.98878,-43.30238],[-71.9877,-43.29857],[-71.97918,-43.28415],[-71.96906,-43.28045],[-71.95575,-43.27105],[-71.95259,-43.2652],[-71.9496,-43.26362],[-71.94808,-43.25734],[-71.93377,-43.24753]]}},{"id":"11735","type":"Feature","properties":{"ROL":"V-120","NOMBRE_CAMINO":"Casma - Cancha Rayada - Centinela","CLASIFICACION":"Camino Regional Comunal","CALZADA":null,"tmda":null},"geometry":{"type":"LineString","coordinates":[[-73.19456,-41.05586],[-73.19549,-41.05707],[-73.19457,-41.06616],[-73.19534,-41.06929],[-73.20227,-41.07662],[-73.20431,-41.08446],[-73.21944,-41.09595],[-73.21918,-41.10439]]}},{"id":"11736","type":"Feature","properties":{"ROL":"V-310","NOMBRE_CAMINO":"El Jardín - Ñapeco - Esperanza","CLASIFICACION":"Camino Regional Comunal","CALZADA":null,"tmda":676.0},"geometry":{"type":"LineString","coordinates":[[-73.56205,-41.14925],[-73.56726,-41.14921],[-73.57823,-41.14635],[-73.58342,-41.144],[-73.58569,-41.14152],[-73.60097,-41.14199],[-73.60204,-41.13702],[-73.61061,-41.13022],[-73.61729,-41.12774],[-73.62303,-41.12372],[-73.6251,-41.1141],[-73.62837,-41.10612],[-73.63391,-41.10286],[-73.63595,-41.10315],[-73.63328,-41.10584],[-73.63495,-41.10833],[-73.63795,-41.10817],[-73.63908,-41.10924],[-73.64574,-41.10775],[-73.64551,-41.11055],[-73.64881,-41.11187],[-73.65027,-41.11023],[-73.65336,-41.11141],[-73.65742,-41.1095],[-73.65949,-41.11011],[-73.66738,-41.10772],[-73.6702,-41.10857],[-73.67284,-41.1062],[-73.67722,-41.10538],[-73.68596,-41.10527],[-73.69002,-41.0999],[-73.69318,-41.0991]]}},{"id":"11737","type":"Feature","properties":{"ROL":"V-310","NOMBRE_CAMINO":"El Jardín - Ñapeco - Esperanza","CLASIFICACION":"Camino Regional Comunal","CALZADA":null,"tmda":676.0},"geometry":{"type":"LineString","coordinates":[[-73.49088,-41.15901],[-73.51182,-41.16123],[-73.51758,-41.16687],[-73.5212,-41.16696],[-73.52937,-41.16468],[-73.54174,-41.15811],[-73.5461,-41.15304],[-73.56205,-41.14925]]}},{"id":"11738","type":"Feature","properties":{"ROL":"V-476","NOMBRE_CAMINO":"Tambor Bajo - Tambor Alto","CLASIFICACION":"Camino Regional Comunal","CALZADA":null,"tmda":null},"geometry":{"type":"LineString","coordinates":[[-73.74519,-41.39609],[-73.74918,-41.40011],[-73.75027,-41.4035],[-73.75962,-41.40671],[-73.76522,-41.41112],[-73.76537,-41.41241]]}},{"id":"11739","type":"Feature","properties":{"ROL":"V-699","NOMBRE_CAMINO":"Ralún - Canutillar - Lago Chapo","CLASIFICACION":"Camino Regional Comunal","CALZADA":null,"tmda":null},"geometry":{"type":"LineString","coordinates":[[-72.3408,-41.50588],[-72.34321,-41.50978],[-72.34642,-41.52382],[-72.34759,-41.5227],[-72.34702,-41.5175],[-72.34939,-41.52292],[-72.3506,-41.51489],[-72.35414,-41.50943],[-72.35754,-41.51192],[-72.36096,-41.5103],[-72.36573,-41.51126],[-72.36878,-41.51384],[-72.37592,-41.51422],[-72.3859,-41.51084],[-72.39805,-41.50989],[-72.40482,-41.51147],[-72.40552,-41.51068],[-72.40408,-41.50933],[-72.40538,-41.5078],[-72.40948,-41.5115],[-72.41307,-41.51162]]}},{"id":"11740","type":"Feature","properties":{"ROL":"V-830","NOMBRE_CAMINO":"Cruce Ruta 5 (Monte Verde) - Colonia El Gato","CLASIFICACION":"Camino Regional Comunal","CALZADA":null,"tmda":null},"geometry":{"type":"LineString","coordinates":[[-73.2093,-41.50342],[-73.21438,-41.49926],[-73.2272,-41.49693],[-73.24773,-41.46671],[-73.24932,-41.46639]]}},{"id":"11741","type":"Feature","properties":{"ROL":"V-845","NOMBRE_CAMINO":"Isla Quihua: San José - Yaco Bajo","CLASIFICACION":"Camino Regional Comunal","CALZADA":null,"tmda":null},"geometry":{"type":"LineString","coordinates":[[-73.21324,-41.74199],[-73.21633,-41.74213],[-73.21927,-41.74497],[-73.22362,-41.74381],[-73.22779,-41.74581]]}},{"id":"11742","type":"Feature","properties":{"ROL":"W-120","NOMBRE_CAMINO":"Cruce Ruta 5 (Chacao) - Caulín Alto","CLASIFICACION":"Camino Regional Comunal","CALZADA":null,"tmda":null},"geometry":{"type":"LineString","coordinates":[[-73.60203,-41.81705],[-73.60762,-41.81616],[-73.61488,-41.82246]]}},{"id":"11743","type":"Feature","properties":{"ROL":"W-160","NOMBRE_CAMINO":"Cruce Ruta 5 (Huicha) - Caulín Bajo","CLASIFICACION":"Camino Regional Comunal","CALZADA":null,"tmda":null},"geometry":{"type":"LineString","coordinates":[[-73.75265,-41.86361],[-73.74015,-41.85286],[-73.7227,-41.84553],[-73.69497,-41.82409]]}},{"id":"11744","type":"Feature","properties":{"ROL":"W-169","NOMBRE_CAMINO":"Manao - Punta Chilén","CLASIFICACION":"Camino Regional Comunal","CALZADA":null,"tmda":null},"geometry":{"type":"LineString","coordinates":[[-73.52931,-41.88396],[-73.52423,-41.88421],[-73.52231,-41.88592]]}},{"id":"11745","type":"Feature","properties":{"ROL":"W-503","NOMBRE_CAMINO":"Troncal - Liucura - Marico","CLASIFICACION":"Camino Regional Comunal","CALZADA":null,"tmda":null},"geometry":{"type":"LineString","coordinates":[[-73.60557,-42.64623],[-73.59504,-42.63725]]}},{"id":"11746","type":"Feature","properties":{"ROL":"W-522","NOMBRE_CAMINO":"La Chacra - Coihuinco","CLASIFICACION":"Camino Regional Comunal","CALZADA":null,"tmda":null},"geometry":{"type":"LineString","coordinates":[[-73.79103,-42.45172],[-73.79525,-42.44984]]}},{"id":"11747","type":"Feature","properties":{"ROL":"W-567","NOMBRE_CAMINO":"Huyar Alto - Huyar Bajo - Palqui","CLASIFICACION":"Camino Regional Comunal","CALZADA":null,"tmda":null},"geometry":{"type":"LineString","coordinates":[[-73.56816,-42.40323],[-73.56524,-42.40235],[-73.5641,-42.40428],[-73.5618,-42.40303]]}},{"id":"11748","type":"Feature","properties":{"ROL":"W-599","NOMBRE_CAMINO":"Quetro - Huyar","CLASIFICACION":"Camino Regional Comunal","CALZADA":null,"tmda":null},"geometry":{"type":"LineString","coordinates":[[-73.59554,-42.42463],[-73.5876,-42.42148]]}},{"id":"11749","type":"Feature","properties":{"ROL":"W-627","NOMBRE_CAMINO":"Puchilco - Marico","CLASIFICACION":"Camino Regional Comunal","CALZADA":null,"tmda":null},"geometry":{"type":"LineString","coordinates":[[-73.58164,-42.61158],[-73.58165,-42.61354]]}},{"id":"11750","type":"Feature","properties":{"ROL":"W-629","NOMBRE_CAMINO":"San Agustín - Puchilco","CLASIFICACION":"Camino Regional Comunal","CALZADA":null,"tmda":null},"geometry":{"type":"LineString","coordinates":[[-73.5816,-42.61158],[-73.57794,-42.60789],[-73.57227,-42.60721]]}},{"id":"11751","type":"Feature","properties":{"ROL":"W-648","NOMBRE_CAMINO":"Cruce Ruta 5 (Vilupulli) - Melleico","CLASIFICACION":"Camino Regional Comunal","CALZADA":null,"tmda":null},"geometry":{"type":"LineString","coordinates":[[-73.86829,-42.5922],[-73.88097,-42.59088],[-73.88974,-42.59358],[-73.8932,-42.59072],[-73.90285,-42.58917],[-73.91866,-42.59645],[-73.92201,-42.59619]]}},{"id":"11752","type":"Feature","properties":{"ROL":"W-661","NOMBRE_CAMINO":"Puqueldón - Lincay","CLASIFICACION":"Camino Regional Comunal","CALZADA":null,"tmda":null},"geometry":{"type":"LineString","coordinates":[[-73.68534,-42.60377],[-73.68489,-42.60698],[-73.67937,-42.61016],[-73.67897,-42.61226]]}},{"id":"11753","type":"Feature","properties":{"ROL":"W-805","NOMBRE_CAMINO":"Detico - San Miguel - Contuy","CLASIFICACION":"Camino Regional Comunal","CALZADA":null,"tmda":null},"geometry":{"type":"LineString","coordinates":[[-73.52335,-42.87989],[-73.52931,-42.8852],[-73.53233,-42.88542],[-73.54318,-42.8796],[-73.54763,-42.88162],[-73.55085,-42.88533],[-73.55549,-42.88663],[-73.5582,-42.88161],[-73.56218,-42.88041],[-73.56424,-42.88309],[-73.57109,-42.88027],[-73.57185,-42.87517],[-73.57741,-42.87163],[-73.57825,-42.86904],[-73.58108,-42.86752],[-73.58289,-42.862],[-73.58759,-42.85694]]}},{"id":"11754","type":"Feature","properties":{"ROL":"W-911","NOMBRE_CAMINO":"Cruce Ruta 5 (San Juan) - Curanué","CLASIFICACION":"Camino Regional Comunal","CALZADA":null,"tmda":null},"geometry":{"type":"LineString","coordinates":[[-73.56359,-42.97992],[-73.55779,-42.98049],[-73.55917,-42.98601],[-73.55844,-42.98741],[-73.55111,-42.99016],[-73.55001,-42.99398],[-73.54517,-42.99839],[-73.54811,-43.00041],[-73.54806,-43.00413],[-73.55596,-43.00615],[-73.56026,-43.00942],[-73.55673,-43.019],[-73.56244,-43.02279],[-73.56857,-43.02432],[-73.57292,-43.03009]]}},{"id":"11755","type":"Feature","properties":{"ROL":"U-302","NOMBRE_CAMINO":"Pucatrihue - Escuela Caleta Manzano","CLASIFICACION":"Camino Regional Comunal","CALZADA":null,"tmda":null},"geometry":{"type":"LineString","coordinates":[[-73.6919,-40.58063],[-73.7084,-40.57403],[-73.70715,-40.57066]]}},{"id":"11756","type":"Feature","properties":{"ROL":"U-435","NOMBRE_CAMINO":"Tacamó - Las Carretas","CLASIFICACION":"Camino Regional Comunal","CALZADA":null,"tmda":null},"geometry":{"type":"LineString","coordinates":[[-72.92655,-40.64029],[-72.87781,-40.6451],[-72.86817,-40.64729],[-72.8801,-40.67155]]}},{"id":"11757","type":"Feature","properties":{"ROL":"U-459","NOMBRE_CAMINO":"El Coihue - El Cardal","CLASIFICACION":"Camino Regional Comunal","CALZADA":null,"tmda":168.0},"geometry":{"type":"LineString","coordinates":[[-72.67457,-40.64425],[-72.69994,-40.66778]]}},{"id":"11758","type":"Feature","properties":{"ROL":"U-667","NOMBRE_CAMINO":"Desagüe Rupanco - Callejón Pérez","CLASIFICACION":"Camino Regional Comunal","CALZADA":null,"tmda":null},"geometry":{"type":"LineString","coordinates":[[-72.59531,-40.88525],[-72.59791,-40.89399]]}},{"id":"11759","type":"Feature","properties":{"ROL":"W-609","NOMBRE_CAMINO":"Contao - La Poza - Rolecha - El Varal","CLASIFICACION":"Camino Regional Comunal","CALZADA":null,"tmda":1007.0},"geometry":{"type":"LineString","coordinates":[[-72.71889,-41.80371],[-72.7209,-41.80095],[-72.72941,-41.80496],[-72.72966,-41.80726],[-72.73524,-41.80684],[-72.74675,-41.81526],[-72.76326,-41.82324],[-72.77416,-41.82687],[-72.78426,-41.83246],[-72.78968,-41.83759],[-72.79014,-41.84128],[-72.78452,-41.84576],[-72.78306,-41.84875],[-72.78757,-41.85197],[-72.79492,-41.85337],[-72.79839,-41.85874],[-72.79474,-41.86552],[-72.79016,-41.86829],[-72.79135,-41.87132],[-72.78969,-41.87356],[-72.80223,-41.87518],[-72.80663,-41.87806],[-72.8196,-41.89404],[-72.82239,-41.89524],[-72.82609,-41.89242],[-72.83309,-41.89859],[-72.83917,-41.89983]]}},{"id":"11760","type":"Feature","properties":{"ROL":"W-609","NOMBRE_CAMINO":"Contao - La Poza - Rolecha - El Varal","CLASIFICACION":"Camino Regional Comunal","CALZADA":null,"tmda":945.0},"geometry":{"type":"LineString","coordinates":[[-72.75594,-41.98534],[-72.7466,-41.99],[-72.74265,-41.99625],[-72.73693,-42.00035],[-72.72828,-42.00438],[-72.72524,-42.0052],[-72.71792,-42.00182],[-72.70757,-42.01873],[-72.70232,-42.01928],[-72.69681,-42.02183],[-72.69412,-42.02492],[-72.69242,-42.02428],[-72.69038,-42.02606],[-72.68342,-42.02204],[-72.68706,-42.01367],[-72.68532,-42.00823],[-72.68793,-42.00009],[-72.68369,-41.99955],[-72.68113,-42.00178],[-72.68002,-42.00104],[-72.67671,-41.98456],[-72.67519,-41.98361],[-72.67327,-41.97839],[-72.66303,-41.97363],[-72.66222,-41.97183]]}},{"id":"11761","type":"Feature","properties":{"ROL":"W-739","NOMBRE_CAMINO":"Caleta El Manzano - Puntilla Quillón","CLASIFICACION":"Camino Regional Comunal","CALZADA":null,"tmda":null},"geometry":{"type":"LineString","coordinates":[[-72.63858,-41.99831],[-72.64311,-42.00163],[-72.64327,-42.00793],[-72.64106,-42.01014],[-72.63277,-42.01201]]}},{"id":"11762","type":"Feature","properties":{"ROL":"W-454","NOMBRE_CAMINO":"Cruce Ruta 5 (Las Compuertas) - Carihueico","CLASIFICACION":"Camino Regional de Acceso","CALZADA":null,"tmda":null},"geometry":{"type":"LineString","coordinates":[[-73.75209,-42.37222],[-73.75769,-42.36429]]}},{"id":"11763","type":"Feature","properties":{"ROL":"U-722","NOMBRE_CAMINO":"Riachuelo - Hualinto","CLASIFICACION":"Camino Regional Comunal ","CALZADA":null,"tmda":null},"geometry":{"type":"LineString","coordinates":[[-73.32938,-40.83886],[-73.32673,-40.83757],[-73.33161,-40.83357],[-73.33436,-40.82813],[-73.33912,-40.82741],[-73.34258,-40.8244]]}},{"id":"11764","type":"Feature","properties":{"ROL":"U-722","NOMBRE_CAMINO":"Riachuelo - Hualinto","CLASIFICACION":"Camino Regional Comunal ","CALZADA":null,"tmda":null},"geometry":{"type":"LineString","coordinates":[[-73.3584,-40.83674],[-73.35413,-40.84113],[-73.35195,-40.84109],[-73.34788,-40.84429],[-73.34217,-40.84589],[-73.33219,-40.84233],[-73.32938,-40.83886]]}},{"id":"11765","type":"Feature","properties":{"ROL":"V-848","NOMBRE_CAMINO":"Cruce Ruta 5 (Vía de servicio Colaco) - El Espinazo","CLASIFICACION":"Camino Regional de Acceso","CALZADA":null,"tmda":null},"geometry":{"type":"LineString","coordinates":[[-73.40157,-41.7303],[-73.40182,-41.7337],[-73.39738,-41.73639],[-73.39402,-41.74388],[-73.39225,-41.74276]]}},{"id":"11766","type":"Feature","properties":{"ROL":"U-602","NOMBRE_CAMINO":"Riachuelo - Huellelhue - El Mirador","CLASIFICACION":"Camino Regional Comunal","CALZADA":null,"tmda":null},"geometry":{"type":"LineString","coordinates":[[-73.61808,-40.80722],[-73.62198,-40.80554],[-73.63855,-40.81971],[-73.64355,-40.82103],[-73.64897,-40.81953],[-73.65338,-40.81572],[-73.65709,-40.81493],[-73.6582,-40.81072],[-73.66365,-40.81089],[-73.66906,-40.80914],[-73.67082,-40.80493],[-73.67057,-40.79472],[-73.67617,-40.78791],[-73.68463,-40.78512],[-73.68557,-40.77977],[-73.69506,-40.77067]]}},{"id":"11767","type":"Feature","properties":{"ROL":"W-266","NOMBRE_CAMINO":"San Pablo - Aucaco - Lajas Blancas","CLASIFICACION":"Camino Regional Comunal","CALZADA":null,"tmda":null},"geometry":{"type":"LineString","coordinates":[[-73.95813,-41.90917],[-73.93848,-41.91458],[-73.9332,-41.91947],[-73.92973,-41.91847],[-73.9262,-41.92109],[-73.91772,-41.91756],[-73.91079,-41.91255],[-73.89372,-41.91676],[-73.8806,-41.91638],[-73.8701,-41.92025]]}},{"id":"11768","type":"Feature","properties":{"ROL":"V-603","NOMBRE_CAMINO":"Ensenada - El Zorro","CLASIFICACION":"Camino Regional de Acceso","CALZADA":null,"tmda":null},"geometry":{"type":"LineString","coordinates":[[-72.54582,-41.21379],[-72.53997,-41.24384]]}},{"id":"11769","type":"Feature","properties":{"ROL":"W-163","NOMBRE_CAMINO":"Cruce W-179 - Tocoihue","CLASIFICACION":"Camino Regional de Acceso","CALZADA":null,"tmda":null},"geometry":{"type":"LineString","coordinates":[[-73.41423,-42.27024],[-73.41574,-42.27373],[-73.41417,-42.27846],[-73.41229,-42.27891]]}},{"id":"11770","type":"Feature","properties":{"ROL":"W-131","NOMBRE_CAMINO":"Variante Colo - Quicaví","CLASIFICACION":"Camino Regional Comunal","CALZADA":null,"tmda":null},"geometry":{"type":"LineString","coordinates":[[-73.37412,-42.26499],[-73.3588,-42.26886],[-73.35443,-42.27189],[-73.3517,-42.27173]]}},{"id":"11771","type":"Feature","properties":{"ROL":"U-403","NOMBRE_CAMINO":"Los Maitenes - Tijeral","CLASIFICACION":"Camino Regional de Acceso","CALZADA":null,"tmda":null},"geometry":{"type":"LineString","coordinates":[[-72.89071,-40.60083],[-72.89166,-40.60509],[-72.89637,-40.61155]]}},{"id":"11772","type":"Feature","properties":{"ROL":"W-735","NOMBRE_CAMINO":"Hualaihue - Rampa","CLASIFICACION":"Camino Regional de Acceso","CALZADA":null,"tmda":null},"geometry":{"type":"LineString","coordinates":[[-72.68803,-42.02517],[-72.68691,-42.02566],[-72.68671,-42.02854]]}},{"id":"11773","type":"Feature","properties":{"ROL":"W-354","NOMBRE_CAMINO":"Kilometro 60 - Al Río Carihueico","CLASIFICACION":"Camino Regional de Acceso","CALZADA":null,"tmda":null},"geometry":{"type":"LineString","coordinates":[[-73.73236,-42.26395],[-73.74666,-42.26997],[-73.74811,-42.27298],[-73.75101,-42.27383]]}},{"id":"11774","type":"Feature","properties":{"ROL":"W-132","NOMBRE_CAMINO":"Caleta Los Chonos - Al Pacífico","CLASIFICACION":"Camino Regional Comunal","CALZADA":null,"tmda":null},"geometry":{"type":"LineString","coordinates":[[-74.03818,-41.84055],[-74.04013,-41.84044],[-74.04241,-41.84222]]}},{"id":"11775","type":"Feature","properties":{"ROL":"W-208","NOMBRE_CAMINO":"Lechagua - Pauldeo - Aucaco","CLASIFICACION":"Camino Regional Comunal","CALZADA":null,"tmda":null},"geometry":{"type":"LineString","coordinates":[[-73.86075,-41.88239],[-73.86307,-41.88484],[-73.86727,-41.88598],[-73.86782,-41.88831],[-73.87297,-41.88777],[-73.88306,-41.88973],[-73.88373,-41.8908],[-73.88245,-41.8928],[-73.88368,-41.89317],[-73.88286,-41.89387],[-73.88413,-41.89728],[-73.88968,-41.89982],[-73.89136,-41.90333],[-73.89017,-41.90392],[-73.8902,-41.90747],[-73.89279,-41.90888],[-73.89425,-41.91248],[-73.89646,-41.91278],[-73.89634,-41.91485],[-73.8946,-41.91601],[-73.89531,-41.91643]]}},{"id":"11776","type":"Feature","properties":{"ROL":"U-426","NOMBRE_CAMINO":"Puente Negro - Quilloimo","CLASIFICACION":"Camino Regional de Acceso","CALZADA":null,"tmda":null},"geometry":{"type":"LineString","coordinates":[[-73.52493,-40.65606],[-73.52706,-40.65617],[-73.53201,-40.65352],[-73.53848,-40.65449],[-73.5412,-40.65306],[-73.54457,-40.65562],[-73.54748,-40.65558],[-73.55253,-40.65172],[-73.5522,-40.64731],[-73.55386,-40.64984],[-73.55471,-40.64848],[-73.55995,-40.64927],[-73.56094,-40.65133],[-73.56613,-40.65339],[-73.56752,-40.65749],[-73.57089,-40.6586],[-73.57596,-40.65757],[-73.58491,-40.65175],[-73.59024,-40.65259],[-73.5931,-40.65592],[-73.59792,-40.65577],[-73.60589,-40.65302],[-73.6153,-40.65512]]}},{"id":"13745","type":"Feature","properties":{"ROL":"V-974","NOMBRE_CAMINO":"Ruta 5 (Paso Inferior Chayahue) - Astilleros","CLASIFICACION":"Camino Regional Comunal","CALZADA":null,"tmda":null},"geometry":{"type":"LineString","coordinates":[[-73.42584,-41.7662],[-73.43561,-41.7692],[-73.46417,-41.77221],[-73.4972,-41.77791],[-73.50374,-41.78136]]}},{"id":"13746","type":"Feature","properties":{"ROL":"U-526","NOMBRE_CAMINO":"Osorno - Callejón Baquedano","CLASIFICACION":"Camino Regional de Acceso","CALZADA":null,"tmda":null},"geometry":{"type":"LineString","coordinates":[[-73.14968,-40.59244],[-73.15011,-40.59447],[-73.14865,-40.59548],[-73.14793,-40.59877],[-73.1502,-40.59834],[-73.15423,-40.60224],[-73.15297,-40.60521],[-73.15007,-40.607],[-73.15076,-40.61025]]}},{"id":"13747","type":"Feature","properties":{"ROL":"W-789","NOMBRE_CAMINO":"Chana - Acceso a Playa","CLASIFICACION":"Camino Regional de Acceso","CALZADA":null,"tmda":null},"geometry":{"type":"LineString","coordinates":[[-72.83115,-42.74432],[-72.83415,-42.74433]]}},{"id":"13748","type":"Feature","properties":{"ROL":"W-807","NOMBRE_CAMINO":"Cruce Ruta 7 (Santa Bárbara) - Chana - Río Quitacalzón","CLASIFICACION":"Camino Regional Comunal","CALZADA":null,"tmda":330.0},"geometry":{"type":"LineString","coordinates":[[-72.82907,-42.78004],[-72.82872,-42.77468],[-72.81254,-42.76613],[-72.80996,-42.76355],[-72.81518,-42.75489],[-72.81567,-42.74863],[-72.82672,-42.74847],[-72.82709,-42.74569],[-72.83057,-42.74488],[-72.83182,-42.74302],[-72.82768,-42.73955],[-72.82439,-42.73177],[-72.80355,-42.71874],[-72.80307,-42.71403],[-72.8012,-42.71127],[-72.80347,-42.70352],[-72.79787,-42.69708],[-72.79996,-42.69306],[-72.80017,-42.6895],[-72.79651,-42.68246],[-72.7994,-42.67721],[-72.79961,-42.6713],[-72.80258,-42.66717],[-72.80267,-42.66385],[-72.8006,-42.65999],[-72.80713,-42.64556]]}},{"id":"13749","type":"Feature","properties":{"ROL":"W-807","NOMBRE_CAMINO":"Cruce Ruta 7 (Santa Bárbara) - Chana - Río Quitacalzón","CLASIFICACION":"Camino Regional Comunal","CALZADA":null,"tmda":330.0},"geometry":{"type":"LineString","coordinates":[[-72.79513,-42.8492],[-72.80002,-42.84882],[-72.81035,-42.84154],[-72.8203,-42.83143],[-72.82383,-42.82474],[-72.82864,-42.81999],[-72.83128,-42.80508],[-72.82768,-42.7952],[-72.82907,-42.78004]]}},{"id":"14091","type":"Feature","properties":{"ROL":"W-841","NOMBRE_CAMINO":"Apeche - El Jardín","CLASIFICACION":"Camino Regional de Acceso","CALZADA":null,"tmda":null},"geometry":{"type":"LineString","coordinates":[[-73.62482,-42.80676],[-73.63211,-42.80574],[-73.63818,-42.80127],[-73.65668,-42.79592]]}},{"id":"14092","type":"Feature","properties":{"ROL":"Ruta 5","NOMBRE_CAMINO":"Longitudinal Sur, Sector: Pichirropulli (Límite Regional) - Quellón","CLASIFICACION":"Camino Nacional Longitudinal","CALZADA":"D","tmda":null},"geometry":{"type":"LineString","coordinates":[[-73.00236,-40.38458],[-73.00256,-40.42212],[-73.02385,-40.45164],[-73.04663,-40.49904],[-73.06637,-40.51395],[-73.0731,-40.53047],[-73.0976,-40.55766],[-73.09808,-40.59066],[-73.13403,-40.70011],[-73.14931,-40.73352],[-73.1732,-40.83331],[-73.12012,-41.00328],[-73.12195,-41.01695],[-73.11579,-41.02298],[-73.0635,-41.11702],[-73.0634,-41.13187],[-73.07179,-41.1823],[-73.07115,-41.18873],[-73.03858,-41.2427],[-73.01058,-41.26424],[-73.00773,-41.26852],[-73.01042,-41.3164],[-72.98932,-41.33747],[-72.9585,-41.40243],[-72.95644,-41.43782],[-72.95849,-41.44132],[-72.98167,-41.4661],[-73.05735,-41.50698],[-73.09378,-41.52409],[-73.11672,-41.52661],[-73.14967,-41.54177],[-73.17571,-41.56491],[-73.18819,-41.56942],[-73.19192,-41.57195],[-73.20675,-41.57478],[-73.26196,-41.60459],[-73.3973,-41.74849],[-73.42587,-41.76617]]}},{"id":"14093","type":"Feature","properties":{"ROL":"Ruta 5","NOMBRE_CAMINO":"Longitudinal Sur, Sector: Pichirropulli (Límite Regional) - Quellón","CLASIFICACION":"Camino Nacional Longitudinal","CALZADA":"I","tmda":6181.0},"geometry":{"type":"LineString","coordinates":[[-73.41983,-41.7626],[-73.4255,-41.7665]]}},{"id":"14094","type":"Feature","properties":{"ROL":"V-906","NOMBRE_CAMINO":"Cruce Ruta 5 (Galpones) - Cumbre La Bola","CLASIFICACION":"Camino Regional Comunal","CALZADA":"U","tmda":null},"geometry":{"type":"LineString","coordinates":[[-73.42627,-41.76579],[-73.42533,-41.76518]]}}]}