{"type":"FeatureCollection","features":[{"id":"13500","type":"Feature","properties":{"ROL":"Ruta 243 CH","NOMBRE_CAMINO":"Cruce Ruta 7 (Coyhaique) - Paso Coyhaique","CLASIFICACION":"Camino Nacional con Carácter de Internacional","CALZADA":"ÚNICA","tmda":84.0},"geometry":{"type":"LineString","coordinates":[[-71.62765,-45.4859],[-71.62276,-45.48533],[-71.61371,-45.48103],[-71.60406,-45.48055],[-71.59641,-45.48477],[-71.59267,-45.4943],[-71.58136,-45.50421],[-71.5588,-45.51263],[-71.55481,-45.51781],[-71.55561,-45.52221]]}},{"id":"13501","type":"Feature","properties":{"ROL":"X-65","NOMBRE_CAMINO":"Cruce Ruta 7 (Bajada Ibáñez) - Puerto Ibáñez - Paso Ingeniero Ibáñez-Pallavicini","CLASIFICACION":"Camino Regional Principal","CALZADA":"ÚNICA","tmda":400.0},"geometry":{"type":"LineString","coordinates":[[-72.0615,-46.1095],[-72.06191,-46.11217],[-72.05419,-46.118],[-72.04798,-46.12468],[-72.04875,-46.13272],[-72.05221,-46.13707],[-72.05296,-46.14663],[-72.05806,-46.14895],[-72.06006,-46.15363],[-72.05859,-46.16133],[-72.05093,-46.17022],[-72.05001,-46.1766],[-72.0459,-46.18055],[-72.03433,-46.18783],[-72.03273,-46.19078],[-72.01827,-46.19872],[-72.0101,-46.20628],[-72.00089,-46.20814],[-71.99932,-46.21009],[-71.99972,-46.21272],[-71.99497,-46.21576],[-71.98028,-46.2204],[-71.97562,-46.22505],[-71.9621,-46.22639],[-71.95365,-46.23463],[-71.95303,-46.23605],[-71.95469,-46.23891],[-71.95476,-46.24264],[-71.94491,-46.25069],[-71.93831,-46.25389],[-71.93492,-46.2604],[-71.92974,-46.2638],[-71.9279,-46.26844],[-71.92775,-46.2747],[-71.93173,-46.27594],[-71.92841,-46.27669],[-71.92964,-46.27849],[-71.93601,-46.28067],[-71.9372,-46.27962],[-71.93631,-46.27734],[-71.94151,-46.27629],[-71.94761,-46.28054],[-71.94742,-46.28223],[-71.94016,-46.29003]]}},{"id":"13502","type":"Feature","properties":{"ROL":"X-65","NOMBRE_CAMINO":"Cruce Ruta 7 (Bajada Ibáñez) - Puerto Ibáñez - Paso Ingeniero Ibáñez-Pallavicini","CLASIFICACION":"Camino Regional Principal","CALZADA":"D","tmda":400.0},"geometry":{"type":"LineString","coordinates":[[-71.94016,-46.29003],[-71.93472,-46.29531]]}},{"id":"13503","type":"Feature","properties":{"ROL":"X-65","NOMBRE_CAMINO":"Cruce Ruta 7 (Bajada Ibáñez) - Puerto Ibáñez - Paso Ingeniero Ibáñez-Pallavicini","CLASIFICACION":"Camino Regional Principal","CALZADA":"ÚNICA","tmda":400.0},"geometry":{"type":"LineString","coordinates":[[-71.93472,-46.29531],[-71.93213,-46.29427],[-71.91546,-46.29451],[-71.91352,-46.29854],[-71.91064,-46.2998]]}},{"id":"13504","type":"Feature","properties":{"ROL":"Ruta 240","NOMBRE_CAMINO":"Cruce Ruta 7 (Alto Baguales) - Puerto Aysén - Puerto Chacabuco","CLASIFICACION":"Camino Nacional","CALZADA":"ÚNICA","tmda":2923.0},"geometry":{"type":"LineString","coordinates":[[-72.10893,-45.50882],[-72.10949,-45.50646],[-72.11223,-45.50486],[-72.12476,-45.5012],[-72.13126,-45.50123],[-72.13521,-45.49928],[-72.14,-45.49998],[-72.14077,-45.49872],[-72.14657,-45.49765],[-72.15011,-45.49794],[-72.15687,-45.50151],[-72.18062,-45.49863],[-72.19225,-45.49615],[-72.19639,-45.49388],[-72.21096,-45.49183],[-72.21948,-45.49315],[-72.22432,-45.49584],[-72.2278,-45.49579],[-72.24091,-45.49007],[-72.24899,-45.48981],[-72.25349,-45.48809],[-72.25981,-45.48364],[-72.26086,-45.47966],[-72.26795,-45.4794],[-72.27437,-45.48095],[-72.28012,-45.47966],[-72.28845,-45.47681],[-72.29798,-45.47064],[-72.30456,-45.46975],[-72.31989,-45.46261],[-72.33323,-45.4586],[-72.3399,-45.45842],[-72.34284,-45.45958],[-72.35708,-45.4584],[-72.36502,-45.45947],[-72.37882,-45.458],[-72.383,-45.4556],[-72.38921,-45.44909],[-72.39723,-45.43994],[-72.39996,-45.43466],[-72.40471,-45.43013],[-72.4094,-45.42948],[-72.42121,-45.41999],[-72.4242,-45.41953],[-72.42607,-45.41686],[-72.43716,-45.41417],[-72.44484,-45.41527],[-72.45059,-45.41218],[-72.46378,-45.40958],[-72.47919,-45.39588],[-72.48515,-45.39568],[-72.51425,-45.41018],[-72.51696,-45.41055],[-72.52693,-45.40872],[-72.53861,-45.40463],[-72.55968,-45.38698],[-72.58273,-45.38555],[-72.5958,-45.3823],[-72.60193,-45.37873],[-72.60801,-45.37789],[-72.61896,-45.38333],[-72.64518,-45.39277]]}},{"id":"13505","type":"Feature","properties":{"ROL":"Ruta 240","NOMBRE_CAMINO":"Cruce Ruta 7 (Alto Baguales) - Puerto Aysén - Puerto Chacabuco","CLASIFICACION":"Camino Nacional","CALZADA":"D","tmda":21824.0},"geometry":{"type":"LineString","coordinates":[[-72.68738,-45.42062],[-72.68835,-45.42168]]}},{"id":"13506","type":"Feature","properties":{"ROL":"Ruta 240","NOMBRE_CAMINO":"Cruce Ruta 7 (Alto Baguales) - Puerto Aysén - Puerto Chacabuco","CLASIFICACION":"Camino Nacional","CALZADA":"ÚNICA","tmda":3983.0},"geometry":{"type":"LineString","coordinates":[[-72.68835,-45.42168],[-72.69747,-45.42855],[-72.70577,-45.43028],[-72.72246,-45.43172],[-72.72892,-45.43074],[-72.73894,-45.43314],[-72.75651,-45.43349],[-72.79521,-45.45469],[-72.79872,-45.45523],[-72.80215,-45.45776],[-72.81173,-45.46128],[-72.81949,-45.46243],[-72.82137,-45.46387],[-72.82003,-45.4664]]}},{"id":"13507","type":"Feature","properties":{"ROL":"Ruta 240","NOMBRE_CAMINO":"Cruce Ruta 7 (Alto Baguales) - Puerto Aysén - Puerto Chacabuco","CLASIFICACION":"Camino Nacional","CALZADA":"ÚNICA","tmda":21824.0},"geometry":{"type":"LineString","coordinates":[[-72.64688,-45.39324],[-72.67723,-45.39837],[-72.68665,-45.40136],[-72.68277,-45.40776],[-72.68392,-45.41644],[-72.68738,-45.42062]]}},{"id":"13508","type":"Feature","properties":{"ROL":"Ruta 240","NOMBRE_CAMINO":"Cruce Ruta 7 (Alto Baguales) - Puerto Aysén - Puerto Chacabuco","CLASIFICACION":"Camino Nacional","CALZADA":"D","tmda":21824.0},"geometry":{"type":"LineString","coordinates":[[-72.64518,-45.39277],[-72.64688,-45.39324]]}},{"id":"13509","type":"Feature","properties":{"ROL":"Ruta 240","NOMBRE_CAMINO":"Cruce Ruta 7 (Alto Baguales) - Puerto Aysén - Puerto Chacabuco","CLASIFICACION":"Camino Nacional","CALZADA":"I","tmda":21824.0},"geometry":{"type":"LineString","coordinates":[[-72.64518,-45.39276],[-72.64688,-45.39324]]}},{"id":"13510","type":"Feature","properties":{"ROL":"Ruta 240","NOMBRE_CAMINO":"Cruce Ruta 7 (Alto Baguales) - Puerto Aysén - Puerto Chacabuco","CLASIFICACION":"Camino Nacional","CALZADA":"I","tmda":21824.0},"geometry":{"type":"LineString","coordinates":[[-72.68738,-45.42062],[-72.68835,-45.42168]]}},{"id":"13511","type":"Feature","properties":{"ROL":"X-65","NOMBRE_CAMINO":"Cruce Ruta 7 (Bajada Ibáñez) - Puerto Ibáñez - Paso Ingeniero Ibáñez-Pallavicini","CLASIFICACION":"Camino Regional Principal","CALZADA":"ÚNICA","tmda":null},"geometry":{"type":"LineString","coordinates":[[-71.83267,-46.29449],[-71.83022,-46.29459]]}},{"id":"13512","type":"Feature","properties":{"ROL":"X-65","NOMBRE_CAMINO":"Cruce Ruta 7 (Bajada Ibáñez) - Puerto Ibáñez - Paso Ingeniero Ibáñez-Pallavicini","CLASIFICACION":"Camino Regional Principal","CALZADA":"ÚNICA","tmda":null},"geometry":{"type":"LineString","coordinates":[[-71.83022,-46.29459],[-71.82582,-46.29545],[-71.81464,-46.29382]]}},{"id":"13513","type":"Feature","properties":{"ROL":"X-65","NOMBRE_CAMINO":"Cruce Ruta 7 (Bajada Ibáñez) - Puerto Ibáñez - Paso Ingeniero Ibáñez-Pallavicini","CLASIFICACION":"Camino Regional Principal","CALZADA":"ÚNICA","tmda":null},"geometry":{"type":"LineString","coordinates":[[-71.81464,-46.29382],[-71.80818,-46.29272]]}},{"id":"13514","type":"Feature","properties":{"ROL":"X-65","NOMBRE_CAMINO":"Cruce Ruta 7 (Bajada Ibáñez) - Puerto Ibáñez - Paso Ingeniero Ibáñez-Pallavicini","CLASIFICACION":"Camino Regional Principal","CALZADA":"ÚNICA","tmda":null},"geometry":{"type":"LineString","coordinates":[[-71.80818,-46.29272],[-71.80325,-46.29289]]}},{"id":"13515","type":"Feature","properties":{"ROL":"X-65","NOMBRE_CAMINO":"Cruce Ruta 7 (Bajada Ibáñez) - Puerto Ibáñez - Paso Ingeniero Ibáñez-Pallavicini","CLASIFICACION":"Camino Regional Principal","CALZADA":"ÚNICA","tmda":null},"geometry":{"type":"LineString","coordinates":[[-71.80325,-46.29289],[-71.80119,-46.29227]]}},{"id":"13516","type":"Feature","properties":{"ROL":"X-65","NOMBRE_CAMINO":"Cruce Ruta 7 (Bajada Ibáñez) - Puerto Ibáñez - Paso Ingeniero Ibáñez-Pallavicini","CLASIFICACION":"Camino Regional Principal","CALZADA":"ÚNICA","tmda":null},"geometry":{"type":"LineString","coordinates":[[-71.80119,-46.29227],[-71.795,-46.29075]]}},{"id":"13517","type":"Feature","properties":{"ROL":"X-65","NOMBRE_CAMINO":"Cruce Ruta 7 (Bajada Ibáñez) - Puerto Ibáñez - Paso Ingeniero Ibáñez-Pallavicini","CLASIFICACION":"Camino Regional Principal","CALZADA":"ÚNICA","tmda":null},"geometry":{"type":"LineString","coordinates":[[-71.795,-46.29075],[-71.78964,-46.28666]]}},{"id":"13518","type":"Feature","properties":{"ROL":"X-65","NOMBRE_CAMINO":"Cruce Ruta 7 (Bajada Ibáñez) - Puerto Ibáñez - Paso Ingeniero Ibáñez-Pallavicini","CLASIFICACION":"Camino Regional Principal","CALZADA":"ÚNICA","tmda":null},"geometry":{"type":"LineString","coordinates":[[-71.74709,-46.28904],[-71.73592,-46.28648],[-71.73159,-46.28278]]}},{"id":"13519","type":"Feature","properties":{"ROL":"X-65","NOMBRE_CAMINO":"Cruce Ruta 7 (Bajada Ibáñez) - Puerto Ibáñez - Paso Ingeniero Ibáñez-Pallavicini","CLASIFICACION":"Camino Regional Principal","CALZADA":"ÚNICA","tmda":null},"geometry":{"type":"LineString","coordinates":[[-71.76829,-46.28812],[-71.76803,-46.28814]]}},{"id":"13520","type":"Feature","properties":{"ROL":"X-65","NOMBRE_CAMINO":"Cruce Ruta 7 (Bajada Ibáñez) - Puerto Ibáñez - Paso Ingeniero Ibáñez-Pallavicini","CLASIFICACION":"Camino Regional Principal","CALZADA":"ÚNICA","tmda":null},"geometry":{"type":"LineString","coordinates":[[-71.76803,-46.28814],[-71.76349,-46.28831]]}},{"id":"13521","type":"Feature","properties":{"ROL":"X-65","NOMBRE_CAMINO":"Cruce Ruta 7 (Bajada Ibáñez) - Puerto Ibáñez - Paso Ingeniero Ibáñez-Pallavicini","CLASIFICACION":"Camino Regional Principal","CALZADA":"ÚNICA","tmda":null},"geometry":{"type":"LineString","coordinates":[[-71.76349,-46.28831],[-71.75961,-46.28849]]}},{"id":"13522","type":"Feature","properties":{"ROL":"X-65","NOMBRE_CAMINO":"Cruce Ruta 7 (Bajada Ibáñez) - Puerto Ibáñez - Paso Ingeniero Ibáñez-Pallavicini","CLASIFICACION":"Camino Regional Principal","CALZADA":"ÚNICA","tmda":null},"geometry":{"type":"LineString","coordinates":[[-71.75961,-46.28849],[-71.74709,-46.28904]]}},{"id":"13523","type":"Feature","properties":{"ROL":"X-65","NOMBRE_CAMINO":"Cruce Ruta 7 (Bajada Ibáñez) - Puerto Ibáñez - Paso Ingeniero Ibáñez-Pallavicini","CLASIFICACION":"Camino Regional Principal","CALZADA":"ÚNICA","tmda":null},"geometry":{"type":"LineString","coordinates":[[-71.78964,-46.28666],[-71.78588,-46.28599]]}},{"id":"13524","type":"Feature","properties":{"ROL":"X-65","NOMBRE_CAMINO":"Cruce Ruta 7 (Bajada Ibáñez) - Puerto Ibáñez - Paso Ingeniero Ibáñez-Pallavicini","CLASIFICACION":"Camino Regional Principal","CALZADA":"ÚNICA","tmda":null},"geometry":{"type":"LineString","coordinates":[[-71.78588,-46.28599],[-71.78229,-46.28558]]}},{"id":"13525","type":"Feature","properties":{"ROL":"X-65","NOMBRE_CAMINO":"Cruce Ruta 7 (Bajada Ibáñez) - Puerto Ibáñez - Paso Ingeniero Ibáñez-Pallavicini","CLASIFICACION":"Camino Regional Principal","CALZADA":"ÚNICA","tmda":null},"geometry":{"type":"LineString","coordinates":[[-71.78229,-46.28558],[-71.77716,-46.28507]]}},{"id":"13526","type":"Feature","properties":{"ROL":"X-65","NOMBRE_CAMINO":"Cruce Ruta 7 (Bajada Ibáñez) - Puerto Ibáñez - Paso Ingeniero Ibáñez-Pallavicini","CLASIFICACION":"Camino Regional Principal","CALZADA":"ÚNICA","tmda":null},"geometry":{"type":"LineString","coordinates":[[-71.77716,-46.28507],[-71.77347,-46.28582]]}},{"id":"13527","type":"Feature","properties":{"ROL":"X-65","NOMBRE_CAMINO":"Cruce Ruta 7 (Bajada Ibáñez) - Puerto Ibáñez - Paso Ingeniero Ibáñez-Pallavicini","CLASIFICACION":"Camino Regional Principal","CALZADA":"ÚNICA","tmda":null},"geometry":{"type":"LineString","coordinates":[[-71.77347,-46.28582],[-71.77052,-46.28556],[-71.77022,-46.28728],[-71.76829,-46.28812]]}},{"id":"13528","type":"Feature","properties":{"ROL":"X-65","NOMBRE_CAMINO":"Cruce Ruta 7 (Bajada Ibáñez) - Puerto Ibáñez - Paso Ingeniero Ibáñez-Pallavicini","CLASIFICACION":"Camino Regional Principal","CALZADA":"ÚNICA","tmda":null},"geometry":{"type":"LineString","coordinates":[[-71.73159,-46.28278],[-71.7265,-46.27521]]}},{"id":"13529","type":"Feature","properties":{"ROL":"X-500","NOMBRE_CAMINO":"Cruce Ruta 7 (Cruce Cabezas) - Viviana - Cruce Ruta 240 (El Balseo)","CLASIFICACION":"Camino Regional Comunal","CALZADA":"ÚNICA","tmda":1144.0},"geometry":{"type":"LineString","coordinates":[[-72.24455,-45.25621],[-72.24952,-45.26191],[-72.26522,-45.26263],[-72.27131,-45.26603],[-72.27855,-45.26729],[-72.29873,-45.27718],[-72.3036,-45.27773],[-72.33186,-45.29643],[-72.34046,-45.29802],[-72.34796,-45.30172],[-72.35953,-45.30207],[-72.37491,-45.30972],[-72.38075,-45.31151],[-72.38728,-45.31165],[-72.41353,-45.32809],[-72.44013,-45.33663],[-72.4449,-45.3401],[-72.45784,-45.34521],[-72.46015,-45.34688],[-72.46174,-45.3521],[-72.45281,-45.35451],[-72.45208,-45.35579],[-72.45305,-45.35788],[-72.46157,-45.36486],[-72.46856,-45.37801],[-72.47278,-45.3805],[-72.49317,-45.39907]]}},{"id":"13530","type":"Feature","properties":{"ROL":"Ruta 245 CH","NOMBRE_CAMINO":"Cruce Ruta 7 - Balmaceda - Paso Huemules","CLASIFICACION":"Camino Nacional con Carácter de Internacional","CALZADA":"ÚNICA","tmda":1009.0},"geometry":{"type":"LineString","coordinates":[[-71.87117,-45.83973],[-71.71615,-45.9087],[-71.70458,-45.91097],[-71.6879,-45.91125],[-71.67689,-45.91388],[-71.64687,-45.9141]]}},{"id":"13531","type":"Feature","properties":{"ROL":"Ruta 265 CH","NOMBRE_CAMINO":"Cruce Ruta 7 (El Maitén) - Chile Chico - Paso Río Jeinimeni","CLASIFICACION":"Camino Nacional con Carácter de Internacional","CALZADA":"ÚNICA","tmda":277.0},"geometry":{"type":"LineString","coordinates":[[-72.77106,-46.89493],[-72.75967,-46.88683],[-72.7568,-46.88332],[-72.75684,-46.88151],[-72.74783,-46.87606],[-72.74482,-46.87201],[-72.73742,-46.86959]]}},{"id":"13532","type":"Feature","properties":{"ROL":"Ruta 265 CH","NOMBRE_CAMINO":"Cruce Ruta 7 (El Maitén) - Chile Chico - Paso Río Jeinimeni","CLASIFICACION":"Camino Nacional con Carácter de Internacional","CALZADA":"ÚNICA","tmda":245.0},"geometry":{"type":"LineString","coordinates":[[-72.34123,-46.608],[-72.33696,-46.60478]]}},{"id":"13533","type":"Feature","properties":{"ROL":"Ruta 265 CH","NOMBRE_CAMINO":"Cruce Ruta 7 (El Maitén) - Chile Chico - Paso Río Jeinimeni","CLASIFICACION":"Camino Nacional con Carácter de Internacional","CALZADA":"ÚNICA","tmda":986.0},"geometry":{"type":"LineString","coordinates":[[-71.97528,-46.55959],[-71.96879,-46.55626],[-71.95768,-46.55613],[-71.9554,-46.55655],[-71.95215,-46.55999],[-71.93603,-46.55487],[-71.91849,-46.55349],[-71.90258,-46.55738]]}},{"id":"13534","type":"Feature","properties":{"ROL":"Ruta 265 CH","NOMBRE_CAMINO":"Cruce Ruta 7 (El Maitén) - Chile Chico - Paso Río Jeinimeni","CLASIFICACION":"Camino Nacional con Carácter de Internacional","CALZADA":"ÚNICA","tmda":1424.0},"geometry":{"type":"LineString","coordinates":[[-71.70194,-46.54646],[-71.67272,-46.55546],[-71.67072,-46.561],[-71.67231,-46.58546],[-71.66663,-46.58679],[-71.66052,-46.58386]]}},{"id":"13535","type":"Feature","properties":{"ROL":"Ruta 265 CH","NOMBRE_CAMINO":"Cruce Ruta 7 (El Maitén) - Chile Chico - Paso Río Jeinimeni","CLASIFICACION":"Camino Nacional con Carácter de Internacional","CALZADA":"ÚNICA","tmda":986.0},"geometry":{"type":"LineString","coordinates":[[-71.72047,-46.54097],[-71.70194,-46.54646]]}},{"id":"13536","type":"Feature","properties":{"ROL":"S/R-Ruta 240","NOMBRE_CAMINO":"Variante Puerto Aysén","CLASIFICACION":"Camino Nacional (En Proceso de Enrolamiento)","CALZADA":"ÚNICA","tmda":null},"geometry":{"type":"LineString","coordinates":[[-72.64618,-45.39324],[-72.64608,-45.39481],[-72.65067,-45.40205],[-72.68374,-45.42147],[-72.68758,-45.42105]]}},{"id":"13537","type":"Feature","properties":{"ROL":"S/R-Ruta 7","NOMBRE_CAMINO":"Cruce Ruta 7 - Acceso Sur a Coyhaique","CLASIFICACION":"Camino Nacional Longitudinal (En Proceso de Enrolamiento)","CALZADA":"ÚNICA","tmda":null},"geometry":{"type":"LineString","coordinates":[[-72.09356,-45.60518],[-72.09226,-45.5994],[-72.0863,-45.5942]]}},{"id":"13538","type":"Feature","properties":{"ROL":"X-91","NOMBRE_CAMINO":"Cruce Ruta 7 (Río Bravo) - Villa O'Higgins - Bahía Bahamonde","CLASIFICACION":"Camino Regional Principal","CALZADA":"ÚNICA","tmda":null},"geometry":{"type":"LineString","coordinates":[[-73.13116,-47.9995],[-73.11325,-48.00199],[-73.10911,-48.00518],[-73.09401,-48.01196],[-73.08222,-48.00932],[-73.07816,-48.01181],[-73.07086,-48.01339],[-73.06002,-48.01193],[-73.05771,-48.01366],[-73.05081,-48.01467],[-73.04709,-48.0137],[-73.04046,-48.01621],[-73.03669,-48.02],[-73.03461,-48.02517],[-73.02372,-48.03354],[-73.02325,-48.03818],[-73.02025,-48.04065],[-73.01863,-48.04406],[-73.0101,-48.04651],[-73.00642,-48.04951],[-72.99971,-48.04485],[-72.99369,-48.04636],[-72.98758,-48.05135],[-72.97954,-48.05235],[-72.97947,-48.0543],[-72.9712,-48.05546],[-72.969,-48.05772],[-72.96413,-48.05775],[-72.96353,-48.06003],[-72.96011,-48.06128],[-72.95532,-48.0658],[-72.9491,-48.0677],[-72.94692,-48.0702],[-72.94636,-48.07957],[-72.93978,-48.08528],[-72.93984,-48.09381],[-72.93726,-48.10103],[-72.93167,-48.10437],[-72.92971,-48.10951],[-72.91683,-48.11424],[-72.91425,-48.11369],[-72.91216,-48.11858],[-72.90245,-48.11994],[-72.88555,-48.11607],[-72.8705,-48.11935],[-72.86668,-48.12274],[-72.8592,-48.12573],[-72.83077,-48.13012],[-72.82909,-48.1286],[-72.82602,-48.12887],[-72.81136,-48.13781],[-72.80522,-48.13963],[-72.8017,-48.14284],[-72.80212,-48.149],[-72.79429,-48.15496],[-72.78303,-48.16969],[-72.76523,-48.18503],[-72.73726,-48.20174],[-72.73494,-48.20564],[-72.72978,-48.21005],[-72.7258,-48.21719],[-72.71893,-48.22132],[-72.71446,-48.2265],[-72.70219,-48.23638],[-72.68944,-48.25266],[-72.68989,-48.26128],[-72.68398,-48.26969],[-72.68375,-48.27362],[-72.68059,-48.27813],[-72.68154,-48.28153],[-72.68058,-48.28603],[-72.67234,-48.29967],[-72.67082,-48.30458],[-72.66133,-48.31407],[-72.66342,-48.32243],[-72.66319,-48.32595],[-72.66088,-48.32815],[-72.66106,-48.33098],[-72.66769,-48.345],[-72.67377,-48.36988],[-72.6727,-48.37212],[-72.66828,-48.37385],[-72.66425,-48.37742],[-72.66474,-48.38226],[-72.64747,-48.40265],[-72.64468,-48.40775],[-72.64394,-48.41683],[-72.63331,-48.4346],[-72.62857,-48.43624],[-72.62465,-48.43982],[-72.6217,-48.44905],[-72.60078,-48.44071],[-72.59464,-48.43585],[-72.59086,-48.43026],[-72.57635,-48.42189],[-72.57397,-48.41936],[-72.56816,-48.42006],[-72.56602,-48.41828],[-72.55911,-48.41852],[-72.54751,-48.41493],[-72.54587,-48.41559],[-72.55161,-48.42174],[-72.56238,-48.42414],[-72.56576,-48.42627],[-72.5723,-48.43967],[-72.57312,-48.44836],[-72.57131,-48.44979],[-72.57022,-48.45353],[-72.56096,-48.45783],[-72.56092,-48.46348]]}},{"id":"13539","type":"Feature","properties":{"ROL":"X-91","NOMBRE_CAMINO":"Cruce Ruta 7 (Río Bravo) - Villa O'Higgins - Bahía Bahamonde","CLASIFICACION":"Camino Regional Principal","CALZADA":"ÚNICA","tmda":null},"geometry":{"type":"LineString","coordinates":[[-72.56094,-48.47057],[-72.5602,-48.47343],[-72.56144,-48.47926],[-72.5731,-48.48023],[-72.58013,-48.48266],[-72.58767,-48.48183],[-72.58945,-48.48383],[-72.58888,-48.48632],[-72.59068,-48.48776],[-72.59068,-48.4969],[-72.59491,-48.4977],[-72.59517,-48.49931],[-72.59888,-48.50058],[-72.60031,-48.50283],[-72.59953,-48.50793],[-72.6005,-48.512]]}},{"id":"13540","type":"Feature","properties":{"ROL":"X-587","NOMBRE_CAMINO":"Cruce Ruta 243 CH (Puente Las Bandurrias) - Las Bandurrias","CLASIFICACION":"Camino Regional Comunal","CALZADA":"ÚNICA","tmda":null},"geometry":{"type":"LineString","coordinates":[[-71.89116,-45.51531],[-71.89171,-45.51308]]}},{"id":"13541","type":"Feature","properties":{"ROL":"X-589","NOMBRE_CAMINO":"Cruce Ruta 243 CH (Tejas Verdes) - Cruce X-587 (Puente Las Bandurrias)","CLASIFICACION":"Camino Regional Comunal","CALZADA":"ÚNICA","tmda":2673.0},"geometry":{"type":"LineString","coordinates":[[-72.02744,-45.57321],[-72.0294,-45.56695],[-72.02793,-45.56664]]}},{"id":"13542","type":"Feature","properties":{"ROL":"X-589","NOMBRE_CAMINO":"Cruce Ruta 243 CH (Tejas Verdes) - Cruce X-587 (Puente Las Bandurrias)","CLASIFICACION":"Camino Regional Comunal","CALZADA":"ÚNICA","tmda":2673.0},"geometry":{"type":"LineString","coordinates":[[-71.94469,-45.55039],[-71.93556,-45.54886],[-71.92832,-45.54373],[-71.91786,-45.5398]]}},{"id":"13543","type":"Feature","properties":{"ROL":"X-59","NOMBRE_CAMINO":"Cruce Ruta 243 CH (Cuesta Colorada) - Paso Triana","CLASIFICACION":"Camino Regional Principal","CALZADA":"ÚNICA","tmda":68.0},"geometry":{"type":"LineString","coordinates":[[-71.88843,-45.53733],[-71.88547,-45.54149],[-71.88213,-45.54331],[-71.86979,-45.54674],[-71.86075,-45.55104],[-71.84583,-45.55145],[-71.84514,-45.55394],[-71.83845,-45.5573],[-71.82835,-45.5569],[-71.82555,-45.5608],[-71.81667,-45.56309],[-71.80641,-45.56966],[-71.80167,-45.57069]]}},{"id":"13544","type":"Feature","properties":{"ROL":"X-616","NOMBRE_CAMINO":"Cruce X-614 (El Claro) - Panguilemu","CLASIFICACION":"Camino Regional Comunal","CALZADA":"ÚNICA","tmda":null},"geometry":{"type":"LineString","coordinates":[[-72.11429,-45.57068],[-72.11525,-45.56753],[-72.11352,-45.56367],[-72.1215,-45.55446],[-72.12247,-45.55182],[-72.12435,-45.55252],[-72.12563,-45.55124],[-72.14176,-45.54832],[-72.14412,-45.54988],[-72.15511,-45.54934]]}},{"id":"13545","type":"Feature","properties":{"ROL":"X-618","NOMBRE_CAMINO":"Cruce X-614 (El Claro) - Río Claro","CLASIFICACION":"Camino Regional de Acceso","CALZADA":"ÚNICA","tmda":null},"geometry":{"type":"LineString","coordinates":[[-72.18966,-45.59074],[-72.19413,-45.59509]]}},{"id":"13546","type":"Feature","properties":{"ROL":"X-753","NOMBRE_CAMINO":"Cruce Ruta 265 CH (Chile Chico) - Reserva Nacional Lago Jeinimeni","CLASIFICACION":"Camino Regional Comunal","CALZADA":"ÚNICA","tmda":693.0},"geometry":{"type":"LineString","coordinates":[[-71.6944,-46.5811],[-71.69291,-46.58576],[-71.69385,-46.59379],[-71.69138,-46.60336],[-71.6885,-46.6087],[-71.68933,-46.60995],[-71.67924,-46.62234],[-71.68145,-46.63049],[-71.68108,-46.64481],[-71.68511,-46.65351],[-71.69469,-46.66095],[-71.69775,-46.66532],[-71.69697,-46.66981],[-71.70008,-46.67962],[-71.71019,-46.69267],[-71.71045,-46.69458],[-71.70757,-46.69732],[-71.70641,-46.70136],[-71.70068,-46.70308],[-71.70197,-46.70514],[-71.69762,-46.70417],[-71.69957,-46.70729],[-71.70479,-46.70737],[-71.70287,-46.71012],[-71.71271,-46.71141],[-71.72723,-46.71796],[-71.73803,-46.72622],[-71.76641,-46.75768],[-71.77275,-46.76025],[-71.77555,-46.76326],[-71.79387,-46.76946],[-71.79895,-46.7749],[-71.80595,-46.7792],[-71.81645,-46.78104],[-71.82635,-46.78514],[-71.83641,-46.7829],[-71.8422,-46.78375],[-71.84565,-46.78468],[-71.84958,-46.78852],[-71.85861,-46.79044],[-71.90467,-46.79191],[-71.91062,-46.78763],[-71.91383,-46.78962],[-71.91459,-46.79185],[-71.9452,-46.80103],[-71.95524,-46.80779],[-71.95705,-46.81048],[-71.97637,-46.812],[-71.9871,-46.81663],[-71.98734,-46.8193]]}},{"id":"13547","type":"Feature","properties":{"ROL":"X-657","NOMBRE_CAMINO":"Los Álamos - Cerro Negro - Cruce X-659","CLASIFICACION":"Camino Regional Comunal","CALZADA":"ÚNICA","tmda":null},"geometry":{"type":"LineString","coordinates":[[-72.02616,-45.58587],[-72.01503,-45.58619]]}},{"id":"13548","type":"Feature","properties":{"ROL":"X-657","NOMBRE_CAMINO":"Los Álamos - Cerro Negro - Cruce X-659","CLASIFICACION":"Camino Regional Comunal","CALZADA":"ÚNICA","tmda":null},"geometry":{"type":"LineString","coordinates":[[-71.96524,-45.58232],[-71.96307,-45.58038],[-71.96148,-45.58172],[-71.95775,-45.58193],[-71.94817,-45.57907],[-71.94722,-45.57764],[-71.93679,-45.57528],[-71.93261,-45.57928],[-71.93323,-45.58251],[-71.9307,-45.58435],[-71.91173,-45.58577],[-71.90564,-45.58877],[-71.89777,-45.58826],[-71.89766,-45.59053],[-71.89892,-45.59143],[-71.89403,-45.59448],[-71.89536,-45.59712],[-71.89257,-45.59957],[-71.89045,-45.59944],[-71.8894,-45.6007],[-71.88544,-45.60015],[-71.88004,-45.60226],[-71.87603,-45.60191],[-71.87429,-45.6041],[-71.8656,-45.60442],[-71.86507,-45.60647],[-71.85966,-45.61079]]}},{"id":"13549","type":"Feature","properties":{"ROL":"X-667","NOMBRE_CAMINO":"Cruce Ruta 7 (El Salto) - Lago Póllux - Cruce X-59 (Lago Castor)","CLASIFICACION":"Camino Regional Comunal","CALZADA":"ÚNICA","tmda":18.0},"geometry":{"type":"LineString","coordinates":[[-71.95492,-45.69963],[-71.95091,-45.70504],[-71.94802,-45.70687],[-71.91832,-45.70727],[-71.90082,-45.71283],[-71.8933,-45.71152],[-71.88793,-45.71517],[-71.87408,-45.71162],[-71.86256,-45.71164],[-71.84845,-45.70803],[-71.83724,-45.69767],[-71.83449,-45.69339],[-71.82858,-45.6889],[-71.82519,-45.68372],[-71.82493,-45.68011],[-71.82913,-45.67864],[-71.82617,-45.6734],[-71.82741,-45.66995],[-71.82964,-45.6692],[-71.83217,-45.66544],[-71.83176,-45.66348],[-71.82429,-45.65845],[-71.82586,-45.65207],[-71.82405,-45.65001],[-71.82382,-45.64638],[-71.82138,-45.64305],[-71.82124,-45.64055],[-71.81829,-45.63913],[-71.81487,-45.63434],[-71.81417,-45.63061],[-71.80207,-45.6214],[-71.80362,-45.61964],[-71.80846,-45.62046],[-71.80946,-45.61929],[-71.80849,-45.61704],[-71.8145,-45.61256],[-71.81494,-45.61018],[-71.81233,-45.60848],[-71.8111,-45.60496],[-71.79431,-45.595],[-71.79545,-45.59366],[-71.78971,-45.58663],[-71.78245,-45.58487],[-71.7796,-45.58195]]}},{"id":"13550","type":"Feature","properties":{"ROL":"X-421","NOMBRE_CAMINO":"Cruce Ruta 7 - Mina El Toqui - El Gato - Cruce X-45 (Ñirehuao)","CLASIFICACION":"Camino Regional Comunal","CALZADA":"ÚNICA","tmda":null},"geometry":{"type":"LineString","coordinates":[[-72.13973,-45.01434],[-72.13761,-45.01243],[-72.09229,-44.99684],[-72.08529,-44.99979],[-72.06724,-45.00234],[-72.05379,-45.00275],[-72.04828,-45.00529],[-72.03678,-45.00464],[-72.02916,-45.0024],[-72.02696,-45.0003],[-72.02175,-44.99992],[-72.01847,-45.00231],[-72.01737,-45.00591],[-72.01401,-45.00419],[-72.00583,-45.00425],[-71.99901,-45.00879],[-71.99547,-45.00961],[-71.99305,-45.01159],[-71.99299,-45.01346],[-71.99096,-45.01338],[-71.98512,-45.01669],[-71.96132,-45.02335],[-71.95847,-45.02634],[-71.95001,-45.02743],[-71.93991,-45.03184],[-71.93604,-45.03175],[-71.92876,-45.03636],[-71.92594,-45.03999],[-71.91959,-45.04102],[-71.91692,-45.04419],[-71.90358,-45.04852],[-71.89182,-45.05014],[-71.86767,-45.05988],[-71.85737,-45.06066],[-71.85075,-45.05905],[-71.8419,-45.06206],[-71.8353,-45.07332],[-71.8439,-45.07803],[-71.85443,-45.08808],[-71.85315,-45.09363],[-71.85409,-45.09838],[-71.85911,-45.09983],[-71.86422,-45.10381],[-71.86469,-45.10591],[-71.8628,-45.11051],[-71.8662,-45.11589],[-71.86951,-45.11851],[-71.87317,-45.13051],[-71.8779,-45.1375],[-71.88006,-45.13856],[-71.87865,-45.14013],[-71.88246,-45.14312],[-71.87961,-45.14472],[-71.88129,-45.14603],[-71.88007,-45.1479]]}},{"id":"13551","type":"Feature","properties":{"ROL":"X-686","NOMBRE_CAMINO":"Cruce Ruta 7 (Valle Simpson) - Lago Elizalde - Lago Caro","CLASIFICACION":"Camino Regional Comunal","CALZADA":"ÚNICA","tmda":null},"geometry":{"type":"LineString","coordinates":[[-72.4905,-45.79581],[-72.50077,-45.79949],[-72.50999,-45.79972]]}},{"id":"13552","type":"Feature","properties":{"ROL":"X-686","NOMBRE_CAMINO":"Cruce Ruta 7 (Valle Simpson) - Lago Elizalde - Lago Caro","CLASIFICACION":"Camino Regional Comunal","CALZADA":"ÚNICA","tmda":216.0},"geometry":{"type":"LineString","coordinates":[[-72.20287,-45.79467],[-72.2085,-45.79633],[-72.21173,-45.79891],[-72.22662,-45.79806],[-72.23161,-45.80517],[-72.2372,-45.80914],[-72.23862,-45.81236],[-72.24218,-45.81566],[-72.24713,-45.82654],[-72.24811,-45.83328],[-72.24941,-45.83457],[-72.25366,-45.8349],[-72.25748,-45.83901],[-72.26521,-45.84393],[-72.2662,-45.84884],[-72.27077,-45.85367],[-72.27062,-45.8597],[-72.27778,-45.86643],[-72.28108,-45.87471],[-72.28711,-45.88456],[-72.29581,-45.88835],[-72.30273,-45.88666],[-72.30324,-45.89041],[-72.30161,-45.89351],[-72.30444,-45.89378],[-72.31113,-45.89284],[-72.33839,-45.87975],[-72.34975,-45.8725],[-72.35974,-45.86575],[-72.3602,-45.86362],[-72.37086,-45.85518],[-72.38334,-45.85038],[-72.38597,-45.8441],[-72.39597,-45.83968],[-72.42079,-45.81939],[-72.43145,-45.81914],[-72.43174,-45.81762],[-72.42382,-45.80871],[-72.42444,-45.8062],[-72.43971,-45.79119],[-72.45596,-45.78739],[-72.46906,-45.78794],[-72.48723,-45.78364],[-72.49003,-45.78457],[-72.48954,-45.78752]]}},{"id":"13553","type":"Feature","properties":{"ROL":"X-686","NOMBRE_CAMINO":"Cruce Ruta 7 (Valle Simpson) - Lago Elizalde - Lago Caro","CLASIFICACION":"Camino Regional Comunal","CALZADA":"ÚNICA","tmda":1891.0},"geometry":{"type":"LineString","coordinates":[[-72.07187,-45.707],[-72.07374,-45.70971],[-72.08096,-45.71405]]}},{"id":"13554","type":"Feature","properties":{"ROL":"X-439","NOMBRE_CAMINO":"Cruce X-45 (Puesto Viejo) - Mina Katterfield","CLASIFICACION":"Camino Regional Comunal","CALZADA":"ÚNICA","tmda":null},"geometry":{"type":"LineString","coordinates":[[-71.46691,-45.17859],[-71.47827,-45.17323],[-71.52641,-45.16799],[-71.53938,-45.15349],[-71.551,-45.14514],[-71.55517,-45.13718],[-71.56024,-45.13495],[-71.57155,-45.12599],[-71.57395,-45.11947],[-71.56986,-45.11535],[-71.57067,-45.11009],[-71.56791,-45.10686],[-71.57045,-45.10363],[-71.5715,-45.09553],[-71.56574,-45.08545]]}},{"id":"13555","type":"Feature","properties":{"ROL":"X-45","NOMBRE_CAMINO":"Cruce Ruta 7 (Villa Ortega) - Ñirehuao - Paso Pampa Alta (Puesto Viejo)","CLASIFICACION":"Camino Regional Principal","CALZADA":"ÚNICA","tmda":395.0},"geometry":{"type":"LineString","coordinates":[[-71.99552,-45.37387],[-71.98911,-45.37102],[-71.98136,-45.37078]]}},{"id":"13556","type":"Feature","properties":{"ROL":"X-45","NOMBRE_CAMINO":"Cruce Ruta 7 (Villa Ortega) - Ñirehuao - Paso Pampa Alta (Puesto Viejo)","CLASIFICACION":"Camino Regional Principal","CALZADA":"ÚNICA","tmda":395.0},"geometry":{"type":"LineString","coordinates":[[-71.73448,-45.2684],[-71.72709,-45.26764],[-71.71405,-45.27028]]}},{"id":"13557","type":"Feature","properties":{"ROL":"X-723","NOMBRE_CAMINO":"Cruce Ruta 7 - Lago Las Ardillas - Cruce X-735 (Salto Río Ibáñez)","CLASIFICACION":"Camino Regional Comunal","CALZADA":"ÚNICA","tmda":null},"geometry":{"type":"LineString","coordinates":[[-72.21087,-46.1343],[-72.2082,-46.13609],[-72.20837,-46.13877],[-72.20166,-46.14109],[-72.20116,-46.14437],[-72.19772,-46.14659],[-72.1961,-46.14932],[-72.19075,-46.14961],[-72.18339,-46.15226],[-72.18448,-46.1532],[-72.18181,-46.15683],[-72.18563,-46.16063],[-72.18123,-46.16501],[-72.18624,-46.16845],[-72.18432,-46.1741],[-72.18825,-46.17829],[-72.17994,-46.18384],[-72.17976,-46.18627],[-72.17641,-46.18613],[-72.17806,-46.18819],[-72.17591,-46.18825],[-72.17312,-46.19141],[-72.17079,-46.1919],[-72.16426,-46.19109],[-72.16274,-46.19282],[-72.14534,-46.19287],[-72.14291,-46.19417],[-72.13695,-46.19408],[-72.13762,-46.19519],[-72.13129,-46.19631],[-72.12617,-46.19476],[-72.12324,-46.19538],[-72.11955,-46.19999],[-72.1129,-46.20389],[-72.11048,-46.20785],[-72.10314,-46.20933],[-72.10254,-46.21297],[-72.0985,-46.21548],[-72.09939,-46.22277],[-72.09744,-46.22374],[-72.10136,-46.2286],[-72.09338,-46.24009],[-72.09104,-46.24183],[-72.08755,-46.24085],[-72.08272,-46.24483],[-72.07696,-46.2457],[-72.0755,-46.24389],[-72.07305,-46.24348],[-72.07063,-46.24686],[-72.07029,-46.25487]]}},{"id":"13558","type":"Feature","properties":{"ROL":"X-565","NOMBRE_CAMINO":"Cruce Ruta 243 CH (Coyhaique Alto) - Punta El Monte - Cruce X-45 (Puente Ñirehuao)","CLASIFICACION":"Camino Regional Comunal","CALZADA":"ÚNICA","tmda":12.0},"geometry":{"type":"LineString","coordinates":[[-71.53309,-45.3808],[-71.53262,-45.37393],[-71.52989,-45.37329],[-71.52806,-45.37446],[-71.52751,-45.3722],[-71.53621,-45.36658],[-71.53412,-45.36528],[-71.5339,-45.35932],[-71.53952,-45.35388],[-71.53937,-45.33888],[-71.54963,-45.32783],[-71.55673,-45.31296],[-71.56021,-45.31087],[-71.57296,-45.3075],[-71.58934,-45.3068],[-71.59488,-45.30506]]}},{"id":"13559","type":"Feature","properties":{"ROL":"X-899","NOMBRE_CAMINO":"Cochrane - Lago Cochrane","CLASIFICACION":"Camino Regional Comunal","CALZADA":"ÚNICA","tmda":null},"geometry":{"type":"LineString","coordinates":[[-72.5658,-47.25081],[-72.56212,-47.25158]]}},{"id":"13560","type":"Feature","properties":{"ROL":"X-899","NOMBRE_CAMINO":"Cochrane - Lago Cochrane","CLASIFICACION":"Camino Regional Comunal","CALZADA":"ÚNICA","tmda":null},"geometry":{"type":"LineString","coordinates":[[-72.54875,-47.25869],[-72.54796,-47.26053],[-72.5511,-47.26684],[-72.54075,-47.26114],[-72.53709,-47.2565],[-72.53351,-47.25461]]}},{"id":"13561","type":"Feature","properties":{"ROL":"X-899","NOMBRE_CAMINO":"Cochrane - Lago Cochrane","CLASIFICACION":"Camino Regional Comunal","CALZADA":"ÚNICA","tmda":null},"geometry":{"type":"LineString","coordinates":[[-72.53162,-47.25346],[-72.52282,-47.25165],[-72.51985,-47.25209],[-72.51716,-47.25449],[-72.51279,-47.25404],[-72.5116,-47.25631],[-72.51276,-47.25914],[-72.50928,-47.2604],[-72.50296,-47.25864],[-72.49864,-47.26202],[-72.49599,-47.2666],[-72.49347,-47.26345],[-72.49304,-47.26517],[-72.49222,-47.26009],[-72.49122,-47.26407],[-72.49205,-47.27236],[-72.47981,-47.28074],[-72.47508,-47.28199],[-72.47207,-47.28102],[-72.46834,-47.27361],[-72.46455,-47.27138],[-72.4623,-47.26666],[-72.44653,-47.26238],[-72.42833,-47.26122],[-72.42372,-47.25529],[-72.4181,-47.25326],[-72.41779,-47.25175],[-72.41599,-47.25162],[-72.40931,-47.24483],[-72.40617,-47.24405],[-72.39756,-47.24529],[-72.39367,-47.24087],[-72.3928,-47.24149],[-72.39361,-47.24369],[-72.38841,-47.24629],[-72.38351,-47.24218],[-72.38351,-47.24343],[-72.38229,-47.2433],[-72.38268,-47.24541],[-72.38165,-47.24498],[-72.3797,-47.24804],[-72.37842,-47.2475],[-72.37912,-47.24511],[-72.37823,-47.24373],[-72.37553,-47.24535],[-72.3693,-47.24605],[-72.3328,-47.24149],[-72.33058,-47.24303],[-72.33068,-47.24606],[-72.32801,-47.24749],[-72.32041,-47.2453],[-72.31866,-47.2428],[-72.31052,-47.24114],[-72.30892,-47.24322],[-72.29736,-47.24236],[-72.28749,-47.24352],[-72.28197,-47.2413],[-72.27805,-47.24238],[-72.26619,-47.23971],[-72.25078,-47.23924],[-72.2482,-47.23857],[-72.24557,-47.23439]]}},{"id":"13562","type":"Feature","properties":{"ROL":"X-735","NOMBRE_CAMINO":"Cruce X-65 (Puerto Ibáñez) - Península Levicán","CLASIFICACION":"Camino Regional Comunal","CALZADA":"ÚNICA","tmda":null},"geometry":{"type":"LineString","coordinates":[[-71.84988,-46.37075],[-71.84998,-46.37578],[-71.85315,-46.38565]]}},{"id":"13563","type":"Feature","properties":{"ROL":"X-735","NOMBRE_CAMINO":"Cruce X-65 (Puerto Ibáñez) - Península Levicán","CLASIFICACION":"Camino Regional Comunal","CALZADA":"ÚNICA","tmda":null},"geometry":{"type":"LineString","coordinates":[[-71.95806,-46.32273],[-71.95843,-46.32356],[-71.94846,-46.32859],[-71.94777,-46.33654],[-71.94578,-46.33952],[-71.9383,-46.34153],[-71.93621,-46.34426],[-71.92838,-46.34714],[-71.91781,-46.35643],[-71.90657,-46.35754],[-71.90382,-46.35952]]}},{"id":"13564","type":"Feature","properties":{"ROL":"X-565","NOMBRE_CAMINO":"Cruce Ruta 243 CH (Coyhaique Alto) - Punta El Monte - Cruce X-45 (Puente Ñirehuao)","CLASIFICACION":"Camino Regional Comunal","CALZADA":"ÚNICA","tmda":12.0},"geometry":{"type":"LineString","coordinates":[[-71.59488,-45.30506],[-71.60521,-45.29982]]}},{"id":"13565","type":"Feature","properties":{"ROL":"X-130","NOMBRE_CAMINO":"Aeródromo Melimoyu - Seno Gala","CLASIFICACION":"Camino Regional de Acceso","CALZADA":"ÚNICA","tmda":null},"geometry":{"type":"LineString","coordinates":[[-73.10119,-44.09607],[-73.11172,-44.10058],[-73.11562,-44.09957],[-73.12275,-44.10601],[-73.11853,-44.10917],[-73.11681,-44.11322],[-73.11398,-44.11565],[-73.10874,-44.11618],[-73.10067,-44.12189],[-73.10783,-44.12892]]}},{"id":"13566","type":"Feature","properties":{"ROL":"X-608","NOMBRE_CAMINO":"El Claro - Lago Atravesado - Lago Portales","CLASIFICACION":"Camino Regional Comunal","CALZADA":"ÚNICA","tmda":459.0},"geometry":{"type":"LineString","coordinates":[[-72.09362,-45.585],[-72.09627,-45.58853],[-72.11306,-45.5998],[-72.11522,-45.5997],[-72.13052,-45.61062],[-72.14777,-45.63004],[-72.15239,-45.63119],[-72.15165,-45.63389],[-72.17503,-45.64392],[-72.18601,-45.64674],[-72.19555,-45.65525],[-72.20025,-45.66477],[-72.21757,-45.66968],[-72.23439,-45.67189],[-72.24137,-45.67612],[-72.24971,-45.68413],[-72.28271,-45.69008],[-72.29921,-45.68973],[-72.30658,-45.68814],[-72.31106,-45.68531],[-72.32229,-45.67349],[-72.32456,-45.669],[-72.32655,-45.66882],[-72.33462,-45.67244],[-72.34022,-45.6723],[-72.36157,-45.66522],[-72.36253,-45.66298],[-72.36847,-45.6591],[-72.37934,-45.65883],[-72.38715,-45.66246],[-72.39909,-45.66557],[-72.39999,-45.67042],[-72.40543,-45.67106],[-72.41869,-45.66466],[-72.41839,-45.66024],[-72.42795,-45.65822],[-72.43112,-45.65451],[-72.44209,-45.65442],[-72.44566,-45.65607],[-72.45802,-45.65733],[-72.46649,-45.65273],[-72.47481,-45.64498],[-72.48414,-45.64335],[-72.48501,-45.63695],[-72.49059,-45.63169],[-72.49049,-45.62969],[-72.48876,-45.62724],[-72.48829,-45.62913],[-72.48614,-45.62862],[-72.48634,-45.62576],[-72.48318,-45.62115],[-72.47597,-45.61929],[-72.47695,-45.61545],[-72.48102,-45.61157],[-72.48231,-45.60853],[-72.48221,-45.5996],[-72.48718,-45.59498],[-72.48815,-45.58731],[-72.4919,-45.58357],[-72.48927,-45.57479],[-72.49194,-45.56602],[-72.49131,-45.56298],[-72.50794,-45.55336],[-72.51923,-45.54447],[-72.53263,-45.54139],[-72.5372,-45.53753],[-72.5467,-45.53607],[-72.56013,-45.53],[-72.56126,-45.53105],[-72.56339,-45.5274]]}},{"id":"13567","type":"Feature","properties":{"ROL":"X-902","NOMBRE_CAMINO":"Cruce Ruta 7 (Puente Barrancoso) - El Saltón","CLASIFICACION":"Camino Regional de Acceso","CALZADA":"ÚNICA","tmda":null},"geometry":{"type":"LineString","coordinates":[[-72.86481,-47.51304],[-72.87248,-47.51408],[-72.87982,-47.51319],[-72.88344,-47.50942],[-72.8913,-47.50655],[-72.89443,-47.50125],[-72.89242,-47.49837],[-72.89537,-47.4943],[-72.90239,-47.48941],[-72.90236,-47.48695],[-72.9075,-47.48198],[-72.91246,-47.48039],[-72.91633,-47.48155],[-72.91562,-47.4834],[-72.92549,-47.48778],[-72.9294,-47.48773],[-72.93685,-47.49304],[-72.94587,-47.49675]]}},{"id":"13568","type":"Feature","properties":{"ROL":"X-555","NOMBRE_CAMINO":"Cruce Ruta 7 (Mano Negra) - Cruce X-45 (Villa Ortega)","CLASIFICACION":"Camino Regional Comunal","CALZADA":"ÚNICA","tmda":null},"geometry":{"type":"LineString","coordinates":[[-71.99579,-45.45988],[-71.9933,-45.46047],[-71.99382,-45.45614],[-71.98927,-45.45211],[-71.98663,-45.44513],[-71.98426,-45.43302],[-71.98509,-45.42914],[-71.9839,-45.42727],[-71.97359,-45.41799],[-71.94718,-45.40652],[-71.93902,-45.40096],[-71.94489,-45.39896],[-71.9479,-45.39179],[-71.96992,-45.38328],[-71.97424,-45.37993],[-71.99155,-45.37201]]}},{"id":"13569","type":"Feature","properties":{"ROL":"X-728","NOMBRE_CAMINO":"Cruce Ruta 7 (Río Tranquilo) - Bahía Exploradores","CLASIFICACION":"Camino Regional Comunal","CALZADA":"ÚNICA","tmda":null},"geometry":{"type":"LineString","coordinates":[[-72.67555,-46.62204],[-72.68728,-46.62386],[-72.69178,-46.61996],[-72.69729,-46.61977],[-72.71102,-46.61532],[-72.72255,-46.60953],[-72.73384,-46.60958],[-72.73655,-46.60672],[-72.74153,-46.60552],[-72.75325,-46.60928],[-72.75715,-46.61285],[-72.76297,-46.61509],[-72.76735,-46.62092],[-72.78316,-46.63114],[-72.79152,-46.63256],[-72.79712,-46.6352],[-72.80431,-46.63926],[-72.80469,-46.6424],[-72.81001,-46.64399],[-72.81709,-46.64401],[-72.82508,-46.64198],[-72.83913,-46.63779],[-72.84413,-46.63392],[-72.8524,-46.63094],[-72.85636,-46.63097],[-72.85986,-46.62918],[-72.86278,-46.61851],[-72.87675,-46.61295],[-72.88135,-46.60668],[-72.8889,-46.60316],[-72.89144,-46.59998],[-72.89228,-46.5982],[-72.89148,-46.59492],[-72.89539,-46.58908],[-72.89651,-46.58328],[-72.89929,-46.5806],[-72.89954,-46.57694],[-72.90599,-46.56685],[-72.90886,-46.55611],[-72.91111,-46.55442],[-72.91109,-46.55236],[-72.91419,-46.54785],[-72.92434,-46.54533],[-72.93081,-46.5412],[-72.9387,-46.5407],[-72.95198,-46.53649],[-72.95693,-46.53307],[-72.96555,-46.53143],[-72.96847,-46.5279],[-72.98162,-46.52435],[-72.99755,-46.51382],[-73.00366,-46.51477],[-73.0107,-46.51806],[-73.01295,-46.5178],[-73.02427,-46.52609],[-73.03515,-46.52887],[-73.04357,-46.52492],[-73.04554,-46.52224],[-73.04847,-46.52214],[-73.05399,-46.51858],[-73.06115,-46.51105],[-73.06465,-46.51013],[-73.06499,-46.50717],[-73.0668,-46.50558],[-73.07464,-46.50206],[-73.08286,-46.49387],[-73.0895,-46.48926],[-73.10914,-46.48817],[-73.12108,-46.49174],[-73.12782,-46.49539],[-73.15012,-46.50114],[-73.16066,-46.49374],[-73.16506,-46.49165],[-73.17243,-46.49077],[-73.17778,-46.48637],[-73.19354,-46.4839],[-73.19991,-46.47641],[-73.20794,-46.47266],[-73.21604,-46.46254],[-73.21981,-46.46154],[-73.22771,-46.45503],[-73.23837,-46.44076],[-73.25067,-46.4367],[-73.25229,-46.43396],[-73.25172,-46.43214],[-73.2492,-46.42859],[-73.24514,-46.42789],[-73.24614,-46.4258],[-73.25331,-46.42205],[-73.2658,-46.41806],[-73.27711,-46.40963],[-73.27685,-46.40682],[-73.2798,-46.40497],[-73.28604,-46.39642],[-73.28745,-46.39112],[-73.29033,-46.39181],[-73.29126,-46.38997],[-73.29025,-46.38576],[-73.29116,-46.37981],[-73.28726,-46.3743],[-73.29135,-46.36636],[-73.29989,-46.36146],[-73.31393,-46.3616],[-73.32203,-46.35627],[-73.3229,-46.34923],[-73.33743,-46.35027],[-73.34387,-46.3488],[-73.36149,-46.35148],[-73.37433,-46.34947],[-73.38519,-46.34434],[-73.38589,-46.33753],[-73.39491,-46.33383],[-73.39907,-46.32776],[-73.40161,-46.32703],[-73.40539,-46.329],[-73.40978,-46.32825],[-73.41516,-46.32472],[-73.41489,-46.32328]]}},{"id":"13570","type":"Feature","properties":{"ROL":"X-737","NOMBRE_CAMINO":"Cruce X-731 - Muelle Bahía Murta","CLASIFICACION":"Camino Regional de Acceso","CALZADA":"ÚNICA","tmda":null},"geometry":{"type":"LineString","coordinates":[[-72.67464,-46.45812],[-72.6745,-46.45936]]}},{"id":"13571","type":"Feature","properties":{"ROL":"X-678","NOMBRE_CAMINO":"Cruce Ruta 7 (Melipal) - Cruce Ruta 7 (Puente Pichiblanco)","CLASIFICACION":"Camino Regional Comunal","CALZADA":"ÚNICA","tmda":49.0},"geometry":{"type":"LineString","coordinates":[[-71.88806,-45.83124],[-71.89286,-45.83516],[-71.8968,-45.84399],[-71.89598,-45.84449],[-71.89796,-45.85133],[-71.90444,-45.86301],[-71.9064,-45.86419],[-71.906,-45.8655],[-71.90978,-45.8684],[-71.90959,-45.87467],[-71.91527,-45.88889],[-71.91413,-45.8923],[-71.91599,-45.89551],[-71.91431,-45.89951],[-71.90994,-45.90202],[-71.90777,-45.90705],[-71.90449,-45.91043],[-71.89782,-45.91143],[-71.89425,-45.91372],[-71.88792,-45.91379],[-71.87635,-45.9224],[-71.87245,-45.92292],[-71.86681,-45.92751],[-71.84238,-45.93255]]}},{"id":"13572","type":"Feature","properties":{"ROL":"X-603","NOMBRE_CAMINO":"Cruce X-589 (Tejas Verdes) - El Verdín","CLASIFICACION":"Camino Regional de Acceso","CALZADA":"ÚNICA","tmda":null},"geometry":{"type":"LineString","coordinates":[[-72.0276,-45.56684],[-72.0304,-45.56504],[-72.03804,-45.56482]]}},{"id":"13573","type":"Feature","properties":{"ROL":"X-469","NOMBRE_CAMINO":"Cruce X-45 (Estancia Baño Nuevo) - Cruce X-565 (Cerro Mirador)","CLASIFICACION":"Camino Regional Comunal","CALZADA":"ÚNICA","tmda":null},"geometry":{"type":"LineString","coordinates":[[-71.53282,-45.26992],[-71.54219,-45.27414],[-71.55717,-45.28665],[-71.5577,-45.29748],[-71.56111,-45.31063]]}},{"id":"13574","type":"Feature","properties":{"ROL":"X-698","NOMBRE_CAMINO":"Cruce X-674 (El Blanco) - Lago Monreal - Cruce X-696","CLASIFICACION":"Camino Regional Comunal","CALZADA":"ÚNICA","tmda":null},"geometry":{"type":"LineString","coordinates":[[-71.93239,-45.81149],[-71.93128,-45.81303],[-71.93213,-45.81544],[-71.93604,-45.8181],[-71.94116,-45.82461],[-71.93717,-45.83528],[-71.9325,-45.84071],[-71.93219,-45.85254],[-71.93597,-45.85619],[-71.93782,-45.85581],[-71.94252,-45.85948],[-71.94932,-45.85991],[-71.95049,-45.86109],[-71.95713,-45.86007],[-71.96357,-45.86128],[-71.97103,-45.85854],[-71.98765,-45.86557],[-71.99173,-45.86317],[-71.99483,-45.86294],[-72.01025,-45.86625],[-72.02104,-45.86663],[-72.04023,-45.86483],[-72.04375,-45.86258],[-72.05354,-45.86051],[-72.05306,-45.85318],[-72.06234,-45.85536]]}},{"id":"13575","type":"Feature","properties":{"ROL":"X-560","NOMBRE_CAMINO":"Cruce Ruta 240 (El Salto) - Lago Riesco","CLASIFICACION":"Camino Regional de Acceso","CALZADA":"ÚNICA","tmda":325.0},"geometry":{"type":"LineString","coordinates":[[-72.78018,-45.44704],[-72.77581,-45.45329],[-72.76835,-45.45775],[-72.76019,-45.4596],[-72.75439,-45.45669],[-72.74525,-45.4564],[-72.74063,-45.45942],[-72.7308,-45.47112]]}},{"id":"13576","type":"Feature","properties":{"ROL":"X-536","NOMBRE_CAMINO":"Cruce X-544 (Pasarela Pangal 2) - Río Los Palos","CLASIFICACION":"Camino Regional de Acceso","CALZADA":"ÚNICA","tmda":null},"geometry":{"type":"LineString","coordinates":[[-72.69223,-45.36506],[-72.6953,-45.36504]]}},{"id":"13577","type":"Feature","properties":{"ROL":"X-566","NOMBRE_CAMINO":"Puerto Aguirre - Caleta Andrade","CLASIFICACION":"Camino Regional de Acceso","CALZADA":"ÚNICA","tmda":null},"geometry":{"type":"LineString","coordinates":[[-73.5229,-45.16334],[-73.52088,-45.16147],[-73.51876,-45.15126],[-73.51352,-45.15067],[-73.50928,-45.15255]]}},{"id":"13578","type":"Feature","properties":{"ROL":"X-522","NOMBRE_CAMINO":"Cruce X-518 - Acceso Norte Lago Portales","CLASIFICACION":"Camino Regional de Acceso","CALZADA":"ÚNICA","tmda":null},"geometry":{"type":"LineString","coordinates":[[-72.6154,-45.51285],[-72.61294,-45.51711]]}},{"id":"13579","type":"Feature","properties":{"ROL":"X-731","NOMBRE_CAMINO":"Cruce Ruta 7 (Bahía Murta) - Puerto Sánchez","CLASIFICACION":"Camino Regional Comunal","CALZADA":"ÚNICA","tmda":223.0},"geometry":{"type":"LineString","coordinates":[[-72.67461,-46.45812],[-72.67046,-46.45889],[-72.66925,-46.46244],[-72.66737,-46.46387],[-72.66861,-46.46604],[-72.66673,-46.46529],[-72.66825,-46.46666],[-72.66508,-46.46723],[-72.66752,-46.46816],[-72.66452,-46.46824],[-72.66711,-46.47225],[-72.66523,-46.47462],[-72.6655,-46.47782],[-72.66445,-46.4774],[-72.66419,-46.48024],[-72.66103,-46.48273],[-72.66015,-46.48956],[-72.65652,-46.49026],[-72.65941,-46.49143],[-72.65992,-46.49353],[-72.65892,-46.50215],[-72.65746,-46.50452],[-72.65857,-46.50594],[-72.65681,-46.50499],[-72.6584,-46.50655],[-72.6569,-46.50542],[-72.65716,-46.50703],[-72.65539,-46.50574],[-72.65304,-46.50598],[-72.64357,-46.51016],[-72.64113,-46.50978],[-72.63737,-46.51313],[-72.63531,-46.52776],[-72.62793,-46.53267],[-72.62578,-46.53739],[-72.62641,-46.53914],[-72.61947,-46.5481],[-72.61846,-46.55247],[-72.61908,-46.55618],[-72.61507,-46.55924],[-72.61551,-46.56094],[-72.61107,-46.56401],[-72.61068,-46.56632],[-72.60404,-46.57415],[-72.60259,-46.57882],[-72.5977,-46.58238],[-72.59787,-46.58408],[-72.60095,-46.58687],[-72.59824,-46.59058],[-72.585,-46.59416],[-72.58196,-46.59419],[-72.58074,-46.59229]]}},{"id":"13580","type":"Feature","properties":{"ROL":"X-83","NOMBRE_CAMINO":"Cruce Ruta 7 - Entrada Baker - Paso Roballos","CLASIFICACION":"Camino Regional Principal","CALZADA":"ÚNICA","tmda":null},"geometry":{"type":"LineString","coordinates":[[-72.60299,-47.13062],[-72.60051,-47.12933],[-72.59719,-47.12171],[-72.59395,-47.11955],[-72.57343,-47.11399],[-72.56189,-47.1092],[-72.55028,-47.1107],[-72.54218,-47.10904],[-72.5343,-47.11134],[-72.52298,-47.11059],[-72.50479,-47.10649],[-72.49735,-47.10638],[-72.49388,-47.11041],[-72.48313,-47.114],[-72.48217,-47.11534],[-72.48372,-47.11732],[-72.47934,-47.11794],[-72.47471,-47.12276],[-72.46753,-47.12099],[-72.46347,-47.12129],[-72.45845,-47.11929],[-72.44646,-47.11875],[-72.43619,-47.11371],[-72.43402,-47.1113],[-72.42963,-47.11018],[-72.421,-47.10103],[-72.40768,-47.09471],[-72.39015,-47.08236],[-72.35495,-47.07261],[-72.35241,-47.06912],[-72.34669,-47.06685],[-72.34073,-47.06577],[-72.32227,-47.06623],[-72.30719,-47.06084],[-72.30095,-47.06415],[-72.2835,-47.05909],[-72.27755,-47.05854],[-72.27257,-47.05622],[-72.2607,-47.0566],[-72.25089,-47.0537],[-72.24325,-47.05382],[-72.24068,-47.05241],[-72.23291,-47.05317],[-72.22908,-47.05181],[-72.2117,-47.05063],[-72.20216,-47.05448],[-72.19281,-47.06047],[-72.18937,-47.05998],[-72.18596,-47.06137],[-72.1826,-47.06503],[-72.18259,-47.06815],[-72.17978,-47.07212],[-72.17032,-47.07631],[-72.15756,-47.07929],[-72.15375,-47.07889],[-72.15098,-47.0803],[-72.13226,-47.07964],[-72.1246,-47.08268],[-72.11796,-47.08297],[-72.10577,-47.08673],[-72.09764,-47.09078],[-72.09176,-47.09153],[-72.09071,-47.09282],[-72.09245,-47.09424],[-72.09012,-47.09885],[-72.07767,-47.1094],[-72.07315,-47.10999],[-72.0602,-47.11775],[-72.04759,-47.12127],[-72.048,-47.12715],[-72.05289,-47.13419],[-72.04953,-47.13652],[-72.04853,-47.13877],[-72.04111,-47.14286],[-72.02711,-47.14507],[-72.02103,-47.14917],[-72.01292,-47.15005],[-71.99834,-47.15493],[-71.99086,-47.16297],[-71.99082,-47.16531],[-71.98788,-47.16948],[-71.99042,-47.17279],[-71.98283,-47.18208],[-71.97962,-47.18411],[-71.97274,-47.18383],[-71.96306,-47.18723],[-71.9495,-47.18358],[-71.94363,-47.18543],[-71.91018,-47.18223],[-71.89197,-47.17737],[-71.88801,-47.17415],[-71.88642,-47.16954],[-71.88706,-47.16842],[-71.88118,-47.16244],[-71.85382,-47.15766]]}},{"id":"13581","type":"Feature","properties":{"ROL":"X-211","NOMBRE_CAMINO":"Cruce X-25 - Mina Santa Teresa","CLASIFICACION":"Camino Regional de Acceso","CALZADA":"ÚNICA","tmda":null},"geometry":{"type":"LineString","coordinates":[[-71.96231,-44.68115],[-71.95781,-44.68472],[-71.9556,-44.6884],[-71.95835,-44.69256],[-71.95831,-44.69595],[-71.96138,-44.70197],[-71.95959,-44.70635],[-71.95963,-44.71417],[-71.95605,-44.71929],[-71.96025,-44.72324],[-71.95883,-44.72671],[-71.95714,-44.7285],[-71.95293,-44.72948],[-71.94744,-44.72793],[-71.939,-44.72843],[-71.93486,-44.73111],[-71.93324,-44.73608],[-71.92968,-44.73812]]}},{"id":"13582","type":"Feature","properties":{"ROL":"X-680","NOMBRE_CAMINO":"Cruce X-686 - Santa Elena - Cruce X-674","CLASIFICACION":"Camino Regional Comunal","CALZADA":"ÚNICA","tmda":null},"geometry":{"type":"LineString","coordinates":[[-72.10077,-45.73551],[-72.09106,-45.73864],[-72.08783,-45.75024],[-72.05859,-45.7575],[-72.03952,-45.7661],[-72.03491,-45.76956],[-72.03291,-45.77291],[-72.03454,-45.7773],[-72.04008,-45.7829],[-72.04176,-45.7863],[-72.03165,-45.79866],[-72.03159,-45.81248]]}},{"id":"13583","type":"Feature","properties":{"ROL":"X-685","NOMBRE_CAMINO":"Cruce X-697 - Callejón Fernández","CLASIFICACION":"Camino Regional de Acceso","CALZADA":"ÚNICA","tmda":null},"geometry":{"type":"LineString","coordinates":[[-71.7595,-45.9137],[-71.75914,-45.91584],[-71.76106,-45.91808],[-71.76302,-45.92641],[-71.75898,-45.92782],[-71.76519,-45.93808],[-71.76253,-45.94347],[-71.76294,-45.9466],[-71.77539,-45.95578],[-71.77625,-45.95728],[-71.77494,-45.95939],[-71.77774,-45.9621]]}},{"id":"13584","type":"Feature","properties":{"ROL":"X-915","NOMBRE_CAMINO":"Candelario Mansilla - Laguna Redonda - Frontera","CLASIFICACION":"Camino Regional de Acceso","CALZADA":"ÚNICA","tmda":null},"geometry":{"type":"LineString","coordinates":[[-72.7384,-48.87521],[-72.73996,-48.86981],[-72.74097,-48.87024],[-72.74357,-48.86793],[-72.74906,-48.86733],[-72.74931,-48.8698],[-72.75224,-48.87071],[-72.76083,-48.8771],[-72.76012,-48.8778],[-72.76423,-48.87823],[-72.76537,-48.88029],[-72.76697,-48.87975],[-72.76895,-48.88982],[-72.77451,-48.89977],[-72.77442,-48.90337],[-72.77836,-48.90805],[-72.78033,-48.9131],[-72.78083,-48.92029],[-72.7857,-48.92417],[-72.78774,-48.92864],[-72.79114,-48.93219],[-72.79536,-48.93194],[-72.80303,-48.93575],[-72.80374,-48.93686],[-72.8012,-48.93927],[-72.80135,-48.94149],[-72.80398,-48.94277],[-72.81186,-48.95182],[-72.81612,-48.96011]]}},{"id":"13585","type":"Feature","properties":{"ROL":"X-550","NOMBRE_CAMINO":"Cruce Ruta 242 (Puerto Aysén) - Río Blanco - Río Cóndor","CLASIFICACION":"Camino Regional Comunal","CALZADA":"ÚNICA","tmda":560.0},"geometry":{"type":"LineString","coordinates":[[-72.68304,-45.40673],[-72.67604,-45.40448],[-72.66326,-45.40296],[-72.65083,-45.40475],[-72.64542,-45.40755],[-72.64053,-45.40833],[-72.63102,-45.40772],[-72.62817,-45.40623],[-72.60527,-45.41278],[-72.59097,-45.41294],[-72.58912,-45.41498],[-72.59171,-45.42271],[-72.5876,-45.4265],[-72.58755,-45.43014],[-72.59618,-45.43681],[-72.59786,-45.43967],[-72.60162,-45.44136],[-72.60162,-45.44356],[-72.59787,-45.448],[-72.59697,-45.45324],[-72.5985,-45.45625],[-72.60367,-45.45852],[-72.61231,-45.46505],[-72.61702,-45.46722],[-72.62053,-45.46659],[-72.62901,-45.47358],[-72.63933,-45.47928],[-72.65633,-45.48554],[-72.65755,-45.48742],[-72.6554,-45.49005],[-72.65671,-45.49334],[-72.67236,-45.49872],[-72.68324,-45.50571],[-72.68466,-45.51461],[-72.69587,-45.52655],[-72.69784,-45.5296],[-72.69767,-45.53166],[-72.70117,-45.53513],[-72.70534,-45.53725],[-72.71314,-45.53549],[-72.71995,-45.53835],[-72.72007,-45.53444],[-72.72476,-45.53755],[-72.72785,-45.54191],[-72.73071,-45.54349],[-72.7309,-45.54576],[-72.72895,-45.54895],[-72.73221,-45.55241],[-72.73279,-45.55619],[-72.73523,-45.55808],[-72.7342,-45.56116],[-72.74129,-45.56558],[-72.74138,-45.56773],[-72.74579,-45.5728],[-72.75228,-45.57562],[-72.75288,-45.57729],[-72.7503,-45.57983],[-72.75506,-45.58803],[-72.761,-45.59023],[-72.763,-45.59256],[-72.77997,-45.59585],[-72.78577,-45.60117],[-72.78743,-45.6063],[-72.79544,-45.61004],[-72.79815,-45.61443],[-72.80153,-45.61627]]}},{"id":"13586","type":"Feature","properties":{"ROL":"X-652","NOMBRE_CAMINO":"Cruce X-648 (Seis Lagunas) - Lago Barroso","CLASIFICACION":"Camino Regional de Acceso","CALZADA":"ÚNICA","tmda":null},"geometry":{"type":"LineString","coordinates":[[-72.19982,-45.73412],[-72.21271,-45.73529],[-72.22179,-45.73839],[-72.23617,-45.73448]]}},{"id":"13587","type":"Feature","properties":{"ROL":"X-895","NOMBRE_CAMINO":"Cerro La Cruz - Reserva Tamango","CLASIFICACION":"Camino Regional de Acceso","CALZADA":"ÚNICA","tmda":null},"geometry":{"type":"LineString","coordinates":[[-72.5705,-47.24828],[-72.57276,-47.24684],[-72.57,-47.24496],[-72.56971,-47.23951],[-72.56682,-47.2374],[-72.56244,-47.23648],[-72.56237,-47.23486],[-72.56538,-47.2348],[-72.56621,-47.2334],[-72.56475,-47.23214]]}},{"id":"13588","type":"Feature","properties":{"ROL":"X-115","NOMBRE_CAMINO":"Cruce X-13 - Río Figueroa","CLASIFICACION":"Camino Regional de Acceso","CALZADA":"ÚNICA","tmda":null},"geometry":{"type":"LineString","coordinates":[[-72.16851,-44.10686],[-72.17726,-44.11242],[-72.18122,-44.11052],[-72.18298,-44.10787],[-72.18412,-44.10816],[-72.18808,-44.1119],[-72.18658,-44.11705],[-72.19167,-44.11983],[-72.18861,-44.12166]]}},{"id":"13589","type":"Feature","properties":{"ROL":"X-548","NOMBRE_CAMINO":"Cruce X-552 - Puerto Dunn","CLASIFICACION":"Camino Regional Comunal","CALZADA":"ÚNICA","tmda":null},"geometry":{"type":"LineString","coordinates":[[-72.65588,-45.39671],[-72.65293,-45.40131],[-72.64255,-45.4062],[-72.63682,-45.40545],[-72.63005,-45.4024],[-72.62437,-45.40518],[-72.61957,-45.40574],[-72.61868,-45.40103],[-72.61472,-45.39936]]}},{"id":"13590","type":"Feature","properties":{"ROL":"X-725","NOMBRE_CAMINO":"Cruce Ruta 7 (Río Sin Nombre) - Lago Alto - Cruce X-723 (Lago Las Ardillas)","CLASIFICACION":"Camino Regional Comunal","CALZADA":"ÚNICA","tmda":null},"geometry":{"type":"LineString","coordinates":[[-72.35342,-46.16838],[-72.35913,-46.17993],[-72.35989,-46.18368],[-72.35781,-46.18716],[-72.35761,-46.19039],[-72.3582,-46.19281],[-72.36089,-46.19434],[-72.35878,-46.19761],[-72.35717,-46.19702],[-72.357,-46.20063],[-72.35446,-46.20248],[-72.35572,-46.20362],[-72.35442,-46.20524],[-72.34661,-46.20671],[-72.34107,-46.21104],[-72.33822,-46.21048],[-72.33261,-46.21269],[-72.32837,-46.21012],[-72.32591,-46.20572],[-72.32594,-46.20158],[-72.32367,-46.19892],[-72.324,-46.1956],[-72.3284,-46.18763],[-72.32822,-46.18539],[-72.33307,-46.17925],[-72.33222,-46.17772],[-72.32613,-46.17622],[-72.32427,-46.17732],[-72.31681,-46.17672],[-72.31052,-46.17857],[-72.30715,-46.17736],[-72.30387,-46.17354],[-72.29565,-46.17096],[-72.28618,-46.16987],[-72.27776,-46.17157],[-72.26526,-46.16684],[-72.24735,-46.16632],[-72.24114,-46.1601],[-72.23411,-46.16116],[-72.22933,-46.16025],[-72.22668,-46.15573],[-72.2222,-46.1531],[-72.21456,-46.15327],[-72.19503,-46.14962]]}},{"id":"13591","type":"Feature","properties":{"ROL":"X-576","NOMBRE_CAMINO":"Cruce X-572 - Arroyo Negro","CLASIFICACION":"Camino Regional de Acceso","CALZADA":"ÚNICA","tmda":null},"geometry":{"type":"LineString","coordinates":[[-72.45304,-45.43996],[-72.46237,-45.44131],[-72.47403,-45.43511],[-72.48358,-45.43369]]}},{"id":"13592","type":"Feature","properties":{"ROL":"X-898","NOMBRE_CAMINO":"Cruce X-890 (Pasarela El Manzano) - Cerro Negro","CLASIFICACION":"Camino Regional Comunal","CALZADA":"ÚNICA","tmda":null},"geometry":{"type":"LineString","coordinates":[[-72.7209,-47.14194],[-72.72678,-47.14393],[-72.73323,-47.14422],[-72.73955,-47.14789],[-72.74198,-47.15068],[-72.75244,-47.15229],[-72.76188,-47.15585],[-72.76553,-47.15566],[-72.76902,-47.15352],[-72.77398,-47.15433],[-72.78089,-47.15353],[-72.78276,-47.15208],[-72.78911,-47.15085],[-72.79128,-47.14768],[-72.79426,-47.15346],[-72.79319,-47.15843],[-72.79606,-47.16224],[-72.80342,-47.16317],[-72.80732,-47.16489],[-72.80801,-47.1664],[-72.81395,-47.16741],[-72.82103,-47.17181],[-72.82932,-47.1721],[-72.8378,-47.17604],[-72.8394,-47.17824],[-72.84447,-47.17983],[-72.84589,-47.18611],[-72.84367,-47.18606],[-72.84422,-47.18878],[-72.842,-47.19014],[-72.84495,-47.19323],[-72.8438,-47.19369],[-72.84539,-47.19872],[-72.84932,-47.20098],[-72.84818,-47.20365],[-72.84997,-47.2047],[-72.84895,-47.20561],[-72.85094,-47.20628],[-72.85034,-47.21199]]}},{"id":"13593","type":"Feature","properties":{"ROL":"X-427","NOMBRE_CAMINO":"Cruce X-423 - Pasarela Adolfina Arend","CLASIFICACION":"Camino Regional de Acceso","CALZADA":"ÚNICA","tmda":null},"geometry":{"type":"LineString","coordinates":[[-72.00193,-45.16114],[-72.01463,-45.16469]]}},{"id":"13594","type":"Feature","properties":{"ROL":"X-658","NOMBRE_CAMINO":"Cruce X-686 (Puente Simpson N° 1) - Los Ñires - Cruce X-648","CLASIFICACION":"Camino Regional Comunal","CALZADA":"ÚNICA","tmda":null},"geometry":{"type":"LineString","coordinates":[[-72.09872,-45.72447],[-72.09854,-45.72313],[-72.10046,-45.72247],[-72.11236,-45.72232],[-72.12235,-45.7192],[-72.14418,-45.72835],[-72.15535,-45.73728],[-72.15911,-45.73794]]}},{"id":"13595","type":"Feature","properties":{"ROL":"X-779","NOMBRE_CAMINO":"Cruce X-777 - Los Valles","CLASIFICACION":"Camino Regional de Acceso","CALZADA":"ÚNICA","tmda":null},"geometry":{"type":"LineString","coordinates":[[-72.66683,-46.8529],[-72.66372,-46.85674],[-72.66355,-46.85878],[-72.66004,-46.85425],[-72.65761,-46.85315],[-72.65509,-46.85441],[-72.6525,-46.85372],[-72.64816,-46.85889],[-72.64817,-46.86228],[-72.65506,-46.87095],[-72.65352,-46.87566],[-72.6556,-46.88255],[-72.64912,-46.88785],[-72.64882,-46.89189],[-72.65053,-46.89549]]}},{"id":"13596","type":"Feature","properties":{"ROL":"X-215","NOMBRE_CAMINO":"Cruce X-209 (Río Las Torres) - Río Cisnes","CLASIFICACION":"Camino Regional de Acceso","CALZADA":"ÚNICA","tmda":null},"geometry":{"type":"LineString","coordinates":[[-72.12051,-44.71619],[-72.11972,-44.72088]]}},{"id":"13597","type":"Feature","properties":{"ROL":"X-570","NOMBRE_CAMINO":"Cruce Ruta 240 - Viviana Sur","CLASIFICACION":"Camino Regional de Acceso","CALZADA":"ÚNICA","tmda":null},"geometry":{"type":"LineString","coordinates":[[-72.46999,-45.40408],[-72.46256,-45.3966],[-72.45706,-45.39379],[-72.44828,-45.38407],[-72.44448,-45.37632],[-72.44419,-45.36375],[-72.44183,-45.35821],[-72.44293,-45.35483],[-72.44081,-45.35276],[-72.43987,-45.34784],[-72.42861,-45.34031]]}},{"id":"13598","type":"Feature","properties":{"ROL":"X-688","NOMBRE_CAMINO":"Cruce Ruta 7 - Acceso Antiguo a Valle Simpson - Cruce X-686","CLASIFICACION":"Camino Regional Comunal","CALZADA":"ÚNICA","tmda":null},"geometry":{"type":"LineString","coordinates":[[-72.06149,-45.70087],[-72.06827,-45.70146]]}},{"id":"13599","type":"Feature","properties":{"ROL":"X-892","NOMBRE_CAMINO":"Cruce Ruta 7 (Cochrane) - Pasarela El Salto - Balsa Colonia Sur","CLASIFICACION":"Camino Regional de Acceso","CALZADA":"ÚNICA","tmda":null},"geometry":{"type":"LineString","coordinates":[[-72.58685,-47.25839],[-72.60376,-47.25435],[-72.60438,-47.24851],[-72.60615,-47.24502],[-72.6047,-47.23852],[-72.60606,-47.23471],[-72.60898,-47.2321],[-72.61494,-47.23193],[-72.6347,-47.24066],[-72.64037,-47.24832],[-72.6396,-47.25252],[-72.64711,-47.25996],[-72.66422,-47.26718],[-72.67471,-47.28037],[-72.68145,-47.2861],[-72.68266,-47.28918],[-72.68786,-47.29441],[-72.68989,-47.29414],[-72.69205,-47.29587]]}},{"id":"13600","type":"Feature","properties":{"ROL":"X-431","NOMBRE_CAMINO":"Cruce X-421 (Laguna La Brava) - Cruce X-421 (Río Norte)","CLASIFICACION":"Camino Regional Comunal","CALZADA":"ÚNICA","tmda":null},"geometry":{"type":"LineString","coordinates":[[-71.85316,-45.09422],[-71.84936,-45.09607],[-71.84417,-45.0951],[-71.84012,-45.09686],[-71.83585,-45.09615],[-71.82089,-45.09901],[-71.81368,-45.10151],[-71.80764,-45.10563],[-71.80278,-45.10657],[-71.79801,-45.10361],[-71.79291,-45.10305],[-71.7824,-45.10607],[-71.7761,-45.0992],[-71.76613,-45.10613],[-71.76299,-45.1125],[-71.7661,-45.11523],[-71.76567,-45.11797],[-71.76837,-45.1217],[-71.76444,-45.12695],[-71.76692,-45.13345],[-71.76449,-45.13678],[-71.76442,-45.13916],[-71.76731,-45.14149],[-71.76767,-45.14652],[-71.76586,-45.15175],[-71.76686,-45.15574],[-71.76309,-45.15958],[-71.76238,-45.16446],[-71.75682,-45.16937],[-71.75056,-45.17203],[-71.74672,-45.17518],[-71.74569,-45.17908],[-71.72518,-45.1876],[-71.71609,-45.19304],[-71.7153,-45.19666],[-71.71348,-45.19809],[-71.71433,-45.20013],[-71.71212,-45.20153],[-71.71224,-45.2058],[-71.70988,-45.20842],[-71.71261,-45.21399],[-71.71646,-45.2164],[-71.71832,-45.22474],[-71.72938,-45.23211]]}},{"id":"13601","type":"Feature","properties":{"ROL":"X-661","NOMBRE_CAMINO":"Cruce Ruta 7 - Nueva Esperanza - Cruce X-671","CLASIFICACION":"Camino Regional Comunal","CALZADA":"ÚNICA","tmda":null},"geometry":{"type":"LineString","coordinates":[[-71.98797,-45.74854],[-71.97236,-45.7422],[-71.96264,-45.74403],[-71.95735,-45.73772],[-71.94838,-45.73812],[-71.9274,-45.74341],[-71.92268,-45.74752],[-71.91536,-45.74952],[-71.91116,-45.75304]]}},{"id":"13602","type":"Feature","properties":{"ROL":"X-120","NOMBRE_CAMINO":"Cruce Ruta 7 (La Junta) - Puerto Raúl Marín Balmaceda","CLASIFICACION":"Camino Regional Provincial","CALZADA":"ÚNICA","tmda":210.0},"geometry":{"type":"LineString","coordinates":[[-72.39806,-43.96481],[-72.40263,-43.96327],[-72.41548,-43.96526],[-72.43101,-43.97182],[-72.43699,-43.97238],[-72.44404,-43.97102],[-72.44583,-43.96903],[-72.45064,-43.96723],[-72.45328,-43.96781],[-72.46409,-43.97501],[-72.46896,-43.97548],[-72.47287,-43.97753],[-72.47778,-43.98184],[-72.48542,-43.983],[-72.49011,-43.98559],[-72.49932,-43.98765],[-72.50351,-43.99064],[-72.51912,-43.99676],[-72.52164,-43.99975],[-72.52395,-44.00821],[-72.52731,-44.01074],[-72.53711,-44.01409],[-72.54185,-44.01981],[-72.54807,-44.02178],[-72.56564,-44.01977],[-72.56655,-44.02101],[-72.55755,-44.03016],[-72.56438,-44.03405],[-72.58757,-44.03393],[-72.59817,-44.0298],[-72.60292,-44.02583],[-72.61133,-44.0257],[-72.61596,-44.02351],[-72.61495,-44.0224],[-72.61566,-44.02166],[-72.64108,-44.0152],[-72.65055,-44.00928],[-72.66366,-44.0038],[-72.67859,-44.0027],[-72.68329,-44.00055],[-72.72498,-43.99178],[-72.73503,-43.98396],[-72.76604,-43.97503],[-72.77339,-43.97779],[-72.77782,-43.97589],[-72.77987,-43.97629],[-72.78136,-43.97366],[-72.78465,-43.97172],[-72.79091,-43.95654],[-72.80017,-43.94501],[-72.80215,-43.93985],[-72.80227,-43.93468],[-72.80595,-43.93195],[-72.80803,-43.9224],[-72.81104,-43.91855],[-72.81507,-43.91609],[-72.81746,-43.91205],[-72.82554,-43.90824],[-72.83296,-43.90767],[-72.83898,-43.90446],[-72.86144,-43.89988],[-72.87493,-43.89844],[-72.88325,-43.89416],[-72.88639,-43.89485],[-72.89325,-43.89378],[-72.91007,-43.88761],[-72.92677,-43.88457],[-72.93157,-43.88191],[-72.94776,-43.87944],[-72.95336,-43.88243],[-72.94721,-43.86537],[-72.95262,-43.85787],[-72.95023,-43.85517],[-72.94923,-43.85111]]}},{"id":"13603","type":"Feature","properties":{"ROL":"X-510","NOMBRE_CAMINO":"Cruce Ruta 7 (Campo Grande) - Picaflor - Cruce Ruta 7 (Puente Los Pioneros)","CLASIFICACION":"Camino Regional Comunal","CALZADA":"ÚNICA","tmda":null},"geometry":{"type":"LineString","coordinates":[[-72.1641,-44.97574],[-72.17768,-44.98063],[-72.18232,-44.97827],[-72.18391,-44.97414],[-72.19232,-44.97322],[-72.20536,-44.97792],[-72.20725,-44.9815],[-72.20369,-44.98595],[-72.20427,-44.99011],[-72.20579,-44.99135],[-72.20392,-44.99778],[-72.2045,-45.00093],[-72.19664,-45.00714],[-72.19504,-45.01182],[-72.18125,-45.01761],[-72.17956,-45.01967],[-72.17989,-45.02253],[-72.18368,-45.0265],[-72.18445,-45.02978],[-72.18151,-45.03547],[-72.17394,-45.0392],[-72.17076,-45.04343],[-72.16668,-45.05247],[-72.16527,-45.05942],[-72.16281,-45.0634],[-72.16223,-45.06803],[-72.15729,-45.07498],[-72.1509,-45.09296],[-72.15219,-45.09527],[-72.14952,-45.10121],[-72.14811,-45.10179]]}},{"id":"13604","type":"Feature","properties":{"ROL":"X-646","NOMBRE_CAMINO":"Cruce X-650 - Bifurcación Callejón Fournier","CLASIFICACION":"Camino Regional de Acceso","CALZADA":"ÚNICA","tmda":null},"geometry":{"type":"LineString","coordinates":[[-72.18209,-45.69942],[-72.17988,-45.70041],[-72.17915,-45.70346]]}},{"id":"13605","type":"Feature","properties":{"ROL":"X-540","NOMBRE_CAMINO":"Cruce Ruta 240 - Cruce X-542 (Pasarela El Balseo)","CLASIFICACION":"Camino Regional Comunal","CALZADA":"ÚNICA","tmda":null},"geometry":{"type":"LineString","coordinates":[[-72.49049,-45.39793],[-72.49294,-45.4]]}},{"id":"13606","type":"Feature","properties":{"ROL":"X-695","NOMBRE_CAMINO":"Cruce Ruta 245 CH - Galera Chico - Cruce Ruta 245 CH (Balmaceda)","CLASIFICACION":"Camino Regional Comunal","CALZADA":"ÚNICA","tmda":null},"geometry":{"type":"LineString","coordinates":[[-71.85505,-45.84706],[-71.85179,-45.84018],[-71.84725,-45.83775],[-71.83934,-45.83931],[-71.81908,-45.83912],[-71.79959,-45.84419],[-71.78028,-45.84721],[-71.76893,-45.85185],[-71.76571,-45.855],[-71.76513,-45.8577],[-71.76197,-45.8569],[-71.75689,-45.85776],[-71.74405,-45.86387],[-71.73293,-45.86466],[-71.72822,-45.86622],[-71.72378,-45.86968],[-71.72209,-45.87306],[-71.71742,-45.87376],[-71.70969,-45.87839],[-71.70533,-45.87821],[-71.69758,-45.88787],[-71.70367,-45.90272],[-71.70366,-45.91101]]}},{"id":"13607","type":"Feature","properties":{"ROL":"X-105","NOMBRE_CAMINO":"Cruce X-13 (Lago Verde) - Río Cacique Blanco","CLASIFICACION":"Camino Regional de Acceso","CALZADA":"ÚNICA","tmda":null},"geometry":{"type":"LineString","coordinates":[[-71.8498,-44.23961],[-71.85073,-44.24249],[-71.84493,-44.24915],[-71.84517,-44.25337],[-71.84773,-44.25866],[-71.85867,-44.26791],[-71.87122,-44.26813],[-71.88998,-44.27533],[-71.90648,-44.27695],[-71.91393,-44.27907]]}},{"id":"13608","type":"Feature","properties":{"ROL":"X-610","NOMBRE_CAMINO":"Cruce X-608 (Puente Don Dago) - Lago Zenteno","CLASIFICACION":"Camino Regional de Acceso","CALZADA":"ÚNICA","tmda":null},"geometry":{"type":"LineString","coordinates":[[-72.48439,-45.64261],[-72.49764,-45.6492],[-72.51713,-45.64446],[-72.52234,-45.63993],[-72.52463,-45.6359],[-72.53093,-45.63504],[-72.53278,-45.62793],[-72.53754,-45.62782],[-72.54419,-45.6243],[-72.54391,-45.62285],[-72.54647,-45.62094],[-72.54859,-45.61466],[-72.54735,-45.61256],[-72.5435,-45.61037],[-72.54375,-45.60819]]}},{"id":"13609","type":"Feature","properties":{"ROL":"X-568","NOMBRE_CAMINO":"Cruce Ruta 240 - Valle Verde","CLASIFICACION":"Camino Regional de Acceso","CALZADA":"ÚNICA","tmda":null},"geometry":{"type":"LineString","coordinates":[[-72.58206,-45.38566],[-72.58194,-45.383],[-72.5773,-45.38121],[-72.57769,-45.37675],[-72.57608,-45.37053],[-72.57322,-45.36727],[-72.56907,-45.36655],[-72.56844,-45.3648],[-72.55397,-45.36451],[-72.54246,-45.36276],[-72.53596,-45.36326],[-72.52885,-45.3604],[-72.52561,-45.35799],[-72.52488,-45.35569],[-72.51997,-45.35366]]}},{"id":"13610","type":"Feature","properties":{"ROL":"X-614","NOMBRE_CAMINO":"Cruce Ruta 7 (Pasarela Pinuer) - El Claro","CLASIFICACION":"Camino Regional Comunal","CALZADA":"ÚNICA","tmda":null},"geometry":{"type":"LineString","coordinates":[[-72.10101,-45.58643],[-72.09885,-45.58803]]}},{"id":"13611","type":"Feature","properties":{"ROL":"X-733","NOMBRE_CAMINO":"Cruce X-731 - El Rodado","CLASIFICACION":"Camino Regional de Acceso","CALZADA":"ÚNICA","tmda":null},"geometry":{"type":"LineString","coordinates":[[-72.67466,-46.43924],[-72.67661,-46.43435],[-72.68134,-46.42806],[-72.67701,-46.42482],[-72.67183,-46.42612],[-72.66922,-46.42415],[-72.66735,-46.41619],[-72.66326,-46.41287],[-72.66887,-46.40451],[-72.66732,-46.40285]]}},{"id":"13612","type":"Feature","properties":{"ROL":"X-781","NOMBRE_CAMINO":"Cruce Ruta 265 CH (Puerto Guadal) - Laguna La Manga","CLASIFICACION":"Camino Regional de Acceso","CALZADA":"ÚNICA","tmda":null},"geometry":{"type":"LineString","coordinates":[[-72.6949,-46.84676],[-72.69539,-46.84872],[-72.69419,-46.85078],[-72.69789,-46.85725],[-72.6966,-46.8583],[-72.69389,-46.85797],[-72.6928,-46.86318],[-72.69928,-46.86925],[-72.70102,-46.87546],[-72.69977,-46.88738],[-72.70258,-46.89248],[-72.70123,-46.89623],[-72.70233,-46.89995],[-72.7091,-46.90397],[-72.71073,-46.90634],[-72.71042,-46.90916],[-72.71723,-46.91091],[-72.72447,-46.91543],[-72.72785,-46.91582],[-72.73192,-46.91937]]}},{"id":"13613","type":"Feature","properties":{"ROL":"X-209","NOMBRE_CAMINO":"Cruce X-25 (Puente El Diablo) - Río Las Torres","CLASIFICACION":"Camino Regional Comunal","CALZADA":"ÚNICA","tmda":null},"geometry":{"type":"LineString","coordinates":[[-72.05742,-44.70265],[-72.06703,-44.7043],[-72.07291,-44.70912],[-72.08486,-44.71493],[-72.0886,-44.71823],[-72.09318,-44.71944],[-72.10486,-44.71643],[-72.11486,-44.71577],[-72.13212,-44.71733],[-72.13557,-44.71322],[-72.13765,-44.71279]]}},{"id":"13614","type":"Feature","properties":{"ROL":"X-663","NOMBRE_CAMINO":"Cruce X-659 (Lago Frío) - Lago Póllux - Cruce X-667","CLASIFICACION":"Camino Regional Comunal","CALZADA":"ÚNICA","tmda":null},"geometry":{"type":"LineString","coordinates":[[-71.91456,-45.65378],[-71.90806,-45.6515],[-71.90436,-45.65252],[-71.9035,-45.6546],[-71.89987,-45.65535],[-71.89904,-45.65783],[-71.89279,-45.65883],[-71.88874,-45.66116],[-71.88203,-45.66855],[-71.87567,-45.66987],[-71.87712,-45.67108],[-71.87594,-45.67553],[-71.87686,-45.67897],[-71.8828,-45.6833],[-71.88523,-45.6891],[-71.89231,-45.6961],[-71.8941,-45.69946],[-71.89403,-45.70222],[-71.89957,-45.70581],[-71.89656,-45.70911],[-71.89777,-45.71189]]}},{"id":"13615","type":"Feature","properties":{"ROL":"X-582","NOMBRE_CAMINO":"Cruce Ruta 7 (Baguales) - Cruce X-580 (Villa Baguales)","CLASIFICACION":"Camino Regional Comunal","CALZADA":"ÚNICA","tmda":null},"geometry":{"type":"LineString","coordinates":[[-72.10945,-45.51146],[-72.11145,-45.50886]]}},{"id":"13616","type":"Feature","properties":{"ROL":"X-423","NOMBRE_CAMINO":"Cruce Ruta 7 (Villa Mañihuales) - Cruce X-421 (El Gato)","CLASIFICACION":"Camino Regional Comunal","CALZADA":"ÚNICA","tmda":null},"geometry":{"type":"LineString","coordinates":[[-72.14131,-45.16165],[-72.13667,-45.16234],[-72.1312,-45.15965],[-72.12854,-45.15978],[-72.12416,-45.16088],[-72.12094,-45.16465],[-72.10785,-45.16535],[-72.10489,-45.16392],[-72.10489,-45.16245],[-72.0914,-45.15904],[-72.0887,-45.15615],[-72.08406,-45.15466],[-72.08065,-45.15487],[-72.07086,-45.15122],[-72.05979,-45.15027],[-72.0481,-45.15496],[-72.04779,-45.15831],[-72.04452,-45.16048],[-72.03387,-45.16352],[-72.02729,-45.163],[-72.02127,-45.16069],[-72.01672,-45.16087],[-72.01377,-45.1627],[-72.01008,-45.161],[-72.00126,-45.1611],[-71.97677,-45.15328],[-71.96572,-45.15254],[-71.96115,-45.15359],[-71.95995,-45.15768],[-71.95729,-45.15938],[-71.955,-45.15861],[-71.94604,-45.16191],[-71.93903,-45.16076],[-71.93609,-45.15853],[-71.93076,-45.15881],[-71.92275,-45.15495],[-71.91921,-45.15495],[-71.91421,-45.15268],[-71.90504,-45.14491],[-71.90157,-45.14541],[-71.89825,-45.1434],[-71.89509,-45.14392],[-71.89228,-45.14633],[-71.88829,-45.14592],[-71.88477,-45.14816],[-71.87966,-45.1479]]}},{"id":"13617","type":"Feature","properties":{"ROL":"X-665","NOMBRE_CAMINO":"Cruce X-659 - Ribera Norte Lago Frío","CLASIFICACION":"Camino Regional de Acceso","CALZADA":"ÚNICA","tmda":null},"geometry":{"type":"LineString","coordinates":[[-71.96135,-45.67453],[-71.96189,-45.67025],[-71.96463,-45.66803],[-71.96246,-45.66465],[-71.96281,-45.6623],[-71.94433,-45.65546],[-71.94553,-45.65261]]}},{"id":"13618","type":"Feature","properties":{"ROL":"X-890","NOMBRE_CAMINO":"Cruce Ruta 7 (El Manzano) - Balsa Baker - Cruce Ruta 7","CLASIFICACION":"Camino Regional Comunal","CALZADA":"ÚNICA","tmda":null},"geometry":{"type":"LineString","coordinates":[[-72.70398,-47.12773],[-72.70686,-47.13089],[-72.71499,-47.13122],[-72.72382,-47.13498],[-72.72644,-47.13855],[-72.72305,-47.1393],[-72.7245,-47.14173],[-72.72007,-47.14069],[-72.72085,-47.14203],[-72.71719,-47.14256],[-72.71505,-47.14443],[-72.70947,-47.14285],[-72.70716,-47.14494],[-72.70752,-47.14628],[-72.70293,-47.14942],[-72.68736,-47.14716],[-72.68312,-47.14463],[-72.68204,-47.14701],[-72.6739,-47.14986],[-72.67266,-47.15228],[-72.66692,-47.15094],[-72.66685,-47.15494],[-72.66024,-47.16158],[-72.66165,-47.17024],[-72.66388,-47.17481],[-72.66144,-47.17702],[-72.65712,-47.18703],[-72.6572,-47.19192],[-72.65553,-47.19469],[-72.65711,-47.19871],[-72.65434,-47.20158],[-72.6515,-47.20112],[-72.651,-47.20251],[-72.64712,-47.20101],[-72.65085,-47.20898],[-72.6444,-47.21066],[-72.64161,-47.21004],[-72.64106,-47.2111],[-72.63956,-47.20959],[-72.63933,-47.21103],[-72.63422,-47.20693],[-72.63238,-47.2034],[-72.62999,-47.20282],[-72.62849,-47.20866],[-72.62552,-47.20962],[-72.62581,-47.20641],[-72.62462,-47.20678]]}},{"id":"13619","type":"Feature","properties":{"ROL":"X-113","NOMBRE_CAMINO":"Cruce X-111 (Pasarela El Quinto) - Río Cuarto","CLASIFICACION":"Camino Regional de Acceso","CALZADA":"ÚNICA","tmda":null},"geometry":{"type":"LineString","coordinates":[[-72.22822,-43.95293],[-72.22312,-43.94903],[-72.20291,-43.94384],[-72.20586,-43.93731],[-72.20886,-43.93551],[-72.21398,-43.93524]]}},{"id":"13620","type":"Feature","properties":{"ROL":"X-518","NOMBRE_CAMINO":"Cruce X-550 (Balsa El Blanco) - Lago Portales","CLASIFICACION":"Camino Regional Comunal","CALZADA":"ÚNICA","tmda":null},"geometry":{"type":"LineString","coordinates":[[-72.61532,-45.46645],[-72.61565,-45.46687]]}},{"id":"13621","type":"Feature","properties":{"ROL":"X-727","NOMBRE_CAMINO":"Cruce X-725 - Lago Lapparent","CLASIFICACION":"Camino Regional de Acceso","CALZADA":"ÚNICA","tmda":null},"geometry":{"type":"LineString","coordinates":[[-72.34907,-46.2404],[-72.34972,-46.24907],[-72.34801,-46.25053],[-72.34593,-46.25814],[-72.34826,-46.26274],[-72.3504,-46.26266]]}},{"id":"13622","type":"Feature","properties":{"ROL":"X-897","NOMBRE_CAMINO":"Cruce X-899 - Playa Vidal","CLASIFICACION":"Camino Regional de Acceso","CALZADA":"ÚNICA","tmda":null},"geometry":{"type":"LineString","coordinates":[[-72.48286,-47.27787],[-72.47994,-47.27811],[-72.47936,-47.27387],[-72.47305,-47.26964],[-72.47345,-47.26664]]}},{"id":"13623","type":"Feature","properties":{"ROL":"X-564","NOMBRE_CAMINO":"Cruce Ruta 7 - Pasarela Cifuentes","CLASIFICACION":"Camino Regional de Acceso","CALZADA":"ÚNICA","tmda":null},"geometry":{"type":"LineString","coordinates":[[-72.14295,-45.15158],[-72.14925,-45.1528],[-72.1525,-45.15192],[-72.15113,-45.14526],[-72.14466,-45.13766],[-72.14583,-45.13433]]}},{"id":"13624","type":"Feature","properties":{"ROL":"X-775","NOMBRE_CAMINO":"Cruce Ruta 265 CH (Puente El Maitén) - El Furioso","CLASIFICACION":"Camino Regional de Acceso","CALZADA":"ÚNICA","tmda":null},"geometry":{"type":"LineString","coordinates":[[-72.51989,-46.75289],[-72.52529,-46.75847],[-72.52549,-46.76051],[-72.51686,-46.76565],[-72.512,-46.77146],[-72.5115,-46.7771],[-72.50816,-46.78299],[-72.5083,-46.78778],[-72.50655,-46.79395],[-72.50711,-46.79731],[-72.50516,-46.80215],[-72.49664,-46.81253],[-72.49451,-46.81901],[-72.49555,-46.82273],[-72.4709,-46.84754],[-72.47494,-46.84731],[-72.47342,-46.84907],[-72.47668,-46.85988],[-72.47664,-46.86587],[-72.47494,-46.86749],[-72.4767,-46.86914],[-72.47457,-46.86938],[-72.47332,-46.88531],[-72.47401,-46.88697],[-72.47578,-46.88736],[-72.47535,-46.88892],[-72.47716,-46.88952],[-72.47502,-46.89088],[-72.47466,-46.89411],[-72.47473,-46.89789],[-72.47678,-46.90029],[-72.47702,-46.90558],[-72.47004,-46.91758],[-72.47221,-46.92697],[-72.46858,-46.93077]]}},{"id":"13625","type":"Feature","properties":{"ROL":"X-417","NOMBRE_CAMINO":"Cruce X-439 (Rodeo Los Palos) - Lago Diunco - Veranada Lago Bravo","CLASIFICACION":"Camino Regional de Acceso","CALZADA":"ÚNICA","tmda":null},"geometry":{"type":"LineString","coordinates":[[-71.55944,-45.13526],[-71.57843,-45.13291],[-71.5832,-45.13094],[-71.58605,-45.12572],[-71.61064,-45.11861],[-71.61436,-45.11834],[-71.62011,-45.12047],[-71.62735,-45.11847],[-71.62872,-45.11754],[-71.62823,-45.11465],[-71.62945,-45.11275],[-71.63534,-45.1124],[-71.65773,-45.10084],[-71.66702,-45.09843],[-71.66957,-45.09635],[-71.67306,-45.08833],[-71.67243,-45.08478],[-71.67002,-45.08385],[-71.66931,-45.0783],[-71.67353,-45.07467],[-71.68262,-45.07123],[-71.68896,-45.06698]]}},{"id":"13626","type":"Feature","properties":{"ROL":"X-905","NOMBRE_CAMINO":"Cruce X-91 - Entrada Mayer - Paso Río Mayer, Ribera Norte","CLASIFICACION":"Camino Regional Comunal","CALZADA":"ÚNICA","tmda":null},"geometry":{"type":"LineString","coordinates":[[-72.54762,-48.41674],[-72.54572,-48.41958],[-72.53963,-48.41777],[-72.53698,-48.41486],[-72.53193,-48.41345],[-72.52975,-48.40953],[-72.52544,-48.40738],[-72.5229,-48.40807],[-72.51546,-48.40305],[-72.51201,-48.39301],[-72.50295,-48.38037],[-72.50255,-48.37535],[-72.49251,-48.36678],[-72.4751,-48.35827],[-72.46414,-48.34901],[-72.45543,-48.34424],[-72.44971,-48.33066],[-72.43189,-48.31704],[-72.42968,-48.31447],[-72.42947,-48.31208],[-72.42503,-48.30917],[-72.42638,-48.3071],[-72.42547,-48.30613],[-72.42645,-48.29679],[-72.43432,-48.2884],[-72.44011,-48.28613],[-72.44419,-48.2785],[-72.44543,-48.27901],[-72.44645,-48.27722],[-72.44612,-48.27402],[-72.4489,-48.27316],[-72.44651,-48.26594],[-72.43756,-48.26622],[-72.42472,-48.26147],[-72.41538,-48.26061],[-72.41025,-48.25747],[-72.40335,-48.25617],[-72.39647,-48.25707],[-72.36622,-48.24891],[-72.36159,-48.24902],[-72.35202,-48.25383],[-72.345,-48.25387],[-72.34003,-48.2394],[-72.33629,-48.23638],[-72.33093,-48.23499],[-72.32906,-48.23184],[-72.33614,-48.22905],[-72.34377,-48.2167],[-72.34901,-48.21357],[-72.34487,-48.20761],[-72.34466,-48.20529],[-72.33586,-48.2048],[-72.33116,-48.2029],[-72.32459,-48.20352],[-72.32429,-48.20458],[-72.31663,-48.1977],[-72.316,-48.19183],[-72.31257,-48.18922],[-72.31092,-48.19162],[-72.31282,-48.19758],[-72.31183,-48.20314],[-72.31302,-48.20592]]}},{"id":"13627","type":"Feature","properties":{"ROL":"X-546","NOMBRE_CAMINO":"Cruce X-544 (Pasarela Pangal 2) - Pangal Bajo","CLASIFICACION":"Camino Regional de Acceso","CALZADA":"ÚNICA","tmda":null},"geometry":{"type":"LineString","coordinates":[[-72.6926,-45.3661],[-72.68671,-45.3662],[-72.67917,-45.36442],[-72.67593,-45.36076],[-72.66646,-45.35728],[-72.65848,-45.35705],[-72.65336,-45.35986]]}},{"id":"13628","type":"Feature","properties":{"ROL":"X-907","NOMBRE_CAMINO":"Cruce Ruta 7 (Puente Los Mellizos) - Río El Salto","CLASIFICACION":"Camino Regional de Acceso","CALZADA":"ÚNICA","tmda":null},"geometry":{"type":"LineString","coordinates":[[-72.65654,-47.33472],[-72.65489,-47.34105],[-72.64916,-47.34124],[-72.64523,-47.34634],[-72.64022,-47.34819],[-72.63655,-47.34773],[-72.63368,-47.34969],[-72.63275,-47.35258],[-72.63717,-47.35827],[-72.63659,-47.36625],[-72.63008,-47.3695],[-72.6258,-47.36858],[-72.62554,-47.37064],[-72.62045,-47.36947],[-72.62255,-47.36738],[-72.622,-47.36669],[-72.61816,-47.36746]]}},{"id":"13629","type":"Feature","properties":{"ROL":"X-721","NOMBRE_CAMINO":"Cruce Ruta 7 - Acceso a Cueva Las Manos","CLASIFICACION":"Camino Regional de Acceso","CALZADA":"ÚNICA","tmda":null},"geometry":{"type":"LineString","coordinates":[[-72.16721,-46.12872],[-72.15925,-46.13165],[-72.15687,-46.13426],[-72.15815,-46.13528],[-72.15736,-46.13819],[-72.15311,-46.14068]]}},{"id":"13630","type":"Feature","properties":{"ROL":"X-512","NOMBRE_CAMINO":"Cruce X-510 (Picaflor) - Picacho","CLASIFICACION":"Camino Regional Comunal","CALZADA":"ÚNICA","tmda":null},"geometry":{"type":"LineString","coordinates":[[-72.20575,-44.99127],[-72.20938,-44.99149],[-72.21387,-44.98765],[-72.218,-44.98599],[-72.2266,-44.98449],[-72.24026,-44.98476],[-72.25701,-44.98247],[-72.27107,-44.97878],[-72.2725,-44.97508],[-72.27551,-44.97606],[-72.27657,-44.97212],[-72.2791,-44.97145],[-72.28418,-44.96334],[-72.29219,-44.95929],[-72.29285,-44.95612],[-72.29653,-44.95252],[-72.29914,-44.95248],[-72.30049,-44.95115],[-72.30312,-44.9517],[-72.30394,-44.94823],[-72.30299,-44.94639]]}},{"id":"13631","type":"Feature","properties":{"ROL":"X-675","NOMBRE_CAMINO":"Cruce X-663 - Ribera Norte Lago Póllux","CLASIFICACION":"Camino Regional de Acceso","CALZADA":"ÚNICA","tmda":null},"geometry":{"type":"LineString","coordinates":[[-71.88699,-45.66381],[-71.87633,-45.66475],[-71.87604,-45.66355],[-71.85689,-45.6524],[-71.85773,-45.6494],[-71.85005,-45.64578]]}},{"id":"13632","type":"Feature","properties":{"ROL":"X-25","NOMBRE_CAMINO":"Cruce Ruta 7 (Cisne Medio) - La Tapera - Paso Appeleg","CLASIFICACION":"Camino Regional Principal","CALZADA":"ÚNICA","tmda":null},"geometry":{"type":"LineString","coordinates":[[-72.19461,-44.75542],[-72.19509,-44.75151],[-72.19113,-44.7493],[-72.19185,-44.7452],[-72.18769,-44.73527],[-72.1882,-44.72862],[-72.18686,-44.72683],[-72.17792,-44.72598],[-72.16874,-44.72888],[-72.15209,-44.72356],[-72.13335,-44.72766],[-72.11801,-44.72631],[-72.1131,-44.72774],[-72.1048,-44.72651],[-72.09553,-44.72712],[-72.08653,-44.72406],[-72.07702,-44.7174],[-72.07503,-44.7134],[-72.06767,-44.70653],[-72.05856,-44.70343],[-72.05189,-44.69823],[-72.04254,-44.69489],[-72.04092,-44.69152],[-72.038,-44.68927],[-72.03425,-44.68896],[-72.02586,-44.6929],[-72.0218,-44.69274],[-72.01634,-44.69016],[-71.99077,-44.69399],[-71.98619,-44.69242],[-71.98641,-44.68914],[-71.97888,-44.68766],[-71.9679,-44.68181],[-71.94009,-44.67771],[-71.90246,-44.68337],[-71.87011,-44.68422],[-71.86735,-44.68575],[-71.86709,-44.68941],[-71.8389,-44.67693],[-71.8341,-44.67331],[-71.82474,-44.67235],[-71.82039,-44.66826],[-71.81059,-44.66528],[-71.80465,-44.66071],[-71.80104,-44.66063],[-71.79908,-44.65824],[-71.78917,-44.65985],[-71.78124,-44.65723],[-71.77437,-44.65109],[-71.76926,-44.64892],[-71.75372,-44.65105],[-71.74761,-44.64975],[-71.74428,-44.65039],[-71.73587,-44.64645],[-71.7319,-44.64739],[-71.69102,-44.64283],[-71.68086,-44.64495],[-71.66899,-44.64294],[-71.65798,-44.63913],[-71.6489,-44.63469],[-71.64567,-44.63163],[-71.63502,-44.62774],[-71.63681,-44.62298],[-71.6328,-44.61716],[-71.6131,-44.60509],[-71.5935,-44.60347],[-71.57867,-44.59317],[-71.5597,-44.58982],[-71.54952,-44.5921],[-71.54205,-44.59648],[-71.53717,-44.5917],[-71.53003,-44.58895],[-71.52341,-44.58863],[-71.51832,-44.58545],[-71.49783,-44.58093],[-71.48638,-44.5757],[-71.47641,-44.57463],[-71.46309,-44.57044],[-71.45418,-44.56971],[-71.44929,-44.56802],[-71.43704,-44.56712],[-71.43396,-44.56919],[-71.42025,-44.56068],[-71.41194,-44.55914],[-71.40102,-44.54582],[-71.39346,-44.54526],[-71.37659,-44.53631],[-71.34739,-44.51436],[-71.33724,-44.51081],[-71.32445,-44.50324],[-71.31945,-44.50327],[-71.31078,-44.49813],[-71.29855,-44.49706],[-71.28608,-44.49279],[-71.28038,-44.49671],[-71.26226,-44.49797],[-71.24492,-44.49673],[-71.23076,-44.49412],[-71.22245,-44.49633],[-71.19942,-44.50429],[-71.18977,-44.5113],[-71.17785,-44.51766],[-71.17126,-44.52358],[-71.16111,-44.52836],[-71.14495,-44.5316],[-71.1216,-44.53841],[-71.11799,-44.54161],[-71.09768,-44.55166]]}},{"id":"13633","type":"Feature","properties":{"ROL":"X-558","NOMBRE_CAMINO":"Cruce X-510 (Puente Los Pioneros) - Río Turbio","CLASIFICACION":"Camino Regional Comunal","CALZADA":"ÚNICA","tmda":null},"geometry":{"type":"LineString","coordinates":[[-72.14955,-45.1011],[-72.15945,-45.10741],[-72.1658,-45.10573],[-72.1724,-45.10682],[-72.17737,-45.10911],[-72.20613,-45.1061],[-72.21122,-45.10731],[-72.21327,-45.10934],[-72.21607,-45.10876],[-72.2178,-45.11045],[-72.2209,-45.10814],[-72.2361,-45.10653],[-72.24427,-45.10884],[-72.25053,-45.10885],[-72.25206,-45.11052],[-72.25139,-45.11159],[-72.2582,-45.11251],[-72.25957,-45.11451],[-72.26345,-45.11537],[-72.27519,-45.1118],[-72.27927,-45.11361],[-72.28772,-45.11217],[-72.29298,-45.11328],[-72.29984,-45.10745],[-72.30873,-45.10846],[-72.3124,-45.10766],[-72.31907,-45.10544],[-72.32345,-45.10211],[-72.33556,-45.09921],[-72.33982,-45.0957]]}},{"id":"13634","type":"Feature","properties":{"ROL":"X-524","NOMBRE_CAMINO":"Cruce X-550 (Río Blanco) - Río El Perdido","CLASIFICACION":"Camino Regional de Acceso","CALZADA":"ÚNICA","tmda":null},"geometry":{"type":"LineString","coordinates":[[-72.68466,-45.51461],[-72.68493,-45.51807],[-72.67876,-45.52293],[-72.67864,-45.52556],[-72.67545,-45.52834],[-72.67262,-45.53568],[-72.66709,-45.54179],[-72.66709,-45.54473]]}},{"id":"13635","type":"Feature","properties":{"ROL":"X-729","NOMBRE_CAMINO":"Cruce X-723 - Sector Laguna El Espejo","CLASIFICACION":"Camino Regional de Acceso","CALZADA":"ÚNICA","tmda":null},"geometry":{"type":"LineString","coordinates":[[-72.18717,-46.17896],[-72.19114,-46.18547],[-72.19409,-46.18703],[-72.20497,-46.18705],[-72.21035,-46.18831],[-72.21108,-46.19049]]}},{"id":"13636","type":"Feature","properties":{"ROL":"X-112","NOMBRE_CAMINO":"Cruce Ruta 7 - Palena Norte","CLASIFICACION":"Camino Regional de Acceso (En Proceso de Enrolamiento)","CALZADA":"ÚNICA","tmda":null},"geometry":{"type":"LineString","coordinates":[[-72.37776,-43.86495],[-72.3839,-43.87715],[-72.38341,-43.88131],[-72.3859,-43.88922],[-72.38503,-43.89313],[-72.38604,-43.89738],[-72.38797,-43.90052],[-72.39457,-43.90339],[-72.40029,-43.90813]]}},{"id":"13637","type":"Feature","properties":{"ROL":"X-652","NOMBRE_CAMINO":"Cruce X-648 (Seis Lagunas) - Lago Barroso","CLASIFICACION":"Camino Regional de Acceso","CALZADA":"ÚNICA","tmda":null},"geometry":{"type":"LineString","coordinates":[[-72.23617,-45.73448],[-72.23888,-45.73363],[-72.24292,-45.72997],[-72.24269,-45.72884],[-72.24499,-45.73059],[-72.25006,-45.7296],[-72.2524,-45.7311]]}},{"id":"13638","type":"Feature","properties":{"ROL":"X-697","NOMBRE_CAMINO":"Cruce Ruta 7 (Vista Hermosa) - Cruce Ruta 245 CH (Balmaceda)","CLASIFICACION":"Camino Regional Comunal","CALZADA":"ÚNICA","tmda":67.0},"geometry":{"type":"LineString","coordinates":[[-71.84206,-45.90278],[-71.8348,-45.90277],[-71.82367,-45.90572],[-71.81413,-45.91077],[-71.79692,-45.9097],[-71.78243,-45.91215],[-71.77492,-45.91481],[-71.74082,-45.91288],[-71.73099,-45.91696],[-71.72456,-45.91817],[-71.71017,-45.91605],[-71.71001,-45.91348],[-71.71208,-45.90962]]}},{"id":"13639","type":"Feature","properties":{"ROL":"X-763","NOMBRE_CAMINO":"Cruce Ruta 265 CH - Bahía Jara","CLASIFICACION":"Camino Regional de Acceso","CALZADA":"ÚNICA","tmda":null},"geometry":{"type":"LineString","coordinates":[[-71.80165,-46.54755],[-71.81011,-46.54273],[-71.81656,-46.54077],[-71.81747,-46.54269],[-71.82042,-46.54012],[-71.82509,-46.54119],[-71.82985,-46.54041],[-71.83538,-46.54219],[-71.83814,-46.5396],[-71.84823,-46.53669],[-71.85138,-46.53372],[-71.85279,-46.53162],[-71.85453,-46.51812],[-71.8531,-46.50896],[-71.84569,-46.49365],[-71.846,-46.48975]]}},{"id":"13640","type":"Feature","properties":{"ROL":"X-538","NOMBRE_CAMINO":"Cruce Ruta 7 - Pasarela Río Cañón","CLASIFICACION":"Camino Regional de Acceso","CALZADA":"ÚNICA","tmda":null},"geometry":{"type":"LineString","coordinates":[[-72.21978,-45.22574],[-72.21891,-45.225],[-72.21988,-45.22396]]}},{"id":"13641","type":"Feature","properties":{"ROL":"X-544","NOMBRE_CAMINO":"Puerto Aysén (Puente Río Turbio) - Pasarelas Pangal - Cruce X-556 (El Pangal)","CLASIFICACION":"Camino Regional Comunal","CALZADA":"ÚNICA","tmda":null},"geometry":{"type":"LineString","coordinates":[[-72.68949,-45.39011],[-72.69061,-45.37932],[-72.69644,-45.37388],[-72.69477,-45.36761],[-72.69222,-45.36504],[-72.68561,-45.36518],[-72.66923,-45.35662],[-72.65802,-45.3559],[-72.65519,-45.35719],[-72.64882,-45.35328],[-72.64296,-45.35201],[-72.63632,-45.34683],[-72.63062,-45.34587],[-72.61971,-45.34057],[-72.61377,-45.34074]]}},{"id":"13642","type":"Feature","properties":{"ROL":"X-731","NOMBRE_CAMINO":"Cruce Ruta 7 (Bahía Murta) - Puerto Sánchez","CLASIFICACION":"Camino Regional Comunal","CALZADA":"ÚNICA","tmda":223.0},"geometry":{"type":"LineString","coordinates":[[-72.70979,-46.44003],[-72.70742,-46.44207],[-72.67349,-46.43947],[-72.67195,-46.44203],[-72.67389,-46.44343],[-72.67543,-46.44733],[-72.67461,-46.45812]]}},{"id":"13643","type":"Feature","properties":{"ROL":"X-208","NOMBRE_CAMINO":"Cruce X-230 - Aeródromo Puerto Cisnes","CLASIFICACION":"Camino Regional de Acceso","CALZADA":"ÚNICA","tmda":null},"geometry":{"type":"LineString","coordinates":[[-72.68661,-44.75341],[-72.69924,-44.7569]]}},{"id":"13644","type":"Feature","properties":{"ROL":"X-684","NOMBRE_CAMINO":"Cruce X-686 (Puente Paloma) - Río Mogote","CLASIFICACION":"Camino Regional de Acceso","CALZADA":"ÚNICA","tmda":null},"geometry":{"type":"LineString","coordinates":[[-72.31092,-45.8929],[-72.31115,-45.89514],[-72.30797,-45.89439],[-72.30504,-45.89654],[-72.31706,-45.90013],[-72.3207,-45.90469],[-72.31833,-45.90883],[-72.3184,-45.91112]]}},{"id":"13645","type":"Feature","properties":{"ROL":"X-578","NOMBRE_CAMINO":"Cruce X-544 - Reinas de Mayo","CLASIFICACION":"Camino Regional de Acceso","CALZADA":"ÚNICA","tmda":null},"geometry":{"type":"LineString","coordinates":[[-72.62213,-45.34176],[-72.62338,-45.3373]]}},{"id":"13646","type":"Feature","properties":{"ROL":"X-909","NOMBRE_CAMINO":"Cruce X-901 - Cordón Esmeralda","CLASIFICACION":"Camino Regional de Acceso","CALZADA":"ÚNICA","tmda":null},"geometry":{"type":"LineString","coordinates":[[-72.57067,-47.31736],[-72.57105,-47.32331],[-72.5696,-47.32533],[-72.55524,-47.32204],[-72.55096,-47.32647],[-72.54185,-47.32987]]}},{"id":"13647","type":"Feature","properties":{"ROL":"X-508","NOMBRE_CAMINO":"Cruce X-514 - Pasarela El Turbio - Cruce X-510","CLASIFICACION":"Camino Regional Comunal","CALZADA":"ÚNICA","tmda":null},"geometry":{"type":"LineString","coordinates":[[-72.14819,-45.10151],[-72.14953,-45.10101]]}},{"id":"13648","type":"Feature","properties":{"ROL":"X-726","NOMBRE_CAMINO":"Cruce Ruta 7 - Pasarela Río Cajón","CLASIFICACION":"Camino Regional de Acceso","CALZADA":"ÚNICA","tmda":null},"geometry":{"type":"LineString","coordinates":[[-72.55031,-46.12364],[-72.55312,-46.12089],[-72.55329,-46.11856]]}},{"id":"13649","type":"Feature","properties":{"ROL":"X-896","NOMBRE_CAMINO":"Cruce X-898 (Río El Maitén) - Río Nef","CLASIFICACION":"Camino Regional de Acceso","CALZADA":"ÚNICA","tmda":null},"geometry":{"type":"LineString","coordinates":[[-72.7907,-47.14773],[-72.79318,-47.14358],[-72.79676,-47.14358],[-72.7975,-47.14051],[-72.79486,-47.13421],[-72.79541,-47.13034],[-72.79827,-47.12805],[-72.80395,-47.12641]]}},{"id":"13650","type":"Feature","properties":{"ROL":"X-13","NOMBRE_CAMINO":"Cruce Ruta 7 (La Junta) - Lago Verde - Paso Las Pampas","CLASIFICACION":"Camino Regional Principal","CALZADA":"ÚNICA","tmda":null},"geometry":{"type":"LineString","coordinates":[[-72.39806,-43.96481],[-72.38682,-43.96876],[-72.37881,-43.97514],[-72.36231,-43.97856],[-72.35098,-43.97624],[-72.34185,-43.97723],[-72.32396,-43.98243],[-72.32115,-43.98488],[-72.30745,-43.99037],[-72.30457,-43.99021],[-72.29245,-43.97865],[-72.28331,-43.97425],[-72.26969,-43.97522],[-72.25651,-43.98114],[-72.24789,-43.97874],[-72.24365,-43.97946],[-72.2381,-43.97616],[-72.23349,-43.98097],[-72.23374,-43.99269],[-72.22235,-43.99967],[-72.21592,-44.00828],[-72.21472,-44.02256],[-72.21744,-44.02933],[-72.22135,-44.03478],[-72.21573,-44.04663],[-72.21693,-44.0517],[-72.21891,-44.05273],[-72.21878,-44.05591],[-72.20916,-44.06121],[-72.19729,-44.0597],[-72.20094,-44.06347],[-72.19745,-44.07012],[-72.18995,-44.07212],[-72.18554,-44.07496],[-72.18926,-44.08213],[-72.18515,-44.0844],[-72.18305,-44.08773],[-72.1767,-44.09271],[-72.16575,-44.11185],[-72.14913,-44.12587],[-72.13399,-44.13455],[-72.13028,-44.1396],[-72.12628,-44.15294],[-72.12906,-44.16193],[-72.12445,-44.1639],[-72.12332,-44.16708],[-72.11989,-44.16903],[-72.11448,-44.17051],[-72.1069,-44.16996],[-72.103,-44.17096],[-72.09652,-44.16836],[-72.09296,-44.16979],[-72.09362,-44.17338],[-72.09118,-44.17202],[-72.08816,-44.17631],[-72.08048,-44.17903],[-72.07533,-44.17902],[-72.04816,-44.18728],[-72.04208,-44.18671],[-72.03342,-44.19008],[-72.02032,-44.19191],[-72.02089,-44.19099],[-72.01991,-44.19099],[-72.01419,-44.19504],[-72.0011,-44.19576],[-71.99417,-44.1986],[-71.9876,-44.20952],[-71.98483,-44.2107],[-71.98419,-44.21284],[-71.98186,-44.2141],[-71.98164,-44.21608],[-71.97854,-44.21735],[-71.96714,-44.21315],[-71.95951,-44.21492],[-71.95369,-44.21308],[-71.94619,-44.2085],[-71.94584,-44.20326],[-71.94254,-44.19961],[-71.93774,-44.19768],[-71.91973,-44.204],[-71.91835,-44.20668],[-71.87561,-44.22143],[-71.8542,-44.2388],[-71.83601,-44.24201],[-71.81426,-44.24784],[-71.81057,-44.24774],[-71.80992,-44.24898],[-71.80529,-44.24732]]}},{"id":"13651","type":"Feature","properties":{"ROL":"X-552","NOMBRE_CAMINO":"Cruce Ruta 242 - Camino Antiguo a Aysén","CLASIFICACION":"Camino Regional Comunal","CALZADA":"ÚNICA","tmda":null},"geometry":{"type":"LineString","coordinates":[[-72.64697,-45.39326],[-72.65899,-45.39787]]}},{"id":"13652","type":"Feature","properties":{"ROL":"X-771","NOMBRE_CAMINO":"Cruce Ruta 265 CH (Mallín Grande) - El Maitén","CLASIFICACION":"Camino Regional Comunal","CALZADA":"ÚNICA","tmda":null},"geometry":{"type":"LineString","coordinates":[[-72.47285,-46.735],[-72.47615,-46.74038],[-72.47326,-46.74527],[-72.47416,-46.74612],[-72.47242,-46.75119],[-72.46881,-46.75527],[-72.4717,-46.76121],[-72.46907,-46.772],[-72.45941,-46.7797],[-72.45255,-46.77912],[-72.44973,-46.78008],[-72.4451,-46.785],[-72.43598,-46.78925],[-72.43477,-46.79165],[-72.42295,-46.79977],[-72.42025,-46.80382],[-72.41713,-46.80398]]}},{"id":"13653","type":"Feature","properties":{"ROL":"X-514","NOMBRE_CAMINO":"Cruce Ruta 7 (Pasarela El Turbio) - Ribera Norte Río Mañihuales","CLASIFICACION":"Camino Regional Comunal","CALZADA":"ÚNICA","tmda":null},"geometry":{"type":"LineString","coordinates":[[-72.14797,-45.10168],[-72.15043,-45.09566],[-72.14713,-45.09347],[-72.14874,-45.09117],[-72.14763,-45.08765],[-72.15084,-45.084],[-72.15051,-45.08001],[-72.15867,-45.06668],[-72.15898,-45.06039],[-72.16249,-45.05445]]}},{"id":"13654","type":"Feature","properties":{"ROL":"X-683","NOMBRE_CAMINO":"Cruce X-667 - Callejón Mardones","CLASIFICACION":"Camino Regional de Acceso","CALZADA":"ÚNICA","tmda":null},"geometry":{"type":"LineString","coordinates":[[-71.84905,-45.70823],[-71.84638,-45.71654],[-71.84098,-45.72007],[-71.83211,-45.72234],[-71.83264,-45.72625]]}},{"id":"13655","type":"Feature","properties":{"ROL":"X-435","NOMBRE_CAMINO":"Cruce X-45 (Ñirehuao) - Lago Largo","CLASIFICACION":"Camino Regional de Acceso","CALZADA":"ÚNICA","tmda":null},"geometry":{"type":"LineString","coordinates":[[-71.73595,-45.26858],[-71.73823,-45.26758],[-71.7452,-45.26789],[-71.75986,-45.26331],[-71.77063,-45.25728],[-71.76914,-45.25607],[-71.7734,-45.25518],[-71.77599,-45.25599],[-71.78412,-45.25184],[-71.79819,-45.24744],[-71.80051,-45.24304],[-71.80557,-45.2387],[-71.81016,-45.23724],[-71.81284,-45.23256],[-71.81693,-45.23112],[-71.82448,-45.23228],[-71.83021,-45.22576],[-71.83868,-45.22262],[-71.83967,-45.21975],[-71.84603,-45.21645],[-71.85465,-45.21434],[-71.85614,-45.21166],[-71.85769,-45.21201],[-71.86043,-45.2102],[-71.86495,-45.20902],[-71.87294,-45.21014],[-71.87829,-45.21387],[-71.88188,-45.21448],[-71.89807,-45.21315],[-71.90492,-45.2098],[-71.91001,-45.2106]]}},{"id":"13656","type":"Feature","properties":{"ROL":"X-656","NOMBRE_CAMINO":"Cruce X-608 (Villa Lago Atravesado) - Sector La Antártica","CLASIFICACION":"Camino Regional de Acceso","CALZADA":"ÚNICA","tmda":null},"geometry":{"type":"LineString","coordinates":[[-72.20792,-45.66746],[-72.20811,-45.66592],[-72.20558,-45.66492],[-72.20723,-45.66503],[-72.20935,-45.6622],[-72.20535,-45.65976],[-72.2048,-45.6558],[-72.20741,-45.6537],[-72.21217,-45.65322]]}},{"id":"13657","type":"Feature","properties":{"ROL":"X-230","NOMBRE_CAMINO":"Cruce X-24 - Acceso Sur a Puerto Cisnes","CLASIFICACION":"Camino Regional Comunal","CALZADA":"ÚNICA","tmda":null},"geometry":{"type":"LineString","coordinates":[[-72.6137,-44.75694],[-72.6151,-44.75987],[-72.62312,-44.76369],[-72.64838,-44.76682],[-72.6557,-44.76446],[-72.668,-44.76378],[-72.68,-44.76048],[-72.68679,-44.75557],[-72.68743,-44.75055],[-72.69238,-44.75032],[-72.69632,-44.74668],[-72.69126,-44.7433],[-72.6917,-44.74217],[-72.68775,-44.73757],[-72.68472,-44.73638]]}},{"id":"13658","type":"Feature","properties":{"ROL":"X-558","NOMBRE_CAMINO":"Cruce X-510 (Puente Los Pioneros) - Río Turbio","CLASIFICACION":"Camino Regional Comunal (En Proceso de Enrolamiento)","CALZADA":"ÚNICA","tmda":null},"geometry":{"type":"LineString","coordinates":[[-72.33982,-45.0957],[-72.34896,-45.0927],[-72.35198,-45.08983],[-72.35664,-45.08859],[-72.36454,-45.08291],[-72.37863,-45.07609]]}},{"id":"13659","type":"Feature","properties":{"ROL":"X-765","NOMBRE_CAMINO":"Cruce Ruta 265 CH - Fachinal","CLASIFICACION":"Camino Regional de Acceso","CALZADA":"ÚNICA","tmda":null},"geometry":{"type":"LineString","coordinates":[[-72.19026,-46.58466],[-72.20573,-46.56399],[-72.21206,-46.56283],[-72.21183,-46.56005],[-72.2212,-46.55373],[-72.2221,-46.55035],[-72.2275,-46.55109],[-72.22786,-46.55016],[-72.22414,-46.54853],[-72.22672,-46.54253]]}},{"id":"13660","type":"Feature","properties":{"ROL":"X-654","NOMBRE_CAMINO":"Cruce X-648 (Seis Lagunas) - Cerro Negro","CLASIFICACION":"Camino Regional de Acceso","CALZADA":"ÚNICA","tmda":null},"geometry":{"type":"LineString","coordinates":[[-72.16521,-45.73393],[-72.1725,-45.73669],[-72.17819,-45.74181],[-72.18053,-45.7425],[-72.18136,-45.74445],[-72.18566,-45.74598],[-72.18498,-45.7478],[-72.19077,-45.75081],[-72.19382,-45.7543],[-72.19403,-45.75625],[-72.2008,-45.75941],[-72.20297,-45.76189],[-72.20627,-45.76214]]}},{"id":"13661","type":"Feature","properties":{"ROL":"X-111","NOMBRE_CAMINO":"Cruce Ruta 7- Valle Mirta - Claro Solar - Cruce X-13","CLASIFICACION":"Camino Regional Comunal","CALZADA":"ÚNICA","tmda":null},"geometry":{"type":"LineString","coordinates":[[-72.36819,-43.87637],[-72.35788,-43.87858],[-72.3505,-43.87834],[-72.34926,-43.87698],[-72.33848,-43.8755],[-72.33619,-43.87643],[-72.33043,-43.87033],[-72.32774,-43.87244],[-72.32361,-43.87119],[-72.29525,-43.87592],[-72.28585,-43.88052],[-72.28293,-43.88031],[-72.26226,-43.88688],[-72.25934,-43.89338],[-72.26358,-43.90218],[-72.26338,-43.90528],[-72.26531,-43.90766],[-72.26542,-43.91329],[-72.26712,-43.91657],[-72.25383,-43.92171],[-72.25662,-43.92275],[-72.25784,-43.92558],[-72.25629,-43.93169],[-72.244,-43.94785],[-72.2412,-43.9499],[-72.23041,-43.951],[-72.22801,-43.95335],[-72.23028,-43.95701],[-72.23438,-43.95662],[-72.23562,-43.95885],[-72.23478,-43.96161],[-72.23108,-43.96411],[-72.2299,-43.97201],[-72.23098,-43.98101],[-72.23232,-43.98301],[-72.23339,-43.98268]]}},{"id":"13662","type":"Feature","properties":{"ROL":"X-606","NOMBRE_CAMINO":"Cruce X-608 - Acceso Este a Lago Portales","CLASIFICACION":"Camino Regional de Acceso","CALZADA":"ÚNICA","tmda":null},"geometry":{"type":"LineString","coordinates":[[-72.54835,-45.53528],[-72.5515,-45.53521],[-72.55365,-45.53679]]}},{"id":"13663","type":"Feature","properties":{"ROL":"X-415","NOMBRE_CAMINO":"Cruce X-421 - Lago Norte - Río Pedregoso","CLASIFICACION":"Camino Regional de Acceso","CALZADA":"ÚNICA","tmda":null},"geometry":{"type":"LineString","coordinates":[[-71.88728,-45.05193],[-71.86927,-45.04356],[-71.84387,-45.03544],[-71.83174,-45.03415],[-71.82753,-45.03935],[-71.82454,-45.04105],[-71.82421,-45.04481],[-71.81819,-45.0487],[-71.81148,-45.05064],[-71.81151,-45.0525],[-71.80525,-45.05098],[-71.7946,-45.0568],[-71.78801,-45.05791],[-71.78626,-45.06056],[-71.78254,-45.06188],[-71.78017,-45.06578],[-71.78282,-45.07174],[-71.78131,-45.07381],[-71.7806,-45.08174],[-71.78513,-45.08708]]}},{"id":"13664","type":"Feature","properties":{"ROL":"X-542","NOMBRE_CAMINO":"Cruce Ruta 240 - Turístico El Balseo - Cruce Ruta 240","CLASIFICACION":"Camino Regional Comunal","CALZADA":"ÚNICA","tmda":null},"geometry":{"type":"LineString","coordinates":[[-72.46378,-45.40958],[-72.48421,-45.40636],[-72.49294,-45.4],[-72.50403,-45.40719],[-72.51462,-45.41607],[-72.51957,-45.41726],[-72.52993,-45.41514],[-72.52737,-45.41134],[-72.52882,-45.40794]]}},{"id":"13665","type":"Feature","properties":{"ROL":"X-699","NOMBRE_CAMINO":"Cruce Ruta 245 CH (Balmaceda) - Portezuelo","CLASIFICACION":"Camino Regional de Acceso","CALZADA":"ÚNICA","tmda":null},"geometry":{"type":"LineString","coordinates":[[-71.70778,-45.91042],[-71.70871,-45.91252],[-71.70625,-45.91448],[-71.70508,-45.92048],[-71.70562,-45.92606],[-71.70432,-45.93625],[-71.7058,-45.94212],[-71.70103,-45.97717],[-71.69729,-45.98522],[-71.68493,-46.00311],[-71.66877,-46.01468],[-71.66443,-46.02419]]}},{"id":"13666","type":"Feature","properties":{"ROL":"X-737","NOMBRE_CAMINO":"Cruce X-731 - Muelle Bahía Murta","CLASIFICACION":"Camino Regional de Acceso","CALZADA":"ÚNICA","tmda":null},"geometry":{"type":"LineString","coordinates":[[-72.6745,-46.45936],[-72.67212,-46.46443]]}},{"id":"13667","type":"Feature","properties":{"ROL":"X-429","NOMBRE_CAMINO":"Villa Mañihuales - Aguas Frescas","CLASIFICACION":"Camino Regional de Acceso","CALZADA":"ÚNICA","tmda":null},"geometry":{"type":"LineString","coordinates":[[-72.14329,-45.17506],[-72.12882,-45.17852],[-72.12105,-45.18174],[-72.1226,-45.18233],[-72.11893,-45.19232],[-72.11161,-45.19605],[-72.10937,-45.19867],[-72.10696,-45.19808],[-72.0803,-45.20852],[-72.07088,-45.20797],[-72.06514,-45.20908]]}},{"id":"13668","type":"Feature","properties":{"ROL":"X-674","NOMBRE_CAMINO":"Cruce Ruta 7 (El Blanco) - Cruce X-686 (Villa Frei)","CLASIFICACION":"Camino Regional Comunal","CALZADA":"ÚNICA","tmda":397.0},"geometry":{"type":"LineString","coordinates":[[-71.9197,-45.80831],[-71.92169,-45.80773],[-71.92782,-45.80942],[-71.93708,-45.81346],[-71.94521,-45.81306],[-71.95085,-45.80971],[-71.96517,-45.81027],[-71.97288,-45.81281],[-71.97783,-45.81238],[-71.97962,-45.81081],[-71.98341,-45.81258],[-71.99619,-45.81255],[-72.01586,-45.81511],[-72.02814,-45.81358],[-72.03489,-45.81142],[-72.04388,-45.80613],[-72.0544,-45.80383],[-72.07014,-45.8101],[-72.07376,-45.80479],[-72.07868,-45.80067],[-72.09051,-45.7989],[-72.0996,-45.79488],[-72.11741,-45.78102],[-72.11961,-45.7703],[-72.11674,-45.76774],[-72.11489,-45.75656],[-72.11193,-45.75064]]}},{"id":"13669","type":"Feature","properties":{"ROL":"X-599","NOMBRE_CAMINO":"Cruce Ruta 7 - Reserva Forestal Coyhaique","CLASIFICACION":"Camino Regional de Acceso","CALZADA":"ÚNICA","tmda":null},"geometry":{"type":"LineString","coordinates":[[-72.06738,-45.55243],[-72.06459,-45.553],[-72.06301,-45.55482],[-72.06014,-45.55233],[-72.05859,-45.55373],[-72.05597,-45.55046]]}},{"id":"13670","type":"Feature","properties":{"ROL":"X-520","NOMBRE_CAMINO":"Cruce X-528 - Puerto Piedra - Bahía Acantilada","CLASIFICACION":"Camino Regional de Acceso","CALZADA":"ÚNICA","tmda":314.0},"geometry":{"type":"LineString","coordinates":[[-72.71299,-45.39596],[-72.71428,-45.39997],[-72.73052,-45.40708],[-72.7389,-45.4027],[-72.75082,-45.40089],[-72.75896,-45.39619],[-72.76612,-45.39544],[-72.77828,-45.39759],[-72.79131,-45.38604],[-72.79503,-45.38538]]}},{"id":"13671","type":"Feature","properties":{"ROL":"X-725","NOMBRE_CAMINO":"Cruce Ruta 7 (Río Sin Nombre) - Lago Alto - Cruce X-723 (Lago Las Ardillas)","CLASIFICACION":"Camino Regional Comunal","CALZADA":"ÚNICA","tmda":null},"geometry":{"type":"LineString","coordinates":[[-72.35171,-46.15944],[-72.34851,-46.1619],[-72.35382,-46.1656],[-72.35459,-46.16766],[-72.35342,-46.16838]]}},{"id":"13672","type":"Feature","properties":{"ROL":"X-910","NOMBRE_CAMINO":"Cruce Ruta 7 - Pasarela Lago Vargas","CLASIFICACION":"Camino Regional de Acceso","CALZADA":"ÚNICA","tmda":null},"geometry":{"type":"LineString","coordinates":[[-73.07792,-47.70499],[-73.07568,-47.69934],[-73.07663,-47.69777]]}},{"id":"13673","type":"Feature","properties":{"ROL":"X-562","NOMBRE_CAMINO":"Cruce X-558 (Río Gloria) - Rincón Gloria","CLASIFICACION":"Camino Regional de Acceso","CALZADA":"ÚNICA","tmda":null},"geometry":{"type":"LineString","coordinates":[[-72.20974,-45.10703],[-72.20833,-45.10518],[-72.21098,-45.10399],[-72.21141,-45.0996],[-72.21573,-45.0953],[-72.22145,-45.09212],[-72.22851,-45.09332],[-72.23329,-45.0927],[-72.23652,-45.08984],[-72.24607,-45.08724],[-72.25322,-45.08196]]}},{"id":"13674","type":"Feature","properties":{"ROL":"X-696","NOMBRE_CAMINO":"Cruce X-674 - Lago La Paloma","CLASIFICACION":"Camino Regional Comunal","CALZADA":"ÚNICA","tmda":null},"geometry":{"type":"LineString","coordinates":[[-72.07024,-45.81004],[-72.07368,-45.81727],[-72.07259,-45.82922],[-72.07566,-45.83551],[-72.07328,-45.84226],[-72.06751,-45.84672],[-72.06284,-45.8524],[-72.06265,-45.85798],[-72.06637,-45.87042],[-72.06539,-45.874],[-72.06771,-45.87723]]}},{"id":"13675","type":"Feature","properties":{"ROL":"X-734","NOMBRE_CAMINO":"Cruce Ruta 7 (Río Engaño) - Sector Río Pedregoso","CLASIFICACION":"Camino Regional de Acceso","CALZADA":"ÚNICA","tmda":null},"geometry":{"type":"LineString","coordinates":[[-72.72295,-46.45943],[-72.72719,-46.45675],[-72.73391,-46.45621],[-72.74066,-46.45397],[-72.7429,-46.45159],[-72.74221,-46.44994],[-72.74332,-46.44714],[-72.74657,-46.44418],[-72.75849,-46.44187],[-72.76078,-46.44665],[-72.76499,-46.44905]]}},{"id":"13676","type":"Feature","properties":{"ROL":"X-669","NOMBRE_CAMINO":"Cruce X-667 - El Fraile","CLASIFICACION":"Camino Regional de Acceso","CALZADA":"ÚNICA","tmda":null},"geometry":{"type":"LineString","coordinates":[[-72.02709,-45.68057],[-72.02294,-45.67963],[-72.02026,-45.67662],[-72.02084,-45.6722],[-72.0295,-45.67198],[-72.02843,-45.66825],[-72.02275,-45.66611],[-72.02503,-45.6645],[-72.00082,-45.65639],[-72.00203,-45.65558],[-72.01427,-45.65726],[-72.01627,-45.65439],[-72.0143,-45.65358],[-72.01347,-45.65113],[-72.01909,-45.65087],[-72.00908,-45.64731],[-72.00237,-45.63991],[-72.00226,-45.6368],[-72.00037,-45.63737],[-71.99941,-45.63613]]}},{"id":"13677","type":"Feature","properties":{"ROL":"X-620","NOMBRE_CAMINO":"Cruce X-616 (Panguilemu) - Cerro Mirador","CLASIFICACION":"Camino Regional de Acceso","CALZADA":"ÚNICA","tmda":null},"geometry":{"type":"LineString","coordinates":[[-72.10803,-45.5766],[-72.12252,-45.57356]]}},{"id":"13678","type":"Feature","properties":{"ROL":"X-903","NOMBRE_CAMINO":"Cruce X-901 - Lago Brown","CLASIFICACION":"Camino Regional de Acceso","CALZADA":"ÚNICA","tmda":null},"geometry":{"type":"LineString","coordinates":[[-72.52891,-47.47732],[-72.52272,-47.47618],[-72.51591,-47.47923],[-72.51155,-47.47941],[-72.50969,-47.48159],[-72.51051,-47.4836],[-72.5086,-47.48637],[-72.49462,-47.4847],[-72.48563,-47.48193],[-72.48299,-47.47957],[-72.47936,-47.48101],[-72.47849,-47.47805],[-72.47278,-47.47603],[-72.46832,-47.47193],[-72.46073,-47.47018],[-72.45519,-47.4669],[-72.44853,-47.46711],[-72.44394,-47.46478],[-72.43441,-47.45582],[-72.42894,-47.45554],[-72.42075,-47.44841],[-72.41734,-47.44698],[-72.416,-47.44475],[-72.41064,-47.44131],[-72.40925,-47.43802],[-72.40725,-47.43871],[-72.40639,-47.44365],[-72.40292,-47.44025],[-72.40397,-47.43816],[-72.40323,-47.43727],[-72.40456,-47.43707],[-72.40319,-47.42622],[-72.39799,-47.41911],[-72.39779,-47.41643],[-72.39577,-47.41352],[-72.39168,-47.4107],[-72.38915,-47.41043],[-72.3876,-47.41212],[-72.38255,-47.41066],[-72.37842,-47.405],[-72.3727,-47.40369],[-72.36494,-47.40535],[-72.3475,-47.41346],[-72.34485,-47.41364],[-72.3456,-47.40902],[-72.33979,-47.40379],[-72.33746,-47.39997],[-72.31717,-47.39392],[-72.312,-47.39088],[-72.31106,-47.38797],[-72.30395,-47.38592]]}},{"id":"13679","type":"Feature","properties":{"ROL":"X-534","NOMBRE_CAMINO":"Cruce X-564 - Río Mañihuales Sur","CLASIFICACION":"Camino Regional de Acceso","CALZADA":"ÚNICA","tmda":null},"geometry":{"type":"LineString","coordinates":[[-72.14918,-45.15277],[-72.15109,-45.15611],[-72.15457,-45.15796]]}},{"id":"13680","type":"Feature","properties":{"ROL":"X-433","NOMBRE_CAMINO":"Cruce X-421 (Mina El Toqui) - Cerro Catedral","CLASIFICACION":"Camino Regional de Acceso","CALZADA":"ÚNICA","tmda":null},"geometry":{"type":"LineString","coordinates":[[-71.93208,-45.03435],[-71.93168,-45.03234],[-71.92621,-45.03099],[-71.92309,-45.03263],[-71.91875,-45.02936],[-71.91775,-45.03057],[-71.91462,-45.02876],[-71.91193,-45.02916],[-71.90954,-45.02653],[-71.91148,-45.02449],[-71.92063,-45.02101],[-71.92125,-45.01367],[-71.92386,-45.00978],[-71.92512,-45.00495],[-71.92126,-44.99958],[-71.92366,-44.99807],[-71.92208,-44.99586],[-71.923,-44.99474],[-71.9187,-44.98916],[-71.91818,-44.98312],[-71.91468,-44.97942],[-71.9137,-44.97529]]}},{"id":"13681","type":"Feature","properties":{"ROL":"X-893","NOMBRE_CAMINO":"Cruce X-899 - Reserva Tamango","CLASIFICACION":"Camino Regional de Acceso","CALZADA":"ÚNICA","tmda":null},"geometry":{"type":"LineString","coordinates":[[-72.56349,-47.25107],[-72.55018,-47.24794],[-72.54363,-47.24842],[-72.53743,-47.24575],[-72.53462,-47.24649],[-72.5328,-47.24562]]}},{"id":"13682","type":"Feature","properties":{"ROL":"X-120","NOMBRE_CAMINO":"Cruce Ruta 7 (La Junta) - Puerto Raúl Marín Balmaceda","CLASIFICACION":"Camino Regional Provincial","CALZADA":"ÚNICA","tmda":null},"geometry":{"type":"LineString","coordinates":[[-72.94545,-43.8508],[-72.94462,-43.84839],[-72.94083,-43.84601],[-72.94932,-43.82466],[-72.95669,-43.81798],[-72.95725,-43.81009],[-72.95946,-43.80403],[-72.95684,-43.79378],[-72.95822,-43.7867],[-72.95258,-43.78412],[-72.94867,-43.78032],[-72.9546,-43.77324],[-72.95435,-43.77021],[-72.95294,-43.76978]]}},{"id":"13683","type":"Feature","properties":{"ROL":"X-911","NOMBRE_CAMINO":"Cruce X-905 (Entrada Mayer) - Lago Christie","CLASIFICACION":"Camino Regional de Acceso","CALZADA":"ÚNICA","tmda":null},"geometry":{"type":"LineString","coordinates":[[-72.33213,-48.20319],[-72.33697,-48.19525],[-72.36689,-48.18402],[-72.38218,-48.1809],[-72.38062,-48.17466],[-72.38308,-48.1711],[-72.39111,-48.17109],[-72.39246,-48.17206],[-72.3944,-48.1773],[-72.39133,-48.1789],[-72.39079,-48.18046]]}},{"id":"13684","type":"Feature","properties":{"ROL":"X-677","NOMBRE_CAMINO":"Cruce X-665 - Callejón Barra","CLASIFICACION":"Camino Regional de Acceso","CALZADA":"ÚNICA","tmda":null},"geometry":{"type":"LineString","coordinates":[[-71.9618,-45.6615],[-71.96361,-45.6582]]}},{"id":"13685","type":"Feature","properties":{"ROL":"X-908","NOMBRE_CAMINO":"Cruce X-84 - Aeródromo Enrique Meyer Soto","CLASIFICACION":"Camino Regional de Acceso","CALZADA":"ÚNICA","tmda":null},"geometry":{"type":"LineString","coordinates":[[-73.51691,-47.79175],[-73.52798,-47.78566]]}},{"id":"13686","type":"Feature","properties":{"ROL":"X-659","NOMBRE_CAMINO":"Cruce X-59 (Cuesta Colorada) - Cruce X-667 (Lago Frío)","CLASIFICACION":"Camino Regional Comunal","CALZADA":"ÚNICA","tmda":null},"geometry":{"type":"LineString","coordinates":[[-71.80178,-45.57908],[-71.8106,-45.58296],[-71.83248,-45.5976],[-71.84371,-45.60125],[-71.85982,-45.61088],[-71.87513,-45.61709],[-71.89499,-45.62931],[-71.89961,-45.63494],[-71.90173,-45.63989],[-71.90743,-45.64492],[-71.92096,-45.6629],[-71.93287,-45.672],[-71.94481,-45.67645],[-71.95638,-45.67606],[-71.96551,-45.67339],[-71.9761,-45.68038]]}},{"id":"13687","type":"Feature","properties":{"ROL":"X-100","NOMBRE_CAMINO":"Melinka - Repollal","CLASIFICACION":"Camino Regional Comunal","CALZADA":"ÚNICA","tmda":null},"geometry":{"type":"LineString","coordinates":[[-73.74256,-43.88882],[-73.75419,-43.89468],[-73.75809,-43.8953],[-73.76125,-43.89488],[-73.76344,-43.89308],[-73.76474,-43.89389],[-73.77674,-43.89139],[-73.7919,-43.8932],[-73.81294,-43.89212],[-73.83225,-43.89404],[-73.86419,-43.88444],[-73.86829,-43.88768],[-73.87574,-43.88902],[-73.88053,-43.88666],[-73.88668,-43.88119],[-73.88531,-43.87466],[-73.88885,-43.87158],[-73.89027,-43.86848],[-73.88799,-43.85971],[-73.88207,-43.85995]]}},{"id":"13688","type":"Feature","properties":{"ROL":"X-720","NOMBRE_CAMINO":"Cruce Ruta 7 (Villa Castillo) - Arroyo El Bosque","CLASIFICACION":"Camino Regional de Acceso","CALZADA":"ÚNICA","tmda":null},"geometry":{"type":"LineString","coordinates":[[-72.16095,-46.11959],[-72.1565,-46.11136],[-72.16095,-46.11387],[-72.17423,-46.11224]]}},{"id":"13689","type":"Feature","properties":{"ROL":"X-84","NOMBRE_CAMINO":"Cruce Ruta 7 (Vagabundo) - Caleta Tortel","CLASIFICACION":"Camino Regional Principal","CALZADA":"ÚNICA","tmda":133.0},"geometry":{"type":"LineString","coordinates":[[-73.30334,-47.78101],[-73.32581,-47.77897],[-73.32964,-47.77704],[-73.33832,-47.7758],[-73.34248,-47.77285],[-73.35184,-47.77012],[-73.38296,-47.77437],[-73.38728,-47.77767],[-73.38438,-47.7867],[-73.384,-47.79501],[-73.38987,-47.80092],[-73.39196,-47.79994],[-73.40145,-47.80584],[-73.42322,-47.81581],[-73.44557,-47.82026],[-73.45653,-47.8191],[-73.46358,-47.81625],[-73.48738,-47.80055],[-73.49408,-47.79788],[-73.50119,-47.79091],[-73.51344,-47.79114],[-73.5272,-47.79321],[-73.53059,-47.79485]]}},{"id":"13690","type":"Feature","properties":{"ROL":"X-572","NOMBRE_CAMINO":"Cruce Ruta 240 (Pasarela Los Torreones 2) - Cruce Ruta 240 (Pasarela Los Torreones 1)","CLASIFICACION":"Camino Regional Comunal","CALZADA":"ÚNICA","tmda":null},"geometry":{"type":"LineString","coordinates":[[-72.39356,-45.44357],[-72.39815,-45.44416],[-72.39822,-45.44564],[-72.40127,-45.44629],[-72.40552,-45.45196],[-72.40999,-45.45212],[-72.41272,-45.45579],[-72.4163,-45.45671],[-72.42333,-45.45459],[-72.42804,-45.45922],[-72.44026,-45.45495],[-72.44467,-45.45484],[-72.44492,-45.45255],[-72.44925,-45.45316],[-72.45306,-45.43989],[-72.45137,-45.43716],[-72.45169,-45.43278],[-72.44886,-45.42543],[-72.42963,-45.42641],[-72.42721,-45.42567],[-72.42776,-45.42382],[-72.42574,-45.42273],[-72.41761,-45.42323]]}},{"id":"13691","type":"Feature","properties":{"ROL":"X-687","NOMBRE_CAMINO":"Cruce Ruta 7 (El Blanco) - Cerro Galera - Río Huemules - Cruce X-695 (Galera Chico)","CLASIFICACION":"Camino Regional Comunal","CALZADA":"ÚNICA","tmda":1665.0},"geometry":{"type":"LineString","coordinates":[[-71.91932,-45.80472],[-71.91678,-45.80335],[-71.91497,-45.80039],[-71.90753,-45.80029],[-71.89088,-45.8156],[-71.88202,-45.81784],[-71.87501,-45.81503],[-71.86875,-45.80934],[-71.86353,-45.80753],[-71.86288,-45.80408],[-71.85883,-45.80052],[-71.85515,-45.79427],[-71.83762,-45.79062],[-71.83604,-45.78797],[-71.83159,-45.78542],[-71.81801,-45.78554],[-71.81318,-45.7833],[-71.7965,-45.78724],[-71.78676,-45.78054],[-71.78222,-45.77952],[-71.76996,-45.78153],[-71.76393,-45.78579],[-71.76336,-45.78889],[-71.76092,-45.79181],[-71.74681,-45.80071],[-71.74623,-45.80766],[-71.75087,-45.81177],[-71.75437,-45.81786],[-71.75914,-45.82292],[-71.76271,-45.83009],[-71.77,-45.83845],[-71.77506,-45.84086],[-71.7739,-45.8432],[-71.77891,-45.84299],[-71.77826,-45.84539],[-71.78006,-45.8473]]}},{"id":"13692","type":"Feature","properties":{"ROL":"X-769","NOMBRE_CAMINO":"Cruce Ruta 265 CH - Rampa Mallín Grande","CLASIFICACION":"Camino Regional de Acceso","CALZADA":"ÚNICA","tmda":null},"geometry":{"type":"LineString","coordinates":[[-72.44535,-46.70214],[-72.44789,-46.69394],[-72.44322,-46.69066],[-72.44252,-46.687],[-72.44491,-46.68878]]}},{"id":"13693","type":"Feature","properties":{"ROL":"X-672","NOMBRE_CAMINO":"Cruce X-674 - Callejón Sandoval","CLASIFICACION":"Camino Regional de Acceso","CALZADA":"ÚNICA","tmda":null},"geometry":{"type":"LineString","coordinates":[[-72.10567,-45.79056],[-72.09937,-45.78859],[-72.09645,-45.78671],[-72.09513,-45.78337],[-72.08879,-45.78096],[-72.08089,-45.78178],[-72.07301,-45.78471]]}},{"id":"13694","type":"Feature","properties":{"ROL":"X-201","NOMBRE_CAMINO":"Cruce Ruta 7 - Acceso a Parque Queulat","CLASIFICACION":"Camino Regional de Acceso","CALZADA":"ÚNICA","tmda":null},"geometry":{"type":"LineString","coordinates":[[-72.56776,-44.47206],[-72.56267,-44.47117]]}},{"id":"13695","type":"Feature","properties":{"ROL":"X-648","NOMBRE_CAMINO":"Cruce X-608 - Seis Lagunas - Cruce X-686 (Villa Frei)","CLASIFICACION":"Camino Regional Comunal","CALZADA":"ÚNICA","tmda":180.0},"geometry":{"type":"LineString","coordinates":[[-72.2004,-45.66484],[-72.19351,-45.67062],[-72.19087,-45.6706],[-72.1908,-45.67199],[-72.18525,-45.67495],[-72.18136,-45.67464],[-72.17921,-45.67654],[-72.18053,-45.68021],[-72.18313,-45.68141],[-72.19562,-45.69348],[-72.20621,-45.69425],[-72.20685,-45.69936],[-72.21294,-45.70271],[-72.21352,-45.70524],[-72.21745,-45.7083],[-72.22218,-45.71001],[-72.21945,-45.71909],[-72.21618,-45.72044],[-72.2183,-45.722],[-72.21256,-45.72712],[-72.21701,-45.72933],[-72.20855,-45.72933],[-72.20584,-45.73267],[-72.20257,-45.73265],[-72.19718,-45.73556],[-72.17869,-45.73395],[-72.17209,-45.73028],[-72.16797,-45.7318],[-72.15766,-45.73899],[-72.12623,-45.7439],[-72.11757,-45.7477],[-72.11396,-45.75145]]}},{"id":"13696","type":"Feature","properties":{"ROL":"X-556","NOMBRE_CAMINO":"Cruce Ruta 240 - Valle Pangal","CLASIFICACION":"Camino Regional Comunal","CALZADA":"ÚNICA","tmda":144.0},"geometry":{"type":"LineString","coordinates":[[-72.60459,-45.37802],[-72.60757,-45.37622],[-72.60835,-45.3662],[-72.60384,-45.35776],[-72.6139,-45.34615],[-72.61373,-45.34032],[-72.61198,-45.33729],[-72.61385,-45.33036],[-72.61287,-45.32797],[-72.62089,-45.31534],[-72.6243,-45.31215],[-72.62773,-45.31105],[-72.62718,-45.30376],[-72.63056,-45.29431],[-72.63635,-45.28832],[-72.64296,-45.28471],[-72.64769,-45.27921],[-72.64758,-45.27616],[-72.65051,-45.27269],[-72.64734,-45.26127],[-72.64939,-45.25451],[-72.64724,-45.25338],[-72.64537,-45.24806],[-72.64115,-45.24466],[-72.63778,-45.23846],[-72.63155,-45.23325],[-72.63183,-45.2301],[-72.62768,-45.22708],[-72.62526,-45.22069],[-72.62572,-45.21778],[-72.62191,-45.21424],[-72.62051,-45.21016],[-72.61309,-45.2026],[-72.60884,-45.20173],[-72.60543,-45.1986],[-72.60451,-45.19432],[-72.59885,-45.18377],[-72.59729,-45.17636],[-72.59434,-45.1721],[-72.59206,-45.17135],[-72.58675,-45.16138],[-72.57431,-45.14741],[-72.56994,-45.14076]]}},{"id":"13697","type":"Feature","properties":{"ROL":"X-213","NOMBRE_CAMINO":"Cruce X-209 - Río Las Torres Norte","CLASIFICACION":"Camino Regional de Acceso","CALZADA":"ÚNICA","tmda":null},"geometry":{"type":"LineString","coordinates":[[-72.11889,-44.71607],[-72.11872,-44.71391],[-72.1144,-44.71268]]}},{"id":"13698","type":"Feature","properties":{"ROL":"X-107","NOMBRE_CAMINO":"Cruce X-13 - Muelle Lago Verde","CLASIFICACION":"Camino Regional de Acceso","CALZADA":"ÚNICA","tmda":null},"geometry":{"type":"LineString","coordinates":[[-71.85416,-44.23881],[-71.85533,-44.24194],[-71.86117,-44.24319],[-71.8651,-44.24581],[-71.87003,-44.24488],[-71.87438,-44.2466]]}},{"id":"13699","type":"Feature","properties":{"ROL":"X-580","NOMBRE_CAMINO":"Cruce Ruta 240 (Villa Baguales) - Alto Baguales","CLASIFICACION":"Camino Regional Comunal","CALZADA":"ÚNICA","tmda":null},"geometry":{"type":"LineString","coordinates":[[-72.10891,-45.50876],[-72.12619,-45.50813],[-72.12808,-45.50602],[-72.12777,-45.50383]]}},{"id":"13700","type":"Feature","properties":{"ROL":"X-419","NOMBRE_CAMINO":"Cruce Ruta 7 (Campo Grande) - El Palomar","CLASIFICACION":"Camino Regional de Acceso","CALZADA":"ÚNICA","tmda":null},"geometry":{"type":"LineString","coordinates":[[-72.14593,-44.99582],[-72.12142,-44.99584],[-72.11617,-44.99177],[-72.11616,-44.98876],[-72.11431,-44.98729],[-72.11519,-44.98659]]}},{"id":"13750","type":"Feature","properties":{"ROL":"X-24","NOMBRE_CAMINO":"Cruce Ruta 7 (Puente Steffen) - Puerto Cisnes","CLASIFICACION":"Camino Regional Principal","CALZADA":"U","tmda":470.0},"geometry":{"type":"LineString","coordinates":[[-72.42728,-44.65568],[-72.42577,-44.65699],[-72.42935,-44.65935],[-72.42951,-44.66216],[-72.43154,-44.66488],[-72.44849,-44.67004],[-72.45502,-44.67052],[-72.45741,-44.67273],[-72.46512,-44.67531],[-72.46913,-44.67987],[-72.48532,-44.67731],[-72.49299,-44.67745],[-72.51004,-44.68163],[-72.51327,-44.68976],[-72.52645,-44.69539],[-72.54492,-44.69425],[-72.55702,-44.70707],[-72.56113,-44.7087],[-72.5629,-44.71257],[-72.56362,-44.7233],[-72.56711,-44.72746],[-72.59032,-44.73638],[-72.59482,-44.74027],[-72.59445,-44.74767],[-72.59566,-44.75088],[-72.6009,-44.75328],[-72.60879,-44.7542],[-72.61291,-44.75682],[-72.62472,-44.75522],[-72.62846,-44.74957],[-72.63952,-44.74193],[-72.64439,-44.73568],[-72.64932,-44.73344],[-72.65009,-44.72793],[-72.65701,-44.72232],[-72.66139,-44.72095],[-72.66759,-44.721],[-72.6731,-44.72349],[-72.6867,-44.72399]]}},{"id":"13751","type":"Feature","properties":{"ROL":"X-45","NOMBRE_CAMINO":"Cruce Ruta 7 (Villa Ortega) - Ñirehuao - Paso Pampa Alta (Puesto Viejo)","CLASIFICACION":"Camino Regional Principal","CALZADA":"ÚNICA","tmda":null},"geometry":{"type":"LineString","coordinates":[[-71.71405,-45.27028],[-71.70672,-45.26869],[-71.67611,-45.27231],[-71.66387,-45.27114],[-71.64202,-45.26588],[-71.63332,-45.26629],[-71.6124,-45.27051],[-71.58056,-45.27115],[-71.54301,-45.26713],[-71.53292,-45.26994],[-71.52922,-45.26815],[-71.52708,-45.26318],[-71.52211,-45.26229],[-71.50139,-45.26526],[-71.45316,-45.26861],[-71.45125,-45.26801],[-71.43762,-45.25375],[-71.42985,-45.25148],[-71.41923,-45.24446],[-71.41112,-45.24139],[-71.40303,-45.23618],[-71.39242,-45.2339],[-71.39029,-45.23205],[-71.38368,-45.23414],[-71.37969,-45.23217],[-71.36157,-45.23427],[-71.34651,-45.23274]]}},{"id":"13752","type":"Feature","properties":{"ROL":"X-45","NOMBRE_CAMINO":"Cruce Ruta 7 (Villa Ortega) - Ñirehuao - Paso Pampa Alta (Puesto Viejo)","CLASIFICACION":"Camino Regional Principal","CALZADA":"ÚNICA","tmda":395.0},"geometry":{"type":"LineString","coordinates":[[-71.98136,-45.37078],[-71.96945,-45.36752],[-71.96074,-45.37075],[-71.94603,-45.37241],[-71.92703,-45.36732],[-71.91888,-45.36641],[-71.90887,-45.35916],[-71.88733,-45.35321],[-71.88401,-45.35354],[-71.88029,-45.35753],[-71.87319,-45.35789],[-71.87199,-45.35453],[-71.86631,-45.35375],[-71.85153,-45.34712],[-71.83869,-45.33565],[-71.83008,-45.33569],[-71.82456,-45.33424],[-71.80401,-45.32161],[-71.7959,-45.31868],[-71.78648,-45.31324],[-71.77991,-45.30913],[-71.77802,-45.3064],[-71.77773,-45.30327],[-71.76666,-45.29345],[-71.75928,-45.28986],[-71.74908,-45.2876],[-71.74579,-45.28489],[-71.74621,-45.28267],[-71.73649,-45.28177],[-71.72825,-45.27869],[-71.72585,-45.27554],[-71.72634,-45.27342],[-71.7292,-45.27153],[-71.73699,-45.26968],[-71.73448,-45.2684]]}},{"id":"13753","type":"Feature","properties":{"ROL":"X-439","NOMBRE_CAMINO":"Cruce X-45 (Puesto Viejo) - Mina Katterfield","CLASIFICACION":"Camino Regional Comunal","CALZADA":"ÚNICA","tmda":null},"geometry":{"type":"LineString","coordinates":[[-71.39174,-45.23302],[-71.39841,-45.22973],[-71.44669,-45.19205],[-71.46691,-45.17859]]}},{"id":"13754","type":"Feature","properties":{"ROL":"X-891","NOMBRE_CAMINO":"Cruce X-893 - Río Cochrane","CLASIFICACION":"Camino Regional de Acceso","CALZADA":"ÚNICA","tmda":null},"geometry":{"type":"LineString","coordinates":[[-72.54265,-47.24809],[-72.54166,-47.24988]]}},{"id":"13755","type":"Feature","properties":{"ROL":"X-686","NOMBRE_CAMINO":"Cruce Ruta 7 (Valle Simpson) - Lago Elizalde - Lago Caro","CLASIFICACION":"Camino Regional Comunal","CALZADA":"ÚNICA","tmda":216.0},"geometry":{"type":"LineString","coordinates":[[-72.08096,-45.71405],[-72.09471,-45.72347],[-72.09912,-45.72467],[-72.09986,-45.73426],[-72.11193,-45.75064],[-72.12335,-45.7543],[-72.14225,-45.76291],[-72.14989,-45.76158],[-72.15958,-45.76435],[-72.1613,-45.76575],[-72.15977,-45.76818],[-72.1713,-45.77415],[-72.17382,-45.77806],[-72.17969,-45.78014],[-72.18433,-45.78681],[-72.19063,-45.78785],[-72.19522,-45.79026],[-72.19726,-45.78957],[-72.19866,-45.79238],[-72.20287,-45.79467]]}},{"id":"13756","type":"Feature","properties":{"ROL":"X-686","NOMBRE_CAMINO":"Cruce Ruta 7 (Valle Simpson) - Lago Elizalde - Lago Caro","CLASIFICACION":"Camino Regional Comunal","CALZADA":"ÚNICA","tmda":null},"geometry":{"type":"LineString","coordinates":[[-72.48954,-45.78752],[-72.4905,-45.79581]]}},{"id":"13757","type":"Feature","properties":{"ROL":"X-686","NOMBRE_CAMINO":"Cruce Ruta 7 (Valle Simpson) - Lago Elizalde - Lago Caro","CLASIFICACION":"Camino Regional Comunal","CALZADA":"ÚNICA","tmda":1891.0},"geometry":{"type":"LineString","coordinates":[[-72.06157,-45.69742],[-72.06361,-45.69711],[-72.06666,-45.69899],[-72.07187,-45.707]]}},{"id":"13758","type":"Feature","properties":{"ROL":"X-888","NOMBRE_CAMINO":"Cruce Ruta 7 - Vertedero","CLASIFICACION":"Camino Regional de Acceso","CALZADA":"ÚNICA","tmda":null},"geometry":{"type":"LineString","coordinates":[[-72.58426,-47.24902],[-72.59345,-47.25217],[-72.59864,-47.25136]]}},{"id":"13759","type":"Feature","properties":{"ROL":"X-425","NOMBRE_CAMINO":"Cruce X-421 (Ñirehuao) - Cruce X-439 (Rodeo Los Palos)","CLASIFICACION":"Camino Regional Comunal","CALZADA":"ÚNICA","tmda":null},"geometry":{"type":"LineString","coordinates":[[-71.71149,-45.23644],[-71.70674,-45.22794],[-71.69685,-45.22354],[-71.69551,-45.21954],[-71.69765,-45.21251],[-71.69324,-45.20196],[-71.68577,-45.19624],[-71.67698,-45.19454],[-71.66985,-45.18734],[-71.6668,-45.18662],[-71.66419,-45.18782],[-71.65927,-45.18763],[-71.65107,-45.18343],[-71.64732,-45.17719],[-71.64441,-45.17536],[-71.63813,-45.17296],[-71.62711,-45.17115],[-71.61307,-45.16548],[-71.60521,-45.16495],[-71.58951,-45.16741],[-71.58335,-45.16586],[-71.56635,-45.16604],[-71.55415,-45.16141],[-71.54065,-45.15259]]}},{"id":"13760","type":"Feature","properties":{"ROL":"X-421","NOMBRE_CAMINO":"Cruce Ruta 7 - Mina El Toqui - El Gato - Cruce X-45 (Ñirehuao)","CLASIFICACION":"Camino Regional Comunal","CALZADA":"ÚNICA","tmda":null},"geometry":{"type":"LineString","coordinates":[[-71.88007,-45.1479],[-71.8688,-45.15147],[-71.84415,-45.16734],[-71.83312,-45.16924],[-71.82888,-45.17216],[-71.8296,-45.17502],[-71.82093,-45.17737],[-71.80476,-45.18512],[-71.7999,-45.18441],[-71.79592,-45.18574],[-71.79472,-45.1871],[-71.79656,-45.19104],[-71.79669,-45.19512],[-71.79818,-45.19681],[-71.79749,-45.19846],[-71.78662,-45.20135],[-71.77362,-45.20982],[-71.76244,-45.21302],[-71.75948,-45.21639],[-71.75623,-45.22421],[-71.7511,-45.22744],[-71.74433,-45.23054],[-71.72357,-45.23295],[-71.71704,-45.23588],[-71.71158,-45.23636],[-71.70927,-45.24181],[-71.71261,-45.25319],[-71.70714,-45.26225],[-71.7076,-45.26884]]}},{"id":"13761","type":"Feature","properties":{"ROL":"X-667","NOMBRE_CAMINO":"Cruce Ruta 7 (El Salto) - Lago Póllux - Cruce X-59 (Lago Castor)","CLASIFICACION":"Camino Regional Comunal","CALZADA":"ÚNICA","tmda":705.0},"geometry":{"type":"LineString","coordinates":[[-72.02655,-45.68064],[-72.02127,-45.68233],[-72.00612,-45.68016],[-71.99742,-45.6842],[-71.97573,-45.68039],[-71.97101,-45.68694],[-71.96426,-45.69032],[-71.95492,-45.69963]]}},{"id":"13762","type":"Feature","properties":{"ROL":"X-667","NOMBRE_CAMINO":"Cruce Ruta 7 (El Salto) - Lago Póllux - Cruce X-59 (Lago Castor)","CLASIFICACION":"Camino Regional Comunal","CALZADA":"ÚNICA","tmda":705.0},"geometry":{"type":"LineString","coordinates":[[-72.05759,-45.68284],[-72.05688,-45.68074]]}},{"id":"13763","type":"Feature","properties":{"ROL":"X-657","NOMBRE_CAMINO":"Los Álamos - Cerro Negro - Cruce X-659","CLASIFICACION":"Camino Regional Comunal","CALZADA":"ÚNICA","tmda":null},"geometry":{"type":"LineString","coordinates":[[-72.01503,-45.58619],[-72.00791,-45.58874],[-72.00013,-45.5883],[-71.97026,-45.58407],[-71.96524,-45.58232]]}},{"id":"13764","type":"Feature","properties":{"ROL":"X-753","NOMBRE_CAMINO":"Cruce Ruta 265 CH (Chile Chico) - Reserva Nacional Lago Jeinimeni","CLASIFICACION":"Camino Regional Comunal","CALZADA":"ÚNICA","tmda":693.0},"geometry":{"type":"LineString","coordinates":[[-71.69608,-46.54821],[-71.69835,-46.55502],[-71.70186,-46.55909],[-71.70326,-46.56453],[-71.69885,-46.56749],[-71.69911,-46.57057],[-71.6944,-46.5811]]}},{"id":"13765","type":"Feature","properties":{"ROL":"X-618","NOMBRE_CAMINO":"Cruce X-614 (El Claro) - Río Claro","CLASIFICACION":"Camino Regional de Acceso","CALZADA":"ÚNICA","tmda":null},"geometry":{"type":"LineString","coordinates":[[-72.10105,-45.58638],[-72.10568,-45.59084],[-72.117,-45.59227],[-72.12109,-45.59068],[-72.1338,-45.58999],[-72.14544,-45.58638],[-72.14872,-45.58795],[-72.16007,-45.58676],[-72.17605,-45.59012],[-72.18056,-45.58925],[-72.18966,-45.59074]]}},{"id":"13766","type":"Feature","properties":{"ROL":"X-616","NOMBRE_CAMINO":"Cruce X-614 (El Claro) - Panguilemu","CLASIFICACION":"Camino Regional Comunal","CALZADA":"ÚNICA","tmda":null},"geometry":{"type":"LineString","coordinates":[[-72.09744,-45.58096],[-72.1031,-45.58045],[-72.10813,-45.57652],[-72.10845,-45.57468],[-72.11282,-45.57342],[-72.11429,-45.57068]]}},{"id":"13767","type":"Feature","properties":{"ROL":"X-612","NOMBRE_CAMINO":"Cruce Ruta 7 - El Salto Chico","CLASIFICACION":"Camino Regional de Acceso","CALZADA":"ÚNICA","tmda":null},"geometry":{"type":"LineString","coordinates":[[-72.09948,-45.62316],[-72.11072,-45.62904],[-72.11554,-45.62952],[-72.11717,-45.63139],[-72.12131,-45.63092],[-72.1217,-45.63405],[-72.1451,-45.64592],[-72.15134,-45.65275]]}},{"id":"13768","type":"Feature","properties":{"ROL":"X-59","NOMBRE_CAMINO":"Cruce Ruta 243 CH (Cuesta Colorada) - Paso Triana","CLASIFICACION":"Camino Regional Principal","CALZADA":"ÚNICA","tmda":68.0},"geometry":{"type":"LineString","coordinates":[[-71.80167,-45.57069],[-71.79986,-45.57418],[-71.79663,-45.57511],[-71.80178,-45.57908],[-71.78262,-45.5806],[-71.7736,-45.58368],[-71.76379,-45.58145],[-71.76193,-45.57923],[-71.75766,-45.57897],[-71.75563,-45.58071],[-71.74675,-45.58001],[-71.73893,-45.58247],[-71.73413,-45.58248]]}},{"id":"13769","type":"Feature","properties":{"ROL":"X-589","NOMBRE_CAMINO":"Cruce Ruta 243 CH (Tejas Verdes) - Cruce X-587 (Puente Las Bandurrias)","CLASIFICACION":"Camino Regional Comunal","CALZADA":"ÚNICA","tmda":2673.0},"geometry":{"type":"LineString","coordinates":[[-72.02793,-45.56664],[-72.01418,-45.56136],[-71.99004,-45.55997],[-71.96212,-45.55318],[-71.94469,-45.55039]]}},{"id":"13770","type":"Feature","properties":{"ROL":"X-587","NOMBRE_CAMINO":"Cruce Ruta 243 CH (Puente Las Bandurrias) - Las Bandurrias","CLASIFICACION":"Camino Regional Comunal","CALZADA":"ÚNICA","tmda":null},"geometry":{"type":"LineString","coordinates":[[-71.92821,-45.54975],[-71.91726,-45.54062],[-71.91653,-45.53773],[-71.91758,-45.53589],[-71.91098,-45.5285],[-71.89448,-45.52033],[-71.89116,-45.51531]]}},{"id":"13771","type":"Feature","properties":{"ROL":"X-91","NOMBRE_CAMINO":"Cruce Ruta 7 (Río Bravo) - Villa O'Higgins - Bahía Bahamonde","CLASIFICACION":"Camino Regional Principal","CALZADA":"ÚNICA","tmda":null},"geometry":{"type":"LineString","coordinates":[[-72.56092,-48.46348],[-72.56094,-48.47057]]}},{"id":"13772","type":"Feature","properties":{"ROL":"Ruta 265 CH","NOMBRE_CAMINO":"Cruce Ruta 7 (El Maitén) - Chile Chico - Paso Río Jeinimeni","CLASIFICACION":"Camino Nacional con Carácter de Internacional","CALZADA":"ÚNICA","tmda":986.0},"geometry":{"type":"LineString","coordinates":[[-71.90258,-46.55738],[-71.89579,-46.55658],[-71.89463,-46.5539],[-71.89365,-46.55515],[-71.88781,-46.5552],[-71.87199,-46.55131],[-71.85752,-46.55462],[-71.83995,-46.55079],[-71.82626,-46.55764],[-71.81474,-46.553],[-71.81079,-46.54706],[-71.80142,-46.54758],[-71.79969,-46.54916],[-71.79454,-46.54615],[-71.75744,-46.54332],[-71.74521,-46.53923],[-71.73739,-46.53922],[-71.73249,-46.53761],[-71.72047,-46.54097]]}},{"id":"13773","type":"Feature","properties":{"ROL":"Ruta 265 CH","NOMBRE_CAMINO":"Cruce Ruta 7 (El Maitén) - Chile Chico - Paso Río Jeinimeni","CLASIFICACION":"Camino Nacional con Carácter de Internacional","CALZADA":"ÚNICA","tmda":245.0},"geometry":{"type":"LineString","coordinates":[[-72.33696,-46.60478],[-72.33239,-46.59952],[-72.3324,-46.59412],[-72.3309,-46.59491],[-72.33165,-46.59299],[-72.32779,-46.59224],[-72.32769,-46.58902],[-72.32462,-46.58797],[-72.31888,-46.58109],[-72.31251,-46.57717],[-72.30657,-46.57484],[-72.30432,-46.57672],[-72.29897,-46.57661],[-72.29626,-46.57575],[-72.29301,-46.57244],[-72.28308,-46.57314],[-72.27592,-46.57129],[-72.27179,-46.56859],[-72.26111,-46.56907],[-72.25674,-46.57043],[-72.25245,-46.56946],[-72.23792,-46.57528],[-72.22966,-46.58215],[-72.22695,-46.5866],[-72.22781,-46.59014],[-72.22559,-46.59072],[-72.22088,-46.58655],[-72.21768,-46.58058],[-72.21304,-46.58022],[-72.19111,-46.5836],[-72.18897,-46.58728],[-72.17735,-46.58783],[-72.17011,-46.5847],[-72.16287,-46.57895],[-72.15491,-46.57712],[-72.14588,-46.57227],[-72.12345,-46.56739],[-72.10067,-46.56942],[-72.09732,-46.56822],[-72.09749,-46.56661],[-72.09512,-46.56472],[-72.08559,-46.56289],[-72.08029,-46.55901],[-72.07505,-46.55946],[-72.07116,-46.55752],[-72.06395,-46.55953],[-72.0498,-46.55665],[-72.03939,-46.55945],[-72.03768,-46.55916],[-72.0376,-46.55659],[-72.03449,-46.5566],[-72.02776,-46.55927],[-72.02673,-46.56296],[-72.01931,-46.56079],[-72.01592,-46.56353],[-72.01101,-46.56384],[-72.00235,-46.56185],[-71.994,-46.56155],[-71.98463,-46.56357],[-71.97528,-46.55959]]}},{"id":"13774","type":"Feature","properties":{"ROL":"Ruta 265 CH","NOMBRE_CAMINO":"Cruce Ruta 7 (El Maitén) - Chile Chico - Paso Río Jeinimeni","CLASIFICACION":"Camino Nacional con Carácter de Internacional","CALZADA":"ÚNICA","tmda":245.0},"geometry":{"type":"LineString","coordinates":[[-72.73742,-46.86959],[-72.71818,-46.85337],[-72.71371,-46.851],[-72.70795,-46.84479],[-72.70366,-46.84525],[-72.70408,-46.84733],[-72.70282,-46.84753],[-72.69339,-46.8463],[-72.68406,-46.83458],[-72.67036,-46.82124],[-72.6667,-46.82106],[-72.66421,-46.82235],[-72.65103,-46.81713],[-72.6491,-46.81274],[-72.64493,-46.81415],[-72.63175,-46.81133],[-72.62643,-46.80941],[-72.62406,-46.80698],[-72.61967,-46.80685],[-72.61906,-46.80422],[-72.61418,-46.80084],[-72.60861,-46.79186],[-72.59331,-46.78167],[-72.58954,-46.78042],[-72.58958,-46.77555],[-72.5878,-46.77157],[-72.59086,-46.767],[-72.57213,-46.76916],[-72.56509,-46.7667],[-72.55666,-46.7539],[-72.55059,-46.7502],[-72.51866,-46.753],[-72.51804,-46.75103],[-72.51922,-46.74747],[-72.5161,-46.74637],[-72.51642,-46.74465],[-72.51304,-46.73986],[-72.4702,-46.7342],[-72.46687,-46.73476],[-72.46597,-46.72979],[-72.44615,-46.70857],[-72.44651,-46.70402],[-72.44531,-46.70211],[-72.44076,-46.70001],[-72.43692,-46.70024],[-72.43185,-46.69635],[-72.41958,-46.692],[-72.41645,-46.68985],[-72.41581,-46.68718],[-72.40985,-46.6843],[-72.40478,-46.67895],[-72.39117,-46.67267],[-72.38676,-46.66755],[-72.37905,-46.66786],[-72.37381,-46.66356],[-72.3728,-46.65948],[-72.36147,-46.64711],[-72.36085,-46.63477],[-72.35959,-46.6325],[-72.36074,-46.63029],[-72.36013,-46.62854],[-72.3548,-46.62718],[-72.3512,-46.62168],[-72.3476,-46.61911],[-72.34935,-46.61754],[-72.34502,-46.61389],[-72.34398,-46.60925],[-72.34123,-46.608]]}},{"id":"13775","type":"Feature","properties":{"ROL":"Ruta 265 CH","NOMBRE_CAMINO":"Cruce Ruta 7 (El Maitén) - Chile Chico - Paso Río Jeinimeni","CLASIFICACION":"Camino Nacional con Carácter de Internacional","CALZADA":"ÚNICA","tmda":277.0},"geometry":{"type":"LineString","coordinates":[[-72.78262,-46.90101],[-72.77294,-46.89764],[-72.77106,-46.89493]]}},{"id":"13776","type":"Feature","properties":{"ROL":"X-65","NOMBRE_CAMINO":"Cruce Ruta 7 (Bajada Ibáñez) - Puerto Ibáñez - Paso Ingeniero Ibáñez-Pallavicini","CLASIFICACION":"Camino Regional Principal","CALZADA":"ÚNICA","tmda":null},"geometry":{"type":"LineString","coordinates":[[-71.91064,-46.2998],[-71.90494,-46.30236],[-71.89374,-46.29962],[-71.88363,-46.30103],[-71.88258,-46.29989],[-71.87966,-46.30177],[-71.87611,-46.29793],[-71.87427,-46.2985],[-71.86747,-46.29482],[-71.86245,-46.29363],[-71.8472,-46.29386],[-71.83839,-46.29553],[-71.83267,-46.29449]]}},{"id":"13777","type":"Feature","properties":{"ROL":"Ruta 243 CH","NOMBRE_CAMINO":"Cruce Ruta 7 (Coyhaique) - Paso Coyhaique","CLASIFICACION":"Camino Nacional con Carácter de Internacional","CALZADA":"ÚNICA","tmda":84.0},"geometry":{"type":"LineString","coordinates":[[-71.93983,-45.55441],[-71.92085,-45.54745],[-71.91908,-45.54805],[-71.91852,-45.55086],[-71.91261,-45.54551],[-71.90441,-45.54414],[-71.89766,-45.54475],[-71.89807,-45.5434],[-71.89611,-45.54152],[-71.87968,-45.5318],[-71.8759,-45.52733],[-71.87122,-45.52547],[-71.86616,-45.52568],[-71.86221,-45.52378],[-71.85196,-45.5277],[-71.83806,-45.52654],[-71.83135,-45.52243],[-71.82839,-45.52235],[-71.82676,-45.52374],[-71.81654,-45.52276],[-71.81515,-45.52215],[-71.81454,-45.51961],[-71.81248,-45.52055],[-71.80852,-45.51937],[-71.80297,-45.51985],[-71.7881,-45.51567],[-71.77416,-45.51474],[-71.76167,-45.51071],[-71.75412,-45.51064],[-71.73919,-45.51321],[-71.73597,-45.51176],[-71.73761,-45.50676],[-71.71654,-45.50468],[-71.71236,-45.50186],[-71.68739,-45.49632],[-71.68282,-45.4932],[-71.66674,-45.49089],[-71.65855,-45.4844],[-71.64607,-45.48908],[-71.62765,-45.4859]]}},{"id":"13778","type":"Feature","properties":{"ROL":"X-528","NOMBRE_CAMINO":"Puerto Aysén (Puente Río Los Palos) - Lago Los Palos","CLASIFICACION":"Camino Regional Comunal","CALZADA":"U","tmda":1522.0},"geometry":{"type":"LineString","coordinates":[[-72.71206,-45.39475],[-72.7139,-45.39583],[-72.71483,-45.39239],[-72.71052,-45.3866],[-72.71304,-45.38308],[-72.71321,-45.38056],[-72.71039,-45.3802],[-72.70467,-45.37435]]}},{"id":"13779","type":"Feature","properties":{"ROL":"X-901","NOMBRE_CAMINO":"Cruce Ruta 7 - Pampa Calluqueo","CLASIFICACION":"Camino Regional Comunal","CALZADA":"U","tmda":198.0},"geometry":{"type":"LineString","coordinates":[[-72.58695,-47.28657],[-72.57818,-47.28752],[-72.57706,-47.29122]]}},{"id":"13780","type":"Feature","properties":{"ROL":"X-632","NOMBRE_CAMINO":"Cruce Ruta 7 (Ensenada Valle Simpson) - Cruce X-686 (Valle Simpson)","CLASIFICACION":"Camino Regional Comunal","CALZADA":"U","tmda":null},"geometry":{"type":"LineString","coordinates":[[-72.11312,-45.66056],[-72.12727,-45.66315],[-72.13374,-45.66892],[-72.13757,-45.66935],[-72.14349,-45.6769],[-72.14725,-45.67746],[-72.14994,-45.67956],[-72.15815,-45.68041],[-72.16342,-45.68413],[-72.1645,-45.68562],[-72.16126,-45.6896],[-72.16191,-45.69504],[-72.16549,-45.70231],[-72.17345,-45.70878],[-72.17393,-45.71039],[-72.1688,-45.72096],[-72.16389,-45.72488],[-72.15873,-45.72454],[-72.15346,-45.72296],[-72.14733,-45.71618],[-72.1432,-45.71345],[-72.10086,-45.71074],[-72.09418,-45.70938],[-72.08929,-45.71121],[-72.08337,-45.71559]]}},{"id":"13781","type":"Feature","properties":{"ROL":"X-889","NOMBRE_CAMINO":"Cochrane - Aeródromo","CLASIFICACION":"Camino Regional de Acceso","CALZADA":"U","tmda":null},"geometry":{"type":"LineString","coordinates":[[-72.57931,-47.24907],[-72.58626,-47.24483]]}},{"id":"13782","type":"Feature","properties":{"ROL":"X-667","NOMBRE_CAMINO":"Cruce Ruta 7 (El Salto) - Lago Póllux - Cruce X-59 (Lago Castor)","CLASIFICACION":"Camino Regional Comunal","CALZADA":"ÚNICA","tmda":705.0},"geometry":{"type":"LineString","coordinates":[[-72.05688,-45.68074],[-72.05213,-45.67743],[-72.04424,-45.67479],[-72.02655,-45.68064]]}},{"id":"13783","type":"Feature","properties":{"ROL":"X-632","NOMBRE_CAMINO":"Cruce Ruta 7 (Ensenada Valle Simpson) - Cruce X-686 (Valle Simpson)","CLASIFICACION":"Camino Regional Comunal","CALZADA":"U","tmda":null},"geometry":{"type":"LineString","coordinates":[[-72.07806,-45.65697],[-72.08177,-45.65772],[-72.08605,-45.661],[-72.10685,-45.6595],[-72.11312,-45.66056]]}},{"id":"13784","type":"Feature","properties":{"ROL":"Ruta 243 CH","NOMBRE_CAMINO":"Cruce Ruta 7 (Coyhaique) - Paso Coyhaique","CLASIFICACION":"Camino Nacional con Carácter de Internacional","CALZADA":"D","tmda":4304.0},"geometry":{"type":"LineString","coordinates":[[-72.06669,-45.56303],[-72.06375,-45.57072],[-72.04912,-45.57422]]}},{"id":"13785","type":"Feature","properties":{"ROL":"Ruta 243 CH","NOMBRE_CAMINO":"Cruce Ruta 7 (Coyhaique) - Paso Coyhaique","CLASIFICACION":"Camino Nacional con Carácter de Internacional","CALZADA":"U","tmda":4304.0},"geometry":{"type":"LineString","coordinates":[[-72.0694,-45.55569],[-72.06669,-45.56303]]}},{"id":"13786","type":"Feature","properties":{"ROL":"X-901","NOMBRE_CAMINO":"Cruce Ruta 7 - Pampa Calluqueo","CLASIFICACION":"Camino Regional Comunal","CALZADA":"U","tmda":198.0},"geometry":{"type":"LineString","coordinates":[[-72.57706,-47.29122],[-72.57054,-47.29521],[-72.57015,-47.29776],[-72.57247,-47.30356],[-72.56796,-47.30852],[-72.57051,-47.31441],[-72.5709,-47.31972],[-72.57382,-47.32467],[-72.58307,-47.3313],[-72.58472,-47.33638],[-72.58749,-47.33688],[-72.58841,-47.33917],[-72.59063,-47.34029],[-72.59449,-47.34048],[-72.59805,-47.35511],[-72.60027,-47.35796],[-72.59813,-47.3644],[-72.59601,-47.36611],[-72.59437,-47.37894],[-72.5917,-47.38076],[-72.58918,-47.3873],[-72.5889,-47.38918],[-72.59173,-47.39298],[-72.5886,-47.39445],[-72.58664,-47.39707],[-72.58699,-47.40316],[-72.59249,-47.40549],[-72.59392,-47.40746],[-72.59138,-47.41042],[-72.58609,-47.41307],[-72.58302,-47.41923],[-72.58266,-47.42495],[-72.58595,-47.42675],[-72.58545,-47.42806],[-72.58985,-47.43354],[-72.58792,-47.43504],[-72.58711,-47.44093],[-72.58418,-47.44097],[-72.57253,-47.44716],[-72.56749,-47.44729],[-72.56221,-47.44919],[-72.56051,-47.45574],[-72.55502,-47.4611],[-72.55045,-47.46238],[-72.54292,-47.46188],[-72.53812,-47.46425],[-72.54189,-47.47122],[-72.53985,-47.47708],[-72.53532,-47.47636],[-72.5289,-47.47734],[-72.53256,-47.48414],[-72.52655,-47.49858],[-72.52681,-47.50154],[-72.52928,-47.5056],[-72.53388,-47.50849],[-72.53722,-47.51261],[-72.53556,-47.51808],[-72.53865,-47.53115],[-72.53593,-47.53516],[-72.53651,-47.55293],[-72.53464,-47.5546],[-72.53107,-47.56389],[-72.5213,-47.58072],[-72.51185,-47.58608],[-72.50474,-47.59348],[-72.49873,-47.59554],[-72.50037,-47.59564],[-72.49038,-47.6014],[-72.48379,-47.60697],[-72.47876,-47.61533],[-72.47399,-47.61492],[-72.47318,-47.61967],[-72.46873,-47.62254]]}},{"id":"13787","type":"Feature","properties":{"ROL":"X-528","NOMBRE_CAMINO":"Puerto Aysén (Puente Río Los Palos) - Lago Los Palos","CLASIFICACION":"Camino Regional Comunal","CALZADA":"U","tmda":1522.0},"geometry":{"type":"LineString","coordinates":[[-72.70467,-45.37435],[-72.70471,-45.37188],[-72.70856,-45.36526],[-72.70743,-45.35507],[-72.70116,-45.34361],[-72.70005,-45.33936],[-72.70225,-45.3329],[-72.70095,-45.32825],[-72.70281,-45.32154],[-72.70569,-45.31843],[-72.70882,-45.31727],[-72.7146,-45.3207],[-72.7201,-45.32075],[-72.72826,-45.31785],[-72.73031,-45.31631],[-72.73312,-45.30873],[-72.73681,-45.30345],[-72.73755,-45.29994],[-72.73628,-45.2982],[-72.73755,-45.29593],[-72.74661,-45.29573],[-72.75953,-45.29347],[-72.76893,-45.28835],[-72.77595,-45.27582],[-72.78254,-45.27305]]}},{"id":"13788","type":"Feature","properties":{"ROL":"Ruta 243 CH","NOMBRE_CAMINO":"Cruce Ruta 7 (Coyhaique) - Paso Coyhaique","CLASIFICACION":"Camino Nacional con Carácter de Internacional","CALZADA":"U","tmda":4304.0},"geometry":{"type":"LineString","coordinates":[[-72.04912,-45.57422],[-72.04204,-45.57565],[-72.02984,-45.57273],[-72.02553,-45.57327],[-72.01561,-45.57031],[-71.99432,-45.56953],[-71.96906,-45.56274],[-71.96175,-45.5652],[-71.9564,-45.56146],[-71.94489,-45.55817],[-71.93983,-45.55441]]}},{"id":"13789","type":"Feature","properties":{"ROL":"X-894","NOMBRE_CAMINO":"Cruce X-890 (Balsa Baker) - Colonia Norte","CLASIFICACION":"Camino Regional de Acceso","CALZADA":"ÚNICA","tmda":null},"geometry":{"type":"LineString","coordinates":[[-72.88521,-47.28048],[-72.88994,-47.28116],[-72.89326,-47.28395],[-72.89436,-47.28664],[-72.90097,-47.29055]]}},{"id":"13790","type":"Feature","properties":{"ROL":"X-894","NOMBRE_CAMINO":"Cruce X-890 (Balsa Baker) - Colonia Norte","CLASIFICACION":"Camino Regional de Acceso","CALZADA":"ÚNICA","tmda":null},"geometry":{"type":"LineString","coordinates":[[-72.63422,-47.20693],[-72.63708,-47.21507],[-72.64253,-47.21708],[-72.6439,-47.21984],[-72.65302,-47.22806],[-72.65727,-47.23049],[-72.65987,-47.23047],[-72.66438,-47.23678],[-72.6679,-47.23887],[-72.67463,-47.24719],[-72.69202,-47.26039],[-72.69702,-47.26279],[-72.72998,-47.27035],[-72.74714,-47.27092],[-72.75396,-47.27036],[-72.76128,-47.26767],[-72.76252,-47.26506],[-72.77579,-47.26565],[-72.77704,-47.26385],[-72.79053,-47.2666],[-72.80254,-47.26589],[-72.80811,-47.26715],[-72.81359,-47.26623],[-72.82961,-47.26911],[-72.83178,-47.26896],[-72.83458,-47.26552],[-72.84516,-47.27132],[-72.85746,-47.27367],[-72.86993,-47.27784],[-72.88521,-47.28048]]}},{"id":"13791","type":"Feature","properties":{"ROL":"X-747","NOMBRE_CAMINO":"Cruce Ruta 265 CH (Chile Chico) - Las Chacras","CLASIFICACION":"Camino Regional de Acceso","CALZADA":"ÚNICA","tmda":null},"geometry":{"type":"LineString","coordinates":[[-71.67325,-46.58362],[-71.67082,-46.59622],[-71.67171,-46.59757],[-71.67078,-46.59826],[-71.67154,-46.59941],[-71.67041,-46.60718],[-71.66907,-46.60897],[-71.67064,-46.61514],[-71.66866,-46.61701]]}},{"id":"13792","type":"Feature","properties":{"ROL":"X-747","NOMBRE_CAMINO":"Cruce Ruta 265 CH (Chile Chico) - Las Chacras","CLASIFICACION":"Camino Regional de Acceso","CALZADA":"ÚNICA","tmda":null},"geometry":{"type":"LineString","coordinates":[[-71.6724,-46.58291],[-71.67325,-46.58362]]}},{"id":"13793","type":"Feature","properties":{"ROL":"X-739","NOMBRE_CAMINO":"Puerto Sánchez - Sector El Müller","CLASIFICACION":"Camino Regional de Acceso","CALZADA":"ÚNICA","tmda":null},"geometry":{"type":"LineString","coordinates":[[-72.55216,-46.58755],[-72.54226,-46.59227],[-72.5303,-46.59336],[-72.52522,-46.59551]]}},{"id":"13794","type":"Feature","properties":{"ROL":"X-739","NOMBRE_CAMINO":"Puerto Sánchez - Sector El Müller","CLASIFICACION":"Camino Regional de Acceso","CALZADA":"ÚNICA","tmda":null},"geometry":{"type":"LineString","coordinates":[[-72.5776,-46.59049],[-72.57126,-46.59343],[-72.56115,-46.58902],[-72.55561,-46.58928],[-72.55617,-46.58871],[-72.55216,-46.58755]]}},{"id":"13795","type":"Feature","properties":{"ROL":"S/R-X-743","NOMBRE_CAMINO":"Cruce Ruta 265 CH - Callejón Velásquez - Cruce X-753","CLASIFICACION":"Camino Regional Comunal (En Proceso de Enrolamiento)","CALZADA":"ÚNICA","tmda":null},"geometry":{"type":"LineString","coordinates":[[-71.67103,-46.55958],[-71.6984,-46.55511]]}},{"id":"13796","type":"Feature","properties":{"ROL":"S/R-X-655","NOMBRE_CAMINO":"Cruce Ruta 7 - La Chilenita","CLASIFICACION":"Camino Regional de Acceso (En Proceso de Enrolamiento)","CALZADA":"ÚNICA","tmda":null},"geometry":{"type":"LineString","coordinates":[[-72.04695,-45.71581],[-72.04572,-45.71532]]}},{"id":"13797","type":"Feature","properties":{"ROL":"S/R-X-103","NOMBRE_CAMINO":"Cruce X-13 (Lago Verde) - Pasarela Figueroa - Valle Primero","CLASIFICACION":"Camino Regional de Acceso (En Proceso de Enrolamiento)","CALZADA":"ÚNICA","tmda":null},"geometry":{"type":"LineString","coordinates":[[-71.84834,-44.23987],[-71.84595,-44.23224],[-71.84399,-44.23208],[-71.84105,-44.22557],[-71.84036,-44.22186],[-71.84245,-44.21999],[-71.82893,-44.21049],[-71.83143,-44.2096],[-71.83786,-44.20364],[-71.84481,-44.20124],[-71.84705,-44.19837]]}},{"id":"13798","type":"Feature","properties":{"ROL":"S/R-X-103","NOMBRE_CAMINO":"Cruce X-13 (Lago Verde) - Pasarela Figueroa - Valle Primero","CLASIFICACION":"Camino Regional de Acceso (En Proceso de Enrolamiento)","CALZADA":"ÚNICA","tmda":null},"geometry":{"type":"LineString","coordinates":[[-71.84705,-44.19837],[-71.85838,-44.19568],[-71.86528,-44.19681],[-71.8719,-44.19527],[-71.87523,-44.19244],[-71.8748,-44.18532],[-71.87613,-44.18321],[-71.88288,-44.17917],[-71.8843,-44.17999],[-71.8839,-44.1813],[-71.88668,-44.17885]]}},{"id":"13799","type":"Feature","properties":{"ROL":"X-614","NOMBRE_CAMINO":"Cruce Ruta 7 (Pasarela Pinuer) - El Claro","CLASIFICACION":"Camino Regional Comunal","CALZADA":"ÚNICA","tmda":null},"geometry":{"type":"LineString","coordinates":[[-72.06878,-45.55344],[-72.06915,-45.55243],[-72.07062,-45.55308],[-72.07074,-45.54965],[-72.07238,-45.54875],[-72.07474,-45.55454],[-72.07837,-45.55454],[-72.09061,-45.56312],[-72.08721,-45.56807],[-72.09725,-45.58048],[-72.09664,-45.58203],[-72.1008,-45.5847],[-72.10101,-45.58643]]}},{"id":"13800","type":"Feature","properties":{"ROL":"X-207","NOMBRE_CAMINO":"Cruce X-25 - Pasarela El Moro","CLASIFICACION":"Camino Regional de Acceso","CALZADA":"ÚNICA","tmda":null},"geometry":{"type":"LineString","coordinates":[[-71.8087,-44.66416],[-71.80611,-44.66006],[-71.80725,-44.65957]]}},{"id":"13801","type":"Feature","properties":{"ROL":"X-673","NOMBRE_CAMINO":"Cruce X-671 - La Cordonada Norte","CLASIFICACION":"Camino Regional de Acceso","CALZADA":"ÚNICA","tmda":null},"geometry":{"type":"LineString","coordinates":[[-71.92605,-45.7858],[-71.92659,-45.78092],[-71.92517,-45.77781],[-71.92888,-45.77343],[-71.92782,-45.76257]]}},{"id":"13802","type":"Feature","properties":{"ROL":"X-518","NOMBRE_CAMINO":"Cruce X-550 (Balsa El Blanco) - Lago Portales","CLASIFICACION":"Camino Regional Comunal","CALZADA":"ÚNICA","tmda":null},"geometry":{"type":"LineString","coordinates":[[-72.61511,-45.46746],[-72.62041,-45.47513],[-72.62049,-45.47803],[-72.62401,-45.48187],[-72.62301,-45.48407],[-72.63829,-45.48837],[-72.63658,-45.48918],[-72.63467,-45.49336],[-72.63463,-45.49767],[-72.63166,-45.50123],[-72.62684,-45.5037],[-72.62187,-45.50962],[-72.6128,-45.51515],[-72.61407,-45.51371],[-72.61362,-45.51134],[-72.60601,-45.50735],[-72.60185,-45.50237],[-72.59816,-45.50027],[-72.59456,-45.50951],[-72.58821,-45.51495]]}},{"id":"13803","type":"Feature","properties":{"ROL":"X-773","NOMBRE_CAMINO":"Cruce X-771 (El Maitén) - Las Horquetas","CLASIFICACION":"Camino Regional de Acceso","CALZADA":"ÚNICA","tmda":null},"geometry":{"type":"LineString","coordinates":[[-72.46911,-46.77185],[-72.46747,-46.77755],[-72.46424,-46.7794],[-72.46767,-46.77922],[-72.46291,-46.7843],[-72.46148,-46.78858],[-72.46163,-46.79439],[-72.47013,-46.795],[-72.47334,-46.79743],[-72.47173,-46.79962]]}},{"id":"13804","type":"Feature","properties":{"ROL":"X-574","NOMBRE_CAMINO":"Cruce Ruta 240 (Puente San Carlos) - Río Simpson","CLASIFICACION":"Camino Regional de Acceso","CALZADA":"ÚNICA","tmda":null},"geometry":{"type":"LineString","coordinates":[[-72.58208,-45.38566],[-72.58288,-45.38923],[-72.56933,-45.38978]]}},{"id":"13805","type":"Feature","properties":{"ROL":"X-152","NOMBRE_CAMINO":"Cruce Ruta 7 - Puyuhuapi - Cruce Ruta 7","CLASIFICACION":"Camino Regional Comunal","CALZADA":"ÚNICA","tmda":null},"geometry":{"type":"LineString","coordinates":[[-72.55605,-44.3123],[-72.5598,-44.31983],[-72.56613,-44.3231],[-72.5648,-44.32492],[-72.55524,-44.32627],[-72.55717,-44.33055]]}},{"id":"13806","type":"Feature","properties":{"ROL":"X-761","NOMBRE_CAMINO":"Cruce Ruta 265 CH - Callejón Falcón","CLASIFICACION":"Camino Regional de Acceso","CALZADA":"ÚNICA","tmda":531.0},"geometry":{"type":"LineString","coordinates":[[-71.6961,-46.5482],[-71.69277,-46.53291]]}},{"id":"13807","type":"Feature","properties":{"ROL":"X-727","NOMBRE_CAMINO":"Cruce X-725 - Lago Lapparent","CLASIFICACION":"Camino Regional de Acceso","CALZADA":"ÚNICA","tmda":null},"geometry":{"type":"LineString","coordinates":[[-72.34305,-46.20933],[-72.34222,-46.21168],[-72.34582,-46.21497],[-72.34504,-46.21795],[-72.34631,-46.2203],[-72.34265,-46.22259],[-72.3451,-46.22287],[-72.34943,-46.22676],[-72.34983,-46.2303],[-72.34675,-46.23617],[-72.3491,-46.23869],[-72.34907,-46.2404]]}},{"id":"13808","type":"Feature","properties":{"ROL":"X-516","NOMBRE_CAMINO":"Cruce X-512 (Río Cobarde) - Ribera Sur Río Picacho","CLASIFICACION":"Camino Regional de Acceso","CALZADA":"ÚNICA","tmda":null},"geometry":{"type":"LineString","coordinates":[[-72.27537,-44.97608],[-72.28323,-44.97667],[-72.2921,-44.97384]]}},{"id":"13809","type":"Feature","properties":{"ROL":"X-671","NOMBRE_CAMINO":"Cruce Ruta 7 - La Cordonada - Cruce X-667 (Lago Póllux)","CLASIFICACION":"Camino Regional Comunal","CALZADA":"ÚNICA","tmda":null},"geometry":{"type":"LineString","coordinates":[[-71.9283,-45.787],[-71.91402,-45.78227],[-71.91132,-45.76931],[-71.91526,-45.75567],[-71.90774,-45.75116],[-71.90255,-45.75318],[-71.89394,-45.75071],[-71.88234,-45.74051],[-71.8758,-45.73957],[-71.87131,-45.73611],[-71.86976,-45.73215],[-71.86997,-45.72771],[-71.86622,-45.72191],[-71.86628,-45.7172],[-71.87382,-45.71159]]}},{"id":"13810","type":"Feature","properties":{"ROL":"X-437","NOMBRE_CAMINO":"Cruce X-45 - El Richard","CLASIFICACION":"Camino Regional de Acceso","CALZADA":"ÚNICA","tmda":null},"geometry":{"type":"LineString","coordinates":[[-71.84876,-45.3441],[-71.85243,-45.33777],[-71.8545,-45.33743],[-71.85669,-45.33432],[-71.8569,-45.33019],[-71.85257,-45.32659],[-71.85178,-45.32135],[-71.84073,-45.31301],[-71.84329,-45.30965],[-71.83348,-45.31213]]}},{"id":"13811","type":"Feature","properties":{"ROL":"X-554","NOMBRE_CAMINO":"Cruce Ruta 7 (Cerro Rosado) - Cruce Ruta 7 (Lepín)","CLASIFICACION":"Camino Regional Comunal","CALZADA":"ÚNICA","tmda":null},"geometry":{"type":"LineString","coordinates":[[-71.99707,-45.37996],[-71.99906,-45.3796],[-72.00242,-45.37551],[-72.00612,-45.37543],[-72.00835,-45.37157],[-72.01824,-45.36557],[-72.01844,-45.36103],[-72.01971,-45.35991],[-72.02674,-45.35949],[-72.02247,-45.36543],[-72.02911,-45.37682],[-72.03664,-45.37745],[-72.04,-45.37628],[-72.04166,-45.37811],[-72.04521,-45.37813],[-72.05043,-45.38047],[-72.05379,-45.37805],[-72.06185,-45.3852],[-72.07089,-45.38915],[-72.07644,-45.39449],[-72.08472,-45.39784],[-72.08491,-45.40023],[-72.08758,-45.40159],[-72.08663,-45.40341],[-72.08133,-45.40372],[-72.08177,-45.40592],[-72.07923,-45.40786],[-72.07201,-45.40613],[-72.06188,-45.40667],[-72.05896,-45.40826],[-72.05403,-45.40578],[-72.0496,-45.4052],[-72.04381,-45.40909],[-72.04143,-45.41455],[-72.03872,-45.41672],[-72.03687,-45.42595],[-72.03022,-45.42632],[-72.02547,-45.4283],[-72.01941,-45.42608],[-72.00918,-45.42702]]}},{"id":"13812","type":"Feature","properties":{"ROL":"X-650","NOMBRE_CAMINO":"Cruce X-648 (Seis Lagunas) - Callejón Fournier","CLASIFICACION":"Camino Regional Comunal","CALZADA":"ÚNICA","tmda":null},"geometry":{"type":"LineString","coordinates":[[-72.18178,-45.68074],[-72.1798,-45.68167],[-72.18079,-45.68279],[-72.18027,-45.68552],[-72.18151,-45.68662],[-72.17842,-45.69008],[-72.18076,-45.69141],[-72.18198,-45.70037],[-72.18703,-45.70509],[-72.19347,-45.70613],[-72.19434,-45.70717],[-72.19354,-45.70838]]}},{"id":"13813","type":"Feature","properties":{"ROL":"X-112","NOMBRE_CAMINO":"Cruce Ruta 7 - Palena Norte","CLASIFICACION":"Camino Regional de Acceso","CALZADA":"ÚNICA","tmda":null},"geometry":{"type":"LineString","coordinates":[[-72.35586,-43.80959],[-72.36419,-43.81309],[-72.36887,-43.81653],[-72.37005,-43.82294],[-72.36888,-43.83095],[-72.37023,-43.83732],[-72.36923,-43.83701],[-72.37208,-43.84664],[-72.37588,-43.85026],[-72.37501,-43.85483],[-72.37776,-43.86495]]}},{"id":"13814","type":"Feature","properties":{"ROL":"X-777","NOMBRE_CAMINO":"Cruce Ruta 265 CH (Guadal) - Mina Escondida","CLASIFICACION":"Camino Regional Comunal","CALZADA":"ÚNICA","tmda":null},"geometry":{"type":"LineString","coordinates":[[-72.69075,-46.84313],[-72.69103,-46.84624],[-72.68677,-46.84186],[-72.68444,-46.84166],[-72.67947,-46.8384],[-72.67633,-46.84184],[-72.67751,-46.84413],[-72.67519,-46.84276],[-72.67157,-46.84648],[-72.66888,-46.84749],[-72.66683,-46.85291],[-72.66978,-46.85608],[-72.66662,-46.8615],[-72.66747,-46.86624],[-72.66993,-46.87032]]}},{"id":"13815","type":"Feature","properties":{"ROL":"Ruta 7","NOMBRE_CAMINO":"Longitudinal Austral, Sector: Límite Regional - Puerto Yungay","CLASIFICACION":"Camino Nacional Longitudinal","CALZADA":"ÚNICA","tmda":518.0},"geometry":{"type":"LineString","coordinates":[[-72.42443,-44.59726],[-72.42875,-44.60244],[-72.42999,-44.60632],[-72.43309,-44.60853],[-72.43698,-44.60913],[-72.44336,-44.61456],[-72.44435,-44.61797],[-72.45115,-44.62599],[-72.4421,-44.63499],[-72.44335,-44.6351],[-72.44303,-44.63647],[-72.44047,-44.63953],[-72.44152,-44.64257],[-72.44018,-44.64223],[-72.44065,-44.64369],[-72.43878,-44.64388],[-72.43945,-44.64676],[-72.43598,-44.65145],[-72.42697,-44.65575],[-72.41721,-44.65513],[-72.41543,-44.65631],[-72.39904,-44.65729],[-72.39231,-44.65628],[-72.38972,-44.65462],[-72.38874,-44.65047],[-72.38348,-44.64335],[-72.37752,-44.63956],[-72.37285,-44.63826],[-72.33608,-44.64285],[-72.32924,-44.64589],[-72.31705,-44.64812],[-72.3111,-44.65434],[-72.30407,-44.6565],[-72.29789,-44.65583],[-72.29044,-44.65793],[-72.28916,-44.65682],[-72.29181,-44.65107],[-72.28205,-44.64215],[-72.27646,-44.6436],[-72.27569,-44.64667],[-72.27288,-44.64848],[-72.26883,-44.65614],[-72.2678,-44.66017],[-72.26486,-44.66213],[-72.25796,-44.66368],[-72.24891,-44.66429],[-72.24313,-44.6683],[-72.24264,-44.67243],[-72.2449,-44.67555],[-72.24788,-44.68661],[-72.23998,-44.69483],[-72.23542,-44.69753],[-72.2331,-44.70272],[-72.2234,-44.70607],[-72.2249,-44.70766],[-72.2286,-44.70637],[-72.22527,-44.70957],[-72.22087,-44.71076],[-72.21644,-44.71584],[-72.21899,-44.71837],[-72.21787,-44.72225],[-72.2158,-44.72437],[-72.2165,-44.72942],[-72.21855,-44.7322],[-72.21725,-44.73441],[-72.21832,-44.73771],[-72.21336,-44.74587],[-72.2097,-44.74791],[-72.20904,-44.75053],[-72.20048,-44.75178],[-72.19409,-44.75603],[-72.18997,-44.76785],[-72.18962,-44.77218],[-72.19327,-44.77585],[-72.19504,-44.78684],[-72.19695,-44.78739],[-72.20291,-44.7855],[-72.20646,-44.78961],[-72.20642,-44.79126],[-72.20228,-44.7946],[-72.20161,-44.7981],[-72.20359,-44.80092],[-72.20881,-44.81678],[-72.21399,-44.82434],[-72.21946,-44.82553],[-72.22077,-44.82856],[-72.22417,-44.82927],[-72.22347,-44.83713],[-72.2208,-44.8422],[-72.22171,-44.8472],[-72.21479,-44.85956],[-72.20801,-44.86483],[-72.20134,-44.87346],[-72.20527,-44.88008],[-72.2019,-44.89367],[-72.18199,-44.90875],[-72.18051,-44.91285],[-72.17295,-44.91996],[-72.1699,-44.92512],[-72.16152,-44.93384],[-72.16147,-44.94462],[-72.16648,-44.95329],[-72.16485,-44.95699],[-72.17102,-44.96285],[-72.16654,-44.97367],[-72.15282,-44.98361],[-72.14235,-45.00216],[-72.14587,-45.00501],[-72.14055,-45.01361],[-72.12858,-45.02475],[-72.11909,-45.03115],[-72.11301,-45.03895],[-72.10028,-45.04562],[-72.09293,-45.05588],[-72.09028,-45.0637],[-72.08953,-45.07398],[-72.0921,-45.07867],[-72.10089,-45.0779],[-72.1136,-45.07944],[-72.12487,-45.08866],[-72.14397,-45.09456],[-72.14464,-45.09882],[-72.14875,-45.10308],[-72.14707,-45.11345],[-72.13862,-45.14174],[-72.14004,-45.14331]]}},{"id":"13816","type":"Feature","properties":{"ROL":"Ruta 7","NOMBRE_CAMINO":"Longitudinal Austral, Sector: Límite Regional - Puerto Yungay","CLASIFICACION":"Camino Nacional Longitudinal","CALZADA":"ÚNICA","tmda":697.0},"geometry":{"type":"LineString","coordinates":[[-72.56534,-44.50396],[-72.56198,-44.50504],[-72.55936,-44.5091],[-72.55292,-44.51376],[-72.55231,-44.5156],[-72.5423,-44.52051],[-72.5388,-44.52087],[-72.53766,-44.52324],[-72.53055,-44.52796]]}},{"id":"13817","type":"Feature","properties":{"ROL":"Ruta 7","NOMBRE_CAMINO":"Longitudinal Austral, Sector: Límite Regional - Puerto Yungay","CLASIFICACION":"Camino Nacional Longitudinal","CALZADA":"ÚNICA","tmda":362.0},"geometry":{"type":"LineString","coordinates":[[-72.50069,-44.54009],[-72.49853,-44.54105]]}},{"id":"13818","type":"Feature","properties":{"ROL":"Ruta 7","NOMBRE_CAMINO":"Longitudinal Austral, Sector: Límite Regional - Puerto Yungay","CLASIFICACION":"Camino Nacional Longitudinal","CALZADA":"ÚNICA","tmda":877.0},"geometry":{"type":"LineString","coordinates":[[-72.2441,-45.25764],[-72.24267,-45.26114],[-72.23634,-45.26374],[-72.2257,-45.27224],[-72.22431,-45.2756],[-72.22583,-45.28206],[-72.2251,-45.28369],[-72.21875,-45.2793],[-72.19765,-45.28238],[-72.18934,-45.28117],[-72.15909,-45.2854],[-72.14031,-45.28198],[-72.13259,-45.28486],[-72.12765,-45.28389],[-72.12264,-45.28691],[-72.11269,-45.28976],[-72.11199,-45.29289],[-72.11012,-45.29399],[-72.10615,-45.29195],[-72.10195,-45.29191],[-72.09493,-45.29629],[-72.09379,-45.29854],[-72.0863,-45.30156],[-72.08199,-45.30678],[-72.07858,-45.30949],[-72.07485,-45.31033],[-72.07423,-45.31191],[-72.05412,-45.31953],[-72.04859,-45.32019],[-72.01986,-45.33621],[-72.00965,-45.33569],[-72.01068,-45.33846],[-72.00939,-45.34141],[-72.0032,-45.34725],[-71.99563,-45.35105],[-71.99642,-45.3625]]}},{"id":"13819","type":"Feature","properties":{"ROL":"Ruta 7","NOMBRE_CAMINO":"Longitudinal Austral, Sector: Límite Regional - Puerto Yungay","CLASIFICACION":"Camino Nacional Longitudinal","CALZADA":"ÚNICA","tmda":362.0},"geometry":{"type":"LineString","coordinates":[[-72.49763,-44.54146],[-72.49575,-44.54252]]}},{"id":"13820","type":"Feature","properties":{"ROL":"Ruta 7","NOMBRE_CAMINO":"Longitudinal Austral, Sector: Límite Regional - Puerto Yungay","CLASIFICACION":"Camino Nacional Longitudinal","CALZADA":"ÚNICA","tmda":492.0},"geometry":{"type":"LineString","coordinates":[[-72.08076,-45.59216],[-72.08158,-45.59488]]}},{"id":"13821","type":"Feature","properties":{"ROL":"Ruta 7","NOMBRE_CAMINO":"Longitudinal Austral, Sector: Límite Regional - Puerto Yungay","CLASIFICACION":"Camino Nacional Longitudinal","CALZADA":"ÚNICA","tmda":366.0},"geometry":{"type":"LineString","coordinates":[[-72.7144,-46.55739],[-72.71338,-46.56084]]}},{"id":"13822","type":"Feature","properties":{"ROL":"Ruta 7","NOMBRE_CAMINO":"Longitudinal Austral, Sector: Límite Regional - Puerto Yungay","CLASIFICACION":"Camino Nacional Longitudinal","CALZADA":"ÚNICA","tmda":366.0},"geometry":{"type":"LineString","coordinates":[[-72.708,-46.42694],[-72.70466,-46.42956],[-72.70742,-46.43921],[-72.71533,-46.44108],[-72.72442,-46.44536],[-72.71674,-46.44895],[-72.7179,-46.45435],[-72.72297,-46.45927],[-72.72067,-46.46205],[-72.72042,-46.4677],[-72.72282,-46.47956],[-72.71977,-46.49265],[-72.71644,-46.49649],[-72.71673,-46.49823],[-72.72053,-46.50021],[-72.7225,-46.504],[-72.7226,-46.50858],[-72.72084,-46.51303],[-72.72316,-46.51566],[-72.72497,-46.52777],[-72.72382,-46.53224],[-72.72452,-46.53455],[-72.71592,-46.53936],[-72.71487,-46.54512],[-72.71196,-46.55109],[-72.7144,-46.55739]]}},{"id":"13823","type":"Feature","properties":{"ROL":"ZX-526","NOMBRE_CAMINO":"Cruce X-518 (Balsa el Blanco) - Ribera Sur Río Blanco","CLASIFICACION":"Camino Regional de Acceso (En Proceso de Enrolamiento)","CALZADA":"U","tmda":null},"geometry":{"type":"LineString","coordinates":[[-72.61489,-45.46766],[-72.60154,-45.45883],[-72.59808,-45.45838],[-72.59583,-45.45508],[-72.59564,-45.45029],[-72.59936,-45.44099]]}},{"id":"13824","type":"Feature","properties":{"ROL":"X-735","NOMBRE_CAMINO":"Cruce X-65 (Puerto Ibáñez) - Península Levicán","CLASIFICACION":"Camino Regional Comunal","CALZADA":"ÚNICA","tmda":null},"geometry":{"type":"LineString","coordinates":[[-71.90382,-46.35952],[-71.90146,-46.36152],[-71.89608,-46.36184],[-71.88325,-46.36783],[-71.87708,-46.36655],[-71.87324,-46.3674],[-71.86923,-46.36597],[-71.85891,-46.36927],[-71.85316,-46.36761],[-71.85027,-46.36806],[-71.84988,-46.37075]]}},{"id":"13825","type":"Feature","properties":{"ROL":"X-735","NOMBRE_CAMINO":"Cruce X-65 (Puerto Ibáñez) - Península Levicán","CLASIFICACION":"Camino Regional Comunal","CALZADA":"ÚNICA","tmda":null},"geometry":{"type":"LineString","coordinates":[[-71.94762,-46.28194],[-71.95493,-46.28129],[-71.96693,-46.27239],[-71.97777,-46.26729],[-71.9891,-46.26838],[-71.99412,-46.26745],[-71.99645,-46.26474],[-71.99478,-46.25855],[-71.99562,-46.25727],[-71.99724,-46.25744],[-72.00178,-46.26175],[-72.0001,-46.2639],[-72.00341,-46.26498],[-72.00566,-46.26753],[-72.00278,-46.2709],[-71.98633,-46.27589],[-71.97831,-46.28327],[-71.97682,-46.28708],[-71.96977,-46.29054],[-71.96758,-46.29421],[-71.96963,-46.29576],[-71.97006,-46.30193],[-71.9727,-46.31026],[-71.96907,-46.31307],[-71.96487,-46.32457],[-71.95806,-46.32273]]}},{"id":"13826","type":"Feature","properties":{"ROL":"X-899","NOMBRE_CAMINO":"Cochrane - Lago Cochrane","CLASIFICACION":"Camino Regional Comunal","CALZADA":"ÚNICA","tmda":null},"geometry":{"type":"LineString","coordinates":[[-72.56212,-47.25158],[-72.55084,-47.25396],[-72.54779,-47.25599],[-72.54935,-47.25739],[-72.54875,-47.25869]]}},{"id":"13827","type":"Feature","properties":{"ROL":"X-899","NOMBRE_CAMINO":"Cochrane - Lago Cochrane","CLASIFICACION":"Camino Regional Comunal","CALZADA":"ÚNICA","tmda":null},"geometry":{"type":"LineString","coordinates":[[-72.53351,-47.25461],[-72.53162,-47.25346]]}},{"id":"13828","type":"Feature","properties":{"ROL":"X-565","NOMBRE_CAMINO":"Cruce Ruta 243 CH (Coyhaique Alto) - Punta El Monte - Cruce X-45 (Puente Ñirehuao)","CLASIFICACION":"Camino Regional Comunal","CALZADA":"ÚNICA","tmda":12.0},"geometry":{"type":"LineString","coordinates":[[-71.60521,-45.29982],[-71.62749,-45.28912],[-71.62898,-45.28734],[-71.64318,-45.28682],[-71.64536,-45.28318],[-71.64382,-45.281],[-71.64814,-45.27819],[-71.67352,-45.27457],[-71.67689,-45.27216]]}},{"id":"13829","type":"Feature","properties":{"ROL":"X-565","NOMBRE_CAMINO":"Cruce Ruta 243 CH (Coyhaique Alto) - Punta El Monte - Cruce X-45 (Puente Ñirehuao)","CLASIFICACION":"Camino Regional Comunal","CALZADA":"ÚNICA","tmda":12.0},"geometry":{"type":"LineString","coordinates":[[-71.60451,-45.48037],[-71.60217,-45.46674],[-71.59667,-45.45517],[-71.59295,-45.45203],[-71.5754,-45.44344],[-71.56939,-45.43882],[-71.56088,-45.42821],[-71.55929,-45.42258],[-71.54865,-45.41612],[-71.5493,-45.41132],[-71.54346,-45.4013],[-71.54174,-45.39337],[-71.53515,-45.38487],[-71.53176,-45.38597],[-71.53309,-45.3808]]}},{"id":"13830","type":"Feature","properties":{"ROL":"X-723","NOMBRE_CAMINO":"Cruce Ruta 7 - Lago Las Ardillas - Cruce X-735 (Salto Río Ibáñez)","CLASIFICACION":"Camino Regional Comunal","CALZADA":"ÚNICA","tmda":null},"geometry":{"type":"LineString","coordinates":[[-72.07029,-46.25487],[-72.06908,-46.25706],[-72.06641,-46.25722],[-72.06401,-46.25567],[-72.06305,-46.25292],[-72.05952,-46.25049],[-72.05756,-46.25203],[-72.05607,-46.25097],[-72.05648,-46.25],[-72.05064,-46.25038],[-72.04736,-46.25336],[-72.04405,-46.25231],[-72.04056,-46.25365],[-72.03646,-46.25201],[-72.02574,-46.25942],[-72.01736,-46.26046],[-72.01099,-46.263],[-72.00809,-46.26488],[-72.00648,-46.26893],[-72.00565,-46.26814]]}},{"id":"13831","type":"Feature","properties":{"ROL":"Ruta 7","NOMBRE_CAMINO":"Longitudinal Austral, Sector: Límite Regional - Puerto Yungay","CLASIFICACION":"Camino Nacional Longitudinal","CALZADA":"ÚNICA","tmda":492.0},"geometry":{"type":"LineString","coordinates":[[-72.10747,-45.50976],[-72.10892,-45.50881],[-72.1094,-45.51157],[-72.10158,-45.52166]]}},{"id":"13832","type":"Feature","properties":{"ROL":"Ruta 7","NOMBRE_CAMINO":"Longitudinal Austral, Sector: Límite Regional - Puerto Yungay","CLASIFICACION":"Camino Nacional Longitudinal","CALZADA":"ÚNICA","tmda":362.0},"geometry":{"type":"LineString","coordinates":[[-72.47146,-44.55716],[-72.45667,-44.56632],[-72.44123,-44.57001],[-72.42911,-44.56969],[-72.42035,-44.57169],[-72.41608,-44.57454],[-72.41298,-44.57857],[-72.41101,-44.5782],[-72.41215,-44.58046],[-72.40955,-44.57977],[-72.41181,-44.58115],[-72.40891,-44.58093],[-72.41219,-44.58238],[-72.40928,-44.58305],[-72.4119,-44.58361],[-72.41117,-44.58505],[-72.41388,-44.58454],[-72.41183,-44.58501],[-72.41215,-44.58611],[-72.41252,-44.58481],[-72.41435,-44.58583],[-72.41276,-44.58671],[-72.41475,-44.58893],[-72.41338,-44.58833],[-72.41843,-44.59089],[-72.42443,-44.59726]]}},{"id":"13833","type":"Feature","properties":{"ROL":"Ruta 7","NOMBRE_CAMINO":"Longitudinal Austral, Sector: Límite Regional - Puerto Yungay","CLASIFICACION":"Camino Nacional Longitudinal","CALZADA":"ÚNICA","tmda":672.0},"geometry":{"type":"LineString","coordinates":[[-72.08158,-45.59488],[-72.1012,-45.61323],[-72.10335,-45.61811],[-72.09323,-45.6316],[-72.08694,-45.63442],[-72.08822,-45.63669],[-72.08773,-45.63934],[-72.07759,-45.649],[-72.07666,-45.65211],[-72.07806,-45.65703],[-72.07646,-45.65864],[-72.07667,-45.66023],[-72.07137,-45.66584],[-72.06797,-45.67262],[-72.06175,-45.67855],[-72.06064,-45.682],[-72.05602,-45.68397],[-72.05816,-45.68724],[-72.05778,-45.69082],[-72.06191,-45.6998],[-72.05435,-45.70767],[-72.05252,-45.71162],[-72.04533,-45.71712],[-72.04487,-45.72085],[-72.03374,-45.72859],[-72.024,-45.73163],[-72.01775,-45.74023],[-72.01444,-45.74235],[-72.00417,-45.74369],[-71.99763,-45.74622],[-71.99232,-45.74497],[-71.99013,-45.74566],[-71.98029,-45.75859],[-71.96779,-45.7677],[-71.94832,-45.77655],[-71.94193,-45.78144],[-71.93312,-45.78291],[-71.92581,-45.78963],[-71.9218,-45.79666],[-71.91895,-45.80374],[-71.92024,-45.80569],[-71.91973,-45.8083],[-71.91496,-45.80895],[-71.8859,-45.83291],[-71.87117,-45.83973],[-71.87236,-45.8413],[-71.87013,-45.84783],[-71.87055,-45.86172],[-71.86828,-45.86372],[-71.85867,-45.86712],[-71.85212,-45.8725],[-71.8507,-45.87555],[-71.84977,-45.88466],[-71.8423,-45.89214],[-71.84433,-45.89698],[-71.84277,-45.90228],[-71.83743,-45.90469],[-71.83404,-45.91063],[-71.8346,-45.91598],[-71.8405,-45.92772],[-71.83958,-45.93029],[-71.84757,-45.93926],[-71.84904,-45.94263],[-71.84799,-45.94557],[-71.85066,-45.96092],[-71.86299,-45.96748],[-71.868,-45.96856],[-71.87433,-45.97609],[-71.87334,-45.98347],[-71.87595,-45.98617],[-71.88086,-45.98738],[-71.88799,-45.9918],[-71.89873,-45.99084],[-71.90469,-45.9938],[-71.91054,-45.98643],[-71.9194,-45.98243],[-71.92569,-45.97781],[-71.94707,-45.98261],[-71.94999,-45.98256],[-71.95439,-45.98033],[-71.95203,-45.9839],[-71.9502,-45.99109],[-71.95181,-45.99729],[-71.95555,-46.00166],[-71.96207,-46.00449],[-71.96675,-46.0088],[-71.97691,-46.02186],[-71.97596,-46.02404],[-71.97711,-46.02855],[-71.97625,-46.03591],[-71.97833,-46.03917],[-72.00489,-46.05621],[-72.01687,-46.06595],[-72.04338,-46.0715],[-72.04873,-46.07508],[-72.05128,-46.08276],[-72.05105,-46.08948],[-72.0529,-46.0942],[-72.05168,-46.0983],[-72.0457,-46.10319],[-72.04613,-46.10408],[-72.04971,-46.1036],[-72.04845,-46.10562],[-72.05084,-46.10473],[-72.05112,-46.1067],[-72.05327,-46.10587],[-72.05403,-46.10718],[-72.06189,-46.10953],[-72.07465,-46.10758],[-72.09629,-46.10884],[-72.10496,-46.10724],[-72.11656,-46.1098],[-72.13206,-46.10924],[-72.14472,-46.1104],[-72.15044,-46.1131],[-72.15501,-46.11951],[-72.1602,-46.1188],[-72.16357,-46.12355],[-72.16711,-46.12417],[-72.16682,-46.12801],[-72.16834,-46.12934],[-72.18061,-46.128],[-72.18297,-46.12584],[-72.18858,-46.12378],[-72.19206,-46.1238],[-72.19561,-46.12594],[-72.20023,-46.12446],[-72.21008,-46.1301],[-72.21161,-46.1324],[-72.21105,-46.13445],[-72.22238,-46.13733],[-72.24179,-46.15513],[-72.25118,-46.15706],[-72.2569,-46.1564],[-72.26679,-46.1591],[-72.2859,-46.15773],[-72.28567,-46.15904],[-72.28138,-46.16051],[-72.28626,-46.15985],[-72.28863,-46.15697],[-72.29705,-46.15695]]}},{"id":"13834","type":"Feature","properties":{"ROL":"Ruta 7","NOMBRE_CAMINO":"Longitudinal Austral, Sector: Límite Regional - Puerto Yungay","CLASIFICACION":"Camino Nacional Longitudinal","CALZADA":"ÚNICA","tmda":366.0},"geometry":{"type":"LineString","coordinates":[[-72.71338,-46.56084],[-72.71346,-46.56435],[-72.7083,-46.56693],[-72.70631,-46.5687],[-72.70681,-46.57103],[-72.70264,-46.57242],[-72.69991,-46.57528],[-72.70012,-46.58772],[-72.69366,-46.59197],[-72.6916,-46.59472],[-72.68849,-46.59587],[-72.68577,-46.60014],[-72.68445,-46.60776],[-72.68219,-46.60971]]}},{"id":"13835","type":"Feature","properties":{"ROL":"Ruta 7","NOMBRE_CAMINO":"Longitudinal Austral, Sector: Límite Regional - Puerto Yungay","CLASIFICACION":"Camino Nacional Longitudinal","CALZADA":"ÚNICA","tmda":362.0},"geometry":{"type":"LineString","coordinates":[[-72.48799,-44.54868],[-72.47944,-44.55173],[-72.47146,-44.55716]]}},{"id":"13836","type":"Feature","properties":{"ROL":"Ruta 7","NOMBRE_CAMINO":"Longitudinal Austral, Sector: Límite Regional - Puerto Yungay","CLASIFICACION":"Camino Nacional Longitudinal","CALZADA":"ÚNICA","tmda":260.0},"geometry":{"type":"LineString","coordinates":[[-72.81157,-46.83088],[-72.81017,-46.83292]]}},{"id":"13837","type":"Feature","properties":{"ROL":"Ruta 7","NOMBRE_CAMINO":"Longitudinal Austral, Sector: Límite Regional - Puerto Yungay","CLASIFICACION":"Camino Nacional Longitudinal","CALZADA":"ÚNICA","tmda":362.0},"geometry":{"type":"LineString","coordinates":[[-72.5155,-44.53442],[-72.51182,-44.5366]]}},{"id":"13838","type":"Feature","properties":{"ROL":"Ruta 7","NOMBRE_CAMINO":"Longitudinal Austral, Sector: Límite Regional - Puerto Yungay","CLASIFICACION":"Camino Nacional Longitudinal","CALZADA":"ÚNICA","tmda":362.0},"geometry":{"type":"LineString","coordinates":[[-72.49445,-44.54426],[-72.49284,-44.54577]]}},{"id":"13839","type":"Feature","properties":{"ROL":"Ruta 7","NOMBRE_CAMINO":"Longitudinal Austral, Sector: Límite Regional - Puerto Yungay","CLASIFICACION":"Camino Nacional Longitudinal","CALZADA":"ÚNICA","tmda":697.0},"geometry":{"type":"LineString","coordinates":[[-72.59109,-44.42209],[-72.59039,-44.42414],[-72.59487,-44.43559],[-72.59335,-44.43928],[-72.59461,-44.44596],[-72.59137,-44.45062],[-72.57776,-44.46178],[-72.56897,-44.45846],[-72.5608,-44.46139],[-72.56921,-44.47439],[-72.57362,-44.47588],[-72.57951,-44.48058],[-72.57979,-44.48415],[-72.58402,-44.48711],[-72.58248,-44.49]]}},{"id":"13840","type":"Feature","properties":{"ROL":"Ruta 7","NOMBRE_CAMINO":"Longitudinal Austral, Sector: Límite Regional - Puerto Yungay","CLASIFICACION":"Camino Nacional Longitudinal","CALZADA":"ÚNICA","tmda":362.0},"geometry":{"type":"LineString","coordinates":[[-72.51182,-44.5366],[-72.5075,-44.53901],[-72.50069,-44.54009]]}},{"id":"13841","type":"Feature","properties":{"ROL":"Ruta 7","NOMBRE_CAMINO":"Longitudinal Austral, Sector: Límite Regional - Puerto Yungay","CLASIFICACION":"Camino Nacional Longitudinal","CALZADA":"ÚNICA","tmda":1205.0},"geometry":{"type":"LineString","coordinates":[[-72.33586,-43.6737],[-72.33249,-43.68091],[-72.33268,-43.68388],[-72.33966,-43.69035],[-72.34182,-43.70184],[-72.33951,-43.70708],[-72.33465,-43.71141],[-72.33489,-43.71553],[-72.33687,-43.71856],[-72.33587,-43.72035],[-72.34605,-43.72516],[-72.35321,-43.74263],[-72.35467,-43.74827],[-72.35421,-43.7538],[-72.35921,-43.76511],[-72.35697,-43.77807],[-72.35892,-43.78102],[-72.3614,-43.79275],[-72.36587,-43.79446],[-72.36383,-43.80346],[-72.35792,-43.80709],[-72.35357,-43.81255],[-72.357,-43.818],[-72.35239,-43.82978],[-72.3548,-43.83491],[-72.35407,-43.83852],[-72.35981,-43.84776],[-72.366,-43.85269],[-72.368,-43.85956],[-72.36725,-43.86322],[-72.36934,-43.86688],[-72.36804,-43.87732],[-72.37092,-43.88252],[-72.37273,-43.89823],[-72.37555,-43.90914],[-72.38117,-43.91582],[-72.3793,-43.91971],[-72.37928,-43.92424],[-72.38157,-43.92745],[-72.38161,-43.92969],[-72.37663,-43.93608],[-72.37673,-43.93929],[-72.37907,-43.94382],[-72.38243,-43.94523],[-72.39062,-43.94485],[-72.39472,-43.94915],[-72.39741,-43.95525],[-72.39625,-43.96046],[-72.40486,-43.98003],[-72.41437,-43.99586],[-72.4214,-43.99994],[-72.42506,-44.0069],[-72.42656,-44.01542],[-72.42451,-44.01868],[-72.42558,-44.02564],[-72.4281,-44.03026],[-72.43392,-44.03411],[-72.4355,-44.03796],[-72.43285,-44.04572],[-72.43428,-44.05429],[-72.43835,-44.05964],[-72.43982,-44.06648],[-72.44293,-44.07063],[-72.44489,-44.08344],[-72.4505,-44.09675],[-72.45049,-44.10334],[-72.45287,-44.10916],[-72.45296,-44.11648],[-72.45559,-44.12649],[-72.46164,-44.13918],[-72.46273,-44.14925],[-72.46646,-44.15287],[-72.46821,-44.15074],[-72.47142,-44.15119],[-72.47619,-44.15521],[-72.48347,-44.1652],[-72.49267,-44.17291],[-72.49552,-44.18185],[-72.49618,-44.18699],[-72.49505,-44.19117],[-72.49714,-44.19529],[-72.49703,-44.20055],[-72.49874,-44.2028],[-72.502,-44.21911],[-72.50793,-44.23071],[-72.50782,-44.23452],[-72.51079,-44.23591],[-72.51399,-44.24176],[-72.515,-44.24698],[-72.51935,-44.25205],[-72.52642,-44.26757],[-72.53,-44.27166],[-72.53273,-44.28275],[-72.5401,-44.29171],[-72.54481,-44.2937],[-72.54544,-44.29784],[-72.55442,-44.30344],[-72.55656,-44.30791]]}},{"id":"13842","type":"Feature","properties":{"ROL":"Ruta 7","NOMBRE_CAMINO":"Longitudinal Austral, Sector: Límite Regional - Puerto Yungay","CLASIFICACION":"Camino Nacional Longitudinal","CALZADA":"ÚNICA","tmda":358.0},"geometry":{"type":"LineString","coordinates":[[-72.81017,-46.83292],[-72.80252,-46.84325],[-72.80257,-46.8462],[-72.80074,-46.84739],[-72.79991,-46.85269],[-72.79623,-46.85523],[-72.79373,-46.85993],[-72.79534,-46.86814],[-72.79476,-46.87067],[-72.7924,-46.87291],[-72.79444,-46.87882],[-72.79104,-46.8884],[-72.78262,-46.901],[-72.78815,-46.90594],[-72.7905,-46.91006],[-72.79087,-46.91664],[-72.78782,-46.92036],[-72.79029,-46.9254],[-72.78978,-46.92742],[-72.79124,-46.92888],[-72.78584,-46.93899],[-72.78621,-46.94285],[-72.79306,-46.95185],[-72.79088,-46.96746],[-72.79343,-46.97267],[-72.79178,-46.97926],[-72.79443,-46.99323],[-72.79864,-46.99968],[-72.79839,-47.00755],[-72.80127,-47.0144],[-72.80766,-47.02282],[-72.8141,-47.02165]]}},{"id":"13843","type":"Feature","properties":{"ROL":"Ruta 7","NOMBRE_CAMINO":"Longitudinal Austral, Sector: Límite Regional - Puerto Yungay","CLASIFICACION":"Camino Nacional Longitudinal","CALZADA":"ÚNICA","tmda":362.0},"geometry":{"type":"LineString","coordinates":[[-72.52154,-44.53084],[-72.5155,-44.53442]]}},{"id":"13844","type":"Feature","properties":{"ROL":"Ruta 7","NOMBRE_CAMINO":"Longitudinal Austral, Sector: Límite Regional - Puerto Yungay","CLASIFICACION":"Camino Nacional Longitudinal","CALZADA":"ÚNICA","tmda":877.0},"geometry":{"type":"LineString","coordinates":[[-72.14004,-45.14331],[-72.14102,-45.14389]]}},{"id":"13845","type":"Feature","properties":{"ROL":"Ruta 7","NOMBRE_CAMINO":"Longitudinal Austral, Sector: Límite Regional - Puerto Yungay","CLASIFICACION":"Camino Nacional Longitudinal","CALZADA":"ÚNICA","tmda":null},"geometry":{"type":"LineString","coordinates":[[-72.58777,-47.26237],[-72.58762,-47.2676],[-72.59641,-47.28075],[-72.59344,-47.2857],[-72.58582,-47.28536],[-72.59344,-47.29292],[-72.59225,-47.29987],[-72.59532,-47.31077],[-72.60399,-47.31382],[-72.60707,-47.3169],[-72.61624,-47.31723],[-72.62636,-47.32007],[-72.63211,-47.31786],[-72.63763,-47.31923],[-72.65653,-47.32968],[-72.65789,-47.33147],[-72.65662,-47.33534],[-72.66484,-47.33959],[-72.67753,-47.35666],[-72.68275,-47.36041],[-72.69657,-47.37573],[-72.70198,-47.38406],[-72.70733,-47.40172],[-72.71893,-47.40955],[-72.73144,-47.4149],[-72.73565,-47.42097],[-72.73933,-47.42218],[-72.75098,-47.43014],[-72.76089,-47.43991],[-72.76526,-47.44186],[-72.76628,-47.43997],[-72.76875,-47.43987],[-72.77409,-47.4415],[-72.77933,-47.44597],[-72.78293,-47.4465],[-72.78398,-47.44896],[-72.78223,-47.44986],[-72.78269,-47.45177],[-72.7902,-47.46219],[-72.79171,-47.46686],[-72.78962,-47.46781],[-72.79157,-47.4762],[-72.79343,-47.4775],[-72.80443,-47.47942],[-72.8084,-47.48252],[-72.80743,-47.48563],[-72.81167,-47.49612],[-72.80731,-47.49765],[-72.81654,-47.49834],[-72.81501,-47.49871],[-72.82595,-47.50111],[-72.83649,-47.50657],[-72.8648,-47.51302],[-72.86171,-47.52077],[-72.86244,-47.52429],[-72.85762,-47.53922],[-72.86293,-47.55489],[-72.86152,-47.5627],[-72.86383,-47.56937],[-72.86807,-47.57217],[-72.86846,-47.57629],[-72.87276,-47.57895],[-72.87045,-47.58112],[-72.8542,-47.58312],[-72.8516,-47.59173],[-72.84809,-47.59408],[-72.84859,-47.59545],[-72.86113,-47.59687],[-72.86459,-47.60598],[-72.87077,-47.60928],[-72.87655,-47.60991],[-72.88456,-47.6068],[-72.89516,-47.60606],[-72.90676,-47.60984],[-72.92541,-47.61316],[-72.94966,-47.62363],[-72.9518,-47.62714],[-72.96518,-47.63543],[-72.96793,-47.63939],[-72.97812,-47.64708],[-72.97879,-47.65383],[-72.9772,-47.65649],[-72.98085,-47.66099],[-72.98815,-47.66531],[-73.00608,-47.66813],[-73.02359,-47.67842],[-73.02257,-47.68042],[-73.029,-47.68683],[-73.03961,-47.69109],[-73.04464,-47.69596],[-73.05727,-47.70308],[-73.06306,-47.70445],[-73.06752,-47.70352],[-73.07324,-47.70537],[-73.0845,-47.70464],[-73.09174,-47.70637],[-73.09674,-47.7041],[-73.11791,-47.70097],[-73.13262,-47.69427],[-73.1416,-47.69472],[-73.14704,-47.70073],[-73.16262,-47.7091],[-73.16527,-47.71485],[-73.17743,-47.72722],[-73.1929,-47.72647],[-73.19647,-47.72336],[-73.20788,-47.72294],[-73.20869,-47.72035],[-73.2104,-47.7198],[-73.22076,-47.72517],[-73.23312,-47.72859],[-73.23434,-47.73219],[-73.23343,-47.73451],[-73.23699,-47.73844],[-73.24023,-47.75038],[-73.24521,-47.7572],[-73.25677,-47.76423],[-73.27403,-47.76852],[-73.28087,-47.76878],[-73.29361,-47.77692],[-73.29855,-47.77767],[-73.30127,-47.78081],[-73.30623,-47.78325],[-73.30311,-47.78265],[-73.30458,-47.78599],[-73.30405,-47.78759],[-73.30017,-47.79016],[-73.2966,-47.7956],[-73.29928,-47.80803],[-73.30148,-47.80985],[-73.30459,-47.81865],[-73.30349,-47.82586],[-73.30529,-47.82881],[-73.30358,-47.83452],[-73.30543,-47.84008],[-73.30409,-47.84657],[-73.30178,-47.84928],[-73.30246,-47.85235],[-73.3051,-47.85255],[-73.30767,-47.85445],[-73.30913,-47.86153],[-73.3114,-47.86383],[-73.31142,-47.86695],[-73.31967,-47.87697]]}},{"id":"13846","type":"Feature","properties":{"ROL":"Ruta 7","NOMBRE_CAMINO":"Longitudinal Austral, Sector: Límite Regional - Puerto Yungay","CLASIFICACION":"Camino Nacional Longitudinal","CALZADA":"ÚNICA","tmda":3089.0},"geometry":{"type":"LineString","coordinates":[[-71.99652,-45.45891],[-71.99432,-45.46196],[-71.99625,-45.47071],[-71.99985,-45.47524],[-72.00428,-45.47769],[-72.01835,-45.47736],[-72.02709,-45.48095],[-72.03664,-45.48202],[-72.04609,-45.4849],[-72.05136,-45.48968],[-72.06138,-45.49499],[-72.06432,-45.49791],[-72.06914,-45.49928],[-72.07408,-45.504],[-72.08265,-45.50862],[-72.09729,-45.5109],[-72.10747,-45.50976]]}},{"id":"13847","type":"Feature","properties":{"ROL":"Ruta 7","NOMBRE_CAMINO":"Longitudinal Austral, Sector: Límite Regional - Puerto Yungay","CLASIFICACION":"Camino Nacional Longitudinal","CALZADA":"ÚNICA","tmda":877.0},"geometry":{"type":"LineString","coordinates":[[-72.14102,-45.14389],[-72.14303,-45.15214],[-72.14122,-45.16055],[-72.14254,-45.16729],[-72.15065,-45.17959],[-72.17218,-45.1902],[-72.17865,-45.19549],[-72.19935,-45.20727],[-72.20449,-45.21661],[-72.21184,-45.21928],[-72.21503,-45.22274],[-72.23666,-45.23609],[-72.23968,-45.24208],[-72.24473,-45.24633],[-72.24628,-45.24961],[-72.2441,-45.25764]]}},{"id":"13848","type":"Feature","properties":{"ROL":"Ruta 7","NOMBRE_CAMINO":"Longitudinal Austral, Sector: Límite Regional - Puerto Yungay","CLASIFICACION":"Camino Nacional Longitudinal","CALZADA":"ÚNICA","tmda":362.0},"geometry":{"type":"LineString","coordinates":[[-72.49554,-44.5427],[-72.49445,-44.54426]]}},{"id":"13849","type":"Feature","properties":{"ROL":"Ruta 7","NOMBRE_CAMINO":"Longitudinal Austral, Sector: Límite Regional - Puerto Yungay","CLASIFICACION":"Camino Nacional Longitudinal","CALZADA":"ÚNICA","tmda":260.0},"geometry":{"type":"LineString","coordinates":[[-72.68505,-46.61371],[-72.67555,-46.6187],[-72.67553,-46.62207],[-72.67188,-46.62454],[-72.67223,-46.62688],[-72.66374,-46.6362],[-72.6562,-46.63952],[-72.65171,-46.64376],[-72.64466,-46.65265],[-72.64274,-46.65859],[-72.64058,-46.66038],[-72.66291,-46.68166],[-72.66251,-46.68468],[-72.66571,-46.69063],[-72.67038,-46.69463],[-72.69236,-46.70169],[-72.69615,-46.70391],[-72.69708,-46.70701],[-72.71014,-46.71174],[-72.71778,-46.71854],[-72.71969,-46.7242],[-72.73093,-46.73449],[-72.73103,-46.73625],[-72.73665,-46.73809],[-72.73962,-46.74115],[-72.74375,-46.74272],[-72.75025,-46.74129],[-72.75418,-46.73616],[-72.75735,-46.7356],[-72.76405,-46.74115],[-72.77144,-46.74064],[-72.78989,-46.73095],[-72.80411,-46.72565],[-72.82776,-46.73048],[-72.83517,-46.7358],[-72.84533,-46.73793],[-72.85913,-46.73677],[-72.86168,-46.73842],[-72.86102,-46.74033],[-72.85303,-46.74274],[-72.8339,-46.75164],[-72.82358,-46.7647],[-72.81878,-46.7739],[-72.81096,-46.78127],[-72.8108,-46.78398],[-72.81221,-46.78632],[-72.81024,-46.78959],[-72.81388,-46.79185],[-72.8116,-46.79383],[-72.81101,-46.79859],[-72.81449,-46.80736],[-72.81385,-46.81185],[-72.81577,-46.81657],[-72.81477,-46.81926],[-72.81721,-46.82312],[-72.81554,-46.82682],[-72.81157,-46.83088]]}},{"id":"13850","type":"Feature","properties":{"ROL":"Ruta 7","NOMBRE_CAMINO":"Longitudinal Austral, Sector: Límite Regional - Puerto Yungay","CLASIFICACION":"Camino Nacional Longitudinal","CALZADA":"ÚNICA","tmda":697.0},"geometry":{"type":"LineString","coordinates":[[-72.58248,-44.49],[-72.57348,-44.49681],[-72.57218,-44.50014],[-72.56888,-44.50124]]}},{"id":"13851","type":"Feature","properties":{"ROL":"Ruta 7","NOMBRE_CAMINO":"Longitudinal Austral, Sector: Límite Regional - Puerto Yungay","CLASIFICACION":"Camino Nacional Longitudinal","CALZADA":"ÚNICA","tmda":366.0},"geometry":{"type":"LineString","coordinates":[[-72.68219,-46.60971],[-72.68165,-46.61163],[-72.68476,-46.61256],[-72.68505,-46.61371]]}},{"id":"13852","type":"Feature","properties":{"ROL":"Ruta 7","NOMBRE_CAMINO":"Longitudinal Austral, Sector: Límite Regional - Puerto Yungay","CLASIFICACION":"Camino Nacional Longitudinal","CALZADA":"ÚNICA","tmda":587.0},"geometry":{"type":"LineString","coordinates":[[-72.55656,-44.30791],[-72.55637,-44.30969]]}},{"id":"13853","type":"Feature","properties":{"ROL":"Ruta 7","NOMBRE_CAMINO":"Longitudinal Austral, Sector: Límite Regional - Puerto Yungay","CLASIFICACION":"Camino Nacional Longitudinal","CALZADA":"ÚNICA","tmda":697.0},"geometry":{"type":"LineString","coordinates":[[-72.56888,-44.50124],[-72.56534,-44.50396]]}},{"id":"13854","type":"Feature","properties":{"ROL":"Ruta 7","NOMBRE_CAMINO":"Longitudinal Austral, Sector: Límite Regional - Puerto Yungay","CLASIFICACION":"Camino Nacional Longitudinal","CALZADA":"ÚNICA","tmda":291.0},"geometry":{"type":"LineString","coordinates":[[-72.81479,-47.022],[-72.81816,-47.02354],[-72.82475,-47.0174],[-72.82992,-47.01965],[-72.8287,-47.02493],[-72.82331,-47.03469],[-72.80696,-47.05379],[-72.8049,-47.05945],[-72.80188,-47.06031],[-72.79552,-47.06703],[-72.78078,-47.07749],[-72.77555,-47.08286],[-72.77554,-47.08753],[-72.77334,-47.09102],[-72.77298,-47.09442],[-72.77573,-47.09851],[-72.7741,-47.10345],[-72.7734,-47.11482],[-72.76419,-47.12226],[-72.75925,-47.1228],[-72.75006,-47.12758],[-72.73757,-47.12766],[-72.72501,-47.13119],[-72.72307,-47.13279],[-72.70845,-47.12727],[-72.69179,-47.1283],[-72.68942,-47.13007],[-72.6762,-47.12502],[-72.66786,-47.12767],[-72.64646,-47.11614],[-72.63302,-47.11786],[-72.63274,-47.11594],[-72.62861,-47.11217],[-72.62661,-47.1143],[-72.62327,-47.11253],[-72.61583,-47.11299],[-72.61202,-47.11481],[-72.60765,-47.11421],[-72.60531,-47.11707],[-72.60294,-47.11499],[-72.60356,-47.118],[-72.60686,-47.12178],[-72.60665,-47.12343],[-72.6021,-47.12709],[-72.61142,-47.15728],[-72.6102,-47.17009],[-72.61361,-47.17193],[-72.61684,-47.17634],[-72.61567,-47.18632],[-72.61804,-47.19274],[-72.62565,-47.20423],[-72.62236,-47.20978],[-72.62278,-47.21256],[-72.61706,-47.222],[-72.61709,-47.22521],[-72.61377,-47.22499],[-72.6074,-47.22909]]}},{"id":"13855","type":"Feature","properties":{"ROL":"Ruta 7","NOMBRE_CAMINO":"Longitudinal Austral, Sector: Límite Regional - Puerto Yungay","CLASIFICACION":"Camino Nacional Longitudinal","CALZADA":"ÚNICA","tmda":454.0},"geometry":{"type":"LineString","coordinates":[[-72.70817,-46.42658],[-72.708,-46.42694]]}},{"id":"13856","type":"Feature","properties":{"ROL":"Ruta 7","NOMBRE_CAMINO":"Longitudinal Austral, Sector: Límite Regional - Puerto Yungay","CLASIFICACION":"Camino Nacional Longitudinal","CALZADA":"ÚNICA","tmda":362.0},"geometry":{"type":"LineString","coordinates":[[-72.49284,-44.54577],[-72.48939,-44.54811]]}},{"id":"13857","type":"Feature","properties":{"ROL":"Ruta 7","NOMBRE_CAMINO":"Longitudinal Austral, Sector: Límite Regional - Puerto Yungay","CLASIFICACION":"Camino Nacional Longitudinal","CALZADA":"ÚNICA","tmda":697.0},"geometry":{"type":"LineString","coordinates":[[-72.55637,-44.30969],[-72.55546,-44.31688],[-72.55201,-44.32128],[-72.55361,-44.32711],[-72.55749,-44.33104],[-72.5611,-44.33935],[-72.56667,-44.34229],[-72.57085,-44.35028],[-72.56756,-44.35482],[-72.56054,-44.35967],[-72.5589,-44.36289],[-72.56005,-44.36417],[-72.57278,-44.36735],[-72.5786,-44.37461],[-72.58029,-44.37888],[-72.57821,-44.38423],[-72.58038,-44.38748],[-72.58109,-44.39249]]}},{"id":"13858","type":"Feature","properties":{"ROL":"Ruta 7","NOMBRE_CAMINO":"Longitudinal Austral, Sector: Límite Regional - Puerto Yungay","CLASIFICACION":"Camino Nacional Longitudinal","CALZADA":"ÚNICA","tmda":111.0},"geometry":{"type":"LineString","coordinates":[[-73.31967,-47.87697],[-73.31983,-47.87882]]}},{"id":"13859","type":"Feature","properties":{"ROL":"Ruta 7","NOMBRE_CAMINO":"Longitudinal Austral, Sector: Límite Regional - Puerto Yungay","CLASIFICACION":"Camino Nacional Longitudinal","CALZADA":"ÚNICA","tmda":null},"geometry":{"type":"LineString","coordinates":[[-72.29705,-46.15695],[-72.31876,-46.15794],[-72.332,-46.15497],[-72.33706,-46.15705],[-72.33637,-46.159],[-72.33735,-46.1598],[-72.37136,-46.16015],[-72.38143,-46.15406],[-72.38725,-46.14578],[-72.40355,-46.13749],[-72.41636,-46.13347],[-72.42625,-46.13418],[-72.43762,-46.1297],[-72.44766,-46.13288],[-72.4681,-46.13259],[-72.48207,-46.12843],[-72.48942,-46.12385],[-72.49904,-46.12164],[-72.51289,-46.12175],[-72.53682,-46.11808],[-72.54318,-46.12177],[-72.54855,-46.12251],[-72.55194,-46.1246],[-72.55855,-46.12243],[-72.56054,-46.12308],[-72.55927,-46.12764],[-72.56832,-46.13293],[-72.57499,-46.13161],[-72.58513,-46.13558],[-72.59233,-46.13544],[-72.61703,-46.14241],[-72.63393,-46.15888],[-72.6345,-46.16231],[-72.63759,-46.16363],[-72.6685,-46.16672],[-72.68232,-46.17081],[-72.68687,-46.1703],[-72.68937,-46.1673],[-72.68799,-46.16315],[-72.69295,-46.16305],[-72.71534,-46.17157],[-72.72596,-46.17061],[-72.74118,-46.1807],[-72.75004,-46.18277],[-72.75565,-46.18689],[-72.76945,-46.18863],[-72.7782,-46.19279],[-72.78964,-46.19417],[-72.79871,-46.19013],[-72.80359,-46.19122],[-72.80368,-46.19336],[-72.80624,-46.19633],[-72.8075,-46.20362],[-72.80457,-46.20879],[-72.80312,-46.21567],[-72.80474,-46.21754],[-72.80874,-46.2171],[-72.80417,-46.22416],[-72.80772,-46.22826],[-72.80251,-46.23149],[-72.79852,-46.23735],[-72.79222,-46.24127],[-72.79134,-46.24446],[-72.79765,-46.26179],[-72.79955,-46.26362],[-72.79996,-46.26629],[-72.79824,-46.26989],[-72.80358,-46.28387],[-72.80389,-46.29322],[-72.80023,-46.30116],[-72.79141,-46.30647],[-72.78662,-46.31524],[-72.78324,-46.31848],[-72.77953,-46.33225],[-72.7711,-46.33441],[-72.77653,-46.34014],[-72.77883,-46.34972],[-72.77754,-46.35327],[-72.77073,-46.35701],[-72.76388,-46.35808],[-72.76428,-46.3598],[-72.76002,-46.361],[-72.75687,-46.36439],[-72.75849,-46.37092],[-72.75346,-46.37663],[-72.74354,-46.37946],[-72.73433,-46.38822],[-72.72577,-46.39317],[-72.71949,-46.39967],[-72.71755,-46.40269],[-72.71869,-46.40635],[-72.71656,-46.41499],[-72.70817,-46.42658]]}},{"id":"13860","type":"Feature","properties":{"ROL":"Ruta 7","NOMBRE_CAMINO":"Longitudinal Austral, Sector: Límite Regional - Puerto Yungay","CLASIFICACION":"Camino Nacional Longitudinal","CALZADA":"ÚNICA","tmda":362.0},"geometry":{"type":"LineString","coordinates":[[-72.49838,-44.54112],[-72.49763,-44.54146]]}},{"id":"13861","type":"Feature","properties":{"ROL":"Ruta 7","NOMBRE_CAMINO":"Longitudinal Austral, Sector: Límite Regional - Puerto Yungay","CLASIFICACION":"Camino Nacional Longitudinal","CALZADA":"ÚNICA","tmda":362.0},"geometry":{"type":"LineString","coordinates":[[-72.53055,-44.52796],[-72.52154,-44.53084]]}},{"id":"13862","type":"Feature","properties":{"ROL":"Ruta 7","NOMBRE_CAMINO":"Longitudinal Austral, Sector: Límite Regional - Puerto Yungay","CLASIFICACION":"Camino Nacional Longitudinal","CALZADA":"ÚNICA","tmda":362.0},"geometry":{"type":"LineString","coordinates":[[-72.49575,-44.54252],[-72.49554,-44.5427]]}},{"id":"13863","type":"Feature","properties":{"ROL":"Ruta 7","NOMBRE_CAMINO":"Longitudinal Austral, Sector: Límite Regional - Puerto Yungay","CLASIFICACION":"Camino Nacional Longitudinal","CALZADA":"ÚNICA","tmda":362.0},"geometry":{"type":"LineString","coordinates":[[-72.48939,-44.54811],[-72.48799,-44.54868]]}},{"id":"13864","type":"Feature","properties":{"ROL":"Ruta 7","NOMBRE_CAMINO":"Longitudinal Austral, Sector: Límite Regional - Puerto Yungay","CLASIFICACION":"Camino Nacional Longitudinal","CALZADA":"ÚNICA","tmda":362.0},"geometry":{"type":"LineString","coordinates":[[-72.49853,-44.54105],[-72.49838,-44.54112]]}},{"id":"13865","type":"Feature","properties":{"ROL":"Ruta 7","NOMBRE_CAMINO":"Longitudinal Austral, Sector: Límite Regional - Puerto Yungay","CLASIFICACION":"Camino Nacional Longitudinal","CALZADA":"ÚNICA","tmda":492.0},"geometry":{"type":"LineString","coordinates":[[-72.07832,-45.58404],[-72.07515,-45.58491],[-72.08076,-45.59216]]}},{"id":"13866","type":"Feature","properties":{"ROL":"Ruta 7","NOMBRE_CAMINO":"Longitudinal Austral, Sector: Límite Regional - Puerto Yungay","CLASIFICACION":"Camino Nacional Longitudinal","CALZADA":"ÚNICA","tmda":590.0},"geometry":{"type":"LineString","coordinates":[[-71.99642,-45.3625],[-71.99796,-45.36655],[-71.99519,-45.37511],[-71.99701,-45.37841],[-71.99722,-45.38586],[-72.00574,-45.39928],[-72.00754,-45.41542],[-72.00669,-45.41796],[-72.00818,-45.42532],[-72.01214,-45.43416],[-72.00836,-45.43926],[-72.00812,-45.44149],[-72.00225,-45.44852],[-72.00046,-45.45602],[-71.99652,-45.45891]]}},{"id":"13867","type":"Feature","properties":{"ROL":"Ruta 7","NOMBRE_CAMINO":"Longitudinal Austral, Sector: Límite Regional - Puerto Yungay","CLASIFICACION":"Camino Nacional Longitudinal","CALZADA":"ÚNICA","tmda":492.0},"geometry":{"type":"LineString","coordinates":[[-72.10158,-45.52166],[-72.09997,-45.52329],[-72.09627,-45.52381],[-72.08627,-45.52199],[-72.081,-45.5231],[-72.07913,-45.52711],[-72.07997,-45.53201],[-72.07543,-45.53306],[-72.07504,-45.53843],[-72.07148,-45.53943],[-72.06934,-45.54345],[-72.0648,-45.54705],[-72.06701,-45.55206],[-72.069,-45.5537],[-72.06868,-45.55507],[-72.073,-45.5592],[-72.07766,-45.57058],[-72.07822,-45.57428],[-72.07542,-45.57773],[-72.07868,-45.58234],[-72.07832,-45.58404]]}},{"id":"13868","type":"Feature","properties":{"ROL":"Ruta 7","NOMBRE_CAMINO":"Longitudinal Austral, Sector: Límite Regional - Puerto Yungay","CLASIFICACION":"Camino Nacional Longitudinal","CALZADA":"ÚNICA","tmda":697.0},"geometry":{"type":"LineString","coordinates":[[-72.58109,-44.39249],[-72.58228,-44.40071],[-72.58532,-44.40464],[-72.58544,-44.40922],[-72.58968,-44.41342],[-72.59109,-44.42209]]}},{"id":"13869","type":"Feature","properties":{"ROL":"Ruta 7","NOMBRE_CAMINO":"Longitudinal Austral, Sector: Límite Regional - Puerto Yungay","CLASIFICACION":"Camino Nacional Longitudinal","CALZADA":"ÚNICA","tmda":319.0},"geometry":{"type":"LineString","coordinates":[[-72.6074,-47.22909],[-72.60589,-47.23125],[-72.60364,-47.24357],[-72.59674,-47.2443],[-72.5797,-47.25083],[-72.58061,-47.25477],[-72.58615,-47.2567],[-72.58777,-47.26237]]}},{"id":"13870","type":"Feature","properties":{"ROL":"Ruta 7","NOMBRE_CAMINO":"Longitudinal Austral, Sector: Límite Regional - Puerto Yungay","CLASIFICACION":"Camino Nacional Longitudinal","CALZADA":"ÚNICA","tmda":358.0},"geometry":{"type":"LineString","coordinates":[[-72.8141,-47.02165],[-72.81479,-47.022]]}},{"id":"13871","type":"Feature","properties":{"ROL":"Ruta 7","NOMBRE_CAMINO":"Longitudinal Austral, Sector: Límite Regional - Puerto Yungay","CLASIFICACION":"Camino Nacional Longitudinal (En Proceso de Enrolamiento)","CALZADA":"ÚNICA","tmda":null},"geometry":{"type":"LineString","coordinates":[[-73.22389,-47.96828],[-73.2216,-47.96979],[-73.21689,-47.96944],[-73.21377,-47.97113],[-73.21042,-47.97116],[-73.20374,-47.97539],[-73.19835,-47.97604],[-73.19331,-47.9786],[-73.17434,-47.97674],[-73.1717,-47.97839],[-73.17083,-47.98064],[-73.16589,-47.98191],[-73.16343,-47.98509],[-73.14937,-47.98958],[-73.14589,-47.99465],[-73.13986,-47.99507],[-73.12971,-48.00072],[-73.12672,-48.0082],[-73.12055,-48.01573],[-73.12292,-48.03168],[-73.12746,-48.04197],[-73.13147,-48.04745],[-73.13075,-48.05245],[-73.13305,-48.06093],[-73.13626,-48.0667],[-73.13659,-48.0717],[-73.13429,-48.07825],[-73.13118,-48.08145],[-73.12988,-48.08931],[-73.11679,-48.09661],[-73.11474,-48.09948],[-73.11913,-48.10589],[-73.1238,-48.10988],[-73.12464,-48.12666],[-73.1291,-48.13193],[-73.12897,-48.13993],[-73.12359,-48.14438],[-73.11525,-48.14123],[-73.10567,-48.14283],[-73.08733,-48.15375],[-73.08643,-48.15684],[-73.08794,-48.15819]]}},{"id":"13872","type":"Feature","properties":{"ROL":"Ruta 7","NOMBRE_CAMINO":"Longitudinal Austral, Sector: Límite Regional - Puerto Yungay","CLASIFICACION":"Camino Nacional Longitudinal (En Proceso de Enrolamiento)","CALZADA":"ÚNICA","tmda":null},"geometry":{"type":"LineString","coordinates":[[-73.09032,-48.15887],[-73.09395,-48.16199],[-73.10215,-48.16584],[-73.11692,-48.16169],[-73.12697,-48.16309],[-73.13917,-48.17157],[-73.1401,-48.17735],[-73.14259,-48.18118],[-73.14896,-48.18586],[-73.15218,-48.19972],[-73.15722,-48.20133],[-73.15795,-48.20504],[-73.16143,-48.20949],[-73.16434,-48.22916],[-73.16967,-48.23552],[-73.17319,-48.23138],[-73.17894,-48.23421],[-73.18542,-48.23412],[-73.19838,-48.22834],[-73.21595,-48.22851],[-73.21981,-48.2296],[-73.23138,-48.229],[-73.25061,-48.23612],[-73.25575,-48.24223],[-73.26426,-48.24441],[-73.27495,-48.2449],[-73.28654,-48.25015],[-73.30246,-48.2534],[-73.30297,-48.25115],[-73.29832,-48.25011],[-73.2917,-48.24287],[-73.2916,-48.23431],[-73.2973,-48.23148],[-73.31234,-48.22927],[-73.32226,-48.23158],[-73.32652,-48.23658],[-73.32792,-48.23674],[-73.33051,-48.23416],[-73.33411,-48.22584],[-73.33794,-48.22111],[-73.34001,-48.22061],[-73.33953,-48.21644],[-73.35074,-48.21071]]}},{"id":"13873","type":"Feature","properties":{"ROL":"Ruta 7","NOMBRE_CAMINO":"Longitudinal Austral, Sector: Límite Regional - Puerto Yungay","CLASIFICACION":"Camino Nacional Longitudinal","CALZADA":"ÚNICA","tmda":111.0},"geometry":{"type":"LineString","coordinates":[[-73.31983,-47.87882],[-73.31833,-47.88151],[-73.31955,-47.885],[-73.31695,-47.88755],[-73.31912,-47.89079],[-73.31919,-47.89567],[-73.32245,-47.90105],[-73.32173,-47.90982],[-73.32367,-47.91066],[-73.33402,-47.92285],[-73.33845,-47.92516],[-73.33355,-47.92918],[-73.33041,-47.92968],[-73.3313,-47.93086],[-73.32803,-47.93382],[-73.32411,-47.93347],[-73.32358,-47.93517]]}}]}