{"type":"FeatureCollection","features":[{"id":"13924","type":"Feature","properties":{"ROL":"URBY542","NOMBRE_CAMINO":"Cruce Av. Carlos Ibáñez del Campo - Rampa Tres Puentes","CLASIFICACION":"Camino Regional de Acceso (Conexión Vial Urbana)","CALZADA":"D"},"geometry":{"type":"LineString","coordinates":[[-70.86909,-53.12403],[-70.86707,-53.12162]]}},{"id":"13925","type":"Feature","properties":{"ROL":"URBY542","NOMBRE_CAMINO":"Cruce Av. Carlos Ibáñez del Campo - Rampa Tres Puentes","CLASIFICACION":"Camino Regional de Acceso (Conexión Vial Urbana)","CALZADA":"I"},"geometry":{"type":"LineString","coordinates":[[-70.86937,-53.12273],[-70.8674,-53.1215]]}},{"id":"13926","type":"Feature","properties":{"ROL":"Ruta 9 N","NOMBRE_CAMINO":"Punta Arenas - Puerto Natales - Río Baguales","CLASIFICACION":"Camino Nacional Longitudinal","CALZADA":"I"},"geometry":{"type":"LineString","coordinates":[[-72.34574,-51.25997],[-72.34721,-51.25903]]}},{"id":"13927","type":"Feature","properties":{"ROL":"Ruta 9 N","NOMBRE_CAMINO":"Punta Arenas - Puerto Natales - Río Baguales","CLASIFICACION":"Camino Nacional Longitudinal","CALZADA":"I"},"geometry":{"type":"LineString","coordinates":[[-70.86972,-53.12478],[-70.87053,-53.12247],[-70.88623,-53.10754],[-70.88179,-53.09031],[-70.86135,-53.05658],[-70.83431,-53.03051],[-70.82653,-53.02497],[-70.82475,-53.00821]]}},{"id":"13928","type":"Feature","properties":{"ROL":"Y-580","NOMBRE_CAMINO":"Cruce Ruta 9 S (Punta Arenas, Calle José Nogueira) - El Andino","CLASIFICACION":"Camino Regional Comunal","CALZADA":"ÚNICA"},"geometry":{"type":"LineString","coordinates":[[-70.91225,-53.16556],[-70.91375,-53.16498]]}},{"id":"13929","type":"Feature","properties":{"ROL":"Y-580","NOMBRE_CAMINO":"Cruce Ruta 9 S (Punta Arenas, Calle José Nogueira) - El Andino","CLASIFICACION":"Camino Regional Comunal","CALZADA":"D"},"geometry":{"type":"LineString","coordinates":[[-70.91375,-53.16498],[-70.93129,-53.15821],[-70.94436,-53.1566]]}},{"id":"13930","type":"Feature","properties":{"ROL":"Y-580","NOMBRE_CAMINO":"Cruce Ruta 9 S (Punta Arenas, Calle José Nogueira) - El Andino","CLASIFICACION":"Camino Regional Comunal","CALZADA":"ÚNICA"},"geometry":{"type":"LineString","coordinates":[[-70.94436,-53.1566],[-70.95569,-53.15557],[-70.98043,-53.15928],[-70.98751,-53.15878]]}},{"id":"13931","type":"Feature","properties":{"ROL":"Y-580","NOMBRE_CAMINO":"Cruce Ruta 9 S (Punta Arenas, Calle José Nogueira) - El Andino","CLASIFICACION":"Camino Regional Comunal","CALZADA":"ÚNICA"},"geometry":{"type":"LineString","coordinates":[[-70.98751,-53.15878],[-70.99632,-53.16022],[-71.00903,-53.15829],[-71.02089,-53.16216]]}},{"id":"13932","type":"Feature","properties":{"ROL":"Ruta 9 N","NOMBRE_CAMINO":"Punta Arenas - Puerto Natales - Río Baguales","CLASIFICACION":"Camino Nacional Longitudinal","CALZADA":"ÚNICA"},"geometry":{"type":"LineString","coordinates":[[-70.90731,-53.16297],[-70.88373,-53.13532],[-70.87367,-53.12911],[-70.86972,-53.12478]]}},{"id":"13933","type":"Feature","properties":{"ROL":"Ruta 9 N","NOMBRE_CAMINO":"Punta Arenas - Puerto Natales - Río Baguales","CLASIFICACION":"Camino Nacional Longitudinal","CALZADA":"D"},"geometry":{"type":"LineString","coordinates":[[-70.86972,-53.12478],[-70.86937,-53.12273],[-70.88584,-53.10796],[-70.88161,-53.09034],[-70.86125,-53.05674],[-70.83532,-53.03163],[-70.82647,-53.02518],[-70.82475,-53.00821]]}},{"id":"13934","type":"Feature","properties":{"ROL":"Ruta 9 N","NOMBRE_CAMINO":"Punta Arenas - Puerto Natales - Río Baguales","CLASIFICACION":"Camino Nacional Longitudinal","CALZADA":"ÚNICA"},"geometry":{"type":"LineString","coordinates":[[-70.82475,-53.00821],[-70.82397,-53.00238],[-70.81716,-52.99083],[-70.81612,-52.98526],[-70.84171,-52.94949],[-70.85049,-52.94257],[-70.90252,-52.91654],[-70.97948,-52.83205],[-70.99772,-52.81985],[-71.00435,-52.79421],[-71.0079,-52.76763],[-71.00715,-52.75387],[-71.01078,-52.74691],[-71.03164,-52.73391],[-71.04689,-52.71997],[-71.05996,-52.7183],[-71.07169,-52.7081],[-71.0839,-52.70163],[-71.09392,-52.67541],[-71.11678,-52.66018],[-71.12121,-52.64797],[-71.13626,-52.63425],[-71.1542,-52.608],[-71.16197,-52.60365],[-71.19552,-52.59887],[-71.20032,-52.59648],[-71.2022,-52.59315],[-71.19877,-52.5757],[-71.20074,-52.57113],[-71.26962,-52.51584],[-71.35428,-52.45827],[-71.4085,-52.43678],[-71.41448,-52.42337],[-71.4127,-52.41926],[-71.41282,-52.40922],[-71.40882,-52.39229],[-71.41,-52.38637],[-71.4166,-52.37155],[-71.41732,-52.35492],[-71.40249,-52.33219],[-71.38602,-52.32143],[-71.37619,-52.31122],[-71.35246,-52.29175],[-71.34916,-52.28654],[-71.34005,-52.25933],[-71.33363,-52.22727],[-71.33034,-52.21824],[-71.33683,-52.20642],[-71.35559,-52.18862],[-71.35835,-52.17106],[-71.3652,-52.15393],[-71.3667,-52.1455],[-71.36628,-52.13672],[-71.36131,-52.11892],[-71.36143,-52.11284],[-71.36796,-52.09793],[-71.37265,-52.08126],[-71.37581,-52.07719],[-71.3923,-52.06509],[-71.41516,-52.05342],[-71.43001,-52.05522],[-71.44881,-52.05416],[-71.46991,-52.04926],[-71.64126,-52.05073],[-71.65141,-52.04361],[-71.69232,-52.03072],[-71.71211,-52.03181],[-71.7365,-52.02808],[-71.74629,-52.02999],[-71.7638,-52.02753],[-71.79813,-52.02991],[-71.81052,-52.02738],[-71.8326,-52.02842],[-71.85563,-52.03326],[-71.86503,-52.0395],[-71.88764,-52.03997],[-71.9039,-52.03756],[-71.91342,-52.03876],[-71.92511,-52.03689],[-71.93571,-52.04008],[-71.93964,-52.03941],[-71.94602,-52.0355],[-71.95086,-52.0355],[-71.95839,-52.03146],[-71.96931,-52.02091],[-71.99499,-52.01059],[-72.002,-51.9987],[-72.01471,-51.99301],[-72.02407,-51.98453],[-72.0313,-51.98063],[-72.03554,-51.97484],[-72.04502,-51.97244],[-72.04909,-51.96665],[-72.06833,-51.96029],[-72.08597,-51.93414],[-72.0992,-51.90894],[-72.11597,-51.8642],[-72.1318,-51.83942],[-72.16435,-51.81353],[-72.16708,-51.79731],[-72.16955,-51.79205],[-72.18835,-51.78739],[-72.19886,-51.78201],[-72.25337,-51.7406],[-72.28143,-51.72741],[-72.28934,-51.72099],[-72.32675,-51.70013],[-72.3441,-51.69702],[-72.35467,-51.69845],[-72.38275,-51.69413],[-72.40337,-51.6881],[-72.42773,-51.69464],[-72.43436,-51.70036],[-72.45618,-51.70949],[-72.49093,-51.71429],[-72.50787,-51.72111],[-72.50493,-51.7156],[-72.50866,-51.71201],[-72.51118,-51.70529],[-72.52527,-51.69666],[-72.52698,-51.69118],[-72.52334,-51.68339],[-72.51344,-51.67819],[-72.51107,-51.67313],[-72.51343,-51.6711],[-72.53166,-51.66461],[-72.53603,-51.66014],[-72.53756,-51.64446],[-72.52992,-51.61529],[-72.52899,-51.60053],[-72.529,-51.59727],[-72.5331,-51.5887],[-72.51337,-51.56428],[-72.51394,-51.5603],[-72.51772,-51.55291],[-72.51752,-51.54939],[-72.51557,-51.54642],[-72.51121,-51.53167],[-72.50507,-51.52242],[-72.50326,-51.50719],[-72.49561,-51.50477],[-72.49193,-51.50038],[-72.49215,-51.48082],[-72.48943,-51.47302],[-72.48434,-51.46661],[-72.48106,-51.45792],[-72.48165,-51.45384],[-72.48564,-51.44668],[-72.47986,-51.44282],[-72.46906,-51.42378],[-72.46235,-51.4176],[-72.45691,-51.40557],[-72.44733,-51.39686],[-72.44348,-51.39062],[-72.434,-51.37998],[-72.43307,-51.377],[-72.43409,-51.36481],[-72.43765,-51.34879],[-72.43409,-51.31964],[-72.42699,-51.30578],[-72.41708,-51.29876],[-72.40172,-51.29123],[-72.39661,-51.28515],[-72.38374,-51.27746],[-72.37605,-51.27447],[-72.36066,-51.27184],[-72.34584,-51.2602]]}},{"id":"13935","type":"Feature","properties":{"ROL":"Ruta 9 N","NOMBRE_CAMINO":"Punta Arenas - Puerto Natales - Río Baguales","CLASIFICACION":"Camino Nacional Longitudinal","CALZADA":"U"},"geometry":{"type":"LineString","coordinates":[[-72.53455,-51.04754],[-72.52908,-51.04053],[-72.52053,-51.03627],[-72.5113,-51.02735],[-72.51106,-51.02152],[-72.50769,-51.01645],[-72.50166,-51.01386],[-72.49594,-51.00885],[-72.5024,-50.99936],[-72.50625,-50.98689],[-72.50025,-50.97831],[-72.48751,-50.9679],[-72.48406,-50.96059],[-72.46878,-50.94846],[-72.45385,-50.94109],[-72.44903,-50.94159],[-72.42784,-50.93779],[-72.38032,-50.92571],[-72.36616,-50.92566],[-72.35477,-50.91528],[-72.34461,-50.91068],[-72.34751,-50.8976],[-72.35526,-50.88772],[-72.36189,-50.88479],[-72.37353,-50.8845],[-72.38157,-50.88078],[-72.39181,-50.87267],[-72.39775,-50.87066],[-72.3961,-50.86892],[-72.38884,-50.86794],[-72.38553,-50.86624],[-72.39075,-50.85638],[-72.39313,-50.84197],[-72.39556,-50.83848],[-72.39627,-50.82925],[-72.40444,-50.81929],[-72.40293,-50.81229],[-72.41145,-50.80726],[-72.41454,-50.80081],[-72.41367,-50.79304],[-72.41193,-50.79149],[-72.41369,-50.7903],[-72.41252,-50.78955],[-72.41194,-50.78588],[-72.41325,-50.78309],[-72.413,-50.7741],[-72.41657,-50.77039],[-72.41582,-50.76615],[-72.4169,-50.7643],[-72.4147,-50.76179],[-72.41745,-50.75776],[-72.41758,-50.74963],[-72.41644,-50.7488],[-72.41672,-50.74521],[-72.41473,-50.73981],[-72.41213,-50.73693]]}},{"id":"13936","type":"Feature","properties":{"ROL":"Ruta 9 N","NOMBRE_CAMINO":"Punta Arenas - Puerto Natales - Río Baguales","CLASIFICACION":"Camino Nacional Longitudinal","CALZADA":"ÚNICA"},"geometry":{"type":"LineString","coordinates":[[-72.34683,-51.259],[-72.37126,-51.25701],[-72.38105,-51.24656],[-72.38634,-51.24335],[-72.39829,-51.24031],[-72.42289,-51.23707],[-72.42828,-51.2354],[-72.43832,-51.2295],[-72.45128,-51.21752],[-72.45406,-51.2138],[-72.45583,-51.20779],[-72.4651,-51.20316],[-72.52403,-51.13466],[-72.53183,-51.12925],[-72.53681,-51.12164],[-72.54222,-51.11641],[-72.55907,-51.10428],[-72.56595,-51.09662],[-72.56595,-51.09347],[-72.55059,-51.07798],[-72.54452,-51.06245],[-72.53455,-51.04754]]}},{"id":"13937","type":"Feature","properties":{"ROL":"Ruta 9 S","NOMBRE_CAMINO":"Punta Arenas - Fuerte Bulnes - San Juan - Río San Pedro","CLASIFICACION":"Camino Nacional Longitudinal (En Proceso de Enrolamiento)","CALZADA":"ÚNICA"},"geometry":{"type":"LineString","coordinates":[[-70.96888,-53.69929],[-70.96976,-53.70388],[-70.96673,-53.71022],[-70.96639,-53.71797],[-70.96846,-53.72279],[-70.9674,-53.72717],[-70.97223,-53.73638],[-70.97023,-53.7426]]}},{"id":"13938","type":"Feature","properties":{"ROL":"Ruta 9 S","NOMBRE_CAMINO":"Punta Arenas - Fuerte Bulnes - San Juan - Río San Pedro","CLASIFICACION":"Camino Nacional Longitudinal","CALZADA":"ÚNICA"},"geometry":{"type":"LineString","coordinates":[[-70.90877,-53.16236],[-70.91448,-53.16763]]}},{"id":"13939","type":"Feature","properties":{"ROL":"Ruta 9 S","NOMBRE_CAMINO":"Punta Arenas - Fuerte Bulnes - San Juan - Río San Pedro","CLASIFICACION":"Camino Nacional Longitudinal","CALZADA":"ÚNICA"},"geometry":{"type":"LineString","coordinates":[[-70.94728,-53.59912],[-70.95708,-53.60591],[-70.95021,-53.61391],[-70.95561,-53.62561],[-70.94888,-53.63152],[-70.94677,-53.63575],[-70.94644,-53.64005],[-70.95612,-53.64349],[-70.96032,-53.64729],[-70.9618,-53.65252],[-70.95816,-53.65719],[-70.96227,-53.66154],[-70.9635,-53.66537],[-70.97286,-53.67231],[-70.97629,-53.67198],[-70.97915,-53.67401],[-70.977,-53.67506],[-70.97559,-53.6831],[-70.97348,-53.68518],[-70.96854,-53.69769],[-70.96888,-53.69929]]}},{"id":"13940","type":"Feature","properties":{"ROL":"Ruta 9 S","NOMBRE_CAMINO":"Punta Arenas - Fuerte Bulnes - San Juan - Río San Pedro","CLASIFICACION":"Camino Nacional Longitudinal","CALZADA":"D"},"geometry":{"type":"LineString","coordinates":[[-70.91448,-53.16763],[-70.91332,-53.16811],[-70.91898,-53.17213],[-70.91927,-53.17538],[-70.92232,-53.17997]]}},{"id":"13941","type":"Feature","properties":{"ROL":"Ruta 9 S","NOMBRE_CAMINO":"Punta Arenas - Fuerte Bulnes - San Juan - Río San Pedro","CLASIFICACION":"Camino Nacional Longitudinal","CALZADA":"ÚNICA"},"geometry":{"type":"LineString","coordinates":[[-70.92232,-53.17997],[-70.92882,-53.18553],[-70.93041,-53.18919],[-70.93577,-53.19512],[-70.93635,-53.19912],[-70.93929,-53.20401],[-70.93916,-53.21352],[-70.94208,-53.22006],[-70.94192,-53.2295],[-70.95014,-53.25055],[-70.94877,-53.25922],[-70.94475,-53.26835],[-70.94531,-53.27439],[-70.94405,-53.2809],[-70.93895,-53.28962],[-70.93622,-53.29864],[-70.93481,-53.30915],[-70.94291,-53.32946],[-70.95729,-53.3417],[-70.9617,-53.35784],[-70.96682,-53.36327],[-70.97721,-53.36869],[-70.98318,-53.37494],[-70.98982,-53.38998],[-70.99003,-53.39675],[-70.99248,-53.4005],[-70.98983,-53.40564],[-70.99115,-53.41872],[-70.98906,-53.42481],[-70.98882,-53.43587],[-70.98399,-53.43991],[-70.97444,-53.44355],[-70.97252,-53.46073],[-70.966,-53.47415],[-70.96076,-53.49628],[-70.9379,-53.54299],[-70.93762,-53.54656],[-70.9386,-53.54975],[-70.94119,-53.55234],[-70.94084,-53.55716],[-70.94268,-53.56128],[-70.94175,-53.56782],[-70.93483,-53.57799],[-70.92708,-53.58531],[-70.93724,-53.59217],[-70.94284,-53.59409],[-70.94728,-53.59912]]}},{"id":"13942","type":"Feature","properties":{"ROL":"Ruta 9 N","NOMBRE_CAMINO":"Punta Arenas - Puerto Natales - Río Baguales","CLASIFICACION":"Camino Nacional Longitudinal","CALZADA":"D"},"geometry":{"type":"LineString","coordinates":[[-72.34584,-51.2602],[-72.34547,-51.25891],[-72.34683,-51.259]]}},{"id":"13943","type":"Feature","properties":{"ROL":"Ruta 250 CH","NOMBRE_CAMINO":"Cruce Ruta 9 N (Puerto Natales) - Dorotea","CLASIFICACION":"Camino Nacional con Carácter de Internacional","CALZADA":"ÚNICA"},"geometry":{"type":"LineString","coordinates":[[-72.39459,-51.69068],[-72.3711,-51.66882],[-72.35999,-51.66483],[-72.35784,-51.66259],[-72.34501,-51.65702],[-72.3278,-51.63242],[-72.33051,-51.62746],[-72.33304,-51.60926],[-72.3326,-51.60525],[-72.339,-51.59945],[-72.34491,-51.59714],[-72.34731,-51.59408],[-72.34989,-51.59347],[-72.35127,-51.59137],[-72.35076,-51.58898],[-72.34811,-51.58614]]}},{"id":"13944","type":"Feature","properties":{"ROL":"Ruta 251 CH","NOMBRE_CAMINO":"Cruce Ruta 9 N (Cerro Castillo) - Paso Río Don Guillermo","CLASIFICACION":"Camino Nacional con Carácter de Internacional","CALZADA":"ÚNICA"},"geometry":{"type":"LineString","coordinates":[[-72.34542,-51.25919],[-72.31902,-51.25888],[-72.2891,-51.24833],[-72.25878,-51.2459]]}},{"id":"13945","type":"Feature","properties":{"ROL":"Ruta 252","NOMBRE_CAMINO":"Cruce Ruta 9 N - Aeropuerto Presidente Carlos Ibáñez del Campo","CLASIFICACION":"Camino Nacional","CALZADA":"ÚNICA"},"geometry":{"type":"LineString","coordinates":[[-70.82491,-53.01081],[-70.83698,-53.01032],[-70.84358,-53.00797]]}},{"id":"13946","type":"Feature","properties":{"ROL":"Ruta 255 CH","NOMBRE_CAMINO":"Cruce Ruta 9 N (Gobernador Philippi) - Monte Aymond","CLASIFICACION":"Camino Nacional con Carácter de Internacional","CALZADA":"ÚNICA"},"geometry":{"type":"LineString","coordinates":[[-71.0075,-52.76027],[-71.00447,-52.75318],[-71.00142,-52.75012],[-70.95226,-52.72603],[-70.93099,-52.7119],[-70.89133,-52.70148],[-70.86374,-52.69012],[-70.82728,-52.67163],[-70.80563,-52.64989],[-70.76226,-52.61572],[-70.74958,-52.59995],[-70.74464,-52.59717],[-70.73745,-52.59597],[-70.67509,-52.59974],[-70.6445,-52.59722],[-70.61916,-52.5975],[-70.60001,-52.60274],[-70.58575,-52.60337],[-70.49693,-52.59377],[-70.395,-52.5902],[-70.18855,-52.5994],[-70.16639,-52.58862],[-70.14755,-52.58175],[-70.12872,-52.577],[-70.1099,-52.57531],[-70.07579,-52.56866],[-70.03636,-52.55889],[-69.99165,-52.54239],[-69.98536,-52.53874],[-69.92468,-52.51922],[-69.88798,-52.49582],[-69.83632,-52.48078],[-69.80082,-52.45524],[-69.78154,-52.42574],[-69.76297,-52.40284],[-69.73677,-52.38416],[-69.73714,-52.37826],[-69.73442,-52.37204],[-69.72726,-52.36535],[-69.70534,-52.35573],[-69.68242,-52.33056],[-69.66797,-52.32013],[-69.66526,-52.31907],[-69.63598,-52.31731],[-69.61139,-52.31093],[-69.57091,-52.28491],[-69.56923,-52.27751],[-69.56719,-52.27524],[-69.49368,-52.24724],[-69.47154,-52.23167],[-69.47059,-52.2304],[-69.47115,-52.22522],[-69.49651,-52.16409],[-69.51952,-52.14376],[-69.51986,-52.1418]]}},{"id":"13947","type":"Feature","properties":{"ROL":"Ruta 257 CH","NOMBRE_CAMINO":"Cruce Ruta 255 CH (Kimiri Aike) - Cerro Sombrero - Onaisín - Paso San Sebastián","CLASIFICACION":"Camino Nacional con Carácter de Internacional","CALZADA":"ÚNICA"},"geometry":{"type":"LineString","coordinates":[[-69.75736,-52.39862],[-69.74333,-52.40467],[-69.69621,-52.41592],[-69.68348,-52.4214],[-69.62738,-52.43398],[-69.58382,-52.44542],[-69.57111,-52.44821],[-69.56166,-52.4484],[-69.54593,-52.45659]]}},{"id":"13948","type":"Feature","properties":{"ROL":"Ruta 257 CH","NOMBRE_CAMINO":"Cruce Ruta 255 CH (Kimiri Aike) - Cerro Sombrero - Onaisín - Paso San Sebastián","CLASIFICACION":"Camino Nacional con Carácter de Internacional","CALZADA":"ÚNICA"},"geometry":{"type":"LineString","coordinates":[[-69.51978,-52.49442],[-69.5214,-52.49948],[-69.52018,-52.50279],[-69.50781,-52.51256],[-69.49254,-52.52236],[-69.43926,-52.53439],[-69.41075,-52.53723],[-69.39243,-52.53397],[-69.38622,-52.53628],[-69.3846,-52.53962],[-69.37052,-52.55202],[-69.35995,-52.56697],[-69.36465,-52.57564],[-69.36512,-52.60567],[-69.36817,-52.61598],[-69.36986,-52.62941],[-69.36879,-52.6445],[-69.3539,-52.65108],[-69.34838,-52.65572],[-69.33959,-52.66021],[-69.33873,-52.66197],[-69.33999,-52.66649],[-69.33501,-52.67499],[-69.34171,-52.72414],[-69.32367,-52.73247],[-69.30124,-52.73219]]}},{"id":"13949","type":"Feature","properties":{"ROL":"Ruta 257 CH","NOMBRE_CAMINO":"Cruce Ruta 255 CH (Kimiri Aike) - Cerro Sombrero - Onaisín - Paso San Sebastián","CLASIFICACION":"Camino Nacional con Carácter de Internacional","CALZADA":"ÚNICA"},"geometry":{"type":"LineString","coordinates":[[-69.29771,-52.73415],[-69.2956,-52.74905],[-69.29105,-52.75405],[-69.28778,-52.7674],[-69.31022,-52.77329],[-69.39167,-52.78581],[-69.41359,-52.80931],[-69.41546,-52.83859],[-69.41249,-52.84324],[-69.40017,-52.8495],[-69.39387,-52.85116],[-69.37355,-52.86405],[-69.36459,-52.86803],[-69.36143,-52.87713],[-69.34733,-52.8854],[-69.34417,-52.89206],[-69.33623,-52.89992],[-69.33371,-52.91468],[-69.32358,-52.92545],[-69.32436,-52.93183],[-69.32353,-52.93449],[-69.32999,-52.94264],[-69.32708,-52.95075],[-69.32863,-52.95245],[-69.33338,-52.95401],[-69.33727,-52.95762],[-69.33827,-52.96181],[-69.33824,-52.96362],[-69.3272,-52.97979],[-69.32657,-52.98223],[-69.32805,-52.98564],[-69.3234,-52.9939],[-69.33321,-53.00112],[-69.33635,-53.01373],[-69.3308,-53.02669],[-69.33215,-53.03296],[-69.33394,-53.03615],[-69.34386,-53.04246],[-69.34786,-53.05175],[-69.35432,-53.05712],[-69.35554,-53.06142],[-69.35111,-53.06903],[-69.35056,-53.07335],[-69.34768,-53.07881],[-69.34906,-53.08782],[-69.3486,-53.09413],[-69.34276,-53.09912],[-69.33951,-53.1079],[-69.33601,-53.1128],[-69.33615,-53.12166],[-69.32682,-53.12857],[-69.31586,-53.14218],[-69.30418,-53.14981],[-69.29885,-53.16244],[-69.28583,-53.17818],[-69.28025,-53.18752],[-69.25785,-53.1978],[-69.2568,-53.21179],[-69.25315,-53.21416],[-69.24783,-53.21517],[-69.24499,-53.21972],[-69.23609,-53.22617],[-69.22885,-53.23796],[-69.22164,-53.24495],[-69.23415,-53.26613],[-69.23099,-53.29152],[-69.22778,-53.30125],[-69.22268,-53.30978],[-69.22156,-53.31573],[-69.22821,-53.32074],[-69.23633,-53.32952],[-69.24644,-53.33531],[-69.24861,-53.342],[-69.25378,-53.34723],[-69.2538,-53.35067],[-69.25094,-53.35159],[-69.22306,-53.35035],[-69.21261,-53.34855],[-69.20832,-53.3498],[-69.16542,-53.35064],[-69.15027,-53.34707],[-69.14376,-53.3494],[-69.13321,-53.34562],[-69.12537,-53.34614],[-69.11309,-53.34355],[-69.07694,-53.3409],[-69.06982,-53.33874],[-69.05516,-53.33834],[-68.99893,-53.32677],[-68.96165,-53.32266],[-68.95701,-53.32082],[-68.95462,-53.3167],[-68.9479,-53.31409],[-68.92842,-53.31415],[-68.90006,-53.31665],[-68.83739,-53.31807],[-68.79214,-53.32528],[-68.7438,-53.32391],[-68.72062,-53.3219],[-68.7128,-53.31937],[-68.67634,-53.3187],[-68.63952,-53.32504],[-68.62518,-53.32178],[-68.60604,-53.31995]]}},{"id":"13950","type":"Feature","properties":{"ROL":"Y-290","NOMBRE_CAMINO":"Cruce Ruta 9 N - Cueva del Milodón - Cruce Y-150 (Administración Parque)","CLASIFICACION":"Camino Regional Comunal","CALZADA":"U"},"geometry":{"type":"LineString","coordinates":[[-72.78234,-51.39181],[-72.78987,-51.38407],[-72.79958,-51.37724],[-72.80349,-51.3649],[-72.79987,-51.36046],[-72.80197,-51.35011],[-72.80164,-51.34844],[-72.79867,-51.34631],[-72.80328,-51.3363],[-72.80995,-51.33123],[-72.81128,-51.3315],[-72.81193,-51.33441],[-72.81503,-51.33368],[-72.81762,-51.33004],[-72.82645,-51.32373],[-72.82988,-51.31683],[-72.83445,-51.31688],[-72.83735,-51.31507],[-72.84036,-51.30689],[-72.83967,-51.30563],[-72.84302,-51.3013],[-72.84156,-51.29925],[-72.84961,-51.29359],[-72.85079,-51.29054],[-72.85784,-51.28276],[-72.86779,-51.27858],[-72.86251,-51.27004],[-72.86415,-51.26649]]}},{"id":"13951","type":"Feature","properties":{"ROL":"Y-625","NOMBRE_CAMINO":"Porvenir - Bahía Chilota - Parcelas","CLASIFICACION":"Camino Regional de Acceso","CALZADA":"ÚNICA"},"geometry":{"type":"LineString","coordinates":[[-70.37897,-53.29871],[-70.38681,-53.29383],[-70.3949,-53.29493],[-70.40894,-53.29416],[-70.41954,-53.29858],[-70.4379,-53.30212],[-70.43922,-53.30371]]}},{"id":"13952","type":"Feature","properties":{"ROL":"Y-625","NOMBRE_CAMINO":"Porvenir - Bahía Chilota - Parcelas","CLASIFICACION":"Camino Regional de Acceso","CALZADA":"ÚNICA"},"geometry":{"type":"LineString","coordinates":[[-70.43922,-53.30371],[-70.44056,-53.30615],[-70.44918,-53.31],[-70.4517,-53.31445],[-70.45755,-53.31457],[-70.46237,-53.30666],[-70.46303,-53.29396],[-70.46628,-53.28881],[-70.46701,-53.28416],[-70.46638,-53.27809],[-70.46179,-53.26859],[-70.46383,-53.25764],[-70.45775,-53.24054],[-70.45829,-53.2342],[-70.46079,-53.22723],[-70.45403,-53.20607],[-70.4537,-53.20188],[-70.45103,-53.19648],[-70.45054,-53.19003],[-70.43473,-53.17211],[-70.42987,-53.1584],[-70.43067,-53.155],[-70.43451,-53.15086],[-70.4374,-53.12207],[-70.44071,-53.11324]]}},{"id":"13953","type":"Feature","properties":{"ROL":"Y-629","NOMBRE_CAMINO":"Cruce Y-65 (Bahía Gente Grande) - Aeródromo - Porvenir","CLASIFICACION":"Camino Regional Provincial","CALZADA":"ÚNICA"},"geometry":{"type":"LineString","coordinates":[[-70.26174,-53.06656],[-70.25654,-53.07671],[-70.25643,-53.08081],[-70.25326,-53.09006],[-70.25537,-53.09854],[-70.25794,-53.1013],[-70.25942,-53.10544],[-70.26004,-53.12118],[-70.25332,-53.12897],[-70.25145,-53.13445],[-70.25241,-53.13709],[-70.26064,-53.13958],[-70.26299,-53.14432],[-70.26013,-53.14687],[-70.26274,-53.15639],[-70.25733,-53.1622],[-70.26033,-53.16733],[-70.25952,-53.17034],[-70.26636,-53.17978],[-70.27634,-53.18381],[-70.28179,-53.1912],[-70.29049,-53.19899],[-70.29756,-53.20435],[-70.30359,-53.20631],[-70.30513,-53.21368],[-70.30072,-53.21757],[-70.29806,-53.22491],[-70.30003,-53.23031],[-70.31594,-53.24443],[-70.32183,-53.24286],[-70.33147,-53.24666],[-70.34042,-53.24641],[-70.34113,-53.24855],[-70.33691,-53.25129]]}},{"id":"13954","type":"Feature","properties":{"ROL":"Y-629","NOMBRE_CAMINO":"Cruce Y-65 (Bahía Gente Grande) - Aeródromo - Porvenir","CLASIFICACION":"Camino Regional Provincial","CALZADA":"ÚNICA"},"geometry":{"type":"LineString","coordinates":[[-70.33691,-53.25129],[-70.33023,-53.25553],[-70.36722,-53.2905]]}},{"id":"13955","type":"Feature","properties":{"ROL":"Y-65","NOMBRE_CAMINO":"Cruce Ruta 257 CH (Manantiales) - Porvenir","CLASIFICACION":"Camino Regional Principal","CALZADA":"ÚNICA"},"geometry":{"type":"LineString","coordinates":[[-69.40596,-52.53633],[-69.42041,-52.54555],[-69.4201,-52.5474],[-69.41634,-52.54938],[-69.41518,-52.55403],[-69.4159,-52.55819],[-69.41837,-52.56118],[-69.4288,-52.56602],[-69.54914,-52.66581],[-69.68037,-52.75276],[-69.69458,-52.77698],[-69.75516,-52.80204],[-69.77235,-52.8133],[-69.77318,-52.81591],[-69.78111,-52.81901],[-69.78369,-52.82576],[-69.80929,-52.83808],[-69.83164,-52.83983],[-69.8476,-52.84386],[-69.88812,-52.84836],[-69.89754,-52.8507],[-70.04863,-52.91777],[-70.0636,-52.93318],[-70.07525,-52.94068],[-70.0803,-52.94875],[-70.10749,-52.97438],[-70.12017,-53.00612],[-70.14771,-53.02078],[-70.16939,-53.03782],[-70.18375,-53.04561],[-70.20977,-53.04656],[-70.23202,-53.06047],[-70.30487,-53.07543],[-70.33118,-53.09882],[-70.36146,-53.11574],[-70.36437,-53.12803],[-70.3762,-53.13598],[-70.38846,-53.14891],[-70.39973,-53.16336],[-70.39899,-53.16579],[-70.38894,-53.17436],[-70.38563,-53.17879],[-70.37512,-53.19985],[-70.3704,-53.20572],[-70.3704,-53.20868],[-70.38433,-53.21478],[-70.40693,-53.23577],[-70.41827,-53.2379],[-70.42774,-53.24293],[-70.43509,-53.25935],[-70.43349,-53.26233],[-70.4265,-53.26883],[-70.41625,-53.27274],[-70.40943,-53.27699],[-70.39725,-53.27906],[-70.38272,-53.28508],[-70.38127,-53.28624],[-70.37988,-53.2911]]}},{"id":"13956","type":"Feature","properties":{"ROL":"Y-909","NOMBRE_CAMINO":"Puerto Williams (Cruce Calle Yelcho) - Caleta Eugenia","CLASIFICACION":"Camino Regional Comunal","CALZADA":"ÚNICA"},"geometry":{"type":"LineString","coordinates":[[-67.60725,-54.93336],[-67.58796,-54.933]]}},{"id":"13957","type":"Feature","properties":{"ROL":"Y-909","NOMBRE_CAMINO":"Puerto Williams (Cruce Calle Yelcho) - Caleta Eugenia","CLASIFICACION":"Camino Regional Comunal","CALZADA":"ÚNICA"},"geometry":{"type":"LineString","coordinates":[[-67.58796,-54.933],[-67.57456,-54.93026],[-67.56384,-54.93069],[-67.54803,-54.92826],[-67.54255,-54.92965],[-67.54311,-54.9309],[-67.54078,-54.93243],[-67.50631,-54.93277],[-67.48358,-54.937],[-67.4705,-54.93774],[-67.46613,-54.93577],[-67.45603,-54.93559],[-67.45151,-54.934],[-67.45151,-54.93198],[-67.44839,-54.92838],[-67.43971,-54.92647],[-67.44209,-54.9253],[-67.42351,-54.92377],[-67.41863,-54.92623],[-67.41957,-54.92804],[-67.41655,-54.92877],[-67.41122,-54.92865],[-67.40864,-54.92999],[-67.39633,-54.92928],[-67.39284,-54.93196],[-67.3855,-54.93142],[-67.3881,-54.93209],[-67.38822,-54.93337],[-67.38534,-54.93208],[-67.38144,-54.93349],[-67.3791,-54.93172],[-67.36744,-54.92912],[-67.35704,-54.92983],[-67.34572,-54.92645],[-67.34132,-54.92853],[-67.33289,-54.92802],[-67.3234,-54.93318],[-67.31573,-54.93224]]}},{"id":"13958","type":"Feature","properties":{"ROL":"URBY635","NOMBRE_CAMINO":"Av. Baquedano - Calle Carlos Wood - Calle Alberto Fuentes - Av. Santa María","CLASIFICACION":"Camino Regional Comunal (Conexión Vial Urbana)","CALZADA":"ÚNICA"},"geometry":{"type":"LineString","coordinates":[[-70.3595,-53.29891],[-70.35913,-53.30123],[-70.36541,-53.30191]]}},{"id":"13959","type":"Feature","properties":{"ROL":"Ruta 257 CH","NOMBRE_CAMINO":"Cruce Ruta 255 CH (Kimiri Aike) - Cerro Sombrero - Onaisín - Paso San Sebastián","CLASIFICACION":"Camino Nacional con Carácter de Internacional","CALZADA":"I"},"geometry":{"type":"LineString","coordinates":[[-69.30124,-52.73219],[-69.29801,-52.73214],[-69.29771,-52.73415]]}},{"id":"13960","type":"Feature","properties":{"ROL":"Ruta 257 CH","NOMBRE_CAMINO":"Cruce Ruta 255 CH (Kimiri Aike) - Cerro Sombrero - Onaisín - Paso San Sebastián","CLASIFICACION":"Camino Nacional con Carácter de Internacional","CALZADA":"D"},"geometry":{"type":"LineString","coordinates":[[-69.30124,-52.73219],[-69.29771,-52.73415]]}},{"id":"13961","type":"Feature","properties":{"ROL":"Y-150","NOMBRE_CAMINO":"Cruce Ruta 9 N - Lago Sarmiento - Guardería Lago Grey","CLASIFICACION":"Camino Regional Comunal","CALZADA":"U"},"geometry":{"type":"LineString","coordinates":[[-72.98399,-51.11533],[-72.98104,-51.11574],[-72.97096,-51.12292],[-72.96704,-51.12788],[-72.96821,-51.13123],[-72.96575,-51.13349],[-72.9664,-51.1345],[-72.96441,-51.13849],[-72.96482,-51.14339],[-72.96088,-51.15214],[-72.95874,-51.15325],[-72.96016,-51.15738],[-72.95751,-51.15998],[-72.96158,-51.16198],[-72.96072,-51.1636],[-72.96612,-51.17048],[-72.96088,-51.17544],[-72.95726,-51.17675],[-72.95929,-51.17795],[-72.96237,-51.1763],[-72.97381,-51.17726],[-72.97907,-51.17966],[-73.01035,-51.18592],[-73.01667,-51.18587],[-73.02143,-51.18337],[-73.02746,-51.18403],[-73.03279,-51.18298],[-73.04342,-51.17467],[-73.04647,-51.17485],[-73.05174,-51.17162],[-73.06809,-51.1497],[-73.06946,-51.13785],[-73.08079,-51.12435],[-73.08995,-51.1244],[-73.09211,-51.12648],[-73.09928,-51.12792],[-73.1291,-51.12456]]}},{"id":"13962","type":"Feature","properties":{"ROL":"Y-340","NOMBRE_CAMINO":"Puerto Natales (Cruce Av. Carlos Ibáñez del Campo) - Lago Balmaceda - Río Azócar","CLASIFICACION":"Camino Regional Comunal","CALZADA":"U"},"geometry":{"type":"LineString","coordinates":[[-72.49646,-51.73968],[-72.48965,-51.74473],[-72.48675,-51.74948],[-72.48375,-51.76444],[-72.47425,-51.76936],[-72.46362,-51.76877],[-72.45599,-51.77061],[-72.45371,-51.77265],[-72.45219,-51.77808],[-72.46703,-51.78515],[-72.47482,-51.79381],[-72.48537,-51.80034],[-72.49108,-51.80691],[-72.50419,-51.82821],[-72.5113,-51.83525],[-72.51058,-51.84061],[-72.4998,-51.84815],[-72.49423,-51.85636],[-72.48104,-51.86384],[-72.4731,-51.86686],[-72.46622,-51.87666],[-72.45954,-51.88074],[-72.45768,-51.88933],[-72.45352,-51.89595],[-72.45338,-51.90249],[-72.45169,-51.90712],[-72.45651,-51.91282],[-72.44938,-51.91423],[-72.44162,-51.91796],[-72.43348,-51.91899],[-72.42917,-51.92131],[-72.41506,-51.92154],[-72.39331,-51.93272],[-72.38865,-51.93991],[-72.38626,-51.94646],[-72.38092,-51.94932],[-72.38037,-51.95619],[-72.37454,-51.96248],[-72.37286,-51.96658],[-72.37442,-51.97339],[-72.37159,-51.9785],[-72.37304,-51.9833],[-72.37078,-51.98719],[-72.37294,-51.9887],[-72.37203,-51.98951],[-72.37303,-51.99075],[-72.37068,-51.9921],[-72.37257,-51.99666],[-72.37158,-52.00649],[-72.36858,-52.01024],[-72.36682,-52.01811],[-72.36883,-52.01997],[-72.3772,-52.02006],[-72.37727,-52.02431],[-72.37879,-52.02745],[-72.37785,-52.02976],[-72.38226,-52.03428],[-72.38021,-52.03907],[-72.38163,-52.04182],[-72.40495,-52.06706],[-72.4052,-52.06954],[-72.40701,-52.07122],[-72.40548,-52.09243],[-72.40726,-52.0962],[-72.40666,-52.09825],[-72.41206,-52.10196],[-72.41595,-52.107],[-72.41476,-52.11211],[-72.41567,-52.1152],[-72.42165,-52.11896],[-72.42679,-52.12043],[-72.42603,-52.1251],[-72.42817,-52.13055],[-72.43661,-52.132],[-72.45418,-52.1426],[-72.46182,-52.15021],[-72.46291,-52.15669],[-72.46199,-52.16196],[-72.46702,-52.16308],[-72.46759,-52.16727],[-72.46942,-52.16952],[-72.47864,-52.17296],[-72.4845,-52.17724],[-72.49266,-52.17793],[-72.50664,-52.18452]]}},{"id":"13963","type":"Feature","properties":{"ROL":"Y-340","NOMBRE_CAMINO":"Puerto Natales (Cruce Av. Carlos Ibáñez del Campo) - Lago Balmaceda - Río Azócar","CLASIFICACION":"Camino Regional Comunal","CALZADA":"U"},"geometry":{"type":"LineString","coordinates":[[-72.50664,-52.18452],[-72.50881,-52.18577],[-72.49927,-52.19939],[-72.49758,-52.20032],[-72.49028,-52.19975],[-72.48685,-52.20155],[-72.48571,-52.20456]]}},{"id":"13964","type":"Feature","properties":{"ROL":"Y-340","NOMBRE_CAMINO":"Puerto Natales (Cruce Av. Carlos Ibáñez del Campo) - Lago Balmaceda - Río Azócar","CLASIFICACION":"Camino Regional Comunal","CALZADA":"U"},"geometry":{"type":"LineString","coordinates":[[-72.48571,-52.20456],[-72.46887,-52.20308],[-72.46442,-52.20634],[-72.4657,-52.22803],[-72.45301,-52.23881],[-72.45681,-52.24509],[-72.45461,-52.25924],[-72.45747,-52.27411],[-72.45999,-52.27569],[-72.45618,-52.27708],[-72.45568,-52.27906],[-72.46206,-52.27815],[-72.46548,-52.28326],[-72.45667,-52.30475],[-72.44721,-52.31401],[-72.43926,-52.32685],[-72.44619,-52.34353],[-72.43775,-52.35921]]}},{"id":"13965","type":"Feature","properties":{"ROL":"Y-50","NOMBRE_CAMINO":"Cruce Ruta 9 N (Cabeza de Mar) - Río Pérez - Bahía Williams","CLASIFICACION":"Camino Regional Principal","CALZADA":"U"},"geometry":{"type":"LineString","coordinates":[[-71.34375,-52.75479],[-71.34906,-52.75003],[-71.35547,-52.73214],[-71.36839,-52.71501],[-71.37804,-52.70759],[-71.4108,-52.69187],[-71.43644,-52.68404],[-71.43792,-52.68189],[-71.43648,-52.67801],[-71.43752,-52.67594],[-71.44982,-52.67079],[-71.46004,-52.66256],[-71.46221,-52.65888],[-71.46162,-52.65352],[-71.46748,-52.64759],[-71.46963,-52.64081],[-71.47523,-52.6306],[-71.49274,-52.61387],[-71.50348,-52.59796],[-71.50745,-52.59741],[-71.52384,-52.58948],[-71.53077,-52.57859],[-71.54255,-52.57507],[-71.54797,-52.56704],[-71.55614,-52.5617],[-71.563,-52.56153],[-71.57979,-52.56393],[-71.58885,-52.56307],[-71.61325,-52.56906],[-71.64374,-52.57007],[-71.68275,-52.56221],[-71.69579,-52.56172],[-71.69989,-52.55988],[-71.704,-52.56257],[-71.71224,-52.56077],[-71.72351,-52.56033],[-71.73351,-52.56109],[-71.74012,-52.56308],[-71.74829,-52.56286],[-71.75568,-52.56494],[-71.77166,-52.56335],[-71.78057,-52.56077],[-71.79015,-52.56168],[-71.80744,-52.55908],[-71.8153,-52.55297],[-71.82242,-52.55275],[-71.82618,-52.55108],[-71.8352,-52.55323],[-71.84384,-52.55074],[-71.85173,-52.55303],[-71.85559,-52.55104],[-71.85671,-52.54913],[-71.86066,-52.54776],[-71.86911,-52.54902],[-71.88138,-52.54682],[-71.8855,-52.54755],[-71.89177,-52.54533],[-71.91543,-52.54499],[-71.92165,-52.54324],[-71.92972,-52.54462],[-71.9361,-52.54356],[-71.94211,-52.54431],[-71.95574,-52.5485],[-71.96571,-52.55361],[-71.97969,-52.55205]]}},{"id":"13966","type":"Feature","properties":{"ROL":"Y-530","NOMBRE_CAMINO":"Cruce Ruta 9 N (Chabunco) - Río Canelo","CLASIFICACION":"Camino Regional de Acceso","CALZADA":"ÚNICA"},"geometry":{"type":"LineString","coordinates":[[-70.84431,-52.99194],[-70.85632,-52.9933],[-70.89429,-52.99277],[-70.91548,-52.9872],[-70.94792,-52.98937],[-70.97863,-52.99601],[-70.99001,-52.99617],[-70.99633,-52.99844],[-71.00206,-52.99791],[-71.00508,-53.00076],[-71.00685,-53.0048],[-71.02495,-53.01198],[-71.04003,-53.01466],[-71.0489,-53.01934],[-71.05175,-53.01663],[-71.07548,-53.0237],[-71.09625,-53.02283],[-71.10936,-53.02511],[-71.11808,-53.02344],[-71.12921,-53.02836],[-71.1395,-53.03053],[-71.15407,-53.03163],[-71.17325,-53.03658],[-71.1883,-53.03219],[-71.19425,-53.03525],[-71.24556,-53.04388],[-71.26413,-53.05115],[-71.27888,-53.05471],[-71.28488,-53.0611],[-71.30115,-53.07095],[-71.32214,-53.07815],[-71.32663,-53.08716],[-71.33145,-53.08894],[-71.33108,-53.09248],[-71.33626,-53.0973],[-71.3359,-53.10268],[-71.33987,-53.1134],[-71.34706,-53.11834],[-71.35781,-53.1234],[-71.38848,-53.1311],[-71.39811,-53.13666],[-71.41785,-53.14318],[-71.42515,-53.14378],[-71.43558,-53.14207],[-71.46678,-53.14883],[-71.47778,-53.14569],[-71.50563,-53.14441],[-71.52505,-53.16324]]}},{"id":"13967","type":"Feature","properties":{"ROL":"Y-545","NOMBRE_CAMINO":"Cruce Ruta 255 CH - Punta Dungeness","CLASIFICACION":"Camino Regional Provincial","CALZADA":"ÚNICA"},"geometry":{"type":"LineString","coordinates":[[-69.49448,-52.24755],[-69.48242,-52.2475],[-69.47205,-52.24342],[-69.4625,-52.24277],[-69.44477,-52.24569],[-69.43861,-52.25034],[-69.42783,-52.2527],[-69.39592,-52.24384],[-69.38602,-52.2427],[-69.35585,-52.23531],[-69.34518,-52.22995],[-69.30669,-52.22181],[-69.29926,-52.21681],[-69.26639,-52.2026],[-69.25051,-52.19895],[-69.22685,-52.19752],[-69.2164,-52.19255],[-69.17711,-52.19012],[-69.16684,-52.18556],[-69.16088,-52.18487],[-69.13331,-52.18767],[-69.1074,-52.1977],[-69.06776,-52.20007],[-69.03841,-52.20879],[-69.00431,-52.20411],[-68.99762,-52.20905],[-68.97822,-52.2181],[-68.95625,-52.22064],[-68.94772,-52.22357],[-68.9357,-52.24425],[-68.93467,-52.25282],[-68.92595,-52.26446],[-68.90395,-52.27199],[-68.85873,-52.29513],[-68.83414,-52.29293],[-68.82118,-52.28667],[-68.80569,-52.28721],[-68.80316,-52.28315],[-68.80114,-52.28265],[-68.7474,-52.29239],[-68.73013,-52.29129],[-68.71556,-52.29289],[-68.68938,-52.30627],[-68.67579,-52.30738],[-68.66638,-52.30362],[-68.65435,-52.30224],[-68.62432,-52.30738],[-68.62137,-52.3084],[-68.61033,-52.31699],[-68.58871,-52.32298],[-68.58114,-52.32822],[-68.56535,-52.33339],[-68.53993,-52.32971],[-68.44691,-52.33482],[-68.43489,-52.33728],[-68.42382,-52.33465],[-68.42059,-52.33505],[-68.4188,-52.33689],[-68.41892,-52.38628],[-68.43056,-52.39434]]}},{"id":"13968","type":"Feature","properties":{"ROL":"Y-635","NOMBRE_CAMINO":"Cruce Y-71 (Cruce Baquedano) - Porvenir","CLASIFICACION":"Camino Regional Provincial","CALZADA":"ÚNICA"},"geometry":{"type":"LineString","coordinates":[[-69.84811,-53.35285],[-69.85389,-53.34912],[-69.85808,-53.34354],[-69.87683,-53.33509],[-69.88863,-53.32634],[-69.89,-53.32193],[-69.88687,-53.31768],[-69.88973,-53.30967],[-69.88722,-53.30418],[-69.88841,-53.30007],[-69.89398,-53.29524],[-69.89682,-53.29474],[-69.89843,-53.29176],[-69.89972,-53.28083],[-69.89865,-53.27774],[-69.91189,-53.27644],[-69.91483,-53.27495],[-69.93063,-53.27575],[-69.9373,-53.27366],[-69.94503,-53.27632],[-69.95371,-53.27569],[-69.95775,-53.27416],[-69.99256,-53.27809],[-70.00502,-53.28081],[-70.01614,-53.27744],[-70.02804,-53.27879],[-70.03337,-53.27796],[-70.03984,-53.28131],[-70.05215,-53.28397],[-70.06032,-53.28254],[-70.07999,-53.28209],[-70.12765,-53.30354],[-70.15957,-53.31083],[-70.16251,-53.31485],[-70.16835,-53.31571],[-70.17241,-53.31356],[-70.18276,-53.31421],[-70.18694,-53.3124],[-70.19715,-53.31287],[-70.21394,-53.31142],[-70.22665,-53.30842],[-70.22781,-53.30711],[-70.23581,-53.30935],[-70.2426,-53.31508],[-70.25166,-53.31164],[-70.27326,-53.31859],[-70.28164,-53.31646],[-70.2851,-53.31292],[-70.30359,-53.30909],[-70.32805,-53.29939],[-70.34697,-53.30017],[-70.3595,-53.29891]]}},{"id":"13969","type":"Feature","properties":{"ROL":"Y-50","NOMBRE_CAMINO":"Cruce Ruta 9 N (Cabeza de Mar) - Río Pérez - Bahía Williams","CLASIFICACION":"Camino Regional Principal","CALZADA":"U"},"geometry":{"type":"LineString","coordinates":[[-71.97969,-52.55205],[-71.98616,-52.55334],[-71.99741,-52.55144],[-72.0137,-52.5476],[-72.01755,-52.54463],[-72.0246,-52.54277],[-72.02882,-52.54262],[-72.03453,-52.54463],[-72.05587,-52.54311],[-72.06921,-52.53997],[-72.07396,-52.53462],[-72.08108,-52.53355],[-72.08701,-52.53082],[-72.09178,-52.53143],[-72.09696,-52.53032]]}},{"id":"13970","type":"Feature","properties":{"ROL":"Y-71","NOMBRE_CAMINO":"Cruce Ruta 257 CH (Onaisín) - Porvenir","CLASIFICACION":"Camino Regional Principal","CALZADA":"U"},"geometry":{"type":"LineString","coordinates":[[-69.41844,-53.3548],[-69.43123,-53.34987],[-69.45442,-53.35098],[-69.47707,-53.34694],[-69.49348,-53.34615],[-69.54966,-53.33977],[-69.57292,-53.34138],[-69.67467,-53.33629],[-69.72025,-53.33576],[-69.7641,-53.34143],[-69.77621,-53.34163],[-69.81131,-53.34984],[-69.84811,-53.35285],[-69.84424,-53.36147],[-69.84651,-53.36479],[-69.85239,-53.36925],[-69.8561,-53.36925],[-69.86486,-53.37222],[-69.90307,-53.37571],[-69.91307,-53.38324],[-69.92254,-53.38663],[-69.94075,-53.38831],[-69.95675,-53.39611],[-69.97332,-53.40079],[-69.99537,-53.41338],[-70.01239,-53.41691],[-70.02268,-53.42136],[-70.02742,-53.42131],[-70.0475,-53.41635],[-70.0727,-53.41945],[-70.0779,-53.42361],[-70.07635,-53.43485],[-70.07712,-53.43641],[-70.09011,-53.44752],[-70.10746,-53.45444],[-70.11411,-53.45564],[-70.12415,-53.45421],[-70.13884,-53.45711],[-70.17272,-53.46062],[-70.18013,-53.46444],[-70.20755,-53.47252],[-70.22244,-53.47177],[-70.23351,-53.4697],[-70.25489,-53.46087],[-70.26823,-53.45781],[-70.2866,-53.4431],[-70.28611,-53.44075],[-70.29104,-53.43512],[-70.29402,-53.4256],[-70.29312,-53.41884],[-70.30416,-53.41215],[-70.31832,-53.40048],[-70.33318,-53.39227]]}},{"id":"13971","type":"Feature","properties":{"ROL":"Y-450","NOMBRE_CAMINO":"Cruce Ruta 9 N - Las Nieves","CLASIFICACION":"Camino Regional de Acceso","CALZADA":"ÚNICA"},"geometry":{"type":"LineString","coordinates":[[-71.41408,-52.35012],[-71.421,-52.34186],[-71.43615,-52.33429],[-71.4506,-52.34024],[-71.45666,-52.3409],[-71.49941,-52.33864],[-71.51019,-52.34118],[-71.51809,-52.34031],[-71.52611,-52.33716],[-71.53009,-52.33806],[-71.53215,-52.3322],[-71.53468,-52.33256],[-71.53973,-52.32874],[-71.56283,-52.31929],[-71.56534,-52.31757],[-71.56543,-52.31398],[-71.57157,-52.31277],[-71.57996,-52.30819],[-71.58526,-52.29938],[-71.58228,-52.29709],[-71.58227,-52.29236],[-71.58863,-52.28895],[-71.59689,-52.28882],[-71.59971,-52.28418],[-71.60736,-52.27873],[-71.60943,-52.27543],[-71.60795,-52.27082],[-71.61134,-52.26923],[-71.61908,-52.2705],[-71.62612,-52.26902],[-71.64268,-52.27158],[-71.65253,-52.26757],[-71.65707,-52.26741],[-71.65788,-52.2656],[-71.67229,-52.26777],[-71.67781,-52.27154],[-71.69033,-52.27695],[-71.69503,-52.28498],[-71.70208,-52.28987],[-71.70838,-52.29123],[-71.71895,-52.28972],[-71.7257,-52.29214],[-71.74507,-52.29064],[-71.75751,-52.30604],[-71.78188,-52.308],[-71.78977,-52.31187],[-71.79254,-52.31656],[-71.80179,-52.31536],[-71.80791,-52.31299],[-71.81618,-52.31303],[-71.83274,-52.30911]]}},{"id":"13972","type":"Feature","properties":{"ROL":"Y-585","NOMBRE_CAMINO":"Cruce Y-65 - Puerto Percy","CLASIFICACION":"Camino Regional de Acceso","CALZADA":"ÚNICA"},"geometry":{"type":"LineString","coordinates":[[-70.04518,-52.91658],[-70.05803,-52.91449],[-70.06731,-52.90628],[-70.07752,-52.90187],[-70.08129,-52.89455],[-70.11135,-52.88612],[-70.13766,-52.88988],[-70.15454,-52.88624],[-70.16631,-52.88676],[-70.1834,-52.88406],[-70.19711,-52.88437],[-70.22117,-52.88132],[-70.23546,-52.88106],[-70.25441,-52.886],[-70.26587,-52.89403]]}},{"id":"13973","type":"Feature","properties":{"ROL":"Y-166","NOMBRE_CAMINO":"Cruce Y-156 (Estancia Laguna Amarga) - Cruce Y-160 (Cañadón Macho)","CLASIFICACION":"Camino Regional Comunal","CALZADA":"ÚNICA"},"geometry":{"type":"LineString","coordinates":[[-72.78151,-50.97441],[-72.78288,-50.96875],[-72.78787,-50.96729],[-72.7897,-50.96492],[-72.79113,-50.96064],[-72.7893,-50.95803],[-72.79376,-50.95398],[-72.79298,-50.94734],[-72.7908,-50.94505],[-72.79077,-50.94113],[-72.78751,-50.93696],[-72.77833,-50.93275],[-72.76835,-50.93421],[-72.76151,-50.93311],[-72.7537,-50.92916],[-72.74994,-50.93041],[-72.73326,-50.93097],[-72.72293,-50.93507]]}},{"id":"13974","type":"Feature","properties":{"ROL":"Y-135","NOMBRE_CAMINO":"Cruce Ruta 9 N - Estancia La Criollita","CLASIFICACION":"Camino Regional de Acceso","CALZADA":"ÚNICA"},"geometry":{"type":"LineString","coordinates":[[-72.34746,-50.89772],[-72.32606,-50.89833],[-72.32335,-50.89257],[-72.32595,-50.88899],[-72.32615,-50.88461],[-72.33349,-50.88448],[-72.33592,-50.87809],[-72.33068,-50.8735],[-72.32616,-50.86524]]}},{"id":"13975","type":"Feature","properties":{"ROL":"Y-170","NOMBRE_CAMINO":"Cruce Y-166 - Laguna La Cebolla","CLASIFICACION":"Camino Regional de Acceso","CALZADA":"ÚNICA"},"geometry":{"type":"LineString","coordinates":[[-72.75325,-50.92917],[-72.75793,-50.92582],[-72.76298,-50.92675],[-72.77985,-50.92308],[-72.78561,-50.92302],[-72.79045,-50.91917],[-72.79487,-50.91759],[-72.80696,-50.90772],[-72.80871,-50.90421],[-72.8133,-50.90315],[-72.81545,-50.89862],[-72.81533,-50.89603],[-72.82221,-50.89069],[-72.83762,-50.88482],[-72.84482,-50.87437],[-72.85057,-50.8706],[-72.85106,-50.86649]]}},{"id":"13976","type":"Feature","properties":{"ROL":"Y-891","NOMBRE_CAMINO":"Cruce Ruta 257 CH (Estancia Las Flores) - Cruce Ruta 259 CH (Lago Gaviota)","CLASIFICACION":"Camino Regional Comunal","CALZADA":"ÚNICA"},"geometry":{"type":"LineString","coordinates":[[-68.81625,-53.32101],[-68.81976,-53.31757],[-68.83339,-53.31095],[-68.83701,-53.30499],[-68.84072,-53.29462],[-68.84601,-53.28932],[-68.85491,-53.27599],[-68.86088,-53.27251],[-68.86577,-53.26763],[-68.86983,-53.25817],[-68.88353,-53.23676],[-68.89,-53.23194],[-68.89626,-53.23137],[-68.8939,-53.22115],[-68.8949,-53.21824],[-68.8769,-53.21869],[-68.86646,-53.22294],[-68.85896,-53.22373],[-68.78111,-53.2053]]}},{"id":"13977","type":"Feature","properties":{"ROL":"Y-435","NOMBRE_CAMINO":"Cruce Ruta 9 N (Carpa Manzano) - Cueva La Leona - Cruce Ruta 9 N (Estancia La Invernada)","CLASIFICACION":"Camino Regional Comunal","CALZADA":"ÚNICA"},"geometry":{"type":"LineString","coordinates":[[-71.19899,-52.57409],[-71.1987,-52.56768],[-71.18319,-52.5472],[-71.17663,-52.54192],[-71.1636,-52.52503],[-71.15225,-52.51517],[-71.15104,-52.51237],[-71.15302,-52.50934],[-71.14048,-52.50223],[-71.12488,-52.48453],[-71.12001,-52.48134],[-71.11974,-52.47919],[-71.11279,-52.47172],[-71.10985,-52.47098],[-71.10605,-52.46764],[-71.09614,-52.45347],[-71.09673,-52.45089],[-71.09409,-52.45044],[-71.08862,-52.44277],[-71.0887,-52.43854],[-71.08566,-52.43857],[-71.07696,-52.42615],[-71.08176,-52.42004],[-71.07194,-52.4189],[-71.06128,-52.40398],[-71.06515,-52.38526],[-71.06884,-52.37745],[-71.06778,-52.36703],[-71.06855,-52.34922],[-71.07029,-52.33935],[-71.06895,-52.33442],[-71.07069,-52.3301],[-71.07354,-52.32932],[-71.0827,-52.31912],[-71.0895,-52.31356],[-71.10639,-52.30264],[-71.13375,-52.29228],[-71.17548,-52.27333],[-71.18304,-52.27227],[-71.1932,-52.27461],[-71.19833,-52.27903],[-71.21124,-52.28454],[-71.24319,-52.28874],[-71.25201,-52.29212],[-71.26277,-52.29293],[-71.27315,-52.29165],[-71.30925,-52.30881],[-71.32282,-52.31287],[-71.33534,-52.31437],[-71.34267,-52.31242],[-71.3527,-52.31255],[-71.38021,-52.31537]]}},{"id":"13978","type":"Feature","properties":{"ROL":"Y-500","NOMBRE_CAMINO":"Cruce Y-560 (Ponsomby) - Estancia Rocallosa (Isla Riesco)","CLASIFICACION":"Camino Regional de Acceso","CALZADA":"ÚNICA"},"geometry":{"type":"LineString","coordinates":[[-71.47024,-52.65421],[-71.47815,-52.64655],[-71.48929,-52.64774],[-71.5049,-52.6551],[-71.51252,-52.65687],[-71.51654,-52.65618],[-71.51905,-52.65307],[-71.52634,-52.65167],[-71.53173,-52.65366],[-71.54721,-52.65615],[-71.56228,-52.6602],[-71.5682,-52.66326],[-71.58057,-52.66599],[-71.58532,-52.67284],[-71.58976,-52.67659],[-71.59648,-52.67821],[-71.60076,-52.68134],[-71.60595,-52.68219],[-71.61935,-52.68118],[-71.63774,-52.68779],[-71.64771,-52.68775],[-71.65768,-52.69094],[-71.66796,-52.69692],[-71.6871,-52.69138],[-71.69575,-52.69516],[-71.71109,-52.69946],[-71.72025,-52.69672],[-71.73196,-52.70124],[-71.73851,-52.70148],[-71.75633,-52.69841],[-71.77091,-52.70336],[-71.77992,-52.70428],[-71.78984,-52.70265],[-71.79919,-52.70276],[-71.80611,-52.70085],[-71.82008,-52.70169],[-71.82729,-52.7],[-71.85673,-52.69856],[-71.87994,-52.69253],[-71.88992,-52.69418],[-71.89741,-52.69123],[-71.9087,-52.68975],[-71.91869,-52.68685],[-71.92703,-52.68264],[-71.94013,-52.68035],[-71.95072,-52.67617],[-71.95526,-52.66831],[-71.95687,-52.66127],[-71.96088,-52.65837],[-71.96154,-52.65631],[-71.96554,-52.65663],[-71.9705,-52.6592]]}},{"id":"13979","type":"Feature","properties":{"ROL":"Y-535","NOMBRE_CAMINO":"Cruce Ruta 257 CH (Punta Delgada) - Cruce Y-545","CLASIFICACION":"Camino Regional Comunal","CALZADA":"ÚNICA"},"geometry":{"type":"LineString","coordinates":[[-69.58408,-52.44535],[-69.58653,-52.4435],[-69.59554,-52.42314],[-69.59509,-52.42081],[-69.58736,-52.41661],[-69.58229,-52.41172],[-69.57377,-52.41013],[-69.56389,-52.40176],[-69.55952,-52.39951],[-69.55286,-52.3908],[-69.54132,-52.39029],[-69.52882,-52.3826],[-69.51362,-52.36378],[-69.50518,-52.35821],[-69.49606,-52.3563],[-69.48732,-52.33714],[-69.48838,-52.30223],[-69.47625,-52.28409],[-69.46237,-52.26823],[-69.45127,-52.25888],[-69.42783,-52.2527]]}},{"id":"13980","type":"Feature","properties":{"ROL":"Y-540","NOMBRE_CAMINO":"Cruce Ruta 9 N (Río Seco) - Ojo Bueno (Regimiento)","CLASIFICACION":"Camino Regional Comunal","CALZADA":"ÚNICA"},"geometry":{"type":"LineString","coordinates":[[-70.85859,-53.05419],[-70.89741,-53.04754]]}},{"id":"13981","type":"Feature","properties":{"ROL":"Y-202","NOMBRE_CAMINO":"Cruce Y-200 - Lago Maravilla","CLASIFICACION":"Camino Regional de Acceso","CALZADA":"ÚNICA"},"geometry":{"type":"LineString","coordinates":[[-72.70554,-51.33152],[-72.71078,-51.33263],[-72.71859,-51.32828],[-72.71725,-51.31744],[-72.71803,-51.31455],[-72.71943,-51.31327],[-72.72598,-51.31268],[-72.7312,-51.31062]]}},{"id":"13982","type":"Feature","properties":{"ROL":"Y-759","NOMBRE_CAMINO":"Cruce Ruta 259 CH (Filaret) - Cruce Y-755 (Batería Flamengo)","CLASIFICACION":"Camino Regional Comunal","CALZADA":"ÚNICA"},"geometry":{"type":"LineString","coordinates":[[-68.76856,-53.09151],[-68.7796,-53.09542],[-68.79993,-53.09538],[-68.81196,-53.09312],[-68.82028,-53.09474],[-68.81814,-53.10625],[-68.82749,-53.11665],[-68.82401,-53.12147],[-68.82407,-53.12478],[-68.83068,-53.12832],[-68.84022,-53.13873]]}},{"id":"13983","type":"Feature","properties":{"ROL":"Y-460","NOMBRE_CAMINO":"Cruce Ruta 9 N (Villa Tehuelches) - Cruce Y-50 (Estancia Río Verde)","CLASIFICACION":"Camino Regional Comunal","CALZADA":"ÚNICA"},"geometry":{"type":"LineString","coordinates":[[-71.39147,-52.44371],[-71.42279,-52.4441],[-71.42922,-52.44794],[-71.43404,-52.4541],[-71.43432,-52.45806],[-71.44727,-52.46413],[-71.44797,-52.46622],[-71.46562,-52.46961],[-71.479,-52.47712],[-71.47927,-52.47985],[-71.48142,-52.48143],[-71.48012,-52.48352],[-71.48602,-52.49188],[-71.48744,-52.49603],[-71.48559,-52.50296],[-71.49178,-52.5098],[-71.48991,-52.51424],[-71.49127,-52.52463],[-71.48487,-52.5422],[-71.48609,-52.54647],[-71.48273,-52.56049],[-71.48319,-52.56762],[-71.48617,-52.57354],[-71.50079,-52.58595],[-71.50441,-52.59604],[-71.50348,-52.59796]]}},{"id":"13984","type":"Feature","properties":{"ROL":"Y-685","NOMBRE_CAMINO":"Cruce Ruta 259 CH (Calafate) - Punta Catalina","CLASIFICACION":"Camino Regional de Acceso","CALZADA":"ÚNICA"},"geometry":{"type":"LineString","coordinates":[[-68.89389,-52.76752],[-68.78885,-52.76821],[-68.76394,-52.771],[-68.7528,-52.76626],[-68.74074,-52.75505],[-68.73532,-52.73455],[-68.70954,-52.72193],[-68.7019,-52.71099],[-68.69358,-52.70512],[-68.68749,-52.70464],[-68.68322,-52.69992],[-68.66568,-52.69288],[-68.65677,-52.68596],[-68.65348,-52.66992],[-68.6545,-52.66781],[-68.6531,-52.66583],[-68.6612,-52.66018],[-68.6543,-52.6542],[-68.64977,-52.63866],[-68.64705,-52.63464],[-68.6773,-52.61869],[-68.68315,-52.61795],[-68.71282,-52.60354],[-68.71294,-52.59739],[-68.73274,-52.5783],[-68.74049,-52.56167],[-68.752,-52.55096],[-68.75595,-52.54906]]}},{"id":"13985","type":"Feature","properties":{"ROL":"Y-292","NOMBRE_CAMINO":"Cruce Y-290 - Villa Serrano","CLASIFICACION":"Camino Regional de Acceso","CALZADA":"U"},"geometry":{"type":"LineString","coordinates":[[-72.96604,-51.22311],[-72.9682,-51.23559],[-72.97071,-51.23846],[-72.97278,-51.23674],[-72.97493,-51.23804]]}},{"id":"13986","type":"Feature","properties":{"ROL":"Y-620","NOMBRE_CAMINO":"Cruce Ruta 9 S (Río Agua Fresca) - Laguna Parrillar","CLASIFICACION":"Camino Regional Comunal","CALZADA":"ÚNICA"},"geometry":{"type":"LineString","coordinates":[[-70.9908,-53.40364],[-71.0215,-53.41682],[-71.03935,-53.4171],[-71.04849,-53.41519],[-71.05359,-53.41185],[-71.06536,-53.40757],[-71.08155,-53.40685],[-71.08477,-53.40455],[-71.09023,-53.40374],[-71.09414,-53.40145],[-71.09983,-53.40245],[-71.10141,-53.40053],[-71.10095,-53.39862],[-71.10696,-53.39679],[-71.11037,-53.39687],[-71.11306,-53.39985],[-71.15177,-53.38818],[-71.15493,-53.38984],[-71.16026,-53.38929],[-71.17956,-53.39349],[-71.18026,-53.39601],[-71.18218,-53.39742],[-71.19396,-53.39883],[-71.19558,-53.3966],[-71.20942,-53.39855],[-71.21355,-53.40128],[-71.22331,-53.40322],[-71.22602,-53.40317],[-71.22975,-53.39993],[-71.24619,-53.39856],[-71.25347,-53.40443],[-71.26252,-53.40709]]}},{"id":"13987","type":"Feature","properties":{"ROL":"Y-769","NOMBRE_CAMINO":"Cruce Y-85 - Paso Río Bellavista (Ex Radman)","CLASIFICACION":"Camino Regional de Acceso","CALZADA":"ÚNICA"},"geometry":{"type":"LineString","coordinates":[[-68.77239,-54.05248],[-68.76967,-54.0524],[-68.76251,-54.04771],[-68.74864,-54.04747],[-68.73262,-54.04395],[-68.72737,-54.04116],[-68.71625,-54.03889],[-68.68314,-54.02832],[-68.67943,-54.02815],[-68.66523,-54.02298],[-68.64624,-54.00968],[-68.60758,-54.00012]]}},{"id":"13988","type":"Feature","properties":{"ROL":"Y-763","NOMBRE_CAMINO":"Cruce Y-85 (Lago Fagnano) - Caleta María","CLASIFICACION":"Camino Regional de Acceso","CALZADA":"ÚNICA"},"geometry":{"type":"LineString","coordinates":[[-68.8117,-54.50673],[-68.84591,-54.49953],[-68.85004,-54.50022],[-68.86997,-54.49695],[-68.8818,-54.49691],[-68.88907,-54.49294],[-68.95091,-54.48103],[-68.96254,-54.48338],[-68.97006,-54.48163],[-68.9866,-54.48401],[-68.99388,-54.48203]]}},{"id":"13989","type":"Feature","properties":{"ROL":"Ruta 259 CH","NOMBRE_CAMINO":"Cruce Ruta 257 CH (Cruce Cerro Sombrero) - Cullen - Cruce Ruta 257 CH (San Sebastián)","CLASIFICACION":"Camino Nacional con Carácter de Internacional","CALZADA":"U"},"geometry":{"type":"LineString","coordinates":[[-69.29602,-52.73212],[-69.22617,-52.73032],[-69.18726,-52.73701],[-69.1724,-52.73829],[-69.16832,-52.73633],[-69.16202,-52.72868],[-69.13098,-52.71609],[-69.12296,-52.71826],[-69.11509,-52.72224],[-69.10784,-52.72825],[-69.08201,-52.73005],[-69.07314,-52.72873],[-69.05573,-52.73412],[-69.01257,-52.72757],[-69.00867,-52.7285],[-69.00493,-52.73175],[-68.99429,-52.73291],[-68.98685,-52.73236],[-68.96557,-52.72386],[-68.95026,-52.72061],[-68.9453,-52.71775],[-68.93309,-52.72018],[-68.9174,-52.72021],[-68.90811,-52.7253],[-68.90181,-52.73093],[-68.89499,-52.73358],[-68.89269,-52.73709],[-68.89175,-52.74476],[-68.89983,-52.76151],[-68.88295,-52.77682],[-68.87755,-52.87969],[-68.87352,-52.88481],[-68.877,-52.89022],[-68.87591,-52.91151],[-68.87122,-52.91586],[-68.87159,-52.92168],[-68.86863,-52.92555],[-68.85939,-52.92646],[-68.83826,-52.93237],[-68.82813,-52.94093],[-68.82825,-52.97322],[-68.83279,-52.99477],[-68.82687,-53.00792],[-68.82359,-53.01878],[-68.80062,-53.02801],[-68.79771,-53.03411],[-68.78215,-53.05723],[-68.78221,-53.06548],[-68.77413,-53.07439],[-68.76891,-53.08571],[-68.76833,-53.094],[-68.75967,-53.1121],[-68.73999,-53.13374],[-68.73979,-53.13552],[-68.74243,-53.13959],[-68.74213,-53.1426],[-68.74883,-53.14765],[-68.76472,-53.17794],[-68.76206,-53.19388],[-68.77792,-53.20108],[-68.78418,-53.21072],[-68.78197,-53.22066],[-68.76109,-53.23817],[-68.73743,-53.24796],[-68.72664,-53.25651],[-68.72228,-53.26266],[-68.70027,-53.26294],[-68.70234,-53.26814],[-68.69204,-53.27227],[-68.68932,-53.27575],[-68.68971,-53.28092],[-68.68796,-53.28499],[-68.67058,-53.29821],[-68.67122,-53.29973],[-68.67593,-53.30169],[-68.67503,-53.30696],[-68.67598,-53.31777]]}},{"id":"13990","type":"Feature","properties":{"ROL":"Y-346","NOMBRE_CAMINO":"Cruce Y-330 - Cruce Y-340 (Dumestre)","CLASIFICACION":"Camino Regional Comunal","CALZADA":"ÚNICA"},"geometry":{"type":"LineString","coordinates":[[-72.42973,-51.77613],[-72.44532,-51.77871],[-72.45301,-51.77875]]}},{"id":"13991","type":"Feature","properties":{"ROL":"Y-725","NOMBRE_CAMINO":"Cruce Ruta 257 CH (Primavera) - Cruce Y-755 (Estancia China Creek)","CLASIFICACION":"Camino Regional Comunal","CALZADA":"ÚNICA"},"geometry":{"type":"LineString","coordinates":[[-69.32486,-52.93631],[-69.31542,-52.93934],[-69.31029,-52.94358],[-69.28545,-52.94625],[-69.28099,-52.94969],[-69.25375,-52.9554],[-69.23685,-52.96611],[-69.23145,-52.97562],[-69.21522,-52.99524],[-69.22293,-53.0015],[-69.22262,-53.0057],[-69.2257,-53.00855],[-69.2273,-53.01647],[-69.22759,-53.01916],[-69.22593,-53.02184],[-69.22677,-53.02479],[-69.2203,-53.03003],[-69.22007,-53.0319],[-69.22853,-53.03844],[-69.23666,-53.05084],[-69.23409,-53.05503],[-69.22854,-53.05983],[-69.22681,-53.06705],[-69.22396,-53.06878],[-69.22545,-53.07335],[-69.2207,-53.07895],[-69.21903,-53.09014],[-69.21311,-53.0921],[-69.21437,-53.09467],[-69.21091,-53.0999],[-69.20635,-53.10289],[-69.20478,-53.10935],[-69.1987,-53.11503],[-69.19239,-53.12754],[-69.18718,-53.13353],[-69.18433,-53.1528]]}},{"id":"13992","type":"Feature","properties":{"ROL":"Y-560","NOMBRE_CAMINO":"Cruce Y-500 (Ponsomby) - Río Grande (Isla Riesco)","CLASIFICACION":"Camino Regional de Acceso","CALZADA":"ÚNICA"},"geometry":{"type":"LineString","coordinates":[[-71.47024,-52.65421],[-71.4712,-52.65726],[-71.47068,-52.66596],[-71.46722,-52.67218],[-71.45811,-52.68208],[-71.4533,-52.68531],[-71.45192,-52.69071],[-71.44388,-52.6964],[-71.44363,-52.69911],[-71.44175,-52.70122],[-71.43272,-52.7055],[-71.42785,-52.71091],[-71.42584,-52.71572],[-71.42807,-52.72094],[-71.43551,-52.72989],[-71.43554,-52.73412],[-71.44435,-52.74364],[-71.44527,-52.74814],[-71.44328,-52.75422],[-71.4301,-52.75797],[-71.42098,-52.75747],[-71.41594,-52.75867],[-71.40894,-52.77021],[-71.40368,-52.77509],[-71.40119,-52.7804],[-71.4031,-52.78256],[-71.4029,-52.78702],[-71.40465,-52.78985],[-71.40558,-52.79588],[-71.39786,-52.80962],[-71.40333,-52.82024],[-71.40963,-52.82374],[-71.41418,-52.83223],[-71.43198,-52.8359],[-71.4608,-52.83083],[-71.47772,-52.83345],[-71.48791,-52.83643],[-71.50111,-52.8419],[-71.50341,-52.84724],[-71.51603,-52.85627],[-71.52323,-52.85666],[-71.52682,-52.86055],[-71.53393,-52.8632],[-71.55175,-52.86511],[-71.55756,-52.87233],[-71.57458,-52.88573],[-71.58152,-52.88667],[-71.59541,-52.8837],[-71.60205,-52.88431],[-71.62207,-52.89499],[-71.63651,-52.90562],[-71.64389,-52.90404],[-71.65541,-52.91077],[-71.65955,-52.91078],[-71.67267,-52.91471],[-71.68066,-52.92013],[-71.68477,-52.92085],[-71.68985,-52.92603],[-71.72059,-52.94296],[-71.72829,-52.94392],[-71.76684,-52.95827],[-71.78264,-52.96738],[-71.78812,-52.96883],[-71.79894,-52.96888],[-71.80361,-52.97151],[-71.80865,-52.97197],[-71.8157,-52.9752],[-71.84171,-52.98255],[-71.85235,-52.9882],[-71.85723,-52.99964],[-71.87428,-52.99964]]}},{"id":"13993","type":"Feature","properties":{"ROL":"Y-180","NOMBRE_CAMINO":"Cruce Ruta 9 N - Estancia Lazo","CLASIFICACION":"Camino Regional de Acceso","CALZADA":"ÚNICA"},"geometry":{"type":"LineString","coordinates":[[-72.56091,-51.08817],[-72.56456,-51.07961],[-72.57075,-51.07043],[-72.57627,-51.06633],[-72.60475,-51.05847],[-72.61804,-51.05194],[-72.6397,-51.04694],[-72.65487,-51.04565],[-72.67124,-51.04586],[-72.68057,-51.04813],[-72.68813,-51.04787],[-72.71214,-51.05465],[-72.7228,-51.06504],[-72.7362,-51.07102],[-72.76586,-51.07735],[-72.76861,-51.07587],[-72.77365,-51.07634],[-72.78892,-51.08367],[-72.79021,-51.08546],[-72.79406,-51.08673],[-72.79544,-51.08924],[-72.7875,-51.09672],[-72.78808,-51.09879],[-72.80735,-51.10784],[-72.81169,-51.11571],[-72.8209,-51.12298]]}},{"id":"13994","type":"Feature","properties":{"ROL":"Y-158","NOMBRE_CAMINO":"Cruce Y-150 - Pudeto - Estacionamiento Salto Grande","CLASIFICACION":"Camino Regional de Acceso","CALZADA":"ÚNICA"},"geometry":{"type":"LineString","coordinates":[[-72.98264,-51.06254],[-72.98485,-51.06266],[-72.98581,-51.06107],[-72.99198,-51.06115],[-72.99684,-51.06458]]}},{"id":"13995","type":"Feature","properties":{"ROL":"Y-895","NOMBRE_CAMINO":"Cruce Ruta 257 CH (Estancia Las Flores) - Cruce Y-85","CLASIFICACION":"Camino Regional Comunal","CALZADA":"ÚNICA"},"geometry":{"type":"LineString","coordinates":[[-68.81625,-53.32101],[-68.7851,-53.35601],[-68.77731,-53.35998],[-68.7726,-53.36048],[-68.76508,-53.3667],[-68.75888,-53.36827],[-68.75261,-53.37553],[-68.74447,-53.37731],[-68.74361,-53.38721],[-68.73178,-53.39712],[-68.73092,-53.40225],[-68.72249,-53.41028],[-68.72359,-53.41394],[-68.72295,-53.41664],[-68.72965,-53.42611],[-68.72585,-53.4307],[-68.72781,-53.43453],[-68.72633,-53.43888],[-68.73107,-53.44308],[-68.73902,-53.44655],[-68.74091,-53.45306],[-68.73847,-53.45591],[-68.73815,-53.46049],[-68.72926,-53.46446],[-68.7177,-53.47274],[-68.71882,-53.47436],[-68.726,-53.47546],[-68.73159,-53.48077],[-68.72161,-53.48809],[-68.72338,-53.49364],[-68.72375,-53.5015],[-68.72107,-53.50344],[-68.71322,-53.50548],[-68.70992,-53.51217],[-68.68902,-53.51861],[-68.68498,-53.52494],[-68.68785,-53.52766],[-68.68507,-53.53073],[-68.69335,-53.53747],[-68.69772,-53.55297],[-68.70927,-53.56538],[-68.71196,-53.57363],[-68.72636,-53.58592],[-68.73341,-53.59407],[-68.74237,-53.59805],[-68.74549,-53.60337],[-68.73631,-53.60627],[-68.73465,-53.61119],[-68.71987,-53.61914],[-68.71109,-53.62924],[-68.70777,-53.63535],[-68.70569,-53.64018],[-68.70746,-53.64744],[-68.7071,-53.65249],[-68.69928,-53.66122],[-68.6991,-53.67315],[-68.69607,-53.67919],[-68.69127,-53.68242],[-68.68873,-53.69288],[-68.67289,-53.71985],[-68.6701,-53.73467],[-68.66273,-53.74854],[-68.65718,-53.76566],[-68.65569,-53.77982],[-68.67094,-53.80028],[-68.68205,-53.81174],[-68.69497,-53.83216],[-68.69632,-53.84264],[-68.7187,-53.8429],[-68.73017,-53.83728],[-68.74579,-53.83334],[-68.81249,-53.82493],[-68.83643,-53.82428],[-68.90421,-53.80921],[-68.96189,-53.83774]]}},{"id":"13996","type":"Feature","properties":{"ROL":"Y-465","NOMBRE_CAMINO":"Cruce Ruta 255 CH - Puerto Oazy Harbour","CLASIFICACION":"Camino Regional de Acceso","CALZADA":"ÚNICA"},"geometry":{"type":"LineString","coordinates":[[-70.5526,-52.59982],[-70.56203,-52.62692],[-70.55857,-52.64586],[-70.54803,-52.66253],[-70.54769,-52.66944]]}},{"id":"13997","type":"Feature","properties":{"ROL":"Y-903","NOMBRE_CAMINO":"Cruce Y-905 - Bocatoma","CLASIFICACION":"Camino Regional de Acceso","CALZADA":"ÚNICA"},"geometry":{"type":"LineString","coordinates":[[-67.6229,-54.93826],[-67.61983,-54.93832],[-67.62411,-54.94169],[-67.63377,-54.94345],[-67.6362,-54.94654],[-67.64015,-54.94812]]}},{"id":"13998","type":"Feature","properties":{"ROL":"Y-499","NOMBRE_CAMINO":"Cruce Ruta 255 CH - Sección San Jorge","CLASIFICACION":"Camino Regional de Acceso","CALZADA":"ÚNICA"},"geometry":{"type":"LineString","coordinates":[[-70.07,-52.56687],[-70.08372,-52.54634],[-70.10729,-52.53541],[-70.16471,-52.41712],[-70.19196,-52.39796],[-70.19804,-52.38743],[-70.2094,-52.37799],[-70.2166,-52.36923],[-70.22853,-52.35892],[-70.24421,-52.33749],[-70.24897,-52.33509],[-70.25397,-52.33587],[-70.26258,-52.33378],[-70.26769,-52.33492],[-70.27642,-52.32914]]}},{"id":"13999","type":"Feature","properties":{"ROL":"Y-627","NOMBRE_CAMINO":"Cruce Y-623 (Bahía Mansa) - Puerto del Hambre","CLASIFICACION":"Camino Regional de Acceso","CALZADA":"ÚNICA"},"geometry":{"type":"LineString","coordinates":[[-70.93669,-53.60683],[-70.93353,-53.6099]]}},{"id":"14000","type":"Feature","properties":{"ROL":"Y-280","NOMBRE_CAMINO":"Cruce Ruta 9 N - Laguna Sofía","CLASIFICACION":"Camino Regional de Acceso","CALZADA":"ÚNICA"},"geometry":{"type":"LineString","coordinates":[[-72.51753,-51.5494],[-72.53273,-51.55127],[-72.53602,-51.55034],[-72.54273,-51.54564],[-72.56054,-51.54413],[-72.57775,-51.54752],[-72.58738,-51.54428],[-72.59126,-51.54032],[-72.59541,-51.53944],[-72.59933,-51.54041]]}},{"id":"14001","type":"Feature","properties":{"ROL":"Y-590","NOMBRE_CAMINO":"Cruce Y-580 - Laguna Lynch","CLASIFICACION":"Camino Regional de Acceso","CALZADA":"ÚNICA"},"geometry":{"type":"LineString","coordinates":[[-70.97914,-53.15912],[-70.98778,-53.16428],[-70.99109,-53.16827],[-71.00045,-53.17232]]}},{"id":"14002","type":"Feature","properties":{"ROL":"Y-907","NOMBRE_CAMINO":"Cruce Y-905 - Aeródromo Guardia Marina Zañartu","CLASIFICACION":"Camino Regional de Acceso","CALZADA":"ÚNICA"},"geometry":{"type":"LineString","coordinates":[[-67.6342,-54.93806],[-67.63803,-54.93491],[-67.62687,-54.93454],[-67.62509,-54.93336],[-67.61601,-54.93237]]}},{"id":"14003","type":"Feature","properties":{"ROL":"Y-348","NOMBRE_CAMINO":"Cruce Y-344 - Bahía Talcahuano","CLASIFICACION":"Camino Regional de Acceso","CALZADA":"ÚNICA"},"geometry":{"type":"LineString","coordinates":[[-72.88958,-51.74808],[-72.89068,-51.74854],[-72.88959,-51.74925]]}},{"id":"14004","type":"Feature","properties":{"ROL":"Y-761","NOMBRE_CAMINO":"Cruce Y-85 (Pampa Guanaco) - Lago Blanco","CLASIFICACION":"Camino Regional de Acceso","CALZADA":"ÚNICA"},"geometry":{"type":"LineString","coordinates":[[-68.80277,-54.05103],[-68.80481,-54.05329],[-68.80548,-54.05666],[-68.82112,-54.05916],[-68.82337,-54.06148],[-68.83645,-54.06635],[-68.86767,-54.07591],[-68.87728,-54.07448],[-68.87675,-54.07002],[-68.88046,-54.06527],[-68.89299,-54.06546],[-68.89892,-54.06427],[-68.91059,-54.05989],[-68.91601,-54.05604],[-68.92584,-54.05472],[-68.93454,-54.05615],[-68.93916,-54.05447],[-68.95803,-54.06064]]}},{"id":"14005","type":"Feature","properties":{"ROL":"Y-120","NOMBRE_CAMINO":"Cruce Ruta 9 N - Estancia Las Chinas","CLASIFICACION":"Camino Regional de Acceso","CALZADA":"ÚNICA"},"geometry":{"type":"LineString","coordinates":[[-72.39777,-50.87059],[-72.41955,-50.86563],[-72.42932,-50.86604],[-72.46885,-50.86009],[-72.51587,-50.83335]]}},{"id":"14006","type":"Feature","properties":{"ROL":"Y-655","NOMBRE_CAMINO":"Cruce Ruta 257 CH (Bellavista) - Cruce Y-65 (Bahía Felipe)","CLASIFICACION":"Camino Regional Provincial","CALZADA":"ÚNICA"},"geometry":{"type":"LineString","coordinates":[[-69.3706,-52.86524],[-69.40268,-52.85698],[-69.45592,-52.85857],[-69.49033,-52.85671],[-69.49845,-52.85518],[-69.51551,-52.84587],[-69.53186,-52.84316],[-69.62233,-52.83977],[-69.63383,-52.83769],[-69.64457,-52.83809],[-69.6601,-52.83456],[-69.72773,-52.84872],[-69.73902,-52.84998],[-69.75854,-52.84979],[-69.78563,-52.84502],[-69.80864,-52.83782]]}},{"id":"14007","type":"Feature","properties":{"ROL":"Y-893","NOMBRE_CAMINO":"Cruce Y-85 (Calafate) - Puesto Carretas","CLASIFICACION":"Camino Regional de Acceso","CALZADA":"ÚNICA"},"geometry":{"type":"LineString","coordinates":[[-69.274,-53.40035],[-69.25994,-53.41551],[-69.25149,-53.42121],[-69.24829,-53.42596],[-69.23631,-53.43127],[-69.2327,-53.43447],[-69.20663,-53.44498],[-69.20108,-53.44933],[-69.19091,-53.45268],[-69.18489,-53.45923],[-69.17052,-53.46847],[-69.16866,-53.48337],[-69.17058,-53.49399],[-69.17406,-53.50249],[-69.17351,-53.50754],[-69.16505,-53.51247],[-69.15883,-53.51352],[-69.1563,-53.51611],[-69.152,-53.51787],[-69.12305,-53.54026],[-69.12248,-53.54185],[-69.13689,-53.55318],[-69.13895,-53.55969],[-69.13929,-53.56767],[-69.13604,-53.57948],[-69.15105,-53.58931],[-69.15966,-53.59772],[-69.15786,-53.60226],[-69.15798,-53.60562],[-69.156,-53.60796],[-69.1426,-53.61185],[-69.13588,-53.61205]]}},{"id":"14008","type":"Feature","properties":{"ROL":"Y-352","NOMBRE_CAMINO":"Cruce Y-340 - Río Primero","CLASIFICACION":"Camino Regional de Acceso","CALZADA":"ÚNICA"},"geometry":{"type":"LineString","coordinates":[[-72.48571,-52.20456],[-72.48102,-52.20895]]}},{"id":"14009","type":"Feature","properties":{"ROL":"Y-621","NOMBRE_CAMINO":"Cruce Ruta 9 S - Acceso a Fuerte Bulnes","CLASIFICACION":"Camino Regional de Acceso","CALZADA":"ÚNICA"},"geometry":{"type":"LineString","coordinates":[[-70.9459,-53.59811],[-70.95135,-53.60546],[-70.9474,-53.61021]]}},{"id":"14010","type":"Feature","properties":{"ROL":"Y-570","NOMBRE_CAMINO":"Cruce Y-580 - Mina Loreto","CLASIFICACION":"Camino Regional de Acceso","CALZADA":"ÚNICA"},"geometry":{"type":"LineString","coordinates":[[-70.98834,-53.15875],[-70.99831,-53.15518],[-71.00379,-53.15106],[-71.0035,-53.15013]]}},{"id":"14011","type":"Feature","properties":{"ROL":"Y-533","NOMBRE_CAMINO":"Cruce Ruta 255 CH (Punta Delgada) - Cruce Y-535 (Buque Quemado)","CLASIFICACION":"Camino Regional Comunal","CALZADA":"ÚNICA"},"geometry":{"type":"LineString","coordinates":[[-69.67218,-52.32316],[-69.66858,-52.32806],[-69.6613,-52.33242],[-69.64513,-52.33833],[-69.64802,-52.34994],[-69.64039,-52.36586],[-69.63356,-52.37208],[-69.61791,-52.37201],[-69.59225,-52.37787],[-69.58755,-52.38337],[-69.58287,-52.38627],[-69.58258,-52.39561],[-69.56687,-52.40007],[-69.56413,-52.40202]]}},{"id":"14012","type":"Feature","properties":{"ROL":"Y-475","NOMBRE_CAMINO":"Cruce Y-455 - Ci Aike - Cruce Y-405","CLASIFICACION":"Camino Regional Comunal","CALZADA":"ÚNICA"},"geometry":{"type":"LineString","coordinates":[[-70.55989,-52.39483],[-70.5493,-52.38191],[-70.5361,-52.3713],[-70.45562,-52.35046],[-70.40475,-52.32243],[-70.39361,-52.32078],[-70.39067,-52.31671],[-70.38269,-52.30993],[-70.36268,-52.29987],[-70.35452,-52.29247],[-70.35121,-52.29119],[-70.34784,-52.28725],[-70.3212,-52.28205],[-70.30583,-52.2772],[-70.29904,-52.27215],[-70.29584,-52.26263],[-70.28203,-52.25102],[-70.27862,-52.23736],[-70.27538,-52.23438],[-70.24308,-52.23353],[-70.2268,-52.22958],[-70.21076,-52.22283],[-70.11763,-52.16992],[-70.10719,-52.16596],[-70.05126,-52.13746],[-70.04772,-52.13704]]}},{"id":"14013","type":"Feature","properties":{"ROL":"Y-753","NOMBRE_CAMINO":"Cruce Y-755 - Cruce Y-891","CLASIFICACION":"Camino Regional Comunal","CALZADA":"ÚNICA"},"geometry":{"type":"LineString","coordinates":[[-68.93184,-53.17051],[-68.92884,-53.17069],[-68.91978,-53.17806],[-68.89487,-53.21841]]}},{"id":"14014","type":"Feature","properties":{"ROL":"Y-185","NOMBRE_CAMINO":"Cruce Ruta 9 N (Rotonda Cerro Castillo) - Av. El Ovejero - Estancia El Chingue","CLASIFICACION":"Camino Regional de Acceso","CALZADA":"ÚNICA"},"geometry":{"type":"LineString","coordinates":[[-72.34549,-51.25889],[-72.33913,-51.2569],[-72.34001,-51.2497],[-72.34497,-51.2436],[-72.39771,-51.20906],[-72.40291,-51.20336],[-72.4074,-51.19443],[-72.4171,-51.18793],[-72.41997,-51.18351],[-72.42612,-51.17822],[-72.44722,-51.17163],[-72.47017,-51.16841],[-72.47791,-51.16512],[-72.48173,-51.16129],[-72.48187,-51.15576],[-72.48702,-51.15035],[-72.48866,-51.14612],[-72.49045,-51.13417],[-72.49823,-51.1215],[-72.5011,-51.11369],[-72.50091,-51.10419],[-72.50517,-51.09322],[-72.50472,-51.08585],[-72.50756,-51.08022],[-72.50168,-51.07536],[-72.49842,-51.06758],[-72.49187,-51.06097],[-72.48674,-51.05319],[-72.47602,-51.04678],[-72.4705,-51.04161],[-72.46499,-51.04037]]}},{"id":"14015","type":"Feature","properties":{"ROL":"Y-755","NOMBRE_CAMINO":"Cruce Ruta 257 CH - Estancia Blanca Adriana - Cruce Ruta 259 CH","CLASIFICACION":"Camino Regional Comunal","CALZADA":"ÚNICA"},"geometry":{"type":"LineString","coordinates":[[-69.24574,-53.21808],[-69.24281,-53.21528],[-69.24389,-53.21035],[-69.2309,-53.20237],[-69.22169,-53.19382],[-69.21465,-53.17699],[-69.21531,-53.17102],[-69.21055,-53.16802],[-69.20396,-53.16088],[-69.18302,-53.15237],[-69.17222,-53.15169],[-69.16401,-53.1549],[-69.14056,-53.15694],[-69.12654,-53.15657],[-69.09148,-53.16],[-68.97744,-53.17566],[-68.93228,-53.17067],[-68.85593,-53.13486],[-68.83211,-53.14094],[-68.76998,-53.15187],[-68.75139,-53.15292]]}},{"id":"14016","type":"Feature","properties":{"ROL":"Y-160","NOMBRE_CAMINO":"Cruce Y-150 - Laguna Azul - Río Zamora","CLASIFICACION":"Camino Regional Comunal","CALZADA":"U"},"geometry":{"type":"LineString","coordinates":[[-72.68257,-50.96515],[-72.69396,-50.9602],[-72.70292,-50.95946],[-72.70821,-50.9546],[-72.71402,-50.94282],[-72.71749,-50.93854],[-72.72562,-50.93592],[-72.72256,-50.93483],[-72.72416,-50.93242],[-72.71981,-50.93102],[-72.71894,-50.926],[-72.71393,-50.92251],[-72.72941,-50.90235],[-72.72604,-50.898],[-72.72641,-50.89493],[-72.73174,-50.88481],[-72.73756,-50.88025],[-72.73244,-50.87976],[-72.72973,-50.87728],[-72.72406,-50.87561],[-72.72231,-50.87207],[-72.72275,-50.85876],[-72.71025,-50.85587],[-72.70337,-50.85167],[-72.70355,-50.84924],[-72.7054,-50.84696],[-72.70326,-50.84533],[-72.69992,-50.84633],[-72.69948,-50.84424],[-72.70047,-50.84339],[-72.69848,-50.84445],[-72.69712,-50.8421],[-72.69799,-50.83955],[-72.69956,-50.84187],[-72.70492,-50.84008],[-72.70376,-50.83819],[-72.70571,-50.83714],[-72.70611,-50.83463],[-72.70971,-50.82961],[-72.71392,-50.82774],[-72.71295,-50.82609],[-72.71987,-50.8248],[-72.71505,-50.81835],[-72.71797,-50.80918],[-72.71462,-50.80774],[-72.71334,-50.80572],[-72.71282,-50.80397],[-72.71391,-50.80252],[-72.71027,-50.80159],[-72.70966,-50.79644],[-72.71309,-50.78993],[-72.71318,-50.78402],[-72.71546,-50.77953],[-72.71804,-50.77846],[-72.71404,-50.77814],[-72.72097,-50.7686],[-72.72395,-50.76774],[-72.72291,-50.76695],[-72.72497,-50.76548],[-72.72551,-50.76101],[-72.73018,-50.75723],[-72.72757,-50.75187],[-72.73542,-50.74966],[-72.73306,-50.74497],[-72.73036,-50.74572],[-72.72653,-50.74334]]}},{"id":"14017","type":"Feature","properties":{"ROL":"Y-665","NOMBRE_CAMINO":"Cruce Ruta 257 CH (Cerro Sombrero) - Cruce Ruta 257 CH (Cruce Primavera)","CLASIFICACION":"Camino Regional Comunal","CALZADA":"ÚNICA"},"geometry":{"type":"LineString","coordinates":[[-69.28764,-52.76708],[-69.28762,-52.76965],[-69.28301,-52.77328],[-69.28346,-52.77621],[-69.28151,-52.77917],[-69.26183,-52.79523],[-69.25957,-52.80564],[-69.25168,-52.81491],[-69.2521,-52.81964],[-69.2443,-52.82506],[-69.24618,-52.8311],[-69.24591,-52.83685],[-69.26195,-52.84224],[-69.27732,-52.85384],[-69.28542,-52.85804],[-69.30198,-52.8596],[-69.3202,-52.86809],[-69.33656,-52.86651],[-69.341,-52.8676],[-69.34796,-52.87298],[-69.34783,-52.88158],[-69.35112,-52.88295]]}},{"id":"14018","type":"Feature","properties":{"ROL":"S/R-Y-168","NOMBRE_CAMINO":"Cruce Y-156 (Portería Laguna Amarga) - Acceso Torres del Paine","CLASIFICACION":"Camino Regional de Acceso (En Proceso de Enrolamiento)","CALZADA":"ÚNICA"},"geometry":{"type":"LineString","coordinates":[[-72.80034,-50.97959],[-72.80085,-50.97512],[-72.80327,-50.9737],[-72.80098,-50.97064],[-72.80187,-50.96892],[-72.80839,-50.96992],[-72.81568,-50.96586],[-72.82951,-50.96681],[-72.83916,-50.96418],[-72.84437,-50.96435],[-72.85877,-50.96822],[-72.85865,-50.9654],[-72.86173,-50.96513]]}},{"id":"14019","type":"Feature","properties":{"ROL":"S/R-Y-622","NOMBRE_CAMINO":"Cruce Y-620 - Tres Morros","CLASIFICACION":"Camino Regional de Acceso (En Proceso de Enrolamiento)","CALZADA":"ÚNICA"},"geometry":{"type":"LineString","coordinates":[[-71.16443,-53.38998],[-71.16983,-53.38813],[-71.16866,-53.38696],[-71.16936,-53.38571],[-71.16733,-53.38485],[-71.16991,-53.38282],[-71.17069,-53.37981],[-71.16843,-53.3751],[-71.17132,-53.3734],[-71.17137,-53.36889],[-71.17288,-53.36717],[-71.17207,-53.36299],[-71.17405,-53.36091],[-71.17093,-53.35673],[-71.17178,-53.35356],[-71.17044,-53.35067],[-71.17253,-53.34894],[-71.17258,-53.34709],[-71.17974,-53.34627],[-71.18073,-53.34514],[-71.1784,-53.34029],[-71.16715,-53.33468],[-71.16693,-53.33349],[-71.1703,-53.3296],[-71.17599,-53.32704],[-71.175,-53.32653],[-71.17605,-53.32547],[-71.17947,-53.32483],[-71.18783,-53.32686],[-71.20471,-53.33627],[-71.20743,-53.33226],[-71.21317,-53.33021],[-71.22139,-53.33044],[-71.22718,-53.3323],[-71.23122,-53.33119],[-71.24536,-53.33127],[-71.248,-53.32898],[-71.24942,-53.32379],[-71.25617,-53.31771],[-71.26525,-53.31738],[-71.26997,-53.31451],[-71.2755,-53.31773]]}},{"id":"14020","type":"Feature","properties":{"ROL":"S/R-Y-419","NOMBRE_CAMINO":"Cruce Y-405 - Parque Nacional Pali Aike","CLASIFICACION":"Camino Regional de Acceso (En Proceso de Enrolamiento)","CALZADA":"ÚNICA"},"geometry":{"type":"LineString","coordinates":[[-69.79991,-52.19095],[-69.8003,-52.18868],[-69.77828,-52.14243],[-69.7668,-52.13553]]}},{"id":"14021","type":"Feature","properties":{"ROL":"S/R-Y-350","NOMBRE_CAMINO":"Cruce Y-340 - Villa Seno Obstrucción","CLASIFICACION":"Camino Regional de Acceso (En Proceso de Enrolamiento)","CALZADA":"ÚNICA"},"geometry":{"type":"LineString","coordinates":[[-72.46465,-52.21777],[-72.47394,-52.21525],[-72.48094,-52.21029]]}},{"id":"14022","type":"Feature","properties":{"ROL":"S/R-Y-481","NOMBRE_CAMINO":"Cruce Ruta 255 CH (Inia) - Estancia Josefina","CLASIFICACION":"Camino Regional de Acceso (En Proceso de Enrolamiento)","CALZADA":"ÚNICA"},"geometry":{"type":"LineString","coordinates":[[-70.92363,-52.70982],[-70.92553,-52.70705],[-70.92401,-52.69559],[-70.94107,-52.6845],[-70.94874,-52.67728],[-70.96108,-52.66875],[-70.96682,-52.66052],[-70.97496,-52.65266],[-70.97434,-52.63456],[-70.97789,-52.63179]]}},{"id":"14023","type":"Feature","properties":{"ROL":"S/R-Y-320","NOMBRE_CAMINO":"Cruce Y-344 - Cerro Ballena","CLASIFICACION":"Camino Regional de Acceso (En Proceso de Enrolamiento)","CALZADA":"ÚNICA"},"geometry":{"type":"LineString","coordinates":[[-72.5537,-51.74233],[-72.55504,-51.74068],[-72.55579,-51.73374],[-72.56326,-51.71947],[-72.60687,-51.7134],[-72.61112,-51.70886],[-72.61688,-51.70531],[-72.62614,-51.70331],[-72.63124,-51.69812],[-72.64357,-51.69265],[-72.65254,-51.6935],[-72.66618,-51.69817],[-72.66737,-51.70233],[-72.67143,-51.70479],[-72.68713,-51.69944],[-72.69491,-51.69069],[-72.7029,-51.67743],[-72.72182,-51.65134]]}},{"id":"14024","type":"Feature","properties":{"ROL":"S/R-Y-911","NOMBRE_CAMINO":"Cruce Y-909 - Acceso a Huertos Isla Navarino","CLASIFICACION":"Camino Regional de Acceso (En Proceso de Enrolamiento)","CALZADA":"ÚNICA"},"geometry":{"type":"LineString","coordinates":[[-67.59003,-54.93324],[-67.58451,-54.93318],[-67.5836,-54.93525],[-67.57878,-54.93382],[-67.57893,-54.9356],[-67.57215,-54.93525],[-67.57156,-54.93612],[-67.57776,-54.93715],[-67.57694,-54.93858],[-67.5747,-54.93874]]}},{"id":"14025","type":"Feature","properties":{"ROL":"Y-380","NOMBRE_CAMINO":"Cruce Ruta 9 N (Villa Renoval) - Estancia Kerber","CLASIFICACION":"Camino Regional de Acceso","CALZADA":"ÚNICA"},"geometry":{"type":"LineString","coordinates":[[-71.98035,-52.06232],[-72.00183,-52.0568],[-72.00595,-52.05706],[-72.0078,-52.05988],[-72.01763,-52.06475],[-72.0228,-52.06903],[-72.02588,-52.07379],[-72.03778,-52.07872],[-72.03972,-52.08038],[-72.03952,-52.08188],[-72.04606,-52.08467],[-72.05071,-52.08907]]}},{"id":"14026","type":"Feature","properties":{"ROL":"Y-380","NOMBRE_CAMINO":"Cruce Ruta 9 N (Villa Renoval) - Estancia Kerber","CLASIFICACION":"Camino Regional de Acceso","CALZADA":"ÚNICA"},"geometry":{"type":"LineString","coordinates":[[-71.91962,-52.03816],[-71.92793,-52.04238],[-71.94229,-52.05724],[-71.94703,-52.05749],[-71.9547,-52.05573],[-71.97055,-52.06347],[-71.98035,-52.06232]]}},{"id":"14027","type":"Feature","properties":{"ROL":"Y-623","NOMBRE_CAMINO":"Cruce Ruta 9 S (Rinconada Bulnes) - Bahía Mansa","CLASIFICACION":"Camino Regional Comunal","CALZADA":"ÚNICA"},"geometry":{"type":"LineString","coordinates":[[-70.93669,-53.60683],[-70.93291,-53.60738]]}},{"id":"14028","type":"Feature","properties":{"ROL":"Y-897","NOMBRE_CAMINO":"Cruce Y-85 (Cameron) - Puente Mayer - Puesto María","CLASIFICACION":"Camino Regional de Acceso","CALZADA":"ÚNICA"},"geometry":{"type":"LineString","coordinates":[[-69.63827,-53.63643],[-69.64283,-53.63905],[-69.64535,-53.63812],[-69.64738,-53.63538],[-69.65252,-53.63588],[-69.67005,-53.64812],[-69.70885,-53.65252],[-69.71274,-53.65431],[-69.71545,-53.65726],[-69.73282,-53.6575],[-69.74549,-53.66009],[-69.75597,-53.66394],[-69.77125,-53.66667],[-69.79383,-53.66562],[-69.80605,-53.66773],[-69.83034,-53.66627],[-69.83701,-53.66736],[-69.83782,-53.66896],[-69.84265,-53.67015],[-69.846,-53.66896],[-69.89123,-53.675],[-69.89712,-53.67888],[-69.90758,-53.67812],[-69.91349,-53.67999],[-69.92259,-53.68524],[-69.94861,-53.70475],[-69.9598,-53.71157],[-69.9861,-53.72223],[-69.99154,-53.72249],[-70.00424,-53.72748],[-70.02507,-53.73076],[-70.02447,-53.73464],[-70.03301,-53.73616],[-70.03543,-53.73859],[-70.03364,-53.74059],[-70.036,-53.74269],[-70.03556,-53.74474],[-70.04048,-53.74783],[-70.04434,-53.74509],[-70.05323,-53.74377],[-70.05634,-53.7445],[-70.06021,-53.74823],[-70.06711,-53.74611],[-70.08355,-53.75036],[-70.0884,-53.7527],[-70.10296,-53.74789],[-70.10776,-53.74278],[-70.11966,-53.745]]}},{"id":"14029","type":"Feature","properties":{"ROL":"Y-897","NOMBRE_CAMINO":"Cruce Y-85 (Cameron) - Puente Mayer - Puesto María","CLASIFICACION":"Camino Regional de Acceso (En Proceso de Enrolamiento)","CALZADA":"ÚNICA"},"geometry":{"type":"LineString","coordinates":[[-70.17471,-53.8262],[-70.1733,-53.83707],[-70.17183,-53.8389],[-70.16393,-53.8408],[-70.16129,-53.84351],[-70.1615,-53.8542],[-70.1545,-53.86085],[-70.15242,-53.86925],[-70.15424,-53.87367],[-70.15401,-53.87666],[-70.142,-53.8843],[-70.14101,-53.88668],[-70.14163,-53.89016]]}},{"id":"14030","type":"Feature","properties":{"ROL":"Y-85","NOMBRE_CAMINO":"Cruce Y-71 (Onaisín) - Lago Fagnano - Cordillera Darwin","CLASIFICACION":"Camino Regional Principal","CALZADA":"ÚNICA"},"geometry":{"type":"LineString","coordinates":[[-68.8117,-54.50673],[-68.80522,-54.51028],[-68.80138,-54.5145],[-68.79304,-54.52029],[-68.79374,-54.52721],[-68.79779,-54.52944],[-68.80266,-54.53546],[-68.80532,-54.53647],[-68.80526,-54.5385],[-68.80963,-54.54035],[-68.81092,-54.54442],[-68.81375,-54.54586],[-68.81304,-54.55969],[-68.82815,-54.5716],[-68.828,-54.58169],[-68.82238,-54.58144],[-68.82081,-54.58521],[-68.82225,-54.58728],[-68.82038,-54.58788],[-68.82326,-54.58899],[-68.81533,-54.59057],[-68.80975,-54.59793],[-68.80318,-54.6007],[-68.78269,-54.60686],[-68.76913,-54.6067],[-68.75621,-54.60972],[-68.75557,-54.61254],[-68.74736,-54.61829],[-68.74867,-54.62062],[-68.74684,-54.6211],[-68.74747,-54.62371],[-68.74582,-54.62184],[-68.74618,-54.6237]]}},{"id":"14031","type":"Feature","properties":{"ROL":"Y-85","NOMBRE_CAMINO":"Cruce Y-71 (Onaisín) - Lago Fagnano - Cordillera Darwin","CLASIFICACION":"Camino Regional Principal","CALZADA":"U"},"geometry":{"type":"LineString","coordinates":[[-69.25843,-53.35269],[-69.26911,-53.3612],[-69.27617,-53.37207],[-69.28085,-53.38433],[-69.28788,-53.39156],[-69.28419,-53.39382],[-69.27969,-53.39382],[-69.27392,-53.40049],[-69.2791,-53.41033],[-69.2785,-53.41605],[-69.2746,-53.4254],[-69.28136,-53.42962],[-69.29621,-53.43217],[-69.30562,-53.43712],[-69.30223,-53.44947],[-69.30574,-53.45969],[-69.3022,-53.46951],[-69.29761,-53.4716],[-69.2956,-53.47441],[-69.30562,-53.48284],[-69.31083,-53.48979],[-69.32221,-53.5005],[-69.33086,-53.50524],[-69.33457,-53.50982],[-69.33758,-53.51122],[-69.34349,-53.51933],[-69.3563,-53.52523],[-69.35857,-53.52857],[-69.35942,-53.52682],[-69.36608,-53.52748],[-69.36794,-53.53145],[-69.37359,-53.5349],[-69.39299,-53.54193],[-69.40624,-53.5499],[-69.40882,-53.55264],[-69.41833,-53.55667],[-69.44312,-53.56068],[-69.44953,-53.56316],[-69.46007,-53.56378],[-69.46971,-53.56916],[-69.47813,-53.571],[-69.49132,-53.57984],[-69.51934,-53.58255],[-69.52756,-53.58719],[-69.5385,-53.58986],[-69.54907,-53.59561],[-69.55832,-53.59443],[-69.56299,-53.59599],[-69.56801,-53.60003],[-69.5703,-53.60506],[-69.59161,-53.61571],[-69.60132,-53.61934],[-69.60831,-53.61873],[-69.60943,-53.62066],[-69.62155,-53.62353],[-69.63834,-53.63651],[-69.63708,-53.64358],[-69.61923,-53.65507],[-69.60094,-53.65824],[-69.59079,-53.66327],[-69.58662,-53.66605],[-69.58049,-53.67374],[-69.57356,-53.67746],[-69.56636,-53.67678],[-69.56106,-53.67198],[-69.55433,-53.66931],[-69.54424,-53.67111],[-69.53923,-53.67069],[-69.53067,-53.67421],[-69.51229,-53.676],[-69.49958,-53.67963],[-69.49043,-53.67919],[-69.47998,-53.6857],[-69.46946,-53.68724],[-69.46395,-53.69408],[-69.43451,-53.70749],[-69.42901,-53.70504],[-69.42231,-53.70458],[-69.4205,-53.70561],[-69.41983,-53.70805],[-69.41605,-53.70959],[-69.40211,-53.70897],[-69.37952,-53.71153],[-69.35926,-53.7181],[-69.33602,-53.72208],[-69.32836,-53.72664],[-69.30875,-53.73111],[-69.28988,-53.73044],[-69.2744,-53.73161],[-69.25146,-53.73964],[-69.23194,-53.7425],[-69.2204,-53.74824],[-69.21565,-53.74893],[-69.21031,-53.7519],[-69.21045,-53.75595],[-69.20378,-53.76056],[-69.19832,-53.76258],[-69.1958,-53.76579],[-69.18527,-53.76779],[-69.16994,-53.76672],[-69.146,-53.77019],[-69.08762,-53.78886],[-69.07807,-53.79517],[-69.06666,-53.79801],[-69.0423,-53.80855],[-69.02761,-53.8105],[-68.94525,-53.84474],[-68.93558,-53.85305],[-68.93065,-53.86352],[-68.92912,-53.86443],[-68.92803,-53.86917],[-68.92218,-53.8718],[-68.92545,-53.87549],[-68.90178,-53.88689],[-68.89531,-53.8912],[-68.88494,-53.89345],[-68.88447,-53.89488],[-68.89058,-53.89754],[-68.8912,-53.899],[-68.87311,-53.91462],[-68.86305,-53.92089],[-68.84985,-53.93167],[-68.83388,-53.94128],[-68.82778,-53.94325],[-68.81051,-53.95457],[-68.81312,-53.96081],[-68.8123,-53.96282],[-68.79318,-53.97594],[-68.79074,-53.98396],[-68.80716,-54.00286],[-68.81019,-54.00978],[-68.8017,-54.04943],[-68.80282,-54.05121],[-68.80099,-54.05265],[-68.79507,-54.05349],[-68.78447,-54.05145],[-68.77241,-54.05248],[-68.76769,-54.05604],[-68.76043,-54.05785],[-68.75662,-54.0609],[-68.75492,-54.06549],[-68.75177,-54.06936],[-68.75268,-54.07325],[-68.75797,-54.07896],[-68.76073,-54.08548],[-68.76033,-54.09104],[-68.75865,-54.0934],[-68.74904,-54.09825],[-68.73926,-54.10077],[-68.72659,-54.10628],[-68.72751,-54.10843],[-68.72111,-54.1124],[-68.70535,-54.11775],[-68.70408,-54.12394],[-68.70744,-54.12589],[-68.70862,-54.12813],[-68.70647,-54.13019],[-68.7028,-54.13074],[-68.70154,-54.14088],[-68.70599,-54.15755],[-68.70992,-54.1647],[-68.70268,-54.16825],[-68.7001,-54.17254],[-68.69892,-54.17864],[-68.70065,-54.18633],[-68.70997,-54.1956],[-68.71035,-54.19869],[-68.7052,-54.20122],[-68.70733,-54.20385],[-68.71392,-54.2045],[-68.71134,-54.20719],[-68.715,-54.21112],[-68.719,-54.21233],[-68.7263,-54.22046],[-68.72773,-54.22474],[-68.72686,-54.22746],[-68.7237,-54.22965],[-68.72437,-54.23389],[-68.72336,-54.23973],[-68.7306,-54.24196],[-68.73365,-54.24579],[-68.7373,-54.25563],[-68.73371,-54.26626],[-68.71536,-54.27331],[-68.71876,-54.27924],[-68.73976,-54.28947],[-68.74736,-54.29547],[-68.76387,-54.29818],[-68.7699,-54.30072],[-68.77774,-54.30129],[-68.79659,-54.30946],[-68.80124,-54.30845],[-68.81637,-54.30926],[-68.81562,-54.31152],[-68.81688,-54.31478],[-68.81499,-54.31651],[-68.81661,-54.31747],[-68.81591,-54.31924],[-68.81743,-54.32156],[-68.81999,-54.32233],[-68.82525,-54.32128],[-68.8284,-54.32248],[-68.82547,-54.32596],[-68.81949,-54.32668],[-68.82344,-54.32766],[-68.81969,-54.32769],[-68.82297,-54.32849],[-68.82046,-54.33351],[-68.82267,-54.33491],[-68.82391,-54.33926],[-68.82634,-54.34062],[-68.82689,-54.33908],[-68.82827,-54.34048],[-68.83066,-54.33968],[-68.82758,-54.34221],[-68.82947,-54.34187],[-68.82845,-54.34309],[-68.81857,-54.34827],[-68.82925,-54.34751],[-68.82454,-54.3497],[-68.8389,-54.34747],[-68.82793,-54.35158],[-68.82887,-54.35195],[-68.81362,-54.3549],[-68.79882,-54.36067],[-68.78982,-54.3621],[-68.78566,-54.36489],[-68.78162,-54.36434],[-68.76515,-54.36859],[-68.76298,-54.36988],[-68.76486,-54.37182],[-68.76461,-54.37392],[-68.75162,-54.37831],[-68.74712,-54.37845],[-68.74317,-54.38083],[-68.70595,-54.38628],[-68.71865,-54.38942],[-68.71861,-54.39208],[-68.72151,-54.39686],[-68.71909,-54.402],[-68.71425,-54.40413],[-68.71584,-54.40452],[-68.71429,-54.40487],[-68.7152,-54.406],[-68.71396,-54.40879],[-68.71511,-54.41086],[-68.71703,-54.41344],[-68.72025,-54.41474],[-68.71452,-54.41638],[-68.70913,-54.4281],[-68.71179,-54.42871],[-68.71135,-54.42975],[-68.71298,-54.42862],[-68.71116,-54.43061],[-68.71386,-54.42914],[-68.7121,-54.43109],[-68.7148,-54.4299],[-68.71416,-54.43229],[-68.71679,-54.43038],[-68.71572,-54.43156],[-68.71754,-54.43324],[-68.71651,-54.43443],[-68.71972,-54.43426],[-68.71451,-54.43709],[-68.71884,-54.43608],[-68.71492,-54.43842],[-68.71698,-54.43871],[-68.71433,-54.43926],[-68.71581,-54.43963],[-68.71172,-54.44294],[-68.707,-54.45178],[-68.70508,-54.45959],[-68.70184,-54.46457],[-68.70127,-54.47645],[-68.69847,-54.47902],[-68.69267,-54.48046],[-68.69638,-54.48076],[-68.69214,-54.48145],[-68.69458,-54.48133],[-68.69273,-54.4822],[-68.6967,-54.48281],[-68.68914,-54.48522],[-68.69346,-54.48511],[-68.69279,-54.48665],[-68.68998,-54.48758],[-68.69469,-54.48752],[-68.69388,-54.48987],[-68.69949,-54.48977],[-68.69905,-54.49181],[-68.70166,-54.49582],[-68.71173,-54.49485],[-68.7142,-54.49283],[-68.7193,-54.49261],[-68.72667,-54.49594],[-68.72987,-54.49946],[-68.73922,-54.49948],[-68.74274,-54.5029],[-68.74636,-54.50427],[-68.74795,-54.50383],[-68.74844,-54.50109],[-68.75115,-54.50028],[-68.75783,-54.50477],[-68.76184,-54.50544],[-68.80949,-54.50276],[-68.8117,-54.50673]]}},{"id":"14032","type":"Feature","properties":{"ROL":"Y-623","NOMBRE_CAMINO":"Cruce Ruta 9 S (Rinconada Bulnes) - Bahía Mansa","CLASIFICACION":"Camino Regional Comunal","CALZADA":"ÚNICA"},"geometry":{"type":"LineString","coordinates":[[-70.94461,-53.59715],[-70.94414,-53.59933],[-70.93669,-53.60683]]}},{"id":"14033","type":"Feature","properties":{"ROL":"Y-897","NOMBRE_CAMINO":"Cruce Y-85 (Cameron) - Puente Mayer - Puesto María","CLASIFICACION":"Camino Regional de Acceso (En Proceso de Enrolamiento)","CALZADA":"ÚNICA"},"geometry":{"type":"LineString","coordinates":[[-70.11966,-53.745],[-70.13307,-53.74668],[-70.13242,-53.74872],[-70.13354,-53.75083],[-70.13196,-53.75389],[-70.13738,-53.75586],[-70.13532,-53.75773],[-70.13776,-53.76138],[-70.14573,-53.76454],[-70.14944,-53.76883],[-70.16687,-53.77545],[-70.16369,-53.78439],[-70.16841,-53.79175],[-70.1675,-53.79703],[-70.17441,-53.80253],[-70.17207,-53.8098],[-70.17209,-53.81747],[-70.17364,-53.81898],[-70.17351,-53.82276],[-70.17558,-53.82525],[-70.17471,-53.8262]]}},{"id":"14034","type":"Feature","properties":{"ROL":"Y-905","NOMBRE_CAMINO":"Puerto Williams (Cruce Calle Yelcho) - Puerto Navarino","CLASIFICACION":"Camino Regional Comunal","CALZADA":"U"},"geometry":{"type":"LineString","coordinates":[[-67.65283,-54.93989],[-67.66284,-54.94204],[-67.69638,-54.94041],[-67.71047,-54.94087],[-67.71291,-54.93856],[-67.72026,-54.93811],[-67.72422,-54.93584],[-67.72814,-54.93116],[-67.72698,-54.92902],[-67.72839,-54.9271],[-67.749,-54.92589],[-67.75732,-54.9279],[-67.76626,-54.92562],[-67.77801,-54.92538],[-67.78146,-54.92395],[-67.77887,-54.91976],[-67.7875,-54.91562],[-67.8029,-54.91345],[-67.82025,-54.91299],[-67.82718,-54.91068],[-67.86432,-54.91372],[-67.89119,-54.91206],[-67.9176,-54.90564],[-67.94045,-54.90487],[-67.96092,-54.90007],[-67.97711,-54.89821],[-67.98354,-54.89959],[-67.98753,-54.90389],[-67.99812,-54.90112],[-68.01888,-54.90236],[-68.01676,-54.90395],[-68.01934,-54.90472],[-68.01661,-54.90693],[-68.02361,-54.90556],[-68.03173,-54.90651],[-68.04254,-54.90515],[-68.06109,-54.90641],[-68.0684,-54.90417],[-68.08054,-54.90315],[-68.08611,-54.90789],[-68.10522,-54.90741],[-68.11024,-54.90815],[-68.11061,-54.90918],[-68.1179,-54.90565],[-68.13623,-54.90331],[-68.14425,-54.90608],[-68.14842,-54.90544],[-68.15022,-54.90671],[-68.14882,-54.9087],[-68.15123,-54.91154],[-68.15115,-54.91323],[-68.1591,-54.91559],[-68.16487,-54.91503],[-68.17622,-54.91807],[-68.20641,-54.9231],[-68.22184,-54.92176],[-68.22525,-54.92284],[-68.22895,-54.9221],[-68.23188,-54.92368],[-68.23973,-54.92465],[-68.26424,-54.92437],[-68.26828,-54.92577],[-68.26858,-54.92686],[-68.27367,-54.92775],[-68.27556,-54.93085],[-68.30141,-54.92827],[-68.30633,-54.92967],[-68.31178,-54.9269],[-68.32399,-54.92548]]}},{"id":"14035","type":"Feature","properties":{"ROL":"Y-905","NOMBRE_CAMINO":"Puerto Williams (Cruce Calle Yelcho) - Puerto Navarino","CLASIFICACION":"Camino Regional Comunal","CALZADA":"U"},"geometry":{"type":"LineString","coordinates":[[-67.60725,-54.93336],[-67.61707,-54.93473],[-67.62041,-54.93794],[-67.62315,-54.93837],[-67.63757,-54.9377],[-67.65283,-54.93989]]}},{"id":"14036","type":"Feature","properties":{"ROL":"Y-150","NOMBRE_CAMINO":"Cruce Ruta 9 N - Lago Sarmiento - Guardería Lago Grey","CLASIFICACION":"Camino Regional Comunal","CALZADA":"ÚNICA"},"geometry":{"type":"LineString","coordinates":[[-72.54446,-51.06236],[-72.5563,-51.05571],[-72.5601,-51.05211],[-72.57237,-51.03309],[-72.58061,-51.02552],[-72.58485,-51.01945],[-72.5944,-51.00123],[-72.61149,-50.99531],[-72.62186,-50.98884],[-72.63794,-50.98115],[-72.64631,-50.97923],[-72.6673,-50.98299],[-72.68535,-50.989],[-72.69794,-50.99891],[-72.69726,-51.00095],[-72.69853,-51.00257],[-72.70649,-51.00672],[-72.70954,-51.01039],[-72.75476,-51.02118],[-72.77494,-51.02759]]}},{"id":"14037","type":"Feature","properties":{"ROL":"Y-315","NOMBRE_CAMINO":"Cruce Ruta 9 N - Cruce Ruta 9 N (Aeródromo Teniente Gallardo)","CLASIFICACION":"Camino Regional Comunal","CALZADA":"ÚNICA"},"geometry":{"type":"LineString","coordinates":[[-72.44302,-51.70456],[-72.46019,-51.69576],[-72.48586,-51.68907],[-72.49048,-51.68659],[-72.52364,-51.68373]]}},{"id":"14038","type":"Feature","properties":{"ROL":"Y-530","NOMBRE_CAMINO":"Cruce Ruta 9 N (Chabunco) - Río Canelo","CLASIFICACION":"Camino Regional de Acceso","CALZADA":"ÚNICA"},"geometry":{"type":"LineString","coordinates":[[-70.816,-52.98725],[-70.82328,-52.98955],[-70.84431,-52.99194]]}},{"id":"14039","type":"Feature","properties":{"ROL":"Ruta 253 CH","NOMBRE_CAMINO":"Cruce Ruta 9 N - Casas Viejas","CLASIFICACION":"Camino Nacional con Carácter de Internacional","CALZADA":"ÚNICA"},"geometry":{"type":"LineString","coordinates":[[-72.32845,-51.69967],[-72.31483,-51.68474],[-72.30984,-51.68344],[-72.29825,-51.68482]]}},{"id":"14040","type":"Feature","properties":{"ROL":"Y-156","NOMBRE_CAMINO":"Cruce Y-160 - Laguna Amarga - Cruce Y-150","CLASIFICACION":"Camino Regional Comunal","CALZADA":"U"},"geometry":{"type":"LineString","coordinates":[[-72.79239,-50.97631],[-72.79826,-50.97982],[-72.80236,-50.98004],[-72.80314,-50.98371],[-72.80673,-50.98497],[-72.79963,-50.98807],[-72.80102,-50.98887],[-72.79687,-50.98993],[-72.79678,-50.99121],[-72.80206,-50.99298],[-72.80936,-50.99268],[-72.81021,-50.99464],[-72.81558,-50.99605],[-72.82633,-51.00383],[-72.83322,-51.00357],[-72.83638,-51.00592],[-72.84312,-51.00611],[-72.84775,-51.01017],[-72.86011,-51.01279],[-72.86411,-51.0153],[-72.86294,-51.01867],[-72.86687,-51.02032],[-72.8693,-51.01989],[-72.87691,-51.02613],[-72.87705,-51.02892],[-72.87458,-51.02977],[-72.87636,-51.03259]]}},{"id":"14041","type":"Feature","properties":{"ROL":"Y-300","NOMBRE_CAMINO":"Cruce Ruta 9 N - Puerto Prat - Puerto Consuelo","CLASIFICACION":"Camino Regional Comunal","CALZADA":"ÚNICA"},"geometry":{"type":"LineString","coordinates":[[-72.52364,-51.68373],[-72.52954,-51.68527],[-72.5341,-51.67973],[-72.53484,-51.67232],[-72.53737,-51.66947],[-72.56256,-51.66788],[-72.61772,-51.63775],[-72.64022,-51.63787],[-72.63928,-51.62943],[-72.63673,-51.62427],[-72.63712,-51.62168],[-72.63993,-51.61624],[-72.65512,-51.60425]]}},{"id":"14042","type":"Feature","properties":{"ROL":"Y-330","NOMBRE_CAMINO":"Puerto Natales (Cruce Av. Última Esperanza) - Colonia Isabel Riquelme","CLASIFICACION":"Camino Regional Comunal","CALZADA":"U"},"geometry":{"type":"LineString","coordinates":[[-72.4732,-51.73122],[-72.4679,-51.73277],[-72.46683,-51.73596],[-72.44342,-51.7522],[-72.44182,-51.7569],[-72.43763,-51.76202],[-72.42973,-51.77613],[-72.37341,-51.76697]]}},{"id":"14043","type":"Feature","properties":{"ROL":"Y-342","NOMBRE_CAMINO":"Cruce Y-330 (Puerto Natales) - Villa Cariño","CLASIFICACION":"Camino Regional de Acceso","CALZADA":"ÚNICA"},"geometry":{"type":"LineString","coordinates":[[-72.46802,-51.73269],[-72.45844,-51.73514],[-72.45077,-51.7344],[-72.41274,-51.72624]]}},{"id":"14044","type":"Feature","properties":{"ROL":"Y-600","NOMBRE_CAMINO":"Cruce Ruta 9 S (Río Tres Brazos) - Discordia","CLASIFICACION":"Camino Regional de Acceso","CALZADA":"ÚNICA"},"geometry":{"type":"LineString","coordinates":[[-70.94488,-53.26797],[-70.95536,-53.26864],[-70.96258,-53.27163],[-70.97457,-53.27207],[-70.97577,-53.27339],[-70.97463,-53.27597],[-70.9792,-53.27828],[-70.98525,-53.2802],[-70.99602,-53.28133],[-71.00808,-53.2873],[-71.02889,-53.29152]]}},{"id":"14045","type":"Feature","properties":{"ROL":"S/R-Y-302","NOMBRE_CAMINO":"Cruce Y-290 (Cueva del Milodón) - Cruce Y-300 (Puerto Consuelo)","CLASIFICACION":"Camino Regional Comunal (En Proceso de Enrolamiento)","CALZADA":"ÚNICA"},"geometry":{"type":"LineString","coordinates":[[-72.59723,-51.59466],[-72.62334,-51.6036],[-72.64411,-51.6044],[-72.65257,-51.6064]]}},{"id":"14046","type":"Feature","properties":{"ROL":"Y-150","NOMBRE_CAMINO":"Cruce Ruta 9 N - Lago Sarmiento - Guardería Lago Grey","CLASIFICACION":"Camino Regional Comunal","CALZADA":"U"},"geometry":{"type":"LineString","coordinates":[[-72.77494,-51.02759],[-72.77897,-51.02735],[-72.7859,-51.02981],[-72.80635,-51.03236],[-72.8268,-51.02782],[-72.83919,-51.02326],[-72.84627,-51.02308],[-72.87774,-51.03261],[-72.89401,-51.0423],[-72.90043,-51.04301],[-72.90907,-51.04126],[-72.91647,-51.0448],[-72.92652,-51.04717],[-72.93262,-51.04411],[-72.93376,-51.04684],[-72.93654,-51.04839],[-72.93597,-51.05003],[-72.94443,-51.05584],[-72.95155,-51.05864]]}},{"id":"14047","type":"Feature","properties":{"ROL":"Y-200","NOMBRE_CAMINO":"Cruce Ruta 9 N - Cruce Y-290 (Lago Porteño)","CLASIFICACION":"Camino Regional Comunal","CALZADA":"U"},"geometry":{"type":"LineString","coordinates":[[-72.43013,-51.23564],[-72.46135,-51.23557],[-72.49518,-51.24259],[-72.50909,-51.24786],[-72.51375,-51.25445],[-72.51805,-51.26694],[-72.5288,-51.27762],[-72.53758,-51.28993],[-72.54541,-51.28691],[-72.55054,-51.28237],[-72.56089,-51.28019],[-72.57725,-51.27245],[-72.58213,-51.27267],[-72.58767,-51.27476],[-72.59814,-51.28071],[-72.61222,-51.28279],[-72.61248,-51.28425],[-72.62088,-51.28776],[-72.62311,-51.29087],[-72.62848,-51.29253],[-72.63411,-51.30034],[-72.64243,-51.30572],[-72.65008,-51.30702],[-72.65515,-51.31279],[-72.66438,-51.3158],[-72.67373,-51.32086],[-72.67699,-51.32678],[-72.6826,-51.32707],[-72.68833,-51.33072],[-72.70554,-51.33152],[-72.70859,-51.33431],[-72.71856,-51.34966],[-72.72072,-51.35875],[-72.72312,-51.36133],[-72.73117,-51.36573],[-72.73883,-51.36606],[-72.74776,-51.37014],[-72.75399,-51.37635],[-72.76186,-51.37882],[-72.78442,-51.38181],[-72.78972,-51.38421]]}},{"id":"14048","type":"Feature","properties":{"ROL":"Y-344","NOMBRE_CAMINO":"Punta Daroch - Bahía Donoso","CLASIFICACION":"Camino Regional Comunal","CALZADA":"U"},"geometry":{"type":"LineString","coordinates":[[-72.52626,-51.73769],[-72.52828,-51.73636],[-72.54873,-51.73918],[-72.55967,-51.7445],[-72.56334,-51.74827],[-72.57344,-51.75259],[-72.57201,-51.75491],[-72.55738,-51.76104],[-72.5541,-51.76625],[-72.561,-51.77402],[-72.56541,-51.78273],[-72.57876,-51.78626],[-72.58504,-51.79558],[-72.58969,-51.79782],[-72.59682,-51.7986],[-72.60314,-51.80307],[-72.60879,-51.80487],[-72.60996,-51.80759],[-72.61786,-51.80832],[-72.6284,-51.81324],[-72.63079,-51.81291],[-72.63212,-51.81467],[-72.64507,-51.81821],[-72.65061,-51.81727],[-72.65634,-51.81281],[-72.66493,-51.80983],[-72.67264,-51.8027],[-72.67813,-51.80073],[-72.68024,-51.80125],[-72.68096,-51.80396],[-72.68862,-51.80941],[-72.69602,-51.81166],[-72.71143,-51.81008],[-72.7176,-51.81091],[-72.71861,-51.80849],[-72.72629,-51.80603],[-72.73473,-51.80689],[-72.73888,-51.80924],[-72.74667,-51.80295],[-72.75183,-51.80589],[-72.76145,-51.80668],[-72.76743,-51.8094],[-72.77196,-51.80609],[-72.77194,-51.80292],[-72.78009,-51.7997],[-72.79068,-51.79097],[-72.79094,-51.78914],[-72.80259,-51.77606],[-72.80774,-51.76633],[-72.81205,-51.76131],[-72.82121,-51.75888],[-72.82535,-51.75628],[-72.82934,-51.75763],[-72.83728,-51.75773],[-72.84503,-51.7547],[-72.85418,-51.75527],[-72.85935,-51.75038],[-72.86819,-51.74863],[-72.87859,-51.75069],[-72.88284,-51.74833],[-72.88958,-51.74808]]}},{"id":"14049","type":"Feature","properties":{"ROL":"Y-344","NOMBRE_CAMINO":"Punta Daroch - Bahía Donoso","CLASIFICACION":"Camino Regional Comunal","CALZADA":"U"},"geometry":{"type":"LineString","coordinates":[[-72.88958,-51.74808],[-72.89725,-51.74591],[-72.90276,-51.74691],[-72.90979,-51.74404],[-72.91776,-51.73599],[-72.92499,-51.73644],[-72.92858,-51.73538],[-72.93473,-51.74014]]}},{"id":"14050","type":"Feature","properties":{"ROL":"Y-405","NOMBRE_CAMINO":"Cruce Ruta 9 N (Morro Chico) - Cruce Ruta 255 CH (Punta Delgada)","CLASIFICACION":"Camino Regional Provincial","CALZADA":"U"},"geometry":{"type":"LineString","coordinates":[[-71.36179,-52.12072],[-71.35395,-52.122],[-71.34036,-52.11962],[-71.2183,-52.10896],[-71.1738,-52.12725],[-71.16954,-52.12769],[-71.16732,-52.12626],[-71.16582,-52.12044],[-71.14959,-52.11436],[-71.13641,-52.11487],[-71.12306,-52.11307],[-71.11429,-52.11039],[-71.10017,-52.11006],[-71.09031,-52.10641],[-71.07407,-52.10451],[-71.0529,-52.09929],[-71.02593,-52.10045],[-71.01722,-52.09814],[-71.00488,-52.10089],[-70.96437,-52.09963],[-70.94362,-52.10345],[-70.92863,-52.10015],[-70.89687,-52.1012],[-70.76292,-52.10034],[-70.75632,-52.10066],[-70.73726,-52.10669],[-70.72734,-52.10079],[-70.72471,-52.10041],[-70.40856,-52.09915],[-70.40644,-52.09991],[-70.39908,-52.10856],[-70.39651,-52.1092],[-70.26131,-52.10816],[-70.2486,-52.10962],[-70.18842,-52.10055],[-70.1446,-52.1045],[-70.0488,-52.13694],[-70.03024,-52.13366],[-70.01667,-52.13634],[-69.98497,-52.13817],[-69.97349,-52.14333],[-69.95467,-52.15839],[-69.94513,-52.15853],[-69.87403,-52.17374],[-69.8678,-52.17151],[-69.85176,-52.17176],[-69.82524,-52.18327],[-69.80021,-52.19079],[-69.76994,-52.21796],[-69.71819,-52.28523],[-69.70812,-52.29136],[-69.71073,-52.29612],[-69.71012,-52.29742],[-69.69936,-52.3008],[-69.69966,-52.30452],[-69.68977,-52.31084],[-69.67805,-52.31471],[-69.66759,-52.3199]]}},{"id":"14051","type":"Feature","properties":{"ROL":"Y-455","NOMBRE_CAMINO":"Cruce Ruta 255 CH - Dinamarquero - Teniente Merino","CLASIFICACION":"Camino Regional Comunal","CALZADA":"U"},"geometry":{"type":"LineString","coordinates":[[-70.5526,-52.59982],[-70.55153,-52.59118],[-70.55291,-52.5719],[-70.5505,-52.5619],[-70.55317,-52.53241],[-70.54969,-52.51298],[-70.54984,-52.51095],[-70.55301,-52.50769],[-70.55329,-52.50284],[-70.5486,-52.49125],[-70.545,-52.48731],[-70.54842,-52.48306],[-70.54856,-52.46802],[-70.55229,-52.45739],[-70.56848,-52.42356],[-70.5759,-52.41892],[-70.5741,-52.41585],[-70.56863,-52.41375],[-70.56035,-52.39829],[-70.55961,-52.3953],[-70.56346,-52.38839],[-70.56371,-52.38139],[-70.55642,-52.36465],[-70.55689,-52.36006],[-70.55487,-52.3522],[-70.56067,-52.34741],[-70.55936,-52.32771],[-70.57534,-52.31474],[-70.56345,-52.30482],[-70.54826,-52.28799],[-70.56686,-52.26377],[-70.57243,-52.25985],[-70.57254,-52.25204],[-70.57895,-52.24767],[-70.58199,-52.24401],[-70.58492,-52.24292],[-70.59292,-52.23387],[-70.59694,-52.2313],[-70.59851,-52.22816],[-70.60767,-52.2224],[-70.61511,-52.21393],[-70.61786,-52.20884],[-70.62352,-52.2037],[-70.62399,-52.19972],[-70.63243,-52.18963],[-70.64042,-52.17408],[-70.67114,-52.12743],[-70.68354,-52.10457],[-70.70437,-52.08724],[-70.71159,-52.07315],[-70.7218,-52.06616],[-70.73105,-52.04969],[-70.73075,-52.04646],[-70.72635,-52.03898],[-70.73344,-52.02532],[-70.73097,-52.01725],[-70.72531,-52.01242],[-70.72116,-52.0116],[-70.71335,-52.0017],[-70.70549,-52.0]]}},{"id":"14052","type":"Feature","properties":{"ROL":"Y-485","NOMBRE_CAMINO":"Cruce Ruta 255 CH - Cruce Y-455 (Dinamarquero)","CLASIFICACION":"Camino Regional Comunal","CALZADA":"U"},"geometry":{"type":"LineString","coordinates":[[-70.73866,-52.59599],[-70.73886,-52.59355],[-70.7352,-52.59048],[-70.70256,-52.56604],[-70.68625,-52.54356],[-70.67094,-52.51655],[-70.66843,-52.5092],[-70.65921,-52.49877],[-70.62852,-52.47863],[-70.61889,-52.46855],[-70.61037,-52.46307],[-70.60901,-52.46121],[-70.60926,-52.45597],[-70.60655,-52.44773],[-70.59508,-52.43518],[-70.58904,-52.43317],[-70.57897,-52.41935],[-70.57588,-52.41879]]}},{"id":"14053","type":"Feature","properties":{"ROL":"Y-663","NOMBRE_CAMINO":"Cruce Ruta 257 CH (Cruce Sara) - Cruce Ruta 257 CH","CLASIFICACION":"Camino Regional Comunal","CALZADA":"U"},"geometry":{"type":"LineString","coordinates":[[-69.34188,-52.72253],[-69.34918,-52.73802],[-69.375,-52.77384],[-69.38149,-52.77615],[-69.39081,-52.78538]]}},{"id":"14054","type":"Feature","properties":{"ROL":"Y-667","NOMBRE_CAMINO":"Cruce Ruta 259 CH (Cullen) - Cruce Y-665 (Chillán)","CLASIFICACION":"Camino Regional Comunal","CALZADA":"U"},"geometry":{"type":"LineString","coordinates":[[-68.87699,-52.89173],[-68.89186,-52.89985],[-68.91596,-52.90151],[-69.05125,-52.90262],[-69.08373,-52.90431],[-69.12509,-52.90395],[-69.16117,-52.90947],[-69.17592,-52.90824],[-69.18999,-52.90864],[-69.21018,-52.90719],[-69.21534,-52.89799],[-69.23878,-52.88299],[-69.23974,-52.88027],[-69.24268,-52.87791],[-69.27473,-52.86507],[-69.28097,-52.86434],[-69.2861,-52.86698],[-69.29511,-52.86915],[-69.30656,-52.86676],[-69.31093,-52.86398]]}},{"id":"14055","type":"Feature","properties":{"ROL":"Ruta 259 CH","NOMBRE_CAMINO":"Cruce Ruta 257 CH (Cruce Cerro Sombrero) - Cullen - Cruce Ruta 257 CH (San Sebastián)","CLASIFICACION":"Camino Nacional con Carácter de Internacional","CALZADA":"U"},"geometry":{"type":"LineString","coordinates":[[-69.29801,-52.73214],[-69.29602,-52.73212]]}},{"id":"14056","type":"Feature","properties":{"ROL":"Ruta 259 CH","NOMBRE_CAMINO":"Cruce Ruta 257 CH (Cruce Cerro Sombrero) - Cullen - Cruce Ruta 257 CH (San Sebastián)","CLASIFICACION":"Camino Nacional con Carácter de Internacional","CALZADA":"U"},"geometry":{"type":"LineString","coordinates":[[-68.67598,-53.31777],[-68.67398,-53.31895]]}},{"id":"14057","type":"Feature","properties":{"ROL":"Y-150","NOMBRE_CAMINO":"Cruce Ruta 9 N - Lago Sarmiento - Guardería Lago Grey","CLASIFICACION":"Camino Regional Comunal","CALZADA":"U"},"geometry":{"type":"LineString","coordinates":[[-72.95155,-51.05864],[-72.95622,-51.06067]]}},{"id":"14058","type":"Feature","properties":{"ROL":"Y-150","NOMBRE_CAMINO":"Cruce Ruta 9 N - Lago Sarmiento - Guardería Lago Grey","CLASIFICACION":"Camino Regional Comunal","CALZADA":"U"},"geometry":{"type":"LineString","coordinates":[[-72.95622,-51.06067],[-72.9647,-51.06205],[-72.9674,-51.06063]]}},{"id":"14059","type":"Feature","properties":{"ROL":"Y-150","NOMBRE_CAMINO":"Cruce Ruta 9 N - Lago Sarmiento - Guardería Lago Grey","CLASIFICACION":"Camino Regional Comunal","CALZADA":"U"},"geometry":{"type":"LineString","coordinates":[[-72.9674,-51.06063],[-72.97279,-51.05964]]}},{"id":"14060","type":"Feature","properties":{"ROL":"Y-150","NOMBRE_CAMINO":"Cruce Ruta 9 N - Lago Sarmiento - Guardería Lago Grey","CLASIFICACION":"Camino Regional Comunal","CALZADA":"U"},"geometry":{"type":"LineString","coordinates":[[-72.97279,-51.05964],[-72.98055,-51.06144],[-72.99451,-51.06899],[-72.99633,-51.07131],[-72.99574,-51.07522],[-72.99331,-51.07768],[-72.99074,-51.07728],[-72.99135,-51.07866],[-72.98743,-51.08494],[-72.98397,-51.0865],[-72.98511,-51.08896],[-72.98371,-51.09519]]}},{"id":"14061","type":"Feature","properties":{"ROL":"Y-150","NOMBRE_CAMINO":"Cruce Ruta 9 N - Lago Sarmiento - Guardería Lago Grey","CLASIFICACION":"Camino Regional Comunal","CALZADA":"U"},"geometry":{"type":"LineString","coordinates":[[-72.98371,-51.09519],[-72.98307,-51.09786]]}},{"id":"14062","type":"Feature","properties":{"ROL":"Y-150","NOMBRE_CAMINO":"Cruce Ruta 9 N - Lago Sarmiento - Guardería Lago Grey","CLASIFICACION":"Camino Regional Comunal","CALZADA":"U"},"geometry":{"type":"LineString","coordinates":[[-72.98307,-51.09786],[-72.98451,-51.10523],[-72.99054,-51.11248],[-72.98794,-51.1143]]}},{"id":"14063","type":"Feature","properties":{"ROL":"Y-150","NOMBRE_CAMINO":"Cruce Ruta 9 N - Lago Sarmiento - Guardería Lago Grey","CLASIFICACION":"Camino Regional Comunal","CALZADA":"U"},"geometry":{"type":"LineString","coordinates":[[-72.98794,-51.1143],[-72.98399,-51.11533]]}},{"id":"14064","type":"Feature","properties":{"ROL":"Y-156","NOMBRE_CAMINO":"Cruce Y-160 - Laguna Amarga - Cruce Y-150","CLASIFICACION":"Camino Regional Comunal","CALZADA":"U"},"geometry":{"type":"LineString","coordinates":[[-72.68257,-50.96515],[-72.70006,-50.96685],[-72.70299,-50.96944],[-72.70212,-50.97253],[-72.70461,-50.97343],[-72.72617,-50.97406],[-72.74148,-50.97773],[-72.7474,-50.98117],[-72.75311,-50.98273],[-72.76335,-50.98153],[-72.76942,-50.97565],[-72.77363,-50.97455],[-72.78174,-50.97441],[-72.78532,-50.97588],[-72.79239,-50.97631]]}},{"id":"14065","type":"Feature","properties":{"ROL":"Y-160","NOMBRE_CAMINO":"Cruce Y-150 - Laguna Azul - Río Zamora","CLASIFICACION":"Camino Regional Comunal","CALZADA":"U"},"geometry":{"type":"LineString","coordinates":[[-72.64631,-50.97923],[-72.65039,-50.97807]]}},{"id":"14066","type":"Feature","properties":{"ROL":"Y-160","NOMBRE_CAMINO":"Cruce Y-150 - Laguna Azul - Río Zamora","CLASIFICACION":"Camino Regional Comunal","CALZADA":"U"},"geometry":{"type":"LineString","coordinates":[[-72.65039,-50.97807],[-72.67048,-50.97387],[-72.68257,-50.96515]]}},{"id":"14067","type":"Feature","properties":{"ROL":"Y-200","NOMBRE_CAMINO":"Cruce Ruta 9 N - Cruce Y-290 (Lago Porteño)","CLASIFICACION":"Camino Regional Comunal","CALZADA":"U"},"geometry":{"type":"LineString","coordinates":[[-72.42817,-51.23542],[-72.43013,-51.23564]]}},{"id":"14068","type":"Feature","properties":{"ROL":"Y-290","NOMBRE_CAMINO":"Cruce Ruta 9 N - Cueva del Milodón - Cruce Y-150 (Administración Parque)","CLASIFICACION":"Camino Regional Comunal","CALZADA":"U"},"geometry":{"type":"LineString","coordinates":[[-72.53083,-51.59427],[-72.5975,-51.59459],[-72.60231,-51.59018],[-72.60326,-51.58591],[-72.60158,-51.58304],[-72.59752,-51.58078],[-72.59739,-51.578],[-72.61862,-51.56873],[-72.62266,-51.56829],[-72.6269,-51.56557],[-72.62874,-51.56685]]}},{"id":"14069","type":"Feature","properties":{"ROL":"Y-290","NOMBRE_CAMINO":"Cruce Ruta 9 N - Cueva del Milodón - Cruce Y-150 (Administración Parque)","CLASIFICACION":"Camino Regional Comunal","CALZADA":"U"},"geometry":{"type":"LineString","coordinates":[[-72.62874,-51.56685],[-72.63507,-51.56824],[-72.64167,-51.56316],[-72.64769,-51.56197],[-72.65296,-51.56193],[-72.65744,-51.56453],[-72.67383,-51.55411],[-72.67732,-51.55346],[-72.67825,-51.55092],[-72.68316,-51.54625],[-72.68986,-51.53152],[-72.68979,-51.5229],[-72.69291,-51.51631],[-72.69156,-51.5125],[-72.70085,-51.50293]]}},{"id":"14070","type":"Feature","properties":{"ROL":"Y-290","NOMBRE_CAMINO":"Cruce Ruta 9 N - Cueva del Milodón - Cruce Y-150 (Administración Parque)","CLASIFICACION":"Camino Regional Comunal","CALZADA":"U"},"geometry":{"type":"LineString","coordinates":[[-72.70085,-51.50293],[-72.72446,-51.48362],[-72.73029,-51.48182],[-72.73969,-51.4714]]}},{"id":"14071","type":"Feature","properties":{"ROL":"Y-290","NOMBRE_CAMINO":"Cruce Ruta 9 N - Cueva del Milodón - Cruce Y-150 (Administración Parque)","CLASIFICACION":"Camino Regional Comunal","CALZADA":"U"},"geometry":{"type":"LineString","coordinates":[[-72.73969,-51.4714],[-72.74143,-51.46849],[-72.74088,-51.46671]]}},{"id":"14072","type":"Feature","properties":{"ROL":"Y-290","NOMBRE_CAMINO":"Cruce Ruta 9 N - Cueva del Milodón - Cruce Y-150 (Administración Parque)","CLASIFICACION":"Camino Regional Comunal","CALZADA":"U"},"geometry":{"type":"LineString","coordinates":[[-72.74088,-51.46671],[-72.73954,-51.46303],[-72.74042,-51.45607]]}},{"id":"14073","type":"Feature","properties":{"ROL":"Y-290","NOMBRE_CAMINO":"Cruce Ruta 9 N - Cueva del Milodón - Cruce Y-150 (Administración Parque)","CLASIFICACION":"Camino Regional Comunal","CALZADA":"U"},"geometry":{"type":"LineString","coordinates":[[-72.74042,-51.45607],[-72.74104,-51.45388]]}},{"id":"14074","type":"Feature","properties":{"ROL":"Y-290","NOMBRE_CAMINO":"Cruce Ruta 9 N - Cueva del Milodón - Cruce Y-150 (Administración Parque)","CLASIFICACION":"Camino Regional Comunal","CALZADA":"U"},"geometry":{"type":"LineString","coordinates":[[-72.74104,-51.45388],[-72.74377,-51.44722],[-72.74888,-51.44143],[-72.76384,-51.43363],[-72.77242,-51.43233],[-72.77943,-51.42953],[-72.78216,-51.42504],[-72.78446,-51.41643],[-72.78981,-51.4101],[-72.79086,-51.40646],[-72.78966,-51.40339],[-72.78234,-51.39882],[-72.78041,-51.39482],[-72.78234,-51.39181]]}},{"id":"14075","type":"Feature","properties":{"ROL":"Y-290","NOMBRE_CAMINO":"Cruce Ruta 9 N - Cueva del Milodón - Cruce Y-150 (Administración Parque)","CLASIFICACION":"Camino Regional Comunal","CALZADA":"U"},"geometry":{"type":"LineString","coordinates":[[-72.88109,-51.25102],[-72.8838,-51.24933],[-72.8902,-51.24943],[-72.8996,-51.24576],[-72.90101,-51.24294],[-72.89905,-51.24149],[-72.90147,-51.23725],[-72.91183,-51.23107],[-72.91068,-51.22939],[-72.91101,-51.22681],[-72.9187,-51.22085],[-72.91776,-51.21983],[-72.9197,-51.21766],[-72.93263,-51.21163],[-72.93526,-51.20889],[-72.9386,-51.20872],[-72.94546,-51.21145],[-72.94476,-51.21389],[-72.94719,-51.21485],[-72.94766,-51.21644]]}},{"id":"14076","type":"Feature","properties":{"ROL":"Y-290","NOMBRE_CAMINO":"Cruce Ruta 9 N - Cueva del Milodón - Cruce Y-150 (Administración Parque)","CLASIFICACION":"Camino Regional Comunal","CALZADA":"U"},"geometry":{"type":"LineString","coordinates":[[-72.86415,-51.26649],[-72.86613,-51.26526],[-72.87022,-51.25811]]}},{"id":"14077","type":"Feature","properties":{"ROL":"Y-290","NOMBRE_CAMINO":"Cruce Ruta 9 N - Cueva del Milodón - Cruce Y-150 (Administración Parque)","CLASIFICACION":"Camino Regional Comunal","CALZADA":"U"},"geometry":{"type":"LineString","coordinates":[[-72.87022,-51.25811],[-72.87115,-51.25736],[-72.87272,-51.25852],[-72.87628,-51.25523],[-72.87643,-51.25266],[-72.8791,-51.25276],[-72.88109,-51.25102]]}},{"id":"14078","type":"Feature","properties":{"ROL":"Y-290","NOMBRE_CAMINO":"Cruce Ruta 9 N - Cueva del Milodón - Cruce Y-150 (Administración Parque)","CLASIFICACION":"Camino Regional Comunal","CALZADA":"U"},"geometry":{"type":"LineString","coordinates":[[-72.97271,-51.21519],[-72.97525,-51.20342],[-72.97294,-51.19422],[-72.96696,-51.18294],[-72.95905,-51.17792]]}},{"id":"14079","type":"Feature","properties":{"ROL":"Y-290","NOMBRE_CAMINO":"Cruce Ruta 9 N - Cueva del Milodón - Cruce Y-150 (Administración Parque)","CLASIFICACION":"Camino Regional Comunal","CALZADA":"U"},"geometry":{"type":"LineString","coordinates":[[-72.94766,-51.21644],[-72.9497,-51.21751]]}},{"id":"14080","type":"Feature","properties":{"ROL":"Y-290","NOMBRE_CAMINO":"Cruce Ruta 9 N - Cueva del Milodón - Cruce Y-150 (Administración Parque)","CLASIFICACION":"Camino Regional Comunal","CALZADA":"U"},"geometry":{"type":"LineString","coordinates":[[-72.9497,-51.21751],[-72.95503,-51.21726]]}},{"id":"14081","type":"Feature","properties":{"ROL":"Y-290","NOMBRE_CAMINO":"Cruce Ruta 9 N - Cueva del Milodón - Cruce Y-150 (Administración Parque)","CLASIFICACION":"Camino Regional Comunal","CALZADA":"U"},"geometry":{"type":"LineString","coordinates":[[-72.95503,-51.21726],[-72.95782,-51.21728]]}},{"id":"14082","type":"Feature","properties":{"ROL":"Y-290","NOMBRE_CAMINO":"Cruce Ruta 9 N - Cueva del Milodón - Cruce Y-150 (Administración Parque)","CLASIFICACION":"Camino Regional Comunal","CALZADA":"U"},"geometry":{"type":"LineString","coordinates":[[-72.95782,-51.21728],[-72.96191,-51.21681]]}},{"id":"14083","type":"Feature","properties":{"ROL":"Y-290","NOMBRE_CAMINO":"Cruce Ruta 9 N - Cueva del Milodón - Cruce Y-150 (Administración Parque)","CLASIFICACION":"Camino Regional Comunal","CALZADA":"U"},"geometry":{"type":"LineString","coordinates":[[-72.96191,-51.21681],[-72.96267,-51.21845]]}},{"id":"14084","type":"Feature","properties":{"ROL":"Y-290","NOMBRE_CAMINO":"Cruce Ruta 9 N - Cueva del Milodón - Cruce Y-150 (Administración Parque)","CLASIFICACION":"Camino Regional Comunal","CALZADA":"U"},"geometry":{"type":"LineString","coordinates":[[-72.96267,-51.21845],[-72.96613,-51.21958],[-72.97146,-51.21715],[-72.97271,-51.21519]]}},{"id":"14085","type":"Feature","properties":{"ROL":"Y-292","NOMBRE_CAMINO":"Cruce Y-290 - Villa Serrano","CLASIFICACION":"Camino Regional de Acceso","CALZADA":"U"},"geometry":{"type":"LineString","coordinates":[[-72.96518,-51.21965],[-72.96604,-51.22311]]}},{"id":"14086","type":"Feature","properties":{"ROL":"Y-330","NOMBRE_CAMINO":"Puerto Natales (Cruce Av. Última Esperanza) - Colonia Isabel Riquelme","CLASIFICACION":"Camino Regional Comunal","CALZADA":"U"},"geometry":{"type":"LineString","coordinates":[[-72.47748,-51.73003],[-72.4732,-51.73122]]}},{"id":"14087","type":"Feature","properties":{"ROL":"Y-50","NOMBRE_CAMINO":"Cruce Ruta 9 N (Cabeza de Mar) - Río Pérez - Bahía Williams","CLASIFICACION":"Camino Regional Principal","CALZADA":"U"},"geometry":{"type":"LineString","coordinates":[[-71.00313,-52.80092],[-71.01512,-52.80133],[-71.03764,-52.79942],[-71.04652,-52.79653],[-71.05425,-52.79661],[-71.07266,-52.79316],[-71.08336,-52.79325],[-71.08908,-52.79091],[-71.09633,-52.79068],[-71.11319,-52.79703],[-71.15246,-52.80294],[-71.18032,-52.80202],[-71.24692,-52.7846],[-71.27037,-52.78557],[-71.29299,-52.77528],[-71.30681,-52.77065],[-71.33019,-52.7667],[-71.34375,-52.75479]]}},{"id":"14088","type":"Feature","properties":{"ROL":"Y-71","NOMBRE_CAMINO":"Cruce Ruta 257 CH (Onaisín) - Porvenir","CLASIFICACION":"Camino Regional Principal","CALZADA":"U"},"geometry":{"type":"LineString","coordinates":[[-69.25384,-53.35064],[-69.25938,-53.35181],[-69.29867,-53.3513],[-69.3348,-53.3572],[-69.35568,-53.35682],[-69.37321,-53.35357],[-69.40187,-53.35641],[-69.41844,-53.3548]]}},{"id":"14089","type":"Feature","properties":{"ROL":"Y-71","NOMBRE_CAMINO":"Cruce Ruta 257 CH (Onaisín) - Porvenir","CLASIFICACION":"Camino Regional Principal","CALZADA":"U"},"geometry":{"type":"LineString","coordinates":[[-70.33318,-53.39227],[-70.33654,-53.38926],[-70.33709,-53.38365],[-70.33251,-53.37765],[-70.33329,-53.37455],[-70.3382,-53.37138],[-70.3453,-53.36983],[-70.36657,-53.35636],[-70.35564,-53.315],[-70.35609,-53.3129],[-70.36541,-53.30191]]}},{"id":"14090","type":"Feature","properties":{"ROL":"Y-85","NOMBRE_CAMINO":"Cruce Y-71 (Onaisín) - Lago Fagnano - Cordillera Darwin","CLASIFICACION":"Camino Regional Principal","CALZADA":"U"},"geometry":{"type":"LineString","coordinates":[[-69.25721,-53.35169],[-69.25843,-53.35269]]}}]}