{"type":"FeatureCollection","features":[{"id":"1142","type":"Feature","properties":{"ROL":"G-17","NOMBRE_CAMINO":"Av. General San Martín","CLASIFICACION":"Camino Regional Principal","CALZADA":"U","tmda":8213.0},"geometry":{"type":"LineString","coordinates":[[-70.69795,-33.24161],[-70.69655,-33.23708],[-70.69085,-33.23111],[-70.68648,-33.21834]]}},{"id":"1143","type":"Feature","properties":{"ROL":"G-17","NOMBRE_CAMINO":"Av. General San Martín","CLASIFICACION":"Camino Regional Principal","CALZADA":"D","tmda":8213.0},"geometry":{"type":"LineString","coordinates":[[-70.68648,-33.21833],[-70.68174,-33.21166]]}},{"id":"1144","type":"Feature","properties":{"ROL":"G-17","NOMBRE_CAMINO":"Av. General San Martín","CLASIFICACION":"Camino Regional Principal","CALZADA":"U","tmda":8213.0},"geometry":{"type":"LineString","coordinates":[[-70.68174,-33.21166],[-70.67063,-33.19729],[-70.6447,-33.17919],[-70.63887,-33.17187],[-70.64047,-33.16834]]}},{"id":"1145","type":"Feature","properties":{"ROL":"G-17","NOMBRE_CAMINO":"Av. General San Martín","CLASIFICACION":"Camino Regional Principal","CALZADA":"I","tmda":8213.0},"geometry":{"type":"LineString","coordinates":[[-70.68648,-33.21834],[-70.68174,-33.21166]]}},{"id":"1146","type":"Feature","properties":{"ROL":"G-17","NOMBRE_CAMINO":"Av. General San Martín","CLASIFICACION":"Camino Regional Principal","CALZADA":"U","tmda":8213.0},"geometry":{"type":"LineString","coordinates":[[-70.64257,-33.16573],[-70.64797,-33.15906]]}},{"id":"1147","type":"Feature","properties":{"ROL":"G-17","NOMBRE_CAMINO":"Av. General San Martín","CLASIFICACION":"Camino Regional Principal","CALZADA":"D","tmda":8213.0},"geometry":{"type":"LineString","coordinates":[[-70.64047,-33.16834],[-70.64257,-33.16573]]}},{"id":"1148","type":"Feature","properties":{"ROL":"G-19","NOMBRE_CAMINO":"Chicureo - Juan Pablo II - Santa Teresa","CLASIFICACION":"Camino Regional Principal","CALZADA":"D","tmda":18056.0},"geometry":{"type":"LineString","coordinates":[[-70.70008,-33.28548],[-70.69644,-33.28552]]}},{"id":"1149","type":"Feature","properties":{"ROL":"G-19","NOMBRE_CAMINO":"Chicureo - Juan Pablo II - Santa Teresa","CLASIFICACION":"Camino Regional Principal","CALZADA":"U","tmda":15712.0},"geometry":{"type":"LineString","coordinates":[[-70.61001,-33.28097],[-70.60852,-33.2812],[-70.60609,-33.27456],[-70.60463,-33.27436],[-70.6049,-33.2796],[-70.60218,-33.28328],[-70.60344,-33.28771],[-70.601,-33.29207],[-70.60324,-33.29892],[-70.59882,-33.30413],[-70.59678,-33.31044],[-70.58679,-33.30964],[-70.57572,-33.31374]]}},{"id":"1150","type":"Feature","properties":{"ROL":"G-19","NOMBRE_CAMINO":"Chicureo - Juan Pablo II - Santa Teresa","CLASIFICACION":"Camino Regional Principal","CALZADA":"I","tmda":18056.0},"geometry":{"type":"LineString","coordinates":[[-70.70007,-33.28548],[-70.69644,-33.28552]]}},{"id":"1151","type":"Feature","properties":{"ROL":"G-19","NOMBRE_CAMINO":"Chicureo - Juan Pablo II - Santa Teresa","CLASIFICACION":"Camino Regional Principal","CALZADA":"I","tmda":15712.0},"geometry":{"type":"LineString","coordinates":[[-70.67819,-33.2859],[-70.67589,-33.28606]]}},{"id":"1152","type":"Feature","properties":{"ROL":"G-19","NOMBRE_CAMINO":"Chicureo - Juan Pablo II - Santa Teresa","CLASIFICACION":"Camino Regional Principal","CALZADA":"I","tmda":15712.0},"geometry":{"type":"LineString","coordinates":[[-70.65434,-33.28384],[-70.65351,-33.28294],[-70.64418,-33.28324],[-70.63183,-33.27923],[-70.62722,-33.27977],[-70.6255,-33.27328],[-70.62266,-33.27149],[-70.61664,-33.27333]]}},{"id":"1153","type":"Feature","properties":{"ROL":"G-19","NOMBRE_CAMINO":"Chicureo - Juan Pablo II - Santa Teresa","CLASIFICACION":"Camino Regional Principal","CALZADA":"I","tmda":15712.0},"geometry":{"type":"LineString","coordinates":[[-70.6128,-33.27686],[-70.61001,-33.28097]]}},{"id":"1154","type":"Feature","properties":{"ROL":"G-19","NOMBRE_CAMINO":"Chicureo - Juan Pablo II - Santa Teresa","CLASIFICACION":"Camino Regional Principal","CALZADA":"I","tmda":15712.0},"geometry":{"type":"LineString","coordinates":[[-70.53816,-33.37599],[-70.53799,-33.37684]]}},{"id":"1155","type":"Feature","properties":{"ROL":"G-19","NOMBRE_CAMINO":"Chicureo - Juan Pablo II - Santa Teresa","CLASIFICACION":"Camino Regional Principal","CALZADA":"D","tmda":15712.0},"geometry":{"type":"LineString","coordinates":[[-70.54239,-33.32536],[-70.54234,-33.33158],[-70.54574,-33.33658],[-70.54627,-33.34265],[-70.5439,-33.34493],[-70.54048,-33.35236],[-70.54016,-33.35574],[-70.54416,-33.3599],[-70.54539,-33.37174],[-70.5426,-33.37496],[-70.53825,-33.37607]]}},{"id":"1156","type":"Feature","properties":{"ROL":"G-19","NOMBRE_CAMINO":"Chicureo - Juan Pablo II - Santa Teresa","CLASIFICACION":"Camino Regional Principal","CALZADA":"D","tmda":15712.0},"geometry":{"type":"LineString","coordinates":[[-70.53825,-33.37607],[-70.53809,-33.37684]]}},{"id":"1157","type":"Feature","properties":{"ROL":"G-19","NOMBRE_CAMINO":"Chicureo - Juan Pablo II - Santa Teresa","CLASIFICACION":"Camino Regional Principal","CALZADA":"I","tmda":15712.0},"geometry":{"type":"LineString","coordinates":[[-70.57572,-33.31374],[-70.56565,-33.31669],[-70.55672,-33.3237],[-70.55483,-33.32328],[-70.55281,-33.32021],[-70.54654,-33.31913],[-70.54309,-33.32211],[-70.54176,-33.32549],[-70.54217,-33.33142],[-70.5456,-33.3366],[-70.54597,-33.34248],[-70.53973,-33.35328],[-70.53914,-33.35691],[-70.54391,-33.35975],[-70.54522,-33.37176],[-70.54242,-33.37487],[-70.53816,-33.37599]]}},{"id":"1158","type":"Feature","properties":{"ROL":"G-19","NOMBRE_CAMINO":"Chicureo - Juan Pablo II - Santa Teresa","CLASIFICACION":"Camino Regional Principal","CALZADA":"U","tmda":18056.0},"geometry":{"type":"LineString","coordinates":[[-70.70165,-33.28546],[-70.70008,-33.28548]]}},{"id":"1159","type":"Feature","properties":{"ROL":"G-19","NOMBRE_CAMINO":"Chicureo - Juan Pablo II - Santa Teresa","CLASIFICACION":"Camino Regional Principal","CALZADA":"U","tmda":15712.0},"geometry":{"type":"LineString","coordinates":[[-70.69644,-33.28552],[-70.67819,-33.2859]]}},{"id":"1160","type":"Feature","properties":{"ROL":"G-19","NOMBRE_CAMINO":"Chicureo - Juan Pablo II - Santa Teresa","CLASIFICACION":"Camino Regional Principal","CALZADA":"D","tmda":15712.0},"geometry":{"type":"LineString","coordinates":[[-70.67819,-33.2859],[-70.67589,-33.28606]]}},{"id":"1161","type":"Feature","properties":{"ROL":"G-19","NOMBRE_CAMINO":"Chicureo - Juan Pablo II - Santa Teresa","CLASIFICACION":"Camino Regional Principal","CALZADA":"U","tmda":15712.0},"geometry":{"type":"LineString","coordinates":[[-70.67589,-33.28606],[-70.66205,-33.287],[-70.65434,-33.28384]]}},{"id":"1162","type":"Feature","properties":{"ROL":"G-19","NOMBRE_CAMINO":"Chicureo - Juan Pablo II - Santa Teresa","CLASIFICACION":"Camino Regional Principal","CALZADA":"D","tmda":15712.0},"geometry":{"type":"LineString","coordinates":[[-70.65434,-33.28384],[-70.6434,-33.28339],[-70.63167,-33.27945],[-70.62724,-33.28004],[-70.62419,-33.27252],[-70.62081,-33.2716],[-70.61665,-33.27333]]}},{"id":"1163","type":"Feature","properties":{"ROL":"G-19","NOMBRE_CAMINO":"Chicureo - Juan Pablo II - Santa Teresa","CLASIFICACION":"Camino Regional Principal","CALZADA":"U","tmda":15712.0},"geometry":{"type":"LineString","coordinates":[[-70.61665,-33.27333],[-70.6128,-33.27685]]}},{"id":"1164","type":"Feature","properties":{"ROL":"G-19","NOMBRE_CAMINO":"Chicureo - Juan Pablo II - Santa Teresa","CLASIFICACION":"Camino Regional Principal","CALZADA":"D","tmda":15712.0},"geometry":{"type":"LineString","coordinates":[[-70.6128,-33.27685],[-70.61001,-33.28097]]}},{"id":"1165","type":"Feature","properties":{"ROL":"G-19","NOMBRE_CAMINO":"Chicureo - Juan Pablo II - Santa Teresa","CLASIFICACION":"Camino Regional Principal","CALZADA":"D","tmda":15712.0},"geometry":{"type":"LineString","coordinates":[[-70.57572,-33.31374],[-70.5657,-33.31678],[-70.55999,-33.32223],[-70.55658,-33.32384],[-70.55467,-33.32332],[-70.55249,-33.32023],[-70.54558,-33.31932],[-70.54239,-33.32536]]}},{"id":"1166","type":"Feature","properties":{"ROL":"G-25","NOMBRE_CAMINO":"Av. La Florida - San José de Maipo - Lo Valdés","CLASIFICACION":"Camino Regional Principal","CALZADA":"D","tmda":12802.0},"geometry":{"type":"LineString","coordinates":[[-70.58986,-33.50814],[-70.57932,-33.52138],[-70.5684,-33.54752],[-70.55537,-33.56283],[-70.55503,-33.57323],[-70.55193,-33.5791],[-70.5447,-33.58571],[-70.53757,-33.59485],[-70.53075,-33.59867],[-70.52555,-33.59839]]}},{"id":"1167","type":"Feature","properties":{"ROL":"G-25","NOMBRE_CAMINO":"Av. La Florida - San José de Maipo - Lo Valdés","CLASIFICACION":"Camino Regional Principal","CALZADA":"I","tmda":12802.0},"geometry":{"type":"LineString","coordinates":[[-70.58982,-33.50791],[-70.57932,-33.52119],[-70.5682,-33.54722],[-70.5551,-33.563],[-70.55486,-33.57316],[-70.55162,-33.57906],[-70.53762,-33.59437],[-70.53089,-33.59849],[-70.51658,-33.59804]]}},{"id":"1168","type":"Feature","properties":{"ROL":"G-25","NOMBRE_CAMINO":"Av. La Florida - San José de Maipo - Lo Valdés","CLASIFICACION":"Camino Regional Principal","CALZADA":"I","tmda":12802.0},"geometry":{"type":"LineString","coordinates":[[-70.51263,-33.59794],[-70.50891,-33.59784]]}},{"id":"1169","type":"Feature","properties":{"ROL":"G-25","NOMBRE_CAMINO":"Av. La Florida - San José de Maipo - Lo Valdés","CLASIFICACION":"Camino Regional Principal","CALZADA":"I","tmda":12802.0},"geometry":{"type":"LineString","coordinates":[[-70.50051,-33.59767],[-70.49354,-33.5969],[-70.48062,-33.58816]]}},{"id":"1170","type":"Feature","properties":{"ROL":"G-25","NOMBRE_CAMINO":"Av. La Florida - San José de Maipo - Lo Valdés","CLASIFICACION":"Camino Regional Principal","CALZADA":"I","tmda":7181.0},"geometry":{"type":"LineString","coordinates":[[-70.35137,-33.62504],[-70.3519,-33.63639]]}},{"id":"1171","type":"Feature","properties":{"ROL":"G-25","NOMBRE_CAMINO":"Av. La Florida - San José de Maipo - Lo Valdés","CLASIFICACION":"Camino Regional Principal","CALZADA":"I","tmda":4870.0},"geometry":{"type":"LineString","coordinates":[[-70.3519,-33.63639],[-70.35083,-33.63682],[-70.35155,-33.64442],[-70.35288,-33.64438]]}},{"id":"1172","type":"Feature","properties":{"ROL":"G-25","NOMBRE_CAMINO":"Av. La Florida - San José de Maipo - Lo Valdés","CLASIFICACION":"Camino Regional Principal","CALZADA":"D","tmda":12802.0},"geometry":{"type":"LineString","coordinates":[[-70.52555,-33.59839],[-70.51658,-33.59804]]}},{"id":"1173","type":"Feature","properties":{"ROL":"G-25","NOMBRE_CAMINO":"Av. La Florida - San José de Maipo - Lo Valdés","CLASIFICACION":"Camino Regional Principal","CALZADA":"U","tmda":12802.0},"geometry":{"type":"LineString","coordinates":[[-70.51658,-33.59804],[-70.51263,-33.59794]]}},{"id":"1174","type":"Feature","properties":{"ROL":"G-25","NOMBRE_CAMINO":"Av. La Florida - San José de Maipo - Lo Valdés","CLASIFICACION":"Camino Regional Principal","CALZADA":"D","tmda":12802.0},"geometry":{"type":"LineString","coordinates":[[-70.51263,-33.59794],[-70.50891,-33.59784]]}},{"id":"1175","type":"Feature","properties":{"ROL":"G-25","NOMBRE_CAMINO":"Av. La Florida - San José de Maipo - Lo Valdés","CLASIFICACION":"Camino Regional Principal","CALZADA":"U","tmda":7181.0},"geometry":{"type":"LineString","coordinates":[[-70.48062,-33.58816],[-70.46669,-33.58584],[-70.46293,-33.581],[-70.45808,-33.57765],[-70.44573,-33.5754],[-70.43389,-33.57809],[-70.42693,-33.57735],[-70.4018,-33.58173],[-70.37988,-33.59184],[-70.36758,-33.59472],[-70.36376,-33.5967],[-70.3595,-33.60116],[-70.35474,-33.60312],[-70.34772,-33.61013],[-70.34785,-33.61861],[-70.35137,-33.62504]]}},{"id":"1176","type":"Feature","properties":{"ROL":"G-25","NOMBRE_CAMINO":"Av. La Florida - San José de Maipo - Lo Valdés","CLASIFICACION":"Camino Regional Principal","CALZADA":"D","tmda":4870.0},"geometry":{"type":"LineString","coordinates":[[-70.35305,-33.63628],[-70.35391,-33.63636],[-70.35473,-33.64388],[-70.35288,-33.64438]]}},{"id":"1177","type":"Feature","properties":{"ROL":"G-25","NOMBRE_CAMINO":"Av. La Florida - San José de Maipo - Lo Valdés","CLASIFICACION":"Camino Regional Principal","CALZADA":"U","tmda":4870.0},"geometry":{"type":"LineString","coordinates":[[-70.35288,-33.64438],[-70.35113,-33.64646],[-70.34915,-33.66821],[-70.34642,-33.67265],[-70.33932,-33.67894],[-70.33909,-33.68428],[-70.33587,-33.68825],[-70.3303,-33.71931],[-70.327,-33.72282],[-70.3221,-33.72458],[-70.31296,-33.73216],[-70.30204,-33.73347],[-70.29755,-33.7394],[-70.28841,-33.74321],[-70.28689,-33.74508],[-70.28382,-33.74349],[-70.28192,-33.74394],[-70.27831,-33.75891],[-70.27142,-33.76941],[-70.26106,-33.77513],[-70.25207,-33.77619],[-70.24664,-33.77903],[-70.24554,-33.78121],[-70.2394,-33.78212],[-70.23603,-33.7851],[-70.23027,-33.7857]]}},{"id":"1178","type":"Feature","properties":{"ROL":"G-25","NOMBRE_CAMINO":"Av. La Florida - San José de Maipo - Lo Valdés","CLASIFICACION":"Camino Regional Principal","CALZADA":"U","tmda":12802.0},"geometry":{"type":"LineString","coordinates":[[-70.50891,-33.59784],[-70.50051,-33.59767]]}},{"id":"1179","type":"Feature","properties":{"ROL":"G-25","NOMBRE_CAMINO":"Av. La Florida - San José de Maipo - Lo Valdés","CLASIFICACION":"Camino Regional Principal","CALZADA":"D","tmda":12802.0},"geometry":{"type":"LineString","coordinates":[[-70.50051,-33.59767],[-70.49777,-33.59839],[-70.49348,-33.597],[-70.48062,-33.58816]]}},{"id":"1180","type":"Feature","properties":{"ROL":"G-25","NOMBRE_CAMINO":"Av. La Florida - San José de Maipo - Lo Valdés","CLASIFICACION":"Camino Regional Principal","CALZADA":"D","tmda":7181.0},"geometry":{"type":"LineString","coordinates":[[-70.35137,-33.62504],[-70.35305,-33.63628]]}},{"id":"1181","type":"Feature","properties":{"ROL":"G-30","NOMBRE_CAMINO":"Cerrillos - Lonquén","CLASIFICACION":"Camino Regional Principal","CALZADA":"D","tmda":13556.0},"geometry":{"type":"LineString","coordinates":[[-70.71179,-33.50439],[-70.73278,-33.53185]]}},{"id":"1182","type":"Feature","properties":{"ROL":"G-30","NOMBRE_CAMINO":"Cerrillos - Lonquén","CLASIFICACION":"Camino Regional Principal","CALZADA":"D","tmda":13556.0},"geometry":{"type":"LineString","coordinates":[[-70.73278,-33.53185],[-70.73409,-33.53338]]}},{"id":"1183","type":"Feature","properties":{"ROL":"G-30","NOMBRE_CAMINO":"Cerrillos - Lonquén","CLASIFICACION":"Camino Regional Principal","CALZADA":"U","tmda":13556.0},"geometry":{"type":"LineString","coordinates":[[-70.73409,-33.53338],[-70.77296,-33.57843],[-70.78077,-33.59013],[-70.799,-33.62354],[-70.84964,-33.6754],[-70.85684,-33.70817]]}},{"id":"1184","type":"Feature","properties":{"ROL":"G-30","NOMBRE_CAMINO":"Cerrillos - Lonquén","CLASIFICACION":"Camino Regional Principal","CALZADA":"I","tmda":13556.0},"geometry":{"type":"LineString","coordinates":[[-70.71165,-33.50442],[-70.73409,-33.53338]]}},{"id":"1185","type":"Feature","properties":{"ROL":"G-30","NOMBRE_CAMINO":"Cerrillos - Lonquén","CLASIFICACION":"Camino Regional Principal","CALZADA":"U","tmda":13556.0},"geometry":{"type":"LineString","coordinates":[[-70.71034,-33.50139],[-70.71179,-33.50439]]}},{"id":"1186","type":"Feature","properties":{"ROL":"G-78","NOMBRE_CAMINO":"Malloco - Melipilla","CLASIFICACION":"Camino Regional Principal","CALZADA":"U","tmda":6353.0},"geometry":{"type":"LineString","coordinates":[[-70.97583,-33.68622],[-70.98062,-33.68885],[-70.98455,-33.68223],[-70.99006,-33.68348],[-71.00853,-33.68405],[-71.02137,-33.68664],[-71.04515,-33.68907],[-71.07953,-33.69081],[-71.12301,-33.68123],[-71.16355,-33.67533],[-71.1821,-33.67681],[-71.19586,-33.68134],[-71.20259,-33.68103]]}},{"id":"1187","type":"Feature","properties":{"ROL":"G-78","NOMBRE_CAMINO":"Malloco - Melipilla","CLASIFICACION":"Camino Regional Principal","CALZADA":"I","tmda":12958.0},"geometry":{"type":"LineString","coordinates":[[-70.9296,-33.66422],[-70.93112,-33.66483]]}},{"id":"1188","type":"Feature","properties":{"ROL":"G-78","NOMBRE_CAMINO":"Malloco - Melipilla","CLASIFICACION":"Camino Regional Principal","CALZADA":"I","tmda":12958.0},"geometry":{"type":"LineString","coordinates":[[-70.97249,-33.6876],[-70.97438,-33.6878],[-70.97583,-33.68622]]}},{"id":"1189","type":"Feature","properties":{"ROL":"G-78","NOMBRE_CAMINO":"Malloco - Melipilla","CLASIFICACION":"Camino Regional Principal","CALZADA":"U","tmda":3557.0},"geometry":{"type":"LineString","coordinates":[[-71.22448,-33.67934],[-71.22907,-33.67866],[-71.24843,-33.66683],[-71.25984,-33.66382],[-71.32163,-33.66586],[-71.34359,-33.65881],[-71.34662,-33.65597],[-71.34644,-33.65358]]}},{"id":"1190","type":"Feature","properties":{"ROL":"G-78","NOMBRE_CAMINO":"Malloco - Melipilla","CLASIFICACION":"Camino Regional Principal","CALZADA":"U","tmda":8577.0},"geometry":{"type":"LineString","coordinates":[[-71.20259,-33.68103],[-71.20678,-33.68075]]}},{"id":"1191","type":"Feature","properties":{"ROL":"G-78","NOMBRE_CAMINO":"Malloco - Melipilla","CLASIFICACION":"Camino Regional Principal","CALZADA":"U","tmda":8577.0},"geometry":{"type":"LineString","coordinates":[[-71.20678,-33.68075],[-71.22448,-33.67934]]}},{"id":"1192","type":"Feature","properties":{"ROL":"G-78","NOMBRE_CAMINO":"Malloco - Melipilla","CLASIFICACION":"Camino Regional Principal","CALZADA":"U","tmda":14947.0},"geometry":{"type":"LineString","coordinates":[[-70.84432,-33.59538],[-70.85794,-33.61031],[-70.8867,-33.64863],[-70.9296,-33.66422]]}},{"id":"1193","type":"Feature","properties":{"ROL":"G-78","NOMBRE_CAMINO":"Malloco - Melipilla","CLASIFICACION":"Camino Regional Principal","CALZADA":"D","tmda":12958.0},"geometry":{"type":"LineString","coordinates":[[-70.9296,-33.66422],[-70.93112,-33.66483]]}},{"id":"1194","type":"Feature","properties":{"ROL":"G-78","NOMBRE_CAMINO":"Malloco - Melipilla","CLASIFICACION":"Camino Regional Principal","CALZADA":"U","tmda":12958.0},"geometry":{"type":"LineString","coordinates":[[-70.93112,-33.66483],[-70.95225,-33.67521],[-70.95848,-33.68046],[-70.96313,-33.68162],[-70.9725,-33.6876]]}},{"id":"1195","type":"Feature","properties":{"ROL":"G-78","NOMBRE_CAMINO":"Malloco - Melipilla","CLASIFICACION":"Camino Regional Principal","CALZADA":"D","tmda":12958.0},"geometry":{"type":"LineString","coordinates":[[-70.9725,-33.6876],[-70.97583,-33.68622]]}},{"id":"1196","type":"Feature","properties":{"ROL":"Ruta 5","NOMBRE_CAMINO":"Longitudinal Sur, Sector: Av. Bernardo O'Higgins - Túnel Angostura","CLASIFICACION":"Camino Nacional Longitudinal","CALZADA":"D","tmda":null},"geometry":{"type":"LineString","coordinates":[[-70.66066,-33.44624],[-70.65695,-33.45705],[-70.65646,-33.47098],[-70.65457,-33.47483],[-70.65598,-33.47876],[-70.68638,-33.54065],[-70.70901,-33.55477],[-70.71053,-33.55681],[-70.71684,-33.60582],[-70.71164,-33.64667],[-70.72623,-33.6809],[-70.7262,-33.68468],[-70.72183,-33.69863],[-70.72672,-33.71862],[-70.73738,-33.74019],[-70.73932,-33.74779],[-70.7533,-33.83163],[-70.7475,-33.85983],[-70.74184,-33.86572],[-70.73642,-33.8828],[-70.73423,-33.89824],[-70.73554,-33.90413],[-70.72545,-33.91377],[-70.72508,-33.91846]]}},{"id":"1197","type":"Feature","properties":{"ROL":"Ruta 5","NOMBRE_CAMINO":"Longitudinal Sur, Sector: Av. Bernardo O'Higgins - Túnel Angostura","CLASIFICACION":"Camino Nacional Longitudinal","CALZADA":"I","tmda":null},"geometry":{"type":"LineString","coordinates":[[-70.66039,-33.44619],[-70.65669,-33.45663],[-70.65618,-33.47079],[-70.65445,-33.47472],[-70.65586,-33.47881],[-70.68609,-33.5405],[-70.70822,-33.55486],[-70.70998,-33.55731],[-70.71662,-33.60587],[-70.71149,-33.64666],[-70.726,-33.68085],[-70.72598,-33.68471],[-70.72198,-33.69519],[-70.72173,-33.69883],[-70.72657,-33.71869],[-70.73727,-33.74036],[-70.73952,-33.74934],[-70.7531,-33.83158],[-70.74734,-33.85975],[-70.74171,-33.86568],[-70.7362,-33.8831],[-70.73406,-33.89819],[-70.73532,-33.90427],[-70.72605,-33.91207],[-70.72187,-33.91771]]}},{"id":"1198","type":"Feature","properties":{"ROL":"Ruta 5","NOMBRE_CAMINO":"Longitudinal Norte, Sector: Av. Bernardo O'Higgins - Límite Regional Norte (Montenegro)","CLASIFICACION":"Camino Nacional Longitudinal","CALZADA":"D","tmda":null},"geometry":{"type":"LineString","coordinates":[[-70.66039,-33.44619],[-70.65953,-33.44002],[-70.66083,-33.4319],[-70.66252,-33.42898],[-70.67136,-33.42536],[-70.67835,-33.41837],[-70.68049,-33.40525],[-70.68958,-33.38973],[-70.78317,-33.18078],[-70.79177,-33.17297],[-70.79486,-33.15369],[-70.87522,-33.06108],[-70.8749,-33.05419],[-70.88772,-33.01417],[-70.88694,-33.00776],[-70.88413,-33.00409],[-70.87541,-32.99759],[-70.86498,-32.99204],[-70.85593,-32.99017],[-70.83808,-32.97145],[-70.82566,-32.96134],[-70.81728,-32.94705],[-70.81184,-32.93037]]}},{"id":"1199","type":"Feature","properties":{"ROL":"Ruta 5","NOMBRE_CAMINO":"Longitudinal Norte, Sector: Av. Bernardo O'Higgins - Límite Regional Norte (Montenegro)","CLASIFICACION":"Camino Nacional Longitudinal","CALZADA":"I","tmda":null},"geometry":{"type":"LineString","coordinates":[[-70.66066,-33.44624],[-70.6599,-33.43987],[-70.66103,-33.432],[-70.66289,-33.42895],[-70.67147,-33.4255],[-70.67847,-33.41853],[-70.68066,-33.40532],[-70.68957,-33.3901],[-70.78344,-33.18072],[-70.79196,-33.17302],[-70.79518,-33.15356],[-70.87534,-33.06112],[-70.87494,-33.05452],[-70.88789,-33.01423],[-70.88715,-33.00781],[-70.88413,-33.00388],[-70.87548,-32.99745],[-70.86514,-32.99194],[-70.85597,-32.99001],[-70.83832,-32.97146],[-70.82576,-32.96122],[-70.81767,-32.94754],[-70.81203,-32.93039]]}},{"id":"1200","type":"Feature","properties":{"ROL":"Ruta 57","NOMBRE_CAMINO":"Cruce Ruta 70 (Santiago) - Cruce Ruta 60 CH (Los Andes); Sector Cruce Ruta 70 (Santiago) - Túnel Chacabuco","CLASIFICACION":"Camino Nacional","CALZADA":"D","tmda":null},"geometry":{"type":"LineString","coordinates":[[-70.68888,-33.36616],[-70.69373,-33.34961],[-70.69421,-33.34292],[-70.69236,-33.33846],[-70.69358,-33.33403],[-70.70462,-33.3248],[-70.70679,-33.31902],[-70.69926,-33.3056],[-70.70282,-33.28031],[-70.6979,-33.25636],[-70.69729,-33.23985],[-70.69342,-33.23399],[-70.68568,-33.22842],[-70.67795,-33.22044],[-70.65416,-33.19168],[-70.64693,-33.1874],[-70.64565,-33.17994],[-70.65159,-33.17076],[-70.64723,-33.16368],[-70.64769,-33.15947],[-70.68945,-33.10732],[-70.69476,-33.08265],[-70.69526,-33.05484],[-70.69325,-33.03496],[-70.69623,-33.02713],[-70.69381,-33.01851]]}},{"id":"1201","type":"Feature","properties":{"ROL":"Ruta 57","NOMBRE_CAMINO":"Cruce Ruta 70 (Santiago) - Cruce Ruta 60 CH (Los Andes); Sector Cruce Ruta 70 (Santiago) - Túnel Chacabuco","CLASIFICACION":"Camino Nacional","CALZADA":"I","tmda":null},"geometry":{"type":"LineString","coordinates":[[-70.68894,-33.36616],[-70.69389,-33.34989],[-70.69442,-33.34304],[-70.69254,-33.3384],[-70.69374,-33.33412],[-70.70481,-33.32486],[-70.70702,-33.31897],[-70.69945,-33.30556],[-70.70302,-33.28041],[-70.69809,-33.2563],[-70.69746,-33.23975],[-70.69345,-33.23386],[-70.68564,-33.22822],[-70.67857,-33.22095],[-70.65409,-33.19143],[-70.6469,-33.18721],[-70.64576,-33.17972],[-70.6499,-33.17494],[-70.65173,-33.17055],[-70.64732,-33.16351],[-70.64782,-33.15953],[-70.68957,-33.1074],[-70.6949,-33.08266],[-70.69541,-33.05495],[-70.69339,-33.03495],[-70.69638,-33.0272],[-70.69381,-33.01851]]}},{"id":"1202","type":"Feature","properties":{"ROL":"Ruta 57","NOMBRE_CAMINO":"Cruce Ruta 70 (Santiago) - Cruce Ruta 60 CH (Los Andes); Sector Cruce Ruta 70 (Santiago) - Túnel Chacabuco","CLASIFICACION":"Camino Nacional","CALZADA":"I","tmda":null},"geometry":{"type":"LineString","coordinates":[[-70.68631,-32.99845],[-70.68488,-32.99069]]}},{"id":"1203","type":"Feature","properties":{"ROL":"Ruta 57","NOMBRE_CAMINO":"Cruce Ruta 70 (Santiago) - Cruce Ruta 60 CH (Los Andes); Sector Cruce Ruta 70 (Santiago) - Túnel Chacabuco","CLASIFICACION":"Camino Nacional","CALZADA":"U","tmda":null},"geometry":{"type":"LineString","coordinates":[[-70.68488,-32.99068],[-70.68483,-32.98572],[-70.6901,-32.97225],[-70.68648,-32.95638]]}},{"id":"1204","type":"Feature","properties":{"ROL":"Ruta 57","NOMBRE_CAMINO":"Cruce Ruta 70 (Santiago) - Cruce Ruta 60 CH (Los Andes); Sector Cruce Ruta 70 (Santiago) - Túnel Chacabuco","CLASIFICACION":"Camino Nacional","CALZADA":"U","tmda":null},"geometry":{"type":"LineString","coordinates":[[-70.69381,-33.01851],[-70.68631,-32.99845]]}},{"id":"1205","type":"Feature","properties":{"ROL":"Ruta 57","NOMBRE_CAMINO":"Cruce Ruta 70 (Santiago) - Cruce Ruta 60 CH (Los Andes); Sector Cruce Ruta 70 (Santiago) - Túnel Chacabuco","CLASIFICACION":"Camino Nacional","CALZADA":"D","tmda":null},"geometry":{"type":"LineString","coordinates":[[-70.68631,-32.99845],[-70.68488,-32.99068]]}},{"id":"1206","type":"Feature","properties":{"ROL":"Ruta 68","NOMBRE_CAMINO":"Santiago - Valparaíso, Sector: Santiago - Túnel Zapata","CLASIFICACION":"Camino Nacional","CALZADA":"D","tmda":null},"geometry":{"type":"LineString","coordinates":[[-70.70986,-33.45815],[-70.71343,-33.45834],[-70.82442,-33.43705],[-70.90459,-33.45786],[-70.92592,-33.4577],[-70.93327,-33.45656],[-70.96323,-33.45899],[-70.96655,-33.45809]]}},{"id":"1207","type":"Feature","properties":{"ROL":"Ruta 68","NOMBRE_CAMINO":"Santiago - Valparaíso, Sector: Santiago - Túnel Zapata","CLASIFICACION":"Camino Nacional","CALZADA":"D","tmda":null},"geometry":{"type":"LineString","coordinates":[[-71.15453,-33.41287],[-71.19366,-33.40514],[-71.20471,-33.40547],[-71.217,-33.40287],[-71.23004,-33.39727],[-71.24663,-33.39398],[-71.2656,-33.38714]]}},{"id":"1208","type":"Feature","properties":{"ROL":"Ruta 68","NOMBRE_CAMINO":"Santiago - Valparaíso, Sector: Santiago - Túnel Zapata","CLASIFICACION":"Camino Nacional","CALZADA":"I","tmda":null},"geometry":{"type":"LineString","coordinates":[[-70.71038,-33.45851],[-70.82474,-33.43717],[-70.90455,-33.45799],[-70.91967,-33.45755],[-70.96354,-33.4595],[-70.96633,-33.45852]]}},{"id":"1209","type":"Feature","properties":{"ROL":"Ruta 68","NOMBRE_CAMINO":"Santiago - Valparaíso, Sector: Santiago - Túnel Zapata","CLASIFICACION":"Camino Nacional","CALZADA":"D","tmda":null},"geometry":{"type":"LineString","coordinates":[[-70.96655,-33.45809],[-70.97694,-33.45233],[-70.98114,-33.44845],[-70.98272,-33.44337],[-70.99006,-33.43975],[-70.99968,-33.44116],[-71.00602,-33.43983],[-71.01323,-33.44212],[-71.0241,-33.438],[-71.05439,-33.41358],[-71.05907,-33.411],[-71.0711,-33.40776],[-71.10327,-33.40118],[-71.1145,-33.40098],[-71.11887,-33.40258],[-71.12561,-33.40901],[-71.13745,-33.40882],[-71.15089,-33.41306],[-71.15453,-33.41287]]}},{"id":"1210","type":"Feature","properties":{"ROL":"Ruta 68","NOMBRE_CAMINO":"Santiago - Valparaíso, Sector: Santiago - Túnel Zapata","CLASIFICACION":"Camino Nacional","CALZADA":"I","tmda":null},"geometry":{"type":"LineString","coordinates":[[-71.15367,-33.41317],[-71.19387,-33.40521],[-71.20493,-33.4056],[-71.2165,-33.40313],[-71.23044,-33.39729],[-71.24659,-33.39413],[-71.26662,-33.38752]]}},{"id":"1211","type":"Feature","properties":{"ROL":"Ruta 68","NOMBRE_CAMINO":"Santiago - Valparaíso, Sector: Santiago - Túnel Zapata","CLASIFICACION":"Camino Nacional","CALZADA":"I","tmda":null},"geometry":{"type":"LineString","coordinates":[[-70.96633,-33.45852],[-70.97708,-33.45239],[-70.9813,-33.44845],[-70.98275,-33.44352],[-70.99014,-33.43985],[-70.99979,-33.44129],[-71.00605,-33.43996],[-71.01337,-33.44224],[-71.02463,-33.4379],[-71.05457,-33.41363],[-71.05911,-33.41113],[-71.07125,-33.40786],[-71.1033,-33.40131],[-71.11433,-33.4011],[-71.11876,-33.40268],[-71.12535,-33.40908],[-71.13736,-33.40895],[-71.15367,-33.41317]]}},{"id":"1212","type":"Feature","properties":{"ROL":"Ruta 70","NOMBRE_CAMINO":"Anillo Circunvalación Américo Vespucio","CLASIFICACION":"Camino Nacional","CALZADA":"I","tmda":null},"geometry":{"type":"LineString","coordinates":[[-70.62558,-33.39396],[-70.64667,-33.38024],[-70.68226,-33.36695],[-70.69867,-33.36601],[-70.71433,-33.37412],[-70.74287,-33.37211],[-70.78221,-33.40563],[-70.78201,-33.41889],[-70.78496,-33.43246],[-70.78446,-33.43645],[-70.7761,-33.44839],[-70.76523,-33.45806],[-70.76116,-33.46956],[-70.74548,-33.49663],[-70.74038,-33.50206],[-70.7272,-33.5061],[-70.71701,-33.51469],[-70.70161,-33.52065],[-70.69541,-33.52539],[-70.6815,-33.53183]]}},{"id":"1213","type":"Feature","properties":{"ROL":"Ruta 70","NOMBRE_CAMINO":"Anillo Circunvalación Américo Vespucio","CLASIFICACION":"Camino Nacional","CALZADA":"D","tmda":null},"geometry":{"type":"LineString","coordinates":[[-70.61551,-33.39816],[-70.62692,-33.39291],[-70.64516,-33.38064],[-70.68217,-33.36683],[-70.69738,-33.36582],[-70.70075,-33.36629],[-70.71423,-33.37396],[-70.74263,-33.37177],[-70.78227,-33.40538],[-70.78216,-33.41896],[-70.78509,-33.43232],[-70.78467,-33.43633],[-70.77591,-33.44883],[-70.76535,-33.45819],[-70.76111,-33.47014],[-70.74541,-33.49715],[-70.74051,-33.50233],[-70.72768,-33.50617],[-70.71687,-33.51508],[-70.70216,-33.5207],[-70.69584,-33.52544],[-70.68162,-33.53203]]}},{"id":"1214","type":"Feature","properties":{"ROL":"Ruta 70","NOMBRE_CAMINO":"Anillo Circunvalación Américo Vespucio","CLASIFICACION":"Camino Nacional","CALZADA":"I","tmda":null},"geometry":{"type":"LineString","coordinates":[[-70.68149,-33.53183],[-70.66095,-33.53819],[-70.63052,-33.54277],[-70.61205,-33.54011],[-70.60173,-33.52515],[-70.59102,-33.5131],[-70.58736,-33.5003],[-70.58087,-33.48963],[-70.57647,-33.46906]]}},{"id":"1215","type":"Feature","properties":{"ROL":"Ruta 70","NOMBRE_CAMINO":"Anillo Circunvalación Américo Vespucio","CLASIFICACION":"Camino Nacional","CALZADA":"I","tmda":null},"geometry":{"type":"LineString","coordinates":[[-70.6157,-33.39838],[-70.62558,-33.39396]]}},{"id":"1216","type":"Feature","properties":{"ROL":"Ruta 70","NOMBRE_CAMINO":"Anillo Circunvalación Américo Vespucio","CLASIFICACION":"Camino Nacional","CALZADA":"I","tmda":null},"geometry":{"type":"LineString","coordinates":[[-70.61411,-33.39836],[-70.6157,-33.39838]]}},{"id":"1217","type":"Feature","properties":{"ROL":"Ruta 70","NOMBRE_CAMINO":"Anillo Circunvalación Américo Vespucio","CLASIFICACION":"Camino Nacional","CALZADA":"D","tmda":null},"geometry":{"type":"LineString","coordinates":[[-70.6816,-33.53204],[-70.66121,-33.53835],[-70.6305,-33.54299],[-70.61171,-33.54026],[-70.60171,-33.52552],[-70.59061,-33.513],[-70.58734,-33.50084],[-70.58052,-33.48948],[-70.57623,-33.46909]]}},{"id":"1218","type":"Feature","properties":{"ROL":"Ruta 70","NOMBRE_CAMINO":"Anillo Circunvalación Américo Vespucio","CLASIFICACION":"Camino Nacional","CALZADA":"D","tmda":null},"geometry":{"type":"LineString","coordinates":[[-70.57623,-33.46909],[-70.57075,-33.45186],[-70.57496,-33.42787],[-70.58173,-33.41977],[-70.587,-33.40891],[-70.58608,-33.40449],[-70.58869,-33.39642],[-70.59376,-33.39165],[-70.60211,-33.38921],[-70.60665,-33.39126],[-70.61274,-33.39756],[-70.61551,-33.39816]]}},{"id":"1219","type":"Feature","properties":{"ROL":"Ruta 70","NOMBRE_CAMINO":"Anillo Circunvalación Américo Vespucio","CLASIFICACION":"Camino Nacional","CALZADA":"I","tmda":null},"geometry":{"type":"LineString","coordinates":[[-70.57647,-33.46906],[-70.57088,-33.45345],[-70.57175,-33.44764],[-70.57544,-33.42778],[-70.58217,-33.41985],[-70.58742,-33.40902],[-70.58648,-33.40449],[-70.58903,-33.39663],[-70.59373,-33.39211],[-70.60201,-33.38927],[-70.60648,-33.39126],[-70.61411,-33.39836]]}},{"id":"1220","type":"Feature","properties":{"ROL":"Ruta 72","NOMBRE_CAMINO":"Acceso Aeropuerto Arturo Merino Benítez","CLASIFICACION":"Camino Nacional","CALZADA":"D","tmda":null},"geometry":{"type":"LineString","coordinates":[[-70.78337,-33.425],[-70.79159,-33.41968],[-70.79275,-33.41094]]}},{"id":"1221","type":"Feature","properties":{"ROL":"Ruta 72","NOMBRE_CAMINO":"Acceso Aeropuerto Arturo Merino Benítez","CLASIFICACION":"Camino Nacional","CALZADA":"I","tmda":null},"geometry":{"type":"LineString","coordinates":[[-70.7834,-33.4251],[-70.79167,-33.4198],[-70.79312,-33.41096]]}},{"id":"1222","type":"Feature","properties":{"ROL":"Ruta 77","NOMBRE_CAMINO":"Cruce Ruta 5 - Cruce Av. Américo Vespucio/Costanera Norte","CLASIFICACION":"Camino Nacional","CALZADA":"D","tmda":null},"geometry":{"type":"LineString","coordinates":[[-70.72986,-33.30031],[-70.71864,-33.29436],[-70.69596,-33.29151],[-70.68336,-33.29895],[-70.66167,-33.30021],[-70.65629,-33.30342],[-70.65281,-33.31023],[-70.64957,-33.31236],[-70.63951,-33.31393],[-70.63175,-33.31012],[-70.62856,-33.31012],[-70.62618,-33.31252],[-70.62699,-33.31862],[-70.6246,-33.32585],[-70.62798,-33.33002],[-70.62715,-33.33424]]}},{"id":"1223","type":"Feature","properties":{"ROL":"Ruta 77","NOMBRE_CAMINO":"Cruce Ruta 5 - Cruce Av. Américo Vespucio/Costanera Norte","CLASIFICACION":"Camino Nacional","CALZADA":"I","tmda":null},"geometry":{"type":"LineString","coordinates":[[-70.72992,-33.3002],[-70.71866,-33.29425],[-70.69563,-33.29143],[-70.68334,-33.29885],[-70.66147,-33.30016],[-70.65599,-33.30353],[-70.65272,-33.31011],[-70.64967,-33.31221],[-70.63962,-33.31383],[-70.63157,-33.30995],[-70.62867,-33.30995],[-70.62607,-33.31241],[-70.62685,-33.31847],[-70.62447,-33.32555],[-70.62792,-33.33024],[-70.62673,-33.33424]]}},{"id":"1224","type":"Feature","properties":{"ROL":"Ruta 77","NOMBRE_CAMINO":"Cruce Ruta 5 - Cruce Av. Américo Vespucio/Costanera Norte","CLASIFICACION":"Camino Nacional","CALZADA":"I","tmda":null},"geometry":{"type":"LineString","coordinates":[[-70.62673,-33.33424],[-70.62551,-33.34691],[-70.62417,-33.34996]]}},{"id":"1225","type":"Feature","properties":{"ROL":"Ruta 77","NOMBRE_CAMINO":"Cruce Ruta 5 - Cruce Av. Américo Vespucio/Costanera Norte","CLASIFICACION":"Camino Nacional","CALZADA":"I","tmda":null},"geometry":{"type":"LineString","coordinates":[[-70.62417,-33.34996],[-70.6166,-33.35237],[-70.61478,-33.35404],[-70.61757,-33.36194],[-70.61708,-33.36576]]}},{"id":"1226","type":"Feature","properties":{"ROL":"Ruta 77","NOMBRE_CAMINO":"Cruce Ruta 5 - Cruce Av. Américo Vespucio/Costanera Norte","CLASIFICACION":"Camino Nacional","CALZADA":"I","tmda":null},"geometry":{"type":"LineString","coordinates":[[-70.61708,-33.36576],[-70.61491,-33.36872],[-70.61005,-33.37026]]}},{"id":"1227","type":"Feature","properties":{"ROL":"Ruta 77","NOMBRE_CAMINO":"Cruce Ruta 5 - Cruce Av. Américo Vespucio/Costanera Norte","CLASIFICACION":"Camino Nacional","CALZADA":"I","tmda":null},"geometry":{"type":"LineString","coordinates":[[-70.61005,-33.37026],[-70.60352,-33.37422]]}},{"id":"1228","type":"Feature","properties":{"ROL":"Ruta 77","NOMBRE_CAMINO":"Cruce Ruta 5 - Cruce Av. Américo Vespucio/Costanera Norte","CLASIFICACION":"Camino Nacional","CALZADA":"I","tmda":null},"geometry":{"type":"LineString","coordinates":[[-70.60352,-33.37422],[-70.60275,-33.37703]]}},{"id":"1229","type":"Feature","properties":{"ROL":"Ruta 77","NOMBRE_CAMINO":"Cruce Ruta 5 - Cruce Av. Américo Vespucio/Costanera Norte","CLASIFICACION":"Camino Nacional","CALZADA":"I","tmda":null},"geometry":{"type":"LineString","coordinates":[[-70.60275,-33.37703],[-70.60455,-33.38265],[-70.60192,-33.3861],[-70.60182,-33.3889],[-70.59909,-33.38987]]}},{"id":"1230","type":"Feature","properties":{"ROL":"Ruta 77","NOMBRE_CAMINO":"Cruce Ruta 5 - Cruce Av. Américo Vespucio/Costanera Norte","CLASIFICACION":"Camino Nacional","CALZADA":"D","tmda":null},"geometry":{"type":"LineString","coordinates":[[-70.62715,-33.33424],[-70.62624,-33.34666],[-70.62469,-33.34966]]}},{"id":"1231","type":"Feature","properties":{"ROL":"Ruta 77","NOMBRE_CAMINO":"Cruce Ruta 5 - Cruce Av. Américo Vespucio/Costanera Norte","CLASIFICACION":"Camino Nacional","CALZADA":"D","tmda":null},"geometry":{"type":"LineString","coordinates":[[-70.62469,-33.34966],[-70.61902,-33.35209]]}},{"id":"1232","type":"Feature","properties":{"ROL":"Ruta 77","NOMBRE_CAMINO":"Cruce Ruta 5 - Cruce Av. Américo Vespucio/Costanera Norte","CLASIFICACION":"Camino Nacional","CALZADA":"D","tmda":null},"geometry":{"type":"LineString","coordinates":[[-70.61902,-33.35209],[-70.616,-33.35281],[-70.61465,-33.35501],[-70.61758,-33.36144],[-70.6177,-33.3657]]}},{"id":"1233","type":"Feature","properties":{"ROL":"Ruta 77","NOMBRE_CAMINO":"Cruce Ruta 5 - Cruce Av. Américo Vespucio/Costanera Norte","CLASIFICACION":"Camino Nacional","CALZADA":"D","tmda":null},"geometry":{"type":"LineString","coordinates":[[-70.6177,-33.3657],[-70.61602,-33.36896],[-70.6109,-33.37036]]}},{"id":"1234","type":"Feature","properties":{"ROL":"Ruta 77","NOMBRE_CAMINO":"Cruce Ruta 5 - Cruce Av. Américo Vespucio/Costanera Norte","CLASIFICACION":"Camino Nacional","CALZADA":"D","tmda":null},"geometry":{"type":"LineString","coordinates":[[-70.6109,-33.37036],[-70.6036,-33.3743]]}},{"id":"1235","type":"Feature","properties":{"ROL":"Ruta 77","NOMBRE_CAMINO":"Cruce Ruta 5 - Cruce Av. Américo Vespucio/Costanera Norte","CLASIFICACION":"Camino Nacional","CALZADA":"D","tmda":null},"geometry":{"type":"LineString","coordinates":[[-70.6036,-33.3743],[-70.60292,-33.37697]]}},{"id":"1236","type":"Feature","properties":{"ROL":"Ruta 77","NOMBRE_CAMINO":"Cruce Ruta 5 - Cruce Av. Américo Vespucio/Costanera Norte","CLASIFICACION":"Camino Nacional","CALZADA":"D","tmda":null},"geometry":{"type":"LineString","coordinates":[[-70.60292,-33.37697],[-70.60472,-33.38256],[-70.60203,-33.38616],[-70.60223,-33.38884]]}},{"id":"1237","type":"Feature","properties":{"ROL":"Ruta 77","NOMBRE_CAMINO":"Cruce Ruta 5 - Cruce Av. Américo Vespucio/Costanera Norte","CLASIFICACION":"Camino Nacional","CALZADA":"D","tmda":null},"geometry":{"type":"LineString","coordinates":[[-70.60223,-33.38884],[-70.59976,-33.38978]]}},{"id":"1238","type":"Feature","properties":{"ROL":"Ruta 78","NOMBRE_CAMINO":"Santiago - San Antonio, Sector: Cruce Ruta 5 - Límite Regional (Paso Superior Sepultura)","CLASIFICACION":"Camino Nacional","CALZADA":"I","tmda":null},"geometry":{"type":"LineString","coordinates":[[-70.9739,-33.70031],[-71.00877,-33.70684],[-71.09891,-33.67505],[-71.12331,-33.66988],[-71.15185,-33.66945],[-71.18781,-33.67385],[-71.2119,-33.67173],[-71.22939,-33.67374],[-71.23538,-33.6713],[-71.26108,-33.65246],[-71.26511,-33.65074],[-71.27944,-33.6503],[-71.30913,-33.65371],[-71.32677,-33.65207],[-71.34695,-33.65358],[-71.35772,-33.64944],[-71.37334,-33.63774],[-71.38429,-33.63529]]}},{"id":"1239","type":"Feature","properties":{"ROL":"Ruta 78","NOMBRE_CAMINO":"Santiago - San Antonio, Sector: Cruce Ruta 5 - Límite Regional (Paso Superior Sepultura)","CLASIFICACION":"Camino Nacional","CALZADA":"D","tmda":null},"geometry":{"type":"LineString","coordinates":[[-70.97385,-33.70017],[-71.00865,-33.70672],[-71.09912,-33.67486],[-71.12344,-33.66975],[-71.15138,-33.66931],[-71.18809,-33.67374],[-71.21187,-33.67162],[-71.22896,-33.67369],[-71.23568,-33.67096],[-71.26465,-33.65074],[-71.27824,-33.65011],[-71.30854,-33.65357],[-71.327,-33.65195],[-71.34743,-33.65339],[-71.35764,-33.64936],[-71.37303,-33.63779],[-71.38427,-33.63518]]}},{"id":"1240","type":"Feature","properties":{"ROL":"Ruta 78","NOMBRE_CAMINO":"Santiago - San Antonio, Sector: Cruce Ruta 5 - Límite Regional (Paso Superior Sepultura)","CLASIFICACION":"Camino Nacional","CALZADA":"I","tmda":null},"geometry":{"type":"LineString","coordinates":[[-70.67878,-33.47695],[-70.68746,-33.47711],[-70.71486,-33.48326],[-70.74035,-33.4847],[-70.75339,-33.49344],[-70.7654,-33.49298],[-70.79652,-33.50056],[-70.7991,-33.50505],[-70.79913,-33.52872],[-70.8043,-33.54318],[-70.81182,-33.55194],[-70.82587,-33.55832],[-70.83411,-33.56029],[-70.84342,-33.56485],[-70.84737,-33.56847],[-70.84946,-33.5757],[-70.84506,-33.58652],[-70.84461,-33.59675],[-70.85566,-33.61621],[-70.88026,-33.64932],[-70.96797,-33.69862],[-70.9739,-33.70031]]}},{"id":"1241","type":"Feature","properties":{"ROL":"Ruta 78","NOMBRE_CAMINO":"Santiago - San Antonio, Sector: Cruce Ruta 5 - Límite Regional (Paso Superior Sepultura)","CLASIFICACION":"Camino Nacional","CALZADA":"D","tmda":null},"geometry":{"type":"LineString","coordinates":[[-70.67879,-33.47681],[-70.6874,-33.47696],[-70.71536,-33.4832],[-70.74044,-33.48459],[-70.75316,-33.49324],[-70.76549,-33.49286],[-70.79679,-33.5006],[-70.7992,-33.50475],[-70.79923,-33.52843],[-70.80473,-33.54366],[-70.81185,-33.5518],[-70.82589,-33.55818],[-70.83461,-33.56038],[-70.84366,-33.56485],[-70.84758,-33.56853],[-70.84958,-33.57601],[-70.8453,-33.58613],[-70.84476,-33.59672],[-70.85593,-33.61636],[-70.88022,-33.64907],[-70.96749,-33.6982],[-70.97385,-33.70017]]}},{"id":"1242","type":"Feature","properties":{"ROL":"Ruta 78","NOMBRE_CAMINO":"Santiago - San Antonio, Sector: Cruce Ruta 5 - Límite Regional (Paso Superior Sepultura)","CLASIFICACION":"Camino Nacional","CALZADA":"D","tmda":null},"geometry":{"type":"LineString","coordinates":[[-70.6553,-33.47722],[-70.66241,-33.4761],[-70.67879,-33.47681]]}},{"id":"1243","type":"Feature","properties":{"ROL":"Ruta 78","NOMBRE_CAMINO":"Santiago - San Antonio, Sector: Cruce Ruta 5 - Límite Regional (Paso Superior Sepultura)","CLASIFICACION":"Camino Nacional","CALZADA":"I","tmda":null},"geometry":{"type":"LineString","coordinates":[[-70.65536,-33.47735],[-70.66205,-33.47625],[-70.67878,-33.47695]]}},{"id":"1244","type":"Feature","properties":{"ROL":"URBG013","NOMBRE_CAMINO":"Av. Kennedy","CLASIFICACION":"Camino Regional Principal (Conexión Vial Urbana)","CALZADA":"D","tmda":null},"geometry":{"type":"LineString","coordinates":[[-70.60687,-33.41195],[-70.6045,-33.40914],[-70.58554,-33.40403],[-70.53408,-33.38398]]}},{"id":"1245","type":"Feature","properties":{"ROL":"URBG013","NOMBRE_CAMINO":"Av. Kennedy","CLASIFICACION":"Camino Regional Principal (Conexión Vial Urbana)","CALZADA":"I","tmda":null},"geometry":{"type":"LineString","coordinates":[[-70.6071,-33.41215],[-70.60498,-33.40847],[-70.59882,-33.40804],[-70.58605,-33.40405],[-70.53421,-33.38389]]}},{"id":"1246","type":"Feature","properties":{"ROL":"URBG023","NOMBRE_CAMINO":"Av. Las Condes","CLASIFICACION":"Camino Regional Principal (Conexión Vial Urbana)","CALZADA":"D","tmda":null},"geometry":{"type":"LineString","coordinates":[[-70.51155,-33.37081],[-70.50548,-33.36996],[-70.49957,-33.3673]]}},{"id":"1247","type":"Feature","properties":{"ROL":"URBG023","NOMBRE_CAMINO":"Av. Las Condes","CLASIFICACION":"Camino Regional Principal (Conexión Vial Urbana)","CALZADA":"I","tmda":null},"geometry":{"type":"LineString","coordinates":[[-70.51155,-33.37066],[-70.50564,-33.36992],[-70.49957,-33.3673]]}},{"id":"1248","type":"Feature","properties":{"ROL":"URBG027","NOMBRE_CAMINO":"Av. Tabancura","CLASIFICACION":"Camino Regional Principal (Conexión Vial Urbana)","CALZADA":"D","tmda":null},"geometry":{"type":"LineString","coordinates":[[-70.53408,-33.38389],[-70.53777,-33.37932],[-70.53799,-33.37684]]}},{"id":"1249","type":"Feature","properties":{"ROL":"URBG027","NOMBRE_CAMINO":"Av. Tabancura","CLASIFICACION":"Camino Regional Principal (Conexión Vial Urbana)","CALZADA":"I","tmda":null},"geometry":{"type":"LineString","coordinates":[[-70.53418,-33.38396],[-70.53788,-33.37931],[-70.53809,-33.37684]]}},{"id":"1250","type":"Feature","properties":{"ROL":"URBG029","NOMBRE_CAMINO":"Av. La Dehesa, Sector Puente San Antonio","CLASIFICACION":"Camino Regional Principal (Conexión Vial Urbana)","CALZADA":"D","tmda":null},"geometry":{"type":"LineString","coordinates":[[-70.51358,-33.36576],[-70.51151,-33.37073]]}},{"id":"1251","type":"Feature","properties":{"ROL":"URBG029","NOMBRE_CAMINO":"Av. La Dehesa, Sector Puente San Antonio","CLASIFICACION":"Camino Regional Principal (Conexión Vial Urbana)","CALZADA":"I","tmda":null},"geometry":{"type":"LineString","coordinates":[[-70.51346,-33.36571],[-70.51142,-33.37072]]}},{"id":"1252","type":"Feature","properties":{"ROL":"URBG015","NOMBRE_CAMINO":"El Salto - Kennedy","CLASIFICACION":"Camino Regional Principal (Conexión Vial Urbana)","CALZADA":"I","tmda":null},"geometry":{"type":"LineString","coordinates":[[-70.61715,-33.39698],[-70.61274,-33.40244],[-70.61495,-33.41056],[-70.61441,-33.4132],[-70.61265,-33.41536],[-70.60823,-33.41605]]}},{"id":"1253","type":"Feature","properties":{"ROL":"URBG011","NOMBRE_CAMINO":"Costanera Norte","CLASIFICACION":"Camino Regional Principal (Conexión Vial Urbana)","CALZADA":"D","tmda":null},"geometry":{"type":"LineString","coordinates":[[-70.81276,-33.43923],[-70.80783,-33.42927],[-70.79998,-33.42561],[-70.79351,-33.41964],[-70.78765,-33.41625],[-70.77554,-33.41564],[-70.77052,-33.41306],[-70.75922,-33.41197],[-70.73445,-33.41154],[-70.72712,-33.41261],[-70.71264,-33.40758],[-70.70558,-33.40725],[-70.69423,-33.41366],[-70.68873,-33.41881],[-70.67472,-33.42498],[-70.65565,-33.43127],[-70.63393,-33.43599],[-70.62682,-33.43217],[-70.62127,-33.42363],[-70.61333,-33.42064],[-70.6083,-33.41643],[-70.60402,-33.40366],[-70.60396,-33.39546],[-70.60127,-33.39142],[-70.5899,-33.3826],[-70.57796,-33.38043],[-70.56939,-33.3774],[-70.5485,-33.37435],[-70.54045,-33.3768],[-70.53483,-33.37674],[-70.50959,-33.36394]]}},{"id":"1254","type":"Feature","properties":{"ROL":"URBG011","NOMBRE_CAMINO":"Costanera Norte","CLASIFICACION":"Camino Regional Principal (Conexión Vial Urbana)","CALZADA":"I","tmda":null},"geometry":{"type":"LineString","coordinates":[[-70.81605,-33.43852],[-70.81253,-33.43841],[-70.80758,-33.42895],[-70.8003,-33.42571],[-70.79365,-33.41963],[-70.78772,-33.41616],[-70.77543,-33.4155],[-70.77037,-33.41291],[-70.75919,-33.41186],[-70.73425,-33.41143],[-70.7272,-33.4125],[-70.71258,-33.40745],[-70.70571,-33.40714],[-70.69416,-33.41356],[-70.68889,-33.41858],[-70.67438,-33.425],[-70.65593,-33.431],[-70.63368,-33.43577],[-70.62662,-33.43173],[-70.62122,-33.4234],[-70.61312,-33.42036],[-70.60854,-33.41646],[-70.60416,-33.40362],[-70.60413,-33.39548],[-70.60127,-33.39125],[-70.58989,-33.38246],[-70.57809,-33.38034],[-70.56943,-33.37729],[-70.54869,-33.37426],[-70.54038,-33.3767],[-70.53504,-33.37666],[-70.50962,-33.36385]]}},{"id":"1255","type":"Feature","properties":{"ROL":"URBRU074","NOMBRE_CAMINO":"Av. General Velásquez","CLASIFICACION":"Camino Nacional (Conexión Vial Urbana)","CALZADA":"D","tmda":null},"geometry":{"type":"LineString","coordinates":[[-70.71018,-33.55833],[-70.7054,-33.524],[-70.68535,-33.47931],[-70.68805,-33.47312],[-70.6884,-33.46123],[-70.69223,-33.44901],[-70.69223,-33.43096],[-70.69067,-33.41977],[-70.69387,-33.40847],[-70.70118,-33.3943],[-70.69389,-33.38021]]}},{"id":"1256","type":"Feature","properties":{"ROL":"URBRU074","NOMBRE_CAMINO":"Av. General Velásquez","CLASIFICACION":"Camino Nacional (Conexión Vial Urbana)","CALZADA":"I","tmda":null},"geometry":{"type":"LineString","coordinates":[[-70.7106,-33.55721],[-70.7055,-33.52386],[-70.68546,-33.47937],[-70.68816,-33.47315],[-70.68855,-33.46122],[-70.69236,-33.4492],[-70.69236,-33.43066],[-70.69079,-33.41976],[-70.69435,-33.40773],[-70.70129,-33.39435],[-70.69445,-33.38058],[-70.69485,-33.3784]]}},{"id":"1257","type":"Feature","properties":{"ROL":"URBRU076","NOMBRE_CAMINO":"Av. Pedro Aguirre Cerda","CLASIFICACION":"Camino Nacional (Conexión Vial Urbana)","CALZADA":"D","tmda":null},"geometry":{"type":"LineString","coordinates":[[-70.71034,-33.50139],[-70.71519,-33.50655],[-70.72283,-33.50989]]}},{"id":"1258","type":"Feature","properties":{"ROL":"URBRU076","NOMBRE_CAMINO":"Av. Pedro Aguirre Cerda","CLASIFICACION":"Camino Nacional (Conexión Vial Urbana)","CALZADA":"I","tmda":null},"geometry":{"type":"LineString","coordinates":[[-70.71001,-33.5015],[-70.71161,-33.50439],[-70.71527,-33.50695],[-70.72271,-33.51]]}},{"id":"1259","type":"Feature","properties":{"ROL":"G-249","NOMBRE_CAMINO":"El Colorado","CLASIFICACION":"Camino Regional de Acceso","CALZADA":"I","tmda":null},"geometry":{"type":"LineString","coordinates":[[-70.29244,-33.34938],[-70.29188,-33.34898]]}},{"id":"1260","type":"Feature","properties":{"ROL":"G-249","NOMBRE_CAMINO":"El Colorado","CLASIFICACION":"Camino Regional de Acceso","CALZADA":"D","tmda":null},"geometry":{"type":"LineString","coordinates":[[-70.29473,-33.34313],[-70.29679,-33.35024],[-70.29472,-33.34871],[-70.29203,-33.34972],[-70.29151,-33.34565]]}},{"id":"1261","type":"Feature","properties":{"ROL":"URBG181","NOMBRE_CAMINO":"Nueva Tajamar - Av. Andrés Bello - Costanera Sur","CLASIFICACION":"Camino Regional Comunal (Conexión Vial Urbana)","CALZADA":"U","tmda":null},"geometry":{"type":"LineString","coordinates":[[-70.60823,-33.41605],[-70.60674,-33.41604]]}},{"id":"1262","type":"Feature","properties":{"ROL":"G-417","NOMBRE_CAMINO":"Lo Arcaya de Pirque","CLASIFICACION":"Camino Regional Comunal (En Proceso de Enrolamiento)","CALZADA":"I","tmda":null},"geometry":{"type":"LineString","coordinates":[[-70.57724,-33.69103],[-70.57739,-33.69139]]}},{"id":"1263","type":"Feature","properties":{"ROL":"G-417","NOMBRE_CAMINO":"Lo Arcaya de Pirque","CLASIFICACION":"Camino Regional Comunal (En Proceso de Enrolamiento)","CALZADA":"U","tmda":null},"geometry":{"type":"LineString","coordinates":[[-70.57728,-33.69018],[-70.57724,-33.69103]]}},{"id":"1264","type":"Feature","properties":{"ROL":"G-417","NOMBRE_CAMINO":"Lo Arcaya de Pirque","CLASIFICACION":"Camino Regional Comunal (En Proceso de Enrolamiento)","CALZADA":"D","tmda":null},"geometry":{"type":"LineString","coordinates":[[-70.57724,-33.69103],[-70.57758,-33.69136]]}},{"id":"1265","type":"Feature","properties":{"ROL":"URBG181","NOMBRE_CAMINO":"Nueva Tajamar - Av. Andrés Bello - Costanera Sur","CLASIFICACION":"Camino Regional Comunal (Conexión Vial Urbana)","CALZADA":"I","tmda":null},"geometry":{"type":"LineString","coordinates":[[-70.60682,-33.41604],[-70.60296,-33.40392],[-70.6032,-33.39619],[-70.5981,-33.39013]]}},{"id":"1266","type":"Feature","properties":{"ROL":"URBG181","NOMBRE_CAMINO":"Nueva Tajamar - Av. Andrés Bello - Costanera Sur","CLASIFICACION":"Camino Regional Comunal (Conexión Vial Urbana)","CALZADA":"D","tmda":null},"geometry":{"type":"LineString","coordinates":[[-70.60674,-33.41604],[-70.60284,-33.4043],[-70.6031,-33.39615],[-70.59799,-33.39016]]}},{"id":"1267","type":"Feature","properties":{"ROL":"S/R-G-179","NOMBRE_CAMINO":"Av. El Valle ","CLASIFICACION":"Camino Regional Comunal (En Proceso de Enrolamiento)","CALZADA":"I","tmda":null},"geometry":{"type":"LineString","coordinates":[[-70.66011,-33.30092],[-70.65422,-33.29716],[-70.6523,-33.29433],[-70.65346,-33.28424]]}},{"id":"1268","type":"Feature","properties":{"ROL":"S/R-G-179","NOMBRE_CAMINO":"Av. El Valle ","CLASIFICACION":"Camino Regional Comunal (En Proceso de Enrolamiento)","CALZADA":"D","tmda":null},"geometry":{"type":"LineString","coordinates":[[-70.65998,-33.30099],[-70.65231,-33.29476],[-70.65298,-33.28425]]}},{"id":"1269","type":"Feature","properties":{"ROL":"URBG191","NOMBRE_CAMINO":"San José de La Sierra","CLASIFICACION":"Camino Regional Comunal (Conexión Vial Urbana)","CALZADA":"I","tmda":null},"geometry":{"type":"LineString","coordinates":[[-70.50809,-33.36351],[-70.50637,-33.36675]]}},{"id":"1270","type":"Feature","properties":{"ROL":"URBG191","NOMBRE_CAMINO":"San José de La Sierra","CLASIFICACION":"Camino Regional Comunal (Conexión Vial Urbana)","CALZADA":"D","tmda":null},"geometry":{"type":"LineString","coordinates":[[-70.50819,-33.36355],[-70.50637,-33.36675]]}},{"id":"1271","type":"Feature","properties":{"ROL":"URBG191","NOMBRE_CAMINO":"San José de La Sierra","CLASIFICACION":"Camino Regional Comunal (Conexión Vial Urbana)","CALZADA":"U","tmda":null},"geometry":{"type":"LineString","coordinates":[[-70.50637,-33.36675],[-70.50446,-33.36955]]}},{"id":"1272","type":"Feature","properties":{"ROL":"Ruta 73","NOMBRE_CAMINO":"Lo Pinto - San José","CLASIFICACION":"Camino Nacional","CALZADA":"U","tmda":null},"geometry":{"type":"LineString","coordinates":[[-70.74189,-33.27344],[-70.72462,-33.26523],[-70.71729,-33.25149],[-70.70202,-33.24183]]}},{"id":"1273","type":"Feature","properties":{"ROL":"Ruta 73","NOMBRE_CAMINO":"Lo Pinto - San José","CLASIFICACION":"Camino Nacional","CALZADA":"I","tmda":null},"geometry":{"type":"LineString","coordinates":[[-70.70202,-33.24183],[-70.69795,-33.24152]]}},{"id":"1274","type":"Feature","properties":{"ROL":"Ruta 73","NOMBRE_CAMINO":"Lo Pinto - San José","CLASIFICACION":"Camino Nacional","CALZADA":"D","tmda":null},"geometry":{"type":"LineString","coordinates":[[-70.70202,-33.24183],[-70.69795,-33.24161]]}},{"id":"1275","type":"Feature","properties":{"ROL":"G-34","NOMBRE_CAMINO":"Nos - Malloco","CLASIFICACION":"Camino Regional Principal","CALZADA":"U","tmda":null},"geometry":{"type":"LineString","coordinates":[[-70.71405,-33.62703],[-70.72997,-33.63295],[-70.75804,-33.63107],[-70.77539,-33.62555],[-70.79787,-33.62389],[-70.82407,-33.60985],[-70.85016,-33.60982]]}},{"id":"1276","type":"Feature","properties":{"ROL":"G-34","NOMBRE_CAMINO":"Nos - Malloco","CLASIFICACION":"Camino Regional Principal","CALZADA":"D","tmda":null},"geometry":{"type":"LineString","coordinates":[[-70.85016,-33.60982],[-70.85391,-33.60981]]}},{"id":"1277","type":"Feature","properties":{"ROL":"G-34","NOMBRE_CAMINO":"Nos - Malloco","CLASIFICACION":"Camino Regional Principal","CALZADA":"I","tmda":null},"geometry":{"type":"LineString","coordinates":[[-70.85016,-33.60982],[-70.8539,-33.60981]]}},{"id":"1278","type":"Feature","properties":{"ROL":"G-34","NOMBRE_CAMINO":"Nos - Malloco","CLASIFICACION":"Camino Regional Principal","CALZADA":"U","tmda":null},"geometry":{"type":"LineString","coordinates":[[-70.85391,-33.60981],[-70.85749,-33.6098]]}},{"id":"1279","type":"Feature","properties":{"ROL":"Ruta 76","NOMBRE_CAMINO":"Santiago - Malloco","CLASIFICACION":"Camino Nacional","CALZADA":"D","tmda":12401.0},"geometry":{"type":"LineString","coordinates":[[-70.72283,-33.50989],[-70.75794,-33.52803],[-70.79808,-33.55557],[-70.81978,-33.57236],[-70.82302,-33.57698],[-70.83936,-33.58899],[-70.84432,-33.59538]]}},{"id":"1280","type":"Feature","properties":{"ROL":"Ruta 76","NOMBRE_CAMINO":"Santiago - Malloco","CLASIFICACION":"Camino Nacional","CALZADA":"I","tmda":12401.0},"geometry":{"type":"LineString","coordinates":[[-70.72845,-33.51252],[-70.75791,-33.52818],[-70.79797,-33.55567],[-70.81972,-33.57251],[-70.823,-33.57716],[-70.83909,-33.589],[-70.84363,-33.59534]]}},{"id":"1281","type":"Feature","properties":{"ROL":"Ruta 76","NOMBRE_CAMINO":"Santiago - Malloco","CLASIFICACION":"Camino Nacional","CALZADA":"U","tmda":12401.0},"geometry":{"type":"LineString","coordinates":[[-70.84384,-33.59566],[-70.84611,-33.59953]]}},{"id":"1282","type":"Feature","properties":{"ROL":"Ruta 76","NOMBRE_CAMINO":"Santiago - Malloco","CLASIFICACION":"Camino Nacional","CALZADA":"I","tmda":12401.0},"geometry":{"type":"LineString","coordinates":[[-70.72271,-33.51],[-70.72845,-33.51252]]}},{"id":"1283","type":"Feature","properties":{"ROL":"Ruta 76","NOMBRE_CAMINO":"Santiago - Malloco","CLASIFICACION":"Camino Nacional","CALZADA":"I","tmda":12401.0},"geometry":{"type":"LineString","coordinates":[[-70.84363,-33.59534],[-70.84384,-33.59566]]}},{"id":"1284","type":"Feature","properties":{"ROL":"Ruta 79","NOMBRE_CAMINO":"Cruce Ruta 5 - Cruce Av. San Gregorio/Av. La Serena","CLASIFICACION":"Camino Nacional","CALZADA":"D","tmda":7770.0},"geometry":{"type":"LineString","coordinates":[[-70.73582,-33.88163],[-70.71134,-33.85382],[-70.7087,-33.84869],[-70.70575,-33.81347],[-70.70928,-33.7902],[-70.70184,-33.76998],[-70.70136,-33.76306],[-70.70332,-33.75245],[-70.7041,-33.73222],[-70.69975,-33.7163],[-70.69931,-33.70592],[-70.69726,-33.69928],[-70.69372,-33.69403],[-70.6818,-33.68177],[-70.67293,-33.66675],[-70.66288,-33.65886],[-70.65909,-33.64701],[-70.65871,-33.64097],[-70.6562,-33.63747],[-70.65168,-33.6357],[-70.63619,-33.63436],[-70.62755,-33.63491],[-70.60511,-33.63174],[-70.60104,-33.63031],[-70.59842,-33.62716],[-70.59941,-33.61756],[-70.60315,-33.60986],[-70.61048,-33.58445],[-70.61327,-33.56638],[-70.62064,-33.53779]]}},{"id":"1285","type":"Feature","properties":{"ROL":"Ruta 79","NOMBRE_CAMINO":"Cruce Ruta 5 - Cruce Av. San Gregorio/Av. La Serena","CLASIFICACION":"Camino Nacional","CALZADA":"I","tmda":7770.0},"geometry":{"type":"LineString","coordinates":[[-70.73672,-33.88131],[-70.71138,-33.85356],[-70.7088,-33.84815],[-70.70598,-33.81298],[-70.70949,-33.7901],[-70.70199,-33.76947],[-70.70156,-33.76333],[-70.70357,-33.75205],[-70.70432,-33.73227],[-70.69989,-33.7159],[-70.69919,-33.7041],[-70.69696,-33.69828],[-70.68176,-33.68141],[-70.67293,-33.66644],[-70.66326,-33.65907],[-70.65929,-33.64693],[-70.65893,-33.641],[-70.65612,-33.63718],[-70.65137,-33.63548],[-70.63582,-33.63416],[-70.62756,-33.63473],[-70.60524,-33.63158],[-70.60092,-33.63],[-70.59858,-33.62698],[-70.59951,-33.61777],[-70.60336,-33.60965],[-70.61049,-33.58495],[-70.61347,-33.56617],[-70.62076,-33.53779]]}},{"id":"1286","type":"Feature","properties":{"ROL":"Ruta 79","NOMBRE_CAMINO":"Cruce Ruta 5 - Cruce Av. San Gregorio/Av. La Serena","CLASIFICACION":"Camino Nacional","CALZADA":"U","tmda":null},"geometry":{"type":"LineString","coordinates":[[-70.73601,-33.88424],[-70.73582,-33.88163]]}},{"id":"1287","type":"Feature","properties":{"ROL":"URBG028","NOMBRE_CAMINO":"El Salto - La Pirámide","CLASIFICACION":"Camino Regional Principal (Conexión Vial Urbana)","CALZADA":"I","tmda":null},"geometry":{"type":"LineString","coordinates":[[-70.62558,-33.39383],[-70.62418,-33.39208]]}},{"id":"1288","type":"Feature","properties":{"ROL":"URBG028","NOMBRE_CAMINO":"El Salto - La Pirámide","CLASIFICACION":"Camino Regional Principal (Conexión Vial Urbana)","CALZADA":"I","tmda":null},"geometry":{"type":"LineString","coordinates":[[-70.62249,-33.38701],[-70.62198,-33.38551]]}},{"id":"1289","type":"Feature","properties":{"ROL":"URBG028","NOMBRE_CAMINO":"El Salto - La Pirámide","CLASIFICACION":"Camino Regional Principal (Conexión Vial Urbana)","CALZADA":"U","tmda":null},"geometry":{"type":"LineString","coordinates":[[-70.62199,-33.38552],[-70.62062,-33.38135],[-70.61723,-33.37747],[-70.61382,-33.37819],[-70.614,-33.377],[-70.60813,-33.37719],[-70.60531,-33.37815],[-70.60614,-33.38036],[-70.61024,-33.38065],[-70.60146,-33.3866]]}},{"id":"1290","type":"Feature","properties":{"ROL":"URBG028","NOMBRE_CAMINO":"El Salto - La Pirámide","CLASIFICACION":"Camino Regional Principal (Conexión Vial Urbana)","CALZADA":"I","tmda":null},"geometry":{"type":"LineString","coordinates":[[-70.60117,-33.38637],[-70.59881,-33.3888],[-70.59716,-33.38787]]}},{"id":"1291","type":"Feature","properties":{"ROL":"URBG028","NOMBRE_CAMINO":"El Salto - La Pirámide","CLASIFICACION":"Camino Regional Principal (Conexión Vial Urbana)","CALZADA":"D","tmda":null},"geometry":{"type":"LineString","coordinates":[[-70.62495,-33.39414],[-70.62418,-33.39208]]}},{"id":"1292","type":"Feature","properties":{"ROL":"URBG028","NOMBRE_CAMINO":"El Salto - La Pirámide","CLASIFICACION":"Camino Regional Principal (Conexión Vial Urbana)","CALZADA":"U","tmda":null},"geometry":{"type":"LineString","coordinates":[[-70.62418,-33.39208],[-70.62249,-33.38701]]}},{"id":"1293","type":"Feature","properties":{"ROL":"URBG028","NOMBRE_CAMINO":"El Salto - La Pirámide","CLASIFICACION":"Camino Regional Principal (Conexión Vial Urbana)","CALZADA":"D","tmda":null},"geometry":{"type":"LineString","coordinates":[[-70.62249,-33.38701],[-70.62199,-33.38552]]}},{"id":"1294","type":"Feature","properties":{"ROL":"URBG028","NOMBRE_CAMINO":"El Salto - La Pirámide","CLASIFICACION":"Camino Regional Principal (Conexión Vial Urbana)","CALZADA":"D","tmda":null},"geometry":{"type":"LineString","coordinates":[[-70.60146,-33.3866],[-70.59956,-33.38976]]}},{"id":"1563","type":"Feature","properties":{"ROL":"G-21","NOMBRE_CAMINO":"Av. Las Condes - Farellones - La Parva","CLASIFICACION":"Camino Regional Principal","CALZADA":"I","tmda":2015.0},"geometry":{"type":"LineString","coordinates":[[-70.3104,-33.35132],[-70.30954,-33.35166]]}},{"id":"1564","type":"Feature","properties":{"ROL":"G-21","NOMBRE_CAMINO":"Av. Las Condes - Farellones - La Parva","CLASIFICACION":"Camino Regional Principal","CALZADA":"U","tmda":2015.0},"geometry":{"type":"LineString","coordinates":[[-70.49957,-33.3673],[-70.49556,-33.36692],[-70.49273,-33.36461],[-70.48296,-33.36492],[-70.47259,-33.3635],[-70.47145,-33.36472],[-70.46756,-33.36496],[-70.46573,-33.37065],[-70.46109,-33.36972],[-70.45834,-33.37102],[-70.44368,-33.37025],[-70.44201,-33.37159],[-70.43676,-33.36967],[-70.43105,-33.37079],[-70.42317,-33.36645],[-70.42043,-33.36908],[-70.41696,-33.36818],[-70.40319,-33.37265],[-70.39972,-33.3714],[-70.3947,-33.36594],[-70.38343,-33.36302],[-70.3724,-33.35622],[-70.37039,-33.35621],[-70.3651,-33.35044],[-70.36314,-33.34524],[-70.36233,-33.34785],[-70.36154,-33.34653],[-70.36089,-33.34718],[-70.36113,-33.34842],[-70.36002,-33.34734],[-70.36052,-33.34587],[-70.35869,-33.3488],[-70.35796,-33.347],[-70.35697,-33.34866],[-70.35655,-33.34686],[-70.35562,-33.34879],[-70.35365,-33.34855],[-70.35232,-33.34629],[-70.3488,-33.34626],[-70.34724,-33.34438],[-70.33671,-33.34027],[-70.33413,-33.33759],[-70.33316,-33.33786],[-70.33764,-33.34387],[-70.33372,-33.34485],[-70.33079,-33.34753],[-70.33197,-33.34749],[-70.32805,-33.34847],[-70.33171,-33.3489],[-70.32652,-33.34938],[-70.32928,-33.35032],[-70.329,-33.3535],[-70.32751,-33.35241],[-70.32825,-33.35389],[-70.32577,-33.35329],[-70.32768,-33.35452],[-70.32818,-33.35663],[-70.32588,-33.35608],[-70.32756,-33.35784],[-70.32473,-33.35612],[-70.32652,-33.3586],[-70.324,-33.35676],[-70.32127,-33.35658],[-70.31966,-33.35434],[-70.31992,-33.35681],[-70.3185,-33.35475],[-70.31849,-33.35595],[-70.31719,-33.35553],[-70.31602,-33.35191],[-70.31333,-33.35014],[-70.30963,-33.35063],[-70.31041,-33.35133]]}},{"id":"1565","type":"Feature","properties":{"ROL":"G-21","NOMBRE_CAMINO":"Av. Las Condes - Farellones - La Parva","CLASIFICACION":"Camino Regional Principal","CALZADA":"U","tmda":2015.0},"geometry":{"type":"LineString","coordinates":[[-70.30954,-33.35166],[-70.30762,-33.34855],[-70.30256,-33.34504],[-70.29693,-33.34346],[-70.29411,-33.34004],[-70.29482,-33.34316],[-70.29163,-33.34082],[-70.28849,-33.33734],[-70.29048,-33.33574],[-70.28954,-33.33365]]}},{"id":"1566","type":"Feature","properties":{"ROL":"G-21","NOMBRE_CAMINO":"Av. Las Condes - Farellones - La Parva","CLASIFICACION":"Camino Regional Principal","CALZADA":"D","tmda":2015.0},"geometry":{"type":"LineString","coordinates":[[-70.31041,-33.35133],[-70.31063,-33.3524],[-70.30954,-33.35166]]}},{"id":"1567","type":"Feature","properties":{"ROL":"URBG015","NOMBRE_CAMINO":"El Salto - Kennedy","CLASIFICACION":"Camino Regional Principal (Conexión Vial Urbana)","CALZADA":"D","tmda":null},"geometry":{"type":"LineString","coordinates":[[-70.61729,-33.3973],[-70.61301,-33.40269],[-70.61518,-33.41281],[-70.61299,-33.41525],[-70.60844,-33.41635]]}},{"id":"1568","type":"Feature","properties":{"ROL":"URBG015","NOMBRE_CAMINO":"El Salto - Kennedy","CLASIFICACION":"Camino Regional Principal (Conexión Vial Urbana)","CALZADA":"U","tmda":null},"geometry":{"type":"LineString","coordinates":[[-70.62445,-33.39448],[-70.61729,-33.3973]]}},{"id":"2827","type":"Feature","properties":{"ROL":"G-157","NOMBRE_CAMINO":"Lo Arcaya","CLASIFICACION":"Camino Regional Comunal","CALZADA":"U","tmda":4398.0},"geometry":{"type":"LineString","coordinates":[[-70.69722,-33.24231],[-70.67802,-33.24337]]}},{"id":"2828","type":"Feature","properties":{"ROL":"G-157","NOMBRE_CAMINO":"Lo Arcaya","CLASIFICACION":"Camino Regional Comunal","CALZADA":"I","tmda":4398.0},"geometry":{"type":"LineString","coordinates":[[-70.67802,-33.24337],[-70.67788,-33.24496],[-70.67531,-33.24502]]}},{"id":"2829","type":"Feature","properties":{"ROL":"G-157","NOMBRE_CAMINO":"Lo Arcaya","CLASIFICACION":"Camino Regional Comunal","CALZADA":"D","tmda":4398.0},"geometry":{"type":"LineString","coordinates":[[-70.67802,-33.24337],[-70.67799,-33.245],[-70.67536,-33.24518]]}},{"id":"2830","type":"Feature","properties":{"ROL":"G-16","NOMBRE_CAMINO":"Rungue - Lo Echevers","CLASIFICACION":"Camino Regional Principal","CALZADA":"U","tmda":2824.0},"geometry":{"type":"LineString","coordinates":[[-70.88798,-33.01084],[-70.89439,-33.00704],[-70.89991,-33.01044],[-70.90068,-33.01244],[-70.90609,-33.01569],[-70.90731,-33.01843],[-70.91051,-33.02043],[-70.91832,-33.02],[-70.92244,-33.02213],[-70.92497,-33.02518],[-70.92408,-33.02771],[-70.92715,-33.02839],[-70.92802,-33.02963],[-70.92731,-33.03163],[-70.93023,-33.03268],[-70.93261,-33.04309],[-70.93499,-33.04311],[-70.93197,-33.04877],[-70.93357,-33.05568],[-70.92956,-33.06483],[-70.93059,-33.07025],[-70.9276,-33.07633],[-70.93,-33.10435],[-70.92428,-33.12345],[-70.91191,-33.14845],[-70.90167,-33.15452],[-70.89387,-33.16276],[-70.89404,-33.16511]]}},{"id":"2831","type":"Feature","properties":{"ROL":"G-16","NOMBRE_CAMINO":"Rungue - Lo Echevers","CLASIFICACION":"Camino Regional Principal","CALZADA":"D","tmda":16110.0},"geometry":{"type":"LineString","coordinates":[[-70.86823,-33.28938],[-70.86545,-33.29703],[-70.86048,-33.29962]]}},{"id":"2832","type":"Feature","properties":{"ROL":"G-16","NOMBRE_CAMINO":"Rungue - Lo Echevers","CLASIFICACION":"Camino Regional Principal","CALZADA":"U","tmda":16110.0},"geometry":{"type":"LineString","coordinates":[[-70.86048,-33.29962],[-70.8343,-33.31682],[-70.82651,-33.32392],[-70.82559,-33.32678],[-70.80467,-33.34988],[-70.79508,-33.35651]]}},{"id":"2833","type":"Feature","properties":{"ROL":"G-16","NOMBRE_CAMINO":"Rungue - Lo Echevers","CLASIFICACION":"Camino Regional Principal","CALZADA":"I","tmda":16110.0},"geometry":{"type":"LineString","coordinates":[[-70.86823,-33.28938],[-70.86516,-33.29703],[-70.86048,-33.29962]]}},{"id":"2834","type":"Feature","properties":{"ROL":"G-16","NOMBRE_CAMINO":"Rungue - Lo Echevers","CLASIFICACION":"Camino Regional Principal","CALZADA":"U","tmda":16110.0},"geometry":{"type":"LineString","coordinates":[[-70.78083,-33.36709],[-70.74799,-33.37618]]}},{"id":"2835","type":"Feature","properties":{"ROL":"G-16","NOMBRE_CAMINO":"Rungue - Lo Echevers","CLASIFICACION":"Camino Regional Principal","CALZADA":"U","tmda":16110.0},"geometry":{"type":"LineString","coordinates":[[-70.79508,-33.35651],[-70.78083,-33.36709]]}},{"id":"2836","type":"Feature","properties":{"ROL":"G-16","NOMBRE_CAMINO":"Rungue - Lo Echevers","CLASIFICACION":"Camino Regional Principal","CALZADA":"U","tmda":16110.0},"geometry":{"type":"LineString","coordinates":[[-70.89992,-33.25968],[-70.89652,-33.26469],[-70.89633,-33.26715],[-70.88939,-33.27506],[-70.88737,-33.27449],[-70.88355,-33.27681],[-70.8766,-33.27688],[-70.86823,-33.28938]]}},{"id":"2837","type":"Feature","properties":{"ROL":"G-53","NOMBRE_CAMINO":"Paine - Linderos - Buin","CLASIFICACION":"Camino Regional Principal","CALZADA":"U","tmda":53.0},"geometry":{"type":"LineString","coordinates":[[-70.74469,-33.82523],[-70.74581,-33.83344],[-70.74437,-33.83875],[-70.74886,-33.84111],[-70.7513,-33.83974]]}},{"id":"2838","type":"Feature","properties":{"ROL":"G-48","NOMBRE_CAMINO":"Buin - Maipo - Viluco","CLASIFICACION":"Camino Regional Principal","CALZADA":"U","tmda":6839.0},"geometry":{"type":"LineString","coordinates":[[-70.73631,-33.73202],[-70.74798,-33.73065],[-70.74859,-33.73182]]}},{"id":"2839","type":"Feature","properties":{"ROL":"G-48","NOMBRE_CAMINO":"Buin - Maipo - Viluco","CLASIFICACION":"Camino Regional Principal","CALZADA":"U","tmda":6839.0},"geometry":{"type":"LineString","coordinates":[[-70.74859,-33.73182],[-70.75214,-33.73148],[-70.75511,-33.7343],[-70.75805,-33.73487],[-70.77564,-33.73104],[-70.78483,-33.73445],[-70.77929,-33.74134],[-70.78718,-33.74912],[-70.7897,-33.75997],[-70.79619,-33.77678]]}},{"id":"2840","type":"Feature","properties":{"ROL":"G-48","NOMBRE_CAMINO":"Buin - Maipo - Viluco","CLASIFICACION":"Camino Regional Principal","CALZADA":"U","tmda":6839.0},"geometry":{"type":"LineString","coordinates":[[-70.73357,-33.73237],[-70.73631,-33.73202]]}},{"id":"2841","type":"Feature","properties":{"ROL":"G-588","NOMBRE_CAMINO":"La Puntilla","CLASIFICACION":"Camino Regional Provincial (En Proceso de Enrolamiento)","CALZADA":"U","tmda":null},"geometry":{"type":"LineString","coordinates":[[-70.98803,-33.63736],[-70.98577,-33.63546]]}},{"id":"2842","type":"Feature","properties":{"ROL":"G-588","NOMBRE_CAMINO":"La Puntilla","CLASIFICACION":"Camino Regional Provincial","CALZADA":"U","tmda":null},"geometry":{"type":"LineString","coordinates":[[-70.9915,-33.68333],[-70.99253,-33.67879]]}},{"id":"2843","type":"Feature","properties":{"ROL":"G-588","NOMBRE_CAMINO":"La Puntilla","CLASIFICACION":"Camino Regional Provincial","CALZADA":"U","tmda":null},"geometry":{"type":"LineString","coordinates":[[-70.99253,-33.67879],[-70.99253,-33.67771]]}},{"id":"2844","type":"Feature","properties":{"ROL":"G-588","NOMBRE_CAMINO":"La Puntilla","CLASIFICACION":"Camino Regional Provincial","CALZADA":"U","tmda":null},"geometry":{"type":"LineString","coordinates":[[-70.99253,-33.67771],[-70.99278,-33.67383]]}},{"id":"2845","type":"Feature","properties":{"ROL":"G-68","NOMBRE_CAMINO":"Padre Hurtado - Cuesta Barriga - Los Panguiles","CLASIFICACION":"Camino Regional Principal","CALZADA":"U","tmda":3613.0},"geometry":{"type":"LineString","coordinates":[[-70.94063,-33.54618],[-70.94271,-33.54451],[-70.94321,-33.54748],[-70.94642,-33.54809],[-70.94979,-33.54403],[-70.94952,-33.5387],[-70.95348,-33.54051],[-70.95349,-33.53705],[-70.95884,-33.53665],[-70.9597,-33.53173],[-70.96492,-33.53059],[-70.97834,-33.51625],[-70.99843,-33.50431],[-71.02964,-33.47374],[-71.02835,-33.47138],[-71.02807,-33.438],[-71.02682,-33.43625]]}},{"id":"2846","type":"Feature","properties":{"ROL":"G-68","NOMBRE_CAMINO":"Padre Hurtado - Cuesta Barriga - Los Panguiles","CLASIFICACION":"Camino Regional Principal","CALZADA":"U","tmda":7531.0},"geometry":{"type":"LineString","coordinates":[[-70.81569,-33.56946],[-70.82426,-33.55868],[-70.83013,-33.5535],[-70.84569,-33.55167],[-70.84957,-33.54675],[-70.85717,-33.5494],[-70.89013,-33.53701],[-70.8961,-33.52984]]}},{"id":"2847","type":"Feature","properties":{"ROL":"G-68","NOMBRE_CAMINO":"Padre Hurtado - Cuesta Barriga - Los Panguiles","CLASIFICACION":"Camino Regional Principal","CALZADA":"U","tmda":7531.0},"geometry":{"type":"LineString","coordinates":[[-70.8961,-33.52984],[-70.89978,-33.52953],[-70.9002,-33.52707],[-70.9031,-33.52446],[-70.90545,-33.5253],[-70.9097,-33.52331],[-70.9095,-33.52171],[-70.91123,-33.51978]]}},{"id":"2848","type":"Feature","properties":{"ROL":"G-68","NOMBRE_CAMINO":"Padre Hurtado - Cuesta Barriga - Los Panguiles","CLASIFICACION":"Camino Regional Principal","CALZADA":"U","tmda":7531.0},"geometry":{"type":"LineString","coordinates":[[-70.91123,-33.51978],[-70.91409,-33.5189],[-70.91719,-33.52004],[-70.91524,-33.52248],[-70.9159,-33.52429],[-70.92019,-33.52425],[-70.92357,-33.53017],[-70.92631,-33.53066],[-70.92789,-33.53237]]}},{"id":"2849","type":"Feature","properties":{"ROL":"G-68","NOMBRE_CAMINO":"Padre Hurtado - Cuesta Barriga - Los Panguiles","CLASIFICACION":"Camino Regional Principal","CALZADA":"U","tmda":7531.0},"geometry":{"type":"LineString","coordinates":[[-70.92789,-33.53237],[-70.92956,-33.53378],[-70.92782,-33.53707],[-70.9302,-33.54012]]}},{"id":"2850","type":"Feature","properties":{"ROL":"G-68","NOMBRE_CAMINO":"Padre Hurtado - Cuesta Barriga - Los Panguiles","CLASIFICACION":"Camino Regional Principal","CALZADA":"U","tmda":7531.0},"geometry":{"type":"LineString","coordinates":[[-70.9302,-33.54012],[-70.93174,-33.54065],[-70.93084,-33.54218],[-70.93215,-33.54428],[-70.93611,-33.54365],[-70.93523,-33.54644]]}},{"id":"2851","type":"Feature","properties":{"ROL":"G-68","NOMBRE_CAMINO":"Padre Hurtado - Cuesta Barriga - Los Panguiles","CLASIFICACION":"Camino Regional Principal","CALZADA":"U","tmda":7531.0},"geometry":{"type":"LineString","coordinates":[[-70.93523,-33.54644],[-70.93705,-33.54615],[-70.93803,-33.54746],[-70.93942,-33.54588],[-70.94063,-33.54618]]}},{"id":"2852","type":"Feature","properties":{"ROL":"G-216","NOMBRE_CAMINO":"Arturo Prat - El Alto II","CLASIFICACION":"Camino Regional Comunal","CALZADA":"U","tmda":null},"geometry":{"type":"LineString","coordinates":[[-70.88335,-33.39983],[-70.88245,-33.39494],[-70.88358,-33.38859]]}},{"id":"2853","type":"Feature","properties":{"ROL":"G-910-F","NOMBRE_CAMINO":"Cuesta Zapata, Sector: Las Achiras - Límite Regional","CLASIFICACION":"Camino Regional Provincial","CALZADA":"U","tmda":null},"geometry":{"type":"LineString","coordinates":[[-71.23563,-33.39617],[-71.23706,-33.39915],[-71.23972,-33.39996],[-71.23877,-33.40292],[-71.24243,-33.40253],[-71.24352,-33.39954],[-71.24579,-33.40029],[-71.24876,-33.39826],[-71.25297,-33.3995],[-71.25462,-33.40133],[-71.25807,-33.39915],[-71.25628,-33.39496],[-71.25764,-33.39334],[-71.26015,-33.39174],[-71.26346,-33.39252],[-71.26717,-33.38839]]}},{"id":"2854","type":"Feature","properties":{"ROL":"Ruta 66","NOMBRE_CAMINO":"Pelequén - San Antonio, Sector: Límite Regional (Cuesta Santa Inés) - Límite Regional (Las Pataguas)","CLASIFICACION":"Camino Nacional","CALZADA":"U","tmda":9474.0},"geometry":{"type":"LineString","coordinates":[[-71.3758,-34.06392],[-71.37732,-34.06245],[-71.3759,-34.05687],[-71.3766,-34.05196],[-71.38592,-34.03637],[-71.38569,-34.02049],[-71.39548,-34.00043],[-71.39965,-33.97709],[-71.40296,-33.97163],[-71.41363,-33.91068],[-71.41602,-33.90974],[-71.43108,-33.91369],[-71.43674,-33.91379],[-71.45117,-33.90055],[-71.46321,-33.89345],[-71.47156,-33.87766],[-71.48221,-33.86447],[-71.49117,-33.86061],[-71.49309,-33.85834],[-71.50274,-33.85683],[-71.50783,-33.85203],[-71.51201,-33.8507],[-71.51549,-33.84549],[-71.51915,-33.84374],[-71.52059,-33.83827],[-71.52604,-33.83042],[-71.52749,-33.82002],[-71.53844,-33.80507],[-71.54501,-33.79311],[-71.54607,-33.78119],[-71.54949,-33.77583],[-71.55303,-33.77346]]}},{"id":"2855","type":"Feature","properties":{"ROL":"G-46","NOMBRE_CAMINO":"Paine - Lonquén - Carampangue","CLASIFICACION":"Camino Regional Principal","CALZADA":"U","tmda":9096.0},"geometry":{"type":"LineString","coordinates":[[-70.75129,-33.82003],[-70.75431,-33.81951],[-70.79015,-33.78367],[-70.80908,-33.76073],[-70.82583,-33.75038],[-70.85875,-33.73665],[-70.85488,-33.73301],[-70.85604,-33.71886],[-70.85344,-33.71739],[-70.85506,-33.71182],[-70.8567,-33.71111],[-70.85663,-33.70833],[-70.86123,-33.70953],[-70.89884,-33.69652],[-70.90122,-33.68989],[-70.90862,-33.68811],[-70.92258,-33.68156]]}},{"id":"2856","type":"Feature","properties":{"ROL":"G-614","NOMBRE_CAMINO":"Gregorio Ortega","CLASIFICACION":"Camino Regional Comunal","CALZADA":"U","tmda":null},"geometry":{"type":"LineString","coordinates":[[-71.05395,-33.6907],[-71.04963,-33.69223],[-71.05057,-33.70579]]}},{"id":"2857","type":"Feature","properties":{"ROL":"G-556","NOMBRE_CAMINO":"Águila Sur - Águila Norte - Hospital","CLASIFICACION":"Camino Regional Comunal","CALZADA":"U","tmda":1951.0},"geometry":{"type":"LineString","coordinates":[[-70.73438,-33.90584],[-70.73628,-33.90729],[-70.74612,-33.90889],[-70.75139,-33.90451],[-70.75615,-33.89217],[-70.75686,-33.87821],[-70.75525,-33.87791],[-70.7568,-33.87152],[-70.74647,-33.86997]]}},{"id":"2858","type":"Feature","properties":{"ROL":"G-74-F","NOMBRE_CAMINO":"Melipilla - Bollenar - Casablanca, Sector: Melipilla - Límite Regional (Cuesta Ibacache)","CLASIFICACION":"Camino Regional Principal","CALZADA":"U","tmda":9434.0},"geometry":{"type":"LineString","coordinates":[[-71.21717,-33.68],[-71.21477,-33.6725],[-71.21412,-33.66376],[-71.21671,-33.66041],[-71.21902,-33.65336],[-71.22086,-33.65147],[-71.22781,-33.64874],[-71.23703,-33.64163],[-71.23809,-33.63954],[-71.23563,-33.63087],[-71.22473,-33.61774],[-71.22152,-33.60065],[-71.20997,-33.56552],[-71.20986,-33.56163],[-71.21675,-33.55224],[-71.21816,-33.54788],[-71.22148,-33.54475],[-71.23803,-33.51518],[-71.25755,-33.50255]]}},{"id":"2859","type":"Feature","properties":{"ROL":"Ruta 71","NOMBRE_CAMINO":"Cruce Ruta 5 (Cerro Blanco) - Cruce Ruta 57 (Casas de Chacabuco)","CLASIFICACION":"Camino Nacional","CALZADA":"U","tmda":3147.0},"geometry":{"type":"LineString","coordinates":[[-70.79588,-33.15252],[-70.77488,-33.12495],[-70.75846,-33.0973],[-70.74094,-33.08069],[-70.73463,-33.0721],[-70.7127,-33.05687],[-70.69986,-33.04354],[-70.69432,-33.0217]]}},{"id":"2860","type":"Feature","properties":{"ROL":"G-580","NOMBRE_CAMINO":"Santa Adriana","CLASIFICACION":"Camino Regional Comunal","CALZADA":"U","tmda":8796.0},"geometry":{"type":"LineString","coordinates":[[-70.96923,-33.68628],[-70.96899,-33.69935]]}},{"id":"2861","type":"Feature","properties":{"ROL":"G-40","NOMBRE_CAMINO":"Talagante - Isla de Maipo","CLASIFICACION":"Camino Regional Principal","CALZADA":"U","tmda":10434.0},"geometry":{"type":"LineString","coordinates":[[-70.92999,-33.66492],[-70.92547,-33.67197],[-70.92249,-33.68118],[-70.93207,-33.69567],[-70.93394,-33.70389],[-70.92993,-33.70722],[-70.92419,-33.71673],[-70.91677,-33.72144],[-70.91594,-33.72645],[-70.91759,-33.73031],[-70.91593,-33.73347],[-70.90271,-33.7423],[-70.89461,-33.74534],[-70.89748,-33.74897],[-70.88914,-33.75179]]}},{"id":"2862","type":"Feature","properties":{"ROL":"G-525","NOMBRE_CAMINO":"El Recurso","CLASIFICACION":"Camino Regional Comunal","CALZADA":"U","tmda":null},"geometry":{"type":"LineString","coordinates":[[-70.72163,-33.69778],[-70.71847,-33.6969],[-70.71074,-33.69886],[-70.70573,-33.69132],[-70.70183,-33.69162],[-70.70174,-33.69035],[-70.69918,-33.69039],[-70.69546,-33.68368],[-70.67522,-33.6916]]}},{"id":"2863","type":"Feature","properties":{"ROL":"G-836","NOMBRE_CAMINO":"Quilamuta - La Manga","CLASIFICACION":"Camino Regional Comunal","CALZADA":"U","tmda":338.0},"geometry":{"type":"LineString","coordinates":[[-71.47863,-33.86827],[-71.48452,-33.8703],[-71.49209,-33.87815],[-71.49962,-33.87998],[-71.50875,-33.8796],[-71.51356,-33.88478],[-71.51441,-33.88732],[-71.51806,-33.88932],[-71.52178,-33.90273],[-71.52021,-33.90614],[-71.52648,-33.91218]]}},{"id":"2864","type":"Feature","properties":{"ROL":"G-606","NOMBRE_CAMINO":"Nazario Araos","CLASIFICACION":"Camino Regional Comunal","CALZADA":"U","tmda":null},"geometry":{"type":"LineString","coordinates":[[-71.05029,-33.68898],[-71.05754,-33.70686]]}},{"id":"2865","type":"Feature","properties":{"ROL":"G-151","NOMBRE_CAMINO":"San Miguel de Liray","CLASIFICACION":"Camino Regional Comunal","CALZADA":"U","tmda":4947.0},"geometry":{"type":"LineString","coordinates":[[-70.73195,-33.24211],[-70.72844,-33.23436],[-70.72051,-33.22562],[-70.7172,-33.21095],[-70.69623,-33.21143],[-70.69536,-33.2094],[-70.68501,-33.20964]]}},{"id":"2866","type":"Feature","properties":{"ROL":"G-624","NOMBRE_CAMINO":"El Tránsito","CLASIFICACION":"Camino Regional Comunal","CALZADA":"U","tmda":1422.0},"geometry":{"type":"LineString","coordinates":[[-71.15605,-33.66041],[-71.15782,-33.66291],[-71.15427,-33.66597]]}},{"id":"2867","type":"Feature","properties":{"ROL":"G-550","NOMBRE_CAMINO":"Acceso a Hospital","CLASIFICACION":"Camino Regional Comunal","CALZADA":"U","tmda":null},"geometry":{"type":"LineString","coordinates":[[-70.74648,-33.86995],[-70.73771,-33.87869]]}},{"id":"2868","type":"Feature","properties":{"ROL":"G-420","NOMBRE_CAMINO":"San Antonio de Naltahua","CLASIFICACION":"Camino Regional Comunal (En Proceso de Enrolamiento)","CALZADA":"U","tmda":4995.0},"geometry":{"type":"LineString","coordinates":[[-71.01278,-33.72295],[-71.01517,-33.72497],[-71.0187,-33.7348],[-71.02726,-33.73162],[-71.02652,-33.72753],[-71.04287,-33.72721]]}},{"id":"2869","type":"Feature","properties":{"ROL":"G-184","NOMBRE_CAMINO":"Simón Bolívar (El Noviciado)","CLASIFICACION":"Camino Regional Comunal","CALZADA":"U","tmda":null},"geometry":{"type":"LineString","coordinates":[[-70.85215,-33.39715],[-70.85614,-33.40298]]}},{"id":"2870","type":"Feature","properties":{"ROL":"G-436","NOMBRE_CAMINO":"Santelices","CLASIFICACION":"Camino Regional Comunal","CALZADA":"U","tmda":null},"geometry":{"type":"LineString","coordinates":[[-70.9125,-33.75039],[-70.92361,-33.74627]]}},{"id":"2871","type":"Feature","properties":{"ROL":"G-580","NOMBRE_CAMINO":"Santa Adriana","CLASIFICACION":"Camino Regional Comunal (En Proceso de Enrolamiento)","CALZADA":"U","tmda":8796.0},"geometry":{"type":"LineString","coordinates":[[-70.96898,-33.70966],[-70.96895,-33.71083]]}},{"id":"2872","type":"Feature","properties":{"ROL":"G-378","NOMBRE_CAMINO":"San Javier - Larraín","CLASIFICACION":"Camino Regional Comunal (En Proceso de Enrolamiento)","CALZADA":"U","tmda":null},"geometry":{"type":"LineString","coordinates":[[-70.84554,-33.6263],[-70.8428,-33.62534]]}},{"id":"2873","type":"Feature","properties":{"ROL":"G-571","NOMBRE_CAMINO":"El Romero","CLASIFICACION":"Camino Regional Comunal","CALZADA":"U","tmda":null},"geometry":{"type":"LineString","coordinates":[[-70.74805,-33.85446],[-70.74488,-33.85453],[-70.73146,-33.85965],[-70.72349,-33.86077]]}},{"id":"2874","type":"Feature","properties":{"ROL":"G-182","NOMBRE_CAMINO":"Renca - Noviciado","CLASIFICACION":"Camino Regional Comunal","CALZADA":"U","tmda":6069.0},"geometry":{"type":"LineString","coordinates":[[-70.78239,-33.40515],[-70.7842,-33.37908],[-70.78208,-33.37696],[-70.78428,-33.37566],[-70.78518,-33.37217],[-70.79889,-33.36427],[-70.80142,-33.36456],[-70.8055,-33.36833],[-70.80531,-33.38461],[-70.83868,-33.38545],[-70.84265,-33.38412]]}},{"id":"2875","type":"Feature","properties":{"ROL":"G-180","NOMBRE_CAMINO":"Av. Condell - Lo Boza","CLASIFICACION":"Camino Regional Comunal","CALZADA":"U","tmda":null},"geometry":{"type":"LineString","coordinates":[[-70.76023,-33.38648],[-70.77839,-33.37564]]}},{"id":"2876","type":"Feature","properties":{"ROL":"G-624","NOMBRE_CAMINO":"El Tránsito","CLASIFICACION":"Camino Regional Comunal (En Proceso de Enrolamiento)","CALZADA":"U","tmda":1422.0},"geometry":{"type":"LineString","coordinates":[[-71.18948,-33.64933],[-71.18663,-33.65057],[-71.18218,-33.64837],[-71.18096,-33.64945],[-71.17424,-33.64936],[-71.16943,-33.65347],[-71.16166,-33.65478],[-71.15623,-33.65762],[-71.15605,-33.66041]]}},{"id":"2877","type":"Feature","properties":{"ROL":"G-424","NOMBRE_CAMINO":"El Rosario","CLASIFICACION":"Camino Regional de Acceso (En Proceso de Enrolamiento)","CALZADA":"U","tmda":null},"geometry":{"type":"LineString","coordinates":[[-70.93468,-33.74252],[-70.93728,-33.74449],[-70.93695,-33.74871],[-70.93795,-33.74974]]}},{"id":"2878","type":"Feature","properties":{"ROL":"G-159","NOMBRE_CAMINO":"Santa Esther","CLASIFICACION":"Camino Regional Comunal","CALZADA":"U","tmda":null},"geometry":{"type":"LineString","coordinates":[[-70.71048,-33.22654],[-70.70144,-33.2113]]}},{"id":"2879","type":"Feature","properties":{"ROL":"G-460","NOMBRE_CAMINO":"Islita - Isla de Maipo","CLASIFICACION":"Camino Regional Comunal","CALZADA":"U","tmda":null},"geometry":{"type":"LineString","coordinates":[[-70.85871,-33.73653],[-70.86164,-33.73946],[-70.87134,-33.75607],[-70.87783,-33.75461],[-70.88165,-33.75218],[-70.88914,-33.75179]]}},{"id":"2880","type":"Feature","properties":{"ROL":"G-214","NOMBRE_CAMINO":"Luis Cruz Martínez - Del Medio","CLASIFICACION":"Camino Regional Comunal","CALZADA":"U","tmda":null},"geometry":{"type":"LineString","coordinates":[[-70.84799,-33.391],[-70.87094,-33.38385],[-70.88345,-33.38855],[-70.89447,-33.39102]]}},{"id":"2881","type":"Feature","properties":{"ROL":"G-654","NOMBRE_CAMINO":"La Vega","CLASIFICACION":"Camino Regional Comunal","CALZADA":"U","tmda":null},"geometry":{"type":"LineString","coordinates":[[-71.21055,-33.71549],[-71.20807,-33.71442],[-71.18408,-33.7174]]}},{"id":"2882","type":"Feature","properties":{"ROL":"G-428","NOMBRE_CAMINO":"San Luis","CLASIFICACION":"Camino Regional Comunal","CALZADA":"U","tmda":null},"geometry":{"type":"LineString","coordinates":[[-70.91305,-33.73531],[-70.92335,-33.74637]]}},{"id":"2883","type":"Feature","properties":{"ROL":"G-60","NOMBRE_CAMINO":"Melipilla (La Rinconada) - Cruce Las Arañas","CLASIFICACION":"Camino Regional Principal","CALZADA":"U","tmda":null},"geometry":{"type":"LineString","coordinates":[[-71.16732,-33.67106],[-71.16902,-33.68751],[-71.17052,-33.69055],[-71.17404,-33.69251],[-71.19267,-33.69635],[-71.20248,-33.70082],[-71.21368,-33.7101],[-71.21081,-33.71612],[-71.21127,-33.71854]]}},{"id":"2884","type":"Feature","properties":{"ROL":"G-398","NOMBRE_CAMINO":"San Guillermo","CLASIFICACION":"Camino Regional de Acceso (En Proceso de Enrolamiento)","CALZADA":"U","tmda":null},"geometry":{"type":"LineString","coordinates":[[-70.88528,-33.63923],[-70.89961,-33.63793]]}},{"id":"2885","type":"Feature","properties":{"ROL":"G-360","NOMBRE_CAMINO":"El Romeral","CLASIFICACION":"Camino Regional Comunal (En Proceso de Enrolamiento)","CALZADA":"U","tmda":null},"geometry":{"type":"LineString","coordinates":[[-70.7449,-33.69372],[-70.74958,-33.69631],[-70.75245,-33.69528],[-70.76029,-33.69774],[-70.76311,-33.701],[-70.79044,-33.72055]]}},{"id":"2886","type":"Feature","properties":{"ROL":"G-670","NOMBRE_CAMINO":"Huilco - Huechún Bajo","CLASIFICACION":"Camino Regional Comunal","CALZADA":"U","tmda":2575.0},"geometry":{"type":"LineString","coordinates":[[-71.21628,-33.70958],[-71.22026,-33.71413],[-71.22432,-33.71526],[-71.23793,-33.71368],[-71.23825,-33.71165],[-71.24741,-33.71057],[-71.27575,-33.71168],[-71.27643,-33.71283],[-71.28979,-33.71241],[-71.29036,-33.70916],[-71.30337,-33.7099],[-71.31351,-33.71237],[-71.31705,-33.71166],[-71.32797,-33.71548],[-71.32915,-33.71755],[-71.33728,-33.7192],[-71.34082,-33.72383],[-71.34331,-33.7257],[-71.34494,-33.72527],[-71.34915,-33.72871],[-71.35407,-33.7243],[-71.35438,-33.72163]]}},{"id":"2887","type":"Feature","properties":{"ROL":"G-752","NOMBRE_CAMINO":"San Joaquín - Lo Alvarado - Las Ritas","CLASIFICACION":"Camino Regional Comunal","CALZADA":"U","tmda":1379.0},"geometry":{"type":"LineString","coordinates":[[-71.02825,-33.46136],[-71.06528,-33.45957],[-71.07183,-33.46463]]}},{"id":"2888","type":"Feature","properties":{"ROL":"G-464","NOMBRE_CAMINO":"La Herradura","CLASIFICACION":"Camino Regional Comunal (En Proceso de Enrolamiento)","CALZADA":"U","tmda":null},"geometry":{"type":"LineString","coordinates":[[-70.86246,-33.7252],[-70.86115,-33.72264]]}},{"id":"2889","type":"Feature","properties":{"ROL":"G-326","NOMBRE_CAMINO":"Cementerio Malloco","CLASIFICACION":"Camino Regional Comunal","CALZADA":"U","tmda":null},"geometry":{"type":"LineString","coordinates":[[-70.85282,-33.60498],[-70.84358,-33.60663],[-70.84395,-33.60981]]}},{"id":"2890","type":"Feature","properties":{"ROL":"G-608","NOMBRE_CAMINO":"El Paico Alto","CLASIFICACION":"Camino Regional de Acceso (En Proceso de Enrolamiento)","CALZADA":"U","tmda":null},"geometry":{"type":"LineString","coordinates":[[-71.04626,-33.6611],[-71.04669,-33.65027]]}},{"id":"2891","type":"Feature","properties":{"ROL":"G-416","NOMBRE_CAMINO":"El Recreo","CLASIFICACION":"Camino Regional de Acceso (En Proceso de Enrolamiento)","CALZADA":"U","tmda":null},"geometry":{"type":"LineString","coordinates":[[-70.84845,-33.71463],[-70.84713,-33.71637],[-70.84739,-33.72738]]}},{"id":"2892","type":"Feature","properties":{"ROL":"G-260","NOMBRE_CAMINO":"Rinconada Lo Cerda - El Trebal","CLASIFICACION":"Camino Regional Comunal (En Proceso de Enrolamiento)","CALZADA":"U","tmda":1726.0},"geometry":{"type":"LineString","coordinates":[[-70.83035,-33.5301],[-70.82628,-33.53576],[-70.82595,-33.53818],[-70.8272,-33.53809],[-70.82776,-33.54203],[-70.8382,-33.54108],[-70.83987,-33.54307],[-70.84619,-33.54262],[-70.84745,-33.54414],[-70.84695,-33.54686],[-70.85072,-33.54695]]}},{"id":"2893","type":"Feature","properties":{"ROL":"G-112","NOMBRE_CAMINO":"Escuela El Llano","CLASIFICACION":"Camino Regional de Acceso (En Proceso de Enrolamiento)","CALZADA":"U","tmda":null},"geometry":{"type":"LineString","coordinates":[[-70.97603,-33.02263],[-70.97111,-33.02179],[-70.97122,-33.02424],[-70.96726,-33.02473],[-70.96544,-33.02686],[-70.97477,-33.03024]]}},{"id":"2894","type":"Feature","properties":{"ROL":"G-600","NOMBRE_CAMINO":"San Antonio","CLASIFICACION":"Camino Regional Comunal","CALZADA":"U","tmda":null},"geometry":{"type":"LineString","coordinates":[[-71.02627,-33.68706],[-71.0271,-33.69571],[-71.02628,-33.7037],[-71.02878,-33.70579]]}},{"id":"2895","type":"Feature","properties":{"ROL":"G-708","NOMBRE_CAMINO":"Santa Rosa - Villa Alegre - Campo Lindo","CLASIFICACION":"Camino Regional Comunal (En Proceso de Enrolamiento)","CALZADA":"U","tmda":2601.0},"geometry":{"type":"LineString","coordinates":[[-71.26919,-33.62754],[-71.26858,-33.62682],[-71.25151,-33.63078],[-71.23797,-33.63893]]}},{"id":"2896","type":"Feature","properties":{"ROL":"G-45-H","NOMBRE_CAMINO":"Camino Padre Hurtado, Sector: Padre Hurtado - Límite Regional (Cuesta Chada)","CLASIFICACION":"Camino Regional Principal","CALZADA":"U","tmda":7774.0},"geometry":{"type":"LineString","coordinates":[[-70.68255,-33.60485],[-70.68368,-33.61016],[-70.67974,-33.62624],[-70.67412,-33.63751],[-70.66255,-33.64947],[-70.65902,-33.65556],[-70.6743,-33.68836],[-70.67524,-33.69186],[-70.67379,-33.69671],[-70.67429,-33.7001],[-70.68068,-33.70882],[-70.6844,-33.73553],[-70.66478,-33.76404],[-70.65379,-33.7979],[-70.64933,-33.81596],[-70.63456,-33.84857],[-70.6333,-33.85358],[-70.64266,-33.87476]]}},{"id":"2897","type":"Feature","properties":{"ROL":"G-598","NOMBRE_CAMINO":"Colón","CLASIFICACION":"Camino Regional Comunal","CALZADA":"U","tmda":null},"geometry":{"type":"LineString","coordinates":[[-71.02195,-33.68671],[-71.02099,-33.6981],[-71.02303,-33.69943],[-71.0267,-33.69938]]}},{"id":"2898","type":"Feature","properties":{"ROL":"G-502","NOMBRE_CAMINO":"Acceso Antiguo La Puntilla de Lonquén","CLASIFICACION":"Camino Regional Comunal","CALZADA":"U","tmda":null},"geometry":{"type":"LineString","coordinates":[[-70.8082,-33.76169],[-70.81413,-33.75422],[-70.81824,-33.75542]]}},{"id":"2899","type":"Feature","properties":{"ROL":"G-682","NOMBRE_CAMINO":"Acceso a Villa Alhué","CLASIFICACION":"Camino Regional Provincial","CALZADA":"U","tmda":null},"geometry":{"type":"LineString","coordinates":[[-71.10097,-34.02593],[-71.1003,-34.02675]]}},{"id":"2900","type":"Feature","properties":{"ROL":"G-384","NOMBRE_CAMINO":"El Diablo","CLASIFICACION":"Camino Regional Provincial","CALZADA":"U","tmda":11300.0},"geometry":{"type":"LineString","coordinates":[[-70.92668,-33.6631],[-70.91195,-33.63643],[-70.90506,-33.61064]]}},{"id":"2901","type":"Feature","properties":{"ROL":"G-573","NOMBRE_CAMINO":"San Miguel de Paine","CLASIFICACION":"Camino Regional Comunal","CALZADA":"U","tmda":null},"geometry":{"type":"LineString","coordinates":[[-70.69801,-33.80318],[-70.70128,-33.84483]]}},{"id":"2902","type":"Feature","properties":{"ROL":"G-208","NOMBRE_CAMINO":"José Miguel Carrera - El Alto I","CLASIFICACION":"Camino Regional Comunal","CALZADA":"U","tmda":null},"geometry":{"type":"LineString","coordinates":[[-70.87403,-33.40032],[-70.87156,-33.39565],[-70.87099,-33.38385]]}},{"id":"2903","type":"Feature","properties":{"ROL":"G-900","NOMBRE_CAMINO":"Quincanque - Las Canchillas - Lo Encañado","CLASIFICACION":"Camino Regional Comunal","CALZADA":"U","tmda":441.0},"geometry":{"type":"LineString","coordinates":[[-71.45011,-33.81788],[-71.45302,-33.8245],[-71.45703,-33.82908],[-71.46083,-33.83296],[-71.46548,-33.83526],[-71.46689,-33.84349],[-71.46658,-33.85323],[-71.47048,-33.85125],[-71.47246,-33.85532],[-71.47634,-33.85717],[-71.47986,-33.85689],[-71.48761,-33.85308]]}},{"id":"2904","type":"Feature","properties":{"ROL":"G-573","NOMBRE_CAMINO":"San Miguel de Paine","CLASIFICACION":"Camino Regional Comunal (En Proceso de Enrolamiento)","CALZADA":"U","tmda":null},"geometry":{"type":"LineString","coordinates":[[-70.71559,-33.85934],[-70.71696,-33.86173]]}},{"id":"2905","type":"Feature","properties":{"ROL":"G-768-F","NOMBRE_CAMINO":"Crucero - Cerro Viejo - Colliguay, Sector: Crucero - Límite Regional","CLASIFICACION":"Camino Regional Comunal","CALZADA":"U","tmda":null},"geometry":{"type":"LineString","coordinates":[[-71.15073,-33.25951],[-71.15376,-33.25439],[-71.15753,-33.25319],[-71.15951,-33.24123],[-71.16402,-33.23861],[-71.16145,-33.23455],[-71.16341,-33.23321],[-71.16172,-33.23137],[-71.16388,-33.22766]]}},{"id":"2906","type":"Feature","properties":{"ROL":"G-468","NOMBRE_CAMINO":"Olea - Las Mercedes","CLASIFICACION":"Camino Regional Comunal (En Proceso de Enrolamiento)","CALZADA":"U","tmda":null},"geometry":{"type":"LineString","coordinates":[[-70.88466,-33.79602],[-70.88111,-33.79368],[-70.8793,-33.79536]]}},{"id":"2907","type":"Feature","properties":{"ROL":"G-710","NOMBRE_CAMINO":"Caletera, Santa Rosa Norte - La Lumbrera","CLASIFICACION":"Camino Regional Comunal","CALZADA":"U","tmda":null},"geometry":{"type":"LineString","coordinates":[[-71.28296,-33.65039],[-71.28685,-33.6489]]}},{"id":"2908","type":"Feature","properties":{"ROL":"G-539","NOMBRE_CAMINO":"Gilda Díaz Norte","CLASIFICACION":"Camino Regional Comunal","CALZADA":"U","tmda":null},"geometry":{"type":"LineString","coordinates":[[-70.75129,-33.82003],[-70.74606,-33.82061],[-70.74545,-33.81933]]}},{"id":"2909","type":"Feature","properties":{"ROL":"G-374","NOMBRE_CAMINO":"Oliveto","CLASIFICACION":"Camino Regional Comunal","CALZADA":"U","tmda":10452.0},"geometry":{"type":"LineString","coordinates":[[-70.88687,-33.64876],[-70.87651,-33.6638],[-70.86692,-33.66734]]}},{"id":"2910","type":"Feature","properties":{"ROL":"G-722","NOMBRE_CAMINO":"El Progreso - El Atajo","CLASIFICACION":"Camino Regional Comunal","CALZADA":"U","tmda":null},"geometry":{"type":"LineString","coordinates":[[-71.23493,-33.79644],[-71.23373,-33.80183],[-71.22994,-33.80162],[-71.22608,-33.80402],[-71.21374,-33.80679],[-71.21138,-33.80295]]}},{"id":"2911","type":"Feature","properties":{"ROL":"G-604","NOMBRE_CAMINO":"La Manresa","CLASIFICACION":"Camino Regional de Acceso","CALZADA":"U","tmda":null},"geometry":{"type":"LineString","coordinates":[[-70.98914,-33.69397],[-71.00214,-33.70081],[-71.00494,-33.71175]]}},{"id":"2912","type":"Feature","properties":{"ROL":"G-260","NOMBRE_CAMINO":"Rinconada Lo Cerda - El Trebal","CLASIFICACION":"Camino Regional Comunal","CALZADA":"U","tmda":1726.0},"geometry":{"type":"LineString","coordinates":[[-70.79919,-33.50763],[-70.80424,-33.50859],[-70.81464,-33.50083],[-70.82254,-33.49799],[-70.82466,-33.50059],[-70.82376,-33.50875],[-70.82579,-33.51452],[-70.83264,-33.51546]]}},{"id":"2913","type":"Feature","properties":{"ROL":"G-436","NOMBRE_CAMINO":"Santelices","CLASIFICACION":"Camino Regional Comunal","CALZADA":"U","tmda":null},"geometry":{"type":"LineString","coordinates":[[-70.92361,-33.74627],[-70.92915,-33.7453]]}},{"id":"2914","type":"Feature","properties":{"ROL":"G-60","NOMBRE_CAMINO":"Melipilla (La Rinconada) - Cruce Las Arañas","CLASIFICACION":"Camino Regional Principal","CALZADA":"U","tmda":9775.0},"geometry":{"type":"LineString","coordinates":[[-71.21127,-33.71854],[-71.21461,-33.73179],[-71.22946,-33.74352],[-71.23266,-33.7573],[-71.24978,-33.77527],[-71.28,-33.78906],[-71.29755,-33.79454],[-71.30343,-33.80404],[-71.31962,-33.81315],[-71.33473,-33.82543],[-71.3657,-33.8378],[-71.37121,-33.84605],[-71.37315,-33.85188],[-71.38212,-33.85634],[-71.38348,-33.86224],[-71.39008,-33.86739],[-71.39372,-33.87461],[-71.39435,-33.8807],[-71.3987,-33.88741],[-71.39901,-33.89156],[-71.40257,-33.89632],[-71.41116,-33.90359],[-71.41429,-33.90797],[-71.41363,-33.91068]]}},{"id":"2915","type":"Feature","properties":{"ROL":"G-248","NOMBRE_CAMINO":"Las Violetas","CLASIFICACION":"Camino Regional Comunal (En Proceso de Enrolamiento)","CALZADA":"U","tmda":null},"geometry":{"type":"LineString","coordinates":[[-70.87484,-33.54821],[-70.89976,-33.54557],[-70.90488,-33.53678],[-70.88962,-33.53865],[-70.88894,-33.53748]]}},{"id":"2916","type":"Feature","properties":{"ROL":"G-396","NOMBRE_CAMINO":"Los Aromos","CLASIFICACION":"Camino Regional Comunal (En Proceso de Enrolamiento)","CALZADA":"U","tmda":null},"geometry":{"type":"LineString","coordinates":[[-70.88338,-33.55989],[-70.88772,-33.56448]]}},{"id":"2917","type":"Feature","properties":{"ROL":"G-523","NOMBRE_CAMINO":"La Veintisiete - La Aparición","CLASIFICACION":"Camino Regional Comunal","CALZADA":"U","tmda":null},"geometry":{"type":"LineString","coordinates":[[-70.65507,-33.79378],[-70.63437,-33.78977],[-70.63621,-33.78537]]}},{"id":"2918","type":"Feature","properties":{"ROL":"G-830","NOMBRE_CAMINO":"Santa Elena","CLASIFICACION":"Camino Regional de Acceso","CALZADA":"U","tmda":null},"geometry":{"type":"LineString","coordinates":[[-71.13407,-33.56659],[-71.13755,-33.57702]]}},{"id":"2919","type":"Feature","properties":{"ROL":"G-28","NOMBRE_CAMINO":"El Trébol","CLASIFICACION":"Camino Regional Principal","CALZADA":"U","tmda":null},"geometry":{"type":"LineString","coordinates":[[-70.80312,-33.55976],[-70.7887,-33.57122],[-70.78733,-33.5707]]}},{"id":"2920","type":"Feature","properties":{"ROL":"G-330","NOMBRE_CAMINO":"San José de Tango","CLASIFICACION":"Camino Regional Comunal (En Proceso de Enrolamiento)","CALZADA":"U","tmda":null},"geometry":{"type":"LineString","coordinates":[[-70.78417,-33.61768],[-70.78862,-33.62444]]}},{"id":"2921","type":"Feature","properties":{"ROL":"G-380","NOMBRE_CAMINO":"Bollenar - Mallarauco - Peñaflor","CLASIFICACION":"Camino Regional Comunal","CALZADA":"U","tmda":2921.0},"geometry":{"type":"LineString","coordinates":[[-71.21106,-33.5687],[-71.20304,-33.57077],[-71.18492,-33.57188],[-71.17836,-33.56871],[-71.13433,-33.56657],[-71.06479,-33.57707],[-71.05617,-33.58154],[-71.00581,-33.57764],[-70.98798,-33.58391],[-70.97862,-33.59503],[-70.97787,-33.60048],[-70.97134,-33.60753],[-70.9664,-33.60801],[-70.96827,-33.6089],[-70.96606,-33.61124],[-70.96727,-33.61239],[-70.96325,-33.61326],[-70.96456,-33.6148],[-70.96097,-33.61581],[-70.9608,-33.61807],[-70.95821,-33.61797],[-70.95624,-33.61631],[-70.95378,-33.61724],[-70.95289,-33.6157],[-70.94871,-33.61689],[-70.94759,-33.61329],[-70.94479,-33.61138],[-70.94193,-33.61153],[-70.93733,-33.61513],[-70.92336,-33.61044],[-70.9113,-33.60391],[-70.90741,-33.61012],[-70.90506,-33.61064]]}},{"id":"2922","type":"Feature","properties":{"ROL":"G-674","NOMBRE_CAMINO":"Culiprán (Las Palmeras) - El Dibujo","CLASIFICACION":"Camino Regional Comunal","CALZADA":"U","tmda":4122.0},"geometry":{"type":"LineString","coordinates":[[-71.25184,-33.79174],[-71.20704,-33.80414]]}},{"id":"2923","type":"Feature","properties":{"ROL":"G-345","NOMBRE_CAMINO":"Los Maitenes - El Alfalfal","CLASIFICACION":"Camino Regional Comunal","CALZADA":"U","tmda":1390.0},"geometry":{"type":"LineString","coordinates":[[-70.36544,-33.59581],[-70.36695,-33.5926],[-70.36192,-33.58444],[-70.35242,-33.57732],[-70.34863,-33.57087],[-70.34245,-33.57148],[-70.33893,-33.56911],[-70.32164,-33.56556],[-70.31985,-33.5627],[-70.31351,-33.55981],[-70.31187,-33.55723],[-70.30958,-33.55771],[-70.30944,-33.55553],[-70.30633,-33.55389],[-70.30152,-33.55198],[-70.29901,-33.55315],[-70.29865,-33.55144],[-70.29571,-33.55021],[-70.28568,-33.54847],[-70.27773,-33.53643],[-70.27266,-33.53567],[-70.2654,-33.53654],[-70.26324,-33.53558],[-70.261,-33.53155],[-70.25575,-33.53229],[-70.25095,-33.53014],[-70.25173,-33.5287],[-70.24871,-33.52791],[-70.24801,-33.52903],[-70.24077,-33.5259],[-70.23597,-33.52646],[-70.2311,-33.52503],[-70.22939,-33.52155],[-70.22187,-33.51645],[-70.21668,-33.51778],[-70.21067,-33.51271],[-70.19901,-33.50948],[-70.1967,-33.50375]]}},{"id":"2924","type":"Feature","properties":{"ROL":"G-571","NOMBRE_CAMINO":"El Romero","CLASIFICACION":"Camino Regional Comunal","CALZADA":"U","tmda":null},"geometry":{"type":"LineString","coordinates":[[-70.72349,-33.86077],[-70.71669,-33.86184],[-70.6954,-33.87386]]}},{"id":"2925","type":"Feature","properties":{"ROL":"G-18","NOMBRE_CAMINO":"El Noviciado","CLASIFICACION":"Camino Regional Principal","CALZADA":"U","tmda":8795.0},"geometry":{"type":"LineString","coordinates":[[-70.82364,-33.43709],[-70.85242,-33.4054],[-70.85231,-33.39743],[-70.84227,-33.38477],[-70.84786,-33.3804],[-70.8352,-33.31623]]}},{"id":"2926","type":"Feature","properties":{"ROL":"G-704","NOMBRE_CAMINO":"Esmeralda","CLASIFICACION":"Camino Regional Comunal (En Proceso de Enrolamiento)","CALZADA":"U","tmda":null},"geometry":{"type":"LineString","coordinates":[[-71.25907,-33.6595],[-71.25824,-33.65538],[-71.25479,-33.64939]]}},{"id":"2927","type":"Feature","properties":{"ROL":"G-346","NOMBRE_CAMINO":"Catemito","CLASIFICACION":"Camino Regional Provincial","CALZADA":"U","tmda":null},"geometry":{"type":"LineString","coordinates":[[-70.7167,-33.60798],[-70.74372,-33.61369],[-70.74879,-33.6191],[-70.75628,-33.62124],[-70.75865,-33.63013],[-70.75992,-33.63065]]}},{"id":"2928","type":"Feature","properties":{"ROL":"G-51","NOMBRE_CAMINO":"Buin - Alto Jahuel","CLASIFICACION":"Camino Regional Principal","CALZADA":"U","tmda":null},"geometry":{"type":"LineString","coordinates":[[-70.73445,-33.73443],[-70.71416,-33.73607],[-70.68425,-33.73203]]}},{"id":"2929","type":"Feature","properties":{"ROL":"G-172","NOMBRE_CAMINO":"Chorrillos - La Primavera","CLASIFICACION":"Camino Regional Comunal","CALZADA":"U","tmda":null},"geometry":{"type":"LineString","coordinates":[[-70.81836,-33.33482],[-70.82292,-33.33419],[-70.82259,-33.33878],[-70.81995,-33.3454],[-70.82116,-33.34602],[-70.82177,-33.34909],[-70.82107,-33.35138],[-70.82549,-33.35789],[-70.84181,-33.35047]]}},{"id":"2930","type":"Feature","properties":{"ROL":"G-610","NOMBRE_CAMINO":"El Paico","CLASIFICACION":"Camino Regional Comunal","CALZADA":"U","tmda":null},"geometry":{"type":"LineString","coordinates":[[-71.05458,-33.68991],[-71.05298,-33.68941]]}},{"id":"2931","type":"Feature","properties":{"ROL":"G-478","NOMBRE_CAMINO":"Acceso Puente Viejo San Francisco","CLASIFICACION":"Camino Regional de Acceso","CALZADA":"U","tmda":null},"geometry":{"type":"LineString","coordinates":[[-70.97445,-33.68663],[-70.97656,-33.68079]]}},{"id":"2932","type":"Feature","properties":{"ROL":"G-427","NOMBRE_CAMINO":"Las Vertientes","CLASIFICACION":"Camino Regional Comunal","CALZADA":"U","tmda":2924.0},"geometry":{"type":"LineString","coordinates":[[-70.47434,-33.58732],[-70.47292,-33.59293],[-70.46701,-33.59703]]}},{"id":"2933","type":"Feature","properties":{"ROL":"G-356","NOMBRE_CAMINO":"Eleodoro Yáñez","CLASIFICACION":"Camino Regional Comunal","CALZADA":"U","tmda":null},"geometry":{"type":"LineString","coordinates":[[-70.72009,-33.66591],[-70.74366,-33.66914]]}},{"id":"2934","type":"Feature","properties":{"ROL":"G-27","NOMBRE_CAMINO":"Los Morros - Pirque - Puente El Toyo","CLASIFICACION":"Camino Regional Principal","CALZADA":"U","tmda":2297.0},"geometry":{"type":"LineString","coordinates":[[-70.65907,-33.65519],[-70.65361,-33.65416],[-70.63535,-33.64566],[-70.62838,-33.64717],[-70.62489,-33.64667],[-70.61298,-33.64984],[-70.60871,-33.64914],[-70.53685,-33.62171],[-70.5352,-33.61939],[-70.53138,-33.61996],[-70.51117,-33.61492],[-70.5075,-33.61305],[-70.50713,-33.61063],[-70.50568,-33.61245],[-70.50351,-33.61138],[-70.50159,-33.61302],[-70.49394,-33.61077],[-70.48894,-33.60709],[-70.47878,-33.60676],[-70.47284,-33.60361],[-70.46376,-33.59327],[-70.45706,-33.59057],[-70.45261,-33.58543],[-70.44341,-33.58049],[-70.43507,-33.58035],[-70.42139,-33.58178],[-70.40929,-33.58859],[-70.37793,-33.5983],[-70.36568,-33.59869],[-70.36258,-33.60251],[-70.35573,-33.60577],[-70.35343,-33.6087],[-70.35283,-33.61241],[-70.35664,-33.62873],[-70.3596,-33.63195],[-70.36015,-33.65416],[-70.35806,-33.66216],[-70.35137,-33.6727],[-70.34818,-33.67449],[-70.34471,-33.68014],[-70.34297,-33.68002],[-70.34093,-33.67746]]}},{"id":"2935","type":"Feature","properties":{"ROL":"G-76","NOMBRE_CAMINO":"Lo Prado - Santa Inés - María Pinto - Bollenar","CLASIFICACION":"Camino Regional Principal","CALZADA":"U","tmda":1854.0},"geometry":{"type":"LineString","coordinates":[[-70.8739,-33.44993],[-70.89435,-33.45554],[-70.89817,-33.45801],[-70.90161,-33.45768],[-70.92383,-33.46348],[-70.92954,-33.46279],[-70.93084,-33.46966],[-70.93284,-33.46764],[-70.9308,-33.47155],[-70.92948,-33.46939],[-70.92806,-33.47062],[-70.92931,-33.47026],[-70.93071,-33.47264],[-70.93276,-33.47138],[-70.934,-33.47442],[-70.93811,-33.47469],[-70.93674,-33.47655],[-70.93842,-33.47641],[-70.93694,-33.47751],[-70.93863,-33.47738],[-70.93863,-33.47917],[-70.94012,-33.47812],[-70.93902,-33.48008],[-70.94067,-33.47913],[-70.9397,-33.48115],[-70.94082,-33.4798],[-70.94086,-33.48252],[-70.94197,-33.48153],[-70.9427,-33.48336],[-70.94403,-33.48321],[-70.94168,-33.48405],[-70.94546,-33.48431],[-70.94347,-33.48497],[-70.94709,-33.48424],[-70.95097,-33.48623],[-70.96102,-33.48754],[-70.99244,-33.48556],[-70.99735,-33.48898],[-71.01954,-33.49272],[-71.04348,-33.48994],[-71.04515,-33.4881]]}},{"id":"2936","type":"Feature","properties":{"ROL":"G-465","NOMBRE_CAMINO":"Las Melosas","CLASIFICACION":"Camino Regional Comunal","CALZADA":"U","tmda":null},"geometry":{"type":"LineString","coordinates":[[-70.1945,-33.86764],[-70.19486,-33.87118],[-70.19754,-33.87384],[-70.19712,-33.87567],[-70.19826,-33.8758],[-70.19794,-33.8781],[-70.19539,-33.88044],[-70.19843,-33.89388],[-70.19658,-33.89983]]}},{"id":"2937","type":"Feature","properties":{"ROL":"G-20","NOMBRE_CAMINO":"Polpaico - Til Til","CLASIFICACION":"Camino Regional Principal","CALZADA":"U","tmda":null},"geometry":{"type":"LineString","coordinates":[[-70.82437,-33.12014],[-70.82836,-33.11888],[-70.83542,-33.12163],[-70.86475,-33.14158],[-70.87351,-33.14911],[-70.88307,-33.14847],[-70.88724,-33.14999],[-70.88807,-33.1514],[-70.88542,-33.15736],[-70.88745,-33.16684],[-70.88914,-33.16731],[-70.89386,-33.16277]]}},{"id":"2938","type":"Feature","properties":{"ROL":"G-425","NOMBRE_CAMINO":"Santa Rita","CLASIFICACION":"Camino Regional Comunal","CALZADA":"U","tmda":3102.0},"geometry":{"type":"LineString","coordinates":[[-70.54481,-33.62476],[-70.54287,-33.63588],[-70.53471,-33.64467],[-70.53063,-33.67002],[-70.53253,-33.67189]]}},{"id":"2939","type":"Feature","properties":{"ROL":"G-12","NOMBRE_CAMINO":"Lo Pinto - Lampa","CLASIFICACION":"Camino Regional Principal","CALZADA":"U","tmda":13422.0},"geometry":{"type":"LineString","coordinates":[[-70.74189,-33.27344],[-70.75473,-33.27877],[-70.75992,-33.28543],[-70.77284,-33.28999],[-70.78212,-33.28376],[-70.78744,-33.27814],[-70.83336,-33.27767],[-70.84839,-33.27274],[-70.85122,-33.2739],[-70.85316,-33.27934],[-70.85489,-33.28076],[-70.86006,-33.28075],[-70.86555,-33.27889],[-70.87159,-33.284]]}},{"id":"2940","type":"Feature","properties":{"ROL":"G-14","NOMBRE_CAMINO":"Batuco - Lampa","CLASIFICACION":"Camino Regional Principal","CALZADA":"U","tmda":13626.0},"geometry":{"type":"LineString","coordinates":[[-70.75668,-33.24038],[-70.76589,-33.24263],[-70.77488,-33.2256],[-70.83224,-33.24579],[-70.83123,-33.25078],[-70.83463,-33.25385],[-70.8339,-33.25808],[-70.83687,-33.25913],[-70.84975,-33.26931],[-70.8523,-33.27228],[-70.85023,-33.27313]]}},{"id":"2941","type":"Feature","properties":{"ROL":"G-110","NOMBRE_CAMINO":"Capilla de Caleu","CLASIFICACION":"Camino Regional Comunal (En Proceso de Enrolamiento)","CALZADA":"U","tmda":null},"geometry":{"type":"LineString","coordinates":[[-71.00002,-33.00184],[-71.00233,-33.0006]]}},{"id":"2942","type":"Feature","properties":{"ROL":"G-10-F","NOMBRE_CAMINO":"Til Til - Cuesta La Dormida - Limache, Sector: Til Til - Límite Regional (Cuesta La Dormida)","CLASIFICACION":"Camino Regional Principal","CALZADA":"U","tmda":2163.0},"geometry":{"type":"LineString","coordinates":[[-70.92764,-33.07583],[-70.93467,-33.07467],[-70.94628,-33.07754],[-70.95551,-33.07647],[-70.96704,-33.07145],[-70.9721,-33.0723],[-70.97284,-33.07047],[-70.98279,-33.06967],[-70.98511,-33.06777],[-70.98785,-33.06882],[-70.98757,-33.06276],[-70.99001,-33.06592],[-70.99244,-33.06582],[-70.99424,-33.06837],[-70.99678,-33.0694],[-70.99786,-33.06791],[-70.9965,-33.06188],[-70.99869,-33.06139],[-71.00359,-33.05676],[-71.00975,-33.06192]]}},{"id":"2943","type":"Feature","properties":{"ROL":"G-413","NOMBRE_CAMINO":"Los Quillayes - La Iglesia","CLASIFICACION":"Camino Regional Comunal (En Proceso de Enrolamiento)","CALZADA":"U","tmda":null},"geometry":{"type":"LineString","coordinates":[[-70.57617,-33.69173],[-70.57177,-33.69294]]}},{"id":"2944","type":"Feature","properties":{"ROL":"URBG025","NOMBRE_CAMINO":"Cañada Norte","CLASIFICACION":"Camino Regional Principal (Conexión Vial Urbana)","CALZADA":"U","tmda":null},"geometry":{"type":"LineString","coordinates":[[-70.35305,-33.63628],[-70.3519,-33.63639]]}},{"id":"2945","type":"Feature","properties":{"ROL":"G-110","NOMBRE_CAMINO":"Capilla de Caleu","CLASIFICACION":"Camino Regional Comunal","CALZADA":"U","tmda":null},"geometry":{"type":"LineString","coordinates":[[-70.99568,-33.00246],[-71.00002,-33.00184]]}},{"id":"2946","type":"Feature","properties":{"ROL":"G-437","NOMBRE_CAMINO":"Santa Cecilia","CLASIFICACION":"Camino Regional Comunal","CALZADA":"U","tmda":3078.0},"geometry":{"type":"LineString","coordinates":[[-70.55297,-33.67098],[-70.58495,-33.66939]]}},{"id":"2947","type":"Feature","properties":{"ROL":"G-138","NOMBRE_CAMINO":"Punta Peuco Poniente","CLASIFICACION":"Camino Regional de Acceso","CALZADA":"U","tmda":null},"geometry":{"type":"LineString","coordinates":[[-70.82835,-33.11888],[-70.8262,-33.11833]]}},{"id":"2948","type":"Feature","properties":{"ROL":"G-734","NOMBRE_CAMINO":"María Pinto - El Bosque","CLASIFICACION":"Camino Regional Provincial","CALZADA":"U","tmda":4050.0},"geometry":{"type":"LineString","coordinates":[[-71.12352,-33.51714],[-71.12541,-33.5082],[-71.12749,-33.47773]]}},{"id":"2949","type":"Feature","properties":{"ROL":"G-62-I","NOMBRE_CAMINO":"San Pedro - Alto de Nihue - Litueche, Sector: San Pedro - Límite Regional (Alto de Nihue)","CLASIFICACION":"Camino Regional Principal","CALZADA":"U","tmda":4546.0},"geometry":{"type":"LineString","coordinates":[[-71.43622,-33.91402],[-71.45722,-33.91705],[-71.46293,-33.92148],[-71.46808,-33.94305],[-71.4681,-33.94881],[-71.47513,-33.95287],[-71.47668,-33.96085],[-71.48386,-33.96618],[-71.4929,-33.96514],[-71.50517,-33.96827],[-71.50653,-33.97082],[-71.50474,-33.97737],[-71.50523,-33.9805],[-71.51749,-33.98697],[-71.52308,-33.99567],[-71.52363,-33.99867],[-71.5256,-33.99994],[-71.52583,-34.00468]]}},{"id":"2950","type":"Feature","properties":{"ROL":"G-730","NOMBRE_CAMINO":"Lolenco - Chorombo","CLASIFICACION":"Camino Regional Provincial","CALZADA":"U","tmda":5469.0},"geometry":{"type":"LineString","coordinates":[[-71.04557,-33.42084],[-71.06357,-33.43349],[-71.06628,-33.43995],[-71.06491,-33.44631],[-71.06627,-33.45337],[-71.06941,-33.45837],[-71.07495,-33.46349],[-71.09933,-33.47077],[-71.10313,-33.46857],[-71.11817,-33.47504],[-71.13089,-33.47848],[-71.15449,-33.49405],[-71.18479,-33.48857],[-71.21381,-33.49934],[-71.24056,-33.50046],[-71.25702,-33.50306]]}},{"id":"2951","type":"Feature","properties":{"ROL":"G-620","NOMBRE_CAMINO":"El Marco - Pomaire","CLASIFICACION":"Camino Regional Comunal","CALZADA":"U","tmda":5639.0},"geometry":{"type":"LineString","coordinates":[[-71.16115,-33.67578],[-71.15653,-33.6706],[-71.15159,-33.66108]]}},{"id":"2952","type":"Feature","properties":{"ROL":"G-405","NOMBRE_CAMINO":"El Principal","CLASIFICACION":"Camino Regional Comunal","CALZADA":"U","tmda":7652.0},"geometry":{"type":"LineString","coordinates":[[-70.58807,-33.64127],[-70.58389,-33.67815],[-70.57876,-33.6829],[-70.5734,-33.6907],[-70.56326,-33.6981],[-70.56276,-33.69993],[-70.56475,-33.70632]]}},{"id":"2953","type":"Feature","properties":{"ROL":"G-180","NOMBRE_CAMINO":"Av. Condell - Lo Boza","CLASIFICACION":"Camino Regional Comunal","CALZADA":"U","tmda":null},"geometry":{"type":"LineString","coordinates":[[-70.77839,-33.37564],[-70.785,-33.37231]]}},{"id":"2954","type":"Feature","properties":{"ROL":"G-774","NOMBRE_CAMINO":"Parcelero 5","CLASIFICACION":"Camino Regional Comunal","CALZADA":"U","tmda":null},"geometry":{"type":"LineString","coordinates":[[-71.30329,-33.80393],[-71.29333,-33.80983],[-71.28733,-33.81612],[-71.28574,-33.8159],[-71.2819,-33.82399],[-71.28308,-33.82591],[-71.2799,-33.82896],[-71.28111,-33.82997],[-71.27888,-33.83241],[-71.277,-33.84018]]}},{"id":"2955","type":"Feature","properties":{"ROL":"G-86-F","NOMBRE_CAMINO":"Casablanca - Tapihue - El Pangue - Curacaví, Sector: Límite Regional - Curacaví (Av. Ambrosio O'Higgins)","CLASIFICACION":"Camino Regional Principal","CALZADA":"U","tmda":246.0},"geometry":{"type":"LineString","coordinates":[[-71.2235,-33.26997],[-71.21515,-33.26861],[-71.21149,-33.27026],[-71.20376,-33.26665],[-71.20187,-33.26457],[-71.19414,-33.26454],[-71.1932,-33.26642],[-71.19046,-33.26744],[-71.19018,-33.26904],[-71.18245,-33.26896],[-71.18259,-33.27002],[-71.1771,-33.26837],[-71.17418,-33.26878],[-71.16276,-33.2654],[-71.15436,-33.25883],[-71.14955,-33.26024],[-71.14338,-33.25787]]}},{"id":"2956","type":"Feature","properties":{"ROL":"G-86-F","NOMBRE_CAMINO":"Casablanca - Tapihue - El Pangue - Curacaví, Sector: Límite Regional - Curacaví (Av. Ambrosio O'Higgins)","CLASIFICACION":"Camino Regional Principal","CALZADA":"U","tmda":246.0},"geometry":{"type":"LineString","coordinates":[[-71.14338,-33.25787],[-71.13848,-33.25675]]}},{"id":"2957","type":"Feature","properties":{"ROL":"G-86-F","NOMBRE_CAMINO":"Casablanca - Tapihue - El Pangue - Curacaví, Sector: Límite Regional - Curacaví (Av. Ambrosio O'Higgins)","CLASIFICACION":"Camino Regional Principal","CALZADA":"U","tmda":246.0},"geometry":{"type":"LineString","coordinates":[[-71.13848,-33.25675],[-71.13388,-33.25804],[-71.13138,-33.26273],[-71.12733,-33.26482],[-71.1256,-33.26762],[-71.12118,-33.27072],[-71.12058,-33.27269]]}},{"id":"2958","type":"Feature","properties":{"ROL":"G-86-F","NOMBRE_CAMINO":"Casablanca - Tapihue - El Pangue - Curacaví, Sector: Límite Regional - Curacaví (Av. Ambrosio O'Higgins)","CLASIFICACION":"Camino Regional Principal","CALZADA":"U","tmda":246.0},"geometry":{"type":"LineString","coordinates":[[-71.12058,-33.27269],[-71.11839,-33.27765]]}},{"id":"2959","type":"Feature","properties":{"ROL":"G-86-F","NOMBRE_CAMINO":"Casablanca - Tapihue - El Pangue - Curacaví, Sector: Límite Regional - Curacaví (Av. Ambrosio O'Higgins)","CLASIFICACION":"Camino Regional Principal","CALZADA":"U","tmda":246.0},"geometry":{"type":"LineString","coordinates":[[-71.11839,-33.27765],[-71.11728,-33.28372],[-71.11501,-33.28806],[-71.1174,-33.29166],[-71.11728,-33.3034],[-71.11999,-33.3058],[-71.12396,-33.31318],[-71.12242,-33.31775],[-71.12884,-33.32761],[-71.12781,-33.33082],[-71.12902,-33.33917],[-71.13077,-33.34227],[-71.13144,-33.34953],[-71.13482,-33.35721],[-71.13423,-33.3647],[-71.13795,-33.37106],[-71.14541,-33.37874],[-71.14846,-33.38861],[-71.15648,-33.39904],[-71.15194,-33.40102],[-71.1518,-33.40626],[-71.14884,-33.41033]]}},{"id":"2960","type":"Feature","properties":{"ROL":"G-846","NOMBRE_CAMINO":"El Culebrón","CLASIFICACION":"Camino Regional de Acceso (En Proceso de Enrolamiento)","CALZADA":"U","tmda":null},"geometry":{"type":"LineString","coordinates":[[-71.48859,-33.92962],[-71.48813,-33.92902]]}},{"id":"2961","type":"Feature","properties":{"ROL":"G-846","NOMBRE_CAMINO":"El Culebrón","CLASIFICACION":"Camino Regional de Acceso (En Proceso de Enrolamiento)","CALZADA":"U","tmda":null},"geometry":{"type":"LineString","coordinates":[[-71.49885,-33.93822],[-71.49244,-33.93489],[-71.48859,-33.92962]]}},{"id":"2962","type":"Feature","properties":{"ROL":"G-684","NOMBRE_CAMINO":"Pichi","CLASIFICACION":"Camino Regional Comunal","CALZADA":"U","tmda":1820.0},"geometry":{"type":"LineString","coordinates":[[-71.08814,-34.02901],[-71.07506,-34.01768],[-71.06885,-34.0074],[-71.06754,-34.00171],[-71.06389,-33.99461],[-71.06249,-33.9815]]}},{"id":"2963","type":"Feature","properties":{"ROL":"G-684","NOMBRE_CAMINO":"Pichi","CLASIFICACION":"Camino Regional Comunal","CALZADA":"U","tmda":1820.0},"geometry":{"type":"LineString","coordinates":[[-71.05964,-33.9672],[-71.05841,-33.96641]]}},{"id":"2964","type":"Feature","properties":{"ROL":"G-413","NOMBRE_CAMINO":"Los Quillayes - La Iglesia","CLASIFICACION":"Camino Regional Comunal","CALZADA":"U","tmda":null},"geometry":{"type":"LineString","coordinates":[[-70.57739,-33.69139],[-70.57617,-33.69173]]}},{"id":"2965","type":"Feature","properties":{"ROL":"G-455","NOMBRE_CAMINO":"Romeral - Embalse El Yeso - Mina de Yeso","CLASIFICACION":"Camino Regional Comunal","CALZADA":"U","tmda":851.0},"geometry":{"type":"LineString","coordinates":[[-70.181,-33.78544],[-70.17388,-33.78235],[-70.16955,-33.77519],[-70.16636,-33.7629],[-70.16409,-33.75938],[-70.15853,-33.75618],[-70.15544,-33.75175],[-70.15201,-33.74263],[-70.14852,-33.74317],[-70.15021,-33.74087],[-70.14948,-33.73992],[-70.14654,-33.73847],[-70.14668,-33.737],[-70.14404,-33.73625],[-70.14509,-33.73578],[-70.1445,-33.73492],[-70.1412,-33.7346],[-70.14016,-33.73222],[-70.13774,-33.73138],[-70.13859,-33.72891],[-70.13673,-33.72775],[-70.13379,-33.72198],[-70.1312,-33.71201],[-70.11346,-33.69623],[-70.10236,-33.68311]]}},{"id":"2966","type":"Feature","properties":{"ROL":"G-455","NOMBRE_CAMINO":"Romeral - Embalse El Yeso - Mina de Yeso","CLASIFICACION":"Camino Regional Comunal","CALZADA":"U","tmda":851.0},"geometry":{"type":"LineString","coordinates":[[-70.10236,-33.68311],[-70.10146,-33.68205]]}},{"id":"2967","type":"Feature","properties":{"ROL":"G-455","NOMBRE_CAMINO":"Romeral - Embalse El Yeso - Mina de Yeso","CLASIFICACION":"Camino Regional Comunal","CALZADA":"U","tmda":851.0},"geometry":{"type":"LineString","coordinates":[[-70.10146,-33.68205],[-70.0894,-33.6778],[-70.08402,-33.67451],[-70.08298,-33.67117],[-70.08344,-33.66602],[-70.08143,-33.66254],[-70.08312,-33.65813],[-70.07933,-33.65807],[-70.07568,-33.65603],[-70.0728,-33.65666],[-70.06883,-33.65303],[-70.05923,-33.65043],[-70.05598,-33.64747],[-70.05289,-33.6471],[-70.04867,-33.64894],[-70.03357,-33.64448],[-70.02931,-33.64174],[-70.02837,-33.63695],[-70.01911,-33.63148],[-70.01564,-33.63145],[-70.00501,-33.62249],[-70.00381,-33.61899],[-69.99194,-33.61198],[-69.98472,-33.61016],[-69.97783,-33.61156],[-69.96417,-33.62096]]}},{"id":"2968","type":"Feature","properties":{"ROL":"G-188","NOMBRE_CAMINO":"Bernardo O'Higgins - Noviciado por Cinco Ojos","CLASIFICACION":"Camino Regional Comunal","CALZADA":"U","tmda":null},"geometry":{"type":"LineString","coordinates":[[-70.85232,-33.40399],[-70.85614,-33.40298]]}},{"id":"2969","type":"Feature","properties":{"ROL":"S/R-G-129","NOMBRE_CAMINO":"La Copa","CLASIFICACION":"Camino Regional Comunal (En Proceso de Enrolamiento)","CALZADA":"U","tmda":null},"geometry":{"type":"LineString","coordinates":[[-70.71488,-33.05841],[-70.71778,-33.07417]]}},{"id":"2970","type":"Feature","properties":{"ROL":"S/R-G-146","NOMBRE_CAMINO":"Lo Fontecilla","CLASIFICACION":"Camino Regional de Acceso (En Proceso de Enrolamiento)","CALZADA":"U","tmda":null},"geometry":{"type":"LineString","coordinates":[[-70.82339,-33.24306],[-70.82435,-33.24058],[-70.82815,-33.23769],[-70.83081,-33.23671],[-70.83634,-33.23723],[-70.84061,-33.23288],[-70.84119,-33.23132],[-70.83811,-33.2275],[-70.83873,-33.2185]]}},{"id":"2971","type":"Feature","properties":{"ROL":"S/R-G-176","NOMBRE_CAMINO":"Peralillo - Los Culenes","CLASIFICACION":"Camino Regional Comunal (En Proceso de Enrolamiento)","CALZADA":"U","tmda":null},"geometry":{"type":"LineString","coordinates":[[-70.8558,-33.36311],[-70.87182,-33.35601],[-70.87155,-33.35492],[-70.87671,-33.3522],[-70.88808,-33.34258],[-70.89023,-33.34228]]}},{"id":"2972","type":"Feature","properties":{"ROL":"S/R-G-145","NOMBRE_CAMINO":"San Vicente - Lo Arcaya","CLASIFICACION":"Camino Regional Comunal (En Proceso de Enrolamiento)","CALZADA":"U","tmda":null},"geometry":{"type":"LineString","coordinates":[[-70.69858,-33.25987],[-70.6901,-33.26159],[-70.68554,-33.24292]]}},{"id":"2973","type":"Feature","properties":{"ROL":"S/R-G-127","NOMBRE_CAMINO":"El Colorado","CLASIFICACION":"Camino Regional Comunal (En Proceso de Enrolamiento)","CALZADA":"U","tmda":null},"geometry":{"type":"LineString","coordinates":[[-70.69481,-33.07687],[-70.73474,-33.0722]]}},{"id":"2974","type":"Feature","properties":{"ROL":"S/R-G-104","NOMBRE_CAMINO":"Acceso a Cementerio El Llano","CLASIFICACION":"Camino Regional de Acceso (En Proceso de Enrolamiento)","CALZADA":"U","tmda":null},"geometry":{"type":"LineString","coordinates":[[-70.98814,-33.01843],[-70.98196,-33.01616],[-70.97886,-33.01739]]}},{"id":"2975","type":"Feature","properties":{"ROL":"S/R-G-152","NOMBRE_CAMINO":"El Lucero","CLASIFICACION":"Camino Regional Comunal (En Proceso de Enrolamiento)","CALZADA":"U","tmda":null},"geometry":{"type":"LineString","coordinates":[[-70.88233,-33.27681],[-70.88223,-33.26123],[-70.87979,-33.2564]]}},{"id":"2976","type":"Feature","properties":{"ROL":"S/R-G-305","NOMBRE_CAMINO":"El Cruceral","CLASIFICACION":"Camino Regional de Acceso (En Proceso de Enrolamiento)","CALZADA":"U","tmda":null},"geometry":{"type":"LineString","coordinates":[[-70.60602,-33.64816],[-70.60513,-33.65335],[-70.61689,-33.65377]]}},{"id":"2977","type":"Feature","properties":{"ROL":"S/R-G-928","NOMBRE_CAMINO":"Los Guindos","CLASIFICACION":"Camino Regional de Acceso (En Proceso de Enrolamiento)","CALZADA":"U","tmda":null},"geometry":{"type":"LineString","coordinates":[[-71.3034,-33.80402],[-71.30859,-33.79916],[-71.31171,-33.79797]]}},{"id":"2978","type":"Feature","properties":{"ROL":"S/R-G-392","NOMBRE_CAMINO":"Viña Undurraga - Santa Ana","CLASIFICACION":"Camino Regional de Acceso (En Proceso de Enrolamiento)","CALZADA":"U","tmda":null},"geometry":{"type":"LineString","coordinates":[[-70.88891,-33.64998],[-70.89078,-33.6454],[-70.88848,-33.64323]]}},{"id":"2979","type":"Feature","properties":{"ROL":"S/R-G-578","NOMBRE_CAMINO":"El Manzanito de Aculeo","CLASIFICACION":"Camino Regional de Acceso (En Proceso de Enrolamiento)","CALZADA":"U","tmda":null},"geometry":{"type":"LineString","coordinates":[[-70.85393,-33.86053],[-70.84934,-33.8717]]}},{"id":"2980","type":"Feature","properties":{"ROL":"S/R-G-475","NOMBRE_CAMINO":"Los Cipreces","CLASIFICACION":"Camino Regional de Acceso (En Proceso de Enrolamiento)","CALZADA":"U","tmda":null},"geometry":{"type":"LineString","coordinates":[[-70.60158,-33.65818],[-70.60095,-33.6599]]}},{"id":"2981","type":"Feature","properties":{"ROL":"S/R-G-946","NOMBRE_CAMINO":"Camino Antiguo Melipilla Rapel Sur","CLASIFICACION":"Camino Regional de Acceso (En Proceso de Enrolamiento)","CALZADA":"U","tmda":null},"geometry":{"type":"LineString","coordinates":[[-71.25513,-33.77451],[-71.27001,-33.78154]]}},{"id":"2982","type":"Feature","properties":{"ROL":"S/R-G-122","NOMBRE_CAMINO":"Los Acacios","CLASIFICACION":"Camino Regional Comunal (En Proceso de Enrolamiento)","CALZADA":"U","tmda":null},"geometry":{"type":"LineString","coordinates":[[-70.80007,-33.27806],[-70.80008,-33.28303]]}},{"id":"2983","type":"Feature","properties":{"ROL":"S/R-G-524","NOMBRE_CAMINO":"Fátima - Viluco","CLASIFICACION":"Camino Regional Comunal (En Proceso de Enrolamiento)","CALZADA":"U","tmda":null},"geometry":{"type":"LineString","coordinates":[[-70.74902,-33.80541],[-70.76215,-33.80414],[-70.76441,-33.80506]]}},{"id":"2984","type":"Feature","properties":{"ROL":"S/R-G-564","NOMBRE_CAMINO":"Las Bodegas Norte","CLASIFICACION":"Camino Regional de Acceso (En Proceso de Enrolamiento)","CALZADA":"U","tmda":null},"geometry":{"type":"LineString","coordinates":[[-70.74147,-33.86711],[-70.74339,-33.86684]]}},{"id":"2985","type":"Feature","properties":{"ROL":"S/R-G-196","NOMBRE_CAMINO":"Lipangue Centro","CLASIFICACION":"Camino Regional Comunal (En Proceso de Enrolamiento)","CALZADA":"U","tmda":null},"geometry":{"type":"LineString","coordinates":[[-70.8417,-33.3499],[-70.85616,-33.33322]]}},{"id":"2986","type":"Feature","properties":{"ROL":"S/R-G-549","NOMBRE_CAMINO":"Las Vertientes","CLASIFICACION":"Camino Regional de Acceso (En Proceso de Enrolamiento)","CALZADA":"U","tmda":null},"geometry":{"type":"LineString","coordinates":[[-70.71103,-33.87488],[-70.71443,-33.88286],[-70.72044,-33.89133]]}},{"id":"2987","type":"Feature","properties":{"ROL":"S/R-G-246","NOMBRE_CAMINO":"Los Corrales","CLASIFICACION":"Camino Regional Comunal (En Proceso de Enrolamiento)","CALZADA":"U","tmda":null},"geometry":{"type":"LineString","coordinates":[[-70.88784,-33.54683],[-70.89736,-33.56064]]}},{"id":"2988","type":"Feature","properties":{"ROL":"S/R-G-772","NOMBRE_CAMINO":"Parcelero 4","CLASIFICACION":"Camino Regional Comunal (En Proceso de Enrolamiento)","CALZADA":"U","tmda":null},"geometry":{"type":"LineString","coordinates":[[-71.30152,-33.801],[-71.28706,-33.8012],[-71.25862,-33.79041],[-71.25543,-33.792],[-71.25183,-33.79172]]}},{"id":"2989","type":"Feature","properties":{"ROL":"S/R-G-479","NOMBRE_CAMINO":"Regidor Osvaldo","CLASIFICACION":"Camino Regional de Acceso (En Proceso de Enrolamiento)","CALZADA":"U","tmda":null},"geometry":{"type":"LineString","coordinates":[[-70.62399,-33.6696],[-70.62275,-33.67635]]}},{"id":"2990","type":"Feature","properties":{"ROL":"S/R-G-782","NOMBRE_CAMINO":"Puangue - La Libertad","CLASIFICACION":"Camino Regional Comunal (En Proceso de Enrolamiento)","CALZADA":"U","tmda":null},"geometry":{"type":"LineString","coordinates":[[-71.33711,-33.66655],[-71.34074,-33.67408]]}},{"id":"2991","type":"Feature","properties":{"ROL":"S/R-G-449","NOMBRE_CAMINO":"Las Bandurrias - Estero Seco","CLASIFICACION":"Camino Regional Comunal (En Proceso de Enrolamiento)","CALZADA":"U","tmda":null},"geometry":{"type":"LineString","coordinates":[[-70.58172,-33.68988],[-70.58624,-33.6994],[-70.58694,-33.70407],[-70.59185,-33.71161]]}},{"id":"2992","type":"Feature","properties":{"ROL":"S/R-G-407","NOMBRE_CAMINO":"La Lechera","CLASIFICACION":"Camino Regional Comunal (En Proceso de Enrolamiento)","CALZADA":"U","tmda":null},"geometry":{"type":"LineString","coordinates":[[-70.62042,-33.67582],[-70.63727,-33.67557]]}},{"id":"2993","type":"Feature","properties":{"ROL":"S/R-G-575","NOMBRE_CAMINO":"Chada - Culitrín","CLASIFICACION":"Camino Regional Comunal (En Proceso de Enrolamiento)","CALZADA":"U","tmda":null},"geometry":{"type":"LineString","coordinates":[[-70.65313,-33.90221],[-70.66089,-33.90084],[-70.66501,-33.87603]]}},{"id":"2994","type":"Feature","properties":{"ROL":"S/R-G-120","NOMBRE_CAMINO":"Los Arrayanes","CLASIFICACION":"Camino Regional Comunal (En Proceso de Enrolamiento)","CALZADA":"U","tmda":null},"geometry":{"type":"LineString","coordinates":[[-70.79386,-33.27807],[-70.79387,-33.28308]]}},{"id":"2995","type":"Feature","properties":{"ROL":"S/R-G-242","NOMBRE_CAMINO":"Santa Mónica","CLASIFICACION":"Camino Regional de Acceso (En Proceso de Enrolamiento)","CALZADA":"U","tmda":null},"geometry":{"type":"LineString","coordinates":[[-70.89346,-33.55501],[-70.89593,-33.55445],[-70.89824,-33.55686]]}},{"id":"2996","type":"Feature","properties":{"ROL":"S/R-G-130","NOMBRE_CAMINO":"Darío Ovalle","CLASIFICACION":"Camino Regional de Acceso (En Proceso de Enrolamiento)","CALZADA":"U","tmda":null},"geometry":{"type":"LineString","coordinates":[[-70.88743,-33.16739],[-70.89014,-33.17011],[-70.88801,-33.17177],[-70.88265,-33.18918]]}},{"id":"2997","type":"Feature","properties":{"ROL":"S/R-G-746","NOMBRE_CAMINO":"Cerrillos - Cuesta Vieja","CLASIFICACION":"Camino Regional de Acceso (En Proceso de Enrolamiento)","CALZADA":"U","tmda":null},"geometry":{"type":"LineString","coordinates":[[-71.02841,-33.45462],[-71.00801,-33.4537]]}},{"id":"2998","type":"Feature","properties":{"ROL":"S/R-G-457","NOMBRE_CAMINO":"La Nogalada","CLASIFICACION":"Camino Regional de Acceso (En Proceso de Enrolamiento)","CALZADA":"U","tmda":null},"geometry":{"type":"LineString","coordinates":[[-70.58387,-33.6782],[-70.57905,-33.68094],[-70.57317,-33.68232],[-70.56528,-33.68812],[-70.5603,-33.69011]]}},{"id":"2999","type":"Feature","properties":{"ROL":"S/R-G-118","NOMBRE_CAMINO":"Altos Los Lirios","CLASIFICACION":"Camino Regional de Acceso (En Proceso de Enrolamiento)","CALZADA":"U","tmda":null},"geometry":{"type":"LineString","coordinates":[[-70.94956,-33.00257],[-70.94914,-33.00592],[-70.95173,-33.00655]]}},{"id":"3000","type":"Feature","properties":{"ROL":"S/R-G-922","NOMBRE_CAMINO":"Quebrada Honda","CLASIFICACION":"Camino Regional Comunal (En Proceso de Enrolamiento)","CALZADA":"U","tmda":null},"geometry":{"type":"LineString","coordinates":[[-71.07042,-33.42818],[-71.0722,-33.42964],[-71.07749,-33.4282],[-71.08185,-33.42291]]}},{"id":"3001","type":"Feature","properties":{"ROL":"S/R-G-824","NOMBRE_CAMINO":"Santa Elisa II","CLASIFICACION":"Camino Regional Comunal (En Proceso de Enrolamiento)","CALZADA":"U","tmda":null},"geometry":{"type":"LineString","coordinates":[[-71.01347,-33.57822],[-71.00943,-33.57674]]}},{"id":"3002","type":"Feature","properties":{"ROL":"S/R-G-133","NOMBRE_CAMINO":"Quilapilún Alto","CLASIFICACION":"Camino Regional de Acceso (En Proceso de Enrolamiento)","CALZADA":"U","tmda":null},"geometry":{"type":"LineString","coordinates":[[-70.67024,-33.09225],[-70.6642,-33.09311]]}},{"id":"3003","type":"Feature","properties":{"ROL":"S/R-G-582","NOMBRE_CAMINO":"La Compañía","CLASIFICACION":"Camino Regional Comunal (En Proceso de Enrolamiento)","CALZADA":"U","tmda":null},"geometry":{"type":"LineString","coordinates":[[-70.98178,-33.69089],[-70.98469,-33.71135]]}},{"id":"3004","type":"Feature","properties":{"ROL":"S/R-G-509","NOMBRE_CAMINO":"Callejón 6 Oriente","CLASIFICACION":"Camino Regional de Acceso (En Proceso de Enrolamiento)","CALZADA":"U","tmda":null},"geometry":{"type":"LineString","coordinates":[[-70.74671,-33.79409],[-70.74064,-33.79479]]}},{"id":"3005","type":"Feature","properties":{"ROL":"S/R-G-171","NOMBRE_CAMINO":"Santa Inés de Miraflores","CLASIFICACION":"Camino Regional Comunal (En Proceso de Enrolamiento)","CALZADA":"U","tmda":null},"geometry":{"type":"LineString","coordinates":[[-70.7018,-33.27388],[-70.71706,-33.26835]]}},{"id":"3006","type":"Feature","properties":{"ROL":"S/R-G-453","NOMBRE_CAMINO":"Baños Morales","CLASIFICACION":"Camino Regional de Acceso (En Proceso de Enrolamiento)","CALZADA":"U","tmda":null},"geometry":{"type":"LineString","coordinates":[[-70.06827,-33.82924],[-70.06451,-33.82677],[-70.06318,-33.82413]]}},{"id":"3007","type":"Feature","properties":{"ROL":"S/R-G-158","NOMBRE_CAMINO":"Camino Joaquín Undurraga","CLASIFICACION":"Camino Regional Comunal (En Proceso de Enrolamiento)","CALZADA":"U","tmda":null},"geometry":{"type":"LineString","coordinates":[[-70.89629,-33.26566],[-70.89258,-33.26408],[-70.88515,-33.25754],[-70.88037,-33.25719]]}},{"id":"3008","type":"Feature","properties":{"ROL":"S/R-G-198","NOMBRE_CAMINO":"La Palma Sur","CLASIFICACION":"Camino Regional Comunal (En Proceso de Enrolamiento)","CALZADA":"U","tmda":null},"geometry":{"type":"LineString","coordinates":[[-70.86078,-33.33386],[-70.86351,-33.33622],[-70.87151,-33.35502]]}},{"id":"3009","type":"Feature","properties":{"ROL":"S/R-G-569","NOMBRE_CAMINO":"Uno Norte","CLASIFICACION":"Camino Regional Comunal (En Proceso de Enrolamiento)","CALZADA":"U","tmda":null},"geometry":{"type":"LineString","coordinates":[[-70.74182,-33.85599],[-70.74085,-33.86728]]}},{"id":"3010","type":"Feature","properties":{"ROL":"S/R-G-148","NOMBRE_CAMINO":"Interior Santa Sara","CLASIFICACION":"Camino Regional Comunal (En Proceso de Enrolamiento)","CALZADA":"U","tmda":null},"geometry":{"type":"LineString","coordinates":[[-70.76409,-33.22446],[-70.77141,-33.22349],[-70.77462,-33.22522]]}},{"id":"3011","type":"Feature","properties":{"ROL":"S/R-G-400","NOMBRE_CAMINO":"Los Nogales","CLASIFICACION":"Camino Regional de Acceso (En Proceso de Enrolamiento)","CALZADA":"U","tmda":null},"geometry":{"type":"LineString","coordinates":[[-70.84862,-33.7145],[-70.8446,-33.70622],[-70.84196,-33.70663],[-70.8383,-33.7044],[-70.83431,-33.70543],[-70.83337,-33.70177],[-70.82748,-33.70173],[-70.82556,-33.70352],[-70.81067,-33.70292]]}},{"id":"3012","type":"Feature","properties":{"ROL":"S/R-G-688","NOMBRE_CAMINO":"Talamí","CLASIFICACION":"Camino Regional Comunal (En Proceso de Enrolamiento)","CALZADA":"U","tmda":null},"geometry":{"type":"LineString","coordinates":[[-71.00544,-34.03795],[-70.99919,-34.0483],[-70.99473,-34.06037]]}},{"id":"3013","type":"Feature","properties":{"ROL":"S/R-G-766","NOMBRE_CAMINO":"San Juan de Popeta","CLASIFICACION":"Camino Regional Comunal (En Proceso de Enrolamiento)","CALZADA":"U","tmda":null},"geometry":{"type":"LineString","coordinates":[[-71.27267,-33.82847],[-71.27526,-33.82691],[-71.27818,-33.81261],[-71.28194,-33.81252],[-71.28614,-33.81563]]}},{"id":"3014","type":"Feature","properties":{"ROL":"S/R-G-565","NOMBRE_CAMINO":"El Cardonal","CLASIFICACION":"Camino Regional Comunal (En Proceso de Enrolamiento)","CALZADA":"U","tmda":null},"geometry":{"type":"LineString","coordinates":[[-70.63531,-33.84664],[-70.65126,-33.84884],[-70.65071,-33.8524],[-70.66852,-33.85496],[-70.66837,-33.85637],[-70.6704,-33.85671],[-70.6689,-33.87621]]}},{"id":"3015","type":"Feature","properties":{"ROL":"S/R-G-206","NOMBRE_CAMINO":"El Cambucho","CLASIFICACION":"Camino Regional de Acceso (En Proceso de Enrolamiento)","CALZADA":"U","tmda":null},"geometry":{"type":"LineString","coordinates":[[-70.86826,-33.40074],[-70.86253,-33.39024]]}},{"id":"3016","type":"Feature","properties":{"ROL":"S/R-G-652","NOMBRE_CAMINO":"Pozo Río Maipo","CLASIFICACION":"Camino Regional de Acceso (En Proceso de Enrolamiento)","CALZADA":"U","tmda":null},"geometry":{"type":"LineString","coordinates":[[-71.21121,-33.71827],[-71.21432,-33.71877],[-71.20755,-33.71215],[-71.20161,-33.71059]]}},{"id":"3017","type":"Feature","properties":{"ROL":"S/R-G-358","NOMBRE_CAMINO":"Camino Ribereño Sur de Río Maipo","CLASIFICACION":"Camino Regional de Acceso (En Proceso de Enrolamiento)","CALZADA":"U","tmda":null},"geometry":{"type":"LineString","coordinates":[[-70.72332,-33.69195],[-70.72571,-33.6949],[-70.73094,-33.69714],[-70.7497,-33.702],[-70.75753,-33.70778],[-70.77135,-33.71385],[-70.77717,-33.71893],[-70.78416,-33.72858]]}},{"id":"3018","type":"Feature","properties":{"ROL":"S/R-G-123","NOMBRE_CAMINO":"Requenahue","CLASIFICACION":"Camino Regional Comunal (En Proceso de Enrolamiento)","CALZADA":"U","tmda":null},"geometry":{"type":"LineString","coordinates":[[-70.6945,-33.01972],[-70.69599,-33.02528],[-70.69881,-33.02459],[-70.70894,-33.02616]]}},{"id":"3019","type":"Feature","properties":{"ROL":"S/R-G-820","NOMBRE_CAMINO":"Santa Elisa I","CLASIFICACION":"Camino Regional de Acceso (En Proceso de Enrolamiento)","CALZADA":"U","tmda":null},"geometry":{"type":"LineString","coordinates":[[-71.01162,-33.57762],[-71.01155,-33.57322],[-71.00627,-33.57333],[-71.00483,-33.57227]]}},{"id":"3020","type":"Feature","properties":{"ROL":"S/R-G-816","NOMBRE_CAMINO":"Santa Victoria de Mallarauco","CLASIFICACION":"Camino Regional de Acceso (En Proceso de Enrolamiento)","CALZADA":"U","tmda":null},"geometry":{"type":"LineString","coordinates":[[-71.05469,-33.5815],[-71.04848,-33.59475],[-71.04248,-33.59373]]}},{"id":"3021","type":"Feature","properties":{"ROL":"S/R-G-301","NOMBRE_CAMINO":"El Llano","CLASIFICACION":"Camino Regional Comunal (En Proceso de Enrolamiento)","CALZADA":"U","tmda":null},"geometry":{"type":"LineString","coordinates":[[-70.57493,-33.63626],[-70.57321,-33.65348],[-70.58612,-33.65855]]}},{"id":"3022","type":"Feature","properties":{"ROL":"S/R-G-161","NOMBRE_CAMINO":"Camino Interior Chacra San Luis","CLASIFICACION":"Camino Regional de Acceso (En Proceso de Enrolamiento)","CALZADA":"U","tmda":null},"geometry":{"type":"LineString","coordinates":[[-70.69853,-33.23239],[-70.70354,-33.24175]]}},{"id":"3023","type":"Feature","properties":{"ROL":"S/R-G-574","NOMBRE_CAMINO":"El Escorial de Aculeo","CLASIFICACION":"Camino Regional de Acceso (En Proceso de Enrolamiento)","CALZADA":"U","tmda":null},"geometry":{"type":"LineString","coordinates":[[-70.91788,-33.87039],[-70.92219,-33.87374],[-70.92701,-33.87442]]}},{"id":"3024","type":"Feature","properties":{"ROL":"S/R-G-535","NOMBRE_CAMINO":"Santa Teresa de Huelquén","CLASIFICACION":"Camino Regional de Acceso (En Proceso de Enrolamiento)","CALZADA":"U","tmda":null},"geometry":{"type":"LineString","coordinates":[[-70.6407,-33.83457],[-70.6507,-33.83597]]}},{"id":"3025","type":"Feature","properties":{"ROL":"S/R-G-724","NOMBRE_CAMINO":"Las Chilcas","CLASIFICACION":"Camino Regional de Acceso (En Proceso de Enrolamiento)","CALZADA":"U","tmda":null},"geometry":{"type":"LineString","coordinates":[[-71.24464,-33.79375],[-71.25338,-33.81194]]}},{"id":"3026","type":"Feature","properties":{"ROL":"S/R-G-688","NOMBRE_CAMINO":"Talamí","CLASIFICACION":"Camino Regional Comunal (En Proceso de Enrolamiento)","CALZADA":"U","tmda":null},"geometry":{"type":"LineString","coordinates":[[-70.99473,-34.06037],[-70.99442,-34.06211]]}},{"id":"3027","type":"Feature","properties":{"ROL":"S/R-G-533","NOMBRE_CAMINO":"Santa Filomena de Huelquén","CLASIFICACION":"Camino Regional de Acceso (En Proceso de Enrolamiento)","CALZADA":"U","tmda":null},"geometry":{"type":"LineString","coordinates":[[-70.64172,-33.83225],[-70.65938,-33.83476]]}},{"id":"3028","type":"Feature","properties":{"ROL":"S/R-G-164","NOMBRE_CAMINO":"Camino Uno","CLASIFICACION":"Camino Regional de Acceso (En Proceso de Enrolamiento)","CALZADA":"U","tmda":null},"geometry":{"type":"LineString","coordinates":[[-70.76371,-33.24733],[-70.78016,-33.2459],[-70.77993,-33.24824]]}},{"id":"3029","type":"Feature","properties":{"ROL":"S/R-G-354","NOMBRE_CAMINO":"El Milagro de Nos","CLASIFICACION":"Camino Regional Comunal (En Proceso de Enrolamiento)","CALZADA":"U","tmda":null},"geometry":{"type":"LineString","coordinates":[[-70.72035,-33.6369],[-70.71906,-33.63286]]}},{"id":"3030","type":"Feature","properties":{"ROL":"S/R-G-439","NOMBRE_CAMINO":"El Polo","CLASIFICACION":"Camino Regional de Acceso (En Proceso de Enrolamiento)","CALZADA":"U","tmda":null},"geometry":{"type":"LineString","coordinates":[[-70.54637,-33.67133],[-70.54711,-33.68688]]}},{"id":"3031","type":"Feature","properties":{"ROL":"S/R-G-136","NOMBRE_CAMINO":"Cerro Blanco - Polpaico","CLASIFICACION":"Camino Regional Comunal (En Proceso de Enrolamiento)","CALZADA":"U","tmda":null},"geometry":{"type":"LineString","coordinates":[[-70.81582,-33.13706],[-70.8308,-33.14554],[-70.83572,-33.15274],[-70.85132,-33.15398],[-70.87452,-33.1626]]}},{"id":"3032","type":"Feature","properties":{"ROL":"S/R-G-738","NOMBRE_CAMINO":"Lo Alvarado","CLASIFICACION":"Camino Regional de Acceso (En Proceso de Enrolamiento)","CALZADA":"U","tmda":null},"geometry":{"type":"LineString","coordinates":[[-71.07108,-33.46788],[-71.06109,-33.46868]]}},{"id":"3033","type":"Feature","properties":{"ROL":"S/R-G-894","NOMBRE_CAMINO":"Altos de Loyca","CLASIFICACION":"Camino Regional de Acceso (En Proceso de Enrolamiento)","CALZADA":"U","tmda":null},"geometry":{"type":"LineString","coordinates":[[-71.48134,-34.00357],[-71.48044,-34.00465]]}},{"id":"3034","type":"Feature","properties":{"ROL":"S/R-G-477","NOMBRE_CAMINO":"Los Acacios","CLASIFICACION":"Camino Regional de Acceso (En Proceso de Enrolamiento)","CALZADA":"U","tmda":null},"geometry":{"type":"LineString","coordinates":[[-70.60506,-33.65947],[-70.6045,-33.6624]]}},{"id":"3035","type":"Feature","properties":{"ROL":"S/R-G-132","NOMBRE_CAMINO":"Los Espinos","CLASIFICACION":"Camino Regional Comunal (En Proceso de Enrolamiento)","CALZADA":"U","tmda":null},"geometry":{"type":"LineString","coordinates":[[-70.78523,-33.28057],[-70.80634,-33.28059]]}},{"id":"3036","type":"Feature","properties":{"ROL":"S/R-G-924","NOMBRE_CAMINO":"Chiñigue - Santa Victoria","CLASIFICACION":"Camino Regional de Acceso (En Proceso de Enrolamiento)","CALZADA":"U","tmda":null},"geometry":{"type":"LineString","coordinates":[[-71.11439,-33.68308],[-71.11522,-33.68898],[-71.12917,-33.68619]]}},{"id":"3037","type":"Feature","properties":{"ROL":"S/R-G-169","NOMBRE_CAMINO":"Los Algarrobos","CLASIFICACION":"Camino Regional de Acceso (En Proceso de Enrolamiento)","CALZADA":"U","tmda":null},"geometry":{"type":"LineString","coordinates":[[-70.66774,-33.28663],[-70.66857,-33.25749],[-70.6711,-33.25659]]}},{"id":"3038","type":"Feature","properties":{"ROL":"S/R-G-244","NOMBRE_CAMINO":"Los Aromos - Los Corrales","CLASIFICACION":"Camino Regional Comunal (En Proceso de Enrolamiento)","CALZADA":"U","tmda":null},"geometry":{"type":"LineString","coordinates":[[-70.88771,-33.56448],[-70.89736,-33.56064]]}},{"id":"3039","type":"Feature","properties":{"ROL":"S/R-G-204","NOMBRE_CAMINO":"Lo Boza II - Aguas Claras","CLASIFICACION":"Camino Regional Comunal (En Proceso de Enrolamiento)","CALZADA":"U","tmda":null},"geometry":{"type":"LineString","coordinates":[[-70.80153,-33.35171],[-70.80392,-33.35748],[-70.79852,-33.36443]]}},{"id":"3040","type":"Feature","properties":{"ROL":"S/R-G-401","NOMBRE_CAMINO":"El Huingán","CLASIFICACION":"Camino Regional de Acceso (En Proceso de Enrolamiento)","CALZADA":"U","tmda":null},"geometry":{"type":"LineString","coordinates":[[-70.55849,-33.6421],[-70.55758,-33.64897]]}},{"id":"3041","type":"Feature","properties":{"ROL":"S/R-G-106","NOMBRE_CAMINO":"Callejón del Olvido","CLASIFICACION":"Camino Regional de Acceso (En Proceso de Enrolamiento)","CALZADA":"U","tmda":null},"geometry":{"type":"LineString","coordinates":[[-70.94277,-33.0036],[-70.941,-33.00153],[-70.94189,-33.00104],[-70.9381,-32.99906]]}},{"id":"3042","type":"Feature","properties":{"ROL":"S/R-G-529","NOMBRE_CAMINO":"Sector El Tránsito Oriente - La Aparición","CLASIFICACION":"Camino Regional de Acceso (En Proceso de Enrolamiento)","CALZADA":"U","tmda":null},"geometry":{"type":"LineString","coordinates":[[-70.66481,-33.76397],[-70.65716,-33.76363],[-70.65061,-33.77982]]}},{"id":"3043","type":"Feature","properties":{"ROL":"S/R-G-471","NOMBRE_CAMINO":"Los Álamos","CLASIFICACION":"Camino Regional de Acceso (En Proceso de Enrolamiento)","CALZADA":"U","tmda":null},"geometry":{"type":"LineString","coordinates":[[-70.59211,-33.65471],[-70.59168,-33.65743]]}},{"id":"3044","type":"Feature","properties":{"ROL":"S/R-G-100","NOMBRE_CAMINO":"Los Litres","CLASIFICACION":"Camino Regional de Acceso (En Proceso de Enrolamiento)","CALZADA":"U","tmda":null},"geometry":{"type":"LineString","coordinates":[[-70.91904,-33.09249],[-70.90727,-33.09601],[-70.9051,-33.09804]]}},{"id":"3045","type":"Feature","properties":{"ROL":"S/R-G-547","NOMBRE_CAMINO":"Callejón Paula Jaraquemada","CLASIFICACION":"Camino Regional de Acceso (En Proceso de Enrolamiento)","CALZADA":"U","tmda":null},"geometry":{"type":"LineString","coordinates":[[-70.71539,-33.80536],[-70.71717,-33.82848]]}},{"id":"3046","type":"Feature","properties":{"ROL":"S/R-G-792","NOMBRE_CAMINO":"El Olivo","CLASIFICACION":"Camino Regional de Acceso (En Proceso de Enrolamiento)","CALZADA":"U","tmda":null},"geometry":{"type":"LineString","coordinates":[[-71.11745,-33.56859],[-71.12569,-33.59219],[-71.12761,-33.59221],[-71.12721,-33.5952],[-71.12883,-33.59175],[-71.13072,-33.59213],[-71.13268,-33.59703],[-71.13516,-33.59766],[-71.13381,-33.59964]]}},{"id":"3047","type":"Feature","properties":{"ROL":"S/R-G-139","NOMBRE_CAMINO":"Tierras Lindas","CLASIFICACION":"Camino Regional de Acceso (En Proceso de Enrolamiento)","CALZADA":"U","tmda":null},"geometry":{"type":"LineString","coordinates":[[-70.75348,-33.23961],[-70.75602,-33.22428]]}},{"id":"3048","type":"Feature","properties":{"ROL":"S/R-G-586","NOMBRE_CAMINO":"Monte Blanco","CLASIFICACION":"Camino Regional de Acceso (En Proceso de Enrolamiento)","CALZADA":"U","tmda":null},"geometry":{"type":"LineString","coordinates":[[-70.99307,-33.66812],[-71.01245,-33.66883]]}},{"id":"3049","type":"Feature","properties":{"ROL":"S/R-G-165","NOMBRE_CAMINO":"San Vicente - Lo Arcaya (Acesso Interior)","CLASIFICACION":"Camino Regional de Acceso (En Proceso de Enrolamiento)","CALZADA":"U","tmda":null},"geometry":{"type":"LineString","coordinates":[[-70.69013,-33.26162],[-70.67977,-33.26409]]}},{"id":"3050","type":"Feature","properties":{"ROL":"S/R-G-194","NOMBRE_CAMINO":"Lipangue","CLASIFICACION":"Camino Regional Comunal (En Proceso de Enrolamiento)","CALZADA":"U","tmda":null},"geometry":{"type":"LineString","coordinates":[[-70.83784,-33.33081],[-70.84442,-33.33113],[-70.84471,-33.32997],[-70.86068,-33.33391],[-70.86272,-33.33241],[-70.88542,-33.32696],[-70.89108,-33.32928],[-70.89122,-33.33059]]}},{"id":"3051","type":"Feature","properties":{"ROL":"S/R-G-950","NOMBRE_CAMINO":"Variante Huechún","CLASIFICACION":"Camino Regional de Acceso (En Proceso de Enrolamiento)","CALZADA":"U","tmda":null},"geometry":{"type":"LineString","coordinates":[[-71.34912,-33.7287],[-71.35242,-33.73076],[-71.35224,-33.73221],[-71.35581,-33.73585],[-71.35436,-33.73634],[-71.35493,-33.73732]]}},{"id":"3052","type":"Feature","properties":{"ROL":"S/R-G-796","NOMBRE_CAMINO":"Santa Clara","CLASIFICACION":"Camino Regional de Acceso (En Proceso de Enrolamiento)","CALZADA":"U","tmda":null},"geometry":{"type":"LineString","coordinates":[[-71.08185,-33.58651],[-71.07535,-33.58771]]}},{"id":"3053","type":"Feature","properties":{"ROL":"S/R-G-473","NOMBRE_CAMINO":"Los Sauces","CLASIFICACION":"Camino Regional de Acceso (En Proceso de Enrolamiento)","CALZADA":"U","tmda":null},"geometry":{"type":"LineString","coordinates":[[-70.59806,-33.65686],[-70.59736,-33.66002],[-70.59387,-33.6588]]}},{"id":"3054","type":"Feature","properties":{"ROL":"S/R-G-304","NOMBRE_CAMINO":"San Ignacio","CLASIFICACION":"Camino Regional de Acceso (En Proceso de Enrolamiento)","CALZADA":"U","tmda":null},"geometry":{"type":"LineString","coordinates":[[-70.79006,-33.60637],[-70.79954,-33.60257]]}},{"id":"3055","type":"Feature","properties":{"ROL":"S/R-G-554","NOMBRE_CAMINO":"Las Bodegas Sur","CLASIFICACION":"Camino Regional de Acceso (En Proceso de Enrolamiento)","CALZADA":"U","tmda":null},"geometry":{"type":"LineString","coordinates":[[-70.74231,-33.87479],[-70.74378,-33.86971]]}},{"id":"3056","type":"Feature","properties":{"ROL":"S/R-G-410","NOMBRE_CAMINO":"El Papagayo","CLASIFICACION":"Camino Regional Comunal (En Proceso de Enrolamiento)","CALZADA":"U","tmda":null},"geometry":{"type":"LineString","coordinates":[[-70.85309,-33.68947],[-70.84263,-33.69234],[-70.83885,-33.69468],[-70.83034,-33.69645]]}},{"id":"3057","type":"Feature","properties":{"ROL":"S/R-G-626","NOMBRE_CAMINO":"Chiñigue Las Rosas","CLASIFICACION":"Camino Regional Comunal (En Proceso de Enrolamiento)","CALZADA":"U","tmda":null},"geometry":{"type":"LineString","coordinates":[[-71.12494,-33.67872],[-71.12357,-33.67391],[-71.12196,-33.67375],[-71.11801,-33.66635],[-71.11623,-33.66681]]}},{"id":"3058","type":"Feature","properties":{"ROL":"S/R-G-626","NOMBRE_CAMINO":"Chiñigue Las Rosas","CLASIFICACION":"Camino Regional Comunal (En Proceso de Enrolamiento)","CALZADA":"U","tmda":null},"geometry":{"type":"LineString","coordinates":[[-71.11623,-33.66681],[-71.1112,-33.65553]]}},{"id":"3059","type":"Feature","properties":{"ROL":"S/R-G-784","NOMBRE_CAMINO":"La Libertad Oriente","CLASIFICACION":"Camino Regional de Acceso (En Proceso de Enrolamiento)","CALZADA":"U","tmda":null},"geometry":{"type":"LineString","coordinates":[[-71.34074,-33.67408],[-71.33811,-33.67451],[-71.33463,-33.67901]]}},{"id":"3060","type":"Feature","properties":{"ROL":"S/R-G-784","NOMBRE_CAMINO":"La Libertad Oriente","CLASIFICACION":"Camino Regional de Acceso (En Proceso de Enrolamiento)","CALZADA":"U","tmda":null},"geometry":{"type":"LineString","coordinates":[[-71.33463,-33.67901],[-71.333,-33.68113],[-71.32647,-33.68283],[-71.32591,-33.68503],[-71.3252,-33.68332],[-71.32083,-33.68523]]}},{"id":"3061","type":"Feature","properties":{"ROL":"S/R-G-142","NOMBRE_CAMINO":"Lo Vargas - Gonzalo Barroso","CLASIFICACION":"Camino Regional Comunal (En Proceso de Enrolamiento)","CALZADA":"U","tmda":null},"geometry":{"type":"LineString","coordinates":[[-70.87669,-33.25914],[-70.87773,-33.25729],[-70.88412,-33.25339],[-70.89508,-33.25066],[-70.89754,-33.24618],[-70.90756,-33.2382]]}},{"id":"3062","type":"Feature","properties":{"ROL":"S/R-G-142","NOMBRE_CAMINO":"Lo Vargas - Gonzalo Barroso","CLASIFICACION":"Camino Regional Comunal (En Proceso de Enrolamiento)","CALZADA":"U","tmda":null},"geometry":{"type":"LineString","coordinates":[[-70.90756,-33.2382],[-70.90807,-33.23172],[-70.91001,-33.22842]]}},{"id":"3063","type":"Feature","properties":{"ROL":"G-870","NOMBRE_CAMINO":"Corneche","CLASIFICACION":"Camino Regional Comunal (En Proceso de Enrolamiento)","CALZADA":"U","tmda":null},"geometry":{"type":"LineString","coordinates":[[-71.61103,-33.947],[-71.61515,-33.948],[-71.62307,-33.94662],[-71.6441,-33.95056],[-71.64512,-33.95205],[-71.64353,-33.95446]]}},{"id":"3064","type":"Feature","properties":{"ROL":"G-646","NOMBRE_CAMINO":"Chocalán - La Viluma","CLASIFICACION":"Camino Regional Comunal","CALZADA":"U","tmda":1060.0},"geometry":{"type":"LineString","coordinates":[[-71.16199,-33.7454],[-71.15512,-33.75027],[-71.15616,-33.75344],[-71.15532,-33.75707],[-71.1499,-33.75996],[-71.14516,-33.75928],[-71.13248,-33.76433],[-71.12689,-33.76442],[-71.12532,-33.7661],[-71.11962,-33.76703],[-71.11545,-33.77018],[-71.10675,-33.7726]]}},{"id":"3065","type":"Feature","properties":{"ROL":"G-852","NOMBRE_CAMINO":"Alto de Piedra","CLASIFICACION":"Camino Regional de Acceso (En Proceso de Enrolamiento)","CALZADA":"U","tmda":null},"geometry":{"type":"LineString","coordinates":[[-71.53816,-33.94385],[-71.541,-33.94493],[-71.54801,-33.94236],[-71.56004,-33.94768]]}},{"id":"3066","type":"Feature","properties":{"ROL":"G-92-H","NOMBRE_CAMINO":"Santa Inés - Alhué - El Membrillo, Sector: Límite Regional (Quilamuta) - El Membrillo","CLASIFICACION":"Camino Regional Principal (En Proceso de Enrolamiento)","CALZADA":"U","tmda":2632.0},"geometry":{"type":"LineString","coordinates":[[-71.00348,-34.03166],[-71.00083,-34.03258],[-70.99628,-34.0312],[-70.99079,-34.02641],[-70.98851,-34.02638]]}},{"id":"3067","type":"Feature","properties":{"ROL":"G-92-H","NOMBRE_CAMINO":"Santa Inés - Alhué - El Membrillo, Sector: Límite Regional (Quilamuta) - El Membrillo","CLASIFICACION":"Camino Regional Principal","CALZADA":"U","tmda":2632.0},"geometry":{"type":"LineString","coordinates":[[-71.26713,-34.06534],[-71.26014,-34.06722],[-71.255,-34.06629],[-71.20976,-34.02418],[-71.20133,-34.03389],[-71.19906,-34.03482],[-71.18702,-34.03163],[-71.17343,-34.03405],[-71.16189,-34.02954],[-71.14904,-34.03048],[-71.13452,-34.02741],[-71.13288,-34.02502],[-71.13109,-34.02467],[-71.11851,-34.02372],[-71.11051,-34.02424],[-71.10616,-34.02614],[-71.09648,-34.02529],[-71.08583,-34.03005],[-71.07483,-34.03232],[-71.06119,-34.03942],[-71.04798,-34.044],[-71.04103,-34.0415],[-71.0293,-34.03343],[-71.02202,-34.03466],[-71.01573,-34.03405],[-71.01224,-34.03164],[-71.00348,-34.03166]]}},{"id":"3068","type":"Feature","properties":{"ROL":"G-92-H","NOMBRE_CAMINO":"Santa Inés - Alhué - El Membrillo, Sector: Límite Regional (Quilamuta) - El Membrillo","CLASIFICACION":"Camino Regional Principal","CALZADA":"U","tmda":1558.0},"geometry":{"type":"LineString","coordinates":[[-71.26874,-34.06457],[-71.26713,-34.06534]]}},{"id":"3069","type":"Feature","properties":{"ROL":"G-696","NOMBRE_CAMINO":"San Alfonso - Loncha","CLASIFICACION":"Camino Regional Comunal","CALZADA":"U","tmda":null},"geometry":{"type":"LineString","coordinates":[[-71.2518,-34.06681],[-71.23025,-34.06199],[-71.22751,-34.06362],[-71.21011,-34.06718],[-71.20299,-34.07144],[-71.1941,-34.07927]]}},{"id":"3070","type":"Feature","properties":{"ROL":"G-696","NOMBRE_CAMINO":"San Alfonso - Loncha","CLASIFICACION":"Camino Regional Comunal","CALZADA":"U","tmda":null},"geometry":{"type":"LineString","coordinates":[[-71.25504,-34.06632],[-71.2518,-34.06681]]}},{"id":"3071","type":"Feature","properties":{"ROL":"G-500","NOMBRE_CAMINO":"Estancilla - Valdivia de Paine - Abrantes","CLASIFICACION":"Camino Regional Comunal","CALZADA":"U","tmda":2054.0},"geometry":{"type":"LineString","coordinates":[[-70.80971,-33.76031],[-70.82387,-33.76837],[-70.83023,-33.77465],[-70.83676,-33.78161],[-70.84678,-33.79725],[-70.85903,-33.80864],[-70.86052,-33.8122],[-70.86462,-33.81662],[-70.85747,-33.82007],[-70.8599,-33.82169],[-70.8599,-33.82458],[-70.85897,-33.82575],[-70.8533,-33.82662],[-70.85366,-33.8327],[-70.83079,-33.84275]]}},{"id":"3072","type":"Feature","properties":{"ROL":"G-521","NOMBRE_CAMINO":"San Eugenio","CLASIFICACION":"Camino Regional de Acceso (En Proceso de Enrolamiento)","CALZADA":"U","tmda":421.0},"geometry":{"type":"LineString","coordinates":[[-70.7173,-33.78472],[-70.70781,-33.78489]]}},{"id":"3073","type":"Feature","properties":{"ROL":"G-531","NOMBRE_CAMINO":"Paine - Huelquén","CLASIFICACION":"Camino Regional Provincial","CALZADA":"U","tmda":5376.0},"geometry":{"type":"LineString","coordinates":[[-70.65246,-33.80261],[-70.69131,-33.80443],[-70.69169,-33.80234],[-70.73931,-33.80855],[-70.7422,-33.80802]]}},{"id":"3074","type":"Feature","properties":{"ROL":"S/R-G-503","NOMBRE_CAMINO":"Vizcaya","CLASIFICACION":"Camino Regional Comunal (En Proceso de Enrolamiento)","CALZADA":"U","tmda":null},"geometry":{"type":"LineString","coordinates":[[-70.74411,-33.77835],[-70.73816,-33.77889]]}},{"id":"3075","type":"Feature","properties":{"ROL":"G-105-E","NOMBRE_CAMINO":"Cuesta Las Bateas, Sector: Montenegro - Límite Regional","CLASIFICACION":"Camino Regional Comunal","CALZADA":"U","tmda":1210.0},"geometry":{"type":"LineString","coordinates":[[-70.82854,-32.96366],[-70.82492,-32.96096],[-70.82174,-32.95594]]}},{"id":"3076","type":"Feature","properties":{"ROL":"G-251","NOMBRE_CAMINO":"Farellones - Valle Nevado","CLASIFICACION":"Camino Regional de Acceso","CALZADA":"U","tmda":null},"geometry":{"type":"LineString","coordinates":[[-70.31716,-33.35545],[-70.31236,-33.35569],[-70.30389,-33.36059],[-70.29134,-33.35989],[-70.28451,-33.36939],[-70.2814,-33.37037],[-70.27337,-33.37026],[-70.27167,-33.36897],[-70.27209,-33.36747],[-70.26884,-33.36608],[-70.27062,-33.36584],[-70.26775,-33.36363],[-70.26431,-33.36335],[-70.26652,-33.36311],[-70.2653,-33.36222],[-70.26235,-33.36218],[-70.26305,-33.36136],[-70.26154,-33.36023],[-70.25444,-33.36361],[-70.25908,-33.35955],[-70.25652,-33.3605],[-70.25872,-33.35874],[-70.25735,-33.35718],[-70.25793,-33.35884],[-70.25323,-33.36104]]}},{"id":"3077","type":"Feature","properties":{"ROL":"G-251","NOMBRE_CAMINO":"Farellones - Valle Nevado","CLASIFICACION":"Camino Regional de Acceso","CALZADA":"U","tmda":null},"geometry":{"type":"LineString","coordinates":[[-70.25323,-33.36104],[-70.2543,-33.35785],[-70.25349,-33.35987],[-70.25222,-33.35703],[-70.25255,-33.35922],[-70.25113,-33.35785],[-70.25129,-33.35956],[-70.24894,-33.35919],[-70.24883,-33.35395]]}},{"id":"3078","type":"Feature","properties":{"ROL":"G-822","NOMBRE_CAMINO":"Camarico","CLASIFICACION":"Camino Regional Comunal","CALZADA":"U","tmda":248.0},"geometry":{"type":"LineString","coordinates":[[-71.58085,-33.99522],[-71.58833,-33.99817],[-71.59217,-33.9965],[-71.59412,-33.99379],[-71.5974,-33.99314]]}},{"id":"3079","type":"Feature","properties":{"ROL":"G-455","NOMBRE_CAMINO":"Romeral - Embalse El Yeso - Termas El Plomo","CLASIFICACION":"Camino Regional Comunal","CALZADA":"U","tmda":null},"geometry":{"type":"LineString","coordinates":[[-69.96417,-33.62096],[-69.95861,-33.62432],[-69.95297,-33.63016],[-69.9455,-33.63425]]}},{"id":"3080","type":"Feature","properties":{"ROL":"S/R-G-168","NOMBRE_CAMINO":"La Campiña","CLASIFICACION":"Camino Regional de Acceso (En Proceso de Enrolamiento)","CALZADA":"U","tmda":null},"geometry":{"type":"LineString","coordinates":[[-70.86496,-33.2789],[-70.86104,-33.27451]]}},{"id":"3081","type":"Feature","properties":{"ROL":"S/R-G-136","NOMBRE_CAMINO":"Cerro Blanco - Polpaico","CLASIFICACION":"Camino Regional Comunal (En Proceso de Enrolamiento)","CALZADA":"U","tmda":null},"geometry":{"type":"LineString","coordinates":[[-70.81177,-33.13458],[-70.81582,-33.13706]]}},{"id":"3082","type":"Feature","properties":{"ROL":"G-604","NOMBRE_CAMINO":"La Manresa","CLASIFICACION":"Camino Regional de Acceso (En Proceso de Enrolamiento)","CALZADA":"U","tmda":null},"geometry":{"type":"LineString","coordinates":[[-71.00494,-33.71175],[-71.00504,-33.71188]]}},{"id":"3083","type":"Feature","properties":{"ROL":"G-105-E","NOMBRE_CAMINO":"Cuesta Las Bateas, Sector: Montenegro - Límite Regional","CLASIFICACION":"Camino Regional Comunal","CALZADA":"U","tmda":1210.0},"geometry":{"type":"LineString","coordinates":[[-70.82174,-32.95594],[-70.81024,-32.952]]}},{"id":"3084","type":"Feature","properties":{"ROL":"G-45-H","NOMBRE_CAMINO":"Camino Padre Hurtado, Sector: Padre Hurtado - Límite Regional (Cuesta Chada)","CLASIFICACION":"Camino Regional Principal","CALZADA":"U","tmda":2161.0},"geometry":{"type":"LineString","coordinates":[[-70.65324,-33.90236],[-70.65465,-33.90563],[-70.65645,-33.90599],[-70.65673,-33.90828],[-70.65173,-33.91512],[-70.64621,-33.91822],[-70.64562,-33.92143],[-70.64569,-33.92388],[-70.64863,-33.92124],[-70.64719,-33.92673],[-70.64916,-33.92908],[-70.64664,-33.93108],[-70.6489,-33.93488]]}},{"id":"3085","type":"Feature","properties":{"ROL":"G-54","NOMBRE_CAMINO":"Champa - Melipilla (Puente Ingeniero Marambio Antiguo)","CLASIFICACION":"Camino Regional Principal","CALZADA":"U","tmda":7494.0},"geometry":{"type":"LineString","coordinates":[[-70.74805,-33.85446],[-70.75754,-33.85574],[-70.76413,-33.85478],[-70.76793,-33.85611],[-70.77072,-33.85436],[-70.77559,-33.85435],[-70.78363,-33.84826],[-70.80161,-33.84088],[-70.82075,-33.83824],[-70.82116,-33.83973],[-70.83049,-33.8404],[-70.83377,-33.85564],[-70.84925,-33.85864],[-70.85604,-33.86139],[-70.88712,-33.87826],[-70.89005,-33.87846],[-70.89184,-33.87533],[-70.90158,-33.87487]]}},{"id":"3086","type":"Feature","properties":{"ROL":"G-54","NOMBRE_CAMINO":"Champa - Melipilla (Puente Ingeniero Marambio Antiguo)","CLASIFICACION":"Camino Regional Principal","CALZADA":"U","tmda":4932.0},"geometry":{"type":"LineString","coordinates":[[-71.14123,-33.7813],[-71.17813,-33.76965],[-71.18629,-33.76166],[-71.19114,-33.75577],[-71.19132,-33.75389],[-71.20393,-33.74673],[-71.20744,-33.74269],[-71.20548,-33.72674],[-71.21028,-33.72453],[-71.20855,-33.72045],[-71.21348,-33.71058]]}},{"id":"3087","type":"Feature","properties":{"ROL":"G-76","NOMBRE_CAMINO":"Lo Prado - Santa Inés - María Pinto - Bollenar","CLASIFICACION":"Camino Regional Principal","CALZADA":"U","tmda":2572.0},"geometry":{"type":"LineString","coordinates":[[-71.04515,-33.4881],[-71.04645,-33.48694],[-71.04818,-33.4877],[-71.04752,-33.49094],[-71.04892,-33.49203],[-71.05238,-33.49275],[-71.058,-33.49135],[-71.06751,-33.49648],[-71.06802,-33.498],[-71.06627,-33.50075],[-71.07865,-33.51467],[-71.09934,-33.51942],[-71.10168,-33.51417],[-71.11257,-33.51327],[-71.12634,-33.51809],[-71.13872,-33.52049],[-71.15689,-33.52259],[-71.17274,-33.52265],[-71.17539,-33.52471],[-71.18055,-33.52597],[-71.18711,-33.5291],[-71.2024,-33.54218],[-71.20986,-33.56163]]}},{"id":"3088","type":"Feature","properties":{"ROL":"G-437","NOMBRE_CAMINO":"Santa Cecilia","CLASIFICACION":"Camino Regional Comunal","CALZADA":"U","tmda":3078.0},"geometry":{"type":"LineString","coordinates":[[-70.53253,-33.67189],[-70.54221,-33.67155]]}},{"id":"3089","type":"Feature","properties":{"ROL":"G-668","NOMBRE_CAMINO":"Pangui Rosa - Codigua - Culiprán","CLASIFICACION":"Camino Regional Provincial","CALZADA":"U","tmda":1019.0},"geometry":{"type":"LineString","coordinates":[[-71.53823,-33.80552],[-71.52914,-33.8014],[-71.51434,-33.80137],[-71.50156,-33.79522],[-71.49541,-33.79697],[-71.49452,-33.8003],[-71.49012,-33.80364],[-71.48344,-33.8046],[-71.48316,-33.80243],[-71.47899,-33.80366],[-71.47766,-33.80234],[-71.47627,-33.80292],[-71.47542,-33.79985],[-71.47707,-33.7992],[-71.47489,-33.79866],[-71.46873,-33.79327]]}},{"id":"3090","type":"Feature","properties":{"ROL":"G-900","NOMBRE_CAMINO":"Quincanque - Las Canchillas - Lo Encañado","CLASIFICACION":"Camino Regional Comunal","CALZADA":"U","tmda":441.0},"geometry":{"type":"LineString","coordinates":[[-71.42566,-33.79429],[-71.42398,-33.7957],[-71.42174,-33.80415],[-71.42455,-33.80792],[-71.43195,-33.81159],[-71.44605,-33.81472]]}},{"id":"3091","type":"Feature","properties":{"ROL":"G-420","NOMBRE_CAMINO":"San Antonio de Naltahua","CLASIFICACION":"Camino Regional Comunal","CALZADA":"U","tmda":4995.0},"geometry":{"type":"LineString","coordinates":[[-70.91652,-33.72782],[-70.92429,-33.72338],[-70.93013,-33.72874]]}},{"id":"3092","type":"Feature","properties":{"ROL":"G-450","NOMBRE_CAMINO":"Santa Inés - Lo Guerra","CLASIFICACION":"Camino Regional Comunal","CALZADA":"U","tmda":null},"geometry":{"type":"LineString","coordinates":[[-70.85734,-33.73529],[-70.86638,-33.73259],[-70.87252,-33.73242]]}},{"id":"3093","type":"Feature","properties":{"ROL":"G-186","NOMBRE_CAMINO":"Av. Miraflores - Aeropuerto","CLASIFICACION":"Camino Regional Comunal","CALZADA":"U","tmda":null},"geometry":{"type":"LineString","coordinates":[[-70.76967,-33.39421],[-70.77457,-33.39236]]}},{"id":"3094","type":"Feature","properties":{"ROL":"G-188","NOMBRE_CAMINO":"Bernardo O'Higgins - Noviciado por Cinco Ojos","CLASIFICACION":"Camino Regional Comunal","CALZADA":"U","tmda":null},"geometry":{"type":"LineString","coordinates":[[-70.85614,-33.40298],[-70.86031,-33.40132],[-70.86934,-33.40066]]}},{"id":"3095","type":"Feature","properties":{"ROL":"G-141","NOMBRE_CAMINO":"Peldehue - Termas de Colina","CLASIFICACION":"Camino Regional de Acceso","CALZADA":"U","tmda":2007.0},"geometry":{"type":"LineString","coordinates":[[-70.64256,-33.17667],[-70.63282,-33.17686]]}},{"id":"3096","type":"Feature","properties":{"ROL":"S/R-G-566","NOMBRE_CAMINO":"Champa - Collipeumo","CLASIFICACION":"Camino Regional de Acceso (En Proceso de Enrolamiento)","CALZADA":"U","tmda":null},"geometry":{"type":"LineString","coordinates":[[-70.76378,-33.8548],[-70.7658,-33.84615]]}},{"id":"3097","type":"Feature","properties":{"ROL":"S/R-G-566","NOMBRE_CAMINO":"Champa - Collipeumo","CLASIFICACION":"Camino Regional de Acceso (En Proceso de Enrolamiento)","CALZADA":"U","tmda":null},"geometry":{"type":"LineString","coordinates":[[-70.77111,-33.84108],[-70.77838,-33.83784]]}},{"id":"3098","type":"Feature","properties":{"ROL":"G-438","NOMBRE_CAMINO":"Acevedo","CLASIFICACION":"Camino Regional de Acceso","CALZADA":"U","tmda":null},"geometry":{"type":"LineString","coordinates":[[-70.9111,-33.75091],[-70.91181,-33.75261]]}},{"id":"3099","type":"Feature","properties":{"ROL":"G-54","NOMBRE_CAMINO":"Champa - Melipilla (Puente Ingeniero Marambio Antiguo)","CLASIFICACION":"Camino Regional Principal","CALZADA":"U","tmda":5164.0},"geometry":{"type":"LineString","coordinates":[[-70.97403,-33.85141],[-70.97503,-33.85079],[-70.97561,-33.85306],[-70.97753,-33.85283],[-70.97633,-33.8518],[-70.97882,-33.85296],[-70.98546,-33.85244],[-70.98594,-33.85048],[-70.98844,-33.84962],[-70.9886,-33.84788],[-71.00213,-33.84457],[-71.0078,-33.83739],[-71.01738,-33.83353]]}},{"id":"3100","type":"Feature","properties":{"ROL":"G-804","NOMBRE_CAMINO":"El Prado - La Manga, Sector: El Yali - Límite Regional (La Manga)","CLASIFICACION":"Camino Regional Provincial","CALZADA":"U","tmda":1088.0},"geometry":{"type":"LineString","coordinates":[[-71.61762,-33.89669],[-71.62552,-33.89398]]}},{"id":"3101","type":"Feature","properties":{"ROL":"G-102","NOMBRE_CAMINO":"Cuesta Caleu","CLASIFICACION":"Camino Regional Comunal","CALZADA":"U","tmda":310.0},"geometry":{"type":"LineString","coordinates":[[-70.96776,-32.99865],[-70.98017,-32.99857]]}},{"id":"3102","type":"Feature","properties":{"ROL":"G-121","NOMBRE_CAMINO":"Los Talaveras","CLASIFICACION":"Camino Regional Comunal","CALZADA":"U","tmda":234.0},"geometry":{"type":"LineString","coordinates":[[-70.70916,-33.02736],[-70.70627,-33.01155]]}},{"id":"3103","type":"Feature","properties":{"ROL":"S/R-G-142","NOMBRE_CAMINO":"Lo Vargas - Gonzalo Barroso","CLASIFICACION":"Camino Regional Comunal (En Proceso de Enrolamiento)","CALZADA":"U","tmda":null},"geometry":{"type":"LineString","coordinates":[[-70.85594,-33.272],[-70.85668,-33.27206]]}},{"id":"3104","type":"Feature","properties":{"ROL":"S/R-G-163","NOMBRE_CAMINO":"Los Ingleses","CLASIFICACION":"Camino Regional Comunal (En Proceso de Enrolamiento)","CALZADA":"U","tmda":null},"geometry":{"type":"LineString","coordinates":[[-70.67255,-33.23654],[-70.66947,-33.23089]]}},{"id":"3105","type":"Feature","properties":{"ROL":"G-431","NOMBRE_CAMINO":"Las Majadas Oriente","CLASIFICACION":"Camino Regional Comunal","CALZADA":"U","tmda":null},"geometry":{"type":"LineString","coordinates":[[-70.53507,-33.64208],[-70.53466,-33.64487]]}},{"id":"3106","type":"Feature","properties":{"ROL":"G-455","NOMBRE_CAMINO":"Romeral - Embalse El Yeso - Mina de Yeso","CLASIFICACION":"Camino Regional Comunal","CALZADA":"U","tmda":851.0},"geometry":{"type":"LineString","coordinates":[[-70.21213,-33.79252],[-70.21002,-33.79275]]}},{"id":"3107","type":"Feature","properties":{"ROL":"G-465","NOMBRE_CAMINO":"Las Melosas","CLASIFICACION":"Camino Regional Comunal","CALZADA":"U","tmda":null},"geometry":{"type":"LineString","coordinates":[[-70.19866,-33.84942],[-70.19941,-33.85509],[-70.19706,-33.85904],[-70.19678,-33.86452],[-70.1945,-33.86764]]}},{"id":"3108","type":"Feature","properties":{"ROL":"G-340","NOMBRE_CAMINO":"Lo Herrera - Barrancón","CLASIFICACION":"Camino Regional Comunal","CALZADA":"U","tmda":9737.0},"geometry":{"type":"LineString","coordinates":[[-70.71655,-33.60971],[-70.72022,-33.61646]]}},{"id":"3109","type":"Feature","properties":{"ROL":"G-340","NOMBRE_CAMINO":"Lo Herrera - Barrancón","CLASIFICACION":"Camino Regional Comunal","CALZADA":"U","tmda":9737.0},"geometry":{"type":"LineString","coordinates":[[-70.74514,-33.68639],[-70.7449,-33.69372]]}},{"id":"3110","type":"Feature","properties":{"ROL":"G-352","NOMBRE_CAMINO":"Las Monjas - Calera de Tango","CLASIFICACION":"Camino Regional Comunal","CALZADA":"U","tmda":null},"geometry":{"type":"LineString","coordinates":[[-70.75865,-33.63097],[-70.75962,-33.63448]]}},{"id":"3111","type":"Feature","properties":{"ROL":"G-624","NOMBRE_CAMINO":"El Tránsito","CLASIFICACION":"Camino Regional Comunal (En Proceso de Enrolamiento)","CALZADA":"U","tmda":1422.0},"geometry":{"type":"LineString","coordinates":[[-71.21727,-33.65874],[-71.21607,-33.65783]]}},{"id":"3112","type":"Feature","properties":{"ROL":"G-646","NOMBRE_CAMINO":"Chocalán - La Viluma","CLASIFICACION":"Camino Regional Comunal","CALZADA":"U","tmda":1060.0},"geometry":{"type":"LineString","coordinates":[[-71.20857,-33.72039],[-71.20534,-33.71851],[-71.20278,-33.71887],[-71.19045,-33.72483]]}},{"id":"3113","type":"Feature","properties":{"ROL":"G-646","NOMBRE_CAMINO":"Chocalán - La Viluma","CLASIFICACION":"Camino Regional Comunal (En Proceso de Enrolamiento)","CALZADA":"U","tmda":1060.0},"geometry":{"type":"LineString","coordinates":[[-71.10675,-33.7726],[-71.08452,-33.77604],[-71.08526,-33.7784],[-71.08285,-33.78166],[-71.07881,-33.78176]]}},{"id":"3114","type":"Feature","properties":{"ROL":"G-668","NOMBRE_CAMINO":"Pangui Rosa - Codigua - Culiprán","CLASIFICACION":"Camino Regional Provincial","CALZADA":"U","tmda":1019.0},"geometry":{"type":"LineString","coordinates":[[-71.46873,-33.79327],[-71.46803,-33.79258]]}},{"id":"3115","type":"Feature","properties":{"ROL":"G-680","NOMBRE_CAMINO":"San Vicente - Lo Chacón - Cuesta Alhué","CLASIFICACION":"Camino Regional Comunal","CALZADA":"U","tmda":714.0},"geometry":{"type":"LineString","coordinates":[[-71.21506,-34.01662],[-71.20891,-34.02439]]}},{"id":"3116","type":"Feature","properties":{"ROL":"G-690","NOMBRE_CAMINO":"Loyca - Loyca Abajo","CLASIFICACION":"Camino Regional Comunal","CALZADA":"U","tmda":null},"geometry":{"type":"LineString","coordinates":[[-71.4027,-34.00676],[-71.40347,-34.00734],[-71.40773,-34.0037]]}},{"id":"3117","type":"Feature","properties":{"ROL":"G-714","NOMBRE_CAMINO":"Lumbreras de Puangue","CLASIFICACION":"Camino Regional Comunal","CALZADA":"U","tmda":null},"geometry":{"type":"LineString","coordinates":[[-71.29027,-33.6239],[-71.28732,-33.62513]]}},{"id":"3118","type":"Feature","properties":{"ROL":"S/R-G-754","NOMBRE_CAMINO":"Lo Ovalle - Variante El Ranchillo","CLASIFICACION":"Camino Regional Comunal (En Proceso de Enrolamiento)","CALZADA":"U","tmda":null},"geometry":{"type":"LineString","coordinates":[[-71.07971,-33.49846],[-71.08061,-33.50184]]}},{"id":"3119","type":"Feature","properties":{"ROL":"G-770","NOMBRE_CAMINO":"El Atajo - Los Molles","CLASIFICACION":"Camino Regional de Acceso","CALZADA":"U","tmda":null},"geometry":{"type":"LineString","coordinates":[[-71.24008,-33.80772],[-71.24464,-33.81275]]}},{"id":"3120","type":"Feature","properties":{"ROL":"S/R-G-812","NOMBRE_CAMINO":"Las Pilastras","CLASIFICACION":"Camino Regional Comunal (En Proceso de Enrolamiento)","CALZADA":"U","tmda":null},"geometry":{"type":"LineString","coordinates":[[-71.16971,-33.56826],[-71.16878,-33.57315]]}},{"id":"3121","type":"Feature","properties":{"ROL":"S/R-G-812","NOMBRE_CAMINO":"Las Pilastras","CLASIFICACION":"Camino Regional Comunal (En Proceso de Enrolamiento)","CALZADA":"U","tmda":null},"geometry":{"type":"LineString","coordinates":[[-71.16843,-33.57493],[-71.16798,-33.57714]]}},{"id":"3122","type":"Feature","properties":{"ROL":"S/R-G-812","NOMBRE_CAMINO":"Las Pilastras","CLASIFICACION":"Camino Regional Comunal (En Proceso de Enrolamiento)","CALZADA":"U","tmda":null},"geometry":{"type":"LineString","coordinates":[[-71.1589,-33.59117],[-71.14895,-33.59109]]}},{"id":"3123","type":"Feature","properties":{"ROL":"G-850","NOMBRE_CAMINO":"Nihue - La Manga","CLASIFICACION":"Camino Regional Comunal","CALZADA":"U","tmda":648.0},"geometry":{"type":"LineString","coordinates":[[-71.52105,-33.99248],[-71.52916,-33.99222],[-71.53401,-33.99357],[-71.5477,-33.9902],[-71.55304,-33.97827],[-71.56074,-33.97359]]}},{"id":"3124","type":"Feature","properties":{"ROL":"S/R-G-922","NOMBRE_CAMINO":"Quebrada Honda","CLASIFICACION":"Camino Regional Comunal (En Proceso de Enrolamiento)","CALZADA":"U","tmda":null},"geometry":{"type":"LineString","coordinates":[[-71.0635,-33.4334],[-71.06552,-33.42935]]}},{"id":"3125","type":"Feature","properties":{"ROL":"G-180","NOMBRE_CAMINO":"Av. Condell - Lo Boza","CLASIFICACION":"Camino Regional Comunal","CALZADA":"U","tmda":null},"geometry":{"type":"LineString","coordinates":[[-70.7447,-33.39448],[-70.74879,-33.39371],[-70.76023,-33.38648]]}},{"id":"3126","type":"Feature","properties":{"ROL":"G-188","NOMBRE_CAMINO":"Bernardo O'Higgins - Noviciado por Cinco Ojos","CLASIFICACION":"Camino Regional Comunal","CALZADA":"U","tmda":null},"geometry":{"type":"LineString","coordinates":[[-70.90109,-33.39931],[-70.90532,-33.39917]]}},{"id":"3127","type":"Feature","properties":{"ROL":"G-135","NOMBRE_CAMINO":"Acceso a Tranque Huechún","CLASIFICACION":"Camino Regional de Acceso","CALZADA":"U","tmda":null},"geometry":{"type":"LineString","coordinates":[[-70.7961,-33.0953],[-70.79838,-33.08648]]}},{"id":"3128","type":"Feature","properties":{"ROL":"G-141","NOMBRE_CAMINO":"Peldehue - Termas de Colina","CLASIFICACION":"Camino Regional de Acceso","CALZADA":"U","tmda":2007.0},"geometry":{"type":"LineString","coordinates":[[-70.60766,-33.19023],[-70.60649,-33.18998],[-70.60609,-33.19151],[-70.59911,-33.18437]]}},{"id":"3129","type":"Feature","properties":{"ROL":"S/R-G-153","NOMBRE_CAMINO":"La Viñita","CLASIFICACION":"Camino Regional Comunal (En Proceso de Enrolamiento)","CALZADA":"U","tmda":null},"geometry":{"type":"LineString","coordinates":[[-70.7384,-33.24758],[-70.73475,-33.24683],[-70.73557,-33.24171]]}},{"id":"3130","type":"Feature","properties":{"ROL":"S/R-G-173","NOMBRE_CAMINO":"Santa Cecilia","CLASIFICACION":"Camino Regional Comunal (En Proceso de Enrolamiento)","CALZADA":"U","tmda":null},"geometry":{"type":"LineString","coordinates":[[-70.70775,-33.26123],[-70.71169,-33.26057]]}},{"id":"3131","type":"Feature","properties":{"ROL":"G-686","NOMBRE_CAMINO":"Polulo - Loncha","CLASIFICACION":"Camino Regional Comunal","CALZADA":"U","tmda":null},"geometry":{"type":"LineString","coordinates":[[-71.21071,-34.04792],[-71.2171,-34.05481]]}},{"id":"3132","type":"Feature","properties":{"ROL":"S/R-G-798","NOMBRE_CAMINO":"San Bernardo","CLASIFICACION":"Camino Regional de Acceso (En Proceso de Enrolamiento)","CALZADA":"U","tmda":null},"geometry":{"type":"LineString","coordinates":[[-71.08626,-33.56384],[-71.08004,-33.56345]]}},{"id":"3133","type":"Feature","properties":{"ROL":"G-870","NOMBRE_CAMINO":"Corneche","CLASIFICACION":"Camino Regional Comunal","CALZADA":"U","tmda":null},"geometry":{"type":"LineString","coordinates":[[-71.59856,-33.9396],[-71.60304,-33.93835],[-71.60666,-33.94106],[-71.61103,-33.947]]}},{"id":"4088","type":"Feature","properties":{"ROL":"G-25","NOMBRE_CAMINO":"Av. La Florida - San José de Maipo - Lo Valdés","CLASIFICACION":"Camino Regional Principal","CALZADA":"U","tmda":1134.0},"geometry":{"type":"LineString","coordinates":[[-70.23027,-33.7857],[-70.22027,-33.79403],[-70.21815,-33.80363],[-70.21495,-33.80716],[-70.2034,-33.81403],[-70.18444,-33.81499],[-70.18031,-33.81408],[-70.17181,-33.81656],[-70.15764,-33.81606],[-70.14381,-33.81848],[-70.13528,-33.81787],[-70.12913,-33.8205],[-70.12767,-33.8231],[-70.10959,-33.82998],[-70.10217,-33.82929],[-70.09994,-33.83082],[-70.09115,-33.83176],[-70.08654,-33.82948],[-70.08244,-33.83148],[-70.0796,-33.82956],[-70.07262,-33.8284],[-70.0685,-33.82933],[-70.0585,-33.8264],[-70.05562,-33.82879]]}},{"id":"4805","type":"Feature","properties":{"ROL":"G-16","NOMBRE_CAMINO":"Rungue - Lo Echevers","CLASIFICACION":"Camino Regional Principal","CALZADA":"U","tmda":4423.0},"geometry":{"type":"LineString","coordinates":[[-70.89404,-33.16511],[-70.89665,-33.19122],[-70.90068,-33.19682],[-70.90547,-33.19861],[-70.91388,-33.20433],[-70.92437,-33.22423],[-70.92607,-33.23744],[-70.92187,-33.24252],[-70.90851,-33.25049],[-70.90538,-33.25535],[-70.89992,-33.25968]]}},{"id":"4806","type":"Feature","properties":{"ROL":"G-394","NOMBRE_CAMINO":"La Colonia - Berlín","CLASIFICACION":"Camino Regional Comunal","CALZADA":"U","tmda":3257.0},"geometry":{"type":"LineString","coordinates":[[-70.86934,-33.62559],[-70.88758,-33.62761]]}},{"id":"4807","type":"Feature","properties":{"ROL":"G-394","NOMBRE_CAMINO":"La Colonia - Berlín","CLASIFICACION":"Camino Regional Comunal","CALZADA":"I","tmda":3257.0},"geometry":{"type":"LineString","coordinates":[[-70.88758,-33.62761],[-70.89128,-33.62802]]}},{"id":"4808","type":"Feature","properties":{"ROL":"G-394","NOMBRE_CAMINO":"La Colonia - Berlín","CLASIFICACION":"Camino Regional Comunal","CALZADA":"U","tmda":3257.0},"geometry":{"type":"LineString","coordinates":[[-70.89128,-33.62802],[-70.9104,-33.63009]]}},{"id":"4809","type":"Feature","properties":{"ROL":"G-394","NOMBRE_CAMINO":"La Colonia - Berlín","CLASIFICACION":"Camino Regional Comunal","CALZADA":"D","tmda":3257.0},"geometry":{"type":"LineString","coordinates":[[-70.88758,-33.62761],[-70.89128,-33.62802]]}},{"id":"4810","type":"Feature","properties":{"ROL":"G-417","NOMBRE_CAMINO":"Lo Arcaya de Pirque","CLASIFICACION":"Camino Regional Comunal","CALZADA":"U","tmda":null},"geometry":{"type":"LineString","coordinates":[[-70.57678,-33.68661],[-70.57728,-33.69018]]}},{"id":"4811","type":"Feature","properties":{"ROL":"G-53","NOMBRE_CAMINO":"Paine - Linderos - Buin","CLASIFICACION":"Camino Regional Principal","CALZADA":"U","tmda":53.0},"geometry":{"type":"LineString","coordinates":[[-70.73542,-33.75231],[-70.73549,-33.7621],[-70.743,-33.81378]]}},{"id":"4812","type":"Feature","properties":{"ROL":"G-53","NOMBRE_CAMINO":"Paine - Linderos - Buin","CLASIFICACION":"Camino Regional Principal","CALZADA":"D","tmda":53.0},"geometry":{"type":"LineString","coordinates":[[-70.743,-33.81378],[-70.74283,-33.8142]]}},{"id":"4813","type":"Feature","properties":{"ROL":"G-53","NOMBRE_CAMINO":"Paine - Linderos - Buin","CLASIFICACION":"Camino Regional Principal","CALZADA":"I","tmda":53.0},"geometry":{"type":"LineString","coordinates":[[-70.743,-33.81378],[-70.74283,-33.8142]]}},{"id":"4814","type":"Feature","properties":{"ROL":"G-53","NOMBRE_CAMINO":"Paine - Linderos - Buin","CLASIFICACION":"Camino Regional Principal","CALZADA":"U","tmda":53.0},"geometry":{"type":"LineString","coordinates":[[-70.73181,-33.73437],[-70.73181,-33.73676],[-70.73562,-33.73778],[-70.73542,-33.75231]]}},{"id":"4815","type":"Feature","properties":{"ROL":"G-53","NOMBRE_CAMINO":"Paine - Linderos - Buin","CLASIFICACION":"Camino Regional Principal","CALZADA":"U","tmda":53.0},"geometry":{"type":"LineString","coordinates":[[-70.74283,-33.8142],[-70.74469,-33.82523]]}},{"id":"4816","type":"Feature","properties":{"ROL":"G-588","NOMBRE_CAMINO":"La Puntilla","CLASIFICACION":"Camino Regional Provincial","CALZADA":"U","tmda":null},"geometry":{"type":"LineString","coordinates":[[-70.99278,-33.67383],[-70.99441,-33.64285],[-70.98803,-33.63736]]}},{"id":"4817","type":"Feature","properties":{"ROL":"G-396","NOMBRE_CAMINO":"Los Aromos","CLASIFICACION":"Camino Regional Comunal","CALZADA":"U","tmda":null},"geometry":{"type":"LineString","coordinates":[[-70.87484,-33.54821],[-70.88338,-33.55989]]}},{"id":"4818","type":"Feature","properties":{"ROL":"G-517","NOMBRE_CAMINO":"El Cerrillo","CLASIFICACION":"Camino Regional de Acceso","CALZADA":"U","tmda":null},"geometry":{"type":"LineString","coordinates":[[-70.73413,-33.76156],[-70.73203,-33.77015],[-70.69728,-33.76962]]}},{"id":"4819","type":"Feature","properties":{"ROL":"G-312","NOMBRE_CAMINO":"Pajaritos","CLASIFICACION":"Camino Regional de Acceso","CALZADA":"U","tmda":null},"geometry":{"type":"LineString","coordinates":[[-70.8457,-33.59696],[-70.85051,-33.59419],[-70.86095,-33.5915],[-70.87105,-33.59561],[-70.88032,-33.59538],[-70.88205,-33.59698]]}},{"id":"4820","type":"Feature","properties":{"ROL":"G-167","NOMBRE_CAMINO":"Santa Luisa","CLASIFICACION":"Camino Regional de Acceso","CALZADA":"U","tmda":null},"geometry":{"type":"LineString","coordinates":[[-70.70037,-33.27107],[-70.69185,-33.27416],[-70.69033,-33.27342],[-70.68853,-33.26749]]}},{"id":"4821","type":"Feature","properties":{"ROL":"G-758","NOMBRE_CAMINO":"El Ranchillo","CLASIFICACION":"Camino Regional Comunal","CALZADA":"U","tmda":795.0},"geometry":{"type":"LineString","coordinates":[[-71.10251,-33.51401],[-71.10225,-33.49985],[-71.09626,-33.49918],[-71.09541,-33.48955],[-71.07705,-33.4883]]}},{"id":"4822","type":"Feature","properties":{"ROL":"G-464","NOMBRE_CAMINO":"La Herradura","CLASIFICACION":"Camino Regional Comunal","CALZADA":"U","tmda":null},"geometry":{"type":"LineString","coordinates":[[-70.86638,-33.73259],[-70.86246,-33.7252]]}},{"id":"4823","type":"Feature","properties":{"ROL":"G-376","NOMBRE_CAMINO":"San Javier - Lo Aguado","CLASIFICACION":"Camino Regional de Acceso","CALZADA":"U","tmda":null},"geometry":{"type":"LineString","coordinates":[[-70.86005,-33.62385],[-70.85762,-33.62917]]}},{"id":"4824","type":"Feature","properties":{"ROL":"G-756","NOMBRE_CAMINO":"Isla de Rojas","CLASIFICACION":"Camino Regional de Acceso","CALZADA":"U","tmda":null},"geometry":{"type":"LineString","coordinates":[[-71.06313,-33.48444],[-71.06369,-33.49011],[-71.06559,-33.49071],[-71.06727,-33.48979],[-71.06699,-33.48874]]}},{"id":"4825","type":"Feature","properties":{"ROL":"G-708","NOMBRE_CAMINO":"Santa Rosa - Villa Alegre - Campo Lindo","CLASIFICACION":"Camino Regional Comunal","CALZADA":"U","tmda":2601.0},"geometry":{"type":"LineString","coordinates":[[-71.2752,-33.66465],[-71.27958,-33.65052],[-71.26919,-33.62754]]}},{"id":"4826","type":"Feature","properties":{"ROL":"G-370","NOMBRE_CAMINO":"Loreto","CLASIFICACION":"Camino Regional Comunal","CALZADA":"U","tmda":2824.0},"geometry":{"type":"LineString","coordinates":[[-70.87852,-33.63775],[-70.85551,-33.64245],[-70.82715,-33.6527]]}},{"id":"4827","type":"Feature","properties":{"ROL":"G-416","NOMBRE_CAMINO":"El Recreo","CLASIFICACION":"Camino Regional de Acceso","CALZADA":"U","tmda":null},"geometry":{"type":"LineString","coordinates":[[-70.85511,-33.71176],[-70.84845,-33.71463]]}},{"id":"4828","type":"Feature","properties":{"ROL":"G-538","NOMBRE_CAMINO":"Presidente Juan Antonio Ríos","CLASIFICACION":"Camino Regional Comunal","CALZADA":"U","tmda":null},"geometry":{"type":"LineString","coordinates":[[-70.77525,-33.83551],[-70.78,-33.83386]]}},{"id":"4829","type":"Feature","properties":{"ROL":"G-501","NOMBRE_CAMINO":"El Cuadro","CLASIFICACION":"Camino Regional de Acceso","CALZADA":"U","tmda":null},"geometry":{"type":"LineString","coordinates":[[-70.74581,-33.78858],[-70.74057,-33.78908]]}},{"id":"4830","type":"Feature","properties":{"ROL":"G-678","NOMBRE_CAMINO":"El Sauce - Los Culenes","CLASIFICACION":"Camino Regional Comunal","CALZADA":"U","tmda":null},"geometry":{"type":"LineString","coordinates":[[-71.39026,-33.8677],[-71.38528,-33.87068],[-71.37642,-33.88567],[-71.37072,-33.89068],[-71.37247,-33.89858],[-71.37703,-33.90121],[-71.39163,-33.90336],[-71.39547,-33.90224],[-71.39908,-33.89825],[-71.40266,-33.8964]]}},{"id":"4831","type":"Feature","properties":{"ROL":"G-431","NOMBRE_CAMINO":"Las Majadas Oriente","CLASIFICACION":"Camino Regional Comunal","CALZADA":"U","tmda":null},"geometry":{"type":"LineString","coordinates":[[-70.54265,-33.63627],[-70.53642,-33.63439],[-70.53507,-33.64208]]}},{"id":"4832","type":"Feature","properties":{"ROL":"G-332","NOMBRE_CAMINO":"San José de Tango Oriente","CLASIFICACION":"Camino Regional de Acceso","CALZADA":"U","tmda":null},"geometry":{"type":"LineString","coordinates":[[-70.78417,-33.61768],[-70.77754,-33.62071]]}},{"id":"4833","type":"Feature","properties":{"ROL":"G-494","NOMBRE_CAMINO":"La Cervera","CLASIFICACION":"Camino Regional Comunal","CALZADA":"U","tmda":null},"geometry":{"type":"LineString","coordinates":[[-70.74158,-33.76103],[-70.75522,-33.75713],[-70.76412,-33.77043],[-70.77305,-33.7652],[-70.77222,-33.76397],[-70.79005,-33.76089]]}},{"id":"4834","type":"Feature","properties":{"ROL":"G-450","NOMBRE_CAMINO":"Santa Inés - Lo Guerra","CLASIFICACION":"Camino Regional Comunal","CALZADA":"U","tmda":null},"geometry":{"type":"LineString","coordinates":[[-70.87252,-33.73242],[-70.8846,-33.73213],[-70.89457,-33.74546]]}},{"id":"4835","type":"Feature","properties":{"ROL":"G-348","NOMBRE_CAMINO":"San José de Nos","CLASIFICACION":"Camino Regional Comunal","CALZADA":"U","tmda":null},"geometry":{"type":"LineString","coordinates":[[-70.71335,-33.6337],[-70.72917,-33.63141]]}},{"id":"4836","type":"Feature","properties":{"ROL":"G-526","NOMBRE_CAMINO":"Santa Victoria","CLASIFICACION":"Camino Regional Comunal","CALZADA":"U","tmda":null},"geometry":{"type":"LineString","coordinates":[[-70.75012,-33.81294],[-70.75206,-33.81092],[-70.76391,-33.80971]]}},{"id":"4837","type":"Feature","properties":{"ROL":"G-149","NOMBRE_CAMINO":"Liray","CLASIFICACION":"Camino Regional Provincial","CALZADA":"U","tmda":5476.0},"geometry":{"type":"LineString","coordinates":[[-70.75668,-33.24038],[-70.7515,-33.23944],[-70.73575,-33.2402],[-70.73547,-33.2418],[-70.7328,-33.24154],[-70.71735,-33.25157]]}},{"id":"4838","type":"Feature","properties":{"ROL":"G-112","NOMBRE_CAMINO":"Escuela El Llano","CLASIFICACION":"Camino Regional de Acceso","CALZADA":"U","tmda":null},"geometry":{"type":"LineString","coordinates":[[-70.98061,-33.02457],[-70.97603,-33.02263]]}},{"id":"4839","type":"Feature","properties":{"ROL":"G-628","NOMBRE_CAMINO":"El Tránsito - Acceso a Pomaire","CLASIFICACION":"Camino Regional de Acceso","CALZADA":"U","tmda":null},"geometry":{"type":"LineString","coordinates":[[-71.15562,-33.65818],[-71.15494,-33.65814]]}},{"id":"4840","type":"Feature","properties":{"ROL":"G-545","NOMBRE_CAMINO":"Lo Donoso","CLASIFICACION":"Camino Regional Comunal","CALZADA":"U","tmda":null},"geometry":{"type":"LineString","coordinates":[[-70.7515,-33.82245],[-70.74608,-33.82807]]}},{"id":"4841","type":"Feature","properties":{"ROL":"G-160","NOMBRE_CAMINO":"Estación Colina - Puente Nuevo","CLASIFICACION":"Camino Regional Comunal","CALZADA":"U","tmda":null},"geometry":{"type":"LineString","coordinates":[[-70.7578,-33.28272],[-70.76656,-33.27338]]}},{"id":"4842","type":"Feature","properties":{"ROL":"G-666","NOMBRE_CAMINO":"Codigua - Porvenir","CLASIFICACION":"Camino Regional de Acceso","CALZADA":"U","tmda":null},"geometry":{"type":"LineString","coordinates":[[-71.32371,-33.75795],[-71.33009,-33.74722]]}},{"id":"4843","type":"Feature","properties":{"ROL":"G-398","NOMBRE_CAMINO":"San Guillermo","CLASIFICACION":"Camino Regional de Acceso","CALZADA":"U","tmda":null},"geometry":{"type":"LineString","coordinates":[[-70.87993,-33.63969],[-70.88528,-33.63923]]}},{"id":"4844","type":"Feature","properties":{"ROL":"G-806","NOMBRE_CAMINO":"El Asilo - La Floresta, Sector: Puente Estero Seco - Límite Regional (El Asilo)","CLASIFICACION":"Camino Regional Comunal","CALZADA":"U","tmda":560.0},"geometry":{"type":"LineString","coordinates":[[-71.38011,-33.70057],[-71.37964,-33.71275],[-71.37292,-33.73201],[-71.35929,-33.74603]]}},{"id":"4845","type":"Feature","properties":{"ROL":"G-360","NOMBRE_CAMINO":"El Romeral","CLASIFICACION":"Camino Regional Comunal","CALZADA":"U","tmda":null},"geometry":{"type":"LineString","coordinates":[[-70.72623,-33.68828],[-70.7449,-33.69372]]}},{"id":"4846","type":"Feature","properties":{"ROL":"G-412","NOMBRE_CAMINO":"Las Parcelas","CLASIFICACION":"Camino Regional Comunal","CALZADA":"U","tmda":4783.0},"geometry":{"type":"LineString","coordinates":[[-70.91892,-33.72006],[-70.89219,-33.7145],[-70.86287,-33.72563],[-70.85553,-33.72528]]}},{"id":"4847","type":"Feature","properties":{"ROL":"G-576","NOMBRE_CAMINO":"Acceso La Palma","CLASIFICACION":"Camino Regional Comunal","CALZADA":"U","tmda":null},"geometry":{"type":"LineString","coordinates":[[-70.96911,-33.70509],[-70.95957,-33.70231]]}},{"id":"4848","type":"Feature","properties":{"ROL":"G-530","NOMBRE_CAMINO":"Presidente Pedro Aguirre Cerda","CLASIFICACION":"Camino Regional Comunal","CALZADA":"U","tmda":null},"geometry":{"type":"LineString","coordinates":[[-70.75297,-33.82863],[-70.76777,-33.82017]]}},{"id":"4849","type":"Feature","properties":{"ROL":"G-534","NOMBRE_CAMINO":"Colonias de Paine","CLASIFICACION":"Camino Regional Comunal","CALZADA":"U","tmda":null},"geometry":{"type":"LineString","coordinates":[[-70.75297,-33.8296],[-70.75815,-33.83726]]}},{"id":"4850","type":"Feature","properties":{"ROL":"G-720","NOMBRE_CAMINO":"Caletera, El Carrizo - Casas de Puangue","CLASIFICACION":"Camino Regional de Acceso","CALZADA":"U","tmda":null},"geometry":{"type":"LineString","coordinates":[[-71.34394,-33.65337],[-71.33793,-33.64786],[-71.33459,-33.64131],[-71.32361,-33.63332],[-71.31545,-33.63139],[-71.31583,-33.63341]]}},{"id":"4851","type":"Feature","properties":{"ROL":"G-352","NOMBRE_CAMINO":"Las Monjas - Calera de Tango","CLASIFICACION":"Camino Regional Comunal","CALZADA":"U","tmda":null},"geometry":{"type":"LineString","coordinates":[[-70.75962,-33.63448],[-70.76237,-33.6413]]}},{"id":"4852","type":"Feature","properties":{"ROL":"G-409","NOMBRE_CAMINO":"Pozos Areneros","CLASIFICACION":"Camino Regional de Acceso","CALZADA":"U","tmda":null},"geometry":{"type":"LineString","coordinates":[[-70.58572,-33.6622],[-70.60419,-33.66499],[-70.60386,-33.66732]]}},{"id":"4853","type":"Feature","properties":{"ROL":"G-584","NOMBRE_CAMINO":"Santa Mariana","CLASIFICACION":"Camino Regional Comunal","CALZADA":"U","tmda":null},"geometry":{"type":"LineString","coordinates":[[-70.97476,-33.68643],[-70.98916,-33.69399],[-70.99171,-33.7142]]}},{"id":"4854","type":"Feature","properties":{"ROL":"G-144","NOMBRE_CAMINO":"Santa Sara","CLASIFICACION":"Camino Regional Comunal","CALZADA":"U","tmda":6526.0},"geometry":{"type":"LineString","coordinates":[[-70.7744,-33.22567],[-70.78688,-33.19997],[-70.78881,-33.18846]]}},{"id":"4855","type":"Feature","properties":{"ROL":"G-245","NOMBRE_CAMINO":"Corral Quemado - La Disputada","CLASIFICACION":"Camino Regional de Acceso","CALZADA":"U","tmda":null},"geometry":{"type":"LineString","coordinates":[[-70.36399,-33.34701],[-70.36459,-33.3336],[-70.36167,-33.3316],[-70.36245,-33.32933],[-70.36132,-33.32802],[-70.36157,-33.32052],[-70.35692,-33.30813],[-70.35906,-33.30369],[-70.3578,-33.29992],[-70.35563,-33.29783],[-70.35453,-33.28861],[-70.35129,-33.28178],[-70.35083,-33.27685],[-70.35278,-33.27512],[-70.35126,-33.27209],[-70.35135,-33.26674],[-70.34864,-33.25999],[-70.34585,-33.25824],[-70.3447,-33.25423],[-70.3444,-33.25037],[-70.34634,-33.24468],[-70.34292,-33.23876],[-70.34602,-33.22993],[-70.34343,-33.22737],[-70.34406,-33.22655],[-70.34071,-33.22809],[-70.34321,-33.22568],[-70.34022,-33.22072],[-70.34092,-33.21317],[-70.33831,-33.2124],[-70.33974,-33.21035],[-70.33771,-33.19901]]}},{"id":"4856","type":"Feature","properties":{"ROL":"G-541","NOMBRE_CAMINO":"Gilda Díaz Girón","CLASIFICACION":"Camino Regional Comunal","CALZADA":"U","tmda":null},"geometry":{"type":"LineString","coordinates":[[-70.7497,-33.82439],[-70.74518,-33.82104],[-70.74518,-33.8175]]}},{"id":"4857","type":"Feature","properties":{"ROL":"G-396","NOMBRE_CAMINO":"Los Aromos","CLASIFICACION":"Camino Regional Comunal (En Proceso de Enrolamiento)","CALZADA":"U","tmda":null},"geometry":{"type":"LineString","coordinates":[[-70.88772,-33.56448],[-70.90394,-33.57834]]}},{"id":"4858","type":"Feature","properties":{"ROL":"G-489","NOMBRE_CAMINO":"Los Guindos","CLASIFICACION":"Camino Regional Comunal","CALZADA":"U","tmda":null},"geometry":{"type":"LineString","coordinates":[[-70.72489,-33.71416],[-70.71114,-33.71259],[-70.70904,-33.70906],[-70.68145,-33.71482]]}},{"id":"4859","type":"Feature","properties":{"ROL":"G-270","NOMBRE_CAMINO":"Patagüilla Interior","CLASIFICACION":"Camino Regional Comunal","CALZADA":"U","tmda":null},"geometry":{"type":"LineString","coordinates":[[-70.99669,-33.50542],[-70.99625,-33.48863]]}},{"id":"4860","type":"Feature","properties":{"ROL":"G-686","NOMBRE_CAMINO":"Polulo - Loncha","CLASIFICACION":"Camino Regional Comunal","CALZADA":"U","tmda":null},"geometry":{"type":"LineString","coordinates":[[-71.17329,-34.03404],[-71.17614,-34.03536],[-71.18045,-34.03336],[-71.18203,-34.03516],[-71.19032,-34.03702],[-71.1958,-34.04074],[-71.20148,-34.04076],[-71.20467,-34.04472],[-71.21071,-34.04792]]}},{"id":"4861","type":"Feature","properties":{"ROL":"G-438","NOMBRE_CAMINO":"Acevedo","CLASIFICACION":"Camino Regional de Acceso","CALZADA":"U","tmda":null},"geometry":{"type":"LineString","coordinates":[[-70.91181,-33.75261],[-70.91356,-33.75677],[-70.9187,-33.75739],[-70.9211,-33.75925]]}},{"id":"4862","type":"Feature","properties":{"ROL":"G-594","NOMBRE_CAMINO":"Pomairito","CLASIFICACION":"Camino Regional de Acceso","CALZADA":"U","tmda":null},"geometry":{"type":"LineString","coordinates":[[-71.01755,-33.68603],[-71.01702,-33.69494]]}},{"id":"4863","type":"Feature","properties":{"ROL":"G-474","NOMBRE_CAMINO":"Olea","CLASIFICACION":"Camino Regional de Acceso","CALZADA":"U","tmda":null},"geometry":{"type":"LineString","coordinates":[[-70.89597,-33.77457],[-70.90311,-33.77419]]}},{"id":"4864","type":"Feature","properties":{"ROL":"G-121","NOMBRE_CAMINO":"Los Talaveras","CLASIFICACION":"Camino Regional Comunal","CALZADA":"U","tmda":234.0},"geometry":{"type":"LineString","coordinates":[[-70.71468,-33.05828],[-70.70916,-33.02736]]}},{"id":"4865","type":"Feature","properties":{"ROL":"G-770","NOMBRE_CAMINO":"El Atajo - Los Molles","CLASIFICACION":"Camino Regional de Acceso","CALZADA":"U","tmda":null},"geometry":{"type":"LineString","coordinates":[[-71.23366,-33.80185],[-71.24008,-33.80772]]}},{"id":"4866","type":"Feature","properties":{"ROL":"G-432","NOMBRE_CAMINO":"El Castillo","CLASIFICACION":"Camino Regional Comunal","CALZADA":"U","tmda":3372.0},"geometry":{"type":"LineString","coordinates":[[-70.88782,-33.70034],[-70.8868,-33.70105],[-70.89347,-33.71445]]}},{"id":"4867","type":"Feature","properties":{"ROL":"G-800","NOMBRE_CAMINO":"Puangue - Cuncumén - La Floresta, Sector: Puangue - Límite Regional","CLASIFICACION":"Camino Regional Comunal","CALZADA":"U","tmda":672.0},"geometry":{"type":"LineString","coordinates":[[-71.34909,-33.65367],[-71.3564,-33.66061],[-71.35362,-33.66331],[-71.3535,-33.67368],[-71.37282,-33.69073],[-71.3835,-33.70552],[-71.39269,-33.71072],[-71.39581,-33.71537],[-71.39403,-33.71766],[-71.398,-33.71471],[-71.39953,-33.71871]]}},{"id":"4868","type":"Feature","properties":{"ROL":"G-424","NOMBRE_CAMINO":"El Rosario","CLASIFICACION":"Camino Regional de Acceso","CALZADA":"U","tmda":null},"geometry":{"type":"LineString","coordinates":[[-70.91976,-33.72601],[-70.92151,-33.72923],[-70.92547,-33.73135],[-70.92555,-33.73332],[-70.92877,-33.73467],[-70.93283,-33.74174],[-70.93468,-33.74252]]}},{"id":"4869","type":"Feature","properties":{"ROL":"G-390","NOMBRE_CAMINO":"Central","CLASIFICACION":"Camino Regional Comunal","CALZADA":"U","tmda":null},"geometry":{"type":"LineString","coordinates":[[-70.89125,-33.61141],[-70.89618,-33.6228]]}},{"id":"4870","type":"Feature","properties":{"ROL":"G-310","NOMBRE_CAMINO":"Santa Cruz","CLASIFICACION":"Camino Regional Comunal","CALZADA":"U","tmda":null},"geometry":{"type":"LineString","coordinates":[[-70.81994,-33.5725],[-70.83959,-33.57308],[-70.85147,-33.57022],[-70.85112,-33.5677],[-70.8573,-33.56578],[-70.85871,-33.56687]]}},{"id":"4871","type":"Feature","properties":{"ROL":"G-704","NOMBRE_CAMINO":"Esmeralda","CLASIFICACION":"Camino Regional Comunal","CALZADA":"U","tmda":null},"geometry":{"type":"LineString","coordinates":[[-71.26087,-33.66371],[-71.25907,-33.6595]]}},{"id":"4872","type":"Feature","properties":{"ROL":"G-54","NOMBRE_CAMINO":"Champa - Melipilla (Puente Ingeniero Marambio Antiguo)","CLASIFICACION":"Camino Regional Principal","CALZADA":"U","tmda":4932.0},"geometry":{"type":"LineString","coordinates":[[-71.01738,-33.83353],[-71.0241,-33.83428],[-71.03918,-33.82695],[-71.04373,-33.82705],[-71.04926,-33.82489],[-71.05749,-33.82522],[-71.07781,-33.81948],[-71.08886,-33.81785],[-71.09321,-33.82251],[-71.09766,-33.81937],[-71.10706,-33.80701],[-71.11377,-33.79357],[-71.11452,-33.78973],[-71.1227,-33.78562],[-71.13676,-33.78565],[-71.13654,-33.78276],[-71.14123,-33.7813]]}},{"id":"4873","type":"Feature","properties":{"ROL":"G-330","NOMBRE_CAMINO":"San José de Tango","CLASIFICACION":"Camino Regional Comunal","CALZADA":"U","tmda":null},"geometry":{"type":"LineString","coordinates":[[-70.7938,-33.61324],[-70.78417,-33.61768]]}},{"id":"4874","type":"Feature","properties":{"ROL":"G-838","NOMBRE_CAMINO":"El Atajo - La Mina","CLASIFICACION":"Camino Regional Comunal","CALZADA":"U","tmda":null},"geometry":{"type":"LineString","coordinates":[[-71.46851,-33.88451],[-71.47026,-33.88548],[-71.47042,-33.88757],[-71.46963,-33.89084],[-71.46772,-33.89236]]}},{"id":"4875","type":"Feature","properties":{"ROL":"G-340","NOMBRE_CAMINO":"Lo Herrera - Barrancón","CLASIFICACION":"Camino Regional Comunal","CALZADA":"U","tmda":9737.0},"geometry":{"type":"LineString","coordinates":[[-70.72022,-33.61646],[-70.73333,-33.63873],[-70.73773,-33.65598],[-70.74237,-33.66439],[-70.74527,-33.67536],[-70.74514,-33.68639]]}},{"id":"4876","type":"Feature","properties":{"ROL":"G-402","NOMBRE_CAMINO":"Las Golondrinas 1","CLASIFICACION":"Camino Regional Comunal","CALZADA":"U","tmda":null},"geometry":{"type":"LineString","coordinates":[[-70.87759,-33.64519],[-70.88313,-33.64404]]}},{"id":"4877","type":"Feature","properties":{"ROL":"G-308","NOMBRE_CAMINO":"El Guanaco","CLASIFICACION":"Camino Regional Comunal","CALZADA":"U","tmda":4743.0},"geometry":{"type":"LineString","coordinates":[[-70.84608,-33.55148],[-70.85726,-33.56378],[-70.85887,-33.56703],[-70.8753,-33.58142],[-70.89463,-33.59523],[-70.89397,-33.60001]]}},{"id":"4878","type":"Feature","properties":{"ROL":"G-131","NOMBRE_CAMINO":"Punta Peuco Oriente","CLASIFICACION":"Camino Regional Comunal","CALZADA":"U","tmda":null},"geometry":{"type":"LineString","coordinates":[[-70.82807,-33.11583],[-70.82572,-33.11814],[-70.82344,-33.11729],[-70.81808,-33.11829]]}},{"id":"4879","type":"Feature","properties":{"ROL":"G-700","NOMBRE_CAMINO":"Caletera - Las Flores","CLASIFICACION":"Camino Regional de Acceso","CALZADA":"U","tmda":null},"geometry":{"type":"LineString","coordinates":[[-71.2494,-33.66114],[-71.24097,-33.64872],[-71.25586,-33.6386]]}},{"id":"4880","type":"Feature","properties":{"ROL":"G-520","NOMBRE_CAMINO":"Santa Filomena - Las Vertientes","CLASIFICACION":"Camino Regional de Acceso","CALZADA":"U","tmda":null},"geometry":{"type":"LineString","coordinates":[[-70.79073,-33.78305],[-70.79808,-33.79331],[-70.79677,-33.79431],[-70.80035,-33.804],[-70.80382,-33.80886],[-70.82261,-33.82727],[-70.82341,-33.82948],[-70.82166,-33.83004]]}},{"id":"4881","type":"Feature","properties":{"ROL":"G-350","NOMBRE_CAMINO":"La Capilla - El Barrancón","CLASIFICACION":"Camino Regional Comunal","CALZADA":"U","tmda":null},"geometry":{"type":"LineString","coordinates":[[-70.71242,-33.63827],[-70.73084,-33.63449]]}},{"id":"4882","type":"Feature","properties":{"ROL":"G-430","NOMBRE_CAMINO":"Lo Martínez","CLASIFICACION":"Camino Regional Comunal","CALZADA":"U","tmda":null},"geometry":{"type":"LineString","coordinates":[[-70.9089,-33.73829],[-70.91329,-33.74518],[-70.91063,-33.74749],[-70.9125,-33.75039]]}},{"id":"4883","type":"Feature","properties":{"ROL":"G-570","NOMBRE_CAMINO":"La Palma - Río Maipo","CLASIFICACION":"Camino Regional Comunal","CALZADA":"U","tmda":null},"geometry":{"type":"LineString","coordinates":[[-70.95953,-33.68079],[-70.95963,-33.70417]]}},{"id":"4884","type":"Feature","properties":{"ROL":"G-470","NOMBRE_CAMINO":"La Ballica","CLASIFICACION":"Camino Regional Comunal","CALZADA":"U","tmda":null},"geometry":{"type":"LineString","coordinates":[[-70.89868,-33.76141],[-70.89124,-33.76237],[-70.8863,-33.76503],[-70.88004,-33.7634],[-70.8719,-33.76531]]}},{"id":"4885","type":"Feature","properties":{"ROL":"G-137","NOMBRE_CAMINO":"Santa Matilde","CLASIFICACION":"Camino Regional de Acceso (En Proceso de Enrolamiento)","CALZADA":"U","tmda":null},"geometry":{"type":"LineString","coordinates":[[-70.79327,-33.1149],[-70.79368,-33.12476]]}},{"id":"4886","type":"Feature","properties":{"ROL":"G-451","NOMBRE_CAMINO":"El Ingenio","CLASIFICACION":"Camino Regional Comunal","CALZADA":"U","tmda":null},"geometry":{"type":"LineString","coordinates":[[-70.27259,-33.7679],[-70.27353,-33.7666],[-70.27414,-33.76914],[-70.27168,-33.77233],[-70.27445,-33.77037],[-70.27461,-33.7672],[-70.27425,-33.76831]]}},{"id":"4887","type":"Feature","properties":{"ROL":"G-648","NOMBRE_CAMINO":"Los Cármenes - La Puntilla","CLASIFICACION":"Camino Regional Comunal","CALZADA":"U","tmda":943.0},"geometry":{"type":"LineString","coordinates":[[-71.16102,-33.74607],[-71.16947,-33.75615]]}},{"id":"4888","type":"Feature","properties":{"ROL":"G-344","NOMBRE_CAMINO":"Santa Teresa","CLASIFICACION":"Camino Regional Comunal","CALZADA":"U","tmda":null},"geometry":{"type":"LineString","coordinates":[[-70.71993,-33.61596],[-70.72832,-33.61504],[-70.7315,-33.61678],[-70.73928,-33.63467],[-70.73227,-33.63656]]}},{"id":"4889","type":"Feature","properties":{"ROL":"G-420","NOMBRE_CAMINO":"San Antonio de Naltahua","CLASIFICACION":"Camino Regional Comunal","CALZADA":"U","tmda":4995.0},"geometry":{"type":"LineString","coordinates":[[-70.93013,-33.72874],[-70.93599,-33.73303],[-70.94925,-33.73172],[-70.95173,-33.73295],[-70.97441,-33.73283],[-70.98488,-33.73037],[-70.99197,-33.72368],[-70.99698,-33.72451],[-71.00343,-33.72092],[-71.00801,-33.72046],[-71.01278,-33.72295]]}},{"id":"4890","type":"Feature","properties":{"ROL":"G-538","NOMBRE_CAMINO":"Presidente Juan Antonio Ríos","CLASIFICACION":"Camino Regional Comunal","CALZADA":"U","tmda":null},"geometry":{"type":"LineString","coordinates":[[-70.76359,-33.82258],[-70.77525,-33.83551]]}},{"id":"4891","type":"Feature","properties":{"ROL":"G-135","NOMBRE_CAMINO":"Acceso a Tranque Huechún","CLASIFICACION":"Camino Regional de Acceso","CALZADA":"U","tmda":null},"geometry":{"type":"LineString","coordinates":[[-70.79277,-33.10944],[-70.7961,-33.0953]]}},{"id":"4892","type":"Feature","properties":{"ROL":"G-523","NOMBRE_CAMINO":"La Veintisiete - La Aparición","CLASIFICACION":"Camino Regional Comunal (En Proceso de Enrolamiento)","CALZADA":"U","tmda":null},"geometry":{"type":"LineString","coordinates":[[-70.63621,-33.78537],[-70.64066,-33.77756],[-70.65735,-33.78148]]}},{"id":"4893","type":"Feature","properties":{"ROL":"G-110","NOMBRE_CAMINO":"Capilla de Caleu","CLASIFICACION":"Camino Regional Comunal","CALZADA":"U","tmda":null},"geometry":{"type":"LineString","coordinates":[[-70.99108,-33.00371],[-70.99254,-33.00418],[-70.99568,-33.00246]]}},{"id":"4894","type":"Feature","properties":{"ROL":"G-842","NOMBRE_CAMINO":"El Manzanito Nº1","CLASIFICACION":"Camino Regional de Acceso","CALZADA":"U","tmda":null},"geometry":{"type":"LineString","coordinates":[[-71.52176,-33.9261],[-71.52563,-33.93041],[-71.53021,-33.9318]]}},{"id":"4895","type":"Feature","properties":{"ROL":"G-714","NOMBRE_CAMINO":"Lumbreras de Puangue","CLASIFICACION":"Camino Regional Comunal","CALZADA":"U","tmda":null},"geometry":{"type":"LineString","coordinates":[[-71.28388,-33.66469],[-71.28794,-33.64509],[-71.28867,-33.64334],[-71.29444,-33.64152],[-71.29745,-33.62897],[-71.29675,-33.62762],[-71.29837,-33.6244],[-71.29359,-33.62222],[-71.29027,-33.6239]]}},{"id":"4896","type":"Feature","properties":{"ROL":"G-368","NOMBRE_CAMINO":"El Sauce","CLASIFICACION":"Camino Regional de Acceso","CALZADA":"U","tmda":null},"geometry":{"type":"LineString","coordinates":[[-70.8123,-33.63695],[-70.8024,-33.63744]]}},{"id":"4897","type":"Feature","properties":{"ROL":"G-540","NOMBRE_CAMINO":"Presidente Gabriel González Videla","CLASIFICACION":"Camino Regional Comunal","CALZADA":"U","tmda":null},"geometry":{"type":"LineString","coordinates":[[-70.7523,-33.83777],[-70.75825,-33.83724],[-70.77141,-33.8312]]}},{"id":"4898","type":"Feature","properties":{"ROL":"G-186","NOMBRE_CAMINO":"Av. Miraflores - Aeropuerto","CLASIFICACION":"Camino Regional Comunal","CALZADA":"U","tmda":null},"geometry":{"type":"LineString","coordinates":[[-70.77457,-33.39236],[-70.78362,-33.38882]]}},{"id":"4899","type":"Feature","properties":{"ROL":"G-180","NOMBRE_CAMINO":"Av. Condell - Lo Boza","CLASIFICACION":"Camino Regional Comunal","CALZADA":"U","tmda":null},"geometry":{"type":"LineString","coordinates":[[-70.72314,-33.41096],[-70.73104,-33.40217],[-70.7371,-33.39968],[-70.7447,-33.39448]]}},{"id":"4900","type":"Feature","properties":{"ROL":"G-378","NOMBRE_CAMINO":"San Javier - Larraín","CLASIFICACION":"Camino Regional Comunal","CALZADA":"U","tmda":null},"geometry":{"type":"LineString","coordinates":[[-70.86638,-33.62163],[-70.86171,-33.62216],[-70.85731,-33.62453],[-70.84554,-33.6263]]}},{"id":"4901","type":"Feature","properties":{"ROL":"G-364","NOMBRE_CAMINO":"Santa Inés - Calera de Tango","CLASIFICACION":"Camino Regional Comunal","CALZADA":"U","tmda":6184.0},"geometry":{"type":"LineString","coordinates":[[-70.80471,-33.6294],[-70.73599,-33.64899]]}},{"id":"4902","type":"Feature","properties":{"ROL":"G-702","NOMBRE_CAMINO":"Peralillo","CLASIFICACION":"Camino Regional de Acceso","CALZADA":"U","tmda":null},"geometry":{"type":"LineString","coordinates":[[-71.25264,-33.66587],[-71.24986,-33.66179]]}},{"id":"4903","type":"Feature","properties":{"ROL":"G-748","NOMBRE_CAMINO":"Los Rulos - La Comunidad (La Galea)","CLASIFICACION":"Camino Regional Comunal","CALZADA":"U","tmda":null},"geometry":{"type":"LineString","coordinates":[[-71.09094,-33.46814],[-71.09418,-33.46157]]}},{"id":"4904","type":"Feature","properties":{"ROL":"G-694","NOMBRE_CAMINO":"Villa Alegre de Loyca","CLASIFICACION":"Camino Regional de Acceso","CALZADA":"U","tmda":null},"geometry":{"type":"LineString","coordinates":[[-71.46053,-33.97852],[-71.46072,-33.9833],[-71.46647,-33.98867],[-71.46546,-33.99782]]}},{"id":"4905","type":"Feature","properties":{"ROL":"G-560","NOMBRE_CAMINO":"Las Mulas - Estero Angostura","CLASIFICACION":"Camino Regional de Acceso","CALZADA":"U","tmda":null},"geometry":{"type":"LineString","coordinates":[[-70.74286,-33.87784],[-70.74298,-33.88747]]}},{"id":"4906","type":"Feature","properties":{"ROL":"G-248","NOMBRE_CAMINO":"Las Violetas","CLASIFICACION":"Camino Regional Comunal","CALZADA":"U","tmda":null},"geometry":{"type":"LineString","coordinates":[[-70.85728,-33.54936],[-70.86537,-33.55407],[-70.86696,-33.55187],[-70.87484,-33.54821]]}},{"id":"4907","type":"Feature","properties":{"ROL":"G-498","NOMBRE_CAMINO":"Las Tórtolas","CLASIFICACION":"Camino Regional Comunal","CALZADA":"U","tmda":6108.0},"geometry":{"type":"LineString","coordinates":[[-70.80574,-33.7657],[-70.79589,-33.75957],[-70.7896,-33.75965]]}},{"id":"4908","type":"Feature","properties":{"ROL":"G-137","NOMBRE_CAMINO":"Santa Matilde","CLASIFICACION":"Camino Regional de Acceso","CALZADA":"U","tmda":null},"geometry":{"type":"LineString","coordinates":[[-70.79301,-33.1095],[-70.79327,-33.1149]]}},{"id":"4909","type":"Feature","properties":{"ROL":"G-434","NOMBRE_CAMINO":"Hernán Avilés","CLASIFICACION":"Camino Regional Comunal","CALZADA":"U","tmda":null},"geometry":{"type":"LineString","coordinates":[[-70.89527,-33.69777],[-70.89649,-33.70042],[-70.88801,-33.70347]]}},{"id":"4910","type":"Feature","properties":{"ROL":"G-658","NOMBRE_CAMINO":"Chocalán, Acceso Sur","CLASIFICACION":"Camino Regional Comunal","CALZADA":"U","tmda":2236.0},"geometry":{"type":"LineString","coordinates":[[-71.21029,-33.72433],[-71.21382,-33.73022]]}},{"id":"4911","type":"Feature","properties":{"ROL":"G-429","NOMBRE_CAMINO":"Lácteos de Pirque","CLASIFICACION":"Camino Regional de Acceso","CALZADA":"U","tmda":null},"geometry":{"type":"LineString","coordinates":[[-70.53832,-33.62228],[-70.53711,-33.62962]]}},{"id":"4912","type":"Feature","properties":{"ROL":"G-468","NOMBRE_CAMINO":"Olea - Las Mercedes","CLASIFICACION":"Camino Regional Comunal","CALZADA":"U","tmda":null},"geometry":{"type":"LineString","coordinates":[[-70.87166,-33.75614],[-70.86798,-33.75658],[-70.87133,-33.76244],[-70.87285,-33.76893],[-70.87968,-33.76864],[-70.8835,-33.77015],[-70.89298,-33.76908],[-70.89539,-33.77074],[-70.89593,-33.78512],[-70.89272,-33.78633],[-70.89408,-33.79578],[-70.89061,-33.79537],[-70.88866,-33.79777],[-70.88466,-33.79602]]}},{"id":"4913","type":"Feature","properties":{"ROL":"G-422","NOMBRE_CAMINO":"Acceso Puente Naltahua Antiguo","CLASIFICACION":"Camino Regional Comunal","CALZADA":"U","tmda":null},"geometry":{"type":"LineString","coordinates":[[-70.91681,-33.72766],[-70.92489,-33.72354]]}},{"id":"4914","type":"Feature","properties":{"ROL":"G-404","NOMBRE_CAMINO":"Las Golondrinas 2","CLASIFICACION":"Camino Regional de Acceso","CALZADA":"U","tmda":null},"geometry":{"type":"LineString","coordinates":[[-70.87702,-33.6453],[-70.86479,-33.64774]]}},{"id":"4915","type":"Feature","properties":{"ROL":"G-608","NOMBRE_CAMINO":"El Paico Alto","CLASIFICACION":"Camino Regional de Acceso","CALZADA":"U","tmda":null},"geometry":{"type":"LineString","coordinates":[[-71.04471,-33.68902],[-71.04626,-33.6611]]}},{"id":"4916","type":"Feature","properties":{"ROL":"G-558","NOMBRE_CAMINO":"Las Mulas","CLASIFICACION":"Camino Regional Comunal","CALZADA":"U","tmda":null},"geometry":{"type":"LineString","coordinates":[[-70.74549,-33.87172],[-70.74414,-33.87771],[-70.73839,-33.87839]]}},{"id":"4917","type":"Feature","properties":{"ROL":"G-298","NOMBRE_CAMINO":"Lo Ermita","CLASIFICACION":"Camino Regional de Acceso","CALZADA":"U","tmda":null},"geometry":{"type":"LineString","coordinates":[[-70.77697,-33.58429],[-70.76191,-33.58914],[-70.75991,-33.58792]]}},{"id":"4918","type":"Feature","properties":{"ROL":"G-764","NOMBRE_CAMINO":"El Dibujo -  La Alianza","CLASIFICACION":"Camino Regional Comunal","CALZADA":"U","tmda":null},"geometry":{"type":"LineString","coordinates":[[-71.23493,-33.79644],[-71.23352,-33.793],[-71.22675,-33.79181],[-71.21941,-33.79524],[-71.21136,-33.79642],[-71.21011,-33.8002],[-71.21138,-33.80295]]}},{"id":"4919","type":"Feature","properties":{"ROL":"G-408","NOMBRE_CAMINO":"El Corte - Aeródromo","CLASIFICACION":"Camino Regional de Acceso","CALZADA":"U","tmda":null},"geometry":{"type":"LineString","coordinates":[[-70.92928,-33.70843],[-70.91785,-33.71059]]}},{"id":"4920","type":"Feature","properties":{"ROL":"G-108","NOMBRE_CAMINO":"Antiguo Caleu","CLASIFICACION":"Camino Regional Comunal (En Proceso de Enrolamiento)","CALZADA":"U","tmda":null},"geometry":{"type":"LineString","coordinates":[[-71.00711,-33.04353],[-71.00576,-33.0409],[-71.00807,-33.03838],[-71.00703,-33.03475],[-71.00442,-33.03373],[-71.00354,-33.03103],[-70.99866,-33.02925],[-70.9941,-33.02091],[-70.98718,-33.01983]]}},{"id":"4921","type":"Feature","properties":{"ROL":"G-664","NOMBRE_CAMINO":"Ulmén - Las Tinajas","CLASIFICACION":"Camino Regional Comunal","CALZADA":"U","tmda":377.0},"geometry":{"type":"LineString","coordinates":[[-71.36719,-33.83953],[-71.37458,-33.83031],[-71.3774,-33.82938],[-71.38461,-33.82229],[-71.38344,-33.8201],[-71.38489,-33.81742],[-71.3841,-33.81494],[-71.37934,-33.80665],[-71.37431,-33.80312],[-71.37082,-33.79627],[-71.37212,-33.79457],[-71.37909,-33.7921]]}},{"id":"4922","type":"Feature","properties":{"ROL":"G-596","NOMBRE_CAMINO":"La Red","CLASIFICACION":"Camino Regional de Acceso","CALZADA":"U","tmda":null},"geometry":{"type":"LineString","coordinates":[[-71.04379,-33.6889],[-71.03877,-33.69903],[-71.03902,-33.70713]]}},{"id":"4923","type":"Feature","properties":{"ROL":"G-612","NOMBRE_CAMINO":"Diego de Almagro","CLASIFICACION":"Camino Regional Comunal","CALZADA":"U","tmda":null},"geometry":{"type":"LineString","coordinates":[[-71.05378,-33.69046],[-71.06684,-33.70673]]}},{"id":"4924","type":"Feature","properties":{"ROL":"G-555","NOMBRE_CAMINO":"Hospital - Chada","CLASIFICACION":"Camino Regional Provincial","CALZADA":"U","tmda":2309.0},"geometry":{"type":"LineString","coordinates":[[-70.74085,-33.86728],[-70.72254,-33.87075],[-70.70853,-33.87592],[-70.70256,-33.87658],[-70.69088,-33.87134],[-70.68441,-33.87467],[-70.67815,-33.87373],[-70.67055,-33.87629],[-70.64272,-33.875]]}},{"id":"4925","type":"Feature","properties":{"ROL":"G-750","NOMBRE_CAMINO":"Los Rulos - Las Ritas","CLASIFICACION":"Camino Regional Comunal","CALZADA":"U","tmda":1811.0},"geometry":{"type":"LineString","coordinates":[[-71.07459,-33.46326],[-71.07178,-33.46468],[-71.06927,-33.47122],[-71.06087,-33.47829],[-71.06228,-33.48517]]}},{"id":"4926","type":"Feature","properties":{"ROL":"G-660","NOMBRE_CAMINO":"Cuesta Culiprán - Lo Chacón","CLASIFICACION":"Camino Regional Comunal","CALZADA":"U","tmda":1601.0},"geometry":{"type":"LineString","coordinates":[[-71.2375,-33.76186],[-71.23749,-33.76352],[-71.23615,-33.76407],[-71.24357,-33.78202],[-71.24673,-33.78667],[-71.25074,-33.7893],[-71.25293,-33.79533],[-71.25716,-33.79826],[-71.26176,-33.80687],[-71.26594,-33.81168],[-71.26678,-33.81564],[-71.26954,-33.81777],[-71.27541,-33.83817],[-71.27705,-33.84047],[-71.26287,-33.86364],[-71.24132,-33.88716],[-71.24121,-33.89392],[-71.24934,-33.90761],[-71.24591,-33.91428],[-71.2478,-33.91979],[-71.24743,-33.92292],[-71.24923,-33.92373],[-71.24789,-33.92406],[-71.24883,-33.92562],[-71.2513,-33.92614],[-71.25146,-33.92898],[-71.255,-33.93248],[-71.25795,-33.94055],[-71.26086,-33.94348],[-71.26337,-33.94308],[-71.27448,-33.94847],[-71.28906,-33.96494],[-71.30481,-33.97848],[-71.30658,-33.98351],[-71.31054,-33.98727]]}},{"id":"4927","type":"Feature","properties":{"ROL":"G-388","NOMBRE_CAMINO":"San Javier - Las Palmeras","CLASIFICACION":"Camino Regional Comunal","CALZADA":"U","tmda":null},"geometry":{"type":"LineString","coordinates":[[-70.86518,-33.62003],[-70.90898,-33.62411]]}},{"id":"4928","type":"Feature","properties":{"ROL":"G-125","NOMBRE_CAMINO":"Hacienda de Chacabuco","CLASIFICACION":"Camino Regional Comunal","CALZADA":"U","tmda":null},"geometry":{"type":"LineString","coordinates":[[-70.69337,-33.03597],[-70.69077,-33.02855],[-70.69558,-33.02832]]}},{"id":"4929","type":"Feature","properties":{"ROL":"G-804","NOMBRE_CAMINO":"El Prado - La Manga, Sector: El Yali - Límite Regional (La Manga)","CLASIFICACION":"Camino Regional Provincial","CALZADA":"U","tmda":2525.0},"geometry":{"type":"LineString","coordinates":[[-71.46392,-33.92393],[-71.47808,-33.91963],[-71.48515,-33.91998],[-71.48948,-33.91736],[-71.49774,-33.9173],[-71.51586,-33.91978],[-71.53126,-33.908],[-71.53494,-33.90979],[-71.53576,-33.91456],[-71.53908,-33.91435],[-71.54372,-33.91769],[-71.55761,-33.91857],[-71.57257,-33.92636],[-71.5799,-33.91381],[-71.58779,-33.9073],[-71.61762,-33.89669]]}},{"id":"4930","type":"Feature","properties":{"ROL":"G-850","NOMBRE_CAMINO":"Nihue - La Manga","CLASIFICACION":"Camino Regional Comunal","CALZADA":"U","tmda":648.0},"geometry":{"type":"LineString","coordinates":[[-71.56074,-33.97359],[-71.56189,-33.97271],[-71.56265,-33.96496],[-71.56081,-33.9634],[-71.55849,-33.95373],[-71.56049,-33.9516],[-71.55957,-33.94271],[-71.56195,-33.92046]]}},{"id":"4931","type":"Feature","properties":{"ROL":"G-108","NOMBRE_CAMINO":"Antiguo Caleu","CLASIFICACION":"Camino Regional Comunal","CALZADA":"U","tmda":null},"geometry":{"type":"LineString","coordinates":[[-71.00958,-33.06186],[-71.0101,-33.05924],[-71.00808,-33.05738],[-71.00762,-33.05381],[-71.00472,-33.05128],[-71.00505,-33.04665],[-71.00711,-33.04353]]}},{"id":"4932","type":"Feature","properties":{"ROL":"G-423","NOMBRE_CAMINO":"La Alameda - La Escuela","CLASIFICACION":"Camino Regional Comunal","CALZADA":"U","tmda":null},"geometry":{"type":"LineString","coordinates":[[-70.56753,-33.7114],[-70.53719,-33.72891]]}},{"id":"4933","type":"Feature","properties":{"ROL":"G-465","NOMBRE_CAMINO":"Las Melosas","CLASIFICACION":"Camino Regional Comunal","CALZADA":"U","tmda":null},"geometry":{"type":"LineString","coordinates":[[-70.20373,-33.81388],[-70.2109,-33.81593],[-70.21777,-33.81539],[-70.22182,-33.81734],[-70.22437,-33.82147],[-70.21881,-33.83124],[-70.2123,-33.83308],[-70.21394,-33.83783],[-70.21329,-33.84055],[-70.19891,-33.84801],[-70.19866,-33.84942]]}},{"id":"4934","type":"Feature","properties":{"ROL":"G-141","NOMBRE_CAMINO":"Peldehue - Termas de Colina","CLASIFICACION":"Camino Regional de Acceso","CALZADA":"U","tmda":2007.0},"geometry":{"type":"LineString","coordinates":[[-70.63282,-33.17686],[-70.6281,-33.18285],[-70.62129,-33.18598],[-70.61325,-33.1868],[-70.6116,-33.18892],[-70.60766,-33.19023]]}},{"id":"4935","type":"Feature","properties":{"ROL":"G-846","NOMBRE_CAMINO":"El Culebrón","CLASIFICACION":"Camino Regional de Acceso","CALZADA":"U","tmda":null},"geometry":{"type":"LineString","coordinates":[[-71.51705,-33.93377],[-71.5098,-33.93078],[-71.50307,-33.93731],[-71.49885,-33.93822]]}},{"id":"4936","type":"Feature","properties":{"ROL":"G-690","NOMBRE_CAMINO":"Loyca - Loyca Abajo","CLASIFICACION":"Camino Regional Comunal","CALZADA":"U","tmda":null},"geometry":{"type":"LineString","coordinates":[[-71.40773,-34.0037],[-71.41524,-34.0036],[-71.41797,-34.00475],[-71.42296,-34.00264],[-71.42704,-34.00046],[-71.43062,-33.99497],[-71.4405,-33.98608],[-71.4513,-33.98407],[-71.45827,-33.97916],[-71.47145,-33.97519],[-71.48145,-33.96943],[-71.48362,-33.96609]]}},{"id":"4937","type":"Feature","properties":{"ROL":"G-844","NOMBRE_CAMINO":"El Prado Verde","CLASIFICACION":"Camino Regional Comunal","CALZADA":"U","tmda":null},"geometry":{"type":"LineString","coordinates":[[-71.48515,-33.91998],[-71.48817,-33.92918],[-71.48808,-33.9373],[-71.49031,-33.94056],[-71.47585,-33.95406]]}},{"id":"4938","type":"Feature","properties":{"ROL":"G-355","NOMBRE_CAMINO":"Lagunillas - Centros de Ski","CLASIFICACION":"Camino Regional Comunal","CALZADA":"U","tmda":null},"geometry":{"type":"LineString","coordinates":[[-70.35101,-33.64994],[-70.35034,-33.65468],[-70.34746,-33.65573],[-70.34811,-33.65043],[-70.34711,-33.64737],[-70.34695,-33.65329],[-70.34283,-33.65578],[-70.33958,-33.65146],[-70.33863,-33.64655],[-70.3358,-33.64138],[-70.3342,-33.64223],[-70.3274,-33.64078],[-70.32549,-33.64179],[-70.32229,-33.64008],[-70.32212,-33.63718],[-70.31809,-33.6334],[-70.31648,-33.6329],[-70.31684,-33.63459],[-70.3111,-33.63278],[-70.31277,-33.63172],[-70.31131,-33.62923],[-70.31091,-33.63083],[-70.30836,-33.63012],[-70.30876,-33.62788],[-70.31014,-33.6274],[-70.30983,-33.62579],[-70.30631,-33.62711],[-70.30489,-33.6271],[-70.30651,-33.62549],[-70.30192,-33.62654],[-70.30431,-33.6241],[-70.30373,-33.6195],[-70.30134,-33.62014],[-70.30081,-33.61836],[-70.29944,-33.61811],[-70.2992,-33.61578],[-70.29732,-33.61859],[-70.29864,-33.62095],[-70.29482,-33.61937],[-70.2957,-33.62002],[-70.2938,-33.62039],[-70.2923,-33.61812],[-70.2929,-33.61361],[-70.29117,-33.6154],[-70.2915,-33.61376],[-70.28938,-33.61207],[-70.28991,-33.61076],[-70.28874,-33.61075],[-70.28871,-33.60903]]}},{"id":"4939","type":"Feature","properties":{"ROL":"G-433","NOMBRE_CAMINO":"Los Maitenes, Sector Santa Rita","CLASIFICACION":"Camino Regional Comunal","CALZADA":"U","tmda":812.0},"geometry":{"type":"LineString","coordinates":[[-70.53253,-33.67189],[-70.53402,-33.68822]]}},{"id":"4940","type":"Feature","properties":{"ROL":"G-421","NOMBRE_CAMINO":"Reserva Río Clarillo","CLASIFICACION":"Camino Regional Comunal","CALZADA":"U","tmda":null},"geometry":{"type":"LineString","coordinates":[[-70.55165,-33.71224],[-70.55184,-33.70745],[-70.55011,-33.7069],[-70.52473,-33.71146]]}},{"id":"4941","type":"Feature","properties":{"ROL":"G-419","NOMBRE_CAMINO":"Rinconada - Río Clarillo","CLASIFICACION":"Camino Regional Comunal","CALZADA":"U","tmda":null},"geometry":{"type":"LineString","coordinates":[[-70.56475,-33.70632],[-70.56984,-33.71628]]}},{"id":"4942","type":"Feature","properties":{"ROL":"G-668","NOMBRE_CAMINO":"Pangui Rosa - Codigua - Culiprán","CLASIFICACION":"Camino Regional Provincial","CALZADA":"U","tmda":1019.0},"geometry":{"type":"LineString","coordinates":[[-71.46803,-33.79258],[-71.46601,-33.79069],[-71.45574,-33.78666],[-71.44444,-33.78725],[-71.42514,-33.79438],[-71.41017,-33.78794],[-71.40263,-33.79007],[-71.37882,-33.79206],[-71.37475,-33.78816],[-71.36093,-33.78278],[-71.3441,-33.76896],[-71.31782,-33.7558],[-71.29965,-33.76265],[-71.29254,-33.76396],[-71.28367,-33.76858],[-71.27825,-33.76624],[-71.27174,-33.76655],[-71.24328,-33.78129]]}},{"id":"4943","type":"Feature","properties":{"ROL":"G-672","NOMBRE_CAMINO":"Lo Encañado - Quincanque","CLASIFICACION":"Camino Regional Comunal","CALZADA":"U","tmda":722.0},"geometry":{"type":"LineString","coordinates":[[-71.49163,-33.86008],[-71.48762,-33.85319],[-71.48887,-33.85011],[-71.48671,-33.84422],[-71.48555,-33.8281],[-71.4804,-33.81216],[-71.47884,-33.80885],[-71.47586,-33.80714],[-71.4748,-33.7991],[-71.47286,-33.79637]]}},{"id":"4944","type":"Feature","properties":{"ROL":"G-403","NOMBRE_CAMINO":"Calle Nueva","CLASIFICACION":"Camino Regional Comunal","CALZADA":"U","tmda":null},"geometry":{"type":"LineString","coordinates":[[-70.56475,-33.70632],[-70.55165,-33.71224]]}},{"id":"4945","type":"Feature","properties":{"ROL":"G-740","NOMBRE_CAMINO":"El Llano - Lo Ovalle","CLASIFICACION":"Camino Regional Comunal","CALZADA":"U","tmda":null},"geometry":{"type":"LineString","coordinates":[[-71.05769,-33.49132],[-71.06505,-33.48298],[-71.08127,-33.47833],[-71.09884,-33.47062]]}},{"id":"4946","type":"Feature","properties":{"ROL":"G-411","NOMBRE_CAMINO":"San Vicente de Macul","CLASIFICACION":"Camino Regional Comunal","CALZADA":"U","tmda":3136.0},"geometry":{"type":"LineString","coordinates":[[-70.63119,-33.64629],[-70.62596,-33.65032],[-70.62848,-33.65294],[-70.62885,-33.6591],[-70.62397,-33.66964],[-70.62121,-33.67006],[-70.61999,-33.67775],[-70.61323,-33.69208],[-70.5947,-33.69774],[-70.58559,-33.68155],[-70.58377,-33.68126],[-70.5832,-33.67933]]}},{"id":"4947","type":"Feature","properties":{"ROL":"G-102","NOMBRE_CAMINO":"Cuesta Caleu","CLASIFICACION":"Camino Regional Comunal","CALZADA":"U","tmda":304.0},"geometry":{"type":"LineString","coordinates":[[-70.99158,-33.00455],[-70.99424,-33.00766],[-70.99815,-33.00933],[-70.99928,-33.01221],[-70.99371,-33.01598],[-70.98874,-33.01754],[-70.98408,-33.02381],[-70.98085,-33.02322],[-70.98056,-33.02426],[-70.98157,-33.02624],[-70.98432,-33.02723],[-70.99052,-33.03979],[-70.98951,-33.04476],[-70.99198,-33.04809],[-70.99098,-33.04941],[-70.99365,-33.0503],[-70.99399,-33.05173],[-70.99246,-33.05285],[-70.99375,-33.05337],[-70.99383,-33.05543],[-70.99682,-33.05602],[-70.99529,-33.05812],[-70.99644,-33.06203]]}},{"id":"4948","type":"Feature","properties":{"ROL":"G-856","NOMBRE_CAMINO":"Las Golondrinas","CLASIFICACION":"Camino Regional Comunal","CALZADA":"U","tmda":311.0},"geometry":{"type":"LineString","coordinates":[[-71.4995,-33.9667],[-71.51175,-33.96538],[-71.51691,-33.96076],[-71.52456,-33.95744]]}},{"id":"4949","type":"Feature","properties":{"ROL":"G-415","NOMBRE_CAMINO":"El Chalaco - Los Corrales","CLASIFICACION":"Camino Regional Comunal","CALZADA":"U","tmda":null},"geometry":{"type":"LineString","coordinates":[[-70.55165,-33.71224],[-70.55122,-33.72114],[-70.55549,-33.72983],[-70.55464,-33.73367],[-70.55809,-33.7335]]}},{"id":"4950","type":"Feature","properties":{"ROL":"G-834","NOMBRE_CAMINO":"La Mina","CLASIFICACION":"Camino Regional Comunal","CALZADA":"U","tmda":null},"geometry":{"type":"LineString","coordinates":[[-71.46382,-33.89259],[-71.46818,-33.89262],[-71.46959,-33.90557],[-71.47377,-33.91229],[-71.47855,-33.91328],[-71.47852,-33.91957]]}},{"id":"4951","type":"Feature","properties":{"ROL":"G-13","NOMBRE_CAMINO":"Quilapilún","CLASIFICACION":"Camino Regional Principal","CALZADA":"U","tmda":2040.0},"geometry":{"type":"LineString","coordinates":[[-70.82437,-33.12014],[-70.81803,-33.11826],[-70.8145,-33.11543],[-70.76024,-33.10097],[-70.73904,-33.09184],[-70.69278,-33.09485]]}},{"id":"4952","type":"Feature","properties":{"ROL":"G-154","NOMBRE_CAMINO":"Santa Rosa","CLASIFICACION":"Camino Regional Comunal","CALZADA":"U","tmda":null},"geometry":{"type":"LineString","coordinates":[[-70.74573,-33.27267],[-70.76231,-33.25848],[-70.76374,-33.24715],[-70.76586,-33.24266]]}},{"id":"4953","type":"Feature","properties":{"ROL":"G-680","NOMBRE_CAMINO":"San Vicente - Lo Chacón - Cuesta Alhué","CLASIFICACION":"Camino Regional Comunal","CALZADA":"U","tmda":670.0},"geometry":{"type":"LineString","coordinates":[[-71.37889,-34.04764],[-71.3714,-34.02563],[-71.36742,-34.01835],[-71.36227,-33.99983],[-71.34855,-33.99267],[-71.33786,-33.98481],[-71.33198,-33.98304],[-71.32349,-33.98415],[-71.31131,-33.98798],[-71.31041,-33.98724],[-71.30767,-33.9893],[-71.29876,-33.99109],[-71.29265,-33.99459],[-71.29103,-33.99835],[-71.28826,-34.00006],[-71.27421,-33.99904],[-71.26972,-33.99725],[-71.26134,-34.00156],[-71.25543,-34.00036],[-71.23832,-34.00369],[-71.22855,-34.00032],[-71.22609,-34.0011],[-71.22615,-34.00252],[-71.22217,-34.00158],[-71.22123,-34.00259],[-71.22288,-34.00351],[-71.22358,-34.00638],[-71.2215,-34.00808],[-71.22223,-34.00964],[-71.22093,-34.00862],[-71.22205,-34.01021],[-71.22036,-34.00924],[-71.22056,-34.01098],[-71.21754,-34.01124],[-71.21506,-34.01662]]}},{"id":"4954","type":"Feature","properties":{"ROL":"G-760","NOMBRE_CAMINO":"Curacaví -  El Toro","CLASIFICACION":"Camino Regional Comunal","CALZADA":"U","tmda":171.0},"geometry":{"type":"LineString","coordinates":[[-71.15995,-33.41166],[-71.15627,-33.41084],[-71.15866,-33.40517],[-71.1622,-33.39893],[-71.1664,-33.39905],[-71.16824,-33.39549],[-71.16433,-33.38745],[-71.16554,-33.38512],[-71.16466,-33.38029],[-71.1619,-33.37651],[-71.16163,-33.37227],[-71.15608,-33.36493],[-71.15099,-33.36134],[-71.15127,-33.35798],[-71.1444,-33.34718],[-71.14268,-33.34118],[-71.14042,-33.34082],[-71.13902,-33.3385],[-71.13836,-33.33656],[-71.14002,-33.32988],[-71.13825,-33.3261]]}},{"id":"4955","type":"Feature","properties":{"ROL":"G-760","NOMBRE_CAMINO":"Curacaví -  El Toro","CLASIFICACION":"Camino Regional Comunal","CALZADA":"U","tmda":171.0},"geometry":{"type":"LineString","coordinates":[[-71.13825,-33.3261],[-71.13763,-33.32465],[-71.13364,-33.32477],[-71.13184,-33.32283]]}},{"id":"4956","type":"Feature","properties":{"ROL":"G-760","NOMBRE_CAMINO":"Curacaví -  El Toro","CLASIFICACION":"Camino Regional Comunal","CALZADA":"U","tmda":171.0},"geometry":{"type":"LineString","coordinates":[[-71.13184,-33.32283],[-71.12913,-33.3186],[-71.12405,-33.31417]]}},{"id":"4957","type":"Feature","properties":{"ROL":"G-840","NOMBRE_CAMINO":"El Manzanito - Nihue","CLASIFICACION":"Camino Regional Comunal","CALZADA":"U","tmda":373.0},"geometry":{"type":"LineString","coordinates":[[-71.51748,-33.91904],[-71.52095,-33.9232],[-71.52153,-33.92685]]}},{"id":"4958","type":"Feature","properties":{"ROL":"G-840","NOMBRE_CAMINO":"El Manzanito - Nihue","CLASIFICACION":"Camino Regional Comunal","CALZADA":"U","tmda":373.0},"geometry":{"type":"LineString","coordinates":[[-71.52153,-33.92685],[-71.51852,-33.92935]]}},{"id":"4959","type":"Feature","properties":{"ROL":"G-840","NOMBRE_CAMINO":"El Manzanito - Nihue","CLASIFICACION":"Camino Regional Comunal","CALZADA":"U","tmda":373.0},"geometry":{"type":"LineString","coordinates":[[-71.51852,-33.92935],[-71.51519,-33.93941],[-71.51881,-33.94532],[-71.52053,-33.95198],[-71.52743,-33.96028],[-71.52645,-33.96855],[-71.52974,-33.97575],[-71.53171,-33.97725],[-71.54733,-33.97968],[-71.55043,-33.98341]]}},{"id":"4960","type":"Feature","properties":{"ROL":"G-684","NOMBRE_CAMINO":"Pichi","CLASIFICACION":"Camino Regional Comunal","CALZADA":"U","tmda":1820.0},"geometry":{"type":"LineString","coordinates":[[-71.06368,-33.97731],[-71.06459,-33.97446],[-71.06257,-33.97302]]}},{"id":"4961","type":"Feature","properties":{"ROL":"G-684","NOMBRE_CAMINO":"Pichi","CLASIFICACION":"Camino Regional Comunal","CALZADA":"U","tmda":1820.0},"geometry":{"type":"LineString","coordinates":[[-71.06257,-33.97302],[-71.05964,-33.9672]]}},{"id":"4962","type":"Feature","properties":{"ROL":"G-413","NOMBRE_CAMINO":"Los Quillayes - La Iglesia","CLASIFICACION":"Camino Regional Comunal","CALZADA":"U","tmda":null},"geometry":{"type":"LineString","coordinates":[[-70.62041,-33.67589],[-70.57739,-33.69139]]}},{"id":"4963","type":"Feature","properties":{"ROL":"G-300","NOMBRE_CAMINO":"El Copihue","CLASIFICACION":"Camino Regional Comunal","CALZADA":"U","tmda":null},"geometry":{"type":"LineString","coordinates":[[-70.81806,-33.5721],[-70.81218,-33.57841],[-70.80601,-33.58896],[-70.78132,-33.59119]]}},{"id":"4964","type":"Feature","properties":{"ROL":"G-300","NOMBRE_CAMINO":"El Copihue","CLASIFICACION":"Camino Regional Comunal","CALZADA":"U","tmda":null},"geometry":{"type":"LineString","coordinates":[[-70.81853,-33.57165],[-70.81806,-33.5721]]}},{"id":"4965","type":"Feature","properties":{"ROL":"G-188","NOMBRE_CAMINO":"Bernardo O'Higgins - Noviciado por Cinco Ojos","CLASIFICACION":"Camino Regional Comunal","CALZADA":"U","tmda":null},"geometry":{"type":"LineString","coordinates":[[-70.86934,-33.40066],[-70.90109,-33.39931]]}},{"id":"4966","type":"Feature","properties":{"ROL":"S/R-G-178","NOMBRE_CAMINO":"Nuevo Porvenir","CLASIFICACION":"Camino Regional Comunal (En Proceso de Enrolamiento)","CALZADA":"U","tmda":null},"geometry":{"type":"LineString","coordinates":[[-70.83308,-33.2777],[-70.83299,-33.28322],[-70.84385,-33.28169],[-70.84926,-33.27887],[-70.85286,-33.27848]]}},{"id":"4967","type":"Feature","properties":{"ROL":"S/R-G-113","NOMBRE_CAMINO":"San José - Huechún","CLASIFICACION":"Camino Regional de Acceso (En Proceso de Enrolamiento)","CALZADA":"U","tmda":null},"geometry":{"type":"LineString","coordinates":[[-70.75453,-33.09356],[-70.75057,-33.08587],[-70.75499,-33.08503],[-70.76222,-33.07853],[-70.76979,-33.0753],[-70.77977,-33.07589],[-70.78037,-33.07731]]}},{"id":"4968","type":"Feature","properties":{"ROL":"S/R-G-183","NOMBRE_CAMINO":"El Alba Poniente","CLASIFICACION":"Camino Regional Comunal (En Proceso de Enrolamiento)","CALZADA":"U","tmda":null},"geometry":{"type":"LineString","coordinates":[[-70.68131,-33.28569],[-70.68275,-33.29562],[-70.68196,-33.29864],[-70.68399,-33.30567]]}},{"id":"4969","type":"Feature","properties":{"ROL":"S/R-G-153","NOMBRE_CAMINO":"La Viñita","CLASIFICACION":"Camino Regional Comunal (En Proceso de Enrolamiento)","CALZADA":"U","tmda":null},"geometry":{"type":"LineString","coordinates":[[-70.75302,-33.24759],[-70.74702,-33.24847],[-70.7384,-33.24758]]}},{"id":"4970","type":"Feature","properties":{"ROL":"S/R-G-184","NOMBRE_CAMINO":"Los Culenes","CLASIFICACION":"Camino Regional de Acceso (En Proceso de Enrolamiento)","CALZADA":"U","tmda":null},"geometry":{"type":"LineString","coordinates":[[-70.84529,-33.3678],[-70.82939,-33.37479]]}},{"id":"4971","type":"Feature","properties":{"ROL":"S/R-G-143","NOMBRE_CAMINO":"San Vicente - Lo Arcaya (Tercera Entrada)","CLASIFICACION":"Camino Regional Comunal (En Proceso de Enrolamiento)","CALZADA":"U","tmda":null},"geometry":{"type":"LineString","coordinates":[[-70.69765,-33.2502],[-70.68286,-33.24996]]}},{"id":"4972","type":"Feature","properties":{"ROL":"S/R-G-126","NOMBRE_CAMINO":"El Sauce Antiguo","CLASIFICACION":"Camino Regional de Acceso (En Proceso de Enrolamiento)","CALZADA":"U","tmda":null},"geometry":{"type":"LineString","coordinates":[[-70.92992,-33.10264],[-70.92599,-33.09558]]}},{"id":"4973","type":"Feature","properties":{"ROL":"S/R-G-173","NOMBRE_CAMINO":"Santa Cecilia","CLASIFICACION":"Camino Regional Comunal (En Proceso de Enrolamiento)","CALZADA":"U","tmda":null},"geometry":{"type":"LineString","coordinates":[[-70.69935,-33.26266],[-70.70775,-33.26123]]}},{"id":"4974","type":"Feature","properties":{"ROL":"S/R-G-166","NOMBRE_CAMINO":"Santa Inés","CLASIFICACION":"Camino Regional de Acceso (En Proceso de Enrolamiento)","CALZADA":"U","tmda":null},"geometry":{"type":"LineString","coordinates":[[-70.83513,-33.27746],[-70.83266,-33.26493],[-70.8282,-33.26538],[-70.82768,-33.26275],[-70.81327,-33.26226]]}},{"id":"4975","type":"Feature","properties":{"ROL":"S/R-G-175","NOMBRE_CAMINO":"San José - Los Diecisiete","CLASIFICACION":"Camino Regional Comunal (En Proceso de Enrolamiento)","CALZADA":"U","tmda":null},"geometry":{"type":"LineString","coordinates":[[-70.69795,-33.24385],[-70.70041,-33.24394],[-70.7169,-33.26824],[-70.72419,-33.26485]]}},{"id":"4976","type":"Feature","properties":{"ROL":"S/R-G-170","NOMBRE_CAMINO":"Chorrillos Nº2","CLASIFICACION":"Camino Regional Comunal (En Proceso de Enrolamiento)","CALZADA":"U","tmda":null},"geometry":{"type":"LineString","coordinates":[[-70.83947,-33.33885],[-70.82805,-33.33877],[-70.82656,-33.33833],[-70.82644,-33.33691],[-70.82308,-33.33651]]}},{"id":"4977","type":"Feature","properties":{"ROL":"S/R-G-174","NOMBRE_CAMINO":"Ignacio Carrera Pinto","CLASIFICACION":"Camino Regional de Acceso (En Proceso de Enrolamiento)","CALZADA":"U","tmda":null},"geometry":{"type":"LineString","coordinates":[[-70.87014,-33.28638],[-70.84425,-33.28773]]}},{"id":"4978","type":"Feature","properties":{"ROL":"S/R-G-163","NOMBRE_CAMINO":"Los Ingleses","CLASIFICACION":"Camino Regional Comunal (En Proceso de Enrolamiento)","CALZADA":"U","tmda":null},"geometry":{"type":"LineString","coordinates":[[-70.68139,-33.28569],[-70.6776,-33.26111],[-70.67856,-33.25654],[-70.6743,-33.24162],[-70.6746,-33.23919],[-70.67255,-33.23654]]}},{"id":"4979","type":"Feature","properties":{"ROL":"S/R-G-162","NOMBRE_CAMINO":"Las Parcelas - Estación Colina","CLASIFICACION":"Camino Regional Comunal (En Proceso de Enrolamiento)","CALZADA":"U","tmda":null},"geometry":{"type":"LineString","coordinates":[[-70.74819,-33.27027],[-70.76344,-33.27674]]}},{"id":"4980","type":"Feature","properties":{"ROL":"S/R-G-177","NOMBRE_CAMINO":"El Alba Oriente","CLASIFICACION":"Camino Regional Comunal (En Proceso de Enrolamiento)","CALZADA":"U","tmda":null},"geometry":{"type":"LineString","coordinates":[[-70.67768,-33.30811],[-70.67059,-33.30713],[-70.66606,-33.29866],[-70.66898,-33.29367],[-70.66764,-33.28664]]}},{"id":"4981","type":"Feature","properties":{"ROL":"S/R-G-181","NOMBRE_CAMINO":"El Alba Centro","CLASIFICACION":"Camino Regional Comunal (En Proceso de Enrolamiento)","CALZADA":"U","tmda":null},"geometry":{"type":"LineString","coordinates":[[-70.67438,-33.28617],[-70.67758,-33.30807]]}},{"id":"4982","type":"Feature","properties":{"ROL":"S/R-G-192","NOMBRE_CAMINO":"Lo Castro","CLASIFICACION":"Camino Regional de Acceso (En Proceso de Enrolamiento)","CALZADA":"U","tmda":null},"geometry":{"type":"LineString","coordinates":[[-70.7742,-33.2892],[-70.7822,-33.29129],[-70.79804,-33.29986]]}},{"id":"4983","type":"Feature","properties":{"ROL":"S/R-G-742","NOMBRE_CAMINO":"Curacaví -  Alhué","CLASIFICACION":"Camino Regional Comunal (En Proceso de Enrolamiento)","CALZADA":"U","tmda":null},"geometry":{"type":"LineString","coordinates":[[-71.13391,-33.35589],[-71.1359,-33.35582],[-71.13837,-33.36545],[-71.14322,-33.3736],[-71.14096,-33.37458]]}},{"id":"4984","type":"Feature","properties":{"ROL":"S/R-G-934","NOMBRE_CAMINO":"La Viña","CLASIFICACION":"Camino Regional de Acceso (En Proceso de Enrolamiento)","CALZADA":"U","tmda":null},"geometry":{"type":"LineString","coordinates":[[-71.16184,-33.3741],[-71.17531,-33.3763]]}},{"id":"4985","type":"Feature","properties":{"ROL":"S/R-G-618","NOMBRE_CAMINO":"Albacora","CLASIFICACION":"Camino Regional Comunal (En Proceso de Enrolamiento)","CALZADA":"U","tmda":null},"geometry":{"type":"LineString","coordinates":[[-71.16079,-33.67585],[-71.16077,-33.68819]]}},{"id":"4986","type":"Feature","properties":{"ROL":"S/R-G-557","NOMBRE_CAMINO":"La Rinconada de Huelquén","CLASIFICACION":"Camino Regional de Acceso (En Proceso de Enrolamiento)","CALZADA":"U","tmda":null},"geometry":{"type":"LineString","coordinates":[[-70.64338,-33.82857],[-70.62497,-33.82591]]}},{"id":"4987","type":"Feature","properties":{"ROL":"S/R-G-640","NOMBRE_CAMINO":"Variante Chocalán","CLASIFICACION":"Camino Regional Comunal (En Proceso de Enrolamiento)","CALZADA":"U","tmda":null},"geometry":{"type":"LineString","coordinates":[[-71.20546,-33.72683],[-71.20544,-33.7241],[-71.2075,-33.72004]]}},{"id":"4988","type":"Feature","properties":{"ROL":"S/R-G-786","NOMBRE_CAMINO":"Junco","CLASIFICACION":"Camino Regional de Acceso (En Proceso de Enrolamiento)","CALZADA":"U","tmda":null},"geometry":{"type":"LineString","coordinates":[[-71.18408,-33.71736],[-71.17187,-33.71745],[-71.16777,-33.71269],[-71.16262,-33.70987],[-71.16055,-33.70292]]}},{"id":"4989","type":"Feature","properties":{"ROL":"S/R-G-898","NOMBRE_CAMINO":"Las Vertientes de Loyca","CLASIFICACION":"Camino Regional de Acceso (En Proceso de Enrolamiento)","CALZADA":"U","tmda":null},"geometry":{"type":"LineString","coordinates":[[-71.43622,-33.98991],[-71.43427,-33.99844],[-71.43475,-34.00375],[-71.43219,-34.01372],[-71.42911,-34.02228],[-71.42717,-34.0228],[-71.42585,-34.02531]]}},{"id":"4990","type":"Feature","properties":{"ROL":"S/R-G-342","NOMBRE_CAMINO":"San Agustín","CLASIFICACION":"Camino Regional de Acceso (En Proceso de Enrolamiento)","CALZADA":"U","tmda":null},"geometry":{"type":"LineString","coordinates":[[-70.75526,-33.62083],[-70.75657,-33.62064],[-70.75527,-33.6163]]}},{"id":"4991","type":"Feature","properties":{"ROL":"S/R-G-447","NOMBRE_CAMINO":"Las Clarillanas","CLASIFICACION":"Camino Regional de Acceso (En Proceso de Enrolamiento)","CALZADA":"U","tmda":null},"geometry":{"type":"LineString","coordinates":[[-70.58619,-33.68284],[-70.58881,-33.68172],[-70.58877,-33.68051],[-70.59279,-33.67962]]}},{"id":"4992","type":"Feature","properties":{"ROL":"S/R-G-796","NOMBRE_CAMINO":"Santa Clara","CLASIFICACION":"Camino Regional de Acceso (En Proceso de Enrolamiento)","CALZADA":"U","tmda":null},"geometry":{"type":"LineString","coordinates":[[-71.08473,-33.57367],[-71.08276,-33.58619],[-71.08185,-33.58651]]}},{"id":"4993","type":"Feature","properties":{"ROL":"S/R-G-133","NOMBRE_CAMINO":"Quilapilún Alto","CLASIFICACION":"Camino Regional de Acceso (En Proceso de Enrolamiento)","CALZADA":"U","tmda":null},"geometry":{"type":"LineString","coordinates":[[-70.69278,-33.09485],[-70.67024,-33.09225]]}},{"id":"4994","type":"Feature","properties":{"ROL":"S/R-G-790","NOMBRE_CAMINO":"El Campesino","CLASIFICACION":"Camino Regional Comunal (En Proceso de Enrolamiento)","CALZADA":"U","tmda":null},"geometry":{"type":"LineString","coordinates":[[-71.1477,-33.58278],[-71.14984,-33.59491]]}},{"id":"4995","type":"Feature","properties":{"ROL":"S/R-G-802","NOMBRE_CAMINO":"Santa Elisa - El Pimiento","CLASIFICACION":"Camino Regional de Acceso (En Proceso de Enrolamiento)","CALZADA":"U","tmda":null},"geometry":{"type":"LineString","coordinates":[[-70.98889,-33.58347],[-70.98138,-33.5715]]}},{"id":"4996","type":"Feature","properties":{"ROL":"S/R-G-810","NOMBRE_CAMINO":"Santa Filomena","CLASIFICACION":"Camino Regional de Acceso (En Proceso de Enrolamiento)","CALZADA":"U","tmda":null},"geometry":{"type":"LineString","coordinates":[[-71.21839,-33.59111],[-71.25009,-33.58291]]}},{"id":"4997","type":"Feature","properties":{"ROL":"S/R-G-303","NOMBRE_CAMINO":"Las Majadas Poniente","CLASIFICACION":"Camino Regional de Acceso (En Proceso de Enrolamiento)","CALZADA":"U","tmda":null},"geometry":{"type":"LineString","coordinates":[[-70.54265,-33.63627],[-70.54905,-33.63877],[-70.54687,-33.6533],[-70.55618,-33.65663]]}},{"id":"4998","type":"Feature","properties":{"ROL":"S/R-G-736","NOMBRE_CAMINO":"Comunidad Las Rosas","CLASIFICACION":"Camino Regional Comunal (En Proceso de Enrolamiento)","CALZADA":"U","tmda":null},"geometry":{"type":"LineString","coordinates":[[-71.12702,-33.40952],[-71.12124,-33.41316],[-71.11548,-33.41355],[-71.11162,-33.41223]]}},{"id":"4999","type":"Feature","properties":{"ROL":"S/R-G-778","NOMBRE_CAMINO":"Montaña Adentro","CLASIFICACION":"Camino Regional de Acceso (En Proceso de Enrolamiento)","CALZADA":"U","tmda":null},"geometry":{"type":"LineString","coordinates":[[-71.3341,-33.66211],[-71.33326,-33.65473],[-71.33093,-33.65208],[-71.31966,-33.64526]]}},{"id":"5000","type":"Feature","properties":{"ROL":"S/R-G-567","NOMBRE_CAMINO":"Juan Pablo II - Colonias de Paine","CLASIFICACION":"Camino Regional Comunal (En Proceso de Enrolamiento)","CALZADA":"U","tmda":null},"geometry":{"type":"LineString","coordinates":[[-70.72223,-33.87084],[-70.71757,-33.86273]]}},{"id":"5001","type":"Feature","properties":{"ROL":"S/R-G-134","NOMBRE_CAMINO":"Santa Carolina","CLASIFICACION":"Camino Regional Comunal (En Proceso de Enrolamiento)","CALZADA":"U","tmda":null},"geometry":{"type":"LineString","coordinates":[[-70.797,-33.23386],[-70.7967,-33.21437]]}},{"id":"5002","type":"Feature","properties":{"ROL":"S/R-G-894","NOMBRE_CAMINO":"Altos de Loyca","CLASIFICACION":"Camino Regional de Acceso (En Proceso de Enrolamiento)","CALZADA":"U","tmda":null},"geometry":{"type":"LineString","coordinates":[[-71.49647,-33.99069],[-71.48171,-33.99666],[-71.48236,-34.00067],[-71.48134,-34.00357]]}},{"id":"5003","type":"Feature","properties":{"ROL":"S/R-G-602","NOMBRE_CAMINO":"Natalio Meza","CLASIFICACION":"Camino Regional Comunal (En Proceso de Enrolamiento)","CALZADA":"U","tmda":null},"geometry":{"type":"LineString","coordinates":[[-71.05002,-33.69449],[-71.05208,-33.69433]]}},{"id":"5004","type":"Feature","properties":{"ROL":"S/R-G-559","NOMBRE_CAMINO":"La Turbina","CLASIFICACION":"Camino Regional de Acceso (En Proceso de Enrolamiento)","CALZADA":"U","tmda":null},"geometry":{"type":"LineString","coordinates":[[-70.64534,-33.88941],[-70.63597,-33.88832]]}},{"id":"5005","type":"Feature","properties":{"ROL":"S/R-G-561","NOMBRE_CAMINO":"El Escorial de Paine","CLASIFICACION":"Camino Regional de Acceso (En Proceso de Enrolamiento)","CALZADA":"U","tmda":null},"geometry":{"type":"LineString","coordinates":[[-70.63478,-33.85663],[-70.62998,-33.85928],[-70.59381,-33.85569]]}},{"id":"5006","type":"Feature","properties":{"ROL":"S/R-G-890","NOMBRE_CAMINO":"El Forestal","CLASIFICACION":"Camino Regional de Acceso (En Proceso de Enrolamiento)","CALZADA":"U","tmda":null},"geometry":{"type":"LineString","coordinates":[[-71.42507,-34.00153],[-71.42214,-34.00648],[-71.41897,-34.00742],[-71.41758,-34.00966],[-71.41722,-34.01206],[-71.42032,-34.02012]]}},{"id":"5007","type":"Feature","properties":{"ROL":"S/R-G-563","NOMBRE_CAMINO":"Los Acacios","CLASIFICACION":"Camino Regional Comunal (En Proceso de Enrolamiento)","CALZADA":"U","tmda":null},"geometry":{"type":"LineString","coordinates":[[-70.73248,-33.86869],[-70.73163,-33.8596]]}},{"id":"5008","type":"Feature","properties":{"ROL":"S/R-G-316","NOMBRE_CAMINO":"El Acacio","CLASIFICACION":"Camino Regional de Acceso (En Proceso de Enrolamiento)","CALZADA":"U","tmda":null},"geometry":{"type":"LineString","coordinates":[[-70.7945,-33.61453],[-70.79711,-33.61294]]}},{"id":"5009","type":"Feature","properties":{"ROL":"S/R-G-798","NOMBRE_CAMINO":"San Bernardo","CLASIFICACION":"Camino Regional de Acceso (En Proceso de Enrolamiento)","CALZADA":"U","tmda":null},"geometry":{"type":"LineString","coordinates":[[-71.08473,-33.57367],[-71.08626,-33.56384]]}},{"id":"5010","type":"Feature","properties":{"ROL":"S/R-G-732","NOMBRE_CAMINO":"El Rosario de María Pinto","CLASIFICACION":"Camino Regional Comunal (En Proceso de Enrolamiento)","CALZADA":"U","tmda":null},"geometry":{"type":"LineString","coordinates":[[-71.15614,-33.494],[-71.15621,-33.49628],[-71.15133,-33.50057],[-71.146,-33.51022],[-71.14144,-33.50886],[-71.14096,-33.50765],[-71.13264,-33.50598],[-71.13243,-33.50406],[-71.12585,-33.50178]]}},{"id":"5011","type":"Feature","properties":{"ROL":"S/R-G-140","NOMBRE_CAMINO":"Santa Carolina - El Humedal","CLASIFICACION":"Camino Regional Comunal (En Proceso de Enrolamiento)","CALZADA":"U","tmda":null},"geometry":{"type":"LineString","coordinates":[[-70.77706,-33.22024],[-70.79691,-33.22299]]}},{"id":"5012","type":"Feature","properties":{"ROL":"S/R-G-706","NOMBRE_CAMINO":"Colo - Colo","CLASIFICACION":"Camino Regional de Acceso (En Proceso de Enrolamiento)","CALZADA":"U","tmda":null},"geometry":{"type":"LineString","coordinates":[[-71.00428,-33.49863],[-71.00274,-33.51671]]}},{"id":"5013","type":"Feature","properties":{"ROL":"S/R-G-776","NOMBRE_CAMINO":"Tantehue","CLASIFICACION":"Camino Regional de Acceso (En Proceso de Enrolamiento)","CALZADA":"U","tmda":null},"geometry":{"type":"LineString","coordinates":[[-71.24238,-33.88584],[-71.23877,-33.88618],[-71.23533,-33.88474],[-71.22943,-33.88688],[-71.22587,-33.8865],[-71.22045,-33.88148],[-71.22137,-33.87627],[-71.2058,-33.8589],[-71.20334,-33.85326],[-71.19704,-33.8503],[-71.18244,-33.84881]]}},{"id":"5014","type":"Feature","properties":{"ROL":"S/R-G-630","NOMBRE_CAMINO":"Alto Rumay","CLASIFICACION":"Camino Regional Comunal (En Proceso de Enrolamiento)","CALZADA":"U","tmda":null},"geometry":{"type":"LineString","coordinates":[[-71.23248,-33.6271],[-71.21463,-33.6337],[-71.20606,-33.63533]]}},{"id":"5015","type":"Feature","properties":{"ROL":"S/R-G-812","NOMBRE_CAMINO":"Las Pilastras","CLASIFICACION":"Camino Regional Comunal (En Proceso de Enrolamiento)","CALZADA":"U","tmda":null},"geometry":{"type":"LineString","coordinates":[[-71.16798,-33.57714],[-71.16498,-33.59203],[-71.1589,-33.59117]]}},{"id":"5016","type":"Feature","properties":{"ROL":"S/R-G-920","NOMBRE_CAMINO":"Chacayo - Las Rosas","CLASIFICACION":"Camino Regional de Acceso (En Proceso de Enrolamiento)","CALZADA":"U","tmda":null},"geometry":{"type":"LineString","coordinates":[[-71.13433,-33.41632],[-71.13811,-33.41757],[-71.1384,-33.4214],[-71.14239,-33.41989],[-71.14359,-33.4215],[-71.15961,-33.421],[-71.1574,-33.41788]]}},{"id":"5017","type":"Feature","properties":{"ROL":"S/R-G-519","NOMBRE_CAMINO":"El Tránsito","CLASIFICACION":"Camino Regional de Acceso (En Proceso de Enrolamiento)","CALZADA":"U","tmda":null},"geometry":{"type":"LineString","coordinates":[[-70.66194,-33.77249],[-70.67596,-33.77319]]}},{"id":"5018","type":"Feature","properties":{"ROL":"S/R-G-401","NOMBRE_CAMINO":"El Huingán","CLASIFICACION":"Camino Regional de Acceso (En Proceso de Enrolamiento)","CALZADA":"U","tmda":null},"geometry":{"type":"LineString","coordinates":[[-70.55376,-33.62817],[-70.55297,-33.63401],[-70.55919,-33.63653],[-70.55849,-33.6421]]}},{"id":"5019","type":"Feature","properties":{"ROL":"S/R-G-818","NOMBRE_CAMINO":"Santa Teresa","CLASIFICACION":"Camino Regional de Acceso (En Proceso de Enrolamiento)","CALZADA":"U","tmda":null},"geometry":{"type":"LineString","coordinates":[[-71.01262,-33.57816],[-71.0143,-33.57908],[-71.01336,-33.58501]]}},{"id":"5020","type":"Feature","properties":{"ROL":"S/R-G-790","NOMBRE_CAMINO":"El Campesino","CLASIFICACION":"Camino Regional Comunal (En Proceso de Enrolamiento)","CALZADA":"U","tmda":null},"geometry":{"type":"LineString","coordinates":[[-71.15035,-33.56726],[-71.15063,-33.57798],[-71.14787,-33.57927],[-71.1477,-33.58278]]}},{"id":"5021","type":"Feature","properties":{"ROL":"S/R-G-190","NOMBRE_CAMINO":"Los Guerreros","CLASIFICACION":"Camino Regional de Acceso (En Proceso de Enrolamiento)","CALZADA":"U","tmda":null},"geometry":{"type":"LineString","coordinates":[[-70.76586,-33.24266],[-70.78724,-33.24245]]}},{"id":"5022","type":"Feature","properties":{"ROL":"S/R-G-592","NOMBRE_CAMINO":"El Monte - Santa Cecilia","CLASIFICACION":"Camino Regional Comunal (En Proceso de Enrolamiento)","CALZADA":"U","tmda":null},"geometry":{"type":"LineString","coordinates":[[-70.97901,-33.67451],[-70.97061,-33.67087],[-70.97141,-33.65274]]}},{"id":"5023","type":"Feature","properties":{"ROL":"S/R-G-302","NOMBRE_CAMINO":"El Tanguito","CLASIFICACION":"Camino Regional de Acceso (En Proceso de Enrolamiento)","CALZADA":"U","tmda":null},"geometry":{"type":"LineString","coordinates":[[-70.78674,-33.60182],[-70.77064,-33.60399],[-70.7692,-33.60607]]}},{"id":"5024","type":"Feature","properties":{"ROL":"S/R-G-443","NOMBRE_CAMINO":"Los Quillayes Interior","CLASIFICACION":"Camino Regional de Acceso (En Proceso de Enrolamiento)","CALZADA":"U","tmda":null},"geometry":{"type":"LineString","coordinates":[[-70.59082,-33.69175],[-70.60058,-33.68764]]}},{"id":"5025","type":"Feature","properties":{"ROL":"S/R-G-676","NOMBRE_CAMINO":"Los Maitenes","CLASIFICACION":"Camino Regional Comunal (En Proceso de Enrolamiento)","CALZADA":"U","tmda":null},"geometry":{"type":"LineString","coordinates":[[-71.33876,-33.82696],[-71.33905,-33.82899],[-71.34178,-33.83156],[-71.35074,-33.83657],[-71.36445,-33.83718]]}},{"id":"5026","type":"Feature","properties":{"ROL":"S/R-G-492","NOMBRE_CAMINO":"Cementerio de Maipo","CLASIFICACION":"Camino Regional de Acceso (En Proceso de Enrolamiento)","CALZADA":"U","tmda":null},"geometry":{"type":"LineString","coordinates":[[-70.77933,-33.74115],[-70.77631,-33.74373],[-70.77688,-33.74454]]}},{"id":"5027","type":"Feature","properties":{"ROL":"S/R-G-622","NOMBRE_CAMINO":"El Maitén","CLASIFICACION":"Camino Regional Comunal (En Proceso de Enrolamiento)","CALZADA":"U","tmda":null},"geometry":{"type":"LineString","coordinates":[[-71.17591,-33.67628],[-71.17518,-33.6873],[-71.16102,-33.68638]]}},{"id":"5028","type":"Feature","properties":{"ROL":"S/R-G-782","NOMBRE_CAMINO":"Puangue - La Libertad","CLASIFICACION":"Camino Regional Comunal (En Proceso de Enrolamiento)","CALZADA":"U","tmda":null},"geometry":{"type":"LineString","coordinates":[[-71.34074,-33.67408],[-71.35451,-33.68951]]}},{"id":"5029","type":"Feature","properties":{"ROL":"S/R-G-553\n","NOMBRE_CAMINO":"La Rana","CLASIFICACION":"Camino Regional de Acceso (En Proceso de Enrolamiento)","CALZADA":"U","tmda":null},"geometry":{"type":"LineString","coordinates":[[-70.64957,-33.81528],[-70.64678,-33.81315]]}},{"id":"5030","type":"Feature","properties":{"ROL":"S/R-G-156","NOMBRE_CAMINO":"El Taco","CLASIFICACION":"Camino Regional de Acceso (En Proceso de Enrolamiento)","CALZADA":"U","tmda":null},"geometry":{"type":"LineString","coordinates":[[-70.91191,-33.24843],[-70.91174,-33.24038],[-70.91302,-33.23777]]}},{"id":"5031","type":"Feature","properties":{"ROL":"S/R-G-328","NOMBRE_CAMINO":"Los Tilos","CLASIFICACION":"Camino Regional de Acceso (En Proceso de Enrolamiento)","CALZADA":"U","tmda":null},"geometry":{"type":"LineString","coordinates":[[-70.80837,-33.6183],[-70.81518,-33.62493]]}},{"id":"5032","type":"Feature","properties":{"ROL":"S/R-G-808","NOMBRE_CAMINO":"Sargento Candelaria","CLASIFICACION":"Camino Regional de Acceso (En Proceso de Enrolamiento)","CALZADA":"U","tmda":null},"geometry":{"type":"LineString","coordinates":[[-71.21734,-33.58788],[-71.19942,-33.59059],[-71.18853,-33.5903]]}},{"id":"5033","type":"Feature","properties":{"ROL":"S/R-G-780","NOMBRE_CAMINO":"Puertas Coloradas","CLASIFICACION":"Camino Regional de Acceso (En Proceso de Enrolamiento)","CALZADA":"U","tmda":null},"geometry":{"type":"LineString","coordinates":[[-71.30334,-33.66544],[-71.30894,-33.64746],[-71.31027,-33.64705],[-71.31156,-33.64047],[-71.31325,-33.6401],[-71.31326,-33.63893]]}},{"id":"5034","type":"Feature","properties":{"ROL":"S/R-G-754","NOMBRE_CAMINO":"Lo Ovalle - Variante El Ranchillo","CLASIFICACION":"Camino Regional Comunal (En Proceso de Enrolamiento)","CALZADA":"U","tmda":null},"geometry":{"type":"LineString","coordinates":[[-71.07493,-33.48031],[-71.07971,-33.49846]]}},{"id":"5035","type":"Feature","properties":{"ROL":"S/R-G-572","NOMBRE_CAMINO":"Los Gallineros de Aculeo","CLASIFICACION":"Camino Regional de Acceso (En Proceso de Enrolamiento)","CALZADA":"U","tmda":null},"geometry":{"type":"LineString","coordinates":[[-70.91635,-33.87117],[-70.91236,-33.86534]]}},{"id":"5036","type":"Feature","properties":{"ROL":"S/R-G-445","NOMBRE_CAMINO":"Los Silos","CLASIFICACION":"Camino Regional Comunal (En Proceso de Enrolamiento)","CALZADA":"U","tmda":null},"geometry":{"type":"LineString","coordinates":[[-70.58679,-33.65268],[-70.61117,-33.66169]]}},{"id":"5037","type":"Feature","properties":{"ROL":"S/R-G-632","NOMBRE_CAMINO":"Rumay Población","CLASIFICACION":"Camino Regional Comunal (En Proceso de Enrolamiento)","CALZADA":"U","tmda":null},"geometry":{"type":"LineString","coordinates":[[-71.23749,-33.63721],[-71.23516,-33.63831],[-71.23389,-33.63415],[-71.22922,-33.63551],[-71.22531,-33.62976]]}},{"id":"5038","type":"Feature","properties":{"ROL":"S/R-G-794","NOMBRE_CAMINO":"La Carrera","CLASIFICACION":"Camino Regional de Acceso (En Proceso de Enrolamiento)","CALZADA":"U","tmda":null},"geometry":{"type":"LineString","coordinates":[[-71.11037,-33.56961],[-71.10902,-33.58838],[-71.10502,-33.60979]]}},{"id":"5039","type":"Feature","properties":{"ROL":"S/R-G-566","NOMBRE_CAMINO":"Champa - Collipeumo","CLASIFICACION":"Camino Regional de Acceso (En Proceso de Enrolamiento)","CALZADA":"U","tmda":null},"geometry":{"type":"LineString","coordinates":[[-70.77838,-33.83784],[-70.78818,-33.83429],[-70.7984,-33.83246]]}},{"id":"5040","type":"Feature","properties":{"ROL":"S/R-G-441","NOMBRE_CAMINO":"Los Gallineros - El Principal","CLASIFICACION":"Camino Regional de Acceso (En Proceso de Enrolamiento)","CALZADA":"U","tmda":null},"geometry":{"type":"LineString","coordinates":[[-70.55438,-33.72761],[-70.55209,-33.73474]]}},{"id":"5041","type":"Feature","properties":{"ROL":"S/R-G-562","NOMBRE_CAMINO":"Pintué - Los Perales","CLASIFICACION":"Camino Regional de Acceso (En Proceso de Enrolamiento)","CALZADA":"U","tmda":null},"geometry":{"type":"LineString","coordinates":[[-70.88035,-33.87461],[-70.88144,-33.87323],[-70.87874,-33.85781],[-70.88743,-33.84754],[-70.89099,-33.84557],[-70.89176,-33.84709],[-70.8945,-33.8463],[-70.89603,-33.84263],[-70.89821,-33.8416]]}},{"id":"5042","type":"Feature","properties":{"ROL":"S/R-G-552","NOMBRE_CAMINO":"Costanera Poniente Estero Angostura","CLASIFICACION":"Camino Regional de Acceso (En Proceso de Enrolamiento)","CALZADA":"U","tmda":null},"geometry":{"type":"LineString","coordinates":[[-70.7363,-33.90729],[-70.74446,-33.89939],[-70.7478,-33.88564]]}},{"id":"5043","type":"Feature","properties":{"ROL":"S/R-G-134","NOMBRE_CAMINO":"Santa Carolina","CLASIFICACION":"Camino Regional Comunal (En Proceso de Enrolamiento)","CALZADA":"U","tmda":null},"geometry":{"type":"LineString","coordinates":[[-70.7967,-33.21437],[-70.7965,-33.20811]]}},{"id":"5044","type":"Feature","properties":{"ROL":"S/R-G-577","NOMBRE_CAMINO":"24 de Abril","CLASIFICACION":"Camino Regional de Acceso (En Proceso de Enrolamiento)","CALZADA":"U","tmda":null},"geometry":{"type":"LineString","coordinates":[[-70.68186,-33.80397],[-70.68279,-33.79616]]}},{"id":"5045","type":"Feature","properties":{"ROL":"S/R-G-114","NOMBRE_CAMINO":"Lo Marín","CLASIFICACION":"Camino Regional Comunal (En Proceso de Enrolamiento)","CALZADA":"U","tmda":null},"geometry":{"type":"LineString","coordinates":[[-70.97205,-32.99821],[-70.97542,-32.99788],[-70.97417,-32.99189],[-70.97581,-32.99008],[-70.97771,-32.98106],[-70.9802,-32.98969],[-70.98346,-32.99038],[-70.98347,-32.99265],[-70.98589,-32.99467],[-70.98847,-32.99458],[-70.99031,-32.99839],[-70.99568,-33.00246]]}},{"id":"5046","type":"Feature","properties":{"ROL":"S/R-G-176","NOMBRE_CAMINO":"Peralillo - Los Culenes","CLASIFICACION":"Camino Regional Comunal (En Proceso de Enrolamiento)","CALZADA":"U","tmda":null},"geometry":{"type":"LineString","coordinates":[[-70.84529,-33.3678],[-70.8558,-33.36311]]}},{"id":"5047","type":"Feature","properties":{"ROL":"S/R-G-634","NOMBRE_CAMINO":"Las Ostolazas","CLASIFICACION":"Camino Regional Comunal (En Proceso de Enrolamiento)","CALZADA":"U","tmda":null},"geometry":{"type":"LineString","coordinates":[[-71.20743,-33.67158],[-71.20423,-33.66775],[-71.21395,-33.6633]]}},{"id":"5048","type":"Feature","properties":{"ROL":"G-870","NOMBRE_CAMINO":"Corneche","CLASIFICACION":"Camino Regional Comunal","CALZADA":"U","tmda":null},"geometry":{"type":"LineString","coordinates":[[-71.57244,-33.92636],[-71.57841,-33.93235],[-71.58555,-33.93606],[-71.59085,-33.93632],[-71.5933,-33.93826],[-71.59856,-33.9396]]}},{"id":"5049","type":"Feature","properties":{"ROL":"G-646","NOMBRE_CAMINO":"Chocalán - La Viluma","CLASIFICACION":"Camino Regional Comunal (En Proceso de Enrolamiento)","CALZADA":"U","tmda":1060.0},"geometry":{"type":"LineString","coordinates":[[-71.07881,-33.78176],[-71.06818,-33.78304],[-71.06441,-33.78181],[-71.0507,-33.78177],[-71.03931,-33.78377]]}},{"id":"5050","type":"Feature","properties":{"ROL":"G-852","NOMBRE_CAMINO":"Alto de Piedra","CLASIFICACION":"Camino Regional de Acceso","CALZADA":"U","tmda":null},"geometry":{"type":"LineString","coordinates":[[-71.5188,-33.94679],[-71.52452,-33.94636],[-71.52524,-33.9448],[-71.53047,-33.94408],[-71.53534,-33.94557],[-71.53816,-33.94385]]}},{"id":"5051","type":"Feature","properties":{"ROL":"S/R-G-698-H","NOMBRE_CAMINO":"Pincha, Sector:: Límite Regional - Acceso Sur Badén Loncha","CLASIFICACION":"Camino Regional Comunal (En Proceso de Enrolamiento)","CALZADA":"U","tmda":null},"geometry":{"type":"LineString","coordinates":[[-71.26891,-34.06654],[-71.26086,-34.06898],[-71.25159,-34.0668]]}},{"id":"5052","type":"Feature","properties":{"ROL":"S/R-G-692","NOMBRE_CAMINO":"El Llano de Loncha","CLASIFICACION":"Camino Regional Comunal (En Proceso de Enrolamiento)","CALZADA":"U","tmda":null},"geometry":{"type":"LineString","coordinates":[[-71.22732,-34.05475],[-71.23306,-34.05829],[-71.25315,-34.06586]]}},{"id":"5053","type":"Feature","properties":{"ROL":"G-506","NOMBRE_CAMINO":"Campusano","CLASIFICACION":"Camino Regional Comunal","CALZADA":"U","tmda":null},"geometry":{"type":"LineString","coordinates":[[-70.80354,-33.76832],[-70.80851,-33.77555],[-70.8116,-33.77467],[-70.83151,-33.80906],[-70.83548,-33.80753],[-70.83882,-33.81086],[-70.84171,-33.82044],[-70.84782,-33.8176],[-70.84916,-33.81561],[-70.85497,-33.81505],[-70.85732,-33.81286],[-70.85691,-33.81125],[-70.85966,-33.81034]]}},{"id":"5054","type":"Feature","properties":{"ROL":"G-513","NOMBRE_CAMINO":"Alto Jahuel - Linderos","CLASIFICACION":"Camino Regional Comunal","CALZADA":"U","tmda":null},"geometry":{"type":"LineString","coordinates":[[-70.68427,-33.73584],[-70.73553,-33.76225]]}},{"id":"5055","type":"Feature","properties":{"ROL":"G-521","NOMBRE_CAMINO":"San Eugenio","CLASIFICACION":"Camino Regional de Acceso","CALZADA":"U","tmda":421.0},"geometry":{"type":"LineString","coordinates":[[-70.7389,-33.78452],[-70.7173,-33.78472]]}},{"id":"5056","type":"Feature","properties":{"ROL":"G-568","NOMBRE_CAMINO":"Valdivia de Paine - Río Maipo","CLASIFICACION":"Camino Regional de Acceso","CALZADA":"U","tmda":389.0},"geometry":{"type":"LineString","coordinates":[[-70.86044,-33.81207],[-70.87005,-33.809],[-70.87398,-33.80582],[-70.87651,-33.80779],[-70.87914,-33.80489]]}},{"id":"5057","type":"Feature","properties":{"ROL":"S/R-G-507","NOMBRE_CAMINO":"Bascuñán","CLASIFICACION":"Camino Regional Comunal (En Proceso de Enrolamiento)","CALZADA":"U","tmda":null},"geometry":{"type":"LineString","coordinates":[[-70.74521,-33.78303],[-70.73907,-33.78323]]}},{"id":"5058","type":"Feature","properties":{"ROL":"G-105-E","NOMBRE_CAMINO":"Cuesta Las Bateas, Sector: Montenegro - Límite Regional","CLASIFICACION":"Camino Regional Comunal","CALZADA":"U","tmda":1210.0},"geometry":{"type":"LineString","coordinates":[[-70.81024,-32.952],[-70.8002,-32.95006],[-70.77506,-32.95117],[-70.76784,-32.94737],[-70.76711,-32.94899],[-70.75983,-32.94967],[-70.75659,-32.94771],[-70.74828,-32.94734],[-70.7429,-32.94434],[-70.74095,-32.94609],[-70.73972,-32.94437],[-70.73763,-32.94445],[-70.73813,-32.9463],[-70.73267,-32.95029],[-70.73113,-32.94987],[-70.73082,-32.94743],[-70.7288,-32.94678],[-70.72859,-32.9453],[-70.72539,-32.94617],[-70.72333,-32.94425],[-70.7201,-32.94434]]}},{"id":"5059","type":"Feature","properties":{"ROL":"G-822","NOMBRE_CAMINO":"Camarico","CLASIFICACION":"Camino Regional Comunal","CALZADA":"U","tmda":248.0},"geometry":{"type":"LineString","coordinates":[[-71.55038,-33.98356],[-71.56676,-33.98711],[-71.57097,-33.98908]]}},{"id":"5060","type":"Feature","properties":{"ROL":"S/R-G-642","NOMBRE_CAMINO":"Callejón Los Molles","CLASIFICACION":"Camino Regional Comunal (En Proceso de Enrolamiento)","CALZADA":"U","tmda":null},"geometry":{"type":"LineString","coordinates":[[-71.19334,-33.72526],[-71.17617,-33.73978],[-71.17751,-33.74157],[-71.16719,-33.75334]]}},{"id":"5061","type":"Feature","properties":{"ROL":"G-128","NOMBRE_CAMINO":"Acceso Santa Sara","CLASIFICACION":"Camino Regional de Acceso","CALZADA":"U","tmda":null},"geometry":{"type":"LineString","coordinates":[[-70.78881,-33.18846],[-70.78937,-33.18587]]}},{"id":"5062","type":"Feature","properties":{"ROL":"G-115-E","NOMBRE_CAMINO":"Cuesta Chacabuco, Sector: Cruce Ruta 57 - Límite Regional","CLASIFICACION":"Camino Regional Comunal","CALZADA":"U","tmda":746.0},"geometry":{"type":"LineString","coordinates":[[-70.69413,-33.02004],[-70.7112,-33.00751],[-70.70909,-33.0038],[-70.7122,-33.00149],[-70.71055,-33.00006],[-70.71324,-32.99512],[-70.71271,-32.99049],[-70.71538,-32.98635],[-70.71255,-32.98324],[-70.71261,-32.98575],[-70.70996,-32.98593],[-70.71104,-32.9842],[-70.70898,-32.98066],[-70.70889,-32.98228],[-70.70763,-32.97775],[-70.71076,-32.97554],[-70.70956,-32.97303],[-70.71118,-32.97164],[-70.71328,-32.97186],[-70.70974,-32.97],[-70.71263,-32.97054],[-70.71137,-32.96949],[-70.70596,-32.96776],[-70.71317,-32.96713],[-70.70976,-32.96632],[-70.71244,-32.96615],[-70.71052,-32.96519],[-70.7115,-32.96305],[-70.70842,-32.96235],[-70.70852,-32.96087],[-70.70646,-32.95961]]}},{"id":"5063","type":"Feature","properties":{"ROL":"S/R-G-117","NOMBRE_CAMINO":"La Virgen - El Canelo","CLASIFICACION":"Camino Regional Comunal (En Proceso de Enrolamiento)","CALZADA":"U","tmda":null},"geometry":{"type":"LineString","coordinates":[[-70.69527,-33.05539],[-70.68055,-33.05405],[-70.67857,-33.04903],[-70.68045,-33.04603],[-70.68325,-33.04597],[-70.68438,-33.04425],[-70.69481,-33.04526]]}},{"id":"5064","type":"Feature","properties":{"ROL":"S/R-G-136","NOMBRE_CAMINO":"Cerro Blanco - Polpaico","CLASIFICACION":"Camino Regional Comunal (En Proceso de Enrolamiento)","CALZADA":"U","tmda":null},"geometry":{"type":"LineString","coordinates":[[-70.87452,-33.1626],[-70.88739,-33.16673]]}},{"id":"5065","type":"Feature","properties":{"ROL":"G-45-H","NOMBRE_CAMINO":"Camino Padre Hurtado, Sector: Padre Hurtado - Límite Regional (Cuesta Chada)","CLASIFICACION":"Camino Regional Principal","CALZADA":"U","tmda":2161.0},"geometry":{"type":"LineString","coordinates":[[-70.64266,-33.87476],[-70.64592,-33.89497],[-70.65324,-33.90236]]}},{"id":"5066","type":"Feature","properties":{"ROL":"G-74-F","NOMBRE_CAMINO":"Melipilla - Bollenar - Casablanca, Sector: Melipilla - Límite Regional (Cuesta Ibacache)","CLASIFICACION":"Camino Regional Principal","CALZADA":"U","tmda":2991.0},"geometry":{"type":"LineString","coordinates":[[-71.25755,-33.50255],[-71.26232,-33.49802],[-71.26825,-33.49689],[-71.27402,-33.48787],[-71.28427,-33.47588],[-71.29169,-33.47261],[-71.2957,-33.45738],[-71.30826,-33.44877],[-71.32364,-33.45064],[-71.32588,-33.45456],[-71.32701,-33.45171],[-71.32884,-33.45244],[-71.32877,-33.45087],[-71.33192,-33.45326],[-71.33847,-33.45229]]}},{"id":"5067","type":"Feature","properties":{"ROL":"G-260","NOMBRE_CAMINO":"Rinconada Lo Cerda - El Trebal","CLASIFICACION":"Camino Regional Comunal","CALZADA":"U","tmda":1726.0},"geometry":{"type":"LineString","coordinates":[[-70.83264,-33.51546],[-70.83035,-33.5301]]}},{"id":"5068","type":"Feature","properties":{"ROL":"G-573","NOMBRE_CAMINO":"San Miguel de Paine","CLASIFICACION":"Camino Regional Comunal","CALZADA":"U","tmda":null},"geometry":{"type":"LineString","coordinates":[[-70.70128,-33.84483],[-70.70287,-33.86492],[-70.70986,-33.86346],[-70.71559,-33.85934]]}},{"id":"5069","type":"Feature","properties":{"ROL":"G-646","NOMBRE_CAMINO":"Chocalán - La Viluma","CLASIFICACION":"Camino Regional Comunal","CALZADA":"U","tmda":1060.0},"geometry":{"type":"LineString","coordinates":[[-71.19045,-33.72483],[-71.18509,-33.72362],[-71.17656,-33.72562],[-71.175,-33.73194],[-71.17401,-33.73222],[-71.17471,-33.7338],[-71.17273,-33.73563],[-71.17334,-33.73689],[-71.16199,-33.7454]]}},{"id":"5070","type":"Feature","properties":{"ROL":"G-374","NOMBRE_CAMINO":"Oliveto","CLASIFICACION":"Camino Regional Comunal","CALZADA":"U","tmda":10452.0},"geometry":{"type":"LineString","coordinates":[[-70.86692,-33.66734],[-70.85454,-33.67166],[-70.84534,-33.67184]]}},{"id":"5071","type":"Feature","properties":{"ROL":"G-580","NOMBRE_CAMINO":"Santa Adriana","CLASIFICACION":"Camino Regional Comunal","CALZADA":"U","tmda":8796.0},"geometry":{"type":"LineString","coordinates":[[-70.96899,-33.69935],[-70.96898,-33.70966]]}},{"id":"5072","type":"Feature","properties":{"ROL":"S/R-G-566","NOMBRE_CAMINO":"Champa - Collipeumo","CLASIFICACION":"Camino Regional de Acceso (En Proceso de Enrolamiento)","CALZADA":"U","tmda":null},"geometry":{"type":"LineString","coordinates":[[-70.7658,-33.84615],[-70.76631,-33.84385],[-70.77111,-33.84108]]}},{"id":"5073","type":"Feature","properties":{"ROL":"G-654","NOMBRE_CAMINO":"La Vega","CLASIFICACION":"Camino Regional Comunal","CALZADA":"U","tmda":null},"geometry":{"type":"LineString","coordinates":[[-71.18408,-33.7174],[-71.18582,-33.72233],[-71.18912,-33.72375]]}},{"id":"5074","type":"Feature","properties":{"ROL":"S/R-G-818","NOMBRE_CAMINO":"Santa Teresa","CLASIFICACION":"Camino Regional de Acceso (En Proceso de Enrolamiento)","CALZADA":"U","tmda":null},"geometry":{"type":"LineString","coordinates":[[-71.01336,-33.58501],[-71.01108,-33.5912]]}},{"id":"5075","type":"Feature","properties":{"ROL":"S/R-G-586","NOMBRE_CAMINO":"Monte Blanco","CLASIFICACION":"Camino Regional de Acceso (En Proceso de Enrolamiento)","CALZADA":"U","tmda":null},"geometry":{"type":"LineString","coordinates":[[-71.01245,-33.66883],[-71.01414,-33.66886],[-71.01442,-33.66304],[-71.02251,-33.66294]]}},{"id":"5076","type":"Feature","properties":{"ROL":"G-28","NOMBRE_CAMINO":"El Trébol","CLASIFICACION":"Camino Regional Principal","CALZADA":"U","tmda":null},"geometry":{"type":"LineString","coordinates":[[-70.78733,-33.5707],[-70.78343,-33.57308],[-70.78166,-33.57242],[-70.77311,-33.57864]]}},{"id":"5077","type":"Feature","properties":{"ROL":"G-54","NOMBRE_CAMINO":"Champa - Melipilla (Puente Ingeniero Marambio Antiguo)","CLASIFICACION":"Camino Regional Principal","CALZADA":"U","tmda":5164.0},"geometry":{"type":"LineString","coordinates":[[-70.90158,-33.87487],[-70.91624,-33.87122],[-70.9235,-33.86699],[-70.92621,-33.86454],[-70.9274,-33.8588],[-70.93339,-33.85424],[-70.94662,-33.84868],[-70.95197,-33.84389],[-70.95788,-33.84403],[-70.96863,-33.85216],[-70.97261,-33.85297],[-70.97403,-33.85141]]}},{"id":"5078","type":"Feature","properties":{"ROL":"G-102","NOMBRE_CAMINO":"Cuesta Caleu","CLASIFICACION":"Camino Regional Comunal","CALZADA":"U","tmda":310.0},"geometry":{"type":"LineString","coordinates":[[-70.91872,-33.02014],[-70.92034,-33.01537],[-70.91879,-33.01226],[-70.921,-33.01007],[-70.92559,-33.00926],[-70.92918,-33.00668],[-70.93333,-33.00816],[-70.93968,-33.00778],[-70.94317,-33.00276],[-70.94711,-33.00118],[-70.95093,-33.00341],[-70.95271,-33.00198],[-70.95186,-32.99716],[-70.95347,-32.99902],[-70.95274,-32.997],[-70.95592,-32.99533],[-70.95856,-32.99724],[-70.96186,-32.99599],[-70.96343,-32.99856],[-70.96776,-32.99865]]}},{"id":"5079","type":"Feature","properties":{"ROL":"G-102","NOMBRE_CAMINO":"Cuesta Caleu","CLASIFICACION":"Camino Regional Comunal","CALZADA":"U","tmda":310.0},"geometry":{"type":"LineString","coordinates":[[-70.98017,-32.99857],[-70.98762,-33.00182]]}},{"id":"5080","type":"Feature","properties":{"ROL":"S/R-G-142","NOMBRE_CAMINO":"Lo Vargas - Gonzalo Barroso","CLASIFICACION":"Camino Regional Comunal (En Proceso de Enrolamiento)","CALZADA":"U","tmda":null},"geometry":{"type":"LineString","coordinates":[[-70.85227,-33.27239],[-70.85594,-33.272]]}},{"id":"5081","type":"Feature","properties":{"ROL":"S/R-G-142","NOMBRE_CAMINO":"Lo Vargas - Gonzalo Barroso","CLASIFICACION":"Camino Regional Comunal (En Proceso de Enrolamiento)","CALZADA":"U","tmda":null},"geometry":{"type":"LineString","coordinates":[[-70.85668,-33.27206],[-70.86231,-33.27237],[-70.86685,-33.27026],[-70.87669,-33.25914]]}},{"id":"5082","type":"Feature","properties":{"ROL":"S/R-G-177","NOMBRE_CAMINO":"El Alba Oriente","CLASIFICACION":"Camino Regional Comunal (En Proceso de Enrolamiento)","CALZADA":"U","tmda":null},"geometry":{"type":"LineString","coordinates":[[-70.69986,-33.30742],[-70.6972,-33.30782],[-70.6937,-33.30517],[-70.6893,-33.30403],[-70.67768,-33.30811]]}},{"id":"5083","type":"Feature","properties":{"ROL":"G-437","NOMBRE_CAMINO":"Santa Cecilia","CLASIFICACION":"Camino Regional Comunal","CALZADA":"U","tmda":3078.0},"geometry":{"type":"LineString","coordinates":[[-70.54221,-33.67155],[-70.55297,-33.67098]]}},{"id":"5084","type":"Feature","properties":{"ROL":"G-455","NOMBRE_CAMINO":"Romeral - Embalse El Yeso - Mina de Yeso","CLASIFICACION":"Camino Regional Comunal","CALZADA":"U","tmda":851.0},"geometry":{"type":"LineString","coordinates":[[-70.22174,-33.79281],[-70.21976,-33.79228],[-70.21932,-33.79035],[-70.21794,-33.79181],[-70.21213,-33.79252]]}},{"id":"5085","type":"Feature","properties":{"ROL":"G-455","NOMBRE_CAMINO":"Romeral - Embalse El Yeso - Mina de Yeso","CLASIFICACION":"Camino Regional Comunal","CALZADA":"U","tmda":851.0},"geometry":{"type":"LineString","coordinates":[[-70.21002,-33.79275],[-70.20336,-33.79337],[-70.19708,-33.78942],[-70.18425,-33.78735],[-70.181,-33.78544]]}},{"id":"5086","type":"Feature","properties":{"ROL":"G-550","NOMBRE_CAMINO":"Acceso a Hospital","CLASIFICACION":"Camino Regional Comunal","CALZADA":"U","tmda":null},"geometry":{"type":"LineString","coordinates":[[-70.74686,-33.86119],[-70.74648,-33.86995]]}},{"id":"5087","type":"Feature","properties":{"ROL":"G-624","NOMBRE_CAMINO":"El Tránsito","CLASIFICACION":"Camino Regional Comunal (En Proceso de Enrolamiento)","CALZADA":"U","tmda":1422.0},"geometry":{"type":"LineString","coordinates":[[-71.21607,-33.65783],[-71.20511,-33.64929],[-71.20094,-33.64754],[-71.19947,-33.64481],[-71.19768,-33.64674],[-71.19569,-33.64604],[-71.19344,-33.64744],[-71.19084,-33.6462],[-71.18948,-33.64933]]}},{"id":"5088","type":"Feature","properties":{"ROL":"S/R-G-626","NOMBRE_CAMINO":"Chiñigue Las Rosas","CLASIFICACION":"Camino Regional Comunal (En Proceso de Enrolamiento)","CALZADA":"U","tmda":null},"geometry":{"type":"LineString","coordinates":[[-71.12592,-33.68092],[-71.12494,-33.67872]]}},{"id":"5089","type":"Feature","properties":{"ROL":"S/R-G-642","NOMBRE_CAMINO":"Callejón Los Molles","CLASIFICACION":"Camino Regional Comunal (En Proceso de Enrolamiento)","CALZADA":"U","tmda":null},"geometry":{"type":"LineString","coordinates":[[-71.19459,-33.72333],[-71.19334,-33.72526]]}},{"id":"5090","type":"Feature","properties":{"ROL":"S/R-G-688","NOMBRE_CAMINO":"Talamí","CLASIFICACION":"Camino Regional Comunal (En Proceso de Enrolamiento)","CALZADA":"U","tmda":null},"geometry":{"type":"LineString","coordinates":[[-71.009,-34.03167],[-71.00544,-34.03795]]}},{"id":"5091","type":"Feature","properties":{"ROL":"G-690","NOMBRE_CAMINO":"Loyca - Loyca Abajo","CLASIFICACION":"Camino Regional Comunal","CALZADA":"U","tmda":null},"geometry":{"type":"LineString","coordinates":[[-71.39552,-34.00031],[-71.39783,-34.00129],[-71.4027,-34.00676]]}},{"id":"5092","type":"Feature","properties":{"ROL":"S/R-G-692","NOMBRE_CAMINO":"El Llano de Loncha","CLASIFICACION":"Camino Regional Comunal (En Proceso de Enrolamiento)","CALZADA":"U","tmda":null},"geometry":{"type":"LineString","coordinates":[[-71.23239,-34.04515],[-71.22732,-34.05475]]}},{"id":"5093","type":"Feature","properties":{"ROL":"S/R-G-782","NOMBRE_CAMINO":"Puangue - La Libertad","CLASIFICACION":"Camino Regional Comunal (En Proceso de Enrolamiento)","CALZADA":"U","tmda":null},"geometry":{"type":"LineString","coordinates":[[-71.33412,-33.66211],[-71.33711,-33.66655]]}},{"id":"5094","type":"Feature","properties":{"ROL":"S/R-G-812","NOMBRE_CAMINO":"Las Pilastras","CLASIFICACION":"Camino Regional Comunal (En Proceso de Enrolamiento)","CALZADA":"U","tmda":null},"geometry":{"type":"LineString","coordinates":[[-71.16878,-33.57315],[-71.16843,-33.57493]]}},{"id":"5095","type":"Feature","properties":{"ROL":"G-900","NOMBRE_CAMINO":"Quincanque - Las Canchillas - Lo Encañado","CLASIFICACION":"Camino Regional Comunal","CALZADA":"U","tmda":441.0},"geometry":{"type":"LineString","coordinates":[[-71.44605,-33.81472],[-71.45011,-33.81788]]}},{"id":"5096","type":"Feature","properties":{"ROL":"S/R-G-922","NOMBRE_CAMINO":"Quebrada Honda","CLASIFICACION":"Camino Regional Comunal (En Proceso de Enrolamiento)","CALZADA":"U","tmda":null},"geometry":{"type":"LineString","coordinates":[[-71.06552,-33.42935],[-71.07042,-33.42818]]}},{"id":"5097","type":"Feature","properties":{"ROL":"S/R-G-190","NOMBRE_CAMINO":"Los Guerreros","CLASIFICACION":"Camino Regional de Acceso (En Proceso de Enrolamiento)","CALZADA":"U","tmda":null},"geometry":{"type":"LineString","coordinates":[[-70.78724,-33.24245],[-70.79144,-33.24207]]}},{"id":"5098","type":"Feature","properties":{"ROL":"S/R-G-302","NOMBRE_CAMINO":"El Tanguito","CLASIFICACION":"Camino Regional de Acceso (En Proceso de Enrolamiento)","CALZADA":"U","tmda":null},"geometry":{"type":"LineString","coordinates":[[-70.7692,-33.60607],[-70.76765,-33.61302]]}},{"id":"5099","type":"Feature","properties":{"ROL":"S/R-G-316","NOMBRE_CAMINO":"El Acacio","CLASIFICACION":"Camino Regional de Acceso (En Proceso de Enrolamiento)","CALZADA":"U","tmda":null},"geometry":{"type":"LineString","coordinates":[[-70.79711,-33.61294],[-70.79923,-33.61166]]}},{"id":"5100","type":"Feature","properties":{"ROL":"S/R-G-328","NOMBRE_CAMINO":"Los Tilos","CLASIFICACION":"Camino Regional de Acceso (En Proceso de Enrolamiento)","CALZADA":"U","tmda":null},"geometry":{"type":"LineString","coordinates":[[-70.81518,-33.62493],[-70.82056,-33.62945]]}},{"id":"5101","type":"Feature","properties":{"ROL":"S/R-G-562","NOMBRE_CAMINO":"Pintué - Los Perales","CLASIFICACION":"Camino Regional de Acceso (En Proceso de Enrolamiento)","CALZADA":"U","tmda":null},"geometry":{"type":"LineString","coordinates":[[-70.89821,-33.8416],[-70.89953,-33.83881],[-70.90312,-33.83792],[-70.90925,-33.84272],[-70.90677,-33.83405],[-70.91365,-33.82927],[-70.91844,-33.83416],[-70.91825,-33.8372],[-70.92068,-33.83753]]}},{"id":"5102","type":"Feature","properties":{"ROL":"G-684","NOMBRE_CAMINO":"Pichi","CLASIFICACION":"Camino Regional Comunal","CALZADA":"U","tmda":1820.0},"geometry":{"type":"LineString","coordinates":[[-71.06249,-33.9815],[-71.06368,-33.97731]]}},{"id":"5103","type":"Feature","properties":{"ROL":"G-686","NOMBRE_CAMINO":"Polulo - Loncha","CLASIFICACION":"Camino Regional Comunal","CALZADA":"U","tmda":null},"geometry":{"type":"LineString","coordinates":[[-71.2171,-34.05481],[-71.21967,-34.05586],[-71.22177,-34.06461]]}},{"id":"5104","type":"Feature","properties":{"ROL":"S/R-G-802","NOMBRE_CAMINO":"Santa Elisa - El Pimiento","CLASIFICACION":"Camino Regional de Acceso (En Proceso de Enrolamiento)","CALZADA":"U","tmda":null},"geometry":{"type":"LineString","coordinates":[[-70.98138,-33.5715],[-70.98177,-33.56767]]}},{"id":"5105","type":"Feature","properties":{"ROL":"S/R-G-816","NOMBRE_CAMINO":"Santa Victoria de Mallarauco","CLASIFICACION":"Camino Regional de Acceso (En Proceso de Enrolamiento)","CALZADA":"U","tmda":null},"geometry":{"type":"LineString","coordinates":[[-71.04248,-33.59373],[-71.04134,-33.59378],[-71.03671,-33.61108]]}},{"id":"5106","type":"Feature","properties":{"ROL":"G-822","NOMBRE_CAMINO":"Camarico","CLASIFICACION":"Camino Regional Comunal","CALZADA":"U","tmda":248.0},"geometry":{"type":"LineString","coordinates":[[-71.57097,-33.98908],[-71.58085,-33.99522]]}},{"id":"5107","type":"Feature","properties":{"ROL":"S/R-G-894","NOMBRE_CAMINO":"Altos de Loyca","CLASIFICACION":"Camino Regional de Acceso (En Proceso de Enrolamiento)","CALZADA":"U","tmda":null},"geometry":{"type":"LineString","coordinates":[[-71.50814,-33.98265],[-71.50487,-33.98631],[-71.49647,-33.99069]]}},{"id":"5108","type":"Feature","properties":{"ROL":"S/R-G-920","NOMBRE_CAMINO":"Chacayo - Las Rosas","CLASIFICACION":"Camino Regional de Acceso (En Proceso de Enrolamiento)","CALZADA":"U","tmda":null},"geometry":{"type":"LineString","coordinates":[[-71.12656,-33.41035],[-71.12934,-33.41717],[-71.13433,-33.41632]]}},{"id":"5173","type":"Feature","properties":{"ROL":"G-744","NOMBRE_CAMINO":"Callejón Lirano","CLASIFICACION":"Camino Regional Comunal","CALZADA":"U","tmda":null},"geometry":{"type":"LineString","coordinates":[[-71.08344,-33.46589],[-71.08848,-33.45694],[-71.09044,-33.45666]]}},{"id":"6599","type":"Feature","properties":{"ROL":"G-144","NOMBRE_CAMINO":"Santa Sara","CLASIFICACION":"Camino Regional Comunal (En Proceso de Enrolamiento)","CALZADA":"U","tmda":6526.0},"geometry":{"type":"LineString","coordinates":[[-70.78881,-33.18846],[-70.80248,-33.19318]]}},{"id":"6600","type":"Feature","properties":{"ROL":"G-102","NOMBRE_CAMINO":"Cuesta Caleu","CLASIFICACION":"Camino Regional Comunal","CALZADA":"U","tmda":304.0},"geometry":{"type":"LineString","coordinates":[[-70.98762,-33.00182],[-70.99158,-33.00455]]}},{"id":"13739","type":"Feature","properties":{"ROL":"G-124","NOMBRE_CAMINO":"Santa Lucía - La Mina","CLASIFICACION":"Camino Regional de Acceso","CALZADA":null,"tmda":null},"geometry":{"type":"LineString","coordinates":[[-70.9155,-33.07284],[-70.91378,-33.07113],[-70.91079,-33.07446],[-70.90994,-33.07346],[-70.90902,-33.07487],[-70.90531,-33.07511],[-70.90473,-33.07873],[-70.89954,-33.07969],[-70.89761,-33.08155],[-70.89597,-33.0805],[-70.89184,-33.0827]]}},{"id":"13740","type":"Feature","properties":{"ROL":"G-124","NOMBRE_CAMINO":"Santa Lucía - La Mina","CLASIFICACION":"Camino Regional de Acceso","CALZADA":null,"tmda":null},"geometry":{"type":"LineString","coordinates":[[-70.92341,-33.08331],[-70.9197,-33.0808],[-70.91947,-33.07787],[-70.92098,-33.07636],[-70.9155,-33.07284]]}}]}