{"type":"FeatureCollection","features":[{"id":"11802","type":"Feature","properties":{"ROL":"S/R-A-193","NOMBRE_CAMINO":"Cruce Ruta 11 CH - Livilcar","CLASIFICACION":"Camino Regional de Acceso (En Proceso de Enrolamiento)","CALZADA":"ÚNICA","tmda":null},"geometry":{"type":"LineString","coordinates":[[-69.64427,-18.42293],[-69.64816,-18.42493],[-69.65264,-18.42475],[-69.67225,-18.43383],[-69.67279,-18.43542],[-69.6829,-18.43911],[-69.6977,-18.44059],[-69.71096,-18.44534],[-69.70896,-18.45744],[-69.71072,-18.45949],[-69.70451,-18.45809],[-69.70991,-18.46224],[-69.70856,-18.4623],[-69.71047,-18.46584],[-69.71799,-18.46699],[-69.72352,-18.47025],[-69.72417,-18.47341],[-69.72911,-18.47804],[-69.72568,-18.47783],[-69.72384,-18.48065],[-69.718,-18.48124],[-69.71821,-18.48222],[-69.7156,-18.48172],[-69.71475,-18.48029],[-69.71553,-18.47881],[-69.71372,-18.47614],[-69.70965,-18.47519],[-69.70659,-18.47659],[-69.70756,-18.47854],[-69.7067,-18.4805],[-69.70312,-18.48042],[-69.70018,-18.48319],[-69.70473,-18.48727],[-69.7021,-18.48515],[-69.70448,-18.4888],[-69.70353,-18.48869],[-69.70421,-18.49055],[-69.7018,-18.48747],[-69.70353,-18.49141],[-69.70316,-18.49377],[-69.70233,-18.4924],[-69.70122,-18.49306],[-69.70219,-18.49368],[-69.70129,-18.49501],[-69.70273,-18.49554],[-69.70119,-18.49579],[-69.70547,-18.49595],[-69.71143,-18.49957],[-69.70648,-18.49856]]}},{"id":"11803","type":"Feature","properties":{"ROL":"S/R-A-179","NOMBRE_CAMINO":"Cruce A-13 - Central","CLASIFICACION":"Camino Regional de Acceso (En Proceso de Enrolamiento)","CALZADA":"ÚNICA","tmda":null},"geometry":{"type":"LineString","coordinates":[[-70.00019,-18.35898],[-69.99879,-18.36059],[-69.98142,-18.35978],[-69.9777,-18.36113],[-69.97075,-18.36024],[-69.96576,-18.36255],[-69.96162,-18.36198]]}},{"id":"11804","type":"Feature","properties":{"ROL":"S/R-A-135","NOMBRE_CAMINO":"Cruce Ruta 5 - Llareta - Cruce A-133 (Cerro Sombrero)","CLASIFICACION":"Camino Regional Comunal (En Proceso de Enrolamiento)","CALZADA":"ÚNICA","tmda":null},"geometry":{"type":"LineString","coordinates":[[-70.268,-18.51835],[-70.26568,-18.50975]]}},{"id":"11805","type":"Feature","properties":{"ROL":"Ruta 5","NOMBRE_CAMINO":"Longitudinal Norte, Sector: Cuya - Límite Nacional","CLASIFICACION":"Camino Nacional Longitudinal","CALZADA":"ÚNICA","tmda":6925.0},"geometry":{"type":"MultiLineString","coordinates":[[[-70.2743,-18.51287],[-70.28176,-18.50601],[-70.28879,-18.49279],[-70.28493,-18.48726],[-70.28228,-18.47336],[-70.28031,-18.45905],[-70.28098,-18.44896],[-70.28802,-18.42679],[-70.29519,-18.42504],[-70.30087,-18.37461],[-70.30465,-18.3613]],[[-70.27431,-18.51286],[-70.28172,-18.5063],[-70.28999,-18.49197],[-70.28497,-18.48685],[-70.28049,-18.45942],[-70.28109,-18.4492],[-70.28822,-18.42673],[-70.29529,-18.42636],[-70.301,-18.3746],[-70.30465,-18.3613]]]}},{"id":"11806","type":"Feature","properties":{"ROL":"Ruta 5","NOMBRE_CAMINO":"Longitudinal Norte, Sector: Cuya - Límite Nacional","CLASIFICACION":"Camino Nacional Longitudinal","CALZADA":"ÚNICA","tmda":8111.0},"geometry":{"type":"MultiLineString","coordinates":[[[-70.27682,-18.51065],[-70.28184,-18.5059],[-70.28879,-18.49279],[-70.28493,-18.48726],[-70.28226,-18.47323],[-70.28031,-18.45905],[-70.281,-18.44878],[-70.28802,-18.42679],[-70.29522,-18.42495],[-70.30087,-18.37461],[-70.31018,-18.34203],[-70.31409,-18.31045]],[[-70.27696,-18.51073],[-70.28186,-18.50611],[-70.29001,-18.49187],[-70.28497,-18.48685],[-70.28049,-18.45942],[-70.28109,-18.4492],[-70.28822,-18.42673],[-70.29529,-18.42636],[-70.301,-18.3746],[-70.30465,-18.3613]],[[-70.31332,-18.31683],[-70.3141,-18.31045]]]}},{"id":"11807","type":"Feature","properties":{"ROL":"Ruta 12","NOMBRE_CAMINO":"Cruce Ruta 5 - Aeropuerto de Chacalluta","CLASIFICACION":"Camino Nacional Longitudinal","CALZADA":"ÚNICA","tmda":3389.0},"geometry":{"type":"LineString","coordinates":[[-70.30371,-18.36494],[-70.3329,-18.35125]]}},{"id":"11808","type":"Feature","properties":{"ROL":"Ruta 11 CH","NOMBRE_CAMINO":"Cruce Ruta 5 (Enlace Loma Lluta) - Parinacota - Tambo Quemado","CLASIFICACION":"Camino Nacional con Carácter de Internacional","CALZADA":"ÚNICA","tmda":834.0},"geometry":{"type":"LineString","coordinates":[[-70.29843,-18.39681],[-70.24288,-18.40677],[-70.2359,-18.41094],[-70.20952,-18.41272],[-70.14787,-18.40973],[-70.12949,-18.41206],[-70.10978,-18.41802],[-70.10034,-18.41721],[-70.09544,-18.42284],[-70.08521,-18.44264],[-70.07213,-18.44765],[-70.06896,-18.45229],[-70.06036,-18.45215],[-70.05162,-18.44746],[-70.04311,-18.42849],[-70.04062,-18.4085],[-70.03592,-18.40436],[-70.03086,-18.40329],[-70.0269,-18.40028],[-70.01778,-18.40097],[-70.00173,-18.40888],[-69.98883,-18.40833],[-69.9802,-18.40438],[-69.97419,-18.407],[-69.96957,-18.40695],[-69.96756,-18.4085],[-69.95972,-18.40678],[-69.96798,-18.41158],[-69.97809,-18.4145],[-69.98124,-18.41721],[-69.9783,-18.41546],[-69.97107,-18.41576],[-69.96863,-18.41425],[-69.96137,-18.41812],[-69.96015,-18.41633],[-69.95693,-18.41535],[-69.95294,-18.41673],[-69.93358,-18.43133],[-69.9305,-18.43683],[-69.92552,-18.43872],[-69.91885,-18.44391],[-69.90916,-18.44353],[-69.90039,-18.43787],[-69.89699,-18.43799],[-69.87698,-18.45664],[-69.8733,-18.46688],[-69.8683,-18.47461],[-69.86156,-18.47902],[-69.85355,-18.48094],[-69.85032,-18.47665],[-69.84661,-18.47415],[-69.83935,-18.47123],[-69.83,-18.47069],[-69.8249,-18.46746],[-69.81284,-18.46288],[-69.8047,-18.4641],[-69.79653,-18.46064],[-69.7672,-18.45581],[-69.76264,-18.45178],[-69.76165,-18.44504],[-69.75854,-18.44133],[-69.75514,-18.44047],[-69.74924,-18.44142],[-69.74427,-18.43775],[-69.73842,-18.43843],[-69.73354,-18.43631],[-69.72843,-18.43105],[-69.72207,-18.4311],[-69.70261,-18.42175],[-69.68493,-18.41923],[-69.65802,-18.40922],[-69.64761,-18.40014],[-69.6444,-18.39135],[-69.6422,-18.3912],[-69.64026,-18.38922],[-69.63881,-18.37449],[-69.63256,-18.36187],[-69.61932,-18.35318],[-69.58175,-18.33545],[-69.58186,-18.33291],[-69.57835,-18.33077],[-69.57853,-18.32984],[-69.58191,-18.32946],[-69.58233,-18.32651],[-69.58653,-18.32753],[-69.58809,-18.32277],[-69.59626,-18.32136],[-69.59706,-18.30974],[-69.59437,-18.30525],[-69.59485,-18.29606],[-69.58944,-18.29387],[-69.58808,-18.28981],[-69.58563,-18.28824],[-69.58684,-18.28517],[-69.58383,-18.28225],[-69.58342,-18.27797],[-69.58131,-18.27814],[-69.57947,-18.27583],[-69.58064,-18.27375],[-69.57916,-18.27105],[-69.574,-18.26981],[-69.57214,-18.27058],[-69.56445,-18.26619],[-69.56118,-18.268],[-69.55892,-18.2633],[-69.56172,-18.25652],[-69.56168,-18.24899],[-69.55846,-18.25235],[-69.55706,-18.24734],[-69.55449,-18.2467],[-69.55382,-18.24529],[-69.54976,-18.24679],[-69.54556,-18.24619],[-69.54522,-18.24507],[-69.54995,-18.24002],[-69.54384,-18.23583],[-69.54551,-18.23297],[-69.54438,-18.22928],[-69.54661,-18.22388],[-69.54886,-18.22399],[-69.55337,-18.2292],[-69.56031,-18.22678],[-69.56006,-18.2176],[-69.5635,-18.21058],[-69.56057,-18.21041],[-69.55463,-18.20431],[-69.54711,-18.20871],[-69.54542,-18.20774],[-69.54293,-18.20968],[-69.53728,-18.20702],[-69.53343,-18.20854],[-69.53238,-18.20618],[-69.52808,-18.20752],[-69.53002,-18.20518],[-69.52584,-18.20171],[-69.52899,-18.19989],[-69.52685,-18.19785],[-69.52896,-18.19608],[-69.52613,-18.19095],[-69.52345,-18.18887],[-69.52101,-18.18869],[-69.51879,-18.18597],[-69.51963,-18.18417],[-69.51828,-18.18176],[-69.51386,-18.17772],[-69.51221,-18.17934],[-69.51298,-18.18112],[-69.5111,-18.18146],[-69.5031,-18.17806],[-69.49029,-18.16604],[-69.48375,-18.16357],[-69.47759,-18.15897],[-69.47359,-18.16056],[-69.47003,-18.16399],[-69.46413,-18.16317],[-69.46018,-18.16555],[-69.45441,-18.16564],[-69.45041,-18.16313],[-69.4412,-18.16489],[-69.43751,-18.16428],[-69.42633,-18.1726],[-69.4168,-18.18347],[-69.41303,-18.18188],[-69.40524,-18.17545],[-69.38826,-18.17865],[-69.36807,-18.19235],[-69.32544,-18.21357],[-69.32137,-18.21829],[-69.31634,-18.22081],[-69.305,-18.22001],[-69.30141,-18.21637],[-69.29195,-18.21755],[-69.28303,-18.22318],[-69.28066,-18.22752],[-69.28061,-18.23144],[-69.27641,-18.23601],[-69.26857,-18.22927],[-69.26587,-18.22847],[-69.26482,-18.22446],[-69.26324,-18.22313],[-69.24327,-18.22173],[-69.23047,-18.2175],[-69.21682,-18.21846],[-69.20366,-18.22508],[-69.1952,-18.22713],[-69.19213,-18.22989],[-69.18715,-18.22903],[-69.18459,-18.23277],[-69.18171,-18.24381],[-69.17719,-18.24775],[-69.17647,-18.25093],[-69.17321,-18.25345],[-69.16829,-18.26262],[-69.16263,-18.26916],[-69.15679,-18.27136],[-69.14455,-18.27133],[-69.13898,-18.27507],[-69.13854,-18.28026],[-69.13712,-18.28231],[-69.1232,-18.27829],[-69.11083,-18.28069],[-69.10243,-18.27999],[-69.08943,-18.28155],[-69.07417,-18.28468]]}},{"id":"11809","type":"Feature","properties":{"ROL":"Ruta 5","NOMBRE_CAMINO":"Longitudinal Norte, Sector: Cuya - Límite Nacional","CLASIFICACION":"Camino Nacional Longitudinal","CALZADA":"ÚNICA","tmda":8111.0},"geometry":{"type":"MultiLineString","coordinates":[[[-70.31331,-18.31683],[-70.31409,-18.31045]],[[-70.31332,-18.31683],[-70.3141,-18.31045]]]}},{"id":"11810","type":"Feature","properties":{"ROL":"A-95","NOMBRE_CAMINO":"Ruta Andina, Sector Límite Regional - Salar de Surire - Cruce Ruta 11 CH (Lago Chungará)","CLASIFICACION":"Camino Regional Principal","CALZADA":"ÚNICA","tmda":null},"geometry":{"type":"LineString","coordinates":[[-69.24337,-18.36731],[-69.243,-18.36203],[-69.23936,-18.35823],[-69.23716,-18.35838],[-69.23488,-18.35296],[-69.22536,-18.34856],[-69.22174,-18.34954],[-69.21702,-18.34727],[-69.21232,-18.33982],[-69.2076,-18.33993],[-69.20459,-18.34222],[-69.20356,-18.34556],[-69.19821,-18.34733],[-69.18534,-18.34677],[-69.18024,-18.34358],[-69.16763,-18.34217],[-69.16178,-18.33745],[-69.15769,-18.33703],[-69.15756,-18.33265],[-69.1525,-18.33241],[-69.14859,-18.33012],[-69.14341,-18.31666],[-69.1386,-18.3143],[-69.13637,-18.31164],[-69.13626,-18.30956],[-69.14042,-18.30557],[-69.13479,-18.28973],[-69.13592,-18.28405],[-69.13752,-18.28207]]}},{"id":"11811","type":"Feature","properties":{"ROL":"A-95","NOMBRE_CAMINO":"Ruta Andina, Sector Límite Regional - Salar de Surire - Cruce Ruta 11 CH (Lago Chungará)","CLASIFICACION":"Camino Regional Principal","CALZADA":"ÚNICA","tmda":null},"geometry":{"type":"LineString","coordinates":[[-69.23612,-18.37439],[-69.24337,-18.36731]]}},{"id":"11812","type":"Feature","properties":{"ROL":"A-95","NOMBRE_CAMINO":"Ruta Andina, Sector Límite Regional - Salar de Surire - Cruce Ruta 11 CH (Lago Chungará)","CLASIFICACION":"Camino Regional Principal","CALZADA":"ÚNICA","tmda":null},"geometry":{"type":"LineString","coordinates":[[-69.02497,-18.96919],[-69.03127,-18.96591],[-69.03472,-18.96745],[-69.04336,-18.96628],[-69.05104,-18.96212],[-69.06669,-18.94393],[-69.07624,-18.92475],[-69.07969,-18.92155],[-69.07932,-18.91944],[-69.08213,-18.91872],[-69.08678,-18.90415],[-69.07779,-18.89753],[-69.0719,-18.881],[-69.12706,-18.86861],[-69.13306,-18.86543],[-69.1381,-18.85611],[-69.14202,-18.85396],[-69.13877,-18.85159],[-69.13471,-18.84155],[-69.13083,-18.83428],[-69.12768,-18.83108],[-69.12567,-18.82586],[-69.11601,-18.82221],[-69.11002,-18.81803],[-69.10447,-18.8124],[-69.10205,-18.80792],[-69.10292,-18.80476],[-69.10135,-18.79301],[-69.10205,-18.77508],[-69.09973,-18.76694],[-69.09905,-18.75469],[-69.10943,-18.7211],[-69.11321,-18.68813],[-69.1251,-18.6763],[-69.12783,-18.6747],[-69.13412,-18.6739],[-69.13955,-18.66888],[-69.14851,-18.66489],[-69.14931,-18.65977],[-69.14507,-18.65526],[-69.144,-18.65147],[-69.14682,-18.6407],[-69.14595,-18.62985],[-69.15077,-18.62434],[-69.15025,-18.62123],[-69.14754,-18.62017],[-69.14881,-18.61723],[-69.14752,-18.61483],[-69.1501,-18.60747],[-69.16025,-18.60277],[-69.16628,-18.60213],[-69.17054,-18.59427],[-69.16889,-18.59024],[-69.16485,-18.58699],[-69.16007,-18.57869],[-69.15405,-18.56131],[-69.15469,-18.55714],[-69.15744,-18.55492],[-69.1573,-18.55119],[-69.16166,-18.54633],[-69.16572,-18.53745],[-69.16942,-18.53614],[-69.17,-18.5314],[-69.16773,-18.52483],[-69.16868,-18.51963],[-69.16774,-18.51516],[-69.15568,-18.49938],[-69.15334,-18.49831],[-69.15581,-18.49394],[-69.15395,-18.48078],[-69.15636,-18.47768],[-69.16887,-18.47536],[-69.1744,-18.47258],[-69.1851,-18.46359],[-69.18716,-18.46023],[-69.19348,-18.45661],[-69.20048,-18.45008],[-69.20027,-18.44848],[-69.20436,-18.44933],[-69.20693,-18.44825],[-69.21263,-18.45019],[-69.21583,-18.44328],[-69.23278,-18.42997],[-69.23279,-18.42224],[-69.23156,-18.4191],[-69.23314,-18.41739],[-69.23274,-18.41416],[-69.23569,-18.40347],[-69.23689,-18.38728],[-69.23524,-18.38331],[-69.23612,-18.37439]]}},{"id":"11813","type":"Feature","properties":{"ROL":"A-47","NOMBRE_CAMINO":"Cruce Ruta 11 CH - Putre","CLASIFICACION":"Camino Regional Principal","CALZADA":"ÚNICA","tmda":423.0},"geometry":{"type":"LineString","coordinates":[[-69.55006,-18.20651],[-69.54211,-18.20808],[-69.53808,-18.20561],[-69.54085,-18.20477],[-69.5427,-18.20109],[-69.5421,-18.19935],[-69.54584,-18.1975],[-69.54616,-18.19565],[-69.55157,-18.19851],[-69.55623,-18.19714]]}},{"id":"11814","type":"Feature","properties":{"ROL":"S/R-A-343","NOMBRE_CAMINO":"Cruce A-345 - Pueblo Camarones","CLASIFICACION":"Camino Regional de Acceso (En Proceso de Enrolamiento)","CALZADA":"ÚNICA","tmda":null},"geometry":{"type":"LineString","coordinates":[[-69.8597,-19.00852],[-69.8592,-19.00997]]}},{"id":"11815","type":"Feature","properties":{"ROL":"A-355","NOMBRE_CAMINO":"Cruce Ruta 5 (Cuya) - Asentamiento Manuel Rodríguez","CLASIFICACION":"Camino Regional Comunal","CALZADA":"ÚNICA","tmda":null},"geometry":{"type":"LineString","coordinates":[[-70.18057,-19.16016],[-70.18054,-19.15345],[-70.15996,-19.14138],[-70.15807,-19.13862],[-70.15633,-19.13846],[-70.14502,-19.12917],[-70.14101,-19.12261],[-70.12497,-19.10973]]}},{"id":"11816","type":"Feature","properties":{"ROL":"A-353","NOMBRE_CAMINO":"Cruce A-35 (Alto Codpa) - Corralones - Cruce A-319 (Tola Apacheta)","CLASIFICACION":"Camino Regional Comunal","CALZADA":"U","tmda":null},"geometry":{"type":"LineString","coordinates":[[-69.35513,-18.78566],[-69.35068,-18.78315],[-69.34757,-18.78356]]}},{"id":"11817","type":"Feature","properties":{"ROL":"A-35","NOMBRE_CAMINO":"Cruce Ruta 5 - Codpa - Timar - Cruce A-31","CLASIFICACION":"Camino Regional Principal","CALZADA":"ÚNICA","tmda":null},"geometry":{"type":"LineString","coordinates":[[-70.02021,-18.90417],[-69.95402,-18.90542],[-69.91927,-18.91178],[-69.89004,-18.90955],[-69.87207,-18.90558],[-69.85825,-18.90852],[-69.82537,-18.91235],[-69.7953,-18.89878],[-69.78728,-18.89714],[-69.77122,-18.8909],[-69.7673,-18.88699],[-69.76041,-18.88359],[-69.7573,-18.88257],[-69.75144,-18.88309],[-69.74402,-18.88022],[-69.73428,-18.87953],[-69.72991,-18.87801],[-69.73036,-18.87671],[-69.72163,-18.87488],[-69.71332,-18.87136],[-69.70827,-18.87195],[-69.69309,-18.86321],[-69.69119,-18.85691],[-69.70955,-18.84837],[-69.71564,-18.8467]]}},{"id":"11818","type":"Feature","properties":{"ROL":"A-345","NOMBRE_CAMINO":"Cruce Ruta 5 - Camarones - Cruce A-331 (Pachica)","CLASIFICACION":"Camino Regional Comunal","CALZADA":"ÚNICA","tmda":66.0},"geometry":{"type":"LineString","coordinates":[[-69.90956,-19.01498],[-69.90464,-19.01192],[-69.90056,-19.01302],[-69.88695,-19.00532],[-69.88024,-19.00515],[-69.86276,-19.00787],[-69.85105,-19.00183],[-69.84846,-18.99927],[-69.83746,-18.99779],[-69.82865,-19.0],[-69.82621,-19.00198]]}},{"id":"11819","type":"Feature","properties":{"ROL":"A-331","NOMBRE_CAMINO":"Cruce A-35 - Esquiña - Illapata - Cundumaya","CLASIFICACION":"Camino Regional Comunal","CALZADA":"ÚNICA","tmda":30.0},"geometry":{"type":"LineString","coordinates":[[-69.49514,-18.9487],[-69.49096,-18.95081]]}},{"id":"11820","type":"Feature","properties":{"ROL":"A-319","NOMBRE_CAMINO":"Cruce A-31 - Parcohaylla - Cruce A-95 (Salar de Surire)","CLASIFICACION":"Camino Regional Provincial","CALZADA":"ÚNICA","tmda":null},"geometry":{"type":"LineString","coordinates":[[-69.29874,-18.83389],[-69.28815,-18.84213],[-69.28261,-18.8539],[-69.2832,-18.85679],[-69.27786,-18.85922],[-69.27828,-18.86203],[-69.27603,-18.86233],[-69.27553,-18.86102],[-69.27354,-18.86414],[-69.2699,-18.86408],[-69.26822,-18.8684],[-69.26838,-18.87439],[-69.26615,-18.87762],[-69.26273,-18.87986],[-69.26062,-18.87918],[-69.25722,-18.87317],[-69.25152,-18.87091],[-69.23885,-18.88011],[-69.23581,-18.88062],[-69.23412,-18.88487],[-69.2317,-18.88337],[-69.22785,-18.88353],[-69.22905,-18.88134],[-69.22111,-18.87711],[-69.21252,-18.87746],[-69.21154,-18.87663],[-69.21267,-18.87406],[-69.21071,-18.87448],[-69.208,-18.87299],[-69.20733,-18.87094],[-69.20318,-18.87281],[-69.19986,-18.87057],[-69.19519,-18.87312],[-69.19039,-18.86788],[-69.18607,-18.85727],[-69.18226,-18.85211],[-69.176,-18.8514],[-69.17043,-18.85316],[-69.16266,-18.85237],[-69.15984,-18.85594],[-69.15367,-18.8533],[-69.15164,-18.85655],[-69.15149,-18.86207],[-69.1471,-18.85967],[-69.14327,-18.85994],[-69.14011,-18.8617],[-69.13649,-18.85895]]}},{"id":"11821","type":"Feature","properties":{"ROL":"A-302","NOMBRE_CAMINO":"Cruce Ruta 5 (Acceso Chaca) - Caleta Vítor","CLASIFICACION":"Camino Regional de Acceso","CALZADA":"ÚNICA","tmda":200.0},"geometry":{"type":"LineString","coordinates":[[-70.33429,-18.75118],[-70.33591,-18.74947]]}},{"id":"11822","type":"Feature","properties":{"ROL":"Ruta 5","NOMBRE_CAMINO":"Longitudinal Norte, Sector: Cuya - Límite Nacional","CLASIFICACION":"Camino Nacional Longitudinal","CALZADA":"ÚNICA","tmda":1497.0},"geometry":{"type":"MultiLineString","coordinates":[[[-70.16288,-19.16957],[-70.16572,-19.16684],[-70.18862,-19.15629],[-70.1872,-19.15122],[-70.18161,-19.14394],[-70.17846,-19.142],[-70.17315,-19.14144],[-70.16701,-19.13894],[-70.16491,-19.13388],[-70.15375,-19.12854],[-70.14277,-19.11767],[-70.13652,-19.10919],[-70.12925,-19.10508],[-70.12335,-19.09968],[-70.10751,-19.09141],[-70.102,-19.08632],[-70.08497,-19.08255],[-70.07918,-19.07942],[-70.07298,-19.06773],[-70.0685,-19.06243],[-70.05111,-19.05249],[-70.04266,-19.04971],[-70.04011,-19.04714],[-70.03533,-18.95982],[-70.0309,-18.95276],[-70.02489,-18.93864],[-70.02437,-18.92917],[-70.01897,-18.90663],[-70.03468,-18.88324],[-70.04548,-18.88476],[-70.06177,-18.87957],[-70.07644,-18.87025],[-70.08557,-18.86678],[-70.0913,-18.86315],[-70.10514,-18.85014],[-70.12275,-18.84179],[-70.13553,-18.82939],[-70.13913,-18.82755],[-70.14395,-18.821],[-70.17219,-18.80149],[-70.17829,-18.78986],[-70.18501,-18.78276],[-70.1894,-18.78119],[-70.19963,-18.7809],[-70.2042,-18.77818],[-70.20835,-18.77253],[-70.21608,-18.76824],[-70.22315,-18.76652],[-70.2416,-18.76716],[-70.25628,-18.76469],[-70.25807,-18.76341],[-70.26301,-18.639],[-70.26178,-18.63522],[-70.25446,-18.62636],[-70.25515,-18.62219],[-70.24739,-18.60137],[-70.24969,-18.59271],[-70.25033,-18.57881],[-70.25292,-18.56227],[-70.24956,-18.55013],[-70.26245,-18.52354],[-70.27682,-18.51065]],[[-70.27431,-18.51286],[-70.27696,-18.51073]]]}},{"id":"11823","type":"Feature","properties":{"ROL":"A-27","NOMBRE_CAMINO":"Cruce Ruta 5 (Arica) - Azapa - Las Peñas","CLASIFICACION":"Camino Regional Principal","CALZADA":"ÚNICA","tmda":6255.0},"geometry":{"type":"LineString","coordinates":[[-70.28645,-18.48942],[-70.28008,-18.49255],[-70.23772,-18.50549],[-70.23098,-18.50609],[-70.22466,-18.5036],[-70.19371,-18.51328],[-70.17677,-18.52002],[-70.16132,-18.52946],[-70.10273,-18.55964],[-70.09554,-18.55775],[-70.08981,-18.55885],[-70.07726,-18.56734],[-70.05943,-18.57432],[-69.99966,-18.58047],[-69.98941,-18.57755],[-69.95953,-18.57901],[-69.95408,-18.57764],[-69.94905,-18.57797],[-69.93934,-18.5798],[-69.93188,-18.58327],[-69.92024,-18.58536],[-69.9092,-18.58237],[-69.89711,-18.5823]]}},{"id":"11824","type":"Feature","properties":{"ROL":"A-259","NOMBRE_CAMINO":"Cruce A-95 - Mulluri","CLASIFICACION":"Camino Regional de Acceso","CALZADA":"ÚNICA","tmda":null},"geometry":{"type":"LineString","coordinates":[[-69.07979,-18.92102],[-69.07836,-18.92808],[-69.08424,-18.93098],[-69.08997,-18.96017],[-69.09443,-18.96762],[-69.09501,-18.97903],[-69.10132,-18.98026],[-69.1044,-18.98266],[-69.10656,-18.98147],[-69.11598,-18.98165],[-69.11975,-18.98381],[-69.12767,-18.98208],[-69.12979,-18.98332],[-69.13407,-18.98152],[-69.1374,-18.98336],[-69.14041,-18.9881],[-69.14299,-18.98852],[-69.14281,-18.98965],[-69.1453,-18.98938],[-69.14452,-18.98673],[-69.15977,-18.99535],[-69.16367,-19.00076],[-69.16385,-19.00877],[-69.16882,-19.0115],[-69.16462,-19.0116],[-69.16717,-19.01319]]}},{"id":"11825","type":"Feature","properties":{"ROL":"A-253","NOMBRE_CAMINO":"Cruce A-95 - Polloquere - Salar de Surire - Cruce A-95 (Chilcaya)","CLASIFICACION":"Camino Regional Provincial","CALZADA":"ÚNICA","tmda":null},"geometry":{"type":"LineString","coordinates":[[-69.08464,-18.79436],[-69.08536,-18.79379]]}},{"id":"11826","type":"Feature","properties":{"ROL":"A-249","NOMBRE_CAMINO":"Cruce A-95 (Vislubio) - Ungallire - Río Lauca","CLASIFICACION":"Camino Regional Comunal","CALZADA":"ÚNICA","tmda":null},"geometry":{"type":"LineString","coordinates":[[-69.11471,-18.55948],[-69.11058,-18.55838],[-69.10997,-18.55531],[-69.10186,-18.54915],[-69.10236,-18.55192],[-69.10563,-18.55624],[-69.10576,-18.56244],[-69.10383,-18.56049],[-69.09617,-18.56837],[-69.08252,-18.57121],[-69.07773,-18.57097],[-69.07441,-18.57302],[-69.07088,-18.57309],[-69.06791,-18.57474],[-69.0666,-18.58072],[-69.06304,-18.58272],[-69.05888,-18.58075],[-69.058,-18.57813],[-69.0562,-18.5786],[-69.05649,-18.58039],[-69.05232,-18.58112],[-69.05386,-18.58308],[-69.04851,-18.5865]]}},{"id":"11827","type":"Feature","properties":{"ROL":"A-249","NOMBRE_CAMINO":"Cruce A-95 (Vislubio) - Ungallire - Río Lauca","CLASIFICACION":"Camino Regional Comunal","CALZADA":"ÚNICA","tmda":null},"geometry":{"type":"LineString","coordinates":[[-69.11563,-18.5601],[-69.11471,-18.55948]]}},{"id":"11828","type":"Feature","properties":{"ROL":"A-247","NOMBRE_CAMINO":"Cruce A-95 - Japu","CLASIFICACION":"Camino Regional Comunal","CALZADA":"ÚNICA","tmda":null},"geometry":{"type":"LineString","coordinates":[[-69.13886,-18.48788],[-69.13865,-18.48843]]}},{"id":"11829","type":"Feature","properties":{"ROL":"A-235","NOMBRE_CAMINO":"Cruce Ruta 11 CH (Las Cuevas) - Cruce A-95","CLASIFICACION":"Camino Regional Provincial","CALZADA":"ÚNICA","tmda":null},"geometry":{"type":"LineString","coordinates":[[-69.24703,-18.37606],[-69.23864,-18.37607],[-69.23612,-18.37439]]}},{"id":"11830","type":"Feature","properties":{"ROL":"A-235","NOMBRE_CAMINO":"Cruce Ruta 11 CH (Las Cuevas) - Cruce A-95","CLASIFICACION":"Camino Regional Provincial","CALZADA":"ÚNICA","tmda":149.0},"geometry":{"type":"LineString","coordinates":[[-69.36396,-18.36459],[-69.35931,-18.36971],[-69.3528,-18.36714],[-69.31812,-18.36543],[-69.30963,-18.3683],[-69.29273,-18.36703],[-69.28565,-18.37151],[-69.27409,-18.37104],[-69.27098,-18.37359],[-69.26714,-18.37373],[-69.25578,-18.37783],[-69.24703,-18.37606]]}},{"id":"11831","type":"Feature","properties":{"ROL":"A-233","NOMBRE_CAMINO":"Cruce A-235 - Mina Choquelimpie","CLASIFICACION":"Camino Regional de Acceso","CALZADA":"ÚNICA","tmda":null},"geometry":{"type":"LineString","coordinates":[[-69.31643,-18.36593],[-69.31396,-18.35601],[-69.30918,-18.35152],[-69.30092,-18.34723],[-69.29237,-18.34007],[-69.28552,-18.33614],[-69.28247,-18.32979],[-69.27891,-18.32712]]}},{"id":"11832","type":"Feature","properties":{"ROL":"A-357","NOMBRE_CAMINO":"Cruce Ruta 5 - Chaca - Cruce Ruta 5 (Acceso Caleta Vítor)","CLASIFICACION":"Camino Regional Comunal","CALZADA":"ÚNICA","tmda":118.0},"geometry":{"type":"LineString","coordinates":[[-70.16739,-18.79804],[-70.17453,-18.79752]]}},{"id":"11833","type":"Feature","properties":{"ROL":"A-331","NOMBRE_CAMINO":"Cruce A-35 - Esquiña - Illapata - Cundumaya","CLASIFICACION":"Camino Regional Comunal","CALZADA":"ÚNICA","tmda":30.0},"geometry":{"type":"LineString","coordinates":[[-69.59791,-18.91463],[-69.596,-18.91538],[-69.59681,-18.91962],[-69.58318,-18.92013],[-69.58339,-18.92274],[-69.58167,-18.92601],[-69.58316,-18.93076],[-69.58031,-18.9301],[-69.57797,-18.9343],[-69.57425,-18.93267],[-69.57251,-18.93553],[-69.5671,-18.93033],[-69.56345,-18.93145],[-69.56371,-18.9324],[-69.56131,-18.93232],[-69.553,-18.92753],[-69.54529,-18.93143],[-69.54521,-18.93342],[-69.54063,-18.93471],[-69.54156,-18.93484],[-69.54047,-18.93645],[-69.53508,-18.93553],[-69.53209,-18.93757],[-69.53085,-18.93692],[-69.52775,-18.93986],[-69.52034,-18.94101],[-69.51794,-18.94365],[-69.51429,-18.94438],[-69.51066,-18.94351],[-69.5043,-18.94764],[-69.50361,-18.95022],[-69.50351,-18.94757],[-69.50015,-18.95001],[-69.49514,-18.9487]]}},{"id":"11834","type":"Feature","properties":{"ROL":"A-213","NOMBRE_CAMINO":"Cruce Ruta 11 CH - Socoroma","CLASIFICACION":"Camino Regional de Acceso","CALZADA":"ÚNICA","tmda":48.0},"geometry":{"type":"LineString","coordinates":[[-69.59916,-18.26479],[-69.60047,-18.2641]]}},{"id":"11835","type":"Feature","properties":{"ROL":"A-213","NOMBRE_CAMINO":"Cruce Ruta 11 CH - Socoroma","CLASIFICACION":"Camino Regional de Acceso","CALZADA":"ÚNICA","tmda":48.0},"geometry":{"type":"LineString","coordinates":[[-69.58578,-18.28343],[-69.58838,-18.28528],[-69.58715,-18.28074],[-69.59108,-18.27976],[-69.59409,-18.2773],[-69.59405,-18.27547],[-69.5912,-18.27529],[-69.59326,-18.27395],[-69.59546,-18.27509],[-69.59645,-18.26856],[-69.59916,-18.26479]]}},{"id":"11836","type":"Feature","properties":{"ROL":"A-210","NOMBRE_CAMINO":"Cruce Calle Eilat - Cruce A-200","CLASIFICACION":"Camino Regional Comunal","CALZADA":"ÚNICA","tmda":null},"geometry":{"type":"LineString","coordinates":[[-70.30194,-18.45115],[-70.30271,-18.44378],[-70.3059,-18.43625],[-70.32938,-18.40602]]}},{"id":"11837","type":"Feature","properties":{"ROL":"A-253","NOMBRE_CAMINO":"Cruce A-95 - Polloquere - Salar de Surire - Cruce A-95 (Chilcaya)","CLASIFICACION":"Camino Regional Provincial","CALZADA":"ÚNICA","tmda":null},"geometry":{"type":"LineString","coordinates":[[-69.07185,-18.88112],[-69.0672,-18.881],[-69.05971,-18.8831],[-69.04601,-18.88278],[-69.03734,-18.87924],[-69.02089,-18.87961],[-69.01142,-18.88592],[-69.00877,-18.88951],[-69.00416,-18.90594],[-69.00425,-18.90969],[-68.99912,-18.914],[-68.96977,-18.92019],[-68.96662,-18.91499],[-68.96664,-18.90381],[-68.97002,-18.89655],[-68.97471,-18.89068],[-68.97554,-18.88722],[-68.97281,-18.878],[-68.97004,-18.87422],[-68.96876,-18.85854],[-68.9723,-18.84932],[-68.97756,-18.84072],[-68.97693,-18.83499],[-68.98165,-18.83114],[-68.98643,-18.82229],[-68.98709,-18.81714],[-68.99155,-18.80503],[-68.99139,-18.79932],[-68.99455,-18.79419],[-69.0019,-18.78953],[-69.00952,-18.79316],[-69.01257,-18.79135],[-69.03054,-18.79322],[-69.03414,-18.79648],[-69.0408,-18.79768],[-69.04754,-18.79724],[-69.05244,-18.80132],[-69.06055,-18.79769],[-69.0626,-18.79853],[-69.07053,-18.79716],[-69.07834,-18.79884],[-69.08464,-18.79436]]}},{"id":"11838","type":"Feature","properties":{"ROL":"A-237","NOMBRE_CAMINO":"Cruce A-247 - Cruce A-249","CLASIFICACION":"Camino Regional Comunal","CALZADA":"ÚNICA","tmda":null},"geometry":{"type":"LineString","coordinates":[[-69.12329,-18.49774],[-69.11477,-18.51899],[-69.10245,-18.54225],[-69.10407,-18.54395],[-69.10311,-18.54741],[-69.10455,-18.54916],[-69.10198,-18.54915]]}},{"id":"11839","type":"Feature","properties":{"ROL":"A-207","NOMBRE_CAMINO":"Cruce A-93 (Larancota) - Parinacota - Cruce A-93","CLASIFICACION":"Camino Regional Provincial","CALZADA":"ÚNICA","tmda":null},"geometry":{"type":"LineString","coordinates":[[-69.2694,-18.20694],[-69.26835,-18.20292],[-69.2708,-18.20096],[-69.27235,-18.19564]]}},{"id":"11840","type":"Feature","properties":{"ROL":"A-241","NOMBRE_CAMINO":"Cruce A-95 - Paquisa","CLASIFICACION":"Camino Regional de Acceso","CALZADA":"ÚNICA","tmda":null},"geometry":{"type":"LineString","coordinates":[[-69.11902,-18.68167],[-69.10754,-18.68716],[-69.0968,-18.69812],[-69.08412,-18.70135],[-69.07272,-18.69978],[-69.07076,-18.701]]}},{"id":"11841","type":"Feature","properties":{"ROL":"A-200","NOMBRE_CAMINO":"Cruce Ruta 5 - Cooperativa Villa Frontera - Cruce A-210","CLASIFICACION":"Camino Regional Comunal","CALZADA":"ÚNICA","tmda":null},"geometry":{"type":"LineString","coordinates":[[-70.29913,-18.39638],[-70.3062,-18.39795],[-70.30843,-18.39923],[-70.3079,-18.40055],[-70.31629,-18.40593],[-70.31805,-18.40539],[-70.32477,-18.40735],[-70.32938,-18.40602]]}},{"id":"11842","type":"Feature","properties":{"ROL":"A-277","NOMBRE_CAMINO":"Cruce A-235 - Chivatambo","CLASIFICACION":"Camino Regional de Acceso","CALZADA":"ÚNICA","tmda":null},"geometry":{"type":"LineString","coordinates":[[-69.27919,-18.37189],[-69.2778,-18.3665],[-69.27945,-18.36292],[-69.27841,-18.36047],[-69.27967,-18.35881],[-69.27743,-18.35508],[-69.27984,-18.3543]]}},{"id":"11843","type":"Feature","properties":{"ROL":"A-191","NOMBRE_CAMINO":"Cruce Ruta 11 CH (Cuesta El Águila) - Cruce A-143 (Pampa dos Cruces)","CLASIFICACION":"Camino Regional Comunal","CALZADA":"ÚNICA","tmda":null},"geometry":{"type":"LineString","coordinates":[[-70.13503,-18.50774],[-70.13733,-18.50742]]}},{"id":"11844","type":"Feature","properties":{"ROL":"A-167","NOMBRE_CAMINO":"Cruce A-27 - Guata de Lobo - Cruce A-137","CLASIFICACION":"Camino Regional Comunal","CALZADA":"ÚNICA","tmda":null},"geometry":{"type":"LineString","coordinates":[[-70.06184,-18.57359],[-70.06168,-18.57766]]}},{"id":"11845","type":"Feature","properties":{"ROL":"A-165","NOMBRE_CAMINO":"Cruce A-27 - Cerro Blanco - Cruce A-137 ","CLASIFICACION":"Camino Regional Comunal","CALZADA":"ÚNICA","tmda":null},"geometry":{"type":"LineString","coordinates":[[-70.08109,-18.56464],[-70.08026,-18.57362]]}},{"id":"11846","type":"Feature","properties":{"ROL":"A-159","NOMBRE_CAMINO":"Cruce A-93 (Chañopalca) - Caquena - Cruce A-93 (Nasahuento)","CLASIFICACION":"Camino Regional Provincial","CALZADA":"ÚNICA","tmda":null},"geometry":{"type":"LineString","coordinates":[[-69.27912,-17.98491],[-69.28178,-17.98455],[-69.28522,-17.96889],[-69.29268,-17.96524],[-69.30412,-17.94175],[-69.31678,-17.93413],[-69.33285,-17.92863]]}},{"id":"11847","type":"Feature","properties":{"ROL":"A-157","NOMBRE_CAMINO":"Cruce A-133 - Las Llosyas","CLASIFICACION":"Camino Regional de Acceso","CALZADA":"ÚNICA","tmda":null},"geometry":{"type":"LineString","coordinates":[[-70.18928,-18.5547],[-70.17747,-18.57281],[-70.17579,-18.57842],[-70.1677,-18.58288]]}},{"id":"11848","type":"Feature","properties":{"ROL":"S/R-A-304","NOMBRE_CAMINO":"Cruce A-302 - Cruce A-302 (Caleta Vítor)","CLASIFICACION":"Camino Regional Comunal (En Proceso de Enrolamiento)","CALZADA":"ÚNICA","tmda":null},"geometry":{"type":"LineString","coordinates":[[-70.29336,-18.78166],[-70.2965,-18.78145],[-70.30157,-18.77811],[-70.30625,-18.77314],[-70.31887,-18.76417],[-70.32349,-18.7576],[-70.33311,-18.75444],[-70.33478,-18.75097]]}},{"id":"11849","type":"Feature","properties":{"ROL":"A-153","NOMBRE_CAMINO":"Cruce A-31 - Pachama","CLASIFICACION":"Camino Regional de Acceso","CALZADA":"ÚNICA","tmda":null},"geometry":{"type":"LineString","coordinates":[[-69.50905,-18.43107],[-69.51206,-18.43423],[-69.51627,-18.43347],[-69.5199,-18.42951],[-69.52364,-18.42814],[-69.52428,-18.42913],[-69.52852,-18.42906]]}},{"id":"11850","type":"Feature","properties":{"ROL":"A-247","NOMBRE_CAMINO":"Cruce A-95 - Japu","CLASIFICACION":"Camino Regional Comunal","CALZADA":"ÚNICA","tmda":null},"geometry":{"type":"LineString","coordinates":[[-69.15476,-18.48906],[-69.15082,-18.48324],[-69.1448,-18.47882],[-69.14301,-18.48114],[-69.14304,-18.48464],[-69.14029,-18.48383],[-69.13886,-18.48788]]}},{"id":"11851","type":"Feature","properties":{"ROL":"A-253","NOMBRE_CAMINO":"Cruce A-95 - Polloquere - Salar de Surire - Cruce A-95 (Chilcaya)","CLASIFICACION":"Camino Regional Provincial","CALZADA":"ÚNICA","tmda":null},"geometry":{"type":"LineString","coordinates":[[-69.08536,-18.79379],[-69.09851,-18.78697],[-69.10209,-18.7838]]}},{"id":"11852","type":"Feature","properties":{"ROL":"A-139","NOMBRE_CAMINO":"Cruce A-133 - Cooperativa Alto Ramírez","CLASIFICACION":"Camino Regional de Acceso","CALZADA":"ÚNICA","tmda":null},"geometry":{"type":"LineString","coordinates":[[-70.21636,-18.53408],[-70.21717,-18.53444]]}},{"id":"11853","type":"Feature","properties":{"ROL":"A-139","NOMBRE_CAMINO":"Cruce A-133 - Cooperativa Alto Ramírez","CLASIFICACION":"Camino Regional de Acceso","CALZADA":"ÚNICA","tmda":null},"geometry":{"type":"LineString","coordinates":[[-70.21497,-18.53033],[-70.21406,-18.53106],[-70.2146,-18.53324],[-70.21636,-18.53408]]}},{"id":"11854","type":"Feature","properties":{"ROL":"A-249","NOMBRE_CAMINO":"Cruce A-95 (Vislubio) - Ungallire - Río Lauca","CLASIFICACION":"Camino Regional Comunal","CALZADA":"ÚNICA","tmda":null},"geometry":{"type":"LineString","coordinates":[[-69.15513,-18.55661],[-69.14868,-18.56227],[-69.14454,-18.56397],[-69.13978,-18.56195],[-69.13607,-18.56345],[-69.13329,-18.56021],[-69.12704,-18.5577],[-69.12387,-18.55792],[-69.11729,-18.56139],[-69.11563,-18.5601]]}},{"id":"11855","type":"Feature","properties":{"ROL":"S/R-A-193","NOMBRE_CAMINO":"Cruce Ruta 11 CH - Livilcar","CLASIFICACION":"Camino Regional de Acceso (En Proceso de Enrolamiento)","CALZADA":"ÚNICA","tmda":null},"geometry":{"type":"LineString","coordinates":[[-69.65205,-18.40402],[-69.65009,-18.41488],[-69.64688,-18.41641],[-69.64217,-18.41605],[-69.64424,-18.41792],[-69.64108,-18.41962],[-69.64427,-18.42293]]}},{"id":"11856","type":"Feature","properties":{"ROL":"A-139","NOMBRE_CAMINO":"Cruce A-133 - Cooperativa Alto Ramírez","CLASIFICACION":"Camino Regional de Acceso","CALZADA":"ÚNICA","tmda":null},"geometry":{"type":"LineString","coordinates":[[-70.22635,-18.51143],[-70.22699,-18.5127],[-70.22424,-18.52518],[-70.2206,-18.52856],[-70.21898,-18.52711],[-70.21497,-18.53033]]}},{"id":"11857","type":"Feature","properties":{"ROL":"A-325","NOMBRE_CAMINO":"Cruce A-323 (Saguara) - Sucuna","CLASIFICACION":"Camino Regional de Acceso","CALZADA":"ÚNICA","tmda":null},"geometry":{"type":"LineString","coordinates":[[-69.5023,-18.89807],[-69.48531,-18.88678],[-69.47816,-18.88377],[-69.47177,-18.87676],[-69.469,-18.87602],[-69.46743,-18.87145],[-69.46946,-18.87195],[-69.47217,-18.87005],[-69.4715,-18.86845],[-69.46934,-18.86835],[-69.47192,-18.86652]]}},{"id":"11858","type":"Feature","properties":{"ROL":"A-359","NOMBRE_CAMINO":"Cruce Ruta 5 (Chaca Norte) - Cruce A-357 (Quebrada Las Garzas)","CLASIFICACION":"Camino Regional Comunal","CALZADA":"ÚNICA","tmda":null},"geometry":{"type":"LineString","coordinates":[[-70.25855,-18.75927],[-70.25758,-18.76163],[-70.25394,-18.76335],[-70.24169,-18.76047],[-70.23037,-18.76114],[-70.21693,-18.7597],[-70.20587,-18.76837],[-70.19951,-18.77678],[-70.19028,-18.77776],[-70.18277,-18.78081],[-70.17728,-18.78586],[-70.1759,-18.79008],[-70.16727,-18.79804]]}},{"id":"11859","type":"Feature","properties":{"ROL":"A-13","NOMBRE_CAMINO":"Cruce Ruta 5 (Pampa Concordia) - Central - Cruce A-23 (Alcérreca)","CLASIFICACION":"Camino Regional Principal","CALZADA":"U","tmda":null},"geometry":{"type":"LineString","coordinates":[[-70.00183,-18.35902],[-69.98587,-18.3543],[-69.976,-18.35308],[-69.97554,-18.35114],[-69.97392,-18.35051],[-69.96266,-18.34821],[-69.96041,-18.34652],[-69.96035,-18.34459],[-69.95646,-18.342],[-69.93378,-18.33016],[-69.92123,-18.31934],[-69.90466,-18.31087],[-69.901,-18.30741],[-69.89688,-18.30646],[-69.89695,-18.30801],[-69.89558,-18.30884],[-69.89533,-18.30666],[-69.89074,-18.30412],[-69.88887,-18.30142],[-69.88329,-18.29954],[-69.87733,-18.29531],[-69.86579,-18.29234],[-69.86381,-18.2876],[-69.86002,-18.28792],[-69.85484,-18.28437],[-69.84551,-18.27308],[-69.83926,-18.26276],[-69.8265,-18.25235],[-69.81824,-18.24786],[-69.81353,-18.24098],[-69.80232,-18.22925],[-69.79943,-18.22411],[-69.79256,-18.21879],[-69.79064,-18.21455],[-69.77385,-18.20045],[-69.77173,-18.19714],[-69.74971,-18.17813],[-69.73564,-18.17562],[-69.72886,-18.16809],[-69.72676,-18.16686],[-69.72464,-18.16745],[-69.72234,-18.15632],[-69.71765,-18.1514],[-69.7166,-18.14682],[-69.71332,-18.14462],[-69.70526,-18.1336],[-69.70398,-18.12666],[-69.69972,-18.11953],[-69.69505,-18.11531],[-69.68966,-18.11398],[-69.69199,-18.1118],[-69.68942,-18.10424],[-69.68615,-18.10109],[-69.68111,-18.102],[-69.67911,-18.09926],[-69.67659,-18.09865],[-69.6757,-18.09637],[-69.68042,-18.09008],[-69.68373,-18.09016],[-69.68512,-18.09219],[-69.68749,-18.09065],[-69.68113,-18.07718],[-69.68237,-18.06864],[-69.67885,-18.06793],[-69.67709,-18.05892],[-69.67882,-18.05456],[-69.67282,-18.05712],[-69.67024,-18.04633],[-69.67186,-18.04461],[-69.67086,-18.04387],[-69.67495,-18.02291],[-69.67537,-18.016],[-69.67304,-18.00831],[-69.67515,-18.00249],[-69.67089,-18.00273],[-69.66589,-17.99062],[-69.66185,-17.99121],[-69.66048,-17.99259],[-69.66022,-17.98701]]}},{"id":"11860","type":"Feature","properties":{"ROL":"A-317","NOMBRE_CAMINO":"Cruce A-95 (Salar de Surire) - Itiza - Cruce A-319 (Pampa Umirpa)","CLASIFICACION":"Camino Regional Comunal","CALZADA":"ÚNICA","tmda":null},"geometry":{"type":"LineString","coordinates":[[-69.12702,-18.82783],[-69.12932,-18.82823],[-69.13242,-18.82673],[-69.13454,-18.82241],[-69.13857,-18.82051],[-69.14061,-18.81593],[-69.14669,-18.81134],[-69.1513,-18.80578],[-69.15592,-18.80355],[-69.15852,-18.79772],[-69.16459,-18.77473],[-69.17387,-18.76846],[-69.17682,-18.76419],[-69.17957,-18.76263],[-69.18365,-18.76408],[-69.18765,-18.76269],[-69.18451,-18.76121],[-69.19102,-18.75872],[-69.19464,-18.75905],[-69.19557,-18.75627],[-69.19634,-18.75777],[-69.2039,-18.755],[-69.20805,-18.75714],[-69.20993,-18.75617],[-69.21169,-18.75829],[-69.21303,-18.75708],[-69.21226,-18.75473],[-69.2195,-18.75185],[-69.2208,-18.75304],[-69.2383,-18.7478],[-69.24361,-18.75005],[-69.24533,-18.7462],[-69.25087,-18.74186],[-69.25045,-18.74586],[-69.25257,-18.74117],[-69.25203,-18.74485],[-69.25392,-18.74106],[-69.25345,-18.7441],[-69.25656,-18.74175],[-69.25626,-18.7405],[-69.26343,-18.7411],[-69.27344,-18.73808],[-69.28025,-18.73774],[-69.28812,-18.73407],[-69.2973,-18.72746],[-69.30499,-18.72631],[-69.30789,-18.7217],[-69.31361,-18.72219],[-69.32203,-18.71998],[-69.34108,-18.73796],[-69.35232,-18.74127],[-69.36147,-18.75325],[-69.36772,-18.75186]]}},{"id":"11861","type":"Feature","properties":{"ROL":"A-127","NOMBRE_CAMINO":"Cruce A-23 (Humapalca) - Ancolacane - Cruce A-93 (Nasahuento)","CLASIFICACION":"Camino Regional Provincial","CALZADA":"ÚNICA","tmda":null},"geometry":{"type":"LineString","coordinates":[[-69.61047,-17.85651],[-69.60894,-17.85562]]}},{"id":"11862","type":"Feature","properties":{"ROL":"A-127","NOMBRE_CAMINO":"Cruce A-23 (Humapalca) - Ancolacane - Cruce A-93 (Nasahuento)","CLASIFICACION":"Camino Regional Provincial","CALZADA":"ÚNICA","tmda":null},"geometry":{"type":"LineString","coordinates":[[-69.70409,-17.83383],[-69.68603,-17.83754],[-69.66444,-17.8462],[-69.66026,-17.84901],[-69.65892,-17.84848],[-69.64433,-17.85319],[-69.63751,-17.85866],[-69.63687,-17.8606],[-69.63595,-17.85952],[-69.63265,-17.86094],[-69.62028,-17.86146],[-69.61047,-17.85651]]}},{"id":"11863","type":"Feature","properties":{"ROL":"A-247","NOMBRE_CAMINO":"Cruce A-95 - Japu","CLASIFICACION":"Camino Regional Comunal","CALZADA":"ÚNICA","tmda":null},"geometry":{"type":"LineString","coordinates":[[-69.13865,-18.48843],[-69.13576,-18.49124],[-69.1264,-18.49178],[-69.12309,-18.49784],[-69.11464,-18.49633],[-69.10233,-18.49999],[-69.08982,-18.49424],[-69.08695,-18.50872],[-69.08446,-18.50997],[-69.08127,-18.51647],[-69.0757,-18.52167],[-69.07006,-18.5249],[-69.06059,-18.52208],[-69.0565,-18.53061],[-69.05045,-18.53022],[-69.04411,-18.53186],[-69.04372,-18.53325]]}},{"id":"11864","type":"Feature","properties":{"ROL":"A-127","NOMBRE_CAMINO":"Cruce A-23 (Humapalca) - Ancolacane - Cruce A-93 (Nasahuento)","CLASIFICACION":"Camino Regional Provincial","CALZADA":"ÚNICA","tmda":null},"geometry":{"type":"LineString","coordinates":[[-69.60894,-17.85562],[-69.60583,-17.85431],[-69.60574,-17.85881]]}},{"id":"11865","type":"Feature","properties":{"ROL":"A-123","NOMBRE_CAMINO":"Cruce A-23 - Cruce A-127 (Colpitas)","CLASIFICACION":"Camino Regional Comunal","CALZADA":"ÚNICA","tmda":null},"geometry":{"type":"LineString","coordinates":[[-69.45817,-17.98365],[-69.45799,-17.98131],[-69.44791,-17.98169]]}},{"id":"11866","type":"Feature","properties":{"ROL":"A-215","NOMBRE_CAMINO":"Cruce Ruta 11 CH (Boca Negra) - Molinos - Arancha","CLASIFICACION":"Camino Regional Provincial","CALZADA":"ÚNICA","tmda":194.0},"geometry":{"type":"LineString","coordinates":[[-69.83133,-18.32569],[-69.8282,-18.3247]]}},{"id":"11867","type":"Feature","properties":{"ROL":"A-123","NOMBRE_CAMINO":"Cruce A-23 - Cruce A-127 (Colpitas)","CLASIFICACION":"Camino Regional Comunal","CALZADA":"ÚNICA","tmda":null},"geometry":{"type":"LineString","coordinates":[[-69.45806,-17.98417],[-69.45817,-17.98365]]}},{"id":"11868","type":"Feature","properties":{"ROL":"A-125","NOMBRE_CAMINO":"Cruce A-23 - Cruce A-123","CLASIFICACION":"Camino Regional Comunal","CALZADA":"ÚNICA","tmda":null},"geometry":{"type":"LineString","coordinates":[[-69.57583,-18.02231],[-69.57464,-18.02112],[-69.57047,-18.02119],[-69.56961,-18.02317],[-69.56701,-18.02299],[-69.56047,-18.02739],[-69.55807,-18.02756],[-69.54305,-18.02378],[-69.53991,-18.024],[-69.53259,-18.02036],[-69.51838,-18.01942],[-69.50977,-18.02117],[-69.50468,-18.01793],[-69.49945,-18.02117],[-69.49128,-18.02281],[-69.48947,-18.02451]]}},{"id":"11869","type":"Feature","properties":{"ROL":"A-129","NOMBRE_CAMINO":"Cruce A-93 (Guacoyo) - Cosapilla - Suriplaza - Cruce A-127 (Tiacolpa)","CLASIFICACION":"Camino Regional Comunal","CALZADA":"ÚNICA","tmda":null},"geometry":{"type":"LineString","coordinates":[[-69.41192,-17.76824],[-69.41214,-17.77409],[-69.4152,-17.77766],[-69.41674,-17.78805],[-69.42606,-17.80319],[-69.42638,-17.80571]]}},{"id":"11870","type":"Feature","properties":{"ROL":"A-133","NOMBRE_CAMINO":"Cruce Ruta 5 (Cerro Sombrero) - Cruce A-27 (Las Maitas)","CLASIFICACION":"Camino Regional Comunal","CALZADA":"ÚNICA","tmda":1738.0},"geometry":{"type":"LineString","coordinates":[[-70.27777,-18.50983],[-70.25791,-18.50944],[-70.2424,-18.51276],[-70.22967,-18.50995],[-70.21909,-18.51686],[-70.19471,-18.52049],[-70.19055,-18.51936],[-70.18659,-18.5164]]}},{"id":"11871","type":"Feature","properties":{"ROL":"A-113","NOMBRE_CAMINO":"Cruce A-23 (Chapoco) - Cruce A-111 (Putani)","CLASIFICACION":"Camino Regional Comunal","CALZADA":"ÚNICA","tmda":null},"geometry":{"type":"LineString","coordinates":[[-69.58334,-17.67598],[-69.58402,-17.68616],[-69.5809,-17.69873],[-69.57674,-17.70586],[-69.56078,-17.71346],[-69.55778,-17.71346],[-69.5566,-17.71573],[-69.55435,-17.71422],[-69.54507,-17.72392],[-69.5413,-17.72555]]}},{"id":"11872","type":"Feature","properties":{"ROL":"A-111","NOMBRE_CAMINO":"Cruce A-93 (Visviri) - Cruce A-127 (Ancolacane)","CLASIFICACION":"Camino Regional Comunal","CALZADA":"ÚNICA","tmda":null},"geometry":{"type":"LineString","coordinates":[[-69.60383,-17.85206],[-69.60583,-17.85431]]}},{"id":"11873","type":"Feature","properties":{"ROL":"A-111","NOMBRE_CAMINO":"Cruce A-93 (Visviri) - Cruce A-127 (Ancolacane)","CLASIFICACION":"Camino Regional Comunal","CALZADA":"ÚNICA","tmda":null},"geometry":{"type":"LineString","coordinates":[[-69.60188,-17.84953],[-69.60229,-17.85009]]}},{"id":"11874","type":"Feature","properties":{"ROL":"A-93","NOMBRE_CAMINO":"Ruta Andina, Sector : Cruce Ruta 11 CH - Parinacota - Visviri - Límite Internacional (Trifinio)","CLASIFICACION":"Camino Regional Principal","CALZADA":"ÚNICA","tmda":80.0},"geometry":{"type":"LineString","coordinates":[[-69.27575,-18.0632],[-69.27474,-18.05968],[-69.27699,-18.05514],[-69.27715,-18.04992],[-69.28205,-18.04411],[-69.279,-18.04057],[-69.27879,-18.0371],[-69.28382,-18.0332],[-69.28775,-18.03367],[-69.29183,-18.03201],[-69.29675,-18.02806],[-69.29968,-18.02184],[-69.30334,-18.02023],[-69.30169,-18.01426],[-69.30556,-18.00956],[-69.3017,-18.0049],[-69.30899,-17.99487],[-69.30833,-17.99138],[-69.31316,-17.98127]]}},{"id":"11875","type":"Feature","properties":{"ROL":"A-111","NOMBRE_CAMINO":"Cruce A-93 (Visviri) - Cruce A-127 (Ancolacane)","CLASIFICACION":"Camino Regional Comunal","CALZADA":"ÚNICA","tmda":null},"geometry":{"type":"LineString","coordinates":[[-69.6035,-17.85181],[-69.60383,-17.85206]]}},{"id":"11876","type":"Feature","properties":{"ROL":"A-161","NOMBRE_CAMINO":"Cruce A-27 - Cruce A-133 (Alto Ramírez)","CLASIFICACION":"Camino Regional Comunal","CALZADA":"ÚNICA","tmda":null},"geometry":{"type":"LineString","coordinates":[[-70.23187,-18.50613],[-70.22944,-18.5072],[-70.22634,-18.51144]]}},{"id":"11877","type":"Feature","properties":{"ROL":"A-299","NOMBRE_CAMINO":"Cruce A-319 - Timalchaca","CLASIFICACION":"Camino Regional de Acceso","CALZADA":"ÚNICA","tmda":null},"geometry":{"type":"LineString","coordinates":[[-69.42383,-18.6759],[-69.41892,-18.68167],[-69.41673,-18.68142]]}},{"id":"11878","type":"Feature","properties":{"ROL":"S/R-A-103","NOMBRE_CAMINO":"Cruce Ruta 5 - Pampa Concordia","CLASIFICACION":"Camino Regional de Acceso (En Proceso de Enrolamiento)","CALZADA":"ÚNICA","tmda":null},"geometry":{"type":"LineString","coordinates":[[-70.30543,-18.3586],[-70.28448,-18.35306],[-70.2627,-18.35121],[-70.25605,-18.34684]]}},{"id":"11879","type":"Feature","properties":{"ROL":"A-117","NOMBRE_CAMINO":"Cruce A-123 - Chacapalla","CLASIFICACION":"Camino Regional de Acceso","CALZADA":"ÚNICA","tmda":null},"geometry":{"type":"LineString","coordinates":[[-69.46554,-17.98833],[-69.46757,-17.98464],[-69.47493,-17.98446]]}},{"id":"11880","type":"Feature","properties":{"ROL":"A-307","NOMBRE_CAMINO":"Cruce A-31- Cobija -Tulapalca","CLASIFICACION":"Camino Regional de Acceso","CALZADA":"ÚNICA","tmda":null},"geometry":{"type":"LineString","coordinates":[[-69.58246,-18.74019],[-69.57852,-18.7402],[-69.58075,-18.74198],[-69.58345,-18.7415],[-69.58088,-18.74351],[-69.57913,-18.74327],[-69.58081,-18.74465],[-69.58057,-18.74607],[-69.58304,-18.74593],[-69.58497,-18.74882],[-69.58291,-18.74748],[-69.58203,-18.74812],[-69.58286,-18.74872],[-69.57155,-18.7498],[-69.5699,-18.75123],[-69.57247,-18.7507],[-69.57178,-18.75446],[-69.56992,-18.7558],[-69.57069,-18.7539],[-69.56898,-18.75479],[-69.56431,-18.75834],[-69.56497,-18.75932],[-69.55821,-18.75937],[-69.55441,-18.7616],[-69.55642,-18.76489],[-69.55399,-18.76708],[-69.54723,-18.76272],[-69.54635,-18.7663],[-69.54761,-18.7705],[-69.5363,-18.7701],[-69.53488,-18.77201],[-69.53536,-18.77351],[-69.54123,-18.7755],[-69.54303,-18.77764],[-69.53963,-18.77782],[-69.53367,-18.77567]]}},{"id":"11881","type":"Feature","properties":{"ROL":"A-111","NOMBRE_CAMINO":"Cruce A-93 (Visviri) - Cruce A-127 (Ancolacane)","CLASIFICACION":"Camino Regional Comunal","CALZADA":"ÚNICA","tmda":null},"geometry":{"type":"LineString","coordinates":[[-69.60229,-17.85009],[-69.6035,-17.85181]]}},{"id":"11882","type":"Feature","properties":{"ROL":"S/R-A-351","NOMBRE_CAMINO":"Cruce A-357 - Cementerio Chaca","CLASIFICACION":"Camino Regional de Acceso (En Proceso de Enrolamiento)","CALZADA":"ÚNICA","tmda":null},"geometry":{"type":"LineString","coordinates":[[-70.15606,-18.80587],[-70.14881,-18.81069]]}},{"id":"11883","type":"Feature","properties":{"ROL":"A-111","NOMBRE_CAMINO":"Cruce A-93 (Visviri) - Cruce A-127 (Ancolacane)","CLASIFICACION":"Camino Regional Comunal","CALZADA":"ÚNICA","tmda":null},"geometry":{"type":"LineString","coordinates":[[-69.59308,-17.83257],[-69.59507,-17.83572],[-69.59531,-17.84054],[-69.60188,-17.84953]]}},{"id":"11884","type":"Feature","properties":{"ROL":"A-111","NOMBRE_CAMINO":"Cruce A-93 (Visviri) - Cruce A-127 (Ancolacane)","CLASIFICACION":"Camino Regional Comunal","CALZADA":"ÚNICA","tmda":null},"geometry":{"type":"LineString","coordinates":[[-69.59279,-17.83223],[-69.59308,-17.83257]]}},{"id":"11885","type":"Feature","properties":{"ROL":"A-127","NOMBRE_CAMINO":"Cruce A-23 (Humapalca) - Ancolacane - Cruce A-93 (Nasahuento)","CLASIFICACION":"Camino Regional Provincial","CALZADA":"ÚNICA","tmda":null},"geometry":{"type":"LineString","coordinates":[[-69.6057,-17.85897],[-69.60457,-17.86195],[-69.59772,-17.86255],[-69.58221,-17.86818],[-69.58247,-17.87287],[-69.5845,-17.87501],[-69.58198,-17.88049],[-69.58314,-17.8867],[-69.5815,-17.89088],[-69.5637,-17.90723],[-69.54768,-17.91973],[-69.5344,-17.93405],[-69.52016,-17.93952],[-69.51287,-17.93835],[-69.50891,-17.94131],[-69.49563,-17.94458],[-69.49039,-17.94835],[-69.47929,-17.94747],[-69.45542,-17.95538],[-69.45394,-17.95443],[-69.45238,-17.94859],[-69.44869,-17.94599],[-69.44407,-17.94549],[-69.44242,-17.94651],[-69.4352,-17.94516],[-69.4224,-17.94892],[-69.41646,-17.94547],[-69.41283,-17.9452],[-69.40405,-17.93491],[-69.40323,-17.93163],[-69.4008,-17.93394],[-69.39517,-17.93395],[-69.38928,-17.93017],[-69.38885,-17.93397],[-69.38631,-17.93509],[-69.38354,-17.92587],[-69.37411,-17.92033],[-69.36703,-17.92],[-69.36364,-17.91789],[-69.3561,-17.92023],[-69.34601,-17.91856],[-69.33816,-17.91923]]}},{"id":"11886","type":"Feature","properties":{"ROL":"A-129","NOMBRE_CAMINO":"Cruce A-93 (Guacoyo) - Cosapilla - Suriplaza - Cruce A-127 (Tiacolpa)","CLASIFICACION":"Camino Regional Comunal","CALZADA":"ÚNICA","tmda":null},"geometry":{"type":"LineString","coordinates":[[-69.34578,-17.75737],[-69.34628,-17.75845]]}},{"id":"11887","type":"Feature","properties":{"ROL":"A-111","NOMBRE_CAMINO":"Cruce A-93 (Visviri) - Cruce A-127 (Ancolacane)","CLASIFICACION":"Camino Regional Comunal","CALZADA":"ÚNICA","tmda":null},"geometry":{"type":"LineString","coordinates":[[-69.49638,-17.60498],[-69.49869,-17.60898],[-69.49927,-17.61321],[-69.50259,-17.61919],[-69.50474,-17.6208],[-69.50317,-17.62435],[-69.50733,-17.62676],[-69.52352,-17.64515],[-69.54032,-17.6525],[-69.54269,-17.65562],[-69.54291,-17.66155],[-69.54628,-17.66554],[-69.54603,-17.67096],[-69.54394,-17.67346],[-69.54646,-17.68107],[-69.54588,-17.68613],[-69.55132,-17.69085],[-69.55178,-17.69909],[-69.54839,-17.70505],[-69.54759,-17.71509],[-69.54092,-17.72379],[-69.54142,-17.72602],[-69.53703,-17.73738],[-69.53745,-17.7406],[-69.54069,-17.74308],[-69.54271,-17.74705],[-69.55088,-17.74664],[-69.56121,-17.75066],[-69.56084,-17.75303],[-69.5634,-17.75645],[-69.56251,-17.76212],[-69.57003,-17.77794],[-69.57051,-17.79744],[-69.57736,-17.81506],[-69.5765,-17.81882],[-69.57844,-17.82139],[-69.58864,-17.82753],[-69.59279,-17.83223]]}},{"id":"11888","type":"Feature","properties":{"ROL":"A-123","NOMBRE_CAMINO":"Cruce A-23 - Cruce A-127 (Colpitas)","CLASIFICACION":"Camino Regional Comunal","CALZADA":"ÚNICA","tmda":null},"geometry":{"type":"LineString","coordinates":[[-69.46159,-17.98829],[-69.46226,-17.9849],[-69.46046,-17.98374],[-69.45806,-17.98417]]}},{"id":"11889","type":"Feature","properties":{"ROL":"A-123","NOMBRE_CAMINO":"Cruce A-23 - Cruce A-127 (Colpitas)","CLASIFICACION":"Camino Regional Comunal","CALZADA":"ÚNICA","tmda":null},"geometry":{"type":"LineString","coordinates":[[-69.46274,-17.98816],[-69.46159,-17.98829]]}},{"id":"11890","type":"Feature","properties":{"ROL":"A-171","NOMBRE_CAMINO":"Cruce A-27 (Pampa Algodonal) - Cruce A-137 (Surire)","CLASIFICACION":"Camino Regional Comunal","CALZADA":"ÚNICA","tmda":null},"geometry":{"type":"LineString","coordinates":[[-69.96564,-18.57803],[-69.96502,-18.58055]]}},{"id":"11891","type":"Feature","properties":{"ROL":"A-235","NOMBRE_CAMINO":"Cruce Ruta 11 CH (Las Cuevas) - Cruce A-95","CLASIFICACION":"Camino Regional Provincial","CALZADA":"ÚNICA","tmda":149.0},"geometry":{"type":"LineString","coordinates":[[-69.41837,-18.1821],[-69.42033,-18.18722],[-69.41437,-18.20817],[-69.40904,-18.2194],[-69.40884,-18.22278],[-69.39824,-18.23745],[-69.39657,-18.24431],[-69.38807,-18.25055],[-69.3794,-18.2542],[-69.37756,-18.25704],[-69.37508,-18.25801],[-69.37499,-18.26601],[-69.37004,-18.27471],[-69.37714,-18.29189]]}},{"id":"11892","type":"Feature","properties":{"ROL":"A-353","NOMBRE_CAMINO":"Cruce A-35 (Alto Codpa) - Corralones - Cruce A-319 (Tola Apacheta)","CLASIFICACION":"Camino Regional Comunal","CALZADA":"ÚNICA","tmda":null},"geometry":{"type":"LineString","coordinates":[[-69.69112,-18.85832],[-69.68959,-18.85689],[-69.6815,-18.86008],[-69.67061,-18.85539],[-69.66258,-18.85534],[-69.64562,-18.85029],[-69.63783,-18.85541],[-69.6341,-18.85478],[-69.63392,-18.85221],[-69.62983,-18.8504],[-69.62846,-18.85129],[-69.62886,-18.85342],[-69.62734,-18.85215],[-69.62267,-18.85309],[-69.62067,-18.85234],[-69.616,-18.85424],[-69.6074,-18.85333],[-69.60412,-18.85189],[-69.60544,-18.8506],[-69.6049,-18.84969],[-69.58828,-18.8479],[-69.59221,-18.84606],[-69.56669,-18.84197],[-69.55882,-18.83736],[-69.55368,-18.83148],[-69.54924,-18.83071],[-69.54365,-18.83168],[-69.54356,-18.83343],[-69.53106,-18.831],[-69.52147,-18.82396],[-69.51794,-18.8234],[-69.51327,-18.82039],[-69.50663,-18.81548],[-69.5076,-18.81417],[-69.50441,-18.81456],[-69.5009,-18.81231],[-69.4863,-18.80908],[-69.48299,-18.81063],[-69.47938,-18.80784],[-69.47502,-18.80765],[-69.47022,-18.80559],[-69.46202,-18.79979],[-69.46008,-18.79409],[-69.45773,-18.79186],[-69.45756,-18.78736],[-69.45506,-18.78547],[-69.44472,-18.78],[-69.43841,-18.78094],[-69.43602,-18.77813],[-69.4318,-18.77726],[-69.42666,-18.77418],[-69.4243,-18.77495],[-69.42211,-18.77377],[-69.42109,-18.77455],[-69.4215,-18.77673],[-69.41865,-18.77858],[-69.41717,-18.77692],[-69.41344,-18.77922],[-69.40901,-18.77996],[-69.40771,-18.78514],[-69.4047,-18.7869],[-69.39364,-18.78349],[-69.38489,-18.78352],[-69.38161,-18.78584],[-69.37946,-18.7847],[-69.37079,-18.78764],[-69.36734,-18.78606],[-69.36426,-18.78865],[-69.35513,-18.78566]]}},{"id":"11893","type":"Feature","properties":{"ROL":"A-109","NOMBRE_CAMINO":"Cruce A-23 - Cruce A-127 (Ancolacane)","CLASIFICACION":"Camino Regional Comunal","CALZADA":"ÚNICA","tmda":null},"geometry":{"type":"LineString","coordinates":[[-69.6499,-17.94336],[-69.63942,-17.90257],[-69.63799,-17.90102],[-69.63373,-17.90081],[-69.63511,-17.89969],[-69.63261,-17.89997],[-69.63236,-17.89532],[-69.63069,-17.89381],[-69.62866,-17.89571],[-69.62932,-17.88892],[-69.62524,-17.88223],[-69.62266,-17.86932],[-69.61839,-17.86078]]}},{"id":"11894","type":"Feature","properties":{"ROL":"A-345","NOMBRE_CAMINO":"Cruce Ruta 5 - Camarones - Cruce A-331 (Pachica)","CLASIFICACION":"Camino Regional Comunal","CALZADA":"ÚNICA","tmda":null},"geometry":{"type":"LineString","coordinates":[[-69.69369,-18.96855],[-69.68662,-18.96971],[-69.68184,-18.96804],[-69.67725,-18.96875],[-69.67801,-18.96797]]}},{"id":"11895","type":"Feature","properties":{"ROL":"A-123","NOMBRE_CAMINO":"Cruce A-23 - Cruce A-127 (Colpitas)","CLASIFICACION":"Camino Regional Comunal","CALZADA":"ÚNICA","tmda":null},"geometry":{"type":"LineString","coordinates":[[-69.53927,-18.0775],[-69.54073,-18.07381],[-69.53874,-18.07101],[-69.53588,-18.06973],[-69.53363,-18.07129],[-69.52977,-18.06898],[-69.52795,-18.06392],[-69.52201,-18.06177],[-69.51901,-18.06261],[-69.51808,-18.06086],[-69.5116,-18.05696],[-69.50564,-18.04456],[-69.50173,-18.03135],[-69.49291,-18.02465],[-69.48966,-18.02442],[-69.48774,-18.02649],[-69.48563,-18.02452],[-69.46543,-17.9881],[-69.46274,-17.98816]]}},{"id":"11896","type":"Feature","properties":{"ROL":"A-107","NOMBRE_CAMINO":"Cruce A-23 (Tacora) - Aguas Calientes","CLASIFICACION":"Camino Regional de Acceso","CALZADA":"ÚNICA","tmda":null},"geometry":{"type":"LineString","coordinates":[[-69.72487,-17.77164],[-69.7294,-17.77166],[-69.73301,-17.77426],[-69.74699,-17.77527],[-69.77386,-17.77133],[-69.78515,-17.7678],[-69.79265,-17.76771],[-69.80087,-17.75958],[-69.80579,-17.75768],[-69.81332,-17.74964],[-69.81369,-17.74732],[-69.81741,-17.74484],[-69.81921,-17.73349],[-69.82088,-17.73303],[-69.82145,-17.72964]]}},{"id":"11897","type":"Feature","properties":{"ROL":"A-129","NOMBRE_CAMINO":"Cruce A-93 (Guacoyo) - Cosapilla - Suriplaza - Cruce A-127 (Tiacolpa)","CLASIFICACION":"Camino Regional Comunal","CALZADA":"ÚNICA","tmda":null},"geometry":{"type":"LineString","coordinates":[[-69.34858,-17.75972],[-69.36588,-17.76276],[-69.40949,-17.76508],[-69.41203,-17.76705],[-69.41192,-17.76824]]}},{"id":"11898","type":"Feature","properties":{"ROL":"A-127","NOMBRE_CAMINO":"Cruce A-23 (Humapalca) - Ancolacane - Cruce A-93 (Nasahuento)","CLASIFICACION":"Camino Regional Provincial","CALZADA":"ÚNICA","tmda":null},"geometry":{"type":"LineString","coordinates":[[-69.60574,-17.85881],[-69.6057,-17.85897]]}},{"id":"11899","type":"Feature","properties":{"ROL":"A-129","NOMBRE_CAMINO":"Cruce A-93 (Guacoyo) - Cosapilla - Suriplaza - Cruce A-127 (Tiacolpa)","CLASIFICACION":"Camino Regional Comunal","CALZADA":"ÚNICA","tmda":null},"geometry":{"type":"LineString","coordinates":[[-69.34628,-17.75845],[-69.34858,-17.75972]]}},{"id":"11900","type":"Feature","properties":{"ROL":"A-302","NOMBRE_CAMINO":"Cruce Ruta 5 (Acceso Chaca) - Caleta Vítor","CLASIFICACION":"Camino Regional de Acceso","CALZADA":"ÚNICA","tmda":200.0},"geometry":{"type":"LineString","coordinates":[[-70.29313,-18.77946],[-70.29877,-18.77655],[-70.30898,-18.76495],[-70.31862,-18.75965],[-70.3242,-18.75411],[-70.33429,-18.75118]]}},{"id":"11901","type":"Feature","properties":{"ROL":"URBA001","NOMBRE_CAMINO":"Cruce Ruta 5 - Calle El Tranque - Atravieso Río San José -  Calle Guillermo Sanchéz - Cruce A-27","CLASIFICACION":"Conexión Vial Urbana","CALZADA":"D","tmda":null},"geometry":{"type":"LineString","coordinates":[[-70.28718,-18.49599],[-70.28333,-18.4948],[-70.28226,-18.49149]]}},{"id":"11902","type":"Feature","properties":{"ROL":"URBA001","NOMBRE_CAMINO":"Cruce Ruta 5 - Calle El Tranque - Atravieso Río San José -  Calle Guillermo Sanchéz - Cruce A-27","CLASIFICACION":"Conexión Vial Urbana","CALZADA":"I","tmda":null},"geometry":{"type":"LineString","coordinates":[[-70.28726,-18.49585],[-70.2859,-18.49544]]}},{"id":"11903","type":"Feature","properties":{"ROL":"URBA002","NOMBRE_CAMINO":"Cruce Ruta 5 - Calle Las Brisas - Calle Los Cisnes","CLASIFICACION":"Conexión Vial Urbana","CALZADA":"U","tmda":null},"geometry":{"type":"LineString","coordinates":[[-70.28471,-18.48622],[-70.27965,-18.49021]]}},{"id":"11904","type":"Feature","properties":{"ROL":"S/R-A-104","NOMBRE_CAMINO":"El Faro Armada","CLASIFICACION":"Camino Regional de Acceso (En Proceso de Enrolamiento)","CALZADA":"ÚNICA","tmda":null},"geometry":{"type":"LineString","coordinates":[[-70.36643,-18.34905],[-70.35925,-18.35024]]}},{"id":"11905","type":"Feature","properties":{"ROL":"A-93","NOMBRE_CAMINO":"Ruta Andina, Sector : Cruce Ruta 11 CH - Parinacota - Visviri - Límite Internacional (Trifinio)","CLASIFICACION":"Camino Regional Principal","CALZADA":"U","tmda":113.0},"geometry":{"type":"LineString","coordinates":[[-69.31316,-17.98127],[-69.31828,-17.97092],[-69.3224,-17.94783],[-69.32511,-17.94023],[-69.32896,-17.9327],[-69.33623,-17.92583],[-69.33978,-17.91404],[-69.34699,-17.90112],[-69.34068,-17.89096],[-69.3402,-17.8872],[-69.33398,-17.87782],[-69.32439,-17.87082],[-69.32167,-17.85292],[-69.32008,-17.8507],[-69.31904,-17.84268],[-69.3148,-17.83133],[-69.31711,-17.82242],[-69.31237,-17.81204],[-69.31308,-17.79937],[-69.3172,-17.79051],[-69.32343,-17.77894],[-69.34137,-17.75734],[-69.35051,-17.75773],[-69.36547,-17.75107],[-69.36939,-17.74724],[-69.38444,-17.74238],[-69.40298,-17.72422],[-69.42853,-17.70975],[-69.43667,-17.70371],[-69.44237,-17.69749],[-69.45342,-17.67353],[-69.47738,-17.61106],[-69.48128,-17.60725],[-69.49429,-17.60831],[-69.49664,-17.60667],[-69.49521,-17.60135],[-69.49198,-17.59642],[-69.48084,-17.59367],[-69.47932,-17.59527],[-69.47724,-17.59492],[-69.47623,-17.59039],[-69.48586,-17.58137],[-69.50906,-17.56492],[-69.50939,-17.56268],[-69.50653,-17.55517],[-69.50991,-17.55008],[-69.50692,-17.54431],[-69.50242,-17.5394],[-69.48802,-17.53042],[-69.48487,-17.52719],[-69.48088,-17.51601],[-69.47824,-17.51264],[-69.47534,-17.51188],[-69.47273,-17.50359],[-69.4686,-17.49861]]}},{"id":"11906","type":"Feature","properties":{"ROL":"A-93","NOMBRE_CAMINO":"Ruta Andina, Sector : Cruce Ruta 11 CH - Parinacota - Visviri - Límite Internacional (Trifinio)","CLASIFICACION":"Camino Regional Principal","CALZADA":"ÚNICA","tmda":80.0},"geometry":{"type":"LineString","coordinates":[[-69.26552,-18.22783],[-69.26735,-18.22547],[-69.27129,-18.22567],[-69.27431,-18.22428],[-69.2758,-18.22096],[-69.27413,-18.22047],[-69.27341,-18.21585],[-69.26886,-18.2119],[-69.26839,-18.21034],[-69.26993,-18.20761],[-69.26537,-18.20611],[-69.26283,-18.20346],[-69.26202,-18.19895],[-69.26353,-18.19714],[-69.27162,-18.19606],[-69.27368,-18.19409],[-69.27474,-18.18597],[-69.2843,-18.17887],[-69.28946,-18.16838],[-69.29319,-18.1654],[-69.29605,-18.15821],[-69.29343,-18.14371],[-69.29261,-18.12673],[-69.29359,-18.12023],[-69.28662,-18.10695],[-69.27505,-18.09695],[-69.27078,-18.09132],[-69.27245,-18.07651],[-69.27632,-18.06527],[-69.27575,-18.0632]]}},{"id":"11907","type":"Feature","properties":{"ROL":"A-357","NOMBRE_CAMINO":"Cruce Ruta 5 - Chaca - Cruce Ruta 5 (Acceso Caleta Vítor)","CLASIFICACION":"Camino Regional Comunal","CALZADA":"ÚNICA","tmda":118.0},"geometry":{"type":"LineString","coordinates":[[-70.15215,-18.8157],[-70.15095,-18.81462],[-70.15678,-18.80483],[-70.1655,-18.79933],[-70.16526,-18.79843],[-70.16739,-18.79804]]}},{"id":"11908","type":"Feature","properties":{"ROL":"A-35","NOMBRE_CAMINO":"Cruce Ruta 5 - Codpa - Timar - Cruce A-31","CLASIFICACION":"Camino Regional Principal","CALZADA":"ÚNICA","tmda":null},"geometry":{"type":"LineString","coordinates":[[-69.69832,-18.74763],[-69.70673,-18.74622],[-69.70757,-18.73788],[-69.70655,-18.73657],[-69.70923,-18.73526],[-69.70952,-18.7304]]}},{"id":"11909","type":"Feature","properties":{"ROL":"A-35","NOMBRE_CAMINO":"Cruce Ruta 5 - Codpa - Timar - Cruce A-31","CLASIFICACION":"Camino Regional Principal","CALZADA":"ÚNICA","tmda":null},"geometry":{"type":"LineString","coordinates":[[-69.71564,-18.8467],[-69.71588,-18.84576],[-69.71397,-18.84562],[-69.71501,-18.84471],[-69.71954,-18.84467],[-69.73061,-18.84068],[-69.73258,-18.84311],[-69.73953,-18.84278],[-69.74511,-18.84093],[-69.7475,-18.83827],[-69.74652,-18.83695],[-69.74952,-18.83408],[-69.74819,-18.83311],[-69.74647,-18.83463],[-69.7426,-18.83491],[-69.74161,-18.8322],[-69.74402,-18.83393],[-69.74423,-18.83237]]}},{"id":"11910","type":"Feature","properties":{"ROL":"A-345","NOMBRE_CAMINO":"Cruce Ruta 5 - Camarones - Cruce A-331 (Pachica)","CLASIFICACION":"Camino Regional Comunal","CALZADA":"ÚNICA","tmda":66.0},"geometry":{"type":"LineString","coordinates":[[-70.03937,-19.04421],[-70.03934,-19.04765],[-70.03773,-19.04901],[-70.02962,-19.0487],[-70.01895,-19.0503],[-70.0011,-19.04092],[-69.99508,-19.03468],[-69.98189,-19.02674],[-69.97913,-19.02748],[-69.98073,-19.03018],[-69.98054,-19.03577],[-69.98359,-19.03727],[-69.98059,-19.03849],[-69.97704,-19.03522],[-69.96042,-19.02993],[-69.9557,-19.02528],[-69.95096,-19.02349],[-69.94713,-19.02375],[-69.93992,-19.01628],[-69.93416,-19.01702],[-69.92359,-19.01418],[-69.91589,-19.0158],[-69.90956,-19.01498]]}},{"id":"11911","type":"Feature","properties":{"ROL":"A-331","NOMBRE_CAMINO":"Cruce A-35 - Esquiña - Illapata - Cundumaya","CLASIFICACION":"Camino Regional Comunal","CALZADA":"ÚNICA","tmda":30.0},"geometry":{"type":"LineString","coordinates":[[-69.70693,-18.87142],[-69.70185,-18.87128],[-69.69849,-18.86901],[-69.69715,-18.87065],[-69.69128,-18.868],[-69.67836,-18.86803],[-69.67942,-18.86972],[-69.67784,-18.87087],[-69.67921,-18.87173],[-69.67844,-18.87398],[-69.67516,-18.87563],[-69.67488,-18.87727],[-69.66942,-18.88139],[-69.66334,-18.88259],[-69.6659,-18.8845],[-69.66542,-18.88525],[-69.66994,-18.88659],[-69.66873,-18.88898],[-69.66318,-18.89015],[-69.66067,-18.88942],[-69.65687,-18.89236],[-69.65535,-18.8955],[-69.65093,-18.89699],[-69.64648,-18.89796],[-69.64354,-18.89657],[-69.64532,-18.89903],[-69.65179,-18.90115],[-69.6509,-18.90257],[-69.6469,-18.90172],[-69.64723,-18.90419],[-69.63964,-18.90841],[-69.62296,-18.90999],[-69.61704,-18.90941],[-69.6144,-18.91075],[-69.61355,-18.91323],[-69.61033,-18.9137],[-69.60658,-18.91166],[-69.59791,-18.91463]]}},{"id":"11912","type":"Feature","properties":{"ROL":"A-319","NOMBRE_CAMINO":"Cruce A-31 - Parcohaylla - Cruce A-95 (Salar de Surire)","CLASIFICACION":"Camino Regional Provincial","CALZADA":"ÚNICA","tmda":null},"geometry":{"type":"LineString","coordinates":[[-69.4046,-18.70142],[-69.40263,-18.70602],[-69.39882,-18.70901],[-69.39656,-18.7141],[-69.39294,-18.7127],[-69.39259,-18.71702],[-69.39413,-18.71822],[-69.38357,-18.73135],[-69.38174,-18.74522],[-69.37761,-18.74885],[-69.375,-18.7486],[-69.37277,-18.75058],[-69.37005,-18.75023],[-69.36156,-18.758],[-69.35504,-18.76656],[-69.3556,-18.77007],[-69.35429,-18.77237],[-69.3536,-18.78021],[-69.34402,-18.78634],[-69.32833,-18.80692],[-69.30696,-18.82176],[-69.3041,-18.82703],[-69.3018,-18.82844],[-69.30272,-18.83098],[-69.29874,-18.83389]]}},{"id":"11913","type":"Feature","properties":{"ROL":"A-319","NOMBRE_CAMINO":"Cruce A-31 - Parcohaylla - Cruce A-95 (Salar de Surire)","CLASIFICACION":"Camino Regional Provincial","CALZADA":"ÚNICA","tmda":null},"geometry":{"type":"LineString","coordinates":[[-69.4238,-18.67595],[-69.4189,-18.68466],[-69.41494,-18.68842],[-69.41457,-18.69482],[-69.40839,-18.69791],[-69.4046,-18.70142]]}},{"id":"11914","type":"Feature","properties":{"ROL":"A-31","NOMBRE_CAMINO":"Cruce Ruta 5 (Presencias Tutelares) - Ticnamar - Cruce Ruta 11 CH (Zapahuira)","CLASIFICACION":"Camino Regional Principal","CALZADA":"ÚNICA","tmda":33.0},"geometry":{"type":"LineString","coordinates":[[-70.06205,-18.72578],[-70.04932,-18.72948],[-70.02088,-18.7451],[-70.004,-18.7492],[-69.99656,-18.7496],[-69.98543,-18.75303],[-69.97617,-18.7572],[-69.9709,-18.76433],[-69.96425,-18.76742],[-69.95659,-18.76786],[-69.94282,-18.76522],[-69.92041,-18.77061],[-69.91032,-18.77144],[-69.89396,-18.76435],[-69.8881,-18.76454],[-69.88589,-18.7627],[-69.88118,-18.76163],[-69.85746,-18.76064],[-69.84418,-18.76226],[-69.84086,-18.7638],[-69.81138,-18.75786],[-69.80583,-18.7591],[-69.80196,-18.75607],[-69.79957,-18.75631],[-69.79063,-18.75304],[-69.77967,-18.74606],[-69.75973,-18.74233],[-69.74928,-18.73423],[-69.7368,-18.73008],[-69.73114,-18.7345],[-69.72385,-18.73647],[-69.71671,-18.73271],[-69.71138,-18.73289],[-69.70715,-18.7283],[-69.69883,-18.72522],[-69.6931,-18.72714],[-69.68783,-18.72663],[-69.68179,-18.72781],[-69.67707,-18.72646],[-69.67395,-18.72304],[-69.6651,-18.72187],[-69.66315,-18.71845],[-69.66035,-18.7204],[-69.65881,-18.71762],[-69.65563,-18.71773],[-69.65069,-18.71579],[-69.64952,-18.71354],[-69.64167,-18.71339],[-69.62657,-18.70478],[-69.61785,-18.70413],[-69.61638,-18.70146],[-69.60846,-18.69879],[-69.60781,-18.69777],[-69.6105,-18.69673],[-69.60985,-18.69463],[-69.61418,-18.69335],[-69.61867,-18.69398],[-69.61488,-18.6885],[-69.6158,-18.68716],[-69.61925,-18.68745],[-69.61941,-18.68594],[-69.61737,-18.68492],[-69.61849,-18.68429],[-69.6127,-18.67849],[-69.60667,-18.67705],[-69.59943,-18.67335],[-69.5918,-18.66721],[-69.57316,-18.66186],[-69.55637,-18.6636],[-69.54392,-18.66127],[-69.53728,-18.65749],[-69.53031,-18.65219],[-69.51619,-18.62954],[-69.51462,-18.62397],[-69.51723,-18.61884],[-69.51591,-18.60982],[-69.51809,-18.59437],[-69.51632,-18.59358],[-69.52007,-18.59029],[-69.51969,-18.5888],[-69.52571,-18.58422],[-69.52954,-18.57438],[-69.51973,-18.56229],[-69.51565,-18.56187],[-69.50221,-18.57994],[-69.50155,-18.58244],[-69.49991,-18.58157],[-69.49674,-18.58477],[-69.49435,-18.58492],[-69.49266,-18.58242],[-69.49384,-18.58147],[-69.49218,-18.58074],[-69.49163,-18.57597],[-69.49131,-18.57765],[-69.48802,-18.57126],[-69.48837,-18.56734],[-69.48964,-18.5645],[-69.49525,-18.56115],[-69.49489,-18.55698],[-69.497,-18.55684],[-69.49781,-18.55227],[-69.50064,-18.54988],[-69.4997,-18.54785],[-69.49852,-18.54785],[-69.49596,-18.5409],[-69.49316,-18.53944],[-69.49291,-18.54059],[-69.49115,-18.54027],[-69.49149,-18.53877],[-69.48932,-18.53928],[-69.49002,-18.53681],[-69.48688,-18.53461],[-69.48586,-18.53188],[-69.48792,-18.52602],[-69.49319,-18.52534],[-69.49485,-18.52017],[-69.49646,-18.52015],[-69.49897,-18.51768],[-69.50715,-18.51779],[-69.51093,-18.51497],[-69.5099,-18.51462],[-69.51158,-18.51341],[-69.51036,-18.50861],[-69.51169,-18.50871],[-69.5096,-18.50532],[-69.51267,-18.50186],[-69.51453,-18.50377],[-69.51614,-18.49701],[-69.52055,-18.49247],[-69.52011,-18.4911],[-69.52486,-18.49053],[-69.5271,-18.48838],[-69.52739,-18.48727],[-69.52613,-18.48805],[-69.52707,-18.48583],[-69.52927,-18.48459],[-69.52763,-18.48184],[-69.53049,-18.47521],[-69.52773,-18.47498],[-69.52809,-18.47098],[-69.51806,-18.46776],[-69.51399,-18.46891],[-69.51273,-18.4669],[-69.51104,-18.46844],[-69.50737,-18.46854],[-69.50475,-18.46527],[-69.50666,-18.46433],[-69.5052,-18.46263],[-69.50618,-18.45675],[-69.51059,-18.45634],[-69.51079,-18.45438],[-69.51346,-18.45427],[-69.51678,-18.44935],[-69.51565,-18.44743],[-69.51123,-18.44605],[-69.50746,-18.4424],[-69.50877,-18.44023],[-69.50572,-18.43555],[-69.50555,-18.43442],[-69.5077,-18.43398],[-69.50572,-18.43149],[-69.50894,-18.43132],[-69.50901,-18.4298],[-69.50498,-18.41743],[-69.50864,-18.41225],[-69.51078,-18.41162],[-69.51071,-18.41009],[-69.51378,-18.41031],[-69.51771,-18.4067],[-69.51943,-18.39714],[-69.51843,-18.39767],[-69.52174,-18.39491],[-69.52712,-18.39274],[-69.53198,-18.39266],[-69.54132,-18.39894]]}},{"id":"11915","type":"Feature","properties":{"ROL":"A-306","NOMBRE_CAMINO":"Cruce Ruta 5 (Cuya) - Caleta Camarones","CLASIFICACION":"Camino Regional de Acceso","CALZADA":"ÚNICA","tmda":null},"geometry":{"type":"LineString","coordinates":[[-70.17682,-19.16185],[-70.19066,-19.16941],[-70.20216,-19.16909],[-70.21047,-19.17085],[-70.23166,-19.18108],[-70.24068,-19.1826],[-70.24805,-19.18797],[-70.25536,-19.18898],[-70.26281,-19.19248]]}},{"id":"11916","type":"Feature","properties":{"ROL":"A-302","NOMBRE_CAMINO":"Cruce Ruta 5 (Acceso Chaca) - Caleta Vítor","CLASIFICACION":"Camino Regional de Acceso","CALZADA":"ÚNICA","tmda":200.0},"geometry":{"type":"LineString","coordinates":[[-70.29323,-18.78125],[-70.29313,-18.77946]]}},{"id":"11917","type":"Feature","properties":{"ROL":"A-302","NOMBRE_CAMINO":"Cruce Ruta 5 (Acceso Chaca) - Caleta Vítor","CLASIFICACION":"Camino Regional de Acceso","CALZADA":"ÚNICA","tmda":200.0},"geometry":{"type":"LineString","coordinates":[[-70.23284,-18.77364],[-70.23573,-18.7753],[-70.24675,-18.77394],[-70.25986,-18.77516],[-70.27756,-18.78108],[-70.29094,-18.78246],[-70.29435,-18.78106],[-70.29323,-18.78125]]}},{"id":"11918","type":"Feature","properties":{"ROL":"A-302","NOMBRE_CAMINO":"Cruce Ruta 5 (Acceso Chaca) - Caleta Vítor","CLASIFICACION":"Camino Regional de Acceso","CALZADA":"ÚNICA","tmda":200.0},"geometry":{"type":"LineString","coordinates":[[-70.23146,-18.77322],[-70.23284,-18.77364]]}},{"id":"11919","type":"Feature","properties":{"ROL":"A-301","NOMBRE_CAMINO":"Cruce Ruta 5 (Cuesta Acha) - Quebrada Acha ","CLASIFICACION":"Camino Regional Comunal","CALZADA":"ÚNICA","tmda":1712.0},"geometry":{"type":"LineString","coordinates":[[-70.25167,-18.55791],[-70.25202,-18.56036],[-70.24988,-18.56408],[-70.24697,-18.56412],[-70.24293,-18.58223],[-70.24016,-18.58581],[-70.2393,-18.58934],[-70.2272,-18.59622],[-70.21855,-18.60494],[-70.21047,-18.61967],[-70.21089,-18.62276],[-70.20915,-18.62748],[-70.20566,-18.63134]]}},{"id":"11920","type":"Feature","properties":{"ROL":"A-27","NOMBRE_CAMINO":"Cruce Ruta 5 (Arica) - Azapa - Las Peñas","CLASIFICACION":"Camino Regional Principal","CALZADA":"ÚNICA","tmda":null},"geometry":{"type":"LineString","coordinates":[[-69.89711,-18.5823],[-69.89265,-18.58193],[-69.88205,-18.58379],[-69.86995,-18.58352],[-69.85831,-18.58628],[-69.84799,-18.58562],[-69.83877,-18.59],[-69.82996,-18.59075]]}},{"id":"11921","type":"Feature","properties":{"ROL":"A-323","NOMBRE_CAMINO":"Cruce A-331 - Saguara","CLASIFICACION":"Camino Regional Comunal","CALZADA":"ÚNICA","tmda":null},"geometry":{"type":"LineString","coordinates":[[-69.50231,-18.89807],[-69.49438,-18.89845]]}},{"id":"11922","type":"Feature","properties":{"ROL":"S/R-A-102","NOMBRE_CAMINO":"Cruce Ruta 5 - Hito 1","CLASIFICACION":"Camino Regional de Acceso (En Proceso de Enrolamiento)","CALZADA":"ÚNICA","tmda":null},"geometry":{"type":"LineString","coordinates":[[-70.31097,-18.33593],[-70.32931,-18.33656],[-70.33545,-18.33475],[-70.35391,-18.34034],[-70.36326,-18.34583],[-70.36611,-18.3489],[-70.3701,-18.34911]]}},{"id":"11923","type":"Feature","properties":{"ROL":"A-231","NOMBRE_CAMINO":"Cruce A-245 - Misitune","CLASIFICACION":"Camino Regional de Acceso","CALZADA":"ÚNICA","tmda":null},"geometry":{"type":"LineString","coordinates":[[-69.35855,-18.37484],[-69.35975,-18.37526],[-69.36334,-18.37302]]}},{"id":"11924","type":"Feature","properties":{"ROL":"A-23","NOMBRE_CAMINO":"Cruce Ruta 11 CH (Pacollo) - Coronel  Alcérreca - Cruce A-93 (Visviri)","CLASIFICACION":"Camino Regional Principal","CALZADA":"ÚNICA","tmda":null},"geometry":{"type":"LineString","coordinates":[[-69.50225,-18.1775],[-69.50306,-18.17517],[-69.50742,-18.17207],[-69.5072,-18.16656],[-69.51186,-18.16582],[-69.51958,-18.16878],[-69.52726,-18.1596],[-69.53175,-18.15768],[-69.5368,-18.15882],[-69.53777,-18.1576],[-69.53609,-18.15363],[-69.53779,-18.15325],[-69.53661,-18.15034],[-69.53726,-18.14429],[-69.5447,-18.14181],[-69.54779,-18.13916],[-69.54749,-18.13802],[-69.54376,-18.13678],[-69.54222,-18.13442],[-69.54598,-18.13041],[-69.54265,-18.12509],[-69.54352,-18.12363],[-69.54237,-18.12042],[-69.54266,-18.11144],[-69.53561,-18.10166],[-69.54224,-18.09762],[-69.53812,-18.09553],[-69.53842,-18.09248],[-69.5366,-18.09037],[-69.53862,-18.0889],[-69.53869,-18.08629],[-69.53595,-18.08359],[-69.53749,-18.08027],[-69.54033,-18.07805],[-69.53931,-18.07741],[-69.55403,-18.0632],[-69.55236,-18.05603],[-69.55286,-18.05261],[-69.57141,-18.02629],[-69.58458,-18.01405],[-69.58926,-18.01124],[-69.62244,-18.00549],[-69.62483,-18.00955],[-69.62429,-18.00474],[-69.62052,-18.00191],[-69.62247,-18.0021],[-69.6269,-17.99957],[-69.62201,-17.99949],[-69.6266,-17.99652],[-69.63162,-17.9974],[-69.63144,-17.9944],[-69.63496,-17.99517],[-69.63816,-17.99225],[-69.6361,-17.99661],[-69.64347,-17.98992],[-69.64151,-17.98605],[-69.63647,-17.9862],[-69.63689,-17.98376],[-69.6448,-17.98376],[-69.64773,-17.98203],[-69.65381,-17.98299],[-69.65786,-17.97957],[-69.65928,-17.98589],[-69.66032,-17.98706],[-69.66098,-17.9863],[-69.6598,-17.98252],[-69.66135,-17.97865],[-69.65949,-17.97356],[-69.654,-17.96489],[-69.65073,-17.96238],[-69.64983,-17.94356],[-69.65214,-17.93979],[-69.6588,-17.91484],[-69.67142,-17.88215],[-69.68303,-17.87769],[-69.68411,-17.87631],[-69.68776,-17.87622],[-69.69244,-17.87288],[-69.69816,-17.86027],[-69.69875,-17.85117],[-69.70302,-17.84355],[-69.70355,-17.83458],[-69.70457,-17.83224],[-69.70668,-17.83138],[-69.70676,-17.82347],[-69.70535,-17.81744],[-69.70897,-17.7944],[-69.70759,-17.7775],[-69.7252,-17.7711],[-69.72188,-17.76173],[-69.71628,-17.75467],[-69.70313,-17.72795],[-69.70282,-17.72227],[-69.70062,-17.7224],[-69.69999,-17.72095],[-69.69864,-17.72165],[-69.69785,-17.71521],[-69.69505,-17.71213],[-69.69582,-17.71039],[-69.69052,-17.70545],[-69.68009,-17.67532],[-69.67165,-17.67395],[-69.66505,-17.66742],[-69.65436,-17.65986],[-69.64342,-17.65733],[-69.63376,-17.65693],[-69.62693,-17.66829],[-69.62461,-17.67508],[-69.6168,-17.68287],[-69.61157,-17.69051],[-69.59879,-17.68473],[-69.5942,-17.68815],[-69.59205,-17.68466],[-69.59186,-17.68157],[-69.58696,-17.67902],[-69.5771,-17.67087],[-69.57541,-17.66311],[-69.57312,-17.65982],[-69.57312,-17.65597],[-69.56956,-17.65341],[-69.56676,-17.64862],[-69.56289,-17.64713],[-69.55228,-17.63596],[-69.55092,-17.62681],[-69.54552,-17.62167],[-69.54268,-17.61649],[-69.5321,-17.6125],[-69.51676,-17.60224],[-69.49187,-17.59635]]}},{"id":"11925","type":"Feature","properties":{"ROL":"S/R-A-343","NOMBRE_CAMINO":"Cruce A-345 - Pueblo Camarones","CLASIFICACION":"Camino Regional de Acceso (En Proceso de Enrolamiento)","CALZADA":"ÚNICA","tmda":null},"geometry":{"type":"LineString","coordinates":[[-69.86058,-19.00629],[-69.8597,-19.00852]]}},{"id":"11926","type":"Feature","properties":{"ROL":"A-27","NOMBRE_CAMINO":"Cruce Ruta 5 (Arica) - Azapa - Las Peñas","CLASIFICACION":"Camino Regional Principal","CALZADA":"ÚNICA","tmda":null},"geometry":{"type":"LineString","coordinates":[[-69.82996,-18.59075],[-69.82581,-18.59119],[-69.82338,-18.58968]]}},{"id":"11927","type":"Feature","properties":{"ROL":"A-205","NOMBRE_CAMINO":"Cruce A-31 - Epispacha","CLASIFICACION":"Camino Regional de Acceso","CALZADA":"ÚNICA","tmda":null},"geometry":{"type":"LineString","coordinates":[[-69.56371,-18.34015],[-69.56543,-18.34216],[-69.56551,-18.34509],[-69.56545,-18.343],[-69.5674,-18.34539],[-69.56959,-18.34565],[-69.56971,-18.3467],[-69.56819,-18.34697],[-69.57001,-18.34728],[-69.56911,-18.34759],[-69.56985,-18.34839]]}},{"id":"11928","type":"Feature","properties":{"ROL":"A-201","NOMBRE_CAMINO":"Cruce A-31 (Murmuntani) - Cruce A-235 (Canal Lauca)","CLASIFICACION":"Camino Regional Comunal","CALZADA":"ÚNICA","tmda":null},"geometry":{"type":"LineString","coordinates":[[-69.54737,-18.35265],[-69.54718,-18.35434],[-69.54403,-18.34628],[-69.53951,-18.34821],[-69.54085,-18.34582],[-69.54009,-18.34367],[-69.53791,-18.34351],[-69.53234,-18.3397],[-69.53356,-18.34291],[-69.53211,-18.34176],[-69.53289,-18.34653],[-69.52879,-18.35254],[-69.52976,-18.34907],[-69.52833,-18.35029],[-69.52648,-18.35413],[-69.52854,-18.34536],[-69.52331,-18.34078],[-69.5232,-18.33862],[-69.51911,-18.33725],[-69.52112,-18.33495],[-69.51831,-18.33188],[-69.51999,-18.33436],[-69.51726,-18.3365],[-69.51665,-18.33859],[-69.51668,-18.33429],[-69.51427,-18.33385],[-69.51306,-18.33021],[-69.51117,-18.33029],[-69.51161,-18.32798],[-69.51022,-18.33041],[-69.50784,-18.33151],[-69.50833,-18.33281],[-69.50641,-18.33161],[-69.50806,-18.32913],[-69.50662,-18.3267],[-69.50492,-18.32806],[-69.50302,-18.32598],[-69.49815,-18.3249],[-69.4929,-18.3277],[-69.48707,-18.32522],[-69.47618,-18.32333],[-69.46717,-18.31764],[-69.46398,-18.31368],[-69.45438,-18.31985],[-69.43604,-18.32395],[-69.43303,-18.3232],[-69.4285,-18.3196],[-69.41867,-18.31745],[-69.39201,-18.31922],[-69.3738,-18.3147]]}},{"id":"11929","type":"Feature","properties":{"ROL":"A-181","NOMBRE_CAMINO":"Cruce Ruta 11 CH - Larancota - Cruce A-207 (Parinacota)","CLASIFICACION":"Camino Regional Comunal","CALZADA":"ÚNICA","tmda":null},"geometry":{"type":"LineString","coordinates":[[-69.28742,-18.22021],[-69.28175,-18.21901],[-69.28092,-18.21679],[-69.2751,-18.21332],[-69.27451,-18.21091],[-69.26983,-18.21036],[-69.27042,-18.20805],[-69.26881,-18.206]]}},{"id":"11930","type":"Feature","properties":{"ROL":"A-173","NOMBRE_CAMINO":"Cruce Ruta 11 CH (Puente Poconchile) - Huanta","CLASIFICACION":"Camino Regional de Acceso","CALZADA":"ÚNICA","tmda":null},"geometry":{"type":"LineString","coordinates":[[-70.07202,-18.44774],[-70.07015,-18.4466],[-70.07054,-18.44357],[-70.05937,-18.44205],[-70.05605,-18.43858],[-70.04966,-18.42389],[-70.05157,-18.42135],[-70.05181,-18.41533],[-70.04824,-18.40713],[-70.04252,-18.40066],[-70.03106,-18.3952],[-70.02489,-18.39465],[-70.01495,-18.39731],[-70.01119,-18.39691],[-70.0061,-18.4008]]}},{"id":"11931","type":"Feature","properties":{"ROL":"A-169","NOMBRE_CAMINO":"Cruce A-27 (El Rápido) - Cruce A-137","CLASIFICACION":"Camino Regional Comunal","CALZADA":"ÚNICA","tmda":null},"geometry":{"type":"LineString","coordinates":[[-69.99908,-18.58021],[-69.99937,-18.58449]]}},{"id":"11932","type":"Feature","properties":{"ROL":"A-159","NOMBRE_CAMINO":"Cruce A-93 (Chañopalca) - Caquena - Cruce A-93 (Nasahuento)","CLASIFICACION":"Camino Regional Provincial","CALZADA":"ÚNICA","tmda":null},"geometry":{"type":"LineString","coordinates":[[-69.26245,-17.99579],[-69.27203,-17.9884],[-69.27912,-17.98491]]}},{"id":"11933","type":"Feature","properties":{"ROL":"A-159","NOMBRE_CAMINO":"Cruce A-93 (Chañopalca) - Caquena - Cruce A-93 (Nasahuento)","CLASIFICACION":"Camino Regional Provincial","CALZADA":"ÚNICA","tmda":null},"geometry":{"type":"LineString","coordinates":[[-69.2424,-18.00941],[-69.25462,-18.00444],[-69.26245,-17.99579]]}},{"id":"11934","type":"Feature","properties":{"ROL":"A-191","NOMBRE_CAMINO":"Cruce Ruta 11 CH (Cuesta El Águila) - Cruce A-143 (Pampa dos Cruces)","CLASIFICACION":"Camino Regional Comunal","CALZADA":"ÚNICA","tmda":null},"geometry":{"type":"LineString","coordinates":[[-69.86406,-18.47768],[-69.86233,-18.48089],[-69.8629,-18.48219],[-69.87,-18.47746],[-69.87054,-18.47551],[-69.87613,-18.47479],[-69.88057,-18.47645],[-69.8848,-18.47545],[-69.89458,-18.48157],[-69.90841,-18.48501],[-69.9162,-18.49263],[-69.91771,-18.49463],[-69.91739,-18.49709],[-69.92015,-18.49907],[-69.92882,-18.50008],[-69.92988,-18.50298],[-69.9394,-18.50195],[-69.94073,-18.50376],[-69.94458,-18.50427],[-69.94483,-18.5057],[-69.95603,-18.50784],[-69.96106,-18.51318],[-69.9761,-18.515],[-69.98494,-18.51799],[-70.00331,-18.51831],[-70.01249,-18.52002],[-70.03815,-18.51529],[-70.05393,-18.51428],[-70.07751,-18.50675],[-70.13503,-18.50774]]}},{"id":"11935","type":"Feature","properties":{"ROL":"A-149","NOMBRE_CAMINO":"Cruce Ruta 11 CH (Pacollo) - Cruce A-47 (Putre)","CLASIFICACION":"Camino Regional Comunal","CALZADA":"ÚNICA","tmda":null},"geometry":{"type":"LineString","coordinates":[[-69.51274,-18.1782],[-69.51402,-18.17678],[-69.5185,-18.17856],[-69.52174,-18.18202],[-69.52915,-18.18001],[-69.52808,-18.18067],[-69.5343,-18.18189],[-69.53647,-18.18641],[-69.54049,-18.18795],[-69.54196,-18.19043],[-69.54317,-18.18952],[-69.54445,-18.19024],[-69.54391,-18.19195],[-69.54751,-18.19627]]}},{"id":"11936","type":"Feature","properties":{"ROL":"A-159","NOMBRE_CAMINO":"Cruce A-93 (Chañopalca) - Caquena - Cruce A-93 (Nasahuento)","CLASIFICACION":"Camino Regional Provincial","CALZADA":"ÚNICA","tmda":null},"geometry":{"type":"LineString","coordinates":[[-69.27075,-18.09118],[-69.26514,-18.08261],[-69.26097,-18.07906],[-69.25245,-18.08165],[-69.24765,-18.08137],[-69.24532,-18.08398],[-69.23761,-18.08406],[-69.23177,-18.0824],[-69.22999,-18.07844],[-69.2258,-18.074],[-69.21047,-18.07415],[-69.20632,-18.07148],[-69.20766,-18.06507],[-69.20288,-18.05474],[-69.20643,-18.04505],[-69.21756,-18.03599],[-69.22091,-18.0277],[-69.23316,-18.01554],[-69.23463,-18.01174],[-69.2424,-18.00941]]}},{"id":"11937","type":"Feature","properties":{"ROL":"A-143","NOMBRE_CAMINO":"Cruce Ruta 11 CH (Poconchile) - Cruce A-27 (San Miguel de Azapa)","CLASIFICACION":"Camino Regional Comunal","CALZADA":"ÚNICA","tmda":1375.0},"geometry":{"type":"LineString","coordinates":[[-70.06826,-18.45225],[-70.07285,-18.46033],[-70.07397,-18.46909],[-70.07687,-18.46454],[-70.08006,-18.46256],[-70.08196,-18.46324],[-70.08783,-18.4618],[-70.09545,-18.46372],[-70.08525,-18.46968],[-70.07945,-18.4703],[-70.07799,-18.4727],[-70.13789,-18.50782],[-70.1378,-18.50916],[-70.12962,-18.51395],[-70.13825,-18.51234],[-70.14373,-18.51308],[-70.16047,-18.52094],[-70.16479,-18.52045],[-70.16521,-18.52291],[-70.16331,-18.52472],[-70.16675,-18.52615]]}},{"id":"11938","type":"Feature","properties":{"ROL":"A-203","NOMBRE_CAMINO":"Cruce A-31- Murmuntani - Cruce A-31","CLASIFICACION":"Camino Regional Provincial","CALZADA":"ÚNICA","tmda":null},"geometry":{"type":"LineString","coordinates":[[-69.55427,-18.35588],[-69.55333,-18.35389],[-69.55098,-18.35351],[-69.5531,-18.35055],[-69.55198,-18.34724]]}},{"id":"11939","type":"Feature","properties":{"ROL":"A-141","NOMBRE_CAMINO":"Cruce Ruta 11 CH - Copaquilla","CLASIFICACION":"Camino Regional de Acceso","CALZADA":"ÚNICA","tmda":null},"geometry":{"type":"LineString","coordinates":[[-69.62817,-18.40082],[-69.62731,-18.40179]]}},{"id":"11940","type":"Feature","properties":{"ROL":"A-345","NOMBRE_CAMINO":"Cruce Ruta 5 - Camarones - Cruce A-331 (Pachica)","CLASIFICACION":"Camino Regional Comunal","CALZADA":"ÚNICA","tmda":null},"geometry":{"type":"LineString","coordinates":[[-69.67801,-18.96797],[-69.68227,-18.96609],[-69.68377,-18.96674],[-69.68029,-18.96571],[-69.68615,-18.96626],[-69.68941,-18.96423],[-69.68518,-18.96284],[-69.68434,-18.96408],[-69.67843,-18.96237],[-69.6796,-18.96319],[-69.67826,-18.96345],[-69.67432,-18.96188],[-69.67623,-18.96332],[-69.67543,-18.96344],[-69.66867,-18.95972],[-69.66338,-18.95996],[-69.66503,-18.95972],[-69.66377,-18.9591],[-69.66496,-18.95875],[-69.66402,-18.95057],[-69.66672,-18.95046],[-69.66463,-18.94923],[-69.66554,-18.9454],[-69.66382,-18.93982],[-69.65801,-18.9388],[-69.65604,-18.93675],[-69.65649,-18.93555],[-69.64854,-18.93394],[-69.64915,-18.93302],[-69.64589,-18.93158],[-69.64419,-18.93202],[-69.64286,-18.92626],[-69.64141,-18.92493],[-69.63463,-18.92517],[-69.62674,-18.92163],[-69.62193,-18.92191],[-69.61907,-18.92413],[-69.62105,-18.92244],[-69.61603,-18.9233],[-69.61268,-18.92117],[-69.6172,-18.91899],[-69.61435,-18.91849],[-69.61333,-18.91663],[-69.60844,-18.91621],[-69.60672,-18.91385],[-69.60463,-18.91406],[-69.60528,-18.91308],[-69.60179,-18.91336],[-69.60304,-18.91233]]}},{"id":"11941","type":"Feature","properties":{"ROL":"A-215","NOMBRE_CAMINO":"Cruce Ruta 11 CH (Boca Negra) - Molinos - Arancha","CLASIFICACION":"Camino Regional Provincial","CALZADA":"ÚNICA","tmda":194.0},"geometry":{"type":"LineString","coordinates":[[-69.9764,-18.40347],[-69.97296,-18.40183],[-69.97166,-18.39653],[-69.96716,-18.39278],[-69.96323,-18.39549],[-69.95282,-18.39082],[-69.94923,-18.38757],[-69.94659,-18.38243],[-69.93594,-18.37613],[-69.90588,-18.37422],[-69.89303,-18.36825],[-69.88574,-18.36077],[-69.88376,-18.35674],[-69.87925,-18.35471],[-69.87679,-18.3512],[-69.87273,-18.34854],[-69.86168,-18.33259],[-69.85507,-18.33108],[-69.85237,-18.32805],[-69.84811,-18.32652],[-69.84241,-18.32752],[-69.83655,-18.32539],[-69.8338,-18.32773],[-69.83133,-18.32569]]}},{"id":"11942","type":"Feature","properties":{"ROL":"A-307","NOMBRE_CAMINO":"Cruce A-31- Cobija -Tulapalca","CLASIFICACION":"Camino Regional de Acceso","CALZADA":"ÚNICA","tmda":null},"geometry":{"type":"LineString","coordinates":[[-69.62531,-18.70446],[-69.62024,-18.70583],[-69.61884,-18.70837],[-69.61504,-18.71039],[-69.60714,-18.70999],[-69.60816,-18.71276],[-69.61025,-18.71328],[-69.6098,-18.71405],[-69.61467,-18.71957],[-69.61007,-18.7182],[-69.60942,-18.72024],[-69.60039,-18.72189],[-69.59893,-18.72484],[-69.59227,-18.72876],[-69.58937,-18.73251],[-69.59066,-18.73847],[-69.59002,-18.73767],[-69.58246,-18.74019]]}},{"id":"11943","type":"Feature","properties":{"ROL":"A-151","NOMBRE_CAMINO":"Cruce Ruta 11 CH - Termas de Jurasi","CLASIFICACION":"Camino Regional de Acceso","CALZADA":"ÚNICA","tmda":null},"geometry":{"type":"LineString","coordinates":[[-69.52794,-18.2034],[-69.5263,-18.20535],[-69.52434,-18.20386],[-69.51907,-18.20627],[-69.5163,-18.20582],[-69.51119,-18.21013]]}},{"id":"11944","type":"Feature","properties":{"ROL":"A-211","NOMBRE_CAMINO":"Cruce Ruta 11 CH (Chucuyo) - Cruce A-235 (Canal Lauca)","CLASIFICACION":"Camino Regional Comunal","CALZADA":"ÚNICA","tmda":null},"geometry":{"type":"LineString","coordinates":[[-69.32153,-18.21812],[-69.3274,-18.22006],[-69.32961,-18.22208],[-69.33186,-18.22785],[-69.33471,-18.23016],[-69.33517,-18.23422],[-69.34005,-18.23549],[-69.34766,-18.24091],[-69.34792,-18.2442],[-69.34473,-18.25553],[-69.34639,-18.25893],[-69.35119,-18.26339]]}},{"id":"11945","type":"Feature","properties":{"ROL":"A-302","NOMBRE_CAMINO":"Cruce Ruta 5 (Acceso Chaca) - Caleta Vítor","CLASIFICACION":"Camino Regional de Acceso","CALZADA":"ÚNICA","tmda":200.0},"geometry":{"type":"LineString","coordinates":[[-70.23091,-18.77328],[-70.23146,-18.77322]]}},{"id":"11946","type":"Feature","properties":{"ROL":"A-131","NOMBRE_CAMINO":"Cruce Ruta 11 CH - Asentamiento El Morro - Cruce Ruta 11 CH","CLASIFICACION":"Camino Regional Comunal","CALZADA":"ÚNICA","tmda":2783.0},"geometry":{"type":"LineString","coordinates":[[-70.24966,-18.40563],[-70.24601,-18.41261],[-70.23296,-18.41639],[-70.22401,-18.41681],[-70.2138,-18.41304],[-70.20676,-18.41257]]}},{"id":"11947","type":"Feature","properties":{"ROL":"A-13","NOMBRE_CAMINO":"Cruce Ruta 5 (Pampa Concordia) - Central - Cruce A-23 (Alcérreca)","CLASIFICACION":"Camino Regional Principal","CALZADA":"ÚNICA","tmda":null},"geometry":{"type":"LineString","coordinates":[[-70.3004,-18.37953],[-70.28423,-18.3758],[-70.27808,-18.37766],[-70.26834,-18.37785],[-70.25744,-18.382],[-70.24733,-18.38106],[-70.24353,-18.37895],[-70.23509,-18.3778],[-70.20519,-18.37739],[-70.19904,-18.37623],[-70.1829,-18.38033],[-70.14917,-18.38468],[-70.04942,-18.36714],[-70.0207,-18.35659],[-70.00183,-18.35902]]}},{"id":"11948","type":"Feature","properties":{"ROL":"A-177","NOMBRE_CAMINO":"Cruce A-143 (Poconchile) - Santa Rosa","CLASIFICACION":"Camino Regional de Acceso","CALZADA":"ÚNICA","tmda":null},"geometry":{"type":"LineString","coordinates":[[-70.06824,-18.45242],[-70.07521,-18.45322],[-70.08285,-18.45218],[-70.08917,-18.4498],[-70.0927,-18.44779],[-70.09838,-18.43858]]}},{"id":"11949","type":"Feature","properties":{"ROL":"A-215","NOMBRE_CAMINO":"Cruce Ruta 11 CH (Boca Negra) - Molinos - Arancha","CLASIFICACION":"Camino Regional Provincial","CALZADA":"ÚNICA","tmda":194.0},"geometry":{"type":"LineString","coordinates":[[-69.97772,-18.40528],[-69.9764,-18.40347]]}},{"id":"11950","type":"Feature","properties":{"ROL":"A-115","NOMBRE_CAMINO":"Cruce A-93 (Guañaquilca) - Cruce A-129 (Cosapilla)","CLASIFICACION":"Camino Regional Comunal","CALZADA":"ÚNICA","tmda":null},"geometry":{"type":"LineString","coordinates":[[-69.41083,-17.71971],[-69.41037,-17.7237],[-69.41488,-17.73661],[-69.41386,-17.75096],[-69.41,-17.75805],[-69.41206,-17.7671]]}},{"id":"11951","type":"Feature","properties":{"ROL":"A-319","NOMBRE_CAMINO":"Cruce A-31 - Parcohaylla - Cruce A-95 (Salar de Surire)","CLASIFICACION":"Camino Regional Provincial","CALZADA":"ÚNICA","tmda":null},"geometry":{"type":"LineString","coordinates":[[-69.53049,-18.65241],[-69.51533,-18.65132],[-69.505,-18.65253],[-69.49861,-18.6485],[-69.49743,-18.64606],[-69.49588,-18.64679],[-69.4965,-18.65096],[-69.49284,-18.64712],[-69.48707,-18.65069],[-69.48162,-18.64901],[-69.47529,-18.64904],[-69.46048,-18.65695],[-69.45543,-18.65778],[-69.44686,-18.66442],[-69.42789,-18.67129],[-69.4238,-18.67595]]}},{"id":"11952","type":"Feature","properties":{"ROL":"A-137","NOMBRE_CAMINO":"Cruce A-133 - Azapa - Asentamiento Surire","CLASIFICACION":"Camino Regional Comunal","CALZADA":"ÚNICA","tmda":381.0},"geometry":{"type":"LineString","coordinates":[[-70.20268,-18.51932],[-70.2029,-18.52104],[-70.19946,-18.52317],[-70.18348,-18.52363],[-70.17554,-18.53173],[-70.1752,-18.53359],[-70.17241,-18.53337],[-70.16756,-18.53641],[-70.16624,-18.53609],[-70.16136,-18.53939],[-70.15999,-18.54249],[-70.15805,-18.54099],[-70.15644,-18.54327],[-70.1546,-18.54181],[-70.14688,-18.54569],[-70.14184,-18.55095],[-70.13781,-18.55257],[-70.13361,-18.55627],[-70.13254,-18.55622],[-70.13244,-18.55473],[-70.12896,-18.55655],[-70.12741,-18.55612],[-70.12528,-18.5587],[-70.11082,-18.56637],[-70.10761,-18.56657],[-70.10541,-18.56519],[-70.10368,-18.5688],[-70.09972,-18.56986],[-70.09805,-18.57188],[-70.0911,-18.57263],[-70.08616,-18.57462],[-70.08162,-18.57333],[-70.07526,-18.57454],[-70.07395,-18.57654],[-70.06542,-18.57827],[-70.06441,-18.57701],[-70.06154,-18.57765],[-70.05086,-18.58181],[-70.0429,-18.58657],[-70.02737,-18.58599],[-70.01745,-18.58704],[-70.00789,-18.58573],[-69.99973,-18.5866],[-69.9993,-18.58442],[-69.98691,-18.5825],[-69.98522,-18.58113],[-69.97486,-18.58158],[-69.96728,-18.57962],[-69.96183,-18.58126],[-69.95435,-18.58054],[-69.93865,-18.58466]]}},{"id":"11953","type":"Feature","properties":{"ROL":"A-315","NOMBRE_CAMINO":"Cruce A-35 (Codpa) - Guañacagua - Chitita","CLASIFICACION":"Camino Regional de Acceso","CALZADA":"ÚNICA","tmda":null},"geometry":{"type":"LineString","coordinates":[[-69.74439,-18.83241],[-69.74328,-18.82996],[-69.73173,-18.82316],[-69.7227,-18.82279],[-69.71347,-18.81769],[-69.70911,-18.81862],[-69.70729,-18.82229],[-69.70084,-18.82251],[-69.69774,-18.82466],[-69.69357,-18.82391],[-69.6865,-18.82801],[-69.6829,-18.82681],[-69.67274,-18.82872],[-69.66955,-18.82798]]}},{"id":"11954","type":"Feature","properties":{"ROL":"A-123","NOMBRE_CAMINO":"Cruce A-23 - Cruce A-127 (Colpitas)","CLASIFICACION":"Camino Regional Comunal","CALZADA":"ÚNICA","tmda":null},"geometry":{"type":"LineString","coordinates":[[-69.44791,-17.98169],[-69.44612,-17.98136],[-69.44487,-17.97933],[-69.44856,-17.97913],[-69.4511,-17.97167],[-69.45333,-17.97036],[-69.45502,-17.95748],[-69.454,-17.95452]]}},{"id":"11955","type":"Feature","properties":{"ROL":"A-155","NOMBRE_CAMINO":"Cruce A-93 (Alto Berenguela) - Cruce A-123","CLASIFICACION":"Camino Regional Comunal","CALZADA":"ÚNICA","tmda":null},"geometry":{"type":"LineString","coordinates":[[-69.29376,-18.14504],[-69.2955,-18.14453],[-69.30359,-18.14725],[-69.31009,-18.143],[-69.32282,-18.13322],[-69.32443,-18.11837],[-69.33237,-18.11518],[-69.33278,-18.11343],[-69.33868,-18.11231],[-69.34356,-18.10866],[-69.3448,-18.1058],[-69.34054,-18.09846],[-69.34344,-18.0952],[-69.34455,-18.09104],[-69.34336,-18.08315],[-69.3485,-18.06635],[-69.35655,-18.06697],[-69.36404,-18.07026],[-69.36116,-18.06574],[-69.35724,-18.06322],[-69.35718,-18.06032],[-69.36291,-18.0595],[-69.36917,-18.06162],[-69.37426,-18.05926],[-69.38306,-18.06349],[-69.38382,-18.06207],[-69.3881,-18.06069],[-69.39135,-18.05679],[-69.39177,-18.05175],[-69.39567,-18.05185],[-69.4006,-18.0499],[-69.40167,-18.04572],[-69.41038,-18.03623],[-69.41115,-18.0332],[-69.41458,-18.03196],[-69.41653,-18.02224],[-69.42261,-18.0174],[-69.42602,-18.01221],[-69.43022,-18.01204],[-69.43994,-18.00789],[-69.45659,-17.99116],[-69.46133,-17.98431]]}},{"id":"11956","type":"Feature","properties":{"ROL":"A-31","NOMBRE_CAMINO":"Cruce Ruta 5 (Presencias Tutelares) - Ticnamar - Cruce Ruta 11 CH (Zapahuira)","CLASIFICACION":"Camino Regional Principal","CALZADA":"ÚNICA","tmda":133.0},"geometry":{"type":"LineString","coordinates":[[-70.25797,-18.63132],[-70.2395,-18.6345]]}},{"id":"11957","type":"Feature","properties":{"ROL":"A-141","NOMBRE_CAMINO":"Cruce Ruta 11 CH - Copaquilla","CLASIFICACION":"Camino Regional de Acceso","CALZADA":"ÚNICA","tmda":null},"geometry":{"type":"LineString","coordinates":[[-69.64849,-18.40094],[-69.64648,-18.39821],[-69.64599,-18.39936],[-69.64372,-18.39955],[-69.64307,-18.4043],[-69.64242,-18.40557],[-69.64053,-18.40538],[-69.64061,-18.40643],[-69.63787,-18.40573],[-69.63893,-18.40505],[-69.63835,-18.40293],[-69.63539,-18.40367],[-69.63481,-18.40098],[-69.63245,-18.39863],[-69.63438,-18.39907],[-69.6331,-18.39792],[-69.63072,-18.39724],[-69.62817,-18.40082]]}},{"id":"11958","type":"Feature","properties":{"ROL":"A-163","NOMBRE_CAMINO":"Cruce A-27 (Punta Cabuza) - Cruce A-137","CLASIFICACION":"Camino Regional Comunal","CALZADA":"ÚNICA","tmda":null},"geometry":{"type":"LineString","coordinates":[[-70.10225,-18.55967],[-70.10389,-18.56677]]}},{"id":"11959","type":"Feature","properties":{"ROL":"A-302","NOMBRE_CAMINO":"Cruce Ruta 5 (Acceso Chaca) - Caleta Vítor","CLASIFICACION":"Camino Regional de Acceso","CALZADA":"ÚNICA","tmda":200.0},"geometry":{"type":"LineString","coordinates":[[-70.17454,-18.79751],[-70.17833,-18.79343],[-70.18684,-18.78856],[-70.18873,-18.78582],[-70.19515,-18.78423],[-70.20194,-18.78428],[-70.22265,-18.77451],[-70.23091,-18.77328]]}},{"id":"11960","type":"Feature","properties":{"ROL":"A-157","NOMBRE_CAMINO":"Cruce A-133 - Las Llosyas","CLASIFICACION":"Camino Regional de Acceso","CALZADA":"ÚNICA","tmda":null},"geometry":{"type":"LineString","coordinates":[[-70.21917,-18.51683],[-70.21675,-18.51893],[-70.22088,-18.52039],[-70.21899,-18.52565],[-70.20535,-18.53475],[-70.19547,-18.54505],[-70.18928,-18.5547]]}},{"id":"11961","type":"Feature","properties":{"ROL":"A-345","NOMBRE_CAMINO":"Cruce Ruta 5 - Camarones - Cruce A-331 (Pachica)","CLASIFICACION":"Camino Regional Comunal","CALZADA":"ÚNICA","tmda":null},"geometry":{"type":"LineString","coordinates":[[-69.82621,-19.00198],[-69.81668,-19.00617],[-69.82807,-18.99104],[-69.82157,-18.99464],[-69.83118,-18.98545],[-69.82121,-18.9899],[-69.80296,-19.00622],[-69.80082,-19.00492],[-69.79801,-18.99944],[-69.79555,-18.99828],[-69.79578,-18.99577],[-69.7874,-18.99641],[-69.7895,-18.99423],[-69.78472,-18.99297],[-69.78237,-18.99025],[-69.77971,-18.99129],[-69.78063,-18.99206],[-69.78213,-18.9909],[-69.7829,-18.99451],[-69.78492,-18.99454],[-69.78413,-18.99676],[-69.78633,-19.00055],[-69.78309,-18.99595],[-69.78376,-18.99887],[-69.77904,-18.99514],[-69.78099,-18.99819],[-69.7719,-18.9911],[-69.76263,-18.98821],[-69.75588,-18.98802],[-69.74757,-18.98524],[-69.73745,-18.98382],[-69.71283,-18.97293],[-69.71147,-18.97343],[-69.71168,-18.97486],[-69.70905,-18.97396],[-69.7042,-18.97043],[-69.704,-18.96846],[-69.70247,-18.96756],[-69.69369,-18.96855]]}},{"id":"11962","type":"Feature","properties":{"ROL":"A-323","NOMBRE_CAMINO":"Cruce A-331 - Saguara","CLASIFICACION":"Camino Regional Comunal","CALZADA":"ÚNICA","tmda":null},"geometry":{"type":"LineString","coordinates":[[-69.62232,-18.90994],[-69.61804,-18.9087],[-69.6163,-18.9054],[-69.60872,-18.90462],[-69.6065,-18.90581],[-69.6026,-18.90451],[-69.60011,-18.90508],[-69.59918,-18.90401],[-69.59742,-18.90547],[-69.59498,-18.90472],[-69.59096,-18.90624],[-69.58697,-18.90423],[-69.5858,-18.90533],[-69.5651,-18.90558],[-69.56059,-18.90318],[-69.56074,-18.90589],[-69.55887,-18.90427],[-69.55761,-18.90496],[-69.55459,-18.90365],[-69.55214,-18.90664],[-69.56051,-18.90974],[-69.54991,-18.91226],[-69.53962,-18.90916],[-69.51958,-18.90576],[-69.51676,-18.90328],[-69.50231,-18.89807]]}},{"id":"11963","type":"Feature","properties":{"ROL":"A-119","NOMBRE_CAMINO":"Cruce A-159 (Caquena) - Casiri","CLASIFICACION":"Camino Regional de Acceso","CALZADA":"ÚNICA","tmda":null},"geometry":{"type":"LineString","coordinates":[[-69.20288,-18.05474],[-69.19985,-18.05485],[-69.19674,-18.05785],[-69.19495,-18.06395],[-69.19269,-18.06529],[-69.18668,-18.06432],[-69.1809,-18.06869],[-69.1741,-18.06634],[-69.16492,-18.06644],[-69.15252,-18.07145],[-69.14846,-18.07477],[-69.12992,-18.0788],[-69.12699,-18.08293],[-69.11838,-18.08473],[-69.11954,-18.08735],[-69.11782,-18.08844],[-69.11372,-18.08239],[-69.10833,-18.07875],[-69.08405,-18.072],[-69.07866,-18.06842]]}},{"id":"11964","type":"Feature","properties":{"ROL":"A-105","NOMBRE_CAMINO":"Cruce Ruta 11 CH (Poconchile) - Linderos","CLASIFICACION":"Camino Regional de Acceso","CALZADA":"ÚNICA","tmda":null},"geometry":{"type":"LineString","coordinates":[[-70.05691,-18.45081],[-70.05651,-18.44713],[-70.04645,-18.42676]]}},{"id":"11965","type":"Feature","properties":{"ROL":"A-31","NOMBRE_CAMINO":"Cruce Ruta 5 (Presencias Tutelares) - Ticnamar - Cruce Ruta 11 CH (Zapahuira)","CLASIFICACION":"Camino Regional Principal","CALZADA":"ÚNICA","tmda":178.0},"geometry":{"type":"LineString","coordinates":[[-69.54132,-18.39894],[-69.5417,-18.39404],[-69.53979,-18.39246],[-69.5404,-18.39099],[-69.54165,-18.39117],[-69.54367,-18.38633],[-69.54972,-18.38491],[-69.54908,-18.38028],[-69.55049,-18.3798],[-69.55366,-18.37452],[-69.5488,-18.37205],[-69.55097,-18.37268],[-69.55671,-18.37073],[-69.5546,-18.36783],[-69.55521,-18.37024],[-69.55354,-18.3684],[-69.5536,-18.36311],[-69.55572,-18.36417],[-69.55655,-18.36335],[-69.55513,-18.36046],[-69.55575,-18.35781],[-69.55267,-18.35498],[-69.5483,-18.35661],[-69.54749,-18.35345],[-69.54781,-18.35111],[-69.54932,-18.35241],[-69.55095,-18.35138],[-69.55221,-18.34877],[-69.55156,-18.34603],[-69.5545,-18.34737],[-69.55817,-18.34493],[-69.56255,-18.34425],[-69.56333,-18.34021],[-69.56565,-18.3407],[-69.56749,-18.33841],[-69.57074,-18.33873],[-69.57219,-18.34097],[-69.57161,-18.33804],[-69.57224,-18.3397],[-69.57571,-18.34025],[-69.58288,-18.33679],[-69.5885,-18.33813]]}},{"id":"11966","type":"Feature","properties":{"ROL":"A-31","NOMBRE_CAMINO":"Cruce Ruta 5 (Presencias Tutelares) - Ticnamar - Cruce Ruta 11 CH (Zapahuira)","CLASIFICACION":"Camino Regional Principal","CALZADA":"ÚNICA","tmda":133.0},"geometry":{"type":"LineString","coordinates":[[-70.2395,-18.6345],[-70.2353,-18.63465],[-70.22412,-18.64221],[-70.21854,-18.64736],[-70.20846,-18.66054],[-70.19441,-18.66938],[-70.16402,-18.69613],[-70.15929,-18.69908],[-70.13705,-18.7068],[-70.06205,-18.72578]]}},{"id":"11967","type":"Feature","properties":{"ROL":"A-35","NOMBRE_CAMINO":"Cruce Ruta 5 - Codpa - Timar - Cruce A-31","CLASIFICACION":"Camino Regional Principal","CALZADA":"U","tmda":null},"geometry":{"type":"LineString","coordinates":[[-69.75107,-18.83104],[-69.75481,-18.83173],[-69.75796,-18.83414],[-69.76438,-18.8328],[-69.7704,-18.83586],[-69.77388,-18.83339],[-69.7798,-18.8324],[-69.78169,-18.83089],[-69.77877,-18.82801],[-69.77093,-18.8262],[-69.75853,-18.82064],[-69.75717,-18.81599],[-69.75546,-18.81594],[-69.75338,-18.8127],[-69.75389,-18.81082],[-69.75607,-18.81089],[-69.75719,-18.80907],[-69.75297,-18.80461],[-69.74753,-18.80476],[-69.73809,-18.80272],[-69.7301,-18.79848],[-69.72783,-18.79475],[-69.71889,-18.79118],[-69.71174,-18.79177],[-69.69742,-18.78454],[-69.6936,-18.77855],[-69.69612,-18.76747],[-69.69911,-18.7643],[-69.69825,-18.76302],[-69.69945,-18.76161],[-69.69917,-18.75868]]}},{"id":"11968","type":"Feature","properties":{"ROL":"A-211","NOMBRE_CAMINO":"Cruce Ruta 11 CH (Chucuyo) - Cruce A-235 (Canal Lauca)","CLASIFICACION":"Camino Regional Comunal","CALZADA":"ÚNICA","tmda":null},"geometry":{"type":"LineString","coordinates":[[-69.35119,-18.26339],[-69.35704,-18.27085]]}},{"id":"11969","type":"Feature","properties":{"ROL":"A-211","NOMBRE_CAMINO":"Cruce Ruta 11 CH (Chucuyo) - Cruce A-235 (Canal Lauca)","CLASIFICACION":"Camino Regional Comunal","CALZADA":"ÚNICA","tmda":null},"geometry":{"type":"LineString","coordinates":[[-69.35704,-18.27085],[-69.36726,-18.30003],[-69.37339,-18.31163]]}},{"id":"11970","type":"Feature","properties":{"ROL":"A-321","NOMBRE_CAMINO":"Cruce A-35 (Codpa) - Marquirabe - Cruce A- 315 (Guatanave)","CLASIFICACION":"Camino Regional Comunal","CALZADA":"ÚNICA","tmda":null},"geometry":{"type":"LineString","coordinates":[[-69.7423,-18.83231],[-69.74226,-18.83068],[-69.73039,-18.82432],[-69.72124,-18.82544],[-69.72135,-18.82399],[-69.71508,-18.81931],[-69.71311,-18.81892],[-69.70811,-18.82126]]}},{"id":"11971","type":"Feature","properties":{"ROL":"A-235","NOMBRE_CAMINO":"Cruce Ruta 11 CH (Las Cuevas) - Cruce A-95","CLASIFICACION":"Camino Regional Provincial","CALZADA":"ÚNICA","tmda":149.0},"geometry":{"type":"LineString","coordinates":[[-69.37714,-18.29189],[-69.37973,-18.29915],[-69.37322,-18.31228],[-69.37387,-18.31494],[-69.36991,-18.34681],[-69.37054,-18.35284],[-69.36888,-18.35812],[-69.36463,-18.36226],[-69.36396,-18.36459]]}},{"id":"11972","type":"Feature","properties":{"ROL":"A-145","NOMBRE_CAMINO":"Cruce Ruta 11 CH -  Pampa Campanani","CLASIFICACION":"Camino Regional de Acceso","CALZADA":"U","tmda":null},"geometry":{"type":"LineString","coordinates":[[-69.64498,-18.3932],[-69.64591,-18.39433],[-69.64984,-18.39054],[-69.65995,-18.38527],[-69.65986,-18.38183],[-69.66113,-18.37985],[-69.67397,-18.37968],[-69.67184,-18.37734],[-69.67337,-18.37569],[-69.68863,-18.37764],[-69.68744,-18.37378],[-69.69012,-18.37087],[-69.68819,-18.36184],[-69.68919,-18.35598],[-69.69312,-18.35195],[-69.69329,-18.34997],[-69.69734,-18.34654],[-69.69969,-18.34142],[-69.69774,-18.33538],[-69.70067,-18.32607],[-69.69752,-18.32305],[-69.69955,-18.31652],[-69.69753,-18.31334]]}},{"id":"11973","type":"Feature","properties":{"ROL":"A-129","NOMBRE_CAMINO":"Cruce A-93 (Guacoyo) - Cosapilla - Suriplaza - Cruce A-127 (Tiacolpa)","CLASIFICACION":"Camino Regional Comunal","CALZADA":"U","tmda":null},"geometry":{"type":"LineString","coordinates":[[-69.42638,-17.80571],[-69.42835,-17.81073],[-69.43394,-17.81315],[-69.43563,-17.82647],[-69.43838,-17.8292],[-69.44144,-17.83578],[-69.44612,-17.83985],[-69.45117,-17.83785],[-69.46145,-17.84701],[-69.46814,-17.86917],[-69.46763,-17.87123],[-69.46941,-17.87094],[-69.46831,-17.87265],[-69.46999,-17.87239],[-69.46506,-17.87881],[-69.46696,-17.8796],[-69.46437,-17.88989],[-69.46583,-17.89899],[-69.46396,-17.91295],[-69.46614,-17.92018],[-69.46606,-17.93218],[-69.46988,-17.94333],[-69.46913,-17.95104]]}},{"id":"11974","type":"Feature","properties":{"ROL":"A-245","NOMBRE_CAMINO":"Cruce A-95 (Vislubio) - Chua - Cruce A-235 (Misitune)","CLASIFICACION":"Camino Regional Comunal","CALZADA":"ÚNICA","tmda":null},"geometry":{"type":"LineString","coordinates":[[-69.15749,-18.5536],[-69.15911,-18.56155],[-69.16583,-18.55996],[-69.17345,-18.55566],[-69.17487,-18.55724],[-69.18079,-18.55848],[-69.18584,-18.56155],[-69.20621,-18.55916],[-69.20958,-18.55762],[-69.21434,-18.55119],[-69.21486,-18.54551],[-69.21783,-18.54244],[-69.22107,-18.53444],[-69.21994,-18.52353],[-69.22195,-18.52031],[-69.22618,-18.51748],[-69.22738,-18.51526],[-69.22982,-18.51486],[-69.23387,-18.50768],[-69.2384,-18.50696],[-69.24292,-18.50273],[-69.24752,-18.50042],[-69.24851,-18.48475],[-69.24734,-18.47641],[-69.25219,-18.47655],[-69.2564,-18.47975],[-69.26152,-18.4794],[-69.2645,-18.47768],[-69.27197,-18.47791],[-69.27298,-18.47643],[-69.27557,-18.47753],[-69.27507,-18.47626],[-69.27703,-18.47584],[-69.28723,-18.4786],[-69.28826,-18.46924],[-69.29101,-18.46619],[-69.29475,-18.46518],[-69.29837,-18.46029],[-69.29797,-18.45578],[-69.29444,-18.45181],[-69.30372,-18.44023],[-69.30549,-18.43462],[-69.32273,-18.42267],[-69.32262,-18.41755],[-69.32768,-18.4071],[-69.33157,-18.40408],[-69.33836,-18.40143],[-69.35101,-18.38244],[-69.34934,-18.38028],[-69.35845,-18.37506],[-69.35751,-18.37329],[-69.35866,-18.3712]]}},{"id":"11975","type":"Feature","properties":{"ROL":"A-245","NOMBRE_CAMINO":"Cruce A-95 (Vislubio) - Chua - Cruce A-235 (Misitune)","CLASIFICACION":"Camino Regional Comunal","CALZADA":"ÚNICA","tmda":null},"geometry":{"type":"LineString","coordinates":[[-69.35896,-18.37055],[-69.3596,-18.36965]]}},{"id":"11976","type":"Feature","properties":{"ROL":"A-245","NOMBRE_CAMINO":"Cruce A-95 (Vislubio) - Chua - Cruce A-235 (Misitune)","CLASIFICACION":"Camino Regional Comunal","CALZADA":"ÚNICA","tmda":null},"geometry":{"type":"LineString","coordinates":[[-69.35866,-18.3712],[-69.35896,-18.37055]]}},{"id":"11977","type":"Feature","properties":{"ROL":"A-35","NOMBRE_CAMINO":"Cruce Ruta 5 - Codpa - Timar - Cruce A-31","CLASIFICACION":"Camino Regional Principal","CALZADA":"U","tmda":null},"geometry":{"type":"LineString","coordinates":[[-69.74423,-18.83237],[-69.75107,-18.83104]]}},{"id":"11978","type":"Feature","properties":{"ROL":"A-35","NOMBRE_CAMINO":"Cruce Ruta 5 - Codpa - Timar - Cruce A-31","CLASIFICACION":"Camino Regional Principal","CALZADA":"U","tmda":null},"geometry":{"type":"LineString","coordinates":[[-69.69917,-18.75868],[-69.70261,-18.75141],[-69.69887,-18.74984],[-69.69269,-18.75111],[-69.69591,-18.75011],[-69.69832,-18.74763]]}}]}