{"type":"FeatureCollection","features":[{"id":"475","type":"Feature","properties":{"ROL":"N-48-O","NOMBRE_CAMINO":"Cruce Ruta 5 (Bulnes) - Cruce Ruta 146, Sector: Bulnes - Límite Regional (Puente Queime)","CLASIFICACION":"Camino Regional Principal","CALZADA":"U"},"geometry":{"type":"LineString","coordinates":[[-72.29572,-36.75715],[-72.2979,-36.75535],[-72.30482,-36.75399]]}},{"id":"476","type":"Feature","properties":{"ROL":"N-48-O","NOMBRE_CAMINO":"Cruce Ruta 5 (Bulnes) - Cruce Ruta 146, Sector: Bulnes - Límite Regional (Puente Queime)","CLASIFICACION":"Camino Regional Principal","CALZADA":"U"},"geometry":{"type":"LineString","coordinates":[[-72.30482,-36.75399],[-72.31027,-36.75288]]}},{"id":"477","type":"Feature","properties":{"ROL":"N-48-O","NOMBRE_CAMINO":"Cruce Ruta 5 (Bulnes) - Cruce Ruta 146, Sector: Bulnes - Límite Regional (Puente Queime)","CLASIFICACION":"Camino Regional Principal","CALZADA":"D"},"geometry":{"type":"LineString","coordinates":[[-72.31027,-36.75288],[-72.31643,-36.75201]]}},{"id":"478","type":"Feature","properties":{"ROL":"N-48-O","NOMBRE_CAMINO":"Cruce Ruta 5 (Bulnes) - Cruce Ruta 146, Sector: Bulnes - Límite Regional (Puente Queime)","CLASIFICACION":"Camino Regional Principal","CALZADA":"U"},"geometry":{"type":"LineString","coordinates":[[-72.31643,-36.75201],[-72.3209,-36.75178],[-72.32957,-36.75592],[-72.34404,-36.75852],[-72.36796,-36.75181],[-72.41185,-36.75915],[-72.41947,-36.757],[-72.44122,-36.7422],[-72.45032,-36.73797],[-72.46939,-36.74279],[-72.48289,-36.73877],[-72.49599,-36.74012],[-72.52099,-36.74947],[-72.52561,-36.75259],[-72.53256,-36.75152],[-72.56392,-36.75878],[-72.58765,-36.75058]]}},{"id":"479","type":"Feature","properties":{"ROL":"N-49","NOMBRE_CAMINO":"Chillán (Cruce Av. Ecuador/Av. Argentina) - Cruce N-447 (Coihueco, Plaza de Armas)","CLASIFICACION":"Camino Regional Principal","CALZADA":"U"},"geometry":{"type":"LineString","coordinates":[[-72.09058,-36.6022],[-72.08592,-36.59417]]}},{"id":"480","type":"Feature","properties":{"ROL":"N-49","NOMBRE_CAMINO":"Chillán (Cruce Av. Ecuador/Av. Argentina) - Cruce N-447 (Coihueco, Plaza de Armas)","CLASIFICACION":"Camino Regional Principal","CALZADA":"U"},"geometry":{"type":"LineString","coordinates":[[-72.08092,-36.58888],[-72.06893,-36.59046],[-72.04452,-36.58842],[-72.02636,-36.59051],[-71.98919,-36.59949],[-71.95495,-36.60461],[-71.94536,-36.60347],[-71.93295,-36.60893],[-71.92342,-36.6109],[-71.90972,-36.61258],[-71.89945,-36.61036],[-71.87378,-36.62147],[-71.85235,-36.62372],[-71.84071,-36.62767],[-71.831,-36.6285]]}},{"id":"481","type":"Feature","properties":{"ROL":"N-547","NOMBRE_CAMINO":"Cruce N-55 (Pinto) - Cruce N-545 (Estación Pinto)","CLASIFICACION":"Camino Regional Comunal","CALZADA":"D"},"geometry":{"type":"LineString","coordinates":[[-71.89498,-36.69958],[-71.89485,-36.69921]]}},{"id":"482","type":"Feature","properties":{"ROL":"N-547","NOMBRE_CAMINO":"Cruce N-55 (Pinto) - Cruce N-545 (Estación Pinto)","CLASIFICACION":"Camino Regional Comunal","CALZADA":"U"},"geometry":{"type":"LineString","coordinates":[[-71.89485,-36.69921],[-71.88864,-36.6879]]}},{"id":"483","type":"Feature","properties":{"ROL":"N-97-Q","NOMBRE_CAMINO":"Cruce Ruta 5 (Cabrero) - Cholguán - Cruce N-59-Q (Yungay), Sector: Límite Regional - Yungay","CLASIFICACION":"Camino Regional Principal","CALZADA":"U"},"geometry":{"type":"LineString","coordinates":[[-72.26447,-37.11324],[-72.21917,-37.12574]]}},{"id":"484","type":"Feature","properties":{"ROL":"N-97-Q","NOMBRE_CAMINO":"Cruce Ruta 5 (Cabrero) - Cholguán - Cruce N-59-Q (Yungay), Sector: Límite Regional - Yungay","CLASIFICACION":"Camino Regional Principal","CALZADA":"D"},"geometry":{"type":"LineString","coordinates":[[-72.21917,-37.12574],[-72.21231,-37.12761]]}},{"id":"485","type":"Feature","properties":{"ROL":"N-97-Q","NOMBRE_CAMINO":"Cruce Ruta 5 (Cabrero) - Cholguán - Cruce N-59-Q (Yungay), Sector: Límite Regional - Yungay","CLASIFICACION":"Camino Regional Principal","CALZADA":"U"},"geometry":{"type":"LineString","coordinates":[[-72.21231,-37.12761],[-72.21187,-37.12773]]}},{"id":"486","type":"Feature","properties":{"ROL":"N-97-Q","NOMBRE_CAMINO":"Cruce Ruta 5 (Cabrero) - Cholguán - Cruce N-59-Q (Yungay), Sector: Límite Regional - Yungay","CLASIFICACION":"Camino Regional Principal","CALZADA":"U"},"geometry":{"type":"LineString","coordinates":[[-72.20496,-37.13182],[-72.18858,-37.13659],[-72.18142,-37.13731]]}},{"id":"487","type":"Feature","properties":{"ROL":"N-97-Q","NOMBRE_CAMINO":"Cruce Ruta 5 (Cabrero) - Cholguán - Cruce N-59-Q (Yungay), Sector: Límite Regional - Yungay","CLASIFICACION":"Camino Regional Principal","CALZADA":"D"},"geometry":{"type":"LineString","coordinates":[[-72.18142,-37.13731],[-72.16862,-37.13941]]}},{"id":"488","type":"Feature","properties":{"ROL":"N-97-Q","NOMBRE_CAMINO":"Cruce Ruta 5 (Cabrero) - Cholguán - Cruce N-59-Q (Yungay), Sector: Límite Regional - Yungay","CLASIFICACION":"Camino Regional Principal","CALZADA":"U"},"geometry":{"type":"LineString","coordinates":[[-72.16862,-37.13941],[-72.08813,-37.16094]]}},{"id":"489","type":"Feature","properties":{"ROL":"N-97-Q","NOMBRE_CAMINO":"Cruce Ruta 5 (Cabrero) - Cholguán - Cruce N-59-Q (Yungay), Sector: Límite Regional - Yungay","CLASIFICACION":"Camino Regional Principal","CALZADA":"U"},"geometry":{"type":"LineString","coordinates":[[-72.07364,-37.16564],[-72.07313,-37.16573]]}},{"id":"490","type":"Feature","properties":{"ROL":"N-97-Q","NOMBRE_CAMINO":"Cruce Ruta 5 (Cabrero) - Cholguán - Cruce N-59-Q (Yungay), Sector: Límite Regional - Yungay","CLASIFICACION":"Camino Regional Principal","CALZADA":"D"},"geometry":{"type":"LineString","coordinates":[[-72.08813,-37.16094],[-72.07849,-37.16412]]}},{"id":"491","type":"Feature","properties":{"ROL":"N-97-Q","NOMBRE_CAMINO":"Cruce Ruta 5 (Cabrero) - Cholguán - Cruce N-59-Q (Yungay), Sector: Límite Regional - Yungay","CLASIFICACION":"Camino Regional Principal","CALZADA":"D"},"geometry":{"type":"LineString","coordinates":[[-72.07798,-37.16441],[-72.07364,-37.16564]]}},{"id":"492","type":"Feature","properties":{"ROL":"N-97-Q","NOMBRE_CAMINO":"Cruce Ruta 5 (Cabrero) - Cholguán - Cruce N-59-Q (Yungay), Sector: Límite Regional - Yungay","CLASIFICACION":"Camino Regional Principal","CALZADA":"U"},"geometry":{"type":"LineString","coordinates":[[-72.07313,-37.16573],[-72.07296,-37.16573]]}},{"id":"493","type":"Feature","properties":{"ROL":"N-97-Q","NOMBRE_CAMINO":"Cruce Ruta 5 (Cabrero) - Cholguán - Cruce N-59-Q (Yungay), Sector: Límite Regional - Yungay","CLASIFICACION":"Camino Regional Principal","CALZADA":"U"},"geometry":{"type":"LineString","coordinates":[[-72.07227,-37.16533],[-72.06852,-37.155],[-72.04925,-37.13951],[-72.0313,-37.12249],[-72.02866,-37.12136],[-72.01318,-37.12134]]}},{"id":"494","type":"Feature","properties":{"ROL":"N-48-O","NOMBRE_CAMINO":"Cruce Ruta 5 (Bulnes) - Cruce Ruta 146, Sector: Bulnes - Límite Regional (Puente Queime)","CLASIFICACION":"Camino Regional Principal","CALZADA":"I"},"geometry":{"type":"LineString","coordinates":[[-72.31026,-36.75288],[-72.31643,-36.75201]]}},{"id":"495","type":"Feature","properties":{"ROL":"N-49","NOMBRE_CAMINO":"Chillán (Cruce Av. Ecuador/Av. Argentina) - Cruce N-447 (Coihueco, Plaza de Armas)","CLASIFICACION":"Camino Regional Principal","CALZADA":"I"},"geometry":{"type":"LineString","coordinates":[[-72.08592,-36.59417],[-72.08348,-36.59009],[-72.08092,-36.58888]]}},{"id":"496","type":"Feature","properties":{"ROL":"N-547","NOMBRE_CAMINO":"Cruce N-55 (Pinto) - Cruce N-545 (Estación Pinto)","CLASIFICACION":"Camino Regional Comunal","CALZADA":"I"},"geometry":{"type":"LineString","coordinates":[[-71.89506,-36.69941],[-71.89485,-36.69921]]}},{"id":"497","type":"Feature","properties":{"ROL":"N-97-Q","NOMBRE_CAMINO":"Cruce Ruta 5 (Cabrero) - Cholguán - Cruce N-59-Q (Yungay), Sector: Límite Regional - Yungay","CLASIFICACION":"Camino Regional Principal","CALZADA":"I"},"geometry":{"type":"LineString","coordinates":[[-72.07296,-37.16573],[-72.07227,-37.16534]]}},{"id":"498","type":"Feature","properties":{"ROL":"N-97-Q","NOMBRE_CAMINO":"Cruce Ruta 5 (Cabrero) - Cholguán - Cruce N-59-Q (Yungay), Sector: Límite Regional - Yungay","CLASIFICACION":"Camino Regional Principal","CALZADA":"I"},"geometry":{"type":"LineString","coordinates":[[-72.21917,-37.12574],[-72.21231,-37.12761]]}},{"id":"499","type":"Feature","properties":{"ROL":"N-97-Q","NOMBRE_CAMINO":"Cruce Ruta 5 (Cabrero) - Cholguán - Cruce N-59-Q (Yungay), Sector: Límite Regional - Yungay","CLASIFICACION":"Camino Regional Principal","CALZADA":"I"},"geometry":{"type":"LineString","coordinates":[[-72.21186,-37.12773],[-72.20496,-37.13182]]}},{"id":"500","type":"Feature","properties":{"ROL":"N-97-Q","NOMBRE_CAMINO":"Cruce Ruta 5 (Cabrero) - Cholguán - Cruce N-59-Q (Yungay), Sector: Límite Regional - Yungay","CLASIFICACION":"Camino Regional Principal","CALZADA":"I"},"geometry":{"type":"LineString","coordinates":[[-72.18143,-37.13731],[-72.16862,-37.13941]]}},{"id":"501","type":"Feature","properties":{"ROL":"N-97-Q","NOMBRE_CAMINO":"Cruce Ruta 5 (Cabrero) - Cholguán - Cruce N-59-Q (Yungay), Sector: Límite Regional - Yungay","CLASIFICACION":"Camino Regional Principal","CALZADA":"I"},"geometry":{"type":"LineString","coordinates":[[-72.08812,-37.16094],[-72.07849,-37.16412]]}},{"id":"502","type":"Feature","properties":{"ROL":"N-97-Q","NOMBRE_CAMINO":"Cruce Ruta 5 (Cabrero) - Cholguán - Cruce N-59-Q (Yungay), Sector: Límite Regional - Yungay","CLASIFICACION":"Camino Regional Principal","CALZADA":"I"},"geometry":{"type":"LineString","coordinates":[[-72.07798,-37.16441],[-72.07364,-37.16564]]}},{"id":"503","type":"Feature","properties":{"ROL":"Ruta 152","NOMBRE_CAMINO":"Acceso Norte a Concepción, Sector: Ruta 5 (Paso Superior) - Límite Regional (El Milagro)","CLASIFICACION":"Camino Nacional","CALZADA":"D"},"geometry":{"type":"LineString","coordinates":[[-72.23113,-36.65524],[-72.2384,-36.65382],[-72.26026,-36.6608],[-72.27453,-36.65862],[-72.32654,-36.65878],[-72.34183,-36.65329],[-72.35085,-36.6549],[-72.3917,-36.65552],[-72.40046,-36.65284],[-72.42554,-36.65262],[-72.43845,-36.65668],[-72.44717,-36.656],[-72.45585,-36.65867],[-72.49449,-36.66507],[-72.49892,-36.669],[-72.51469,-36.67836],[-72.54918,-36.69293],[-72.56744,-36.69801],[-72.60167,-36.69446],[-72.6214,-36.69653]]}},{"id":"504","type":"Feature","properties":{"ROL":"Ruta 152","NOMBRE_CAMINO":"Acceso Norte a Concepción, Sector: Ruta 5 (Paso Superior) - Límite Regional (El Milagro)","CLASIFICACION":"Camino Nacional","CALZADA":"I"},"geometry":{"type":"LineString","coordinates":[[-72.23124,-36.65531],[-72.23814,-36.65389],[-72.26021,-36.6609],[-72.27475,-36.65872],[-72.32658,-36.65887],[-72.34175,-36.65341],[-72.35125,-36.65502],[-72.39177,-36.65562],[-72.40051,-36.65294],[-72.42547,-36.65272],[-72.43824,-36.65676],[-72.44702,-36.6561],[-72.45608,-36.65884],[-72.49453,-36.66524],[-72.49875,-36.66903],[-72.51442,-36.67837],[-72.54927,-36.6931],[-72.56772,-36.69819],[-72.60142,-36.6946],[-72.62144,-36.69664]]}},{"id":"505","type":"Feature","properties":{"ROL":"Ruta 5","NOMBRE_CAMINO":"Longitudinal Sur, Sector: Perquilauquén - Río Itata","CLASIFICACION":"Camino Nacional Longitudinal","CALZADA":"D"},"geometry":{"type":"LineString","coordinates":[[-71.8139,-36.25412],[-71.81533,-36.27347],[-71.84688,-36.3416],[-71.94181,-36.40187],[-71.9434,-36.4043],[-71.95127,-36.43318],[-71.98941,-36.45526],[-72.01645,-36.47916],[-72.03886,-36.50582],[-72.07363,-36.5296],[-72.09046,-36.54386],[-72.09552,-36.55639],[-72.10067,-36.56155],[-72.10579,-36.58133],[-72.10767,-36.58396],[-72.12293,-36.58926],[-72.15246,-36.61066],[-72.15452,-36.61316],[-72.1565,-36.61931],[-72.16372,-36.62602],[-72.20669,-36.63866],[-72.23995,-36.66149],[-72.25011,-36.67717],[-72.25281,-36.68536],[-72.26567,-36.7033],[-72.26917,-36.71242],[-72.27371,-36.71907],[-72.27413,-36.72409],[-72.28611,-36.74971],[-72.30425,-36.76353],[-72.32939,-36.80543],[-72.32987,-36.80877],[-72.32675,-36.83219],[-72.32153,-36.85802],[-72.34079,-36.90271],[-72.34979,-36.94507]]}},{"id":"506","type":"Feature","properties":{"ROL":"Ruta 5","NOMBRE_CAMINO":"Longitudinal Sur, Sector: Perquilauquén - Río Itata","CLASIFICACION":"Camino Nacional Longitudinal","CALZADA":"I"},"geometry":{"type":"LineString","coordinates":[[-71.81371,-36.25429],[-71.81523,-36.27372],[-71.84674,-36.34171],[-71.94176,-36.40204],[-71.95115,-36.43327],[-71.9891,-36.45524],[-72.01616,-36.47906],[-72.03879,-36.50598],[-72.07357,-36.52973],[-72.09022,-36.54386],[-72.09532,-36.55633],[-72.10049,-36.56149],[-72.10564,-36.58129],[-72.10763,-36.5841],[-72.12309,-36.58955],[-72.15245,-36.61085],[-72.15638,-36.61942],[-72.16368,-36.62617],[-72.20678,-36.63887],[-72.23969,-36.66147],[-72.24987,-36.67714],[-72.25265,-36.68546],[-72.26552,-36.70345],[-72.26905,-36.71262],[-72.27352,-36.71911],[-72.27397,-36.72407],[-72.28604,-36.74997],[-72.3041,-36.76363],[-72.32918,-36.80539],[-72.32969,-36.80893],[-72.3266,-36.83192],[-72.32131,-36.85784],[-72.34058,-36.90268],[-72.34958,-36.9451]]}},{"id":"507","type":"Feature","properties":{"ROL":"N-97-Q","NOMBRE_CAMINO":"Cruce Ruta 5 (Cabrero) - Cholguán - Cruce N-59-Q (Yungay), Sector: Límite Regional - Yungay","CLASIFICACION":"Camino Regional Principal","CALZADA":"D"},"geometry":{"type":"LineString","coordinates":[[-72.21187,-37.12773],[-72.20496,-37.13182]]}},{"id":"508","type":"Feature","properties":{"ROL":"N-97-Q","NOMBRE_CAMINO":"Cruce Ruta 5 (Cabrero) - Cholguán - Cruce N-59-Q (Yungay), Sector: Límite Regional - Yungay","CLASIFICACION":"Camino Regional Principal","CALZADA":"U"},"geometry":{"type":"LineString","coordinates":[[-72.07849,-37.16412],[-72.07798,-37.16441]]}},{"id":"509","type":"Feature","properties":{"ROL":"N-97-Q","NOMBRE_CAMINO":"Cruce Ruta 5 (Cabrero) - Cholguán - Cruce N-59-Q (Yungay), Sector: Límite Regional - Yungay","CLASIFICACION":"Camino Regional Principal","CALZADA":"D"},"geometry":{"type":"LineString","coordinates":[[-72.07296,-37.16573],[-72.07227,-37.16533]]}},{"id":"510","type":"Feature","properties":{"ROL":"N-49","NOMBRE_CAMINO":"Chillán (Cruce Av. Ecuador/Av. Argentina) - Cruce N-447 (Coihueco, Plaza de Armas)","CLASIFICACION":"Camino Regional Principal","CALZADA":"D"},"geometry":{"type":"LineString","coordinates":[[-72.08592,-36.59417],[-72.08348,-36.59024],[-72.08092,-36.58888]]}},{"id":"511","type":"Feature","properties":{"ROL":"Ruta 126 S","NOMBRE_CAMINO":"Ruta Los Conquistadores, Sector: Límite Regional (Puente La Raya) - Límite Regional (Rafael)","CLASIFICACION":"Camino Nacional","CALZADA":"U"},"geometry":{"type":"LineString","coordinates":[[-72.45506,-36.15005],[-72.45382,-36.1523],[-72.45474,-36.15635],[-72.45038,-36.16339],[-72.45189,-36.16726],[-72.45532,-36.16959],[-72.45749,-36.18039],[-72.45193,-36.1918],[-72.45271,-36.19411],[-72.46238,-36.19869],[-72.47568,-36.19966],[-72.49412,-36.2115],[-72.5116,-36.2114],[-72.52383,-36.2159],[-72.54098,-36.21744],[-72.54925,-36.22193],[-72.55053,-36.22871],[-72.54872,-36.23764],[-72.54794,-36.26651],[-72.54599,-36.27036],[-72.54098,-36.27552]]}},{"id":"512","type":"Feature","properties":{"ROL":"Ruta 126 S","NOMBRE_CAMINO":"Ruta Los Conquistadores, Sector: Límite Regional (Puente La Raya) - Límite Regional (Rafael)","CLASIFICACION":"Camino Nacional","CALZADA":"U"},"geometry":{"type":"LineString","coordinates":[[-72.75319,-36.5672],[-72.75818,-36.58401],[-72.76311,-36.58927],[-72.76159,-36.59806],[-72.76364,-36.60185],[-72.76437,-36.60817],[-72.76738,-36.61037],[-72.76763,-36.61323],[-72.77117,-36.6198],[-72.77358,-36.62246],[-72.77749,-36.62418]]}},{"id":"513","type":"Feature","properties":{"ROL":"Ruta 126 S","NOMBRE_CAMINO":"Ruta Los Conquistadores, Sector: Límite Regional (Puente La Raya) - Límite Regional (Rafael)","CLASIFICACION":"Camino Nacional","CALZADA":"D"},"geometry":{"type":"LineString","coordinates":[[-72.7535,-36.56231],[-72.75319,-36.5672]]}},{"id":"514","type":"Feature","properties":{"ROL":"Ruta 126 S","NOMBRE_CAMINO":"Ruta Los Conquistadores, Sector: Límite Regional (Puente La Raya) - Límite Regional (Rafael)","CLASIFICACION":"Camino Nacional","CALZADA":"U"},"geometry":{"type":"LineString","coordinates":[[-72.70749,-36.49454],[-72.70952,-36.49815],[-72.723,-36.51172],[-72.72998,-36.51429],[-72.73593,-36.52233],[-72.73616,-36.5255],[-72.74402,-36.53435],[-72.74611,-36.53962],[-72.74908,-36.54093],[-72.74976,-36.54439],[-72.74884,-36.54634],[-72.75292,-36.55347],[-72.75152,-36.55579],[-72.75287,-36.5577],[-72.75195,-36.5606],[-72.7535,-36.56231]]}},{"id":"515","type":"Feature","properties":{"ROL":"Ruta 126 S","NOMBRE_CAMINO":"Ruta Los Conquistadores, Sector: Límite Regional (Puente La Raya) - Límite Regional (Rafael)","CLASIFICACION":"Camino Nacional","CALZADA":"D"},"geometry":{"type":"LineString","coordinates":[[-72.7034,-36.48086],[-72.70395,-36.48272]]}},{"id":"516","type":"Feature","properties":{"ROL":"Ruta 126 S","NOMBRE_CAMINO":"Ruta Los Conquistadores, Sector: Límite Regional (Puente La Raya) - Límite Regional (Rafael)","CLASIFICACION":"Camino Nacional","CALZADA":"U"},"geometry":{"type":"LineString","coordinates":[[-72.70395,-36.48272],[-72.70637,-36.48829],[-72.70535,-36.48866]]}},{"id":"517","type":"Feature","properties":{"ROL":"Ruta 126 S","NOMBRE_CAMINO":"Ruta Los Conquistadores, Sector: Límite Regional (Puente La Raya) - Límite Regional (Rafael)","CLASIFICACION":"Camino Nacional","CALZADA":"D"},"geometry":{"type":"LineString","coordinates":[[-72.70535,-36.48866],[-72.70749,-36.49454]]}},{"id":"518","type":"Feature","properties":{"ROL":"Ruta 126 S","NOMBRE_CAMINO":"Ruta Los Conquistadores, Sector: Límite Regional (Puente La Raya) - Límite Regional (Rafael)","CLASIFICACION":"Camino Nacional","CALZADA":"U"},"geometry":{"type":"LineString","coordinates":[[-72.54649,-36.28564],[-72.54949,-36.29278],[-72.54867,-36.2969],[-72.54992,-36.30687],[-72.55829,-36.31246],[-72.55968,-36.31728],[-72.56292,-36.32044],[-72.56213,-36.32408],[-72.56326,-36.33124],[-72.56919,-36.33273],[-72.57096,-36.33572],[-72.5781,-36.33925],[-72.58033,-36.3438],[-72.59575,-36.35894],[-72.6015,-36.36227],[-72.61621,-36.36644],[-72.62127,-36.37099],[-72.63118,-36.3741],[-72.63851,-36.38061],[-72.64382,-36.38903],[-72.64399,-36.39499],[-72.64827,-36.40352],[-72.64348,-36.41082],[-72.64153,-36.4162],[-72.64262,-36.4186],[-72.64586,-36.42074],[-72.66246,-36.42396],[-72.66513,-36.4294],[-72.67175,-36.43316],[-72.68096,-36.43399],[-72.68832,-36.43792],[-72.68887,-36.45103],[-72.69182,-36.45977],[-72.68993,-36.46558],[-72.70274,-36.46905],[-72.70186,-36.47222],[-72.70277,-36.47428],[-72.70146,-36.47717],[-72.70458,-36.47904],[-72.7034,-36.48086]]}},{"id":"519","type":"Feature","properties":{"ROL":"Ruta 126 S","NOMBRE_CAMINO":"Ruta Los Conquistadores, Sector: Límite Regional (Puente La Raya) - Límite Regional (Rafael)","CLASIFICACION":"Camino Nacional","CALZADA":"D"},"geometry":{"type":"LineString","coordinates":[[-72.54098,-36.27552],[-72.54649,-36.28564]]}},{"id":"520","type":"Feature","properties":{"ROL":"N-104","NOMBRE_CAMINO":"Cruce Ruta 126 S (Coelemu) - Magdalena - Cruce N-66 (San Ignacio de Palomares)","CLASIFICACION":"Camino Regional Provincial","CALZADA":"U"},"geometry":{"type":"LineString","coordinates":[[-72.7059,-36.48719],[-72.69381,-36.48995]]}},{"id":"521","type":"Feature","properties":{"ROL":"N-104","NOMBRE_CAMINO":"Cruce Ruta 126 S (Coelemu) - Magdalena - Cruce N-66 (San Ignacio de Palomares)","CLASIFICACION":"Camino Regional Provincial","CALZADA":"U"},"geometry":{"type":"LineString","coordinates":[[-72.69381,-36.48995],[-72.68809,-36.4958],[-72.67075,-36.5052],[-72.66955,-36.50939],[-72.66659,-36.5118],[-72.65621,-36.51608],[-72.63736,-36.52707],[-72.63194,-36.52764],[-72.62763,-36.52979],[-72.61498,-36.54381],[-72.60925,-36.54847],[-72.60839,-36.55146],[-72.59794,-36.56311]]}},{"id":"522","type":"Feature","properties":{"ROL":"N-104","NOMBRE_CAMINO":"Cruce Ruta 126 S (Coelemu) - Magdalena - Cruce N-66 (San Ignacio de Palomares)","CLASIFICACION":"Camino Regional Provincial","CALZADA":"U"},"geometry":{"type":"LineString","coordinates":[[-72.59794,-36.56311],[-72.59889,-36.56617]]}},{"id":"523","type":"Feature","properties":{"ROL":"N-104","NOMBRE_CAMINO":"Cruce Ruta 126 S (Coelemu) - Magdalena - Cruce N-66 (San Ignacio de Palomares)","CLASIFICACION":"Camino Regional Provincial","CALZADA":"U"},"geometry":{"type":"LineString","coordinates":[[-72.59889,-36.56617],[-72.60217,-36.56945],[-72.60034,-36.58158],[-72.60191,-36.59079],[-72.60693,-36.59891],[-72.6085,-36.60711]]}},{"id":"524","type":"Feature","properties":{"ROL":"N-104","NOMBRE_CAMINO":"Cruce Ruta 126 S (Coelemu) - Magdalena - Cruce N-66 (San Ignacio de Palomares)","CLASIFICACION":"Camino Regional Provincial","CALZADA":"U"},"geometry":{"type":"LineString","coordinates":[[-72.6085,-36.60711],[-72.60902,-36.61138]]}},{"id":"525","type":"Feature","properties":{"ROL":"N-104","NOMBRE_CAMINO":"Cruce Ruta 126 S (Coelemu) - Magdalena - Cruce N-66 (San Ignacio de Palomares)","CLASIFICACION":"Camino Regional Provincial","CALZADA":"U"},"geometry":{"type":"LineString","coordinates":[[-72.60902,-36.61138],[-72.60785,-36.61387]]}},{"id":"526","type":"Feature","properties":{"ROL":"N-104","NOMBRE_CAMINO":"Cruce Ruta 126 S (Coelemu) - Magdalena - Cruce N-66 (San Ignacio de Palomares)","CLASIFICACION":"Camino Regional Provincial","CALZADA":"U"},"geometry":{"type":"LineString","coordinates":[[-72.60785,-36.61387],[-72.6072,-36.61559]]}},{"id":"527","type":"Feature","properties":{"ROL":"N-104","NOMBRE_CAMINO":"Cruce Ruta 126 S (Coelemu) - Magdalena - Cruce N-66 (San Ignacio de Palomares)","CLASIFICACION":"Camino Regional Provincial","CALZADA":"U"},"geometry":{"type":"LineString","coordinates":[[-72.6072,-36.61559],[-72.60512,-36.62599]]}},{"id":"528","type":"Feature","properties":{"ROL":"N-122","NOMBRE_CAMINO":"Cruce N-66 (Acceso a Ñipas) - Ñipas - Cruce N-620 (Puente Río Itata)","CLASIFICACION":"Camino Regional Provincial","CALZADA":"U"},"geometry":{"type":"LineString","coordinates":[[-72.55568,-36.62143],[-72.55267,-36.61631],[-72.54876,-36.61485],[-72.54633,-36.61141],[-72.54524,-36.60586],[-72.54049,-36.6069],[-72.53894,-36.60883]]}},{"id":"529","type":"Feature","properties":{"ROL":"N-122","NOMBRE_CAMINO":"Cruce N-66 (Acceso a Ñipas) - Ñipas - Cruce N-620 (Puente Río Itata)","CLASIFICACION":"Camino Regional Provincial","CALZADA":"U"},"geometry":{"type":"LineString","coordinates":[[-72.53894,-36.60883],[-72.53626,-36.60443],[-72.53351,-36.60505],[-72.53313,-36.6041],[-72.53699,-36.60306],[-72.5392,-36.60068],[-72.54084,-36.59521]]}},{"id":"530","type":"Feature","properties":{"ROL":"N-14-O","NOMBRE_CAMINO":"Cruce Ruta 126 S (Coelemu) - Cruce O-274 (Tomé), Sector: Coelemu - Límite Regional (Puente Purema)","CLASIFICACION":"Camino Regional Principal","CALZADA":"U"},"geometry":{"type":"LineString","coordinates":[[-72.70203,-36.46864],[-72.70146,-36.46676],[-72.70267,-36.46518],[-72.70143,-36.46344],[-72.70486,-36.45272],[-72.70218,-36.44931],[-72.70366,-36.44635],[-72.70121,-36.44222],[-72.70031,-36.43599],[-72.71111,-36.42946],[-72.72233,-36.42592],[-72.73117,-36.42011],[-72.73468,-36.41637],[-72.73541,-36.41295],[-72.73404,-36.41076],[-72.73451,-36.40919],[-72.73813,-36.40801],[-72.75093,-36.40978],[-72.7627,-36.40535],[-72.78259,-36.40207],[-72.78511,-36.40428],[-72.79556,-36.40106]]}},{"id":"531","type":"Feature","properties":{"ROL":"N-14-O","NOMBRE_CAMINO":"Cruce Ruta 126 S (Coelemu) - Cruce O-274 (Tomé), Sector: Coelemu - Límite Regional (Puente Purema)","CLASIFICACION":"Camino Regional Principal","CALZADA":"U"},"geometry":{"type":"LineString","coordinates":[[-72.86804,-36.42076],[-72.87371,-36.43127],[-72.87422,-36.43915],[-72.87828,-36.44302],[-72.87969,-36.44669]]}},{"id":"532","type":"Feature","properties":{"ROL":"N-14-O","NOMBRE_CAMINO":"Cruce Ruta 126 S (Coelemu) - Cruce O-274 (Tomé), Sector: Coelemu - Límite Regional (Puente Purema)","CLASIFICACION":"Camino Regional Principal","CALZADA":"U"},"geometry":{"type":"LineString","coordinates":[[-72.79556,-36.40106],[-72.79865,-36.40004]]}},{"id":"533","type":"Feature","properties":{"ROL":"N-14-O","NOMBRE_CAMINO":"Cruce Ruta 126 S (Coelemu) - Cruce O-274 (Tomé), Sector: Coelemu - Límite Regional (Puente Purema)","CLASIFICACION":"Camino Regional Principal","CALZADA":"U"},"geometry":{"type":"LineString","coordinates":[[-72.85134,-36.40074],[-72.85274,-36.40203]]}},{"id":"534","type":"Feature","properties":{"ROL":"N-14-O","NOMBRE_CAMINO":"Cruce Ruta 126 S (Coelemu) - Cruce O-274 (Tomé), Sector: Coelemu - Límite Regional (Puente Purema)","CLASIFICACION":"Camino Regional Principal","CALZADA":"U"},"geometry":{"type":"LineString","coordinates":[[-72.79865,-36.40004],[-72.80456,-36.40102],[-72.8085,-36.39805],[-72.81306,-36.39149],[-72.81747,-36.38952],[-72.81985,-36.38976]]}},{"id":"535","type":"Feature","properties":{"ROL":"N-170","NOMBRE_CAMINO":"Cruce Ruta 126 S (Puente Burca) - Huarilihue - Cruce N-66 (Casas Quemadas)","CLASIFICACION":"Camino Regional Comunal","CALZADA":"U"},"geometry":{"type":"LineString","coordinates":[[-72.7361,-36.52524],[-72.7364,-36.5306],[-72.74008,-36.53621],[-72.73996,-36.54229],[-72.73641,-36.54527],[-72.7268,-36.54449],[-72.72445,-36.54725],[-72.72229,-36.55339],[-72.71453,-36.55652],[-72.70716,-36.56608],[-72.70005,-36.56884],[-72.69841,-36.57232],[-72.68861,-36.57773],[-72.68758,-36.58466]]}},{"id":"536","type":"Feature","properties":{"ROL":"N-245","NOMBRE_CAMINO":"Cruce Ruta 5 (San Gregorio) - Colvindo - Cruce N-151 (Chacay)","CLASIFICACION":"Camino Regional Provincial","CALZADA":"U"},"geometry":{"type":"LineString","coordinates":[[-71.81873,-36.28141],[-71.81355,-36.28266]]}},{"id":"537","type":"Feature","properties":{"ROL":"N-245","NOMBRE_CAMINO":"Cruce Ruta 5 (San Gregorio) - Colvindo - Cruce N-151 (Chacay)","CLASIFICACION":"Camino Regional Provincial","CALZADA":"U"},"geometry":{"type":"LineString","coordinates":[[-71.7685,-36.3262],[-71.77126,-36.32951],[-71.78239,-36.36311]]}},{"id":"538","type":"Feature","properties":{"ROL":"N-261","NOMBRE_CAMINO":"Cruce N-31 (Tres Esquinas) - Iglesia de Zemita - Cruce N-151 (El Tope)","CLASIFICACION":"Camino Regional Comunal","CALZADA":"U"},"geometry":{"type":"LineString","coordinates":[[-71.76859,-36.45533],[-71.75551,-36.42138],[-71.73941,-36.39986]]}},{"id":"539","type":"Feature","properties":{"ROL":"N-261","NOMBRE_CAMINO":"Cruce N-31 (Tres Esquinas) - Iglesia de Zemita - Cruce N-151 (El Tope)","CLASIFICACION":"Camino Regional Comunal","CALZADA":"U"},"geometry":{"type":"LineString","coordinates":[[-71.73941,-36.39986],[-71.73838,-36.39782],[-71.74771,-36.37954],[-71.75157,-36.36798],[-71.75116,-36.35913],[-71.76898,-36.35808],[-71.77056,-36.36321]]}},{"id":"540","type":"Feature","properties":{"ROL":"N-266","NOMBRE_CAMINO":"Cruce N-250 (Enlace Tiuquilemu) - Gaona - San Carlos (Cruce Calle Itihue)","CLASIFICACION":"Camino Regional Provincial","CALZADA":"U"},"geometry":{"type":"LineString","coordinates":[[-71.8796,-36.36105],[-71.88182,-36.36366],[-71.89264,-36.36794]]}},{"id":"541","type":"Feature","properties":{"ROL":"N-266","NOMBRE_CAMINO":"Cruce N-250 (Enlace Tiuquilemu) - Gaona - San Carlos (Cruce Calle Itihue)","CLASIFICACION":"Camino Regional Provincial","CALZADA":"U"},"geometry":{"type":"LineString","coordinates":[[-71.92746,-36.38932],[-71.93301,-36.3954],[-71.94207,-36.40186],[-71.95185,-36.41311],[-71.95341,-36.41338]]}},{"id":"542","type":"Feature","properties":{"ROL":"N-266","NOMBRE_CAMINO":"Cruce N-250 (Enlace Tiuquilemu) - Gaona - San Carlos (Cruce Calle Itihue)","CLASIFICACION":"Camino Regional Provincial","CALZADA":"U"},"geometry":{"type":"LineString","coordinates":[[-71.89264,-36.36794],[-71.90827,-36.37487]]}},{"id":"543","type":"Feature","properties":{"ROL":"N-31","NOMBRE_CAMINO":"Cruce Ruta 5 (San Carlos) - San Fabián de Alico - La Punilla - El Inglés","CLASIFICACION":"Camino Regional Principal","CALZADA":"U"},"geometry":{"type":"LineString","coordinates":[[-71.94868,-36.42606],[-71.92699,-36.42862],[-71.91401,-36.4273],[-71.89788,-36.43113],[-71.85264,-36.43637],[-71.84712,-36.43864],[-71.83047,-36.43812],[-71.82003,-36.44007],[-71.74644,-36.46226],[-71.71714,-36.46108],[-71.70774,-36.45557],[-71.70369,-36.45517],[-71.69693,-36.45907],[-71.67878,-36.46274],[-71.66568,-36.47025],[-71.65505,-36.48101],[-71.64813,-36.49401],[-71.64083,-36.49913],[-71.63969,-36.50209],[-71.64055,-36.50569],[-71.63584,-36.50781],[-71.63451,-36.51067],[-71.62756,-36.51441],[-71.62256,-36.51521],[-71.61689,-36.51428],[-71.599,-36.51918],[-71.57463,-36.53891],[-71.56769,-36.54875],[-71.55997,-36.55195],[-71.54846,-36.55976]]}},{"id":"544","type":"Feature","properties":{"ROL":"N-31","NOMBRE_CAMINO":"Cruce Ruta 5 (San Carlos) - San Fabián de Alico - La Punilla - El Inglés","CLASIFICACION":"Camino Regional Principal","CALZADA":"U"},"geometry":{"type":"LineString","coordinates":[[-71.39527,-36.6516],[-71.39079,-36.64861],[-71.38848,-36.64927],[-71.38621,-36.65228],[-71.38244,-36.65354],[-71.37902,-36.6526],[-71.34734,-36.65366],[-71.33932,-36.65707],[-71.33339,-36.66269],[-71.32237,-36.6625],[-71.2994,-36.67233],[-71.29409,-36.67309],[-71.2885,-36.67272],[-71.27711,-36.66894],[-71.27115,-36.66083],[-71.27065,-36.65139]]}},{"id":"545","type":"Feature","properties":{"ROL":"N-335","NOMBRE_CAMINO":"Cruce Ruta 5 (Vía de Servicio, San Carlos) - Moticura - Cruce N-447 (Tres Esquinas)","CLASIFICACION":"Camino Regional Comunal","CALZADA":"U"},"geometry":{"type":"LineString","coordinates":[[-71.9506,-36.43279],[-71.94036,-36.44486],[-71.93797,-36.4496],[-71.92973,-36.45718],[-71.92759,-36.46224],[-71.92101,-36.47028],[-71.923,-36.47765],[-71.86004,-36.4682]]}},{"id":"546","type":"Feature","properties":{"ROL":"N-335","NOMBRE_CAMINO":"Cruce Ruta 5 (Vía de Servicio, San Carlos) - Moticura - Cruce N-447 (Tres Esquinas)","CLASIFICACION":"Camino Regional Comunal","CALZADA":"U"},"geometry":{"type":"LineString","coordinates":[[-71.82221,-36.46811],[-71.78514,-36.46764],[-71.77864,-36.46515],[-71.77145,-36.46529]]}},{"id":"547","type":"Feature","properties":{"ROL":"N-40","NOMBRE_CAMINO":"Cruce Ruta 126 S (Av. Arturo Prat/Calle Maipú) - El Tollo - Cruce N-80-M (Cobquecura)","CLASIFICACION":"Camino Regional Principal","CALZADA":"U"},"geometry":{"type":"LineString","coordinates":[[-72.54267,-36.27882],[-72.54615,-36.27746],[-72.54591,-36.27532],[-72.5522,-36.26837],[-72.55888,-36.2577],[-72.58058,-36.24623],[-72.58805,-36.23637],[-72.59908,-36.22936],[-72.60529,-36.22733],[-72.6131,-36.22276],[-72.63075,-36.21017],[-72.64509,-36.20751],[-72.64611,-36.20254],[-72.64284,-36.19547],[-72.64482,-36.19021],[-72.64678,-36.18948],[-72.65422,-36.19136],[-72.65244,-36.1882],[-72.66391,-36.17611],[-72.675,-36.17076],[-72.69002,-36.1674],[-72.69608,-36.16857],[-72.69883,-36.16713],[-72.70018,-36.16274],[-72.69965,-36.15806],[-72.7033,-36.15076],[-72.70626,-36.14835],[-72.71277,-36.14477],[-72.71653,-36.14424],[-72.7297,-36.1461],[-72.74139,-36.14148],[-72.74783,-36.14141],[-72.75851,-36.13833],[-72.76577,-36.13969],[-72.77071,-36.14307],[-72.77819,-36.1452],[-72.78275,-36.14046],[-72.79498,-36.13758],[-72.79638,-36.13455]]}},{"id":"548","type":"Feature","properties":{"ROL":"N-425","NOMBRE_CAMINO":"Cruce Av. Bernardo O'Higgins - Cruce N-45 (Las Coles)","CLASIFICACION":"Camino Regional Comunal","CALZADA":"U"},"geometry":{"type":"LineString","coordinates":[[-72.0952,-36.56118],[-72.0829,-36.56318],[-72.06976,-36.56842],[-72.05097,-36.57152]]}},{"id":"549","type":"Feature","properties":{"ROL":"N-460","NOMBRE_CAMINO":"Cruce Ruta 126 S (Trehuaco) - Vega de Los Reyes - Cruce N-470 (El Colo)","CLASIFICACION":"Camino Regional Comunal","CALZADA":"U"},"geometry":{"type":"LineString","coordinates":[[-72.66911,-36.43153],[-72.65523,-36.43387]]}},{"id":"550","type":"Feature","properties":{"ROL":"N-460","NOMBRE_CAMINO":"Cruce Ruta 126 S (Trehuaco) - Vega de Los Reyes - Cruce N-470 (El Colo)","CLASIFICACION":"Camino Regional Comunal","CALZADA":"U"},"geometry":{"type":"LineString","coordinates":[[-72.64419,-36.44202],[-72.6409,-36.44819],[-72.63702,-36.45074],[-72.63727,-36.45809],[-72.6355,-36.46087],[-72.63516,-36.46531],[-72.63141,-36.46851],[-72.63099,-36.4706]]}},{"id":"551","type":"Feature","properties":{"ROL":"N-460","NOMBRE_CAMINO":"Cruce Ruta 126 S (Trehuaco) - Vega de Los Reyes - Cruce N-470 (El Colo)","CLASIFICACION":"Camino Regional Comunal","CALZADA":"U"},"geometry":{"type":"LineString","coordinates":[[-72.65056,-36.43616],[-72.64393,-36.4373]]}},{"id":"552","type":"Feature","properties":{"ROL":"N-50","NOMBRE_CAMINO":"Cruce Ruta 5 (Cocharcas) - San Nicolás - Ninhue - Cruce Ruta 126 S (Quirihue)","CLASIFICACION":"Camino Regional Principal","CALZADA":"U"},"geometry":{"type":"LineString","coordinates":[[-72.06987,-36.52749],[-72.06998,-36.52632],[-72.07737,-36.5217],[-72.09387,-36.52036],[-72.1203,-36.51173],[-72.13845,-36.51569],[-72.15783,-36.51456],[-72.18031,-36.51762],[-72.19604,-36.51046],[-72.20366,-36.50463],[-72.21821,-36.50202],[-72.23385,-36.49639],[-72.26327,-36.4794],[-72.27777,-36.47857],[-72.3023,-36.47241],[-72.30779,-36.46989],[-72.33458,-36.45371],[-72.34003,-36.44841],[-72.34791,-36.44626],[-72.35885,-36.43914],[-72.37542,-36.42477],[-72.4016,-36.41033],[-72.41962,-36.40905],[-72.42849,-36.41147],[-72.43452,-36.4111],[-72.4413,-36.40914],[-72.45125,-36.40412],[-72.46946,-36.39845],[-72.49188,-36.39397],[-72.51167,-36.38351],[-72.51214,-36.3754],[-72.50788,-36.36729],[-72.51095,-36.36238],[-72.51127,-36.35579],[-72.51303,-36.35157],[-72.51239,-36.34846],[-72.52336,-36.32626],[-72.52763,-36.32121],[-72.53124,-36.32115],[-72.53273,-36.31857],[-72.54625,-36.31584],[-72.54943,-36.31296],[-72.54992,-36.30684]]}},{"id":"553","type":"Feature","properties":{"ROL":"N-545","NOMBRE_CAMINO":"Cruce N-55 (Chillán, Calle Barros Arana) - Las Mariposas - Estación Pinto - Tanilvoro - La Esperanza","CLASIFICACION":"Camino Regional Comunal","CALZADA":"U"},"geometry":{"type":"LineString","coordinates":[[-72.09786,-36.62371],[-72.09025,-36.62504],[-72.06942,-36.62564],[-72.05061,-36.62959],[-72.00922,-36.63529],[-71.96084,-36.64849]]}},{"id":"554","type":"Feature","properties":{"ROL":"N-545","NOMBRE_CAMINO":"Cruce N-55 (Chillán, Calle Barros Arana) - Las Mariposas - Estación Pinto - Tanilvoro - La Esperanza","CLASIFICACION":"Camino Regional Comunal","CALZADA":"U"},"geometry":{"type":"LineString","coordinates":[[-71.90374,-36.67863],[-71.88872,-36.68784]]}},{"id":"555","type":"Feature","properties":{"ROL":"N-55","NOMBRE_CAMINO":"Cruce N-545 (Chillán, Av. Alonso de Ercilla) - Pinto - Termas de Chillán","CLASIFICACION":"Camino Regional Principal","CALZADA":"U"},"geometry":{"type":"LineString","coordinates":[[-72.09786,-36.62371],[-72.09956,-36.62652]]}},{"id":"556","type":"Feature","properties":{"ROL":"N-557","NOMBRE_CAMINO":"Cruce N-49 (Coihueco) - Roblería - Cruce N-545 (Estación Pinto)","CLASIFICACION":"Camino Regional Comunal","CALZADA":"U"},"geometry":{"type":"LineString","coordinates":[[-71.83897,-36.62779],[-71.83955,-36.6302],[-71.84816,-36.6357],[-71.85797,-36.64489],[-71.87414,-36.64707],[-71.88149,-36.65244],[-71.88319,-36.6586],[-71.88752,-36.65997],[-71.90376,-36.67862]]}},{"id":"557","type":"Feature","properties":{"ROL":"N-59-Q","NOMBRE_CAMINO":"Chillán (Cruce Av. Bernardo O'Higgins) - Yungay - Puente La Fábrica - Huépil - Cruce Q-45 (Canteras), Sector: Chillán - Límite Regional (Puente La Fábrica)","CLASIFICACION":"Camino Regional Principal","CALZADA":"U"},"geometry":{"type":"LineString","coordinates":[[-72.12276,-36.62142],[-72.12636,-36.63483],[-72.1445,-36.64555],[-72.14652,-36.64962],[-72.14459,-36.66949],[-72.14824,-36.67166],[-72.14593,-36.67404],[-72.14778,-36.67789],[-72.14778,-36.6827],[-72.1499,-36.68943],[-72.14664,-36.69832],[-72.14725,-36.7024],[-72.13878,-36.71796],[-72.13675,-36.73023],[-72.12967,-36.74622],[-72.12691,-36.75754],[-72.1242,-36.75981],[-72.12421,-36.76562],[-72.10899,-36.79287],[-72.10501,-36.80279],[-72.10568,-36.81193],[-72.1023,-36.82674],[-72.10128,-36.83918],[-72.10206,-36.84294],[-72.09748,-36.85083],[-72.09259,-36.87059],[-72.09403,-36.89161],[-72.08446,-36.9046],[-72.08474,-36.9231],[-72.0878,-36.93227],[-72.09507,-36.94711],[-72.09403,-36.94849],[-72.09671,-36.94767],[-72.09776,-36.94583],[-72.10001,-36.94612],[-72.10095,-36.95776],[-72.09831,-36.96823],[-72.09926,-36.9732],[-72.09109,-36.9752],[-72.09266,-36.98168],[-72.08912,-36.9847],[-72.08884,-36.98814],[-72.0837,-36.99516],[-72.08025,-37.00302],[-72.07262,-37.00806],[-72.06989,-37.01405],[-72.05936,-37.02099],[-72.04833,-37.02283],[-72.0418,-37.02762],[-72.02511,-37.03423],[-72.0222,-37.03774],[-72.02099,-37.0421],[-72.01532,-37.04909],[-72.01332,-37.05448],[-72.00249,-37.06233],[-72.00379,-37.077],[-72.00857,-37.10179],[-72.00737,-37.1105],[-72.01318,-37.1174],[-72.01256,-37.13084],[-72.01104,-37.13471],[-72.00811,-37.16317],[-72.01009,-37.16715],[-71.99964,-37.1761],[-71.9971,-37.18022],[-71.98903,-37.18616],[-71.9874,-37.18892],[-71.98528,-37.18995],[-71.98124,-37.18849],[-71.97999,-37.18927]]}},{"id":"558","type":"Feature","properties":{"ROL":"N-655","NOMBRE_CAMINO":"Cruce N-59-Q (Variante San Ignacio) - San Ignacio - Cruce N-681 (Puente Zapallar)","CLASIFICACION":"Camino Regional Provincial","CALZADA":"U"},"geometry":{"type":"LineString","coordinates":[[-72.11146,-36.78915],[-72.09332,-36.79337],[-72.04849,-36.79749]]}},{"id":"559","type":"Feature","properties":{"ROL":"N-661","NOMBRE_CAMINO":"Cruce N-605 (Pozo de Oro) - Meco - Cruce N-655 (San Ignacio)","CLASIFICACION":"Camino Regional Comunal","CALZADA":"U"},"geometry":{"type":"LineString","coordinates":[[-72.06023,-36.76159],[-72.04399,-36.76517],[-72.03894,-36.76773],[-72.02594,-36.77023],[-72.01933,-36.76994],[-72.02014,-36.77298],[-72.02393,-36.77614],[-72.02533,-36.77905],[-72.0242,-36.78645],[-72.02897,-36.79818]]}},{"id":"560","type":"Feature","properties":{"ROL":"N-661","NOMBRE_CAMINO":"Cruce N-605 (Pozo de Oro) - Meco - Cruce N-655 (San Ignacio)","CLASIFICACION":"Camino Regional Comunal","CALZADA":"U"},"geometry":{"type":"LineString","coordinates":[[-72.02897,-36.79818],[-72.03021,-36.80189]]}},{"id":"561","type":"Feature","properties":{"ROL":"N-777","NOMBRE_CAMINO":"Cruce N-59-Q (Variante El Carmen) - El Carmen - Trehualemu - Las Pampas","CLASIFICACION":"Camino Regional Provincial","CALZADA":"U"},"geometry":{"type":"LineString","coordinates":[[-72.08679,-36.90096],[-72.05409,-36.89602],[-72.0325,-36.89743]]}},{"id":"562","type":"Feature","properties":{"ROL":"N-777","NOMBRE_CAMINO":"Cruce N-59-Q (Variante El Carmen) - El Carmen - Trehualemu - Las Pampas","CLASIFICACION":"Camino Regional Provincial","CALZADA":"U"},"geometry":{"type":"LineString","coordinates":[[-71.81172,-36.9711],[-71.79867,-36.97791],[-71.79146,-36.98022],[-71.78339,-36.98542],[-71.77216,-36.98903],[-71.7563,-36.99174],[-71.74124,-36.99274],[-71.73861,-36.99061],[-71.73431,-36.99188]]}},{"id":"563","type":"Feature","properties":{"ROL":"N-777","NOMBRE_CAMINO":"Cruce N-59-Q (Variante El Carmen) - El Carmen - Trehualemu - Las Pampas","CLASIFICACION":"Camino Regional Provincial","CALZADA":"U"},"geometry":{"type":"LineString","coordinates":[[-71.94574,-36.89207],[-71.93558,-36.89441],[-71.91164,-36.90371],[-71.9066,-36.90682],[-71.90281,-36.91099],[-71.89071,-36.91556],[-71.88925,-36.92016],[-71.87206,-36.93222],[-71.8686,-36.93251],[-71.86684,-36.93405]]}},{"id":"564","type":"Feature","properties":{"ROL":"N-80-M","NOMBRE_CAMINO":"Cruce M-50 (Pueblo Hundido) - Curanipe - Cruce N-40 (Cobquecura), Sector: Límite Regional (Estero Tregualemu) - Buchupureo - Cruce N-40 (Cobquecura)","CLASIFICACION":"Camino Regional Principal","CALZADA":"U"},"geometry":{"type":"LineString","coordinates":[[-72.76958,-36.01132],[-72.76859,-36.01255],[-72.77084,-36.01777]]}},{"id":"565","type":"Feature","properties":{"ROL":"N-80-M","NOMBRE_CAMINO":"Cruce M-50 (Pueblo Hundido) - Curanipe - Cruce N-40 (Cobquecura), Sector: Límite Regional (Estero Tregualemu) - Buchupureo - Cruce N-40 (Cobquecura)","CLASIFICACION":"Camino Regional Principal","CALZADA":"U"},"geometry":{"type":"LineString","coordinates":[[-72.77084,-36.01777],[-72.77217,-36.02362],[-72.77525,-36.02556],[-72.77544,-36.03543],[-72.77718,-36.04093],[-72.7736,-36.04524],[-72.77348,-36.04822],[-72.77018,-36.05451],[-72.7735,-36.05863],[-72.77339,-36.06311],[-72.77657,-36.06397],[-72.77852,-36.07953],[-72.78982,-36.07868],[-72.79176,-36.07737],[-72.79574,-36.08005],[-72.79771,-36.07873],[-72.80344,-36.07856],[-72.80336,-36.08057],[-72.80495,-36.08183],[-72.79985,-36.08409],[-72.80328,-36.08517],[-72.80364,-36.0881],[-72.80685,-36.09074],[-72.8106,-36.09738],[-72.80478,-36.11788],[-72.80133,-36.12155],[-72.79686,-36.12256],[-72.79514,-36.12912]]}},{"id":"566","type":"Feature","properties":{"ROL":"N-80-M","NOMBRE_CAMINO":"Cruce M-50 (Pueblo Hundido) - Curanipe - Cruce N-40 (Cobquecura), Sector: Límite Regional (Estero Tregualemu) - Buchupureo - Cruce N-40 (Cobquecura)","CLASIFICACION":"Camino Regional Principal","CALZADA":"U"},"geometry":{"type":"LineString","coordinates":[[-72.79514,-36.12912],[-72.79449,-36.13057],[-72.79606,-36.13111],[-72.79468,-36.13391],[-72.79638,-36.13455]]}},{"id":"567","type":"Feature","properties":{"ROL":"N-85","NOMBRE_CAMINO":"Cruce Ruta 5 (General Cruz) - San Pedro - Cruce N-59-Q (Pemuco)","CLASIFICACION":"Camino Regional Principal","CALZADA":"U"},"geometry":{"type":"LineString","coordinates":[[-72.34881,-36.94147],[-72.3483,-36.93971],[-72.34571,-36.93975]]}},{"id":"568","type":"Feature","properties":{"ROL":"N-85","NOMBRE_CAMINO":"Cruce Ruta 5 (General Cruz) - San Pedro - Cruce N-59-Q (Pemuco)","CLASIFICACION":"Camino Regional Principal","CALZADA":"U"},"geometry":{"type":"LineString","coordinates":[[-72.34571,-36.93975],[-72.31236,-36.93943],[-72.29811,-36.94793],[-72.26667,-36.9607],[-72.2464,-36.96496],[-72.22216,-36.97692],[-72.18514,-36.98172],[-72.1774,-36.9845],[-72.11665,-36.97965],[-72.10341,-36.98259],[-72.10114,-36.98083],[-72.09854,-36.97341]]}},{"id":"569","type":"Feature","properties":{"ROL":"N-855","NOMBRE_CAMINO":"Cruce Ruta 5 (Paso Superior General Cruz) - Cruce N-85","CLASIFICACION":"Camino Regional Comunal","CALZADA":"U"},"geometry":{"type":"LineString","coordinates":[[-72.34711,-36.93319],[-72.34469,-36.93407],[-72.34571,-36.93975]]}},{"id":"570","type":"Feature","properties":{"ROL":"N-86","NOMBRE_CAMINO":"Cruce Ruta 5 (Paso Superior General Cruz) - Puente Liucura - Cruce N-48-O (Puente Quillón)","CLASIFICACION":"Camino Regional Principal","CALZADA":"U"},"geometry":{"type":"LineString","coordinates":[[-72.449,-36.85569],[-72.444,-36.85453],[-72.44074,-36.84705],[-72.43137,-36.83332],[-72.43157,-36.83014],[-72.45785,-36.79432],[-72.4762,-36.78563],[-72.48157,-36.78139],[-72.47724,-36.74498]]}},{"id":"571","type":"Feature","properties":{"ROL":"N-86","NOMBRE_CAMINO":"Cruce Ruta 5 (Paso Superior General Cruz) - Puente Liucura - Cruce N-48-O (Puente Quillón)","CLASIFICACION":"Camino Regional Principal","CALZADA":"U"},"geometry":{"type":"LineString","coordinates":[[-72.47724,-36.74498],[-72.47651,-36.74071]]}},{"id":"572","type":"Feature","properties":{"ROL":"N-884","NOMBRE_CAMINO":"Cruce Ruta 5 (Santa Clara) - Puente Palpal - Balsa Cerro Negro - Cruce N-888 (Cerro Negro)","CLASIFICACION":"Camino Regional Comunal","CALZADA":"U"},"geometry":{"type":"LineString","coordinates":[[-72.32803,-36.82209],[-72.32849,-36.8265],[-72.33465,-36.82952],[-72.34922,-36.83133]]}},{"id":"573","type":"Feature","properties":{"ROL":"N-884","NOMBRE_CAMINO":"Cruce Ruta 5 (Santa Clara) - Puente Palpal - Balsa Cerro Negro - Cruce N-888 (Cerro Negro)","CLASIFICACION":"Camino Regional Comunal","CALZADA":"U"},"geometry":{"type":"LineString","coordinates":[[-72.34922,-36.83133],[-72.35996,-36.83063],[-72.36116,-36.83213],[-72.36352,-36.83197],[-72.37325,-36.84516],[-72.37768,-36.84779],[-72.3794,-36.85312],[-72.38479,-36.85481]]}},{"id":"574","type":"Feature","properties":{"ROL":"N-884","NOMBRE_CAMINO":"Cruce Ruta 5 (Santa Clara) - Puente Palpal - Balsa Cerro Negro - Cruce N-888 (Cerro Negro)","CLASIFICACION":"Camino Regional Comunal","CALZADA":"U"},"geometry":{"type":"LineString","coordinates":[[-72.38547,-36.85534],[-72.3913,-36.85605]]}},{"id":"575","type":"Feature","properties":{"ROL":"N-931-Q","NOMBRE_CAMINO":"Cruce Q-59-N (Huépil) - Cruce N-97-Q (Cholguán), Sector: Límite Regional - Cholguán","CLASIFICACION":"Camino Regional Provincial","CALZADA":"U"},"geometry":{"type":"LineString","coordinates":[[-72.05587,-37.17634],[-72.06611,-37.16815],[-72.07222,-37.16569]]}},{"id":"576","type":"Feature","properties":{"ROL":"S/R-N-532","NOMBRE_CAMINO":"Cruce N-50 (Puyaral) - Cruce N-620 (Puente El Ala)","CLASIFICACION":"Camino Regional Comunal (En Proceso de Enrolamiento)","CALZADA":"U"},"geometry":{"type":"LineString","coordinates":[[-72.19928,-36.5082],[-72.20484,-36.51281],[-72.217,-36.53752],[-72.2189,-36.54899],[-72.21715,-36.55226],[-72.21856,-36.55638],[-72.21656,-36.55981],[-72.21575,-36.56785],[-72.21826,-36.57191],[-72.22222,-36.57396],[-72.22248,-36.576]]}},{"id":"577","type":"Feature","properties":{"ROL":"N-460","NOMBRE_CAMINO":"Cruce Ruta 126 S (Trehuaco) - Vega de Los Reyes - Cruce N-470 (El Colo)","CLASIFICACION":"Camino Regional Comunal","CALZADA":"U"},"geometry":{"type":"LineString","coordinates":[[-72.65523,-36.43387],[-72.65056,-36.43616]]}},{"id":"578","type":"Feature","properties":{"ROL":"N-14-O","NOMBRE_CAMINO":"Cruce Ruta 126 S (Coelemu) - Cruce O-274 (Tomé), Sector: Coelemu - Límite Regional (Puente Purema)","CLASIFICACION":"Camino Regional Principal","CALZADA":"U"},"geometry":{"type":"LineString","coordinates":[[-72.85274,-36.40203],[-72.86145,-36.40294],[-72.86664,-36.40596],[-72.8683,-36.40899],[-72.86719,-36.4163],[-72.86804,-36.42076]]}},{"id":"579","type":"Feature","properties":{"ROL":"N-266","NOMBRE_CAMINO":"Cruce N-250 (Enlace Tiuquilemu) - Gaona - San Carlos (Cruce Calle Itihue)","CLASIFICACION":"Camino Regional Provincial","CALZADA":"U"},"geometry":{"type":"LineString","coordinates":[[-71.95341,-36.41338],[-71.95393,-36.41485]]}},{"id":"580","type":"Feature","properties":{"ROL":"N-545","NOMBRE_CAMINO":"Cruce N-55 (Chillán, Calle Barros Arana) - Las Mariposas - Estación Pinto - Tanilvoro - La Esperanza","CLASIFICACION":"Camino Regional Comunal","CALZADA":"U"},"geometry":{"type":"LineString","coordinates":[[-71.81919,-36.7282],[-71.8075,-36.74253],[-71.80269,-36.74554],[-71.79689,-36.75204],[-71.79563,-36.7611],[-71.78514,-36.77026],[-71.78178,-36.77185]]}},{"id":"581","type":"Feature","properties":{"ROL":"N-777","NOMBRE_CAMINO":"Cruce N-59-Q (Variante El Carmen) - El Carmen - Trehualemu - Las Pampas","CLASIFICACION":"Camino Regional Provincial","CALZADA":"U"},"geometry":{"type":"LineString","coordinates":[[-71.98279,-36.89423],[-71.97119,-36.89043],[-71.94574,-36.89207]]}},{"id":"582","type":"Feature","properties":{"ROL":"N-112","NOMBRE_CAMINO":"Cruce N-66 (Vegas de Concha) - Cruce N-122 (Calle Manuel Antonio Matta)","CLASIFICACION":"Camino Regional Provincial","CALZADA":"U"},"geometry":{"type":"LineString","coordinates":[[-72.52684,-36.61962],[-72.5261,-36.61851],[-72.52932,-36.61398],[-72.52933,-36.61027],[-72.53155,-36.6065]]}},{"id":"583","type":"Feature","properties":{"ROL":"N-114","NOMBRE_CAMINO":"Cruce N-66 (Paso Hondo) - El Centro - Cruce N-112 (Cementerio)","CLASIFICACION":"Camino Regional Comunal","CALZADA":"U"},"geometry":{"type":"LineString","coordinates":[[-72.50994,-36.6389],[-72.51019,-36.63696],[-72.50819,-36.6334],[-72.50384,-36.63309],[-72.5031,-36.63072],[-72.49993,-36.62897],[-72.499,-36.62396],[-72.50687,-36.61931],[-72.51353,-36.61962]]}},{"id":"584","type":"Feature","properties":{"ROL":"N-151","NOMBRE_CAMINO":"Cruce Ruta 5 (Las Rosas) - Chacay - Zemita - Cruce N-305 (El Palo)","CLASIFICACION":"Camino Regional Comunal","CALZADA":"U"},"geometry":{"type":"LineString","coordinates":[[-71.69845,-36.41108],[-71.69521,-36.41238],[-71.69372,-36.40904],[-71.68798,-36.40636],[-71.68295,-36.40893],[-71.6785,-36.41507],[-71.67317,-36.41891],[-71.67189,-36.42201],[-71.67267,-36.42617],[-71.66993,-36.43045],[-71.66889,-36.43757],[-71.66344,-36.43907]]}},{"id":"585","type":"Feature","properties":{"ROL":"N-188","NOMBRE_CAMINO":"Cruce N-170 (Huarilihue) - Cruce N-190 (Checura)","CLASIFICACION":"Camino Regional Comunal","CALZADA":"U"},"geometry":{"type":"LineString","coordinates":[[-72.70001,-36.56887],[-72.69233,-36.56859]]}},{"id":"586","type":"Feature","properties":{"ROL":"N-188","NOMBRE_CAMINO":"Cruce N-170 (Huarilihue) - Cruce N-190 (Checura)","CLASIFICACION":"Camino Regional Comunal","CALZADA":"U"},"geometry":{"type":"LineString","coordinates":[[-72.68214,-36.56899],[-72.68104,-36.571],[-72.68261,-36.57221],[-72.68286,-36.57446],[-72.6746,-36.58268],[-72.67182,-36.58837],[-72.66816,-36.58936],[-72.65572,-36.59791]]}},{"id":"587","type":"Feature","properties":{"ROL":"N-190","NOMBRE_CAMINO":"Cruce N-170 (Casas Quemadas) - Checura - Cruce N-104 (Batuco)","CLASIFICACION":"Camino Regional Comunal","CALZADA":"U"},"geometry":{"type":"LineString","coordinates":[[-72.6488,-36.58227],[-72.64688,-36.57781],[-72.64334,-36.57507],[-72.64023,-36.57577],[-72.63949,-36.57732],[-72.62802,-36.57766],[-72.62289,-36.57487],[-72.61874,-36.57562],[-72.61493,-36.57197],[-72.61039,-36.57376],[-72.60956,-36.57228],[-72.60171,-36.57095]]}},{"id":"588","type":"Feature","properties":{"ROL":"N-240-M","NOMBRE_CAMINO":"Cruce Ruta 5 (San Gregorio, Paso Superior Ñiquén) - Ñiquén - Cruce M-750 (San Pedro), Sector: San Gregorio - Límite Regional (Río Ñiquén)","CLASIFICACION":"Camino Regional Provincial","CALZADA":"U"},"geometry":{"type":"LineString","coordinates":[[-71.82116,-36.28657],[-71.82993,-36.28895],[-71.84763,-36.27808],[-71.89531,-36.29]]}},{"id":"589","type":"Feature","properties":{"ROL":"N-240-M","NOMBRE_CAMINO":"Cruce Ruta 5 (San Gregorio, Paso Superior Ñiquén) - Ñiquén - Cruce M-750 (San Pedro), Sector: San Gregorio - Límite Regional (Río Ñiquén)","CLASIFICACION":"Camino Regional Provincial","CALZADA":"U"},"geometry":{"type":"LineString","coordinates":[[-71.89531,-36.29],[-71.90135,-36.2922],[-71.91838,-36.28644],[-71.92341,-36.28686],[-71.93422,-36.28392],[-71.95431,-36.27282],[-71.96256,-36.27285],[-71.96793,-36.2705],[-71.97559,-36.26437],[-71.97748,-36.26094],[-71.99696,-36.24837],[-72.01247,-36.23628],[-72.01426,-36.22682],[-72.0176,-36.21937],[-72.02223,-36.20223],[-72.02879,-36.19778],[-72.04312,-36.18182],[-72.05688,-36.17844],[-72.07302,-36.17077],[-72.07887,-36.16974],[-72.08256,-36.16526],[-72.0798,-36.15654],[-72.08353,-36.15535],[-72.09182,-36.14712],[-72.09764,-36.14565],[-72.0992,-36.1441]]}},{"id":"590","type":"Feature","properties":{"ROL":"N-240-M","NOMBRE_CAMINO":"Cruce Ruta 5 (San Gregorio, Paso Superior Ñiquén) - Ñiquén - Cruce M-750 (San Pedro), Sector: San Gregorio - Límite Regional (Río Ñiquén)","CLASIFICACION":"Camino Regional Provincial","CALZADA":"U"},"geometry":{"type":"LineString","coordinates":[[-72.0992,-36.1441],[-72.10352,-36.14318]]}},{"id":"591","type":"Feature","properties":{"ROL":"N-256","NOMBRE_CAMINO":"Cruce Ruta 5 (Pasarela Buli) - Buli Estación - Santa Amelia","CLASIFICACION":"Camino Regional Comunal","CALZADA":"U"},"geometry":{"type":"LineString","coordinates":[[-71.96814,-36.3312],[-71.9846,-36.31876],[-72.00433,-36.31213],[-72.00513,-36.30652],[-72.01181,-36.30843]]}},{"id":"592","type":"Feature","properties":{"ROL":"N-260","NOMBRE_CAMINO":"Cruce N-70-M (Lurín) - Junquillo - Toquihua - Curimón","CLASIFICACION":"Camino Regional Comunal","CALZADA":"U"},"geometry":{"type":"LineString","coordinates":[[-72.05665,-36.38847],[-72.05836,-36.38996],[-72.08035,-36.38658],[-72.08817,-36.38352],[-72.08954,-36.38021],[-72.09444,-36.3817],[-72.10056,-36.375],[-72.10044,-36.37279],[-72.09832,-36.37134],[-72.09828,-36.36689],[-72.10438,-36.364],[-72.10441,-36.3614],[-72.10961,-36.35975],[-72.11278,-36.35713],[-72.1205,-36.35666],[-72.12191,-36.35453],[-72.14629,-36.35138],[-72.14614,-36.34851],[-72.15352,-36.34345],[-72.15508,-36.33835],[-72.16302,-36.33392],[-72.16552,-36.33076],[-72.17433,-36.32758],[-72.18378,-36.3193],[-72.18393,-36.31785],[-72.1899,-36.31626],[-72.19467,-36.31249],[-72.20848,-36.31002],[-72.21775,-36.31107],[-72.21987,-36.31569],[-72.22473,-36.31626],[-72.22478,-36.31345],[-72.22922,-36.30933],[-72.23114,-36.3043],[-72.23484,-36.3022],[-72.23689,-36.29628]]}},{"id":"593","type":"Feature","properties":{"ROL":"N-291","NOMBRE_CAMINO":"Cruce Ruta 5 (Paso Superior La Virgen) - Agua Buena - Cruce N-265 (El Peñón)","CLASIFICACION":"Camino Regional Comunal","CALZADA":"U"},"geometry":{"type":"LineString","coordinates":[[-71.94599,-36.41507],[-71.92951,-36.41219],[-71.91983,-36.41397],[-71.91839,-36.41192],[-71.90718,-36.41185],[-71.90301,-36.41372],[-71.88965,-36.39471],[-71.88581,-36.39281],[-71.8795,-36.39867]]}},{"id":"594","type":"Feature","properties":{"ROL":"N-296","NOMBRE_CAMINO":"Cruce N-50 (Puente Esmeralda) - Coipín - Cruce N-70-M (Torrecillas)","CLASIFICACION":"Camino Regional Comunal","CALZADA":"U"},"geometry":{"type":"LineString","coordinates":[[-72.34312,-36.42943],[-72.33974,-36.42332],[-72.33932,-36.41009],[-72.33675,-36.40467]]}},{"id":"595","type":"Feature","properties":{"ROL":"N-296","NOMBRE_CAMINO":"Cruce N-50 (Puente Esmeralda) - Coipín - Cruce N-70-M (Torrecillas)","CLASIFICACION":"Camino Regional Comunal","CALZADA":"U"},"geometry":{"type":"LineString","coordinates":[[-72.31992,-36.39912],[-72.31669,-36.39843],[-72.3066,-36.39103],[-72.30211,-36.39018]]}},{"id":"596","type":"Feature","properties":{"ROL":"N-296","NOMBRE_CAMINO":"Cruce N-50 (Puente Esmeralda) - Coipín - Cruce N-70-M (Torrecillas)","CLASIFICACION":"Camino Regional Comunal","CALZADA":"U"},"geometry":{"type":"LineString","coordinates":[[-72.29991,-36.38651],[-72.29734,-36.37972],[-72.29782,-36.37426],[-72.30164,-36.37119],[-72.30319,-36.37132],[-72.31604,-36.35874]]}},{"id":"597","type":"Feature","properties":{"ROL":"N-299","NOMBRE_CAMINO":"Cruce N-31 (Cachapoal) - Las Rosas - Cruce N-261 (Zemita)","CLASIFICACION":"Camino Regional Comunal","CALZADA":"U"},"geometry":{"type":"LineString","coordinates":[[-71.72909,-36.4614],[-71.72887,-36.45948],[-71.73261,-36.458],[-71.73733,-36.45271],[-71.73927,-36.44662]]}},{"id":"598","type":"Feature","properties":{"ROL":"N-305","NOMBRE_CAMINO":"Cruce N-31 (Paso Ancho) - El Palo - La Montaña","CLASIFICACION":"Camino Regional Comunal","CALZADA":"U"},"geometry":{"type":"LineString","coordinates":[[-71.64269,-36.43259],[-71.63421,-36.43927],[-71.59929,-36.4435],[-71.58357,-36.45243]]}},{"id":"599","type":"Feature","properties":{"ROL":"N-310","NOMBRE_CAMINO":"Cruce N-50 (San Nicolás) - La Maravilla - Cruce N-70-M (Chicalindo)","CLASIFICACION":"Camino Regional Provincial","CALZADA":"U"},"geometry":{"type":"LineString","coordinates":[[-72.21769,-36.49237],[-72.21749,-36.49069],[-72.21987,-36.48815],[-72.21938,-36.4742],[-72.22407,-36.46201],[-72.22416,-36.45439],[-72.22669,-36.45299],[-72.22666,-36.45099],[-72.23392,-36.44274],[-72.23574,-36.43785],[-72.23419,-36.43083],[-72.23066,-36.42518],[-72.23364,-36.41542],[-72.23249,-36.40879],[-72.2331,-36.40426],[-72.22005,-36.37928],[-72.22032,-36.37382],[-72.21265,-36.36514]]}},{"id":"600","type":"Feature","properties":{"ROL":"N-311","NOMBRE_CAMINO":"Cruce N-305 (El Palo) - Trabuncura - Río Perquilauquén","CLASIFICACION":"Camino Regional Comunal","CALZADA":"U"},"geometry":{"type":"LineString","coordinates":[[-71.62434,-36.41796],[-71.62063,-36.41359],[-71.61858,-36.41283],[-71.61774,-36.40902],[-71.61984,-36.40618],[-71.62177,-36.39868],[-71.62108,-36.38473],[-71.62358,-36.38273],[-71.62348,-36.38054],[-71.62481,-36.38034],[-71.6239,-36.37962],[-71.62535,-36.37799],[-71.62498,-36.37609]]}},{"id":"601","type":"Feature","properties":{"ROL":"N-338","NOMBRE_CAMINO":"Cruce N-350 (Escuela Monte León) - Puente Loloco - Cruce N-356 (Alto Lilahue)","CLASIFICACION":"Camino Regional Comunal","CALZADA":"U"},"geometry":{"type":"LineString","coordinates":[[-72.08924,-36.48808],[-72.08637,-36.46522]]}},{"id":"602","type":"Feature","properties":{"ROL":"N-339","NOMBRE_CAMINO":"Cruce Ruta 5 (Vía de Servicio, San Carlos) - San Camilo - Cruce N-357 (Monteverde)","CLASIFICACION":"Camino Regional Comunal","CALZADA":"U"},"geometry":{"type":"LineString","coordinates":[[-71.95398,-36.44272],[-71.9534,-36.44444],[-71.95883,-36.46397],[-71.95781,-36.46824],[-71.96273,-36.4698],[-71.96285,-36.47784]]}},{"id":"603","type":"Feature","properties":{"ROL":"N-447","NOMBRE_CAMINO":"Cruce N-31 (Tres Esquinas) - Puente Nahueltoro - Tres Esquinas de Cato - Cruce N-49 (Coihueco, Plaza de Armas)","CLASIFICACION":"Camino Regional Provincial","CALZADA":"U"},"geometry":{"type":"LineString","coordinates":[[-71.76691,-36.45581],[-71.7715,-36.46549],[-71.76653,-36.46602],[-71.76662,-36.46807]]}},{"id":"604","type":"Feature","properties":{"ROL":"N-447","NOMBRE_CAMINO":"Cruce N-31 (Tres Esquinas) - Puente Nahueltoro - Tres Esquinas de Cato - Cruce N-49 (Coihueco, Plaza de Armas)","CLASIFICACION":"Camino Regional Provincial","CALZADA":"U"},"geometry":{"type":"LineString","coordinates":[[-71.75296,-36.48283],[-71.76791,-36.51571],[-71.76965,-36.52215]]}},{"id":"605","type":"Feature","properties":{"ROL":"N-466","NOMBRE_CAMINO":"Cruce N-620 (Panguilemu) - Trancoyán - Capillanía - Cruce N-470 (Antiquireo)","CLASIFICACION":"Camino Regional Comunal","CALZADA":"U"},"geometry":{"type":"LineString","coordinates":[[-72.48986,-36.51762],[-72.48821,-36.51256],[-72.49064,-36.50998],[-72.49042,-36.50725],[-72.49972,-36.50371],[-72.50321,-36.50044],[-72.50365,-36.49506],[-72.5054,-36.49119],[-72.50895,-36.48795],[-72.50918,-36.48557],[-72.50396,-36.48039],[-72.51834,-36.47393],[-72.5185,-36.47155],[-72.5246,-36.46632],[-72.52659,-36.46179],[-72.52827,-36.46113]]}},{"id":"606","type":"Feature","properties":{"ROL":"N-475","NOMBRE_CAMINO":"Cruce N-45 (Bureo Alto) - La Viñita - Cruce N-479 (Bustamante)","CLASIFICACION":"Camino Regional Comunal","CALZADA":"U"},"geometry":{"type":"LineString","coordinates":[[-71.67386,-36.56403],[-71.67856,-36.56564],[-71.68264,-36.56546]]}},{"id":"607","type":"Feature","properties":{"ROL":"N-475","NOMBRE_CAMINO":"Cruce N-45 (Bureo Alto) - La Viñita - Cruce N-479 (Bustamante)","CLASIFICACION":"Camino Regional Comunal","CALZADA":"U"},"geometry":{"type":"LineString","coordinates":[[-71.68529,-36.56537],[-71.70565,-36.56999],[-71.70993,-36.57214],[-71.7126,-36.5757],[-71.71884,-36.57812],[-71.72471,-36.57574],[-71.73539,-36.57755],[-71.7366,-36.57186],[-71.74489,-36.57333],[-71.74859,-36.57702],[-71.74973,-36.58513]]}},{"id":"608","type":"Feature","properties":{"ROL":"N-476","NOMBRE_CAMINO":"Cruce Ruta 126 S (Población Hernán Braña) - Torreón - Las Nieves - Cruce N-620 (Variante Chudal)","CLASIFICACION":"Camino Regional Comunal","CALZADA":"U"},"geometry":{"type":"LineString","coordinates":[[-72.65986,-36.50466],[-72.65208,-36.50991],[-72.64256,-36.51034],[-72.64049,-36.51131],[-72.64092,-36.5126],[-72.63511,-36.51307],[-72.6277,-36.51558],[-72.61798,-36.51178],[-72.61466,-36.50844],[-72.61166,-36.5092],[-72.60056,-36.5067],[-72.599,-36.51112],[-72.60095,-36.51503],[-72.59207,-36.52309],[-72.59112,-36.53115],[-72.57958,-36.53509],[-72.58044,-36.54283],[-72.58277,-36.54521],[-72.58211,-36.54606],[-72.5705,-36.55367],[-72.564,-36.55443],[-72.56186,-36.55594],[-72.55808,-36.5557],[-72.55517,-36.55931],[-72.55537,-36.56362],[-72.54848,-36.56686]]}},{"id":"609","type":"Feature","properties":{"ROL":"N-478","NOMBRE_CAMINO":"Cruce N-620 (Santa Ema) - Variante Chudal - Cruce N-476 (Los Pinos)","CLASIFICACION":"Camino Regional Comunal","CALZADA":"U"},"geometry":{"type":"LineString","coordinates":[[-72.51755,-36.54856],[-72.51885,-36.54553],[-72.52268,-36.54295],[-72.54042,-36.54607]]}},{"id":"610","type":"Feature","properties":{"ROL":"N-478","NOMBRE_CAMINO":"Cruce N-620 (Santa Ema) - Variante Chudal - Cruce N-476 (Los Pinos)","CLASIFICACION":"Camino Regional Comunal","CALZADA":"U"},"geometry":{"type":"LineString","coordinates":[[-72.55497,-36.54486],[-72.5618,-36.54758],[-72.5615,-36.55273],[-72.56367,-36.55463]]}},{"id":"611","type":"Feature","properties":{"ROL":"N-479","NOMBRE_CAMINO":"Cruce N-447 (Bustamante) - Calabozo - Escuela Los Queñes","CLASIFICACION":"Camino Regional Comunal","CALZADA":"U"},"geometry":{"type":"LineString","coordinates":[[-71.75476,-36.59429],[-71.74912,-36.59647],[-71.74997,-36.60114],[-71.74272,-36.60761],[-71.73915,-36.61515],[-71.72991,-36.62244],[-71.72878,-36.62558]]}},{"id":"612","type":"Feature","properties":{"ROL":"N-479","NOMBRE_CAMINO":"Cruce N-447 (Bustamante) - Calabozo - Escuela Los Queñes","CLASIFICACION":"Camino Regional Comunal (En Proceso de Enrolamiento)","CALZADA":"U"},"geometry":{"type":"LineString","coordinates":[[-71.72572,-36.62947],[-71.71658,-36.6317],[-71.7108,-36.62886],[-71.70227,-36.63163],[-71.69914,-36.62976],[-71.69411,-36.63093],[-71.6876,-36.63002],[-71.68126,-36.63302],[-71.67741,-36.63115],[-71.67728,-36.62785],[-71.672,-36.62434],[-71.6685,-36.62315],[-71.66411,-36.62369],[-71.65757,-36.62034],[-71.65401,-36.62149],[-71.64806,-36.62614],[-71.64324,-36.62759],[-71.63943,-36.6269],[-71.63448,-36.63099]]}},{"id":"613","type":"Feature","properties":{"ROL":"N-485","NOMBRE_CAMINO":"Cruce N-447 (Niblinto) - Minas del Prado","CLASIFICACION":"Camino Regional Comunal","CALZADA":"U"},"geometry":{"type":"LineString","coordinates":[[-71.76378,-36.61649],[-71.76355,-36.61995],[-71.76181,-36.62188],[-71.75324,-36.6245],[-71.75104,-36.63101],[-71.74436,-36.6372],[-71.74416,-36.63983],[-71.74174,-36.64333],[-71.74225,-36.64768],[-71.73726,-36.65242],[-71.7342,-36.65745],[-71.72979,-36.65856],[-71.72482,-36.65704],[-71.72251,-36.65884],[-71.71901,-36.66544],[-71.71387,-36.66286],[-71.7039,-36.6666]]}},{"id":"614","type":"Feature","properties":{"ROL":"N-501","NOMBRE_CAMINO":"Cruce N-557 (Tres Acequias) - Miraflores - Relbuncó","CLASIFICACION":"Camino Regional Comunal","CALZADA":"U"},"geometry":{"type":"LineString","coordinates":[[-71.83628,-36.66709],[-71.83404,-36.66812],[-71.82784,-36.67655],[-71.81765,-36.68401],[-71.8125,-36.68444],[-71.80823,-36.67866],[-71.79567,-36.68169],[-71.79175,-36.68075],[-71.78419,-36.68229]]}},{"id":"615","type":"Feature","properties":{"ROL":"N-505","NOMBRE_CAMINO":"Cruce N-447 (Coihueco, Plaza de Armas) - Los Olivos - El Imposible","CLASIFICACION":"Camino Regional Comunal","CALZADA":"U"},"geometry":{"type":"LineString","coordinates":[[-71.77754,-36.63611],[-71.77423,-36.64248],[-71.77199,-36.64316],[-71.76985,-36.64184],[-71.7638,-36.64765],[-71.76192,-36.64697],[-71.76192,-36.64564],[-71.7592,-36.64531],[-71.75414,-36.66103]]}},{"id":"616","type":"Feature","properties":{"ROL":"N-546","NOMBRE_CAMINO":"Cruce Ruta 5 (Puente Ñuble) - Cruce N-50 (Monte León)","CLASIFICACION":"Camino Regional Comunal","CALZADA":"U"},"geometry":{"type":"LineString","coordinates":[[-72.09085,-36.54437],[-72.09152,-36.54298],[-72.08947,-36.54052],[-72.09132,-36.53742],[-72.09075,-36.53622],[-72.09353,-36.53509],[-72.09224,-36.52823],[-72.09679,-36.52739],[-72.09616,-36.52392]]}},{"id":"617","type":"Feature","properties":{"ROL":"N-569","NOMBRE_CAMINO":"Cruce N-55 (Boyén) - La Montaña - Cruce N-575 (Paso Vielma)","CLASIFICACION":"Camino Regional Comunal","CALZADA":"U"},"geometry":{"type":"LineString","coordinates":[[-72.0108,-36.67046],[-71.99885,-36.67906],[-71.99328,-36.68714],[-71.98152,-36.69261],[-71.96403,-36.69823],[-71.94607,-36.70849],[-71.92642,-36.71496],[-71.90923,-36.72471],[-71.8939,-36.7299],[-71.88839,-36.7304],[-71.8887,-36.73435],[-71.8909,-36.73624],[-71.87941,-36.74331],[-71.88551,-36.74877]]}},{"id":"618","type":"Feature","properties":{"ROL":"N-609","NOMBRE_CAMINO":"Cruce N-605 (La Callana) - Lluanco - Los Canelos - Cruce N-655 (Mayulermo)","CLASIFICACION":"Camino Regional Comunal","CALZADA":"U"},"geometry":{"type":"LineString","coordinates":[[-72.07495,-36.67963],[-72.04423,-36.69702],[-72.00663,-36.71307],[-71.99194,-36.72194],[-71.98697,-36.72924],[-71.98654,-36.73423],[-71.9839,-36.73978],[-71.97523,-36.74463],[-71.95763,-36.76088],[-71.95111,-36.76404]]}},{"id":"619","type":"Feature","properties":{"ROL":"N-609","NOMBRE_CAMINO":"Cruce N-605 (La Callana) - Lluanco - Los Canelos - Cruce N-655 (Mayulermo)","CLASIFICACION":"Camino Regional Comunal","CALZADA":"U"},"geometry":{"type":"LineString","coordinates":[[-71.94473,-36.76753],[-71.94284,-36.77238],[-71.93118,-36.7752],[-71.91735,-36.7811],[-71.91078,-36.7828],[-71.90434,-36.78262],[-71.89286,-36.78638],[-71.88498,-36.79139],[-71.87982,-36.79218],[-71.87318,-36.79766],[-71.8631,-36.80148],[-71.86141,-36.80462],[-71.8571,-36.80529],[-71.86167,-36.82116],[-71.85781,-36.82312],[-71.85795,-36.82502]]}},{"id":"620","type":"Feature","properties":{"ROL":"N-630","NOMBRE_CAMINO":"Cruce N-620 (Puente Changaral) - Santa Emilia - Cruce N-610 (Llahuecuy)","CLASIFICACION":"Camino Regional Comunal","CALZADA":"U"},"geometry":{"type":"LineString","coordinates":[[-72.28607,-36.55496],[-72.30559,-36.56925],[-72.3093,-36.57029],[-72.31665,-36.5791],[-72.32084,-36.58119],[-72.33079,-36.58164],[-72.34091,-36.57897],[-72.34454,-36.58073]]}},{"id":"621","type":"Feature","properties":{"ROL":"N-630","NOMBRE_CAMINO":"Cruce N-620 (Puente Changaral) - Santa Emilia - Cruce N-610 (Llahuecuy)","CLASIFICACION":"Camino Regional Comunal","CALZADA":"U"},"geometry":{"type":"LineString","coordinates":[[-72.36843,-36.57348],[-72.37984,-36.57093]]}},{"id":"622","type":"Feature","properties":{"ROL":"N-631","NOMBRE_CAMINO":"Cruce Ruta 5 (Peaje Norte Bulnes) - Larqui Oriente - Cruce N-601 (Coltón)","CLASIFICACION":"Camino Regional Comunal","CALZADA":"U"},"geometry":{"type":"LineString","coordinates":[[-72.26375,-36.72951],[-72.25069,-36.73513],[-72.24872,-36.73795],[-72.24898,-36.74012],[-72.24129,-36.74243],[-72.23936,-36.74558],[-72.22873,-36.75205],[-72.21901,-36.76163],[-72.20581,-36.76679]]}},{"id":"623","type":"Feature","properties":{"ROL":"N-637","NOMBRE_CAMINO":"Cruce N-59-Q (Bifurcación San Ignacio) - El Quillay - Cruce N-645 (Coltón Quillay)","CLASIFICACION":"Camino Regional Comunal","CALZADA":"U"},"geometry":{"type":"LineString","coordinates":[[-72.17267,-36.7742],[-72.17967,-36.78302]]}},{"id":"624","type":"Feature","properties":{"ROL":"N-653","NOMBRE_CAMINO":"Cruce N-59-Q (La Greda) - Carrizales - Cruce N-677 (Montaña Garay)","CLASIFICACION":"Camino Regional Comunal","CALZADA":"U"},"geometry":{"type":"LineString","coordinates":[[-72.07338,-36.81541],[-72.05111,-36.82042],[-72.03588,-36.82721],[-72.02398,-36.83087],[-72.02371,-36.8321],[-72.01877,-36.83418],[-72.01658,-36.83314]]}},{"id":"625","type":"Feature","properties":{"ROL":"N-677","NOMBRE_CAMINO":"Cruce N-655 (San Ignacio) - Puente Urrutia - Cruce N-777 (Puente Las Raíces)","CLASIFICACION":"Camino Regional Comunal","CALZADA":"U"},"geometry":{"type":"LineString","coordinates":[[-72.02232,-36.80362],[-72.02395,-36.80815],[-72.0202,-36.8106],[-72.02482,-36.8167],[-72.01683,-36.82475],[-72.01576,-36.82717],[-72.01688,-36.82861],[-72.01563,-36.83001],[-72.01664,-36.83309],[-72.01265,-36.83705],[-71.999,-36.84369],[-72.00125,-36.84974],[-71.96896,-36.85792],[-71.96755,-36.86005],[-71.9676,-36.86198],[-71.97291,-36.86262],[-71.97857,-36.87953],[-71.97767,-36.88365],[-71.98041,-36.88446],[-71.98485,-36.89114],[-71.98599,-36.89538]]}},{"id":"626","type":"Feature","properties":{"ROL":"N-684","NOMBRE_CAMINO":"Cruce Ruta 5 (Los Colihues) - Pelehuito","CLASIFICACION":"Camino Regional Comunal","CALZADA":"U"},"geometry":{"type":"LineString","coordinates":[[-72.23207,-36.63762],[-72.23999,-36.63585],[-72.25089,-36.6379],[-72.26145,-36.63646],[-72.27222,-36.63673],[-72.27908,-36.63395]]}},{"id":"627","type":"Feature","properties":{"ROL":"N-701","NOMBRE_CAMINO":"Cruce N-677 (Santa Juana) - El Calvario - Cruce N-655 (Mayulermo)","CLASIFICACION":"Camino Regional Comunal","CALZADA":"U"},"geometry":{"type":"LineString","coordinates":[[-71.96644,-36.85059],[-71.9578,-36.8516],[-71.93979,-36.85082],[-71.91587,-36.8469],[-71.87441,-36.84644],[-71.86749,-36.84428],[-71.85726,-36.84606],[-71.84167,-36.84247],[-71.82805,-36.84233],[-71.82452,-36.83912],[-71.82284,-36.83426]]}},{"id":"628","type":"Feature","properties":{"ROL":"N-705","NOMBRE_CAMINO":"Cruce N-677 (Puente Urrutia) - Huemul - Agua Santa - Vergara","CLASIFICACION":"Camino Regional Comunal","CALZADA":"U"},"geometry":{"type":"LineString","coordinates":[[-71.96765,-36.862],[-71.94511,-36.86272],[-71.94173,-36.86069],[-71.92444,-36.85908],[-71.91874,-36.86145],[-71.89459,-36.8605],[-71.87219,-36.86127],[-71.85287,-36.86838],[-71.8553,-36.88446],[-71.85412,-36.88568],[-71.83849,-36.88463],[-71.83592,-36.88758],[-71.82844,-36.88748],[-71.80448,-36.88409],[-71.78604,-36.89162],[-71.77769,-36.89105],[-71.77551,-36.89667]]}},{"id":"629","type":"Feature","properties":{"ROL":"N-720","NOMBRE_CAMINO":"Cruce N-48-O (Puente Queime) - Peñablanca","CLASIFICACION":"Camino Regional Comunal","CALZADA":"U"},"geometry":{"type":"LineString","coordinates":[[-72.58742,-36.74921],[-72.58525,-36.74643],[-72.58508,-36.74181],[-72.58164,-36.7391],[-72.57981,-36.73563],[-72.57945,-36.73351],[-72.58149,-36.7303],[-72.58055,-36.72635],[-72.57742,-36.72368],[-72.57763,-36.72134],[-72.57132,-36.71841],[-72.56854,-36.71482],[-72.56915,-36.71308],[-72.56608,-36.70069],[-72.56871,-36.69474],[-72.55899,-36.69491]]}},{"id":"630","type":"Feature","properties":{"ROL":"N-745","NOMBRE_CAMINO":"Cruce Ruta 5 (San Miguel) - Relbún - Cruce N-85 (Agua de La Gloria)","CLASIFICACION":"Camino Regional Comunal","CALZADA":"U"},"geometry":{"type":"LineString","coordinates":[[-72.31068,-36.90092],[-72.30213,-36.9047]]}},{"id":"631","type":"Feature","properties":{"ROL":"N-745","NOMBRE_CAMINO":"Cruce Ruta 5 (San Miguel) - Relbún - Cruce N-85 (Agua de La Gloria)","CLASIFICACION":"Camino Regional Comunal","CALZADA":"U"},"geometry":{"type":"LineString","coordinates":[[-72.26589,-36.9161],[-72.27091,-36.9285],[-72.26736,-36.93728],[-72.26945,-36.94335],[-72.27455,-36.94646],[-72.27445,-36.95146],[-72.2771,-36.95651]]}},{"id":"632","type":"Feature","properties":{"ROL":"N-751","NOMBRE_CAMINO":"Cruce N-887 (Monte León) - Suiza","CLASIFICACION":"Camino Regional de Acceso","CALZADA":"U"},"geometry":{"type":"LineString","coordinates":[[-71.71955,-37.01565],[-71.71713,-37.01573],[-71.71409,-37.01809],[-71.71076,-37.01753]]}},{"id":"633","type":"Feature","properties":{"ROL":"N-773","NOMBRE_CAMINO":"Cruce Ruta 5 (Santa Clara) - Los Tilos - Cruce N-59-Q (Pueblo Seco)","CLASIFICACION":"Camino Regional Provincial","CALZADA":"U"},"geometry":{"type":"LineString","coordinates":[[-72.2599,-36.87935],[-72.2606,-36.88252],[-72.24307,-36.88409],[-72.20193,-36.88504],[-72.19921,-36.88068],[-72.19315,-36.881],[-72.1859,-36.87734],[-72.17367,-36.88056],[-72.12722,-36.88747],[-72.11825,-36.88703]]}},{"id":"634","type":"Feature","properties":{"ROL":"N-805","NOMBRE_CAMINO":"Cruce N-777 (El Carmen) - Lomas Blancas - Cruce N-777 (Chamizal)","CLASIFICACION":"Camino Regional Comunal","CALZADA":"U"},"geometry":{"type":"LineString","coordinates":[[-71.98141,-36.95573],[-71.95702,-36.96626],[-71.93725,-36.97285],[-71.92234,-36.97249],[-71.91157,-36.97763],[-71.90133,-36.97682],[-71.89141,-36.97771],[-71.88402,-36.98009],[-71.85998,-36.98422],[-71.85421,-36.98796],[-71.84377,-36.98939],[-71.82045,-36.99671],[-71.80369,-36.99806],[-71.79801,-36.99693],[-71.79795,-36.99188],[-71.78487,-36.98428]]}},{"id":"635","type":"Feature","properties":{"ROL":"N-805","NOMBRE_CAMINO":"Cruce N-777 (El Carmen) - Lomas Blancas - Cruce N-777 (Chamizal)","CLASIFICACION":"Camino Regional Comunal","CALZADA":"U"},"geometry":{"type":"LineString","coordinates":[[-72.02769,-36.9083],[-72.0295,-36.91054],[-72.02902,-36.91163],[-72.01843,-36.91686],[-72.01595,-36.929]]}},{"id":"636","type":"Feature","properties":{"ROL":"N-815","NOMBRE_CAMINO":"Cruce N-777 (El Carmen) - San Isidro - Cruce N-825 (Lo Franco)","CLASIFICACION":"Camino Regional Comunal","CALZADA":"U"},"geometry":{"type":"LineString","coordinates":[[-72.00418,-36.90219],[-72.00418,-36.90478],[-71.99667,-36.9079],[-71.99349,-36.91175],[-71.98417,-36.91508],[-71.98126,-36.91779],[-71.96245,-36.92788],[-71.94984,-36.93317],[-71.94599,-36.93313],[-71.93162,-36.94255],[-71.93203,-36.9456],[-71.93068,-36.94692],[-71.9243,-36.94966],[-71.91703,-36.95482],[-71.90064,-36.96058],[-71.89723,-36.96336],[-71.88805,-36.96566],[-71.88682,-36.96235],[-71.88323,-36.96299],[-71.88152,-36.96023],[-71.87928,-36.95938],[-71.87827,-36.95329]]}},{"id":"637","type":"Feature","properties":{"ROL":"N-820","NOMBRE_CAMINO":"Cruce N-86 (Huacamalá) - Las Perdices - El Peley - Talcamo","CLASIFICACION":"Camino Regional Comunal","CALZADA":"U"},"geometry":{"type":"LineString","coordinates":[[-72.44902,-36.80619],[-72.45245,-36.8114]]}},{"id":"638","type":"Feature","properties":{"ROL":"N-820","NOMBRE_CAMINO":"Cruce N-86 (Huacamalá) - Las Perdices - El Peley - Talcamo","CLASIFICACION":"Camino Regional Comunal","CALZADA":"U"},"geometry":{"type":"LineString","coordinates":[[-72.47187,-36.83364],[-72.46778,-36.84131],[-72.46929,-36.84274],[-72.4704,-36.85087],[-72.48389,-36.84702],[-72.48875,-36.84754],[-72.49585,-36.84303]]}},{"id":"639","type":"Feature","properties":{"ROL":"N-820","NOMBRE_CAMINO":"Cruce N-86 (Huacamalá) - Las Perdices - El Peley - Talcamo","CLASIFICACION":"Camino Regional Comunal","CALZADA":"U"},"geometry":{"type":"LineString","coordinates":[[-72.49585,-36.84303],[-72.50011,-36.84218],[-72.51196,-36.84413],[-72.51541,-36.84873],[-72.52191,-36.85393]]}},{"id":"640","type":"Feature","properties":{"ROL":"N-820","NOMBRE_CAMINO":"Cruce N-86 (Huacamalá) - Las Perdices - El Peley - Talcamo","CLASIFICACION":"Camino Regional Comunal (En Proceso de Enrolamiento)","CALZADA":"U"},"geometry":{"type":"LineString","coordinates":[[-72.52191,-36.85393],[-72.52423,-36.8545],[-72.53223,-36.85216],[-72.53509,-36.85522],[-72.53983,-36.85384],[-72.54088,-36.85454],[-72.54091,-36.86026],[-72.54284,-36.86217]]}},{"id":"641","type":"Feature","properties":{"ROL":"N-86","NOMBRE_CAMINO":"Cruce Ruta 5 (Paso Superior General Cruz) - Puente Liucura - Cruce N-48-O (Puente Quillón)","CLASIFICACION":"Camino Regional Principal","CALZADA":"U"},"geometry":{"type":"LineString","coordinates":[[-72.38292,-36.91079],[-72.38343,-36.90906],[-72.38541,-36.90835],[-72.39095,-36.90859],[-72.39204,-36.9064],[-72.39466,-36.90613],[-72.39584,-36.90393],[-72.39972,-36.90288],[-72.40707,-36.90385],[-72.41276,-36.89842],[-72.42403,-36.89735],[-72.42796,-36.89563],[-72.43253,-36.89047],[-72.43633,-36.89143],[-72.44121,-36.88927],[-72.44384,-36.89012],[-72.44693,-36.88759]]}},{"id":"642","type":"Feature","properties":{"ROL":"N-887","NOMBRE_CAMINO":"Cruce N-59-Q (Pemuco) - Cartago - Monte León","CLASIFICACION":"Camino Regional Comunal","CALZADA":"U"},"geometry":{"type":"LineString","coordinates":[[-71.82163,-37.02194],[-71.80428,-37.02125],[-71.78275,-37.02296],[-71.74994,-37.01553],[-71.73313,-37.01814],[-71.70815,-37.02502]]}},{"id":"643","type":"Feature","properties":{"ROL":"N-887","NOMBRE_CAMINO":"Cruce N-59-Q (Pemuco) - Cartago - Monte León","CLASIFICACION":"Camino Regional Comunal","CALZADA":"U"},"geometry":{"type":"LineString","coordinates":[[-71.99683,-37.00595],[-71.98348,-37.00445],[-71.95473,-37.01045],[-71.94673,-37.00904],[-71.89151,-37.01608],[-71.87488,-37.01695],[-71.85633,-37.02077]]}},{"id":"644","type":"Feature","properties":{"ROL":"N-887","NOMBRE_CAMINO":"Cruce N-59-Q (Pemuco) - Cartago - Monte León","CLASIFICACION":"Camino Regional Comunal","CALZADA":"U"},"geometry":{"type":"LineString","coordinates":[[-71.70815,-37.02502],[-71.70682,-37.02574],[-71.70469,-37.02453],[-71.69641,-37.02388]]}},{"id":"645","type":"Feature","properties":{"ROL":"N-935","NOMBRE_CAMINO":"Cruce N-59-Q (Yungay) - La Pata de Gallo - Santa Lucía Alto - Baquedano","CLASIFICACION":"Camino Regional Comunal (En Proceso de Enrolamiento)","CALZADA":"U"},"geometry":{"type":"LineString","coordinates":[[-71.78314,-37.1075],[-71.77586,-37.11048],[-71.75874,-37.11111],[-71.75468,-37.11406],[-71.75121,-37.11281],[-71.74517,-37.11637],[-71.74036,-37.11486],[-71.71216,-37.11396],[-71.68408,-37.11958],[-71.66556,-37.11038],[-71.65463,-37.10017],[-71.65586,-37.09822],[-71.65491,-37.09644],[-71.64632,-37.09346]]}},{"id":"646","type":"Feature","properties":{"ROL":"S/R-N-237","NOMBRE_CAMINO":"Cruce Ruta 5 (Virhuín) - Los Maitenes - Cruce N-151 (Las Rosas)","CLASIFICACION":"Camino Regional Comunal (En Proceso de Enrolamiento)","CALZADA":"U"},"geometry":{"type":"LineString","coordinates":[[-71.82112,-36.36957],[-71.81799,-36.36448],[-71.81212,-36.35878],[-71.81046,-36.36003],[-71.80228,-36.35454]]}},{"id":"647","type":"Feature","properties":{"ROL":"S/R-N-242","NOMBRE_CAMINO":"Cruce Ruta 5 (Virhuín Abajo) - El Espinal - Cruce N-240-M (Estación Ñiquén)","CLASIFICACION":"Camino Regional Comunal (En Proceso de Enrolamiento)","CALZADA":"U"},"geometry":{"type":"LineString","coordinates":[[-71.84501,-36.33876],[-71.86585,-36.33383],[-71.8749,-36.32569],[-71.87901,-36.32361],[-71.8826,-36.31879],[-71.89704,-36.30979],[-71.89738,-36.30012],[-71.90039,-36.2991],[-71.90072,-36.29406]]}},{"id":"648","type":"Feature","properties":{"ROL":"S/R-N-253","NOMBRE_CAMINO":"Cruce N-269 (Enlace Tiuquilemu) - San Gregorio (Calle Estado)","CLASIFICACION":"Camino Regional Comunal (En Proceso de Enrolamiento)","CALZADA":"U"},"geometry":{"type":"LineString","coordinates":[[-71.87794,-36.36307],[-71.86336,-36.35966]]}},{"id":"649","type":"Feature","properties":{"ROL":"S/R-N-253","NOMBRE_CAMINO":"Cruce N-269 (Enlace Tiuquilemu) - San Gregorio (Calle Estado)","CLASIFICACION":"Camino Regional Comunal (En Proceso de Enrolamiento)","CALZADA":"U"},"geometry":{"type":"LineString","coordinates":[[-71.84753,-36.3467],[-71.83903,-36.33287],[-71.83336,-36.32056],[-71.82305,-36.30721],[-71.82172,-36.30013],[-71.81609,-36.28716],[-71.81629,-36.28429]]}},{"id":"650","type":"Feature","properties":{"ROL":"S/R-N-317","NOMBRE_CAMINO":"Cruce N-31 (Cachapoal) - Quihua Alto - Río Ñuble","CLASIFICACION":"Camino Regional Comunal (En Proceso de Enrolamiento)","CALZADA":"U"},"geometry":{"type":"LineString","coordinates":[[-71.72505,-36.46297],[-71.70426,-36.47742],[-71.68238,-36.48462],[-71.68022,-36.48728],[-71.68264,-36.49561],[-71.68143,-36.5014]]}},{"id":"651","type":"Feature","properties":{"ROL":"S/R-N-432","NOMBRE_CAMINO":"Cruce N-50 (La Posta) - Cuna de Prat - Agua Fría - Cruce N-38 (Ninhue)","CLASIFICACION":"Camino Regional Provincial (En Proceso de Enrolamiento)","CALZADA":"U"},"geometry":{"type":"LineString","coordinates":[[-72.42983,-36.39546],[-72.42873,-36.39452],[-72.42353,-36.39534],[-72.42047,-36.39821],[-72.41647,-36.3959],[-72.4114,-36.3962],[-72.40301,-36.39909],[-72.40117,-36.39756],[-72.39788,-36.39815]]}},{"id":"652","type":"Feature","properties":{"ROL":"S/R-N-483","NOMBRE_CAMINO":"Coihueco (Cruce Calle Baquedano/Calle Barrón) - Las Pataguas","CLASIFICACION":"Camino Regional de Acceso (En Proceso de Enrolamiento)","CALZADA":"U"},"geometry":{"type":"LineString","coordinates":[[-71.83655,-36.61476],[-71.83815,-36.60485],[-71.8423,-36.59855],[-71.8446,-36.59137],[-71.84395,-36.57638],[-71.83952,-36.57556],[-71.8299,-36.57971]]}},{"id":"653","type":"Feature","properties":{"ROL":"S/R-N-899","NOMBRE_CAMINO":"Cruce N-59-Q (Yungay) - Panquequillo","CLASIFICACION":"Camino Regional de Acceso (En Proceso de Enrolamiento)","CALZADA":"U"},"geometry":{"type":"LineString","coordinates":[[-72.0031,-37.11332],[-71.98664,-37.11098],[-71.98033,-37.10693],[-71.97727,-37.10634],[-71.94881,-37.10592],[-71.94522,-37.10317],[-71.94442,-37.10084],[-71.93146,-37.09936],[-71.93164,-37.09611]]}},{"id":"654","type":"Feature","properties":{"ROL":"S/R-N-945","NOMBRE_CAMINO":"Cruce N-97-Q (Cholguán) - Cruce N-59-Q (Tres Esquinas)","CLASIFICACION":"Camino Regional Comunal (En Proceso de Enrolamiento)","CALZADA":"U"},"geometry":{"type":"LineString","coordinates":[[-72.03709,-37.13774],[-72.02919,-37.1376],[-72.01674,-37.13516]]}},{"id":"655","type":"Feature","properties":{"ROL":"N-540","NOMBRE_CAMINO":"Cruce N-50 (Dadinco) - Santa Ana","CLASIFICACION":"Camino Regional Comunal","CALZADA":"U"},"geometry":{"type":"LineString","coordinates":[[-72.18106,-36.53812],[-72.18229,-36.54783]]}},{"id":"656","type":"Feature","properties":{"ROL":"N-773","NOMBRE_CAMINO":"Cruce Ruta 5 (Santa Clara) - Los Tilos - Cruce N-59-Q (Pueblo Seco)","CLASIFICACION":"Camino Regional Provincial","CALZADA":"U"},"geometry":{"type":"LineString","coordinates":[[-72.32398,-36.84478],[-72.31576,-36.8467],[-72.29311,-36.86917]]}},{"id":"657","type":"Feature","properties":{"ROL":"N-773","NOMBRE_CAMINO":"Cruce Ruta 5 (Santa Clara) - Los Tilos - Cruce N-59-Q (Pueblo Seco)","CLASIFICACION":"Camino Regional Provincial","CALZADA":"U"},"geometry":{"type":"LineString","coordinates":[[-72.10158,-36.88311],[-72.09356,-36.8811]]}},{"id":"658","type":"Feature","properties":{"ROL":"N-112","NOMBRE_CAMINO":"Cruce N-66 (Vegas de Concha) - Cruce N-122 (Calle Manuel Antonio Matta)","CLASIFICACION":"Camino Regional Provincial","CALZADA":"U"},"geometry":{"type":"LineString","coordinates":[[-72.53155,-36.6065],[-72.53351,-36.60505]]}},{"id":"659","type":"Feature","properties":{"ROL":"N-190","NOMBRE_CAMINO":"Cruce N-170 (Casas Quemadas) - Checura - Cruce N-104 (Batuco)","CLASIFICACION":"Camino Regional Comunal","CALZADA":"U"},"geometry":{"type":"LineString","coordinates":[[-72.67997,-36.60867],[-72.67694,-36.60624],[-72.6693,-36.60563],[-72.66569,-36.60052],[-72.66054,-36.60082]]}},{"id":"660","type":"Feature","properties":{"ROL":"N-190","NOMBRE_CAMINO":"Cruce N-170 (Casas Quemadas) - Checura - Cruce N-104 (Batuco)","CLASIFICACION":"Camino Regional Comunal","CALZADA":"U"},"geometry":{"type":"LineString","coordinates":[[-72.6505,-36.59611],[-72.64908,-36.59291],[-72.65084,-36.58622]]}},{"id":"661","type":"Feature","properties":{"ROL":"N-269","NOMBRE_CAMINO":"Cruce Ruta 5 (Paso Superior Tiuquilemu) - Tiuquilemu - Cruce N-265 (San Jorge)","CLASIFICACION":"Camino Regional Comunal","CALZADA":"U"},"geometry":{"type":"LineString","coordinates":[[-71.87242,-36.37165],[-71.85651,-36.37858],[-71.85005,-36.38342]]}},{"id":"662","type":"Feature","properties":{"ROL":"N-269","NOMBRE_CAMINO":"Cruce Ruta 5 (Paso Superior Tiuquilemu) - Tiuquilemu - Cruce N-265 (San Jorge)","CLASIFICACION":"Camino Regional Comunal","CALZADA":"U"},"geometry":{"type":"LineString","coordinates":[[-71.82348,-36.39656],[-71.811,-36.40575]]}},{"id":"663","type":"Feature","properties":{"ROL":"N-475","NOMBRE_CAMINO":"Cruce N-45 (Bureo Alto) - La Viñita - Cruce N-479 (Bustamante)","CLASIFICACION":"Camino Regional Comunal","CALZADA":"U"},"geometry":{"type":"LineString","coordinates":[[-71.74973,-36.58513],[-71.75602,-36.59399]]}},{"id":"664","type":"Feature","properties":{"ROL":"N-478","NOMBRE_CAMINO":"Cruce N-620 (Santa Ema) - Variante Chudal - Cruce N-476 (Los Pinos)","CLASIFICACION":"Camino Regional Comunal","CALZADA":"U"},"geometry":{"type":"LineString","coordinates":[[-72.54042,-36.54607],[-72.54545,-36.54621]]}},{"id":"665","type":"Feature","properties":{"ROL":"N-478","NOMBRE_CAMINO":"Cruce N-620 (Santa Ema) - Variante Chudal - Cruce N-476 (Los Pinos)","CLASIFICACION":"Camino Regional Comunal","CALZADA":"U"},"geometry":{"type":"LineString","coordinates":[[-72.55081,-36.54506],[-72.55497,-36.54486]]}},{"id":"666","type":"Feature","properties":{"ROL":"N-479","NOMBRE_CAMINO":"Cruce N-447 (Bustamante) - Calabozo - Escuela Los Queñes","CLASIFICACION":"Camino Regional Comunal","CALZADA":"U"},"geometry":{"type":"LineString","coordinates":[[-71.76195,-36.59215],[-71.75476,-36.59429]]}},{"id":"667","type":"Feature","properties":{"ROL":"N-505","NOMBRE_CAMINO":"Cruce N-447 (Coihueco, Plaza de Armas) - Los Olivos - El Imposible","CLASIFICACION":"Camino Regional Comunal","CALZADA":"U"},"geometry":{"type":"LineString","coordinates":[[-71.75414,-36.66103],[-71.74911,-36.6658]]}},{"id":"668","type":"Feature","properties":{"ROL":"N-505","NOMBRE_CAMINO":"Cruce N-447 (Coihueco, Plaza de Armas) - Los Olivos - El Imposible","CLASIFICACION":"Camino Regional Comunal","CALZADA":"U"},"geometry":{"type":"LineString","coordinates":[[-71.80028,-36.6312],[-71.79427,-36.6283],[-71.7868,-36.6309]]}},{"id":"669","type":"Feature","properties":{"ROL":"N-505","NOMBRE_CAMINO":"Cruce N-447 (Coihueco, Plaza de Armas) - Los Olivos - El Imposible","CLASIFICACION":"Camino Regional Comunal","CALZADA":"U"},"geometry":{"type":"LineString","coordinates":[[-71.7868,-36.6309],[-71.78428,-36.63433],[-71.77754,-36.63611]]}},{"id":"670","type":"Feature","properties":{"ROL":"N-70-M","NOMBRE_CAMINO":"Cauquenes - Torrecillas - San Carlos, Sector: Límite Regional (Puente El Guindo) - San Carlos (Calle Luis Acevedo)","CLASIFICACION":"Camino Regional Principal","CALZADA":"U"},"geometry":{"type":"LineString","coordinates":[[-72.05157,-36.41901],[-72.03284,-36.42532],[-72.02837,-36.42409],[-72.01576,-36.42593],[-72.00805,-36.42291],[-71.9965,-36.42387],[-71.98936,-36.42246],[-71.96689,-36.42507]]}},{"id":"671","type":"Feature","properties":{"ROL":"N-106","NOMBRE_CAMINO":"Cruce N-114 (Escuela) - Alto Centro - Cruce N-114 (Puente Uvas Blancas)","CLASIFICACION":"Camino Regional Comunal","CALZADA":"U"},"geometry":{"type":"LineString","coordinates":[[-72.5138,-36.6196],[-72.51851,-36.61529],[-72.52252,-36.61475],[-72.51937,-36.62216],[-72.52014,-36.62313]]}},{"id":"672","type":"Feature","properties":{"ROL":"N-108","NOMBRE_CAMINO":"Cruce N-66 (Correo) - Cruce N-114 (Cementerio)","CLASIFICACION":"Camino Regional Comunal","CALZADA":"U"},"geometry":{"type":"LineString","coordinates":[[-72.52536,-36.6359],[-72.5238,-36.63268],[-72.52616,-36.62809],[-72.5252,-36.62327]]}},{"id":"673","type":"Feature","properties":{"ROL":"N-110","NOMBRE_CAMINO":"Cruce N-80-M (Buchupureo) - Quile - Montaña de Copihues - Cruce M-870 (Copiulemu)","CLASIFICACION":"Camino Regional Comunal","CALZADA":"U"},"geometry":{"type":"LineString","coordinates":[[-72.75963,-36.07274],[-72.76061,-36.07137],[-72.75909,-36.0714],[-72.75843,-36.06871],[-72.75248,-36.06499],[-72.74604,-36.05801],[-72.73984,-36.05523],[-72.73468,-36.05647],[-72.723,-36.04759],[-72.71315,-36.04852],[-72.70936,-36.04345],[-72.70192,-36.04185],[-72.68832,-36.04525],[-72.68739,-36.04321],[-72.68272,-36.04191],[-72.68101,-36.03951],[-72.6758,-36.03991],[-72.66951,-36.03767],[-72.66644,-36.03315],[-72.66449,-36.03298]]}},{"id":"674","type":"Feature","properties":{"ROL":"N-116","NOMBRE_CAMINO":"Cruce N-66 (Correo) - Metranquil","CLASIFICACION":"Camino Regional de Acceso","CALZADA":"U"},"geometry":{"type":"LineString","coordinates":[[-72.52514,-36.636],[-72.52408,-36.64399],[-72.5261,-36.64694]]}},{"id":"675","type":"Feature","properties":{"ROL":"N-118","NOMBRE_CAMINO":"Cruce N-104 (Batuco) - Cancha Los Botones - Cruce N-122 (Puente El Barco)","CLASIFICACION":"Camino Regional Comunal","CALZADA":"U"},"geometry":{"type":"LineString","coordinates":[[-72.60111,-36.58702],[-72.59923,-36.58845],[-72.59556,-36.58803],[-72.5953,-36.5854],[-72.59195,-36.58564],[-72.58994,-36.58421],[-72.5836,-36.57589],[-72.57913,-36.57597],[-72.57603,-36.57443],[-72.57291,-36.57507],[-72.56823,-36.57886],[-72.56668,-36.58325],[-72.56927,-36.58527],[-72.56495,-36.58695],[-72.56524,-36.59104],[-72.56353,-36.59359],[-72.56105,-36.59287],[-72.55458,-36.59729],[-72.55483,-36.60039],[-72.55272,-36.60296],[-72.55381,-36.60801],[-72.54648,-36.61161]]}},{"id":"676","type":"Feature","properties":{"ROL":"N-120","NOMBRE_CAMINO":"Cruce N-66 (Vegas de Concha) - Huape - Cruce N-122 (Calle Pedro Aguirre Cerda)","CLASIFICACION":"Camino Regional Provincial","CALZADA":"U"},"geometry":{"type":"LineString","coordinates":[[-72.54384,-36.62653],[-72.54156,-36.62584],[-72.54128,-36.62182],[-72.539,-36.61972],[-72.53893,-36.61637]]}},{"id":"677","type":"Feature","properties":{"ROL":"N-124","NOMBRE_CAMINO":"Cruce N-66 (Puente Amarillo) - Lomas Coloradas","CLASIFICACION":"Camino Regional de Acceso","CALZADA":"U"},"geometry":{"type":"LineString","coordinates":[[-72.55744,-36.62114],[-72.55754,-36.63016],[-72.55952,-36.63396],[-72.55868,-36.63573],[-72.56215,-36.64272]]}},{"id":"678","type":"Feature","properties":{"ROL":"N-126","NOMBRE_CAMINO":"Cruce N-66 (San José) - Cruce N-336 (San Juan)","CLASIFICACION":"Camino Regional Comunal","CALZADA":"U"},"geometry":{"type":"LineString","coordinates":[[-72.58829,-36.62666],[-72.5915,-36.63012],[-72.59156,-36.63517],[-72.59438,-36.63711],[-72.59742,-36.64196],[-72.60122,-36.64292]]}},{"id":"679","type":"Feature","properties":{"ROL":"N-130","NOMBRE_CAMINO":"Cruce N-80-M (Cobquecura) - Cajón del Molino","CLASIFICACION":"Camino Regional Comunal","CALZADA":"U"},"geometry":{"type":"LineString","coordinates":[[-72.79449,-36.13057],[-72.79373,-36.1322],[-72.79137,-36.13139]]}},{"id":"680","type":"Feature","properties":{"ROL":"N-130","NOMBRE_CAMINO":"Cruce N-80-M (Cobquecura) - Cajón del Molino","CLASIFICACION":"Camino Regional Comunal","CALZADA":"U"},"geometry":{"type":"LineString","coordinates":[[-72.77664,-36.12627],[-72.7778,-36.12274],[-72.76766,-36.11575],[-72.76598,-36.11566],[-72.76129,-36.12041],[-72.75598,-36.11801],[-72.7543,-36.115],[-72.7507,-36.11677]]}},{"id":"681","type":"Feature","properties":{"ROL":"N-136","NOMBRE_CAMINO":"Cruce N-104 (Magdalena) - Cruce N-190 (Checura)","CLASIFICACION":"Camino Regional Comunal","CALZADA":"U"},"geometry":{"type":"LineString","coordinates":[[-72.6103,-36.54777],[-72.61363,-36.54613],[-72.62532,-36.54946],[-72.6249,-36.55296],[-72.628,-36.55542],[-72.62722,-36.55722],[-72.62842,-36.56024],[-72.63197,-36.56454],[-72.63409,-36.56374],[-72.64015,-36.56784],[-72.64415,-36.5678]]}},{"id":"682","type":"Feature","properties":{"ROL":"N-136","NOMBRE_CAMINO":"Cruce N-104 (Magdalena) - Cruce N-190 (Checura)","CLASIFICACION":"Camino Regional Comunal","CALZADA":"U"},"geometry":{"type":"LineString","coordinates":[[-72.64415,-36.5678],[-72.64676,-36.57245],[-72.64468,-36.57312],[-72.64437,-36.5758]]}},{"id":"683","type":"Feature","properties":{"ROL":"N-140","NOMBRE_CAMINO":"Cruce Ruta 126 S (Los Remates) - Guairavo - Límite Regional","CLASIFICACION":"Camino Regional Comunal","CALZADA":"U"},"geometry":{"type":"LineString","coordinates":[[-72.49669,-36.21168],[-72.49577,-36.21296],[-72.48511,-36.21504],[-72.47532,-36.21947],[-72.45671,-36.22342],[-72.44527,-36.22732],[-72.44233,-36.22571],[-72.43782,-36.22671],[-72.43559,-36.22869],[-72.43358,-36.22694],[-72.41904,-36.22983],[-72.41644,-36.22891]]}},{"id":"684","type":"Feature","properties":{"ROL":"N-140","NOMBRE_CAMINO":"Cruce Ruta 126 S (Los Remates) - Guairavo - Límite Regional","CLASIFICACION":"Camino Regional Comunal (En Proceso de Enrolamiento)","CALZADA":"U"},"geometry":{"type":"LineString","coordinates":[[-72.40624,-36.22648],[-72.39917,-36.23225],[-72.39019,-36.24273],[-72.37944,-36.24821]]}},{"id":"685","type":"Feature","properties":{"ROL":"N-156-M","NOMBRE_CAMINO":"Cruce N-70-M (Talhuán) - Río Lonquén - Cruce M-790-N (Pichimávida), Sector: Talhuán - Límite Regional (Río Lonquén)","CLASIFICACION":"Camino Regional Provincial","CALZADA":"U"},"geometry":{"type":"LineString","coordinates":[[-72.31961,-36.2797],[-72.33703,-36.27335],[-72.33945,-36.27645],[-72.34906,-36.2723],[-72.35899,-36.26575],[-72.36444,-36.26017],[-72.36566,-36.25691],[-72.36789,-36.25648],[-72.36872,-36.255]]}},{"id":"686","type":"Feature","properties":{"ROL":"N-158","NOMBRE_CAMINO":"Cruce Ruta 126 S (Santa Ana) - Chorrillos - El Roble","CLASIFICACION":"Camino Regional de Acceso","CALZADA":"U"},"geometry":{"type":"LineString","coordinates":[[-72.71599,-36.50413],[-72.70725,-36.51736],[-72.69941,-36.52356],[-72.6981,-36.52663],[-72.69846,-36.53311],[-72.69641,-36.53295],[-72.69298,-36.53581],[-72.69267,-36.54152]]}},{"id":"687","type":"Feature","properties":{"ROL":"N-16","NOMBRE_CAMINO":"Cruce Ruta 126 S (Quirihue) - LLohué - Las Higueras - Cruce N-70-M (Torrecillas)","CLASIFICACION":"Camino Regional Principal","CALZADA":"U"},"geometry":{"type":"LineString","coordinates":[[-72.48021,-36.28458],[-72.47799,-36.28264],[-72.46976,-36.28292],[-72.46753,-36.28001],[-72.46114,-36.28178],[-72.45947,-36.28733],[-72.45318,-36.29239],[-72.45311,-36.29487],[-72.45072,-36.29038],[-72.43833,-36.29175],[-72.4362,-36.28988],[-72.4229,-36.28989],[-72.42092,-36.28822],[-72.41896,-36.28907],[-72.41735,-36.29253],[-72.41487,-36.29318],[-72.40608,-36.29492],[-72.40488,-36.29328],[-72.40384,-36.29515],[-72.39891,-36.296],[-72.39127,-36.29443],[-72.37962,-36.29664],[-72.37733,-36.29941],[-72.36717,-36.30608],[-72.3662,-36.31018],[-72.36222,-36.31503],[-72.35777,-36.31826],[-72.35076,-36.3205],[-72.34684,-36.32944],[-72.34432,-36.33038],[-72.34223,-36.33416],[-72.33415,-36.33622]]}},{"id":"688","type":"Feature","properties":{"ROL":"N-166","NOMBRE_CAMINO":"Cruce Ruta 126 S (Caravanchel) - Huarilihue","CLASIFICACION":"Camino Regional Comunal","CALZADA":"U"},"geometry":{"type":"LineString","coordinates":[[-72.73465,-36.52071],[-72.73255,-36.52081],[-72.73226,-36.52541],[-72.73075,-36.52792],[-72.73278,-36.52993],[-72.73226,-36.53362],[-72.72741,-36.53772],[-72.72233,-36.54504]]}},{"id":"689","type":"Feature","properties":{"ROL":"N-168","NOMBRE_CAMINO":"Cruce N-166 (Caravanchel) - La Peuca","CLASIFICACION":"Camino Regional de Acceso","CALZADA":"U"},"geometry":{"type":"LineString","coordinates":[[-72.73258,-36.52078],[-72.73041,-36.51972],[-72.72719,-36.52515],[-72.7247,-36.52569],[-72.71779,-36.53237],[-72.71737,-36.53382],[-72.72014,-36.53446],[-72.71764,-36.53806]]}},{"id":"690","type":"Feature","properties":{"ROL":"N-176","NOMBRE_CAMINO":"Cruce Ruta 126 S (Ranguelmo) - Cruce N-186 (Campo Lindo)","CLASIFICACION":"Camino Regional Comunal","CALZADA":"U"},"geometry":{"type":"LineString","coordinates":[[-72.75618,-36.578],[-72.751,-36.57589],[-72.74925,-36.57732],[-72.74772,-36.57643],[-72.74473,-36.57949],[-72.74222,-36.57938],[-72.7374,-36.57507],[-72.7332,-36.56648],[-72.72861,-36.56624]]}},{"id":"691","type":"Feature","properties":{"ROL":"N-184","NOMBRE_CAMINO":"Cruce N-186 (La Palma) - Santa Elena - Cruce N-170 (Huarilihue)","CLASIFICACION":"Camino Regional Comunal","CALZADA":"U"},"geometry":{"type":"LineString","coordinates":[[-72.72369,-36.57388],[-72.71139,-36.57278],[-72.70803,-36.56808],[-72.7057,-36.56742],[-72.70609,-36.56653]]}},{"id":"692","type":"Feature","properties":{"ROL":"N-186","NOMBRE_CAMINO":"Cruce N-66 (San José) - Huaro - Cruce N-170 (Huarilihue)","CLASIFICACION":"Camino Regional Comunal","CALZADA":"U"},"geometry":{"type":"LineString","coordinates":[[-72.71759,-36.6119],[-72.72442,-36.60452],[-72.72218,-36.60256],[-72.72401,-36.60103],[-72.72472,-36.59719],[-72.72314,-36.57629],[-72.72662,-36.56781],[-72.72861,-36.56624],[-72.72941,-36.56197],[-72.72769,-36.55665],[-72.72328,-36.5518]]}},{"id":"693","type":"Feature","properties":{"ROL":"N-203","NOMBRE_CAMINO":"Cruce N-151 - Callejón Los Indios - Cruce N-151","CLASIFICACION":"Camino Regional Comunal","CALZADA":"U"},"geometry":{"type":"LineString","coordinates":[[-71.78541,-36.3621],[-71.79124,-36.36503],[-71.78481,-36.37213],[-71.7818,-36.37172],[-71.77895,-36.37715]]}},{"id":"694","type":"Feature","properties":{"ROL":"N-210","NOMBRE_CAMINO":"Cruce N-260 (Los Guindos) - Cruce N-760-M (Medias Aguas)","CLASIFICACION":"Camino Regional Comunal","CALZADA":"U"},"geometry":{"type":"LineString","coordinates":[[-72.16551,-36.33076],[-72.16188,-36.32483],[-72.15512,-36.32611],[-72.15394,-36.32447],[-72.15023,-36.32557],[-72.15038,-36.31832],[-72.14849,-36.31425],[-72.14151,-36.30811],[-72.14194,-36.30235],[-72.13772,-36.30187],[-72.1362,-36.29889],[-72.13004,-36.29614],[-72.1281,-36.28843]]}},{"id":"695","type":"Feature","properties":{"ROL":"N-216","NOMBRE_CAMINO":"Cruce Ruta 126 S (Puente Matadero) - Calabozo - Montenegro - Cruce N-14-O (Vegas de Itata)","CLASIFICACION":"Camino Regional Provincial","CALZADA":"U"},"geometry":{"type":"LineString","coordinates":[[-72.76799,-36.4581],[-72.77366,-36.45714],[-72.77544,-36.45819],[-72.77632,-36.45659],[-72.78054,-36.45495],[-72.78096,-36.45295],[-72.77868,-36.4501],[-72.77855,-36.44671],[-72.7819,-36.44282],[-72.79029,-36.44156],[-72.79215,-36.4441],[-72.79517,-36.44403],[-72.79978,-36.43951],[-72.80483,-36.43949],[-72.8053,-36.43674],[-72.80734,-36.43717],[-72.81307,-36.43256],[-72.81721,-36.43256],[-72.82085,-36.4348],[-72.82202,-36.43269],[-72.83001,-36.42796],[-72.83511,-36.42824],[-72.84146,-36.43089],[-72.84425,-36.42936],[-72.8446,-36.42494]]}},{"id":"696","type":"Feature","properties":{"ROL":"N-220","NOMBRE_CAMINO":"Cruce N-240-M (Comillaún) - Paredones - Cruce N-760-M (Trapiche)","CLASIFICACION":"Camino Regional Comunal","CALZADA":"U"},"geometry":{"type":"LineString","coordinates":[[-72.07894,-36.16965],[-72.08394,-36.17632],[-72.09173,-36.18049],[-72.09275,-36.18471],[-72.10124,-36.18671],[-72.11335,-36.19919],[-72.10631,-36.20506],[-72.1077,-36.20772],[-72.10418,-36.21336],[-72.10585,-36.21473],[-72.10196,-36.2176],[-72.10228,-36.21959],[-72.09412,-36.22441],[-72.09448,-36.22641],[-72.09265,-36.22918],[-72.08846,-36.23012],[-72.08515,-36.23769],[-72.08498,-36.24111],[-72.08223,-36.24415],[-72.08174,-36.24693],[-72.0946,-36.26258],[-72.08311,-36.26965],[-72.09277,-36.28326],[-72.09361,-36.28584],[-72.09273,-36.28834],[-72.09556,-36.29511],[-72.10393,-36.30244]]}},{"id":"697","type":"Feature","properties":{"ROL":"N-223","NOMBRE_CAMINO":"Cruce N-271 (La Gloria) - Cruce N-291 (Paso Salas)","CLASIFICACION":"Camino Regional Comunal","CALZADA":"U"},"geometry":{"type":"LineString","coordinates":[[-71.86771,-36.38061],[-71.87586,-36.3876],[-71.88593,-36.39282]]}},{"id":"698","type":"Feature","properties":{"ROL":"N-224","NOMBRE_CAMINO":"Cruce Ruta 126 S (Tropezón) - Pirumávida - El Ajenjo","CLASIFICACION":"Camino Regional Comunal","CALZADA":"U"},"geometry":{"type":"LineString","coordinates":[[-72.73265,-36.51228],[-72.74409,-36.51135],[-72.74882,-36.51653],[-72.75434,-36.51629],[-72.75713,-36.51443],[-72.76115,-36.51486],[-72.76211,-36.51258],[-72.76486,-36.51156],[-72.77471,-36.51002],[-72.78203,-36.5],[-72.78478,-36.50027],[-72.78551,-36.49918],[-72.78985,-36.50012],[-72.79263,-36.49933],[-72.79346,-36.49773],[-72.79397,-36.50296]]}},{"id":"699","type":"Feature","properties":{"ROL":"N-224","NOMBRE_CAMINO":"Cruce Ruta 126 S (Tropezón) - Pirumávida - El Ajenjo","CLASIFICACION":"Camino Regional Comunal (En Proceso de Enrolamiento)","CALZADA":"U"},"geometry":{"type":"LineString","coordinates":[[-72.79397,-36.50296],[-72.7946,-36.50471],[-72.8004,-36.50697],[-72.80083,-36.50949],[-72.80705,-36.51032],[-72.8117,-36.5157],[-72.81498,-36.51613],[-72.8191,-36.5129]]}},{"id":"700","type":"Feature","properties":{"ROL":"N-230","NOMBRE_CAMINO":"Cruce N-216 (Calabozo) - Cruce N-232-O (Toroico)","CLASIFICACION":"Camino Regional Comunal","CALZADA":"U"},"geometry":{"type":"LineString","coordinates":[[-72.74341,-36.4627],[-72.74922,-36.46216],[-72.74966,-36.46401],[-72.75353,-36.46416],[-72.76251,-36.46912],[-72.76559,-36.46863],[-72.76973,-36.47056],[-72.78169,-36.47146],[-72.7883,-36.47664],[-72.7972,-36.4789]]}},{"id":"701","type":"Feature","properties":{"ROL":"N-232-O","NOMBRE_CAMINO":"Cruce Ruta 126 S (Coelemu) - Toroico - Cruce O-14-N (Burca), Sector: Coelemu - Límite Regional (Escuela Toroico)","CLASIFICACION":"Camino Regional Provincial","CALZADA":"U"},"geometry":{"type":"LineString","coordinates":[[-72.71308,-36.48588],[-72.72028,-36.49222],[-72.73665,-36.49477],[-72.74012,-36.49387],[-72.74647,-36.49571],[-72.75307,-36.49372],[-72.75232,-36.48919],[-72.75786,-36.48901],[-72.75959,-36.4865],[-72.76438,-36.48505],[-72.76489,-36.48192],[-72.76678,-36.48021],[-72.77718,-36.48095],[-72.77812,-36.48213],[-72.78327,-36.4812],[-72.78989,-36.48218],[-72.79234,-36.47921],[-72.79699,-36.47908],[-72.7982,-36.47769],[-72.80858,-36.47806],[-72.80866,-36.47565],[-72.81301,-36.47559]]}},{"id":"702","type":"Feature","properties":{"ROL":"N-244","NOMBRE_CAMINO":"Cruce Ruta 5 (El Socorro) - Huenutil del Peumo - Cruce N-240-M (Paque Abajo)","CLASIFICACION":"Camino Regional Comunal","CALZADA":"U"},"geometry":{"type":"LineString","coordinates":[[-71.83103,-36.30802],[-71.83503,-36.30501],[-71.83644,-36.30726],[-71.83812,-36.30755],[-71.85236,-36.30277],[-71.85106,-36.29935],[-71.85672,-36.29757],[-71.85989,-36.29312],[-71.8596,-36.28987],[-71.8641,-36.28814],[-71.86915,-36.28359]]}},{"id":"703","type":"Feature","properties":{"ROL":"N-247","NOMBRE_CAMINO":"Cruce Ruta 5 (El Socorro) - Huenutil de La Cabrería - Cruce N-245 (Colvindo)","CLASIFICACION":"Camino Regional Comunal","CALZADA":"U"},"geometry":{"type":"LineString","coordinates":[[-71.83159,-36.30969],[-71.82277,-36.31605],[-71.82068,-36.32024],[-71.81308,-36.32328],[-71.80933,-36.31545],[-71.79291,-36.32108],[-71.78201,-36.32743],[-71.77148,-36.33023]]}},{"id":"704","type":"Feature","properties":{"ROL":"N-250","NOMBRE_CAMINO":"Cruce Ruta 5 (Paso Superior Tiuquilemu) - Cruz Alta - Cruce N-240-M (La Coronta)","CLASIFICACION":"Camino Regional Comunal","CALZADA":"U"},"geometry":{"type":"LineString","coordinates":[[-71.87883,-36.36204],[-71.91762,-36.32501],[-71.93166,-36.30872],[-71.93351,-36.30159],[-71.93474,-36.30069],[-71.9343,-36.29555],[-71.93251,-36.29351],[-71.92834,-36.29373],[-71.92673,-36.29183],[-71.92407,-36.29161],[-71.92314,-36.28691]]}},{"id":"705","type":"Feature","properties":{"ROL":"N-251","NOMBRE_CAMINO":"Cruce N-245 (Colvindo) - Cruce N-247 (Huenutil de la Cabrería)","CLASIFICACION":"Camino Regional Comunal","CALZADA":"U"},"geometry":{"type":"LineString","coordinates":[[-71.78156,-36.30107],[-71.78552,-36.3095],[-71.79077,-36.31559],[-71.79179,-36.3154],[-71.79449,-36.32067]]}},{"id":"706","type":"Feature","properties":{"ROL":"N-258","NOMBRE_CAMINO":"Cruce N-760-M (Las Garzas) - Quinquehua - Cruce N-760-M (Verquicó)","CLASIFICACION":"Camino Regional Comunal","CALZADA":"U"},"geometry":{"type":"LineString","coordinates":[[-71.96262,-36.40481],[-71.9855,-36.39619],[-71.99755,-36.39375],[-71.99562,-36.38749],[-71.99797,-36.37957],[-72.00999,-36.37679],[-72.00891,-36.37086],[-72.02191,-36.36454],[-72.03187,-36.36331],[-72.0308,-36.36085],[-72.02877,-36.36083],[-72.02763,-36.35634],[-72.00556,-36.35788],[-72.00459,-36.35559],[-72.00024,-36.35603],[-71.99811,-36.34971]]}},{"id":"707","type":"Feature","properties":{"ROL":"N-262","NOMBRE_CAMINO":"Cruce N-260 (Toquihua) - La Escuela - Cruce N-760-M (Huaipemo)","CLASIFICACION":"Camino Regional Comunal","CALZADA":"U"},"geometry":{"type":"LineString","coordinates":[[-72.20876,-36.31],[-72.20717,-36.30686],[-72.20944,-36.30551],[-72.20876,-36.30158],[-72.21276,-36.28697],[-72.21102,-36.28457],[-72.20598,-36.28343],[-72.2055,-36.27976],[-72.20008,-36.27652],[-72.20036,-36.2751],[-72.19868,-36.27326],[-72.18113,-36.27594],[-72.17796,-36.27392],[-72.17206,-36.27404],[-72.16696,-36.26834],[-72.15612,-36.26602],[-72.14612,-36.26593]]}},{"id":"708","type":"Feature","properties":{"ROL":"N-263","NOMBRE_CAMINO":"Cruce N-295 (Montecillo) - Cruce N-265 (Escuela El Sauce)","CLASIFICACION":"Camino Regional Comunal","CALZADA":"U"},"geometry":{"type":"LineString","coordinates":[[-71.86046,-36.41208],[-71.84583,-36.41928],[-71.83802,-36.43086],[-71.83051,-36.43801]]}},{"id":"709","type":"Feature","properties":{"ROL":"N-264","NOMBRE_CAMINO":"Cruce N-260 (El Barro) - Melcahue - Cruce N-760-M (Trapiche)","CLASIFICACION":"Camino Regional Comunal","CALZADA":"U"},"geometry":{"type":"LineString","coordinates":[[-72.10437,-36.36145],[-72.10386,-36.35571],[-72.10247,-36.3556],[-72.10189,-36.35097],[-72.09769,-36.34374],[-72.09666,-36.33606],[-72.09497,-36.33396],[-72.09839,-36.33113],[-72.09228,-36.32736],[-72.0918,-36.31316]]}},{"id":"710","type":"Feature","properties":{"ROL":"N-268","NOMBRE_CAMINO":"Cruce N-260 (Junquillo) - San Javier de Verquicó - Quinquehua Norte","CLASIFICACION":"Camino Regional Comunal","CALZADA":"U"},"geometry":{"type":"LineString","coordinates":[[-72.07525,-36.38711],[-72.07582,-36.3775],[-72.07083,-36.37652],[-72.06751,-36.36347],[-72.06428,-36.36166]]}},{"id":"711","type":"Feature","properties":{"ROL":"N-268","NOMBRE_CAMINO":"Cruce N-260 (Junquillo) - San Javier de Verquicó - Quinquehua Norte","CLASIFICACION":"Camino Regional Comunal","CALZADA":"U"},"geometry":{"type":"LineString","coordinates":[[-72.06428,-36.36166],[-72.06368,-36.35884]]}},{"id":"712","type":"Feature","properties":{"ROL":"N-268","NOMBRE_CAMINO":"Cruce N-260 (Junquillo) - San Javier de Verquicó - Quinquehua Norte","CLASIFICACION":"Camino Regional Comunal (En Proceso de Enrolamiento)","CALZADA":"U"},"geometry":{"type":"LineString","coordinates":[[-72.06368,-36.35884],[-72.06154,-36.35616],[-72.04623,-36.35399],[-72.02763,-36.35634]]}},{"id":"713","type":"Feature","properties":{"ROL":"N-271","NOMBRE_CAMINO":"Cruce N-269 (La Gloria) - Cruce N-265 (El Peñón)","CLASIFICACION":"Camino Regional Comunal","CALZADA":"U"},"geometry":{"type":"LineString","coordinates":[[-71.87318,-36.37094],[-71.8677,-36.38062],[-71.86126,-36.38565],[-71.84488,-36.39618],[-71.83852,-36.40171],[-71.81775,-36.41281]]}},{"id":"714","type":"Feature","properties":{"ROL":"N-272","NOMBRE_CAMINO":"Cruce N-70-M (Las Mercedes) - Cruce N-260 (Ranchillo)","CLASIFICACION":"Camino Regional Comunal","CALZADA":"U"},"geometry":{"type":"LineString","coordinates":[[-72.05429,-36.41797],[-72.04901,-36.41435],[-72.04253,-36.40587],[-72.02983,-36.41105],[-72.02768,-36.40826],[-72.02228,-36.40862]]}},{"id":"715","type":"Feature","properties":{"ROL":"N-278","NOMBRE_CAMINO":"Cruce N-70-M (La Maravilla) - Cruce N-260 (Los Guindos)","CLASIFICACION":"Camino Regional Comunal","CALZADA":"U"},"geometry":{"type":"LineString","coordinates":[[-72.2127,-36.36511],[-72.208,-36.36236],[-72.20294,-36.36193],[-72.19575,-36.35726],[-72.18987,-36.35195],[-72.1848,-36.34405],[-72.17795,-36.34424],[-72.17535,-36.34099],[-72.16986,-36.34201],[-72.16642,-36.3406],[-72.15431,-36.34174]]}},{"id":"716","type":"Feature","properties":{"ROL":"N-279","NOMBRE_CAMINO":"Cruce N-265 (El Peñón) - Cruce N-261 (Pomuyeto)","CLASIFICACION":"Camino Regional Comunal","CALZADA":"U"},"geometry":{"type":"LineString","coordinates":[[-71.82403,-36.42074],[-71.76527,-36.44518]]}},{"id":"717","type":"Feature","properties":{"ROL":"N-280","NOMBRE_CAMINO":"Cruce N-70-M (Las Juntas) - Culenco - Cruce N-70-M (Talhuán)","CLASIFICACION":"Camino Regional Comunal","CALZADA":"U"},"geometry":{"type":"LineString","coordinates":[[-72.25227,-36.34918],[-72.25463,-36.34556],[-72.25672,-36.33111],[-72.25847,-36.32688],[-72.2693,-36.31726],[-72.27124,-36.31404],[-72.27148,-36.30966],[-72.27942,-36.30684],[-72.28522,-36.29794],[-72.29868,-36.29368],[-72.30037,-36.28983],[-72.31956,-36.28026]]}},{"id":"718","type":"Feature","properties":{"ROL":"N-281","NOMBRE_CAMINO":"Cruce N-31 (Pomuyeto) - Cruce N-279 (La Colonia Pomuyeto)","CLASIFICACION":"Camino Regional Comunal","CALZADA":"U"},"geometry":{"type":"LineString","coordinates":[[-71.78787,-36.44975],[-71.78508,-36.4369]]}},{"id":"719","type":"Feature","properties":{"ROL":"N-285","NOMBRE_CAMINO":"Cruce Ruta 5 (Buli) - Cruce N-291 (El Cape)","CLASIFICACION":"Camino Regional Comunal","CALZADA":"U"},"geometry":{"type":"LineString","coordinates":[[-71.90516,-36.37877],[-71.89007,-36.39519]]}},{"id":"720","type":"Feature","properties":{"ROL":"N-288","NOMBRE_CAMINO":"Cruce N-16 (Llohué) - El Rincón - Cruce N-38 (Coroney)","CLASIFICACION":"Camino Regional Comunal","CALZADA":"U"},"geometry":{"type":"LineString","coordinates":[[-72.41429,-36.29323],[-72.41415,-36.29609],[-72.41581,-36.29601],[-72.4169,-36.29878],[-72.41336,-36.30991],[-72.41611,-36.31748],[-72.41598,-36.32114],[-72.41053,-36.32458],[-72.40858,-36.32848],[-72.40973,-36.33137],[-72.40841,-36.33365],[-72.39898,-36.3335],[-72.38901,-36.33767],[-72.38879,-36.34135],[-72.39085,-36.34578],[-72.3917,-36.36005],[-72.38774,-36.36297],[-72.38843,-36.36447],[-72.38417,-36.36554],[-72.38069,-36.37131]]}},{"id":"721","type":"Feature","properties":{"ROL":"N-290","NOMBRE_CAMINO":"Cruce N-70-M (Torrecillas) - Cruce N-288 (El Rincón)","CLASIFICACION":"Camino Regional Comunal","CALZADA":"U"},"geometry":{"type":"LineString","coordinates":[[-72.33332,-36.34235],[-72.36478,-36.33597],[-72.37204,-36.33226],[-72.37828,-36.33211],[-72.37994,-36.33071]]}},{"id":"722","type":"Feature","properties":{"ROL":"N-293","NOMBRE_CAMINO":"Cruce N-291 (Agua Buena) - Cruce N-263 (Variante Montecillo)","CLASIFICACION":"Camino Regional Comunal","CALZADA":"U"},"geometry":{"type":"LineString","coordinates":[[-71.84571,-36.41434],[-71.84843,-36.41773]]}},{"id":"723","type":"Feature","properties":{"ROL":"N-295","NOMBRE_CAMINO":"Cruce N-31 (Montecillo) - Cruce N-291 (Agua Buena)","CLASIFICACION":"Camino Regional Comunal","CALZADA":"U"},"geometry":{"type":"LineString","coordinates":[[-71.87495,-36.43383],[-71.87374,-36.43024],[-71.87017,-36.42734],[-71.8654,-36.41954],[-71.86439,-36.41602],[-71.85558,-36.40729]]}},{"id":"724","type":"Feature","properties":{"ROL":"N-315","NOMBRE_CAMINO":"Cruce N-31 (La Vega) - El Macal - Cruce N-31 (San Fabián de Alico, La Virgen)","CLASIFICACION":"Camino Regional Comunal","CALZADA":"U"},"geometry":{"type":"LineString","coordinates":[[-71.59158,-36.52514],[-71.58693,-36.5225],[-71.58591,-36.51915],[-71.58034,-36.51633],[-71.57247,-36.51861],[-71.56835,-36.5229],[-71.567,-36.53281],[-71.56428,-36.53492],[-71.564,-36.5388],[-71.56123,-36.54033],[-71.55971,-36.54323],[-71.55049,-36.54877],[-71.55097,-36.55001]]}},{"id":"725","type":"Feature","properties":{"ROL":"N-319","NOMBRE_CAMINO":"Cruce N-31 (Puente Estero de Piedra) - La Balsa","CLASIFICACION":"Camino Regional de Acceso","CALZADA":"U"},"geometry":{"type":"LineString","coordinates":[[-71.54591,-36.56112],[-71.5529,-36.56549],[-71.5512,-36.56743],[-71.55556,-36.5731]]}},{"id":"726","type":"Feature","properties":{"ROL":"N-320","NOMBRE_CAMINO":"Cruce N-66 (La Raya) - El Quilo - Paso El León - Cruce N-336 (El Laurel)","CLASIFICACION":"Camino Regional Comunal","CALZADA":"U"},"geometry":{"type":"LineString","coordinates":[[-72.65168,-36.62502],[-72.65305,-36.62675],[-72.65319,-36.63124],[-72.65021,-36.64198],[-72.65264,-36.64958],[-72.64901,-36.65606],[-72.65211,-36.66259],[-72.65478,-36.6646],[-72.65422,-36.6666]]}},{"id":"727","type":"Feature","properties":{"ROL":"N-320","NOMBRE_CAMINO":"Cruce N-66 (La Raya) - El Quilo - Paso El León - Cruce N-336 (El Laurel)","CLASIFICACION":"Camino Regional Comunal","CALZADA":"U"},"geometry":{"type":"LineString","coordinates":[[-72.65422,-36.6666],[-72.6524,-36.67003],[-72.65226,-36.67382],[-72.64881,-36.67824],[-72.64569,-36.67937],[-72.64688,-36.68013],[-72.64584,-36.68179],[-72.64202,-36.68159],[-72.63735,-36.68614],[-72.63142,-36.68574],[-72.62417,-36.69034],[-72.62117,-36.69088],[-72.61871,-36.6894],[-72.61726,-36.69104]]}},{"id":"728","type":"Feature","properties":{"ROL":"N-320","NOMBRE_CAMINO":"Cruce N-66 (La Raya) - El Quilo - Paso El León - Cruce N-336 (El Laurel)","CLASIFICACION":"Camino Regional Comunal","CALZADA":"U"},"geometry":{"type":"LineString","coordinates":[[-72.61726,-36.69104],[-72.60728,-36.69241],[-72.6,-36.69136]]}},{"id":"729","type":"Feature","properties":{"ROL":"N-325","NOMBRE_CAMINO":"Cruce Ruta 5 (Vía de Servicio, San Carlos La Copa) - San Agustín - Cruce N-31 (El Sauce)","CLASIFICACION":"Camino Regional Comunal","CALZADA":"U"},"geometry":{"type":"LineString","coordinates":[[-71.94925,-36.42874],[-71.94277,-36.42939],[-71.93009,-36.43415],[-71.91103,-36.43897],[-71.89104,-36.44759],[-71.87838,-36.44795],[-71.86098,-36.44649],[-71.85983,-36.44476],[-71.85559,-36.44413],[-71.84768,-36.43843]]}},{"id":"730","type":"Feature","properties":{"ROL":"N-336","NOMBRE_CAMINO":"Cruce N-66 (San Ignacio de Palomares) - Paso Superior El Laurel (Ruta 152) - Cruce N-720 (Puente Queime)","CLASIFICACION":"Camino Regional Comunal","CALZADA":"U"},"geometry":{"type":"LineString","coordinates":[[-72.60312,-36.62599],[-72.60388,-36.63154],[-72.60103,-36.63554],[-72.6043,-36.64213],[-72.60117,-36.64295],[-72.60006,-36.64635],[-72.59516,-36.65111],[-72.59358,-36.65813],[-72.59223,-36.65836],[-72.59221,-36.66261],[-72.59065,-36.6634],[-72.59343,-36.67051],[-72.5989,-36.67347],[-72.60074,-36.67795],[-72.60039,-36.68128],[-72.60298,-36.68659],[-72.59998,-36.6907],[-72.60035,-36.69371],[-72.59943,-36.69449],[-72.59919,-36.69793],[-72.60177,-36.69946],[-72.59979,-36.70231],[-72.6011,-36.7046],[-72.60086,-36.7076],[-72.5974,-36.71128],[-72.59904,-36.71442],[-72.59688,-36.72227],[-72.60017,-36.73143],[-72.59809,-36.73326],[-72.59306,-36.73394],[-72.5908,-36.73563],[-72.59231,-36.7371],[-72.59214,-36.7388],[-72.5966,-36.74072],[-72.59752,-36.74591]]}},{"id":"731","type":"Feature","properties":{"ROL":"N-336","NOMBRE_CAMINO":"Cruce N-66 (San Ignacio de Palomares) - Paso Superior El Laurel (Ruta 152) - Cruce N-720 (Puente Queime)","CLASIFICACION":"Camino Regional Comunal","CALZADA":"U"},"geometry":{"type":"LineString","coordinates":[[-72.58802,-36.74984],[-72.58746,-36.75023]]}},{"id":"732","type":"Feature","properties":{"ROL":"N-337","NOMBRE_CAMINO":"Cruce N-31 (El Sauce) - El Vergel - Cruce N-331 (Las Arboledas)","CLASIFICACION":"Camino Regional Comunal","CALZADA":"U"},"geometry":{"type":"LineString","coordinates":[[-71.82493,-36.43916],[-71.82078,-36.45105],[-71.83953,-36.45166]]}},{"id":"733","type":"Feature","properties":{"ROL":"N-340","NOMBRE_CAMINO":"Cruce N-350 (Santa Josefina) - Piedra Lisa - Cruce N-310 (La Maravilla)","CLASIFICACION":"Camino Regional Comunal","CALZADA":"U"},"geometry":{"type":"LineString","coordinates":[[-72.15656,-36.42738],[-72.1601,-36.42729],[-72.17602,-36.42077],[-72.1876,-36.4191],[-72.19187,-36.41675],[-72.1981,-36.41648],[-72.2003,-36.4202],[-72.21053,-36.41784],[-72.21332,-36.42204],[-72.22737,-36.41781],[-72.23284,-36.41804]]}},{"id":"734","type":"Feature","properties":{"ROL":"N-342","NOMBRE_CAMINO":"Cruce N-50 (Cocharcas) - Huampangue - La Fortuna","CLASIFICACION":"Camino Regional Comunal","CALZADA":"U"},"geometry":{"type":"LineString","coordinates":[[-72.07809,-36.52151],[-72.07324,-36.51307],[-72.06964,-36.49339]]}},{"id":"735","type":"Feature","properties":{"ROL":"N-343","NOMBRE_CAMINO":"Cruce N-349 (Cuadrapange) - Cruce N-335 (Monte Blanco)","CLASIFICACION":"Camino Regional Comunal","CALZADA":"U"},"geometry":{"type":"LineString","coordinates":[[-71.93408,-36.47413],[-71.9225,-36.47774]]}},{"id":"736","type":"Feature","properties":{"ROL":"N-346","NOMBRE_CAMINO":"Cruce N-50 (Puyaral) - Cruce N-350 (Santa Josefina)","CLASIFICACION":"Camino Regional Comunal","CALZADA":"U"},"geometry":{"type":"LineString","coordinates":[[-72.19527,-36.49321],[-72.17711,-36.45656],[-72.16484,-36.4495],[-72.16203,-36.4401],[-72.15491,-36.42882]]}},{"id":"737","type":"Feature","properties":{"ROL":"N-349","NOMBRE_CAMINO":"Cruce Ruta 5 (Menelhue) - Quilelto - Cruce N-335 (Cuadrapangue)","CLASIFICACION":"Camino Regional Comunal","CALZADA":"U"},"geometry":{"type":"LineString","coordinates":[[-72.03889,-36.50606],[-72.03801,-36.5066],[-72.03193,-36.50343],[-72.02694,-36.50317],[-72.02245,-36.5039],[-72.01754,-36.50667],[-72.0131,-36.50655],[-71.99767,-36.50375],[-71.98965,-36.50089],[-71.98287,-36.50132],[-71.97853,-36.50012],[-71.97303,-36.50128],[-71.97071,-36.49928],[-71.96049,-36.49699],[-71.9395,-36.49416],[-71.9367,-36.47821],[-71.93196,-36.46934],[-71.93289,-36.46504],[-71.93138,-36.45693],[-71.9303,-36.45665]]}},{"id":"738","type":"Feature","properties":{"ROL":"N-350","NOMBRE_CAMINO":"Cruce N-50 (Monte León) - Los Aromos - Peña Santa Rosa - Cruce N-70-M (Changaral)","CLASIFICACION":"Camino Regional Comunal","CALZADA":"U"},"geometry":{"type":"LineString","coordinates":[[-72.10724,-36.48454],[-72.10567,-36.4758],[-72.11094,-36.47467],[-72.11358,-36.47079],[-72.11331,-36.46888],[-72.11587,-36.46788],[-72.12078,-36.46267],[-72.12395,-36.45414],[-72.1232,-36.44961],[-72.12798,-36.4489],[-72.13072,-36.44683],[-72.12903,-36.4351],[-72.13051,-36.43377],[-72.1304,-36.43183],[-72.15664,-36.42885],[-72.15486,-36.41133],[-72.14778,-36.39247]]}},{"id":"739","type":"Feature","properties":{"ROL":"N-356","NOMBRE_CAMINO":"Cruce Ruta 5 (Piedra Parada) - San Pedro de Lilahue - Cruce N-350 (Puente Lilahue)","CLASIFICACION":"Camino Regional Comunal","CALZADA":"U"},"geometry":{"type":"LineString","coordinates":[[-72.00298,-36.46721],[-72.01253,-36.46365],[-72.02817,-36.46163],[-72.0493,-36.45512],[-72.05199,-36.45602],[-72.05268,-36.45898],[-72.06183,-36.45911],[-72.06698,-36.46066],[-72.06856,-36.466],[-72.07176,-36.4685],[-72.0934,-36.46353],[-72.12101,-36.46214]]}},{"id":"740","type":"Feature","properties":{"ROL":"N-357","NOMBRE_CAMINO":"Cruce Ruta 5 (Paso Superior Ninquihue) - Monteverde - Cruce N-349 (Cuadrapangue)","CLASIFICACION":"Camino Regional Comunal","CALZADA":"U"},"geometry":{"type":"LineString","coordinates":[[-72.02025,-36.48381],[-72.01961,-36.48476],[-71.99643,-36.48518],[-71.9787,-36.47964],[-71.96511,-36.47796],[-71.95526,-36.47714],[-71.9367,-36.47822]]}},{"id":"741","type":"Feature","properties":{"ROL":"N-366","NOMBRE_CAMINO":"Cruce Ruta 5 (Santa Isabel) - El Torreón - Cruce N-342 (Huampangue)","CLASIFICACION":"Camino Regional Comunal","CALZADA":"U"},"geometry":{"type":"LineString","coordinates":[[-72.02739,-36.49221],[-72.03746,-36.49225],[-72.03825,-36.49595],[-72.07093,-36.50014]]}},{"id":"742","type":"Feature","properties":{"ROL":"N-38","NOMBRE_CAMINO":"Cruce N-50 (Ninhue) - Cruce N-70-M (Torrecillas)","CLASIFICACION":"Camino Regional Principal","CALZADA":"U"},"geometry":{"type":"LineString","coordinates":[[-72.39734,-36.38921],[-72.39404,-36.38259],[-72.39505,-36.37961],[-72.39192,-36.37928],[-72.39043,-36.37497],[-72.38507,-36.37432],[-72.37988,-36.37068],[-72.37281,-36.3681],[-72.3712,-36.36869],[-72.37101,-36.37081],[-72.369,-36.37124],[-72.35135,-36.3678],[-72.34961,-36.36711],[-72.34984,-36.36545],[-72.3478,-36.3656],[-72.34499,-36.36092],[-72.34105,-36.36094],[-72.33798,-36.35808],[-72.32864,-36.35545],[-72.32012,-36.35618]]}},{"id":"743","type":"Feature","properties":{"ROL":"N-400","NOMBRE_CAMINO":"Cruce Ruta 126 S (El Manzano) - Cruce N-410 (Tres Esquinas)","CLASIFICACION":"Camino Regional Comunal","CALZADA":"U"},"geometry":{"type":"LineString","coordinates":[[-72.64777,-36.36837],[-72.64685,-36.36493],[-72.64961,-36.35968],[-72.65677,-36.35702],[-72.65724,-36.35432],[-72.65889,-36.35386],[-72.65862,-36.34677],[-72.66102,-36.34566],[-72.65966,-36.34376],[-72.65987,-36.33743],[-72.65832,-36.33569],[-72.65849,-36.33006],[-72.66067,-36.32927],[-72.66112,-36.32762],[-72.6642,-36.32832],[-72.66546,-36.33089],[-72.66946,-36.33151],[-72.67079,-36.33289],[-72.67419,-36.33093],[-72.6756,-36.32851],[-72.68194,-36.32935],[-72.68216,-36.32772],[-72.68497,-36.32757],[-72.68958,-36.33234],[-72.68928,-36.33687],[-72.69268,-36.33442],[-72.69843,-36.3336],[-72.70301,-36.32845],[-72.70831,-36.32708],[-72.70974,-36.32416],[-72.70933,-36.32005],[-72.71103,-36.31706],[-72.71046,-36.31131],[-72.71353,-36.30789],[-72.71236,-36.30536],[-72.71341,-36.30478],[-72.71078,-36.30205],[-72.71216,-36.29841],[-72.71046,-36.29278]]}},{"id":"744","type":"Feature","properties":{"ROL":"N-404","NOMBRE_CAMINO":"Cruce N-42 (Colmuyao) - San José - Cruce N-410 (Escuela El Avellanal)","CLASIFICACION":"Camino Regional Comunal","CALZADA":"U"},"geometry":{"type":"LineString","coordinates":[[-72.79842,-36.27844],[-72.79907,-36.28099],[-72.79806,-36.28224],[-72.79161,-36.28484],[-72.78895,-36.28205],[-72.78519,-36.28571],[-72.7875,-36.28741],[-72.78793,-36.28951],[-72.78492,-36.28824]]}},{"id":"745","type":"Feature","properties":{"ROL":"N-404","NOMBRE_CAMINO":"Cruce N-42 (Colmuyao) - San José - Cruce N-410 (Escuela El Avellanal)","CLASIFICACION":"Camino Regional Comunal","CALZADA":"U"},"geometry":{"type":"LineString","coordinates":[[-72.78492,-36.28824],[-72.78109,-36.28594],[-72.77891,-36.28597],[-72.78013,-36.28442],[-72.77722,-36.27969],[-72.77808,-36.27898],[-72.77264,-36.27155],[-72.77097,-36.2666],[-72.76796,-36.2643],[-72.76305,-36.26241],[-72.7547,-36.26531],[-72.74608,-36.26114],[-72.74013,-36.26157]]}},{"id":"746","type":"Feature","properties":{"ROL":"N-414","NOMBRE_CAMINO":"Cruce Ruta 126 S (Palo Negro) - Las Delicias - Cruce N-602 (El Durazno)","CLASIFICACION":"Camino Regional Comunal","CALZADA":"U"},"geometry":{"type":"LineString","coordinates":[[-72.54894,-36.2216],[-72.55204,-36.2148],[-72.55958,-36.20636],[-72.55866,-36.1991],[-72.56005,-36.19537],[-72.56761,-36.19091],[-72.56813,-36.18121],[-72.57637,-36.17993],[-72.58098,-36.17647],[-72.58154,-36.17294],[-72.58941,-36.1681],[-72.59235,-36.164],[-72.60136,-36.162],[-72.60477,-36.15454],[-72.60007,-36.14864],[-72.59708,-36.14687],[-72.59618,-36.1428],[-72.59942,-36.13574],[-72.60341,-36.1328],[-72.62415,-36.12789]]}},{"id":"747","type":"Feature","properties":{"ROL":"N-424","NOMBRE_CAMINO":"Cruce Ruta 126 S (Palo Negro) - Calquín - Culenco - Cruce N-602 (Los Mayos)","CLASIFICACION":"Camino Regional Comunal","CALZADA":"U"},"geometry":{"type":"LineString","coordinates":[[-72.54486,-36.21946],[-72.54542,-36.21807],[-72.53787,-36.21044],[-72.53405,-36.19437],[-72.53486,-36.19147],[-72.53869,-36.18798],[-72.53606,-36.18143],[-72.53781,-36.17654],[-72.54017,-36.17562],[-72.54618,-36.16945],[-72.53733,-36.16306],[-72.53475,-36.15873],[-72.53726,-36.15464],[-72.54064,-36.15307],[-72.55048,-36.14448],[-72.55829,-36.14362],[-72.5651,-36.14024],[-72.56894,-36.13675],[-72.57345,-36.13545],[-72.57351,-36.132],[-72.57675,-36.12959],[-72.57871,-36.12545],[-72.58471,-36.12575],[-72.58825,-36.12429],[-72.58963,-36.12312],[-72.58986,-36.11913],[-72.59145,-36.1182]]}},{"id":"748","type":"Feature","properties":{"ROL":"N-424","NOMBRE_CAMINO":"Cruce Ruta 126 S (Palo Negro) - Calquín - Culenco - Cruce N-602 (Los Mayos)","CLASIFICACION":"Camino Regional Comunal","CALZADA":"U"},"geometry":{"type":"LineString","coordinates":[[-72.59145,-36.1182],[-72.59621,-36.11179]]}},{"id":"749","type":"Feature","properties":{"ROL":"N-437","NOMBRE_CAMINO":"Cruce N-45 (Puente Cato) - Cruce N-425 (Las Coles)","CLASIFICACION":"Camino Regional Comunal","CALZADA":"U"},"geometry":{"type":"LineString","coordinates":[[-72.04501,-36.5576],[-72.04992,-36.55756],[-72.05773,-36.57041]]}},{"id":"750","type":"Feature","properties":{"ROL":"N-438","NOMBRE_CAMINO":"Cruce N-50 (Collanco) - Quirao - Cruce N-470 (Río Lonquén)","CLASIFICACION":"Camino Regional Comunal","CALZADA":"U"},"geometry":{"type":"LineString","coordinates":[[-72.47419,-36.39744],[-72.48054,-36.40311],[-72.48168,-36.40931],[-72.48019,-36.4175],[-72.47498,-36.4245],[-72.4792,-36.42775],[-72.48322,-36.43367],[-72.48739,-36.43491],[-72.489,-36.43817]]}},{"id":"751","type":"Feature","properties":{"ROL":"N-438","NOMBRE_CAMINO":"Cruce N-50 (Collanco) - Quirao - Cruce N-470 (Río Lonquén)","CLASIFICACION":"Camino Regional Comunal","CALZADA":"U"},"geometry":{"type":"LineString","coordinates":[[-72.489,-36.43817],[-72.48918,-36.43877]]}},{"id":"752","type":"Feature","properties":{"ROL":"N-439","NOMBRE_CAMINO":"Cruce N-49 (Cruce Av. Vicente Méndez) - Cruce N-425 (Las Coles)","CLASIFICACION":"Camino Regional Comunal","CALZADA":"U"},"geometry":{"type":"LineString","coordinates":[[-72.07104,-36.58194],[-72.06483,-36.57429]]}},{"id":"753","type":"Feature","properties":{"ROL":"N-442","NOMBRE_CAMINO":"Cruce N-50 (San Juan) - San José","CLASIFICACION":"Camino Regional de Acceso","CALZADA":"U"},"geometry":{"type":"LineString","coordinates":[[-72.48313,-36.39581],[-72.48533,-36.39989],[-72.48748,-36.39973],[-72.49679,-36.40415],[-72.49734,-36.40796],[-72.49621,-36.41121],[-72.50347,-36.41416],[-72.50753,-36.41396],[-72.51887,-36.41654],[-72.53044,-36.41479],[-72.53635,-36.41186],[-72.53786,-36.40958],[-72.53792,-36.40281]]}},{"id":"754","type":"Feature","properties":{"ROL":"N-444","NOMBRE_CAMINO":"Cruce N-50 (Manzanares) - Escuela Quitripín","CLASIFICACION":"Camino Regional Comunal","CALZADA":"U"},"geometry":{"type":"LineString","coordinates":[[-72.50802,-36.36694],[-72.50104,-36.37014],[-72.49399,-36.3747],[-72.49471,-36.37599],[-72.49157,-36.37716],[-72.4821,-36.37144],[-72.47849,-36.37263],[-72.47643,-36.37119],[-72.47126,-36.37175]]}},{"id":"755","type":"Feature","properties":{"ROL":"N-457","NOMBRE_CAMINO":"Cruce N-45 (Santa Adriana) - La Balsa","CLASIFICACION":"Camino Regional de Acceso","CALZADA":"U"},"geometry":{"type":"LineString","coordinates":[[-71.5651,-36.57547],[-71.5602,-36.57712],[-71.55869,-36.57413],[-71.5566,-36.57343]]}},{"id":"756","type":"Feature","properties":{"ROL":"N-470","NOMBRE_CAMINO":"Cruce N-50 (Puente Reloca) - Río Lonquén - Antiquireo - Minas del Leuque - Cruce N-476 (Puente Viejo)","CLASIFICACION":"Camino Regional Comunal","CALZADA":"U"},"geometry":{"type":"LineString","coordinates":[[-72.44441,-36.40757],[-72.45367,-36.40996],[-72.45752,-36.41321],[-72.45662,-36.4199],[-72.46068,-36.42512],[-72.46047,-36.43118],[-72.46749,-36.4381],[-72.48233,-36.4399],[-72.48909,-36.4388]]}},{"id":"757","type":"Feature","properties":{"ROL":"N-470","NOMBRE_CAMINO":"Cruce N-50 (Puente Reloca) - Río Lonquén - Antiquireo - Minas del Leuque - Cruce N-476 (Puente Viejo)","CLASIFICACION":"Camino Regional Comunal","CALZADA":"U"},"geometry":{"type":"LineString","coordinates":[[-72.48909,-36.4388],[-72.49114,-36.43889]]}},{"id":"758","type":"Feature","properties":{"ROL":"N-470","NOMBRE_CAMINO":"Cruce N-50 (Puente Reloca) - Río Lonquén - Antiquireo - Minas del Leuque - Cruce N-476 (Puente Viejo)","CLASIFICACION":"Camino Regional Comunal","CALZADA":"U"},"geometry":{"type":"LineString","coordinates":[[-72.49114,-36.43889],[-72.5089,-36.44947],[-72.51076,-36.45637],[-72.51303,-36.45868],[-72.52266,-36.4584],[-72.53197,-36.46192],[-72.53671,-36.46094],[-72.54418,-36.45373],[-72.54895,-36.45526],[-72.55286,-36.45484],[-72.56073,-36.45142],[-72.5659,-36.45536],[-72.57239,-36.45523],[-72.57317,-36.45836],[-72.57505,-36.45976],[-72.58268,-36.46021],[-72.58444,-36.46436],[-72.5878,-36.46453],[-72.59234,-36.46156],[-72.611,-36.47147],[-72.61566,-36.47188],[-72.62619,-36.4692],[-72.63011,-36.46952],[-72.63147,-36.47355],[-72.63581,-36.47385],[-72.64154,-36.48094],[-72.64143,-36.48245],[-72.64334,-36.48286],[-72.64947,-36.47879],[-72.65654,-36.47708],[-72.66305,-36.47714],[-72.66611,-36.47906],[-72.67441,-36.47999],[-72.6812,-36.47479],[-72.68476,-36.47404],[-72.68674,-36.47534],[-72.68947,-36.47434]]}},{"id":"759","type":"Feature","properties":{"ROL":"N-481","NOMBRE_CAMINO":"Cruce N-49 (Culenar) - Frutillar - Transvaal - Cruce N-49 (Coihueco)","CLASIFICACION":"Camino Regional Comunal","CALZADA":"U"},"geometry":{"type":"LineString","coordinates":[[-71.9045,-36.61126],[-71.90041,-36.60345],[-71.89806,-36.60226],[-71.89162,-36.57689],[-71.87868,-36.57689],[-71.87225,-36.58231],[-71.86562,-36.59418],[-71.86034,-36.59214],[-71.85262,-36.60218],[-71.85313,-36.61591],[-71.85198,-36.62378]]}},{"id":"760","type":"Feature","properties":{"ROL":"N-486","NOMBRE_CAMINO":"Cruce N-52 (Portezuelo) - Cabrería - Cruce N-466 (Panguilemu)","CLASIFICACION":"Camino Regional Comunal","CALZADA":"U"},"geometry":{"type":"LineString","coordinates":[[-72.43633,-36.52913],[-72.44318,-36.5284],[-72.44876,-36.52328],[-72.45515,-36.52163],[-72.46014,-36.51203],[-72.46249,-36.51064],[-72.46519,-36.51185],[-72.47174,-36.51181],[-72.4769,-36.5107],[-72.48438,-36.50652],[-72.4905,-36.50718]]}},{"id":"761","type":"Feature","properties":{"ROL":"N-489","NOMBRE_CAMINO":"Cruce N-49 (General Lagos) - Los Puquios - Cruce N-519 (Paso Alejo)","CLASIFICACION":"Camino Regional Comunal","CALZADA":"U"},"geometry":{"type":"LineString","coordinates":[[-71.97993,-36.60087],[-71.98143,-36.60824],[-71.97204,-36.61949],[-71.97074,-36.62267],[-71.96162,-36.62592],[-71.95785,-36.62956],[-71.95158,-36.63273],[-71.94682,-36.63332],[-71.94067,-36.63624],[-71.94245,-36.63924],[-71.91912,-36.65199],[-71.92047,-36.65408]]}},{"id":"762","type":"Feature","properties":{"ROL":"N-502","NOMBRE_CAMINO":"Cruce N-80-M (Los Maquis) - Las Antenas - El Baúl - El Castillo","CLASIFICACION":"Camino Regional Comunal","CALZADA":"U"},"geometry":{"type":"LineString","coordinates":[[-72.73175,-36.10839],[-72.72476,-36.11265],[-72.71679,-36.11389],[-72.71218,-36.11629],[-72.70423,-36.11642],[-72.70212,-36.11855],[-72.69774,-36.11973],[-72.69151,-36.1184],[-72.68427,-36.11899],[-72.67391,-36.11781],[-72.67372,-36.11449],[-72.67173,-36.11251],[-72.66892,-36.11227],[-72.66519,-36.10974],[-72.66398,-36.1043],[-72.6677,-36.10158],[-72.66521,-36.09815],[-72.66766,-36.09293],[-72.66544,-36.09265],[-72.66524,-36.09076],[-72.66221,-36.08921],[-72.66439,-36.08382],[-72.66344,-36.08294]]}},{"id":"763","type":"Feature","properties":{"ROL":"N-503","NOMBRE_CAMINO":"Cruce N-501 (Miraflores) - Cerrillos - Cruce N-545 (Tanilvoro)","CLASIFICACION":"Camino Regional Comunal","CALZADA":"U"},"geometry":{"type":"LineString","coordinates":[[-71.84201,-36.66335],[-71.84369,-36.67421],[-71.84045,-36.68461],[-71.84275,-36.6901],[-71.8194,-36.69831],[-71.81791,-36.69995],[-71.81899,-36.70087],[-71.81505,-36.70529],[-71.81588,-36.70607],[-71.81386,-36.7075],[-71.81648,-36.71117],[-71.81509,-36.71563],[-71.81557,-36.71964],[-71.8227,-36.72419]]}},{"id":"764","type":"Feature","properties":{"ROL":"N-509","NOMBRE_CAMINO":"Cruce N-505 (Perquinco) - Cancha De Parra - Las Lumas","CLASIFICACION":"Camino Regional Comunal","CALZADA":"U"},"geometry":{"type":"LineString","coordinates":[[-71.81858,-36.63383],[-71.80952,-36.64423],[-71.80154,-36.64528],[-71.79904,-36.64711],[-71.79708,-36.65113],[-71.79699,-36.65686],[-71.79376,-36.65916],[-71.79088,-36.65883],[-71.7916,-36.65383],[-71.78666,-36.65277],[-71.78597,-36.65489],[-71.78326,-36.65559],[-71.78142,-36.65802],[-71.77493,-36.66866],[-71.7628,-36.67402],[-71.75603,-36.67974],[-71.74906,-36.6811],[-71.74121,-36.6869],[-71.73166,-36.70163],[-71.72658,-36.70625],[-71.71952,-36.70994],[-71.71777,-36.71361],[-71.7141,-36.71339],[-71.70633,-36.71674],[-71.68623,-36.7211],[-71.67846,-36.7215],[-71.66681,-36.71912],[-71.65686,-36.71904],[-71.65088,-36.72199],[-71.65114,-36.72775],[-71.64807,-36.7301],[-71.64852,-36.73173],[-71.64273,-36.73368],[-71.64278,-36.73728],[-71.62851,-36.7389]]}},{"id":"765","type":"Feature","properties":{"ROL":"N-510","NOMBRE_CAMINO":"Cruce N-50 (Lonquén) - Rincomávida - Cruce N-620 (San Manuel)","CLASIFICACION":"Camino Regional Comunal","CALZADA":"U"},"geometry":{"type":"LineString","coordinates":[[-72.36744,-36.43184],[-72.38316,-36.45274],[-72.38925,-36.47176],[-72.38636,-36.47345],[-72.38747,-36.47862],[-72.38435,-36.481],[-72.38095,-36.48165],[-72.37249,-36.49209],[-72.3707,-36.49634],[-72.36538,-36.49991],[-72.36473,-36.50183],[-72.36767,-36.51816]]}},{"id":"766","type":"Feature","properties":{"ROL":"N-519","NOMBRE_CAMINO":"Cruce N-545 (Chilinhué) - El Rosario - Cruce N-557 (Roblería)","CLASIFICACION":"Camino Regional Comunal","CALZADA":"U"},"geometry":{"type":"LineString","coordinates":[[-71.93691,-36.66079],[-71.93003,-36.65453],[-71.92035,-36.65405],[-71.89256,-36.66574]]}},{"id":"767","type":"Feature","properties":{"ROL":"N-52","NOMBRE_CAMINO":"Cruce N-50 (Ninhue) - Puente Lonquén - Cruce N-486 (Portezuelo)","CLASIFICACION":"Camino Regional Principal","CALZADA":"U"},"geometry":{"type":"LineString","coordinates":[[-72.42264,-36.4218],[-72.4225,-36.42404],[-72.42502,-36.42803],[-72.43168,-36.43424],[-72.4327,-36.44087],[-72.43604,-36.44939],[-72.44538,-36.45403],[-72.44561,-36.46023],[-72.44731,-36.46378],[-72.44614,-36.46599],[-72.44819,-36.46799],[-72.44728,-36.47298],[-72.4435,-36.47847],[-72.4457,-36.4827],[-72.44794,-36.49594],[-72.4405,-36.50745],[-72.43961,-36.51587],[-72.4331,-36.52265]]}},{"id":"768","type":"Feature","properties":{"ROL":"N-520","NOMBRE_CAMINO":"Cruce N-50 (Lajuelas) - Huampuli - Cruce N-530 (Tres Esquinas)","CLASIFICACION":"Camino Regional Comunal","CALZADA":"U"},"geometry":{"type":"LineString","coordinates":[[-72.31821,-36.46389],[-72.32776,-36.4633],[-72.33133,-36.47593],[-72.33154,-36.48466],[-72.33342,-36.48725],[-72.32978,-36.48956],[-72.33041,-36.49693],[-72.32217,-36.49989],[-72.32014,-36.50497],[-72.31723,-36.50738],[-72.31415,-36.51373],[-72.31542,-36.52019],[-72.31335,-36.52471],[-72.31127,-36.5258],[-72.31094,-36.52842]]}},{"id":"769","type":"Feature","properties":{"ROL":"N-521","NOMBRE_CAMINO":"Cruce N-551 (Huingán) - Cruce N-545 (La Dehesa)","CLASIFICACION":"Camino Regional Comunal","CALZADA":"U"},"geometry":{"type":"LineString","coordinates":[[-71.85443,-36.6827],[-71.86412,-36.69579]]}},{"id":"770","type":"Feature","properties":{"ROL":"N-522","NOMBRE_CAMINO":"Cruce N-50 (Los Lirios) - Cruce N-520 (Lajuelas)","CLASIFICACION":"Camino Regional Comunal","CALZADA":"U"},"geometry":{"type":"LineString","coordinates":[[-72.33686,-36.45151],[-72.33409,-36.45736],[-72.32776,-36.4633]]}},{"id":"771","type":"Feature","properties":{"ROL":"N-530","NOMBRE_CAMINO":"Cruce N-50 (San Nicolás) - El Llequen - Cruce N-620 (Tres Esquinas)","CLASIFICACION":"Camino Regional Comunal","CALZADA":"U"},"geometry":{"type":"LineString","coordinates":[[-72.24502,-36.49002],[-72.25042,-36.49633],[-72.24943,-36.49958],[-72.2587,-36.49915],[-72.26409,-36.50024],[-72.26558,-36.50595],[-72.27613,-36.5102],[-72.28022,-36.51571],[-72.29096,-36.51704],[-72.29995,-36.51972],[-72.30646,-36.52912],[-72.31094,-36.52842],[-72.31261,-36.53904]]}},{"id":"772","type":"Feature","properties":{"ROL":"N-544","NOMBRE_CAMINO":"Cruce N-546 (Monte León) - Cruce N-50 (Escuela La Loma) - San José","CLASIFICACION":"Camino Regional Comunal","CALZADA":"U"},"geometry":{"type":"LineString","coordinates":[[-72.09637,-36.52493],[-72.11375,-36.52469],[-72.11357,-36.5215],[-72.11942,-36.51594],[-72.11799,-36.50556],[-72.12788,-36.50346]]}},{"id":"773","type":"Feature","properties":{"ROL":"N-551","NOMBRE_CAMINO":"Cruce N-557 (Roblería) - Huingán - Cruce N-503 (Cerrillos)","CLASIFICACION":"Camino Regional Comunal","CALZADA":"U"},"geometry":{"type":"LineString","coordinates":[[-71.89018,-36.66306],[-71.85179,-36.68415],[-71.85046,-36.68667],[-71.84272,-36.69014]]}},{"id":"774","type":"Feature","properties":{"ROL":"N-555","NOMBRE_CAMINO":"Cruce N-55 (Empedrado) - Los Pellines - Puente Mañihuales - Los Guayos","CLASIFICACION":"Camino Regional Comunal","CALZADA":"U"},"geometry":{"type":"LineString","coordinates":[[-71.76218,-36.79312],[-71.73649,-36.79893],[-71.71644,-36.80162],[-71.70096,-36.79948],[-71.68802,-36.80076],[-71.67622,-36.79707],[-71.67195,-36.7975],[-71.66763,-36.80001],[-71.66178,-36.79982],[-71.65265,-36.80173],[-71.6353,-36.80901]]}},{"id":"775","type":"Feature","properties":{"ROL":"N-555","NOMBRE_CAMINO":"Cruce N-55 (Empedrado) - Los Pellines - Puente Mañihuales - Los Guayos","CLASIFICACION":"Camino Regional Comunal","CALZADA":"U"},"geometry":{"type":"LineString","coordinates":[[-71.6353,-36.80901],[-71.62651,-36.80913],[-71.62412,-36.81124],[-71.61634,-36.81086],[-71.61434,-36.81298],[-71.61123,-36.8128]]}},{"id":"776","type":"Feature","properties":{"ROL":"N-560","NOMBRE_CAMINO":"Cruce Ruta 5 (Paso Superior Parque Lantaño) - Ñuble Alto","CLASIFICACION":"Camino Regional de Acceso","CALZADA":"U"},"geometry":{"type":"LineString","coordinates":[[-72.12442,-36.59031],[-72.12771,-36.58865],[-72.13152,-36.5826],[-72.12991,-36.57536],[-72.13996,-36.57313]]}},{"id":"777","type":"Feature","properties":{"ROL":"N-574-O","NOMBRE_CAMINO":"Cruce O-540 (San Antonio) - Chancal Bajo - Chancal Alto - Paso Hondo, Sector: Límite Regional (Chancal) - Paso Hondo","CLASIFICACION":"Camino Regional Provincial","CALZADA":"U"},"geometry":{"type":"LineString","coordinates":[[-72.64942,-36.8877],[-72.6391,-36.89062],[-72.63957,-36.89152],[-72.63762,-36.89341],[-72.63796,-36.89584],[-72.63265,-36.89868],[-72.62565,-36.90017],[-72.62249,-36.90419],[-72.61944,-36.90525],[-72.61386,-36.90542],[-72.60961,-36.90301],[-72.59676,-36.90135],[-72.58612,-36.903],[-72.58177,-36.9076],[-72.56362,-36.9048],[-72.55922,-36.90966],[-72.55469,-36.91143],[-72.553,-36.91429],[-72.55398,-36.91725],[-72.55305,-36.91992],[-72.54699,-36.92049],[-72.53264,-36.91869]]}},{"id":"778","type":"Feature","properties":{"ROL":"N-574-O","NOMBRE_CAMINO":"Cruce O-540 (San Antonio) - Chancal Bajo - Chancal Alto - Paso Hondo, Sector: Límite Regional (Chancal) - Paso Hondo","CLASIFICACION":"Camino Regional Provincial","CALZADA":"U"},"geometry":{"type":"LineString","coordinates":[[-72.53264,-36.91869],[-72.52971,-36.919],[-72.51981,-36.92659],[-72.51657,-36.92674]]}},{"id":"779","type":"Feature","properties":{"ROL":"N-575","NOMBRE_CAMINO":"Cruce N-549 - Paso Vielma - Cruce N-615 (Los Rastrojos)","CLASIFICACION":"Camino Regional Comunal","CALZADA":"U"},"geometry":{"type":"LineString","coordinates":[[-71.91616,-36.72949],[-71.9125,-36.73474],[-71.90157,-36.73926],[-71.8944,-36.74655],[-71.88666,-36.74742],[-71.87554,-36.75464],[-71.87323,-36.76076],[-71.86858,-36.76413],[-71.85292,-36.76989],[-71.84572,-36.76897],[-71.83829,-36.77105],[-71.83787,-36.77221],[-71.83183,-36.77246]]}},{"id":"780","type":"Feature","properties":{"ROL":"N-585","NOMBRE_CAMINO":"Cruce Ruta 5 (Rabié) - Las Bellotas","CLASIFICACION":"Camino Regional de Acceso","CALZADA":"U"},"geometry":{"type":"LineString","coordinates":[[-72.25603,-36.69017],[-72.25082,-36.69099],[-72.244,-36.68882],[-72.23659,-36.68862]]}},{"id":"781","type":"Feature","properties":{"ROL":"N-595","NOMBRE_CAMINO":"Cruce Ruta 5 (Enlace Nebuco) - San Rafael  - Quilpón - Cruce N-59-Q (Lajuela)","CLASIFICACION":"Camino Regional Provincial","CALZADA":"U"},"geometry":{"type":"LineString","coordinates":[[-72.20814,-36.64656],[-72.19674,-36.65408],[-72.19195,-36.65922],[-72.17838,-36.666],[-72.17664,-36.6692],[-72.16734,-36.67276],[-72.16563,-36.66981],[-72.16724,-36.66524],[-72.16675,-36.66251],[-72.15812,-36.65294],[-72.15188,-36.65424],[-72.14677,-36.65044]]}},{"id":"782","type":"Feature","properties":{"ROL":"N-599","NOMBRE_CAMINO":"Cruce N-69 (Tres Esquinas) - Los Marcos - Cruce N-773 (Los Tilos)","CLASIFICACION":"Camino Regional Comunal","CALZADA":"U"},"geometry":{"type":"LineString","coordinates":[[-72.22751,-36.82943],[-72.23795,-36.8445],[-72.24581,-36.86201],[-72.25984,-36.87917]]}},{"id":"783","type":"Feature","properties":{"ROL":"N-602","NOMBRE_CAMINO":"Cruce N-40 (El Tollo) - El Durazno - Cruce M-870 (Risco El León)","CLASIFICACION":"Camino Regional Comunal","CALZADA":"U"},"geometry":{"type":"LineString","coordinates":[[-72.68777,-36.1638],[-72.68558,-36.15425],[-72.67926,-36.14919],[-72.67376,-36.14231],[-72.66317,-36.13909],[-72.65964,-36.13981],[-72.6534,-36.13808],[-72.64828,-36.13851],[-72.64596,-36.13612],[-72.64055,-36.13613],[-72.63569,-36.13168],[-72.62173,-36.12671],[-72.6168,-36.12114],[-72.6017,-36.11572],[-72.59297,-36.10859]]}},{"id":"784","type":"Feature","properties":{"ROL":"N-602","NOMBRE_CAMINO":"Cruce N-40 (El Tollo) - El Durazno - Cruce M-870 (Risco El León)","CLASIFICACION":"Camino Regional Comunal","CALZADA":"U"},"geometry":{"type":"LineString","coordinates":[[-72.59297,-36.10859],[-72.58733,-36.10509],[-72.58197,-36.10398],[-72.57848,-36.09912],[-72.57277,-36.09681]]}},{"id":"785","type":"Feature","properties":{"ROL":"N-603","NOMBRE_CAMINO":"Cruce N-59-Q (La Virgen) - Lomas de Larqui - Cruce N-605 (San Bernardo)","CLASIFICACION":"Camino Regional Comunal","CALZADA":"U"},"geometry":{"type":"LineString","coordinates":[[-72.13032,-36.736],[-72.1138,-36.73757],[-72.09005,-36.74307],[-72.06069,-36.75419]]}},{"id":"786","type":"Feature","properties":{"ROL":"N-604","NOMBRE_CAMINO":"Cruce M-870 (Chacrillas) - Cruce N-602 (Los Mayos)","CLASIFICACION":"Camino Regional Comunal","CALZADA":"U"},"geometry":{"type":"LineString","coordinates":[[-72.5919,-36.08894],[-72.59961,-36.09147],[-72.60257,-36.09431],[-72.60089,-36.09654],[-72.59434,-36.0999],[-72.59194,-36.10602],[-72.59297,-36.10859]]}},{"id":"787","type":"Feature","properties":{"ROL":"N-607","NOMBRE_CAMINO":"Cruce N-609 (Los Canelos) - Larqui - Cruce N-655 (San Miguel)","CLASIFICACION":"Camino Regional Comunal","CALZADA":"U"},"geometry":{"type":"LineString","coordinates":[[-71.97265,-36.74736],[-71.97895,-36.75386],[-71.97105,-36.76871],[-71.95957,-36.7799],[-71.9632,-36.78583],[-71.96628,-36.78547],[-71.96768,-36.78881],[-71.96626,-36.80245],[-71.96815,-36.81362]]}},{"id":"788","type":"Feature","properties":{"ROL":"N-610","NOMBRE_CAMINO":"Cruce N-62 (Puente Confluencia) - Cuchacucha - Cruce N-620 (La Posada)","CLASIFICACION":"Camino Regional Comunal","CALZADA":"U"},"geometry":{"type":"LineString","coordinates":[[-72.44824,-36.63706],[-72.42983,-36.63227],[-72.42579,-36.63263],[-72.42281,-36.63103],[-72.42211,-36.62916],[-72.41806,-36.6284],[-72.41121,-36.62403],[-72.40934,-36.62157],[-72.39552,-36.61539],[-72.39615,-36.60903],[-72.39059,-36.60352],[-72.39056,-36.5975],[-72.38858,-36.59143],[-72.38953,-36.58723],[-72.38754,-36.57697],[-72.38228,-36.57466],[-72.3778,-36.56774],[-72.37798,-36.56488],[-72.37426,-36.55463],[-72.37166,-36.55191],[-72.36866,-36.54417],[-72.37269,-36.53396],[-72.3742,-36.53267],[-72.37806,-36.53247],[-72.38288,-36.52836],[-72.38346,-36.52517]]}},{"id":"789","type":"Feature","properties":{"ROL":"N-611","NOMBRE_CAMINO":"Cruce N-609 (Lluanco) - Tejería - Santo Domingo","CLASIFICACION":"Camino Regional Comunal","CALZADA":"U"},"geometry":{"type":"LineString","coordinates":[[-71.99076,-36.72323],[-71.98281,-36.72466],[-71.96046,-36.73302],[-71.95285,-36.73699],[-71.95331,-36.73811],[-71.94549,-36.74539],[-71.92578,-36.75579],[-71.90278,-36.76168],[-71.90367,-36.7649],[-71.89475,-36.76786],[-71.89578,-36.77279],[-71.89487,-36.77371]]}},{"id":"790","type":"Feature","properties":{"ROL":"N-617","NOMBRE_CAMINO":"Cruce N-55 (Empedrado) - El Rodeo - Cruce N-615 (Ciruelito)","CLASIFICACION":"Camino Regional Comunal","CALZADA":"U"},"geometry":{"type":"LineString","coordinates":[[-71.76458,-36.79233],[-71.76381,-36.79377],[-71.76801,-36.79672],[-71.76866,-36.80071],[-71.77353,-36.80492],[-71.7727,-36.80681],[-71.77595,-36.80762],[-71.7803,-36.80673],[-71.7835,-36.80928],[-71.7856,-36.81303],[-71.78759,-36.81336],[-71.79872,-36.81218],[-71.81062,-36.80495],[-71.81468,-36.8049],[-71.83582,-36.7974],[-71.84508,-36.79609]]}},{"id":"791","type":"Feature","properties":{"ROL":"N-62","NOMBRE_CAMINO":"Cruce Ruta 5 (Chillán) - Puente Confluencia - Membrillar - Cruce N-620 (Portezuelo)","CLASIFICACION":"Camino Regional Principal","CALZADA":"U"},"geometry":{"type":"LineString","coordinates":[[-72.14841,-36.6079],[-72.19383,-36.61475],[-72.20679,-36.61145],[-72.21971,-36.61013],[-72.23867,-36.6103],[-72.25553,-36.60724],[-72.29492,-36.61174],[-72.31645,-36.61223],[-72.32563,-36.61635],[-72.34076,-36.61536],[-72.35067,-36.62307],[-72.35872,-36.62442],[-72.3626,-36.62938],[-72.37357,-36.63394],[-72.37871,-36.64019],[-72.3848,-36.63866],[-72.39324,-36.645],[-72.43203,-36.64757]]}},{"id":"792","type":"Feature","properties":{"ROL":"N-62","NOMBRE_CAMINO":"Cruce Ruta 5 (Chillán) - Puente Confluencia - Membrillar - Cruce N-620 (Portezuelo)","CLASIFICACION":"Camino Regional Principal","CALZADA":"U"},"geometry":{"type":"LineString","coordinates":[[-72.43203,-36.64757],[-72.43725,-36.64657]]}},{"id":"793","type":"Feature","properties":{"ROL":"N-62","NOMBRE_CAMINO":"Cruce Ruta 5 (Chillán) - Puente Confluencia - Membrillar - Cruce N-620 (Portezuelo)","CLASIFICACION":"Camino Regional Principal","CALZADA":"U"},"geometry":{"type":"LineString","coordinates":[[-72.49286,-36.60218],[-72.48707,-36.59192],[-72.48448,-36.59053],[-72.47947,-36.58419],[-72.47768,-36.57647],[-72.47884,-36.57272],[-72.46946,-36.56973],[-72.46265,-36.56267],[-72.46001,-36.55329],[-72.46043,-36.54905],[-72.45656,-36.54119],[-72.44708,-36.54038],[-72.44518,-36.53812],[-72.44493,-36.53533],[-72.43726,-36.53112]]}},{"id":"794","type":"Feature","properties":{"ROL":"N-621","NOMBRE_CAMINO":"Cruce N-655 (Mayulermo) - Capilla Madre de Chile - Larqui Chico","CLASIFICACION":"Camino Regional Comunal","CALZADA":"U"},"geometry":{"type":"LineString","coordinates":[[-71.88875,-36.81878],[-71.88594,-36.81009]]}},{"id":"795","type":"Feature","properties":{"ROL":"N-621","NOMBRE_CAMINO":"Cruce N-655 (Mayulermo) - Capilla Madre de Chile - Larqui Chico","CLASIFICACION":"Camino Regional Comunal","CALZADA":"U"},"geometry":{"type":"LineString","coordinates":[[-71.88594,-36.81009],[-71.88556,-36.80751]]}},{"id":"796","type":"Feature","properties":{"ROL":"N-621","NOMBRE_CAMINO":"Cruce N-655 (Mayulermo) - Capilla Madre de Chile - Larqui Chico","CLASIFICACION":"Camino Regional Comunal (En Proceso de Enrolamiento)","CALZADA":"U"},"geometry":{"type":"LineString","coordinates":[[-71.88556,-36.80751],[-71.88336,-36.80356],[-71.88548,-36.8018],[-71.90249,-36.79708],[-71.90457,-36.79528],[-71.92848,-36.78687]]}},{"id":"797","type":"Feature","properties":{"ROL":"N-627","NOMBRE_CAMINO":"Cruce N-55 (Entrepiernas) - Las Trelencas - Cruce N-655 (Zapallar)","CLASIFICACION":"Camino Regional Comunal","CALZADA":"U"},"geometry":{"type":"LineString","coordinates":[[-71.73863,-36.81179],[-71.73681,-36.8136],[-71.73757,-36.81434],[-71.74869,-36.81651],[-71.76531,-36.82603],[-71.77147,-36.82611],[-71.77928,-36.82937],[-71.78651,-36.8286],[-71.81216,-36.83414]]}},{"id":"798","type":"Feature","properties":{"ROL":"N-633","NOMBRE_CAMINO":"Cruce N-55 (Los Lleuques) - Tranque Diguillín - Los Cipreses","CLASIFICACION":"Camino Regional Comunal","CALZADA":"U"},"geometry":{"type":"LineString","coordinates":[[-71.64917,-36.85125],[-71.65226,-36.85355],[-71.65547,-36.85397],[-71.65466,-36.85791],[-71.65568,-36.86064],[-71.64888,-36.86792],[-71.64436,-36.86878],[-71.6424,-36.87144],[-71.63705,-36.87053],[-71.63237,-36.87317],[-71.62973,-36.87931],[-71.62655,-36.88149],[-71.62971,-36.88258],[-71.63006,-36.88423],[-71.6267,-36.8881]]}},{"id":"799","type":"Feature","properties":{"ROL":"N-633","NOMBRE_CAMINO":"Cruce N-55 (Los Lleuques) - Tranque Diguillín - Los Cipreses","CLASIFICACION":"Camino Regional Comunal","CALZADA":"U"},"geometry":{"type":"LineString","coordinates":[[-71.6267,-36.8881],[-71.62646,-36.88943],[-71.61652,-36.89482],[-71.61367,-36.89512],[-71.60461,-36.90126],[-71.60285,-36.90655],[-71.59856,-36.90924],[-71.59237,-36.91035],[-71.59007,-36.91379],[-71.58117,-36.91951],[-71.57198,-36.92791],[-71.56764,-36.92866],[-71.56153,-36.93249]]}},{"id":"800","type":"Feature","properties":{"ROL":"N-635","NOMBRE_CAMINO":"Cruce N-59-Q (El Álamo) - Cruce N-637 (Coltón Quillay)","CLASIFICACION":"Camino Regional Comunal","CALZADA":"U"},"geometry":{"type":"LineString","coordinates":[[-72.12433,-36.76527],[-72.13431,-36.76619],[-72.14016,-36.76439],[-72.14302,-36.76632],[-72.14179,-36.77414],[-72.15801,-36.77244],[-72.16149,-36.77767]]}},{"id":"801","type":"Feature","properties":{"ROL":"N-639","NOMBRE_CAMINO":"Cruce N-59-Q (El Álamo) - Cruce N-605 (Meco Sur)","CLASIFICACION":"Camino Regional Comunal","CALZADA":"U"},"geometry":{"type":"LineString","coordinates":[[-72.12395,-36.76614],[-72.11604,-36.76759],[-72.10263,-36.77241],[-72.08731,-36.77414],[-72.08473,-36.77016],[-72.07123,-36.77461]]}},{"id":"802","type":"Feature","properties":{"ROL":"N-640","NOMBRE_CAMINO":"Cruce N-620 (Tres Esquinas) - Lucumávida - Cruce N-630 (Llahuecuy)","CLASIFICACION":"Camino Regional Comunal","CALZADA":"U"},"geometry":{"type":"LineString","coordinates":[[-72.3201,-36.53362],[-72.33031,-36.54095],[-72.3344,-36.54128],[-72.34733,-36.54957],[-72.34969,-36.55319],[-72.35299,-36.55364],[-72.35744,-36.56201],[-72.36279,-36.56406],[-72.36305,-36.5681],[-72.3683,-36.57352]]}},{"id":"803","type":"Feature","properties":{"ROL":"N-641","NOMBRE_CAMINO":"Cruce N-677 (Calle Las Rosas) - Coltón Arriba -  Cruce N-653 (Carrizalillo)","CLASIFICACION":"Camino Regional Comunal","CALZADA":"U"},"geometry":{"type":"LineString","coordinates":[[-72.02516,-36.81585],[-72.03373,-36.82794]]}},{"id":"804","type":"Feature","properties":{"ROL":"N-645","NOMBRE_CAMINO":"Cruce N-59-Q (Crucero Coltón) - San Luis - Cruce N-601 (Coltón)","CLASIFICACION":"Camino Regional Comunal","CALZADA":"U"},"geometry":{"type":"LineString","coordinates":[[-72.10663,-36.79827],[-72.12237,-36.7978],[-72.15893,-36.78633],[-72.1659,-36.78571],[-72.16716,-36.78701],[-72.17217,-36.78462],[-72.18491,-36.78176],[-72.18678,-36.78381],[-72.1969,-36.7781],[-72.20662,-36.77571]]}},{"id":"805","type":"Feature","properties":{"ROL":"N-647","NOMBRE_CAMINO":"Cruce N-667 (Coltón Medio) - Agua Fría - Crucero de Coltón","CLASIFICACION":"Camino Regional de Acceso","CALZADA":"U"},"geometry":{"type":"LineString","coordinates":[[-72.05244,-36.80674],[-72.06313,-36.80343],[-72.06703,-36.80632],[-72.07561,-36.80541]]}},{"id":"806","type":"Feature","properties":{"ROL":"N-649","NOMBRE_CAMINO":"Cruce N-697 (Peralillo) - Vega Honda - Cruce N-607 (Las Cifuentes)","CLASIFICACION":"Camino Regional Comunal","CALZADA":"U"},"geometry":{"type":"LineString","coordinates":[[-72.00406,-36.79613],[-71.98777,-36.80202],[-71.98243,-36.80175],[-71.96698,-36.80611]]}},{"id":"807","type":"Feature","properties":{"ROL":"N-650","NOMBRE_CAMINO":"Cruce N-620 (El Parrón) - La Victoria - Naranjal","CLASIFICACION":"Camino Regional de Acceso","CALZADA":"U"},"geometry":{"type":"LineString","coordinates":[[-72.24167,-36.57393],[-72.26355,-36.57592],[-72.26744,-36.57821],[-72.27906,-36.58067],[-72.28584,-36.58082],[-72.28863,-36.57934],[-72.302,-36.58696]]}},{"id":"808","type":"Feature","properties":{"ROL":"N-651","NOMBRE_CAMINO":"Cruce N-607 (Paso Las Huertas) - Las Cifuentes - Cruce N-655 (Tricao)","CLASIFICACION":"Camino Regional Comunal","CALZADA":"U"},"geometry":{"type":"LineString","coordinates":[[-71.96689,-36.80587],[-71.93014,-36.80955],[-71.91897,-36.81456],[-71.92016,-36.81974]]}},{"id":"809","type":"Feature","properties":{"ROL":"N-657","NOMBRE_CAMINO":"Cruce N-653 (Carrizalillo) - Cruce N-685 (San Antonio)","CLASIFICACION":"Camino Regional Comunal","CALZADA":"U"},"geometry":{"type":"LineString","coordinates":[[-72.03564,-36.8273],[-72.04271,-36.84201],[-72.04414,-36.84868]]}},{"id":"810","type":"Feature","properties":{"ROL":"N-659","NOMBRE_CAMINO":"Cruce N-655 (Las Cruces) - Los Polleros - Cruce N-677 (Montaña Garay)","CLASIFICACION":"Camino Regional Comunal","CALZADA":"U"},"geometry":{"type":"LineString","coordinates":[[-71.98973,-36.81039],[-71.99404,-36.82179],[-72.00106,-36.82933],[-72.00087,-36.83541],[-72.00398,-36.84155]]}},{"id":"811","type":"Feature","properties":{"ROL":"N-663","NOMBRE_CAMINO":"Cruce N-655 (San Ignacio) - Paso del Medio - Cruce N-653 (Montaña Garay)","CLASIFICACION":"Camino Regional Comunal","CALZADA":"U"},"geometry":{"type":"LineString","coordinates":[[-72.02713,-36.80255],[-72.02858,-36.80738],[-72.04077,-36.82481]]}},{"id":"812","type":"Feature","properties":{"ROL":"N-664","NOMBRE_CAMINO":"Cruce N-620 (Puente El Alita) - Cruce N-660 (Malloa)","CLASIFICACION":"Camino Regional Comunal","CALZADA":"U"},"geometry":{"type":"LineString","coordinates":[[-72.19115,-36.59549],[-72.19507,-36.59609],[-72.20102,-36.59457],[-72.20479,-36.59182]]}},{"id":"813","type":"Feature","properties":{"ROL":"N-667","NOMBRE_CAMINO":"Cruce N-655 (San Ignacio) - Coltón Medio - Cruce N-653 (Carrizalillo)","CLASIFICACION":"Camino Regional Comunal","CALZADA":"U"},"geometry":{"type":"LineString","coordinates":[[-72.03809,-36.80019],[-72.03923,-36.80339],[-72.04207,-36.80389],[-72.04513,-36.80835],[-72.04944,-36.80798],[-72.0563,-36.81968]]}},{"id":"814","type":"Feature","properties":{"ROL":"N-669","NOMBRE_CAMINO":"Cruce N-59-Q (Pueblo Seco) - Lourdes - Cruce N-685 (Escuela Calle Alegre)","CLASIFICACION":"Camino Regional Comunal","CALZADA":"U"},"geometry":{"type":"LineString","coordinates":[[-72.10173,-36.83256],[-72.09026,-36.83363],[-72.08913,-36.83197],[-72.0862,-36.83212],[-72.06508,-36.838],[-72.06849,-36.8462]]}},{"id":"815","type":"Feature","properties":{"ROL":"N-671","NOMBRE_CAMINO":"Cruce N-653 (Carrizalillo) - Cruce N-669 (Lourdes Sur)","CLASIFICACION":"Camino Regional Comunal","CALZADA":"U"},"geometry":{"type":"LineString","coordinates":[[-72.04935,-36.82112],[-72.0526,-36.8268]]}},{"id":"816","type":"Feature","properties":{"ROL":"N-671","NOMBRE_CAMINO":"Cruce N-653 (Carrizalillo) - Cruce N-669 (Lourdes Sur)","CLASIFICACION":"Camino Regional Comunal","CALZADA":"U"},"geometry":{"type":"LineString","coordinates":[[-72.0526,-36.8268],[-72.05937,-36.83885],[-72.06508,-36.838]]}},{"id":"817","type":"Feature","properties":{"ROL":"N-676","NOMBRE_CAMINO":"Cruce Ruta 5 (Rucapequén) - San Pedro - Santa Cristina","CLASIFICACION":"Camino Regional Comunal","CALZADA":"U"},"geometry":{"type":"LineString","coordinates":[[-72.24216,-36.66495],[-72.24563,-36.66323],[-72.28125,-36.67305],[-72.30029,-36.67504],[-72.30848,-36.67408],[-72.31819,-36.67046],[-72.32112,-36.67284],[-72.33006,-36.6702],[-72.34338,-36.67063],[-72.35013,-36.66619],[-72.35967,-36.66787]]}},{"id":"818","type":"Feature","properties":{"ROL":"N-676","NOMBRE_CAMINO":"Cruce Ruta 5 (Rucapequén) - San Pedro - Santa Cristina","CLASIFICACION":"Camino Regional Comunal (En Proceso de Enrolamiento)","CALZADA":"U"},"geometry":{"type":"LineString","coordinates":[[-72.35967,-36.66787],[-72.36889,-36.66843],[-72.38112,-36.66312]]}},{"id":"819","type":"Feature","properties":{"ROL":"N-679","NOMBRE_CAMINO":"Cruce N-705 (Puente San Vicente Alto) - Las Hormigas - Lo Palacio","CLASIFICACION":"Camino Regional Comunal","CALZADA":"U"},"geometry":{"type":"LineString","coordinates":[[-71.88738,-36.86056],[-71.88592,-36.85734],[-71.87631,-36.85719],[-71.86283,-36.85411],[-71.85745,-36.85612],[-71.84746,-36.85557],[-71.82237,-36.86235],[-71.81386,-36.86037],[-71.81155,-36.8584],[-71.80179,-36.85884],[-71.79827,-36.85678],[-71.77959,-36.85709],[-71.77371,-36.86076],[-71.75661,-36.8659],[-71.74957,-36.86998],[-71.73927,-36.87196],[-71.73472,-36.87474],[-71.73464,-36.87665],[-71.73159,-36.87921],[-71.7227,-36.88093],[-71.71195,-36.87741],[-71.70911,-36.8748],[-71.71147,-36.87267],[-71.71078,-36.87129],[-71.69828,-36.86684]]}},{"id":"820","type":"Feature","properties":{"ROL":"N-680","NOMBRE_CAMINO":"Cruce N-62 (Puente Vista Bella) - Caserío Linares - Cruce N-676 (Rucapequén)","CLASIFICACION":"Camino Regional Comunal","CALZADA":"U"},"geometry":{"type":"LineString","coordinates":[[-72.32383,-36.6156],[-72.32474,-36.61747],[-72.32238,-36.61912],[-72.32474,-36.62123],[-72.3253,-36.62749],[-72.32094,-36.62959],[-72.31848,-36.63287],[-72.31978,-36.63596],[-72.31169,-36.63911],[-72.30727,-36.64296],[-72.30367,-36.64375],[-72.3018,-36.64973],[-72.29912,-36.65138],[-72.3051,-36.66012],[-72.30064,-36.66249],[-72.299,-36.6696],[-72.29149,-36.67116],[-72.29054,-36.67455]]}},{"id":"821","type":"Feature","properties":{"ROL":"N-681","NOMBRE_CAMINO":"Cruce N-679 (La Placita) - Puente Zapallar - Cruce N-679 (Las Hormigas)","CLASIFICACION":"Camino Regional Comunal","CALZADA":"U"},"geometry":{"type":"LineString","coordinates":[[-71.84777,-36.8556],[-71.83697,-36.85169],[-71.83012,-36.85136],[-71.83281,-36.85026],[-71.82092,-36.847],[-71.81149,-36.84593],[-71.80507,-36.84325],[-71.79782,-36.8425],[-71.7897,-36.84365]]}},{"id":"822","type":"Feature","properties":{"ROL":"N-681","NOMBRE_CAMINO":"Cruce N-679 (La Placita) - Puente Zapallar - Cruce N-679 (Las Hormigas)","CLASIFICACION":"Camino Regional Comunal","CALZADA":"U"},"geometry":{"type":"LineString","coordinates":[[-71.7897,-36.84365],[-71.78443,-36.84806],[-71.78208,-36.85482],[-71.78251,-36.85727]]}},{"id":"823","type":"Feature","properties":{"ROL":"N-682","NOMBRE_CAMINO":"Cruce N-676 (Rucapequén) - Maule - Cruce N-700 (Santa Cruz de Cuca)","CLASIFICACION":"Camino Regional Comunal","CALZADA":"U"},"geometry":{"type":"LineString","coordinates":[[-72.28641,-36.67399],[-72.28807,-36.6762],[-72.29938,-36.68292],[-72.32126,-36.68768],[-72.33585,-36.69341],[-72.35351,-36.69383],[-72.36253,-36.69267],[-72.37543,-36.68445],[-72.38287,-36.68276],[-72.38617,-36.67999]]}},{"id":"824","type":"Feature","properties":{"ROL":"N-69","NOMBRE_CAMINO":"Cruce Ruta 5 (Bulnes) - Cantarrana - Cruce N-59-Q (Quiriquina)","CLASIFICACION":"Camino Regional Principal","CALZADA":"U"},"geometry":{"type":"LineString","coordinates":[[-72.28576,-36.74918],[-72.27485,-36.7554],[-72.26878,-36.75666],[-72.26016,-36.76057],[-72.24503,-36.77198],[-72.23585,-36.77451],[-72.22499,-36.78212],[-72.20493,-36.78976],[-72.20054,-36.79338],[-72.15285,-36.80337],[-72.15288,-36.8062],[-72.1498,-36.81036],[-72.14973,-36.81225],[-72.13592,-36.81706],[-72.1185,-36.82029],[-72.11632,-36.81823],[-72.10374,-36.82005]]}},{"id":"825","type":"Feature","properties":{"ROL":"N-691","NOMBRE_CAMINO":"Cruce N-683 (Selva Negra) - Los Robles","CLASIFICACION":"Camino Regional de Acceso","CALZADA":"U"},"geometry":{"type":"LineString","coordinates":[[-72.14295,-36.86244],[-72.14091,-36.85639]]}},{"id":"826","type":"Feature","properties":{"ROL":"N-692","NOMBRE_CAMINO":"Cruce N-62 (Altos de Colliguay) - Quinchamalí - Ex Balsa de Nueva Aldea","CLASIFICACION":"Camino Regional Comunal","CALZADA":"U"},"geometry":{"type":"LineString","coordinates":[[-72.38609,-36.63947],[-72.38987,-36.64483],[-72.39745,-36.64684]]}},{"id":"827","type":"Feature","properties":{"ROL":"N-692","NOMBRE_CAMINO":"Cruce N-62 (Altos de Colliguay) - Quinchamalí - Ex Balsa de Nueva Aldea","CLASIFICACION":"Camino Regional Comunal","CALZADA":"U"},"geometry":{"type":"LineString","coordinates":[[-72.39745,-36.64684],[-72.41273,-36.65086],[-72.43227,-36.65159]]}},{"id":"828","type":"Feature","properties":{"ROL":"N-692","NOMBRE_CAMINO":"Cruce N-62 (Altos de Colliguay) - Quinchamalí - Ex Balsa de Nueva Aldea","CLASIFICACION":"Camino Regional Comunal","CALZADA":"U"},"geometry":{"type":"LineString","coordinates":[[-72.43227,-36.65159],[-72.43566,-36.65411],[-72.44265,-36.65626],[-72.44934,-36.65645]]}},{"id":"829","type":"Feature","properties":{"ROL":"N-693","NOMBRE_CAMINO":"Cruce N-773 (Diguillín) - Casas de Diguillín","CLASIFICACION":"Camino Regional de Acceso","CALZADA":"U"},"geometry":{"type":"LineString","coordinates":[[-72.14652,-36.8846],[-72.14546,-36.86998]]}},{"id":"830","type":"Feature","properties":{"ROL":"N-695","NOMBRE_CAMINO":"Cruce N-607 (Los Maquis) - Las Cifuentes - Cruce N-621 (Paso El Mudo)","CLASIFICACION":"Camino Regional Comunal","CALZADA":"U"},"geometry":{"type":"LineString","coordinates":[[-71.93246,-36.79578],[-71.92436,-36.7979],[-71.91616,-36.80246],[-71.90471,-36.80339],[-71.8938,-36.8063],[-71.88594,-36.81009]]}},{"id":"831","type":"Feature","properties":{"ROL":"N-697","NOMBRE_CAMINO":"Cruce N-655 (San Ignacio) - Peralillo - Coihue - Cruce N-607 (Los Maquis)","CLASIFICACION":"Camino Regional Comunal","CALZADA":"U"},"geometry":{"type":"LineString","coordinates":[[-72.02428,-36.79916],[-72.02172,-36.79457],[-72.01824,-36.79515],[-72.01669,-36.79312],[-72.00839,-36.79729],[-72.00351,-36.79592],[-71.99703,-36.78525],[-71.9875,-36.78732],[-71.98477,-36.7862],[-71.96731,-36.78815]]}},{"id":"832","type":"Feature","properties":{"ROL":"N-699","NOMBRE_CAMINO":"Cruce N-685 (Calle Alegre) - Cruce N-689 (Las Quilas)","CLASIFICACION":"Camino Regional Comunal","CALZADA":"U"},"geometry":{"type":"LineString","coordinates":[[-72.04262,-36.84897],[-72.04404,-36.85254],[-72.04232,-36.85944],[-72.04674,-36.87097],[-72.04624,-36.87569]]}},{"id":"833","type":"Feature","properties":{"ROL":"N-700","NOMBRE_CAMINO":"Cruce N-62 (Colliguay) - Cruce N-72 (Santa Cruz de Cuca)","CLASIFICACION":"Camino Regional Comunal","CALZADA":"U"},"geometry":{"type":"LineString","coordinates":[[-72.37708,-36.63898],[-72.37638,-36.64216],[-72.38098,-36.65215],[-72.3745,-36.65318],[-72.38122,-36.6527],[-72.38203,-36.65797],[-72.38026,-36.65932],[-72.3835,-36.6764],[-72.38905,-36.68545],[-72.39623,-36.68467],[-72.39853,-36.68986]]}},{"id":"834","type":"Feature","properties":{"ROL":"N-703","NOMBRE_CAMINO":"Cruce N-655 (Tricao) - Cruce N-701 (El Calvario)","CLASIFICACION":"Camino Regional Comunal","CALZADA":"U"},"geometry":{"type":"LineString","coordinates":[[-71.91628,-36.81952],[-71.91395,-36.82416],[-71.90451,-36.83002],[-71.90496,-36.83511],[-71.90167,-36.83578],[-71.90149,-36.83789],[-71.89652,-36.84358],[-71.89669,-36.84694]]}},{"id":"835","type":"Feature","properties":{"ROL":"N-709","NOMBRE_CAMINO":"Cruce N-683 (Escuela Selva Negra) - Cruce N-683 (Hacia El Lucero)","CLASIFICACION":"Camino Regional Comunal","CALZADA":"U"},"geometry":{"type":"LineString","coordinates":[[-72.14481,-36.86274],[-72.14503,-36.86412],[-72.14685,-36.86469],[-72.15101,-36.86424]]}},{"id":"836","type":"Feature","properties":{"ROL":"N-730-M","NOMBRE_CAMINO":"Cruce M-70-N (Los Despachos) - Pocillas - Cruce N-280 (Culenco), Sector: Límite Regional (Estero Virquinco) - Culenco","CLASIFICACION":"Camino Regional Provincial","CALZADA":"U"},"geometry":{"type":"LineString","coordinates":[[-72.27675,-36.26097],[-72.28436,-36.2684],[-72.29154,-36.28038],[-72.30033,-36.28987]]}},{"id":"837","type":"Feature","properties":{"ROL":"N-750","NOMBRE_CAMINO":"Cruce N-48-O (Puerto Coyanco) - Cruce N-66 (Puente Coyanco)","CLASIFICACION":"Camino Regional Comunal","CALZADA":"U"},"geometry":{"type":"LineString","coordinates":[[-72.51951,-36.74887],[-72.51981,-36.74588],[-72.51554,-36.74561],[-72.50585,-36.74052],[-72.50106,-36.73952],[-72.49374,-36.73498],[-72.48631,-36.73395],[-72.47987,-36.72823],[-72.46969,-36.72947],[-72.46377,-36.72313],[-72.45567,-36.72135]]}},{"id":"838","type":"Feature","properties":{"ROL":"N-759","NOMBRE_CAMINO":"Cruce N-85 (Casablanca) - Valle Hermoso - Relbún","CLASIFICACION":"Camino Regional de Acceso","CALZADA":"U"},"geometry":{"type":"LineString","coordinates":[[-72.25557,-36.96291],[-72.25391,-36.95577],[-72.25243,-36.95504],[-72.25592,-36.95225],[-72.25466,-36.94365],[-72.25545,-36.94035],[-72.25894,-36.93884],[-72.25956,-36.93695]]}},{"id":"839","type":"Feature","properties":{"ROL":"N-760-M","NOMBRE_CAMINO":"San Carlos - Trapiche - Cruce M-730-N (Pocillas), Sector: San Carlos (Cruce Calle Tomás Yávar) - Límite Regional","CLASIFICACION":"Camino Regional Provincial","CALZADA":"U"},"geometry":{"type":"LineString","coordinates":[[-71.96437,-36.41697],[-71.95964,-36.40608],[-71.96266,-36.40475],[-71.96258,-36.39829],[-71.96477,-36.39452],[-71.96463,-36.38496],[-71.963,-36.38114],[-71.96619,-36.37894],[-71.9666,-36.37455],[-71.96513,-36.37104],[-71.96718,-36.36742],[-71.9676,-36.3616],[-71.97624,-36.35928],[-71.99065,-36.35189],[-72.00006,-36.34914],[-71.99898,-36.3447],[-72.00874,-36.33843],[-72.01191,-36.33535],[-72.01349,-36.33114],[-72.03724,-36.32314],[-72.03983,-36.31959],[-72.06013,-36.32215],[-72.07522,-36.316],[-72.07879,-36.31686],[-72.09175,-36.3132],[-72.09354,-36.31023],[-72.10349,-36.30553],[-72.10397,-36.3024],[-72.11099,-36.29967],[-72.11434,-36.29329],[-72.13027,-36.28763],[-72.12673,-36.27941],[-72.12765,-36.27655],[-72.14608,-36.26597],[-72.14776,-36.25284],[-72.15132,-36.25228],[-72.15264,-36.24757]]}},{"id":"840","type":"Feature","properties":{"ROL":"N-783","NOMBRE_CAMINO":"Cruce N-59-Q (Labraña) - Cruce N-873 (Maipo)","CLASIFICACION":"Camino Regional Comunal","CALZADA":"U"},"geometry":{"type":"LineString","coordinates":[[-72.08596,-36.92525],[-72.05607,-36.93005],[-72.04794,-36.93255]]}},{"id":"841","type":"Feature","properties":{"ROL":"N-783","NOMBRE_CAMINO":"Cruce N-59-Q (Labraña) - Cruce N-873 (Maipo)","CLASIFICACION":"Camino Regional Comunal","CALZADA":"U"},"geometry":{"type":"LineString","coordinates":[[-72.04794,-36.93255],[-72.01709,-36.94285]]}},{"id":"842","type":"Feature","properties":{"ROL":"N-785","NOMBRE_CAMINO":"Cruce N-59-Q (El Boldo) - Cruce N-873 (Maipo Bajo)","CLASIFICACION":"Camino Regional Comunal","CALZADA":"U"},"geometry":{"type":"LineString","coordinates":[[-72.09115,-36.93998],[-72.07701,-36.94386],[-72.07185,-36.94769],[-72.05884,-36.95146],[-72.05514,-36.95388],[-72.03368,-36.95529]]}},{"id":"843","type":"Feature","properties":{"ROL":"N-789","NOMBRE_CAMINO":"Cruce N-805 (Estero Las Corontas) - Cruce N-783 (Los Naranjos)","CLASIFICACION":"Camino Regional Comunal","CALZADA":"U"},"geometry":{"type":"LineString","coordinates":[[-72.02947,-36.91048],[-72.03689,-36.91309],[-72.03988,-36.91773],[-72.04095,-36.9248],[-72.04794,-36.93255]]}},{"id":"844","type":"Feature","properties":{"ROL":"N-790-M","NOMBRE_CAMINO":"Cruce M-70-N (Fundo El Guindo) - Mangarral - Cruce N-16 (San Francisco), Sector: Límite Regional (Pichimávida) - San Francisco","CLASIFICACION":"Camino Regional Provincial","CALZADA":"U"},"geometry":{"type":"LineString","coordinates":[[-72.38383,-36.25025],[-72.39156,-36.25592],[-72.39843,-36.25764],[-72.40435,-36.26174],[-72.41259,-36.26478],[-72.42755,-36.26057],[-72.4395,-36.25905],[-72.44259,-36.26003],[-72.44856,-36.2581],[-72.45061,-36.25607],[-72.45387,-36.25664],[-72.45743,-36.26162],[-72.46521,-36.26679],[-72.46823,-36.27118],[-72.48422,-36.27479],[-72.48609,-36.27821]]}},{"id":"845","type":"Feature","properties":{"ROL":"N-791","NOMBRE_CAMINO":"Cruce N-59-Q (Variante El Carmen) - Rinconada del Diguillín","CLASIFICACION":"Camino Regional Comunal","CALZADA":"U"},"geometry":{"type":"LineString","coordinates":[[-72.08679,-36.90096],[-72.09156,-36.90138],[-72.09894,-36.90706],[-72.10108,-36.91105],[-72.10308,-36.91209],[-72.10664,-36.91938],[-72.11428,-36.91811],[-72.11719,-36.91907],[-72.13133,-36.91637],[-72.14237,-36.91877],[-72.1514,-36.91708],[-72.16591,-36.91203],[-72.17211,-36.90648]]}},{"id":"846","type":"Feature","properties":{"ROL":"N-793","NOMBRE_CAMINO":"Cruce N-59-Q (Pilluco) - Cruce N-791 (Rinconada del Diguillín)","CLASIFICACION":"Camino Regional Comunal","CALZADA":"U"},"geometry":{"type":"LineString","coordinates":[[-72.08596,-36.92525],[-72.10671,-36.92103],[-72.10649,-36.91928]]}},{"id":"847","type":"Feature","properties":{"ROL":"N-800","NOMBRE_CAMINO":"Cruce N-820 (Hostería El León) - Las Heras - El Baúl","CLASIFICACION":"Camino Regional Comunal","CALZADA":"U"},"geometry":{"type":"LineString","coordinates":[[-72.47175,-36.83043],[-72.47649,-36.83101],[-72.47855,-36.8274],[-72.49072,-36.8239],[-72.50542,-36.81441],[-72.50968,-36.81306]]}},{"id":"848","type":"Feature","properties":{"ROL":"N-802","NOMBRE_CAMINO":"Cruce N-48-O (Queime) - El Bodegón","CLASIFICACION":"Camino Regional de Acceso","CALZADA":"U"},"geometry":{"type":"LineString","coordinates":[[-72.5635,-36.75872],[-72.55134,-36.77061],[-72.55144,-36.77291],[-72.54812,-36.7741],[-72.54797,-36.77863],[-72.54616,-36.78118],[-72.54553,-36.78564],[-72.53787,-36.79172],[-72.52327,-36.79557],[-72.5205,-36.79851],[-72.51866,-36.8052]]}},{"id":"849","type":"Feature","properties":{"ROL":"N-809","NOMBRE_CAMINO":"Cruce N-681 (Puente Zapallar) - Cementerio - Cruce N-679 (Las Hormigas)","CLASIFICACION":"Camino Regional Comunal","CALZADA":"U"},"geometry":{"type":"LineString","coordinates":[[-71.80226,-36.84278],[-71.80132,-36.84754],[-71.80466,-36.84923],[-71.80546,-36.85871]]}},{"id":"850","type":"Feature","properties":{"ROL":"N-828","NOMBRE_CAMINO":"Cruce N-86 (Canchillas) -  Cruce N-820 (Las Perdices)","CLASIFICACION":"Camino Regional Comunal","CALZADA":"U"},"geometry":{"type":"LineString","coordinates":[[-72.45486,-36.85597],[-72.47045,-36.85087]]}},{"id":"851","type":"Feature","properties":{"ROL":"N-835","NOMBRE_CAMINO":"Cruce N-777 (Trehualemu) - Puente Las Mulas - Capilla Norte - San Francisco - San José Norte","CLASIFICACION":"Camino Regional Comunal","CALZADA":"U"},"geometry":{"type":"LineString","coordinates":[[-71.89079,-36.91553],[-71.88822,-36.91296],[-71.88239,-36.91599],[-71.86974,-36.9198],[-71.86161,-36.91986],[-71.85289,-36.92418],[-71.84443,-36.92257],[-71.84309,-36.9179],[-71.83995,-36.91778],[-71.8384,-36.9158],[-71.83433,-36.9143],[-71.82598,-36.91811],[-71.8179,-36.91928],[-71.80788,-36.91687],[-71.80147,-36.92002],[-71.79451,-36.91957],[-71.78974,-36.92114],[-71.78885,-36.92034],[-71.77661,-36.92615],[-71.77046,-36.9275]]}},{"id":"852","type":"Feature","properties":{"ROL":"N-835","NOMBRE_CAMINO":"Cruce N-777 (Trehualemu) - Puente Las Mulas - Capilla Norte - San Francisco - San José Norte","CLASIFICACION":"Camino Regional Comunal (En Proceso de Enrolamiento)","CALZADA":"U"},"geometry":{"type":"LineString","coordinates":[[-71.77046,-36.9275],[-71.76596,-36.93188],[-71.75811,-36.9336],[-71.74134,-36.94385],[-71.7264,-36.95556]]}},{"id":"853","type":"Feature","properties":{"ROL":"N-840","NOMBRE_CAMINO":"Cruce Ruta 5 (Vía de Servicio, Las Tres Marías) - La Palma - Cruce N-48-O (El Roble)","CLASIFICACION":"Camino Regional Comunal","CALZADA":"U"},"geometry":{"type":"LineString","coordinates":[[-72.31906,-36.78712],[-72.34474,-36.78116],[-72.35543,-36.78368],[-72.36327,-36.78191],[-72.36774,-36.78428],[-72.37674,-36.78018],[-72.40058,-36.78052],[-72.39817,-36.77199],[-72.40358,-36.7676],[-72.40006,-36.75738]]}},{"id":"854","type":"Feature","properties":{"ROL":"N-845","NOMBRE_CAMINO":"Cruce N-805 (Mata Redonda) - Fundo El Espino","CLASIFICACION":"Camino Regional Comunal","CALZADA":"U"},"geometry":{"type":"LineString","coordinates":[[-71.9793,-36.95724],[-71.98144,-36.96734],[-71.97847,-36.97087],[-71.9749,-36.9726],[-71.97266,-36.97731],[-71.96639,-36.98105],[-71.94629,-36.98828]]}},{"id":"855","type":"Feature","properties":{"ROL":"N-851","NOMBRE_CAMINO":"Cruce N-85 (San Pedro) - El Ajial","CLASIFICACION":"Camino Regional Comunal","CALZADA":"U"},"geometry":{"type":"LineString","coordinates":[[-72.30294,-36.9453],[-72.30413,-36.95118],[-72.3073,-36.955],[-72.30337,-36.95959],[-72.30557,-36.9635],[-72.3044,-36.96457],[-72.3046,-36.97019],[-72.30691,-36.97503],[-72.29768,-36.97991]]}},{"id":"856","type":"Feature","properties":{"ROL":"N-863","NOMBRE_CAMINO":"Cruce N-59-Q (Viñas de Curapaso) - Cruce N-867 (Miraflores)","CLASIFICACION":"Camino Regional Comunal","CALZADA":"U"},"geometry":{"type":"LineString","coordinates":[[-72.00483,-37.07957],[-72.01417,-37.08198],[-72.02946,-37.0828],[-72.0317,-37.08154],[-72.03763,-37.08162],[-72.04367,-37.08539],[-72.05306,-37.08633],[-72.05688,-37.08992],[-72.05748,-37.09214],[-72.07287,-37.09573],[-72.07563,-37.09978],[-72.07557,-37.10412]]}},{"id":"857","type":"Feature","properties":{"ROL":"N-867","NOMBRE_CAMINO":"Cruce N-91-Q (Miraflores) - Puente Quemado - Los Puquios","CLASIFICACION":"Camino Regional Comunal","CALZADA":"U"},"geometry":{"type":"LineString","coordinates":[[-72.05968,-37.1152],[-72.05917,-37.10824],[-72.07538,-37.10595],[-72.07568,-37.10404],[-72.087,-37.10414],[-72.08754,-37.10218],[-72.09677,-37.10221],[-72.0984,-37.09033],[-72.10541,-37.08455],[-72.10231,-37.06615],[-72.11007,-37.06494],[-72.10955,-37.0619]]}},{"id":"858","type":"Feature","properties":{"ROL":"N-869","NOMBRE_CAMINO":"Cruce N-873 (Maipo Abajo) - Cruce N-845 (Mata Redonda)","CLASIFICACION":"Camino Regional Comunal","CALZADA":"U"},"geometry":{"type":"LineString","coordinates":[[-72.02244,-36.95298],[-72.00478,-36.96046],[-71.99883,-36.95895],[-71.98069,-36.96235]]}},{"id":"859","type":"Feature","properties":{"ROL":"N-873","NOMBRE_CAMINO":"Cruce N-887 (Pemuco) - Puente Santa Filomena - Cruce N-805 (El Rosario)","CLASIFICACION":"Camino Regional Comunal","CALZADA":"U"},"geometry":{"type":"LineString","coordinates":[[-72.07774,-36.9807],[-72.07109,-36.9763],[-72.06726,-36.97217],[-72.06555,-36.96772],[-72.06189,-36.96605],[-72.05959,-36.96104],[-72.06107,-36.95845],[-72.05404,-36.9602],[-72.04638,-36.95914],[-72.03599,-36.96182],[-72.03456,-36.96082],[-72.03419,-36.95557],[-72.02904,-36.95519],[-72.0277,-36.95258],[-72.02239,-36.95295],[-72.02042,-36.94915],[-72.02188,-36.94657],[-72.01437,-36.94088]]}},{"id":"860","type":"Feature","properties":{"ROL":"N-875","NOMBRE_CAMINO":"Cruce N-873 (Maipo Bajo) - Escuela Maipo - El Macal","CLASIFICACION":"Camino Regional Comunal","CALZADA":"U"},"geometry":{"type":"LineString","coordinates":[[-72.03674,-36.96187],[-72.0294,-36.96524],[-72.01819,-36.96376],[-72.00102,-36.97009]]}},{"id":"861","type":"Feature","properties":{"ROL":"N-875","NOMBRE_CAMINO":"Cruce N-873 (Maipo Bajo) - Escuela Maipo - El Macal","CLASIFICACION":"Camino Regional Comunal (En Proceso de Enrolamiento)","CALZADA":"U"},"geometry":{"type":"LineString","coordinates":[[-72.00102,-36.97009],[-72.00185,-36.97232],[-71.99177,-36.97552],[-71.98171,-36.98053],[-71.98104,-36.98493],[-71.98433,-36.98615]]}},{"id":"862","type":"Feature","properties":{"ROL":"N-879","NOMBRE_CAMINO":"Cruce N-887 (Camarico) - El Ciprés - Cruce N-895 (Bastías)","CLASIFICACION":"Camino Regional Comunal","CALZADA":"U"},"geometry":{"type":"LineString","coordinates":[[-71.90241,-37.0141],[-71.90171,-37.01778],[-71.90459,-37.02593],[-71.90229,-37.04024],[-71.90443,-37.04367],[-71.91224,-37.04812],[-71.91617,-37.04881],[-71.9162,-37.05365],[-71.91764,-37.05669],[-71.92241,-37.05923],[-71.92326,-37.06207],[-71.92205,-37.06863],[-71.91671,-37.0718]]}},{"id":"863","type":"Feature","properties":{"ROL":"N-881","NOMBRE_CAMINO":"Cruce N-863 (Curapaso) - Puente Bellavista","CLASIFICACION":"Camino Regional Comunal","CALZADA":"U"},"geometry":{"type":"LineString","coordinates":[[-72.02933,-37.0828],[-72.02831,-37.09366],[-72.02977,-37.0983],[-72.02821,-37.1041]]}},{"id":"864","type":"Feature","properties":{"ROL":"N-881","NOMBRE_CAMINO":"Cruce N-863 (Curapaso) - Puente Bellavista","CLASIFICACION":"Camino Regional Comunal (En Proceso de Enrolamiento)","CALZADA":"U"},"geometry":{"type":"LineString","coordinates":[[-72.02821,-37.1041],[-72.02414,-37.11634]]}},{"id":"865","type":"Feature","properties":{"ROL":"N-888","NOMBRE_CAMINO":"Cruce N-48-O (Puente El Roble) - Chillancito - Lota Alto - Cruce N-86 (Puente Liucura)","CLASIFICACION":"Camino Regional Comunal","CALZADA":"U"},"geometry":{"type":"LineString","coordinates":[[-72.43753,-36.79437],[-72.43647,-36.80139],[-72.43225,-36.80203],[-72.42653,-36.80865],[-72.42844,-36.80993],[-72.42793,-36.81157],[-72.4256,-36.81216],[-72.42174,-36.81792],[-72.41556,-36.82341],[-72.40819,-36.82792],[-72.40637,-36.83897],[-72.40295,-36.84207],[-72.40391,-36.84431],[-72.39442,-36.85398],[-72.38482,-36.86129],[-72.38235,-36.86511],[-72.38352,-36.88072],[-72.37965,-36.89675],[-72.38095,-36.90162],[-72.38528,-36.90839]]}},{"id":"866","type":"Feature","properties":{"ROL":"N-889","NOMBRE_CAMINO":"Cruce N-59-Q (Curapaso) - Cruce N-895 (Trilaleo)","CLASIFICACION":"Camino Regional Comunal","CALZADA":"U"},"geometry":{"type":"LineString","coordinates":[[-72.00484,-37.08103],[-72.00358,-37.08374],[-71.99678,-37.09026]]}},{"id":"867","type":"Feature","properties":{"ROL":"N-891","NOMBRE_CAMINO":"Cruce N-59-Q (Vegas del Coipo) - Cruce N-879 (El Ciprés)","CLASIFICACION":"Camino Regional Comunal","CALZADA":"U"},"geometry":{"type":"LineString","coordinates":[[-72.02512,-37.03422],[-72.02158,-37.03085],[-72.01162,-37.02982],[-71.99775,-37.03113],[-71.99354,-37.03327],[-71.99011,-37.03325],[-71.98881,-37.02938],[-71.97949,-37.02543],[-71.96785,-37.02303],[-71.95558,-37.02964],[-71.94444,-37.03034],[-71.94147,-37.03513],[-71.93419,-37.03513],[-71.93377,-37.03895],[-71.93072,-37.03952],[-71.92468,-37.03953],[-71.91681,-37.03665],[-71.90284,-37.034]]}},{"id":"868","type":"Feature","properties":{"ROL":"N-891","NOMBRE_CAMINO":"Cruce N-59-Q (Vegas del Coipo) - Cruce N-879 (El Ciprés)","CLASIFICACION":"Camino Regional Comunal (En Proceso de Enrolamiento)","CALZADA":"U"},"geometry":{"type":"LineString","coordinates":[[-71.90284,-37.034],[-71.87822,-37.03139],[-71.87295,-37.03184],[-71.85965,-37.03675],[-71.86061,-37.04032]]}},{"id":"869","type":"Feature","properties":{"ROL":"N-893","NOMBRE_CAMINO":"Cruce N-887 (Poste de Piedra) - Laureles - Cruce N-879 (El Ciprés)","CLASIFICACION":"Camino Regional Comunal","CALZADA":"U"},"geometry":{"type":"LineString","coordinates":[[-71.82169,-37.02194],[-71.82419,-37.04311],[-71.86052,-37.04025],[-71.86283,-37.04805],[-71.87406,-37.04858],[-71.8804,-37.04798],[-71.90229,-37.04024]]}},{"id":"870","type":"Feature","properties":{"ROL":"N-895","NOMBRE_CAMINO":"Cruce N-59-Q (El Molino) - Bastías - San Manuel","CLASIFICACION":"Camino Regional Comunal","CALZADA":"U"},"geometry":{"type":"LineString","coordinates":[[-71.99678,-37.09026],[-71.97409,-37.0834],[-71.97171,-37.08042],[-71.96061,-37.08035],[-71.95454,-37.08328],[-71.94146,-37.08409],[-71.93123,-37.08074],[-71.91688,-37.07187]]}},{"id":"871","type":"Feature","properties":{"ROL":"N-895","NOMBRE_CAMINO":"Cruce N-59-Q (El Molino) - Bastías - San Manuel","CLASIFICACION":"Camino Regional Comunal","CALZADA":"U"},"geometry":{"type":"LineString","coordinates":[[-71.85179,-37.06726],[-71.8407,-37.06493]]}},{"id":"872","type":"Feature","properties":{"ROL":"N-905","NOMBRE_CAMINO":"Cruce N-91-Q (San José) - El Coihue - Cruce N-917 (Pedregal)","CLASIFICACION":"Camino Regional Comunal","CALZADA":"U"},"geometry":{"type":"LineString","coordinates":[[-72.09017,-37.11557],[-72.09337,-37.11641],[-72.09987,-37.12366],[-72.10272,-37.12273],[-72.10462,-37.12662],[-72.0983,-37.1289],[-72.09144,-37.12894],[-72.08303,-37.13369],[-72.07146,-37.13745],[-72.06584,-37.13656]]}},{"id":"873","type":"Feature","properties":{"ROL":"N-909","NOMBRE_CAMINO":"Cruce N-97-Q - Acceso Poniente a Campanario","CLASIFICACION":"Camino Regional Comunal","CALZADA":"U"},"geometry":{"type":"LineString","coordinates":[[-72.20865,-37.12862],[-72.20196,-37.13029]]}},{"id":"874","type":"Feature","properties":{"ROL":"N-91-Q","NOMBRE_CAMINO":"Cruce Q-97-N (Enlace Cabrero) - Colicheo - Ranchillo - Cruce Calle Esmeralda (Yungay), Sector: Límite Regional (Ranchillo Bajo) - Yungay","CLASIFICACION":"Camino Regional Principal","CALZADA":"U"},"geometry":{"type":"LineString","coordinates":[[-72.20974,-37.06898],[-72.19983,-37.07165],[-72.18065,-37.08028],[-72.15904,-37.0926],[-72.12534,-37.10834],[-72.11895,-37.10653],[-72.08909,-37.11569],[-72.08382,-37.11605],[-72.08189,-37.11471],[-72.07167,-37.11417],[-72.03887,-37.11706]]}},{"id":"875","type":"Feature","properties":{"ROL":"N-915","NOMBRE_CAMINO":"Cruce N-935 (El Lleuque) - Las Cruces - Ranchillo","CLASIFICACION":"Camino Regional Comunal","CALZADA":"U"},"geometry":{"type":"LineString","coordinates":[[-71.97636,-37.12077],[-71.97618,-37.11856],[-71.97286,-37.11633],[-71.96084,-37.11457],[-71.947,-37.11469],[-71.94281,-37.11295],[-71.89576,-37.10511],[-71.87615,-37.09392],[-71.86122,-37.08861],[-71.84822,-37.08562],[-71.82867,-37.07677],[-71.81952,-37.07542],[-71.80197,-37.07832],[-71.79678,-37.08207],[-71.77294,-37.08257],[-71.74634,-37.07762],[-71.71277,-37.07792],[-71.69529,-37.07585],[-71.67511,-37.07569],[-71.67367,-37.07399],[-71.67429,-37.0703],[-71.67299,-37.06692]]}},{"id":"876","type":"Feature","properties":{"ROL":"N-915","NOMBRE_CAMINO":"Cruce N-935 (El Lleuque) - Las Cruces - Ranchillo","CLASIFICACION":"Camino Regional Comunal (En Proceso de Enrolamiento)","CALZADA":"U"},"geometry":{"type":"LineString","coordinates":[[-71.67299,-37.06692],[-71.67139,-37.05877],[-71.66474,-37.0567],[-71.6615,-37.05342],[-71.65212,-37.05463],[-71.64786,-37.0498]]}},{"id":"877","type":"Feature","properties":{"ROL":"N-917","NOMBRE_CAMINO":"Cruce N-97-Q (Cholguán) - Cruce N-97-Q (Yungay)","CLASIFICACION":"Camino Regional Comunal","CALZADA":"U"},"geometry":{"type":"LineString","coordinates":[[-72.06902,-37.15594],[-72.06592,-37.14471],[-72.06594,-37.13663],[-72.05885,-37.13153],[-72.03947,-37.1276],[-72.0313,-37.12249]]}},{"id":"878","type":"Feature","properties":{"ROL":"N-919","NOMBRE_CAMINO":"Cruce N-909 - Av. O'Higgins Poniente","CLASIFICACION":"Camino Regional de Acceso","CALZADA":"U"},"geometry":{"type":"LineString","coordinates":[[-72.20865,-37.12862],[-72.2112,-37.12793]]}},{"id":"879","type":"Feature","properties":{"ROL":"N-921","NOMBRE_CAMINO":"Cruce N-97-Q - Acceso Oriente a Campanario","CLASIFICACION":"Camino Regional Comunal","CALZADA":"U"},"geometry":{"type":"LineString","coordinates":[[-72.17758,-37.13732],[-72.17775,-37.13691]]}},{"id":"880","type":"Feature","properties":{"ROL":"N-921","NOMBRE_CAMINO":"Cruce N-97-Q - Acceso Oriente a Campanario","CLASIFICACION":"Camino Regional Comunal","CALZADA":"U"},"geometry":{"type":"LineString","coordinates":[[-72.17775,-37.13691],[-72.18102,-37.13333]]}},{"id":"881","type":"Feature","properties":{"ROL":"N-939","NOMBRE_CAMINO":"Cruce N-915 (Las Cruces) - San Antonio - Cruce N-935 (La Pata de Gallo)","CLASIFICACION":"Camino Regional Comunal","CALZADA":"U"},"geometry":{"type":"LineString","coordinates":[[-71.79556,-37.08189],[-71.79155,-37.09541],[-71.79831,-37.0987]]}},{"id":"882","type":"Feature","properties":{"ROL":"N-943","NOMBRE_CAMINO":"Cruce N-573-Q (Pangal del Laja) - Cruce N-573-Q (La Palma)","CLASIFICACION":"Camino Regional Comunal","CALZADA":"U"},"geometry":{"type":"LineString","coordinates":[[-72.20118,-37.18088],[-72.19192,-37.18032],[-72.17656,-37.18283],[-72.17325,-37.17984],[-72.17141,-37.17477]]}},{"id":"883","type":"Feature","properties":{"ROL":"N-947","NOMBRE_CAMINO":"Cruce N-573-Q (La Escuela) - Cruce N-573-Q (Variante El Roble)","CLASIFICACION":"Camino Regional Comunal","CALZADA":"U"},"geometry":{"type":"LineString","coordinates":[[-72.16998,-37.17399],[-72.16369,-37.1745],[-72.16174,-37.17092]]}},{"id":"884","type":"Feature","properties":{"ROL":"N-967","NOMBRE_CAMINO":"Cruce N-573-Q (El Roble) - Cruce N-573-Q (El Álamo)","CLASIFICACION":"Camino Regional Comunal","CALZADA":"U"},"geometry":{"type":"LineString","coordinates":[[-72.15702,-37.16995],[-72.15714,-37.17236],[-72.14733,-37.17358],[-72.1375,-37.1739],[-72.13261,-37.17255],[-72.12553,-37.17371],[-72.12175,-37.16473]]}},{"id":"885","type":"Feature","properties":{"ROL":"S/R-N-100","NOMBRE_CAMINO":"Cruce N-80-M (Buchupureo) - Monte Blanco - Talcamávida","CLASIFICACION":"Camino Regional Comunal (En Proceso de Enrolamiento)","CALZADA":"U"},"geometry":{"type":"LineString","coordinates":[[-72.77864,-36.07963],[-72.76511,-36.08204],[-72.76053,-36.08055],[-72.75994,-36.08256],[-72.75649,-36.08382],[-72.75087,-36.08325],[-72.74728,-36.08667],[-72.745,-36.08551],[-72.73899,-36.08576],[-72.73492,-36.09121],[-72.73244,-36.0919],[-72.73241,-36.09339]]}},{"id":"886","type":"Feature","properties":{"ROL":"S/R-N-128","NOMBRE_CAMINO":"Cruce N-66 (Velenunque) - San Jorge - Carrizales","CLASIFICACION":"Camino Regional de Acceso (En Proceso de Enrolamiento)","CALZADA":"U"},"geometry":{"type":"LineString","coordinates":[[-72.4707,-36.64971],[-72.48042,-36.65544],[-72.49142,-36.65637],[-72.49617,-36.66122],[-72.50502,-36.66432],[-72.50842,-36.67073],[-72.51318,-36.67477],[-72.51776,-36.67573],[-72.51933,-36.67831],[-72.52506,-36.68241],[-72.53316,-36.68347],[-72.54135,-36.67907],[-72.54173,-36.67775]]}},{"id":"887","type":"Feature","properties":{"ROL":"S/R-N-132","NOMBRE_CAMINO":"Cruce N-112 (Puente Negro) - Cruce N-120 (El Huape)","CLASIFICACION":"Camino Regional Comunal (En Proceso de Enrolamiento)","CALZADA":"U"},"geometry":{"type":"LineString","coordinates":[[-72.52708,-36.61747],[-72.53036,-36.61885],[-72.53757,-36.61615]]}},{"id":"888","type":"Feature","properties":{"ROL":"S/R-N-134","NOMBRE_CAMINO":"Cruce N-104 (Las Águilas) - Cruce N-118 (Cancha Los Botones)","CLASIFICACION":"Camino Regional Comunal (En Proceso de Enrolamiento)","CALZADA":"U"},"geometry":{"type":"LineString","coordinates":[[-72.60487,-36.59541],[-72.60311,-36.59554],[-72.59515,-36.60339],[-72.592,-36.60223],[-72.59641,-36.59603],[-72.59434,-36.59429],[-72.59547,-36.58793]]}},{"id":"889","type":"Feature","properties":{"ROL":"S/R-N-138","NOMBRE_CAMINO":"Cruce N-66 (La Raya) - El Parrón - Cruce N-190 (Escuela Checura)","CLASIFICACION":"Camino Regional Comunal (En Proceso de Enrolamiento)","CALZADA":"U"},"geometry":{"type":"LineString","coordinates":[[-72.65162,-36.62501],[-72.64802,-36.61886],[-72.64389,-36.61815],[-72.64092,-36.61631],[-72.63941,-36.61358],[-72.63486,-36.61226],[-72.63493,-36.60831],[-72.63328,-36.60584],[-72.64262,-36.5979],[-72.65212,-36.59707]]}},{"id":"890","type":"Feature","properties":{"ROL":"S/R-N-142","NOMBRE_CAMINO":"Cruce N-110 (Buchupureo) - El Castillo - Cruce N-604 (Chacrilla)","CLASIFICACION":"Camino Regional Comunal (En Proceso de Enrolamiento)","CALZADA":"U"},"geometry":{"type":"LineString","coordinates":[[-72.75967,-36.07289],[-72.7505,-36.07171],[-72.75026,-36.07397],[-72.74415,-36.0785],[-72.74389,-36.08062],[-72.73226,-36.07719],[-72.72034,-36.08519],[-72.71835,-36.08841],[-72.71625,-36.08796],[-72.71541,-36.08993],[-72.71232,-36.08968],[-72.7115,-36.09117],[-72.70495,-36.08967],[-72.70066,-36.0901],[-72.69874,-36.08763],[-72.69901,-36.08453],[-72.69433,-36.08088],[-72.69408,-36.0778],[-72.69068,-36.07671],[-72.68903,-36.07466],[-72.68157,-36.0773],[-72.67083,-36.07793],[-72.66733,-36.08157],[-72.65574,-36.08375],[-72.64599,-36.08755],[-72.64075,-36.08541],[-72.63094,-36.08773],[-72.60985,-36.08921],[-72.60051,-36.09219]]}},{"id":"891","type":"Feature","properties":{"ROL":"S/R-N-146","NOMBRE_CAMINO":"Cruce N-120 (El Huape) - Cruce N-122 (Manzanares)","CLASIFICACION":"Camino Regional Comunal (En Proceso de Enrolamiento)","CALZADA":"U"},"geometry":{"type":"LineString","coordinates":[[-72.53972,-36.61757],[-72.54322,-36.61422],[-72.54784,-36.61334]]}},{"id":"892","type":"Feature","properties":{"ROL":"S/R-N-148","NOMBRE_CAMINO":"Monte Blanco - Cruce N-502 (Los Maquis Bajo)","CLASIFICACION":"Camino Regional Comunal (En Proceso de Enrolamiento)","CALZADA":"U"},"geometry":{"type":"LineString","coordinates":[[-72.75849,-36.08271],[-72.76467,-36.08724],[-72.76875,-36.09541]]}},{"id":"893","type":"Feature","properties":{"ROL":"S/R-N-150","NOMBRE_CAMINO":"Cruce N-188 (Leonera) - Cruce N-190 (Checura)","CLASIFICACION":"Camino Regional Comunal (En Proceso de Enrolamiento)","CALZADA":"U"},"geometry":{"type":"LineString","coordinates":[[-72.68233,-36.56889],[-72.67293,-36.56931],[-72.67508,-36.56784],[-72.67498,-36.56449],[-72.66463,-36.56685],[-72.66362,-36.56808],[-72.66404,-36.57256],[-72.65843,-36.58115],[-72.65945,-36.58561],[-72.65577,-36.58712],[-72.65481,-36.58964]]}},{"id":"894","type":"Feature","properties":{"ROL":"S/R-N-150","NOMBRE_CAMINO":"Cruce N-188 (Leonera) - Cruce N-190 (Checura)","CLASIFICACION":"Camino Regional Comunal (En Proceso de Enrolamiento)","CALZADA":"U"},"geometry":{"type":"LineString","coordinates":[[-72.65481,-36.58964],[-72.65559,-36.59405],[-72.65439,-36.59695]]}},{"id":"895","type":"Feature","properties":{"ROL":"S/R-N-152","NOMBRE_CAMINO":"Cruce N-80-M (Pullay) - Miramar - Cruce N-110 (Quile)","CLASIFICACION":"Camino Regional Comunal (En Proceso de Enrolamiento)","CALZADA":"U"},"geometry":{"type":"LineString","coordinates":[[-72.77511,-36.02848],[-72.76257,-36.02867],[-72.75448,-36.02675],[-72.74434,-36.02766],[-72.74007,-36.02591],[-72.74042,-36.02783],[-72.73913,-36.0293],[-72.7311,-36.0327],[-72.72362,-36.03001],[-72.71753,-36.03065],[-72.71628,-36.03276],[-72.71096,-36.03583],[-72.70688,-36.04255]]}},{"id":"896","type":"Feature","properties":{"ROL":"S/R-N-202","NOMBRE_CAMINO":"Cruce N-760-M (Arizona) - San Luis de Arizona","CLASIFICACION":"Camino Regional de Acceso (En Proceso de Enrolamiento)","CALZADA":"U"},"geometry":{"type":"LineString","coordinates":[[-72.03904,-36.32038],[-72.03897,-36.29287],[-72.03663,-36.29113]]}},{"id":"897","type":"Feature","properties":{"ROL":"S/R-N-205","NOMBRE_CAMINO":"Cruce N-151 (El Cristo) - La Esperanza - Cruce N-275 (San Fernando)","CLASIFICACION":"Camino Regional Comunal (En Proceso de Enrolamiento)","CALZADA":"U"},"geometry":{"type":"LineString","coordinates":[[-71.76838,-36.39716],[-71.78142,-36.41022]]}},{"id":"898","type":"Feature","properties":{"ROL":"S/R-N-206","NOMBRE_CAMINO":"Cruce Ruta 5 (San Gregorio, Paso Superior) - Pinancheo","CLASIFICACION":"Camino Regional de Acceso (En Proceso de Enrolamiento)","CALZADA":"U"},"geometry":{"type":"LineString","coordinates":[[-71.82263,-36.27484],[-71.82873,-36.27104],[-71.82974,-36.26658],[-71.84065,-36.26059]]}},{"id":"899","type":"Feature","properties":{"ROL":"S/R-N-208","NOMBRE_CAMINO":"Cruce N-256 (Santa Amelia) - Cruce N-760-M (Los Rosales)","CLASIFICACION":"Camino Regional Comunal (En Proceso de Enrolamiento)","CALZADA":"U"},"geometry":{"type":"LineString","coordinates":[[-71.99374,-36.31584],[-71.99506,-36.32157],[-71.99346,-36.32267],[-71.9934,-36.32976],[-71.9984,-36.3306],[-71.99928,-36.33175],[-72.01358,-36.33109]]}},{"id":"900","type":"Feature","properties":{"ROL":"S/R-N-214","NOMBRE_CAMINO":"Cruce N-224 (El Laurel) - Escuela Santa Filomena","CLASIFICACION":"Camino Regional de Acceso (En Proceso de Enrolamiento)","CALZADA":"U"},"geometry":{"type":"LineString","coordinates":[[-72.79307,-36.49793],[-72.79316,-36.49565],[-72.79697,-36.49564]]}},{"id":"901","type":"Feature","properties":{"ROL":"S/R-N-218","NOMBRE_CAMINO":"Cruce N-224 (Pirumávida) - Escuela La Ermita","CLASIFICACION":"Camino Regional de Acceso (En Proceso de Enrolamiento)","CALZADA":"U"},"geometry":{"type":"LineString","coordinates":[[-72.77284,-36.51101],[-72.7745,-36.51378],[-72.77714,-36.51432],[-72.77857,-36.51264],[-72.78531,-36.51367],[-72.78748,-36.51654],[-72.79237,-36.51806]]}},{"id":"902","type":"Feature","properties":{"ROL":"S/R-N-222","NOMBRE_CAMINO":"Cruce Ruta 126 S (Villa Alegre) - Tubul - Cruce O-226 (Chupallar)","CLASIFICACION":"Camino Regional Comunal (En Proceso de Enrolamiento)","CALZADA":"U"},"geometry":{"type":"LineString","coordinates":[[-72.74397,-36.53429],[-72.75247,-36.5306],[-72.75443,-36.52832],[-72.75585,-36.52986],[-72.75838,-36.52928],[-72.7629,-36.53114],[-72.76786,-36.53044],[-72.76848,-36.53215],[-72.77257,-36.5312],[-72.77846,-36.53578],[-72.78068,-36.53585],[-72.78177,-36.53789],[-72.78308,-36.5376],[-72.78788,-36.54062],[-72.79372,-36.53907],[-72.79487,-36.54418],[-72.80154,-36.54643],[-72.80162,-36.54754],[-72.81079,-36.54443],[-72.81214,-36.54725],[-72.81542,-36.54732],[-72.81645,-36.54603],[-72.8256,-36.54418],[-72.82647,-36.5428]]}},{"id":"903","type":"Feature","properties":{"ROL":"S/R-N-225","NOMBRE_CAMINO":"Cruce N-31 (El Sauce) - Cruce N-265 (El Peñón)","CLASIFICACION":"Camino Regional Comunal (En Proceso de Enrolamiento)","CALZADA":"U"},"geometry":{"type":"LineString","coordinates":[[-71.82343,-36.43958],[-71.81672,-36.43078],[-71.82671,-36.42342]]}},{"id":"904","type":"Feature","properties":{"ROL":"S/R-N-226","NOMBRE_CAMINO":"Cruce N-760-M (Los Rosales) - La Finca","CLASIFICACION":"Camino Regional de Acceso (En Proceso de Enrolamiento)","CALZADA":"U"},"geometry":{"type":"LineString","coordinates":[[-72.01358,-36.33109],[-72.0161,-36.31873]]}},{"id":"905","type":"Feature","properties":{"ROL":"S/R-N-228","NOMBRE_CAMINO":"Cruce N-240-M (Belén) - Agua Fría - Cruce N-220 (Paredones)","CLASIFICACION":"Camino Regional Comunal (En Proceso de Enrolamiento)","CALZADA":"U"},"geometry":{"type":"LineString","coordinates":[[-72.02879,-36.19778],[-72.04505,-36.20035],[-72.04402,-36.20268],[-72.04962,-36.20715],[-72.04993,-36.20944],[-72.05926,-36.21801],[-72.05829,-36.22761],[-72.04944,-36.22711],[-72.04302,-36.23309],[-72.04414,-36.2379],[-72.04134,-36.23788],[-72.04375,-36.242],[-72.04039,-36.24715],[-72.04485,-36.25597],[-72.05759,-36.25647],[-72.0595,-36.26209],[-72.06805,-36.27191],[-72.07547,-36.27114],[-72.08053,-36.26762],[-72.08312,-36.26959]]}},{"id":"906","type":"Feature","properties":{"ROL":"S/R-N-229","NOMBRE_CAMINO":"Cruce N-245 (Colvindo) - Canchiuque","CLASIFICACION":"Camino Regional Comunal (En Proceso de Enrolamiento)","CALZADA":"U"},"geometry":{"type":"LineString","coordinates":[[-71.76155,-36.31842],[-71.75696,-36.31825],[-71.7425,-36.32356],[-71.74254,-36.32873],[-71.73479,-36.32952],[-71.73446,-36.3307],[-71.72939,-36.33212],[-71.72822,-36.33745],[-71.72105,-36.34163]]}},{"id":"907","type":"Feature","properties":{"ROL":"S/R-N-231","NOMBRE_CAMINO":"El Carbón - Cruce N-305 (Paso Ancho)","CLASIFICACION":"Camino Regional Comunal (En Proceso de Enrolamiento)","CALZADA":"U"},"geometry":{"type":"LineString","coordinates":[[-71.70938,-36.44523],[-71.69811,-36.45182],[-71.68951,-36.45374],[-71.68195,-36.45831]]}},{"id":"908","type":"Feature","properties":{"ROL":"S/R-N-233","NOMBRE_CAMINO":"Cruce N-31 (Cachapoal Alto) - Las Alitas - Cruce N-261 (El Carbón)","CLASIFICACION":"Camino Regional Comunal (En Proceso de Enrolamiento)","CALZADA":"U"},"geometry":{"type":"LineString","coordinates":[[-71.71234,-36.45853],[-71.71293,-36.45194],[-71.7096,-36.44765],[-71.7092,-36.44463],[-71.71648,-36.43361],[-71.71782,-36.4284],[-71.73139,-36.41942],[-71.74261,-36.42056],[-71.74889,-36.41934],[-71.7543,-36.41986]]}},{"id":"909","type":"Feature","properties":{"ROL":"S/R-N-234","NOMBRE_CAMINO":"Flor de Ñiquén - Las Parcelas","CLASIFICACION":"Camino Regional de Acceso (En Proceso de Enrolamiento)","CALZADA":"U"},"geometry":{"type":"LineString","coordinates":[[-71.97147,-36.29584],[-71.975,-36.29458],[-71.97672,-36.29713],[-71.98929,-36.29187],[-72.01414,-36.28533]]}},{"id":"910","type":"Feature","properties":{"ROL":"S/R-N-236","NOMBRE_CAMINO":"Cruce N-240-M (Otinhue) - Flor de Ñiquén - San Nicanor - Cruce N-760-M (Verquicó)","CLASIFICACION":"Camino Regional Comunal (En Proceso de Enrolamiento)","CALZADA":"U"},"geometry":{"type":"LineString","coordinates":[[-71.96252,-36.27286],[-71.96367,-36.27816],[-71.96053,-36.29221],[-71.96592,-36.29261],[-71.96711,-36.29491],[-71.97147,-36.29577],[-71.97046,-36.30016],[-71.96691,-36.30338],[-71.9661,-36.31517],[-71.96727,-36.32852],[-71.97037,-36.33694],[-71.96902,-36.34229],[-71.97644,-36.35918]]}},{"id":"911","type":"Feature","properties":{"ROL":"S/R-N-238","NOMBRE_CAMINO":"Cruce N-240-M (Otinhue) - La Higuera - Agua Fría","CLASIFICACION":"Camino Regional Comunal (En Proceso de Enrolamiento)","CALZADA":"U"},"geometry":{"type":"LineString","coordinates":[[-71.99633,-36.2488],[-72.00147,-36.25945],[-72.00651,-36.25905],[-72.01219,-36.26338],[-72.02073,-36.25713],[-72.01996,-36.25574],[-72.0237,-36.25139],[-72.04039,-36.24714]]}},{"id":"912","type":"Feature","properties":{"ROL":"S/R-N-239","NOMBRE_CAMINO":"Virhuín Arriba - Cruce N-265 (San Jorge)","CLASIFICACION":"Camino Regional Comunal (En Proceso de Enrolamiento)","CALZADA":"U"},"geometry":{"type":"LineString","coordinates":[[-71.82132,-36.36982],[-71.82551,-36.37403],[-71.82167,-36.37828],[-71.82409,-36.38321],[-71.81668,-36.38957],[-71.81527,-36.39178],[-71.81635,-36.39319],[-71.80779,-36.40259]]}},{"id":"913","type":"Feature","properties":{"ROL":"S/R-N-246","NOMBRE_CAMINO":"Cruce N-240-M (La Coronta) - El Boldo - Pozo Valencia","CLASIFICACION":"Camino Regional de Acceso (En Proceso de Enrolamiento)","CALZADA":"U"},"geometry":{"type":"LineString","coordinates":[[-71.92314,-36.28691],[-71.92238,-36.27879],[-71.92645,-36.27726],[-71.91961,-36.26176],[-71.92136,-36.26036]]}},{"id":"914","type":"Feature","properties":{"ROL":"S/R-N-248","NOMBRE_CAMINO":"Virhuín Abajo - Las Miras - El Espinal","CLASIFICACION":"Camino Regional Comunal (En Proceso de Enrolamiento)","CALZADA":"U"},"geometry":{"type":"LineString","coordinates":[[-71.84576,-36.33874],[-71.84372,-36.33529],[-71.85096,-36.3289],[-71.86718,-36.32189],[-71.87309,-36.31395],[-71.88176,-36.3081],[-71.8864,-36.30805],[-71.89169,-36.3042],[-71.89273,-36.30203],[-71.8975,-36.29996]]}},{"id":"915","type":"Feature","properties":{"ROL":"S/R-N-254","NOMBRE_CAMINO":"Cruce N-70-M (El Arroyo) - Placilla Sur","CLASIFICACION":"Camino Regional de Acceso (En Proceso de Enrolamiento)","CALZADA":"U"},"geometry":{"type":"LineString","coordinates":[[-72.00273,-36.42352],[-72.01383,-36.43832]]}},{"id":"916","type":"Feature","properties":{"ROL":"S/R-N-257","NOMBRE_CAMINO":"Santa Josefina - Cruce N-269 (Tiuquilemu)","CLASIFICACION":"Camino Regional Comunal (En Proceso de Enrolamiento)","CALZADA":"U"},"geometry":{"type":"LineString","coordinates":[[-71.85956,-36.35817],[-71.85234,-36.36086],[-71.85088,-36.36342],[-71.84645,-36.36645],[-71.83659,-36.38018],[-71.84157,-36.38267],[-71.84408,-36.38562]]}},{"id":"917","type":"Feature","properties":{"ROL":"S/R-N-259","NOMBRE_CAMINO":"Cruce N-151 (Chacay) - La Pitrilla - Cruce N-151 (San Roque)","CLASIFICACION":"Camino Regional Comunal (En Proceso de Enrolamiento)","CALZADA":"U"},"geometry":{"type":"LineString","coordinates":[[-71.77132,-36.36484],[-71.766,-36.36585],[-71.76131,-36.37556],[-71.77594,-36.38306]]}},{"id":"918","type":"Feature","properties":{"ROL":"S/R-N-267","NOMBRE_CAMINO":"Cruce N-261 (Las Viñas) - Cruce N-261 (El Rincón)","CLASIFICACION":"Camino Regional Comunal (En Proceso de Enrolamiento)","CALZADA":"U"},"geometry":{"type":"LineString","coordinates":[[-71.7493,-36.37483],[-71.74479,-36.3757],[-71.74057,-36.3611],[-71.75111,-36.35921]]}},{"id":"919","type":"Feature","properties":{"ROL":"S/R-N-270","NOMBRE_CAMINO":"Cruce N-70-M (Camarico) - Casablanca - Cruce N-260 (Junquillo)","CLASIFICACION":"Camino Regional Comunal (En Proceso de Enrolamiento)","CALZADA":"U"},"geometry":{"type":"LineString","coordinates":[[-72.09378,-36.40206],[-72.09286,-36.39948],[-72.07951,-36.39947],[-72.06387,-36.40236],[-72.06221,-36.39923],[-72.05388,-36.39991],[-72.04839,-36.3906]]}},{"id":"920","type":"Feature","properties":{"ROL":"S/R-N-274","NOMBRE_CAMINO":"Cruce N-280 (Las Juntas) - Chipango - Cruce N-260 (Toquihua)","CLASIFICACION":"Camino Regional Comunal (En Proceso de Enrolamiento)","CALZADA":"U"},"geometry":{"type":"LineString","coordinates":[[-72.26164,-36.32345],[-72.25416,-36.31413],[-72.25184,-36.31479],[-72.24718,-36.31235],[-72.23695,-36.31572],[-72.23068,-36.31449],[-72.22473,-36.31626]]}},{"id":"921","type":"Feature","properties":{"ROL":"S/R-N-276","NOMBRE_CAMINO":"Cruce Ruta 5 (Virhuín) - San Pedro","CLASIFICACION":"Camino Regional de Acceso (En Proceso de Enrolamiento)","CALZADA":"U"},"geometry":{"type":"LineString","coordinates":[[-71.85342,-36.34591],[-71.85587,-36.34418],[-71.85972,-36.34507],[-71.86963,-36.33804]]}},{"id":"922","type":"Feature","properties":{"ROL":"S/R-N-277","NOMBRE_CAMINO":"Cruce N-31 (Colonia de Pomuyeto) - Cruce N-279 (La Capilla)","CLASIFICACION":"Camino Regional Comunal (En Proceso de Enrolamiento)","CALZADA":"U"},"geometry":{"type":"LineString","coordinates":[[-71.81126,-36.44295],[-71.80608,-36.43856],[-71.80836,-36.43632],[-71.80191,-36.42993]]}},{"id":"923","type":"Feature","properties":{"ROL":"S/R-N-282","NOMBRE_CAMINO":"Cruce N-288 (La Isla) - Cruce N-288 (Coroney)","CLASIFICACION":"Camino Regional Comunal (En Proceso de Enrolamiento)","CALZADA":"U"},"geometry":{"type":"LineString","coordinates":[[-72.40679,-36.33405],[-72.41286,-36.33924],[-72.41281,-36.34334],[-72.41453,-36.34381],[-72.4129,-36.34591],[-72.40591,-36.34696],[-72.40595,-36.34987],[-72.40064,-36.35086],[-72.39813,-36.34909],[-72.39676,-36.346],[-72.3907,-36.34502]]}},{"id":"924","type":"Feature","properties":{"ROL":"S/R-N-284","NOMBRE_CAMINO":"Cruce Ruta 126 S (Quirihue) - Cerro Coiquén","CLASIFICACION":"Camino Regional de Acceso (En Proceso de Enrolamiento)","CALZADA":"U"},"geometry":{"type":"LineString","coordinates":[[-72.53985,-36.28564],[-72.5384,-36.28883],[-72.53487,-36.29034],[-72.53164,-36.29369],[-72.52711,-36.30189],[-72.52314,-36.30437],[-72.51841,-36.31397],[-72.51551,-36.31559],[-72.51398,-36.31848],[-72.51156,-36.31908],[-72.50996,-36.32163],[-72.50541,-36.32063],[-72.50213,-36.32153],[-72.50216,-36.32266],[-72.49341,-36.32752],[-72.48308,-36.32569],[-72.47933,-36.32629]]}},{"id":"925","type":"Feature","properties":{"ROL":"S/R-N-286","NOMBRE_CAMINO":"Cruce N-16 (Las Higueras) - Cruce N-290 (Las Camelias)","CLASIFICACION":"Camino Regional Comunal (En Proceso de Enrolamiento)","CALZADA":"U"},"geometry":{"type":"LineString","coordinates":[[-72.37394,-36.30087],[-72.37727,-36.30904],[-72.37639,-36.31231],[-72.37799,-36.31954],[-72.37805,-36.33214]]}},{"id":"926","type":"Feature","properties":{"ROL":"S/R-N-287","NOMBRE_CAMINO":"Cruce Ruta 5 (Buli Oriente) - Cruce N-223 (Paso Salas)","CLASIFICACION":"Camino Regional Comunal (En Proceso de Enrolamiento)","CALZADA":"U"},"geometry":{"type":"LineString","coordinates":[[-71.89172,-36.37027],[-71.88783,-36.37819],[-71.87919,-36.38937]]}},{"id":"927","type":"Feature","properties":{"ROL":"S/R-N-289","NOMBRE_CAMINO":"Los Mayos - Chacayal - El Roble","CLASIFICACION":"Camino Regional Comunal (En Proceso de Enrolamiento)","CALZADA":"U"},"geometry":{"type":"LineString","coordinates":[[-71.27877,-36.69882],[-71.27872,-36.70049],[-71.28253,-36.70456],[-71.28036,-36.70885],[-71.28297,-36.71087],[-71.29216,-36.71392],[-71.28082,-36.73317],[-71.27393,-36.73689],[-71.26646,-36.74349],[-71.2597,-36.74313]]}},{"id":"928","type":"Feature","properties":{"ROL":"S/R-N-292","NOMBRE_CAMINO":"Cruce N-70-M (Torrecillas) - Cruce N-70-M (La Puntilla)","CLASIFICACION":"Camino Regional Comunal (En Proceso de Enrolamiento)","CALZADA":"U"},"geometry":{"type":"LineString","coordinates":[[-72.32003,-36.35627],[-72.32123,-36.35465],[-72.31918,-36.34735],[-72.31925,-36.34068],[-72.32086,-36.33711],[-72.32714,-36.33927],[-72.33386,-36.33859]]}},{"id":"929","type":"Feature","properties":{"ROL":"S/R-N-297","NOMBRE_CAMINO":"Cruce N-151 (Las Rosas) - Los Maitenes","CLASIFICACION":"Camino Regional Comunal (En Proceso de Enrolamiento)","CALZADA":"U"},"geometry":{"type":"LineString","coordinates":[[-71.82475,-36.33284],[-71.82389,-36.33897],[-71.81414,-36.35545],[-71.81303,-36.35966]]}},{"id":"930","type":"Feature","properties":{"ROL":"S/R-N-301","NOMBRE_CAMINO":"Cruce N-315 (El Copihue) - Cruce N-315 (Villa Malalcura)","CLASIFICACION":"Camino Regional Comunal (En Proceso de Enrolamiento)","CALZADA":"U"},"geometry":{"type":"LineString","coordinates":[[-71.56076,-36.54166],[-71.55893,-36.53642],[-71.55612,-36.53432],[-71.55079,-36.5396],[-71.55646,-36.54498]]}},{"id":"931","type":"Feature","properties":{"ROL":"S/R-N-303","NOMBRE_CAMINO":"Estero Los Sauces - Estación DGA","CLASIFICACION":"Camino Regional de Acceso (En Proceso de Enrolamiento)","CALZADA":"U"},"geometry":{"type":"LineString","coordinates":[[-71.28294,-36.67855],[-71.28144,-36.67636],[-71.28176,-36.67242],[-71.27884,-36.67174],[-71.27611,-36.66926]]}},{"id":"932","type":"Feature","properties":{"ROL":"S/R-N-307","NOMBRE_CAMINO":"Cruce N-31 (Paso Ancho) - Quigua Alto","CLASIFICACION":"Camino Regional Comunal (En Proceso de Enrolamiento)","CALZADA":"U"},"geometry":{"type":"LineString","coordinates":[[-71.67568,-36.46439],[-71.67664,-36.46968],[-71.67433,-36.47117],[-71.6761,-36.47801],[-71.68302,-36.48276],[-71.68676,-36.48285]]}},{"id":"933","type":"Feature","properties":{"ROL":"S/R-N-309","NOMBRE_CAMINO":"Cruce N-31 (Los Monos) - Las Mercedes - Cruce N-315 (El Valiente)","CLASIFICACION":"Camino Regional Comunal (En Proceso de Enrolamiento)","CALZADA":"U"},"geometry":{"type":"LineString","coordinates":[[-71.65637,-36.47965],[-71.62484,-36.49054],[-71.62086,-36.49776],[-71.617,-36.49972],[-71.61097,-36.49927],[-71.60805,-36.50183],[-71.60421,-36.50009],[-71.60323,-36.49498],[-71.60083,-36.49367],[-71.60054,-36.48771],[-71.59617,-36.48857],[-71.59217,-36.49479],[-71.59651,-36.4986],[-71.59523,-36.50519],[-71.58605,-36.51943]]}},{"id":"934","type":"Feature","properties":{"ROL":"S/R-N-313","NOMBRE_CAMINO":"Cruce N-31 (Punilla) - Los Mayos - El Roble","CLASIFICACION":"Camino Regional de Acceso (En Proceso de Enrolamiento)","CALZADA":"U"},"geometry":{"type":"LineString","coordinates":[[-71.29193,-36.67282],[-71.289,-36.67722],[-71.28297,-36.67848],[-71.28403,-36.67953],[-71.28364,-36.68286],[-71.28041,-36.68493],[-71.28037,-36.69017],[-71.27733,-36.69626],[-71.27905,-36.69917],[-71.27513,-36.70616],[-71.27638,-36.71121],[-71.26423,-36.72659],[-71.26144,-36.73213],[-71.26225,-36.73618],[-71.25969,-36.74044],[-71.26023,-36.74249],[-71.25324,-36.74727]]}},{"id":"935","type":"Feature","properties":{"ROL":"S/R-N-321","NOMBRE_CAMINO":"Cruce N-31 (Los Toronjiles) - Cruce N-305 (El Palo)","CLASIFICACION":"Camino Regional Comunal (En Proceso de Enrolamiento)","CALZADA":"U"},"geometry":{"type":"LineString","coordinates":[[-71.66568,-36.47024],[-71.66197,-36.46743],[-71.65533,-36.46649],[-71.65545,-36.46157],[-71.6623,-36.45205],[-71.66529,-36.44984],[-71.67584,-36.44618]]}},{"id":"936","type":"Feature","properties":{"ROL":"S/R-N-323","NOMBRE_CAMINO":"Cruce N-311 (Escuela) - El Resbalón - Cruce N-311 (Trabuncura)","CLASIFICACION":"Camino Regional Comunal (En Proceso de Enrolamiento)","CALZADA":"U"},"geometry":{"type":"LineString","coordinates":[[-71.61792,-36.4099],[-71.60927,-36.40939],[-71.60798,-36.40475],[-71.604,-36.39946],[-71.6064,-36.39618],[-71.62149,-36.38826]]}},{"id":"937","type":"Feature","properties":{"ROL":"S/R-N-324","NOMBRE_CAMINO":"Cruce N-66 (San Jorge) - La Obra - Cruce O-324 (Rahuil Bajo)","CLASIFICACION":"Camino Regional Comunal (En Proceso de Enrolamiento)","CALZADA":"U"},"geometry":{"type":"LineString","coordinates":[[-72.71701,-36.61194],[-72.7099,-36.6197],[-72.70902,-36.63625],[-72.70706,-36.64181],[-72.69761,-36.64361],[-72.69765,-36.64548],[-72.69585,-36.64712],[-72.69727,-36.6524]]}},{"id":"938","type":"Feature","properties":{"ROL":"S/R-N-327","NOMBRE_CAMINO":"Cruce N-31 (Pomuyeto) - El Tranque","CLASIFICACION":"Camino Regional de Acceso (En Proceso de Enrolamiento)","CALZADA":"U"},"geometry":{"type":"LineString","coordinates":[[-71.79947,-36.44637],[-71.80658,-36.45808]]}},{"id":"939","type":"Feature","properties":{"ROL":"S/R-N-329","NOMBRE_CAMINO":"Cruce N-31 (Cachapoal) - Cruce N-447 (Ribera de Ñuble)","CLASIFICACION":"Camino Regional Comunal (En Proceso de Enrolamiento)","CALZADA":"U"},"geometry":{"type":"LineString","coordinates":[[-71.73568,-36.46202],[-71.7394,-36.47204],[-71.75089,-36.4728],[-71.75777,-36.47456]]}},{"id":"940","type":"Feature","properties":{"ROL":"S/R-N-333","NOMBRE_CAMINO":"Cruce N-335 (Cuadrapangue) - Carán","CLASIFICACION":"Camino Regional de Acceso (En Proceso de Enrolamiento)","CALZADA":"U"},"geometry":{"type":"LineString","coordinates":[[-71.92092,-36.47057],[-71.88859,-36.46564]]}},{"id":"941","type":"Feature","properties":{"ROL":"S/R-N-341","NOMBRE_CAMINO":"Cruce N-357 (Monteverde) - Cruce N-349 (Quilelto)","CLASIFICACION":"Camino Regional Comunal (En Proceso de Enrolamiento)","CALZADA":"U"},"geometry":{"type":"LineString","coordinates":[[-71.97028,-36.479],[-71.97109,-36.48799],[-71.97495,-36.49623],[-71.9772,-36.49708],[-71.97867,-36.50012]]}},{"id":"942","type":"Feature","properties":{"ROL":"S/R-N-347","NOMBRE_CAMINO":"Cruce N-349 (Quilelto La Estrella) - El Manzanal - Cruce N-335 (El Torreón)","CLASIFICACION":"Camino Regional Comunal (En Proceso de Enrolamiento)","CALZADA":"U"},"geometry":{"type":"LineString","coordinates":[[-71.97303,-36.50128],[-71.9734,-36.50257],[-71.95616,-36.50256],[-71.95224,-36.50466],[-71.95208,-36.50639],[-71.93444,-36.50813],[-71.93345,-36.50583],[-71.92444,-36.50459],[-71.91561,-36.50516],[-71.9144,-36.50296]]}},{"id":"943","type":"Feature","properties":{"ROL":"S/R-N-347","NOMBRE_CAMINO":"Cruce N-349 (Quilelto La Estrella) - El Manzanal - Cruce N-335 (El Torreón)","CLASIFICACION":"Camino Regional Comunal (En Proceso de Enrolamiento)","CALZADA":"U"},"geometry":{"type":"LineString","coordinates":[[-71.9144,-36.50296],[-71.85987,-36.49866],[-71.86337,-36.4686]]}},{"id":"944","type":"Feature","properties":{"ROL":"S/R-N-348","NOMBRE_CAMINO":"Tres Ochenta - Santa Filomena","CLASIFICACION":"Camino Regional de Acceso (En Proceso de Enrolamiento)","CALZADA":"U"},"geometry":{"type":"LineString","coordinates":[[-71.97346,-36.44284],[-71.98551,-36.44144],[-71.98904,-36.44945],[-71.99248,-36.44927],[-71.99307,-36.45051],[-72.00725,-36.44943],[-72.01098,-36.45568],[-72.02123,-36.45589]]}},{"id":"945","type":"Feature","properties":{"ROL":"S/R-N-351","NOMBRE_CAMINO":"Cruce N-349 (Variante Cuadrapangue) - Quilelto","CLASIFICACION":"Camino Regional Comunal (En Proceso de Enrolamiento)","CALZADA":"U"},"geometry":{"type":"LineString","coordinates":[[-71.94095,-36.49447],[-71.94259,-36.50744]]}},{"id":"946","type":"Feature","properties":{"ROL":"S/R-N-352","NOMBRE_CAMINO":"Cruce N-70-M (Las Mercedes) - San Jorge - Cruce N-356 (Alto Lilahue)","CLASIFICACION":"Camino Regional Comunal (En Proceso de Enrolamiento)","CALZADA":"U"},"geometry":{"type":"LineString","coordinates":[[-72.05157,-36.41901],[-72.05673,-36.42382],[-72.05662,-36.42709],[-72.06209,-36.42699],[-72.06345,-36.43159],[-72.07686,-36.43253],[-72.08265,-36.43897],[-72.08679,-36.45229],[-72.08163,-36.45387],[-72.0879,-36.46485]]}},{"id":"947","type":"Feature","properties":{"ROL":"S/R-N-353","NOMBRE_CAMINO":"Cruce N-335 (Las Dumas) - La Posta","CLASIFICACION":"Camino Regional Comunal (En Proceso de Enrolamiento)","CALZADA":"U"},"geometry":{"type":"LineString","coordinates":[[-71.90661,-36.4753],[-71.9144,-36.50296]]}},{"id":"948","type":"Feature","properties":{"ROL":"S/R-N-354","NOMBRE_CAMINO":"San Jorge - Variante El Sauce - Cruce N-350 (Peña Santa Rosa)","CLASIFICACION":"Camino Regional Comunal (En Proceso de Enrolamiento)","CALZADA":"U"},"geometry":{"type":"LineString","coordinates":[[-72.07818,-36.4349],[-72.09095,-36.43092],[-72.11579,-36.42908],[-72.13083,-36.43158]]}},{"id":"949","type":"Feature","properties":{"ROL":"S/R-N-355","NOMBRE_CAMINO":"Cruce N-335 (Monte Blanco) - Puente El Caballo","CLASIFICACION":"Camino Regional Comunal (En Proceso de Enrolamiento)","CALZADA":"U"},"geometry":{"type":"LineString","coordinates":[[-71.9153,-36.47666],[-71.9261,-36.50482]]}},{"id":"950","type":"Feature","properties":{"ROL":"S/R-N-359","NOMBRE_CAMINO":"Cruce Enlace Ninquihue - Santa Isabel - Cruce N-349 (Menelhue)","CLASIFICACION":"Camino Regional Comunal (En Proceso de Enrolamiento)","CALZADA":"U"},"geometry":{"type":"LineString","coordinates":[[-72.02029,-36.48471],[-72.02338,-36.49279],[-72.03075,-36.49895],[-72.03148,-36.50092]]}},{"id":"951","type":"Feature","properties":{"ROL":"S/R-N-359","NOMBRE_CAMINO":"Cruce Enlace Ninquihue - Santa Isabel - Cruce N-349 (Menelhue)","CLASIFICACION":"Camino Regional Comunal (En Proceso de Enrolamiento)","CALZADA":"U"},"geometry":{"type":"LineString","coordinates":[[-72.03148,-36.50092],[-72.03205,-36.50353]]}},{"id":"952","type":"Feature","properties":{"ROL":"S/R-N-364","NOMBRE_CAMINO":"Santa Rosa - Las Higueras - Cruce N-366 (El Torreón)","CLASIFICACION":"Camino Regional Comunal (En Proceso de Enrolamiento)","CALZADA":"U"},"geometry":{"type":"LineString","coordinates":[[-72.02673,-36.47745],[-72.02938,-36.48462],[-72.03296,-36.4861],[-72.0387,-36.48549],[-72.03861,-36.48701],[-72.04824,-36.48901],[-72.0512,-36.49753]]}},{"id":"953","type":"Feature","properties":{"ROL":"S/R-N-367","NOMBRE_CAMINO":"Cruce Ruta 5 (Iansa) - Pichoco - Cruce N-349 (Carrizal)","CLASIFICACION":"Camino Regional Comunal (En Proceso de Enrolamiento)","CALZADA":"U"},"geometry":{"type":"LineString","coordinates":[[-72.05338,-36.51901],[-72.04859,-36.51984],[-72.03514,-36.51641],[-72.02323,-36.5158],[-72.02162,-36.51195],[-72.01483,-36.51043],[-72.01494,-36.50664]]}},{"id":"954","type":"Feature","properties":{"ROL":"S/R-N-368","NOMBRE_CAMINO":"Cruce Ruta 5 (Ninquihue) - Santa Rosa","CLASIFICACION":"Camino Regional Comunal (En Proceso de Enrolamiento)","CALZADA":"U"},"geometry":{"type":"LineString","coordinates":[[-72.0156,-36.47835],[-72.01674,-36.47782],[-72.01578,-36.47667],[-72.0242,-36.47678],[-72.03051,-36.47843],[-72.06243,-36.47397]]}},{"id":"955","type":"Feature","properties":{"ROL":"S/R-N-398","NOMBRE_CAMINO":"Cruce N-410 (Los Temos) - Las Cardillas - Cruce N-400 (Salamanca)","CLASIFICACION":"Camino Regional Comunal (En Proceso de Enrolamiento)","CALZADA":"U"},"geometry":{"type":"LineString","coordinates":[[-72.63527,-36.29962],[-72.63752,-36.30165],[-72.6377,-36.30723],[-72.64002,-36.30934],[-72.64275,-36.30949],[-72.64521,-36.30544],[-72.65132,-36.3063],[-72.65138,-36.31038],[-72.6496,-36.31404],[-72.65751,-36.31796],[-72.65636,-36.32294],[-72.661,-36.32506],[-72.66132,-36.32679],[-72.66349,-36.32818]]}},{"id":"956","type":"Feature","properties":{"ROL":"S/R-N-402","NOMBRE_CAMINO":"Cruce Ruta 126 S (La Aurora) - Cajón Del Manzano - Los Temos","CLASIFICACION":"Camino Regional Comunal (En Proceso de Enrolamiento)","CALZADA":"U"},"geometry":{"type":"LineString","coordinates":[[-72.61742,-36.36741],[-72.62263,-36.36753],[-72.63195,-36.36058],[-72.62784,-36.35504],[-72.6285,-36.35153],[-72.63416,-36.34619],[-72.63498,-36.34318],[-72.63237,-36.32799],[-72.63269,-36.31955],[-72.63046,-36.31017],[-72.63087,-36.30769],[-72.63405,-36.30805],[-72.63701,-36.30122]]}},{"id":"957","type":"Feature","properties":{"ROL":"S/R-N-406","NOMBRE_CAMINO":"Cruce N-42 (Taucú) - La Reforma - Los Cardenales","CLASIFICACION":"Camino Regional de Acceso (En Proceso de Enrolamiento)","CALZADA":"U"},"geometry":{"type":"LineString","coordinates":[[-72.8081,-36.17176],[-72.80046,-36.1728],[-72.79674,-36.17221],[-72.7951,-36.16964],[-72.78871,-36.16991],[-72.77793,-36.17503],[-72.77384,-36.17129],[-72.77014,-36.17228]]}},{"id":"958","type":"Feature","properties":{"ROL":"S/R-N-408","NOMBRE_CAMINO":"Cruce N-42 (Taucú) - La Esperanza","CLASIFICACION":"Camino Regional de Acceso (En Proceso de Enrolamiento)","CALZADA":"U"},"geometry":{"type":"LineString","coordinates":[[-72.80914,-36.17367],[-72.80873,-36.17526],[-72.80235,-36.1784],[-72.80109,-36.18051],[-72.79753,-36.18095],[-72.79336,-36.18398],[-72.78837,-36.18553],[-72.78277,-36.19123]]}},{"id":"959","type":"Feature","properties":{"ROL":"S/R-N-412","NOMBRE_CAMINO":"Cruce N-410 (Los Temos) - San Miguel - El Porotal","CLASIFICACION":"Camino Regional de Acceso (En Proceso de Enrolamiento)","CALZADA":"U"},"geometry":{"type":"LineString","coordinates":[[-72.64672,-36.29479],[-72.64544,-36.28812],[-72.64289,-36.28294],[-72.64644,-36.28152],[-72.64665,-36.27844],[-72.65025,-36.27779],[-72.65141,-36.27608],[-72.65197,-36.26846],[-72.65099,-36.26357],[-72.65318,-36.26003],[-72.65149,-36.25703],[-72.65335,-36.25573],[-72.65983,-36.25733],[-72.6639,-36.25624],[-72.66477,-36.26034]]}},{"id":"960","type":"Feature","properties":{"ROL":"S/R-N-416","NOMBRE_CAMINO":"Cruce N-40 (Taimo) - Ninquihua - Cruce N-414 (El Pajonal)","CLASIFICACION":"Camino Regional Comunal (En Proceso de Enrolamiento)","CALZADA":"U"},"geometry":{"type":"LineString","coordinates":[[-72.60615,-36.22681],[-72.60262,-36.22202],[-72.59815,-36.22148],[-72.59547,-36.21767],[-72.58802,-36.21522],[-72.58626,-36.2124],[-72.58649,-36.20796],[-72.583,-36.20395],[-72.58329,-36.20186],[-72.58117,-36.20159],[-72.57514,-36.19722],[-72.57267,-36.19206],[-72.56763,-36.19085]]}},{"id":"961","type":"Feature","properties":{"ROL":"S/R-N-418","NOMBRE_CAMINO":"Cruce Ruta 126 S (Quirihue) - San Miguel - Pulila - Cruce N-40 (Mengol)","CLASIFICACION":"Camino Regional Comunal (En Proceso de Enrolamiento)","CALZADA":"U"},"geometry":{"type":"LineString","coordinates":[[-72.62202,-36.25596],[-72.61911,-36.25055],[-72.61412,-36.24797],[-72.61081,-36.24792],[-72.6042,-36.25049],[-72.59783,-36.24792],[-72.58038,-36.24637]]}},{"id":"962","type":"Feature","properties":{"ROL":"S/R-N-420","NOMBRE_CAMINO":"Cruce Ruta 126 S (Palén) - San Juan de Dios","CLASIFICACION":"Camino Regional de Acceso (En Proceso de Enrolamiento)","CALZADA":"U"},"geometry":{"type":"LineString","coordinates":[[-72.5627,-36.32818],[-72.56501,-36.32764],[-72.5647,-36.32417],[-72.57781,-36.32593],[-72.58041,-36.32426],[-72.58533,-36.32502],[-72.5876,-36.32743],[-72.59279,-36.32785]]}},{"id":"963","type":"Feature","properties":{"ROL":"S/R-N-422","NOMBRE_CAMINO":"Cruce N-50 (Variante Coyanco) - Quitripín","CLASIFICACION":"Camino Regional Comunal (En Proceso de Enrolamiento)","CALZADA":"U"},"geometry":{"type":"LineString","coordinates":[[-72.4648,-36.39615],[-72.46362,-36.39479],[-72.46556,-36.38908],[-72.4648,-36.38586],[-72.4681,-36.38407],[-72.46757,-36.38294],[-72.47156,-36.37854],[-72.4765,-36.37996]]}},{"id":"964","type":"Feature","properties":{"ROL":"S/R-N-426","NOMBRE_CAMINO":"Cruce N-50 (Coyanco) - Cajón de Los Corteses - Cruce N-470 (Reloca)","CLASIFICACION":"Camino Regional Comunal (En Proceso de Enrolamiento)","CALZADA":"U"},"geometry":{"type":"LineString","coordinates":[[-72.46487,-36.39988],[-72.46347,-36.40504],[-72.471,-36.40757],[-72.47163,-36.41018],[-72.46882,-36.41404],[-72.46952,-36.41558],[-72.46505,-36.41882],[-72.46659,-36.42257],[-72.46244,-36.4248],[-72.45987,-36.42369]]}},{"id":"965","type":"Feature","properties":{"ROL":"S/R-N-428","NOMBRE_CAMINO":"Cruce N-50 (Chapeco) - La Horca - Concuyo","CLASIFICACION":"Camino Regional Comunal (En Proceso de Enrolamiento)","CALZADA":"U"},"geometry":{"type":"LineString","coordinates":[[-72.5488,-36.31384],[-72.54829,-36.3195],[-72.54941,-36.32548],[-72.54581,-36.32835],[-72.54688,-36.3311],[-72.54837,-36.33069],[-72.55151,-36.33357],[-72.55031,-36.33617],[-72.55467,-36.34178],[-72.55359,-36.34387],[-72.55729,-36.34746],[-72.5612,-36.34855],[-72.57335,-36.36117]]}},{"id":"966","type":"Feature","properties":{"ROL":"S/R-N-430","NOMBRE_CAMINO":"Cruce N-50 (Chequén) - Santa Rosa - La Quebrada","CLASIFICACION":"Camino Regional Comunal (En Proceso de Enrolamiento)","CALZADA":"U"},"geometry":{"type":"LineString","coordinates":[[-72.50635,-36.38697],[-72.51395,-36.38796],[-72.52408,-36.39156],[-72.53273,-36.39061],[-72.54068,-36.38784],[-72.54466,-36.38971],[-72.54807,-36.38885],[-72.55453,-36.39017],[-72.55766,-36.3927],[-72.56349,-36.3918],[-72.56675,-36.3933],[-72.56949,-36.393]]}},{"id":"967","type":"Feature","properties":{"ROL":"S/R-N-434","NOMBRE_CAMINO":"Cruce N-50 (San Juan) - Cruce N-444 (Quitripín)","CLASIFICACION":"Camino Regional Comunal (En Proceso de Enrolamiento)","CALZADA":"U"},"geometry":{"type":"LineString","coordinates":[[-72.48301,-36.39582],[-72.48319,-36.39039],[-72.47526,-36.38234],[-72.47652,-36.37995],[-72.4815,-36.37882],[-72.48751,-36.37527]]}},{"id":"968","type":"Feature","properties":{"ROL":"S/R-N-436","NOMBRE_CAMINO":"Cruce Ruta 126 S (El Nogal) - Las Mesas - Cruce N-410 (El Arenal)","CLASIFICACION":"Camino Regional Comunal (En Proceso de Enrolamiento)","CALZADA":"U"},"geometry":{"type":"LineString","coordinates":[[-72.58589,-36.34933],[-72.58665,-36.34812],[-72.58894,-36.35022],[-72.59371,-36.34904],[-72.60144,-36.34387],[-72.60355,-36.34379],[-72.60644,-36.33561],[-72.61609,-36.33196],[-72.61365,-36.32711],[-72.61587,-36.32395],[-72.61517,-36.322],[-72.61066,-36.32002],[-72.60895,-36.314],[-72.60578,-36.31046],[-72.60864,-36.30439],[-72.60198,-36.30312],[-72.59632,-36.29953],[-72.5905,-36.29886],[-72.58757,-36.29671],[-72.58627,-36.29258],[-72.57849,-36.28965],[-72.57777,-36.28794]]}},{"id":"969","type":"Feature","properties":{"ROL":"S/R-N-446","NOMBRE_CAMINO":"Cruce Ruta 126 S (La Raya) - San Juan - Cruce N-424 (Calquín)","CLASIFICACION":"Camino Regional Comunal (En Proceso de Enrolamiento)","CALZADA":"U"},"geometry":{"type":"LineString","coordinates":[[-72.45042,-36.16363],[-72.45946,-36.16118],[-72.4636,-36.16251],[-72.46945,-36.16025],[-72.48513,-36.16351],[-72.49517,-36.16191],[-72.50223,-36.16219],[-72.50855,-36.16981],[-72.53094,-36.17057],[-72.53526,-36.17229],[-72.5378,-36.17657]]}},{"id":"970","type":"Feature","properties":{"ROL":"S/R-N-448","NOMBRE_CAMINO":"Cruce N-450 (Agua Mala) - Playa","CLASIFICACION":"Camino Regional de Acceso (En Proceso de Enrolamiento)","CALZADA":"U"},"geometry":{"type":"LineString","coordinates":[[-72.8524,-36.37199],[-72.85966,-36.36845],[-72.86229,-36.37287]]}},{"id":"971","type":"Feature","properties":{"ROL":"S/R-N-451","NOMBRE_CAMINO":"Cruce N-447 (Nahueltoro) - Cajón del Ñuble","CLASIFICACION":"Camino Regional de Acceso (En Proceso de Enrolamiento)","CALZADA":"U"},"geometry":{"type":"LineString","coordinates":[[-71.75674,-36.49039],[-71.74593,-36.4905],[-71.74385,-36.48775],[-71.7317,-36.48873],[-71.7235,-36.48752],[-71.71199,-36.48789],[-71.70399,-36.48615],[-71.69662,-36.49293],[-71.68967,-36.49551],[-71.68831,-36.49715]]}},{"id":"972","type":"Feature","properties":{"ROL":"S/R-N-452","NOMBRE_CAMINO":"Cruce Ruta 126 S (Trehuaco) - Puralihue - Illoquilque - La Quebrada","CLASIFICACION":"Camino Regional Comunal (En Proceso de Enrolamiento)","CALZADA":"U"},"geometry":{"type":"LineString","coordinates":[[-72.62895,-36.42924],[-72.62676,-36.42937],[-72.62589,-36.42739],[-72.6233,-36.4274],[-72.61938,-36.43175],[-72.6151,-36.43088],[-72.61371,-36.42753],[-72.60304,-36.42812],[-72.60403,-36.42252],[-72.59888,-36.42018],[-72.59531,-36.42077],[-72.59329,-36.41811],[-72.59388,-36.41495],[-72.59002,-36.40894],[-72.58878,-36.41143]]}},{"id":"973","type":"Feature","properties":{"ROL":"S/R-N-452","NOMBRE_CAMINO":"Cruce Ruta 126 S (Trehuaco) - Puralihue - Illoquilque - La Quebrada","CLASIFICACION":"Camino Regional Comunal (En Proceso de Enrolamiento)","CALZADA":"U"},"geometry":{"type":"LineString","coordinates":[[-72.58878,-36.41143],[-72.58662,-36.40729],[-72.58139,-36.40582],[-72.58054,-36.40452],[-72.58313,-36.39827],[-72.58889,-36.39549],[-72.59088,-36.392],[-72.5854,-36.38616],[-72.58355,-36.38738],[-72.57904,-36.38703]]}},{"id":"974","type":"Feature","properties":{"ROL":"S/R-N-453","NOMBRE_CAMINO":"Cruce N-45 (Tres Esquinas) - Bureo Bajo - Cruce N-475 (La Viñita)","CLASIFICACION":"Camino Regional Comunal (En Proceso de Enrolamiento)","CALZADA":"U"},"geometry":{"type":"LineString","coordinates":[[-71.77116,-36.54479],[-71.77607,-36.55511],[-71.76191,-36.56073],[-71.75889,-36.5682],[-71.7555,-36.57146],[-71.75504,-36.57369],[-71.75636,-36.57694],[-71.7492,-36.58134]]}},{"id":"975","type":"Feature","properties":{"ROL":"S/R-N-454","NOMBRE_CAMINO":"Cruce Ruta 126 S (El Aromo) - La Quebrada","CLASIFICACION":"Camino Regional Comunal (En Proceso de Enrolamiento)","CALZADA":"U"},"geometry":{"type":"LineString","coordinates":[[-72.63521,-36.41187],[-72.6255,-36.40844],[-72.61914,-36.40834],[-72.61757,-36.40569],[-72.61255,-36.40344],[-72.60544,-36.39742],[-72.60125,-36.39842],[-72.59611,-36.39689],[-72.59237,-36.3948],[-72.59088,-36.39204]]}},{"id":"976","type":"Feature","properties":{"ROL":"S/R-N-458","NOMBRE_CAMINO":"Cruce N-50 (Manzanares) - Chequén - Concuyo","CLASIFICACION":"Camino Regional Comunal (En Proceso de Enrolamiento)","CALZADA":"U"},"geometry":{"type":"LineString","coordinates":[[-72.5081,-36.36679],[-72.50986,-36.36848],[-72.53204,-36.37387],[-72.53938,-36.37099],[-72.5445,-36.36289],[-72.54654,-36.36234],[-72.54856,-36.36364],[-72.55432,-36.35968],[-72.55527,-36.36048],[-72.55858,-36.3591],[-72.55841,-36.35769],[-72.56281,-36.35464],[-72.56637,-36.35404]]}},{"id":"977","type":"Feature","properties":{"ROL":"S/R-N-459","NOMBRE_CAMINO":"Cruce N-45 (Bureo Alto) - La Piedra","CLASIFICACION":"Camino Regional de Acceso (En Proceso de Enrolamiento)","CALZADA":"U"},"geometry":{"type":"LineString","coordinates":[[-71.673,-36.56409],[-71.67095,-36.5623],[-71.67022,-36.55894],[-71.67198,-36.55156],[-71.66612,-36.55158],[-71.66076,-36.54907]]}},{"id":"978","type":"Feature","properties":{"ROL":"S/R-N-461","NOMBRE_CAMINO":"Cruce N-45 (Santa Fé) - Chacayales de Cato","CLASIFICACION":"Camino Regional de Acceso (En Proceso de Enrolamiento)","CALZADA":"U"},"geometry":{"type":"LineString","coordinates":[[-71.84533,-36.53811],[-71.84666,-36.5268],[-71.8305,-36.52114],[-71.81389,-36.50673]]}},{"id":"979","type":"Feature","properties":{"ROL":"S/R-N-462","NOMBRE_CAMINO":"Cruce N-52 (Buenos Aires) - Liucura","CLASIFICACION":"Camino Regional Comunal (En Proceso de Enrolamiento)","CALZADA":"U"},"geometry":{"type":"LineString","coordinates":[[-72.44728,-36.4912],[-72.45242,-36.49104],[-72.45574,-36.48707],[-72.45885,-36.48625],[-72.461,-36.48377],[-72.46043,-36.48136],[-72.46352,-36.47637],[-72.46959,-36.47205]]}},{"id":"980","type":"Feature","properties":{"ROL":"S/R-N-463","NOMBRE_CAMINO":"Cruce N-447 - San Ramón","CLASIFICACION":"Camino Regional de Acceso (En Proceso de Enrolamiento)","CALZADA":"U"},"geometry":{"type":"LineString","coordinates":[[-71.77194,-36.52844],[-71.79788,-36.52491]]}},{"id":"981","type":"Feature","properties":{"ROL":"S/R-N-464","NOMBRE_CAMINO":"Cruce N-470 (Minas del Leuque) - Cruce N-470 (Escuela Minas del Leuque)","CLASIFICACION":"Camino Regional Comunal (En Proceso de Enrolamiento)","CALZADA":"U"},"geometry":{"type":"LineString","coordinates":[[-72.59792,-36.46453],[-72.59647,-36.46899],[-72.59238,-36.47078],[-72.58983,-36.47771],[-72.60002,-36.47606],[-72.60625,-36.47387],[-72.60801,-36.47151],[-72.61111,-36.47148]]}},{"id":"982","type":"Feature","properties":{"ROL":"S/R-N-465","NOMBRE_CAMINO":"Cruce N-447 (San Ramón) - Copihual","CLASIFICACION":"Camino Regional de Acceso (En Proceso de Enrolamiento)","CALZADA":"U"},"geometry":{"type":"LineString","coordinates":[[-71.76798,-36.51588],[-71.75441,-36.518],[-71.75023,-36.51169]]}},{"id":"983","type":"Feature","properties":{"ROL":"S/R-N-468","NOMBRE_CAMINO":"Trancoyán - Cruce N-478 (Chudal)","CLASIFICACION":"Camino Regional Comunal (En Proceso de Enrolamiento)","CALZADA":"U"},"geometry":{"type":"LineString","coordinates":[[-72.54134,-36.50593],[-72.53643,-36.50953],[-72.53271,-36.50994],[-72.53199,-36.51398],[-72.53728,-36.51909],[-72.54042,-36.51941],[-72.53922,-36.5197],[-72.53815,-36.52858],[-72.53477,-36.53105],[-72.53482,-36.53404],[-72.53336,-36.53545],[-72.52872,-36.53561],[-72.52423,-36.53407],[-72.52284,-36.53487],[-72.51883,-36.54556]]}},{"id":"984","type":"Feature","properties":{"ROL":"S/R-N-471","NOMBRE_CAMINO":"Cruce N-49 (Laurel de Oro) - Reloca","CLASIFICACION":"Camino Regional de Acceso (En Proceso de Enrolamiento)","CALZADA":"U"},"geometry":{"type":"LineString","coordinates":[[-72.02896,-36.59034],[-72.0124,-36.56558]]}},{"id":"985","type":"Feature","properties":{"ROL":"S/R-N-472","NOMBRE_CAMINO":"Cruce N-40 (Los Tutos) - Cruce N-414 (Las Delicias)","CLASIFICACION":"Camino Regional Comunal (En Proceso de Enrolamiento)","CALZADA":"U"},"geometry":{"type":"LineString","coordinates":[[-72.64451,-36.19093],[-72.64542,-36.18859],[-72.64395,-36.18288],[-72.63699,-36.17937],[-72.63671,-36.17688],[-72.63411,-36.17653],[-72.63059,-36.17131],[-72.62355,-36.16654],[-72.6181,-36.16563],[-72.61718,-36.16229],[-72.61426,-36.16228],[-72.61117,-36.16003],[-72.60697,-36.1599],[-72.6012,-36.16223]]}},{"id":"986","type":"Feature","properties":{"ROL":"S/R-N-473","NOMBRE_CAMINO":"Cruce N-49 (General Lagos) - La Mocha","CLASIFICACION":"Camino Regional de Acceso (En Proceso de Enrolamiento)","CALZADA":"U"},"geometry":{"type":"LineString","coordinates":[[-72.00991,-36.59452],[-71.99458,-36.56906]]}},{"id":"987","type":"Feature","properties":{"ROL":"S/R-N-474","NOMBRE_CAMINO":"Cruce Ruta 126 S (El Nogal) - Llollehue - Río Lonquén - Cruce N-470 (Pino Huacho)","CLASIFICACION":"Camino Regional Comunal (En Proceso de Enrolamiento)","CALZADA":"U"},"geometry":{"type":"LineString","coordinates":[[-72.58595,-36.34938],[-72.58403,-36.3522],[-72.57818,-36.35545],[-72.57243,-36.36238],[-72.57364,-36.36754],[-72.5729,-36.37357],[-72.57959,-36.3866],[-72.57103,-36.39066],[-72.56828,-36.39537],[-72.56595,-36.39666],[-72.56348,-36.40366],[-72.56617,-36.40753],[-72.56499,-36.41653],[-72.56692,-36.41928],[-72.56592,-36.42021],[-72.56638,-36.42198],[-72.56305,-36.42214]]}},{"id":"988","type":"Feature","properties":{"ROL":"S/R-N-474","NOMBRE_CAMINO":"Cruce Ruta 126 S (El Nogal) - Llollehue - Río Lonquén - Cruce N-470 (Pino Huacho)","CLASIFICACION":"Camino Regional Comunal (En Proceso de Enrolamiento)","CALZADA":"U"},"geometry":{"type":"LineString","coordinates":[[-72.56305,-36.42214],[-72.55975,-36.42212]]}},{"id":"989","type":"Feature","properties":{"ROL":"S/R-N-474","NOMBRE_CAMINO":"Cruce Ruta 126 S (El Nogal) - Llollehue - Río Lonquén - Cruce N-470 (Pino Huacho)","CLASIFICACION":"Camino Regional Comunal (En Proceso de Enrolamiento)","CALZADA":"U"},"geometry":{"type":"LineString","coordinates":[[-72.55975,-36.42212],[-72.55556,-36.42161],[-72.55407,-36.42464],[-72.55036,-36.42632],[-72.54739,-36.42979],[-72.54589,-36.43666],[-72.54999,-36.44068],[-72.54787,-36.44227],[-72.54899,-36.44876],[-72.5455,-36.45391]]}},{"id":"990","type":"Feature","properties":{"ROL":"S/R-N-477","NOMBRE_CAMINO":"Cruce N-49 (Culenar) - Montebello","CLASIFICACION":"Camino Regional de Acceso (En Proceso de Enrolamiento)","CALZADA":"U"},"geometry":{"type":"LineString","coordinates":[[-71.91936,-36.61143],[-71.91565,-36.60384],[-71.90064,-36.59005],[-71.91125,-36.58198]]}},{"id":"991","type":"Feature","properties":{"ROL":"S/R-N-482","NOMBRE_CAMINO":"Cruce N-466 (Capillanía) - Trancoyán - Cruce N-478 (Chudal)","CLASIFICACION":"Camino Regional Comunal (En Proceso de Enrolamiento)","CALZADA":"U"},"geometry":{"type":"LineString","coordinates":[[-72.50919,-36.48559],[-72.51205,-36.48516],[-72.51617,-36.48848],[-72.52058,-36.48976],[-72.52168,-36.49352],[-72.52615,-36.49432],[-72.52832,-36.49254],[-72.54815,-36.49681],[-72.54788,-36.49811],[-72.54303,-36.49974],[-72.54149,-36.50785],[-72.54812,-36.51191],[-72.54965,-36.51511],[-72.55,-36.52408],[-72.54797,-36.52784],[-72.54899,-36.53059],[-72.55372,-36.53319],[-72.55472,-36.54472]]}},{"id":"992","type":"Feature","properties":{"ROL":"S/R-N-484","NOMBRE_CAMINO":"Cruce N-50 (La Quinta) - Cruce N-52 (Pangue)","CLASIFICACION":"Camino Regional Comunal (En Proceso de Enrolamiento)","CALZADA":"U"},"geometry":{"type":"LineString","coordinates":[[-72.43186,-36.41129],[-72.43556,-36.41671],[-72.4371,-36.42226],[-72.43374,-36.42647],[-72.42613,-36.42886]]}},{"id":"993","type":"Feature","properties":{"ROL":"S/R-N-487","NOMBRE_CAMINO":"Cruce N-485 (Minas del Prado) - 3 y 4 Hijuela","CLASIFICACION":"Camino Regional de Acceso (En Proceso de Enrolamiento)","CALZADA":"U"},"geometry":{"type":"LineString","coordinates":[[-71.70834,-36.66486],[-71.70991,-36.66734],[-71.70572,-36.66951],[-71.70203,-36.66715],[-71.69559,-36.66675],[-71.69596,-36.65973],[-71.70194,-36.65804],[-71.70172,-36.65282],[-71.69467,-36.65296],[-71.68841,-36.64979],[-71.68183,-36.64959],[-71.67619,-36.64693],[-71.66385,-36.64966],[-71.65964,-36.65412],[-71.65665,-36.65431],[-71.65327,-36.65695],[-71.64552,-36.66476],[-71.64382,-36.66442],[-71.64252,-36.66192],[-71.64405,-36.66116],[-71.64438,-36.65863],[-71.63929,-36.65986],[-71.63438,-36.66621],[-71.62824,-36.6676],[-71.62024,-36.66723],[-71.61989,-36.66868],[-71.6177,-36.66905],[-71.61551,-36.66786],[-71.61273,-36.6693],[-71.61185,-36.66828],[-71.60976,-36.67088],[-71.60544,-36.66882],[-71.60896,-36.66735],[-71.60743,-36.66599],[-71.60941,-36.66577],[-71.60664,-36.66423],[-71.60671,-36.66238],[-71.60511,-36.66121],[-71.60728,-36.66007]]}},{"id":"994","type":"Feature","properties":{"ROL":"S/R-N-488","NOMBRE_CAMINO":"Cruce N-52 (Pangue) - Peñaflor - Cruce N-510 (Hualte)","CLASIFICACION":"Camino Regional Comunal (En Proceso de Enrolamiento)","CALZADA":"U"},"geometry":{"type":"LineString","coordinates":[[-72.42244,-36.42377],[-72.41949,-36.42572],[-72.41975,-36.42895],[-72.41768,-36.43314],[-72.41289,-36.43579],[-72.40894,-36.43618],[-72.40903,-36.44303],[-72.40586,-36.44481],[-72.39899,-36.446],[-72.39132,-36.45017],[-72.3911,-36.45391],[-72.38477,-36.45737]]}},{"id":"995","type":"Feature","properties":{"ROL":"S/R-N-490","NOMBRE_CAMINO":"Cruce N-52 (Buenos Aires) - Carrullanka - Cruce N-52 (Santa Adelaida)","CLASIFICACION":"Camino Regional Comunal (En Proceso de Enrolamiento)","CALZADA":"U"},"geometry":{"type":"LineString","coordinates":[[-72.44621,-36.48721],[-72.44174,-36.48671],[-72.43643,-36.48796],[-72.43559,-36.48921],[-72.43162,-36.48973],[-72.42968,-36.49209],[-72.42992,-36.49921],[-72.43435,-36.49973],[-72.43564,-36.50271],[-72.4405,-36.50604],[-72.44044,-36.50761]]}},{"id":"996","type":"Feature","properties":{"ROL":"S/R-N-491","NOMBRE_CAMINO":"Cruce N-49 (Talquipén) - Cruce N-489 (Los Puquios)","CLASIFICACION":"Camino Regional Comunal (En Proceso de Enrolamiento)","CALZADA":"U"},"geometry":{"type":"LineString","coordinates":[[-71.93178,-36.60925],[-71.93574,-36.61463]]}},{"id":"997","type":"Feature","properties":{"ROL":"S/R-N-491","NOMBRE_CAMINO":"Cruce N-49 (Talquipén) - Cruce N-489 (Los Puquios)","CLASIFICACION":"Camino Regional Comunal (En Proceso de Enrolamiento)","CALZADA":"U"},"geometry":{"type":"LineString","coordinates":[[-71.93574,-36.61463],[-71.92465,-36.61836],[-71.92277,-36.6216],[-71.92511,-36.62854],[-71.92438,-36.62972],[-71.92669,-36.63333],[-71.92908,-36.63254],[-71.93349,-36.63915],[-71.94048,-36.6365]]}},{"id":"998","type":"Feature","properties":{"ROL":"S/R-N-492","NOMBRE_CAMINO":"Cruce N-466 (Huacalemu) - Los Naranjos - Cruce N-470 (Antiquireo)","CLASIFICACION":"Camino Regional Comunal (En Proceso de Enrolamiento)","CALZADA":"U"},"geometry":{"type":"LineString","coordinates":[[-72.50394,-36.48048],[-72.50051,-36.47747],[-72.49976,-36.47485],[-72.50215,-36.46768],[-72.49932,-36.46302],[-72.49989,-36.46115],[-72.49801,-36.45692],[-72.50013,-36.45399],[-72.49873,-36.44812],[-72.50112,-36.44456]]}},{"id":"999","type":"Feature","properties":{"ROL":"S/R-N-494","NOMBRE_CAMINO":"Cruce N-486 (Cabrería) - Liucura","CLASIFICACION":"Camino Regional de Acceso (En Proceso de Enrolamiento)","CALZADA":"U"},"geometry":{"type":"LineString","coordinates":[[-72.46289,-36.51056],[-72.46844,-36.50628],[-72.46963,-36.50261],[-72.4741,-36.4979],[-72.48652,-36.49147],[-72.48628,-36.48955]]}},{"id":"1000","type":"Feature","properties":{"ROL":"S/R-N-496","NOMBRE_CAMINO":"Cruce N-424 (Culenco) - Cruce M-870 (La Tranquilidad)","CLASIFICACION":"Camino Regional Comunal (En Proceso de Enrolamiento)","CALZADA":"U"},"geometry":{"type":"LineString","coordinates":[[-72.5442,-36.14922],[-72.54171,-36.14543],[-72.54215,-36.1427],[-72.54041,-36.13941],[-72.54311,-36.13487],[-72.54042,-36.13173],[-72.54003,-36.1288],[-72.54294,-36.1253],[-72.53958,-36.11935],[-72.5429,-36.11243]]}},{"id":"1001","type":"Feature","properties":{"ROL":"S/R-N-507","NOMBRE_CAMINO":"Cruce N-447 (La Flecha) - Cruce N-505 (El Embalse)","CLASIFICACION":"Camino Regional Comunal (En Proceso de Enrolamiento)","CALZADA":"U"},"geometry":{"type":"LineString","coordinates":[[-71.79353,-36.61098],[-71.78984,-36.62212],[-71.79251,-36.62292],[-71.79349,-36.62555],[-71.79529,-36.62633],[-71.79474,-36.62837]]}},{"id":"1002","type":"Feature","properties":{"ROL":"S/R-N-512","NOMBRE_CAMINO":"Cruce N-50 (Puente Esmeralda) - Lonquén - Cruce N-520 (Lajuelas)","CLASIFICACION":"Camino Regional Comunal (En Proceso de Enrolamiento)","CALZADA":"U"},"geometry":{"type":"LineString","coordinates":[[-72.35036,-36.44471],[-72.35228,-36.44701],[-72.35747,-36.46066],[-72.35322,-36.45956],[-72.35126,-36.4605],[-72.34562,-36.46855],[-72.34366,-36.47388],[-72.33991,-36.47535],[-72.33054,-36.474]]}},{"id":"1003","type":"Feature","properties":{"ROL":"S/R-N-513","NOMBRE_CAMINO":"Cruce N-505 (Coihueco) - La Escoba - Santa Isabel","CLASIFICACION":"Camino Regional Comunal (En Proceso de Enrolamiento)","CALZADA":"U"},"geometry":{"type":"LineString","coordinates":[[-71.82961,-36.64171],[-71.82821,-36.64583],[-71.82503,-36.64665],[-71.82122,-36.65336],[-71.81705,-36.6546],[-71.81565,-36.6564],[-71.81396,-36.65639],[-71.81182,-36.65426],[-71.81036,-36.65477],[-71.80401,-36.66521],[-71.80441,-36.66805]]}},{"id":"1004","type":"Feature","properties":{"ROL":"S/R-N-517","NOMBRE_CAMINO":"Cruce N-501 (Miraflores) - El Cabrito","CLASIFICACION":"Camino Regional de Acceso (En Proceso de Enrolamiento)","CALZADA":"U"},"geometry":{"type":"LineString","coordinates":[[-71.84852,-36.65391],[-71.83185,-36.65758]]}},{"id":"1005","type":"Feature","properties":{"ROL":"S/R-N-523","NOMBRE_CAMINO":"Cruce N-503 (Tanilvoro Norte) - El Prado - Coleal Central","CLASIFICACION":"Camino Regional Comunal (En Proceso de Enrolamiento)","CALZADA":"U"},"geometry":{"type":"LineString","coordinates":[[-71.81386,-36.7075],[-71.81217,-36.70873],[-71.8041,-36.70652],[-71.79501,-36.71054],[-71.7924,-36.71319],[-71.79448,-36.71871],[-71.80048,-36.72159],[-71.80245,-36.72036],[-71.80645,-36.72627]]}},{"id":"1006","type":"Feature","properties":{"ROL":"S/R-N-535","NOMBRE_CAMINO":"Cruce N-545 (Tanilvoro) - Coleal - Los Chijetes","CLASIFICACION":"Camino Regional Comunal (En Proceso de Enrolamiento)","CALZADA":"U"},"geometry":{"type":"LineString","coordinates":[[-71.81984,-36.72733],[-71.81772,-36.72614],[-71.80739,-36.72616],[-71.78559,-36.7292],[-71.7754,-36.73369],[-71.76554,-36.73603],[-71.75937,-36.74176],[-71.75443,-36.74229],[-71.75334,-36.74515],[-71.7495,-36.74847],[-71.73426,-36.75434],[-71.71912,-36.75736],[-71.71139,-36.76215]]}},{"id":"1007","type":"Feature","properties":{"ROL":"S/R-N-539","NOMBRE_CAMINO":"Coleal Central - San Isidro - El Maqui","CLASIFICACION":"Camino Regional de Acceso (En Proceso de Enrolamiento)","CALZADA":"U"},"geometry":{"type":"LineString","coordinates":[[-71.80577,-36.7264],[-71.80519,-36.72879],[-71.79397,-36.73793],[-71.7894,-36.73664],[-71.78678,-36.73807],[-71.78141,-36.74623],[-71.77892,-36.74776],[-71.77094,-36.74926],[-71.75301,-36.757],[-71.74844,-36.76419],[-71.74065,-36.77231],[-71.73739,-36.77337],[-71.73128,-36.78225]]}},{"id":"1008","type":"Feature","properties":{"ROL":"S/R-N-543","NOMBRE_CAMINO":"Cruce N-55 (Cementerio) - Patagual - Cruce N-569 (Paso El Soldado)","CLASIFICACION":"Camino Regional Comunal (En Proceso de Enrolamiento)","CALZADA":"U"},"geometry":{"type":"LineString","coordinates":[[-71.90262,-36.69299],[-71.90624,-36.69904],[-71.91337,-36.69979],[-71.92044,-36.69818],[-71.92184,-36.70343],[-71.92384,-36.70441],[-71.93551,-36.70038],[-71.94289,-36.7094]]}},{"id":"1009","type":"Feature","properties":{"ROL":"S/R-N-562","NOMBRE_CAMINO":"Ruta 5 (Paso Superior) - Las Rosas - Cruce N-560 (Parque Lantaño)","CLASIFICACION":"Camino Regional Comunal (En Proceso de Enrolamiento)","CALZADA":"U"},"geometry":{"type":"LineString","coordinates":[[-72.10094,-36.56362],[-72.10826,-36.56302],[-72.11496,-36.58593],[-72.12567,-36.58968]]}},{"id":"1010","type":"Feature","properties":{"ROL":"S/R-N-563","NOMBRE_CAMINO":"Cruce Ruta 5 (Bulnes Sur) - La Ballica - El Carolino","CLASIFICACION":"Camino Regional de Acceso (En Proceso de Enrolamiento)","CALZADA":"U"},"geometry":{"type":"LineString","coordinates":[[-72.30478,-36.76468],[-72.29753,-36.77022],[-72.2866,-36.77532],[-72.28993,-36.78656],[-72.28522,-36.78655],[-72.28585,-36.78969],[-72.27982,-36.78985],[-72.27627,-36.79295],[-72.27529,-36.79485],[-72.27868,-36.80236]]}},{"id":"1011","type":"Feature","properties":{"ROL":"S/R-N-577","NOMBRE_CAMINO":"Cruce N-55 (San Jorge) - Los Hoyos - Cruce N-617 (El Rodeo)","CLASIFICACION":"Camino Regional Comunal (En Proceso de Enrolamiento)","CALZADA":"U"},"geometry":{"type":"LineString","coordinates":[[-71.79515,-36.77504],[-71.79877,-36.78132],[-71.79865,-36.78746],[-71.80475,-36.79919],[-71.81085,-36.80489]]}},{"id":"1012","type":"Feature","properties":{"ROL":"S/R-N-579","NOMBRE_CAMINO":"Cuatro Esquinas - Cruce N-609 (Las Pioncas)","CLASIFICACION":"Camino Regional Comunal (En Proceso de Enrolamiento)","CALZADA":"U"},"geometry":{"type":"LineString","coordinates":[[-71.85211,-36.79327],[-71.8577,-36.80501]]}},{"id":"1013","type":"Feature","properties":{"ROL":"S/R-N-581","NOMBRE_CAMINO":"Cruce N-549 (El Cardal) - Cruce N-615 (Cuatro Esquinas)","CLASIFICACION":"Camino Regional Comunal (En Proceso de Enrolamiento)","CALZADA":"U"},"geometry":{"type":"LineString","coordinates":[[-71.92266,-36.73862],[-71.917,-36.74226],[-71.91431,-36.74609],[-71.90362,-36.74972],[-71.88988,-36.75807],[-71.88606,-36.7592],[-71.88412,-36.76435],[-71.8857,-36.76655],[-71.88218,-36.77008],[-71.87319,-36.77389],[-71.87358,-36.77642],[-71.86955,-36.77804],[-71.86664,-36.78153],[-71.86698,-36.78286],[-71.85905,-36.7872],[-71.85389,-36.7924],[-71.84504,-36.79601]]}},{"id":"1014","type":"Feature","properties":{"ROL":"S/R-N-583","NOMBRE_CAMINO":"Cruce N-69 (El Maitén) - Los Álamos - El Encinar","CLASIFICACION":"Camino Regional de Acceso (En Proceso de Enrolamiento)","CALZADA":"U"},"geometry":{"type":"LineString","coordinates":[[-72.23188,-36.77762],[-72.23786,-36.7853],[-72.231,-36.78766],[-72.2377,-36.79905],[-72.24123,-36.79963],[-72.24927,-36.79798],[-72.24992,-36.79926],[-72.25292,-36.79878]]}},{"id":"1015","type":"Feature","properties":{"ROL":"S/R-N-587","NOMBRE_CAMINO":"Cruce N-69 (San José) - Cruce N-645 (El Porvenir)","CLASIFICACION":"Camino Regional Comunal (En Proceso de Enrolamiento)","CALZADA":"U"},"geometry":{"type":"LineString","coordinates":[[-72.15939,-36.80258],[-72.15463,-36.78747]]}},{"id":"1016","type":"Feature","properties":{"ROL":"S/R-N-591","NOMBRE_CAMINO":"Cruce N-55 (La Invernada) - Cruce N-633 (Paso Atacalco)","CLASIFICACION":"Camino Regional Comunal (En Proceso de Enrolamiento)","CALZADA":"U"},"geometry":{"type":"LineString","coordinates":[[-71.62943,-36.86443],[-71.6266,-36.8816]]}},{"id":"1017","type":"Feature","properties":{"ROL":"S/R-N-593","NOMBRE_CAMINO":"Cruce N-549 (Pinto) - Los Pedernales - Cruce N-569 (La Piedra)","CLASIFICACION":"Camino Regional Comunal (En Proceso de Enrolamiento)","CALZADA":"U"},"geometry":{"type":"LineString","coordinates":[[-71.89948,-36.709],[-71.88649,-36.71831],[-71.88946,-36.72373],[-71.88864,-36.72679],[-71.89039,-36.73016]]}},{"id":"1018","type":"Feature","properties":{"ROL":"S/R-N-597-Q","NOMBRE_CAMINO":"Cruce N-91-Q (Ranchillo) - Las Parcelas - El Progreso, Sector: Ranchillo - Límite Regional (Las Parcelas)","CLASIFICACION":"Camino Regional Provincial (En Proceso de Enrolamiento)","CALZADA":"U"},"geometry":{"type":"LineString","coordinates":[[-72.2078,-37.06945],[-72.21187,-37.07248],[-72.21487,-37.07787],[-72.21768,-37.07991],[-72.22746,-37.08274]]}},{"id":"1019","type":"Feature","properties":{"ROL":"S/R-N-600","NOMBRE_CAMINO":"Cruce N-62 (Puente El Burro) - Puente Ovejería - Cruce N-610 (Puente El Parrón)","CLASIFICACION":"Camino Regional Comunal (En Proceso de Enrolamiento)","CALZADA":"U"},"geometry":{"type":"LineString","coordinates":[[-72.47823,-36.57789],[-72.47051,-36.58156],[-72.46685,-36.58631],[-72.46229,-36.58702],[-72.45628,-36.59112],[-72.43455,-36.5932],[-72.43249,-36.59689],[-72.43408,-36.59972],[-72.43222,-36.60746],[-72.42939,-36.60939],[-72.42919,-36.61116],[-72.42444,-36.61296],[-72.41477,-36.62029],[-72.41189,-36.62438]]}},{"id":"1020","type":"Feature","properties":{"ROL":"S/R-N-606","NOMBRE_CAMINO":"Cruce N-62 (Puente El Burro) - Fundo San Martín","CLASIFICACION":"Camino Regional Comunal (En Proceso de Enrolamiento)","CALZADA":"U"},"geometry":{"type":"LineString","coordinates":[[-72.47822,-36.57785],[-72.48803,-36.57817]]}},{"id":"1021","type":"Feature","properties":{"ROL":"S/R-N-606","NOMBRE_CAMINO":"Cruce N-62 (Puente El Burro) - Fundo San Martín","CLASIFICACION":"Camino Regional Comunal (En Proceso de Enrolamiento)","CALZADA":"U"},"geometry":{"type":"LineString","coordinates":[[-72.48803,-36.57817],[-72.49261,-36.57441]]}},{"id":"1022","type":"Feature","properties":{"ROL":"S/R-N-608","NOMBRE_CAMINO":"Quile - Manzanares - Cruce M-870 (Copiulemu)","CLASIFICACION":"Camino Regional Comunal (En Proceso de Enrolamiento)","CALZADA":"U"},"geometry":{"type":"LineString","coordinates":[[-72.71901,-36.03042],[-72.71266,-36.02394],[-72.70803,-36.02253],[-72.70543,-36.01991],[-72.70474,-36.01727],[-72.69613,-36.02204],[-72.68881,-36.01841],[-72.6837,-36.0196],[-72.67957,-36.02236]]}},{"id":"1023","type":"Feature","properties":{"ROL":"S/R-N-613","NOMBRE_CAMINO":"Cruce N-599 (Las Carmelitas) - Las Nieves","CLASIFICACION":"Camino Regional de Acceso (En Proceso de Enrolamiento)","CALZADA":"U"},"geometry":{"type":"LineString","coordinates":[[-72.22309,-36.82097],[-72.21622,-36.82252],[-72.2168,-36.82459],[-72.20909,-36.82657],[-72.21141,-36.83251],[-72.20779,-36.83351],[-72.20309,-36.8379],[-72.19488,-36.84161],[-72.19313,-36.838]]}},{"id":"1024","type":"Feature","properties":{"ROL":"S/R-N-614","NOMBRE_CAMINO":"Cruce N-620 (La Cancha) - Cruce N-620 (Ñipanto)","CLASIFICACION":"Camino Regional Comunal (En Proceso de Enrolamiento)","CALZADA":"U"},"geometry":{"type":"LineString","coordinates":[[-72.4502,-36.52996],[-72.45735,-36.52815],[-72.46041,-36.52955]]}},{"id":"1025","type":"Feature","properties":{"ROL":"S/R-N-619","NOMBRE_CAMINO":"Cruce N-59-Q (Av. Baquedano) - Camino Real","CLASIFICACION":"Camino Regional de Acceso (En Proceso de Enrolamiento)","CALZADA":"U"},"geometry":{"type":"LineString","coordinates":[[-72.12189,-36.63705],[-72.10938,-36.64153]]}},{"id":"1026","type":"Feature","properties":{"ROL":"S/R-N-622","NOMBRE_CAMINO":"Cruce N-610 (El Sauce) - Variante Quitento","CLASIFICACION":"Camino Regional de Acceso (En Proceso de Enrolamiento)","CALZADA":"U"},"geometry":{"type":"LineString","coordinates":[[-72.38886,-36.58476],[-72.39532,-36.58574]]}},{"id":"1027","type":"Feature","properties":{"ROL":"S/R-N-623","NOMBRE_CAMINO":"Cruce N-599 (La Vara) - Las Mariposas","CLASIFICACION":"Camino Regional de Acceso (En Proceso de Enrolamiento)","CALZADA":"U"},"geometry":{"type":"LineString","coordinates":[[-72.24486,-36.86024],[-72.22635,-36.86818],[-72.2149,-36.86924],[-72.21515,-36.87066]]}},{"id":"1028","type":"Feature","properties":{"ROL":"S/R-N-625","NOMBRE_CAMINO":"Cruce N-601 (Rinconada de Coltón) - Las Mercedes","CLASIFICACION":"Camino Regional de Acceso (En Proceso de Enrolamiento)","CALZADA":"U"},"geometry":{"type":"LineString","coordinates":[[-72.20037,-36.7502],[-72.20781,-36.74906],[-72.21035,-36.75024],[-72.21768,-36.7463]]}},{"id":"1029","type":"Feature","properties":{"ROL":"S/R-N-626","NOMBRE_CAMINO":"Cruce N-610 (Llahuecuy) - Quitento - Tres Puntillas","CLASIFICACION":"Camino Regional de Acceso (En Proceso de Enrolamiento)","CALZADA":"U"},"geometry":{"type":"LineString","coordinates":[[-72.38673,-36.57629],[-72.38782,-36.57402],[-72.3909,-36.57365],[-72.39104,-36.57247],[-72.39529,-36.56998],[-72.39697,-36.56677],[-72.39866,-36.56765],[-72.39864,-36.56343],[-72.40123,-36.5575],[-72.4025,-36.55712]]}},{"id":"1030","type":"Feature","properties":{"ROL":"S/R-N-629","NOMBRE_CAMINO":"Cruce N-69 (El Rosal) - El Nogal","CLASIFICACION":"Camino Regional de Acceso (En Proceso de Enrolamiento)","CALZADA":"U"},"geometry":{"type":"LineString","coordinates":[[-72.26805,-36.75694],[-72.27178,-36.76247],[-72.27283,-36.76733],[-72.25496,-36.77922]]}},{"id":"1031","type":"Feature","properties":{"ROL":"S/R-N-643","NOMBRE_CAMINO":"Cruce N-633 - Puente Atacalco","CLASIFICACION":"Camino Regional de Acceso (En Proceso de Enrolamiento)","CALZADA":"U"},"geometry":{"type":"LineString","coordinates":[[-71.62681,-36.88801],[-71.62955,-36.89186]]}},{"id":"1032","type":"Feature","properties":{"ROL":"S/R-N-665","NOMBRE_CAMINO":"Cruce N-69 (Cantarrana) - El Chivato - Cruce N-59-Q (La Greda)","CLASIFICACION":"Camino Regional Comunal (En Proceso de Enrolamiento)","CALZADA":"U"},"geometry":{"type":"LineString","coordinates":[[-72.15282,-36.80338],[-72.14904,-36.80355],[-72.14787,-36.80138],[-72.12233,-36.80488],[-72.11207,-36.80479],[-72.10492,-36.80718]]}},{"id":"1033","type":"Feature","properties":{"ROL":"S/R-N-666","NOMBRE_CAMINO":"Cruce Ruta 5 (Paso Superior Larqui) - San Marcelo - Cruce N-682 (Maule)","CLASIFICACION":"Camino Regional Comunal (En Proceso de Enrolamiento)","CALZADA":"U"},"geometry":{"type":"LineString","coordinates":[[-72.26786,-36.70928],[-72.28475,-36.69983],[-72.29127,-36.7023],[-72.29491,-36.70232],[-72.29552,-36.69785],[-72.31057,-36.69242],[-72.31216,-36.68876],[-72.31179,-36.6851]]}},{"id":"1034","type":"Feature","properties":{"ROL":"S/R-N-668","NOMBRE_CAMINO":"Cruce N-676 (Rucapequén) - San Marcelo","CLASIFICACION":"Camino Regional Comunal (En Proceso de Enrolamiento)","CALZADA":"U"},"geometry":{"type":"LineString","coordinates":[[-72.27649,-36.67156],[-72.28414,-36.67624],[-72.2859,-36.67857],[-72.28472,-36.69985]]}},{"id":"1035","type":"Feature","properties":{"ROL":"S/R-N-672","NOMBRE_CAMINO":"Cruce N-700 (Collihuay) - Cruce N-692 (Quinchamalí)","CLASIFICACION":"Camino Regional Comunal (En Proceso de Enrolamiento)","CALZADA":"U"},"geometry":{"type":"LineString","coordinates":[[-72.38198,-36.6576],[-72.39327,-36.65629],[-72.39309,-36.65422],[-72.40683,-36.64944]]}},{"id":"1036","type":"Feature","properties":{"ROL":"S/R-N-673","NOMBRE_CAMINO":"Cruce N-599 (Santa Olga) - El Cóndor","CLASIFICACION":"Camino Regional de Acceso (En Proceso de Enrolamiento)","CALZADA":"U"},"geometry":{"type":"LineString","coordinates":[[-72.21254,-36.80696],[-72.1894,-36.81179],[-72.18885,-36.8103],[-72.18396,-36.81123]]}},{"id":"1037","type":"Feature","properties":{"ROL":"S/R-N-674","NOMBRE_CAMINO":"Cruce N-680 (Caserío Linares) - Paso Bajo Nivel Ruta 152- Cruce N-700 (Estación Collihuay)","CLASIFICACION":"Camino Regional Comunal (En Proceso de Enrolamiento)","CALZADA":"U"},"geometry":{"type":"LineString","coordinates":[[-72.3255,-36.65893],[-72.32842,-36.65718],[-72.33293,-36.6567],[-72.34044,-36.65217],[-72.34692,-36.65383],[-72.3596,-36.65466]]}},{"id":"1038","type":"Feature","properties":{"ROL":"S/R-N-675","NOMBRE_CAMINO":"Cruce N-681 (Las Hormigas) - Loma Alta - La Leona","CLASIFICACION":"Camino Regional Comunal (En Proceso de Enrolamiento)","CALZADA":"U"},"geometry":{"type":"LineString","coordinates":[[-71.78989,-36.84357],[-71.78382,-36.84394],[-71.77869,-36.84698],[-71.77387,-36.84673],[-71.7633,-36.85196],[-71.75503,-36.85225],[-71.75012,-36.85487],[-71.74643,-36.85526],[-71.74575,-36.85674],[-71.72987,-36.85362],[-71.71157,-36.85996],[-71.69807,-36.86051]]}},{"id":"1039","type":"Feature","properties":{"ROL":"S/R-N-687","NOMBRE_CAMINO":"Cruce Ruta 5 (Enlace Santa Clara) - Las Rosas - Cruce N-599 (El Caracol)","CLASIFICACION":"Camino Regional Comunal (En Proceso de Enrolamiento)","CALZADA":"U"},"geometry":{"type":"LineString","coordinates":[[-72.32683,-36.83008],[-72.32044,-36.83168],[-72.31658,-36.83128],[-72.3144,-36.83093],[-72.31371,-36.82801],[-72.30902,-36.82907],[-72.30809,-36.82778],[-72.29862,-36.82935],[-72.28989,-36.83442],[-72.28632,-36.82846],[-72.27597,-36.82623],[-72.27546,-36.82263],[-72.27307,-36.81908],[-72.26578,-36.81628],[-72.26267,-36.81293],[-72.25684,-36.81057],[-72.24498,-36.81164],[-72.24244,-36.81019],[-72.22706,-36.81075],[-72.21986,-36.8115],[-72.21968,-36.81276],[-72.21795,-36.81289]]}},{"id":"1040","type":"Feature","properties":{"ROL":"S/R-N-704","NOMBRE_CAMINO":"Cruce N-702 (Larqui Poniente) - Pite","CLASIFICACION":"Camino Regional de Acceso (En Proceso de Enrolamiento)","CALZADA":"U"},"geometry":{"type":"LineString","coordinates":[[-72.32258,-36.73196],[-72.31505,-36.71856],[-72.31703,-36.71497],[-72.3162,-36.713],[-72.31865,-36.70286]]}},{"id":"1041","type":"Feature","properties":{"ROL":"S/R-N-706","NOMBRE_CAMINO":"Cruce N-72 (Santa Rosa) - El Barón - Cruce N-48-O (Las Esquinas)","CLASIFICACION":"Camino Regional Comunal (En Proceso de Enrolamiento)","CALZADA":"U"},"geometry":{"type":"LineString","coordinates":[[-72.3622,-36.73275],[-72.3672,-36.73581],[-72.36972,-36.73524],[-72.37166,-36.73715],[-72.37238,-36.74071],[-72.37717,-36.74487],[-72.37014,-36.75086],[-72.36715,-36.75188]]}},{"id":"1042","type":"Feature","properties":{"ROL":"S/R-N-707","NOMBRE_CAMINO":"Cruce N-651 (Las Cifuentes) - Cruce N-655 (San Pedro)","CLASIFICACION":"Camino Regional Comunal (En Proceso de Enrolamiento)","CALZADA":"U"},"geometry":{"type":"LineString","coordinates":[[-71.93215,-36.8094],[-71.93582,-36.81758]]}},{"id":"1043","type":"Feature","properties":{"ROL":"S/R-N-708","NOMBRE_CAMINO":"Cruce N-702 (Larqui Poniente) - Las Viñas","CLASIFICACION":"Camino Regional de Acceso (En Proceso de Enrolamiento)","CALZADA":"U"},"geometry":{"type":"LineString","coordinates":[[-72.34812,-36.70858],[-72.3565,-36.7236],[-72.35058,-36.7244]]}},{"id":"1044","type":"Feature","properties":{"ROL":"S/R-N-711","NOMBRE_CAMINO":"Cruce N-705 (Agua Santa) - Los Riscos","CLASIFICACION":"Camino Regional de Acceso (En Proceso de Enrolamiento)","CALZADA":"U"},"geometry":{"type":"LineString","coordinates":[[-71.77547,-36.89669],[-71.76413,-36.90479],[-71.76376,-36.91031],[-71.76005,-36.91791],[-71.75101,-36.92282],[-71.74982,-36.92416],[-71.75039,-36.92635],[-71.74584,-36.93041],[-71.73203,-36.93666],[-71.72541,-36.93529],[-71.71307,-36.93613],[-71.7111,-36.93493],[-71.70698,-36.93842]]}},{"id":"1045","type":"Feature","properties":{"ROL":"S/R-N-713","NOMBRE_CAMINO":"Cruce N-695 (Los Maquis) - Cruce N-651 (Las Cifuentes)","CLASIFICACION":"Camino Regional Comunal (En Proceso de Enrolamiento)","CALZADA":"U"},"geometry":{"type":"LineString","coordinates":[[-71.92946,-36.79683],[-71.93318,-36.80909]]}},{"id":"1046","type":"Feature","properties":{"ROL":"S/R-N-717","NOMBRE_CAMINO":"Cruce N-69 (Cantarrana) - Los Maitenes - Los Robles","CLASIFICACION":"Camino Regional de Acceso (En Proceso de Enrolamiento)","CALZADA":"U"},"geometry":{"type":"LineString","coordinates":[[-72.14643,-36.81306],[-72.1509,-36.81952],[-72.16052,-36.84194],[-72.13812,-36.8443]]}},{"id":"1047","type":"Feature","properties":{"ROL":"S/R-N-719","NOMBRE_CAMINO":"Las Rosas - Santa Rufina","CLASIFICACION":"Camino Regional de Acceso (En Proceso de Enrolamiento)","CALZADA":"U"},"geometry":{"type":"LineString","coordinates":[[-72.28989,-36.83442],[-72.28015,-36.83844],[-72.28418,-36.8487]]}},{"id":"1048","type":"Feature","properties":{"ROL":"S/R-N-721","NOMBRE_CAMINO":"Cruce Las Hormigas - El Pedregal - San Vicente Bajo","CLASIFICACION":"Camino Regional Comunal (En Proceso de Enrolamiento)","CALZADA":"U"},"geometry":{"type":"LineString","coordinates":[[-71.78701,-36.84373],[-71.78116,-36.84088],[-71.78154,-36.83879],[-71.76952,-36.83318],[-71.76712,-36.83263],[-71.76112,-36.83464],[-71.75526,-36.83412],[-71.75446,-36.83692],[-71.75224,-36.83786],[-71.74868,-36.83402],[-71.74284,-36.83177],[-71.73642,-36.83313],[-71.72668,-36.83749],[-71.72201,-36.84495]]}},{"id":"1049","type":"Feature","properties":{"ROL":"S/R-N-721","NOMBRE_CAMINO":"Cruce Las Hormigas - El Pedregal - San Vicente Bajo","CLASIFICACION":"Camino Regional Comunal (En Proceso de Enrolamiento)","CALZADA":"U"},"geometry":{"type":"LineString","coordinates":[[-71.72201,-36.84495],[-71.72048,-36.845],[-71.72075,-36.84617],[-71.73205,-36.85004],[-71.73284,-36.85403]]}},{"id":"1050","type":"Feature","properties":{"ROL":"S/R-N-722","NOMBRE_CAMINO":"Cruce N-336 (El Laurel) - Cruce N-720 (Peñablanca)","CLASIFICACION":"Camino Regional Comunal (En Proceso de Enrolamiento)","CALZADA":"U"},"geometry":{"type":"LineString","coordinates":[[-72.59957,-36.6951],[-72.58771,-36.69986],[-72.5855,-36.70615],[-72.57897,-36.70839],[-72.57649,-36.71201],[-72.56908,-36.71327]]}},{"id":"1051","type":"Feature","properties":{"ROL":"S/R-N-723","NOMBRE_CAMINO":"Cruce N-705 (Los Alpes) - Cruce N-835 (Puente Garrido)","CLASIFICACION":"Camino Regional Comunal (En Proceso de Enrolamiento)","CALZADA":"U"},"geometry":{"type":"LineString","coordinates":[[-71.85529,-36.8845],[-71.8645,-36.89691],[-71.8696,-36.90866],[-71.87301,-36.91179],[-71.87353,-36.91335],[-71.87168,-36.91509],[-71.87353,-36.91524],[-71.87528,-36.918]]}},{"id":"1052","type":"Feature","properties":{"ROL":"S/R-N-729","NOMBRE_CAMINO":"Cruce N-777 (Capilla Sur) - Variante San Martín - Cruce N-835 (Capilla Norte)","CLASIFICACION":"Camino Regional Comunal (En Proceso de Enrolamiento)","CALZADA":"U"},"geometry":{"type":"LineString","coordinates":[[-71.82166,-36.9637],[-71.81945,-36.96083],[-71.81285,-36.95891],[-71.80985,-36.95607],[-71.80536,-36.95786],[-71.7995,-36.958],[-71.79611,-36.95529],[-71.79337,-36.94668],[-71.78969,-36.94105],[-71.78927,-36.93626],[-71.79458,-36.9289],[-71.79794,-36.92813],[-71.80486,-36.92351],[-71.81471,-36.9229],[-71.8142,-36.92122]]}},{"id":"1053","type":"Feature","properties":{"ROL":"S/R-N-729","NOMBRE_CAMINO":"Cruce N-777 (Capilla Sur) - Variante San Martín - Cruce N-835 (Capilla Norte)","CLASIFICACION":"Camino Regional Comunal (En Proceso de Enrolamiento)","CALZADA":"U"},"geometry":{"type":"LineString","coordinates":[[-71.8142,-36.92122],[-71.81719,-36.91925]]}},{"id":"1054","type":"Feature","properties":{"ROL":"S/R-N-738","NOMBRE_CAMINO":"Cruce N-66 (San Ramón) - Cayumanqui","CLASIFICACION":"Camino Regional de Acceso (En Proceso de Enrolamiento)","CALZADA":"U"},"geometry":{"type":"LineString","coordinates":[[-72.45957,-36.69728],[-72.45901,-36.69494],[-72.46422,-36.69453],[-72.46368,-36.6931],[-72.4669,-36.68847],[-72.47051,-36.68924],[-72.47299,-36.69193],[-72.47898,-36.69408],[-72.48191,-36.69413],[-72.48975,-36.69066],[-72.49489,-36.69085]]}},{"id":"1055","type":"Feature","properties":{"ROL":"S/R-N-740","NOMBRE_CAMINO":"Cruce N-66 (Romeral) - Santa Ana","CLASIFICACION":"Camino Regional Comunal (En Proceso de Enrolamiento)","CALZADA":"U"},"geometry":{"type":"LineString","coordinates":[[-72.45812,-36.70838],[-72.46456,-36.70801],[-72.4672,-36.7095],[-72.47026,-36.71198],[-72.4738,-36.71767],[-72.48442,-36.71735],[-72.49389,-36.71973],[-72.49717,-36.71944]]}},{"id":"1056","type":"Feature","properties":{"ROL":"S/R-N-742","NOMBRE_CAMINO":"Santa Ana - Cruce N-750 (Fátima)","CLASIFICACION":"Camino Regional Comunal (En Proceso de Enrolamiento)","CALZADA":"U"},"geometry":{"type":"LineString","coordinates":[[-72.47383,-36.71768],[-72.47419,-36.71896],[-72.46985,-36.72027],[-72.46587,-36.72478]]}},{"id":"1057","type":"Feature","properties":{"ROL":"S/R-N-752","NOMBRE_CAMINO":"Cruce N-750 (Puerto Coyanco) - Infiernillo - Cruce N-720 (Peñablanca)","CLASIFICACION":"Camino Regional Comunal (En Proceso de Enrolamiento)","CALZADA":"U"},"geometry":{"type":"LineString","coordinates":[[-72.52044,-36.74633],[-72.52276,-36.74523],[-72.5305,-36.74679],[-72.53252,-36.74417],[-72.53576,-36.74318],[-72.53538,-36.74503],[-72.53695,-36.74518],[-72.54641,-36.73956],[-72.54946,-36.73931],[-72.55377,-36.73463],[-72.55737,-36.73465],[-72.55729,-36.73242],[-72.55501,-36.73064],[-72.5559,-36.72786],[-72.56029,-36.72655],[-72.55843,-36.72515],[-72.56064,-36.72327],[-72.55934,-36.72132],[-72.56303,-36.72025],[-72.56669,-36.71567],[-72.56864,-36.71505]]}},{"id":"1058","type":"Feature","properties":{"ROL":"S/R-N-771","NOMBRE_CAMINO":"Santa Clara - Cruce N-773 (El Carmen)","CLASIFICACION":"Camino Regional Comunal (En Proceso de Enrolamiento)","CALZADA":"U"},"geometry":{"type":"LineString","coordinates":[[-72.32449,-36.8339],[-72.31934,-36.8339],[-72.31368,-36.83805],[-72.31602,-36.84652]]}},{"id":"1059","type":"Feature","properties":{"ROL":"S/R-N-775","NOMBRE_CAMINO":"Cruce N-783 (Los Naranjos) - El Cabrito - Cruce N-785 (El Boldo)","CLASIFICACION":"Camino Regional Comunal (En Proceso de Enrolamiento)","CALZADA":"U"},"geometry":{"type":"LineString","coordinates":[[-72.04908,-36.93199],[-72.05477,-36.94401],[-72.05808,-36.94598],[-72.06083,-36.94563],[-72.06431,-36.94986]]}},{"id":"1060","type":"Feature","properties":{"ROL":"S/R-N-788-M","NOMBRE_CAMINO":"Cruce Ruta 126 S (La Raya) - Estero La Raya - Cruce M-780 (San Antonio), Sector: La Raya - Límite Regional (Estero La Raya)","CLASIFICACION":"Camino Regional Provincial (En Proceso de Enrolamiento)","CALZADA":"U"},"geometry":{"type":"LineString","coordinates":[[-72.45042,-36.16363],[-72.43034,-36.16755],[-72.42741,-36.16612],[-72.42725,-36.16117],[-72.42503,-36.16134]]}},{"id":"1061","type":"Feature","properties":{"ROL":"S/R-N-801","NOMBRE_CAMINO":"Cruce N-777 (Trehualemu) - Cruce N-805 (Chamizal)","CLASIFICACION":"Camino Regional Comunal (En Proceso de Enrolamiento)","CALZADA":"U"},"geometry":{"type":"LineString","coordinates":[[-71.81284,-36.97011],[-71.81685,-36.97763],[-71.81711,-36.982],[-71.82539,-36.99499]]}},{"id":"1062","type":"Feature","properties":{"ROL":"S/R-N-804","NOMBRE_CAMINO":"Cruce N-86 (Paso El Olivar) - Bulliquín","CLASIFICACION":"Camino Regional de Acceso (En Proceso de Enrolamiento)","CALZADA":"U"},"geometry":{"type":"LineString","coordinates":[[-72.48163,-36.78129],[-72.4841,-36.78008],[-72.48841,-36.78215],[-72.49528,-36.77862]]}},{"id":"1063","type":"Feature","properties":{"ROL":"S/R-N-816","NOMBRE_CAMINO":"Cruce N-86 (La Plaza) - El Rincón - Cruce N-86 (Liucura Alto)","CLASIFICACION":"Camino Regional Comunal (En Proceso de Enrolamiento)","CALZADA":"U"},"geometry":{"type":"LineString","coordinates":[[-72.40845,-36.90348],[-72.40908,-36.90911],[-72.41187,-36.9103],[-72.41274,-36.91362],[-72.4169,-36.91724],[-72.43212,-36.91417],[-72.43504,-36.91186],[-72.43328,-36.90571],[-72.43499,-36.90194],[-72.43367,-36.89876],[-72.42784,-36.89571]]}},{"id":"1064","type":"Feature","properties":{"ROL":"S/R-N-822","NOMBRE_CAMINO":"Danquilco - Santa Ana del Baúl","CLASIFICACION":"Camino Regional de Acceso (En Proceso de Enrolamiento)","CALZADA":"U"},"geometry":{"type":"LineString","coordinates":[[-72.49482,-36.83904],[-72.49814,-36.83693],[-72.50095,-36.83293],[-72.50335,-36.8323],[-72.49979,-36.82998]]}},{"id":"1065","type":"Feature","properties":{"ROL":"S/R-N-824","NOMBRE_CAMINO":"Cruce N-800 (Hostería El León) - Cruce N-820 (Danquilco)","CLASIFICACION":"Camino Regional Comunal (En Proceso de Enrolamiento)","CALZADA":"U"},"geometry":{"type":"LineString","coordinates":[[-72.4751,-36.83099],[-72.47517,-36.83253],[-72.48302,-36.83234],[-72.48751,-36.83483],[-72.48975,-36.83781],[-72.4947,-36.83893],[-72.49586,-36.84302]]}},{"id":"1066","type":"Feature","properties":{"ROL":"S/R-N-826","NOMBRE_CAMINO":"Cruce N-86 (El Arenal) - Bodecua - Cruce N-828 (Las Perdices)","CLASIFICACION":"Camino Regional Comunal (En Proceso de Enrolamiento)","CALZADA":"U"},"geometry":{"type":"LineString","coordinates":[[-72.46065,-36.86084],[-72.4767,-36.86677],[-72.47911,-36.86626],[-72.47937,-36.85837],[-72.4779,-36.85885],[-72.47166,-36.85417],[-72.47037,-36.85089]]}},{"id":"1067","type":"Feature","properties":{"ROL":"S/R-N-830","NOMBRE_CAMINO":"Cruce N-86 (Canchillas) - El Culbén - Cruce N-888 (Cerro Negro)","CLASIFICACION":"Camino Regional Comunal (En Proceso de Enrolamiento)","CALZADA":"U"},"geometry":{"type":"LineString","coordinates":[[-72.44363,-36.85378],[-72.43129,-36.85471],[-72.42701,-36.85724],[-72.42342,-36.8575],[-72.42075,-36.85657],[-72.41932,-36.85385],[-72.41675,-36.85313],[-72.41571,-36.85023],[-72.41234,-36.84989],[-72.40577,-36.8531],[-72.39988,-36.85112],[-72.39908,-36.84884]]}},{"id":"1068","type":"Feature","properties":{"ROL":"S/R-N-838","NOMBRE_CAMINO":"Cruce N-48-O (Las Piedras) - Cruce N-48-O (Puente El Roble)","CLASIFICACION":"Camino Regional Comunal (En Proceso de Enrolamiento)","CALZADA":"U"},"geometry":{"type":"LineString","coordinates":[[-72.38683,-36.75506],[-72.3956,-36.75267],[-72.40383,-36.75284],[-72.40879,-36.75397],[-72.41311,-36.75889]]}},{"id":"1069","type":"Feature","properties":{"ROL":"S/R-N-853","NOMBRE_CAMINO":"Cruce N-85 (Agua de La Gloria) - Pocillas - Río Itata","CLASIFICACION":"Camino Regional Comunal (En Proceso de Enrolamiento)","CALZADA":"U"},"geometry":{"type":"LineString","coordinates":[[-72.27707,-36.95652],[-72.27858,-36.96288],[-72.28262,-36.96722],[-72.28369,-36.97202],[-72.29079,-36.9739],[-72.29589,-36.97897],[-72.30789,-36.98497]]}},{"id":"1070","type":"Feature","properties":{"ROL":"S/R-N-857","NOMBRE_CAMINO":"Cruce N-85 (Chequenes) - Culenco - San Ramón","CLASIFICACION":"Camino Regional Comunal (En Proceso de Enrolamiento)","CALZADA":"U"},"geometry":{"type":"LineString","coordinates":[[-72.17577,-36.9843],[-72.18217,-36.99756],[-72.18722,-37.00322],[-72.18682,-37.00889],[-72.184,-37.00988],[-72.17237,-37.00975],[-72.16325,-37.0136],[-72.13496,-37.02048]]}},{"id":"1071","type":"Feature","properties":{"ROL":"S/R-N-861","NOMBRE_CAMINO":"Cruce N-85 (Pemuco) - Culenco","CLASIFICACION":"Camino Regional Comunal (En Proceso de Enrolamiento)","CALZADA":"U"},"geometry":{"type":"LineString","coordinates":[[-72.10514,-36.98226],[-72.12922,-37.00593],[-72.13372,-37.01553],[-72.13546,-37.02248],[-72.13586,-37.02431],[-72.13436,-37.02678],[-72.13843,-37.02946],[-72.14724,-37.0298]]}},{"id":"1072","type":"Feature","properties":{"ROL":"S/R-N-862","NOMBRE_CAMINO":"Cruce N-86 (El Casino) - El Medio - Cruce N-820 (Huacamalá)","CLASIFICACION":"Camino Regional Comunal (En Proceso de Enrolamiento)","CALZADA":"U"},"geometry":{"type":"LineString","coordinates":[[-72.44021,-36.84624],[-72.44611,-36.84611],[-72.44693,-36.84419],[-72.4525,-36.84044],[-72.45564,-36.83391],[-72.46,-36.83827],[-72.47076,-36.83569]]}},{"id":"1073","type":"Feature","properties":{"ROL":"S/R-N-871","NOMBRE_CAMINO":"Cruce N-873 (Pemuco) - Santa Silvia - San Luis","CLASIFICACION":"Camino Regional Comunal (En Proceso de Enrolamiento)","CALZADA":"U"},"geometry":{"type":"LineString","coordinates":[[-72.06118,-36.96432],[-72.03333,-36.97323],[-72.03045,-36.97535],[-72.02734,-36.98033],[-71.99889,-36.9935],[-71.99265,-36.99469],[-71.98972,-36.9942],[-71.98845,-36.99224],[-71.98048,-36.99242],[-71.96451,-36.99724],[-71.94159,-37.00015],[-71.92698,-37.00375],[-71.90892,-37.00436]]}},{"id":"1074","type":"Feature","properties":{"ROL":"S/R-N-877","NOMBRE_CAMINO":"Cruce N-59-Q (Ateuco) - La Obra - Cruce N-59-Q (Las Rosas)","CLASIFICACION":"Camino Regional Comunal (En Proceso de Enrolamiento)","CALZADA":"U"},"geometry":{"type":"LineString","coordinates":[[-72.07068,-37.01325],[-72.07596,-37.02641],[-72.07336,-37.04081],[-72.06224,-37.04061],[-72.05211,-37.03844],[-72.04426,-37.03891],[-72.02986,-37.03511],[-72.02744,-37.03336]]}},{"id":"1075","type":"Feature","properties":{"ROL":"S/R-N-878","NOMBRE_CAMINO":"Cruce N-884 (El Rosario) - El Faro","CLASIFICACION":"Camino Regional de Acceso (En Proceso de Enrolamiento)","CALZADA":"U"},"geometry":{"type":"LineString","coordinates":[[-72.36102,-36.83195],[-72.36134,-36.83511],[-72.35867,-36.83821],[-72.35356,-36.83938]]}},{"id":"1076","type":"Feature","properties":{"ROL":"S/R-N-880","NOMBRE_CAMINO":"Cruce N-86 (El Casino) - El Durazno - El Culbén","CLASIFICACION":"Camino Regional Comunal (En Proceso de Enrolamiento)","CALZADA":"U"},"geometry":{"type":"LineString","coordinates":[[-72.4312,-36.83269],[-72.42708,-36.83967],[-72.42043,-36.84586],[-72.41523,-36.84877],[-72.41556,-36.85023]]}},{"id":"1077","type":"Feature","properties":{"ROL":"S/R-N-882","NOMBRE_CAMINO":"Cruce N-884 (El Rosario) - Rinconada del Palpal","CLASIFICACION":"Camino Regional de Acceso (En Proceso de Enrolamiento)","CALZADA":"U"},"geometry":{"type":"LineString","coordinates":[[-72.36513,-36.83398],[-72.37925,-36.8297],[-72.38339,-36.8296],[-72.38607,-36.841],[-72.39128,-36.8418]]}},{"id":"1078","type":"Feature","properties":{"ROL":"S/R-N-885","NOMBRE_CAMINO":"Cruce N-869 (Maipo Bajo) - Cruce N-875 (Escuela Maipo)","CLASIFICACION":"Camino Regional Comunal (En Proceso de Enrolamiento)","CALZADA":"U"},"geometry":{"type":"LineString","coordinates":[[-72.01471,-36.95568],[-72.01831,-36.96375]]}},{"id":"1079","type":"Feature","properties":{"ROL":"S/R-N-886","NOMBRE_CAMINO":"Cruce N-884 (Santa Clara) - Laguna Santa Elena","CLASIFICACION":"Camino Regional de Acceso (En Proceso de Enrolamiento)","CALZADA":"U"},"geometry":{"type":"LineString","coordinates":[[-72.34911,-36.83132],[-72.34886,-36.82795],[-72.36053,-36.82395],[-72.36351,-36.82152],[-72.36994,-36.82097],[-72.37599,-36.81847],[-72.37859,-36.81656],[-72.38021,-36.81241]]}},{"id":"1080","type":"Feature","properties":{"ROL":"S/R-N-897","NOMBRE_CAMINO":"Cruce N-887 (Cartago) - Cruce N-891 (Los Guindos)","CLASIFICACION":"Camino Regional Comunal (En Proceso de Enrolamiento)","CALZADA":"U"},"geometry":{"type":"LineString","coordinates":[[-71.86164,-37.02018],[-71.86231,-37.02568],[-71.86429,-37.02704],[-71.86598,-37.03475]]}},{"id":"1081","type":"Feature","properties":{"ROL":"S/R-N-903","NOMBRE_CAMINO":"Cruce N-91-Q (San Miguel de Itata) - Punta de Diamante - Ranchillo","CLASIFICACION":"Camino Regional Comunal (En Proceso de Enrolamiento)","CALZADA":"U"},"geometry":{"type":"LineString","coordinates":[[-72.12854,-37.1068],[-72.13676,-37.11172],[-72.13647,-37.11254],[-72.15075,-37.10339],[-72.16715,-37.10261],[-72.17237,-37.10398]]}},{"id":"1082","type":"Feature","properties":{"ROL":"S/R-N-907","NOMBRE_CAMINO":"Cruce N-91-Q (Ranchillo) - Campanario","CLASIFICACION":"Camino Regional Comunal (En Proceso de Enrolamiento)","CALZADA":"U"},"geometry":{"type":"LineString","coordinates":[[-72.16696,-37.08798],[-72.17026,-37.09092],[-72.16721,-37.09491],[-72.17256,-37.10431],[-72.17942,-37.11016],[-72.18499,-37.12879]]}},{"id":"1083","type":"Feature","properties":{"ROL":"S/R-N-913","NOMBRE_CAMINO":"Cruce N-915 (El Lleuque) - El Pino - Cruce N-935 (Los Castaños)","CLASIFICACION":"Camino Regional Comunal (En Proceso de Enrolamiento)","CALZADA":"U"},"geometry":{"type":"LineString","coordinates":[[-71.90762,-37.10679],[-71.90651,-37.11188],[-71.90451,-37.11463],[-71.90415,-37.12116],[-71.90637,-37.12776]]}},{"id":"1084","type":"Feature","properties":{"ROL":"S/R-N-925","NOMBRE_CAMINO":"Punta de Diamante - Cementerio","CLASIFICACION":"Camino Regional de Acceso (En Proceso de Enrolamiento)","CALZADA":"U"},"geometry":{"type":"LineString","coordinates":[[-72.13651,-37.11253],[-72.13066,-37.11747],[-72.12482,-37.11931],[-72.1269,-37.12128]]}},{"id":"1085","type":"Feature","properties":{"ROL":"S/R-N-929","NOMBRE_CAMINO":"Cruce N-935 (Los Mayos) - El Lavado","CLASIFICACION":"Camino Regional de Acceso (En Proceso de Enrolamiento)","CALZADA":"U"},"geometry":{"type":"LineString","coordinates":[[-71.88412,-37.12657],[-71.88038,-37.12704],[-71.88102,-37.13095],[-71.88001,-37.1328],[-71.8771,-37.13364],[-71.87749,-37.13997],[-71.87225,-37.1406],[-71.86931,-37.15197]]}},{"id":"1086","type":"Feature","properties":{"ROL":"S/R-N-933","NOMBRE_CAMINO":"Cruce N-935 (Puente Las Mulas) - Santa Lucía Bajo - Río Cangrejo","CLASIFICACION":"Camino Regional Comunal (En Proceso de Enrolamiento)","CALZADA":"U"},"geometry":{"type":"LineString","coordinates":[[-71.75804,-37.11197],[-71.75572,-37.11419],[-71.75153,-37.11486],[-71.74809,-37.12012],[-71.73956,-37.12105],[-71.72758,-37.12526],[-71.72096,-37.12291],[-71.71243,-37.12396],[-71.70438,-37.12884],[-71.69526,-37.13842],[-71.68343,-37.14369],[-71.66962,-37.1374],[-71.66613,-37.13738],[-71.65712,-37.13162],[-71.65064,-37.13087],[-71.64786,-37.12877]]}},{"id":"1087","type":"Feature","properties":{"ROL":"S/R-N-937","NOMBRE_CAMINO":"Cruce N-59-Q (Tres Esquinas) - Cruce N-935 (Loma Atravesada)","CLASIFICACION":"Camino Regional Comunal (En Proceso de Enrolamiento)","CALZADA":"U"},"geometry":{"type":"LineString","coordinates":[[-71.97758,-37.13495],[-71.96953,-37.13437],[-71.96082,-37.13189],[-71.95699,-37.13246],[-71.93106,-37.12995],[-71.93032,-37.12869],[-71.92507,-37.12779]]}},{"id":"1088","type":"Feature","properties":{"ROL":"S/R-N-949","NOMBRE_CAMINO":"Cruce N-915 (Las Cruces) - El Avellano","CLASIFICACION":"Camino Regional Comunal (En Proceso de Enrolamiento)","CALZADA":"U"},"geometry":{"type":"LineString","coordinates":[[-71.7076,-37.07764],[-71.70237,-37.07927],[-71.69432,-37.08546],[-71.68921,-37.08687],[-71.69178,-37.08984],[-71.69412,-37.09592],[-71.7057,-37.09788]]}},{"id":"1089","type":"Feature","properties":{"ROL":"S/R-N-951","NOMBRE_CAMINO":"El Avellano - Fátima","CLASIFICACION":"Camino Regional de Acceso (En Proceso de Enrolamiento)","CALZADA":"U"},"geometry":{"type":"LineString","coordinates":[[-71.69319,-37.09433],[-71.65961,-37.08811],[-71.65245,-37.08477],[-71.64777,-37.08635],[-71.64706,-37.08878],[-71.64305,-37.08564],[-71.64326,-37.08806]]}},{"id":"1090","type":"Feature","properties":{"ROL":"S/R-N-953","NOMBRE_CAMINO":"Cruce N-59-Q (Tres Esquinas) - Santa Ignacia - Cholguán Grande","CLASIFICACION":"Camino Regional de Acceso (En Proceso de Enrolamiento)","CALZADA":"U"},"geometry":{"type":"LineString","coordinates":[[-72.01061,-37.14037],[-71.99786,-37.1427],[-71.98569,-37.14886],[-71.97323,-37.15023],[-71.96941,-37.14915],[-71.96572,-37.16413],[-71.96091,-37.16704],[-71.94555,-37.16992]]}},{"id":"1091","type":"Feature","properties":{"ROL":"S/R-N-961","NOMBRE_CAMINO":"Cruce Av. Argentina (Campanario) - Cruce N-573-Q (Pangal del Laja)","CLASIFICACION":"Camino Regional Comunal (En Proceso de Enrolamiento)","CALZADA":"U"},"geometry":{"type":"LineString","coordinates":[[-72.19881,-37.13916],[-72.20011,-37.1474],[-72.2097,-37.17701]]}},{"id":"1092","type":"Feature","properties":{"ROL":"N-110","NOMBRE_CAMINO":"Cruce N-80-M (Buchupureo) - Quile - Montaña de Copihues - Cruce M-870 (Copiulemu)","CLASIFICACION":"Camino Regional Comunal","CALZADA":"U"},"geometry":{"type":"LineString","coordinates":[[-72.77794,-36.0727],[-72.76907,-36.07509],[-72.7645,-36.07503],[-72.75963,-36.07274]]}},{"id":"1093","type":"Feature","properties":{"ROL":"N-130","NOMBRE_CAMINO":"Cruce N-80-M (Cobquecura) - Cajón del Molino","CLASIFICACION":"Camino Regional Comunal","CALZADA":"U"},"geometry":{"type":"LineString","coordinates":[[-72.79137,-36.13139],[-72.77837,-36.12719]]}},{"id":"1094","type":"Feature","properties":{"ROL":"N-130","NOMBRE_CAMINO":"Cruce N-80-M (Cobquecura) - Cajón del Molino","CLASIFICACION":"Camino Regional Comunal","CALZADA":"U"},"geometry":{"type":"LineString","coordinates":[[-72.7488,-36.11726],[-72.74373,-36.11863]]}},{"id":"1095","type":"Feature","properties":{"ROL":"N-130","NOMBRE_CAMINO":"Cruce N-80-M (Cobquecura) - Cajón del Molino","CLASIFICACION":"Camino Regional Comunal","CALZADA":"U"},"geometry":{"type":"LineString","coordinates":[[-72.77837,-36.12719],[-72.77664,-36.12627]]}},{"id":"1096","type":"Feature","properties":{"ROL":"N-140","NOMBRE_CAMINO":"Cruce Ruta 126 S (Los Remates) - Guairavo - Límite Regional","CLASIFICACION":"Camino Regional Comunal (En Proceso de Enrolamiento)","CALZADA":"U"},"geometry":{"type":"LineString","coordinates":[[-72.41644,-36.22891],[-72.40624,-36.22648]]}},{"id":"1097","type":"Feature","properties":{"ROL":"N-16","NOMBRE_CAMINO":"Cruce Ruta 126 S (Quirihue) - LLohué - Las Higueras - Cruce N-70-M (Torrecillas)","CLASIFICACION":"Camino Regional Principal","CALZADA":"U"},"geometry":{"type":"LineString","coordinates":[[-72.52677,-36.2821],[-72.51635,-36.28394],[-72.50849,-36.28248],[-72.50425,-36.27991],[-72.49531,-36.28316],[-72.49248,-36.28132],[-72.4874,-36.28079],[-72.48286,-36.28431],[-72.48021,-36.28458]]}},{"id":"1098","type":"Feature","properties":{"ROL":"N-16","NOMBRE_CAMINO":"Cruce Ruta 126 S (Quirihue) - LLohué - Las Higueras - Cruce N-70-M (Torrecillas)","CLASIFICACION":"Camino Regional Principal","CALZADA":"U"},"geometry":{"type":"LineString","coordinates":[[-72.54267,-36.27882],[-72.53683,-36.2809],[-72.5325,-36.2806],[-72.52677,-36.2821]]}},{"id":"1099","type":"Feature","properties":{"ROL":"N-216","NOMBRE_CAMINO":"Cruce Ruta 126 S (Puente Matadero) - Calabozo - Montenegro - Cruce N-14-O (Vegas de Itata)","CLASIFICACION":"Camino Regional Provincial","CALZADA":"U"},"geometry":{"type":"LineString","coordinates":[[-72.70423,-36.47876],[-72.70597,-36.4774],[-72.7075,-36.47921],[-72.71475,-36.47808],[-72.71621,-36.47417],[-72.72027,-36.47301],[-72.72549,-36.4691],[-72.72983,-36.46846],[-72.73156,-36.46564],[-72.74404,-36.46242],[-72.74724,-36.45945],[-72.7482,-36.45656],[-72.74926,-36.4589],[-72.76259,-36.46122],[-72.76803,-36.45945],[-72.76799,-36.4581]]}},{"id":"1100","type":"Feature","properties":{"ROL":"N-216","NOMBRE_CAMINO":"Cruce Ruta 126 S (Puente Matadero) - Calabozo - Montenegro - Cruce N-14-O (Vegas de Itata)","CLASIFICACION":"Camino Regional Provincial","CALZADA":"U"},"geometry":{"type":"LineString","coordinates":[[-72.8446,-36.42494],[-72.84361,-36.42097],[-72.84584,-36.41833],[-72.84741,-36.41888],[-72.847,-36.41609],[-72.84885,-36.41232],[-72.85225,-36.41211],[-72.85195,-36.41068],[-72.85665,-36.40666],[-72.85004,-36.40111]]}},{"id":"1101","type":"Feature","properties":{"ROL":"N-232-O","NOMBRE_CAMINO":"Cruce Ruta 126 S (Coelemu) - Toroico - Cruce O-14-N (Burca), Sector: Coelemu - Límite Regional (Escuela Toroico)","CLASIFICACION":"Camino Regional Provincial","CALZADA":"U"},"geometry":{"type":"LineString","coordinates":[[-72.70497,-36.48509],[-72.70795,-36.48426],[-72.71308,-36.48588]]}},{"id":"1102","type":"Feature","properties":{"ROL":"N-290","NOMBRE_CAMINO":"Cruce N-70-M (Torrecillas) - Cruce N-288 (El Rincón)","CLASIFICACION":"Camino Regional Comunal","CALZADA":"U"},"geometry":{"type":"LineString","coordinates":[[-72.37994,-36.33071],[-72.38672,-36.32966],[-72.39096,-36.33194],[-72.38952,-36.33449],[-72.39105,-36.33696]]}},{"id":"1103","type":"Feature","properties":{"ROL":"N-315","NOMBRE_CAMINO":"Cruce N-31 (La Vega) - El Macal - Cruce N-31 (San Fabián de Alico, La Virgen)","CLASIFICACION":"Camino Regional Comunal","CALZADA":"U"},"geometry":{"type":"LineString","coordinates":[[-71.55097,-36.55001],[-71.55527,-36.55522]]}},{"id":"1104","type":"Feature","properties":{"ROL":"N-336","NOMBRE_CAMINO":"Cruce N-66 (San Ignacio de Palomares) - Paso Superior El Laurel (Ruta 152) - Cruce N-720 (Puente Queime)","CLASIFICACION":"Camino Regional Comunal","CALZADA":"U"},"geometry":{"type":"LineString","coordinates":[[-72.59752,-36.74591],[-72.59324,-36.74917],[-72.58802,-36.74984]]}},{"id":"1105","type":"Feature","properties":{"ROL":"N-346","NOMBRE_CAMINO":"Cruce N-50 (Puyaral) - Cruce N-350 (Santa Josefina)","CLASIFICACION":"Camino Regional Comunal","CALZADA":"U"},"geometry":{"type":"LineString","coordinates":[[-72.20175,-36.50616],[-72.19527,-36.49321]]}},{"id":"1106","type":"Feature","properties":{"ROL":"N-38","NOMBRE_CAMINO":"Cruce N-50 (Ninhue) - Cruce N-70-M (Torrecillas)","CLASIFICACION":"Camino Regional Principal","CALZADA":"U"},"geometry":{"type":"LineString","coordinates":[[-72.40108,-36.41055],[-72.39811,-36.40483],[-72.39822,-36.39617],[-72.39679,-36.3933],[-72.39893,-36.39254],[-72.39734,-36.38921]]}},{"id":"1107","type":"Feature","properties":{"ROL":"N-400","NOMBRE_CAMINO":"Cruce Ruta 126 S (El Manzano) - Cruce N-410 (Tres Esquinas)","CLASIFICACION":"Camino Regional Comunal","CALZADA":"U"},"geometry":{"type":"LineString","coordinates":[[-72.6388,-36.38093],[-72.64232,-36.37792],[-72.64468,-36.37837],[-72.64603,-36.37677],[-72.64777,-36.36837]]}},{"id":"1108","type":"Feature","properties":{"ROL":"N-410","NOMBRE_CAMINO":"Cruce Ruta 126 S (Quirihue) - Los Temos - Tres Esquinas - Cruce N-42 (La Achira)","CLASIFICACION":"Camino Regional Provincial","CALZADA":"U"},"geometry":{"type":"LineString","coordinates":[[-72.54612,-36.28486],[-72.55771,-36.28207]]}},{"id":"1109","type":"Feature","properties":{"ROL":"N-439","NOMBRE_CAMINO":"Cruce N-49 (Cruce Av. Vicente Méndez) - Cruce N-425 (Las Coles)","CLASIFICACION":"Camino Regional Comunal","CALZADA":"U"},"geometry":{"type":"LineString","coordinates":[[-72.07851,-36.589],[-72.07104,-36.58194]]}},{"id":"1110","type":"Feature","properties":{"ROL":"N-502","NOMBRE_CAMINO":"Cruce N-80-M (Los Maquis) - Las Antenas - El Baúl - El Castillo","CLASIFICACION":"Camino Regional Comunal","CALZADA":"U"},"geometry":{"type":"LineString","coordinates":[[-72.80345,-36.08724],[-72.79795,-36.08775],[-72.78737,-36.09458],[-72.78567,-36.09686],[-72.77591,-36.09829],[-72.7714,-36.09486],[-72.76483,-36.09644],[-72.75835,-36.10015],[-72.75569,-36.09883],[-72.74518,-36.09929],[-72.73175,-36.10839]]}},{"id":"1111","type":"Feature","properties":{"ROL":"N-515","NOMBRE_CAMINO":"Chillán (Cruce Av. Andrés Bello) - San Bernardo","CLASIFICACION":"Camino Regional de Acceso","CALZADA":"U"},"geometry":{"type":"LineString","coordinates":[[-72.0814,-36.60463],[-72.07034,-36.60792]]}},{"id":"1112","type":"Feature","properties":{"ROL":"N-52","NOMBRE_CAMINO":"Cruce N-50 (Ninhue) - Puente Lonquén - Cruce N-486 (Portezuelo)","CLASIFICACION":"Camino Regional Principal","CALZADA":"U"},"geometry":{"type":"LineString","coordinates":[[-72.41557,-36.4093],[-72.42172,-36.41773]]}},{"id":"1113","type":"Feature","properties":{"ROL":"N-52","NOMBRE_CAMINO":"Cruce N-50 (Ninhue) - Puente Lonquén - Cruce N-486 (Portezuelo)","CLASIFICACION":"Camino Regional Principal","CALZADA":"U"},"geometry":{"type":"LineString","coordinates":[[-72.42172,-36.41773],[-72.42264,-36.4218]]}},{"id":"1114","type":"Feature","properties":{"ROL":"N-52","NOMBRE_CAMINO":"Cruce N-50 (Ninhue) - Puente Lonquén - Cruce N-486 (Portezuelo)","CLASIFICACION":"Camino Regional Principal","CALZADA":"U"},"geometry":{"type":"LineString","coordinates":[[-72.4331,-36.52265],[-72.43031,-36.52829]]}},{"id":"1115","type":"Feature","properties":{"ROL":"N-542","NOMBRE_CAMINO":"Cruce N-50 (San Nicolás) - Cementerio - Cruce N-530","CLASIFICACION":"Camino Regional Comunal","CALZADA":"U"},"geometry":{"type":"LineString","coordinates":[[-72.23714,-36.50257],[-72.24936,-36.49949]]}},{"id":"1116","type":"Feature","properties":{"ROL":"N-602","NOMBRE_CAMINO":"Cruce N-40 (El Tollo) - El Durazno - Cruce M-870 (Risco El León)","CLASIFICACION":"Camino Regional Comunal","CALZADA":"U"},"geometry":{"type":"LineString","coordinates":[[-72.68856,-36.16784],[-72.68777,-36.1638]]}},{"id":"1117","type":"Feature","properties":{"ROL":"N-605","NOMBRE_CAMINO":"Cruce N-55 (Río Viejo) - Puente Larqui - Cruce N-655 (San Ignacio)","CLASIFICACION":"Camino Regional Provincial","CALZADA":"U"},"geometry":{"type":"LineString","coordinates":[[-72.08817,-36.63071],[-72.09159,-36.63488]]}},{"id":"1118","type":"Feature","properties":{"ROL":"N-605","NOMBRE_CAMINO":"Cruce N-55 (Río Viejo) - Puente Larqui - Cruce N-655 (San Ignacio)","CLASIFICACION":"Camino Regional Provincial","CALZADA":"U"},"geometry":{"type":"LineString","coordinates":[[-72.09159,-36.63488],[-72.09531,-36.6417],[-72.09291,-36.64733],[-72.09519,-36.65234],[-72.08806,-36.65714],[-72.07884,-36.66823],[-72.07679,-36.67847],[-72.07495,-36.67963],[-72.06888,-36.69271],[-72.07077,-36.69809]]}},{"id":"1119","type":"Feature","properties":{"ROL":"N-62","NOMBRE_CAMINO":"Cruce Ruta 5 (Chillán) - Puente Confluencia - Membrillar - Cruce N-620 (Portezuelo)","CLASIFICACION":"Camino Regional Principal","CALZADA":"U"},"geometry":{"type":"LineString","coordinates":[[-72.48747,-36.6035],[-72.49286,-36.60218]]}},{"id":"1120","type":"Feature","properties":{"ROL":"N-621","NOMBRE_CAMINO":"Cruce N-655 (Mayulermo) - Capilla Madre de Chile - Larqui Chico","CLASIFICACION":"Camino Regional Comunal (En Proceso de Enrolamiento)","CALZADA":"U"},"geometry":{"type":"LineString","coordinates":[[-71.92848,-36.78687],[-71.95038,-36.78],[-71.95216,-36.78118],[-71.9567,-36.77881],[-71.95969,-36.78015]]}},{"id":"1121","type":"Feature","properties":{"ROL":"N-639","NOMBRE_CAMINO":"Cruce N-59-Q (El Álamo) - Cruce N-605 (Meco Sur)","CLASIFICACION":"Camino Regional Comunal","CALZADA":"U"},"geometry":{"type":"LineString","coordinates":[[-72.07123,-36.77461],[-72.05698,-36.77791],[-72.05443,-36.7772],[-72.05222,-36.77811],[-72.05149,-36.77655]]}},{"id":"1122","type":"Feature","properties":{"ROL":"N-647","NOMBRE_CAMINO":"Cruce N-667 (Coltón Medio) - Agua Fría - Crucero de Coltón","CLASIFICACION":"Camino Regional de Acceso","CALZADA":"U"},"geometry":{"type":"LineString","coordinates":[[-72.04928,-36.80793],[-72.05244,-36.80674]]}},{"id":"1123","type":"Feature","properties":{"ROL":"N-695","NOMBRE_CAMINO":"Cruce N-607 (Los Maquis) - Las Cifuentes - Cruce N-621 (Paso El Mudo)","CLASIFICACION":"Camino Regional Comunal","CALZADA":"U"},"geometry":{"type":"LineString","coordinates":[[-71.96165,-36.78325],[-71.94204,-36.79008],[-71.93246,-36.79578]]}},{"id":"1124","type":"Feature","properties":{"ROL":"N-697","NOMBRE_CAMINO":"Cruce N-655 (San Ignacio) - Peralillo - Coihue - Cruce N-607 (Los Maquis)","CLASIFICACION":"Camino Regional Comunal","CALZADA":"U"},"geometry":{"type":"LineString","coordinates":[[-72.02554,-36.8029],[-72.02428,-36.79916]]}},{"id":"1125","type":"Feature","properties":{"ROL":"N-790-M","NOMBRE_CAMINO":"Cruce M-70-N (Fundo El Guindo) - Mangarral - Cruce N-16 (San Francisco), Sector: Límite Regional (Pichimávida) - San Francisco","CLASIFICACION":"Camino Regional Provincial","CALZADA":"U"},"geometry":{"type":"LineString","coordinates":[[-72.48609,-36.27821],[-72.48894,-36.28091]]}},{"id":"1126","type":"Feature","properties":{"ROL":"N-895","NOMBRE_CAMINO":"Cruce N-59-Q (El Molino) - Bastías - San Manuel","CLASIFICACION":"Camino Regional Comunal","CALZADA":"U"},"geometry":{"type":"LineString","coordinates":[[-71.91688,-37.07187],[-71.8592,-37.06975],[-71.85179,-37.06726]]}},{"id":"1127","type":"Feature","properties":{"ROL":"S/R-N-206","NOMBRE_CAMINO":"Cruce Ruta 5 (San Gregorio, Paso Superior) - Pinancheo","CLASIFICACION":"Camino Regional de Acceso (En Proceso de Enrolamiento)","CALZADA":"U"},"geometry":{"type":"LineString","coordinates":[[-71.8169,-36.27719],[-71.82263,-36.27484]]}},{"id":"1128","type":"Feature","properties":{"ROL":"S/R-N-284","NOMBRE_CAMINO":"Cruce Ruta 126 S (Quirihue) - Cerro Coiquén","CLASIFICACION":"Camino Regional de Acceso (En Proceso de Enrolamiento)","CALZADA":"U"},"geometry":{"type":"LineString","coordinates":[[-72.54549,-36.28379],[-72.53985,-36.28564]]}},{"id":"1129","type":"Feature","properties":{"ROL":"S/R-N-418","NOMBRE_CAMINO":"Cruce Ruta 126 S (Quirihue) - San Miguel - Pulila - Cruce N-40 (Mengol)","CLASIFICACION":"Camino Regional Comunal (En Proceso de Enrolamiento)","CALZADA":"U"},"geometry":{"type":"LineString","coordinates":[[-72.54549,-36.28379],[-72.55329,-36.28116]]}},{"id":"1130","type":"Feature","properties":{"ROL":"S/R-N-418","NOMBRE_CAMINO":"Cruce Ruta 126 S (Quirihue) - San Miguel - Pulila - Cruce N-40 (Mengol)","CLASIFICACION":"Camino Regional Comunal (En Proceso de Enrolamiento)","CALZADA":"U"},"geometry":{"type":"LineString","coordinates":[[-72.55329,-36.28116],[-72.56654,-36.27377],[-72.57532,-36.27206],[-72.57982,-36.27318],[-72.58832,-36.27285],[-72.59019,-36.26913],[-72.60077,-36.26802],[-72.60339,-36.26588],[-72.60556,-36.27046],[-72.61048,-36.27208],[-72.61337,-36.27112]]}},{"id":"1131","type":"Feature","properties":{"ROL":"S/R-N-418","NOMBRE_CAMINO":"Cruce Ruta 126 S (Quirihue) - San Miguel - Pulila - Cruce N-40 (Mengol)","CLASIFICACION":"Camino Regional Comunal (En Proceso de Enrolamiento)","CALZADA":"U"},"geometry":{"type":"LineString","coordinates":[[-72.61337,-36.27112],[-72.61672,-36.26777],[-72.62488,-36.2659],[-72.62314,-36.26254],[-72.62454,-36.2596],[-72.62202,-36.25596]]}},{"id":"1132","type":"Feature","properties":{"ROL":"S/R-N-422","NOMBRE_CAMINO":"Cruce N-50 (Variante Coyanco) - Quitripín","CLASIFICACION":"Camino Regional Comunal (En Proceso de Enrolamiento)","CALZADA":"U"},"geometry":{"type":"LineString","coordinates":[[-72.46591,-36.39955],[-72.4648,-36.39615]]}},{"id":"1133","type":"Feature","properties":{"ROL":"S/R-N-452","NOMBRE_CAMINO":"Cruce Ruta 126 S (Trehuaco) - Puralihue - Illoquilque - La Quebrada","CLASIFICACION":"Camino Regional Comunal (En Proceso de Enrolamiento)","CALZADA":"U"},"geometry":{"type":"LineString","coordinates":[[-72.66374,-36.42607],[-72.65766,-36.42851],[-72.65317,-36.42873],[-72.64832,-36.43144],[-72.63838,-36.43088],[-72.63606,-36.42771],[-72.62895,-36.42924]]}},{"id":"1134","type":"Feature","properties":{"ROL":"S/R-N-454","NOMBRE_CAMINO":"Cruce Ruta 126 S (El Aromo) - La Quebrada","CLASIFICACION":"Camino Regional Comunal (En Proceso de Enrolamiento)","CALZADA":"U"},"geometry":{"type":"LineString","coordinates":[[-72.64222,-36.4179],[-72.63731,-36.41531],[-72.63521,-36.41187]]}},{"id":"1135","type":"Feature","properties":{"ROL":"S/R-N-513","NOMBRE_CAMINO":"Cruce N-505 (Coihueco) - La Escoba - Santa Isabel","CLASIFICACION":"Camino Regional Comunal (En Proceso de Enrolamiento)","CALZADA":"U"},"geometry":{"type":"LineString","coordinates":[[-71.82943,-36.62864],[-71.83099,-36.63613],[-71.82961,-36.64171]]}},{"id":"1136","type":"Feature","properties":{"ROL":"S/R-N-619","NOMBRE_CAMINO":"Cruce N-59-Q (Av. Baquedano) - Camino Real","CLASIFICACION":"Camino Regional de Acceso (En Proceso de Enrolamiento)","CALZADA":"U"},"geometry":{"type":"LineString","coordinates":[[-72.12621,-36.6346],[-72.12189,-36.63705]]}},{"id":"1137","type":"Feature","properties":{"ROL":"S/R-N-674","NOMBRE_CAMINO":"Cruce N-680 (Caserío Linares) - Paso Bajo Nivel Ruta 152- Cruce N-700 (Estación Collihuay)","CLASIFICACION":"Camino Regional Comunal (En Proceso de Enrolamiento)","CALZADA":"U"},"geometry":{"type":"LineString","coordinates":[[-72.29852,-36.66864],[-72.30947,-36.66705],[-72.32177,-36.66193],[-72.3255,-36.65893]]}},{"id":"1138","type":"Feature","properties":{"ROL":"S/R-N-674","NOMBRE_CAMINO":"Cruce N-680 (Caserío Linares) - Paso Bajo Nivel Ruta 152- Cruce N-700 (Estación Collihuay)","CLASIFICACION":"Camino Regional Comunal (En Proceso de Enrolamiento)","CALZADA":"U"},"geometry":{"type":"LineString","coordinates":[[-72.3596,-36.65466],[-72.37458,-36.65305]]}},{"id":"1139","type":"Feature","properties":{"ROL":"S/R-N-937","NOMBRE_CAMINO":"Cruce N-59-Q (Tres Esquinas) - Cruce N-935 (Loma Atravesada)","CLASIFICACION":"Camino Regional Comunal (En Proceso de Enrolamiento)","CALZADA":"U"},"geometry":{"type":"LineString","coordinates":[[-72.01102,-37.13618],[-71.97758,-37.13495]]}},{"id":"1140","type":"Feature","properties":{"ROL":"S/R-N-961","NOMBRE_CAMINO":"Cruce Av. Argentina (Campanario) - Cruce N-573-Q (Pangal del Laja)","CLASIFICACION":"Camino Regional Comunal (En Proceso de Enrolamiento)","CALZADA":"U"},"geometry":{"type":"LineString","coordinates":[[-72.19776,-37.13214],[-72.19881,-37.13916]]}},{"id":"1141","type":"Feature","properties":{"ROL":"N-130","NOMBRE_CAMINO":"Cruce N-80-M (Cobquecura) - Cajón del Molino","CLASIFICACION":"Camino Regional Comunal","CALZADA":"U"},"geometry":{"type":"LineString","coordinates":[[-72.7507,-36.11677],[-72.7488,-36.11726]]}},{"id":"1295","type":"Feature","properties":{"ROL":"S/R-N-516-O","NOMBRE_CAMINO":"Cruce Q-510 (Paso Hondo) - Danquilco - Llollahue, Sector: Paso Hondo - Danquilco","CLASIFICACION":"Camino Regional Provincial (En Proceso de Enrolamiento)","CALZADA":"U"},"geometry":{"type":"LineString","coordinates":[[-72.51192,-36.92336],[-72.5119,-36.91977],[-72.51658,-36.9139],[-72.52771,-36.90506],[-72.52801,-36.89211],[-72.53567,-36.88682],[-72.53677,-36.88413],[-72.54257,-36.88084],[-72.54226,-36.87523],[-72.53998,-36.87112],[-72.54427,-36.85907],[-72.55419,-36.85],[-72.5564,-36.84603],[-72.56029,-36.8455],[-72.56648,-36.85177],[-72.57015,-36.85147],[-72.57211,-36.84751]]}},{"id":"2113","type":"Feature","properties":{"ROL":"S/R-N-941","NOMBRE_CAMINO":"Cruce N-935 (Santa Lucía Alto) - Santa Lucía Bajo","CLASIFICACION":"Camino Regional Comunal (En Proceso de Enrolamiento)","CALZADA":"U"},"geometry":{"type":"LineString","coordinates":[[-71.68447,-37.11949],[-71.6806,-37.12856],[-71.6781,-37.12973],[-71.68177,-37.13448]]}},{"id":"2114","type":"Feature","properties":{"ROL":"S/R-N-941","NOMBRE_CAMINO":"Cruce N-935 (Santa Lucía Alto) - Santa Lucía Bajo","CLASIFICACION":"Camino Regional Comunal (En Proceso de Enrolamiento)","CALZADA":"U"},"geometry":{"type":"LineString","coordinates":[[-71.68177,-37.13448],[-71.68048,-37.13585],[-71.67629,-37.1343],[-71.67926,-37.13965],[-71.67307,-37.13687],[-71.66953,-37.13738]]}},{"id":"3166","type":"Feature","properties":{"ROL":"N-55","NOMBRE_CAMINO":"Cruce N-545 (Chillán, Av. Alonso de Ercilla) - Pinto - Termas de Chillán","CLASIFICACION":"Camino Regional Principal","CALZADA":"U"},"geometry":{"type":"LineString","coordinates":[[-72.09956,-36.62652],[-72.09249,-36.63013],[-72.08559,-36.63047],[-72.08045,-36.63224],[-72.06164,-36.64227],[-72.04986,-36.64306],[-72.03176,-36.64033],[-72.01948,-36.64238],[-72.01009,-36.65173],[-71.99995,-36.65908],[-71.97689,-36.66056],[-71.94166,-36.67563],[-71.92405,-36.67953],[-71.90657,-36.6894],[-71.89502,-36.69945],[-71.89637,-36.70332],[-71.88356,-36.7065],[-71.87401,-36.71096],[-71.86458,-36.71362],[-71.85592,-36.7182],[-71.85011,-36.71913],[-71.83611,-36.72744],[-71.81953,-36.74475],[-71.81384,-36.75337],[-71.79224,-36.77854],[-71.77914,-36.78355],[-71.77533,-36.7867],[-71.74447,-36.80346],[-71.74332,-36.80673],[-71.73864,-36.81178],[-71.71557,-36.81847],[-71.70257,-36.82014],[-71.69363,-36.82474],[-71.68614,-36.82619],[-71.67891,-36.83216],[-71.66032,-36.84014],[-71.65753,-36.8462],[-71.64543,-36.85281],[-71.64366,-36.85645],[-71.62081,-36.86895],[-71.60949,-36.8723],[-71.60168,-36.87076],[-71.58861,-36.8713],[-71.57217,-36.88145],[-71.57025,-36.88621],[-71.55428,-36.89305],[-71.5461,-36.90155],[-71.52265,-36.90862],[-71.51569,-36.90808],[-71.51701,-36.90961],[-71.51261,-36.91239],[-71.51275,-36.91428],[-71.50956,-36.91538],[-71.49142,-36.9146],[-71.47824,-36.91048],[-71.47085,-36.91394],[-71.46064,-36.91451],[-71.45305,-36.91771],[-71.43717,-36.91848],[-71.43139,-36.91789],[-71.42851,-36.91614],[-71.42881,-36.91785]]}},{"id":"3167","type":"Feature","properties":{"ROL":"N-601","NOMBRE_CAMINO":"Cruce N-59-Q (Variante Cruz Parada) - Puente Larqui - Cruce N-69 (Tres Esquinas)","CLASIFICACION":"Camino Regional Comunal","CALZADA":"D"},"geometry":{"type":"LineString","coordinates":[[-72.20055,-36.70978],[-72.19949,-36.73462],[-72.19737,-36.73626],[-72.19998,-36.73748],[-72.1972,-36.74169],[-72.20487,-36.76289],[-72.20582,-36.76677],[-72.20294,-36.76777],[-72.20757,-36.77756],[-72.20865,-36.78549]]}},{"id":"3168","type":"Feature","properties":{"ROL":"N-70-M","NOMBRE_CAMINO":"Cauquenes - Torrecillas - San Carlos, Sector: Límite Regional (Puente El Guindo) - San Carlos (Calle Luis Acevedo)","CLASIFICACION":"Camino Regional Principal","CALZADA":"U"},"geometry":{"type":"LineString","coordinates":[[-72.21289,-36.36501],[-72.19128,-36.36693],[-72.18491,-36.36624],[-72.17635,-36.36831],[-72.17393,-36.37029],[-72.16358,-36.3731],[-72.15635,-36.37875],[-72.14773,-36.3925],[-72.0955,-36.40136],[-72.069,-36.41221]]}},{"id":"3169","type":"Feature","properties":{"ROL":"S/R-N-345","NOMBRE_CAMINO":"Cruce Ruta 5 (Iansa) - Chorrillos - Cruce N-349 (Menelhue)","CLASIFICACION":"Camino Regional Comunal (En Proceso de Enrolamiento)","CALZADA":"U"},"geometry":{"type":"LineString","coordinates":[[-72.05026,-36.5145],[-72.03804,-36.50661]]}},{"id":"3170","type":"Feature","properties":{"ROL":"N-252-O","NOMBRE_CAMINO":"Cruce Ruta 126 S (Ranguelmo) - Cruce O-250 (Menque), Sector: Ranguelmo - Límite Regional","CLASIFICACION":"Camino Regional Provincial","CALZADA":"U"},"geometry":{"type":"LineString","coordinates":[[-72.76326,-36.57969],[-72.76569,-36.57944],[-72.7648,-36.57778],[-72.76648,-36.57694],[-72.76921,-36.57776],[-72.7704,-36.57976],[-72.77715,-36.58071],[-72.78219,-36.58406],[-72.78416,-36.58413],[-72.78741,-36.58308],[-72.79866,-36.57208]]}},{"id":"3171","type":"Feature","properties":{"ROL":"N-410","NOMBRE_CAMINO":"Cruce Ruta 126 S (Quirihue) - Los Temos - Tres Esquinas - Cruce N-42 (La Achira)","CLASIFICACION":"Camino Regional Provincial","CALZADA":"U"},"geometry":{"type":"LineString","coordinates":[[-72.57697,-36.28773],[-72.58294,-36.28925],[-72.60539,-36.28918],[-72.61027,-36.28697],[-72.62105,-36.29218],[-72.62379,-36.29502],[-72.62345,-36.29679],[-72.62651,-36.29952],[-72.63233,-36.30108],[-72.64209,-36.29465],[-72.64983,-36.29505],[-72.65293,-36.29273],[-72.66545,-36.29333],[-72.66945,-36.29163],[-72.6724,-36.29368],[-72.67946,-36.29538],[-72.6872,-36.29074],[-72.68754,-36.28733],[-72.68987,-36.28443],[-72.69262,-36.28669],[-72.69267,-36.28513],[-72.69549,-36.28521],[-72.70464,-36.29263],[-72.71135,-36.29266],[-72.71733,-36.28164],[-72.7199,-36.27965],[-72.71786,-36.2696],[-72.72073,-36.26901],[-72.72749,-36.26414],[-72.73876,-36.26275],[-72.74617,-36.25295],[-72.75051,-36.2518],[-72.75235,-36.2499],[-72.7505,-36.24539],[-72.75066,-36.24066],[-72.7532,-36.23574],[-72.75228,-36.23356],[-72.75341,-36.23125],[-72.75098,-36.22286],[-72.75396,-36.22102],[-72.75547,-36.21726],[-72.76754,-36.21138],[-72.77879,-36.21005],[-72.78859,-36.21168],[-72.79639,-36.20979],[-72.80172,-36.20625],[-72.80291,-36.20095],[-72.8079,-36.19855]]}},{"id":"3172","type":"Feature","properties":{"ROL":"N-573-Q","NOMBRE_CAMINO":"Cruce Ruta 5 (Caletera Escuela Saltos del Laja) - Pangal del Laja - Cruce N-97-Q (Cholguán), Sector: Límite Regional (El Manzano) - Cholguán","CLASIFICACION":"Camino Regional Provincial","CALZADA":"U"},"geometry":{"type":"LineString","coordinates":[[-72.25007,-37.18186],[-72.2057,-37.17652],[-72.1734,-37.17551],[-72.16494,-37.17178],[-72.15696,-37.16994],[-72.10726,-37.16355]]}},{"id":"3173","type":"Feature","properties":{"ROL":"N-62","NOMBRE_CAMINO":"Cruce Ruta 5 (Chillán) - Puente Confluencia - Membrillar - Cruce N-620 (Portezuelo)","CLASIFICACION":"Camino Regional Principal","CALZADA":"U"},"geometry":{"type":"LineString","coordinates":[[-72.43725,-36.64657],[-72.44049,-36.64445],[-72.44655,-36.64357],[-72.44805,-36.63791]]}},{"id":"3174","type":"Feature","properties":{"ROL":"N-620","NOMBRE_CAMINO":"Cruce N-62 (Oro Verde) - Portezuelo - Orillas del Itata - Cruce N-62 (Membrillar)","CLASIFICACION":"Camino Regional Provincial","CALZADA":"U"},"geometry":{"type":"LineString","coordinates":[[-72.16062,-36.60979],[-72.18521,-36.597],[-72.20207,-36.59269],[-72.20701,-36.57856],[-72.20976,-36.5769],[-72.21612,-36.57426],[-72.22218,-36.57598],[-72.23948,-36.57573],[-72.24881,-36.56804],[-72.26409,-36.5618],[-72.28619,-36.55491],[-72.29344,-36.5468],[-72.29841,-36.54395],[-72.31194,-36.5394],[-72.32055,-36.53337],[-72.34689,-36.52137],[-72.35501,-36.5188],[-72.37177,-36.51809],[-72.38423,-36.52552],[-72.40998,-36.53245],[-72.43445,-36.53113]]}},{"id":"3175","type":"Feature","properties":{"ROL":"N-66","NOMBRE_CAMINO":"Cruce Ruta 126 S (Rafael) - Nueva Aldea - Cruce N-48-O (Quillón)","CLASIFICACION":"Camino Regional Principal","CALZADA":"U"},"geometry":{"type":"LineString","coordinates":[[-72.77749,-36.62418],[-72.76838,-36.62538],[-72.75153,-36.6216],[-72.74329,-36.62135],[-72.73911,-36.6187],[-72.72257,-36.6149],[-72.7175,-36.61189],[-72.70591,-36.61433],[-72.69854,-36.61381],[-72.68518,-36.61523],[-72.68298,-36.61804],[-72.67548,-36.62035],[-72.66952,-36.62117],[-72.66785,-36.62034],[-72.66322,-36.62378],[-72.65807,-36.62229],[-72.65349,-36.62486],[-72.64922,-36.6247],[-72.64726,-36.62605],[-72.64468,-36.62495],[-72.64228,-36.62549],[-72.6424,-36.62459],[-72.63526,-36.62653],[-72.63337,-36.62551],[-72.62567,-36.62798],[-72.61943,-36.62628],[-72.61229,-36.62832],[-72.60012,-36.62563],[-72.58906,-36.62706],[-72.58722,-36.6258],[-72.57116,-36.62326],[-72.56374,-36.61982],[-72.55174,-36.6224]]}},{"id":"3176","type":"Feature","properties":{"ROL":"N-702","NOMBRE_CAMINO":"Cruce N-72 (Bulnes) - Larqui Poniente","CLASIFICACION":"Camino Regional Comunal","CALZADA":"U"},"geometry":{"type":"LineString","coordinates":[[-72.31649,-36.73477],[-72.32681,-36.72998],[-72.32471,-36.72346],[-72.34046,-36.70893],[-72.34776,-36.70876],[-72.34823,-36.70776]]}},{"id":"3177","type":"Feature","properties":{"ROL":"N-909","NOMBRE_CAMINO":"Cruce N-97-Q - Acceso Poniente a Campanario","CLASIFICACION":"Camino Regional Comunal","CALZADA":"U"},"geometry":{"type":"LineString","coordinates":[[-72.2091,-37.12949],[-72.20865,-37.12862]]}},{"id":"3178","type":"Feature","properties":{"ROL":"N-45","NOMBRE_CAMINO":"Cruce N-49 (Chillán) - Tres Esquinas de Cato - Cruce N-31 (San Fabián)","CLASIFICACION":"Camino Regional Principal","CALZADA":"U"},"geometry":{"type":"LineString","coordinates":[[-72.05818,-36.58884],[-72.0533,-36.57856],[-72.04693,-36.55945],[-72.03549,-36.55003],[-72.02545,-36.5492],[-71.99719,-36.55359],[-71.97807,-36.55359],[-71.96656,-36.54511],[-71.87883,-36.54314],[-71.86177,-36.54185],[-71.84502,-36.53808],[-71.77801,-36.54392]]}},{"id":"3179","type":"Feature","properties":{"ROL":"N-45","NOMBRE_CAMINO":"Cruce N-49 (Chillán) - Tres Esquinas de Cato - Cruce N-31 (San Fabián)","CLASIFICACION":"Camino Regional Principal","CALZADA":"U"},"geometry":{"type":"LineString","coordinates":[[-71.77801,-36.54392],[-71.7655,-36.54555],[-71.75975,-36.54389],[-71.73338,-36.54761],[-71.72623,-36.5498],[-71.72302,-36.54726],[-71.71071,-36.55363],[-71.70512,-36.55424],[-71.70474,-36.55754],[-71.67948,-36.56242],[-71.67779,-36.56178],[-71.67386,-36.56403],[-71.64773,-36.56815],[-71.64437,-36.56983],[-71.64031,-36.56962],[-71.63455,-36.57313],[-71.61985,-36.57859],[-71.61458,-36.58377],[-71.61092,-36.58229],[-71.60142,-36.58278],[-71.58828,-36.58777],[-71.58292,-36.58853],[-71.57256,-36.58701],[-71.57075,-36.58565],[-71.565,-36.57517],[-71.57189,-36.56767],[-71.56474,-36.56057]]}},{"id":"3180","type":"Feature","properties":{"ROL":"N-45","NOMBRE_CAMINO":"Cruce N-49 (Chillán) - Tres Esquinas de Cato - Cruce N-31 (San Fabián)","CLASIFICACION":"Camino Regional Principal","CALZADA":"U"},"geometry":{"type":"LineString","coordinates":[[-71.56474,-36.56057],[-71.55713,-36.55399]]}},{"id":"3181","type":"Feature","properties":{"ROL":"N-66","NOMBRE_CAMINO":"Cruce Ruta 126 S (Rafael) - Nueva Aldea - Cruce N-48-O (Quillón)","CLASIFICACION":"Camino Regional Principal","CALZADA":"U"},"geometry":{"type":"LineString","coordinates":[[-72.55174,-36.6224],[-72.54589,-36.62449],[-72.54254,-36.6285],[-72.51984,-36.63783],[-72.47823,-36.64364],[-72.47078,-36.64654],[-72.46982,-36.65103],[-72.46354,-36.65193],[-72.459,-36.65483],[-72.46054,-36.66438],[-72.45863,-36.66944],[-72.45619,-36.67197],[-72.45375,-36.68033],[-72.4513,-36.68213],[-72.44969,-36.68548],[-72.45087,-36.68878],[-72.45474,-36.69198],[-72.45494,-36.69561],[-72.46122,-36.69796],[-72.45515,-36.71899],[-72.46293,-36.74118]]}},{"id":"3182","type":"Feature","properties":{"ROL":"N-55","NOMBRE_CAMINO":"Cruce N-545 (Chillán, Av. Alonso de Ercilla) - Pinto - Termas de Chillán","CLASIFICACION":"Camino Regional Principal","CALZADA":"U"},"geometry":{"type":"LineString","coordinates":[[-71.42881,-36.91785],[-71.42635,-36.9168],[-71.42512,-36.91454],[-71.41055,-36.90733],[-71.40905,-36.9054],[-71.40983,-36.90413]]}},{"id":"3183","type":"Feature","properties":{"ROL":"N-252-O","NOMBRE_CAMINO":"Cruce Ruta 126 S (Ranguelmo) - Cruce O-250 (Menque), Sector: Ranguelmo - Límite Regional","CLASIFICACION":"Camino Regional Provincial","CALZADA":"U"},"geometry":{"type":"LineString","coordinates":[[-72.75726,-36.58056],[-72.76258,-36.57848],[-72.76326,-36.57969]]}},{"id":"3184","type":"Feature","properties":{"ROL":"N-70-M","NOMBRE_CAMINO":"Cauquenes - Torrecillas - San Carlos, Sector: Límite Regional (Puente El Guindo) - San Carlos (Calle Luis Acevedo)","CLASIFICACION":"Camino Regional Principal","CALZADA":"U"},"geometry":{"type":"LineString","coordinates":[[-72.32476,-36.31722],[-72.33417,-36.33562],[-72.33338,-36.34204],[-72.33274,-36.34463],[-72.32386,-36.35036],[-72.32254,-36.35372],[-72.31843,-36.35793]]}},{"id":"3185","type":"Feature","properties":{"ROL":"N-70-M","NOMBRE_CAMINO":"Cauquenes - Torrecillas - San Carlos, Sector: Límite Regional (Puente El Guindo) - San Carlos (Calle Luis Acevedo)","CLASIFICACION":"Camino Regional Principal","CALZADA":"U"},"geometry":{"type":"LineString","coordinates":[[-72.29852,-36.35665],[-72.29043,-36.35699]]}},{"id":"3186","type":"Feature","properties":{"ROL":"N-42","NOMBRE_CAMINO":"Cruce Ruta 126 S (Trehuaco) - Boca Itata - Mela - Colmuyao - Cruce N-40 (Cobquecura)","CLASIFICACION":"Camino Regional Principal","CALZADA":"U"},"geometry":{"type":"LineString","coordinates":[[-72.84751,-36.35632],[-72.84147,-36.33728],[-72.83806,-36.3358],[-72.83235,-36.32558],[-72.83018,-36.32479],[-72.82763,-36.31659],[-72.82047,-36.30764],[-72.81929,-36.30361],[-72.81558,-36.30327],[-72.81306,-36.30038],[-72.81042,-36.29277],[-72.80859,-36.29125],[-72.80674,-36.2833],[-72.8018,-36.27799],[-72.79789,-36.27845],[-72.7968,-36.27674],[-72.7983,-36.27253],[-72.80119,-36.27118],[-72.80408,-36.26484],[-72.80718,-36.26389],[-72.81087,-36.24194],[-72.80999,-36.23555],[-72.81219,-36.2324],[-72.81871,-36.20607],[-72.81575,-36.20412],[-72.81208,-36.20404],[-72.80795,-36.19886],[-72.80901,-36.19471],[-72.80633,-36.19287],[-72.81066,-36.18373],[-72.81056,-36.17535]]}},{"id":"3187","type":"Feature","properties":{"ROL":"N-42","NOMBRE_CAMINO":"Cruce Ruta 126 S (Trehuaco) - Boca Itata - Mela - Colmuyao - Cruce N-40 (Cobquecura)","CLASIFICACION":"Camino Regional Principal","CALZADA":"U"},"geometry":{"type":"LineString","coordinates":[[-72.70582,-36.42181],[-72.72194,-36.41794],[-72.72406,-36.41543],[-72.72543,-36.40774],[-72.73162,-36.4038],[-72.73731,-36.40196],[-72.74236,-36.40331],[-72.74833,-36.40311],[-72.76214,-36.39832],[-72.77523,-36.39724],[-72.79423,-36.39208],[-72.79897,-36.38861]]}},{"id":"3188","type":"Feature","properties":{"ROL":"N-42","NOMBRE_CAMINO":"Cruce Ruta 126 S (Trehuaco) - Boca Itata - Mela - Colmuyao - Cruce N-40 (Cobquecura)","CLASIFICACION":"Camino Regional Principal","CALZADA":"U"},"geometry":{"type":"LineString","coordinates":[[-72.80859,-36.17276],[-72.80594,-36.16446]]}},{"id":"3189","type":"Feature","properties":{"ROL":"N-42","NOMBRE_CAMINO":"Cruce Ruta 126 S (Trehuaco) - Boca Itata - Mela - Colmuyao - Cruce N-40 (Cobquecura)","CLASIFICACION":"Camino Regional Principal","CALZADA":"U"},"geometry":{"type":"LineString","coordinates":[[-72.82582,-36.38097],[-72.83829,-36.3815],[-72.84124,-36.37892],[-72.84367,-36.37863]]}},{"id":"3190","type":"Feature","properties":{"ROL":"N-31","NOMBRE_CAMINO":"Cruce Ruta 5 (San Carlos) - San Fabián de Alico - La Punilla - El Inglés","CLASIFICACION":"Camino Regional Principal","CALZADA":"U"},"geometry":{"type":"LineString","coordinates":[[-71.43677,-36.62806],[-71.42634,-36.63203],[-71.42378,-36.63499],[-71.42086,-36.63429],[-71.40206,-36.64307],[-71.39679,-36.65105],[-71.39527,-36.6516]]}},{"id":"3191","type":"Feature","properties":{"ROL":"N-620","NOMBRE_CAMINO":"Cruce N-62 (Oro Verde) - Portezuelo - Orillas del Itata - Cruce N-62 (Membrillar)","CLASIFICACION":"Camino Regional Provincial","CALZADA":"U"},"geometry":{"type":"LineString","coordinates":[[-72.51698,-36.54817],[-72.51974,-36.5505],[-72.51922,-36.55646],[-72.52617,-36.55819],[-72.53151,-36.56237],[-72.54642,-36.5649],[-72.55051,-36.56942],[-72.55156,-36.57591],[-72.55042,-36.57771],[-72.55252,-36.58157],[-72.55016,-36.58514],[-72.55071,-36.59141],[-72.54233,-36.5953],[-72.53962,-36.59493],[-72.53808,-36.5933],[-72.52875,-36.59343],[-72.52357,-36.59807],[-72.51877,-36.59868],[-72.51863,-36.60088],[-72.51428,-36.60339],[-72.50987,-36.60255],[-72.50559,-36.59968],[-72.49669,-36.60032],[-72.49286,-36.60218]]}},{"id":"3192","type":"Feature","properties":{"ROL":"N-605","NOMBRE_CAMINO":"Cruce N-55 (Río Viejo) - Puente Larqui - Cruce N-655 (San Ignacio)","CLASIFICACION":"Camino Regional Provincial","CALZADA":"U"},"geometry":{"type":"LineString","coordinates":[[-72.0694,-36.69969],[-72.06964,-36.70238],[-72.06405,-36.70515],[-72.06831,-36.71196],[-72.06864,-36.71635],[-72.06383,-36.72258],[-72.06071,-36.73384],[-72.05869,-36.737],[-72.05754,-36.7467],[-72.05913,-36.74802]]}},{"id":"3193","type":"Feature","properties":{"ROL":"N-605","NOMBRE_CAMINO":"Cruce N-55 (Río Viejo) - Puente Larqui - Cruce N-655 (San Ignacio)","CLASIFICACION":"Camino Regional Provincial","CALZADA":"U"},"geometry":{"type":"LineString","coordinates":[[-72.03965,-36.79158],[-72.03456,-36.79485],[-72.03647,-36.80056]]}},{"id":"3194","type":"Feature","properties":{"ROL":"N-410","NOMBRE_CAMINO":"Cruce Ruta 126 S (Quirihue) - Los Temos - Tres Esquinas - Cruce N-42 (La Achira)","CLASIFICACION":"Camino Regional Provincial","CALZADA":"U"},"geometry":{"type":"LineString","coordinates":[[-72.55771,-36.28207],[-72.56244,-36.28373],[-72.56485,-36.28314]]}},{"id":"3195","type":"Feature","properties":{"ROL":"N-660","NOMBRE_CAMINO":"Cruce N-62 (El Huape) - Malloa - Cruce N-620 (Oro Verde)","CLASIFICACION":"Camino Regional Comunal","CALZADA":"U"},"geometry":{"type":"LineString","coordinates":[[-72.22757,-36.59908],[-72.22816,-36.59923]]}},{"id":"3196","type":"Feature","properties":{"ROL":"N-825","NOMBRE_CAMINO":"Cruce N-777 (El Carmen) - Los Puquios - Lo Franco - Cruce N-777 (Escuela Trehualemu Oriente)","CLASIFICACION":"Camino Regional Comunal","CALZADA":"U"},"geometry":{"type":"LineString","coordinates":[[-71.98817,-36.89838],[-71.96616,-36.90273],[-71.96163,-36.9049]]}},{"id":"3197","type":"Feature","properties":{"ROL":"N-895","NOMBRE_CAMINO":"Cruce N-59-Q (El Molino) - Bastías - San Manuel","CLASIFICACION":"Camino Regional Comunal","CALZADA":"U"},"geometry":{"type":"LineString","coordinates":[[-71.99514,-37.09913],[-71.99764,-37.09767],[-71.99775,-37.09098],[-71.99678,-37.09026]]}},{"id":"3198","type":"Feature","properties":{"ROL":"N-935","NOMBRE_CAMINO":"Cruce N-59-Q (Yungay) - La Pata de Gallo - Santa Lucía Alto - Baquedano","CLASIFICACION":"Camino Regional Comunal","CALZADA":"U"},"geometry":{"type":"LineString","coordinates":[[-71.79832,-37.0987],[-71.79674,-37.10365],[-71.79865,-37.10678],[-71.78692,-37.10608],[-71.78564,-37.10438],[-71.78425,-37.10512],[-71.78536,-37.10665],[-71.78314,-37.1075]]}},{"id":"3199","type":"Feature","properties":{"ROL":"N-255","NOMBRE_CAMINO":"Cruce N-151 (Las Rosas) - Lo Mellado - Cruce N-245 (Bucalemu)","CLASIFICACION":"Camino Regional Comunal","CALZADA":"U"},"geometry":{"type":"LineString","coordinates":[[-71.78111,-36.33802],[-71.77366,-36.33765]]}},{"id":"3200","type":"Feature","properties":{"ROL":"N-515","NOMBRE_CAMINO":"Chillán (Cruce Av. Andrés Bello) - San Bernardo","CLASIFICACION":"Camino Regional de Acceso","CALZADA":"U"},"geometry":{"type":"LineString","coordinates":[[-72.07034,-36.60792],[-72.06359,-36.60996]]}},{"id":"3978","type":"Feature","properties":{"ROL":"N-14-O","NOMBRE_CAMINO":"Cruce Ruta 126 S (Coelemu) - Cruce O-274 (Tomé), Sector: Coelemu - Límite Regional (Puente Purema)","CLASIFICACION":"Camino Regional Principal","CALZADA":"U"},"geometry":{"type":"LineString","coordinates":[[-72.81985,-36.38976],[-72.8361,-36.39103],[-72.84891,-36.40165],[-72.85134,-36.40074]]}},{"id":"3979","type":"Feature","properties":{"ROL":"N-170","NOMBRE_CAMINO":"Cruce Ruta 126 S (Puente Burca) - Huarilihue - Cruce N-66 (Casas Quemadas)","CLASIFICACION":"Camino Regional Comunal","CALZADA":"U"},"geometry":{"type":"LineString","coordinates":[[-72.68758,-36.58466],[-72.68762,-36.58661],[-72.69201,-36.59325],[-72.68281,-36.60013],[-72.68258,-36.60411],[-72.67884,-36.60731],[-72.68311,-36.61038],[-72.69594,-36.61411]]}},{"id":"3980","type":"Feature","properties":{"ROL":"N-245","NOMBRE_CAMINO":"Cruce Ruta 5 (San Gregorio) - Colvindo - Cruce N-151 (Chacay)","CLASIFICACION":"Camino Regional Provincial","CALZADA":"U"},"geometry":{"type":"LineString","coordinates":[[-71.81355,-36.28266],[-71.79077,-36.29112],[-71.7783,-36.30399],[-71.77155,-36.30699],[-71.76862,-36.31095],[-71.76507,-36.31325],[-71.76355,-36.31739],[-71.76155,-36.31842],[-71.7685,-36.3262]]}},{"id":"3981","type":"Feature","properties":{"ROL":"N-261","NOMBRE_CAMINO":"Cruce N-31 (Tres Esquinas) - Iglesia de Zemita - Cruce N-151 (El Tope)","CLASIFICACION":"Camino Regional Comunal","CALZADA":"U"},"geometry":{"type":"LineString","coordinates":[[-71.77056,-36.36321],[-71.77132,-36.36484]]}},{"id":"3982","type":"Feature","properties":{"ROL":"N-266","NOMBRE_CAMINO":"Cruce N-250 (Enlace Tiuquilemu) - Gaona - San Carlos (Cruce Calle Itihue)","CLASIFICACION":"Camino Regional Provincial","CALZADA":"U"},"geometry":{"type":"LineString","coordinates":[[-71.90827,-36.37487],[-71.91979,-36.38215],[-71.92746,-36.38932]]}},{"id":"3983","type":"Feature","properties":{"ROL":"N-460","NOMBRE_CAMINO":"Cruce Ruta 126 S (Trehuaco) - Vega de Los Reyes - Cruce N-470 (El Colo)","CLASIFICACION":"Camino Regional Comunal","CALZADA":"U"},"geometry":{"type":"LineString","coordinates":[[-72.64393,-36.4373],[-72.64224,-36.44001],[-72.64419,-36.44202]]}},{"id":"3984","type":"Feature","properties":{"ROL":"N-545","NOMBRE_CAMINO":"Cruce N-55 (Chillán, Calle Barros Arana) - Las Mariposas - Estación Pinto - Tanilvoro - La Esperanza","CLASIFICACION":"Camino Regional Comunal","CALZADA":"U"},"geometry":{"type":"LineString","coordinates":[[-71.95914,-36.64896],[-71.93934,-36.65924],[-71.92323,-36.67034],[-71.90374,-36.67863]]}},{"id":"3985","type":"Feature","properties":{"ROL":"N-545","NOMBRE_CAMINO":"Cruce N-55 (Chillán, Calle Barros Arana) - Las Mariposas - Estación Pinto - Tanilvoro - La Esperanza","CLASIFICACION":"Camino Regional Comunal","CALZADA":"U"},"geometry":{"type":"LineString","coordinates":[[-71.96084,-36.64849],[-71.95914,-36.64896]]}},{"id":"3986","type":"Feature","properties":{"ROL":"N-545","NOMBRE_CAMINO":"Cruce N-55 (Chillán, Calle Barros Arana) - Las Mariposas - Estación Pinto - Tanilvoro - La Esperanza","CLASIFICACION":"Camino Regional Comunal","CALZADA":"U"},"geometry":{"type":"LineString","coordinates":[[-71.88872,-36.68784],[-71.87316,-36.69468],[-71.86399,-36.69583],[-71.84024,-36.70744],[-71.83011,-36.71465],[-71.81919,-36.7282]]}},{"id":"3987","type":"Feature","properties":{"ROL":"N-655","NOMBRE_CAMINO":"Cruce N-59-Q (Variante San Ignacio) - San Ignacio - Cruce N-681 (Puente Zapallar)","CLASIFICACION":"Camino Regional Provincial","CALZADA":"U"},"geometry":{"type":"LineString","coordinates":[[-72.04849,-36.79749],[-71.98369,-36.81234],[-71.97653,-36.81176],[-71.95727,-36.81604],[-71.93748,-36.81737],[-71.92297,-36.81978],[-71.90753,-36.82053],[-71.8927,-36.81807],[-71.88279,-36.82001]]}},{"id":"3988","type":"Feature","properties":{"ROL":"N-655","NOMBRE_CAMINO":"Cruce N-59-Q (Variante San Ignacio) - San Ignacio - Cruce N-681 (Puente Zapallar)","CLASIFICACION":"Camino Regional Provincial","CALZADA":"U"},"geometry":{"type":"LineString","coordinates":[[-71.88279,-36.82001],[-71.87609,-36.82226],[-71.84801,-36.82609],[-71.8229,-36.83425],[-71.81163,-36.8342],[-71.81118,-36.83869],[-71.80731,-36.84099],[-71.80348,-36.84023],[-71.80188,-36.84275]]}},{"id":"3989","type":"Feature","properties":{"ROL":"N-777","NOMBRE_CAMINO":"Cruce N-59-Q (Variante El Carmen) - El Carmen - Trehualemu - Las Pampas","CLASIFICACION":"Camino Regional Provincial","CALZADA":"U"},"geometry":{"type":"LineString","coordinates":[[-71.86684,-36.93405],[-71.85553,-36.94393],[-71.83869,-36.95082],[-71.8346,-36.9553],[-71.81172,-36.9711]]}},{"id":"3990","type":"Feature","properties":{"ROL":"N-777","NOMBRE_CAMINO":"Cruce N-59-Q (Variante El Carmen) - El Carmen - Trehualemu - Las Pampas","CLASIFICACION":"Camino Regional Provincial","CALZADA":"U"},"geometry":{"type":"LineString","coordinates":[[-72.0325,-36.89743],[-72.0087,-36.89604],[-71.98821,-36.89838],[-71.98588,-36.8953],[-71.98279,-36.89423]]}},{"id":"3991","type":"Feature","properties":{"ROL":"N-112","NOMBRE_CAMINO":"Cruce N-66 (Vegas de Concha) - Cruce N-122 (Calle Manuel Antonio Matta)","CLASIFICACION":"Camino Regional Provincial","CALZADA":"U"},"geometry":{"type":"LineString","coordinates":[[-72.53479,-36.63096],[-72.53111,-36.6272],[-72.52684,-36.61962]]}},{"id":"3992","type":"Feature","properties":{"ROL":"N-114","NOMBRE_CAMINO":"Cruce N-66 (Paso Hondo) - El Centro - Cruce N-112 (Cementerio)","CLASIFICACION":"Camino Regional Comunal","CALZADA":"U"},"geometry":{"type":"LineString","coordinates":[[-72.51353,-36.61962],[-72.516,-36.62178]]}},{"id":"3993","type":"Feature","properties":{"ROL":"N-114","NOMBRE_CAMINO":"Cruce N-66 (Paso Hondo) - El Centro - Cruce N-112 (Cementerio)","CLASIFICACION":"Camino Regional Comunal","CALZADA":"U"},"geometry":{"type":"LineString","coordinates":[[-72.516,-36.62178],[-72.52941,-36.62366]]}},{"id":"3994","type":"Feature","properties":{"ROL":"N-151","NOMBRE_CAMINO":"Cruce Ruta 5 (Las Rosas) - Chacay - Zemita - Cruce N-305 (El Palo)","CLASIFICACION":"Camino Regional Comunal","CALZADA":"U"},"geometry":{"type":"LineString","coordinates":[[-71.83826,-36.32403],[-71.83757,-36.3258],[-71.82336,-36.33354],[-71.81394,-36.33203],[-71.80897,-36.34424],[-71.80316,-36.35415],[-71.78486,-36.36229],[-71.77132,-36.36484],[-71.77897,-36.37708],[-71.76842,-36.39714],[-71.72058,-36.39966],[-71.69845,-36.41108]]}},{"id":"3995","type":"Feature","properties":{"ROL":"N-188","NOMBRE_CAMINO":"Cruce N-170 (Huarilihue) - Cruce N-190 (Checura)","CLASIFICACION":"Camino Regional Comunal","CALZADA":"U"},"geometry":{"type":"LineString","coordinates":[[-72.69233,-36.56859],[-72.68214,-36.56899]]}},{"id":"3996","type":"Feature","properties":{"ROL":"N-190","NOMBRE_CAMINO":"Cruce N-170 (Casas Quemadas) - Checura - Cruce N-104 (Batuco)","CLASIFICACION":"Camino Regional Comunal","CALZADA":"U"},"geometry":{"type":"LineString","coordinates":[[-72.66054,-36.60082],[-72.65649,-36.59965],[-72.65456,-36.597],[-72.6505,-36.59611]]}},{"id":"3997","type":"Feature","properties":{"ROL":"N-190","NOMBRE_CAMINO":"Cruce N-170 (Casas Quemadas) - Checura - Cruce N-104 (Batuco)","CLASIFICACION":"Camino Regional Comunal","CALZADA":"U"},"geometry":{"type":"LineString","coordinates":[[-72.65084,-36.58622],[-72.6488,-36.58227]]}},{"id":"3998","type":"Feature","properties":{"ROL":"N-260","NOMBRE_CAMINO":"Cruce N-70-M (Lurín) - Junquillo - Toquihua - Curimón","CLASIFICACION":"Camino Regional Comunal","CALZADA":"U"},"geometry":{"type":"LineString","coordinates":[[-71.99272,-36.42305],[-72.00356,-36.41405],[-72.01395,-36.41004],[-72.02232,-36.40861],[-72.01994,-36.40155],[-72.04278,-36.39206],[-72.05665,-36.38847]]}},{"id":"3999","type":"Feature","properties":{"ROL":"N-265","NOMBRE_CAMINO":"Cruce N-31 (El Sauce) - Peñón - Cruce N-151 (Chacay)","CLASIFICACION":"Camino Regional Comunal","CALZADA":"U"},"geometry":{"type":"LineString","coordinates":[[-71.83056,-36.43811],[-71.82673,-36.42346],[-71.81651,-36.41126],[-71.80782,-36.4026],[-71.80405,-36.40654],[-71.77825,-36.37864]]}},{"id":"4000","type":"Feature","properties":{"ROL":"N-269","NOMBRE_CAMINO":"Cruce Ruta 5 (Paso Superior Tiuquilemu) - Tiuquilemu - Cruce N-265 (San Jorge)","CLASIFICACION":"Camino Regional Comunal","CALZADA":"U"},"geometry":{"type":"LineString","coordinates":[[-71.87883,-36.36204],[-71.87794,-36.36307],[-71.88069,-36.36361]]}},{"id":"4001","type":"Feature","properties":{"ROL":"N-269","NOMBRE_CAMINO":"Cruce Ruta 5 (Paso Superior Tiuquilemu) - Tiuquilemu - Cruce N-265 (San Jorge)","CLASIFICACION":"Camino Regional Comunal","CALZADA":"U"},"geometry":{"type":"LineString","coordinates":[[-71.88069,-36.36361],[-71.87242,-36.37165]]}},{"id":"4002","type":"Feature","properties":{"ROL":"N-269","NOMBRE_CAMINO":"Cruce Ruta 5 (Paso Superior Tiuquilemu) - Tiuquilemu - Cruce N-265 (San Jorge)","CLASIFICACION":"Camino Regional Comunal","CALZADA":"U"},"geometry":{"type":"LineString","coordinates":[[-71.85005,-36.38342],[-71.83709,-36.38859],[-71.83173,-36.39291],[-71.82804,-36.39477],[-71.82685,-36.3941],[-71.82348,-36.39656]]}},{"id":"4003","type":"Feature","properties":{"ROL":"N-291","NOMBRE_CAMINO":"Cruce Ruta 5 (Paso Superior La Virgen) - Agua Buena - Cruce N-265 (El Peñón)","CLASIFICACION":"Camino Regional Comunal","CALZADA":"U"},"geometry":{"type":"LineString","coordinates":[[-71.87851,-36.39922],[-71.86808,-36.4054],[-71.85897,-36.40668]]}},{"id":"4004","type":"Feature","properties":{"ROL":"N-291","NOMBRE_CAMINO":"Cruce Ruta 5 (Paso Superior La Virgen) - Agua Buena - Cruce N-265 (El Peñón)","CLASIFICACION":"Camino Regional Comunal","CALZADA":"U"},"geometry":{"type":"LineString","coordinates":[[-71.8413,-36.41644],[-71.83422,-36.41773],[-71.83248,-36.4163],[-71.82387,-36.42058]]}},{"id":"4005","type":"Feature","properties":{"ROL":"N-291","NOMBRE_CAMINO":"Cruce Ruta 5 (Paso Superior La Virgen) - Agua Buena - Cruce N-265 (El Peñón)","CLASIFICACION":"Camino Regional Comunal","CALZADA":"U"},"geometry":{"type":"LineString","coordinates":[[-71.85897,-36.40668],[-71.85606,-36.40701],[-71.84899,-36.4127],[-71.8413,-36.41644]]}},{"id":"4006","type":"Feature","properties":{"ROL":"N-296","NOMBRE_CAMINO":"Cruce N-50 (Puente Esmeralda) - Coipín - Cruce N-70-M (Torrecillas)","CLASIFICACION":"Camino Regional Comunal","CALZADA":"U"},"geometry":{"type":"LineString","coordinates":[[-72.34868,-36.44584],[-72.34975,-36.44482],[-72.34808,-36.43833],[-72.34312,-36.42943]]}},{"id":"4007","type":"Feature","properties":{"ROL":"N-296","NOMBRE_CAMINO":"Cruce N-50 (Puente Esmeralda) - Coipín - Cruce N-70-M (Torrecillas)","CLASIFICACION":"Camino Regional Comunal","CALZADA":"U"},"geometry":{"type":"LineString","coordinates":[[-72.33675,-36.40467],[-72.33063,-36.40075],[-72.31992,-36.39912]]}},{"id":"4008","type":"Feature","properties":{"ROL":"N-296","NOMBRE_CAMINO":"Cruce N-50 (Puente Esmeralda) - Coipín - Cruce N-70-M (Torrecillas)","CLASIFICACION":"Camino Regional Comunal","CALZADA":"U"},"geometry":{"type":"LineString","coordinates":[[-72.30211,-36.39018],[-72.29991,-36.38651]]}},{"id":"4009","type":"Feature","properties":{"ROL":"N-305","NOMBRE_CAMINO":"Cruce N-31 (Paso Ancho) - El Palo - La Montaña","CLASIFICACION":"Camino Regional Comunal","CALZADA":"U"},"geometry":{"type":"LineString","coordinates":[[-71.68369,-36.46176],[-71.67598,-36.44639],[-71.67269,-36.4428],[-71.66516,-36.4406],[-71.65311,-36.43258],[-71.64269,-36.43259]]}},{"id":"4010","type":"Feature","properties":{"ROL":"N-311","NOMBRE_CAMINO":"Cruce N-305 (El Palo) - Trabuncura - Río Perquilauquén","CLASIFICACION":"Camino Regional Comunal","CALZADA":"U"},"geometry":{"type":"LineString","coordinates":[[-71.64316,-36.4322],[-71.641,-36.43056],[-71.63916,-36.42524],[-71.62434,-36.41796]]}},{"id":"4011","type":"Feature","properties":{"ROL":"N-331","NOMBRE_CAMINO":"Cruce N-325 (San Agustín) - Las Arboledas - Cruce N-335 (Los Galpones)","CLASIFICACION":"Camino Regional Comunal","CALZADA":"U"},"geometry":{"type":"LineString","coordinates":[[-71.85674,-36.4443],[-71.85737,-36.44804],[-71.83849,-36.4489],[-71.83953,-36.45165],[-71.839,-36.46771]]}},{"id":"4012","type":"Feature","properties":{"ROL":"N-338","NOMBRE_CAMINO":"Cruce N-350 (Escuela Monte León) - Puente Loloco - Cruce N-356 (Alto Lilahue)","CLASIFICACION":"Camino Regional Comunal","CALZADA":"U"},"geometry":{"type":"LineString","coordinates":[[-72.09884,-36.50461],[-72.09123,-36.5033],[-72.08924,-36.48808]]}},{"id":"4013","type":"Feature","properties":{"ROL":"N-339","NOMBRE_CAMINO":"Cruce Ruta 5 (Vía de Servicio, San Carlos) - San Camilo - Cruce N-357 (Monteverde)","CLASIFICACION":"Camino Regional Comunal","CALZADA":"U"},"geometry":{"type":"LineString","coordinates":[[-71.95203,-36.43402],[-71.95398,-36.44272]]}},{"id":"4014","type":"Feature","properties":{"ROL":"N-447","NOMBRE_CAMINO":"Cruce N-31 (Tres Esquinas) - Puente Nahueltoro - Tres Esquinas de Cato - Cruce N-49 (Coihueco, Plaza de Armas)","CLASIFICACION":"Camino Regional Provincial","CALZADA":"U"},"geometry":{"type":"LineString","coordinates":[[-71.76662,-36.46807],[-71.76669,-36.46935],[-71.75943,-36.47042],[-71.75972,-36.4735],[-71.75774,-36.47466],[-71.75886,-36.47857],[-71.75309,-36.48127],[-71.75296,-36.48283]]}},{"id":"4015","type":"Feature","properties":{"ROL":"N-466","NOMBRE_CAMINO":"Cruce N-620 (Panguilemu) - Trancoyán - Capillanía - Cruce N-470 (Antiquireo)","CLASIFICACION":"Camino Regional Comunal","CALZADA":"U"},"geometry":{"type":"LineString","coordinates":[[-72.49066,-36.53477],[-72.49146,-36.53438],[-72.49044,-36.52473],[-72.49149,-36.52051],[-72.48986,-36.51762]]}},{"id":"4016","type":"Feature","properties":{"ROL":"N-476","NOMBRE_CAMINO":"Cruce Ruta 126 S (Población Hernán Braña) - Torreón - Las Nieves - Cruce N-620 (Variante Chudal)","CLASIFICACION":"Camino Regional Comunal","CALZADA":"U"},"geometry":{"type":"LineString","coordinates":[[-72.69005,-36.46468],[-72.68943,-36.477],[-72.68768,-36.47976],[-72.68492,-36.48309],[-72.67934,-36.48566],[-72.67558,-36.49072],[-72.67245,-36.49159],[-72.67158,-36.49511],[-72.66602,-36.49679],[-72.66515,-36.49996],[-72.65986,-36.50466]]}},{"id":"4017","type":"Feature","properties":{"ROL":"N-478","NOMBRE_CAMINO":"Cruce N-620 (Santa Ema) - Variante Chudal - Cruce N-476 (Los Pinos)","CLASIFICACION":"Camino Regional Comunal","CALZADA":"U"},"geometry":{"type":"LineString","coordinates":[[-72.54545,-36.54621],[-72.55081,-36.54506]]}},{"id":"4018","type":"Feature","properties":{"ROL":"N-479","NOMBRE_CAMINO":"Cruce N-447 (Bustamante) - Calabozo - Escuela Los Queñes","CLASIFICACION":"Camino Regional Comunal","CALZADA":"U"},"geometry":{"type":"LineString","coordinates":[[-71.72878,-36.62558],[-71.72791,-36.62825],[-71.72572,-36.62947]]}},{"id":"4019","type":"Feature","properties":{"ROL":"N-485","NOMBRE_CAMINO":"Cruce N-447 (Niblinto) - Minas del Prado","CLASIFICACION":"Camino Regional Comunal","CALZADA":"U"},"geometry":{"type":"LineString","coordinates":[[-71.77176,-36.59744],[-71.76992,-36.60453],[-71.76402,-36.60929],[-71.76528,-36.61508],[-71.76378,-36.61649]]}},{"id":"4020","type":"Feature","properties":{"ROL":"N-501","NOMBRE_CAMINO":"Cruce N-557 (Tres Acequias) - Miraflores - Relbuncó","CLASIFICACION":"Camino Regional Comunal","CALZADA":"U"},"geometry":{"type":"LineString","coordinates":[[-71.85358,-36.64177],[-71.84462,-36.66102],[-71.83628,-36.66709]]}},{"id":"4021","type":"Feature","properties":{"ROL":"N-505","NOMBRE_CAMINO":"Cruce N-447 (Coihueco, Plaza de Armas) - Los Olivos - El Imposible","CLASIFICACION":"Camino Regional Comunal","CALZADA":"U"},"geometry":{"type":"LineString","coordinates":[[-71.831,-36.6285],[-71.82498,-36.62899],[-71.82183,-36.6339],[-71.80028,-36.6312]]}},{"id":"4022","type":"Feature","properties":{"ROL":"N-540","NOMBRE_CAMINO":"Cruce N-50 (Dadinco) - Santa Ana","CLASIFICACION":"Camino Regional Comunal","CALZADA":"U"},"geometry":{"type":"LineString","coordinates":[[-72.17741,-36.51753],[-72.18106,-36.53812]]}},{"id":"4023","type":"Feature","properties":{"ROL":"N-546","NOMBRE_CAMINO":"Cruce Ruta 5 (Puente Ñuble) - Cruce N-50 (Monte León)","CLASIFICACION":"Camino Regional Comunal","CALZADA":"U"},"geometry":{"type":"LineString","coordinates":[[-72.09616,-36.52392],[-72.09596,-36.5197]]}},{"id":"4024","type":"Feature","properties":{"ROL":"N-549","NOMBRE_CAMINO":"Cruce N-55 (Pinto) - Cruce N-609 (Los Canelos)","CLASIFICACION":"Camino Regional Comunal","CALZADA":"U"},"geometry":{"type":"LineString","coordinates":[[-71.89643,-36.70322],[-71.8985,-36.70833],[-71.90421,-36.71231],[-71.90548,-36.71814],[-71.91583,-36.72893],[-71.92283,-36.73883],[-71.92679,-36.74122],[-71.92822,-36.7444],[-71.9427,-36.76153],[-71.94497,-36.76712]]}},{"id":"4025","type":"Feature","properties":{"ROL":"N-569","NOMBRE_CAMINO":"Cruce N-55 (Boyén) - La Montaña - Cruce N-575 (Paso Vielma)","CLASIFICACION":"Camino Regional Comunal","CALZADA":"U"},"geometry":{"type":"LineString","coordinates":[[-72.06419,-36.64105],[-72.06664,-36.64808],[-72.0583,-36.6549],[-72.04257,-36.66148],[-72.02492,-36.66482],[-72.0108,-36.67046]]}},{"id":"4026","type":"Feature","properties":{"ROL":"N-601","NOMBRE_CAMINO":"Cruce N-59-Q (Variante Cruz Parada) - Puente Larqui - Cruce N-69 (Tres Esquinas)","CLASIFICACION":"Camino Regional Comunal","CALZADA":"D"},"geometry":{"type":"LineString","coordinates":[[-72.14968,-36.69032],[-72.1685,-36.70007]]}},{"id":"4027","type":"Feature","properties":{"ROL":"N-609","NOMBRE_CAMINO":"Cruce N-605 (La Callana) - Lluanco - Los Canelos - Cruce N-655 (Mayulermo)","CLASIFICACION":"Camino Regional Comunal","CALZADA":"U"},"geometry":{"type":"LineString","coordinates":[[-71.95111,-36.76404],[-71.94473,-36.76753]]}},{"id":"4028","type":"Feature","properties":{"ROL":"N-615","NOMBRE_CAMINO":"Cruce N-55 (Las Vegas) - El Cardal - Cruce N-655 (Ciruelito)","CLASIFICACION":"Camino Regional Comunal","CALZADA":"U"},"geometry":{"type":"LineString","coordinates":[[-71.82287,-36.74104],[-71.82909,-36.75793],[-71.83308,-36.77689],[-71.84283,-36.79138],[-71.85007,-36.80646],[-71.8532,-36.82504]]}},{"id":"4029","type":"Feature","properties":{"ROL":"N-630","NOMBRE_CAMINO":"Cruce N-620 (Puente Changaral) - Santa Emilia - Cruce N-610 (Llahuecuy)","CLASIFICACION":"Camino Regional Comunal","CALZADA":"U"},"geometry":{"type":"LineString","coordinates":[[-72.34454,-36.58073],[-72.35625,-36.58088],[-72.35931,-36.57942],[-72.36277,-36.58144],[-72.36613,-36.58112],[-72.36782,-36.57889],[-72.36648,-36.5764],[-72.36843,-36.57348]]}},{"id":"4030","type":"Feature","properties":{"ROL":"N-637","NOMBRE_CAMINO":"Cruce N-59-Q (Bifurcación San Ignacio) - El Quillay - Cruce N-645 (Coltón Quillay)","CLASIFICACION":"Camino Regional Comunal","CALZADA":"U"},"geometry":{"type":"LineString","coordinates":[[-72.11164,-36.78865],[-72.11804,-36.78674],[-72.14273,-36.78522],[-72.15128,-36.78106],[-72.16672,-36.77613]]}},{"id":"4031","type":"Feature","properties":{"ROL":"N-684","NOMBRE_CAMINO":"Cruce Ruta 5 (Los Colihues) - Pelehuito","CLASIFICACION":"Camino Regional Comunal","CALZADA":"U"},"geometry":{"type":"LineString","coordinates":[[-72.19953,-36.63629],[-72.20741,-36.63853],[-72.23207,-36.63762]]}},{"id":"4032","type":"Feature","properties":{"ROL":"N-685","NOMBRE_CAMINO":"Cruce N-59-Q (Quiriquina) - Calle Alegre - Cruce N-677 (Vista Bella)","CLASIFICACION":"Camino Regional Comunal","CALZADA":"U"},"geometry":{"type":"LineString","coordinates":[[-72.10208,-36.8428],[-72.08813,-36.84596],[-72.07739,-36.84537],[-72.06165,-36.84668],[-72.05239,-36.84872],[-72.03639,-36.84926],[-72.02025,-36.85167],[-72.00122,-36.84976]]}},{"id":"4033","type":"Feature","properties":{"ROL":"N-689","NOMBRE_CAMINO":"Cruce N-59-Q (Pueblo Seco) - Cruce N-685 (Las Quilas)","CLASIFICACION":"Camino Regional Comunal","CALZADA":"U"},"geometry":{"type":"LineString","coordinates":[[-72.09372,-36.88249],[-72.05307,-36.87741],[-72.03406,-36.87177]]}},{"id":"4034","type":"Feature","properties":{"ROL":"N-701","NOMBRE_CAMINO":"Cruce N-677 (Santa Juana) - El Calvario - Cruce N-655 (Mayulermo)","CLASIFICACION":"Camino Regional Comunal","CALZADA":"U"},"geometry":{"type":"LineString","coordinates":[[-71.99925,-36.8448],[-71.96644,-36.85059]]}},{"id":"4035","type":"Feature","properties":{"ROL":"N-705","NOMBRE_CAMINO":"Cruce N-677 (Puente Urrutia) - Huemul - Agua Santa - Vergara","CLASIFICACION":"Camino Regional Comunal","CALZADA":"U"},"geometry":{"type":"LineString","coordinates":[[-71.77551,-36.89667],[-71.77506,-36.89421],[-71.7729,-36.89417],[-71.77209,-36.89255],[-71.76456,-36.89942],[-71.74161,-36.90629],[-71.73228,-36.90437],[-71.72898,-36.90694]]}},{"id":"4036","type":"Feature","properties":{"ROL":"N-720","NOMBRE_CAMINO":"Cruce N-48-O (Puente Queime) - Peñablanca","CLASIFICACION":"Camino Regional Comunal","CALZADA":"U"},"geometry":{"type":"LineString","coordinates":[[-72.58279,-36.75214],[-72.58751,-36.74934]]}},{"id":"4037","type":"Feature","properties":{"ROL":"N-720","NOMBRE_CAMINO":"Cruce N-48-O (Puente Queime) - Peñablanca","CLASIFICACION":"Camino Regional Comunal","CALZADA":"U"},"geometry":{"type":"LineString","coordinates":[[-72.58751,-36.74934],[-72.58742,-36.74921]]}},{"id":"4038","type":"Feature","properties":{"ROL":"N-745","NOMBRE_CAMINO":"Cruce Ruta 5 (San Miguel) - Relbún - Cruce N-85 (Agua de La Gloria)","CLASIFICACION":"Camino Regional Comunal","CALZADA":"U"},"geometry":{"type":"LineString","coordinates":[[-72.3355,-36.89058],[-72.31068,-36.90092]]}},{"id":"4039","type":"Feature","properties":{"ROL":"N-745","NOMBRE_CAMINO":"Cruce Ruta 5 (San Miguel) - Relbún - Cruce N-85 (Agua de La Gloria)","CLASIFICACION":"Camino Regional Comunal","CALZADA":"U"},"geometry":{"type":"LineString","coordinates":[[-72.30213,-36.9047],[-72.28785,-36.90922],[-72.28032,-36.91008],[-72.26575,-36.91529],[-72.26589,-36.9161]]}},{"id":"4040","type":"Feature","properties":{"ROL":"N-751","NOMBRE_CAMINO":"Cruce N-887 (Monte León) - Suiza","CLASIFICACION":"Camino Regional de Acceso","CALZADA":"U"},"geometry":{"type":"LineString","coordinates":[[-71.72712,-37.01981],[-71.72532,-37.01628],[-71.71955,-37.01565]]}},{"id":"4041","type":"Feature","properties":{"ROL":"N-805","NOMBRE_CAMINO":"Cruce N-777 (El Carmen) - Lomas Blancas - Cruce N-777 (Chamizal)","CLASIFICACION":"Camino Regional Comunal","CALZADA":"U"},"geometry":{"type":"LineString","coordinates":[[-72.02548,-36.89728],[-72.02488,-36.90469],[-72.02769,-36.9083]]}},{"id":"4042","type":"Feature","properties":{"ROL":"N-805","NOMBRE_CAMINO":"Cruce N-777 (El Carmen) - Lomas Blancas - Cruce N-777 (Chamizal)","CLASIFICACION":"Camino Regional Comunal","CALZADA":"U"},"geometry":{"type":"LineString","coordinates":[[-72.01595,-36.929],[-72.01454,-36.93608],[-72.01184,-36.93885],[-72.0144,-36.94109],[-71.99928,-36.94555],[-71.98141,-36.95573]]}},{"id":"4043","type":"Feature","properties":{"ROL":"N-815","NOMBRE_CAMINO":"Cruce N-777 (El Carmen) - San Isidro - Cruce N-825 (Lo Franco)","CLASIFICACION":"Camino Regional Comunal","CALZADA":"U"},"geometry":{"type":"LineString","coordinates":[[-72.0065,-36.89617],[-72.00418,-36.90219]]}},{"id":"4044","type":"Feature","properties":{"ROL":"N-820","NOMBRE_CAMINO":"Cruce N-86 (Huacamalá) - Las Perdices - El Peley - Talcamo","CLASIFICACION":"Camino Regional Comunal","CALZADA":"U"},"geometry":{"type":"LineString","coordinates":[[-72.45245,-36.8114],[-72.45567,-36.81882],[-72.45793,-36.82098],[-72.46419,-36.82263],[-72.47171,-36.83036],[-72.47187,-36.83364]]}},{"id":"4045","type":"Feature","properties":{"ROL":"N-86","NOMBRE_CAMINO":"Cruce Ruta 5 (Paso Superior General Cruz) - Puente Liucura - Cruce N-48-O (Puente Quillón)","CLASIFICACION":"Camino Regional Principal","CALZADA":"U"},"geometry":{"type":"LineString","coordinates":[[-72.34711,-36.93319],[-72.35196,-36.93368],[-72.35129,-36.93809],[-72.37084,-36.91848],[-72.37604,-36.91509],[-72.38146,-36.91343],[-72.38292,-36.91079]]}},{"id":"4046","type":"Feature","properties":{"ROL":"N-86","NOMBRE_CAMINO":"Cruce Ruta 5 (Paso Superior General Cruz) - Puente Liucura - Cruce N-48-O (Puente Quillón)","CLASIFICACION":"Camino Regional Principal","CALZADA":"U"},"geometry":{"type":"LineString","coordinates":[[-72.44693,-36.88759],[-72.45348,-36.88812],[-72.45302,-36.88601],[-72.4557,-36.88193],[-72.45601,-36.87736],[-72.46497,-36.867],[-72.45719,-36.85662],[-72.449,-36.85569]]}},{"id":"4047","type":"Feature","properties":{"ROL":"N-887","NOMBRE_CAMINO":"Cruce N-59-Q (Pemuco) - Cartago - Monte León","CLASIFICACION":"Camino Regional Comunal","CALZADA":"U"},"geometry":{"type":"LineString","coordinates":[[-72.09171,-36.9777],[-72.07785,-36.98064],[-72.07614,-36.9852],[-72.07196,-36.98838],[-72.05468,-36.9935]]}},{"id":"4048","type":"Feature","properties":{"ROL":"N-887","NOMBRE_CAMINO":"Cruce N-59-Q (Pemuco) - Cartago - Monte León","CLASIFICACION":"Camino Regional Comunal","CALZADA":"U"},"geometry":{"type":"LineString","coordinates":[[-71.85633,-37.02077],[-71.82163,-37.02194]]}},{"id":"4049","type":"Feature","properties":{"ROL":"N-887","NOMBRE_CAMINO":"Cruce N-59-Q (Pemuco) - Cartago - Monte León","CLASIFICACION":"Camino Regional Comunal","CALZADA":"U"},"geometry":{"type":"LineString","coordinates":[[-72.04921,-36.99499],[-72.04051,-36.9984],[-72.03327,-36.99842],[-72.02177,-37.00191],[-72.01644,-37.00026],[-72.00622,-37.00346],[-72.00272,-37.00333],[-71.99683,-37.00595]]}},{"id":"4050","type":"Feature","properties":{"ROL":"N-887","NOMBRE_CAMINO":"Cruce N-59-Q (Pemuco) - Cartago - Monte León","CLASIFICACION":"Camino Regional Comunal","CALZADA":"U"},"geometry":{"type":"LineString","coordinates":[[-72.05468,-36.9935],[-72.04921,-36.99499]]}},{"id":"4051","type":"Feature","properties":{"ROL":"N-892-Q","NOMBRE_CAMINO":"Cruce N-86 (Huenucheo) - Cruce Q-510 (Las Pataguas), Sector: Huenucheo - Límite Regional","CLASIFICACION":"Camino Regional Provincial","CALZADA":"U"},"geometry":{"type":"LineString","coordinates":[[-72.45351,-36.88807],[-72.46028,-36.90317],[-72.47017,-36.9125]]}},{"id":"4052","type":"Feature","properties":{"ROL":"N-935","NOMBRE_CAMINO":"Cruce N-59-Q (Yungay) - La Pata de Gallo - Santa Lucía Alto - Baquedano","CLASIFICACION":"Camino Regional Comunal","CALZADA":"U"},"geometry":{"type":"LineString","coordinates":[[-71.98729,-37.12011],[-71.98244,-37.11972],[-71.95574,-37.12312],[-71.94668,-37.12238],[-71.94226,-37.12442],[-71.92532,-37.12776],[-71.9155,-37.12843]]}},{"id":"4053","type":"Feature","properties":{"ROL":"S/R-N-237","NOMBRE_CAMINO":"Cruce Ruta 5 (Virhuín) - Los Maitenes - Cruce N-151 (Las Rosas)","CLASIFICACION":"Camino Regional Comunal (En Proceso de Enrolamiento)","CALZADA":"U"},"geometry":{"type":"LineString","coordinates":[[-71.85353,-36.34615],[-71.84777,-36.34772],[-71.83196,-36.35834],[-71.83292,-36.36111],[-71.82112,-36.36957]]}},{"id":"4054","type":"Feature","properties":{"ROL":"S/R-N-242","NOMBRE_CAMINO":"Cruce Ruta 5 (Virhuín Abajo) - El Espinal - Cruce N-240-M (Estación Ñiquén)","CLASIFICACION":"Camino Regional Comunal (En Proceso de Enrolamiento)","CALZADA":"U"},"geometry":{"type":"LineString","coordinates":[[-71.90072,-36.29406],[-71.89941,-36.29153]]}},{"id":"4055","type":"Feature","properties":{"ROL":"S/R-N-253","NOMBRE_CAMINO":"Cruce N-269 (Enlace Tiuquilemu) - San Gregorio (Calle Estado)","CLASIFICACION":"Camino Regional Comunal (En Proceso de Enrolamiento)","CALZADA":"U"},"geometry":{"type":"LineString","coordinates":[[-71.86336,-36.35966],[-71.85277,-36.35365],[-71.84955,-36.35077],[-71.84753,-36.3467]]}},{"id":"4056","type":"Feature","properties":{"ROL":"S/R-N-317","NOMBRE_CAMINO":"Cruce N-31 (Cachapoal) - Quihua Alto - Río Ñuble","CLASIFICACION":"Camino Regional Comunal (En Proceso de Enrolamiento)","CALZADA":"U"},"geometry":{"type":"LineString","coordinates":[[-71.72901,-36.4614],[-71.72505,-36.46297]]}},{"id":"4057","type":"Feature","properties":{"ROL":"S/R-N-423","NOMBRE_CAMINO":"Cruce Av. Bernardo O'Higgins - Cruce N-425 (Variante Cato)","CLASIFICACION":"Camino Regional Comunal (En Proceso de Enrolamiento)","CALZADA":"U"},"geometry":{"type":"LineString","coordinates":[[-72.09889,-36.57247],[-72.08716,-36.57473],[-72.08231,-36.56336]]}},{"id":"4058","type":"Feature","properties":{"ROL":"S/R-N-483","NOMBRE_CAMINO":"Coihueco (Cruce Calle Baquedano/Calle Barrón) - Las Pataguas","CLASIFICACION":"Camino Regional de Acceso (En Proceso de Enrolamiento)","CALZADA":"U"},"geometry":{"type":"LineString","coordinates":[[-71.83413,-36.62169],[-71.83655,-36.61476]]}},{"id":"4059","type":"Feature","properties":{"ROL":"S/R-N-787","NOMBRE_CAMINO":"Cruce N-59-Q - Calle Dávila","CLASIFICACION":"Camino Regional de Acceso (En Proceso de Enrolamiento)","CALZADA":"U"},"geometry":{"type":"LineString","coordinates":[[-72.08456,-36.91475],[-72.0781,-36.91703],[-72.07651,-36.916],[-72.06742,-36.92009]]}},{"id":"4060","type":"Feature","properties":{"ROL":"S/R-N-899","NOMBRE_CAMINO":"Cruce N-59-Q (Yungay) - Panquequillo","CLASIFICACION":"Camino Regional de Acceso (En Proceso de Enrolamiento)","CALZADA":"U"},"geometry":{"type":"LineString","coordinates":[[-72.01163,-37.11556],[-72.0031,-37.11332]]}},{"id":"4061","type":"Feature","properties":{"ROL":"S/R-N-945","NOMBRE_CAMINO":"Cruce N-97-Q (Cholguán) - Cruce N-59-Q (Tres Esquinas)","CLASIFICACION":"Camino Regional Comunal (En Proceso de Enrolamiento)","CALZADA":"U"},"geometry":{"type":"LineString","coordinates":[[-72.0515,-37.14108],[-72.04713,-37.14105],[-72.04122,-37.13709],[-72.03709,-37.13774]]}},{"id":"4062","type":"Feature","properties":{"ROL":"S/R-N-945","NOMBRE_CAMINO":"Cruce N-97-Q (Cholguán) - Cruce N-59-Q (Tres Esquinas)","CLASIFICACION":"Camino Regional Comunal (En Proceso de Enrolamiento)","CALZADA":"U"},"geometry":{"type":"LineString","coordinates":[[-72.01674,-37.13516],[-72.01106,-37.1346]]}},{"id":"4063","type":"Feature","properties":{"ROL":"N-475","NOMBRE_CAMINO":"Cruce N-45 (Bureo Alto) - La Viñita - Cruce N-479 (Bustamante)","CLASIFICACION":"Camino Regional Comunal","CALZADA":"U"},"geometry":{"type":"LineString","coordinates":[[-71.68264,-36.56546],[-71.68529,-36.56537]]}},{"id":"4064","type":"Feature","properties":{"ROL":"N-773","NOMBRE_CAMINO":"Cruce Ruta 5 (Santa Clara) - Los Tilos - Cruce N-59-Q (Pueblo Seco)","CLASIFICACION":"Camino Regional Provincial","CALZADA":"U"},"geometry":{"type":"LineString","coordinates":[[-72.29311,-36.86917],[-72.28856,-36.87366],[-72.2599,-36.87935]]}},{"id":"4065","type":"Feature","properties":{"ROL":"N-773","NOMBRE_CAMINO":"Cruce Ruta 5 (Santa Clara) - Los Tilos - Cruce N-59-Q (Pueblo Seco)","CLASIFICACION":"Camino Regional Provincial","CALZADA":"U"},"geometry":{"type":"LineString","coordinates":[[-72.11825,-36.88703],[-72.11182,-36.88662],[-72.10158,-36.88311]]}},{"id":"4066","type":"Feature","properties":{"ROL":"N-935","NOMBRE_CAMINO":"Cruce N-59-Q (Yungay) - La Pata de Gallo - Santa Lucía Alto - Baquedano","CLASIFICACION":"Camino Regional Comunal","CALZADA":"U"},"geometry":{"type":"LineString","coordinates":[[-72.01318,-37.12134],[-72.00347,-37.12316]]}},{"id":"4067","type":"Feature","properties":{"ROL":"N-256","NOMBRE_CAMINO":"Cruce Ruta 5 (Pasarela Buli) - Buli Estación - Santa Amelia","CLASIFICACION":"Camino Regional Comunal","CALZADA":"U"},"geometry":{"type":"LineString","coordinates":[[-71.96665,-36.33191],[-71.96814,-36.3312]]}},{"id":"4068","type":"Feature","properties":{"ROL":"N-291","NOMBRE_CAMINO":"Cruce Ruta 5 (Paso Superior La Virgen) - Agua Buena - Cruce N-265 (El Peñón)","CLASIFICACION":"Camino Regional Comunal","CALZADA":"U"},"geometry":{"type":"LineString","coordinates":[[-71.8795,-36.39867],[-71.87851,-36.39922]]}},{"id":"4069","type":"Feature","properties":{"ROL":"N-637","NOMBRE_CAMINO":"Cruce N-59-Q (Bifurcación San Ignacio) - El Quillay - Cruce N-645 (Coltón Quillay)","CLASIFICACION":"Camino Regional Comunal","CALZADA":"U"},"geometry":{"type":"LineString","coordinates":[[-72.16672,-36.77613],[-72.17267,-36.7742]]}},{"id":"4070","type":"Feature","properties":{"ROL":"N-495","NOMBRE_CAMINO":"Cruce N-49 (Culenar) - Las Tijeras - Cruce N-557 (Roblería)","CLASIFICACION":"Camino Regional Comunal","CALZADA":"U"},"geometry":{"type":"LineString","coordinates":[[-71.91651,-36.61178],[-71.90276,-36.62034],[-71.89259,-36.63094],[-71.88602,-36.63313],[-71.86342,-36.64563]]}},{"id":"4071","type":"Feature","properties":{"ROL":"N-542","NOMBRE_CAMINO":"Cruce N-50 (San Nicolás) - Cementerio - Cruce N-530","CLASIFICACION":"Camino Regional Comunal","CALZADA":"U"},"geometry":{"type":"LineString","coordinates":[[-72.22412,-36.49921],[-72.22623,-36.50511],[-72.23714,-36.50257]]}},{"id":"4072","type":"Feature","properties":{"ROL":"S/R-N-911","NOMBRE_CAMINO":"Cruce N-97-Q - La Cabaña - Cruce N-97-Q (Tres Ranchos)","CLASIFICACION":"Camino Regional Comunal (En Proceso de Enrolamiento)","CALZADA":"U"},"geometry":{"type":"LineString","coordinates":[[-72.2581,-37.11504],[-72.25224,-37.13091],[-72.23495,-37.13049],[-72.23304,-37.12197]]}},{"id":"4073","type":"Feature","properties":{"ROL":"N-120","NOMBRE_CAMINO":"Cruce N-66 (Vegas de Concha) - Huape - Cruce N-122 (Calle Pedro Aguirre Cerda)","CLASIFICACION":"Camino Regional Provincial","CALZADA":"U"},"geometry":{"type":"LineString","coordinates":[[-72.53893,-36.61637],[-72.53503,-36.61522],[-72.53443,-36.61364],[-72.53894,-36.60883]]}},{"id":"4074","type":"Feature","properties":{"ROL":"N-224","NOMBRE_CAMINO":"Cruce Ruta 126 S (Tropezón) - Pirumávida - El Ajenjo","CLASIFICACION":"Camino Regional Comunal","CALZADA":"U"},"geometry":{"type":"LineString","coordinates":[[-72.72859,-36.51368],[-72.73265,-36.51228]]}},{"id":"4075","type":"Feature","properties":{"ROL":"N-350","NOMBRE_CAMINO":"Cruce N-50 (Monte León) - Los Aromos - Peña Santa Rosa - Cruce N-70-M (Changaral)","CLASIFICACION":"Camino Regional Comunal","CALZADA":"U"},"geometry":{"type":"LineString","coordinates":[[-72.09604,-36.51967],[-72.09617,-36.51438],[-72.09944,-36.50293],[-72.10264,-36.49841],[-72.10844,-36.49884],[-72.10724,-36.48454]]}},{"id":"4076","type":"Feature","properties":{"ROL":"N-439","NOMBRE_CAMINO":"Cruce N-49 (Cruce Av. Vicente Méndez) - Cruce N-425 (Las Coles)","CLASIFICACION":"Camino Regional Comunal","CALZADA":"U"},"geometry":{"type":"LineString","coordinates":[[-72.06483,-36.57429],[-72.06126,-36.56982]]}},{"id":"4077","type":"Feature","properties":{"ROL":"N-486","NOMBRE_CAMINO":"Cruce N-52 (Portezuelo) - Cabrería - Cruce N-466 (Panguilemu)","CLASIFICACION":"Camino Regional Comunal","CALZADA":"U"},"geometry":{"type":"LineString","coordinates":[[-72.43031,-36.52829],[-72.43633,-36.52913]]}},{"id":"4078","type":"Feature","properties":{"ROL":"N-573-Q","NOMBRE_CAMINO":"Cruce Ruta 5 (Caletera Escuela Saltos del Laja) - Pangal del Laja - Cruce N-97-Q (Cholguán), Sector: Límite Regional (El Manzano) - Cholguán","CLASIFICACION":"Camino Regional Provincial","CALZADA":"U"},"geometry":{"type":"LineString","coordinates":[[-72.10726,-37.16355],[-72.0824,-37.1625]]}},{"id":"4079","type":"Feature","properties":{"ROL":"N-595","NOMBRE_CAMINO":"Cruce Ruta 5 (Enlace Nebuco) - San Rafael  - Quilpón - Cruce N-59-Q (Lajuela)","CLASIFICACION":"Camino Regional Provincial","CALZADA":"U"},"geometry":{"type":"LineString","coordinates":[[-72.22145,-36.64863],[-72.21939,-36.64875],[-72.2181,-36.64699],[-72.21434,-36.64565],[-72.20919,-36.64542],[-72.20814,-36.64656]]}},{"id":"4080","type":"Feature","properties":{"ROL":"N-599","NOMBRE_CAMINO":"Cruce N-69 (Tres Esquinas) - Los Marcos - Cruce N-773 (Los Tilos)","CLASIFICACION":"Camino Regional Comunal","CALZADA":"U"},"geometry":{"type":"LineString","coordinates":[[-72.20901,-36.78829],[-72.20856,-36.79393],[-72.21005,-36.80301],[-72.22049,-36.81581],[-72.22751,-36.82943]]}},{"id":"4081","type":"Feature","properties":{"ROL":"N-603","NOMBRE_CAMINO":"Cruce N-59-Q (La Virgen) - Lomas de Larqui - Cruce N-605 (San Bernardo)","CLASIFICACION":"Camino Regional Comunal","CALZADA":"U"},"geometry":{"type":"LineString","coordinates":[[-72.13447,-36.73494],[-72.13032,-36.736]]}},{"id":"4082","type":"Feature","properties":{"ROL":"N-605","NOMBRE_CAMINO":"Cruce N-55 (Río Viejo) - Puente Larqui - Cruce N-655 (San Ignacio)","CLASIFICACION":"Camino Regional Provincial","CALZADA":"U"},"geometry":{"type":"LineString","coordinates":[[-72.07077,-36.69809],[-72.07143,-36.69895],[-72.0694,-36.69969]]}},{"id":"4083","type":"Feature","properties":{"ROL":"N-660","NOMBRE_CAMINO":"Cruce N-62 (El Huape) - Malloa - Cruce N-620 (Oro Verde)","CLASIFICACION":"Camino Regional Comunal","CALZADA":"U"},"geometry":{"type":"LineString","coordinates":[[-72.22816,-36.59923],[-72.23613,-36.60093],[-72.23974,-36.61015]]}},{"id":"4084","type":"Feature","properties":{"ROL":"N-91-Q","NOMBRE_CAMINO":"Cruce Q-97-N (Enlace Cabrero) - Colicheo - Ranchillo - Cruce Calle Esmeralda (Yungay), Sector: Límite Regional (Ranchillo Bajo) - Yungay","CLASIFICACION":"Camino Regional Principal","CALZADA":"U"},"geometry":{"type":"LineString","coordinates":[[-72.03887,-37.11706],[-72.02781,-37.11931]]}},{"id":"4085","type":"Feature","properties":{"ROL":"N-943","NOMBRE_CAMINO":"Cruce N-573-Q (Pangal del Laja) - Cruce N-573-Q (La Palma)","CLASIFICACION":"Camino Regional Comunal","CALZADA":"U"},"geometry":{"type":"LineString","coordinates":[[-72.20974,-37.17701],[-72.21045,-37.17891],[-72.20932,-37.17978],[-72.20118,-37.18088]]}},{"id":"4086","type":"Feature","properties":{"ROL":"S/R-N-367","NOMBRE_CAMINO":"Cruce Ruta 5 (Iansa) - Pichoco - Cruce N-349 (Carrizal)","CLASIFICACION":"Camino Regional Comunal (En Proceso de Enrolamiento)","CALZADA":"U"},"geometry":{"type":"LineString","coordinates":[[-72.0567,-36.51881],[-72.05338,-36.51901]]}},{"id":"4087","type":"Feature","properties":{"ROL":"S/R-N-771","NOMBRE_CAMINO":"Santa Clara - Cruce N-773 (El Carmen)","CLASIFICACION":"Camino Regional Comunal (En Proceso de Enrolamiento)","CALZADA":"U"},"geometry":{"type":"LineString","coordinates":[[-72.32494,-36.83104],[-72.32449,-36.8339]]}},{"id":"5127","type":"Feature","properties":{"ROL":"N-31","NOMBRE_CAMINO":"Cruce Ruta 5 (San Carlos) - San Fabián de Alico - La Punilla - El Inglés","CLASIFICACION":"Camino Regional Principal","CALZADA":"U"},"geometry":{"type":"LineString","coordinates":[[-71.54846,-36.55976],[-71.53789,-36.56811],[-71.53453,-36.57775],[-71.52888,-36.58057],[-71.52755,-36.58288],[-71.52348,-36.58442],[-71.51107,-36.59378],[-71.49462,-36.59938],[-71.47484,-36.60147],[-71.46847,-36.60042],[-71.46278,-36.60242],[-71.44571,-36.61216],[-71.44399,-36.61539],[-71.43875,-36.61685],[-71.43699,-36.6191],[-71.43586,-36.62471],[-71.43588,-36.62608],[-71.43766,-36.62669],[-71.43677,-36.62806]]}},{"id":"5128","type":"Feature","properties":{"ROL":"N-256","NOMBRE_CAMINO":"Cruce Ruta 5 (Pasarela Buli) - Buli Estación - Santa Amelia","CLASIFICACION":"Camino Regional Comunal","CALZADA":"U"},"geometry":{"type":"LineString","coordinates":[[-71.93037,-36.36039],[-71.93397,-36.35889],[-71.93314,-36.35679],[-71.93455,-36.35641],[-71.93568,-36.3583],[-71.93839,-36.35699],[-71.95703,-36.33574],[-71.96665,-36.33191]]}},{"id":"5129","type":"Feature","properties":{"ROL":"N-447","NOMBRE_CAMINO":"Cruce N-31 (Tres Esquinas) - Puente Nahueltoro - Tres Esquinas de Cato - Cruce N-49 (Coihueco, Plaza de Armas)","CLASIFICACION":"Camino Regional Provincial","CALZADA":"U"},"geometry":{"type":"LineString","coordinates":[[-71.76965,-36.52215],[-71.77061,-36.52597],[-71.79193,-36.56707],[-71.77796,-36.57835],[-71.76996,-36.58838],[-71.76764,-36.58935],[-71.76911,-36.59461],[-71.77478,-36.59878],[-71.77752,-36.60239],[-71.77958,-36.60858],[-71.78196,-36.61039],[-71.78611,-36.60948],[-71.78753,-36.61074],[-71.80035,-36.61264],[-71.8224,-36.61091],[-71.82594,-36.61219],[-71.831,-36.6285]]}},{"id":"5130","type":"Feature","properties":{"ROL":"N-935","NOMBRE_CAMINO":"Cruce N-59-Q (Yungay) - La Pata de Gallo - Santa Lucía Alto - Baquedano","CLASIFICACION":"Camino Regional Comunal","CALZADA":"U"},"geometry":{"type":"LineString","coordinates":[[-72.00347,-37.12316],[-71.98729,-37.12011]]}},{"id":"5131","type":"Feature","properties":{"ROL":"N-935","NOMBRE_CAMINO":"Cruce N-59-Q (Yungay) - La Pata de Gallo - Santa Lucía Alto - Baquedano","CLASIFICACION":"Camino Regional Comunal","CALZADA":"U"},"geometry":{"type":"LineString","coordinates":[[-71.9155,-37.12843],[-71.90964,-37.12851],[-71.89967,-37.12559],[-71.88412,-37.12657],[-71.88292,-37.12282],[-71.87923,-37.12166],[-71.868,-37.12391],[-71.85039,-37.12212],[-71.8319,-37.11828],[-71.82566,-37.11511],[-71.82227,-37.10886],[-71.80509,-37.0981],[-71.80302,-37.09748],[-71.79832,-37.0987]]}},{"id":"5132","type":"Feature","properties":{"ROL":"S/R-N-345","NOMBRE_CAMINO":"Cruce Ruta 5 (Iansa) - Chorrillos - Cruce N-349 (Menelhue)","CLASIFICACION":"Camino Regional Comunal (En Proceso de Enrolamiento)","CALZADA":"U"},"geometry":{"type":"LineString","coordinates":[[-72.05538,-36.51787],[-72.05026,-36.5145]]}},{"id":"5133","type":"Feature","properties":{"ROL":"S/R-N-432","NOMBRE_CAMINO":"Cruce N-50 (La Posta) - Cuna de Prat - Agua Fría - Cruce N-38 (Ninhue)","CLASIFICACION":"Camino Regional Provincial (En Proceso de Enrolamiento)","CALZADA":"U"},"geometry":{"type":"LineString","coordinates":[[-72.42382,-36.41006],[-72.4228,-36.4069],[-72.42421,-36.40223],[-72.43022,-36.39726],[-72.42983,-36.39546]]}},{"id":"5134","type":"Feature","properties":{"ROL":"N-255","NOMBRE_CAMINO":"Cruce N-151 (Las Rosas) - Lo Mellado - Cruce N-245 (Bucalemu)","CLASIFICACION":"Camino Regional Comunal","CALZADA":"U"},"geometry":{"type":"LineString","coordinates":[[-71.81211,-36.3372],[-71.81069,-36.3355],[-71.8046,-36.33532],[-71.78619,-36.33902],[-71.7854,-36.33751],[-71.78111,-36.33802]]}},{"id":"5135","type":"Feature","properties":{"ROL":"N-275","NOMBRE_CAMINO":"Cruce N-265 (San Roque) - San Fernando - Cruce N-261 (El Carbón)","CLASIFICACION":"Camino Regional Comunal","CALZADA":"U"},"geometry":{"type":"LineString","coordinates":[[-71.79335,-36.39466],[-71.78159,-36.41013],[-71.75549,-36.42136]]}},{"id":"5136","type":"Feature","properties":{"ROL":"N-515","NOMBRE_CAMINO":"Chillán (Cruce Av. Andrés Bello) - San Bernardo","CLASIFICACION":"Camino Regional de Acceso","CALZADA":"U"},"geometry":{"type":"LineString","coordinates":[[-72.06359,-36.60996],[-72.05388,-36.61283]]}},{"id":"5137","type":"Feature","properties":{"ROL":"N-515","NOMBRE_CAMINO":"Chillán (Cruce Av. Andrés Bello) - San Bernardo","CLASIFICACION":"Camino Regional de Acceso","CALZADA":"U"},"geometry":{"type":"LineString","coordinates":[[-72.05388,-36.61283],[-72.04719,-36.61484],[-72.04751,-36.61577]]}},{"id":"5138","type":"Feature","properties":{"ROL":"N-605","NOMBRE_CAMINO":"Cruce N-55 (Río Viejo) - Puente Larqui - Cruce N-655 (San Ignacio)","CLASIFICACION":"Camino Regional Provincial","CALZADA":"U"},"geometry":{"type":"LineString","coordinates":[[-72.05913,-36.74802],[-72.0609,-36.75197],[-72.05976,-36.7659],[-72.05746,-36.77029],[-72.04442,-36.78307],[-72.04182,-36.78999],[-72.03965,-36.79158]]}},{"id":"5139","type":"Feature","properties":{"ROL":"N-62","NOMBRE_CAMINO":"Cruce Ruta 5 (Chillán) - Puente Confluencia - Membrillar - Cruce N-620 (Portezuelo)","CLASIFICACION":"Camino Regional Principal","CALZADA":"U"},"geometry":{"type":"LineString","coordinates":[[-72.44824,-36.63706],[-72.45096,-36.63705]]}},{"id":"5140","type":"Feature","properties":{"ROL":"N-62","NOMBRE_CAMINO":"Cruce Ruta 5 (Chillán) - Puente Confluencia - Membrillar - Cruce N-620 (Portezuelo)","CLASIFICACION":"Camino Regional Principal","CALZADA":"U"},"geometry":{"type":"LineString","coordinates":[[-72.452,-36.63698],[-72.45554,-36.63651],[-72.46022,-36.62795],[-72.47394,-36.62052],[-72.47309,-36.61924],[-72.47459,-36.61517],[-72.47332,-36.60642],[-72.47664,-36.60491],[-72.48301,-36.60501]]}},{"id":"5141","type":"Feature","properties":{"ROL":"N-660","NOMBRE_CAMINO":"Cruce N-62 (El Huape) - Malloa - Cruce N-620 (Oro Verde)","CLASIFICACION":"Camino Regional Comunal","CALZADA":"U"},"geometry":{"type":"LineString","coordinates":[[-72.20277,-36.59156],[-72.21728,-36.59827],[-72.22757,-36.59908]]}},{"id":"5142","type":"Feature","properties":{"ROL":"N-683","NOMBRE_CAMINO":"Cruce N-59-Q (Quiriquina) - Selva Negra - Cruce N-773 (El Lucero)","CLASIFICACION":"Camino Regional Comunal","CALZADA":"U"},"geometry":{"type":"LineString","coordinates":[[-72.09806,-36.8495],[-72.12282,-36.85154],[-72.14299,-36.86245],[-72.16876,-36.86599],[-72.1743,-36.88042]]}},{"id":"5143","type":"Feature","properties":{"ROL":"N-72","NOMBRE_CAMINO":"Cruce N-48-O (Bulnes, Acceso Sur) - Puente Las Raíces - Santa Cruz de Cuca - Paso Superior Confluencia - Cruce N-62 (Confluencia)","CLASIFICACION":"Camino Regional Principal","CALZADA":"U"},"geometry":{"type":"LineString","coordinates":[[-72.3128,-36.75239],[-72.31258,-36.7521]]}},{"id":"5144","type":"Feature","properties":{"ROL":"N-72","NOMBRE_CAMINO":"Cruce N-48-O (Bulnes, Acceso Sur) - Puente Las Raíces - Santa Cruz de Cuca - Paso Superior Confluencia - Cruce N-62 (Confluencia)","CLASIFICACION":"Camino Regional Principal","CALZADA":"U"},"geometry":{"type":"LineString","coordinates":[[-72.31258,-36.7521],[-72.30938,-36.75042],[-72.30303,-36.741],[-72.31649,-36.73477],[-72.32497,-36.7393],[-72.34079,-36.73595],[-72.34206,-36.73705],[-72.34757,-36.7365],[-72.35541,-36.73344],[-72.3624,-36.73267],[-72.37987,-36.72374],[-72.37986,-36.72043],[-72.38253,-36.71612],[-72.3864,-36.71296],[-72.38501,-36.7088],[-72.38674,-36.70687],[-72.38485,-36.70197],[-72.38896,-36.69744],[-72.39226,-36.69581],[-72.39415,-36.6914],[-72.40795,-36.68664],[-72.41683,-36.68616],[-72.41434,-36.6779],[-72.41801,-36.6766],[-72.41935,-36.66945],[-72.42563,-36.66524],[-72.43133,-36.66334],[-72.43201,-36.64757]]}},{"id":"5145","type":"Feature","properties":{"ROL":"N-825","NOMBRE_CAMINO":"Cruce N-777 (El Carmen) - Los Puquios - Lo Franco - Cruce N-777 (Escuela Trehualemu Oriente)","CLASIFICACION":"Camino Regional Comunal","CALZADA":"U"},"geometry":{"type":"LineString","coordinates":[[-71.96163,-36.9049],[-71.94609,-36.91612],[-71.94075,-36.91587],[-71.93023,-36.92566],[-71.90513,-36.93507],[-71.89312,-36.94583],[-71.88734,-36.94771],[-71.86879,-36.95835],[-71.86076,-36.96118],[-71.85701,-36.96475],[-71.85068,-36.96596],[-71.8422,-36.97008],[-71.83459,-36.95531]]}},{"id":"5146","type":"Feature","properties":{"ROL":"N-895","NOMBRE_CAMINO":"Cruce N-59-Q (El Molino) - Bastías - San Manuel","CLASIFICACION":"Camino Regional Comunal","CALZADA":"U"},"geometry":{"type":"LineString","coordinates":[[-72.00741,-37.11065],[-72.00461,-37.1057],[-72.00018,-37.10362],[-71.99514,-37.09913]]}},{"id":"5147","type":"Feature","properties":{"ROL":"S/R-N-144","NOMBRE_CAMINO":"Cruce N-16 (Quirihue) - Quile - Cruce N-140 (Guairavo)","CLASIFICACION":"Camino Regional Comunal (En Proceso de Enrolamiento)","CALZADA":"U"},"geometry":{"type":"LineString","coordinates":[[-72.53145,-36.28074],[-72.52893,-36.27689],[-72.51868,-36.27005],[-72.50627,-36.27093],[-72.49854,-36.26595],[-72.49024,-36.26333],[-72.48801,-36.26418],[-72.48431,-36.26226],[-72.48193,-36.25872],[-72.4756,-36.25366],[-72.47448,-36.24548],[-72.47161,-36.24297],[-72.46863,-36.2424],[-72.46804,-36.2362],[-72.46446,-36.2332],[-72.46014,-36.23222],[-72.45515,-36.22416]]}},{"id":"5148","type":"Feature","properties":{"ROL":"N-62","NOMBRE_CAMINO":"Cruce Ruta 5 (Chillán) - Puente Confluencia - Membrillar - Cruce N-620 (Portezuelo)","CLASIFICACION":"Camino Regional Principal","CALZADA":"U"},"geometry":{"type":"LineString","coordinates":[[-72.45096,-36.63705],[-72.452,-36.63698]]}},{"id":"5149","type":"Feature","properties":{"ROL":"N-888","NOMBRE_CAMINO":"Cruce N-48-O (Puente El Roble) - Chillancito - Lota Alto - Cruce N-86 (Puente Liucura)","CLASIFICACION":"Camino Regional Comunal","CALZADA":"U"},"geometry":{"type":"LineString","coordinates":[[-72.4182,-36.75756],[-72.42,-36.75739],[-72.42067,-36.76017],[-72.4236,-36.76299],[-72.42943,-36.76381],[-72.43261,-36.77222],[-72.43843,-36.77235],[-72.44218,-36.77546],[-72.44271,-36.77892],[-72.44055,-36.78219],[-72.43753,-36.79437]]}},{"id":"5150","type":"Feature","properties":{"ROL":"N-62","NOMBRE_CAMINO":"Cruce Ruta 5 (Chillán) - Puente Confluencia - Membrillar - Cruce N-620 (Portezuelo)","CLASIFICACION":"Camino Regional Principal","CALZADA":"U"},"geometry":{"type":"LineString","coordinates":[[-72.44805,-36.63791],[-72.44824,-36.63706]]}},{"id":"5151","type":"Feature","properties":{"ROL":"N-62","NOMBRE_CAMINO":"Cruce Ruta 5 (Chillán) - Puente Confluencia - Membrillar - Cruce N-620 (Portezuelo)","CLASIFICACION":"Camino Regional Principal","CALZADA":"U"},"geometry":{"type":"LineString","coordinates":[[-72.48301,-36.60501],[-72.48747,-36.6035]]}},{"id":"5152","type":"Feature","properties":{"ROL":"N-70-M","NOMBRE_CAMINO":"Cauquenes - Torrecillas - San Carlos, Sector: Límite Regional (Puente El Guindo) - San Carlos (Calle Luis Acevedo)","CLASIFICACION":"Camino Regional Principal","CALZADA":"U"},"geometry":{"type":"LineString","coordinates":[[-72.31997,-36.23366],[-72.32378,-36.23975],[-72.32434,-36.2519],[-72.32695,-36.26252],[-72.31977,-36.27781],[-72.31752,-36.29857],[-72.31603,-36.30124],[-72.32476,-36.31722]]}},{"id":"5153","type":"Feature","properties":{"ROL":"N-70-M","NOMBRE_CAMINO":"Cauquenes - Torrecillas - San Carlos, Sector: Límite Regional (Puente El Guindo) - San Carlos (Calle Luis Acevedo)","CLASIFICACION":"Camino Regional Principal","CALZADA":"U"},"geometry":{"type":"LineString","coordinates":[[-72.31843,-36.35793],[-72.31099,-36.35929]]}},{"id":"5154","type":"Feature","properties":{"ROL":"N-70-M","NOMBRE_CAMINO":"Cauquenes - Torrecillas - San Carlos, Sector: Límite Regional (Puente El Guindo) - San Carlos (Calle Luis Acevedo)","CLASIFICACION":"Camino Regional Principal","CALZADA":"U"},"geometry":{"type":"LineString","coordinates":[[-72.31099,-36.35929],[-72.30677,-36.35964],[-72.30436,-36.35623],[-72.29852,-36.35665]]}},{"id":"5155","type":"Feature","properties":{"ROL":"N-70-M","NOMBRE_CAMINO":"Cauquenes - Torrecillas - San Carlos, Sector: Límite Regional (Puente El Guindo) - San Carlos (Calle Luis Acevedo)","CLASIFICACION":"Camino Regional Principal","CALZADA":"U"},"geometry":{"type":"LineString","coordinates":[[-72.29043,-36.35699],[-72.28634,-36.35441],[-72.28077,-36.35339]]}},{"id":"5156","type":"Feature","properties":{"ROL":"N-70-M","NOMBRE_CAMINO":"Cauquenes - Torrecillas - San Carlos, Sector: Límite Regional (Puente El Guindo) - San Carlos (Calle Luis Acevedo)","CLASIFICACION":"Camino Regional Principal","CALZADA":"U"},"geometry":{"type":"LineString","coordinates":[[-72.28077,-36.35339],[-72.27054,-36.34994],[-72.258,-36.35208],[-72.25207,-36.34919],[-72.23954,-36.35266],[-72.23603,-36.35697],[-72.23605,-36.36185],[-72.23135,-36.36486],[-72.22893,-36.36502],[-72.22567,-36.36256],[-72.21787,-36.36209],[-72.21289,-36.36501]]}},{"id":"5157","type":"Feature","properties":{"ROL":"N-70-M","NOMBRE_CAMINO":"Cauquenes - Torrecillas - San Carlos, Sector: Límite Regional (Puente El Guindo) - San Carlos (Calle Luis Acevedo)","CLASIFICACION":"Camino Regional Principal","CALZADA":"U"},"geometry":{"type":"LineString","coordinates":[[-72.069,-36.41221],[-72.05157,-36.41901]]}},{"id":"5158","type":"Feature","properties":{"ROL":"N-42","NOMBRE_CAMINO":"Cruce Ruta 126 S (Trehuaco) - Boca Itata - Mela - Colmuyao - Cruce N-40 (Cobquecura)","CLASIFICACION":"Camino Regional Principal","CALZADA":"U"},"geometry":{"type":"LineString","coordinates":[[-72.66392,-36.42678],[-72.66453,-36.42565],[-72.67136,-36.42621],[-72.6793,-36.42463],[-72.68385,-36.42715],[-72.68561,-36.43003],[-72.68831,-36.43039],[-72.69713,-36.42831],[-72.70186,-36.42508],[-72.70433,-36.42082],[-72.70582,-36.42181]]}},{"id":"5159","type":"Feature","properties":{"ROL":"N-42","NOMBRE_CAMINO":"Cruce Ruta 126 S (Trehuaco) - Boca Itata - Mela - Colmuyao - Cruce N-40 (Cobquecura)","CLASIFICACION":"Camino Regional Principal","CALZADA":"U"},"geometry":{"type":"LineString","coordinates":[[-72.81056,-36.17535],[-72.80859,-36.17276]]}},{"id":"5160","type":"Feature","properties":{"ROL":"N-42","NOMBRE_CAMINO":"Cruce Ruta 126 S (Trehuaco) - Boca Itata - Mela - Colmuyao - Cruce N-40 (Cobquecura)","CLASIFICACION":"Camino Regional Principal","CALZADA":"U"},"geometry":{"type":"LineString","coordinates":[[-72.82334,-36.37943],[-72.82582,-36.38097]]}},{"id":"5161","type":"Feature","properties":{"ROL":"N-42","NOMBRE_CAMINO":"Cruce Ruta 126 S (Trehuaco) - Boca Itata - Mela - Colmuyao - Cruce N-40 (Cobquecura)","CLASIFICACION":"Camino Regional Principal","CALZADA":"U"},"geometry":{"type":"LineString","coordinates":[[-72.80594,-36.16446],[-72.80461,-36.15808],[-72.80256,-36.15518],[-72.80185,-36.14872],[-72.79557,-36.14516],[-72.79423,-36.13943],[-72.79501,-36.13756]]}},{"id":"5162","type":"Feature","properties":{"ROL":"N-42","NOMBRE_CAMINO":"Cruce Ruta 126 S (Trehuaco) - Boca Itata - Mela - Colmuyao - Cruce N-40 (Cobquecura)","CLASIFICACION":"Camino Regional Principal","CALZADA":"U"},"geometry":{"type":"LineString","coordinates":[[-72.79897,-36.38861],[-72.80622,-36.38224],[-72.81106,-36.38037],[-72.81643,-36.38003],[-72.81739,-36.38097],[-72.82334,-36.37943]]}},{"id":"5163","type":"Feature","properties":{"ROL":"N-42","NOMBRE_CAMINO":"Cruce Ruta 126 S (Trehuaco) - Boca Itata - Mela - Colmuyao - Cruce N-40 (Cobquecura)","CLASIFICACION":"Camino Regional Principal","CALZADA":"U"},"geometry":{"type":"LineString","coordinates":[[-72.84367,-36.37863],[-72.85006,-36.37703],[-72.85239,-36.37209]]}},{"id":"5164","type":"Feature","properties":{"ROL":"N-42","NOMBRE_CAMINO":"Cruce Ruta 126 S (Trehuaco) - Boca Itata - Mela - Colmuyao - Cruce N-40 (Cobquecura)","CLASIFICACION":"Camino Regional Principal","CALZADA":"U"},"geometry":{"type":"LineString","coordinates":[[-72.85239,-36.37209],[-72.85423,-36.36864],[-72.85473,-36.36178],[-72.85073,-36.35976],[-72.84751,-36.35632]]}},{"id":"5165","type":"Feature","properties":{"ROL":"N-573-Q","NOMBRE_CAMINO":"Cruce Ruta 5 (Caletera Escuela Saltos del Laja) - Pangal del Laja - Cruce N-97-Q (Cholguán), Sector: Límite Regional (El Manzano) - Cholguán","CLASIFICACION":"Camino Regional Provincial","CALZADA":"U"},"geometry":{"type":"LineString","coordinates":[[-72.27576,-37.18408],[-72.25007,-37.18186]]}},{"id":"5166","type":"Feature","properties":{"ROL":"N-620","NOMBRE_CAMINO":"Cruce N-62 (Oro Verde) - Portezuelo - Orillas del Itata - Cruce N-62 (Membrillar)","CLASIFICACION":"Camino Regional Provincial","CALZADA":"U"},"geometry":{"type":"LineString","coordinates":[[-72.43445,-36.53113],[-72.46116,-36.52955],[-72.47347,-36.53487],[-72.49044,-36.53472],[-72.49645,-36.53873],[-72.50339,-36.5412],[-72.50652,-36.54365],[-72.5121,-36.54497],[-72.51698,-36.54817]]}},{"id":"5167","type":"Feature","properties":{"ROL":"N-410","NOMBRE_CAMINO":"Cruce Ruta 126 S (Quirihue) - Los Temos - Tres Esquinas - Cruce N-42 (La Achira)","CLASIFICACION":"Camino Regional Provincial","CALZADA":"U"},"geometry":{"type":"LineString","coordinates":[[-72.56485,-36.28314],[-72.56912,-36.28294],[-72.57697,-36.28773]]}},{"id":"5168","type":"Feature","properties":{"ROL":"N-601","NOMBRE_CAMINO":"Cruce N-59-Q (Variante Cruz Parada) - Puente Larqui - Cruce N-69 (Tres Esquinas)","CLASIFICACION":"Camino Regional Comunal","CALZADA":"D"},"geometry":{"type":"LineString","coordinates":[[-72.1685,-36.70007],[-72.17592,-36.70388],[-72.20025,-36.7082],[-72.20055,-36.70978]]}},{"id":"5169","type":"Feature","properties":{"ROL":"N-702","NOMBRE_CAMINO":"Cruce N-72 (Bulnes) - Larqui Poniente","CLASIFICACION":"Camino Regional Comunal","CALZADA":"U"},"geometry":{"type":"LineString","coordinates":[[-72.34823,-36.70776],[-72.3482,-36.70506],[-72.35349,-36.70589],[-72.36534,-36.70076]]}},{"id":"5170","type":"Feature","properties":{"ROL":"N-256","NOMBRE_CAMINO":"Cruce Ruta 5 (Pasarela Buli) - Buli Estación - Santa Amelia","CLASIFICACION":"Camino Regional Comunal","CALZADA":"U"},"geometry":{"type":"LineString","coordinates":[[-71.90489,-36.37841],[-71.91379,-36.36954],[-71.93037,-36.36039]]}},{"id":"6124","type":"Feature","properties":{"ROL":"N-335","NOMBRE_CAMINO":"Cruce Ruta 5 (Vía de Servicio, San Carlos) - Moticura - Cruce N-447 (Tres Esquinas)","CLASIFICACION":"Camino Regional Comunal","CALZADA":"U"},"geometry":{"type":"LineString","coordinates":[[-71.86004,-36.4682],[-71.8528,-36.46735],[-71.82221,-36.46811]]}},{"id":"6125","type":"Feature","properties":{"ROL":"N-299","NOMBRE_CAMINO":"Cruce N-31 (Cachapoal) - Las Rosas - Cruce N-261 (Zemita)","CLASIFICACION":"Camino Regional Comunal","CALZADA":"U"},"geometry":{"type":"LineString","coordinates":[[-71.73927,-36.44662],[-71.74143,-36.44165],[-71.76098,-36.43475]]}},{"id":"6126","type":"Feature","properties":{"ROL":"N-310","NOMBRE_CAMINO":"Cruce N-50 (San Nicolás) - La Maravilla - Cruce N-70-M (Chicalindo)","CLASIFICACION":"Camino Regional Provincial","CALZADA":"U"},"geometry":{"type":"LineString","coordinates":[[-72.21939,-36.50127],[-72.21769,-36.49237]]}},{"id":"6127","type":"Feature","properties":{"ROL":"N-479","NOMBRE_CAMINO":"Cruce N-447 (Bustamante) - Calabozo - Escuela Los Queñes","CLASIFICACION":"Camino Regional Comunal","CALZADA":"U"},"geometry":{"type":"LineString","coordinates":[[-71.76766,-36.58933],[-71.76195,-36.59215]]}},{"id":"6128","type":"Feature","properties":{"ROL":"N-631","NOMBRE_CAMINO":"Cruce Ruta 5 (Peaje Norte Bulnes) - Larqui Oriente - Cruce N-601 (Coltón)","CLASIFICACION":"Camino Regional Comunal","CALZADA":"U"},"geometry":{"type":"LineString","coordinates":[[-72.27387,-36.72357],[-72.26893,-36.72445],[-72.26375,-36.72951]]}},{"id":"6129","type":"Feature","properties":{"ROL":"N-653","NOMBRE_CAMINO":"Cruce N-59-Q (La Greda) - Carrizales - Cruce N-677 (Montaña Garay)","CLASIFICACION":"Camino Regional Comunal","CALZADA":"U"},"geometry":{"type":"LineString","coordinates":[[-72.10488,-36.80684],[-72.08407,-36.81087],[-72.07338,-36.81541]]}},{"id":"6130","type":"Feature","properties":{"ROL":"N-689","NOMBRE_CAMINO":"Cruce N-59-Q (Pueblo Seco) - Cruce N-685 (Las Quilas)","CLASIFICACION":"Camino Regional Comunal","CALZADA":"U"},"geometry":{"type":"LineString","coordinates":[[-72.03406,-36.87177],[-72.01139,-36.86038],[-72.01131,-36.85909],[-72.00528,-36.85588],[-72.00323,-36.84927]]}},{"id":"6601","type":"Feature","properties":{"ROL":"N-601","NOMBRE_CAMINO":"Cruce N-59-Q (Variante Cruz Parada) - Puente Larqui - Cruce N-69 (Tres Esquinas)","CLASIFICACION":"Camino Regional Comunal","CALZADA":"D"},"geometry":{"type":"LineString","coordinates":[[-72.20865,-36.78549],[-72.20902,-36.78828]]}},{"id":"8432","type":"Feature","properties":{"ROL":"N-715","NOMBRE_CAMINO":"Cruce N-631 (Santa Filomena) - Ranchito - Cruce N-601 (Llollinco)","CLASIFICACION":"Camino Regional Comunal","CALZADA":"U"},"geometry":{"type":"LineString","coordinates":[[-72.26025,-36.73094],[-72.25833,-36.72743],[-72.25656,-36.72764],[-72.25656,-36.72502],[-72.24924,-36.72711],[-72.24818,-36.72347],[-72.23961,-36.72718],[-72.22115,-36.72637],[-72.21367,-36.72876],[-72.212,-36.72447],[-72.2102,-36.72408],[-72.20585,-36.719],[-72.2008,-36.71665]]}}]}