{"type":"FeatureCollection","features":[{"id":"1443","type":"Feature","properties":{"ROL":"Ruta 1","NOMBRE_CAMINO":"Cruce Ruta 5 (Las Breas) - Taltal - Río Loa - Iquique, Sector: Cruce Ruta 28 (Antofagasta) - Caleta Coloso","CLASIFICACION":"Camino Nacional Longitudinal","CALZADA":"D"},"geometry":{"type":"LineString","coordinates":[[-70.42166,-23.69499],[-70.42451,-23.70662],[-70.43065,-23.70933],[-70.43283,-23.71249],[-70.43717,-23.72807]]}},{"id":"1444","type":"Feature","properties":{"ROL":"Ruta 1","NOMBRE_CAMINO":"Cruce Ruta 5 (Las Breas) - Taltal - Río Loa - Iquique, Sector: Cruce Ruta 28 (Antofagasta) - Caleta Coloso","CLASIFICACION":"Camino Nacional Longitudinal","CALZADA":"U"},"geometry":{"type":"LineString","coordinates":[[-70.49345,-23.79085],[-70.49425,-23.7911]]}},{"id":"1445","type":"Feature","properties":{"ROL":"Ruta 1","NOMBRE_CAMINO":"Cruce Ruta 5 (Las Breas) - Taltal - Río Loa - Iquique, Sector: Cruce Ruta 28 (Antofagasta) - Caleta Coloso","CLASIFICACION":"Camino Nacional Longitudinal","CALZADA":"U"},"geometry":{"type":"LineString","coordinates":[[-70.43717,-23.72807],[-70.44643,-23.74952],[-70.45229,-23.75178],[-70.45811,-23.75905],[-70.46253,-23.76051],[-70.46667,-23.7596],[-70.46716,-23.76273],[-70.47182,-23.76635],[-70.47211,-23.76973]]}},{"id":"1446","type":"Feature","properties":{"ROL":"Ruta 1","NOMBRE_CAMINO":"Cruce Ruta 5 (Las Breas) - Taltal - Río Loa - Iquique, Sector: Antofagasta - Río Loa","CLASIFICACION":"Camino Nacional Longitudinal","CALZADA":"U"},"geometry":{"type":"LineString","coordinates":[[-70.33103,-23.08012],[-70.31873,-23.01766],[-70.31346,-22.99856],[-70.30468,-22.98088],[-70.29112,-22.96509],[-70.27923,-22.93595],[-70.27298,-22.91388],[-70.2842,-22.84168],[-70.28961,-22.83519],[-70.29727,-22.8052],[-70.29328,-22.77991],[-70.29069,-22.77075],[-70.28267,-22.74963],[-70.27861,-22.74265],[-70.27983,-22.72784],[-70.26998,-22.68723],[-70.27124,-22.68104],[-70.26701,-22.66906],[-70.26747,-22.65585],[-70.25825,-22.64572],[-70.25895,-22.63254],[-70.26112,-22.62959],[-70.26165,-22.62411],[-70.26383,-22.62099],[-70.26047,-22.60529],[-70.26095,-22.59042],[-70.25745,-22.57906],[-70.26221,-22.56251],[-70.25659,-22.54915],[-70.2488,-22.53971],[-70.24777,-22.53232],[-70.24969,-22.52302],[-70.24281,-22.51728],[-70.24227,-22.51375],[-70.24456,-22.50938],[-70.24197,-22.50441],[-70.23818,-22.50207],[-70.23501,-22.49379],[-70.25058,-22.45989],[-70.26054,-22.4566],[-70.26191,-22.45439],[-70.25392,-22.4481],[-70.25433,-22.43463],[-70.25128,-22.41136],[-70.24107,-22.39333],[-70.23699,-22.38089],[-70.2511,-22.35987],[-70.25312,-22.3549],[-70.24817,-22.3488],[-70.24564,-22.3417],[-70.24673,-22.32721],[-70.24208,-22.32377],[-70.23454,-22.31112],[-70.23676,-22.29495],[-70.24098,-22.28359],[-70.23665,-22.27527],[-70.23215,-22.27129],[-70.22971,-22.26389],[-70.23029,-22.26173],[-70.23706,-22.25461],[-70.23609,-22.24801],[-70.22753,-22.23114],[-70.22833,-22.22651],[-70.22638,-22.21983],[-70.22269,-22.21506],[-70.22288,-22.19141],[-70.22046,-22.17712],[-70.22262,-22.16984],[-70.22217,-22.15355],[-70.21773,-22.14108],[-70.21269,-22.13286],[-70.21487,-22.1211],[-70.21408,-22.11624]]}},{"id":"1447","type":"Feature","properties":{"ROL":"Ruta 1","NOMBRE_CAMINO":"Cruce Ruta 5 (Las Breas) - Taltal - Río Loa - Iquique, Sector: Antofagasta - Río Loa","CLASIFICACION":"Camino Nacional Longitudinal","CALZADA":"D"},"geometry":{"type":"LineString","coordinates":[[-70.21408,-22.11624],[-70.21204,-22.11181],[-70.21521,-22.10657],[-70.21424,-22.10188],[-70.19604,-22.08879],[-70.19583,-22.08475],[-70.1919,-22.07269],[-70.18667,-22.06653]]}},{"id":"1448","type":"Feature","properties":{"ROL":"Ruta 1","NOMBRE_CAMINO":"Cruce Ruta 5 (Las Breas) - Taltal - Río Loa - Iquique, Sector: Antofagasta - Río Loa","CLASIFICACION":"Camino Nacional Longitudinal","CALZADA":"U"},"geometry":{"type":"LineString","coordinates":[[-70.18667,-22.06653],[-70.18353,-22.06156],[-70.18292,-22.05208],[-70.18522,-22.04535],[-70.18795,-22.04445],[-70.1869,-22.03935],[-70.18773,-22.03245],[-70.19286,-22.02499],[-70.19366,-22.01467],[-70.19522,-22.01264],[-70.19406,-22.01127],[-70.18636,-22.00889],[-70.18647,-22.00567],[-70.1814,-21.99139],[-70.18083,-21.97622],[-70.17203,-21.96461],[-70.17433,-21.95344],[-70.16728,-21.92638],[-70.17563,-21.90715],[-70.16688,-21.89399],[-70.15638,-21.88483],[-70.15093,-21.87792],[-70.14889,-21.87257],[-70.14706,-21.85845],[-70.14208,-21.8477],[-70.14408,-21.84091],[-70.14363,-21.83669],[-70.14161,-21.83289],[-70.14262,-21.83009],[-70.14201,-21.82692],[-70.14435,-21.82312],[-70.14522,-21.81759],[-70.14424,-21.80983],[-70.14075,-21.80869],[-70.14012,-21.80735],[-70.14224,-21.80399],[-70.1436,-21.79289],[-70.14874,-21.78192],[-70.15424,-21.76548],[-70.15401,-21.76163],[-70.14808,-21.74662],[-70.14913,-21.74003],[-70.14401,-21.71801],[-70.14462,-21.70718],[-70.1489,-21.69179],[-70.14828,-21.65546],[-70.14205,-21.63805],[-70.13879,-21.63595],[-70.13183,-21.63508],[-70.1239,-21.63111],[-70.1023,-21.61005],[-70.09168,-21.5893],[-70.09269,-21.57645],[-70.08893,-21.56699],[-70.08761,-21.55323],[-70.08415,-21.54613],[-70.07484,-21.5393],[-70.07065,-21.53279],[-70.06915,-21.52304],[-70.0748,-21.50309],[-70.0751,-21.48546],[-70.05274,-21.44352],[-70.0534,-21.43522],[-70.05591,-21.42663]]}},{"id":"1449","type":"Feature","properties":{"ROL":"Ruta 1","NOMBRE_CAMINO":"Cruce Ruta 5 (Las Breas) - Taltal - Río Loa - Iquique, Sector: Antofagasta - Río Loa","CLASIFICACION":"Camino Nacional Longitudinal","CALZADA":"D"},"geometry":{"type":"LineString","coordinates":[[-70.39563,-23.63794],[-70.39634,-23.6261],[-70.39269,-23.62011],[-70.39171,-23.61409],[-70.39233,-23.60192],[-70.39705,-23.59295],[-70.39337,-23.58606],[-70.3918,-23.57991],[-70.39648,-23.57279],[-70.39798,-23.56599],[-70.4026,-23.55696],[-70.39198,-23.54422]]}},{"id":"1450","type":"Feature","properties":{"ROL":"Ruta 1","NOMBRE_CAMINO":"Cruce Ruta 5 (Las Breas) - Taltal - Río Loa - Iquique, Sector: Antofagasta - Río Loa","CLASIFICACION":"Camino Nacional Longitudinal","CALZADA":"D"},"geometry":{"type":"LineString","coordinates":[[-70.39198,-23.54422],[-70.39402,-23.52808],[-70.40631,-23.50548],[-70.41155,-23.49163],[-70.4199,-23.47523],[-70.43965,-23.40393],[-70.43338,-23.38515],[-70.43096,-23.36766],[-70.42272,-23.33137],[-70.41584,-23.291],[-70.40729,-23.27522],[-70.39187,-23.25249]]}},{"id":"1451","type":"Feature","properties":{"ROL":"Ruta 25","NOMBRE_CAMINO":"Cruce Ruta 5 (Carmen Alto) - Calama","CLASIFICACION":"Camino Nacional","CALZADA":"U"},"geometry":{"type":"LineString","coordinates":[[-69.63412,-23.1828],[-69.61767,-23.17009],[-69.61035,-23.16169],[-69.57037,-23.1335],[-69.55588,-23.12996],[-69.53253,-23.11939],[-69.4949,-23.08347],[-69.48584,-23.0704],[-69.43108,-23.02129],[-69.38486,-22.97445],[-69.37619,-22.96439],[-69.32578,-22.89537],[-69.30879,-22.87991],[-69.29265,-22.8569],[-69.28795,-22.85498],[-69.27552,-22.85773],[-69.27168,-22.85704],[-69.25363,-22.84437],[-69.24165,-22.8313],[-69.2296,-22.81648],[-69.21962,-22.79895],[-69.21397,-22.77882],[-69.21401,-22.76268],[-69.21807,-22.75257],[-69.21808,-22.74957],[-69.20489,-22.73003],[-69.20153,-22.72041],[-69.19538,-22.71065],[-69.17416,-22.66435],[-69.17246,-22.65123],[-69.16697,-22.63992],[-69.14685,-22.63075],[-69.13487,-22.63591],[-69.12751,-22.63539],[-69.08661,-22.60908],[-69.07007,-22.59645],[-69.04103,-22.57863],[-68.99321,-22.54465],[-68.95125,-22.51993],[-68.9376,-22.51037],[-68.927,-22.49782],[-68.92559,-22.49314]]}},{"id":"1452","type":"Feature","properties":{"ROL":"Ruta 25","NOMBRE_CAMINO":"Cruce Ruta 5 (Carmen Alto) - Calama","CLASIFICACION":"Camino Nacional","CALZADA":"U"},"geometry":{"type":"LineString","coordinates":[[-68.92559,-22.49314],[-68.92115,-22.49175],[-68.90181,-22.4748],[-68.89901,-22.47087],[-68.89867,-22.46778],[-68.90023,-22.46434],[-68.89763,-22.45109],[-68.89839,-22.44692],[-68.91084,-22.43487],[-68.916,-22.43295]]}},{"id":"1453","type":"Feature","properties":{"ROL":"Ruta 21 CH","NOMBRE_CAMINO":"Calama - Ollagüe","CLASIFICACION":"Camino Nacional con Carácter de Internacional","CALZADA":"U"},"geometry":{"type":"LineString","coordinates":[[-68.90165,-22.4432],[-68.84009,-22.43142],[-68.77822,-22.40583],[-68.75169,-22.4056],[-68.73845,-22.40368],[-68.72977,-22.4048],[-68.724,-22.40359],[-68.71379,-22.40031],[-68.70932,-22.39637],[-68.70586,-22.39538],[-68.69465,-22.38803],[-68.69137,-22.38471],[-68.67566,-22.37634],[-68.67314,-22.37421],[-68.66726,-22.36452],[-68.66019,-22.34299],[-68.658,-22.34172],[-68.65201,-22.34182],[-68.65258,-22.338],[-68.64933,-22.33761],[-68.64949,-22.32416],[-68.64509,-22.31966],[-68.64566,-22.3143],[-68.63789,-22.30534],[-68.63341,-22.29329],[-68.62366,-22.27854],[-68.62064,-22.26602],[-68.61772,-22.26076]]}},{"id":"1454","type":"Feature","properties":{"ROL":"Ruta 21 CH","NOMBRE_CAMINO":"Calama - Ollagüe","CLASIFICACION":"Camino Nacional con Carácter de Internacional","CALZADA":"U"},"geometry":{"type":"LineString","coordinates":[[-68.25493,-21.70213],[-68.25023,-21.69727],[-68.25022,-21.6874],[-68.25124,-21.68271],[-68.25671,-21.67351],[-68.26408,-21.66905],[-68.2721,-21.65725],[-68.277,-21.65337],[-68.27494,-21.64785],[-68.28364,-21.63378],[-68.28733,-21.63034],[-68.29272,-21.62889],[-68.30224,-21.61683],[-68.31643,-21.6042],[-68.31162,-21.58544],[-68.31352,-21.57062],[-68.31759,-21.55348],[-68.31859,-21.5515],[-68.33481,-21.5393]]}},{"id":"1455","type":"Feature","properties":{"ROL":"Ruta 21 CH","NOMBRE_CAMINO":"Calama - Ollagüe","CLASIFICACION":"Camino Nacional con Carácter de Internacional","CALZADA":"U"},"geometry":{"type":"LineString","coordinates":[[-68.36337,-21.52563],[-68.39611,-21.49886],[-68.39826,-21.49589],[-68.39878,-21.49133],[-68.39281,-21.46544],[-68.38176,-21.44475],[-68.38551,-21.43141],[-68.38045,-21.42951],[-68.36914,-21.42981],[-68.36443,-21.4255],[-68.36239,-21.4192]]}},{"id":"1456","type":"Feature","properties":{"ROL":"Ruta 24","NOMBRE_CAMINO":"Cruce Ruta 5 (Crucero) - Calama","CLASIFICACION":"Camino Nacional","CALZADA":"U"},"geometry":{"type":"LineString","coordinates":[[-69.59561,-22.27946],[-69.46504,-22.27512],[-69.42769,-22.27149],[-69.36866,-22.27151],[-69.10154,-22.29104],[-69.08133,-22.29702],[-69.07356,-22.30578],[-69.06617,-22.30892],[-69.0569,-22.3154],[-69.04491,-22.31768],[-69.03658,-22.32203],[-69.03397,-22.32088],[-69.02874,-22.32269],[-69.01941,-22.32236],[-69.01695,-22.31989],[-68.9978,-22.31548],[-68.9781,-22.3194],[-68.9679,-22.32006],[-68.94601,-22.33033],[-68.9277,-22.32885]]}},{"id":"1457","type":"Feature","properties":{"ROL":"Ruta 24","NOMBRE_CAMINO":"Cruce Ruta 5 (Crucero) - Calama","CLASIFICACION":"Camino Nacional","CALZADA":"D"},"geometry":{"type":"LineString","coordinates":[[-68.92596,-22.35485],[-68.92943,-22.35797],[-68.9317,-22.36344],[-68.92974,-22.38286],[-68.93186,-22.39068],[-68.92908,-22.40401],[-68.92344,-22.40955]]}},{"id":"1458","type":"Feature","properties":{"ROL":"Ruta 24","NOMBRE_CAMINO":"Cruce Ruta 5 (Crucero) - Calama","CLASIFICACION":"Camino Nacional","CALZADA":"I"},"geometry":{"type":"LineString","coordinates":[[-68.9277,-22.32885],[-68.92211,-22.35027],[-68.92306,-22.35278],[-68.92596,-22.35485]]}},{"id":"1459","type":"Feature","properties":{"ROL":"Ruta 24","NOMBRE_CAMINO":"Cruce Ruta 5 (Crucero) - Calama","CLASIFICACION":"Camino Nacional","CALZADA":"I"},"geometry":{"type":"LineString","coordinates":[[-68.92344,-22.40955],[-68.91566,-22.41709],[-68.916,-22.43295]]}},{"id":"1460","type":"Feature","properties":{"ROL":"Ruta 28","NOMBRE_CAMINO":"Cruce Ruta 5 (La Negra) - Cruce Ruta 1 (Antofagasta)","CLASIFICACION":"Camino Nacional","CALZADA":"D"},"geometry":{"type":"LineString","coordinates":[[-70.31615,-23.77538],[-70.32024,-23.77375],[-70.33153,-23.76177],[-70.3426,-23.75948],[-70.35165,-23.75512],[-70.35316,-23.75062],[-70.35832,-23.74578],[-70.36162,-23.73948],[-70.35902,-23.73392],[-70.36231,-23.72832],[-70.37163,-23.72014],[-70.37832,-23.71901],[-70.37918,-23.71487],[-70.38965,-23.70802],[-70.39315,-23.70142],[-70.3961,-23.70106],[-70.40082,-23.69745],[-70.41565,-23.69916],[-70.42005,-23.69731],[-70.42166,-23.69499]]}},{"id":"1461","type":"Feature","properties":{"ROL":"Ruta 26","NOMBRE_CAMINO":"Cruce Ruta 5 (Estación Uribe) - Cruce Ruta 1 (Antofagasta)","CLASIFICACION":"Camino Nacional","CALZADA":"U"},"geometry":{"type":"LineString","coordinates":[[-70.26226,-23.60011],[-70.26573,-23.60148],[-70.28651,-23.62259],[-70.29204,-23.62445],[-70.30664,-23.62259],[-70.31866,-23.62848],[-70.33531,-23.62456],[-70.35255,-23.62567],[-70.36175,-23.62895],[-70.36635,-23.62678],[-70.37042,-23.6266],[-70.37199,-23.62809]]}},{"id":"1462","type":"Feature","properties":{"ROL":"Ruta 26","NOMBRE_CAMINO":"Cruce Ruta 5 (Estación Uribe) - Cruce Ruta 1 (Antofagasta)","CLASIFICACION":"Camino Nacional","CALZADA":"D"},"geometry":{"type":"LineString","coordinates":[[-70.37199,-23.62809],[-70.37733,-23.62887]]}},{"id":"1463","type":"Feature","properties":{"ROL":"Ruta 26","NOMBRE_CAMINO":"Cruce Ruta 5 (Estación Uribe) - Cruce Ruta 1 (Antofagasta)","CLASIFICACION":"Camino Nacional","CALZADA":"D"},"geometry":{"type":"LineString","coordinates":[[-70.37733,-23.62887],[-70.39628,-23.62866]]}},{"id":"1464","type":"Feature","properties":{"ROL":"B-189","NOMBRE_CAMINO":"Cruce Ruta 25 - Aeropuerto El Loa","CLASIFICACION":"Camino Regional de Acceso","CALZADA":"U"},"geometry":{"type":"LineString","coordinates":[[-68.92056,-22.49123],[-68.91091,-22.49498]]}},{"id":"1465","type":"Feature","properties":{"ROL":"B-241","NOMBRE_CAMINO":"Cruce Ruta 23 CH - San Pedro de Atacama - Cruce 23 CH","CLASIFICACION":"Camino Regional Comunal","CALZADA":"U"},"geometry":{"type":"LineString","coordinates":[[-68.21317,-22.90424],[-68.20397,-22.90952]]}},{"id":"1466","type":"Feature","properties":{"ROL":"B-241","NOMBRE_CAMINO":"Cruce Ruta 23 CH - San Pedro de Atacama - Cruce 23 CH","CLASIFICACION":"Camino Regional Comunal","CALZADA":"U"},"geometry":{"type":"LineString","coordinates":[[-68.19399,-22.91061],[-68.18503,-22.92733]]}},{"id":"1467","type":"Feature","properties":{"ROL":"B-241","NOMBRE_CAMINO":"Cruce Ruta 23 CH - San Pedro de Atacama - Cruce 23 CH","CLASIFICACION":"Camino Regional Comunal","CALZADA":"U"},"geometry":{"type":"LineString","coordinates":[[-68.20397,-22.90952],[-68.19509,-22.90961],[-68.19399,-22.91061]]}},{"id":"1468","type":"Feature","properties":{"ROL":"B-400","NOMBRE_CAMINO":"Cruce Ruta 5 (Uribe) - Cruce Ruta 1","CLASIFICACION":"Camino Regional Provincial","CALZADA":"U"},"geometry":{"type":"LineString","coordinates":[[-70.23039,-23.53514],[-70.24568,-23.52601],[-70.26062,-23.5207],[-70.27391,-23.51055],[-70.27801,-23.50897],[-70.27961,-23.50322],[-70.28638,-23.4954],[-70.29288,-23.48128],[-70.29693,-23.47824],[-70.30282,-23.46822],[-70.30813,-23.46353],[-70.31191,-23.44313],[-70.31552,-23.43525],[-70.31403,-23.42832],[-70.31384,-23.41613],[-70.31614,-23.40347],[-70.32191,-23.40168],[-70.32845,-23.39558],[-70.33928,-23.39032],[-70.38846,-23.37635],[-70.39318,-23.36996],[-70.39193,-23.36541],[-70.39421,-23.36289],[-70.40396,-23.36503],[-70.43059,-23.36582]]}},{"id":"1469","type":"Feature","properties":{"ROL":"B-710","NOMBRE_CAMINO":"Cruce Ruta 1 (Paposo) - Las Ruinas - Cruce B-700 (Varilla)","CLASIFICACION":"Camino Regional Comunal","CALZADA":"U"},"geometry":{"type":"LineString","coordinates":[[-70.46452,-25.00949],[-70.46108,-25.00432],[-70.45753,-25.02737],[-70.45482,-25.02936],[-70.44418,-25.01658],[-70.43585,-25.01518],[-70.4314,-25.01908],[-70.42399,-25.01846],[-70.41943,-25.01269],[-70.4078,-25.01152],[-70.4063,-25.00903],[-70.4073,-24.99946],[-70.40643,-24.99573],[-70.40897,-24.99068],[-70.40653,-24.98756],[-70.40607,-24.98251],[-70.40308,-24.98069],[-70.39726,-24.98106],[-70.38614,-24.97082],[-70.38462,-24.96783],[-70.37395,-24.96234],[-70.37248,-24.95756],[-70.37792,-24.94866],[-70.38149,-24.94648],[-70.38322,-24.94283],[-70.39298,-24.93674],[-70.39417,-24.93185],[-70.40103,-24.91769],[-70.39319,-24.86228],[-70.39319,-24.83797],[-70.38935,-24.83206],[-70.38767,-24.82266],[-70.38112,-24.80597],[-70.37702,-24.76093],[-70.36312,-24.72088],[-70.35178,-24.65921],[-70.34949,-24.63465],[-70.34416,-24.627],[-70.34174,-24.62056],[-70.32837,-24.51395],[-70.32181,-24.50338],[-70.30654,-24.41638],[-70.30677,-24.40966],[-70.30435,-24.39137],[-70.29844,-24.38248],[-70.30033,-24.37418],[-70.29075,-24.32748],[-70.29407,-24.27026],[-70.2927,-24.26005],[-70.29521,-24.24687],[-70.29433,-24.22361],[-70.29147,-24.20616],[-70.29217,-24.19023],[-70.2935,-24.18706],[-70.31279,-24.16265],[-70.31495,-24.15752]]}},{"id":"1470","type":"Feature","properties":{"ROL":"B-916","NOMBRE_CAMINO":"Cruce Ruta 1 - Acceso a Aeródromo Las Breas","CLASIFICACION":"Camino Regional de Acceso","CALZADA":"U"},"geometry":{"type":"LineString","coordinates":[[-70.38097,-25.55146],[-70.37927,-25.56191]]}},{"id":"1471","type":"Feature","properties":{"ROL":"Ruta 1","NOMBRE_CAMINO":"Cruce Ruta 5 (Las Breas) - Taltal - Río Loa - Iquique, Sector: Las Breas - Tal Tal - Paposo - Cruce B-700 (Caleta El Cobre)","CLASIFICACION":"Camino Nacional Longitudinal","CALZADA":"U"},"geometry":{"type":"LineString","coordinates":[[-70.35387,-25.56027],[-70.35805,-25.55477],[-70.37805,-25.55363],[-70.38041,-25.55242],[-70.38169,-25.54848],[-70.38613,-25.54376],[-70.38781,-25.53629],[-70.39301,-25.52749],[-70.40186,-25.51682],[-70.4105,-25.51174],[-70.41675,-25.50599],[-70.41798,-25.50151],[-70.42078,-25.49877],[-70.42386,-25.48778],[-70.43025,-25.48502],[-70.43558,-25.48433],[-70.4389,-25.4806],[-70.4405,-25.47754],[-70.43875,-25.47538],[-70.43976,-25.47362],[-70.43925,-25.4711],[-70.44248,-25.46815],[-70.44236,-25.46237],[-70.44479,-25.45803],[-70.44708,-25.44918],[-70.45826,-25.4372],[-70.45935,-25.43092],[-70.47187,-25.41874],[-70.47448,-25.41331],[-70.47938,-25.40748],[-70.47606,-25.40601],[-70.47081,-25.38973],[-70.46176,-25.38778],[-70.45392,-25.38355],[-70.45013,-25.37916],[-70.44973,-25.37541],[-70.44601,-25.36772],[-70.44628,-25.35117],[-70.44464,-25.3409],[-70.44635,-25.33197],[-70.45036,-25.32735],[-70.44828,-25.32107],[-70.45094,-25.31256],[-70.44983,-25.30319],[-70.45056,-25.2977],[-70.4478,-25.29056],[-70.44704,-25.28071],[-70.43956,-25.27343],[-70.43645,-25.26234],[-70.43288,-25.25689],[-70.43213,-25.24643],[-70.43695,-25.23889],[-70.43684,-25.22614],[-70.4393,-25.22167],[-70.43667,-25.20504],[-70.43317,-25.20001],[-70.43737,-25.18425],[-70.45218,-25.15878],[-70.46357,-25.13337],[-70.48282,-25.11096],[-70.49266,-25.10979],[-70.4963,-25.10433],[-70.49709,-25.09095],[-70.48267,-25.06938],[-70.47783,-25.0551],[-70.46952,-25.03897],[-70.46886,-25.02967],[-70.46392,-25.02545],[-70.46479,-25.00771]]}},{"id":"1472","type":"Feature","properties":{"ROL":"Ruta 1","NOMBRE_CAMINO":"Cruce Ruta 5 (Las Breas) - Taltal - Río Loa - Iquique, Sector: Las Breas - Tal Tal - Paposo - Cruce B-700 (Caleta El Cobre)","CLASIFICACION":"Camino Nacional Longitudinal","CALZADA":"U"},"geometry":{"type":"LineString","coordinates":[[-70.46479,-25.00771],[-70.46506,-25.00601]]}},{"id":"1473","type":"Feature","properties":{"ROL":"Ruta 1","NOMBRE_CAMINO":"Cruce Ruta 5 (Las Breas) - Taltal - Río Loa - Iquique, Sector: Las Breas - Tal Tal - Paposo - Cruce B-700 (Caleta El Cobre)","CLASIFICACION":"Camino Nacional Longitudinal","CALZADA":"U"},"geometry":{"type":"LineString","coordinates":[[-70.53035,-24.27121],[-70.53179,-24.26938],[-70.52752,-24.26173],[-70.52663,-24.24959],[-70.523,-24.24982]]}},{"id":"1474","type":"Feature","properties":{"ROL":"Ruta 24","NOMBRE_CAMINO":"Cruce Ruta 5 (Crucero) - Tocopilla","CLASIFICACION":"Camino Nacional","CALZADA":"U"},"geometry":{"type":"LineString","coordinates":[[-69.59561,-22.27946],[-69.71993,-22.28353],[-69.84211,-22.26816],[-69.98217,-22.20415],[-70.00441,-22.19258],[-70.00632,-22.19072],[-70.01566,-22.16998],[-70.02257,-22.1597],[-70.07722,-22.12904],[-70.08475,-22.11963],[-70.08998,-22.11773],[-70.0923,-22.11429],[-70.09763,-22.11404],[-70.10395,-22.10573],[-70.10827,-22.10237],[-70.11473,-22.0991],[-70.11916,-22.10033],[-70.1205,-22.09822],[-70.12388,-22.09845],[-70.12531,-22.09644],[-70.12969,-22.09576],[-70.1302,-22.09453],[-70.13332,-22.09696],[-70.13791,-22.09499],[-70.13956,-22.09275],[-70.14275,-22.09363],[-70.14322,-22.08985],[-70.14617,-22.08855],[-70.14556,-22.08679],[-70.14841,-22.08777],[-70.1507,-22.08587],[-70.15833,-22.0869],[-70.15913,-22.08612],[-70.15676,-22.08421],[-70.15744,-22.083],[-70.16172,-22.08242],[-70.17058,-22.08397],[-70.17244,-22.08268],[-70.18373,-22.0824],[-70.18646,-22.08058],[-70.18771,-22.07729],[-70.19246,-22.07446]]}},{"id":"1475","type":"Feature","properties":{"ROL":"Ruta 27 CH","NOMBRE_CAMINO":"San Pedro de Atacama - Paso Jama","CLASIFICACION":"Camino Nacional con Carácter de Internacional","CALZADA":"U"},"geometry":{"type":"LineString","coordinates":[[-68.19232,-22.91401],[-68.1859,-22.91281],[-68.12104,-22.91843],[-68.07273,-22.92474],[-68.01638,-22.91179],[-67.97246,-22.90883],[-67.95425,-22.90891],[-67.9458,-22.9097],[-67.94086,-22.91222],[-67.9318,-22.91205],[-67.91516,-22.91585],[-67.91161,-22.91527],[-67.89422,-22.91736],[-67.86652,-22.92859],[-67.85756,-22.93005],[-67.85519,-22.92911],[-67.85326,-22.92526],[-67.85024,-22.9233],[-67.84482,-22.92321],[-67.83909,-22.92101],[-67.82609,-22.9219],[-67.81901,-22.92409],[-67.81117,-22.92373],[-67.80763,-22.92059],[-67.80032,-22.92229],[-67.79496,-22.91484],[-67.79146,-22.91382],[-67.77441,-22.91758],[-67.76338,-22.91594],[-67.76189,-22.91485],[-67.76002,-22.90577],[-67.75837,-22.90452],[-67.73982,-22.90275],[-67.72669,-22.90592],[-67.71316,-22.91381],[-67.69179,-22.93725],[-67.68583,-22.94843],[-67.67277,-22.95686],[-67.66698,-22.96238],[-67.66528,-22.96568],[-67.65511,-22.97276],[-67.64841,-22.98479],[-67.63936,-22.98613],[-67.62244,-22.99638],[-67.61179,-23.0242],[-67.61339,-23.04714],[-67.61651,-23.05521],[-67.61347,-23.06223],[-67.60413,-23.07514],[-67.60003,-23.07806],[-67.59772,-23.08207],[-67.59395,-23.08525],[-67.58463,-23.08784],[-67.5739,-23.09533],[-67.56425,-23.0993],[-67.54769,-23.11009],[-67.53533,-23.12104],[-67.522,-23.12908],[-67.5155,-23.1368],[-67.50769,-23.13434],[-67.50026,-23.12976],[-67.49657,-23.12454],[-67.4936,-23.11469],[-67.49568,-23.10629],[-67.49351,-23.10253],[-67.50359,-23.08254],[-67.50562,-23.07609],[-67.50467,-23.07007],[-67.50835,-23.06827],[-67.50788,-23.06442],[-67.51086,-23.05833],[-67.50507,-23.0537],[-67.50539,-23.04932],[-67.4998,-23.05522],[-67.4868,-23.05998],[-67.47508,-23.06799],[-67.46941,-23.07556],[-67.44346,-23.09911],[-67.43042,-23.11903],[-67.4291,-23.12721],[-67.42531,-23.13309],[-67.42431,-23.14376],[-67.42212,-23.14667],[-67.41855,-23.14807],[-67.41511,-23.15371],[-67.40659,-23.15399],[-67.40395,-23.15517],[-67.40087,-23.16237],[-67.40251,-23.16877],[-67.40185,-23.17152],[-67.3988,-23.17424],[-67.3939,-23.17415],[-67.38748,-23.1796],[-67.38156,-23.18845],[-67.37351,-23.19696],[-67.32961,-23.20156],[-67.32139,-23.19698],[-67.31094,-23.19855],[-67.30548,-23.19748],[-67.30246,-23.19555],[-67.29494,-23.19459],[-67.27413,-23.19534],[-67.26778,-23.19329],[-67.25529,-23.19264],[-67.24338,-23.18927],[-67.23315,-23.18878],[-67.22166,-23.19124],[-67.19727,-23.19247],[-67.18743,-23.19835],[-67.17638,-23.20288],[-67.10429,-23.226],[-67.10116,-23.22825],[-67.09362,-23.23042],[-67.0884,-23.22903],[-67.08394,-23.22979],[-67.07609,-23.22463],[-67.074,-23.22516],[-67.06859,-23.22332],[-67.06695,-23.22603],[-67.06131,-23.22657]]}},{"id":"1476","type":"Feature","properties":{"ROL":"S/R-B-1143","NOMBRE_CAMINO":"Cruce Ruta 21 CH - Vado Santa Bárbara - Cruce B-141","CLASIFICACION":"Camino Regional Comunal (En Proceso de Enrolamiento)","CALZADA":"U"},"geometry":{"type":"LineString","coordinates":[[-68.53931,-21.94659],[-68.53983,-21.94519],[-68.5457,-21.94459],[-68.55771,-21.94942],[-68.59622,-21.96126],[-68.60035,-21.96784],[-68.60754,-21.97103],[-68.6105,-21.97605],[-68.60944,-21.97805],[-68.61095,-21.97974],[-68.60911,-21.98205],[-68.61026,-21.98479],[-68.61254,-21.98294],[-68.61735,-21.98471],[-68.62446,-21.98323]]}},{"id":"1477","type":"Feature","properties":{"ROL":"S/R-B-1147","NOMBRE_CAMINO":"Cruce B-1143 - Quinchamale","CLASIFICACION":"Camino Regional Comunal (En Proceso de Enrolamiento)","CALZADA":"U"},"geometry":{"type":"LineString","coordinates":[[-68.59989,-21.96719],[-68.60294,-21.96716],[-68.60573,-21.96261],[-68.60791,-21.95421],[-68.608,-21.94203],[-68.61115,-21.93444],[-68.60933,-21.92831],[-68.59642,-21.91849],[-68.59656,-21.9095],[-68.5983,-21.90916],[-68.59837,-21.90475]]}},{"id":"1478","type":"Feature","properties":{"ROL":"S/R-B-133","NOMBRE_CAMINO":"Cruce Ruta 5 - Cruce B-135 (Quillagua)","CLASIFICACION":"Camino Regional Comunal (En Proceso de Enrolamiento)","CALZADA":"U"},"geometry":{"type":"LineString","coordinates":[[-69.54335,-21.655],[-69.54047,-21.66046]]}},{"id":"1479","type":"Feature","properties":{"ROL":"S/R-B-163","NOMBRE_CAMINO":"Cruce B-155 (Turi) - Cruce B-145 (Ojo de San Pedro)","CLASIFICACION":"Camino Regional Comunal (En Proceso de Enrolamiento)","CALZADA":"U"},"geometry":{"type":"LineString","coordinates":[[-68.31883,-22.24602],[-68.3271,-22.24107],[-68.32493,-22.21801],[-68.32673,-22.21093],[-68.32728,-22.18053],[-68.32575,-22.16934],[-68.3217,-22.15424],[-68.31923,-22.14815],[-68.31488,-22.14334],[-68.31168,-22.13286],[-68.31136,-22.12672],[-68.31455,-22.1232],[-68.31051,-22.11134],[-68.31015,-22.09235],[-68.30835,-22.08764],[-68.30162,-22.07917],[-68.3018,-22.07581],[-68.29846,-22.07069],[-68.29869,-22.06789],[-68.30228,-22.06748],[-68.30157,-22.06514],[-68.30324,-22.06444],[-68.30578,-22.05671],[-68.30105,-22.04745],[-68.29958,-22.0409],[-68.29624,-22.03742],[-68.298,-22.02586],[-68.29648,-22.01459],[-68.29909,-22.01073],[-68.30878,-22.01067],[-68.31117,-22.00941],[-68.31427,-22.00173],[-68.32099,-21.99356],[-68.33733,-21.98893],[-68.34297,-21.98377]]}},{"id":"1480","type":"Feature","properties":{"ROL":"S/R-B-249","NOMBRE_CAMINO":"Cruce Ruta 24 - Bypass Ruta 24","CLASIFICACION":"Camino Regional Comunal (En Proceso de Enrolamiento)","CALZADA":"U"},"geometry":{"type":"LineString","coordinates":[[-68.92346,-22.42418],[-68.9207,-22.427],[-68.9158,-22.42915]]}},{"id":"1481","type":"Feature","properties":{"ROL":"S/R-B-361","NOMBRE_CAMINO":"Cruce Ruta 23 CH - Camar","CLASIFICACION":"Camino Regional de Acceso (En Proceso de Enrolamiento)","CALZADA":"U"},"geometry":{"type":"LineString","coordinates":[[-67.99822,-23.40894],[-67.97142,-23.40536],[-67.96151,-23.40663]]}},{"id":"1482","type":"Feature","properties":{"ROL":"B-141","NOMBRE_CAMINO":"Cruce Camino El Abra - Lequena","CLASIFICACION":"Camino Regional Comunal","CALZADA":"U"},"geometry":{"type":"LineString","coordinates":[[-68.61757,-21.92589],[-68.61619,-21.92219],[-68.61692,-21.92018],[-68.62902,-21.90632],[-68.63321,-21.89883],[-68.62929,-21.89567],[-68.62116,-21.89493],[-68.61981,-21.8921],[-68.62288,-21.88894],[-68.62284,-21.88733],[-68.6151,-21.88457],[-68.60864,-21.87848],[-68.60509,-21.87313],[-68.61285,-21.84844],[-68.61947,-21.81589],[-68.61943,-21.80309],[-68.62051,-21.79884],[-68.62661,-21.79491],[-68.62678,-21.79069],[-68.63445,-21.77535],[-68.63772,-21.7734],[-68.6417,-21.77398],[-68.64306,-21.773],[-68.64142,-21.76625],[-68.64376,-21.76003],[-68.64724,-21.7553],[-68.64937,-21.75434],[-68.64718,-21.75262],[-68.64709,-21.75102],[-68.65574,-21.72996],[-68.65817,-21.72865],[-68.65986,-21.7247],[-68.65747,-21.71878],[-68.6578,-21.70554],[-68.66272,-21.70253],[-68.66394,-21.69255],[-68.66283,-21.6852],[-68.66457,-21.68378],[-68.66426,-21.67572],[-68.66859,-21.67306],[-68.67419,-21.67205],[-68.67352,-21.66975],[-68.67013,-21.66647],[-68.67006,-21.65884],[-68.6675,-21.65623],[-68.66384,-21.66034],[-68.66286,-21.65929]]}},{"id":"1483","type":"Feature","properties":{"ROL":"B-180","NOMBRE_CAMINO":"Cruce Ruta 5 (Bombas) - Oficina Pedro de Valdivia - Oficina María Elena - Cruce Ruta 24","CLASIFICACION":"Camino Regional Provincial","CALZADA":"U"},"geometry":{"type":"LineString","coordinates":[[-69.622,-22.61189],[-69.6305,-22.61109],[-69.64271,-22.59522],[-69.65922,-22.58725]]}},{"id":"1484","type":"Feature","properties":{"ROL":"B-250","NOMBRE_CAMINO":"Cruce Ruta 5 (Garuma) - Cruce B-330 (Algorta Norte)","CLASIFICACION":"Camino Regional Comunal","CALZADA":"U"},"geometry":{"type":"LineString","coordinates":[[-69.6577,-23.01606],[-69.67489,-22.99524],[-69.71947,-22.96739],[-69.73108,-22.96311],[-69.75839,-22.96053],[-69.78708,-22.94831],[-69.80028,-22.94402],[-69.81114,-22.94079],[-69.81993,-22.94086],[-69.82168,-22.93942],[-69.82331,-22.93496]]}},{"id":"1485","type":"Feature","properties":{"ROL":"B-39","NOMBRE_CAMINO":"Cruce Ruta 5 (Baquedano) - Mina Lomas Bayas - Tilomonte - Tilopozo - Cruce Ruta 23 CH","CLASIFICACION":"Camino Regional Principal","CALZADA":"U"},"geometry":{"type":"LineString","coordinates":[[-69.63042,-23.36315],[-69.61801,-23.36324],[-69.60103,-23.3696],[-69.58582,-23.36926],[-69.56821,-23.37649],[-69.56215,-23.38068],[-69.51936,-23.39813],[-69.51327,-23.40376],[-69.50212,-23.40513],[-69.48853,-23.41146],[-69.47794,-23.4174],[-69.47174,-23.42292],[-69.45492,-23.43137],[-69.43056,-23.43952],[-69.4251,-23.44589],[-69.42088,-23.45365],[-69.41914,-23.46309],[-69.41688,-23.46678],[-69.4164,-23.47355],[-69.38433,-23.54917],[-69.37811,-23.55674],[-69.33648,-23.57164],[-69.29151,-23.57206],[-69.27379,-23.57836],[-69.25652,-23.57911],[-69.20678,-23.55878],[-69.16688,-23.54736],[-69.16089,-23.54728],[-69.14776,-23.55162],[-69.13484,-23.55204],[-69.05247,-23.54198],[-69.04379,-23.53975],[-69.0384,-23.53697],[-69.03424,-23.53736],[-69.0298,-23.53543],[-68.99813,-23.53718],[-68.97372,-23.53538],[-68.95751,-23.53576],[-68.9377,-23.53687],[-68.91332,-23.54157],[-68.89337,-23.54336],[-68.84799,-23.54342],[-68.83475,-23.54889],[-68.83163,-23.55194],[-68.79168,-23.60962],[-68.78601,-23.62219],[-68.78167,-23.63587],[-68.77816,-23.64125],[-68.76961,-23.6456],[-68.7621,-23.64645],[-68.75914,-23.65272],[-68.74888,-23.66115],[-68.73319,-23.66294],[-68.70236,-23.67298],[-68.69266,-23.6727],[-68.68361,-23.67484],[-68.67808,-23.67422],[-68.67104,-23.67017],[-68.66682,-23.66937],[-68.66257,-23.6693],[-68.65487,-23.6722],[-68.65045,-23.67118],[-68.64312,-23.67218],[-68.62171,-23.66196],[-68.5942,-23.66706],[-68.53589,-23.66145],[-68.53165,-23.65979],[-68.52847,-23.6559],[-68.37319,-23.63573],[-68.36759,-23.63435],[-68.36436,-23.63153],[-68.35319,-23.63155],[-68.34286,-23.63765],[-68.34312,-23.64714],[-68.34067,-23.65511],[-68.33831,-23.65734],[-68.338,-23.66166],[-68.33308,-23.6689],[-68.3107,-23.67579],[-68.31682,-23.68528],[-68.31227,-23.68936],[-68.31303,-23.69212],[-68.31022,-23.69565],[-68.30669,-23.70843],[-68.29804,-23.72057],[-68.29841,-23.73359],[-68.28806,-23.74288],[-68.28817,-23.74866],[-68.2829,-23.7563],[-68.26868,-23.76526],[-68.25458,-23.78635],[-68.25318,-23.79665],[-68.24321,-23.80293],[-68.19555,-23.80861],[-68.1889,-23.81258],[-68.18513,-23.81038],[-68.18128,-23.81032],[-68.17427,-23.80024],[-68.16574,-23.79235],[-68.16295,-23.78687],[-68.16296,-23.78332],[-68.15986,-23.78082],[-68.12825,-23.78672],[-68.11337,-23.77714],[-68.10584,-23.75728],[-68.09741,-23.718],[-68.09792,-23.70887],[-68.07369,-23.67929]]}},{"id":"1486","type":"Feature","properties":{"ROL":"B-39","NOMBRE_CAMINO":"Cruce Ruta 5 (Baquedano) - Mina Lomas Bayas - Tilomonte - Tilopozo - Cruce Ruta 23 CH","CLASIFICACION":"Camino Regional Principal","CALZADA":"U"},"geometry":{"type":"LineString","coordinates":[[-68.06009,-23.47363],[-68.06002,-23.46823],[-68.07316,-23.4311],[-68.0736,-23.40065],[-68.08318,-23.34731],[-68.08288,-23.332]]}},{"id":"1487","type":"Feature","properties":{"ROL":"B-410","NOMBRE_CAMINO":"Cruce Ruta 5 - Sierra Miranda - Cruce B-330 (Oficina Ercilla)","CLASIFICACION":"Camino Regional Comunal","CALZADA":"U"},"geometry":{"type":"LineString","coordinates":[[-70.16975,-23.38388],[-70.1588,-23.35895],[-70.15284,-23.35555],[-70.1479,-23.35075],[-70.14683,-23.34541],[-70.14761,-23.34169],[-70.13664,-23.334],[-70.13606,-23.32882],[-70.13123,-23.31437],[-70.13143,-23.30189],[-70.12992,-23.28971],[-70.12364,-23.28337],[-70.10834,-23.26066],[-70.10109,-23.2541],[-70.09408,-23.24147],[-70.08404,-23.23822],[-70.07125,-23.2313],[-70.06388,-23.22888],[-70.06152,-23.22668],[-70.05963,-23.22122],[-70.05166,-23.21526]]}},{"id":"1488","type":"Feature","properties":{"ROL":"B-410","NOMBRE_CAMINO":"Cruce Ruta 5 - Sierra Miranda - Cruce B-330 (Oficina Ercilla)","CLASIFICACION":"Camino Regional Comunal","CALZADA":"U"},"geometry":{"type":"LineString","coordinates":[[-70.02438,-23.20013],[-70.02053,-23.19791],[-70.01834,-23.19308],[-70.01404,-23.19171],[-70.00136,-23.18007],[-69.99526,-23.17836],[-69.97301,-23.16373],[-69.96496,-23.16157],[-69.95598,-23.16483],[-69.95192,-23.16483],[-69.93959,-23.16166],[-69.93314,-23.15823],[-69.92651,-23.15813],[-69.91592,-23.15482],[-69.90768,-23.1484],[-69.88048,-23.13441],[-69.87756,-23.13337],[-69.87366,-23.13495]]}},{"id":"1489","type":"Feature","properties":{"ROL":"B-510","NOMBRE_CAMINO":"Cruce Ruta 5 (El Way) - Cruce Ruta 1 (Coloso)","CLASIFICACION":"Camino Regional Provincial","CALZADA":"U"},"geometry":{"type":"LineString","coordinates":[[-70.31373,-23.83394],[-70.31905,-23.8342],[-70.32301,-23.83597]]}},{"id":"1490","type":"Feature","properties":{"ROL":"B-800","NOMBRE_CAMINO":"Cruce Ruta 5 - Mina Santa Julia - Cruce B-710 (Las Ruinas)","CLASIFICACION":"Camino Regional Comunal","CALZADA":"U"},"geometry":{"type":"LineString","coordinates":[[-70.06754,-24.86162],[-70.13316,-24.86736],[-70.17881,-24.87355],[-70.20986,-24.87533],[-70.21949,-24.87944],[-70.23641,-24.87822],[-70.24178,-24.88493],[-70.25012,-24.88718],[-70.26676,-24.88623],[-70.2795,-24.88887],[-70.28741,-24.88783],[-70.2976,-24.89312],[-70.30415,-24.89352],[-70.31395,-24.90036],[-70.31843,-24.9064],[-70.3268,-24.91318],[-70.34207,-24.91669],[-70.34621,-24.92205],[-70.34751,-24.92832],[-70.35917,-24.93354],[-70.36552,-24.93827],[-70.36442,-24.94385],[-70.36894,-24.94812],[-70.37251,-24.95773]]}},{"id":"1491","type":"Feature","properties":{"ROL":"B-885","NOMBRE_CAMINO":"Cruce Ruta 5 - Salar de La Azufrera","CLASIFICACION":"Camino Regional Comunal","CALZADA":"U"},"geometry":{"type":"LineString","coordinates":[[-69.66984,-25.34708],[-69.60261,-25.35019],[-69.55781,-25.35568],[-69.54721,-25.35898],[-69.5333,-25.35804],[-69.50045,-25.36471],[-69.49062,-25.36903],[-69.48479,-25.36943],[-69.47966,-25.37296],[-69.46978,-25.37097],[-69.46491,-25.36853],[-69.43871,-25.36675],[-69.41402,-25.37484],[-69.40645,-25.37485],[-69.39486,-25.37941],[-69.38519,-25.37895],[-69.38218,-25.3761],[-69.37799,-25.37542],[-69.3727,-25.37129],[-69.3676,-25.3668],[-69.36427,-25.36175],[-69.35281,-25.35926],[-69.34611,-25.3636],[-69.33218,-25.36364],[-69.32075,-25.36597],[-69.26652,-25.38119],[-69.25348,-25.38786],[-69.24204,-25.38843],[-69.22296,-25.38611],[-69.21285,-25.38039],[-69.21089,-25.37623],[-69.20824,-25.37721],[-69.20565,-25.37314],[-69.20623,-25.37061],[-69.20337,-25.37168],[-69.17445,-25.35738],[-69.1655,-25.3519],[-69.14266,-25.33299],[-69.12646,-25.31624],[-69.11384,-25.28674],[-69.11044,-25.28158],[-69.09144,-25.2564],[-69.06969,-25.23532],[-69.06455,-25.23244],[-69.04036,-25.22707],[-68.99687,-25.20419],[-68.99366,-25.20076],[-68.99013,-25.19254],[-68.98621,-25.17853],[-68.98158,-25.17408],[-68.97048,-25.16795],[-68.94919,-25.16399],[-68.9325,-25.16464],[-68.87372,-25.17058],[-68.76781,-25.1389],[-68.74847,-25.13049],[-68.73481,-25.13209],[-68.72369,-25.13018],[-68.71117,-25.12581],[-68.71096,-25.12452],[-68.72479,-25.11714],[-68.69693,-25.10672],[-68.6968,-25.10584],[-68.70118,-25.1055],[-68.69567,-25.10143],[-68.68736,-25.10064],[-68.67899,-25.09677],[-68.67451,-25.09086],[-68.66872,-25.07663],[-68.66262,-25.06694],[-68.65851,-25.05396],[-68.65789,-25.03355],[-68.65577,-25.0173],[-68.64605,-25.00818],[-68.64143,-25.00878],[-68.64066,-25.00745],[-68.64528,-24.99865],[-68.65084,-24.99355],[-68.65128,-24.98475],[-68.64828,-24.98105],[-68.63372,-24.97524],[-68.62672,-24.97507],[-68.62236,-24.98364],[-68.60887,-24.98977],[-68.60523,-24.99896],[-68.5785,-25.02157],[-68.5797,-25.02852],[-68.57898,-25.03809],[-68.58335,-25.04164],[-68.57917,-25.05148],[-68.57503,-25.05231],[-68.57271,-25.05438],[-68.5717,-25.06099],[-68.56901,-25.067],[-68.55685,-25.07346],[-68.54277,-25.07757],[-68.5387,-25.08194],[-68.53351,-25.09689],[-68.52121,-25.09624],[-68.50674,-25.08916],[-68.50309,-25.09069]]}},{"id":"1492","type":"Feature","properties":{"ROL":"B-97-A","NOMBRE_CAMINO":"Ruta Andina, Sector: Av. Los Héroes (Ollagüe) - Límite Regional","CLASIFICACION":"Camino Regional Principal","CALZADA":"U"},"geometry":{"type":"LineString","coordinates":[[-68.28091,-21.14374],[-68.28942,-21.13618],[-68.28801,-21.13163],[-68.29089,-21.12787],[-68.29741,-21.12423],[-68.29979,-21.11968],[-68.30505,-21.1163],[-68.31104,-21.10694],[-68.32407,-21.09506],[-68.33249,-21.09042],[-68.33608,-21.08667],[-68.34004,-21.08655],[-68.35678,-21.07899],[-68.3565,-21.07755],[-68.36031,-21.07228],[-68.36457,-21.07104],[-68.36775,-21.06851],[-68.36456,-21.04846],[-68.3685,-21.03344],[-68.37208,-21.03005],[-68.37717,-21.02912],[-68.38002,-21.02456],[-68.38867,-21.01879],[-68.39016,-21.01457],[-68.39293,-21.01215],[-68.40117,-21.00849],[-68.41409,-21.01238],[-68.44895,-21.01113],[-68.45194,-21.01051],[-68.45357,-21.00777],[-68.45494,-21.00887],[-68.46039,-21.00905],[-68.46257,-21.00706],[-68.46586,-21.01005],[-68.48249,-21.01515],[-68.48929,-21.01524],[-68.50036,-21.00926],[-68.50194,-21.00399],[-68.5052,-21.00046],[-68.50522,-20.99832]]}},{"id":"1493","type":"Feature","properties":{"ROL":"B-350","NOMBRE_CAMINO":"Cruce B-400 - Cruce B-410","CLASIFICACION":"Camino Regional Comunal","CALZADA":"U"},"geometry":{"type":"LineString","coordinates":[[-70.27275,-23.33602],[-70.26362,-23.33081],[-70.24939,-23.32536],[-70.23682,-23.31527],[-70.23403,-23.31133],[-70.2315,-23.29697],[-70.22646,-23.28428],[-70.2232,-23.27167],[-70.2179,-23.26983],[-70.21119,-23.26385],[-70.21029,-23.26111],[-70.2042,-23.26006],[-70.19891,-23.26084]]}},{"id":"1494","type":"Feature","properties":{"ROL":"B-159","NOMBRE_CAMINO":"Cruce B-165 - Caspana","CLASIFICACION":"Camino Regional Comunal","CALZADA":"U"},"geometry":{"type":"LineString","coordinates":[[-68.24149,-22.34527],[-68.22981,-22.34909],[-68.23048,-22.34728],[-68.22865,-22.3476],[-68.22602,-22.34359],[-68.22407,-22.34392],[-68.22439,-22.34202],[-68.22216,-22.34171],[-68.22203,-22.33451],[-68.21429,-22.3334]]}},{"id":"1495","type":"Feature","properties":{"ROL":"B-179","NOMBRE_CAMINO":"Cruce B-165 - Cruce B-245 (Linzor)","CLASIFICACION":"Camino Regional Comunal","CALZADA":"U"},"geometry":{"type":"LineString","coordinates":[[-68.15423,-22.24182],[-68.14446,-22.24483],[-68.14601,-22.24766],[-68.14281,-22.25002],[-68.13524,-22.24703],[-68.13486,-22.25216],[-68.13314,-22.25309],[-68.12156,-22.24795],[-68.11727,-22.25203],[-68.1125,-22.2503],[-68.11293,-22.2531],[-68.10308,-22.25279],[-68.10038,-22.25167],[-68.09582,-22.25223],[-68.09098,-22.25532],[-68.0834,-22.25295],[-68.08064,-22.25028],[-68.07919,-22.25284],[-68.07674,-22.25243],[-68.07547,-22.25079],[-68.07464,-22.25198],[-68.07429,-22.24995],[-68.07329,-22.25177],[-68.06752,-22.25016],[-68.06596,-22.25244],[-68.06421,-22.24973],[-68.05942,-22.24785],[-68.05585,-22.24196],[-68.04971,-22.23867],[-68.0475,-22.2392],[-68.04533,-22.23625],[-68.04235,-22.23566],[-68.04007,-22.23194],[-68.03512,-22.22992],[-68.02571,-22.22815],[-68.02298,-22.22972],[-68.02183,-22.23449]]}},{"id":"1496","type":"Feature","properties":{"ROL":"B-184","NOMBRE_CAMINO":"Cruce Ruta 5 - Oficina Vergara - Cruce B-180","CLASIFICACION":"Camino Regional Comunal","CALZADA":"U"},"geometry":{"type":"LineString","coordinates":[[-69.56855,-22.45056],[-69.58563,-22.45122],[-69.5882,-22.4526],[-69.59011,-22.45573],[-69.61257,-22.46342]]}},{"id":"1497","type":"Feature","properties":{"ROL":"B-233","NOMBRE_CAMINO":"Cruce B-229 - Mina San Juan","CLASIFICACION":"Camino Regional de Acceso","CALZADA":"U"},"geometry":{"type":"LineString","coordinates":[[-69.0914,-23.05393],[-69.07677,-23.07242],[-69.07545,-23.07793],[-69.0702,-23.08313],[-69.06118,-23.08795],[-69.05512,-23.08922],[-69.04783,-23.09459],[-69.04232,-23.09603],[-69.04116,-23.09846],[-69.03647,-23.09887],[-69.03345,-23.10091],[-69.02843,-23.11056],[-69.02395,-23.11348],[-69.02082,-23.11752],[-69.01442,-23.11775]]}},{"id":"1498","type":"Feature","properties":{"ROL":"B-357","NOMBRE_CAMINO":"Cruce Ruta 23 CH (Arenales) - Paso Huaytiquina","CLASIFICACION":"Camino Regional Comunal","CALZADA":"U"},"geometry":{"type":"LineString","coordinates":[[-67.89037,-23.31288],[-67.8737,-23.31428],[-67.86034,-23.31837],[-67.84447,-23.31952],[-67.83577,-23.32269],[-67.80472,-23.32201],[-67.79442,-23.32382],[-67.7977,-23.32628],[-67.80063,-23.33368],[-67.80917,-23.34643],[-67.81646,-23.35308],[-67.81543,-23.35567],[-67.82246,-23.36736],[-67.8214,-23.37604],[-67.79866,-23.39673],[-67.79357,-23.40651],[-67.78336,-23.41747],[-67.77608,-23.42909],[-67.7714,-23.43208],[-67.76936,-23.43986],[-67.76849,-23.45205],[-67.73738,-23.49247],[-67.73054,-23.49418],[-67.72921,-23.49813],[-67.72304,-23.50215],[-67.70848,-23.5031],[-67.69373,-23.50797],[-67.68739,-23.50572],[-67.67785,-23.50458],[-67.67221,-23.50795],[-67.65946,-23.50963],[-67.65201,-23.51437],[-67.64566,-23.52112],[-67.63074,-23.52919],[-67.61641,-23.53388],[-67.61121,-23.53411],[-67.60747,-23.53628],[-67.59931,-23.5436],[-67.56207,-23.59018],[-67.54697,-23.61641],[-67.52499,-23.64282],[-67.50879,-23.64657],[-67.49175,-23.64525],[-67.47877,-23.64626],[-67.46506,-23.6546],[-67.45944,-23.65949],[-67.43569,-23.67261],[-67.43208,-23.67303],[-67.42657,-23.67107],[-67.41128,-23.66966],[-67.40842,-23.66656],[-67.40487,-23.66496],[-67.39621,-23.66571],[-67.37399,-23.6768],[-67.36793,-23.67406],[-67.36538,-23.67042],[-67.3628,-23.66942],[-67.35025,-23.66842],[-67.3465,-23.66942],[-67.34344,-23.67304],[-67.34009,-23.67402],[-67.33184,-23.68082],[-67.32146,-23.68447],[-67.31544,-23.68362],[-67.30695,-23.68488],[-67.29359,-23.69082],[-67.28445,-23.69659],[-67.26032,-23.70602],[-67.24975,-23.71249],[-67.24307,-23.71849],[-67.23526,-23.72332],[-67.22725,-23.73095],[-67.22378,-23.73234]]}},{"id":"1499","type":"Feature","properties":{"ROL":"B-472","NOMBRE_CAMINO":"Cruce Ruta 5 - Límite Urbano Antofagasta","CLASIFICACION":"Camino Regional de Acceso","CALZADA":"U"},"geometry":{"type":"LineString","coordinates":[[-70.37011,-23.65651],[-70.37038,-23.64988]]}},{"id":"1500","type":"Feature","properties":{"ROL":"B-194","NOMBRE_CAMINO":"Cruce Ruta 1 - Caleta Cobija","CLASIFICACION":"Camino Regional de Acceso","CALZADA":"U"},"geometry":{"type":"LineString","coordinates":[[-70.25924,-22.55522],[-70.26407,-22.55262],[-70.26567,-22.55297],[-70.26756,-22.55085]]}},{"id":"1501","type":"Feature","properties":{"ROL":"B-860","NOMBRE_CAMINO":"Cruce B-750 - Cruce B-874 (Oficina Alemania)","CLASIFICACION":"Camino Regional Comunal","CALZADA":"U"},"geometry":{"type":"LineString","coordinates":[[-70.11816,-25.01823],[-70.10723,-25.02364],[-70.06957,-25.04688],[-70.03727,-25.05425],[-69.98385,-25.07131],[-69.97741,-25.07731],[-69.9634,-25.09629],[-69.95536,-25.10257],[-69.91575,-25.14125],[-69.91418,-25.14155],[-69.90341,-25.15572]]}},{"id":"1502","type":"Feature","properties":{"ROL":"B-213","NOMBRE_CAMINO":"Cruce B-207 - San Bartolo","CLASIFICACION":"Camino Regional de Acceso","CALZADA":"U"},"geometry":{"type":"LineString","coordinates":[[-68.26551,-22.68717],[-68.24754,-22.69891],[-68.24444,-22.70296],[-68.23894,-22.70664],[-68.23953,-22.71198],[-68.23082,-22.71238],[-68.22927,-22.71419],[-68.22856,-22.71315],[-68.22969,-22.71124],[-68.22823,-22.70883],[-68.22736,-22.70928],[-68.2265,-22.71288],[-68.22346,-22.71698],[-68.22569,-22.72021],[-68.2245,-22.7255],[-68.22111,-22.731],[-68.22054,-22.72951],[-68.2192,-22.73033],[-68.22013,-22.72866],[-68.21825,-22.72906],[-68.21895,-22.72813],[-68.21806,-22.72772],[-68.21667,-22.72825],[-68.21569,-22.73132]]}},{"id":"1503","type":"Feature","properties":{"ROL":"B-195","NOMBRE_CAMINO":"Cruce Ruta 23 CH (Cerrillos) - Tuina - Acceso al Puente El Diablo","CLASIFICACION":"Camino Regional Comunal","CALZADA":"U"},"geometry":{"type":"LineString","coordinates":[[-68.67303,-22.6067],[-68.57145,-22.57829],[-68.54171,-22.54785],[-68.52847,-22.5437],[-68.52191,-22.5462],[-68.51826,-22.54519],[-68.51329,-22.54584],[-68.4991,-22.5197],[-68.49917,-22.51718],[-68.4972,-22.51381],[-68.48778,-22.50749],[-68.47868,-22.50522],[-68.47216,-22.50168],[-68.53383,-22.33875],[-68.53638,-22.32865]]}},{"id":"1504","type":"Feature","properties":{"ROL":"B-965","NOMBRE_CAMINO":"Cruce B-955 - Cruce B-955 (Altamira)","CLASIFICACION":"Camino Regional Comunal","CALZADA":"U"},"geometry":{"type":"LineString","coordinates":[[-70.31805,-25.76392],[-70.3127,-25.77506],[-70.30193,-25.78241],[-70.28857,-25.78638],[-70.28154,-25.7939],[-70.27965,-25.80906],[-70.27353,-25.81323],[-70.27127,-25.8179],[-70.27607,-25.83534],[-70.27134,-25.85874],[-70.26784,-25.8692],[-70.25626,-25.87328],[-70.24318,-25.87463],[-70.23282,-25.87908],[-70.22717,-25.8779],[-70.21646,-25.88561],[-70.20961,-25.88769],[-70.20269,-25.89228],[-70.19803,-25.89824],[-70.17401,-25.90337],[-70.16709,-25.909],[-70.16221,-25.911],[-70.14607,-25.91447],[-70.13506,-25.91963],[-70.12461,-25.92106],[-70.11846,-25.91999],[-70.11567,-25.9137],[-70.11326,-25.91233],[-70.1063,-25.91592],[-70.09966,-25.91594],[-70.09093,-25.92033],[-70.07833,-25.91851],[-70.06674,-25.91381],[-70.06106,-25.9139],[-70.04131,-25.92205],[-70.02931,-25.91739],[-70.00804,-25.88935],[-70.00391,-25.8782],[-69.99819,-25.86932],[-69.99634,-25.86359],[-69.98735,-25.85689],[-69.9775,-25.84367],[-69.96551,-25.83045],[-69.96256,-25.82296],[-69.96206,-25.81208],[-69.96027,-25.80768],[-69.95578,-25.80228],[-69.94614,-25.79826],[-69.93145,-25.79905],[-69.91602,-25.79508]]}},{"id":"1505","type":"Feature","properties":{"ROL":"B-359","NOMBRE_CAMINO":"Cruce B-357 - Talabre - Cruce B-357","CLASIFICACION":"Camino Regional Comunal","CALZADA":"U"},"geometry":{"type":"LineString","coordinates":[[-67.89611,-23.31203],[-67.88832,-23.316],[-67.88452,-23.31601],[-67.88058,-23.31396]]}},{"id":"1506","type":"Feature","properties":{"ROL":"B-865","NOMBRE_CAMINO":"Cruce B-875 (Macho Muerto) - Minera Amax - Cruce B-855 (Guanaco)","CLASIFICACION":"Camino Regional Comunal","CALZADA":"U"},"geometry":{"type":"LineString","coordinates":[[-69.78005,-25.20172],[-69.77101,-25.19187],[-69.77065,-25.18919],[-69.76512,-25.18621],[-69.75833,-25.18642],[-69.75186,-25.18408],[-69.74466,-25.17493],[-69.7341,-25.16866],[-69.7187,-25.15621],[-69.71161,-25.14785],[-69.69971,-25.14011],[-69.68079,-25.13709],[-69.67441,-25.13073],[-69.62807,-25.12068],[-69.6207,-25.12048],[-69.61649,-25.11702],[-69.61058,-25.1174],[-69.6018,-25.11292],[-69.59416,-25.11094],[-69.5456,-25.10161]]}},{"id":"1507","type":"Feature","properties":{"ROL":"B-229","NOMBRE_CAMINO":"Cruce Ruta 25 (Sierra Gorda) - Cerro Caracoles","CLASIFICACION":"Camino Regional Comunal","CALZADA":"U"},"geometry":{"type":"LineString","coordinates":[[-69.31829,-22.88883],[-69.31118,-22.89046],[-69.30787,-22.89],[-69.30009,-22.89232],[-69.22217,-22.92308],[-69.21492,-22.92457],[-69.19444,-22.93624],[-69.16791,-22.94749],[-69.16442,-22.95076],[-69.1444,-22.94967],[-69.13827,-22.94995],[-69.13403,-22.95155],[-69.13408,-22.9531],[-69.14189,-22.96118],[-69.1401,-22.96678],[-69.13344,-22.97404],[-69.13111,-22.97486],[-69.13091,-22.97707],[-69.13843,-23.00292],[-69.13749,-23.00741],[-69.1401,-23.0127],[-69.12806,-23.01528],[-69.12287,-23.01445],[-69.12137,-23.01521],[-69.12063,-23.01821],[-69.11115,-23.01824],[-69.07813,-23.02208],[-69.0745,-23.02112],[-69.06823,-23.01615],[-69.05746,-23.02179],[-69.03234,-23.02691],[-69.00952,-23.03854],[-69.00574,-23.03777]]}},{"id":"1508","type":"Feature","properties":{"ROL":"B-874","NOMBRE_CAMINO":"Cruce Ruta 5 (Oficina Chile) - Cruce B-750 (Oficina Santa Luisa)","CLASIFICACION":"Camino Regional Comunal","CALZADA":"U"},"geometry":{"type":"LineString","coordinates":[[-69.86772,-25.16448],[-69.88113,-25.16438],[-69.90341,-25.15571],[-69.91238,-25.15413],[-69.92465,-25.15874],[-69.96514,-25.1797],[-69.97886,-25.18191],[-69.98775,-25.18144],[-69.99219,-25.18848],[-70.00119,-25.21409],[-70.00809,-25.21711],[-70.01116,-25.21999],[-70.02915,-25.2264],[-70.04762,-25.22878],[-70.12273,-25.22364]]}},{"id":"1509","type":"Feature","properties":{"ROL":"B-605","NOMBRE_CAMINO":"Cruce Ruta 5 - Cruce B-55 (Yungay)","CLASIFICACION":"Camino Regional Comunal","CALZADA":"U"},"geometry":{"type":"LineString","coordinates":[[-69.97716,-24.32013],[-69.97307,-24.31885],[-69.96816,-24.31497],[-69.96779,-24.31138],[-69.95596,-24.29122],[-69.95102,-24.28508],[-69.95284,-24.2831],[-69.95144,-24.27905],[-69.93964,-24.2635],[-69.93882,-24.2548],[-69.9155,-24.2107],[-69.91499,-24.20401],[-69.9169,-24.19785],[-69.91914,-24.1934],[-69.92321,-24.18971],[-69.92229,-24.1859],[-69.91778,-24.17963],[-69.91694,-24.1718],[-69.91351,-24.16761],[-69.91355,-24.14971],[-69.90798,-24.14463],[-69.90634,-24.13944],[-69.90235,-24.13591],[-69.89269,-24.14084],[-69.88886,-24.14144],[-69.88527,-24.1401],[-69.88007,-24.13444],[-69.90225,-24.10478],[-69.90437,-24.09982],[-69.91779,-24.08076],[-69.92008,-24.07949]]}},{"id":"1510","type":"Feature","properties":{"ROL":"B-895","NOMBRE_CAMINO":"Cruce B-855 (Oficina Catalina) - Cruce B-955 (Minera Altamira)","CLASIFICACION":"Camino Regional Comunal","CALZADA":"U"},"geometry":{"type":"LineString","coordinates":[[-69.72218,-25.23189],[-69.71762,-25.23447],[-69.71536,-25.23742],[-69.71552,-25.24076],[-69.71287,-25.24863],[-69.69832,-25.27204],[-69.69522,-25.27586],[-69.69106,-25.27744],[-69.69152,-25.27979],[-69.68965,-25.28185],[-69.68076,-25.28818],[-69.67946,-25.29507],[-69.68092,-25.30461],[-69.67318,-25.31597],[-69.67006,-25.3247],[-69.67585,-25.3487],[-69.69704,-25.46406],[-69.7026,-25.47944],[-69.70807,-25.49906],[-69.70932,-25.50797],[-69.72143,-25.53957],[-69.72293,-25.55113],[-69.72344,-25.57696],[-69.72187,-25.58593],[-69.72787,-25.60125],[-69.73679,-25.61361],[-69.7351,-25.62086],[-69.73854,-25.63214],[-69.73681,-25.64419],[-69.76069,-25.69279],[-69.77589,-25.71394],[-69.78176,-25.72579],[-69.79436,-25.74258],[-69.79912,-25.7537],[-69.80857,-25.76573],[-69.83022,-25.77892],[-69.84562,-25.79702],[-69.84648,-25.80077]]}},{"id":"1511","type":"Feature","properties":{"ROL":"B-119-C","NOMBRE_CAMINO":"Cruce C-125 (Carrizalillo) - Cruce B-965, Sector: Límite Regional - Altamira","CLASIFICACION":"Camino Regional Comunal","CALZADA":"U"},"geometry":{"type":"LineString","coordinates":[[-70.05763,-25.95005],[-70.05656,-25.94556],[-70.04848,-25.93854],[-70.04325,-25.93627],[-70.03893,-25.92165]]}},{"id":"1512","type":"Feature","properties":{"ROL":"B-255","NOMBRE_CAMINO":"Cruce Ruta 23 CH (Cerro Moctezuma) - Minera Gaby - Cruce B-39","CLASIFICACION":"Camino Regional Comunal","CALZADA":"U"},"geometry":{"type":"LineString","coordinates":[[-68.7941,-22.53869],[-68.79657,-22.56249],[-68.80196,-22.57381],[-68.8034,-22.58219],[-68.80997,-22.59497],[-68.814,-22.6197],[-68.80326,-22.66368],[-68.85017,-22.90679],[-68.90811,-23.0644],[-68.91329,-23.09153],[-68.91193,-23.09854],[-68.88639,-23.16074],[-68.87238,-23.17256],[-68.80822,-23.27214],[-68.80554,-23.27927],[-68.80201,-23.35532],[-68.78435,-23.43023],[-68.78421,-23.43462],[-68.83734,-23.54767]]}},{"id":"1513","type":"Feature","properties":{"ROL":"B-855","NOMBRE_CAMINO":"Cruce B-885 (Oficina Flor de Chile) - Oficina Catalina - Cruce B-865 (Guanaco)","CLASIFICACION":"Camino Regional Comunal","CALZADA":"U"},"geometry":{"type":"LineString","coordinates":[[-69.81801,-25.29412],[-69.81638,-25.2902],[-69.81126,-25.28461],[-69.81115,-25.27754],[-69.8087,-25.27848],[-69.80803,-25.27393],[-69.80507,-25.27045],[-69.80659,-25.26575],[-69.80394,-25.26241],[-69.79794,-25.25853],[-69.79461,-25.24984],[-69.78917,-25.24769],[-69.78286,-25.24709],[-69.77161,-25.23858],[-69.77037,-25.23635],[-69.767,-25.235],[-69.76128,-25.23675],[-69.74573,-25.24607],[-69.74234,-25.24626],[-69.73266,-25.2336],[-69.72788,-25.23085],[-69.72188,-25.23189],[-69.71715,-25.2286],[-69.70804,-25.21732],[-69.70702,-25.21293],[-69.70499,-25.21061],[-69.65212,-25.18854],[-69.64069,-25.18007],[-69.62754,-25.17276],[-69.60778,-25.16736],[-69.59632,-25.15997],[-69.58613,-25.15982],[-69.57316,-25.15307],[-69.56325,-25.14317],[-69.55641,-25.12792],[-69.55107,-25.12057],[-69.55017,-25.11018],[-69.5456,-25.10161]]}},{"id":"1514","type":"Feature","properties":{"ROL":"B-907","NOMBRE_CAMINO":"Cruce B-115-C - Cruce B-905 (Mina La Pólvora)","CLASIFICACION":"Camino Regional Comunal","CALZADA":"U"},"geometry":{"type":"LineString","coordinates":[[-69.85834,-25.86787],[-69.85429,-25.87235],[-69.82215,-25.88604],[-69.81457,-25.88764],[-69.81397,-25.89063],[-69.80721,-25.88824],[-69.80567,-25.88654],[-69.80631,-25.88807],[-69.80249,-25.88417],[-69.79862,-25.88397],[-69.79584,-25.88569],[-69.7882,-25.88402],[-69.78317,-25.88455],[-69.77647,-25.88134],[-69.7631,-25.88253],[-69.75643,-25.88097],[-69.75032,-25.88124],[-69.73716,-25.87733],[-69.72445,-25.87577],[-69.71368,-25.87192],[-69.7035,-25.87003],[-69.69716,-25.87038],[-69.69391,-25.86712],[-69.68864,-25.86639],[-69.68491,-25.86767],[-69.67318,-25.86769],[-69.64974,-25.85842],[-69.62985,-25.85946],[-69.59822,-25.85624],[-69.59389,-25.8494],[-69.58815,-25.84598],[-69.58637,-25.84295],[-69.58072,-25.84349],[-69.57388,-25.84225],[-69.57084,-25.83628],[-69.56405,-25.82858],[-69.5601,-25.82886],[-69.5501,-25.81728],[-69.54785,-25.81731],[-69.55034,-25.81523],[-69.55022,-25.81385],[-69.54357,-25.80641],[-69.53744,-25.80378],[-69.53909,-25.8021],[-69.53618,-25.79989],[-69.53527,-25.79697],[-69.53166,-25.79474],[-69.53074,-25.79039],[-69.52559,-25.78447],[-69.5101,-25.77939],[-69.50174,-25.77856],[-69.49644,-25.77496],[-69.49197,-25.77429],[-69.48871,-25.76948]]}},{"id":"1515","type":"Feature","properties":{"ROL":"B-875","NOMBRE_CAMINO":"Cruce Ruta 5 (Oficina Chile) - Cruce B-855","CLASIFICACION":"Camino Regional Comunal","CALZADA":"U"},"geometry":{"type":"LineString","coordinates":[[-69.86772,-25.16448],[-69.85479,-25.16387],[-69.85326,-25.16711],[-69.8497,-25.16869],[-69.84878,-25.17406],[-69.83007,-25.19298],[-69.82164,-25.19255],[-69.80065,-25.19884],[-69.79706,-25.19843],[-69.79211,-25.20027],[-69.77928,-25.20202],[-69.77393,-25.20718],[-69.77433,-25.21183],[-69.77179,-25.22539],[-69.7664,-25.23508]]}},{"id":"1516","type":"Feature","properties":{"ROL":"B-125","NOMBRE_CAMINO":"Cruce Ruta 21 CH (Carcote) - Polán - Cruce B-97-A (Ollagüe)","CLASIFICACION":"Camino Regional Comunal","CALZADA":"U"},"geometry":{"type":"LineString","coordinates":[[-68.38448,-21.43551],[-68.39326,-21.43257],[-68.4192,-21.43109],[-68.42631,-21.42717],[-68.43361,-21.4205],[-68.4331,-21.41718],[-68.43779,-21.39874]]}},{"id":"1517","type":"Feature","properties":{"ROL":"B-125","NOMBRE_CAMINO":"Cruce Ruta 21 CH (Carcote) - Polán - Cruce B-97-A (Ollagüe)","CLASIFICACION":"Camino Regional Comunal","CALZADA":"U"},"geometry":{"type":"LineString","coordinates":[[-68.43779,-21.39874],[-68.4408,-21.38712],[-68.45471,-21.36153],[-68.46906,-21.35394],[-68.47003,-21.35236],[-68.47671,-21.35269],[-68.4817,-21.35136],[-68.50004,-21.33888],[-68.50774,-21.32999],[-68.51498,-21.31746],[-68.51696,-21.31296],[-68.51697,-21.30895],[-68.50944,-21.30221],[-68.50834,-21.30044],[-68.50955,-21.29993],[-68.50305,-21.29166],[-68.50369,-21.28255],[-68.50255,-21.27543],[-68.50869,-21.2598],[-68.52723,-21.25456],[-68.52632,-21.25129],[-68.52723,-21.24594],[-68.52912,-21.24483],[-68.53142,-21.24624],[-68.52797,-21.24092],[-68.52199,-21.24555],[-68.5191,-21.24569],[-68.51885,-21.24741],[-68.51514,-21.24422],[-68.51261,-21.24877],[-68.50758,-21.25326],[-68.50232,-21.25411],[-68.50159,-21.25002],[-68.49981,-21.24926],[-68.49653,-21.25398],[-68.49188,-21.25737],[-68.48856,-21.25674],[-68.48932,-21.26142],[-68.48636,-21.26486],[-68.47913,-21.26913],[-68.47532,-21.26972],[-68.4702,-21.26777],[-68.46486,-21.27084],[-68.45805,-21.26499],[-68.44732,-21.26451],[-68.43752,-21.2605],[-68.41261,-21.24589],[-68.40534,-21.23621],[-68.40458,-21.23126],[-68.40072,-21.22908],[-68.40026,-21.22707],[-68.38589,-21.22859],[-68.37647,-21.22697],[-68.37401,-21.22394],[-68.37106,-21.22283],[-68.37124,-21.21999],[-68.36452,-21.21402],[-68.36681,-21.21146],[-68.33858,-21.2033],[-68.32353,-21.20453],[-68.28594,-21.21061],[-68.28177,-21.2123],[-68.27256,-21.20167]]}},{"id":"1518","type":"Feature","properties":{"ROL":"URBB002","NOMBRE_CAMINO":"Av. Circunvalación Padre Alberto Hurtado","CLASIFICACION":"Camino Regional Comunal (Conexión Vial Urbana)","CALZADA":"U"},"geometry":{"type":"LineString","coordinates":[[-70.37336,-23.629],[-70.38105,-23.63553],[-70.38706,-23.65787],[-70.39265,-23.66712]]}},{"id":"1519","type":"Feature","properties":{"ROL":"S/R-B-1141","NOMBRE_CAMINO":"Cruce B-145 - Inacaliri","CLASIFICACION":"Camino Regional Comunal (En Proceso de Enrolamiento)","CALZADA":"U"},"geometry":{"type":"LineString","coordinates":[[-68.18385,-22.0054],[-68.17912,-22.00802],[-68.17307,-22.00921],[-68.16117,-22.00871],[-68.14889,-22.01674],[-68.12643,-22.02393],[-68.07173,-22.03387],[-68.06914,-22.03162]]}},{"id":"1520","type":"Feature","properties":{"ROL":"S/R-B-23","NOMBRE_CAMINO":"Cruce Ruta 27 CH - Paso Portezuelo del Cajón","CLASIFICACION":"Camino Regional Principal (En Proceso de Enrolamiento)","CALZADA":"U"},"geometry":{"type":"LineString","coordinates":[[-67.79668,-22.91705],[-67.80558,-22.91241],[-67.8091,-22.90576],[-67.81026,-22.89952],[-67.80919,-22.89621],[-67.79929,-22.88513],[-67.79887,-22.88124]]}},{"id":"1521","type":"Feature","properties":{"ROL":"S/R-B-120","NOMBRE_CAMINO":"Cruce Ruta 1 - Caleta Punta Atala Norte","CLASIFICACION":"Camino Regional Comunal (En Proceso de Enrolamiento)","CALZADA":"U"},"geometry":{"type":"LineString","coordinates":[[-70.2393,-22.28869],[-70.24205,-22.2847],[-70.24165,-22.28242]]}},{"id":"1522","type":"Feature","properties":{"ROL":"S/R-B-917","NOMBRE_CAMINO":"Cruce Ruta 5 - Acceso a Mina Verona","CLASIFICACION":"Camino Regional de Acceso (En Proceso de Enrolamiento)","CALZADA":"U"},"geometry":{"type":"LineString","coordinates":[[-70.17463,-25.57054],[-70.1682,-25.57944],[-70.16132,-25.58157],[-70.1577,-25.58515]]}},{"id":"1523","type":"Feature","properties":{"ROL":"S/R-B-934","NOMBRE_CAMINO":"Cruce B-900 (Cerro Aislado) - Los Mantos","CLASIFICACION":"Camino Regional Comunal (En Proceso de Enrolamiento)","CALZADA":"U"},"geometry":{"type":"LineString","coordinates":[[-70.53834,-25.62291],[-70.55141,-25.64427],[-70.54863,-25.65168],[-70.55275,-25.66033],[-70.54517,-25.66769],[-70.53913,-25.66944],[-70.53717,-25.67138],[-70.53485,-25.67675],[-70.53155,-25.68007],[-70.52513,-25.69104]]}},{"id":"1524","type":"Feature","properties":{"ROL":"S/R-B-714","NOMBRE_CAMINO":"Cruce B-710 - Mina Julia","CLASIFICACION":"Camino Regional Comunal (En Proceso de Enrolamiento)","CALZADA":"U"},"geometry":{"type":"LineString","coordinates":[[-70.40629,-25.00789],[-70.40461,-25.00722],[-70.40052,-25.01051],[-70.39921,-25.00893],[-70.39749,-25.00901],[-70.38856,-25.01629],[-70.38234,-25.01942],[-70.36676,-25.02405],[-70.36358,-25.02221],[-70.35673,-25.02238],[-70.35102,-25.01919],[-70.34068,-25.01794],[-70.33476,-25.01561],[-70.33319,-25.01151],[-70.32648,-25.00456],[-70.31962,-24.99361],[-70.31553,-24.99067],[-70.30763,-24.97917],[-70.30289,-24.97619],[-70.29688,-24.97458],[-70.28996,-24.97659],[-70.27948,-24.97595],[-70.27504,-24.97464],[-70.26777,-24.96939],[-70.2657,-24.95744],[-70.25711,-24.94457],[-70.25371,-24.93674],[-70.25865,-24.92396],[-70.26413,-24.92248],[-70.2653,-24.91752]]}},{"id":"1525","type":"Feature","properties":{"ROL":"S/R-B-1127","NOMBRE_CAMINO":"Cruce Ruta 21 CH - Variante Carcote - Cruce B-125","CLASIFICACION":"Camino Regional Comunal (En Proceso de Enrolamiento)","CALZADA":"U"},"geometry":{"type":"LineString","coordinates":[[-68.26715,-21.27233],[-68.27495,-21.26799],[-68.28112,-21.26844],[-68.28988,-21.27099],[-68.29616,-21.27136],[-68.30352,-21.27494],[-68.31814,-21.27914],[-68.32231,-21.2778],[-68.32894,-21.28015],[-68.33013,-21.28331],[-68.33367,-21.28632],[-68.33811,-21.29348],[-68.33587,-21.2975],[-68.33745,-21.29919],[-68.33782,-21.30679],[-68.34153,-21.31388],[-68.34023,-21.31748],[-68.34125,-21.32223],[-68.33766,-21.32691],[-68.33926,-21.32832],[-68.33709,-21.33065],[-68.33807,-21.33279],[-68.33681,-21.33549],[-68.34178,-21.33589],[-68.35156,-21.3457],[-68.35407,-21.3519],[-68.35949,-21.35751],[-68.35793,-21.3536],[-68.35832,-21.35124],[-68.36331,-21.35229],[-68.36731,-21.34893],[-68.36914,-21.34929],[-68.36989,-21.35152],[-68.37397,-21.34948],[-68.37643,-21.35371],[-68.37863,-21.35435],[-68.38169,-21.35245],[-68.3877,-21.35204],[-68.3907,-21.34987],[-68.3954,-21.35158],[-68.39599,-21.35394],[-68.3999,-21.35575],[-68.40688,-21.35082],[-68.40903,-21.35177],[-68.413,-21.35065],[-68.41622,-21.35585],[-68.41481,-21.36242],[-68.41585,-21.3657],[-68.42224,-21.37155],[-68.42812,-21.37404],[-68.43006,-21.379],[-68.43085,-21.39111],[-68.42708,-21.40585],[-68.43306,-21.41752]]}},{"id":"1526","type":"Feature","properties":{"ROL":"S/R-B-716","NOMBRE_CAMINO":"Cruce Camino a Mina Julia - Mina Alaska-Ganímedes","CLASIFICACION":"Camino Regional Comunal (En Proceso de Enrolamiento)","CALZADA":"U"},"geometry":{"type":"LineString","coordinates":[[-70.38025,-25.0201],[-70.37971,-25.02256],[-70.38503,-25.02774],[-70.38535,-25.03238],[-70.38741,-25.03607],[-70.38374,-25.04059],[-70.38226,-25.04528],[-70.38537,-25.04916],[-70.38288,-25.05369],[-70.38895,-25.06162],[-70.38612,-25.0668],[-70.3846,-25.06669],[-70.38737,-25.07234]]}},{"id":"1527","type":"Feature","properties":{"ROL":"S/R-B-123","NOMBRE_CAMINO":"Cruce B-121 (Estación Iberia) - Río Loa","CLASIFICACION":"Camino Regional de Acceso (En Proceso de Enrolamiento)","CALZADA":"U"},"geometry":{"type":"LineString","coordinates":[[-69.58318,-21.9662],[-69.57848,-21.96725],[-69.57451,-21.96616],[-69.57085,-21.96145]]}},{"id":"1528","type":"Feature","properties":{"ROL":"S/R-B-911","NOMBRE_CAMINO":"Cruce Ruta 5 - Acceso a Mina Filomena","CLASIFICACION":"Camino Regional de Acceso (En Proceso de Enrolamiento)","CALZADA":"U"},"geometry":{"type":"LineString","coordinates":[[-70.22203,-25.55729],[-70.22212,-25.57708],[-70.22285,-25.57934],[-70.22578,-25.57993]]}},{"id":"1529","type":"Feature","properties":{"ROL":"S/R-B-1031","NOMBRE_CAMINO":"Cruce B-155 - Cruce a Cupo","CLASIFICACION":"Camino Regional Comunal (En Proceso de Enrolamiento)","CALZADA":"U"},"geometry":{"type":"LineString","coordinates":[[-68.35663,-22.24743],[-68.35658,-22.23407],[-68.35465,-22.22677],[-68.33014,-22.19214],[-68.32729,-22.18071]]}},{"id":"1530","type":"Feature","properties":{"ROL":"S/R-B-237","NOMBRE_CAMINO":"Cruce B-207 - Quebrada Matancilla","CLASIFICACION":"Camino Regional Comunal (En Proceso de Enrolamiento)","CALZADA":"U"},"geometry":{"type":"LineString","coordinates":[[-68.2294,-22.66908],[-68.22916,-22.667],[-68.23187,-22.66424],[-68.23243,-22.66115],[-68.2312,-22.65119],[-68.23329,-22.64606],[-68.23348,-22.63929],[-68.2309,-22.6319],[-68.23448,-22.62573],[-68.23108,-22.62115],[-68.23165,-22.60801],[-68.23029,-22.60422],[-68.23251,-22.59805],[-68.23134,-22.5944],[-68.23232,-22.58255]]}},{"id":"1531","type":"Feature","properties":{"ROL":"S/R-B-921","NOMBRE_CAMINO":"Cruce Ruta 5 - Acceso a Mina Teresa","CLASIFICACION":"Camino Regional de Acceso (En Proceso de Enrolamiento)","CALZADA":"U"},"geometry":{"type":"LineString","coordinates":[[-70.36158,-25.70167],[-70.35817,-25.70802],[-70.34491,-25.71729]]}},{"id":"1532","type":"Feature","properties":{"ROL":"S/R-B-1153","NOMBRE_CAMINO":"Cruce B-141 - Cerro Colorado","CLASIFICACION":"Camino Regional de Acceso (En Proceso de Enrolamiento)","CALZADA":"U"},"geometry":{"type":"LineString","coordinates":[[-68.62533,-21.93109],[-68.63656,-21.92899],[-68.64051,-21.9259],[-68.64928,-21.92459],[-68.65284,-21.92583],[-68.66425,-21.92343],[-68.67835,-21.91751],[-68.68398,-21.9123],[-68.68886,-21.91031],[-68.69029,-21.90322],[-68.69538,-21.89745],[-68.69514,-21.89395],[-68.69753,-21.89026],[-68.69791,-21.87883],[-68.70097,-21.87636],[-68.70287,-21.87239],[-68.69668,-21.86402],[-68.69923,-21.86217],[-68.70081,-21.85735],[-68.69941,-21.85842]]}},{"id":"1533","type":"Feature","properties":{"ROL":"S/R-B-882","NOMBRE_CAMINO":"Cruce B-880 - Acceso a Antena Cerro Peral","CLASIFICACION":"Camino Regional de Acceso (En Proceso de Enrolamiento)","CALZADA":"U"},"geometry":{"type":"LineString","coordinates":[[-70.46042,-25.42918],[-70.45686,-25.42861],[-70.4562,-25.42664],[-70.44928,-25.42552],[-70.44526,-25.42277],[-70.43996,-25.42281]]}},{"id":"1534","type":"Feature","properties":{"ROL":"S/R-B-1125","NOMBRE_CAMINO":"Cruce B-125 - Pique Chela","CLASIFICACION":"Camino Regional de Acceso (En Proceso de Enrolamiento)","CALZADA":"U"},"geometry":{"type":"LineString","coordinates":[[-68.4817,-21.35136],[-68.49406,-21.35064],[-68.50134,-21.34831],[-68.52367,-21.33551],[-68.52773,-21.33736],[-68.5403,-21.33815],[-68.55621,-21.33465],[-68.57464,-21.34041],[-68.57729,-21.33943],[-68.58344,-21.34354],[-68.59414,-21.34585],[-68.59483,-21.34493],[-68.59612,-21.34698],[-68.59948,-21.34791]]}},{"id":"1535","type":"Feature","properties":{"ROL":"S/R-B-915","NOMBRE_CAMINO":"Cruce Ruta 5 - Acceso a Mina Tropezón","CLASIFICACION":"Camino Regional de Acceso (En Proceso de Enrolamiento)","CALZADA":"U"},"geometry":{"type":"LineString","coordinates":[[-70.1826,-25.56807],[-70.1786,-25.58234],[-70.17616,-25.58739],[-70.17423,-25.58793],[-70.17219,-25.59072],[-70.17008,-25.60034]]}},{"id":"1536","type":"Feature","properties":{"ROL":"S/R-B-381","NOMBRE_CAMINO":"Cruce Ruta 23 CH (Socaire) - Cruce B-357","CLASIFICACION":"Camino Regional Comunal (En Proceso de Enrolamiento)","CALZADA":"U"},"geometry":{"type":"LineString","coordinates":[[-67.89132,-23.58672],[-67.88878,-23.58544],[-67.88633,-23.57931],[-67.88965,-23.57524],[-67.89049,-23.57184],[-67.88863,-23.5648],[-67.89066,-23.56077],[-67.88722,-23.55087],[-67.87926,-23.54667],[-67.87891,-23.54375],[-67.86157,-23.52223],[-67.84105,-23.51387],[-67.83037,-23.5151],[-67.82062,-23.51085],[-67.81747,-23.50727],[-67.80622,-23.50418],[-67.78762,-23.50139],[-67.77845,-23.49699],[-67.77446,-23.49684],[-67.76111,-23.50049],[-67.75513,-23.50051],[-67.74104,-23.48773]]}},{"id":"1537","type":"Feature","properties":{"ROL":"S/R-B-219","NOMBRE_CAMINO":"Purico - Alma","CLASIFICACION":"Camino Regional de Acceso (En Proceso de Enrolamiento)","CALZADA":"U"},"geometry":{"type":"LineString","coordinates":[[-67.79401,-22.96541],[-67.79516,-22.96885],[-67.7908,-22.9708],[-67.78826,-22.975],[-67.78258,-22.97474],[-67.76491,-22.98256],[-67.76084,-22.99371],[-67.75361,-23.00433],[-67.74844,-23.00771]]}},{"id":"1538","type":"Feature","properties":{"ROL":"S/R-B-919","NOMBRE_CAMINO":"Cruce Ruta 5 - Acceso a Mina Yéssica","CLASIFICACION":"Camino Regional de Acceso (En Proceso de Enrolamiento)","CALZADA":"U"},"geometry":{"type":"LineString","coordinates":[[-70.3666,-25.57456],[-70.34951,-25.59405],[-70.33773,-25.59414],[-70.33383,-25.59112]]}},{"id":"1539","type":"Feature","properties":{"ROL":"S/R-B-200","NOMBRE_CAMINO":"Cruce Ruta 1 - Acceso a Caleta Fierro","CLASIFICACION":"Camino Regional de Acceso (En Proceso de Enrolamiento)","CALZADA":"U"},"geometry":{"type":"LineString","coordinates":[[-70.25836,-22.6427],[-70.26412,-22.64067],[-70.27185,-22.64422]]}},{"id":"1540","type":"Feature","properties":{"ROL":"S/R-B-928","NOMBRE_CAMINO":"Cruce Camino a Mina C. Cristi - Mina La Estrella","CLASIFICACION":"Camino Regional de Acceso (En Proceso de Enrolamiento)","CALZADA":"U"},"geometry":{"type":"LineString","coordinates":[[-70.50716,-25.62393],[-70.50134,-25.62985],[-70.49771,-25.63146],[-70.48681,-25.6403],[-70.48339,-25.64553]]}},{"id":"1541","type":"Feature","properties":{"ROL":"S/R-B-912","NOMBRE_CAMINO":"Cruce Ruta 5 - Acceso a Mina Maruja","CLASIFICACION":"Camino Regional de Acceso (En Proceso de Enrolamiento)","CALZADA":"U"},"geometry":{"type":"LineString","coordinates":[[-70.23015,-25.55554],[-70.2275,-25.5535],[-70.20808,-25.54778],[-70.19431,-25.54064],[-70.18666,-25.53479],[-70.17414,-25.53064],[-70.16279,-25.52397],[-70.15785,-25.52352],[-70.15551,-25.52611],[-70.1552,-25.53059],[-70.15696,-25.53415]]}},{"id":"1542","type":"Feature","properties":{"ROL":"S/R-B-946","NOMBRE_CAMINO":"Cruce B-944 - Islotes Fernández Vial","CLASIFICACION":"Camino Regional de Acceso (En Proceso de Enrolamiento)","CALZADA":"U"},"geometry":{"type":"LineString","coordinates":[[-70.63522,-25.892],[-70.65096,-25.89398],[-70.66167,-25.89285],[-70.67004,-25.89547]]}},{"id":"1543","type":"Feature","properties":{"ROL":"S/R-B-718","NOMBRE_CAMINO":"Cruce Camino a Mina Alaska-Ganímedes - Mina Santa María","CLASIFICACION":"Camino Regional de Acceso (En Proceso de Enrolamiento)","CALZADA":"U"},"geometry":{"type":"LineString","coordinates":[[-70.38253,-25.04605],[-70.37497,-25.05252],[-70.36829,-25.06337],[-70.36023,-25.06687],[-70.35687,-25.06427],[-70.35291,-25.0644],[-70.35104,-25.06608],[-70.34592,-25.06712],[-70.33462,-25.08795],[-70.33204,-25.10164]]}},{"id":"1544","type":"Feature","properties":{"ROL":"S/R-B-371","NOMBRE_CAMINO":"Cruce Ruta 23 CH (Acceso a Camar) - Cruce B-39","CLASIFICACION":"Camino Regional Comunal (En Proceso de Enrolamiento)","CALZADA":"U"},"geometry":{"type":"LineString","coordinates":[[-67.99822,-23.40894],[-68.0288,-23.42004],[-68.04555,-23.42231],[-68.05417,-23.42065],[-68.05989,-23.42347],[-68.07324,-23.42694]]}},{"id":"1545","type":"Feature","properties":{"ROL":"S/R-B-910","NOMBRE_CAMINO":"Sector Minas Canchas Breas Sur - Minas Canchas Breas Suroriente","CLASIFICACION":"Camino Regional de Acceso (En Proceso de Enrolamiento)","CALZADA":"U"},"geometry":{"type":"LineString","coordinates":[[-70.22776,-25.49975],[-70.21209,-25.49027],[-70.20189,-25.48048],[-70.18789,-25.47317],[-70.19172,-25.46784],[-70.19628,-25.46661],[-70.19253,-25.45811]]}},{"id":"1546","type":"Feature","properties":{"ROL":"S/R-B-918","NOMBRE_CAMINO":"Cruce Ruta 5 - Acceso a Mina Elba","CLASIFICACION":"Camino Regional de Acceso (En Proceso de Enrolamiento)","CALZADA":"U"},"geometry":{"type":"LineString","coordinates":[[-70.37388,-25.59515],[-70.37577,-25.59632],[-70.38141,-25.60805],[-70.38551,-25.61279],[-70.38991,-25.61446],[-70.3943,-25.61185],[-70.3988,-25.61256]]}},{"id":"1547","type":"Feature","properties":{"ROL":"S/R-B-217","NOMBRE_CAMINO":"Cruce B-207 - Valle del Arcoiris - Quebrada Matancilla","CLASIFICACION":"Camino Regional Comunal (En Proceso de Enrolamiento)","CALZADA":"U"},"geometry":{"type":"LineString","coordinates":[[-68.27782,-22.67741],[-68.27643,-22.67719],[-68.27079,-22.66908],[-68.26457,-22.67181],[-68.24529,-22.66602],[-68.24489,-22.66456],[-68.24162,-22.66497],[-68.23366,-22.65491],[-68.23229,-22.64728]]}},{"id":"1548","type":"Feature","properties":{"ROL":"S/R-B-906","NOMBRE_CAMINO":"Cruce B-904 - Mina Canchas Breas Poniente","CLASIFICACION":"Camino Regional de Acceso (En Proceso de Enrolamiento)","CALZADA":"U"},"geometry":{"type":"LineString","coordinates":[[-70.2031,-25.43184],[-70.20434,-25.44183],[-70.20676,-25.44418],[-70.20327,-25.44767]]}},{"id":"1549","type":"Feature","properties":{"ROL":"S/R-B-936","NOMBRE_CAMINO":"Cruce B-900 (Cerro Aislado) - Mina Las Luces (Lamper)","CLASIFICACION":"Camino Regional Comunal (En Proceso de Enrolamiento)","CALZADA":"U"},"geometry":{"type":"LineString","coordinates":[[-70.60057,-25.65026],[-70.60068,-25.65384],[-70.59365,-25.66689],[-70.59288,-25.67074],[-70.59091,-25.67277],[-70.58368,-25.67413],[-70.58165,-25.67629],[-70.57088,-25.68013],[-70.56221,-25.68178],[-70.54982,-25.67859],[-70.54095,-25.67916],[-70.53218,-25.68426],[-70.5302,-25.68755],[-70.52358,-25.69204],[-70.50647,-25.69822]]}},{"id":"1550","type":"Feature","properties":{"ROL":"S/R-B-932","NOMBRE_CAMINO":"Cruce Camino a Mina Santos - Mina Rebeca","CLASIFICACION":"Camino Regional de Acceso (En Proceso de Enrolamiento)","CALZADA":"U"},"geometry":{"type":"LineString","coordinates":[[-70.51317,-25.64837],[-70.51291,-25.65413],[-70.50979,-25.65748],[-70.5071,-25.66525],[-70.50725,-25.66676],[-70.51017,-25.66908]]}},{"id":"1551","type":"Feature","properties":{"ROL":"S/R-B-914","NOMBRE_CAMINO":"Cruce Ruta 5 - Acceso a Mina Silvita","CLASIFICACION":"Camino Regional de Acceso (En Proceso de Enrolamiento)","CALZADA":"U"},"geometry":{"type":"LineString","coordinates":[[-70.33103,-25.55115],[-70.31601,-25.53176],[-70.30978,-25.5265],[-70.31073,-25.52179],[-70.30881,-25.52092],[-70.3084,-25.51918]]}},{"id":"1552","type":"Feature","properties":{"ROL":"S/R-B-114","NOMBRE_CAMINO":"Cruce Ruta 1 - Caleta Urco - Cruce Ruta 1","CLASIFICACION":"Camino Regional Comunal (En Proceso de Enrolamiento)","CALZADA":"U"},"geometry":{"type":"LineString","coordinates":[[-70.15179,-21.77345],[-70.15575,-21.76417],[-70.15353,-21.75938],[-70.15308,-21.75078],[-70.15027,-21.75168]]}},{"id":"1553","type":"Feature","properties":{"ROL":"S/R-B-930","NOMBRE_CAMINO":"Cruce B-900 - Mina Santos","CLASIFICACION":"Camino Regional Comunal (En Proceso de Enrolamiento)","CALZADA":"U"},"geometry":{"type":"LineString","coordinates":[[-70.53674,-25.62015],[-70.52958,-25.62376],[-70.5234,-25.62346],[-70.522,-25.6247],[-70.51424,-25.64664],[-70.51199,-25.64991],[-70.5051,-25.65427],[-70.50143,-25.66277],[-70.49144,-25.67768],[-70.4871,-25.68249],[-70.48326,-25.68405],[-70.48065,-25.68986],[-70.48051,-25.69258],[-70.48166,-25.69348]]}},{"id":"1554","type":"Feature","properties":{"ROL":"S/R-B-221","NOMBRE_CAMINO":"Cruce Ruta 27 CH (Licancabur) - Purico","CLASIFICACION":"Camino Regional Comunal (En Proceso de Enrolamiento)","CALZADA":"U"},"geometry":{"type":"LineString","coordinates":[[-67.85411,-22.92744],[-67.85491,-22.92943],[-67.84397,-22.93343],[-67.8269,-22.94421],[-67.82042,-22.94438],[-67.81579,-22.946],[-67.81541,-22.95085],[-67.8104,-22.95424],[-67.80783,-22.95927],[-67.81081,-22.95918],[-67.80732,-22.96147],[-67.79812,-22.96529],[-67.78849,-22.96486],[-67.78416,-22.96342],[-67.78327,-22.96116],[-67.7845,-22.95935],[-67.78714,-22.95865]]}},{"id":"1555","type":"Feature","properties":{"ROL":"S/R-B-720","NOMBRE_CAMINO":"Cruce Camino a Mina Julia - Mina El Melón","CLASIFICACION":"Camino Regional de Acceso (En Proceso de Enrolamiento)","CALZADA":"U"},"geometry":{"type":"LineString","coordinates":[[-70.35056,-25.01909],[-70.34454,-25.02342],[-70.34173,-25.02934],[-70.34013,-25.04154],[-70.34233,-25.04473],[-70.34208,-25.0462],[-70.34364,-25.04628],[-70.34229,-25.04461]]}},{"id":"1556","type":"Feature","properties":{"ROL":"S/R-B-112","NOMBRE_CAMINO":"Cruce Ruta 1 - Caleta Huachán - Cruce Ruta 1","CLASIFICACION":"Camino Regional Comunal (En Proceso de Enrolamiento)","CALZADA":"U"},"geometry":{"type":"LineString","coordinates":[[-70.08841,-21.56287],[-70.08902,-21.5567],[-70.08547,-21.5483]]}},{"id":"1557","type":"Feature","properties":{"ROL":"S/R-B-913","NOMBRE_CAMINO":"Cruce Ruta 5 - Acceso a Mina Jacqueline","CLASIFICACION":"Camino Regional de Acceso (En Proceso de Enrolamiento)","CALZADA":"U"},"geometry":{"type":"LineString","coordinates":[[-70.21664,-25.55845],[-70.21092,-25.5711],[-70.20962,-25.58119],[-70.20716,-25.58392],[-70.20812,-25.58924]]}},{"id":"1558","type":"Feature","properties":{"ROL":"S/R-B-926","NOMBRE_CAMINO":"Cruce B-900 - Mina C. Cristi","CLASIFICACION":"Camino Regional Comunal (En Proceso de Enrolamiento)","CALZADA":"U"},"geometry":{"type":"LineString","coordinates":[[-70.51187,-25.5874],[-70.51191,-25.59394],[-70.50769,-25.59888],[-70.50653,-25.60367],[-70.50442,-25.60617],[-70.50511,-25.6167],[-70.5088,-25.62637],[-70.50678,-25.63272],[-70.50234,-25.63665],[-70.4987,-25.64439]]}},{"id":"1559","type":"Feature","properties":{"ROL":"S/R-B-904","NOMBRE_CAMINO":"Cruce B-902 - Minas Canchas Breas Nororiente","CLASIFICACION":"Camino Regional Comunal (En Proceso de Enrolamiento)","CALZADA":"U"},"geometry":{"type":"LineString","coordinates":[[-70.2009,-25.42486],[-70.19979,-25.42592],[-70.20298,-25.42837],[-70.20376,-25.43063],[-70.20136,-25.43427],[-70.19263,-25.43861],[-70.18889,-25.44921],[-70.18951,-25.45086],[-70.19765,-25.45467],[-70.19933,-25.45706],[-70.20068,-25.45648]]}},{"id":"1560","type":"Feature","properties":{"ROL":"S/R-B-124","NOMBRE_CAMINO":"Cruce Ruta 24 - Cerro Mamilla","CLASIFICACION":"Camino Regional de Acceso (En Proceso de Enrolamiento)","CALZADA":"U"},"geometry":{"type":"LineString","coordinates":[[-70.11403,-22.09946],[-70.1099,-22.09392],[-70.10943,-22.09266],[-70.11097,-22.09045],[-70.10929,-22.08833],[-70.1143,-22.08411],[-70.11636,-22.07954],[-70.11776,-22.07447],[-70.11748,-22.06743],[-70.11526,-22.06294],[-70.10821,-22.05449],[-70.11067,-22.05481],[-70.12169,-22.05056],[-70.1199,-22.04665],[-70.12035,-22.04277],[-70.12585,-22.02646],[-70.12952,-22.02107],[-70.14059,-22.01607],[-70.1438,-22.01811],[-70.15264,-22.01504],[-70.15322,-22.0128],[-70.15822,-22.00997],[-70.15757,-22.00876],[-70.15932,-22.00864],[-70.15858,-22.00573],[-70.16031,-22.00245],[-70.16095,-22.00305]]}},{"id":"1561","type":"Feature","properties":{"ROL":"Ruta 24","NOMBRE_CAMINO":"Cruce Ruta 5 (Crucero) - Calama","CLASIFICACION":"Camino Nacional","CALZADA":"D"},"geometry":{"type":"LineString","coordinates":[[-68.92344,-22.40955],[-68.92131,-22.41326],[-68.92421,-22.43041],[-68.916,-22.43295]]}},{"id":"1562","type":"Feature","properties":{"ROL":"Ruta 24","NOMBRE_CAMINO":"Cruce Ruta 5 (Crucero) - Calama","CLASIFICACION":"Camino Nacional","CALZADA":"D"},"geometry":{"type":"LineString","coordinates":[[-68.9277,-22.32885],[-68.92872,-22.33689],[-68.92445,-22.35134],[-68.92596,-22.35485]]}},{"id":"2125","type":"Feature","properties":{"ROL":"Ruta 1","NOMBRE_CAMINO":"Cruce Ruta 5 (Las Breas) - Taltal - Río Loa - Iquique, Sector: Antofagasta - Río Loa","CLASIFICACION":"Camino Nacional Longitudinal","CALZADA":"D"},"geometry":{"type":"LineString","coordinates":[[-70.39187,-23.25249],[-70.35795,-23.20265],[-70.33103,-23.08012]]}},{"id":"2126","type":"Feature","properties":{"ROL":"Ruta 5","NOMBRE_CAMINO":"Longitudinal Norte, Sector: Portezuelo Las Bombas - Quillagua","CLASIFICACION":"Camino Nacional Longitudinal","CALZADA":"U"},"geometry":{"type":"LineString","coordinates":[[-70.45721,-25.9631],[-70.47135,-25.91839],[-70.48196,-25.90673],[-70.48257,-25.90028],[-70.47961,-25.89721],[-70.46218,-25.89317],[-70.45912,-25.89136],[-70.45565,-25.88654],[-70.44841,-25.86154],[-70.41431,-25.82893],[-70.38048,-25.8013],[-70.37183,-25.78815],[-70.36961,-25.74739],[-70.3593,-25.68873],[-70.35908,-25.67218],[-70.37517,-25.58583],[-70.37372,-25.58258],[-70.35112,-25.55716],[-70.34818,-25.55541],[-70.3023,-25.54436],[-70.26945,-25.54706],[-70.20709,-25.56053],[-70.17117,-25.57137],[-70.13817,-25.56398],[-70.09804,-25.56017],[-70.0739,-25.53479],[-70.06356,-25.52876],[-70.03813,-25.49934],[-70.03727,-25.49607],[-70.03803,-25.47937],[-70.04038,-25.46054],[-70.03746,-25.45045],[-70.02363,-25.43176],[-69.97801,-25.41446],[-69.96849,-25.40108],[-69.91301,-25.36315],[-69.86885,-25.31279],[-69.86326,-25.29448],[-69.87842,-25.22218],[-69.86192,-25.18539],[-69.866,-25.17327],[-69.87591,-25.12233],[-69.87073,-25.1044],[-69.87752,-25.09427],[-69.8783,-25.08294],[-69.88498,-25.07588],[-69.91148,-24.93743],[-69.89957,-24.86795],[-69.81065,-24.7724],[-69.78515,-24.75463],[-69.7826,-24.74949],[-69.77585,-24.62928],[-69.78769,-24.58412],[-69.85015,-24.48444],[-69.88851,-24.4562],[-69.97446,-24.3281],[-69.98039,-24.313],[-70.0349,-24.2598],[-70.09331,-24.23507],[-70.1123,-24.22106],[-70.18143,-24.11187],[-70.1908,-24.09511],[-70.22182,-24.06874],[-70.26967,-24.04503],[-70.27316,-24.04175],[-70.31202,-23.85882],[-70.31623,-23.79638]]}},{"id":"2127","type":"Feature","properties":{"ROL":"Ruta 5","NOMBRE_CAMINO":"Longitudinal Norte, Sector: Portezuelo Las Bombas - Quillagua","CLASIFICACION":"Camino Nacional Longitudinal","CALZADA":"D"},"geometry":{"type":"LineString","coordinates":[[-70.31623,-23.79638],[-70.3173,-23.77984],[-70.31627,-23.77567]]}},{"id":"2128","type":"Feature","properties":{"ROL":"Ruta 5","NOMBRE_CAMINO":"Longitudinal Norte, Sector: Portezuelo Las Bombas - Quillagua","CLASIFICACION":"Camino Nacional Longitudinal","CALZADA":"D"},"geometry":{"type":"LineString","coordinates":[[-70.31627,-23.77567],[-70.30202,-23.74029],[-70.29379,-23.71616],[-70.28692,-23.70701],[-70.27694,-23.68764],[-70.268,-23.67797],[-70.26407,-23.66835],[-70.26096,-23.60537],[-70.2618,-23.59771],[-70.22427,-23.5233],[-70.2207,-23.51982],[-70.21167,-23.5147],[-70.18941,-23.48796],[-70.17134,-23.46976],[-70.15868,-23.46005],[-70.15142,-23.45631],[-70.08873,-23.45073],[-70.07684,-23.44836],[-70.06379,-23.45018],[-70.03869,-23.44658],[-69.91416,-23.36993],[-69.89606,-23.36321],[-69.85981,-23.3436]]}},{"id":"2129","type":"Feature","properties":{"ROL":"Ruta 5","NOMBRE_CAMINO":"Longitudinal Norte, Sector: Portezuelo Las Bombas - Quillagua","CLASIFICACION":"Camino Nacional Longitudinal","CALZADA":"D"},"geometry":{"type":"LineString","coordinates":[[-69.85981,-23.3436],[-69.83474,-23.32974],[-69.82511,-23.32283]]}},{"id":"2130","type":"Feature","properties":{"ROL":"Ruta 5","NOMBRE_CAMINO":"Longitudinal Norte, Sector: Portezuelo Las Bombas - Quillagua","CLASIFICACION":"Camino Nacional Longitudinal","CALZADA":"D"},"geometry":{"type":"LineString","coordinates":[[-69.82511,-23.32283],[-69.78422,-23.29241],[-69.77574,-23.28778],[-69.69334,-23.22364],[-69.67177,-23.21372],[-69.63411,-23.18279]]}},{"id":"2131","type":"Feature","properties":{"ROL":"Ruta 5","NOMBRE_CAMINO":"Longitudinal Norte, Sector: Portezuelo Las Bombas - Quillagua","CLASIFICACION":"Camino Nacional Longitudinal","CALZADA":"U"},"geometry":{"type":"LineString","coordinates":[[-69.59599,-23.08634],[-69.55746,-23.02354],[-69.5575,-22.98457],[-69.55911,-22.98003],[-69.59444,-22.9333],[-69.59601,-22.92964],[-69.59312,-22.80446],[-69.62199,-22.61162],[-69.56132,-22.49805],[-69.59366,-22.28602],[-69.605,-22.24939],[-69.60086,-22.22309],[-69.59394,-22.19521],[-69.5906,-22.18474],[-69.57609,-22.15211],[-69.57539,-22.14049],[-69.57993,-22.11808],[-69.59092,-22.09352],[-69.59499,-22.07687],[-69.60947,-22.04917],[-69.60663,-22.00674],[-69.60452,-21.98878],[-69.58737,-21.96],[-69.57142,-21.94181],[-69.55884,-21.91481],[-69.55339,-21.8707],[-69.52194,-21.823],[-69.5085,-21.78577],[-69.51376,-21.77344],[-69.51342,-21.77092],[-69.51008,-21.76762],[-69.49855,-21.76494],[-69.49741,-21.76299],[-69.49713,-21.75651],[-69.49846,-21.75313],[-69.5145,-21.73942],[-69.52471,-21.72326],[-69.54122,-21.67842],[-69.54135,-21.66161],[-69.54353,-21.65398],[-69.54324,-21.64996],[-69.54878,-21.64239],[-69.54865,-21.63357],[-69.55174,-21.62616]]}},{"id":"2132","type":"Feature","properties":{"ROL":"Ruta 1","NOMBRE_CAMINO":"Cruce Ruta 5 (Las Breas) - Taltal - Río Loa - Iquique, Sector: Las Breas - Tal Tal - Paposo - Cruce B-700 (Caleta El Cobre)","CLASIFICACION":"Camino Nacional Longitudinal","CALZADA":"U"},"geometry":{"type":"LineString","coordinates":[[-70.54912,-24.58988],[-70.55035,-24.58576],[-70.56298,-24.5654],[-70.56466,-24.55668],[-70.56881,-24.5495],[-70.56995,-24.5479],[-70.57453,-24.54682],[-70.57502,-24.54525],[-70.57217,-24.54197],[-70.57269,-24.52975],[-70.56796,-24.52638],[-70.5597,-24.51598],[-70.56074,-24.5064],[-70.55424,-24.49995],[-70.55343,-24.4885],[-70.55579,-24.48178],[-70.55934,-24.47862],[-70.55886,-24.47095],[-70.55208,-24.46345],[-70.54926,-24.4553],[-70.54705,-24.45415],[-70.54779,-24.45194],[-70.54417,-24.4443],[-70.5403,-24.44128],[-70.53678,-24.4349],[-70.53328,-24.43276],[-70.53266,-24.43051],[-70.53239,-24.427],[-70.53753,-24.41806],[-70.53547,-24.41035],[-70.53563,-24.4043],[-70.5436,-24.39821],[-70.54361,-24.39259],[-70.54094,-24.39022],[-70.54236,-24.38902],[-70.54247,-24.38126],[-70.54545,-24.37752],[-70.54322,-24.37433],[-70.54249,-24.36928],[-70.53776,-24.36154],[-70.53787,-24.35689],[-70.53571,-24.35499],[-70.54061,-24.34022],[-70.54618,-24.33597],[-70.54749,-24.33358],[-70.54647,-24.32987],[-70.5412,-24.32613],[-70.53325,-24.31392]]}},{"id":"2133","type":"Feature","properties":{"ROL":"B-330","NOMBRE_CAMINO":"Cruce Ruta 5 (Baquedano) - Cruce B-250 (Algorta)","CLASIFICACION":"Camino Regional Comunal","CALZADA":"U"},"geometry":{"type":"LineString","coordinates":[[-69.85868,-23.06602],[-69.85562,-23.05773],[-69.85382,-23.03511],[-69.8393,-22.9586],[-69.83658,-22.95174],[-69.82954,-22.95061],[-69.82331,-22.93496]]}},{"id":"2134","type":"Feature","properties":{"ROL":"B-12","NOMBRE_CAMINO":"Cruce Ruta 1 (Naguayán) - Michilla - Cruce Ruta 24 (Barriles)","CLASIFICACION":"Camino Regional Principal","CALZADA":"U"},"geometry":{"type":"LineString","coordinates":[[-70.15296,-22.86058],[-70.1491,-22.84985],[-70.15805,-22.84749],[-70.16583,-22.84123],[-70.16956,-22.83635],[-70.17006,-22.82156],[-70.1681,-22.80689],[-70.16997,-22.79423],[-70.16792,-22.77879],[-70.17071,-22.7693],[-70.17641,-22.76064],[-70.18415,-22.75604],[-70.19285,-22.74719],[-70.19675,-22.7349],[-70.19866,-22.7322],[-70.2032,-22.7295],[-70.20225,-22.72255],[-70.21929,-22.71982],[-70.20773,-22.71243],[-70.2076,-22.70006],[-70.20014,-22.68504],[-70.19371,-22.67811],[-70.19068,-22.67816],[-70.19134,-22.67657],[-70.1856,-22.67444],[-70.18267,-22.67077],[-70.18231,-22.66499],[-70.17378,-22.65504],[-70.16325,-22.63205],[-70.15981,-22.62148],[-70.16152,-22.60353],[-70.16616,-22.60131],[-70.1771,-22.58419],[-70.17772,-22.58278],[-70.17643,-22.5794],[-70.17951,-22.57633]]}},{"id":"2135","type":"Feature","properties":{"ROL":"Ruta 5","NOMBRE_CAMINO":"Longitudinal Norte, Sector: Portezuelo Las Bombas - Quillagua","CLASIFICACION":"Camino Nacional Longitudinal","CALZADA":"D"},"geometry":{"type":"LineString","coordinates":[[-69.63411,-23.18279],[-69.62793,-23.16106],[-69.60873,-23.10738],[-69.59599,-23.08634]]}},{"id":"4150","type":"Feature","properties":{"ROL":"Ruta 21 CH","NOMBRE_CAMINO":"Calama - Ollagüe","CLASIFICACION":"Camino Nacional con Carácter de Internacional","CALZADA":"U"},"geometry":{"type":"LineString","coordinates":[[-68.61028,-22.24759],[-68.60862,-22.2415],[-68.59929,-22.22367],[-68.59416,-22.19151],[-68.59568,-22.16776],[-68.59439,-22.01397],[-68.5545,-21.9585],[-68.53449,-21.94287],[-68.53133,-21.94207],[-68.52897,-21.94305],[-68.53266,-21.93986],[-68.52622,-21.93521],[-68.51128,-21.93327],[-68.5119,-21.9278],[-68.49317,-21.89322],[-68.4985,-21.87633],[-68.50124,-21.87196],[-68.50824,-21.84646],[-68.50469,-21.83794],[-68.49494,-21.83074],[-68.46013,-21.81282],[-68.45059,-21.81373],[-68.44641,-21.80798],[-68.44043,-21.80679],[-68.42743,-21.80025],[-68.39145,-21.79625],[-68.36433,-21.77275],[-68.34962,-21.76316],[-68.31311,-21.74806],[-68.30378,-21.74705],[-68.29458,-21.74396],[-68.2836,-21.7359],[-68.27831,-21.72784],[-68.27216,-21.7222],[-68.27037,-21.71772],[-68.26358,-21.71278],[-68.25493,-21.70213]]}},{"id":"4151","type":"Feature","properties":{"ROL":"Ruta 21 CH","NOMBRE_CAMINO":"Calama - Ollagüe","CLASIFICACION":"Camino Nacional con Carácter de Internacional","CALZADA":"U"},"geometry":{"type":"LineString","coordinates":[[-68.33481,-21.5393],[-68.33965,-21.53581],[-68.36337,-21.52563]]}},{"id":"4152","type":"Feature","properties":{"ROL":"Ruta 21 CH","NOMBRE_CAMINO":"Calama - Ollagüe","CLASIFICACION":"Camino Nacional con Carácter de Internacional","CALZADA":"U"},"geometry":{"type":"LineString","coordinates":[[-68.35176,-21.40422],[-68.34467,-21.40027],[-68.33469,-21.39941],[-68.33072,-21.40001],[-68.32648,-21.40278],[-68.32003,-21.40184],[-68.30615,-21.39779],[-68.30017,-21.39185],[-68.29637,-21.38427],[-68.30012,-21.37192],[-68.29853,-21.36684],[-68.29461,-21.35934],[-68.28408,-21.35007],[-68.27632,-21.32583],[-68.2711,-21.31486],[-68.26849,-21.30313],[-68.26958,-21.27976],[-68.2545,-21.22705],[-68.25007,-21.2232],[-68.23186,-21.21393]]}},{"id":"4153","type":"Feature","properties":{"ROL":"Ruta 21 CH","NOMBRE_CAMINO":"Calama - Ollagüe","CLASIFICACION":"Camino Nacional con Carácter de Internacional","CALZADA":"U"},"geometry":{"type":"LineString","coordinates":[[-68.36239,-21.4192],[-68.36117,-21.41191],[-68.35712,-21.40888],[-68.35473,-21.40474],[-68.35176,-21.40422]]}},{"id":"4154","type":"Feature","properties":{"ROL":"Ruta 21 CH","NOMBRE_CAMINO":"Calama - Ollagüe","CLASIFICACION":"Camino Nacional con Carácter de Internacional","CALZADA":"U"},"geometry":{"type":"LineString","coordinates":[[-68.23186,-21.21393],[-68.22977,-21.2129]]}},{"id":"4155","type":"Feature","properties":{"ROL":"Ruta 1","NOMBRE_CAMINO":"Cruce Ruta 5 (Las Breas) - Taltal - Río Loa - Iquique, Sector: Las Breas - Tal Tal - Paposo - Cruce B-700 (Caleta El Cobre)","CLASIFICACION":"Camino Nacional Longitudinal","CALZADA":"U"},"geometry":{"type":"LineString","coordinates":[[-70.46629,-24.99391],[-70.4671,-24.98793],[-70.46581,-24.9818],[-70.47583,-24.96002],[-70.48812,-24.94697],[-70.49507,-24.94356],[-70.50098,-24.93859],[-70.50915,-24.93672]]}},{"id":"4156","type":"Feature","properties":{"ROL":"B-141","NOMBRE_CAMINO":"Cruce Camino El Abra - Lequena","CLASIFICACION":"Camino Regional Comunal","CALZADA":"U"},"geometry":{"type":"LineString","coordinates":[[-68.62994,-22.03688],[-68.62856,-22.03611],[-68.62529,-22.02764],[-68.62596,-22.0245],[-68.62322,-22.00214],[-68.6258,-21.97252],[-68.62479,-21.96978],[-68.62974,-21.96833],[-68.63021,-21.95633],[-68.63128,-21.95554],[-68.62635,-21.93739],[-68.62312,-21.93234],[-68.62534,-21.93073],[-68.61855,-21.92918],[-68.61757,-21.92589]]}},{"id":"4157","type":"Feature","properties":{"ROL":"B-180","NOMBRE_CAMINO":"Cruce Ruta 5 (Bombas) - Oficina Pedro de Valdivia - Oficina María Elena - Cruce Ruta 24","CLASIFICACION":"Camino Regional Provincial","CALZADA":"U"},"geometry":{"type":"LineString","coordinates":[[-69.65017,-22.36643],[-69.6584,-22.34389],[-69.66475,-22.33943],[-69.66835,-22.33293],[-69.67337,-22.32777],[-69.68785,-22.32023],[-69.71309,-22.31284],[-69.72129,-22.28338]]}},{"id":"4158","type":"Feature","properties":{"ROL":"B-330","NOMBRE_CAMINO":"Cruce Ruta 5 (Baquedano) - Cruce B-250 (Algorta)","CLASIFICACION":"Camino Regional Comunal","CALZADA":"U"},"geometry":{"type":"LineString","coordinates":[[-69.83636,-23.3306],[-69.82924,-23.32396],[-69.82137,-23.30907],[-69.82166,-23.29239],[-69.81924,-23.28653],[-69.8104,-23.27977],[-69.80847,-23.26855],[-69.8053,-23.26622],[-69.8054,-23.26214],[-69.80806,-23.25824],[-69.80863,-23.24969],[-69.80706,-23.2464],[-69.80952,-23.24254],[-69.81343,-23.24095],[-69.81527,-23.23475],[-69.81221,-23.23048],[-69.8152,-23.22315],[-69.82592,-23.21335],[-69.82541,-23.20717],[-69.82651,-23.20337],[-69.83564,-23.1963],[-69.8417,-23.1975],[-69.8499,-23.19417],[-69.85435,-23.1869],[-69.85503,-23.17936],[-69.86389,-23.15685],[-69.86468,-23.14857],[-69.86306,-23.14195],[-69.86455,-23.13959]]}},{"id":"4159","type":"Feature","properties":{"ROL":"B-39","NOMBRE_CAMINO":"Cruce Ruta 5 (Baquedano) - Mina Lomas Bayas - Tilomonte - Tilopozo - Cruce Ruta 23 CH","CLASIFICACION":"Camino Regional Principal","CALZADA":"U"},"geometry":{"type":"LineString","coordinates":[[-69.83553,-23.33016],[-69.82571,-23.32959],[-69.79976,-23.33992],[-69.79261,-23.34092],[-69.78238,-23.34059],[-69.7779,-23.34189],[-69.76713,-23.3414],[-69.75599,-23.33852],[-69.7455,-23.33908],[-69.71382,-23.3464],[-69.70372,-23.35408],[-69.68976,-23.35605],[-69.68499,-23.35953],[-69.65409,-23.36311],[-69.63042,-23.36315]]}},{"id":"4160","type":"Feature","properties":{"ROL":"B-39","NOMBRE_CAMINO":"Cruce Ruta 5 (Baquedano) - Mina Lomas Bayas - Tilomonte - Tilopozo - Cruce Ruta 23 CH","CLASIFICACION":"Camino Regional Principal","CALZADA":"U"},"geometry":{"type":"LineString","coordinates":[[-68.07369,-23.67929],[-68.07139,-23.67105],[-68.05943,-23.59065],[-68.0629,-23.55936],[-68.06657,-23.54174],[-68.06009,-23.47363]]}},{"id":"4161","type":"Feature","properties":{"ROL":"B-900","NOMBRE_CAMINO":"Cruce Ruta 1 - Caleta Cifuncho","CLASIFICACION":"Camino Regional Comunal","CALZADA":"U"},"geometry":{"type":"LineString","coordinates":[[-70.41511,-25.50774],[-70.42083,-25.5134],[-70.41856,-25.52116],[-70.42497,-25.52304],[-70.43519,-25.53151],[-70.44839,-25.53889],[-70.46653,-25.54315],[-70.47825,-25.54777],[-70.48448,-25.552],[-70.49419,-25.56764],[-70.49969,-25.57241],[-70.51528,-25.59104],[-70.52165,-25.59459],[-70.52637,-25.61171],[-70.56062,-25.64128],[-70.57863,-25.64733],[-70.6141,-25.6524],[-70.63483,-25.64944],[-70.64484,-25.65495]]}},{"id":"4162","type":"Feature","properties":{"ROL":"B-938","NOMBRE_CAMINO":"Cruce Ruta 5 - Cruce B-900 (Cerro Aislado)","CLASIFICACION":"Camino Regional Comunal","CALZADA":"U"},"geometry":{"type":"LineString","coordinates":[[-70.4711,-25.89523],[-70.47273,-25.89269],[-70.48263,-25.8868],[-70.48994,-25.86209],[-70.50749,-25.82878],[-70.51217,-25.82271],[-70.51712,-25.82047],[-70.51954,-25.81631],[-70.52736,-25.81072],[-70.53195,-25.80387],[-70.53911,-25.79719],[-70.53989,-25.79301],[-70.53898,-25.78509],[-70.54051,-25.78062],[-70.54314,-25.77751],[-70.54976,-25.77356],[-70.54392,-25.7601],[-70.54342,-25.75418],[-70.5455,-25.74499],[-70.55112,-25.72904],[-70.56354,-25.70537],[-70.56534,-25.69456],[-70.56839,-25.69076],[-70.58771,-25.67781],[-70.5993,-25.66815],[-70.61309,-25.65224]]}},{"id":"4163","type":"Feature","properties":{"ROL":"S/R-B-157","NOMBRE_CAMINO":"Cruce B-159 - Tocorpuri - Cruce B-245","CLASIFICACION":"Camino Regional Comunal (En Proceso de Enrolamiento)","CALZADA":"U"},"geometry":{"type":"LineString","coordinates":[[-68.26878,-22.33925],[-68.26965,-22.34612],[-68.26869,-22.34885],[-68.26068,-22.35619],[-68.23922,-22.38378],[-68.23347,-22.38544],[-68.22769,-22.39041],[-68.21069,-22.3996],[-68.17575,-22.41241],[-68.17026,-22.41691],[-68.16659,-22.41724],[-68.16045,-22.41328],[-68.15932,-22.41484],[-68.15673,-22.41357],[-68.15655,-22.41774],[-68.16227,-22.42425],[-68.16146,-22.42628],[-68.15717,-22.42788],[-68.1533,-22.43209],[-68.15816,-22.44331],[-68.15695,-22.45457],[-68.154,-22.45755],[-68.14526,-22.46006],[-68.1328,-22.46715],[-68.13121,-22.46627],[-68.12549,-22.45654],[-68.12287,-22.45472],[-68.11962,-22.45491],[-68.11453,-22.4606],[-68.11332,-22.47474],[-68.11187,-22.47585],[-68.10471,-22.47339],[-68.10038,-22.47],[-68.09415,-22.47109],[-68.0891,-22.47483],[-68.08214,-22.4666],[-68.08024,-22.47722],[-68.07628,-22.48664],[-68.07484,-22.50103],[-68.07256,-22.50513],[-68.07035,-22.50538],[-68.06535,-22.50178],[-68.0619,-22.50091],[-68.05816,-22.49755],[-68.05349,-22.49814],[-68.04209,-22.5043],[-68.03339,-22.51535]]}},{"id":"4164","type":"Feature","properties":{"ROL":"B-135","NOMBRE_CAMINO":"Cruce Ruta 5 - Quillagua - Cruce Ruta 5 (Aduana)","CLASIFICACION":"Camino Regional Comunal","CALZADA":"U"},"geometry":{"type":"LineString","coordinates":[[-69.5337,-21.69887],[-69.53221,-21.68571],[-69.53727,-21.67644],[-69.53666,-21.67109],[-69.54041,-21.66509],[-69.54043,-21.66019],[-69.53492,-21.65805],[-69.53529,-21.65417],[-69.53743,-21.64743],[-69.54161,-21.64247]]}},{"id":"4165","type":"Feature","properties":{"ROL":"B-135","NOMBRE_CAMINO":"Cruce Ruta 5 - Quillagua - Cruce Ruta 5 (Aduana)","CLASIFICACION":"Camino Regional Comunal","CALZADA":"U"},"geometry":{"type":"LineString","coordinates":[[-69.54161,-21.64247],[-69.5467,-21.63808],[-69.54678,-21.63568],[-69.5486,-21.63382]]}},{"id":"4166","type":"Feature","properties":{"ROL":"B-149","NOMBRE_CAMINO":"Cruce B-141 - Conchi Viejo","CLASIFICACION":"Camino Regional de Acceso","CALZADA":"U"},"geometry":{"type":"LineString","coordinates":[[-68.62332,-22.00083],[-68.62982,-21.99568],[-68.63795,-21.99271],[-68.66884,-21.97574],[-68.67525,-21.97484],[-68.68635,-21.96993],[-68.69058,-21.96562],[-68.69649,-21.96572],[-68.70766,-21.96133],[-68.71252,-21.96172],[-68.72138,-21.95796],[-68.72256,-21.95501],[-68.72538,-21.95441]]}},{"id":"4167","type":"Feature","properties":{"ROL":"B-159","NOMBRE_CAMINO":"Cruce B-165 - Caspana","CLASIFICACION":"Camino Regional Comunal","CALZADA":"U"},"geometry":{"type":"LineString","coordinates":[[-68.41538,-22.33769],[-68.40987,-22.33915],[-68.40346,-22.34308],[-68.37717,-22.34568],[-68.36173,-22.34528],[-68.34679,-22.34745],[-68.33885,-22.35033],[-68.33212,-22.34822],[-68.32785,-22.35055],[-68.32267,-22.34839],[-68.32125,-22.35038],[-68.31444,-22.34919],[-68.30734,-22.35142],[-68.30249,-22.35016],[-68.30074,-22.34804],[-68.29148,-22.34331],[-68.27889,-22.33818],[-68.27566,-22.33948],[-68.26897,-22.33915],[-68.26287,-22.3438],[-68.24607,-22.34404],[-68.24219,-22.34755],[-68.24284,-22.34493],[-68.24149,-22.34527]]}},{"id":"4168","type":"Feature","properties":{"ROL":"B-160","NOMBRE_CAMINO":"Cruce B-12 - Cuesta Los Toros - Tocopilla","CLASIFICACION":"Camino Regional Comunal","CALZADA":"U"},"geometry":{"type":"LineString","coordinates":[[-70.19521,-22.10298],[-70.19584,-22.09749],[-70.20012,-22.09882],[-70.19842,-22.09736]]}},{"id":"4169","type":"Feature","properties":{"ROL":"B-161","NOMBRE_CAMINO":"Cruce B-155 - Baños Turi - Paniri","CLASIFICACION":"Camino Regional Comunal","CALZADA":"U"},"geometry":{"type":"LineString","coordinates":[[-68.28276,-22.24428],[-68.27937,-22.23761],[-68.27992,-22.2318],[-68.28408,-22.22874],[-68.2904,-22.21729],[-68.28862,-22.20929],[-68.29987,-22.17829],[-68.28942,-22.16526],[-68.28858,-22.16074],[-68.28534,-22.15673],[-68.27782,-22.15472],[-68.26923,-22.14611]]}},{"id":"4170","type":"Feature","properties":{"ROL":"B-165","NOMBRE_CAMINO":"Cruce Ruta 23 CH - Toconce","CLASIFICACION":"Camino Regional Comunal","CALZADA":"U"},"geometry":{"type":"LineString","coordinates":[[-68.56008,-22.34312],[-68.55091,-22.33943],[-68.52783,-22.3371],[-68.48731,-22.33678],[-68.43543,-22.33996],[-68.41474,-22.33752],[-68.39264,-22.32486]]}},{"id":"4171","type":"Feature","properties":{"ROL":"B-165","NOMBRE_CAMINO":"Cruce Ruta 23 CH - Toconce","CLASIFICACION":"Camino Regional Comunal","CALZADA":"U"},"geometry":{"type":"LineString","coordinates":[[-68.19316,-22.25912],[-68.18885,-22.25966],[-68.17741,-22.2556],[-68.1761,-22.25788],[-68.17243,-22.26006],[-68.17063,-22.2604],[-68.16968,-22.25862],[-68.16576,-22.2611],[-68.16674,-22.26487]]}},{"id":"4172","type":"Feature","properties":{"ROL":"B-169","NOMBRE_CAMINO":"Cruce Ruta 21 CH (Chiu Chiu) - Cruce B-165","CLASIFICACION":"Camino Regional Comunal","CALZADA":"U"},"geometry":{"type":"LineString","coordinates":[[-68.64899,-22.33541],[-68.64291,-22.33447],[-68.61536,-22.33744],[-68.60333,-22.33172],[-68.59793,-22.33067],[-68.56309,-22.33036],[-68.55558,-22.33872],[-68.5517,-22.33974]]}},{"id":"4173","type":"Feature","properties":{"ROL":"B-175","NOMBRE_CAMINO":"Cruce Ruta 21 CH (Chiu Chiu) - Cruce B-151 (Puente Lasana)","CLASIFICACION":"Camino Regional Comunal","CALZADA":"U"},"geometry":{"type":"LineString","coordinates":[[-68.64987,-22.32775],[-68.65047,-22.32029],[-68.64812,-22.31782],[-68.64775,-22.31415],[-68.64429,-22.31083],[-68.63879,-22.29741],[-68.63852,-22.29306],[-68.6314,-22.28153],[-68.62939,-22.2691]]}},{"id":"4174","type":"Feature","properties":{"ROL":"B-179","NOMBRE_CAMINO":"Cruce B-165 - Cruce B-245 (Linzor)","CLASIFICACION":"Camino Regional Comunal","CALZADA":"U"},"geometry":{"type":"LineString","coordinates":[[-68.17308,-22.25972],[-68.17038,-22.25688],[-68.16933,-22.25301],[-68.16073,-22.24697]]}},{"id":"4175","type":"Feature","properties":{"ROL":"B-193","NOMBRE_CAMINO":"Cruce Av. Bernardo O'Higgins (Calama) - Ojo de Apache - Cascada","CLASIFICACION":"Camino Regional Comunal","CALZADA":"U"},"geometry":{"type":"LineString","coordinates":[[-68.93484,-22.4817],[-68.94696,-22.48183],[-68.95272,-22.48944],[-68.9541,-22.49536],[-68.95827,-22.49893],[-68.96198,-22.49913]]}},{"id":"4176","type":"Feature","properties":{"ROL":"B-379","NOMBRE_CAMINO":"Cruce Ruta 23 CH (Cass) - Cruce B-39","CLASIFICACION":"Camino Regional Comunal","CALZADA":"U"},"geometry":{"type":"LineString","coordinates":[[-67.987,-23.48524],[-67.99492,-23.48576],[-68.01076,-23.48208],[-68.06018,-23.4746]]}},{"id":"4177","type":"Feature","properties":{"ROL":"B-472","NOMBRE_CAMINO":"Cruce Ruta 5 - Límite Urbano Antofagasta","CLASIFICACION":"Camino Regional de Acceso","CALZADA":"U"},"geometry":{"type":"LineString","coordinates":[[-70.28041,-23.69428],[-70.29363,-23.69807],[-70.30793,-23.69546],[-70.32109,-23.69652],[-70.33133,-23.70088],[-70.33297,-23.70425],[-70.33671,-23.70577],[-70.34015,-23.70214],[-70.34201,-23.70237],[-70.34807,-23.69778],[-70.36122,-23.68461]]}},{"id":"4178","type":"Feature","properties":{"ROL":"S/R-B-1197","NOMBRE_CAMINO":"Cruce B-193 - Acceso Cascada Ojo de Opache","CLASIFICACION":"Camino Regional de Acceso (En Proceso de Enrolamiento)","CALZADA":"U"},"geometry":{"type":"LineString","coordinates":[[-68.96038,-22.49961],[-68.97832,-22.50504],[-68.97946,-22.504]]}},{"id":"4394","type":"Feature","properties":{"ROL":"Ruta 1","NOMBRE_CAMINO":"Cruce Ruta 5 (Las Breas) - Taltal - Río Loa - Iquique, Sector: Las Breas - Tal Tal - Paposo - Cruce B-700 (Caleta El Cobre)","CLASIFICACION":"Camino Nacional Longitudinal","CALZADA":"U"},"geometry":{"type":"LineString","coordinates":[[-70.50915,-24.93672],[-70.51545,-24.9298],[-70.51543,-24.92476],[-70.52159,-24.91231],[-70.52614,-24.89794],[-70.52322,-24.89405],[-70.52042,-24.88305],[-70.5183,-24.88268],[-70.51967,-24.87956],[-70.51637,-24.86362],[-70.52521,-24.84959],[-70.53004,-24.84607],[-70.53515,-24.84434],[-70.54027,-24.84012],[-70.53738,-24.8282],[-70.54317,-24.82209],[-70.54478,-24.81707],[-70.54499,-24.79997],[-70.54393,-24.78936],[-70.54006,-24.78154],[-70.55875,-24.74234],[-70.56597,-24.73712],[-70.57088,-24.73801],[-70.57641,-24.73114],[-70.57616,-24.7285],[-70.57387,-24.72796],[-70.57665,-24.7247],[-70.5764,-24.71989],[-70.57322,-24.71834],[-70.56267,-24.70286],[-70.56183,-24.69739],[-70.5652,-24.67883],[-70.56406,-24.66923],[-70.56275,-24.66799],[-70.56387,-24.66739],[-70.56279,-24.65781],[-70.56045,-24.65429],[-70.55711,-24.63491],[-70.55508,-24.6304],[-70.55734,-24.61815],[-70.55575,-24.61476],[-70.5552,-24.60873],[-70.54905,-24.59523],[-70.54912,-24.58988]]}},{"id":"4395","type":"Feature","properties":{"ROL":"B-12","NOMBRE_CAMINO":"Cruce Ruta 1 (Naguayán) - Michilla - Cruce Ruta 24 (Barriles)","CLASIFICACION":"Camino Regional Principal","CALZADA":"U"},"geometry":{"type":"LineString","coordinates":[[-70.34343,-23.13667],[-70.33681,-23.13825],[-70.32793,-23.13706],[-70.30106,-23.14159],[-70.29216,-23.14101],[-70.28923,-23.14232],[-70.28582,-23.14609],[-70.28267,-23.14673],[-70.2764,-23.14185],[-70.27303,-23.14212],[-70.26621,-23.14632],[-70.2604,-23.146],[-70.25139,-23.13806],[-70.25011,-23.1362],[-70.24998,-23.13181],[-70.24784,-23.12975],[-70.24774,-23.12756],[-70.24434,-23.12201],[-70.23653,-23.11891],[-70.23481,-23.11712],[-70.23467,-23.11118],[-70.23044,-23.1014],[-70.22451,-23.08947],[-70.21699,-23.08003],[-70.21409,-23.07171],[-70.2087,-23.0723],[-70.20258,-23.06473],[-70.20115,-23.05887],[-70.19954,-23.05725],[-70.19969,-23.0528],[-70.19482,-23.03318],[-70.19181,-23.02789],[-70.18795,-23.00363],[-70.18334,-22.99451],[-70.18115,-22.98587],[-70.18055,-22.97582],[-70.18235,-22.96951],[-70.18341,-22.95419],[-70.18102,-22.94409]]}},{"id":"4396","type":"Feature","properties":{"ROL":"B-375","NOMBRE_CAMINO":"Cruce Ruta 25 (Carmen Alto) - Cruce B-39","CLASIFICACION":"Camino Regional Comunal","CALZADA":"U"},"geometry":{"type":"LineString","coordinates":[[-69.60515,-23.15802],[-69.60256,-23.16113],[-69.59749,-23.17432],[-69.59087,-23.18378],[-69.58854,-23.18979],[-69.57559,-23.20676],[-69.56484,-23.2128],[-69.5578,-23.22072],[-69.55594,-23.22497],[-69.55621,-23.23522],[-69.56387,-23.24922],[-69.56159,-23.254],[-69.56539,-23.25588],[-69.56861,-23.25989],[-69.58539,-23.27206],[-69.59406,-23.28214],[-69.59647,-23.29414],[-69.59681,-23.30478],[-69.59124,-23.31516],[-69.59112,-23.32209],[-69.58935,-23.32804],[-69.59011,-23.33235],[-69.58839,-23.34036],[-69.59198,-23.36921]]}},{"id":"4397","type":"Feature","properties":{"ROL":"B-165","NOMBRE_CAMINO":"Cruce Ruta 23 CH - Toconce","CLASIFICACION":"Camino Regional Comunal","CALZADA":"U"},"geometry":{"type":"LineString","coordinates":[[-68.85509,-22.50337],[-68.73643,-22.46427],[-68.65035,-22.39102]]}},{"id":"4398","type":"Feature","properties":{"ROL":"B-12","NOMBRE_CAMINO":"Cruce Ruta 1 (Naguayán) - Michilla - Cruce Ruta 24 (Barriles)","CLASIFICACION":"Camino Regional Principal","CALZADA":"U"},"geometry":{"type":"LineString","coordinates":[[-70.17951,-22.57633],[-70.19278,-22.56341],[-70.18575,-22.5604],[-70.18274,-22.5576],[-70.17903,-22.55058],[-70.17999,-22.54477],[-70.17619,-22.52781],[-70.17654,-22.522],[-70.17332,-22.51376],[-70.16945,-22.50969],[-70.15486,-22.50526],[-70.15338,-22.49948],[-70.15524,-22.49682],[-70.15522,-22.49455]]}},{"id":"4399","type":"Feature","properties":{"ROL":"S/R-B-514","NOMBRE_CAMINO":"Cruce Ruta 5 - Acceso a Geoglifo Raúl Zurita","CLASIFICACION":"Camino Regional de Acceso (En Proceso de Enrolamiento)","CALZADA":"U"},"geometry":{"type":"LineString","coordinates":[[-70.30062,-23.91309],[-70.30084,-23.91323]]}},{"id":"6164","type":"Feature","properties":{"ROL":"Ruta 1","NOMBRE_CAMINO":"Cruce Ruta 5 (Las Breas) - Taltal - Río Loa - Iquique, Sector: Cruce Ruta 28 (Antofagasta) - Caleta Coloso","CLASIFICACION":"Camino Nacional Longitudinal","CALZADA":"U"},"geometry":{"type":"LineString","coordinates":[[-70.47211,-23.76973],[-70.47469,-23.7749],[-70.48471,-23.777],[-70.48814,-23.78451],[-70.49199,-23.79041],[-70.49345,-23.79085]]}},{"id":"6165","type":"Feature","properties":{"ROL":"Ruta 21 CH","NOMBRE_CAMINO":"Calama - Ollagüe","CLASIFICACION":"Camino Nacional con Carácter de Internacional","CALZADA":"U"},"geometry":{"type":"LineString","coordinates":[[-68.61772,-22.26076],[-68.61028,-22.24759]]}},{"id":"6166","type":"Feature","properties":{"ROL":"Ruta 1","NOMBRE_CAMINO":"Cruce Ruta 5 (Las Breas) - Taltal - Río Loa - Iquique, Sector: Las Breas - Tal Tal - Paposo - Cruce B-700 (Caleta El Cobre)","CLASIFICACION":"Camino Nacional Longitudinal","CALZADA":"U"},"geometry":{"type":"LineString","coordinates":[[-70.46506,-25.00601],[-70.46629,-24.99391]]}},{"id":"6167","type":"Feature","properties":{"ROL":"Ruta 1","NOMBRE_CAMINO":"Cruce Ruta 5 (Las Breas) - Taltal - Río Loa - Iquique, Sector: Las Breas - Tal Tal - Paposo - Cruce B-700 (Caleta El Cobre)","CLASIFICACION":"Camino Nacional Longitudinal","CALZADA":"U"},"geometry":{"type":"LineString","coordinates":[[-70.53325,-24.31392],[-70.53005,-24.30593],[-70.53009,-24.29098],[-70.52593,-24.2785],[-70.52762,-24.27345],[-70.53035,-24.27121]]}},{"id":"6168","type":"Feature","properties":{"ROL":"B-180","NOMBRE_CAMINO":"Cruce Ruta 5 (Bombas) - Oficina Pedro de Valdivia - Oficina María Elena - Cruce Ruta 24","CLASIFICACION":"Camino Regional Provincial","CALZADA":"U"},"geometry":{"type":"LineString","coordinates":[[-69.65922,-22.58725],[-69.66268,-22.58793],[-69.66781,-22.59179],[-69.6749,-22.59225],[-69.68108,-22.57491],[-69.68064,-22.57009],[-69.66233,-22.51866],[-69.66319,-22.51625],[-69.66014,-22.50857],[-69.66012,-22.49489],[-69.66384,-22.48935],[-69.66617,-22.48058],[-69.66411,-22.45978],[-69.65711,-22.44758],[-69.65332,-22.42857],[-69.64501,-22.41071],[-69.64316,-22.40362],[-69.64438,-22.38325],[-69.65017,-22.36643]]}},{"id":"6169","type":"Feature","properties":{"ROL":"B-250","NOMBRE_CAMINO":"Cruce Ruta 5 (Garuma) - Cruce B-330 (Algorta Norte)","CLASIFICACION":"Camino Regional Comunal","CALZADA":"U"},"geometry":{"type":"LineString","coordinates":[[-69.57366,-23.0501],[-69.5798,-23.04973],[-69.58278,-23.0448],[-69.58577,-23.04367],[-69.59015,-23.0386],[-69.59825,-23.03681],[-69.6052,-23.03011],[-69.62815,-23.02565],[-69.6577,-23.01606]]}},{"id":"6170","type":"Feature","properties":{"ROL":"B-350","NOMBRE_CAMINO":"Cruce B-400 - Cruce B-410","CLASIFICACION":"Camino Regional Comunal","CALZADA":"U"},"geometry":{"type":"LineString","coordinates":[[-70.41304,-23.36513],[-70.41241,-23.36397],[-70.3859,-23.35806],[-70.37803,-23.35801],[-70.35261,-23.35359],[-70.32938,-23.35277],[-70.31171,-23.34564],[-70.29547,-23.34462],[-70.27275,-23.33602]]}},{"id":"6171","type":"Feature","properties":{"ROL":"B-350","NOMBRE_CAMINO":"Cruce B-400 - Cruce B-410","CLASIFICACION":"Camino Regional Comunal","CALZADA":"U"},"geometry":{"type":"LineString","coordinates":[[-70.19891,-23.26084],[-70.19569,-23.25886],[-70.19231,-23.25323],[-70.17874,-23.23892],[-70.17542,-23.24954],[-70.17553,-23.26888],[-70.1704,-23.27589],[-70.16898,-23.28785],[-70.17052,-23.29125],[-70.1697,-23.29606],[-70.16321,-23.29874],[-70.1616,-23.29511],[-70.16205,-23.29334],[-70.16065,-23.292],[-70.15256,-23.2906],[-70.14441,-23.29271],[-70.13866,-23.29092],[-70.13457,-23.2928],[-70.13117,-23.29875]]}},{"id":"6172","type":"Feature","properties":{"ROL":"B-39","NOMBRE_CAMINO":"Cruce Ruta 5 (Baquedano) - Mina Lomas Bayas - Tilomonte - Tilopozo - Cruce Ruta 23 CH","CLASIFICACION":"Camino Regional Principal","CALZADA":"U"},"geometry":{"type":"LineString","coordinates":[[-68.08288,-23.332],[-68.0824,-23.31779],[-68.07708,-23.28899],[-68.06383,-23.25486],[-68.0606,-23.2323],[-68.05169,-23.22909],[-68.03223,-23.22811],[-68.02365,-23.21706],[-68.01406,-23.21243]]}},{"id":"6173","type":"Feature","properties":{"ROL":"B-410","NOMBRE_CAMINO":"Cruce Ruta 5 - Sierra Miranda - Cruce B-330 (Oficina Ercilla)","CLASIFICACION":"Camino Regional Comunal","CALZADA":"U"},"geometry":{"type":"LineString","coordinates":[[-70.16084,-23.46162],[-70.16445,-23.45502],[-70.17047,-23.45189],[-70.17495,-23.44767],[-70.17914,-23.43763],[-70.18001,-23.43061],[-70.18603,-23.42483],[-70.18164,-23.41446],[-70.17799,-23.39776],[-70.17113,-23.3882],[-70.16975,-23.38388]]}},{"id":"6174","type":"Feature","properties":{"ROL":"B-410","NOMBRE_CAMINO":"Cruce Ruta 5 - Sierra Miranda - Cruce B-330 (Oficina Ercilla)","CLASIFICACION":"Camino Regional Comunal","CALZADA":"U"},"geometry":{"type":"LineString","coordinates":[[-70.05166,-23.21526],[-70.03289,-23.20327],[-70.02438,-23.20013]]}},{"id":"6175","type":"Feature","properties":{"ROL":"B-510","NOMBRE_CAMINO":"Cruce Ruta 5 (El Way) - Cruce Ruta 1 (Coloso)","CLASIFICACION":"Camino Regional Provincial","CALZADA":"U"},"geometry":{"type":"LineString","coordinates":[[-70.32301,-23.83597],[-70.33251,-23.84111],[-70.33555,-23.84206],[-70.34211,-23.84155],[-70.35247,-23.84654],[-70.36098,-23.8469],[-70.37486,-23.84445],[-70.37621,-23.84286],[-70.3758,-23.83644],[-70.37978,-23.83454],[-70.37537,-23.82782],[-70.37694,-23.82139],[-70.38432,-23.81539],[-70.39278,-23.81217],[-70.39437,-23.80719],[-70.39732,-23.80487],[-70.3979,-23.80277],[-70.40276,-23.80047],[-70.41189,-23.78974],[-70.41841,-23.788],[-70.42556,-23.77569],[-70.43076,-23.77176],[-70.43514,-23.76613],[-70.43909,-23.75651],[-70.44362,-23.75507],[-70.44471,-23.75078],[-70.44628,-23.74928]]}},{"id":"6176","type":"Feature","properties":{"ROL":"B-800","NOMBRE_CAMINO":"Cruce Ruta 5 - Mina Santa Julia - Cruce B-710 (Las Ruinas)","CLASIFICACION":"Camino Regional Comunal","CALZADA":"U"},"geometry":{"type":"LineString","coordinates":[[-69.89719,-24.86527],[-69.90083,-24.86859],[-69.96112,-24.85581],[-69.97816,-24.85368],[-70.06754,-24.86162]]}},{"id":"6177","type":"Feature","properties":{"ROL":"B-885","NOMBRE_CAMINO":"Cruce Ruta 5 - Salar de La Azufrera","CLASIFICACION":"Camino Regional Comunal","CALZADA":"U"},"geometry":{"type":"LineString","coordinates":[[-69.86425,-25.29923],[-69.85993,-25.29913],[-69.84515,-25.30259],[-69.83965,-25.30063],[-69.83257,-25.29583],[-69.8232,-25.29414],[-69.80783,-25.29383],[-69.79776,-25.302],[-69.77981,-25.31092],[-69.75161,-25.3312],[-69.74615,-25.33219],[-69.73905,-25.33156],[-69.73452,-25.33295],[-69.72916,-25.33616],[-69.72265,-25.34296],[-69.7175,-25.34301],[-69.71445,-25.34481],[-69.71109,-25.34346],[-69.70102,-25.34622],[-69.66984,-25.34708]]}},{"id":"6178","type":"Feature","properties":{"ROL":"B-902","NOMBRE_CAMINO":"Cruce Ruta 5 (Agua Verdes) - Cruce Ruta 1 (Las Breas)","CLASIFICACION":"Camino Regional Provincial","CALZADA":"U"},"geometry":{"type":"LineString","coordinates":[[-70.01506,-25.42797],[-70.01833,-25.42586],[-70.01834,-25.4231],[-70.02019,-25.42062],[-70.0371,-25.41411],[-70.05955,-25.41383],[-70.07139,-25.41504],[-70.08275,-25.41412],[-70.10071,-25.41765],[-70.10888,-25.41632],[-70.11258,-25.41788],[-70.11965,-25.41825],[-70.12435,-25.42073],[-70.14424,-25.42582],[-70.15789,-25.42622],[-70.19427,-25.42306],[-70.20097,-25.42486],[-70.21002,-25.42497],[-70.21314,-25.42706],[-70.22364,-25.42835],[-70.23509,-25.42314],[-70.24823,-25.42416],[-70.25561,-25.42263],[-70.27114,-25.43076],[-70.27634,-25.43576],[-70.28399,-25.44001],[-70.30347,-25.45848],[-70.32275,-25.46323],[-70.33116,-25.47183],[-70.34023,-25.47767],[-70.34712,-25.47726],[-70.35502,-25.47931],[-70.37434,-25.49514],[-70.39008,-25.50289],[-70.38732,-25.50986],[-70.38866,-25.51194],[-70.39757,-25.51626],[-70.40171,-25.51696]]}},{"id":"6179","type":"Feature","properties":{"ROL":"B-944","NOMBRE_CAMINO":"Cruce B-938 - Tigrillo","CLASIFICACION":"Camino Regional Comunal","CALZADA":"U"},"geometry":{"type":"LineString","coordinates":[[-70.48567,-25.87671],[-70.48704,-25.87705],[-70.48981,-25.88307],[-70.49511,-25.88788],[-70.50292,-25.8906],[-70.50948,-25.89121],[-70.52356,-25.88974],[-70.53282,-25.89484],[-70.54585,-25.89744],[-70.55595,-25.89559],[-70.56629,-25.89599],[-70.572,-25.8993],[-70.57783,-25.89834],[-70.58833,-25.90462],[-70.59169,-25.90332],[-70.59684,-25.89799],[-70.60173,-25.89606],[-70.60946,-25.89894],[-70.62216,-25.91058],[-70.63148,-25.90976],[-70.63968,-25.9117],[-70.63791,-25.8963],[-70.63516,-25.89194],[-70.62977,-25.88815],[-70.62372,-25.87992],[-70.62147,-25.87216],[-70.62172,-25.86633],[-70.62348,-25.86274],[-70.62079,-25.85159],[-70.62328,-25.84568],[-70.63427,-25.84195],[-70.63579,-25.83787],[-70.63412,-25.83554]]}},{"id":"6180","type":"Feature","properties":{"ROL":"B-97-A","NOMBRE_CAMINO":"Ruta Andina, Sector: Av. Los Héroes (Ollagüe) - Límite Regional","CLASIFICACION":"Camino Regional Principal","CALZADA":"U"},"geometry":{"type":"LineString","coordinates":[[-68.2535,-21.22407],[-68.27256,-21.20167],[-68.27345,-21.18252],[-68.27189,-21.15328],[-68.28091,-21.14374]]}},{"id":"6181","type":"Feature","properties":{"ROL":"S/R-B-143","NOMBRE_CAMINO":"Cruce B-145 - Carabineros (Inacaliri)","CLASIFICACION":"Camino Regional Comunal (En Proceso de Enrolamiento)","CALZADA":"U"},"geometry":{"type":"LineString","coordinates":[[-68.0931,-22.05337],[-68.08013,-22.04761],[-68.06699,-22.02818]]}},{"id":"6182","type":"Feature","properties":{"ROL":"S/R-B-21","NOMBRE_CAMINO":"Cruce Ruta 5 - Termosolar Abengoa - Oficina Lina - Cruce Ruta 25 (Sierra Gorda)","CLASIFICACION":"Camino Regional Principal (En Proceso de Enrolamiento)","CALZADA":"U"},"geometry":{"type":"LineString","coordinates":[[-69.60442,-22.73043],[-69.59564,-22.73557],[-69.57424,-22.74206],[-69.55263,-22.74681],[-69.53203,-22.75647],[-69.51735,-22.76092],[-69.51133,-22.76128],[-69.50764,-22.75986],[-69.50129,-22.76133],[-69.4987,-22.75778],[-69.48684,-22.7544],[-69.48275,-22.75547],[-69.47512,-22.75426],[-69.46504,-22.75735],[-69.4612,-22.76776],[-69.45956,-22.77985],[-69.43718,-22.80672],[-69.43147,-22.8092],[-69.41847,-22.80634],[-69.4022,-22.80606],[-69.39861,-22.79928],[-69.38633,-22.79477],[-69.37347,-22.79808],[-69.3442,-22.80199],[-69.33836,-22.80456],[-69.33223,-22.81002],[-69.32672,-22.81192],[-69.3216,-22.81002],[-69.31745,-22.81088],[-69.31649,-22.81248],[-69.31746,-22.81611],[-69.31541,-22.81829],[-69.31512,-22.82173],[-69.31676,-22.8277],[-69.31492,-22.82966],[-69.30845,-22.85256],[-69.31442,-22.8654],[-69.31625,-22.87542],[-69.31904,-22.87804],[-69.32053,-22.88287],[-69.32071,-22.88594],[-69.31829,-22.88883]]}},{"id":"6183","type":"Feature","properties":{"ROL":"S/R-B-908","NOMBRE_CAMINO":"Cruce Ruta 5 - Cruce Camino a Mina Canchas Breas","CLASIFICACION":"Camino Regional Comunal (En Proceso de Enrolamiento)","CALZADA":"U"},"geometry":{"type":"LineString","coordinates":[[-70.25612,-25.54993],[-70.25028,-25.54562],[-70.24443,-25.53708],[-70.23521,-25.51412],[-70.22508,-25.4935],[-70.22493,-25.48574],[-70.22614,-25.48205],[-70.22472,-25.47222],[-70.22747,-25.46341],[-70.23196,-25.45759],[-70.23251,-25.45387],[-70.22978,-25.43675],[-70.22798,-25.43482],[-70.2244,-25.43398],[-70.21824,-25.43353],[-70.21282,-25.43511],[-70.20669,-25.43052],[-70.20348,-25.43106]]}},{"id":"6184","type":"Feature","properties":{"ROL":"S/R-B-922","NOMBRE_CAMINO":"Cruce B-900 - Las Guaneras","CLASIFICACION":"Camino Regional Comunal (En Proceso de Enrolamiento)","CALZADA":"U"},"geometry":{"type":"LineString","coordinates":[[-70.52277,-25.59689],[-70.52585,-25.59385],[-70.53211,-25.58045],[-70.53405,-25.56885],[-70.5386,-25.55501],[-70.54523,-25.55077],[-70.54704,-25.54421],[-70.55422,-25.54005],[-70.55685,-25.53297],[-70.56137,-25.52568],[-70.5753,-25.50955]]}},{"id":"6185","type":"Feature","properties":{"ROL":"S/R-B-940","NOMBRE_CAMINO":"Cruce B-938 - Playa Tigrillo","CLASIFICACION":"Camino Regional Comunal (En Proceso de Enrolamiento)","CALZADA":"U"},"geometry":{"type":"LineString","coordinates":[[-70.54891,-25.77094],[-70.55661,-25.78384],[-70.55929,-25.79201],[-70.55881,-25.79706],[-70.56517,-25.80673],[-70.56554,-25.80911],[-70.57165,-25.81259],[-70.5816,-25.8216],[-70.5895,-25.8237],[-70.59182,-25.82234],[-70.59585,-25.82245],[-70.59795,-25.82674],[-70.60033,-25.82712],[-70.60818,-25.82319],[-70.61313,-25.82317],[-70.61721,-25.82089],[-70.61968,-25.82139],[-70.62948,-25.83464],[-70.63838,-25.83641],[-70.64428,-25.83975],[-70.68312,-25.84657],[-70.69357,-25.85382],[-70.69751,-25.86112],[-70.69968,-25.86242]]}},{"id":"6186","type":"Feature","properties":{"ROL":"S/R-B-948","NOMBRE_CAMINO":"Cruce B-944 - Tigrillo","CLASIFICACION":"Camino Regional Comunal (En Proceso de Enrolamiento)","CALZADA":"U"},"geometry":{"type":"LineString","coordinates":[[-70.63427,-25.84195],[-70.63947,-25.83901],[-70.64417,-25.83972]]}},{"id":"6187","type":"Feature","properties":{"ROL":"B-151","NOMBRE_CAMINO":"Cruce B-175 (Puente Lasana) - Cruce Camino El Abra","CLASIFICACION":"Camino Regional de Acceso","CALZADA":"U"},"geometry":{"type":"LineString","coordinates":[[-68.62939,-22.2691],[-68.62859,-22.26729],[-68.62952,-22.26684],[-68.63268,-22.27197],[-68.63619,-22.2745],[-68.6377,-22.27798],[-68.63659,-22.28143],[-68.63745,-22.28253],[-68.63961,-22.27946],[-68.6567,-22.27008]]}},{"id":"6188","type":"Feature","properties":{"ROL":"B-160","NOMBRE_CAMINO":"Cruce B-12 - Cuesta Los Toros - Tocopilla","CLASIFICACION":"Camino Regional Comunal","CALZADA":"U"},"geometry":{"type":"LineString","coordinates":[[-70.07288,-22.1372],[-70.08099,-22.15216],[-70.08563,-22.15225],[-70.10052,-22.16964],[-70.11168,-22.17396],[-70.13518,-22.17359],[-70.14894,-22.1751],[-70.15143,-22.1745],[-70.15018,-22.17264],[-70.15097,-22.17124],[-70.15448,-22.17531],[-70.15422,-22.17426],[-70.15566,-22.1749],[-70.16159,-22.16986],[-70.16483,-22.1712],[-70.16981,-22.17009],[-70.17093,-22.16666],[-70.17442,-22.16422],[-70.17488,-22.15941],[-70.17738,-22.15591],[-70.17244,-22.14454],[-70.18672,-22.12779],[-70.18775,-22.12342],[-70.18722,-22.11712],[-70.19521,-22.10298]]}},{"id":"6189","type":"Feature","properties":{"ROL":"B-165","NOMBRE_CAMINO":"Cruce Ruta 23 CH - Toconce","CLASIFICACION":"Camino Regional Comunal","CALZADA":"U"},"geometry":{"type":"LineString","coordinates":[[-68.60645,-22.36158],[-68.56008,-22.34312]]}},{"id":"6190","type":"Feature","properties":{"ROL":"B-165","NOMBRE_CAMINO":"Cruce Ruta 23 CH - Toconce","CLASIFICACION":"Camino Regional Comunal","CALZADA":"U"},"geometry":{"type":"LineString","coordinates":[[-68.39264,-22.32486],[-68.36745,-22.30926],[-68.34682,-22.29022],[-68.3428,-22.2891],[-68.34726,-22.28922],[-68.3477,-22.2883],[-68.34044,-22.28246],[-68.31984,-22.2731],[-68.30865,-22.27063],[-68.28886,-22.27208],[-68.22307,-22.26355],[-68.19838,-22.25767],[-68.19571,-22.25822],[-68.19551,-22.25958],[-68.19316,-22.25912]]}},{"id":"6191","type":"Feature","properties":{"ROL":"B-167","NOMBRE_CAMINO":"Cruce B-165 (Ayquina) - Cruce B-155 (Turi)","CLASIFICACION":"Camino Regional Comunal","CALZADA":"U"},"geometry":{"type":"LineString","coordinates":[[-68.32563,-22.27516],[-68.31074,-22.25187],[-68.3113,-22.24567]]}},{"id":"6192","type":"Feature","properties":{"ROL":"B-168","NOMBRE_CAMINO":"Cruce Ruta 5 - Cruce B-180 (Oficina María Elena)","CLASIFICACION":"Camino Regional Comunal","CALZADA":"U"},"geometry":{"type":"LineString","coordinates":[[-69.58348,-22.3529],[-69.62996,-22.3495],[-69.64551,-22.35055],[-69.65674,-22.3474]]}},{"id":"6193","type":"Feature","properties":{"ROL":"B-171","NOMBRE_CAMINO":"Cruce Ruta 21 CH (Lasana) - Cruce B-175","CLASIFICACION":"Camino Regional Comunal","CALZADA":"U"},"geometry":{"type":"LineString","coordinates":[[-68.62068,-22.26618],[-68.62378,-22.26608],[-68.62554,-22.26469],[-68.62939,-22.2691]]}},{"id":"6194","type":"Feature","properties":{"ROL":"B-174","NOMBRE_CAMINO":"Cruce B-180 - Cementerio Coyasur","CLASIFICACION":"Camino Regional de Acceso","CALZADA":"U"},"geometry":{"type":"LineString","coordinates":[[-69.6432,-22.40099],[-69.63705,-22.39947],[-69.62783,-22.407]]}},{"id":"6195","type":"Feature","properties":{"ROL":"B-179","NOMBRE_CAMINO":"Cruce B-165 - Cruce B-245 (Linzor)","CLASIFICACION":"Camino Regional Comunal","CALZADA":"U"},"geometry":{"type":"LineString","coordinates":[[-68.16073,-22.24697],[-68.15423,-22.24182]]}},{"id":"6196","type":"Feature","properties":{"ROL":"B-184","NOMBRE_CAMINO":"Cruce Ruta 5 - Oficina Vergara - Cruce B-180","CLASIFICACION":"Camino Regional Comunal","CALZADA":"U"},"geometry":{"type":"LineString","coordinates":[[-69.61257,-22.46342],[-69.61848,-22.46135],[-69.62045,-22.46233],[-69.62446,-22.46123],[-69.63058,-22.45718],[-69.64305,-22.46051],[-69.64794,-22.44876],[-69.65569,-22.4478],[-69.65683,-22.44665]]}},{"id":"6197","type":"Feature","properties":{"ROL":"B-193","NOMBRE_CAMINO":"Cruce Av. Bernardo O'Higgins (Calama) - Ojo de Apache - Cascada","CLASIFICACION":"Camino Regional Comunal","CALZADA":"U"},"geometry":{"type":"LineString","coordinates":[[-68.92957,-22.47961],[-68.93484,-22.4817]]}},{"id":"6198","type":"Feature","properties":{"ROL":"B-193","NOMBRE_CAMINO":"Cruce Av. Bernardo O'Higgins (Calama) - Ojo de Apache - Cascada","CLASIFICACION":"Camino Regional Comunal","CALZADA":"U"},"geometry":{"type":"LineString","coordinates":[[-68.96198,-22.49913],[-68.97477,-22.49629],[-68.98293,-22.49672]]}},{"id":"6199","type":"Feature","properties":{"ROL":"B-233","NOMBRE_CAMINO":"Cruce B-229 - Mina San Juan","CLASIFICACION":"Camino Regional de Acceso","CALZADA":"U"},"geometry":{"type":"LineString","coordinates":[[-69.12063,-23.01821],[-69.10716,-23.03749],[-69.0914,-23.05393]]}},{"id":"6200","type":"Feature","properties":{"ROL":"B-245","NOMBRE_CAMINO":"Cruce B-241 (San Pedro de Atacama) - Guatín - Geysers del Tatio - Cruce B-179 (Linzor)","CLASIFICACION":"Camino Regional Comunal","CALZADA":"U"},"geometry":{"type":"LineString","coordinates":[[-68.19842,-22.91016],[-68.19939,-22.90627],[-68.19758,-22.89555],[-68.1953,-22.88687],[-68.19067,-22.8794],[-68.18069,-22.87395],[-68.1629,-22.85971],[-68.12548,-22.82507],[-68.11824,-22.8153]]}},{"id":"6201","type":"Feature","properties":{"ROL":"B-245","NOMBRE_CAMINO":"Cruce B-241 (San Pedro de Atacama) - Guatín - Geysers del Tatio - Cruce B-179 (Linzor)","CLASIFICACION":"Camino Regional Comunal","CALZADA":"U"},"geometry":{"type":"LineString","coordinates":[[-68.10558,-22.80208],[-68.10331,-22.80051],[-68.09435,-22.78742],[-68.0887,-22.78651],[-68.08071,-22.78215],[-68.0775,-22.77887],[-68.07406,-22.77202]]}},{"id":"6202","type":"Feature","properties":{"ROL":"B-245","NOMBRE_CAMINO":"Cruce B-241 (San Pedro de Atacama) - Guatín - Geysers del Tatio - Cruce B-179 (Linzor)","CLASIFICACION":"Camino Regional Comunal","CALZADA":"U"},"geometry":{"type":"LineString","coordinates":[[-68.07033,-22.76599],[-68.0704,-22.76509]]}},{"id":"6203","type":"Feature","properties":{"ROL":"B-245","NOMBRE_CAMINO":"Cruce B-241 (San Pedro de Atacama) - Guatín - Geysers del Tatio - Cruce B-179 (Linzor)","CLASIFICACION":"Camino Regional Comunal","CALZADA":"U"},"geometry":{"type":"LineString","coordinates":[[-68.11824,-22.8153],[-68.11323,-22.8107],[-68.1088,-22.80411],[-68.10558,-22.80208]]}},{"id":"6204","type":"Feature","properties":{"ROL":"B-245","NOMBRE_CAMINO":"Cruce B-241 (San Pedro de Atacama) - Guatín - Geysers del Tatio - Cruce B-179 (Linzor)","CLASIFICACION":"Camino Regional Comunal","CALZADA":"U"},"geometry":{"type":"LineString","coordinates":[[-68.0704,-22.76509],[-68.06413,-22.75726]]}},{"id":"6205","type":"Feature","properties":{"ROL":"B-245","NOMBRE_CAMINO":"Cruce B-241 (San Pedro de Atacama) - Guatín - Geysers del Tatio - Cruce B-179 (Linzor)","CLASIFICACION":"Camino Regional Comunal","CALZADA":"U"},"geometry":{"type":"LineString","coordinates":[[-68.07406,-22.77202],[-68.06974,-22.76845],[-68.07033,-22.76599]]}},{"id":"6206","type":"Feature","properties":{"ROL":"B-245","NOMBRE_CAMINO":"Cruce B-241 (San Pedro de Atacama) - Guatín - Geysers del Tatio - Cruce B-179 (Linzor)","CLASIFICACION":"Camino Regional Comunal","CALZADA":"U"},"geometry":{"type":"LineString","coordinates":[[-68.06413,-22.75726],[-68.05921,-22.75135],[-68.05555,-22.74252]]}},{"id":"6207","type":"Feature","properties":{"ROL":"B-245","NOMBRE_CAMINO":"Cruce B-241 (San Pedro de Atacama) - Guatín - Geysers del Tatio - Cruce B-179 (Linzor)","CLASIFICACION":"Camino Regional Comunal","CALZADA":"U"},"geometry":{"type":"LineString","coordinates":[[-68.05555,-22.74252],[-68.05195,-22.73763],[-68.04909,-22.73008],[-68.04331,-22.72648],[-68.0442,-22.72541],[-68.04246,-22.72103],[-68.03568,-22.71651],[-68.03421,-22.71757],[-68.01622,-22.71754],[-68.00757,-22.71472],[-68.00442,-22.71055],[-68.00092,-22.70907],[-68.0013,-22.70828],[-67.99926,-22.70947],[-67.99273,-22.70672],[-67.99474,-22.7015],[-67.99442,-22.69861],[-67.9913,-22.69363],[-67.99036,-22.6895],[-67.98433,-22.6805],[-67.98004,-22.67761]]}},{"id":"6208","type":"Feature","properties":{"ROL":"B-245","NOMBRE_CAMINO":"Cruce B-241 (San Pedro de Atacama) - Guatín - Geysers del Tatio - Cruce B-179 (Linzor)","CLASIFICACION":"Camino Regional Comunal","CALZADA":"U"},"geometry":{"type":"LineString","coordinates":[[-67.98004,-22.67761],[-67.97184,-22.67452],[-67.93684,-22.67136],[-67.93378,-22.67199],[-67.93024,-22.66806],[-67.93059,-22.66095],[-67.93438,-22.6568],[-67.94811,-22.65205],[-67.95624,-22.65363],[-67.9532,-22.64552],[-67.95187,-22.62737],[-67.95515,-22.62116],[-67.95989,-22.6176],[-67.97214,-22.60383],[-67.97955,-22.6043],[-67.9972,-22.59759],[-68.00808,-22.59072],[-68.01617,-22.58155],[-68.01606,-22.57872],[-68.03847,-22.53577],[-68.04505,-22.53216],[-68.04064,-22.53248],[-68.04082,-22.52985],[-68.03635,-22.52386],[-68.03365,-22.51637],[-68.03503,-22.49916],[-68.03137,-22.48178],[-68.05153,-22.42961],[-68.04784,-22.42634],[-68.04234,-22.41803],[-68.03494,-22.41336],[-68.02915,-22.40626],[-68.02953,-22.39845],[-68.02067,-22.38867],[-68.02094,-22.38022],[-68.01754,-22.37414],[-68.01742,-22.36355],[-68.01497,-22.3537],[-68.01636,-22.34677],[-68.01877,-22.34305],[-68.01763,-22.34266],[-68.01648,-22.33602],[-68.01196,-22.3295],[-68.00891,-22.32747],[-68.01031,-22.31877],[-68.00882,-22.3149],[-68.00441,-22.31175],[-68.00384,-22.30033],[-68.00058,-22.29958],[-67.99356,-22.30358],[-67.98918,-22.30442],[-67.9883,-22.30347],[-67.99818,-22.29506],[-67.99265,-22.29618],[-67.98809,-22.29229],[-67.98804,-22.29089],[-67.99223,-22.28275],[-67.99802,-22.2812],[-67.99877,-22.27871],[-68.00121,-22.2773],[-67.99905,-22.2731],[-68.00135,-22.26817],[-68.00195,-22.26224],[-68.00122,-22.26039],[-67.99857,-22.25958],[-67.99636,-22.26068],[-67.99495,-22.26336],[-67.9946,-22.25739],[-67.99159,-22.25263],[-67.98788,-22.2513],[-67.9831,-22.24285],[-67.98361,-22.24036],[-67.98764,-22.23786],[-67.9835,-22.23618],[-68.00116,-22.23351],[-68.01881,-22.2333],[-68.02183,-22.23449]]}},{"id":"6209","type":"Feature","properties":{"ROL":"B-357","NOMBRE_CAMINO":"Cruce Ruta 23 CH (Arenales) - Paso Huaytiquina","CLASIFICACION":"Camino Regional Comunal","CALZADA":"U"},"geometry":{"type":"LineString","coordinates":[[-68.00213,-23.2741],[-67.99524,-23.27373],[-67.96824,-23.28054],[-67.9579,-23.28106],[-67.94592,-23.28663],[-67.94261,-23.29427],[-67.9282,-23.30718],[-67.91858,-23.31012],[-67.90312,-23.31016],[-67.89037,-23.31288]]}},{"id":"6210","type":"Feature","properties":{"ROL":"B-472","NOMBRE_CAMINO":"Cruce Ruta 5 - Límite Urbano Antofagasta","CLASIFICACION":"Camino Regional de Acceso","CALZADA":"U"},"geometry":{"type":"LineString","coordinates":[[-70.36122,-23.68461],[-70.36382,-23.67894],[-70.36845,-23.67556],[-70.37256,-23.6693],[-70.37011,-23.65651]]}},{"id":"6211","type":"Feature","properties":{"ROL":"S/R-B-1129","NOMBRE_CAMINO":"Cruce B-97-A - Acceso a Cosca","CLASIFICACION":"Camino Regional de Acceso (En Proceso de Enrolamiento)","CALZADA":"U"},"geometry":{"type":"LineString","coordinates":[[-68.33258,-21.0903],[-68.33831,-21.0923],[-68.33969,-21.09486],[-68.34166,-21.09421],[-68.34611,-21.09989],[-68.35317,-21.10255],[-68.35408,-21.10469],[-68.35859,-21.10543],[-68.36248,-21.10995],[-68.36463,-21.11528]]}},{"id":"6212","type":"Feature","properties":{"ROL":"S/R-B-1149","NOMBRE_CAMINO":"Cruce B-155 - Cruce B-167","CLASIFICACION":"Camino Regional Comunal (En Proceso de Enrolamiento)","CALZADA":"U"},"geometry":{"type":"LineString","coordinates":[[-68.43336,-22.24936],[-68.42895,-22.25227],[-68.4254,-22.25192],[-68.3764,-22.26256],[-68.37188,-22.26211],[-68.37191,-22.26317],[-68.32747,-22.26918],[-68.32293,-22.27103]]}},{"id":"6213","type":"Feature","properties":{"ROL":"S/R-B-1151","NOMBRE_CAMINO":"Cruce B-141 - TaIra","CLASIFICACION":"Camino Regional Comunal (En Proceso de Enrolamiento)","CALZADA":"U"},"geometry":{"type":"LineString","coordinates":[[-68.62537,-21.93081],[-68.61029,-21.93296]]}},{"id":"6214","type":"Feature","properties":{"ROL":"S/R-B-116","NOMBRE_CAMINO":"Cruce Ruta 1 - Caleta Paquica","CLASIFICACION":"Camino Regional de Acceso (En Proceso de Enrolamiento)","CALZADA":"U"},"geometry":{"type":"LineString","coordinates":[[-70.16676,-21.89386],[-70.16875,-21.89583]]}},{"id":"6215","type":"Feature","properties":{"ROL":"S/R-B-117","NOMBRE_CAMINO":"Cruce Ruta 24 - Acceso a Geoglifo Chug Chug","CLASIFICACION":"Camino Regional de Acceso (En Proceso de Enrolamiento)","CALZADA":"U"},"geometry":{"type":"LineString","coordinates":[[-69.10566,-22.29076],[-69.12258,-22.27613],[-69.14178,-22.25365],[-69.15103,-22.24641],[-69.15395,-22.23904],[-69.15151,-22.2302],[-69.15441,-22.22992],[-69.16663,-22.22122],[-69.17113,-22.20471]]}},{"id":"6216","type":"Feature","properties":{"ROL":"S/R-B-1171","NOMBRE_CAMINO":"Cruce B-169 (Vado Río Salado) - Puente El Diablo","CLASIFICACION":"Camino Regional Comunal (En Proceso de Enrolamiento)","CALZADA":"U"},"geometry":{"type":"LineString","coordinates":[[-68.55897,-22.33517],[-68.55497,-22.33329],[-68.54679,-22.33293],[-68.53121,-22.3267],[-68.49342,-22.3053],[-68.47677,-22.31138],[-68.47041,-22.31504],[-68.4571,-22.30771],[-68.43029,-22.3047],[-68.41912,-22.30562],[-68.41304,-22.30369],[-68.4133,-22.30025],[-68.39276,-22.29113],[-68.38923,-22.28803],[-68.38056,-22.28428],[-68.37908,-22.28104],[-68.37617,-22.28388],[-68.37689,-22.28052],[-68.35282,-22.26573]]}},{"id":"6217","type":"Feature","properties":{"ROL":"S/R-B-118","NOMBRE_CAMINO":"Cruce Ruta 1 - Cuesta Paquica - Cruce Ruta 1","CLASIFICACION":"Camino Regional Comunal (En Proceso de Enrolamiento)","CALZADA":"U"},"geometry":{"type":"LineString","coordinates":[[-70.16733,-21.89459],[-70.16645,-21.89517],[-70.16106,-21.89219],[-70.16003,-21.89286],[-70.16239,-21.89929],[-70.1742,-21.90166],[-70.17071,-21.90289],[-70.1685,-21.90616],[-70.1638,-21.90856],[-70.16524,-21.92646],[-70.16642,-21.92847],[-70.16737,-21.92755]]}},{"id":"6218","type":"Feature","properties":{"ROL":"S/R-B-121","NOMBRE_CAMINO":"Cruce Ruta 5 (Estación Iberia) - Puente Teresa","CLASIFICACION":"Camino Regional Comunal (En Proceso de Enrolamiento)","CALZADA":"U"},"geometry":{"type":"LineString","coordinates":[[-69.58806,-21.96106],[-69.58039,-21.96854],[-69.57493,-21.97119]]}},{"id":"6219","type":"Feature","properties":{"ROL":"S/R-B-122","NOMBRE_CAMINO":"Punta Atala - Punta Atala Sur","CLASIFICACION":"Camino Regional de Acceso (En Proceso de Enrolamiento)","CALZADA":"U"},"geometry":{"type":"LineString","coordinates":[[-70.24011,-22.2882],[-70.24085,-22.29151],[-70.23774,-22.29518]]}},{"id":"6220","type":"Feature","properties":{"ROL":"S/R-B-127","NOMBRE_CAMINO":"Cruce Ruta 5 (Oficina Santa Fé) - Tranque Santa Fé","CLASIFICACION":"Camino Regional de Acceso (En Proceso de Enrolamiento)","CALZADA":"U"},"geometry":{"type":"LineString","coordinates":[[-69.55178,-21.86801],[-69.54942,-21.8704],[-69.5381,-21.87565],[-69.53299,-21.88391],[-69.53352,-21.88733]]}},{"id":"6221","type":"Feature","properties":{"ROL":"S/R-B-129","NOMBRE_CAMINO":"Cruce Ruta 5 - Tranque Sloman","CLASIFICACION":"Camino Regional de Acceso (En Proceso de Enrolamiento)","CALZADA":"U"},"geometry":{"type":"LineString","coordinates":[[-69.54665,-21.86035],[-69.53447,-21.85851],[-69.51527,-21.85342]]}},{"id":"6222","type":"Feature","properties":{"ROL":"S/R-B-131","NOMBRE_CAMINO":"Cruce B-135 (Quillagua) - Valle Meteoritos","CLASIFICACION":"Camino Regional de Acceso (En Proceso de Enrolamiento)","CALZADA":"U"},"geometry":{"type":"LineString","coordinates":[[-69.53503,-21.65682],[-69.53272,-21.65673],[-69.53232,-21.65902],[-69.53028,-21.65982],[-69.52921,-21.66262],[-69.52739,-21.66263],[-69.52669,-21.65916],[-69.51553,-21.65629],[-69.51682,-21.65266],[-69.51912,-21.65162],[-69.5187,-21.65016]]}},{"id":"6223","type":"Feature","properties":{"ROL":"S/R-B-173","NOMBRE_CAMINO":"Cruce B-169 - Laguna Inca Coya","CLASIFICACION":"Camino Regional de Acceso (En Proceso de Enrolamiento)","CALZADA":"U"},"geometry":{"type":"LineString","coordinates":[[-68.60585,-22.33271],[-68.60062,-22.33844]]}},{"id":"6224","type":"Feature","properties":{"ROL":"S/R-B-181","NOMBRE_CAMINO":"Cruce Ruta 5 (María Elena) - Balneario Maria Elena","CLASIFICACION":"Camino Regional de Acceso (En Proceso de Enrolamiento)","CALZADA":"U"},"geometry":{"type":"LineString","coordinates":[[-69.58406,-22.34905],[-69.5718,-22.34997],[-69.56861,-22.3479],[-69.56696,-22.34997],[-69.56489,-22.34988]]}},{"id":"6225","type":"Feature","properties":{"ROL":"S/R-B-183","NOMBRE_CAMINO":"Cruce Ruta 5 - Balneario Coya Sur","CLASIFICACION":"Camino Regional de Acceso (En Proceso de Enrolamiento)","CALZADA":"U"},"geometry":{"type":"LineString","coordinates":[[-69.57672,-22.39725],[-69.53091,-22.3985],[-69.52939,-22.39943],[-69.53065,-22.3965],[-69.52851,-22.39694]]}},{"id":"6226","type":"Feature","properties":{"ROL":"S/R-B-197","NOMBRE_CAMINO":"Cruce B-161 (Paniri) - Cupo","CLASIFICACION":"Camino Regional Comunal (En Proceso de Enrolamiento)","CALZADA":"U"},"geometry":{"type":"LineString","coordinates":[[-68.29986,-22.17823],[-68.30331,-22.16834],[-68.30523,-22.16643],[-68.31252,-22.16193],[-68.31712,-22.16209],[-68.32262,-22.15911]]}},{"id":"6227","type":"Feature","properties":{"ROL":"S/R-B-223","NOMBRE_CAMINO":"Cruce B-245 - Machuca - Cruce B-245","CLASIFICACION":"Camino Regional Comunal (En Proceso de Enrolamiento)","CALZADA":"U"},"geometry":{"type":"LineString","coordinates":[[-68.07015,-22.76439],[-68.07216,-22.76249],[-68.07217,-22.75674],[-68.07383,-22.75543],[-68.07335,-22.75261],[-68.06547,-22.74012],[-68.06279,-22.73881],[-68.05888,-22.7297],[-68.05358,-22.72588],[-68.05777,-22.72076],[-68.0576,-22.7195],[-68.05358,-22.71374],[-68.05213,-22.71382],[-68.04606,-22.70274],[-68.041,-22.68841],[-68.04075,-22.68395],[-68.0417,-22.67749],[-68.0436,-22.67558],[-68.0446,-22.66655],[-68.04823,-22.66314],[-68.05022,-22.65699],[-68.05493,-22.65768],[-68.05749,-22.65581],[-68.06055,-22.64853],[-68.06028,-22.64355],[-68.05695,-22.63965],[-68.05762,-22.6367],[-68.05622,-22.63418],[-68.05593,-22.62214],[-68.05806,-22.61421],[-68.0664,-22.60079],[-68.06221,-22.59779],[-68.06186,-22.59474],[-68.05994,-22.59212],[-68.05807,-22.5919],[-68.05595,-22.59411],[-68.05564,-22.59184],[-68.04495,-22.58326],[-68.03974,-22.57674],[-68.04002,-22.57431],[-68.04503,-22.56857],[-68.04592,-22.56287],[-68.04437,-22.55311],[-68.03867,-22.5421],[-68.03797,-22.5374]]}},{"id":"6228","type":"Feature","properties":{"ROL":"S/R-B-353","NOMBRE_CAMINO":"Cruce B-55 (Estación Monturaqui) - Acceso Parque Llullaillaco","CLASIFICACION":"Camino Regional de Acceso (En Proceso de Enrolamiento)","CALZADA":"U"},"geometry":{"type":"LineString","coordinates":[[-68.43876,-24.33309],[-68.43537,-24.34377],[-68.4428,-24.35668],[-68.44775,-24.36905],[-68.44984,-24.37908],[-68.45569,-24.38879],[-68.45733,-24.39502],[-68.45573,-24.41066],[-68.45624,-24.41823],[-68.4547,-24.42402],[-68.45618,-24.43167],[-68.4557,-24.43955],[-68.4536,-24.44366],[-68.45511,-24.44804],[-68.45173,-24.45744],[-68.45574,-24.47915],[-68.45781,-24.47803],[-68.46385,-24.48559],[-68.45928,-24.49349],[-68.4664,-24.50029],[-68.46676,-24.50549],[-68.46324,-24.51761],[-68.46586,-24.53111],[-68.47515,-24.54075],[-68.4811,-24.544],[-68.4877,-24.54463],[-68.49292,-24.5491],[-68.49666,-24.55267],[-68.50046,-24.5599],[-68.50514,-24.5633],[-68.50892,-24.5698],[-68.51458,-24.57453],[-68.51767,-24.57496],[-68.51859,-24.57147],[-68.5252,-24.56412],[-68.536,-24.55706],[-68.54373,-24.55895],[-68.54888,-24.55589],[-68.55433,-24.55602],[-68.56275,-24.56131],[-68.5645,-24.56342],[-68.56555,-24.58181],[-68.57226,-24.59013],[-68.57147,-24.59929],[-68.57635,-24.60282],[-68.57751,-24.6055],[-68.57938,-24.60453],[-68.59038,-24.61594],[-68.58729,-24.6217]]}},{"id":"6229","type":"Feature","properties":{"ROL":"S/R-B-365","NOMBRE_CAMINO":"Cruce Ruta 23 CH - Soncor","CLASIFICACION":"Camino Regional de Acceso (En Proceso de Enrolamiento)","CALZADA":"U"},"geometry":{"type":"LineString","coordinates":[[-67.99681,-23.32173],[-67.99275,-23.32323],[-67.98548,-23.32965],[-67.97492,-23.33299],[-67.96308,-23.33042],[-67.96397,-23.33238],[-67.95841,-23.33071],[-67.95545,-23.33129],[-67.95082,-23.32884],[-67.94852,-23.33034],[-67.9412,-23.33004],[-67.93809,-23.3316],[-67.93287,-23.3307]]}},{"id":"6230","type":"Feature","properties":{"ROL":"S/R-B-880","NOMBRE_CAMINO":"Cruce Ruta 1 - Acceso Vertedero Taltal","CLASIFICACION":"Camino Regional de Acceso (En Proceso de Enrolamiento)","CALZADA":"U"},"geometry":{"type":"LineString","coordinates":[[-70.46125,-25.42902],[-70.45701,-25.4319],[-70.44594,-25.44604]]}},{"id":"6231","type":"Feature","properties":{"ROL":"S/R-B-896","NOMBRE_CAMINO":"Cruce Ruta 1 - Quebrada Hueso","CLASIFICACION":"Camino Regional de Acceso (En Proceso de Enrolamiento)","CALZADA":"U"},"geometry":{"type":"LineString","coordinates":[[-70.46442,-25.42596],[-70.45854,-25.42527],[-70.45456,-25.42341],[-70.45411,-25.41494],[-70.45238,-25.41474],[-70.45178,-25.41146],[-70.45495,-25.40839],[-70.45577,-25.40474],[-70.45987,-25.39992],[-70.45966,-25.39324]]}},{"id":"6232","type":"Feature","properties":{"ROL":"S/R-B-942","NOMBRE_CAMINO":"Cruce B-940 - Playas Las Maderas","CLASIFICACION":"Camino Regional de Acceso (En Proceso de Enrolamiento)","CALZADA":"U"},"geometry":{"type":"LineString","coordinates":[[-70.68219,-25.84634],[-70.68223,-25.83718],[-70.68428,-25.83564],[-70.68737,-25.83556],[-70.69034,-25.8297],[-70.69806,-25.8277],[-70.70043,-25.83026],[-70.70716,-25.83248],[-70.71196,-25.83706],[-70.71489,-25.83673],[-70.71772,-25.83237]]}},{"id":"6233","type":"Feature","properties":{"ROL":"S/R-B-1436","NOMBRE_CAMINO":"Antofagasta - Caleta Lagarto","CLASIFICACION":"Camino Regional de Acceso (En Proceso de Enrolamiento)","CALZADA":"U"},"geometry":{"type":"LineString","coordinates":[[-70.5523,-23.39886],[-70.55223,-23.39445],[-70.5548,-23.38911],[-70.56498,-23.38116],[-70.5713,-23.38017],[-70.58486,-23.37399],[-70.58787,-23.36937],[-70.59368,-23.36463],[-70.60545,-23.36401]]}},{"id":"6237","type":"Feature","properties":{"ROL":"B-12","NOMBRE_CAMINO":"Cruce Ruta 1 (Naguayán) - Michilla - Cruce Ruta 24 (Barriles)","CLASIFICACION":"Camino Regional Principal","CALZADA":"U"},"geometry":{"type":"LineString","coordinates":[[-70.15522,-22.49455],[-70.15564,-22.49295],[-70.15308,-22.48982],[-70.15343,-22.48712],[-70.14203,-22.47398],[-70.1361,-22.46375],[-70.13578,-22.44308],[-70.12888,-22.42726],[-70.1238,-22.42188],[-70.12246,-22.41758],[-70.124,-22.41255],[-70.12268,-22.40684],[-70.12467,-22.40425],[-70.10452,-22.3721],[-70.1017,-22.3694],[-70.09611,-22.35792],[-70.09663,-22.35475],[-70.10346,-22.35073],[-70.11455,-22.33594],[-70.11583,-22.33002],[-70.11418,-22.32582],[-70.11592,-22.32354],[-70.11413,-22.32026],[-70.11499,-22.31757],[-70.12682,-22.31218],[-70.12993,-22.30919],[-70.14302,-22.30932],[-70.14772,-22.31285],[-70.15342,-22.31069],[-70.15561,-22.30148],[-70.16187,-22.28831],[-70.16305,-22.25046],[-70.14486,-22.24239],[-70.13172,-22.22945],[-70.10288,-22.21472],[-70.09446,-22.20499],[-70.08904,-22.20106],[-70.08017,-22.19161],[-70.07768,-22.18555],[-70.07275,-22.17856],[-70.06531,-22.16167],[-70.06627,-22.15131],[-70.074,-22.1342],[-70.0726,-22.13177]]}},{"id":"6238","type":"Feature","properties":{"ROL":"B-330","NOMBRE_CAMINO":"Cruce Ruta 5 (Baquedano) - Cruce B-250 (Algorta)","CLASIFICACION":"Camino Regional Comunal","CALZADA":"U"},"geometry":{"type":"LineString","coordinates":[[-69.86455,-23.13959],[-69.86831,-23.13653],[-69.87366,-23.13495],[-69.86445,-23.08109],[-69.86085,-23.0741],[-69.85868,-23.06602]]}},{"id":"6239","type":"Feature","properties":{"ROL":"S/R-B-514","NOMBRE_CAMINO":"Cruce Ruta 5 - Acceso a Geoglifo Raúl Zurita","CLASIFICACION":"Camino Regional de Acceso (En Proceso de Enrolamiento)","CALZADA":"U"},"geometry":{"type":"LineString","coordinates":[[-70.30084,-23.91323],[-70.30175,-23.91555],[-70.30905,-23.9226],[-70.31923,-23.92605],[-70.32961,-23.93213],[-70.33886,-23.93222],[-70.35421,-23.94004],[-70.36393,-23.95039],[-70.37607,-23.96817],[-70.38665,-23.99649],[-70.38765,-24.00267],[-70.39044,-24.00713],[-70.39756,-24.0107],[-70.40692,-24.02036],[-70.41777,-24.02771],[-70.42688,-24.03061],[-70.43707,-24.03188],[-70.44408,-24.03573],[-70.44754,-24.04024]]}},{"id":"6240","type":"Feature","properties":{"ROL":"B-12","NOMBRE_CAMINO":"Cruce Ruta 1 (Naguayán) - Michilla - Cruce Ruta 24 (Barriles)","CLASIFICACION":"Camino Regional Principal","CALZADA":"U"},"geometry":{"type":"LineString","coordinates":[[-70.18102,-22.94409],[-70.17869,-22.92841],[-70.16164,-22.89643],[-70.16107,-22.88753],[-70.15356,-22.87644],[-70.15296,-22.86058]]}},{"id":"6241","type":"Feature","properties":{"ROL":"B-165","NOMBRE_CAMINO":"Cruce Ruta 23 CH - Toconce","CLASIFICACION":"Camino Regional Comunal","CALZADA":"U"},"geometry":{"type":"LineString","coordinates":[[-68.65035,-22.39102],[-68.64719,-22.38784],[-68.64178,-22.3776],[-68.60645,-22.36158]]}},{"id":"8417","type":"Feature","properties":{"ROL":"URBB262","NOMBRE_CAMINO":"Cruce Ruta 1 - Mejillones (Acceso Central a Mejillones)","CLASIFICACION":"Conexión Vial Urbana","CALZADA":null},"geometry":{"type":"LineString","coordinates":[[-70.33099,-23.08009],[-70.33747,-23.07946]]}},{"id":"8418","type":"Feature","properties":{"ROL":"URBB262","NOMBRE_CAMINO":"Cruce Ruta 1 - Mejillones (Acceso Central a Mejillones)","CLASIFICACION":"Conexión Vial Urbana","CALZADA":null},"geometry":{"type":"LineString","coordinates":[[-70.33747,-23.07946],[-70.38514,-23.09524],[-70.42679,-23.10441],[-70.4349,-23.10245]]}},{"id":"8419","type":"Feature","properties":{"ROL":"URBB272","NOMBRE_CAMINO":"Cruce Ruta 1(Acceso Norte a Mejillones) – Mejillones – Cruce Ruta 1 (Acceso sur a Mejillones)","CLASIFICACION":"Conexión Vial Urbana","CALZADA":null},"geometry":{"type":"LineString","coordinates":[[-70.39394,-23.2555],[-70.39523,-23.25428],[-70.44042,-23.11921]]}},{"id":"8420","type":"Feature","properties":{"ROL":"URBB272","NOMBRE_CAMINO":"Cruce Ruta 1(Acceso Norte a Mejillones) – Mejillones – Cruce Ruta 1 (Acceso sur a Mejillones)","CLASIFICACION":"Conexión Vial Urbana","CALZADA":null},"geometry":{"type":"LineString","coordinates":[[-70.44042,-23.11921],[-70.44409,-23.10812],[-70.43744,-23.10872],[-70.43619,-23.10778],[-70.43489,-23.10232],[-70.4366,-23.09605],[-70.41808,-23.09013],[-70.38984,-23.07479],[-70.38628,-23.0796],[-70.38254,-23.08013],[-70.36998,-23.07011],[-70.3725,-23.06634],[-70.35967,-23.05521],[-70.34492,-23.03691],[-70.35047,-23.03349],[-70.33943,-23.01665],[-70.33271,-23.00346],[-70.32555,-22.98325],[-70.32488,-22.9826],[-70.3089,-22.98929]]}},{"id":"9916","type":"Feature","properties":{"ROL":"B-115-C","NOMBRE_CAMINO":"Cruce C-13 (Diego de Almagro) - Cruce B-955 (Altamira), Sector: Límite Regional - Altamira","CLASIFICACION":"Camino Regional Comunal","CALZADA":"U"},"geometry":{"type":"LineString","coordinates":[[-69.86862,-25.89471],[-69.86056,-25.87537],[-69.8549,-25.85536],[-69.85411,-25.8483],[-69.85526,-25.83767],[-69.85695,-25.83528],[-69.85723,-25.81899],[-69.85458,-25.81398],[-69.85401,-25.80913],[-69.84676,-25.80006]]}},{"id":"9917","type":"Feature","properties":{"ROL":"B-115-C","NOMBRE_CAMINO":"Cruce C-13 (Diego de Almagro) - Cruce B-955 (Altamira), Sector: Límite Regional - Altamira","CLASIFICACION":"Camino Regional Comunal","CALZADA":"U"},"geometry":{"type":"LineString","coordinates":[[-69.88186,-25.91395],[-69.87607,-25.91064],[-69.86862,-25.89471]]}},{"id":"9918","type":"Feature","properties":{"ROL":"S/R-B-363","NOMBRE_CAMINO":"Cruce Ruta 23 CH (Arenales) - Cruce B-39","CLASIFICACION":"Camino Regional Comunal (En Proceso de Enrolamiento)","CALZADA":"U"},"geometry":{"type":"LineString","coordinates":[[-68.00841,-23.26743],[-68.05159,-23.25886],[-68.06383,-23.25486]]}},{"id":"9919","type":"Feature","properties":{"ROL":"S/R-B-363","NOMBRE_CAMINO":"Cruce Ruta 23 CH (Arenales) - Cruce B-39","CLASIFICACION":"Camino Regional Comunal (En Proceso de Enrolamiento)","CALZADA":"U"},"geometry":{"type":"LineString","coordinates":[[-68.00213,-23.2741],[-68.00841,-23.26743]]}},{"id":"9920","type":"Feature","properties":{"ROL":"B-905","NOMBRE_CAMINO":"Cruce Ruta 5 (Agua Verdes) - Mina La Pólvora - Mina La Exploradora","CLASIFICACION":"Camino Regional Comunal","CALZADA":"U"},"geometry":{"type":"LineString","coordinates":[[-69.86776,-25.45025],[-69.85847,-25.45393],[-69.85239,-25.45479],[-69.84121,-25.46014],[-69.81818,-25.46537],[-69.81627,-25.46693],[-69.80732,-25.46792],[-69.80477,-25.47171],[-69.79946,-25.47513],[-69.79248,-25.4857],[-69.7861,-25.49143],[-69.78489,-25.49449],[-69.78514,-25.50437],[-69.78268,-25.51827],[-69.78113,-25.54284],[-69.77298,-25.55891],[-69.76895,-25.56399],[-69.76605,-25.57104],[-69.76053,-25.57545],[-69.75807,-25.5835],[-69.73766,-25.61506],[-69.69069,-25.67129],[-69.68355,-25.6775],[-69.67836,-25.68426],[-69.66507,-25.68715],[-69.65062,-25.69759],[-69.63887,-25.70224],[-69.62719,-25.7041],[-69.61498,-25.7026],[-69.60686,-25.70391],[-69.59457,-25.7094],[-69.59105,-25.70967],[-69.58354,-25.71827],[-69.57066,-25.7295],[-69.56822,-25.72975],[-69.56419,-25.73845],[-69.56469,-25.74193],[-69.56005,-25.75102],[-69.55778,-25.75953],[-69.55606,-25.76224],[-69.54208,-25.77365],[-69.54109,-25.77673],[-69.53526,-25.77513],[-69.53132,-25.77169],[-69.52637,-25.7702],[-69.51543,-25.77151],[-69.5046,-25.77005],[-69.49956,-25.76807],[-69.49036,-25.76969],[-69.47887,-25.76817],[-69.46989,-25.76934],[-69.46244,-25.77835],[-69.43992,-25.77792],[-69.42296,-25.78111],[-69.41514,-25.78422],[-69.41169,-25.78338],[-69.40818,-25.785],[-69.4003,-25.78524],[-69.38646,-25.79194],[-69.33986,-25.8213],[-69.32637,-25.82182],[-69.31604,-25.82563],[-69.31229,-25.8297]]}},{"id":"9921","type":"Feature","properties":{"ROL":"B-905","NOMBRE_CAMINO":"Cruce Ruta 5 (Agua Verdes) - Mina La Pólvora - Mina La Exploradora","CLASIFICACION":"Camino Regional Comunal","CALZADA":"U"},"geometry":{"type":"LineString","coordinates":[[-69.96413,-25.3981],[-69.96024,-25.40255],[-69.9634,-25.40535],[-69.95944,-25.41025],[-69.95856,-25.41295],[-69.95959,-25.41685],[-69.9565,-25.42213],[-69.94432,-25.42566],[-69.94136,-25.42903],[-69.93052,-25.43161],[-69.92688,-25.4313],[-69.90814,-25.43643],[-69.86776,-25.45025]]}},{"id":"13874","type":"Feature","properties":{"ROL":"B-700","NOMBRE_CAMINO":"Cruce Ruta 5 (Varillas) - Cruce Ruta 1 (Caleta El Cobre)","CLASIFICACION":"Camino Regional Provincial","CALZADA":"U"},"geometry":{"type":"LineString","coordinates":[[-70.26446,-24.04761],[-70.2746,-24.06221],[-70.27812,-24.07285],[-70.2793,-24.08733],[-70.28394,-24.09916],[-70.30633,-24.13503],[-70.31413,-24.1502],[-70.31498,-24.1578],[-70.31609,-24.15873]]}},{"id":"13875","type":"Feature","properties":{"ROL":"B-700","NOMBRE_CAMINO":"Cruce Ruta 5 (Varillas) - Cruce Ruta 1 (Caleta El Cobre)","CLASIFICACION":"Camino Regional Provincial","CALZADA":"U"},"geometry":{"type":"LineString","coordinates":[[-70.41994,-24.24653],[-70.42536,-24.26096],[-70.42423,-24.26611],[-70.42735,-24.26986],[-70.42918,-24.26795],[-70.43487,-24.26677],[-70.44278,-24.2689],[-70.4409,-24.27229],[-70.44031,-24.27843],[-70.44094,-24.28306],[-70.44278,-24.28409],[-70.44403,-24.28843],[-70.44182,-24.29162],[-70.44668,-24.29327],[-70.45756,-24.32332],[-70.45978,-24.32601],[-70.46604,-24.32967],[-70.47687,-24.32031],[-70.48552,-24.29809],[-70.49173,-24.29681],[-70.50165,-24.29791],[-70.51057,-24.29572],[-70.51062,-24.29358],[-70.51244,-24.29216],[-70.51151,-24.29082],[-70.51291,-24.28992],[-70.51216,-24.2886],[-70.515,-24.28679],[-70.51444,-24.28348],[-70.5169,-24.2795],[-70.51584,-24.27774],[-70.51922,-24.27481],[-70.51732,-24.27018],[-70.51958,-24.26449],[-70.52098,-24.26456],[-70.52151,-24.26262],[-70.52029,-24.26136],[-70.51959,-24.25521],[-70.52149,-24.25534],[-70.52073,-24.25253],[-70.523,-24.24982]]}},{"id":"13876","type":"Feature","properties":{"ROL":"B-700","NOMBRE_CAMINO":"Cruce Ruta 5 (Varillas) - Cruce Ruta 1 (Caleta El Cobre)","CLASIFICACION":"Camino Regional Provincial","CALZADA":"U"},"geometry":{"type":"LineString","coordinates":[[-70.31609,-24.15873],[-70.31999,-24.16061],[-70.31784,-24.1662],[-70.31917,-24.17521],[-70.33655,-24.19599],[-70.33927,-24.2023],[-70.3483,-24.20846],[-70.36178,-24.22943],[-70.36764,-24.23251],[-70.37038,-24.23891],[-70.37931,-24.24537],[-70.38683,-24.24784],[-70.39396,-24.2452],[-70.39716,-24.24523],[-70.40168,-24.24864],[-70.40835,-24.24806],[-70.41037,-24.25041],[-70.41526,-24.24599],[-70.41889,-24.24523],[-70.41994,-24.24653]]}},{"id":"13877","type":"Feature","properties":{"ROL":"Ruta 23 CH","NOMBRE_CAMINO":"Calama - San Pedro de Atacama - Paso de Laguna Sico","CLASIFICACION":"Camino Nacional con Carácter de Internacional","CALZADA":"U"},"geometry":{"type":"LineString","coordinates":[[-68.8988,-22.46943],[-68.88172,-22.48142],[-68.8484,-22.50997],[-68.82724,-22.5254],[-68.79849,-22.53535],[-68.78769,-22.54341],[-68.69859,-22.59606],[-68.50338,-22.67406],[-68.44063,-22.70545],[-68.43235,-22.70769],[-68.42817,-22.70663],[-68.42393,-22.71094],[-68.39067,-22.72572],[-68.38909,-22.72911],[-68.39723,-22.75091],[-68.3973,-22.75737],[-68.39028,-22.76134],[-68.38474,-22.77188],[-68.37625,-22.76966],[-68.37365,-22.77081],[-68.37015,-22.77905],[-68.36738,-22.79178],[-68.35436,-22.79955],[-68.34633,-22.81243],[-68.34252,-22.82141],[-68.33702,-22.82776],[-68.3343,-22.83616],[-68.32464,-22.83985],[-68.32747,-22.84889],[-68.32673,-22.85077],[-68.27583,-22.89987],[-68.25459,-22.90664],[-68.24565,-22.91455],[-68.2393,-22.91728],[-68.23244,-22.91784],[-68.23166,-22.91469],[-68.2196,-22.90192],[-68.21722,-22.90169],[-68.21226,-22.90483],[-68.21144,-22.91057],[-68.22828,-22.93254],[-68.22972,-22.93984],[-68.22882,-22.94208],[-68.2168,-22.95155],[-68.20075,-22.94814],[-68.19565,-22.93522],[-68.18503,-22.92733],[-68.10637,-23.07372],[-68.09306,-23.09427],[-68.08329,-23.11504],[-68.02284,-23.17544],[-68.01115,-23.18398],[-68.00735,-23.18421],[-68.00412,-23.18694],[-68.00346,-23.19223],[-68.01082,-23.19421],[-68.01554,-23.20448],[-68.00227,-23.27361],[-67.99621,-23.28281],[-67.99865,-23.43596],[-67.98743,-23.48389],[-67.98002,-23.5035],[-67.97364,-23.51513],[-67.96787,-23.53268],[-67.96508,-23.5372],[-67.94009,-23.54906],[-67.93671,-23.5564],[-67.93558,-23.567],[-67.91033,-23.57143],[-67.9079,-23.57506],[-67.89744,-23.57758],[-67.8885,-23.5913],[-67.88748,-23.59697],[-67.88538,-23.60071]]}},{"id":"13878","type":"Feature","properties":{"ROL":"Ruta 23 CH","NOMBRE_CAMINO":"Calama - San Pedro de Atacama - Paso de Laguna Sico","CLASIFICACION":"Camino Nacional con Carácter de Internacional","CALZADA":"U"},"geometry":{"type":"LineString","coordinates":[[-67.53888,-23.86924],[-67.53565,-23.86835],[-67.52854,-23.86907],[-67.52049,-23.8736],[-67.51889,-23.8724],[-67.51818,-23.86711],[-67.51396,-23.86641],[-67.50515,-23.86767],[-67.50074,-23.87127],[-67.49554,-23.8713],[-67.48942,-23.86628],[-67.48871,-23.85784],[-67.47137,-23.84248],[-67.46694,-23.8406],[-67.46715,-23.83646],[-67.46566,-23.83252],[-67.46049,-23.83227],[-67.40252,-23.81196],[-67.38055,-23.8101],[-67.36826,-23.80473],[-67.35984,-23.81308],[-67.35714,-23.81184],[-67.35336,-23.80708],[-67.34575,-23.80811],[-67.33308,-23.82157],[-67.32732,-23.82289],[-67.31858,-23.82728],[-67.30548,-23.82888],[-67.30092,-23.83512],[-67.29642,-23.83225],[-67.26513,-23.84314]]}},{"id":"13879","type":"Feature","properties":{"ROL":"Ruta 23 CH","NOMBRE_CAMINO":"Calama - San Pedro de Atacama - Paso de Laguna Sico","CLASIFICACION":"Camino Nacional con Carácter de Internacional","CALZADA":"U"},"geometry":{"type":"LineString","coordinates":[[-67.85217,-23.61848],[-67.85005,-23.62012],[-67.84386,-23.61737],[-67.83876,-23.61842],[-67.83279,-23.63236],[-67.83065,-23.6348],[-67.82979,-23.64014],[-67.82624,-23.64177],[-67.81937,-23.64821],[-67.81819,-23.66804],[-67.83254,-23.71748],[-67.83909,-23.73194],[-67.84155,-23.75002],[-67.84887,-23.7622],[-67.85569,-23.79171],[-67.86127,-23.80047],[-67.86649,-23.80494],[-67.86687,-23.81348],[-67.87164,-23.81642],[-67.87033,-23.82293],[-67.86444,-23.83423],[-67.85786,-23.83532],[-67.8474,-23.84017],[-67.84445,-23.84476],[-67.84027,-23.84771],[-67.83596,-23.86379],[-67.83666,-23.87516],[-67.83125,-23.87807],[-67.82902,-23.88144],[-67.8232,-23.88154],[-67.81739,-23.89561],[-67.81447,-23.89598],[-67.80354,-23.89169],[-67.79299,-23.88384],[-67.7679,-23.88283],[-67.75473,-23.88529],[-67.73212,-23.88261],[-67.71405,-23.89208],[-67.71248,-23.89795],[-67.70879,-23.90367],[-67.70633,-23.91377],[-67.69786,-23.91002],[-67.66419,-23.91908],[-67.65631,-23.92651],[-67.62663,-23.93525],[-67.62312,-23.94238],[-67.60848,-23.95031],[-67.60137,-23.95117],[-67.59064,-23.95787],[-67.57043,-23.95158],[-67.5592,-23.9292],[-67.55793,-23.92423],[-67.54371,-23.90862],[-67.54011,-23.88183],[-67.54129,-23.87427],[-67.53888,-23.86924]]}},{"id":"13880","type":"Feature","properties":{"ROL":"B-145","NOMBRE_CAMINO":"Cruce Ruta 21 CH (Estación San Pedro) - Cruce B-179 (Linzor)","CLASIFICACION":"Camino Regional Comunal","CALZADA":"U"},"geometry":{"type":"LineString","coordinates":[[-68.35328,-21.97878],[-68.34101,-21.98456],[-68.31833,-21.98931],[-68.28539,-21.98669],[-68.2494,-21.98629],[-68.24589,-21.98471],[-68.23655,-21.98979],[-68.18941,-22.00255],[-68.18294,-22.006],[-68.15452,-22.02913],[-68.12244,-22.04313],[-68.07797,-22.05879],[-68.06671,-22.07149],[-68.06144,-22.09072],[-68.04952,-22.11659],[-68.04565,-22.12083],[-68.04024,-22.12293],[-68.02751,-22.13097],[-68.01793,-22.14469],[-68.01284,-22.15561],[-68.01465,-22.17218],[-68.01331,-22.18129],[-68.00296,-22.20355],[-68.00699,-22.21099],[-68.00798,-22.21728],[-68.01408,-22.22111],[-68.01976,-22.23123],[-68.0232,-22.23031]]}},{"id":"13881","type":"Feature","properties":{"ROL":"B-150","NOMBRE_CAMINO":"Cruce Ruta 5 (Iberia) - Cruce Ruta 24 (Estación El Tigre)","CLASIFICACION":"Camino Regional Provincial","CALZADA":"U"},"geometry":{"type":"LineString","coordinates":[[-69.58806,-21.96106],[-69.61289,-21.95823],[-69.63279,-21.96221],[-69.717,-22.01163]]}},{"id":"13882","type":"Feature","properties":{"ROL":"B-150","NOMBRE_CAMINO":"Cruce Ruta 5 (Iberia) - Cruce Ruta 24 (Estación El Tigre)","CLASIFICACION":"Camino Regional Provincial","CALZADA":"U"},"geometry":{"type":"LineString","coordinates":[[-69.8625,-22.10794],[-69.88006,-22.12194],[-69.88706,-22.12146],[-69.89124,-22.12433],[-69.95797,-22.15009],[-69.96968,-22.15607],[-69.99348,-22.15643],[-70.00021,-22.15895],[-70.02597,-22.15767]]}},{"id":"13883","type":"Feature","properties":{"ROL":"B-150","NOMBRE_CAMINO":"Cruce Ruta 5 (Iberia) - Cruce Ruta 24 (Estación El Tigre)","CLASIFICACION":"Camino Regional Provincial","CALZADA":"U"},"geometry":{"type":"LineString","coordinates":[[-69.81875,-22.06934],[-69.8625,-22.10794]]}},{"id":"13884","type":"Feature","properties":{"ROL":"B-150","NOMBRE_CAMINO":"Cruce Ruta 5 (Iberia) - Cruce Ruta 24 (Estación El Tigre)","CLASIFICACION":"Camino Regional Provincial","CALZADA":"U"},"geometry":{"type":"LineString","coordinates":[[-69.77576,-22.03643],[-69.78608,-22.03905],[-69.81108,-22.06245]]}},{"id":"13885","type":"Feature","properties":{"ROL":"B-150","NOMBRE_CAMINO":"Cruce Ruta 5 (Iberia) - Cruce Ruta 24 (Estación El Tigre)","CLASIFICACION":"Camino Regional Provincial","CALZADA":"U"},"geometry":{"type":"LineString","coordinates":[[-69.81192,-22.0632],[-69.81875,-22.06934]]}},{"id":"13886","type":"Feature","properties":{"ROL":"B-150","NOMBRE_CAMINO":"Cruce Ruta 5 (Iberia) - Cruce Ruta 24 (Estación El Tigre)","CLASIFICACION":"Camino Regional Provincial","CALZADA":"U"},"geometry":{"type":"LineString","coordinates":[[-69.81108,-22.06245],[-69.81192,-22.0632]]}},{"id":"13887","type":"Feature","properties":{"ROL":"B-150","NOMBRE_CAMINO":"Cruce Ruta 5 (Iberia) - Cruce Ruta 24 (Estación El Tigre)","CLASIFICACION":"Camino Regional Provincial","CALZADA":"U"},"geometry":{"type":"LineString","coordinates":[[-69.717,-22.01163],[-69.74083,-22.0223],[-69.76199,-22.02864],[-69.77576,-22.03643]]}},{"id":"13888","type":"Feature","properties":{"ROL":"B-155","NOMBRE_CAMINO":"Cruce Ruta 21 CH (Lasana) - Cruce B-179","CLASIFICACION":"Camino Regional Comunal","CALZADA":"U"},"geometry":{"type":"LineString","coordinates":[[-68.62068,-22.26618],[-68.43841,-22.24963],[-68.43517,-22.24939],[-68.43492,-22.25028],[-68.43326,-22.24923],[-68.4332,-22.2473],[-68.43092,-22.24652],[-68.40389,-22.24743],[-68.40413,-22.24917],[-68.3941,-22.24601],[-68.3903,-22.24759],[-68.36689,-22.24713]]}},{"id":"13889","type":"Feature","properties":{"ROL":"B-155","NOMBRE_CAMINO":"Cruce Ruta 21 CH (Lasana) - Cruce B-179","CLASIFICACION":"Camino Regional Comunal","CALZADA":"U"},"geometry":{"type":"LineString","coordinates":[[-68.29275,-22.24473],[-68.18744,-22.24073],[-68.18496,-22.23941],[-68.18497,-22.24057],[-68.18238,-22.24062],[-68.17145,-22.23921],[-68.17196,-22.2414],[-68.16008,-22.23881],[-68.1598,-22.23988],[-68.15324,-22.24018],[-68.15388,-22.24157]]}},{"id":"13890","type":"Feature","properties":{"ROL":"B-55","NOMBRE_CAMINO":"Cruce Ruta 5 (Barazarte) - Paso Socompa","CLASIFICACION":"Camino Regional Principal","CALZADA":"U"},"geometry":{"type":"LineString","coordinates":[[-70.19248,-24.09356],[-70.18669,-24.09426],[-70.17629,-24.09891],[-70.14978,-24.09848],[-70.13788,-24.10384],[-70.09677,-24.1025],[-70.02689,-24.09692],[-70.01428,-24.09728],[-69.99667,-24.09352]]}},{"id":"13891","type":"Feature","properties":{"ROL":"B-55","NOMBRE_CAMINO":"Cruce Ruta 5 (Barazarte) - Paso Socompa","CLASIFICACION":"Camino Regional Principal","CALZADA":"U"},"geometry":{"type":"LineString","coordinates":[[-68.3661,-24.38979],[-68.36942,-24.39603],[-68.36807,-24.39955],[-68.35868,-24.40183],[-68.35387,-24.40783],[-68.32139,-24.42212],[-68.31381,-24.42757],[-68.31111,-24.43347],[-68.297,-24.44366],[-68.29051,-24.45065]]}},{"id":"13892","type":"Feature","properties":{"ROL":"B-55","NOMBRE_CAMINO":"Cruce Ruta 5 (Barazarte) - Paso Socompa","CLASIFICACION":"Camino Regional Principal","CALZADA":"U"},"geometry":{"type":"LineString","coordinates":[[-68.3887,-24.35651],[-68.38462,-24.35781],[-68.37929,-24.35666],[-68.37576,-24.3602],[-68.37023,-24.3632],[-68.36215,-24.37439],[-68.35922,-24.37537],[-68.3594,-24.38167],[-68.3661,-24.38979]]}},{"id":"13893","type":"Feature","properties":{"ROL":"B-55","NOMBRE_CAMINO":"Cruce Ruta 5 (Barazarte) - Paso Socompa","CLASIFICACION":"Camino Regional Principal","CALZADA":"U"},"geometry":{"type":"LineString","coordinates":[[-69.99667,-24.09352],[-69.9852,-24.09107],[-69.97973,-24.08708],[-69.94044,-24.07832],[-69.92074,-24.07953],[-69.91655,-24.07852],[-69.89105,-24.06862],[-69.86265,-24.05452],[-69.8539,-24.05557],[-69.83418,-24.06066],[-69.81128,-24.05579]]}},{"id":"13894","type":"Feature","properties":{"ROL":"B-55","NOMBRE_CAMINO":"Cruce Ruta 5 (Barazarte) - Paso Socompa","CLASIFICACION":"Camino Regional Principal","CALZADA":"U"},"geometry":{"type":"LineString","coordinates":[[-69.52697,-24.06486],[-69.51233,-24.07039],[-69.5113,-24.0695],[-69.50744,-24.07088],[-69.50289,-24.06953],[-69.49395,-24.0722],[-69.4702,-24.08945],[-69.45736,-24.09573],[-69.43438,-24.1107],[-69.41259,-24.11169],[-69.37831,-24.10824],[-69.36774,-24.10886],[-69.36488,-24.10766],[-69.35054,-24.11626],[-69.33961,-24.11693],[-69.33554,-24.11507],[-69.3297,-24.11487],[-69.30582,-24.12452],[-69.27586,-24.1329],[-69.24916,-24.13427],[-69.24035,-24.13252],[-69.2283,-24.1271],[-69.21937,-24.12586],[-69.19858,-24.13089],[-69.18775,-24.13212],[-69.18107,-24.1347],[-69.17252,-24.14275],[-69.16577,-24.14689],[-69.16292,-24.14727],[-69.15832,-24.15113],[-69.15537,-24.15835],[-69.14638,-24.1691],[-69.13691,-24.18556],[-69.13317,-24.18964],[-69.12921,-24.19131],[-69.13072,-24.19229],[-69.12747,-24.19219],[-69.11586,-24.19597],[-69.10819,-24.20258],[-69.10447,-24.20724],[-69.10485,-24.20939],[-69.09665,-24.21591],[-69.09568,-24.21791],[-69.09498,-24.23012],[-69.08889,-24.22835],[-69.08456,-24.22477],[-69.06757,-24.23359],[-69.06103,-24.23537],[-69.02615,-24.23432],[-69.01184,-24.23285],[-69.00958,-24.23166],[-69.00529,-24.2351],[-68.98886,-24.23841],[-68.97639,-24.23529],[-68.95784,-24.23277],[-68.94076,-24.23362],[-68.92964,-24.22794],[-68.916,-24.22678],[-68.90063,-24.22857],[-68.89512,-24.2314],[-68.83686,-24.22815],[-68.83021,-24.22923],[-68.82614,-24.23363],[-68.82237,-24.23087],[-68.82053,-24.2264],[-68.80369,-24.21697],[-68.7952,-24.20962],[-68.78562,-24.20348],[-68.7804,-24.19792],[-68.77398,-24.19797],[-68.77213,-24.18446],[-68.77421,-24.1816],[-68.77639,-24.1818],[-68.77688,-24.18081],[-68.77547,-24.17159],[-68.77213,-24.16274],[-68.76854,-24.15873],[-68.75371,-24.15357],[-68.73692,-24.14042],[-68.7259,-24.13528],[-68.72249,-24.13073],[-68.72184,-24.12629],[-68.71742,-24.11716],[-68.71336,-24.11568],[-68.70519,-24.1174],[-68.69596,-24.11557],[-68.68372,-24.11495],[-68.68031,-24.11581],[-68.67279,-24.11421],[-68.66098,-24.10508],[-68.6511,-24.10448],[-68.64227,-24.10151],[-68.6035,-24.07013],[-68.59872,-24.09851],[-68.58977,-24.12097],[-68.58487,-24.14031],[-68.57165,-24.13854],[-68.55565,-24.1484],[-68.53522,-24.16681],[-68.53097,-24.16858],[-68.5247,-24.18351],[-68.51748,-24.19311],[-68.51634,-24.20787],[-68.50914,-24.22782],[-68.50981,-24.23267],[-68.50166,-24.24629],[-68.50199,-24.25229],[-68.49995,-24.25545],[-68.5022,-24.27218],[-68.49948,-24.27708],[-68.5017,-24.27651],[-68.50083,-24.28051],[-68.4962,-24.28252],[-68.49427,-24.28516],[-68.48721,-24.28546],[-68.48131,-24.28942],[-68.47192,-24.28967],[-68.45295,-24.30122],[-68.44805,-24.3099],[-68.4423,-24.32796],[-68.43721,-24.33499],[-68.42903,-24.34138],[-68.41941,-24.34453],[-68.41395,-24.34429],[-68.40638,-24.34622],[-68.3977,-24.35359],[-68.39448,-24.35351],[-68.39398,-24.3548],[-68.3887,-24.35651]]}},{"id":"13895","type":"Feature","properties":{"ROL":"B-750","NOMBRE_CAMINO":"Cruce B-902 (Estación Canchas) - Cruce B-710 (Paranal)","CLASIFICACION":"Camino Regional Comunal","CALZADA":"U"},"geometry":{"type":"LineString","coordinates":[[-70.19946,-25.4243],[-70.18938,-25.40069],[-70.20563,-25.3898],[-70.18909,-25.3422],[-70.19065,-25.33493],[-70.18738,-25.33161],[-70.18722,-25.32429],[-70.19041,-25.3161],[-70.17643,-25.29074],[-70.13678,-25.23916],[-70.1239,-25.22432],[-70.11363,-25.21931],[-70.11185,-25.20793],[-70.09583,-25.17668],[-70.09105,-25.15566],[-70.09762,-25.14793],[-70.10104,-25.14004],[-70.095,-25.08201],[-70.12004,-25.06077],[-70.11684,-25.02636],[-70.11863,-25.01545],[-70.12335,-25.00946],[-70.11851,-25.00019],[-70.12017,-24.99731],[-70.12397,-24.97764],[-70.11787,-24.92866],[-70.12779,-24.90644],[-70.14221,-24.88383],[-70.15809,-24.83537],[-70.171,-24.80953],[-70.17154,-24.80049],[-70.17675,-24.7922],[-70.18105,-24.77866],[-70.18964,-24.76648],[-70.22105,-24.68604],[-70.23724,-24.67349]]}},{"id":"13896","type":"Feature","properties":{"ROL":"B-750","NOMBRE_CAMINO":"Cruce B-902 (Estación Canchas) - Cruce B-710 (Paranal)","CLASIFICACION":"Camino Regional Comunal","CALZADA":"U"},"geometry":{"type":"LineString","coordinates":[[-70.23724,-24.67349],[-70.25191,-24.67181],[-70.26708,-24.66794],[-70.3154,-24.60141]]}},{"id":"13897","type":"Feature","properties":{"ROL":"B-750","NOMBRE_CAMINO":"Cruce B-902 (Estación Canchas) - Cruce B-710 (Paranal)","CLASIFICACION":"Camino Regional Comunal","CALZADA":"U"},"geometry":{"type":"LineString","coordinates":[[-70.32572,-24.58718],[-70.33564,-24.57327]]}},{"id":"13898","type":"Feature","properties":{"ROL":"B-955","NOMBRE_CAMINO":"Cruce Ruta 5 - Minera Altamira","CLASIFICACION":"Camino Regional Comunal","CALZADA":"U"},"geometry":{"type":"LineString","coordinates":[[-70.36488,-25.72037],[-70.34485,-25.73952],[-70.32848,-25.76066],[-70.29979,-25.76915],[-70.25476,-25.75405],[-70.23185,-25.75487]]}},{"id":"13899","type":"Feature","properties":{"ROL":"B-955","NOMBRE_CAMINO":"Cruce Ruta 5 - Minera Altamira","CLASIFICACION":"Camino Regional Comunal","CALZADA":"U"},"geometry":{"type":"LineString","coordinates":[[-70.23185,-25.75487],[-70.21469,-25.7556],[-70.20761,-25.75801],[-70.19047,-25.75818],[-70.18358,-25.76689],[-70.1793,-25.76876],[-70.17181,-25.76951],[-70.16157,-25.77299],[-70.13923,-25.77482],[-70.05046,-25.76738]]}},{"id":"13900","type":"Feature","properties":{"ROL":"B-955","NOMBRE_CAMINO":"Cruce Ruta 5 - Minera Altamira","CLASIFICACION":"Camino Regional Comunal","CALZADA":"U"},"geometry":{"type":"LineString","coordinates":[[-69.99574,-25.76368],[-69.97053,-25.76679],[-69.91633,-25.79502],[-69.90226,-25.79338],[-69.89162,-25.79628],[-69.88269,-25.79675],[-69.88032,-25.79519],[-69.87089,-25.80019],[-69.86556,-25.79819],[-69.84706,-25.79933],[-69.84633,-25.80101]]}},{"id":"13901","type":"Feature","properties":{"ROL":"S/R-B-898","NOMBRE_CAMINO":"Cruce Av. Arturo Prat (Taltal) - Punta San Pedro","CLASIFICACION":"Camino Regional Comunal (En Proceso de Enrolamiento)","CALZADA":"U"},"geometry":{"type":"LineString","coordinates":[[-70.4914,-25.41046],[-70.50003,-25.40995],[-70.50165,-25.40625],[-70.51051,-25.40389],[-70.51381,-25.40997],[-70.51757,-25.41127],[-70.52027,-25.42318],[-70.51887,-25.43235],[-70.5195,-25.43631],[-70.51631,-25.44335],[-70.52052,-25.44768],[-70.51973,-25.45232],[-70.52359,-25.46717],[-70.52244,-25.46894],[-70.52296,-25.47211],[-70.52647,-25.47967],[-70.53304,-25.48737],[-70.54245,-25.48655],[-70.55355,-25.48884],[-70.56278,-25.49801],[-70.5704,-25.50158],[-70.57429,-25.50901],[-70.57823,-25.51028],[-70.57958,-25.51223],[-70.58563,-25.50798],[-70.58982,-25.51079],[-70.59391,-25.51161],[-70.59945,-25.51073],[-70.60097,-25.50899],[-70.61819,-25.50823],[-70.6209,-25.50997],[-70.62479,-25.50926],[-70.62874,-25.51228]]}},{"id":"13902","type":"Feature","properties":{"ROL":"B-155","NOMBRE_CAMINO":"Cruce Ruta 21 CH (Lasana) - Cruce B-179","CLASIFICACION":"Camino Regional Comunal","CALZADA":"U"},"geometry":{"type":"LineString","coordinates":[[-68.31635,-22.24591],[-68.29275,-22.24473]]}},{"id":"13903","type":"Feature","properties":{"ROL":"B-207","NOMBRE_CAMINO":"Cruce Ruta 23 CH (Barros Arana) - Río Grande - San Juan","CLASIFICACION":"Camino Regional Comunal","CALZADA":"U"},"geometry":{"type":"LineString","coordinates":[[-68.39302,-22.72466],[-68.3915,-22.721],[-68.3904,-22.71064],[-68.38132,-22.69474],[-68.37574,-22.67254],[-68.37217,-22.66329],[-68.36252,-22.65777],[-68.35358,-22.65659],[-68.34267,-22.65906],[-68.3353,-22.65909],[-68.31204,-22.66623],[-68.30638,-22.67032],[-68.29932,-22.67164],[-68.28943,-22.67107],[-68.2829,-22.67354],[-68.27754,-22.67759],[-68.27514,-22.68313],[-68.26676,-22.68688],[-68.26053,-22.68744],[-68.25235,-22.69151],[-68.23933,-22.67957],[-68.23534,-22.67857],[-68.23308,-22.67509],[-68.23023,-22.67401],[-68.23073,-22.66947],[-68.2295,-22.66908],[-68.2277,-22.67329],[-68.22794,-22.67648],[-68.22485,-22.68088],[-68.22519,-22.68339],[-68.2237,-22.68521],[-68.21873,-22.68449],[-68.21292,-22.68579],[-68.20686,-22.67902],[-68.20376,-22.67062],[-68.19923,-22.6637],[-68.19314,-22.65842]]}},{"id":"13904","type":"Feature","properties":{"ROL":"B-207","NOMBRE_CAMINO":"Cruce Ruta 23 CH (Barros Arana) - Río Grande - San Juan","CLASIFICACION":"Camino Regional Comunal","CALZADA":"U"},"geometry":{"type":"LineString","coordinates":[[-68.19314,-22.65842],[-68.18432,-22.65576],[-68.17844,-22.6499],[-68.17223,-22.64968],[-68.16777,-22.65136],[-68.16362,-22.6494],[-68.16044,-22.65007],[-68.15912,-22.64834],[-68.15055,-22.64606],[-68.14303,-22.64616],[-68.14101,-22.64272],[-68.13818,-22.64227],[-68.13414,-22.63867],[-68.12885,-22.62925],[-68.12484,-22.62753],[-68.1267,-22.62642],[-68.1271,-22.62525],[-68.12573,-22.62498],[-68.12706,-22.62337]]}},{"id":"13905","type":"Feature","properties":{"ROL":"S/R-B-924","NOMBRE_CAMINO":"Cruce Camino a Las Guaneras - Playa Las Tórtolas","CLASIFICACION":"Camino Regional de Acceso (En Proceso de Enrolamiento)","CALZADA":"U"},"geometry":{"type":"LineString","coordinates":[[-70.55394,-25.54034],[-70.55721,-25.54365],[-70.55388,-25.55213],[-70.55379,-25.55574],[-70.55754,-25.56044],[-70.56224,-25.56356],[-70.57336,-25.5641],[-70.57627,-25.56594],[-70.57925,-25.56071],[-70.58509,-25.55952],[-70.59087,-25.56297],[-70.59379,-25.56265]]}},{"id":"13906","type":"Feature","properties":{"ROL":"B-355","NOMBRE_CAMINO":"Cruce B-39 - Tilomonte - Cruce B-55 (Neurara)","CLASIFICACION":"Camino Regional Comunal","CALZADA":"U"},"geometry":{"type":"LineString","coordinates":[[-68.22088,-24.03453],[-68.22393,-24.04688],[-68.22908,-24.06039],[-68.23438,-24.06963],[-68.23914,-24.07364],[-68.2511,-24.08876],[-68.25443,-24.08987],[-68.26343,-24.09929],[-68.2702,-24.09983],[-68.27332,-24.10275],[-68.2788,-24.10306],[-68.28544,-24.10161],[-68.2894,-24.09727],[-68.29752,-24.09598],[-68.30094,-24.09235],[-68.30508,-24.09228],[-68.32462,-24.09898],[-68.336,-24.10554],[-68.34509,-24.10134],[-68.35389,-24.10204],[-68.36013,-24.09882],[-68.37513,-24.10294],[-68.38137,-24.10121],[-68.39627,-24.10662],[-68.40359,-24.11074],[-68.41404,-24.10817],[-68.42052,-24.10507],[-68.42652,-24.10471],[-68.42918,-24.10099],[-68.43208,-24.10106],[-68.43729,-24.10622],[-68.44386,-24.12157],[-68.44523,-24.13261],[-68.44463,-24.143],[-68.44759,-24.1498],[-68.44696,-24.15332],[-68.45182,-24.15852],[-68.46971,-24.1643],[-68.47153,-24.16741],[-68.47456,-24.1694],[-68.4816,-24.16996],[-68.50874,-24.16817],[-68.51474,-24.17009],[-68.52651,-24.16974],[-68.53553,-24.16649]]}},{"id":"13907","type":"Feature","properties":{"ROL":"S/R-B-512","NOMBRE_CAMINO":"Cruce B-510 - Playa Escondida","CLASIFICACION":"Camino Regional de Acceso (En Proceso de Enrolamiento)","CALZADA":"U"},"geometry":{"type":"LineString","coordinates":[[-70.43749,-23.76059],[-70.44106,-23.7702],[-70.44061,-23.77517],[-70.43676,-23.78677],[-70.43879,-23.79123],[-70.44416,-23.79546],[-70.44609,-23.80107],[-70.46037,-23.8092],[-70.46601,-23.81406],[-70.47119,-23.81493],[-70.47348,-23.81888],[-70.47828,-23.82203],[-70.48223,-23.82258],[-70.48576,-23.82495],[-70.48913,-23.83087],[-70.4845,-23.83693],[-70.48425,-23.83937],[-70.48553,-23.84039],[-70.48832,-23.83857],[-70.49069,-23.83957],[-70.48945,-23.84299],[-70.48978,-23.8477],[-70.49092,-23.84854]]}},{"id":"13908","type":"Feature","properties":{"ROL":"S/R-B-247","NOMBRE_CAMINO":"Cruce Ruta 23 CH (Llano La Paciencia) - Cruce B-55 (Pan de Azúcar)","CLASIFICACION":"Camino Regional Provincial (En Proceso de Enrolamiento)","CALZADA":"U"},"geometry":{"type":"LineString","coordinates":[[-68.47574,-23.10951],[-68.47437,-23.11201],[-68.47451,-23.11557],[-68.47943,-23.12276],[-68.55105,-23.19166],[-68.57466,-23.24451],[-68.57937,-23.25901],[-68.60471,-23.27571],[-68.62033,-23.30405],[-68.62478,-23.32357],[-68.62643,-23.34141],[-68.63169,-23.35777],[-68.62167,-23.36358],[-68.61271,-23.36552],[-68.60656,-23.36919],[-68.60463,-23.39144],[-68.60344,-23.47628],[-68.60187,-23.47859],[-68.59136,-23.48452],[-68.59368,-23.49996],[-68.59234,-23.51231],[-68.58615,-23.53719],[-68.59029,-23.56784],[-68.58813,-23.61528],[-68.59415,-23.66117],[-68.59075,-23.73207],[-68.59226,-23.76448],[-68.59405,-23.77358],[-68.60366,-23.79044],[-68.59953,-23.88062],[-68.60947,-23.89891],[-68.60535,-23.94918],[-68.60853,-23.95874],[-68.61587,-23.96326],[-68.61727,-23.96629],[-68.61488,-23.99402],[-68.60333,-24.06846],[-68.60452,-24.07036]]}},{"id":"13909","type":"Feature","properties":{"ROL":"B-155","NOMBRE_CAMINO":"Cruce Ruta 21 CH (Lasana) - Cruce B-179","CLASIFICACION":"Camino Regional Comunal","CALZADA":"U"},"geometry":{"type":"LineString","coordinates":[[-68.36689,-22.24713],[-68.36219,-22.24877],[-68.36038,-22.24745],[-68.31635,-22.24591]]}},{"id":"13910","type":"Feature","properties":{"ROL":"S/R-B-270","NOMBRE_CAMINO":"Acceso vertedero Mejllones","CLASIFICACION":"Camino por Enrolar","CALZADA":null},"geometry":{"type":"LineString","coordinates":[[-70.43867,-23.12447],[-70.41932,-23.12778]]}},{"id":"13911","type":"Feature","properties":{"ROL":"B-55","NOMBRE_CAMINO":"Cruce Ruta 5 (Barazarte) - Paso Socompa","CLASIFICACION":"Camino Regional Principal","CALZADA":"U"},"geometry":{"type":"LineString","coordinates":[[-69.74356,-24.04029],[-69.71761,-24.0359]]}},{"id":"13912","type":"Feature","properties":{"ROL":"B-55","NOMBRE_CAMINO":"Cruce Ruta 5 (Barazarte) - Paso Socompa","CLASIFICACION":"Camino Regional Principal","CALZADA":"U"},"geometry":{"type":"LineString","coordinates":[[-69.71761,-24.0359],[-69.70108,-24.03642],[-69.66235,-24.03222],[-69.63778,-24.03373],[-69.62145,-24.03933],[-69.611,-24.04639],[-69.59433,-24.05425],[-69.56161,-24.0618],[-69.54454,-24.0616],[-69.52697,-24.06486]]}},{"id":"13913","type":"Feature","properties":{"ROL":"B-145","NOMBRE_CAMINO":"Cruce Ruta 21 CH (Estación San Pedro) - Cruce B-179 (Linzor)","CLASIFICACION":"Camino Regional Comunal","CALZADA":"U"},"geometry":{"type":"LineString","coordinates":[[-68.53513,-21.94331],[-68.50876,-21.95388],[-68.48338,-21.96709],[-68.46481,-21.97232],[-68.4426,-21.97284],[-68.41658,-21.96749],[-68.3894,-21.96528],[-68.38024,-21.96649],[-68.35862,-21.97495],[-68.35328,-21.97878]]}},{"id":"13914","type":"Feature","properties":{"ROL":"B-355","NOMBRE_CAMINO":"Cruce B-39 - Tilomonte - Cruce B-55 (Neurara)","CLASIFICACION":"Camino Regional Comunal","CALZADA":"U"},"geometry":{"type":"LineString","coordinates":[[-68.11331,-23.77708],[-68.11153,-23.78544],[-68.11593,-23.79364],[-68.13219,-23.81584],[-68.14969,-23.86137],[-68.14984,-23.87098],[-68.14577,-23.87804],[-68.14588,-23.88574],[-68.1412,-23.89632],[-68.14826,-23.90218],[-68.16513,-23.90669],[-68.18294,-23.94597],[-68.19385,-23.95532],[-68.19536,-23.97207],[-68.2004,-23.97985],[-68.20769,-24.00309],[-68.2132,-24.01006],[-68.2148,-24.01793],[-68.22088,-24.03453]]}},{"id":"13915","type":"Feature","properties":{"ROL":"B-55","NOMBRE_CAMINO":"Cruce Ruta 5 (Barazarte) - Paso Socompa","CLASIFICACION":"Camino Regional Principal","CALZADA":"U"},"geometry":{"type":"LineString","coordinates":[[-69.81128,-24.05579],[-69.77459,-24.04775],[-69.75536,-24.04213],[-69.74356,-24.04029]]}},{"id":"13916","type":"Feature","properties":{"ROL":"B-750","NOMBRE_CAMINO":"Cruce B-902 (Estación Canchas) - Cruce B-710 (Paranal)","CLASIFICACION":"Camino Regional Comunal","CALZADA":"U"},"geometry":{"type":"LineString","coordinates":[[-70.3154,-24.60141],[-70.32572,-24.58718]]}},{"id":"13917","type":"Feature","properties":{"ROL":"B-955","NOMBRE_CAMINO":"Cruce Ruta 5 - Minera Altamira","CLASIFICACION":"Camino Regional Comunal","CALZADA":"U"},"geometry":{"type":"LineString","coordinates":[[-70.05046,-25.76738],[-70.00134,-25.76321],[-69.99574,-25.76368]]}},{"id":"13918","type":"Feature","properties":{"ROL":"Ruta 23 CH","NOMBRE_CAMINO":"Calama - San Pedro de Atacama - Paso de Laguna Sico","CLASIFICACION":"Camino Nacional con Carácter de Internacional","CALZADA":"U"},"geometry":{"type":"LineString","coordinates":[[-67.88538,-23.60071],[-67.87958,-23.60894],[-67.87785,-23.61354],[-67.87577,-23.61333],[-67.87499,-23.61],[-67.87295,-23.61036],[-67.87141,-23.61785],[-67.86998,-23.61778],[-67.86675,-23.61373],[-67.85261,-23.61295],[-67.85086,-23.61594],[-67.8478,-23.61604],[-67.85217,-23.61848]]}},{"id":"13919","type":"Feature","properties":{"ROL":"S/R-B-247","NOMBRE_CAMINO":"Cruce Ruta 23 CH (Llano La Paciencia) - Cruce B-55 (Pan de Azúcar)","CLASIFICACION":"Camino Regional Provincial (En Proceso de Enrolamiento)","CALZADA":"U"},"geometry":{"type":"LineString","coordinates":[[-68.30371,-22.87307],[-68.35309,-22.91818],[-68.3814,-22.92763],[-68.40059,-22.9484],[-68.40851,-22.95851],[-68.44921,-23.0495]]}},{"id":"13920","type":"Feature","properties":{"ROL":"S/R-B-247","NOMBRE_CAMINO":"Cruce Ruta 23 CH (Llano La Paciencia) - Cruce B-55 (Pan de Azúcar)","CLASIFICACION":"Camino Regional Provincial (En Proceso de Enrolamiento)","CALZADA":"U"},"geometry":{"type":"LineString","coordinates":[[-68.44921,-23.0495],[-68.45819,-23.06953],[-68.47781,-23.09813],[-68.47742,-23.10623],[-68.47574,-23.10951]]}},{"id":"13921","type":"Feature","properties":{"ROL":"S/R-B-924","NOMBRE_CAMINO":"Cruce Camino a Las Guaneras - Playa Las Tórtolas","CLASIFICACION":"Camino Regional de Acceso (En Proceso de Enrolamiento)","CALZADA":"U"},"geometry":{"type":"LineString","coordinates":[[-70.59379,-25.56265],[-70.59721,-25.56129],[-70.6031,-25.56127],[-70.60489,-25.55781],[-70.61211,-25.55697],[-70.6182,-25.55776],[-70.62367,-25.55438],[-70.63658,-25.55093],[-70.63812,-25.54504],[-70.64221,-25.54025],[-70.64345,-25.53459]]}},{"id":"13922","type":"Feature","properties":{"ROL":"S/R-B-512","NOMBRE_CAMINO":"Cruce B-510 - Playa Escondida","CLASIFICACION":"Camino Regional de Acceso (En Proceso de Enrolamiento)","CALZADA":"U"},"geometry":{"type":"LineString","coordinates":[[-70.49092,-23.84854],[-70.49388,-23.84649],[-70.49629,-23.85018],[-70.49443,-23.85495],[-70.4907,-23.85707],[-70.49015,-23.8599],[-70.49144,-23.86073],[-70.49154,-23.85927],[-70.49274,-23.86012],[-70.49403,-23.8591],[-70.49476,-23.86046],[-70.49553,-23.85882],[-70.49588,-23.86052],[-70.49652,-23.85996]]}},{"id":"13923","type":"Feature","properties":{"ROL":"S/R-B-512","NOMBRE_CAMINO":"Cruce B-510 - Playa Escondida","CLASIFICACION":"Camino Regional de Acceso (En Proceso de Enrolamiento)","CALZADA":"U"},"geometry":{"type":"LineString","coordinates":[[-70.49652,-23.85996],[-70.50211,-23.85662],[-70.50475,-23.85652],[-70.50625,-23.85408],[-70.50796,-23.8546],[-70.50667,-23.85189]]}}]}