{"type":"FeatureCollection","features":[{"id":"11981","type":"Feature","properties":{"ROL":"I-60","NOMBRE_CAMINO":"Cruce Ruta 90 (Población) - Cruce I-72 (La Quesería)","CLASIFICACION":"Camino Regional Principal","CALZADA":"ÚNICA"},"geometry":{"type":"LineString","coordinates":[[-71.54624,-34.45141],[-71.55176,-34.47161],[-71.56219,-34.48621],[-71.5679,-34.50249],[-71.57235,-34.50613],[-71.57717,-34.51355],[-71.5971,-34.53029],[-71.59553,-34.53669],[-71.60457,-34.54653],[-71.60527,-34.55069],[-71.61718,-34.56004],[-71.63732,-34.5697],[-71.63857,-34.57757],[-71.64442,-34.58409],[-71.64877,-34.59112],[-71.64895,-34.59495],[-71.65092,-34.59913],[-71.65343,-34.59991],[-71.65443,-34.60266]]}},{"id":"11982","type":"Feature","properties":{"ROL":"I-60","NOMBRE_CAMINO":"Cruce Ruta 90 (Población) - Cruce I-72 (La Quesería)","CLASIFICACION":"Camino Regional Principal","CALZADA":"D"},"geometry":{"type":"LineString","coordinates":[[-71.65443,-34.60266],[-71.65547,-34.60529]]}},{"id":"11983","type":"Feature","properties":{"ROL":"I-60","NOMBRE_CAMINO":"Cruce Ruta 90 (Población) - Cruce I-72 (La Quesería)","CLASIFICACION":"Camino Regional Principal","CALZADA":"ÚNICA"},"geometry":{"type":"LineString","coordinates":[[-71.65547,-34.60529],[-71.65596,-34.61363],[-71.65769,-34.61834],[-71.67421,-34.61867],[-71.68306,-34.62358],[-71.69773,-34.62564],[-71.7043,-34.62528],[-71.71443,-34.62819],[-71.72196,-34.62877],[-71.72754,-34.63199],[-71.74163,-34.64403],[-71.74025,-34.66019],[-71.73727,-34.65949],[-71.7344,-34.67277],[-71.73511,-34.67633],[-71.73236,-34.68299]]}},{"id":"11984","type":"Feature","properties":{"ROL":"I-60","NOMBRE_CAMINO":"Cruce Ruta 90 (Población) - Cruce I-72 (La Quesería)","CLASIFICACION":"Camino Regional Principal","CALZADA":"ÚNICA"},"geometry":{"type":"LineString","coordinates":[[-71.73236,-34.68299],[-71.73436,-34.68628],[-71.73495,-34.69061],[-71.73649,-34.69168]]}},{"id":"11985","type":"Feature","properties":{"ROL":"I-60","NOMBRE_CAMINO":"Cruce Ruta 90 (Población) - Cruce I-72 (La Quesería)","CLASIFICACION":"Camino Regional Principal","CALZADA":"ÚNICA"},"geometry":{"type":"LineString","coordinates":[[-71.73649,-34.69168],[-71.74053,-34.69712],[-71.73738,-34.70433]]}},{"id":"11986","type":"Feature","properties":{"ROL":"I-60","NOMBRE_CAMINO":"Cruce Ruta 90 (Población) - Cruce I-72 (La Quesería)","CLASIFICACION":"Camino Regional Principal","CALZADA":"I"},"geometry":{"type":"LineString","coordinates":[[-71.65443,-34.60266],[-71.65507,-34.60453]]}},{"id":"11987","type":"Feature","properties":{"ROL":"I-60","NOMBRE_CAMINO":"Cruce Ruta 90 (Población) - Cruce I-72 (La Quesería)","CLASIFICACION":"Camino Regional Principal","CALZADA":"I"},"geometry":{"type":"LineString","coordinates":[[-71.65507,-34.60453],[-71.65547,-34.60529]]}},{"id":"11988","type":"Feature","properties":{"ROL":"H-10","NOMBRE_CAMINO":"Cruce Ruta 5 (Paso Superior Peuco) - Av. Salvador Allende","CLASIFICACION":"Camino Regional Principal","CALZADA":"U"},"geometry":{"type":"LineString","coordinates":[[-70.71202,-33.97015],[-70.71273,-33.98274],[-70.71573,-33.99592],[-70.71539,-34.01282],[-70.718,-34.02737],[-70.71969,-34.02882],[-70.72694,-34.048],[-70.72653,-34.05337],[-70.73555,-34.08065],[-70.74015,-34.0905],[-70.74928,-34.1037],[-70.75598,-34.12368]]}},{"id":"11989","type":"Feature","properties":{"ROL":"H-10","NOMBRE_CAMINO":"Cruce Ruta 5 (Paso Superior Peuco) - Av. Salvador Allende","CLASIFICACION":"Camino Regional Principal","CALZADA":"U"},"geometry":{"type":"LineString","coordinates":[[-70.714,-33.94891],[-70.71494,-33.95837]]}},{"id":"11990","type":"Feature","properties":{"ROL":"H-10","NOMBRE_CAMINO":"Cruce Ruta 5 (Paso Superior Peuco) - Av. Salvador Allende","CLASIFICACION":"Camino Regional Principal","CALZADA":"D"},"geometry":{"type":"LineString","coordinates":[[-70.71494,-33.95837],[-70.71202,-33.97015]]}},{"id":"11991","type":"Feature","properties":{"ROL":"H-15","NOMBRE_CAMINO":"Rancagua (Rotonda Alameda) - Cruce H-111","CLASIFICACION":"Camino Regional Principal","CALZADA":"U"},"geometry":{"type":"LineString","coordinates":[[-70.71692,-34.16706],[-70.68944,-34.13808],[-70.68118,-34.10568],[-70.67608,-34.09829],[-70.67603,-34.08798],[-70.68061,-34.08051],[-70.68236,-34.08],[-70.66869,-34.04486],[-70.66768,-34.04015],[-70.66871,-34.01897],[-70.66718,-34.01361],[-70.66635,-34.01161],[-70.64641,-34.00985],[-70.6434,-34.00445],[-70.64713,-34.00106],[-70.6441,-33.96018]]}},{"id":"11992","type":"Feature","properties":{"ROL":"H-15","NOMBRE_CAMINO":"Rancagua (Rotonda Alameda) - Cruce H-111","CLASIFICACION":"Camino Regional Principal","CALZADA":"D"},"geometry":{"type":"LineString","coordinates":[[-70.71794,-34.16809],[-70.71692,-34.16706]]}},{"id":"11993","type":"Feature","properties":{"ROL":"H-30","NOMBRE_CAMINO":"Cruce Ruta 5 (Enlace Rancagua) - Doñihue - Cruce Ruta 66 (Peumo)","CLASIFICACION":"Camino Regional Principal","CALZADA":"U"},"geometry":{"type":"LineString","coordinates":[[-70.75048,-34.18591],[-70.75367,-34.18602],[-70.75852,-34.18866],[-70.78727,-34.18246],[-70.82897,-34.18036],[-70.84482,-34.18825],[-70.84302,-34.19109],[-70.85186,-34.19711],[-70.85737,-34.19632],[-70.86149,-34.19861],[-70.8889,-34.2062],[-70.89687,-34.20976],[-70.97367,-34.23376],[-70.98534,-34.24503],[-70.98985,-34.25415],[-71.02186,-34.26277],[-71.05563,-34.26758],[-71.09012,-34.29125],[-71.09932,-34.29401],[-71.13028,-34.31237],[-71.14198,-34.32388],[-71.15563,-34.36747],[-71.14454,-34.38914],[-71.14144,-34.39357],[-71.13682,-34.39592],[-71.13486,-34.39921],[-71.13449,-34.40329],[-71.13645,-34.40915],[-71.13952,-34.40907]]}},{"id":"11994","type":"Feature","properties":{"ROL":"H-30","NOMBRE_CAMINO":"Cruce Ruta 5 (Enlace Rancagua) - Doñihue - Cruce Ruta 66 (Peumo)","CLASIFICACION":"Camino Regional Principal","CALZADA":"D"},"geometry":{"type":"LineString","coordinates":[[-70.74707,-34.18801],[-70.75048,-34.18591]]}},{"id":"11995","type":"Feature","properties":{"ROL":"I-502","NOMBRE_CAMINO":"Pichilemu - Cáhuil - Cruce I-72 (Bucalemu)","CLASIFICACION":"Camino Regional Provincial","CALZADA":"U"},"geometry":{"type":"LineString","coordinates":[[-72.011,-34.38615],[-72.02416,-34.40198],[-72.03061,-34.42005],[-72.03093,-34.42623],[-72.03362,-34.43177],[-72.03163,-34.44749],[-72.02546,-34.45804],[-72.02329,-34.46521],[-72.01865,-34.46787],[-72.01849,-34.47344],[-72.01696,-34.47711],[-72.01923,-34.48259],[-72.01966,-34.48844],[-72.0151,-34.49095],[-72.01294,-34.49595],[-72.00305,-34.50638],[-72.00701,-34.51519],[-72.00892,-34.52489],[-72.01753,-34.53386],[-72.0178,-34.53934],[-72.02279,-34.54932],[-72.01965,-34.55293],[-72.01492,-34.56738],[-72.01509,-34.57489],[-72.0164,-34.57754],[-72.01438,-34.58013],[-72.01438,-34.58724],[-72.01697,-34.59579],[-72.01595,-34.60352],[-72.01218,-34.61491],[-72.01644,-34.63119],[-72.02495,-34.63424],[-72.03053,-34.63389],[-72.03535,-34.63517],[-72.03473,-34.64287]]}},{"id":"11996","type":"Feature","properties":{"ROL":"Ruta 90","NOMBRE_CAMINO":"Cruce Ruta 5 (Acceso Sur a San Fernando) - Pichilemu","CLASIFICACION":"Camino Nacional","CALZADA":"U"},"geometry":{"type":"LineString","coordinates":[[-70.9837,-34.60681],[-70.98716,-34.60624]]}},{"id":"11997","type":"Feature","properties":{"ROL":"Ruta 90","NOMBRE_CAMINO":"Cruce Ruta 5 (Acceso Sur a San Fernando) - Pichilemu","CLASIFICACION":"Camino Nacional","CALZADA":"U"},"geometry":{"type":"LineString","coordinates":[[-70.98716,-34.60624],[-70.9871,-34.6081]]}},{"id":"11998","type":"Feature","properties":{"ROL":"Ruta 90","NOMBRE_CAMINO":"Cruce Ruta 5 (Acceso Sur a San Fernando) - Pichilemu","CLASIFICACION":"Camino Nacional","CALZADA":"U"},"geometry":{"type":"LineString","coordinates":[[-71.05412,-34.61365],[-71.09389,-34.62977],[-71.10758,-34.6317],[-71.12879,-34.63925],[-71.1517,-34.64446],[-71.17746,-34.653],[-71.2002,-34.65286],[-71.23928,-34.65971],[-71.28047,-34.65021],[-71.30039,-34.64729],[-71.31876,-34.63718],[-71.33875,-34.62975],[-71.34738,-34.62285],[-71.36252,-34.60075],[-71.36423,-34.59334],[-71.37306,-34.58663],[-71.41427,-34.53274],[-71.42871,-34.50759],[-71.43674,-34.50414],[-71.47551,-34.48149],[-71.48186,-34.47871],[-71.48299,-34.4795],[-71.56193,-34.44445],[-71.61595,-34.40451],[-71.62726,-34.39984],[-71.6302,-34.39983],[-71.63706,-34.4042],[-71.64152,-34.40525],[-71.7278,-34.39795],[-71.72796,-34.39652],[-71.73668,-34.38772],[-71.73656,-34.37941],[-71.73842,-34.37418],[-71.73896,-34.36633],[-71.73503,-34.3543],[-71.73842,-34.34426],[-71.74379,-34.33804],[-71.74687,-34.3322],[-71.7591,-34.3222],[-71.76313,-34.31668],[-71.77081,-34.31428],[-71.78563,-34.3037],[-71.79983,-34.30005],[-71.80105,-34.29726],[-71.80736,-34.29359],[-71.81327,-34.29719],[-71.82144,-34.29638],[-71.82524,-34.30074],[-71.82963,-34.30372],[-71.83316,-34.30331],[-71.83558,-34.30689],[-71.84011,-34.30942],[-71.84574,-34.31036],[-71.85045,-34.3078],[-71.85295,-34.31379],[-71.86075,-34.31353],[-71.87078,-34.32353],[-71.87532,-34.3341],[-71.87552,-34.34122],[-71.87086,-34.34538],[-71.8709,-34.34955],[-71.86714,-34.35493],[-71.86815,-34.35669],[-71.88273,-34.3572],[-71.88896,-34.35899],[-71.90004,-34.35853],[-71.90572,-34.35419],[-71.91795,-34.35522],[-71.92727,-34.35232],[-71.93152,-34.34951],[-71.93671,-34.34949],[-71.94277,-34.35459],[-71.94501,-34.3586],[-71.95602,-34.36768],[-71.95845,-34.36821],[-71.9624,-34.36655],[-71.96457,-34.36728],[-71.97459,-34.38192],[-71.98993,-34.38626],[-71.99759,-34.38674]]}},{"id":"11999","type":"Feature","properties":{"ROL":"Ruta 90","NOMBRE_CAMINO":"Cruce Ruta 5 (Acceso Sur a San Fernando) - Pichilemu","CLASIFICACION":"Camino Nacional","CALZADA":"U"},"geometry":{"type":"LineString","coordinates":[[-70.9871,-34.6081],[-70.98729,-34.60871]]}},{"id":"12000","type":"Feature","properties":{"ROL":"Ruta 90","NOMBRE_CAMINO":"Cruce Ruta 5 (Acceso Sur a San Fernando) - Pichilemu","CLASIFICACION":"Camino Nacional","CALZADA":"D"},"geometry":{"type":"LineString","coordinates":[[-70.98729,-34.60871],[-70.99156,-34.61783],[-70.99415,-34.61925],[-71.00529,-34.6151],[-71.0107,-34.60845],[-71.01617,-34.61061],[-71.02896,-34.60806],[-71.04889,-34.61075],[-71.05412,-34.61365]]}},{"id":"12001","type":"Feature","properties":{"ROL":"H-1000","NOMBRE_CAMINO":"Cruce Ruta 5 (Paso superior Los Lagartos) - Cruce H-10","CLASIFICACION":"Camino Regional Provincial","CALZADA":"U"},"geometry":{"type":"LineString","coordinates":[[-70.70835,-33.96727],[-70.71242,-33.96768]]}},{"id":"12002","type":"Feature","properties":{"ROL":"H-11","NOMBRE_CAMINO":"Cruce Ruta 5 (Callejones) - Cruce H-15 (Codegua)","CLASIFICACION":"Camino Regional Principal","CALZADA":"U"},"geometry":{"type":"LineString","coordinates":[[-70.70581,-34.03973],[-70.6884,-34.03802],[-70.66858,-34.0332]]}},{"id":"12003","type":"Feature","properties":{"ROL":"H-111","NOMBRE_CAMINO":"Cruce Ruta 5 (Paso superior Los Lagartos) - Cruce H-15 (PicarquÍn)","CLASIFICACION":"Camino Regional Comunal","CALZADA":"U"},"geometry":{"type":"LineString","coordinates":[[-70.70835,-33.96727],[-70.6441,-33.96018]]}},{"id":"12004","type":"Feature","properties":{"ROL":"H-145","NOMBRE_CAMINO":"Cruce Ruta 5 (Paso Superior Mostazal) - Cruce H-15 (Bifurcación La Punta)","CLASIFICACION":"Camino Regional Comunal","CALZADA":"U"},"geometry":{"type":"LineString","coordinates":[[-70.70202,-34.00077],[-70.69892,-34.00062],[-70.68527,-34.0051],[-70.67884,-34.00887],[-70.66635,-34.01161]]}},{"id":"12005","type":"Feature","properties":{"ROL":"H-153","NOMBRE_CAMINO":"Cruce H-15 (La Punta) - La Isla","CLASIFICACION":"Camino Regional Comunal","CALZADA":"U"},"geometry":{"type":"LineString","coordinates":[[-70.6434,-34.00444],[-70.64178,-34.00516],[-70.64048,-34.01421],[-70.64226,-34.0196],[-70.64441,-34.0214],[-70.64493,-34.02667],[-70.6427,-34.02708],[-70.64292,-34.02848],[-70.64103,-34.02903],[-70.64172,-34.03127]]}},{"id":"12006","type":"Feature","properties":{"ROL":"H-155","NOMBRE_CAMINO":"Cruce H-153 (La Punta) - Cruce H-155","CLASIFICACION":"Camino Regional de Acceso","CALZADA":"U"},"geometry":{"type":"LineString","coordinates":[[-70.64191,-34.00497],[-70.64043,-33.99617],[-70.614,-33.9976],[-70.61171,-33.988]]}},{"id":"12007","type":"Feature","properties":{"ROL":"H-155","NOMBRE_CAMINO":"Cruce H-153 (La Punta) - Cruce H-155","CLASIFICACION":"Camino Regional de Acceso","CALZADA":"U"},"geometry":{"type":"LineString","coordinates":[[-70.61171,-33.988],[-70.61862,-33.98898],[-70.63025,-33.9967]]}},{"id":"12008","type":"Feature","properties":{"ROL":"H-188","NOMBRE_CAMINO":"Cruce H-10 - Mina El Inglés","CLASIFICACION":"Camino Regional de Acceso","CALZADA":"U"},"geometry":{"type":"LineString","coordinates":[[-70.75403,-34.11843],[-70.80397,-34.11056],[-70.83375,-34.09652],[-70.84002,-34.09267],[-70.84143,-34.09048]]}},{"id":"12009","type":"Feature","properties":{"ROL":"H-201","NOMBRE_CAMINO":"Cruce Ruta 5 (Graneros) - H-15 (La CompañÍa)","CLASIFICACION":"Camino Regional Comunal","CALZADA":"U"},"geometry":{"type":"LineString","coordinates":[[-70.7122,-34.07111],[-70.69631,-34.07423],[-70.68563,-34.08102],[-70.68228,-34.08008]]}},{"id":"12010","type":"Feature","properties":{"ROL":"H-240","NOMBRE_CAMINO":"Cruce Av.Salvador Allende - San Ramón","CLASIFICACION":"Camino Regional Comunal","CALZADA":"U"},"geometry":{"type":"LineString","coordinates":[[-70.77224,-34.16606],[-70.83434,-34.15192],[-70.83397,-34.14745]]}},{"id":"12011","type":"Feature","properties":{"ROL":"H-256","NOMBRE_CAMINO":"Cruce H-270 - Cruce H-290","CLASIFICACION":"Camino Regional Comunal","CALZADA":"U"},"geometry":{"type":"LineString","coordinates":[[-70.90194,-34.18235],[-70.90498,-34.1825],[-70.90583,-34.18417],[-70.91113,-34.1857],[-70.91852,-34.18998]]}},{"id":"12012","type":"Feature","properties":{"ROL":"H-263","NOMBRE_CAMINO":"Cruce H-27 (Maitenes) - Cruce H-35 (Coya)","CLASIFICACION":"Camino Regional Comunal","CALZADA":"U"},"geometry":{"type":"LineString","coordinates":[[-70.56421,-34.19512],[-70.5629,-34.19621],[-70.56264,-34.20068],[-70.55208,-34.2024],[-70.5472,-34.20905],[-70.53926,-34.2113],[-70.53692,-34.21023]]}},{"id":"12013","type":"Feature","properties":{"ROL":"H-265","NOMBRE_CAMINO":"Coya - Pangal - Mina La Juanita","CLASIFICACION":"Camino Regional de Acceso","CALZADA":"U"},"geometry":{"type":"LineString","coordinates":[[-70.53166,-34.20659],[-70.52903,-34.20467],[-70.52799,-34.20104],[-70.52339,-34.20003]]}},{"id":"12014","type":"Feature","properties":{"ROL":"H-265","NOMBRE_CAMINO":"Coya - Pangal - Mina La Juanita","CLASIFICACION":"Camino Regional de Acceso","CALZADA":"U"},"geometry":{"type":"LineString","coordinates":[[-70.48069,-34.23413],[-70.46305,-34.23574],[-70.45511,-34.23827],[-70.44465,-34.23877]]}},{"id":"12015","type":"Feature","properties":{"ROL":"H-265","NOMBRE_CAMINO":"Coya - Pangal - Mina La Juanita","CLASIFICACION":"Camino Regional de Acceso","CALZADA":"U"},"geometry":{"type":"LineString","coordinates":[[-70.44465,-34.23877],[-70.43043,-34.23912],[-70.42147,-34.24089],[-70.42142,-34.24178],[-70.4087,-34.24347],[-70.40428,-34.24494],[-70.39828,-34.25],[-70.3994,-34.24848],[-70.39808,-34.249],[-70.39771,-34.24766],[-70.3949,-34.24804],[-70.38948,-34.24562],[-70.37998,-34.24642],[-70.37674,-34.24963],[-70.37198,-34.2458],[-70.369,-34.24594],[-70.36519,-34.24936],[-70.35846,-34.25005],[-70.35545,-34.2523],[-70.35407,-34.25557],[-70.35148,-34.25406],[-70.34084,-34.25683],[-70.33438,-34.25347],[-70.33481,-34.25072],[-70.33276,-34.24687],[-70.3246,-34.24327],[-70.32226,-34.23704],[-70.325,-34.23478],[-70.32502,-34.22996]]}},{"id":"12016","type":"Feature","properties":{"ROL":"H-27","NOMBRE_CAMINO":"Carretera Presidente Eduardo Frei Montalva (Carretera El Cobre)","CLASIFICACION":"Camino Regional Comunal","CALZADA":"U"},"geometry":{"type":"LineString","coordinates":[[-70.73309,-34.179],[-70.7156,-34.18848],[-70.67587,-34.19581],[-70.6655,-34.19552]]}},{"id":"12017","type":"Feature","properties":{"ROL":"H-27","NOMBRE_CAMINO":"Carretera Presidente Eduardo Frei Montalva (Carretera El Cobre)","CLASIFICACION":"Camino Regional Comunal","CALZADA":"U"},"geometry":{"type":"LineString","coordinates":[[-70.6655,-34.19552],[-70.64499,-34.19297],[-70.62787,-34.19596],[-70.61678,-34.19217],[-70.60968,-34.19961],[-70.60974,-34.20344],[-70.60724,-34.20349],[-70.60648,-34.19896],[-70.60412,-34.19826],[-70.59913,-34.20324],[-70.59885,-34.20797],[-70.59733,-34.20897],[-70.59496,-34.20727],[-70.59348,-34.20201],[-70.58909,-34.20321],[-70.58532,-34.20205],[-70.57994,-34.1961],[-70.57137,-34.19615],[-70.56778,-34.19805],[-70.56421,-34.19512]]}},{"id":"12018","type":"Feature","properties":{"ROL":"H-270","NOMBRE_CAMINO":"Cruce H-30 (Punta de Cortés) - Plaza Lo Miranda","CLASIFICACION":"Camino Regional Comunal","CALZADA":"U"},"geometry":{"type":"LineString","coordinates":[[-70.84828,-34.19497],[-70.85182,-34.19337],[-70.87454,-34.19117],[-70.88338,-34.18893],[-70.89015,-34.18961]]}},{"id":"12019","type":"Feature","properties":{"ROL":"H-286","NOMBRE_CAMINO":"Cruce H-30 - Lo Miranda","CLASIFICACION":"Camino Regional de Acceso","CALZADA":"U"},"geometry":{"type":"LineString","coordinates":[[-70.93294,-34.22116],[-70.91984,-34.21599],[-70.90943,-34.20999],[-70.91043,-34.20586],[-70.90588,-34.20207]]}},{"id":"12020","type":"Feature","properties":{"ROL":"H-286","NOMBRE_CAMINO":"Cruce H-30 - Lo Miranda","CLASIFICACION":"Camino Regional de Acceso","CALZADA":"U"},"geometry":{"type":"LineString","coordinates":[[-70.89743,-34.19508],[-70.89103,-34.18981]]}},{"id":"12021","type":"Feature","properties":{"ROL":"H-290","NOMBRE_CAMINO":"Cruce H-288 (Doñihue) - Cruce H-286 (Sector Plazuela)","CLASIFICACION":"Camino Regional Comunal","CALZADA":"U"},"geometry":{"type":"LineString","coordinates":[[-70.95279,-34.22244],[-70.95249,-34.22115]]}},{"id":"12022","type":"Feature","properties":{"ROL":"H-290","NOMBRE_CAMINO":"Cruce H-288 (Doñihue) - Cruce H-286 (Sector Plazuela)","CLASIFICACION":"Camino Regional Comunal","CALZADA":"U"},"geometry":{"type":"LineString","coordinates":[[-70.93996,-34.19109],[-70.93504,-34.18951],[-70.93366,-34.18763],[-70.92984,-34.18803],[-70.93078,-34.18702],[-70.92739,-34.18637],[-70.91853,-34.18997]]}},{"id":"12023","type":"Feature","properties":{"ROL":"H-308","NOMBRE_CAMINO":"Cruce H-30 - Río Cachapoal","CLASIFICACION":"Camino Regional Comunal","CALZADA":"U"},"geometry":{"type":"LineString","coordinates":[[-70.9686,-34.2321],[-70.96723,-34.23623]]}},{"id":"12024","type":"Feature","properties":{"ROL":"H-342","NOMBRE_CAMINO":"Cruce H-30 (El Molino) - Cruce H-30","CLASIFICACION":"Camino Regional Comunal","CALZADA":"U"},"geometry":{"type":"LineString","coordinates":[[-71.06523,-34.27555],[-71.06601,-34.27469]]}},{"id":"12025","type":"Feature","properties":{"ROL":"H-35","NOMBRE_CAMINO":"Cruce Ruta 5 (Gultro) - Cruce H-263 (Coya)","CLASIFICACION":"Camino Regional Principal","CALZADA":"U"},"geometry":{"type":"LineString","coordinates":[[-70.76834,-34.21054],[-70.7661,-34.2125],[-70.76126,-34.21343],[-70.75283,-34.2128],[-70.74992,-34.21375],[-70.73706,-34.21012],[-70.73108,-34.21261],[-70.72998,-34.21678],[-70.70769,-34.22277],[-70.69167,-34.23242],[-70.68917,-34.23235],[-70.68372,-34.22938],[-70.67598,-34.23083],[-70.67144,-34.23004],[-70.6702,-34.23102],[-70.66824,-34.24011],[-70.66357,-34.25127],[-70.65916,-34.2544],[-70.62813,-34.25914],[-70.62154,-34.26193],[-70.6176,-34.26773],[-70.60884,-34.26996],[-70.60579,-34.27364],[-70.59897,-34.27391],[-70.59504,-34.27544],[-70.59116,-34.27156],[-70.58542,-34.27196],[-70.57639,-34.26779],[-70.56986,-34.25953],[-70.56868,-34.2561],[-70.56644,-34.25518],[-70.55952,-34.24776],[-70.55655,-34.2468],[-70.55602,-34.24235],[-70.55343,-34.23779],[-70.5448,-34.23294],[-70.54476,-34.23028],[-70.53982,-34.21962],[-70.54026,-34.21637],[-70.53692,-34.21023]]}},{"id":"12026","type":"Feature","properties":{"ROL":"H-350","NOMBRE_CAMINO":"Coltauco - Cruce H-342 (Monte Grande)","CLASIFICACION":"Camino Regional Comunal","CALZADA":"U"},"geometry":{"type":"LineString","coordinates":[[-71.0656,-34.28442],[-71.06099,-34.28068]]}},{"id":"12027","type":"Feature","properties":{"ROL":"H-38","NOMBRE_CAMINO":"Cruce H-30 (Doñihue) - Coinco - Cruce H-50 (Quinta de Tilcoco)","CLASIFICACION":"Camino Regional Principal","CALZADA":"U"},"geometry":{"type":"LineString","coordinates":[[-70.95673,-34.22853],[-70.9477,-34.24225],[-70.95437,-34.25091],[-70.94882,-34.26321],[-70.94868,-34.26598],[-70.95123,-34.26972],[-70.95582,-34.26909],[-70.96683,-34.27389],[-70.97476,-34.27447],[-70.97872,-34.27644],[-70.98215,-34.28011],[-70.98613,-34.29106],[-70.98732,-34.29142],[-70.98549,-34.29373],[-70.99224,-34.31031],[-70.98893,-34.31254],[-70.9867,-34.31834],[-70.97639,-34.32136],[-70.97264,-34.33055],[-70.97095,-34.33097],[-70.969,-34.33584],[-70.96743,-34.33645],[-70.96749,-34.33864],[-70.97118,-34.34229],[-70.96979,-34.35369],[-70.96291,-34.35429]]}},{"id":"12028","type":"Feature","properties":{"ROL":"H-40","NOMBRE_CAMINO":"Cruce Ruta 5 (Paso Inferior Gultro) - Olivar - Cruce H-38 (Coinco)","CLASIFICACION":"Camino Regional Principal","CALZADA":"U"},"geometry":{"type":"LineString","coordinates":[[-70.76834,-34.21054],[-70.77138,-34.20921],[-70.80435,-34.21637],[-70.8047,-34.2176],[-70.8111,-34.22084],[-70.81947,-34.22388],[-70.83242,-34.22736],[-70.84444,-34.22863],[-70.84684,-34.23029],[-70.86787,-34.23099],[-70.87467,-34.23345],[-70.87842,-34.23247],[-70.88031,-34.2303],[-70.89373,-34.23065],[-70.89917,-34.23283],[-70.89981,-34.23605],[-70.90291,-34.24026],[-70.9103,-34.24369],[-70.91554,-34.2445],[-70.9266,-34.25059],[-70.95055,-34.26009]]}},{"id":"12029","type":"Feature","properties":{"ROL":"H-400","NOMBRE_CAMINO":"Cruce Ruta 5 (Paso Inferior) - Cruce H-40","CLASIFICACION":"Camino Regional Provincial","CALZADA":"U"},"geometry":{"type":"LineString","coordinates":[[-70.80424,-34.20902],[-70.82299,-34.21004]]}},{"id":"12030","type":"Feature","properties":{"ROL":"H-404","NOMBRE_CAMINO":"Cruce Bypass Ruta 5 (Rancagua) - Cruce H-40","CLASIFICACION":"Camino Regional Provincial","CALZADA":"U"},"geometry":{"type":"LineString","coordinates":[[-70.79264,-34.22525],[-70.80345,-34.2264]]}},{"id":"12031","type":"Feature","properties":{"ROL":"H-404","NOMBRE_CAMINO":"Cruce Bypass Ruta 5 (Rancagua) - Cruce H-40","CLASIFICACION":"Camino Regional Provincial","CALZADA":"U"},"geometry":{"type":"LineString","coordinates":[[-70.80345,-34.2264],[-70.80496,-34.2263],[-70.8045,-34.21723]]}},{"id":"12032","type":"Feature","properties":{"ROL":"H-418","NOMBRE_CAMINO":"Cruce H-40 (Vara Gruesa) - Cruce H-450 (El Abra)","CLASIFICACION":"Camino Regional Comunal","CALZADA":"U"},"geometry":{"type":"LineString","coordinates":[[-70.86104,-34.23053],[-70.86316,-34.24944],[-70.86034,-34.25786],[-70.86039,-34.2626],[-70.85197,-34.26291],[-70.85285,-34.27842]]}},{"id":"12033","type":"Feature","properties":{"ROL":"H-450","NOMBRE_CAMINO":"Cruce Ruta 5 (Requínoa) - Cruce H-50 (Esperalda Por El Abra)","CLASIFICACION":"Camino Regional Provincial","CALZADA":"U"},"geometry":{"type":"LineString","coordinates":[[-70.8212,-34.28662],[-70.85119,-34.27803],[-70.85583,-34.27952],[-70.8717,-34.29883],[-70.89554,-34.33181]]}},{"id":"12034","type":"Feature","properties":{"ROL":"H-455","NOMBRE_CAMINO":"Cruce H-409 (Santa Amalia) - Pimpinela","CLASIFICACION":"Camino Regional Comunal","CALZADA":"U"},"geometry":{"type":"LineString","coordinates":[[-70.82099,-34.29876],[-70.78264,-34.31045],[-70.72229,-34.33483],[-70.71353,-34.33618],[-70.70204,-34.33488]]}},{"id":"12035","type":"Feature","properties":{"ROL":"H-50","NOMBRE_CAMINO":"Cruce Ruta 5 (Rosario) - Esmeralda - Cruce H-38 (Quinta de Tilcoco)","CLASIFICACION":"Camino Regional Principal","CALZADA":"U"},"geometry":{"type":"LineString","coordinates":[[-70.84131,-34.34708],[-70.9236,-34.32404],[-70.93788,-34.33947],[-70.94442,-34.34297],[-70.946,-34.34879],[-70.9571,-34.34721],[-70.96291,-34.35429]]}},{"id":"12036","type":"Feature","properties":{"ROL":"H-521","NOMBRE_CAMINO":"Cruce Ruta 5 (Lo de Lobos) - Cruce H-665 (Fundo El Rincón)","CLASIFICACION":"Camino Regional Comunal","CALZADA":"U"},"geometry":{"type":"LineString","coordinates":[[-70.8528,-34.36754],[-70.82461,-34.37468],[-70.8112,-34.37948],[-70.81121,-34.38192],[-70.80298,-34.39159],[-70.79842,-34.40548],[-70.77921,-34.42592],[-70.7787,-34.42994],[-70.78166,-34.43008],[-70.7841,-34.4342],[-70.78853,-34.43713]]}},{"id":"12037","type":"Feature","properties":{"ROL":"H-56","NOMBRE_CAMINO":"Cruce Ruta 66 (San Vicente) - Guacarhue - Cruce H-60 (Quinta de Tilcoco)","CLASIFICACION":"Camino Regional Principal","CALZADA":"U"},"geometry":{"type":"LineString","coordinates":[[-71.09641,-34.42514],[-71.09931,-34.41881],[-71.09652,-34.41313],[-71.09674,-34.4076],[-71.09808,-34.4054],[-71.0932,-34.40325],[-71.0911,-34.3971],[-71.09789,-34.39077],[-71.09997,-34.38654],[-71.10329,-34.38514],[-71.10585,-34.37538],[-71.09816,-34.36933],[-71.07325,-34.36577],[-71.07119,-34.35812],[-71.06967,-34.35706],[-71.04823,-34.357],[-71.04575,-34.35591],[-71.02897,-34.36194],[-71.025,-34.3554],[-71.02054,-34.35394],[-71.01611,-34.35455],[-71.01512,-34.35172],[-71.01308,-34.35099],[-71.00913,-34.35284],[-71.00053,-34.35163],[-70.96485,-34.35642]]}},{"id":"12038","type":"Feature","properties":{"ROL":"H-577","NOMBRE_CAMINO":"Cruce H-665 (La Chimba) - Cruce H-631 (Rengo)","CLASIFICACION":"Camino Regional de Acceso","CALZADA":"U"},"geometry":{"type":"LineString","coordinates":[[-70.82629,-34.41651],[-70.83426,-34.41546],[-70.83509,-34.41731],[-70.84496,-34.41437],[-70.85504,-34.41549]]}},{"id":"12039","type":"Feature","properties":{"ROL":"H-588","NOMBRE_CAMINO":"Cruce H-56 (Zúñiga) - Cruce H-590","CLASIFICACION":"Camino Regional Comunal","CALZADA":"U"},"geometry":{"type":"LineString","coordinates":[[-71.09831,-34.36945],[-71.09851,-34.3555],[-71.10414,-34.35549]]}},{"id":"12040","type":"Feature","properties":{"ROL":"H-590","NOMBRE_CAMINO":"Cruce H-38 (Chillehue) - Millahue - Cruce H-56","CLASIFICACION":"Camino Regional Comunal","CALZADA":"U"},"geometry":{"type":"LineString","coordinates":[[-70.98727,-34.29138],[-70.99118,-34.29025],[-70.99516,-34.29229],[-71.00046,-34.29072],[-71.0047,-34.29569]]}},{"id":"12041","type":"Feature","properties":{"ROL":"H-590","NOMBRE_CAMINO":"Cruce H-38 (Chillehue) - Millahue - Cruce H-56","CLASIFICACION":"Camino Regional Comunal","CALZADA":"U"},"geometry":{"type":"LineString","coordinates":[[-71.05241,-34.31023],[-71.05586,-34.31493],[-71.06761,-34.31802],[-71.07258,-34.31592],[-71.0797,-34.31778],[-71.08782,-34.31439],[-71.0896,-34.31552]]}},{"id":"12042","type":"Feature","properties":{"ROL":"H-60","NOMBRE_CAMINO":"Cruce Ruta 5 (Paso Superior Rengo) - Cruce H-38 (Quinta de Tilcoco)","CLASIFICACION":"Camino Regional Principal","CALZADA":"U"},"geometry":{"type":"LineString","coordinates":[[-70.87245,-34.40177],[-70.88106,-34.401],[-70.89855,-34.40402],[-70.90763,-34.40406],[-70.90696,-34.39565],[-70.91558,-34.39402],[-70.92918,-34.39515],[-70.97784,-34.38389],[-70.98156,-34.372],[-70.9809,-34.36864],[-70.97605,-34.36868],[-70.96291,-34.35429]]}},{"id":"12043","type":"Feature","properties":{"ROL":"H-605","NOMBRE_CAMINO":"Cruce Ruta 5 (Caletera) - Rengo","CLASIFICACION":"Camino Regional de Acceso","CALZADA":"U"},"geometry":{"type":"LineString","coordinates":[[-70.86646,-34.42103],[-70.86174,-34.41005]]}},{"id":"12044","type":"Feature","properties":{"ROL":"H-611","NOMBRE_CAMINO":"Cruce Ruta 5 (Pelequén) - Cruce H-605 (Pelequén Viejo)","CLASIFICACION":"Camino Regional Comunal","CALZADA":"U"},"geometry":{"type":"LineString","coordinates":[[-70.90007,-34.47369],[-70.89881,-34.47446]]}},{"id":"12045","type":"Feature","properties":{"ROL":"H-611","NOMBRE_CAMINO":"Cruce Ruta 5 (Pelequén) - Cruce H-605 (Pelequén Viejo)","CLASIFICACION":"Camino Regional Comunal","CALZADA":"U"},"geometry":{"type":"LineString","coordinates":[[-70.89392,-34.45887],[-70.89326,-34.45447],[-70.88983,-34.44733]]}},{"id":"12046","type":"Feature","properties":{"ROL":"H-631","NOMBRE_CAMINO":"Cruce H-577 (Rinconada de Malambo) - Cementerio Católico","CLASIFICACION":"Camino Regional Comunal","CALZADA":"U"},"geometry":{"type":"LineString","coordinates":[[-70.8555,-34.41858],[-70.85369,-34.41071]]}},{"id":"12047","type":"Feature","properties":{"ROL":"H-64","NOMBRE_CAMINO":"Cruce Ruta 66 (Estación Malloa) - Cruce H-60","CLASIFICACION":"Camino Regional Principal","CALZADA":"U"},"geometry":{"type":"LineString","coordinates":[[-70.95928,-34.46084],[-70.92798,-34.41829],[-70.9129,-34.40498],[-70.90767,-34.40403]]}},{"id":"12048","type":"Feature","properties":{"ROL":"H-665","NOMBRE_CAMINO":"Cruce H-511 (Rengo) - Las Nieves","CLASIFICACION":"Camino Regional Comunal","CALZADA":"U"},"geometry":{"type":"LineString","coordinates":[[-70.86073,-34.4088],[-70.85373,-34.41074],[-70.84981,-34.40482],[-70.84715,-34.40281],[-70.84295,-34.40228],[-70.82329,-34.40615],[-70.81481,-34.40978],[-70.80498,-34.4146],[-70.80481,-34.42137],[-70.80248,-34.42469],[-70.79933,-34.42773],[-70.79285,-34.43098],[-70.79252,-34.43399],[-70.78845,-34.43719],[-70.78124,-34.44094],[-70.78181,-34.44339]]}},{"id":"12049","type":"Feature","properties":{"ROL":"H-665","NOMBRE_CAMINO":"Cruce H-511 (Rengo) - Las Nieves","CLASIFICACION":"Camino Regional Comunal","CALZADA":"U"},"geometry":{"type":"LineString","coordinates":[[-70.78181,-34.44339],[-70.7682,-34.45613],[-70.76477,-34.46297],[-70.75169,-34.46887],[-70.74341,-34.48001],[-70.74004,-34.47981]]}},{"id":"12050","type":"Feature","properties":{"ROL":"H-706","NOMBRE_CAMINO":"Cruce Ruta 66 (Santa Inés) - Plaza Malloa","CLASIFICACION":"Camino Regional de Acceso","CALZADA":"U"},"geometry":{"type":"LineString","coordinates":[[-70.95247,-34.46158],[-70.94705,-34.45216],[-70.94801,-34.44887],[-70.94394,-34.4424]]}},{"id":"12051","type":"Feature","properties":{"ROL":"H-734","NOMBRE_CAMINO":"Cruce Ruta 66 (Requehua) - Cruce I-90-H (San Vicente de Tagua Tagua) ","CLASIFICACION":"Camino Regional Comunal","CALZADA":"U"},"geometry":{"type":"LineString","coordinates":[[-71.05956,-34.44091],[-71.07355,-34.44082]]}},{"id":"12052","type":"Feature","properties":{"ROL":"H-754","NOMBRE_CAMINO":"Cruce Ruta 66 (Los Molinos) - Cruce H-768 (Aguas Claras)","CLASIFICACION":"Camino Regional Comunal","CALZADA":"U"},"geometry":{"type":"LineString","coordinates":[[-71.14653,-34.40366],[-71.14974,-34.40482],[-71.15897,-34.40272]]}},{"id":"12053","type":"Feature","properties":{"ROL":"H-754","NOMBRE_CAMINO":"Cruce Ruta 66 (Los Molinos) - Cruce H-768 (Aguas Claras)","CLASIFICACION":"Camino Regional Comunal","CALZADA":"U"},"geometry":{"type":"LineString","coordinates":[[-71.18302,-34.39679],[-71.18543,-34.39439]]}},{"id":"12054","type":"Feature","properties":{"ROL":"H-754","NOMBRE_CAMINO":"Cruce Ruta 66 (Los Molinos) - Cruce H-768 (Aguas Claras)","CLASIFICACION":"Camino Regional Comunal","CALZADA":"U"},"geometry":{"type":"LineString","coordinates":[[-71.1653,-34.40157],[-71.1737,-34.40246],[-71.17758,-34.4008]]}},{"id":"12055","type":"Feature","properties":{"ROL":"H-76-I","NOMBRE_CAMINO":"Plaza San Vicente - San José de Marchihue - Los Maitenes - Cruce Ruta 90 (Marchihue)","CLASIFICACION":"Camino Regional Principal","CALZADA":"U"},"geometry":{"type":"LineString","coordinates":[[-71.07738,-34.43952],[-71.08806,-34.43542],[-71.10121,-34.43668],[-71.10119,-34.43524],[-71.10432,-34.43405],[-71.11117,-34.43327],[-71.11246,-34.43564],[-71.11974,-34.43256],[-71.13299,-34.43182],[-71.1384,-34.43405],[-71.14734,-34.43471],[-71.15286,-34.43377],[-71.15896,-34.43011],[-71.1592,-34.43331],[-71.16193,-34.43251],[-71.16293,-34.43479],[-71.17883,-34.43414],[-71.18374,-34.42871],[-71.18103,-34.42374],[-71.18219,-34.42131],[-71.1798,-34.41737],[-71.18021,-34.41473],[-71.18267,-34.4127],[-71.18783,-34.41458],[-71.19271,-34.41419],[-71.19941,-34.41252],[-71.20517,-34.40836],[-71.20815,-34.40791],[-71.21073,-34.40805],[-71.21289,-34.41069],[-71.22354,-34.41513],[-71.2345,-34.41193],[-71.2342,-34.4094],[-71.23965,-34.40298],[-71.24152,-34.39838],[-71.24243,-34.39269],[-71.24113,-34.38712],[-71.2473,-34.37792],[-71.24841,-34.37344],[-71.25649,-34.37148],[-71.27833,-34.36173],[-71.28915,-34.35467],[-71.30014,-34.35583],[-71.33644,-34.34078],[-71.34848,-34.33898],[-71.35614,-34.33508],[-71.36897,-34.32311],[-71.37883,-34.31712],[-71.38414,-34.31148],[-71.40353,-34.29706],[-71.40599,-34.2978],[-71.41466,-34.29539],[-71.42064,-34.29576],[-71.42982,-34.29353],[-71.43844,-34.29551],[-71.44387,-34.29081],[-71.44905,-34.29151],[-71.45846,-34.30132],[-71.46583,-34.29983],[-71.47761,-34.30047],[-71.49619,-34.29567],[-71.49875,-34.29709],[-71.50244,-34.29703],[-71.53158,-34.30848],[-71.5407,-34.31715],[-71.55475,-34.32189],[-71.55831,-34.32903],[-71.58853,-34.35525],[-71.60758,-34.37716],[-71.61973,-34.4006],[-71.62177,-34.39932],[-71.62338,-34.40136]]}},{"id":"12056","type":"Feature","properties":{"ROL":"H-768","NOMBRE_CAMINO":"Peumo - Aguas Claras","CLASIFICACION":"Camino Regional Comunal","CALZADA":"U"},"geometry":{"type":"LineString","coordinates":[[-71.17152,-34.38896],[-71.17315,-34.39002]]}},{"id":"12057","type":"Feature","properties":{"ROL":"H-774","NOMBRE_CAMINO":"Cruce Ruta 66 (Est. Codao) - Cruce H-76-I (La Ratonera)","CLASIFICACION":"Camino Regional Provincial","CALZADA":"U"},"geometry":{"type":"LineString","coordinates":[[-71.21631,-34.35436],[-71.239,-34.37953],[-71.24481,-34.38165]]}},{"id":"12058","type":"Feature","properties":{"ROL":"H-78","NOMBRE_CAMINO":"Cruce Ruta 66 (Las Cabras) - Cuesta Quilicuara - Cruce Ruta 66 (E Manzano)","CLASIFICACION":"Camino Regional Principal","CALZADA":"U"},"geometry":{"type":"LineString","coordinates":[[-71.31151,-34.29368],[-71.30413,-34.28144],[-71.30346,-34.27813],[-71.29905,-34.27783],[-71.3005,-34.27687],[-71.29676,-34.27151],[-71.2973,-34.26973],[-71.29365,-34.26564],[-71.29347,-34.26178],[-71.30523,-34.21489],[-71.31101,-34.20976],[-71.31818,-34.21125],[-71.33371,-34.20045],[-71.3346,-34.19636],[-71.37791,-34.17039],[-71.38529,-34.16731],[-71.39658,-34.16743]]}},{"id":"12059","type":"Feature","properties":{"ROL":"H-800","NOMBRE_CAMINO":"Cruce I-90-H (El Tambo) - Cruce I-90-H (El Cardal)","CLASIFICACION":"Camino Regional Comunal","CALZADA":"U"},"geometry":{"type":"LineString","coordinates":[[-71.0803,-34.46455],[-71.0789,-34.45324],[-71.06726,-34.44829]]}},{"id":"12060","type":"Feature","properties":{"ROL":"H-806","NOMBRE_CAMINO":"Cruce I-90-H (El Tambo) - Cruce H-710","CLASIFICACION":"Camino Regional Comunal","CALZADA":"U"},"geometry":{"type":"LineString","coordinates":[[-70.98128,-34.47666],[-70.97166,-34.46393],[-70.96034,-34.46378],[-70.9549,-34.46509]]}},{"id":"12061","type":"Feature","properties":{"ROL":"H-82-I","NOMBRE_CAMINO":"Cruce Ruta 66 (Puente Las Cabras) - Cruce Ruta 90 (Estación Colchagua)","CLASIFICACION":"Camino Regional Principal","CALZADA":"U"},"geometry":{"type":"LineString","coordinates":[[-71.36204,-34.27177],[-71.36731,-34.28405],[-71.36885,-34.29348],[-71.38264,-34.30951],[-71.38553,-34.31567],[-71.40444,-34.34266],[-71.41233,-34.35783],[-71.41669,-34.37445],[-71.39691,-34.3895],[-71.38652,-34.39585],[-71.36895,-34.40077],[-71.3717,-34.40638],[-71.37408,-34.42364],[-71.36928,-34.43311],[-71.35986,-34.47897],[-71.36492,-34.52093],[-71.37967,-34.52157],[-71.38538,-34.52567],[-71.38566,-34.53139],[-71.38828,-34.53209]]}},{"id":"12062","type":"Feature","properties":{"ROL":"H-830","NOMBRE_CAMINO":"Cruce H-800 (El Cardal) - Tranque Millahue","CLASIFICACION":"Camino Regional Comunal","CALZADA":"U"},"geometry":{"type":"LineString","coordinates":[[-71.0791,-34.45376],[-71.09343,-34.45262],[-71.1035,-34.4553],[-71.10729,-34.45494],[-71.11177,-34.45892],[-71.11949,-34.45555],[-71.13181,-34.45573],[-71.13524,-34.45751],[-71.14219,-34.45844]]}},{"id":"12063","type":"Feature","properties":{"ROL":"H-830","NOMBRE_CAMINO":"Cruce H-800 (El Cardal) - Tranque Millahue","CLASIFICACION":"Camino Regional Comunal","CALZADA":"U"},"geometry":{"type":"LineString","coordinates":[[-71.15096,-34.45847],[-71.15457,-34.45894],[-71.16785,-34.46885]]}},{"id":"12064","type":"Feature","properties":{"ROL":"H-92-G","NOMBRE_CAMINO":"Cruce Ruta 66 (Santa Inés) - Alhué - El Membrillo, Sector: Cruce Ruta 66 (Santa Inés) - Límite Regional (Quilamuta)","CLASIFICACION":"Camino Regional Provincial","CALZADA":"U"},"geometry":{"type":"LineString","coordinates":[[-71.37299,-34.08878],[-71.36155,-34.08504],[-71.35208,-34.08765],[-71.34489,-34.0869],[-71.33731,-34.07665],[-71.32764,-34.06823],[-71.31581,-34.0678],[-71.30261,-34.06296],[-71.29927,-34.06527],[-71.27884,-34.062],[-71.26874,-34.06457]]}},{"id":"12065","type":"Feature","properties":{"ROL":"I-151","NOMBRE_CAMINO":"Cruce Ruta 5 (Polonia) -  Cruce Ruta 5 (Paso Inferior Las Rosas)","CLASIFICACION":"Camino Regional Comunal","CALZADA":"U"},"geometry":{"type":"LineString","coordinates":[[-70.9427,-34.53624],[-70.94127,-34.53659],[-70.93998,-34.53522],[-70.92498,-34.54667],[-70.92292,-34.54943],[-70.92768,-34.5535],[-70.92142,-34.5594],[-70.9137,-34.56006],[-70.91743,-34.57566],[-70.91529,-34.57655],[-70.91573,-34.57965],[-70.90995,-34.58235],[-70.91113,-34.58647],[-70.91447,-34.58615],[-70.91569,-34.5882],[-70.92064,-34.5895],[-70.92578,-34.61317],[-70.94014,-34.61056]]}},{"id":"12066","type":"Feature","properties":{"ROL":"I-151","NOMBRE_CAMINO":"Cruce Ruta 5 (Polonia) -  Cruce Ruta 5 (Paso Inferior Las Rosas)","CLASIFICACION":"Camino Regional Comunal","CALZADA":"U"},"geometry":{"type":"LineString","coordinates":[[-70.94014,-34.61056],[-70.94377,-34.61029]]}},{"id":"12067","type":"Feature","properties":{"ROL":"I-151","NOMBRE_CAMINO":"Cruce Ruta 5 (Polonia) -  Cruce Ruta 5 (Paso Inferior Las Rosas)","CLASIFICACION":"Camino Regional Comunal","CALZADA":"U"},"geometry":{"type":"LineString","coordinates":[[-70.94377,-34.61029],[-70.94941,-34.60905],[-70.95352,-34.6065],[-70.95918,-34.59931],[-70.96265,-34.59799],[-70.96977,-34.59106]]}},{"id":"12068","type":"Feature","properties":{"ROL":"I-162","NOMBRE_CAMINO":"Cruce H-76-I - Las Chacras - Cruce I-158","CLASIFICACION":"Camino Regional Comunal","CALZADA":"U"},"geometry":{"type":"LineString","coordinates":[[-71.48553,-34.29822],[-71.48751,-34.29177],[-71.49294,-34.28667],[-71.51425,-34.25225],[-71.52507,-34.24621],[-71.53184,-34.24423],[-71.53975,-34.2454],[-71.54159,-34.24388],[-71.55783,-34.2445],[-71.56353,-34.23622],[-71.56441,-34.23291],[-71.56722,-34.2316]]}},{"id":"12069","type":"Feature","properties":{"ROL":"I-181","NOMBRE_CAMINO":"Cruce Ruta 5 (Enlace La Paloma) - La Paloma","CLASIFICACION":"Camino Regional de Acceso","CALZADA":"U"},"geometry":{"type":"LineString","coordinates":[[-70.96126,-34.55211],[-70.95989,-34.55349]]}},{"id":"12070","type":"Feature","properties":{"ROL":"I-184","NOMBRE_CAMINO":"Cruce Ruta 90 (Alcones) - Cruce Ruta 90","CLASIFICACION":"Camino Regional Provincial","CALZADA":"U"},"geometry":{"type":"LineString","coordinates":[[-71.73505,-34.38963],[-71.73883,-34.38941],[-71.7442,-34.39148],[-71.74775,-34.39465],[-71.75333,-34.39466],[-71.75351,-34.39594],[-71.76096,-34.39908],[-71.7739,-34.40221],[-71.78036,-34.39982],[-71.78149,-34.39598],[-71.78039,-34.38519],[-71.78448,-34.38341],[-71.78716,-34.38044],[-71.79853,-34.38096],[-71.80636,-34.37887],[-71.81378,-34.37945],[-71.81918,-34.37675],[-71.82172,-34.37451],[-71.82571,-34.36716],[-71.8298,-34.36487],[-71.8291,-34.35947],[-71.83106,-34.35242],[-71.83724,-34.35463],[-71.8385,-34.35863],[-71.85411,-34.368],[-71.85765,-34.36826],[-71.86263,-34.36379],[-71.86507,-34.35964]]}},{"id":"12071","type":"Feature","properties":{"ROL":"I-184","NOMBRE_CAMINO":"Cruce Ruta 90 (Alcones) - Cruce Ruta 90","CLASIFICACION":"Camino Regional Provincial","CALZADA":"U"},"geometry":{"type":"LineString","coordinates":[[-71.86507,-34.35964],[-71.86868,-34.35682]]}},{"id":"12072","type":"Feature","properties":{"ROL":"I-20","NOMBRE_CAMINO":"Cruce H-76-I (Los Maitenes) - Cruce I-80-G (Las Damas)","CLASIFICACION":"Camino Regional Principal","CALZADA":"U"},"geometry":{"type":"LineString","coordinates":[[-71.60169,-34.36076],[-71.61243,-34.3512]]}},{"id":"12073","type":"Feature","properties":{"ROL":"I-20","NOMBRE_CAMINO":"Cruce H-76-I (Los Maitenes) - Cruce I-80-G (Las Damas)","CLASIFICACION":"Camino Regional Principal","CALZADA":"U"},"geometry":{"type":"LineString","coordinates":[[-71.61164,-34.33422],[-71.61107,-34.33067],[-71.61569,-34.32603],[-71.62208,-34.31113],[-71.62229,-34.30156]]}},{"id":"12074","type":"Feature","properties":{"ROL":"I-20","NOMBRE_CAMINO":"Cruce H-76-I (Los Maitenes) - Cruce I-80-G (Las Damas)","CLASIFICACION":"Camino Regional Principal","CALZADA":"U"},"geometry":{"type":"LineString","coordinates":[[-71.61964,-34.28065],[-71.61607,-34.27533]]}},{"id":"12075","type":"Feature","properties":{"ROL":"I-20","NOMBRE_CAMINO":"Cruce H-76-I (Los Maitenes) - Cruce I-80-G (Las Damas)","CLASIFICACION":"Camino Regional Principal","CALZADA":"U"},"geometry":{"type":"LineString","coordinates":[[-71.61732,-34.26519],[-71.62676,-34.24704],[-71.62632,-34.24354]]}},{"id":"12076","type":"Feature","properties":{"ROL":"I-20","NOMBRE_CAMINO":"Cruce H-76-I (Los Maitenes) - Cruce I-80-G (Las Damas)","CLASIFICACION":"Camino Regional Principal","CALZADA":"U"},"geometry":{"type":"LineString","coordinates":[[-71.63161,-34.23876],[-71.63679,-34.23272],[-71.64139,-34.23064],[-71.64046,-34.2263],[-71.64413,-34.21638]]}},{"id":"12077","type":"Feature","properties":{"ROL":"I-20","NOMBRE_CAMINO":"Cruce H-76-I (Los Maitenes) - Cruce I-80-G (Las Damas)","CLASIFICACION":"Camino Regional Principal","CALZADA":"U"},"geometry":{"type":"LineString","coordinates":[[-71.65576,-34.20637],[-71.66143,-34.20721],[-71.66515,-34.20558],[-71.66974,-34.20748],[-71.67899,-34.20544],[-71.68819,-34.20063],[-71.6959,-34.19968],[-71.70073,-34.20255],[-71.70389,-34.20695],[-71.70822,-34.20836],[-71.72048,-34.21796]]}},{"id":"12078","type":"Feature","properties":{"ROL":"I-20","NOMBRE_CAMINO":"Cruce H-76-I (Los Maitenes) - Cruce I-80-G (Las Damas)","CLASIFICACION":"Camino Regional Principal","CALZADA":"U"},"geometry":{"type":"LineString","coordinates":[[-71.64872,-34.21124],[-71.65417,-34.21021],[-71.65576,-34.20637]]}},{"id":"12079","type":"Feature","properties":{"ROL":"I-226","NOMBRE_CAMINO":"Cruce I-80-G (Rapel) - La Boca","CLASIFICACION":"Camino Regional Provincial","CALZADA":"U"},"geometry":{"type":"LineString","coordinates":[[-71.73726,-33.94791],[-71.74291,-33.94492],[-71.7492,-33.9473],[-71.75545,-33.94552],[-71.75858,-33.94166],[-71.7663,-33.93873],[-71.76771,-33.93922],[-71.76815,-33.9412],[-71.76635,-33.94477],[-71.76854,-33.94361],[-71.76911,-33.94535],[-71.77163,-33.94556],[-71.7805,-33.94361],[-71.78578,-33.94032],[-71.79296,-33.9384],[-71.79429,-33.93931],[-71.79389,-33.94164],[-71.79885,-33.94747],[-71.80587,-33.95188],[-71.80656,-33.95531],[-71.81071,-33.95839],[-71.81708,-33.95992],[-71.82496,-33.95947],[-71.83278,-33.95181],[-71.83337,-33.9501],[-71.83172,-33.94756],[-71.83492,-33.9433],[-71.8361,-33.93718],[-71.84141,-33.93283],[-71.84626,-33.92524]]}},{"id":"12080","type":"Feature","properties":{"ROL":"I-300-J","NOMBRE_CAMINO":"Cruce I-86 (Cruce San Antonio) - Cuesta El Peral – Cruce J-40 (Las Arboledas), Sector: Cruce San Antonio - Límite Regional (Cuesta El Peral)","CLASIFICACION":"Camino Regional Provincial","CALZADA":"U"},"geometry":{"type":"LineString","coordinates":[[-71.23808,-34.74939],[-71.23998,-34.7561],[-71.23703,-34.7655],[-71.23141,-34.7744],[-71.22909,-34.78951],[-71.22359,-34.80173],[-71.21527,-34.80891],[-71.21049,-34.81842],[-71.20713,-34.81868],[-71.20284,-34.81521],[-71.20071,-34.81794],[-71.19344,-34.81676]]}},{"id":"12081","type":"Feature","properties":{"ROL":"I-310","NOMBRE_CAMINO":"Cruce Ruta 90 (Peralillo) - Los Cardos - Cruce I-330 (Santa Victoria)","CLASIFICACION":"Camino Regional Comunal","CALZADA":"U"},"geometry":{"type":"LineString","coordinates":[[-71.48577,-34.4782],[-71.45552,-34.46614],[-71.42226,-34.47057],[-71.42139,-34.46866],[-71.40117,-34.46493]]}},{"id":"12082","type":"Feature","properties":{"ROL":"I-350","NOMBRE_CAMINO":"Cruce Ruta 90 (Apalta) - Millahue","CLASIFICACION":"Camino Regional Comunal","CALZADA":"U"},"geometry":{"type":"LineString","coordinates":[[-71.32348,-34.63556],[-71.31405,-34.63037],[-71.31327,-34.62745],[-71.30687,-34.62122],[-71.30562,-34.61128],[-71.29855,-34.60825],[-71.28049,-34.61192],[-71.26538,-34.62158],[-71.2677,-34.62559],[-71.2529,-34.63485],[-71.25202,-34.63649]]}},{"id":"12083","type":"Feature","properties":{"ROL":"I-45","NOMBRE_CAMINO":"Cruce Ruta 5 (Paso Inferior San Fernando) - Termas del Flaco","CLASIFICACION":"Camino Regional Principal","CALZADA":"U"},"geometry":{"type":"LineString","coordinates":[[-70.9726,-34.59409],[-70.9677,-34.60069],[-70.96359,-34.60362],[-70.96167,-34.60896],[-70.9548,-34.61462],[-70.94676,-34.61884],[-70.9419,-34.61947],[-70.9237,-34.63048],[-70.89901,-34.63751],[-70.89109,-34.64337],[-70.88833,-34.64782],[-70.88047,-34.65204],[-70.87795,-34.65569],[-70.87653,-34.66045],[-70.8772,-34.66198],[-70.8738,-34.6665],[-70.87143,-34.67789],[-70.87582,-34.68019],[-70.87592,-34.68403],[-70.86966,-34.68702]]}},{"id":"12084","type":"Feature","properties":{"ROL":"I-45","NOMBRE_CAMINO":"Cruce Ruta 5 (Paso Inferior San Fernando) - Termas del Flaco","CLASIFICACION":"Camino Regional Principal","CALZADA":"U"},"geometry":{"type":"LineString","coordinates":[[-70.84551,-34.70836],[-70.83605,-34.71987],[-70.83145,-34.72004],[-70.82333,-34.72794],[-70.79465,-34.74344],[-70.78037,-34.74076],[-70.77273,-34.74058],[-70.75904,-34.74063],[-70.75292,-34.74291],[-70.74323,-34.73925],[-70.73995,-34.73426],[-70.73486,-34.73045],[-70.731,-34.73048],[-70.72755,-34.73228],[-70.7285,-34.73571],[-70.72592,-34.73669],[-70.72542,-34.74035],[-70.71796,-34.74925],[-70.7171,-34.75306],[-70.7125,-34.75481],[-70.71109,-34.75662],[-70.70734,-34.75614],[-70.70106,-34.75826],[-70.69705,-34.75798],[-70.68883,-34.76481],[-70.66928,-34.7716],[-70.66509,-34.77675],[-70.65791,-34.78078],[-70.65204,-34.78193],[-70.65,-34.78389],[-70.64546,-34.78321],[-70.64231,-34.7852],[-70.63325,-34.78544],[-70.6235,-34.7878],[-70.61877,-34.79119],[-70.6148,-34.791],[-70.5986,-34.80492],[-70.58092,-34.81461],[-70.56952,-34.81769],[-70.564,-34.82568],[-70.56191,-34.82666],[-70.56283,-34.82874],[-70.56108,-34.83133],[-70.55731,-34.83322],[-70.55748,-34.83599],[-70.55372,-34.83798],[-70.55208,-34.84058],[-70.55491,-34.84772],[-70.55351,-34.8517],[-70.55432,-34.85518],[-70.54915,-34.86112],[-70.54936,-34.86318],[-70.54748,-34.86422],[-70.54752,-34.86887],[-70.54214,-34.87621],[-70.54048,-34.88283],[-70.53226,-34.88922],[-70.52843,-34.89598],[-70.52403,-34.89833],[-70.52186,-34.90554],[-70.51944,-34.90766],[-70.51211,-34.91024],[-70.49815,-34.92057],[-70.49277,-34.92769],[-70.48848,-34.92882],[-70.48802,-34.9316],[-70.47669,-34.9319],[-70.47428,-34.93315],[-70.4684,-34.93914],[-70.46593,-34.93968],[-70.46009,-34.94427],[-70.46067,-34.95064],[-70.4526,-34.95001],[-70.43643,-34.95664]]}},{"id":"12085","type":"Feature","properties":{"ROL":"I-45","NOMBRE_CAMINO":"Cruce Ruta 5 (Paso Inferior San Fernando) - Termas del Flaco","CLASIFICACION":"Camino Regional Principal","CALZADA":"U"},"geometry":{"type":"LineString","coordinates":[[-70.86966,-34.68702],[-70.86536,-34.69041]]}},{"id":"12086","type":"Feature","properties":{"ROL":"I-45","NOMBRE_CAMINO":"Cruce Ruta 5 (Paso Inferior San Fernando) - Termas del Flaco","CLASIFICACION":"Camino Regional Principal","CALZADA":"U"},"geometry":{"type":"LineString","coordinates":[[-70.43643,-34.95664],[-70.43731,-34.95877],[-70.43891,-34.9583]]}},{"id":"12087","type":"Feature","properties":{"ROL":"I-451","NOMBRE_CAMINO":"Cruce Ruta 5 (Paso Superior Tinguiririca) - Cruce I-45 (Puente Negro)","CLASIFICACION":"Camino Regional Comunal","CALZADA":"U"},"geometry":{"type":"LineString","coordinates":[[-70.99155,-34.64608],[-70.9788,-34.65157],[-70.95218,-34.65919],[-70.94878,-34.65822],[-70.94648,-34.65182],[-70.93282,-34.65632]]}},{"id":"12088","type":"Feature","properties":{"ROL":"I-62-G","NOMBRE_CAMINO":"Cruce Ruta 66 (San Pedro) - Alto de Nihue - Cruce I-80-G (Litueche), Sector: Límite Regional - Litueche","CLASIFICACION":"Camino Regional Principal","CALZADA":"U"},"geometry":{"type":"LineString","coordinates":[[-71.52583,-34.00468],[-71.52686,-34.00697]]}},{"id":"12089","type":"Feature","properties":{"ROL":"I-62-G","NOMBRE_CAMINO":"Cruce Ruta 66 (San Pedro) - Alto de Nihue - Cruce I-80-G (Litueche), Sector: Límite Regional - Litueche","CLASIFICACION":"Camino Regional Principal","CALZADA":"U"},"geometry":{"type":"LineString","coordinates":[[-71.52686,-34.00697],[-71.52811,-34.00954],[-71.53203,-34.0113],[-71.53897,-34.02233],[-71.5465,-34.03087],[-71.55279,-34.03225],[-71.56202,-34.03139],[-71.56719,-34.03518],[-71.57424,-34.03416],[-71.58606,-34.036],[-71.58775,-34.03781],[-71.58837,-34.04133],[-71.59249,-34.04046],[-71.59342,-34.04615],[-71.59558,-34.04805],[-71.59365,-34.04911],[-71.60181,-34.0509],[-71.60833,-34.0489],[-71.62121,-34.05013],[-71.62397,-34.05227],[-71.62672,-34.06535],[-71.63159,-34.07231],[-71.64139,-34.07573],[-71.65944,-34.07917],[-71.66807,-34.08497],[-71.6822,-34.08901],[-71.68836,-34.09514],[-71.72553,-34.11298],[-71.72764,-34.12042]]}},{"id":"12090","type":"Feature","properties":{"ROL":"I-690","NOMBRE_CAMINO":"Cruce Ruta 90 (Peralillo) - Cruce I-60 (Molineros)","CLASIFICACION":"Camino Regional Provincial","CALZADA":"U"},"geometry":{"type":"LineString","coordinates":[[-71.48577,-34.4782],[-71.49714,-34.48279],[-71.50087,-34.482],[-71.5076,-34.48308],[-71.5379,-34.49606],[-71.54607,-34.49564],[-71.5579,-34.49732],[-71.56249,-34.49536],[-71.56494,-34.496]]}},{"id":"12091","type":"Feature","properties":{"ROL":"I-70-J","NOMBRE_CAMINO":"Cruce I-72 (La Palma) - Cruce J-60 (Parronal), Sector: La Palma - Límite Regional (Los Negros)","CLASIFICACION":"Camino Regional Principal","CALZADA":"U"},"geometry":{"type":"LineString","coordinates":[[-71.69625,-34.73484],[-71.6933,-34.74424],[-71.6952,-34.7544],[-71.69298,-34.76316],[-71.6909,-34.76656],[-71.69608,-34.77281],[-71.69972,-34.78339],[-71.69838,-34.80178],[-71.7012,-34.8267],[-71.69848,-34.83047],[-71.69645,-34.83957],[-71.6913,-34.84394],[-71.69045,-34.84893],[-71.68622,-34.85242],[-71.68819,-34.86686],[-71.68961,-34.87164],[-71.69348,-34.87768],[-71.69364,-34.88091],[-71.68899,-34.89588],[-71.68421,-34.89681]]}},{"id":"12092","type":"Feature","properties":{"ROL":"I-710","NOMBRE_CAMINO":"Cruce Ruta 90 (San Elías) - Rincón de Yaquil","CLASIFICACION":"Camino Regional Comunal","CALZADA":"U"},"geometry":{"type":"LineString","coordinates":[[-71.3888,-34.56606],[-71.40384,-34.56611],[-71.40903,-34.56983],[-71.41998,-34.57037],[-71.42531,-34.57375],[-71.43282,-34.58232],[-71.43382,-34.58581],[-71.42793,-34.59511],[-71.43361,-34.59708]]}},{"id":"12093","type":"Feature","properties":{"ROL":"I-710","NOMBRE_CAMINO":"Cruce Ruta 90 (San Elías) - Rincón de Yaquil","CLASIFICACION":"Camino Regional Comunal","CALZADA":"U"},"geometry":{"type":"LineString","coordinates":[[-71.47529,-34.55826],[-71.47684,-34.55617],[-71.48105,-34.55472],[-71.48466,-34.55008],[-71.48686,-34.54983],[-71.48879,-34.54726]]}},{"id":"12094","type":"Feature","properties":{"ROL":"I-72","NOMBRE_CAMINO":"Santa Cruz - Bucalemu","CLASIFICACION":"Camino Regional Principal","CALZADA":"U"},"geometry":{"type":"LineString","coordinates":[[-71.36548,-34.64054],[-71.36596,-34.63979],[-71.3698,-34.64173],[-71.38377,-34.63976],[-71.40959,-34.65637],[-71.41177,-34.66197],[-71.41446,-34.66064],[-71.41648,-34.66293],[-71.42151,-34.66142],[-71.4254,-34.66205],[-71.43211,-34.66814],[-71.4297,-34.66933],[-71.42983,-34.67526],[-71.44365,-34.67571],[-71.4531,-34.68143],[-71.46456,-34.67789],[-71.4711,-34.67994],[-71.47941,-34.67352],[-71.49506,-34.67252],[-71.49927,-34.67446],[-71.53123,-34.6773],[-71.53689,-34.67945],[-71.54277,-34.68593],[-71.55824,-34.69474],[-71.56169,-34.69494],[-71.56474,-34.69836],[-71.56942,-34.6993],[-71.57778,-34.70946],[-71.58552,-34.71261],[-71.59023,-34.71288],[-71.60701,-34.70977],[-71.61469,-34.71327],[-71.62436,-34.71048],[-71.64516,-34.72866],[-71.65378,-34.7294],[-71.66128,-34.72745],[-71.68886,-34.73373],[-71.72031,-34.73756],[-71.72206,-34.73651],[-71.73226,-34.71193],[-71.73745,-34.70425],[-71.74333,-34.70045],[-71.75357,-34.69566],[-71.75896,-34.69637],[-71.77818,-34.69248],[-71.7855,-34.68735],[-71.79247,-34.6795],[-71.81234,-34.67361],[-71.82851,-34.66602],[-71.84347,-34.66102],[-71.8454,-34.66242],[-71.84986,-34.661],[-71.85265,-34.66189],[-71.85364,-34.65873],[-71.85694,-34.65878],[-71.85957,-34.65549],[-71.86773,-34.65199],[-71.87329,-34.65236],[-71.8814,-34.6564],[-71.88633,-34.65532],[-71.89177,-34.656],[-71.89732,-34.65331],[-71.90269,-34.65349],[-71.90395,-34.65021],[-71.90653,-34.64878],[-71.91337,-34.64973],[-71.91755,-34.65313],[-71.92115,-34.65428],[-71.93372,-34.65336],[-71.94728,-34.64917],[-71.95016,-34.6471],[-71.96013,-34.65121],[-71.96885,-34.65285],[-71.97109,-34.65149],[-71.97184,-34.64935],[-71.98136,-34.64671],[-71.98686,-34.64727],[-71.99337,-34.65318],[-72.00721,-34.65883],[-72.00982,-34.65819],[-72.01063,-34.65645],[-72.01322,-34.65723],[-72.02111,-34.6563],[-72.02279,-34.65298],[-72.02962,-34.64905],[-72.03454,-34.64296],[-72.04224,-34.64219],[-72.04383,-34.64064]]}},{"id":"12095","type":"Feature","properties":{"ROL":"I-720","NOMBRE_CAMINO":"Cruce Ruta 90 - Cruce I-72 (Santa Cruz)","CLASIFICACION":"Camino Regional Comunal","CALZADA":"U"},"geometry":{"type":"LineString","coordinates":[[-71.37928,-34.57851],[-71.37695,-34.5886],[-71.37808,-34.59544],[-71.37667,-34.60349],[-71.37345,-34.60901],[-71.37387,-34.61518],[-71.37263,-34.62187],[-71.37402,-34.62732],[-71.37127,-34.63376],[-71.36593,-34.63982]]}},{"id":"12096","type":"Feature","properties":{"ROL":"I-725","NOMBRE_CAMINO":"Cruce Ruta 5 (Caletera) - Cruce Ruta 5 (Paso Superior Peor es Nada)","CLASIFICACION":"Camino Regional Comunal","CALZADA":"U"},"geometry":{"type":"LineString","coordinates":[[-71.0445,-34.79148],[-71.04654,-34.79099]]}},{"id":"12097","type":"Feature","properties":{"ROL":"I-730","NOMBRE_CAMINO":"Cruce I-72 (Santa Cruz) - Cruce I-710 (Isla de Yaquil)","CLASIFICACION":"Camino Regional Comunal","CALZADA":"U"},"geometry":{"type":"LineString","coordinates":[[-71.38198,-34.63941],[-71.38507,-34.63742],[-71.38469,-34.63526],[-71.38804,-34.62822],[-71.39312,-34.62706],[-71.39574,-34.62339],[-71.39981,-34.62478],[-71.40497,-34.62153],[-71.41299,-34.61215],[-71.42357,-34.60776],[-71.42494,-34.60506],[-71.43105,-34.60269],[-71.43371,-34.59712]]}},{"id":"12098","type":"Feature","properties":{"ROL":"I-756","NOMBRE_CAMINO":"Cruce Ruta 90 (Cunaco) - Cruce I-760 (Isla del Guindo)","CLASIFICACION":"Camino Regional Comunal","CALZADA":"U"},"geometry":{"type":"LineString","coordinates":[[-71.29298,-34.65447],[-71.30369,-34.65881],[-71.30696,-34.66355],[-71.30594,-34.66456],[-71.31274,-34.66862]]}},{"id":"12099","type":"Feature","properties":{"ROL":"I-760","NOMBRE_CAMINO":"Cruce I-86 (Quinahue) - Cruce I-86 (Chomedahue)","CLASIFICACION":"Camino Regional Provincial","CALZADA":"U"},"geometry":{"type":"LineString","coordinates":[[-71.31711,-34.69253],[-71.3136,-34.68874],[-71.30909,-34.67515],[-71.31277,-34.66855]]}},{"id":"12100","type":"Feature","properties":{"ROL":"I-760","NOMBRE_CAMINO":"Cruce I-86 (Quinahue) - Cruce I-86 (Chomedahue)","CLASIFICACION":"Camino Regional Provincial","CALZADA":"U"},"geometry":{"type":"LineString","coordinates":[[-71.3194,-34.66108],[-71.32187,-34.65557],[-71.32647,-34.6528],[-71.33299,-34.65159],[-71.3419,-34.65576]]}},{"id":"12101","type":"Feature","properties":{"ROL":"I-760","NOMBRE_CAMINO":"Cruce I-86 (Quinahue) - Cruce I-86 (Chomedahue)","CLASIFICACION":"Camino Regional Provincial","CALZADA":"U"},"geometry":{"type":"LineString","coordinates":[[-71.31277,-34.66855],[-71.31306,-34.66787]]}},{"id":"12102","type":"Feature","properties":{"ROL":"I-796","NOMBRE_CAMINO":"Cruce I-86 (Puquineo) - Boldomahuida - Cruce I-82 (Puquillay)","CLASIFICACION":"Camino Regional Comunal","CALZADA":"U"},"geometry":{"type":"LineString","coordinates":[[-71.21931,-34.75182],[-71.22091,-34.74515],[-71.21731,-34.73427],[-71.20666,-34.72524],[-71.19804,-34.71235],[-71.20044,-34.70171],[-71.19755,-34.69083],[-71.20012,-34.68425],[-71.20461,-34.68065]]}},{"id":"12103","type":"Feature","properties":{"ROL":"I-80-G","NOMBRE_CAMINO":"Cruce Ruta 66 (Atalaya) - Cruce Ruta 90 (La Rosa), Sector: Límite Regional - La Rosa","CLASIFICACION":"Camino Regional Principal","CALZADA":"U"},"geometry":{"type":"LineString","coordinates":[[-71.73622,-33.94037],[-71.73814,-33.94645],[-71.73027,-33.95834],[-71.72876,-33.96407],[-71.7316,-33.96727],[-71.72938,-33.97065],[-71.72957,-33.97203],[-71.73099,-33.97198],[-71.72949,-33.97402],[-71.72988,-33.98094],[-71.72527,-33.98095],[-71.72339,-33.98464],[-71.7246,-33.98913],[-71.72386,-33.99271],[-71.71873,-33.99635],[-71.71648,-34.00256],[-71.72149,-34.0103],[-71.72892,-34.01785],[-71.73203,-34.02709],[-71.7343,-34.0373],[-71.73443,-34.06437],[-71.73741,-34.07017],[-71.73833,-34.09076],[-71.74029,-34.09583],[-71.74011,-34.09856],[-71.73714,-34.10322],[-71.73925,-34.10753],[-71.73817,-34.11119],[-71.7358,-34.11356],[-71.73198,-34.11485],[-71.7275,-34.12062],[-71.72649,-34.12389],[-71.73322,-34.15145],[-71.73118,-34.17001],[-71.73594,-34.20542],[-71.72805,-34.21034],[-71.72039,-34.21831],[-71.72902,-34.23552],[-71.72885,-34.23878],[-71.72705,-34.24167],[-71.72808,-34.2564],[-71.73414,-34.26678],[-71.73133,-34.27266],[-71.72908,-34.28707],[-71.73785,-34.31128],[-71.74316,-34.31584],[-71.74411,-34.32715],[-71.74745,-34.33158]]}},{"id":"12104","type":"Feature","properties":{"ROL":"I-810","NOMBRE_CAMINO":"Cruce I-86 (San José de Toro) - Cruce I-796 (La Cabrería)","CLASIFICACION":"Camino Regional Comunal","CALZADA":"U"},"geometry":{"type":"LineString","coordinates":[[-71.19282,-34.71379],[-71.19804,-34.71235]]}},{"id":"12105","type":"Feature","properties":{"ROL":"I-82","NOMBRE_CAMINO":"Cruce Ruta 90 (Nancagua) - Cruce I-86 (Chépica)","CLASIFICACION":"Camino Regional Principal","CALZADA":"U"},"geometry":{"type":"LineString","coordinates":[[-71.2039,-34.65362],[-71.20087,-34.66297],[-71.20106,-34.66954],[-71.20253,-34.67668],[-71.20642,-34.68275],[-71.21046,-34.68362],[-71.21438,-34.68782],[-71.22427,-34.69296],[-71.22306,-34.69567],[-71.22983,-34.70112],[-71.23216,-34.70694],[-71.23601,-34.71101],[-71.25012,-34.71563],[-71.25304,-34.71429],[-71.25437,-34.71559],[-71.26427,-34.71762],[-71.27385,-34.72791]]}},{"id":"12106","type":"Feature","properties":{"ROL":"I-832","NOMBRE_CAMINO":"Cruce Ruta 90 (Santa Elena) - Cruce I-850 (Placilla)","CLASIFICACION":"Camino Regional Comunal","CALZADA":"U"},"geometry":{"type":"LineString","coordinates":[[-71.10434,-34.63119],[-71.1031,-34.63309],[-71.11095,-34.63427]]}},{"id":"12107","type":"Feature","properties":{"ROL":"I-832","NOMBRE_CAMINO":"Cruce Ruta 90 (Santa Elena) - Cruce I-850 (Placilla)","CLASIFICACION":"Camino Regional Comunal","CALZADA":"U"},"geometry":{"type":"LineString","coordinates":[[-71.11225,-34.63509],[-71.12212,-34.64033]]}},{"id":"12108","type":"Feature","properties":{"ROL":"I-832","NOMBRE_CAMINO":"Cruce Ruta 90 (Santa Elena) - Cruce I-850 (Placilla)","CLASIFICACION":"Camino Regional Comunal","CALZADA":"U"},"geometry":{"type":"LineString","coordinates":[[-71.11095,-34.63427],[-71.11225,-34.63509]]}},{"id":"12109","type":"Feature","properties":{"ROL":"I-86","NOMBRE_CAMINO":"Cruce Ruta 5 (Enlace Chimbarongo) - Cruce I-72 (Santa Cruz)","CLASIFICACION":"Camino Regional Principal","CALZADA":"U"},"geometry":{"type":"LineString","coordinates":[[-71.03072,-34.71489],[-71.04363,-34.70871],[-71.06454,-34.73537],[-71.06885,-34.73474],[-71.08721,-34.72267],[-71.08986,-34.72308],[-71.09446,-34.72663],[-71.09462,-34.72881],[-71.09609,-34.7298],[-71.09997,-34.72785],[-71.1044,-34.72795],[-71.10792,-34.73104],[-71.10897,-34.73477],[-71.12241,-34.73803],[-71.12564,-34.74497],[-71.13049,-34.74835],[-71.13137,-34.75165],[-71.1298,-34.75463],[-71.13335,-34.75615],[-71.13089,-34.75619],[-71.1315,-34.7584],[-71.12951,-34.76062],[-71.13249,-34.7618],[-71.13615,-34.76908],[-71.1545,-34.77557],[-71.17543,-34.77787],[-71.18327,-34.77536],[-71.19068,-34.76897],[-71.19087,-34.76721],[-71.19733,-34.76354],[-71.19644,-34.76204],[-71.2045,-34.75891],[-71.21662,-34.7574],[-71.21801,-34.75187],[-71.23996,-34.74896],[-71.24491,-34.74368],[-71.25034,-34.74055],[-71.26904,-34.7335],[-71.27385,-34.72791],[-71.28553,-34.72091],[-71.29119,-34.71128],[-71.29531,-34.70858],[-71.30036,-34.70742],[-71.30912,-34.69928],[-71.31609,-34.69519],[-71.32013,-34.68929],[-71.32503,-34.68917],[-71.34863,-34.67512],[-71.3494,-34.67364],[-71.33899,-34.66729],[-71.33857,-34.66409],[-71.34275,-34.65628],[-71.34228,-34.65467],[-71.34496,-34.65238],[-71.36153,-34.64724],[-71.3661,-34.64324],[-71.3652,-34.64242],[-71.3663,-34.64064]]}},{"id":"12110","type":"Feature","properties":{"ROL":"I-90-H","NOMBRE_CAMINO":"Cruce Ruta 5 (Paso Superior La Paloma) - Límite Provincial - San Vicente de Tagua Tagua","CLASIFICACION":"Camino Regional Principal","CALZADA":"U"},"geometry":{"type":"LineString","coordinates":[[-70.96126,-34.55211],[-70.96272,-34.55077],[-70.96761,-34.53158],[-70.96604,-34.52619],[-70.96738,-34.52116],[-70.96656,-34.51857],[-70.97721,-34.50393],[-70.97801,-34.49752],[-70.97466,-34.47976],[-70.99675,-34.46939],[-71.00472,-34.46689],[-71.01339,-34.46454],[-71.02975,-34.46357],[-71.04567,-34.45839],[-71.05208,-34.45755],[-71.06967,-34.44674],[-71.0731,-34.44375],[-71.07355,-34.44078],[-71.07665,-34.43972]]}},{"id":"12111","type":"Feature","properties":{"ROL":"Ruta 66","NOMBRE_CAMINO":"Pelequén - San Antonio, Sector: Pelequén - Límite Regional","CLASIFICACION":"Camino Nacional","CALZADA":"U"},"geometry":{"type":"LineString","coordinates":[[-70.89773,-34.46589],[-70.91026,-34.46323],[-70.91591,-34.46395],[-70.95147,-34.46172],[-70.96376,-34.46045],[-70.97809,-34.45669],[-70.9833,-34.45746],[-70.99055,-34.45405],[-71.0098,-34.44852],[-71.05181,-34.44217],[-71.12912,-34.41257],[-71.14161,-34.40887],[-71.14542,-34.40442],[-71.23095,-34.34338],[-71.23403,-34.33685],[-71.24066,-34.32949],[-71.27365,-34.30199],[-71.2914,-34.29468],[-71.29935,-34.29624],[-71.3261,-34.29063],[-71.33772,-34.28649],[-71.37924,-34.2608],[-71.38514,-34.25534],[-71.39912,-34.22408],[-71.40319,-34.22027],[-71.40388,-34.20838],[-71.40291,-34.20463],[-71.40421,-34.19637],[-71.40317,-34.18869],[-71.39842,-34.17711],[-71.39638,-34.16687],[-71.37952,-34.1445],[-71.37427,-34.12977],[-71.37444,-34.12202],[-71.37899,-34.11655],[-71.37616,-34.09972],[-71.36703,-34.06731],[-71.36933,-34.06368],[-71.37566,-34.06383]]}},{"id":"12112","type":"Feature","properties":{"ROL":"I-85-J","NOMBRE_CAMINO":"Cruce Ruta 5 (Chimbarongo) - Morza - Cruce Ruta 5 (Quinta), Sector: Codegua- Limite Regional (Morza)","CLASIFICACION":"Camino Regional Principal","CALZADA":"U"},"geometry":{"type":"LineString","coordinates":[[-71.03126,-34.71605],[-71.01479,-34.72278],[-70.97566,-34.73561],[-70.97769,-34.74088],[-70.95385,-34.74836],[-70.95316,-34.76178],[-70.94641,-34.77305],[-70.94792,-34.77695],[-70.9466,-34.7786],[-70.94778,-34.78202],[-70.94671,-34.78293],[-70.94755,-34.78598],[-70.94628,-34.78889],[-70.94715,-34.79222],[-70.95095,-34.79629],[-70.95102,-34.80561],[-70.95629,-34.81478],[-70.97121,-34.82225],[-70.99443,-34.81711],[-71.00035,-34.81809],[-71.00284,-34.82186],[-71.00376,-34.82707]]}},{"id":"12113","type":"Feature","properties":{"ROL":"H-210-I","NOMBRE_CAMINO":"Cruce H-76-I (San José de Marchigüe) - Santa Clotilde - Cruce I-330","CLASIFICACION":"Camino Regional Comunal","CALZADA":"U"},"geometry":{"type":"LineString","coordinates":[[-71.43874,-34.29542],[-71.4364,-34.30064],[-71.43566,-34.32114]]}},{"id":"12114","type":"Feature","properties":{"ROL":"H-210-I","NOMBRE_CAMINO":"Cruce H-76-I (San José de Marchigüe) - Santa Clotilde - Cruce I-330","CLASIFICACION":"Camino Regional Comunal","CALZADA":"U"},"geometry":{"type":"LineString","coordinates":[[-71.43469,-34.34923],[-71.43434,-34.35924],[-71.43064,-34.35886],[-71.42803,-34.36577],[-71.43258,-34.38272],[-71.4386,-34.38287],[-71.43929,-34.39492]]}},{"id":"12115","type":"Feature","properties":{"ROL":"H-409","NOMBRE_CAMINO":"Cruce Ruta 5 (Paso Inferior) - Cruce H-511","CLASIFICACION":"Camino Regional Comunal","CALZADA":"U"},"geometry":{"type":"LineString","coordinates":[[-70.78696,-34.23133],[-70.81726,-34.28903],[-70.82672,-34.31179],[-70.82587,-34.31369],[-70.82717,-34.31551],[-70.82482,-34.31656],[-70.83582,-34.34831]]}},{"id":"12116","type":"Feature","properties":{"ROL":"H-511","NOMBRE_CAMINO":"Cruce Ruta 5 (Enlace Rosario) - Cruce H-665 (Rengo)","CLASIFICACION":"Camino Regional Provincial","CALZADA":"U"},"geometry":{"type":"LineString","coordinates":[[-70.83881,-34.3475],[-70.83582,-34.34831],[-70.83898,-34.35806],[-70.83707,-34.36136],[-70.84556,-34.37935],[-70.84429,-34.38126],[-70.8465,-34.39075],[-70.86073,-34.4088]]}},{"id":"12117","type":"Feature","properties":{"ROL":"S/R-H-551","NOMBRE_CAMINO":"Cruce Ruta 5 - Túnel Angostura ","CLASIFICACION":"Camino Regional Comunal (En Proceso de Enrolamiento)","CALZADA":"U"},"geometry":{"type":"LineString","coordinates":[[-70.72187,-33.91771],[-70.71732,-33.92702]]}},{"id":"12118","type":"Feature","properties":{"ROL":"S/R-H-1330","NOMBRE_CAMINO":"Cruce H-30 (Loreto)- Cruce H-350","CLASIFICACION":"Camino Regional de Acceso (En Proceso de Enrolamiento)","CALZADA":"U"},"geometry":{"type":"LineString","coordinates":[[-71.02969,-34.26378],[-71.03316,-34.27038]]}},{"id":"12119","type":"Feature","properties":{"ROL":"S/R-H-147","NOMBRE_CAMINO":"Cruce H-145 - El Arrayán","CLASIFICACION":"Camino Regional de Acceso (En Proceso de Enrolamiento)","CALZADA":"U"},"geometry":{"type":"LineString","coordinates":[[-70.69044,-34.0034],[-70.6895,-33.99944],[-70.68656,-33.99898]]}},{"id":"12120","type":"Feature","properties":{"ROL":"S/R-H-147","NOMBRE_CAMINO":"Cruce H-145 - El Arrayán","CLASIFICACION":"Camino Regional de Acceso (En Proceso de Enrolamiento)","CALZADA":"U"},"geometry":{"type":"LineString","coordinates":[[-70.68656,-33.99898],[-70.68019,-33.99857],[-70.67916,-33.9947],[-70.66991,-33.99403]]}},{"id":"12121","type":"Feature","properties":{"ROL":"S/R-H-180","NOMBRE_CAMINO":"Cruce H-174 - Fundo La Higuera","CLASIFICACION":"Camino Regional de Acceso (En Proceso de Enrolamiento)","CALZADA":"U"},"geometry":{"type":"LineString","coordinates":[[-70.76515,-34.05702],[-70.77444,-34.05314]]}},{"id":"12122","type":"Feature","properties":{"ROL":"S/R-H-180","NOMBRE_CAMINO":"Cruce H-174 - Fundo La Higuera","CLASIFICACION":"Camino Regional de Acceso (En Proceso de Enrolamiento)","CALZADA":"U"},"geometry":{"type":"LineString","coordinates":[[-70.77444,-34.05314],[-70.77367,-34.05055]]}},{"id":"12123","type":"Feature","properties":{"ROL":"S/R-H-199","NOMBRE_CAMINO":"Cruce H-15 - San Nicolás","CLASIFICACION":"Camino Regional de Acceso (En Proceso de Enrolamiento)","CALZADA":"U"},"geometry":{"type":"LineString","coordinates":[[-70.68325,-34.11598],[-70.66246,-34.11916]]}},{"id":"12124","type":"Feature","properties":{"ROL":"S/R-H-266","NOMBRE_CAMINO":"Cruce H-256 - Cementerio","CLASIFICACION":"Camino Regional Comunal (En Proceso de Enrolamiento)","CALZADA":"U"},"geometry":{"type":"LineString","coordinates":[[-70.89057,-34.18087],[-70.89209,-34.18665]]}},{"id":"12125","type":"Feature","properties":{"ROL":"S/R-H-356","NOMBRE_CAMINO":"Cruce H-350 - Callejón Lo Ahumada","CLASIFICACION":"Camino Regional de Acceso (En Proceso de Enrolamiento)","CALZADA":"U"},"geometry":{"type":"LineString","coordinates":[[-71.0637,-34.28312],[-71.05599,-34.29682]]}},{"id":"12126","type":"Feature","properties":{"ROL":"S/R-H-410","NOMBRE_CAMINO":"Cruce H-40 (Gultro) - Los Lirios","CLASIFICACION":"Camino Regional de Acceso (En Proceso de Enrolamiento)","CALZADA":"U"},"geometry":{"type":"LineString","coordinates":[[-70.78281,-34.21194],[-70.78284,-34.21902]]}},{"id":"12127","type":"Feature","properties":{"ROL":"S/R-H-451","NOMBRE_CAMINO":"Cruce H-409 - Cruce H-455 (Lo Hermógenes)","CLASIFICACION":"Camino Regional Comunal (En Proceso de Enrolamiento)","CALZADA":"U"},"geometry":{"type":"LineString","coordinates":[[-70.81719,-34.28887],[-70.80497,-34.29219],[-70.80633,-34.2965],[-70.80454,-34.29701]]}},{"id":"12128","type":"Feature","properties":{"ROL":"S/R-H-451","NOMBRE_CAMINO":"Cruce H-409 - Cruce H-455 (Lo Hermógenes)","CLASIFICACION":"Camino Regional Comunal (En Proceso de Enrolamiento)","CALZADA":"U"},"geometry":{"type":"LineString","coordinates":[[-70.80454,-34.29701],[-70.78666,-34.30217],[-70.78911,-34.30852]]}},{"id":"12129","type":"Feature","properties":{"ROL":"S/R-H-576","NOMBRE_CAMINO":"Cruce H-56 - Estacada Hacia el Cerro","CLASIFICACION":"Camino Regional de Acceso (En Proceso de Enrolamiento)","CALZADA":"U"},"geometry":{"type":"LineString","coordinates":[[-71.07119,-34.35814],[-71.07031,-34.34649],[-71.07332,-34.34591]]}},{"id":"12130","type":"Feature","properties":{"ROL":"S/R-H-582","NOMBRE_CAMINO":"Cruce H-634 - Pasarela Corcolén ","CLASIFICACION":"Camino Regional de Acceso (En Proceso de Enrolamiento)","CALZADA":"U"},"geometry":{"type":"LineString","coordinates":[[-71.00023,-34.40919],[-70.99776,-34.4037]]}},{"id":"12131","type":"Feature","properties":{"ROL":"S/R-H-636","NOMBRE_CAMINO":"Cruce H-620 - El Atajo -Cruce H-634","CLASIFICACION":"Camino Regional Comunal (En Proceso de Enrolamiento)","CALZADA":"U"},"geometry":{"type":"LineString","coordinates":[[-70.94398,-34.41329],[-70.94363,-34.40984],[-70.94504,-34.4095],[-70.94545,-34.40773],[-70.94811,-34.40819],[-70.9478,-34.41019],[-70.9496,-34.4112]]}},{"id":"12132","type":"Feature","properties":{"ROL":"S/R-H-740","NOMBRE_CAMINO":"Cruce Ruta 66 (Las Cabras) - Cruce Ruta 66 (Cabaña Blanca)","CLASIFICACION":"Camino Regional Comunal (En Proceso de Enrolamiento)","CALZADA":"U"},"geometry":{"type":"LineString","coordinates":[[-71.31388,-34.29317],[-71.31368,-34.28796],[-71.3366,-34.28191],[-71.33904,-34.28595]]}},{"id":"12133","type":"Feature","properties":{"ROL":"S/R-H-752","NOMBRE_CAMINO":"Cruce I-90-H - Estero Zamorano (Poniente)","CLASIFICACION":"Camino Regional de Acceso (En Proceso de Enrolamiento)","CALZADA":"U"},"geometry":{"type":"LineString","coordinates":[[-71.0519,-34.45761],[-71.05048,-34.45128],[-71.05374,-34.45043]]}},{"id":"12134","type":"Feature","properties":{"ROL":"S/R-H-758","NOMBRE_CAMINO":"Ruta 66 - Cerro El Molino","CLASIFICACION":"Camino Regional de Acceso (En Proceso de Enrolamiento)","CALZADA":"U"},"geometry":{"type":"LineString","coordinates":[[-71.16196,-34.39305],[-71.15373,-34.39464],[-71.1489,-34.39892]]}},{"id":"12135","type":"Feature","properties":{"ROL":"S/R-H-832","NOMBRE_CAMINO":"Cruce H-762 (El Durazno) - Media Luna","CLASIFICACION":"Camino Regional Comunal (En Proceso de Enrolamiento)","CALZADA":"U"},"geometry":{"type":"LineString","coordinates":[[-71.32421,-34.16852],[-71.33358,-34.1582]]}},{"id":"12136","type":"Feature","properties":{"ROL":"S/R-H-894","NOMBRE_CAMINO":"Cruce H-802 - La Campana","CLASIFICACION":"Camino Regional de Acceso (En Proceso de Enrolamiento)","CALZADA":"U"},"geometry":{"type":"LineString","coordinates":[[-71.28932,-34.19604],[-71.29136,-34.19552]]}},{"id":"12137","type":"Feature","properties":{"ROL":"S/R-H-894","NOMBRE_CAMINO":"Cruce H-802 - La Campana","CLASIFICACION":"Camino Regional de Acceso (En Proceso de Enrolamiento)","CALZADA":"U"},"geometry":{"type":"LineString","coordinates":[[-71.29158,-34.19545],[-71.29593,-34.19388],[-71.30177,-34.1896]]}},{"id":"12138","type":"Feature","properties":{"ROL":"S/R-H-928","NOMBRE_CAMINO":"Cruce H-830 - Cerro","CLASIFICACION":"Camino Regional de Acceso (En Proceso de Enrolamiento)","CALZADA":"U"},"geometry":{"type":"LineString","coordinates":[[-71.10247,-34.45494],[-71.10207,-34.46087],[-71.10516,-34.46682]]}},{"id":"12139","type":"Feature","properties":{"ROL":"S/R-H-932","NOMBRE_CAMINO":"Cruce H-826 (Rinconada del Tambo) - Cruce H-826","CLASIFICACION":"Camino Regional Comunal (En Proceso de Enrolamiento)","CALZADA":"U"},"geometry":{"type":"LineString","coordinates":[[-71.07577,-34.50127],[-71.07221,-34.5025],[-71.06241,-34.51094],[-71.06558,-34.51339],[-71.07175,-34.51515],[-71.08004,-34.51018]]}},{"id":"12140","type":"Feature","properties":{"ROL":"S/R-H-936","NOMBRE_CAMINO":"Cruce I-90-H - H-824","CLASIFICACION":"Camino Regional Comunal (En Proceso de Enrolamiento)","CALZADA":"U"},"geometry":{"type":"LineString","coordinates":[[-71.03431,-34.46216],[-71.03431,-34.46177]]}},{"id":"12141","type":"Feature","properties":{"ROL":"S/R-H-938","NOMBRE_CAMINO":"Cruce I-90-H -  Fundo","CLASIFICACION":"Camino Regional de Acceso (En Proceso de Enrolamiento)","CALZADA":"U"},"geometry":{"type":"LineString","coordinates":[[-71.03431,-34.46216],[-71.03646,-34.46655]]}},{"id":"12142","type":"Feature","properties":{"ROL":"S/R-I-1336","NOMBRE_CAMINO":"Cruce H-82-I - El Crucero","CLASIFICACION":"Camino Regional de Acceso (En Proceso de Enrolamiento)","CALZADA":"U"},"geometry":{"type":"LineString","coordinates":[[-71.36447,-34.51726],[-71.35042,-34.51836],[-71.34991,-34.5174],[-71.3182,-34.5136],[-71.31389,-34.52127],[-71.31975,-34.53207],[-71.32594,-34.53633],[-71.36272,-34.52875]]}},{"id":"12143","type":"Feature","properties":{"ROL":"S/R-I-1656","NOMBRE_CAMINO":"Cruce I-60 (Molineros) - Cruce I-670 (Mata Redondo)","CLASIFICACION":"Camino Regional de Acceso (En Proceso de Enrolamiento)","CALZADA":"U"},"geometry":{"type":"LineString","coordinates":[[-71.59312,-34.52764],[-71.59246,-34.51885]]}},{"id":"12144","type":"Feature","properties":{"ROL":"S/R-I-167","NOMBRE_CAMINO":"Cruce I-151 (El Cristo) - Fundo Agricola Roma","CLASIFICACION":"Camino Regional de Acceso (En Proceso de Enrolamiento)","CALZADA":"U"},"geometry":{"type":"LineString","coordinates":[[-70.91368,-34.56011],[-70.91306,-34.55801],[-70.90492,-34.55903]]}},{"id":"12145","type":"Feature","properties":{"ROL":"S/R-I-167","NOMBRE_CAMINO":"Cruce I-151 (El Cristo) - Fundo Agricola Roma","CLASIFICACION":"Camino Regional de Acceso (En Proceso de Enrolamiento)","CALZADA":"U"},"geometry":{"type":"LineString","coordinates":[[-70.90492,-34.55903],[-70.8984,-34.55977],[-70.89567,-34.54718]]}},{"id":"12146","type":"Feature","properties":{"ROL":"S/R-I-343","NOMBRE_CAMINO":"Cruce I-309 - Callejón Valdovinos","CLASIFICACION":"Camino Regional Comunal (En Proceso de Enrolamiento)","CALZADA":"U"},"geometry":{"type":"LineString","coordinates":[[-70.8487,-34.65222],[-70.85282,-34.65694]]}},{"id":"12147","type":"Feature","properties":{"ROL":"S/R-I-344","NOMBRE_CAMINO":"Crucero - Huique","CLASIFICACION":"Camino Regional Comunal (En Proceso de Enrolamiento)","CALZADA":"U"},"geometry":{"type":"LineString","coordinates":[[-71.36273,-34.52871],[-71.3722,-34.52671]]}},{"id":"12148","type":"Feature","properties":{"ROL":"S/R-I-468","NOMBRE_CAMINO":"Cruce Ruta 90 - Lo Maldonado","CLASIFICACION":"Camino Regional de Acceso (En Proceso de Enrolamiento)","CALZADA":"U"},"geometry":{"type":"LineString","coordinates":[[-71.3051,-34.64457],[-71.30055,-34.64021]]}},{"id":"12149","type":"Feature","properties":{"ROL":"S/R-I-512","NOMBRE_CAMINO":"Cruce I-72 (La Capilla) - Lo Valdivia - Boyeruca- Cruce J-790","CLASIFICACION":"Camino Regional Comunal (En Proceso de Enrolamiento)","CALZADA":"U"},"geometry":{"type":"LineString","coordinates":[[-72.01299,-34.6572],[-72.00646,-34.66293],[-72.00639,-34.66761],[-72.00824,-34.66986],[-72.00803,-34.6719],[-72.00412,-34.67842],[-72.00581,-34.68148],[-72.00566,-34.68446],[-72.01023,-34.68625],[-72.01185,-34.68845],[-72.01259,-34.69512],[-72.03038,-34.69403],[-72.03828,-34.69222]]}},{"id":"12150","type":"Feature","properties":{"ROL":"S/R-I-532","NOMBRE_CAMINO":"Rincón de Boyeruca","CLASIFICACION":"Camino Regional de Acceso (En Proceso de Enrolamiento)","CALZADA":"U"},"geometry":{"type":"LineString","coordinates":[[-72.00875,-34.68541],[-72.00365,-34.68528],[-72.00066,-34.68713],[-71.99452,-34.68246]]}},{"id":"12151","type":"Feature","properties":{"ROL":"S/R-I-676","NOMBRE_CAMINO":"Cruce I-620 - El Calvario","CLASIFICACION":"Camino Regional de Acceso (En Proceso de Enrolamiento)","CALZADA":"U"},"geometry":{"type":"LineString","coordinates":[[-71.84637,-34.59301],[-71.83926,-34.59791],[-71.83616,-34.59873]]}},{"id":"12152","type":"Feature","properties":{"ROL":"S/R-I-676","NOMBRE_CAMINO":"Cruce I-620 - El Calvario","CLASIFICACION":"Camino Regional de Acceso (En Proceso de Enrolamiento)","CALZADA":"U"},"geometry":{"type":"LineString","coordinates":[[-71.83616,-34.59873],[-71.83044,-34.60094],[-71.82907,-34.60309]]}},{"id":"12153","type":"Feature","properties":{"ROL":"S/R-I-716","NOMBRE_CAMINO":"Cruce I-708 - La Villa de Yaquil - Cruce I-710","CLASIFICACION":"Camino Regional Comunal (En Proceso de Enrolamiento)","CALZADA":"U"},"geometry":{"type":"LineString","coordinates":[[-71.42435,-34.59868],[-71.42386,-34.59636]]}},{"id":"12154","type":"Feature","properties":{"ROL":"S/R-I-716","NOMBRE_CAMINO":"Cruce I-708 - La Villa de Yaquil - Cruce I-710","CLASIFICACION":"Camino Regional Comunal (En Proceso de Enrolamiento)","CALZADA":"U"},"geometry":{"type":"LineString","coordinates":[[-71.42386,-34.59636],[-71.42514,-34.59367],[-71.42854,-34.59428]]}},{"id":"12155","type":"Feature","properties":{"ROL":"S/R-I-780","NOMBRE_CAMINO":"Cruce I-756 - Los Barrancos - Cruce I-760","CLASIFICACION":"Camino Regional Comunal (En Proceso de Enrolamiento)","CALZADA":"U"},"geometry":{"type":"LineString","coordinates":[[-71.30696,-34.66359],[-71.31906,-34.66182]]}},{"id":"12156","type":"Feature","properties":{"ROL":"S/R-I-922","NOMBRE_CAMINO":"Cruce I-890 - Santa Teresa","CLASIFICACION":"Camino Regional de Acceso (En Proceso de Enrolamiento)","CALZADA":"U"},"geometry":{"type":"LineString","coordinates":[[-71.01206,-34.67695],[-71.02702,-34.66644]]}},{"id":"12157","type":"Feature","properties":{"ROL":"S/R-I-924","NOMBRE_CAMINO":"Cruce I-760 - Lo Castro","CLASIFICACION":"Camino Regional de Acceso (En Proceso de Enrolamiento)","CALZADA":"U"},"geometry":{"type":"LineString","coordinates":[[-71.33191,-34.65157],[-71.33139,-34.65021],[-71.33755,-34.64511],[-71.34879,-34.63848]]}},{"id":"12158","type":"Feature","properties":{"ROL":"S/R-I-926","NOMBRE_CAMINO":"Cruce I-890 -  Anibal Pinto","CLASIFICACION":"Camino Regional de Acceso (En Proceso de Enrolamiento)","CALZADA":"U"},"geometry":{"type":"LineString","coordinates":[[-71.02445,-34.68715],[-71.04147,-34.67907]]}},{"id":"12159","type":"Feature","properties":{"ROL":"S/R-I-930","NOMBRE_CAMINO":"Cruce I-890 - Lo Molina","CLASIFICACION":"Camino Regional de Acceso (En Proceso de Enrolamiento)","CALZADA":"U"},"geometry":{"type":"LineString","coordinates":[[-71.02625,-34.68861],[-71.04251,-34.68133],[-71.0437,-34.68303]]}},{"id":"12160","type":"Feature","properties":{"ROL":"S/R-I-930","NOMBRE_CAMINO":"Cruce I-890 - Lo Molina","CLASIFICACION":"Camino Regional de Acceso (En Proceso de Enrolamiento)","CALZADA":"U"},"geometry":{"type":"LineString","coordinates":[[-71.0437,-34.68303],[-71.04471,-34.68405]]}},{"id":"12161","type":"Feature","properties":{"ROL":"S/R-I-946","NOMBRE_CAMINO":"Cruce I-226 (Navidad) - El Maitén","CLASIFICACION":"Camino Regional de Acceso (En Proceso de Enrolamiento)","CALZADA":"U"},"geometry":{"type":"LineString","coordinates":[[-71.81977,-33.95987],[-71.81974,-33.96281],[-71.81685,-33.96387],[-71.81406,-33.96249],[-71.813,-33.96369],[-71.81443,-33.9751],[-71.81323,-33.97644],[-71.81344,-33.98023],[-71.81638,-33.99219],[-71.81441,-33.99444],[-71.81549,-33.99658],[-71.8144,-34.00234],[-71.81507,-34.00717],[-71.81075,-34.01496]]}},{"id":"12162","type":"Feature","properties":{"ROL":"S/R-I-946","NOMBRE_CAMINO":"Cruce I-226 (Navidad) - El Maitén","CLASIFICACION":"Camino Regional de Acceso (En Proceso de Enrolamiento)","CALZADA":"U"},"geometry":{"type":"LineString","coordinates":[[-71.81075,-34.01496],[-71.80923,-34.01596]]}},{"id":"12163","type":"Feature","properties":{"ROL":"S/R-I-946","NOMBRE_CAMINO":"Cruce I-226 (Navidad) - El Maitén","CLASIFICACION":"Camino Regional de Acceso (En Proceso de Enrolamiento)","CALZADA":"U"},"geometry":{"type":"LineString","coordinates":[[-71.80923,-34.01596],[-71.80496,-34.01765],[-71.8002,-34.02216],[-71.79699,-34.02224],[-71.79264,-34.02716]]}},{"id":"12164","type":"Feature","properties":{"ROL":"S/R-I-978","NOMBRE_CAMINO":"Cruce I-194 - La Polcura","CLASIFICACION":"Camino Regional Comunal (En Proceso de Enrolamiento)","CALZADA":"U"},"geometry":{"type":"LineString","coordinates":[[-71.89846,-34.04449],[-71.8934,-34.04806],[-71.87714,-34.04957]]}},{"id":"12165","type":"Feature","properties":{"ROL":"S/R-H-194","NOMBRE_CAMINO":"Cruce H-10 - Tuniche","CLASIFICACION":"Camino Regional Comunal (En Proceso de Enrolamiento)","CALZADA":"U"},"geometry":{"type":"LineString","coordinates":[[-70.74259,-34.09399],[-70.75122,-34.09383]]}},{"id":"12166","type":"Feature","properties":{"ROL":"S/R-H-194","NOMBRE_CAMINO":"Cruce H-10 - Tuniche","CLASIFICACION":"Camino Regional Comunal (En Proceso de Enrolamiento)","CALZADA":"U"},"geometry":{"type":"LineString","coordinates":[[-70.75122,-34.09383],[-70.76696,-34.09374],[-70.77997,-34.0966]]}},{"id":"12167","type":"Feature","properties":{"ROL":"H-174","NOMBRE_CAMINO":"Cruce H-10 (Callejones) - Cruce H-10 (Santa Julia)","CLASIFICACION":"Camino Regional de Acceso","CALZADA":"U"},"geometry":{"type":"LineString","coordinates":[[-70.75883,-34.05967],[-70.732,-34.06814]]}},{"id":"12168","type":"Feature","properties":{"ROL":"H-174","NOMBRE_CAMINO":"Cruce H-10 (Callejones) - Cruce H-10 (Santa Julia)","CLASIFICACION":"Camino Regional de Acceso","CALZADA":"U"},"geometry":{"type":"LineString","coordinates":[[-70.75672,-34.05057],[-70.76444,-34.05511],[-70.76516,-34.057]]}},{"id":"12169","type":"Feature","properties":{"ROL":"H-754","NOMBRE_CAMINO":"Cruce Ruta 66 (Los Molinos) - Cruce H-768 (Aguas Claras)","CLASIFICACION":"Camino Regional Comunal","CALZADA":"U"},"geometry":{"type":"LineString","coordinates":[[-71.15897,-34.40272],[-71.1653,-34.40157]]}},{"id":"12170","type":"Feature","properties":{"ROL":"S/R-H-936","NOMBRE_CAMINO":"Cruce I-90-H - H-824","CLASIFICACION":"Camino Regional Comunal (En Proceso de Enrolamiento)","CALZADA":"U"},"geometry":{"type":"LineString","coordinates":[[-71.03431,-34.46177],[-71.03413,-34.46142]]}},{"id":"12171","type":"Feature","properties":{"ROL":"S/R-I-908","NOMBRE_CAMINO":"Cruce I-566-J - Cutemu","CLASIFICACION":"Camino Regional Comunal (En Proceso de Enrolamiento)","CALZADA":"U"},"geometry":{"type":"LineString","coordinates":[[-71.87298,-34.77883],[-71.87185,-34.77701]]}},{"id":"12172","type":"Feature","properties":{"ROL":"H-188","NOMBRE_CAMINO":"Cruce H-10 - Mina El Inglés","CLASIFICACION":"Camino Regional de Acceso","CALZADA":"U"},"geometry":{"type":"LineString","coordinates":[[-70.84143,-34.09048],[-70.84179,-34.08905]]}},{"id":"12173","type":"Feature","properties":{"ROL":"I-710","NOMBRE_CAMINO":"Cruce Ruta 90 (San Elías) - Rincón de Yaquil","CLASIFICACION":"Camino Regional Comunal","CALZADA":"U"},"geometry":{"type":"LineString","coordinates":[[-71.47542,-34.5593],[-71.47529,-34.55826]]}},{"id":"12174","type":"Feature","properties":{"ROL":"H-210-I","NOMBRE_CAMINO":"Cruce H-76-I (San José de Marchigüe) - Santa Clotilde - Cruce I-330","CLASIFICACION":"Camino Regional Comunal","CALZADA":"U"},"geometry":{"type":"LineString","coordinates":[[-71.43477,-34.34695],[-71.43469,-34.34923]]}},{"id":"12175","type":"Feature","properties":{"ROL":"S/R-H-894","NOMBRE_CAMINO":"Cruce H-802 - La Campana","CLASIFICACION":"Camino Regional de Acceso (En Proceso de Enrolamiento)","CALZADA":"U"},"geometry":{"type":"LineString","coordinates":[[-71.29136,-34.19552],[-71.29158,-34.19545]]}},{"id":"12176","type":"Feature","properties":{"ROL":"H-174","NOMBRE_CAMINO":"Cruce H-10 (Callejones) - Cruce H-10 (Santa Julia)","CLASIFICACION":"Camino Regional de Acceso","CALZADA":"U"},"geometry":{"type":"LineString","coordinates":[[-70.75444,-34.04751],[-70.75653,-34.05063]]}},{"id":"12177","type":"Feature","properties":{"ROL":"H-174","NOMBRE_CAMINO":"Cruce H-10 (Callejones) - Cruce H-10 (Santa Julia)","CLASIFICACION":"Camino Regional de Acceso","CALZADA":"U"},"geometry":{"type":"LineString","coordinates":[[-70.75653,-34.05063],[-70.75672,-34.05057]]}},{"id":"12178","type":"Feature","properties":{"ROL":"H-105","NOMBRE_CAMINO":"Cruce Ruta 5 (Caletera) - Las Lomas","CLASIFICACION":"Camino Regional de Acceso","CALZADA":"U"},"geometry":{"type":"LineString","coordinates":[[-70.70451,-33.94228],[-70.69766,-33.94412]]}},{"id":"12179","type":"Feature","properties":{"ROL":"H-171","NOMBRE_CAMINO":"Cruce H-15 (Codegua) - La Isla","CLASIFICACION":"Camino Regional de Acceso","CALZADA":"U"},"geometry":{"type":"LineString","coordinates":[[-70.65517,-34.02998],[-70.65091,-34.03073]]}},{"id":"12180","type":"Feature","properties":{"ROL":"H-173","NOMBRE_CAMINO":"Cruce H-155 - El Molino","CLASIFICACION":"Camino Regional de Acceso","CALZADA":"U"},"geometry":{"type":"LineString","coordinates":[[-70.61466,-34.00308],[-70.61436,-34.00496],[-70.61253,-34.00591]]}},{"id":"12181","type":"Feature","properties":{"ROL":"H-190","NOMBRE_CAMINO":"Cruce Av.Salvador Allende - La Rubiana - Cruce H-192","CLASIFICACION":"Camino Regional Comunal","CALZADA":"U"},"geometry":{"type":"LineString","coordinates":[[-70.83844,-34.11588],[-70.85735,-34.10964],[-70.8581,-34.10609],[-70.85571,-34.10068]]}},{"id":"12182","type":"Feature","properties":{"ROL":"H-197","NOMBRE_CAMINO":"Cruce H-15 (El Romeral) - Fundo El Romeral","CLASIFICACION":"Camino Regional de Acceso","CALZADA":"U"},"geometry":{"type":"LineString","coordinates":[[-70.65478,-34.10641],[-70.65225,-34.10763],[-70.6475,-34.10691],[-70.6392,-34.1105],[-70.63848,-34.10946]]}},{"id":"12183","type":"Feature","properties":{"ROL":"H-200","NOMBRE_CAMINO":"Cruce Av.Salvador Allende - Santa Elena","CLASIFICACION":"Camino Regional Comunal","CALZADA":"U"},"geometry":{"type":"LineString","coordinates":[[-70.8554,-34.12748],[-70.85218,-34.12157]]}},{"id":"12184","type":"Feature","properties":{"ROL":"H-203","NOMBRE_CAMINO":"Cruce H-15 - Tunca","CLASIFICACION":"Camino Regional de Acceso","CALZADA":"U"},"geometry":{"type":"LineString","coordinates":[[-70.6508,-34.12652],[-70.63676,-34.12845],[-70.63504,-34.12232]]}},{"id":"12185","type":"Feature","properties":{"ROL":"H-207","NOMBRE_CAMINO":"Cruce H-15 - Las Delicias","CLASIFICACION":"Camino Regional de Acceso","CALZADA":"U"},"geometry":{"type":"LineString","coordinates":[[-70.6888,-34.13592],[-70.67844,-34.1397],[-70.64955,-34.14292]]}},{"id":"12186","type":"Feature","properties":{"ROL":"H-255","NOMBRE_CAMINO":"Av.San Juan (Machalí) - Cruce H-35 (Termas de Cauquenes)","CLASIFICACION":"Camino Regional Comunal","CALZADA":"U"},"geometry":{"type":"LineString","coordinates":[[-70.63148,-34.25301],[-70.61378,-34.26023],[-70.60791,-34.25959],[-70.59597,-34.2655],[-70.59507,-34.26765],[-70.5857,-34.26881],[-70.58258,-34.26691],[-70.57926,-34.2591],[-70.57414,-34.25583],[-70.57401,-34.2526],[-70.57155,-34.24859],[-70.56664,-34.24655],[-70.55902,-34.24672]]}},{"id":"12187","type":"Feature","properties":{"ROL":"H-276","NOMBRE_CAMINO":"Plaza Lo Miranda - Cruce H-282 (Rinconada de Miranda)","CLASIFICACION":"Camino Regional Comunal","CALZADA":"U"},"geometry":{"type":"LineString","coordinates":[[-70.89098,-34.18946],[-70.89497,-34.18815],[-70.90354,-34.19075]]}},{"id":"12188","type":"Feature","properties":{"ROL":"H-296","NOMBRE_CAMINO":"Cruce H-30 (California) - Cruce H-290 (Rinconada de Doñihue)","CLASIFICACION":"Camino Regional Comunal","CALZADA":"U"},"geometry":{"type":"LineString","coordinates":[[-70.93335,-34.22129],[-70.93127,-34.21318],[-70.9379,-34.20893],[-70.94654,-34.20558],[-70.94701,-34.20319],[-70.94855,-34.20469],[-70.95317,-34.20532],[-70.95339,-34.2095]]}},{"id":"12189","type":"Feature","properties":{"ROL":"H-362","NOMBRE_CAMINO":"Cruce H-358 - Cementerio Lo Ulloa - Cruce H-366","CLASIFICACION":"Camino Regional Comunal","CALZADA":"U"},"geometry":{"type":"LineString","coordinates":[[-71.101,-34.28065],[-71.11265,-34.28634],[-71.10804,-34.29321]]}},{"id":"12190","type":"Feature","properties":{"ROL":"H-408","NOMBRE_CAMINO":"Cruce H-400 (Olivar Alto) - Cruce H-400","CLASIFICACION":"Camino Regional Comunal","CALZADA":"U"},"geometry":{"type":"LineString","coordinates":[[-70.80551,-34.20108],[-70.81708,-34.20281]]}},{"id":"12191","type":"Feature","properties":{"ROL":"H-408","NOMBRE_CAMINO":"Cruce H-400 (Olivar Alto) - Cruce H-400","CLASIFICACION":"Camino Regional Comunal","CALZADA":"U"},"geometry":{"type":"LineString","coordinates":[[-70.83051,-34.20419],[-70.83589,-34.20453],[-70.83513,-34.20926]]}},{"id":"12192","type":"Feature","properties":{"ROL":"H-460","NOMBRE_CAMINO":"Cruce H-50 - Apalta","CLASIFICACION":"Camino Regional de Acceso","CALZADA":"U"},"geometry":{"type":"LineString","coordinates":[[-70.86599,-34.3351],[-70.85422,-34.30928]]}},{"id":"12193","type":"Feature","properties":{"ROL":"H-475","NOMBRE_CAMINO":"Cruce H-455 (Pimpinela) - Hacienda Totihue - Cruce Linea Férrea ","CLASIFICACION":"Camino Regional Comunal","CALZADA":"U"},"geometry":{"type":"LineString","coordinates":[[-70.72465,-34.33385],[-70.72864,-34.33995],[-70.74527,-34.33507],[-70.74786,-34.34018],[-70.74877,-34.34002]]}},{"id":"12194","type":"Feature","properties":{"ROL":"H-510","NOMBRE_CAMINO":"Cruce H-50 (Esmeralda) - Cruce H-60 (Camarico)","CLASIFICACION":"Camino Regional Comunal","CALZADA":"U"},"geometry":{"type":"LineString","coordinates":[[-70.8827,-34.34918],[-70.88188,-34.3497],[-70.88492,-34.35178],[-70.91556,-34.39402]]}},{"id":"12195","type":"Feature","properties":{"ROL":"H-541","NOMBRE_CAMINO":"Cruce H-521 (Tipaume) - Fundo El Sauce","CLASIFICACION":"Camino Regional Comunal","CALZADA":"U"},"geometry":{"type":"LineString","coordinates":[[-70.78584,-34.35091],[-70.78525,-34.34885]]}},{"id":"12196","type":"Feature","properties":{"ROL":"H-546","NOMBRE_CAMINO":"Cruce Ruta 5 (Caletera) - Cruce H-540","CLASIFICACION":"Camino Regional Comunal","CALZADA":"U"},"geometry":{"type":"LineString","coordinates":[[-70.87231,-34.39499],[-70.87327,-34.39685]]}},{"id":"12197","type":"Feature","properties":{"ROL":"H-549","NOMBRE_CAMINO":"Cruce H-545 - Cerrillo Abajo","CLASIFICACION":"Camino Regional de Acceso","CALZADA":"U"},"geometry":{"type":"LineString","coordinates":[[-70.79285,-34.38336],[-70.79236,-34.38271]]}},{"id":"12198","type":"Feature","properties":{"ROL":"H-552","NOMBRE_CAMINO":"Cruce H-540 (Villa el Cóbil) - Cruce H-546 (Villa Las Hojas)","CLASIFICACION":"Camino Regional Comunal","CALZADA":"U"},"geometry":{"type":"LineString","coordinates":[[-70.87272,-34.39009],[-70.87027,-34.39116]]}},{"id":"12199","type":"Feature","properties":{"ROL":"H-559","NOMBRE_CAMINO":"Cruce H-555 - Cerrillos","CLASIFICACION":"Camino Regional de Acceso","CALZADA":"U"},"geometry":{"type":"LineString","coordinates":[[-70.77712,-34.39138],[-70.76609,-34.3904],[-70.76845,-34.3935],[-70.76665,-34.39465],[-70.7663,-34.39798],[-70.77595,-34.40198]]}},{"id":"12200","type":"Feature","properties":{"ROL":"H-564","NOMBRE_CAMINO":"Cruce H-56 (Guacarhue) - Pasarela Corcolén","CLASIFICACION":"Camino Regional de Acceso","CALZADA":"U"},"geometry":{"type":"LineString","coordinates":[[-71.00137,-34.39934],[-70.99876,-34.40039],[-70.99853,-34.40245]]}},{"id":"12201","type":"Feature","properties":{"ROL":"H-564","NOMBRE_CAMINO":"Cruce H-56 (Guacarhue) - Pasarela Corcolén","CLASIFICACION":"Camino Regional de Acceso","CALZADA":"U"},"geometry":{"type":"LineString","coordinates":[[-70.99853,-34.40245],[-70.9977,-34.40276]]}},{"id":"12202","type":"Feature","properties":{"ROL":"H-568","NOMBRE_CAMINO":"Cruce H-56 (Guacarhue) - Estacada Abajo - Cruce H-570","CLASIFICACION":"Camino Regional Comunal","CALZADA":"U"},"geometry":{"type":"LineString","coordinates":[[-71.04196,-34.34954],[-71.0428,-34.34934]]}},{"id":"12203","type":"Feature","properties":{"ROL":"H-572","NOMBRE_CAMINO":"Cruce H-570 - El Huapi","CLASIFICACION":"Camino Regional de Acceso","CALZADA":"U"},"geometry":{"type":"LineString","coordinates":[[-71.05752,-34.34725],[-71.05908,-34.34878]]}},{"id":"12204","type":"Feature","properties":{"ROL":"H-594","NOMBRE_CAMINO":"Cruce H-590 (El Manzano de Zúñiga) - Toquihua Abajo","CLASIFICACION":"Camino Regional de Acceso","CALZADA":"U"},"geometry":{"type":"LineString","coordinates":[[-71.12957,-34.39443],[-71.13081,-34.39643],[-71.13388,-34.39569]]}},{"id":"12205","type":"Feature","properties":{"ROL":"H-600","NOMBRE_CAMINO":"Malloa - Cruce Ruta 5 (Caletera Pelequén Viejo)","CLASIFICACION":"Camino Regional Comunal","CALZADA":"U"},"geometry":{"type":"LineString","coordinates":[[-70.89651,-34.4498],[-70.89323,-34.45104]]}},{"id":"12206","type":"Feature","properties":{"ROL":"H-610","NOMBRE_CAMINO":"Cruce H-64 - Panquehue","CLASIFICACION":"Camino Regional de Acceso","CALZADA":"U"},"geometry":{"type":"LineString","coordinates":[[-70.9116,-34.4109],[-70.90553,-34.40937],[-70.90472,-34.41011]]}},{"id":"12207","type":"Feature","properties":{"ROL":"H-634","NOMBRE_CAMINO":"Cruce H-64 (Malloa) - Corcolén - Cruce H-56 (Tunca)","CLASIFICACION":"Camino Regional Comunal","CALZADA":"U"},"geometry":{"type":"LineString","coordinates":[[-71.05815,-34.3848],[-71.06232,-34.3814],[-71.06541,-34.38102],[-71.06693,-34.37731],[-71.06866,-34.37653],[-71.075,-34.37518],[-71.07669,-34.37986]]}},{"id":"12208","type":"Feature","properties":{"ROL":"H-648","NOMBRE_CAMINO":"Cruce H-634 (Tunca Abajo) - Río Claro","CLASIFICACION":"Camino Regional de Acceso","CALZADA":"U"},"geometry":{"type":"LineString","coordinates":[[-71.08862,-34.37981],[-71.09013,-34.37976]]}},{"id":"12209","type":"Feature","properties":{"ROL":"H-664","NOMBRE_CAMINO":"Cruce H-660 (Tunca El Medio) - Río Claro","CLASIFICACION":"Camino Regional de Acceso","CALZADA":"U"},"geometry":{"type":"LineString","coordinates":[[-71.10513,-34.39457],[-71.10635,-34.39134]]}},{"id":"12210","type":"Feature","properties":{"ROL":"H-710","NOMBRE_CAMINO":"Cruce Ruta 66 (Santa Inés) - Cruce I-90-H (Estero Roma)","CLASIFICACION":"Camino Regional Comunal","CALZADA":"U"},"geometry":{"type":"LineString","coordinates":[[-70.96093,-34.47825],[-70.95784,-34.4825],[-70.95764,-34.48574],[-70.96105,-34.49407]]}},{"id":"12211","type":"Feature","properties":{"ROL":"I-721-H","NOMBRE_CAMINO":"Cruce I-111 (Hacienda Los Lingues) - Cruce H-711","CLASIFICACION":"Camino Regional Comunal","CALZADA":"U"},"geometry":{"type":"LineString","coordinates":[[-70.90386,-34.49078],[-70.89862,-34.49328],[-70.89858,-34.49467],[-70.89019,-34.49507],[-70.85759,-34.48761],[-70.85616,-34.48601]]}},{"id":"12212","type":"Feature","properties":{"ROL":"H-762","NOMBRE_CAMINO":"Cruce H-78 - El Durazno","CLASIFICACION":"Camino Regional Comunal","CALZADA":"U"},"geometry":{"type":"LineString","coordinates":[[-71.313,-34.1608],[-71.31115,-34.16029]]}},{"id":"12213","type":"Feature","properties":{"ROL":"H-776","NOMBRE_CAMINO":"Cruce H-78 - Cocalán - Palmería","CLASIFICACION":"Camino Regional Comunal","CALZADA":"U"},"geometry":{"type":"LineString","coordinates":[[-71.21997,-34.20933],[-71.20729,-34.19792],[-71.20434,-34.19736],[-71.19116,-34.19937]]}},{"id":"12214","type":"Feature","properties":{"ROL":"H-778","NOMBRE_CAMINO":"Cruce Ruta 66 (La Esperanza) - La Cornellana","CLASIFICACION":"Camino Regional de Acceso","CALZADA":"U"},"geometry":{"type":"LineString","coordinates":[[-71.26075,-34.29916],[-71.26498,-34.29922],[-71.26511,-34.29682]]}},{"id":"12215","type":"Feature","properties":{"ROL":"H-784","NOMBRE_CAMINO":"Cruce Ruta 66 (El Carmen) - Cuesta el Guanaco - Cruce  H-78","CLASIFICACION":"Camino Regional Comunal","CALZADA":"U"},"geometry":{"type":"LineString","coordinates":[[-71.37398,-34.19899],[-71.37408,-34.1973],[-71.36821,-34.19102],[-71.35759,-34.18263]]}},{"id":"12216","type":"Feature","properties":{"ROL":"H-796","NOMBRE_CAMINO":"Cruce H-78 - La Rabicana","CLASIFICACION":"Camino Regional de Acceso","CALZADA":"U"},"geometry":{"type":"LineString","coordinates":[[-71.28222,-34.26319],[-71.2814,-34.26732],[-71.2779,-34.27359]]}},{"id":"12217","type":"Feature","properties":{"ROL":"H-802","NOMBRE_CAMINO":"Cruce H-78 - Llavería","CLASIFICACION":"Camino Regional Comunal","CALZADA":"U"},"geometry":{"type":"LineString","coordinates":[[-71.31283,-34.21012],[-71.31676,-34.20407],[-71.3072,-34.20088]]}},{"id":"12218","type":"Feature","properties":{"ROL":"H-810","NOMBRE_CAMINO":"Cruce I-90-H - Cruce H-800 (El Tambo)","CLASIFICACION":"Camino Regional de Acceso","CALZADA":"U"},"geometry":{"type":"LineString","coordinates":[[-70.97713,-34.50425],[-70.97887,-34.50249],[-70.97823,-34.50072],[-70.98014,-34.50054],[-70.9817,-34.49746],[-70.98015,-34.49431],[-70.98233,-34.49199],[-70.98171,-34.48998]]}},{"id":"12219","type":"Feature","properties":{"ROL":"H-874","NOMBRE_CAMINO":"Cruce H-76-I (Las Pataguas) - Las Pataguas Orilla","CLASIFICACION":"Camino Regional Comunal","CALZADA":"U"},"geometry":{"type":"LineString","coordinates":[[-71.36638,-34.30434],[-71.3567,-34.29234],[-71.35294,-34.2897]]}},{"id":"12220","type":"Feature","properties":{"ROL":"H-926","NOMBRE_CAMINO":"Cruce Ruta 66 - Santa Josefina Río","CLASIFICACION":"Camino Regional de Acceso","CALZADA":"U"},"geometry":{"type":"LineString","coordinates":[[-71.26224,-34.31771],[-71.27187,-34.32594],[-71.27114,-34.32686],[-71.27866,-34.33259]]}},{"id":"12221","type":"Feature","properties":{"ROL":"I-116","NOMBRE_CAMINO":"Cruce I-80-G (El Rosario) - Ranquilco - Cruce I-62-G (Litueche)","CLASIFICACION":"Camino Regional Provincial","CALZADA":"U"},"geometry":{"type":"LineString","coordinates":[[-71.72099,-34.00962],[-71.71075,-34.01781],[-71.7067,-34.02629],[-71.70515,-34.03461]]}},{"id":"12222","type":"Feature","properties":{"ROL":"I-116","NOMBRE_CAMINO":"Cruce I-80-G (El Rosario) - Ranquilco - Cruce I-62-G (Litueche)","CLASIFICACION":"Camino Regional Provincial","CALZADA":"U"},"geometry":{"type":"LineString","coordinates":[[-71.70291,-34.05517],[-71.70022,-34.0572],[-71.69928,-34.06235],[-71.70462,-34.07208],[-71.70901,-34.07237],[-71.71161,-34.07593],[-71.7143,-34.08384]]}},{"id":"12223","type":"Feature","properties":{"ROL":"I-138","NOMBRE_CAMINO":"Cruce I-120 - Cruce I-150","CLASIFICACION":"Camino Regional Comunal","CALZADA":"U"},"geometry":{"type":"LineString","coordinates":[[-71.59285,-34.18096],[-71.60216,-34.19031],[-71.60414,-34.19635],[-71.60286,-34.20358]]}},{"id":"12224","type":"Feature","properties":{"ROL":"I-138","NOMBRE_CAMINO":"Cruce I-120 - Cruce I-150","CLASIFICACION":"Camino Regional Comunal","CALZADA":"U"},"geometry":{"type":"LineString","coordinates":[[-71.62928,-34.10723],[-71.61578,-34.10656],[-71.61347,-34.10434],[-71.61171,-34.09945],[-71.60776,-34.09625],[-71.59568,-34.10076],[-71.58754,-34.10219],[-71.57834,-34.10852],[-71.5771,-34.11173],[-71.56075,-34.11628]]}},{"id":"12225","type":"Feature","properties":{"ROL":"I-150","NOMBRE_CAMINO":"Cruce I-20 (La Estrella) - Límite Provincial","CLASIFICACION":"Camino Regional Comunal","CALZADA":"U"},"geometry":{"type":"LineString","coordinates":[[-71.54336,-34.20999],[-71.53416,-34.20896],[-71.5306,-34.21114],[-71.52731,-34.211],[-71.52533,-34.20611],[-71.52332,-34.20535],[-71.52238,-34.20073],[-71.51697,-34.20173],[-71.50427,-34.19829]]}},{"id":"12226","type":"Feature","properties":{"ROL":"I-150","NOMBRE_CAMINO":"Cruce I-20 (La Estrella) - Límite Provincial","CLASIFICACION":"Camino Regional Comunal","CALZADA":"U"},"geometry":{"type":"LineString","coordinates":[[-71.62174,-34.20438],[-71.61686,-34.205],[-71.60235,-34.20358],[-71.60108,-34.20544],[-71.59891,-34.20569],[-71.59184,-34.20247],[-71.57777,-34.20126],[-71.57154,-34.20212],[-71.56944,-34.20475],[-71.5647,-34.20732],[-71.55601,-34.20889]]}},{"id":"12227","type":"Feature","properties":{"ROL":"I-152","NOMBRE_CAMINO":"Cruce I-170 (Pailimo) - La Vega","CLASIFICACION":"Camino Regional de Acceso","CALZADA":"U"},"geometry":{"type":"LineString","coordinates":[[-71.77924,-34.27157],[-71.78183,-34.26903],[-71.78411,-34.26013],[-71.78818,-34.2556],[-71.78735,-34.2496],[-71.79351,-34.2441],[-71.79287,-34.24082]]}},{"id":"12228","type":"Feature","properties":{"ROL":"I-170","NOMBRE_CAMINO":"Cruce Ruta 90 (Las Garzas) - Pailimo","CLASIFICACION":"Camino Regional de Acceso","CALZADA":"U"},"geometry":{"type":"LineString","coordinates":[[-71.78088,-34.30728],[-71.77959,-34.30568],[-71.78425,-34.29803],[-71.78375,-34.29374],[-71.79395,-34.29015],[-71.79547,-34.2858],[-71.79927,-34.28631],[-71.80332,-34.27022],[-71.80859,-34.26547],[-71.81291,-34.26355],[-71.81505,-34.25846]]}},{"id":"12229","type":"Feature","properties":{"ROL":"I-172","NOMBRE_CAMINO":"Cruce I-170 (Pailimo) - La Aguada","CLASIFICACION":"Camino Regional de Acceso","CALZADA":"U"},"geometry":{"type":"LineString","coordinates":[[-71.77721,-34.29519],[-71.77202,-34.29091],[-71.76849,-34.28987],[-71.76577,-34.28524],[-71.76631,-34.28353]]}},{"id":"12230","type":"Feature","properties":{"ROL":"I-180","NOMBRE_CAMINO":"Cruce Ruta 90 (Los Arrayanes) - Panilonco","CLASIFICACION":"Camino Regional de Acceso","CALZADA":"U"},"geometry":{"type":"LineString","coordinates":[[-71.89899,-34.22461],[-71.90331,-34.22127],[-71.90818,-34.21983],[-71.90772,-34.21552],[-71.91139,-34.21527],[-71.91396,-34.21244],[-71.91801,-34.21102],[-71.92865,-34.20936],[-71.93159,-34.20758],[-71.93417,-34.20375],[-71.95559,-34.18807],[-71.95782,-34.1836]]}},{"id":"12231","type":"Feature","properties":{"ROL":"I-188","NOMBRE_CAMINO":"Cruce I-112 (Hidango) - Cruce I-190 (La Estafeta)","CLASIFICACION":"Camino Regional Comunal","CALZADA":"U"},"geometry":{"type":"LineString","coordinates":[[-71.79785,-34.11321],[-71.79878,-34.11128],[-71.80403,-34.1112],[-71.81344,-34.11603],[-71.82747,-34.12086],[-71.83848,-34.1166],[-71.85304,-34.12353],[-71.86121,-34.12903],[-71.86791,-34.13112],[-71.87703,-34.13081],[-71.89097,-34.12496],[-71.895,-34.12654],[-71.89978,-34.12552]]}},{"id":"12232","type":"Feature","properties":{"ROL":"I-190","NOMBRE_CAMINO":"Cruce I-112 (Crucero) - Topocalma","CLASIFICACION":"Camino Regional Comunal","CALZADA":"U"},"geometry":{"type":"LineString","coordinates":[[-71.80463,-34.07206],[-71.81852,-34.07786],[-71.82442,-34.08273],[-71.82715,-34.08728],[-71.83042,-34.0889],[-71.83875,-34.09111],[-71.845,-34.09073],[-71.85698,-34.09315],[-71.86167,-34.09661],[-71.8637,-34.10023],[-71.86784,-34.10239],[-71.87279,-34.10935],[-71.87823,-34.1124],[-71.88459,-34.11355]]}},{"id":"12233","type":"Feature","properties":{"ROL":"I-190","NOMBRE_CAMINO":"Cruce I-112 (Crucero) - Topocalma","CLASIFICACION":"Camino Regional Comunal","CALZADA":"U"},"geometry":{"type":"LineString","coordinates":[[-71.89907,-34.12486],[-71.90346,-34.12723]]}},{"id":"12234","type":"Feature","properties":{"ROL":"I-196","NOMBRE_CAMINO":"Cruce I-112 (Pupuya) - Cruce I-198","CLASIFICACION":"Camino Regional Comunal","CALZADA":"U"},"geometry":{"type":"LineString","coordinates":[[-71.83731,-34.00539],[-71.83649,-34.00477],[-71.83919,-34.00356],[-71.83873,-34.00036],[-71.84213,-33.9966],[-71.83994,-33.99248],[-71.8403,-33.98903],[-71.83669,-33.98622],[-71.83834,-33.98158],[-71.83742,-33.97754],[-71.83959,-33.97208],[-71.83953,-33.96852],[-71.84284,-33.96684]]}},{"id":"12235","type":"Feature","properties":{"ROL":"I-196","NOMBRE_CAMINO":"Cruce I-112 (Pupuya) - Cruce I-198","CLASIFICACION":"Camino Regional Comunal","CALZADA":"U"},"geometry":{"type":"LineString","coordinates":[[-71.84284,-33.96684],[-71.8447,-33.96518],[-71.84479,-33.96313]]}},{"id":"12236","type":"Feature","properties":{"ROL":"I-214","NOMBRE_CAMINO":"Cruce Ruta 90 (Población) - Cruce H-76-I (Los Maitenes)","CLASIFICACION":"Camino Regional Provincial","CALZADA":"U"},"geometry":{"type":"LineString","coordinates":[[-71.53731,-34.40035],[-71.53758,-34.39328],[-71.54542,-34.38814],[-71.55533,-34.38463],[-71.5553,-34.37979],[-71.56281,-34.37711]]}},{"id":"12237","type":"Feature","properties":{"ROL":"I-220","NOMBRE_CAMINO":"Cruce I-216 (El Potrero) - Cruce I-218 (Las Viñas)","CLASIFICACION":"Camino Regional Comunal","CALZADA":"U"},"geometry":{"type":"LineString","coordinates":[[-71.90344,-34.55829],[-71.89881,-34.56648],[-71.89228,-34.56797]]}},{"id":"12238","type":"Feature","properties":{"ROL":"I-224","NOMBRE_CAMINO":"Cruce I-226 (Licancheu) - Pataguilla","CLASIFICACION":"Camino Regional de Acceso","CALZADA":"U"},"geometry":{"type":"LineString","coordinates":[[-71.79337,-33.95656],[-71.79684,-33.95704],[-71.80004,-33.96375],[-71.79898,-33.96855],[-71.80134,-33.97302],[-71.80225,-33.98189]]}},{"id":"12239","type":"Feature","properties":{"ROL":"I-309","NOMBRE_CAMINO":"Cruce I-45 (Las Arboledas de Talcarehue) - Los Alpes","CLASIFICACION":"Camino Regional Comunal","CALZADA":"U"},"geometry":{"type":"LineString","coordinates":[[-70.84113,-34.65182],[-70.83483,-34.65498],[-70.82844,-34.65598],[-70.80766,-34.64664],[-70.80566,-34.64114]]}},{"id":"12240","type":"Feature","properties":{"ROL":"I-312","NOMBRE_CAMINO":"Cruce I-310 (Fundo Calleuque) - Los Parrones - Cruce I-214 (Trinidad)","CLASIFICACION":"Camino Regional Comunal","CALZADA":"U"},"geometry":{"type":"LineString","coordinates":[[-71.49432,-34.42546],[-71.50021,-34.43024],[-71.50347,-34.43697],[-71.50338,-34.43918],[-71.51055,-34.44659],[-71.51619,-34.44723],[-71.52426,-34.45172],[-71.53119,-34.45014],[-71.54026,-34.44594]]}},{"id":"12241","type":"Feature","properties":{"ROL":"I-320-H","NOMBRE_CAMINO":"Cruce H-82-I (Santa Ana) - El Salto - Cruce H-882","CLASIFICACION":"Camino Regional Comunal","CALZADA":"U"},"geometry":{"type":"LineString","coordinates":[[-71.33358,-34.47875],[-71.32874,-34.46372],[-71.32775,-34.46379]]}},{"id":"12242","type":"Feature","properties":{"ROL":"I-320-H","NOMBRE_CAMINO":"Cruce H-82-I (Santa Ana) - El Salto - Cruce H-882","CLASIFICACION":"Camino Regional Comunal","CALZADA":"U"},"geometry":{"type":"LineString","coordinates":[[-71.3064,-34.42064],[-71.30431,-34.41434]]}},{"id":"12243","type":"Feature","properties":{"ROL":"I-320-H","NOMBRE_CAMINO":"Cruce H-82-I (Santa Ana) - El Salto - Cruce H-882","CLASIFICACION":"Camino Regional Comunal","CALZADA":"U"},"geometry":{"type":"LineString","coordinates":[[-71.31239,-34.43853],[-71.31065,-34.43332]]}},{"id":"12244","type":"Feature","properties":{"ROL":"I-372","NOMBRE_CAMINO":"Cruce I-40 (Yáquil) - Santa Elena","CLASIFICACION":"Camino Regional de Acceso","CALZADA":"U"},"geometry":{"type":"LineString","coordinates":[[-71.18759,-34.62608],[-71.19278,-34.63076]]}},{"id":"12245","type":"Feature","properties":{"ROL":"I-38","NOMBRE_CAMINO":"Cruce Ruta 90 (Manantiales) - Cruce Ruta 90 (Santa Elena)","CLASIFICACION":"Camino Regional Principal","CALZADA":"U"},"geometry":{"type":"LineString","coordinates":[[-71.02872,-34.60804],[-71.02898,-34.60671],[-71.03129,-34.60609],[-71.04318,-34.60456],[-71.05349,-34.60992],[-71.06837,-34.61493],[-71.07056,-34.61399],[-71.078,-34.61651]]}},{"id":"12246","type":"Feature","properties":{"ROL":"I-384","NOMBRE_CAMINO":"Cruce I-38 (Taulemu) - Villa Alegre de Placilla","CLASIFICACION":"Camino Regional Comunal","CALZADA":"U"},"geometry":{"type":"LineString","coordinates":[[-71.08039,-34.60022],[-71.08106,-34.5992]]}},{"id":"12247","type":"Feature","properties":{"ROL":"I-40","NOMBRE_CAMINO":"Cruce Ruta 90 (La Gloria) - Cruce I-394 (San Fernando)","CLASIFICACION":"Camino Regional Principal","CALZADA":"U"},"geometry":{"type":"LineString","coordinates":[[-71.15566,-34.64578],[-71.15927,-34.63539],[-71.16536,-34.62661],[-71.16553,-34.62192],[-71.16207,-34.62093]]}},{"id":"12248","type":"Feature","properties":{"ROL":"I-40","NOMBRE_CAMINO":"Cruce Ruta 90 (La Gloria) - Cruce I-394 (San Fernando)","CLASIFICACION":"Camino Regional Principal","CALZADA":"U"},"geometry":{"type":"LineString","coordinates":[[-71.00117,-34.58865],[-71.00054,-34.5886]]}},{"id":"12249","type":"Feature","properties":{"ROL":"I-415","NOMBRE_CAMINO":"Cruce I-45 - La Rojina","CLASIFICACION":"Camino Regional de Acceso","CALZADA":"U"},"geometry":{"type":"LineString","coordinates":[[-70.90881,-34.63496],[-70.91458,-34.64042]]}},{"id":"12250","type":"Feature","properties":{"ROL":"I-421","NOMBRE_CAMINO":"Cruce Ruta 5 (Caletera La Orilla) - Cruce I-451 (Tinguiririca)","CLASIFICACION":"Camino Regional Comunal","CALZADA":"U"},"geometry":{"type":"LineString","coordinates":[[-70.98415,-34.62834],[-70.96638,-34.6337],[-70.96694,-34.63618]]}},{"id":"12251","type":"Feature","properties":{"ROL":"I-450","NOMBRE_CAMINO":"Cruce Ruta 90 (Pichilemu) - Cruce Ruta I-520 (Barrancas)","CLASIFICACION":"Camino Regional de Acceso","CALZADA":"U"},"geometry":{"type":"LineString","coordinates":[[-71.98812,-34.38576],[-71.98192,-34.38828],[-71.97546,-34.39461],[-71.97108,-34.39186],[-71.96811,-34.39306],[-71.96443,-34.39625],[-71.95916,-34.40582],[-71.95033,-34.41115],[-71.9487,-34.41523],[-71.94116,-34.41798],[-71.93647,-34.41736],[-71.93657,-34.4208],[-71.93054,-34.42305],[-71.92355,-34.43104],[-71.92433,-34.43174],[-71.92607,-34.43004],[-71.9328,-34.4334],[-71.94112,-34.4432],[-71.94254,-34.44319],[-71.94366,-34.44098],[-71.94394,-34.44286],[-71.94589,-34.44188],[-71.94605,-34.44497],[-71.95204,-34.45179],[-71.96363,-34.46109]]}},{"id":"12252","type":"Feature","properties":{"ROL":"I-450","NOMBRE_CAMINO":"Cruce Ruta 90 (Pichilemu) - Cruce Ruta I-520 (Barrancas)","CLASIFICACION":"Camino Regional de Acceso","CALZADA":"U"},"geometry":{"type":"LineString","coordinates":[[-71.97627,-34.48473],[-71.97543,-34.48733],[-71.98107,-34.49696],[-71.98016,-34.50328]]}},{"id":"12253","type":"Feature","properties":{"ROL":"I-466","NOMBRE_CAMINO":"Cruce I-520 (Comillas) - Cruce I-490 (Ciruelos)","CLASIFICACION":"Camino Regional Comunal","CALZADA":"U"},"geometry":{"type":"LineString","coordinates":[[-71.9831,-34.44919],[-71.9762,-34.45273],[-71.97053,-34.45165],[-71.96957,-34.45579],[-71.97123,-34.4587]]}},{"id":"12254","type":"Feature","properties":{"ROL":"I-475","NOMBRE_CAMINO":"Cruce I-45 (Las Peñas) - Sierra Bellavista","CLASIFICACION":"Camino Regional Comunal","CALZADA":"U"},"geometry":{"type":"LineString","coordinates":[[-70.79355,-34.74358],[-70.78464,-34.74349]]}},{"id":"12255","type":"Feature","properties":{"ROL":"I-475","NOMBRE_CAMINO":"Cruce I-45 (Las Peñas) - Sierra Bellavista","CLASIFICACION":"Camino Regional Comunal","CALZADA":"U"},"geometry":{"type":"LineString","coordinates":[[-70.76977,-34.74453],[-70.76088,-34.74615],[-70.76033,-34.748],[-70.76414,-34.74769],[-70.76487,-34.7495],[-70.7597,-34.75156],[-70.75463,-34.75017],[-70.7509,-34.75092],[-70.75062,-34.75523],[-70.74804,-34.75484],[-70.74246,-34.76517],[-70.74159,-34.77545],[-70.74273,-34.77883],[-70.75318,-34.79302],[-70.7543,-34.79639],[-70.75745,-34.79861],[-70.7547,-34.8016],[-70.75202,-34.80897],[-70.75064,-34.80941],[-70.7531,-34.8166],[-70.75245,-34.81843],[-70.74963,-34.81944]]}},{"id":"12256","type":"Feature","properties":{"ROL":"I-494","NOMBRE_CAMINO":"Cruce I-410 (Alto Ramírez) - Cruce I-520 (El Quillay)","CLASIFICACION":"Camino Regional Comunal","CALZADA":"U"},"geometry":{"type":"LineString","coordinates":[[-71.93617,-34.56948],[-71.93801,-34.5734],[-71.93711,-34.57499],[-71.93812,-34.5773],[-71.93698,-34.57859]]}},{"id":"12257","type":"Feature","properties":{"ROL":"I-494","NOMBRE_CAMINO":"Cruce I-410 (Alto Ramírez) - Cruce I-520 (El Quillay)","CLASIFICACION":"Camino Regional Comunal","CALZADA":"U"},"geometry":{"type":"LineString","coordinates":[[-71.93351,-34.51676],[-71.92245,-34.52329],[-71.92086,-34.53135],[-71.91933,-34.53334],[-71.92425,-34.5388],[-71.92712,-34.53812],[-71.92104,-34.54799],[-71.92475,-34.5545],[-71.9312,-34.55953]]}},{"id":"12258","type":"Feature","properties":{"ROL":"I-494","NOMBRE_CAMINO":"Cruce I-410 (Alto Ramírez) - Cruce I-520 (El Quillay)","CLASIFICACION":"Camino Regional Comunal","CALZADA":"U"},"geometry":{"type":"LineString","coordinates":[[-71.93577,-34.49737],[-71.93556,-34.50106],[-71.93726,-34.50544],[-71.93668,-34.50886]]}},{"id":"12259","type":"Feature","properties":{"ROL":"I-510","NOMBRE_CAMINO":"Cruce I-502 (Cabecera) - Cruce I-520","CLASIFICACION":"Camino Regional Comunal","CALZADA":"U"},"geometry":{"type":"LineString","coordinates":[[-72.01634,-34.63095],[-72.0083,-34.63376],[-72.00352,-34.62959],[-71.99877,-34.62805]]}},{"id":"12260","type":"Feature","properties":{"ROL":"I-510","NOMBRE_CAMINO":"Cruce I-502 (Cabecera) - Cruce I-520","CLASIFICACION":"Camino Regional Comunal","CALZADA":"U"},"geometry":{"type":"LineString","coordinates":[[-71.98954,-34.60996],[-71.99282,-34.6087],[-71.99414,-34.60611],[-71.99276,-34.59992],[-71.99409,-34.59533],[-71.99212,-34.58884]]}},{"id":"12261","type":"Feature","properties":{"ROL":"I-510","NOMBRE_CAMINO":"Cruce I-502 (Cabecera) - Cruce I-520","CLASIFICACION":"Camino Regional Comunal","CALZADA":"U"},"geometry":{"type":"LineString","coordinates":[[-71.98768,-34.58257],[-71.98553,-34.58253],[-71.98397,-34.58094],[-71.98432,-34.57527],[-71.98001,-34.57316],[-71.98013,-34.57093],[-71.97547,-34.56782]]}},{"id":"12262","type":"Feature","properties":{"ROL":"I-516","NOMBRE_CAMINO":"Cruce I-72 (San Pancho) - Cruce I-510","CLASIFICACION":"Camino Regional Comunal","CALZADA":"U"},"geometry":{"type":"LineString","coordinates":[[-71.95077,-34.64719],[-71.95499,-34.64461],[-71.95991,-34.63874],[-71.96718,-34.63687],[-71.97187,-34.62976],[-71.97491,-34.62811],[-71.97794,-34.62173],[-71.98088,-34.61947]]}},{"id":"12263","type":"Feature","properties":{"ROL":"I-52","NOMBRE_CAMINO":"Cruce Ruta 90 (Arica) - Nancagua - Cruce Ruta 90 (Cunaco)","CLASIFICACION":"Camino Regional Principal","CALZADA":"U"},"geometry":{"type":"LineString","coordinates":[[-71.14374,-34.64267],[-71.14448,-34.64178],[-71.15597,-34.64289]]}},{"id":"12264","type":"Feature","properties":{"ROL":"I-52","NOMBRE_CAMINO":"Cruce Ruta 90 (Arica) - Nancagua - Cruce Ruta 90 (Cunaco)","CLASIFICACION":"Camino Regional Principal","CALZADA":"U"},"geometry":{"type":"LineString","coordinates":[[-71.24525,-34.65237],[-71.2587,-34.655]]}},{"id":"12265","type":"Feature","properties":{"ROL":"I-52","NOMBRE_CAMINO":"Cruce Ruta 90 (Arica) - Nancagua - Cruce Ruta 90 (Cunaco)","CLASIFICACION":"Camino Regional Principal","CALZADA":"U"},"geometry":{"type":"LineString","coordinates":[[-71.17666,-34.64855],[-71.18786,-34.64775],[-71.20607,-34.65141],[-71.20644,-34.65017],[-71.21219,-34.65108],[-71.21631,-34.64925]]}},{"id":"12266","type":"Feature","properties":{"ROL":"I-520","NOMBRE_CAMINO":"Cruce Ruta 90 (Pichilemu) - Cruce I-620 (Paredones)","CLASIFICACION":"Camino Regional Provincial","CALZADA":"U"},"geometry":{"type":"LineString","coordinates":[[-71.92693,-34.58394],[-71.92421,-34.58612],[-71.92412,-34.58984],[-71.92222,-34.5941],[-71.91731,-34.59923],[-71.91839,-34.60136],[-71.9184,-34.60876],[-71.90963,-34.61839],[-71.91067,-34.62779],[-71.90711,-34.63345],[-71.908,-34.63777],[-71.91116,-34.64083],[-71.9107,-34.64302],[-71.90694,-34.64607],[-71.90433,-34.64616]]}},{"id":"12267","type":"Feature","properties":{"ROL":"I-520","NOMBRE_CAMINO":"Cruce Ruta 90 (Pichilemu) - Cruce I-620 (Paredones)","CLASIFICACION":"Camino Regional Provincial","CALZADA":"U"},"geometry":{"type":"LineString","coordinates":[[-71.96754,-34.53945],[-71.96788,-34.54417],[-71.96925,-34.54599],[-71.96786,-34.54675],[-71.96787,-34.55129],[-71.9699,-34.55194],[-71.97099,-34.55412],[-71.96988,-34.55542],[-71.97143,-34.55642],[-71.96914,-34.55779],[-71.97196,-34.55924],[-71.97214,-34.56128],[-71.9765,-34.56192]]}},{"id":"12268","type":"Feature","properties":{"ROL":"I-520","NOMBRE_CAMINO":"Cruce Ruta 90 (Pichilemu) - Cruce I-620 (Paredones)","CLASIFICACION":"Camino Regional Provincial","CALZADA":"U"},"geometry":{"type":"LineString","coordinates":[[-71.98187,-34.50288],[-71.9802,-34.5032],[-71.98009,-34.50624],[-71.97764,-34.50919]]}},{"id":"12269","type":"Feature","properties":{"ROL":"I-520","NOMBRE_CAMINO":"Cruce Ruta 90 (Pichilemu) - Cruce I-620 (Paredones)","CLASIFICACION":"Camino Regional Provincial","CALZADA":"U"},"geometry":{"type":"LineString","coordinates":[[-72.01042,-34.48241],[-72.01126,-34.48326],[-72.00878,-34.48761]]}},{"id":"12270","type":"Feature","properties":{"ROL":"I-520","NOMBRE_CAMINO":"Cruce Ruta 90 (Pichilemu) - Cruce I-620 (Paredones)","CLASIFICACION":"Camino Regional Provincial","CALZADA":"U"},"geometry":{"type":"LineString","coordinates":[[-71.9973,-34.47127],[-72.00234,-34.47818],[-72.00815,-34.48101],[-72.00916,-34.48496],[-72.01001,-34.48321]]}},{"id":"12271","type":"Feature","properties":{"ROL":"I-540","NOMBRE_CAMINO":"Cruce I-72 (Paredones) - Cruce I-530 (Panilonco)","CLASIFICACION":"Camino Regional Comunal","CALZADA":"U"},"geometry":{"type":"LineString","coordinates":[[-71.92721,-34.68359],[-71.93709,-34.68357],[-71.94367,-34.69318],[-71.94828,-34.69611],[-71.95547,-34.71229],[-71.95656,-34.71899],[-71.9597,-34.72257],[-71.96612,-34.72539],[-71.96689,-34.73634],[-71.96823,-34.73654],[-71.97616,-34.74675],[-71.97725,-34.75001]]}},{"id":"12272","type":"Feature","properties":{"ROL":"I-546","NOMBRE_CAMINO":"Cruce I-550 (La Población) - Cruce I-550 (San Pedro de Alcántara)","CLASIFICACION":"Camino Regional Comunal","CALZADA":"U"},"geometry":{"type":"LineString","coordinates":[[-71.86804,-34.71586],[-71.86812,-34.7188],[-71.85842,-34.72826],[-71.8588,-34.73101],[-71.8553,-34.73488],[-71.85008,-34.73783],[-71.85226,-34.74146],[-71.85685,-34.74456],[-71.85845,-34.75061]]}},{"id":"12273","type":"Feature","properties":{"ROL":"I-550","NOMBRE_CAMINO":"Cruce I-72 (Paredones) - Cruce I-566-J (San Pedro de Alcantara)","CLASIFICACION":"Camino Regional Comunal","CALZADA":"U"},"geometry":{"type":"LineString","coordinates":[[-71.83729,-34.76838],[-71.83743,-34.76959]]}},{"id":"12274","type":"Feature","properties":{"ROL":"I-550","NOMBRE_CAMINO":"Cruce I-72 (Paredones) - Cruce I-566-J (San Pedro de Alcantara)","CLASIFICACION":"Camino Regional Comunal","CALZADA":"U"},"geometry":{"type":"LineString","coordinates":[[-71.88616,-34.71884],[-71.88752,-34.71861],[-71.88904,-34.72167],[-71.89241,-34.72297],[-71.89591,-34.73089],[-71.90229,-34.73495],[-71.90021,-34.73974],[-71.89691,-34.74199],[-71.89504,-34.74702],[-71.88408,-34.75189],[-71.87739,-34.75035],[-71.87179,-34.75228],[-71.86891,-34.75025],[-71.86574,-34.75276],[-71.86271,-34.75297],[-71.85852,-34.7506],[-71.85708,-34.75242],[-71.85378,-34.75234],[-71.85255,-34.75378],[-71.84713,-34.75364],[-71.84343,-34.75634]]}},{"id":"12275","type":"Feature","properties":{"ROL":"I-560","NOMBRE_CAMINO":"Cruce I-566-J (Piedra del Sol) - Cruce I-576 (Las Papas)","CLASIFICACION":"Camino Regional Comunal","CALZADA":"U"},"geometry":{"type":"LineString","coordinates":[[-71.85073,-34.79148],[-71.84514,-34.79529],[-71.84049,-34.79458],[-71.83787,-34.8023],[-71.83118,-34.81096],[-71.82,-34.81481],[-71.81637,-34.81912],[-71.80571,-34.82289],[-71.80085,-34.82824]]}},{"id":"12276","type":"Feature","properties":{"ROL":"I-562","NOMBRE_CAMINO":"Cruce I-560 (Piedra del Sol) - Cruce I-576 (Las Papas)","CLASIFICACION":"Camino Regional Comunal","CALZADA":"U"},"geometry":{"type":"LineString","coordinates":[[-71.86026,-34.79843],[-71.86271,-34.80185],[-71.86541,-34.80271],[-71.86647,-34.80541],[-71.86478,-34.81666],[-71.86381,-34.8185],[-71.86118,-34.81942]]}},{"id":"12277","type":"Feature","properties":{"ROL":"I-562","NOMBRE_CAMINO":"Cruce I-560 (Piedra del Sol) - Cruce I-576 (Las Papas)","CLASIFICACION":"Camino Regional Comunal","CALZADA":"U"},"geometry":{"type":"LineString","coordinates":[[-71.86118,-34.81942],[-71.85555,-34.82301],[-71.85292,-34.8223],[-71.84556,-34.82569]]}},{"id":"12278","type":"Feature","properties":{"ROL":"I-566-J","NOMBRE_CAMINO":"Cruce I-572 (Cruce Alcántara) - Rarin - Cruce J-790 (La Quirigua), Sector: Alcántara - Límite Regional (Rarín)","CLASIFICACION":"Camino Regional Comunal","CALZADA":"U"},"geometry":{"type":"LineString","coordinates":[[-71.88773,-34.77902],[-71.89751,-34.77913],[-71.90415,-34.77546],[-71.90721,-34.77809],[-71.91349,-34.77964],[-71.92115,-34.77612],[-71.92187,-34.77373],[-71.92505,-34.77346],[-71.93002,-34.77074],[-71.93053,-34.76873],[-71.93488,-34.76736],[-71.93753,-34.7638],[-71.94264,-34.76049],[-71.94866,-34.76123],[-71.95266,-34.76437]]}},{"id":"12279","type":"Feature","properties":{"ROL":"I-566-J","NOMBRE_CAMINO":"Cruce I-572 (Cruce Alcántara) - Rarin - Cruce J-790 (La Quirigua), Sector: Alcántara - Límite Regional (Rarín)","CLASIFICACION":"Camino Regional Comunal","CALZADA":"U"},"geometry":{"type":"LineString","coordinates":[[-71.77788,-34.74928],[-71.78162,-34.74971],[-71.78786,-34.75552],[-71.79543,-34.7555],[-71.80071,-34.7579],[-71.8026,-34.76176],[-71.80813,-34.75831],[-71.81061,-34.75815],[-71.81121,-34.75979],[-71.81345,-34.75972],[-71.81671,-34.76229],[-71.82339,-34.76378],[-71.82684,-34.76614],[-71.82593,-34.76755]]}},{"id":"12280","type":"Feature","properties":{"ROL":"I-566-J","NOMBRE_CAMINO":"Cruce I-572 (Cruce Alcántara) - Rarin - Cruce J-790 (La Quirigua), Sector: Alcántara - Límite Regional (Rarín)","CLASIFICACION":"Camino Regional Comunal","CALZADA":"U"},"geometry":{"type":"LineString","coordinates":[[-71.76596,-34.73945],[-71.77321,-34.74113],[-71.77364,-34.74311]]}},{"id":"12281","type":"Feature","properties":{"ROL":"I-568","NOMBRE_CAMINO":"Cruce I-72 - Quesería - Cruce I-566-J","CLASIFICACION":"Camino Regional Comunal","CALZADA":"U"},"geometry":{"type":"LineString","coordinates":[[-71.76979,-34.69368],[-71.77014,-34.70398]]}},{"id":"12282","type":"Feature","properties":{"ROL":"I-568","NOMBRE_CAMINO":"Cruce I-72 - Quesería - Cruce I-566-J","CLASIFICACION":"Camino Regional Comunal","CALZADA":"U"},"geometry":{"type":"LineString","coordinates":[[-71.7809,-34.72003],[-71.78072,-34.7287],[-71.77598,-34.73411],[-71.77459,-34.73767]]}},{"id":"12283","type":"Feature","properties":{"ROL":"I-572","NOMBRE_CAMINO":"Cruce I-72 - Cruce I-566-J (San Pedro de Alcántara)","CLASIFICACION":"Camino Regional Comunal","CALZADA":"U"},"geometry":{"type":"LineString","coordinates":[[-71.82239,-34.77353],[-71.82571,-34.76791]]}},{"id":"12284","type":"Feature","properties":{"ROL":"I-572","NOMBRE_CAMINO":"Cruce I-72 - Cruce I-566-J (San Pedro de Alcántara)","CLASIFICACION":"Camino Regional Comunal","CALZADA":"U"},"geometry":{"type":"LineString","coordinates":[[-71.75772,-34.79066],[-71.76378,-34.79216]]}},{"id":"12285","type":"Feature","properties":{"ROL":"I-580","NOMBRE_CAMINO":"Cruce I-70-J (El Portezuelo) - Los Tricahues","CLASIFICACION":"Camino Regional Comunal","CALZADA":"U"},"geometry":{"type":"LineString","coordinates":[[-71.59369,-34.81181],[-71.59072,-34.81212]]}},{"id":"12286","type":"Feature","properties":{"ROL":"I-592","NOMBRE_CAMINO":"Cruce I-72 (Nerquihue) - El Buche","CLASIFICACION":"Camino Regional de Acceso","CALZADA":"U"},"geometry":{"type":"LineString","coordinates":[[-71.54557,-34.66347],[-71.55285,-34.66651]]}},{"id":"12287","type":"Feature","properties":{"ROL":"I-594","NOMBRE_CAMINO":"Cruce I-72 (Rincón Lo Ubilla) - Cruce I-72 (La Vega)","CLASIFICACION":"Camino Regional Comunal","CALZADA":"U"},"geometry":{"type":"LineString","coordinates":[[-71.63687,-34.69003],[-71.63356,-34.68887],[-71.633,-34.68619],[-71.62711,-34.68507],[-71.62378,-34.68526],[-71.61725,-34.68853]]}},{"id":"12288","type":"Feature","properties":{"ROL":"I-602","NOMBRE_CAMINO":"Cruce I-60 (Pueblo Chico) - Fundo Santa Clotilde","CLASIFICACION":"Camino Regional de Acceso","CALZADA":"U"},"geometry":{"type":"LineString","coordinates":[[-71.7504,-34.66344],[-71.76102,-34.66794]]}},{"id":"12289","type":"Feature","properties":{"ROL":"I-610","NOMBRE_CAMINO":"Cruce I-60 (Pumanque) - Cruce I-620 (Nilahue)","CLASIFICACION":"Camino Regional Comunal","CALZADA":"U"},"geometry":{"type":"LineString","coordinates":[[-71.68537,-34.60814],[-71.68952,-34.60662],[-71.69584,-34.60738],[-71.70066,-34.61306],[-71.70579,-34.60934],[-71.71208,-34.61095],[-71.71714,-34.60843],[-71.72489,-34.61129],[-71.73263,-34.60499],[-71.7429,-34.60001],[-71.75083,-34.60083],[-71.75587,-34.59922],[-71.75838,-34.59706],[-71.75873,-34.57524]]}},{"id":"12290","type":"Feature","properties":{"ROL":"I-620","NOMBRE_CAMINO":"Cruce I-72 (Paredones) - El Calvario - Cruce I-660 (Peñablanca)","CLASIFICACION":"Camino Regional Provincial","CALZADA":"U"},"geometry":{"type":"LineString","coordinates":[[-71.89871,-34.64051],[-71.88932,-34.62932],[-71.89005,-34.62486],[-71.88594,-34.62084],[-71.88694,-34.61723],[-71.87903,-34.61277],[-71.87838,-34.59989],[-71.87791,-34.59869],[-71.87663,-34.59934]]}},{"id":"12291","type":"Feature","properties":{"ROL":"I-620","NOMBRE_CAMINO":"Cruce I-72 (Paredones) - El Calvario - Cruce I-660 (Peñablanca)","CLASIFICACION":"Camino Regional Provincial","CALZADA":"U"},"geometry":{"type":"LineString","coordinates":[[-71.84491,-34.59324],[-71.83499,-34.5967],[-71.83009,-34.59681],[-71.82713,-34.59516],[-71.82581,-34.59704],[-71.82219,-34.59792],[-71.82059,-34.59503],[-71.82084,-34.59143],[-71.81488,-34.58859],[-71.81342,-34.58909],[-71.81332,-34.58717],[-71.80368,-34.58145],[-71.80093,-34.57667],[-71.79667,-34.57447]]}},{"id":"12292","type":"Feature","properties":{"ROL":"I-625","NOMBRE_CAMINO":"Cruce I-85-J (Carrizal) - Cruce I-725 (Peor es Nada)","CLASIFICACION":"Camino Regional Comunal","CALZADA":"U"},"geometry":{"type":"LineString","coordinates":[[-71.01164,-34.73541],[-71.02085,-34.76143],[-71.0412,-34.76571]]}},{"id":"12293","type":"Feature","properties":{"ROL":"I-626","NOMBRE_CAMINO":"Cruce I-660 - Callejón Cornejo","CLASIFICACION":"Camino Regional de Acceso","CALZADA":"U"},"geometry":{"type":"LineString","coordinates":[[-71.7068,-34.52395],[-71.70718,-34.52528],[-71.70937,-34.52571]]}},{"id":"12294","type":"Feature","properties":{"ROL":"I-640","NOMBRE_CAMINO":"Cruce I-60 (Pumanque) - Rincón de La Higuera","CLASIFICACION":"Camino Regional de Acceso","CALZADA":"U"},"geometry":{"type":"LineString","coordinates":[[-71.6394,-34.62222],[-71.63605,-34.62372],[-71.63081,-34.62361],[-71.62298,-34.6284],[-71.62224,-34.63453],[-71.61765,-34.63864],[-71.61495,-34.6471],[-71.61329,-34.64884]]}},{"id":"12295","type":"Feature","properties":{"ROL":"I-650","NOMBRE_CAMINO":"Av. Manuel Rodríguez (Pumanque) - Las Cortaderas - Cruce I-736","CLASIFICACION":"Camino Regional Comunal","CALZADA":"U"},"geometry":{"type":"LineString","coordinates":[[-71.60392,-34.62033],[-71.60649,-34.62317],[-71.6005,-34.62276],[-71.59659,-34.62481],[-71.58967,-34.62489],[-71.57919,-34.62288],[-71.57417,-34.62683],[-71.57484,-34.62781],[-71.57141,-34.62712],[-71.56783,-34.63083],[-71.56681,-34.62783],[-71.5635,-34.62779],[-71.56033,-34.63023],[-71.55345,-34.62907],[-71.54984,-34.63167],[-71.54286,-34.63216],[-71.5423,-34.62739],[-71.54008,-34.62525],[-71.54001,-34.62325],[-71.53872,-34.62625],[-71.53563,-34.62418],[-71.53542,-34.61733],[-71.53315,-34.61457],[-71.53115,-34.61357],[-71.53033,-34.61508],[-71.52824,-34.61214],[-71.52625,-34.61586],[-71.52224,-34.61519],[-71.52137,-34.61285],[-71.51717,-34.61588],[-71.51519,-34.61369],[-71.51058,-34.61402],[-71.50848,-34.61041],[-71.5055,-34.6133],[-71.50062,-34.60657],[-71.4994,-34.60644],[-71.49924,-34.60455],[-71.50092,-34.60267],[-71.49821,-34.60084],[-71.49763,-34.59785],[-71.49375,-34.59997],[-71.49288,-34.59924],[-71.48549,-34.60147],[-71.48209,-34.60381],[-71.47783,-34.60265],[-71.47503,-34.60573],[-71.47149,-34.60457],[-71.46857,-34.60739],[-71.46525,-34.60857],[-71.46483,-34.61104],[-71.45559,-34.61309],[-71.45633,-34.61405],[-71.45418,-34.61686],[-71.45211,-34.6153],[-71.44775,-34.6153],[-71.44885,-34.61297],[-71.44592,-34.61433],[-71.44663,-34.61288],[-71.44329,-34.61267],[-71.4462,-34.60754],[-71.44566,-34.60542],[-71.44359,-34.6043],[-71.44366,-34.59839]]}},{"id":"12296","type":"Feature","properties":{"ROL":"I-660","NOMBRE_CAMINO":"Cruce Ruta 90 (Marchigüe) - Cruce I-60 (Peñablanca)","CLASIFICACION":"Camino Regional Provincial","CALZADA":"U"},"geometry":{"type":"LineString","coordinates":[[-71.67674,-34.46774],[-71.67874,-34.47398],[-71.68943,-34.47166],[-71.70456,-34.47588],[-71.70341,-34.47932],[-71.70426,-34.4906],[-71.70955,-34.49888],[-71.70774,-34.50262],[-71.70296,-34.50413],[-71.70255,-34.50842],[-71.69729,-34.51419],[-71.69783,-34.51942],[-71.69352,-34.52685],[-71.69092,-34.52915],[-71.68584,-34.52715],[-71.68378,-34.5276],[-71.67765,-34.53277]]}},{"id":"12297","type":"Feature","properties":{"ROL":"I-660","NOMBRE_CAMINO":"Cruce Ruta 90 (Marchigüe) - Cruce I-60 (Peñablanca)","CLASIFICACION":"Camino Regional Provincial","CALZADA":"U"},"geometry":{"type":"LineString","coordinates":[[-71.6526,-34.42254],[-71.65775,-34.42507],[-71.66464,-34.4325],[-71.66575,-34.44321],[-71.6678,-34.44789],[-71.6718,-34.45243]]}},{"id":"12298","type":"Feature","properties":{"ROL":"I-664","NOMBRE_CAMINO":"Cruce I-666 - Rincón de Los Mayos","CLASIFICACION":"Camino Regional de Acceso","CALZADA":"U"},"geometry":{"type":"LineString","coordinates":[[-71.55488,-34.53027],[-71.5497,-34.52977],[-71.55016,-34.53375]]}},{"id":"12299","type":"Feature","properties":{"ROL":"I-670","NOMBRE_CAMINO":"Cruce I-60 (Molineros) - Reto","CLASIFICACION":"Camino Regional de Acceso","CALZADA":"U"},"geometry":{"type":"LineString","coordinates":[[-71.60725,-34.51934],[-71.61169,-34.52074],[-71.61557,-34.524],[-71.62345,-34.52464],[-71.62926,-34.52215],[-71.63059,-34.519],[-71.63819,-34.51332],[-71.64019,-34.51363],[-71.6426,-34.51173],[-71.6449,-34.51582]]}},{"id":"12300","type":"Feature","properties":{"ROL":"I-674","NOMBRE_CAMINO":"Cruce Ruta 90 (Alcones) - Cruce I-660 (La Quebrada)","CLASIFICACION":"Camino Regional Comunal","CALZADA":"U"},"geometry":{"type":"LineString","coordinates":[[-71.73162,-34.42613],[-71.73043,-34.43459],[-71.73226,-34.44402],[-71.71784,-34.44761],[-71.70576,-34.45665],[-71.71007,-34.46044],[-71.70712,-34.4666],[-71.70885,-34.46811],[-71.70446,-34.47219],[-71.70458,-34.47594]]}},{"id":"12301","type":"Feature","properties":{"ROL":"I-680","NOMBRE_CAMINO":"Cruce Ruta 90 - Fundo La Patagua","CLASIFICACION":"Camino Regional de Acceso","CALZADA":"U"},"geometry":{"type":"LineString","coordinates":[[-71.61786,-34.42524],[-71.61494,-34.43247]]}},{"id":"12302","type":"Feature","properties":{"ROL":"I-688","NOMBRE_CAMINO":"Cruce I-60 (Población) - Cruce I-660 (Marchant)","CLASIFICACION":"Camino Regional Comunal","CALZADA":"U"},"geometry":{"type":"LineString","coordinates":[[-71.63065,-34.46018],[-71.64955,-34.45908],[-71.65217,-34.46648],[-71.66084,-34.46391],[-71.66413,-34.46443],[-71.67311,-34.45807]]}},{"id":"12303","type":"Feature","properties":{"ROL":"I-70","NOMBRE_CAMINO":"Cruce Ruta 5 (Caletera) - Cruce Ruta 90 (San Fernando)","CLASIFICACION":"Camino Regional Principal","CALZADA":"U"},"geometry":{"type":"LineString","coordinates":[[-70.9921,-34.62139],[-70.99197,-34.62016],[-70.99474,-34.61924]]}},{"id":"12304","type":"Feature","properties":{"ROL":"I-700","NOMBRE_CAMINO":"Cruce Ruta 90 (El Arrayán) - Cruce I-710 (La Finca)","CLASIFICACION":"Camino Regional Comunal","CALZADA":"U"},"geometry":{"type":"LineString","coordinates":[[-71.41907,-34.56261],[-71.42073,-34.56485],[-71.42234,-34.57178]]}},{"id":"12305","type":"Feature","properties":{"ROL":"I-726","NOMBRE_CAMINO":"Cruce I-720 (Barriales) - Santa Cruz","CLASIFICACION":"Camino Regional de Acceso","CALZADA":"U"},"geometry":{"type":"LineString","coordinates":[[-71.37337,-34.62367],[-71.36532,-34.6289]]}},{"id":"12306","type":"Feature","properties":{"ROL":"I-742","NOMBRE_CAMINO":"Cruce I-72 (Cuesta La Lajuela) - Cruce I-86 (La Patagüilla)","CLASIFICACION":"Camino Regional Comunal","CALZADA":"U"},"geometry":{"type":"LineString","coordinates":[[-71.35462,-34.67619],[-71.34889,-34.67334]]}},{"id":"12307","type":"Feature","properties":{"ROL":"I-758","NOMBRE_CAMINO":"Cruce I-82 - Uvas Blancas - Cruce-756 (Isla del Guindo)","CLASIFICACION":"Camino Regional Comunal","CALZADA":"U"},"geometry":{"type":"LineString","coordinates":[[-71.244,-34.69066],[-71.25116,-34.69128],[-71.26766,-34.6859],[-71.2687,-34.68491],[-71.26593,-34.6804],[-71.27576,-34.67687],[-71.27918,-34.67399],[-71.28535,-34.67244],[-71.28676,-34.67046]]}},{"id":"12308","type":"Feature","properties":{"ROL":"I-762","NOMBRE_CAMINO":"Cruce I-86 (Quinahue) - La Fuente","CLASIFICACION":"Camino Regional de Acceso","CALZADA":"U"},"geometry":{"type":"LineString","coordinates":[[-71.33074,-34.69826],[-71.34178,-34.69591]]}},{"id":"12309","type":"Feature","properties":{"ROL":"I-776","NOMBRE_CAMINO":"Cruce I-86 (Chépica Abajo) - Las Palmas","CLASIFICACION":"Camino Regional Comunal","CALZADA":"U"},"geometry":{"type":"LineString","coordinates":[[-71.30028,-34.70747],[-71.30634,-34.71096],[-71.30726,-34.71475]]}},{"id":"12310","type":"Feature","properties":{"ROL":"I-776","NOMBRE_CAMINO":"Cruce I-86 (Chépica Abajo) - Las Palmas","CLASIFICACION":"Camino Regional Comunal","CALZADA":"U"},"geometry":{"type":"LineString","coordinates":[[-71.42512,-34.77266],[-71.42764,-34.77662],[-71.42515,-34.77863],[-71.42173,-34.77828],[-71.42092,-34.77938],[-71.42411,-34.78474],[-71.42216,-34.78705],[-71.42171,-34.78999],[-71.42299,-34.794],[-71.4249,-34.79735],[-71.42957,-34.79905],[-71.42951,-34.80169],[-71.43139,-34.80231],[-71.43395,-34.80715],[-71.43565,-34.80605],[-71.44089,-34.80783],[-71.44633,-34.81266],[-71.45116,-34.82019],[-71.44626,-34.8321],[-71.45272,-34.8448],[-71.4615,-34.84908],[-71.46577,-34.84936],[-71.47272,-34.85356],[-71.47739,-34.85257],[-71.48567,-34.85365],[-71.487,-34.85252],[-71.49372,-34.8554],[-71.50993,-34.85765]]}},{"id":"12311","type":"Feature","properties":{"ROL":"I-776","NOMBRE_CAMINO":"Cruce I-86 (Chépica Abajo) - Las Palmas","CLASIFICACION":"Camino Regional Comunal","CALZADA":"U"},"geometry":{"type":"LineString","coordinates":[[-71.3757,-34.75336],[-71.37919,-34.75485],[-71.38352,-34.76104],[-71.38686,-34.76339]]}},{"id":"12312","type":"Feature","properties":{"ROL":"I-776","NOMBRE_CAMINO":"Cruce I-86 (Chépica Abajo) - Las Palmas","CLASIFICACION":"Camino Regional Comunal","CALZADA":"U"},"geometry":{"type":"LineString","coordinates":[[-71.30726,-34.71475],[-71.31045,-34.71401],[-71.31347,-34.71603],[-71.31812,-34.71543],[-71.31985,-34.71866],[-71.31865,-34.72337],[-71.32105,-34.72747],[-71.32503,-34.72818],[-71.32961,-34.7272],[-71.33652,-34.72865]]}},{"id":"12313","type":"Feature","properties":{"ROL":"I-790","NOMBRE_CAMINO":"Cruce I-300-J - Rinconada de Jauregui - Cruce I-776","CLASIFICACION":"Camino Regional Comunal","CALZADA":"U"},"geometry":{"type":"LineString","coordinates":[[-71.30346,-34.77856],[-71.31617,-34.78074]]}},{"id":"12314","type":"Feature","properties":{"ROL":"I-790","NOMBRE_CAMINO":"Cruce I-300-J - Rinconada de Jauregui - Cruce I-776","CLASIFICACION":"Camino Regional Comunal","CALZADA":"U"},"geometry":{"type":"LineString","coordinates":[[-71.34408,-34.78134],[-71.3528,-34.77939],[-71.36294,-34.77425],[-71.36314,-34.77264],[-71.36554,-34.77147],[-71.3705,-34.77398],[-71.3775,-34.77305],[-71.38853,-34.76482]]}},{"id":"12315","type":"Feature","properties":{"ROL":"I-790","NOMBRE_CAMINO":"Cruce I-300-J - Rinconada de Jauregui - Cruce I-776","CLASIFICACION":"Camino Regional Comunal","CALZADA":"U"},"geometry":{"type":"LineString","coordinates":[[-71.26139,-34.76518],[-71.26379,-34.77232],[-71.27747,-34.77248]]}},{"id":"12316","type":"Feature","properties":{"ROL":"I-792","NOMBRE_CAMINO":"Cruce I-300-J - Rinconada de Meneses - Cruce I-790","CLASIFICACION":"Camino Regional Comunal","CALZADA":"U"},"geometry":{"type":"LineString","coordinates":[[-71.24531,-34.80464],[-71.25305,-34.79226],[-71.25255,-34.78873]]}},{"id":"12317","type":"Feature","properties":{"ROL":"I-792","NOMBRE_CAMINO":"Cruce I-300-J - Rinconada de Meneses - Cruce I-790","CLASIFICACION":"Camino Regional Comunal","CALZADA":"U"},"geometry":{"type":"LineString","coordinates":[[-71.25204,-34.77147],[-71.25629,-34.77135],[-71.26202,-34.76758]]}},{"id":"12318","type":"Feature","properties":{"ROL":"I-814","NOMBRE_CAMINO":"Cruce I-86 (Auquinco) - Cruce I-796 (La Cabrería)","CLASIFICACION":"Camino Regional Comunal","CALZADA":"U"},"geometry":{"type":"LineString","coordinates":[[-71.19068,-34.72127],[-71.1919,-34.72066],[-71.1905,-34.7167],[-71.19905,-34.71377]]}},{"id":"12319","type":"Feature","properties":{"ROL":"I-850","NOMBRE_CAMINO":"Cruce Ruta 90 (Chacarilla) - Cruce I-860 (Manantiales)","CLASIFICACION":"Camino Regional Comunal","CALZADA":"U"},"geometry":{"type":"LineString","coordinates":[[-71.14384,-34.64269],[-71.14039,-34.65045],[-71.14011,-34.65663],[-71.13576,-34.65671],[-71.13244,-34.66409],[-71.12838,-34.66268],[-71.12287,-34.6632],[-71.12138,-34.65725],[-71.11594,-34.65497]]}},{"id":"12320","type":"Feature","properties":{"ROL":"I-850","NOMBRE_CAMINO":"Cruce Ruta 90 (Chacarilla) - Cruce I-860 (Manantiales)","CLASIFICACION":"Camino Regional Comunal","CALZADA":"U"},"geometry":{"type":"LineString","coordinates":[[-71.10409,-34.64899],[-71.10233,-34.64663],[-71.09962,-34.64684],[-71.08932,-34.64257],[-71.09128,-34.63991],[-71.09024,-34.63839],[-71.08494,-34.63817]]}},{"id":"12321","type":"Feature","properties":{"ROL":"I-850","NOMBRE_CAMINO":"Cruce Ruta 90 (Chacarilla) - Cruce I-860 (Manantiales)","CLASIFICACION":"Camino Regional Comunal","CALZADA":"U"},"geometry":{"type":"LineString","coordinates":[[-71.07568,-34.62876],[-71.06871,-34.62753],[-71.06486,-34.63335],[-71.04706,-34.62455],[-71.04463,-34.62718],[-71.03686,-34.62325]]}},{"id":"12322","type":"Feature","properties":{"ROL":"I-866-H","NOMBRE_CAMINO":"Cruce I-62-G (Quelentaro) - Quillayes","CLASIFICACION":"Camino Regional Comunal","CALZADA":"U"},"geometry":{"type":"LineString","coordinates":[[-71.54209,-34.02596],[-71.54007,-34.03045],[-71.5377,-34.03133],[-71.53437,-34.03633],[-71.53571,-34.05005],[-71.53322,-34.05529],[-71.52878,-34.05893],[-71.52825,-34.0628]]}},{"id":"12323","type":"Feature","properties":{"ROL":"I-866-H","NOMBRE_CAMINO":"Cruce I-62-G (Quelentaro) - Quillayes","CLASIFICACION":"Camino Regional Comunal","CALZADA":"U"},"geometry":{"type":"LineString","coordinates":[[-71.4705,-34.08412],[-71.45225,-34.08865],[-71.44932,-34.09353],[-71.44993,-34.09767],[-71.44879,-34.10077],[-71.44713,-34.10043],[-71.44669,-34.10432],[-71.44671,-34.10682],[-71.44908,-34.10973],[-71.44661,-34.12047],[-71.45425,-34.13353],[-71.45196,-34.13566]]}},{"id":"12324","type":"Feature","properties":{"ROL":"I-890","NOMBRE_CAMINO":"Cruce Ruta 5 (Caletera Tinguiririca) - Cruce I-86 (Chimbarongo)","CLASIFICACION":"Camino Regional Provincial","CALZADA":"U"},"geometry":{"type":"LineString","coordinates":[[-71.02792,-34.68997],[-71.03419,-34.69566],[-71.04366,-34.70873]]}},{"id":"12325","type":"Feature","properties":{"ROL":"I-916","NOMBRE_CAMINO":"Cruce I-910 - Callejón La Copa","CLASIFICACION":"Camino Regional de Acceso","CALZADA":"U"},"geometry":{"type":"LineString","coordinates":[[-71.07391,-34.80819],[-71.07434,-34.80879]]}},{"id":"12326","type":"Feature","properties":{"ROL":"I-918","NOMBRE_CAMINO":"Cruce Ruta 5 (Caletera) - El Eucalipto","CLASIFICACION":"Camino Regional de Acceso","CALZADA":"U"},"geometry":{"type":"LineString","coordinates":[[-71.0946,-34.81904],[-71.09226,-34.8149]]}},{"id":"12327","type":"Feature","properties":{"ROL":"I-315","NOMBRE_CAMINO":"Cruce I-45 (Talcarehue) - La Teja","CLASIFICACION":"Camino Regional de Acceso","CALZADA":"U"},"geometry":{"type":"LineString","coordinates":[[-70.86269,-34.67755],[-70.855,-34.68395],[-70.84695,-34.68754],[-70.83133,-34.7016],[-70.83054,-34.70615],[-70.82671,-34.7109],[-70.82644,-34.71769],[-70.82463,-34.71968]]}},{"id":"12328","type":"Feature","properties":{"ROL":"S/R-H-172","NOMBRE_CAMINO":"Cruce H-10 - Cárcel de Menores","CLASIFICACION":"Camino Regional Comunal (En Proceso de Enrolamiento)","CALZADA":"U"},"geometry":{"type":"LineString","coordinates":[[-70.73258,-34.03984],[-70.73498,-34.03634],[-70.73387,-34.03498],[-70.73478,-34.03392]]}},{"id":"12329","type":"Feature","properties":{"ROL":"S/R-H-176","NOMBRE_CAMINO":"Santa Teresa","CLASIFICACION":"Camino Regional Comunal (En Proceso de Enrolamiento)","CALZADA":"U"},"geometry":{"type":"LineString","coordinates":[[-70.74133,-34.03128],[-70.74978,-34.02424]]}},{"id":"12330","type":"Feature","properties":{"ROL":"S/R-H-196","NOMBRE_CAMINO":"Cruce H-188 (Chancón) - Cruce H-188 (El Carmen)","CLASIFICACION":"Camino Regional de Acceso (En Proceso de Enrolamiento)","CALZADA":"U"},"geometry":{"type":"LineString","coordinates":[[-70.80936,-34.10138],[-70.80813,-34.09898],[-70.80862,-34.0954],[-70.81153,-34.09255],[-70.8116,-34.08904],[-70.81433,-34.08532],[-70.8187,-34.08642],[-70.82198,-34.09336]]}},{"id":"12331","type":"Feature","properties":{"ROL":"S/R-H-261","NOMBRE_CAMINO":"Cruce H-27 (San Joaquín) - Cruce H-27(Santa Emilia)","CLASIFICACION":"Camino Regional Comunal (En Proceso de Enrolamiento)","CALZADA":"U"},"geometry":{"type":"LineString","coordinates":[[-70.70134,-34.18935],[-70.69711,-34.19193]]}},{"id":"12332","type":"Feature","properties":{"ROL":"S/R-H-280","NOMBRE_CAMINO":"Cruce H-290- Av.Pedro Aguirre Cerda (Lo Miranda)","CLASIFICACION":"Camino Regional Comunal (En Proceso de Enrolamiento)","CALZADA":"U"},"geometry":{"type":"LineString","coordinates":[[-70.8981,-34.19565],[-70.8895,-34.19484]]}},{"id":"12333","type":"Feature","properties":{"ROL":"S/R-H-414","NOMBRE_CAMINO":"Cruce Ruta 5 (Caletera) - Cruce H-40","CLASIFICACION":"Camino Regional de Acceso (En Proceso de Enrolamiento)","CALZADA":"U"},"geometry":{"type":"LineString","coordinates":[[-70.79359,-34.22761],[-70.80031,-34.22859]]}},{"id":"12334","type":"Feature","properties":{"ROL":"S/R-H-421","NOMBRE_CAMINO":"Cruce H-409 - El Vaticano","CLASIFICACION":"Camino Regional de Acceso (En Proceso de Enrolamiento)","CALZADA":"U"},"geometry":{"type":"LineString","coordinates":[[-70.78851,-34.25341],[-70.78003,-34.25648],[-70.76648,-34.25814]]}},{"id":"12335","type":"Feature","properties":{"ROL":"S/R-H-454","NOMBRE_CAMINO":"Millaray - Quinta de Tilcoco","CLASIFICACION":"Camino Regional Comunal (En Proceso de Enrolamiento)","CALZADA":"U"},"geometry":{"type":"LineString","coordinates":[[-70.94301,-34.38199],[-70.95026,-34.37157],[-70.96474,-34.36474]]}},{"id":"12336","type":"Feature","properties":{"ROL":"S/R-H-520","NOMBRE_CAMINO":"Cruce H-38 (La Viña) - Cruce H- 56 (Guacarhue)","CLASIFICACION":"Camino Regional Comunal (En Proceso de Enrolamiento)","CALZADA":"U"},"geometry":{"type":"LineString","coordinates":[[-71.00167,-34.35124],[-71.00259,-34.35215]]}},{"id":"12337","type":"Feature","properties":{"ROL":"S/R-H-534","NOMBRE_CAMINO":"Cruce H-530 - Acceso a Pueblo Hundido","CLASIFICACION":"Camino Regional de Acceso (En Proceso de Enrolamiento)","CALZADA":"U"},"geometry":{"type":"LineString","coordinates":[[-70.8854,-34.38094],[-70.88642,-34.38158]]}},{"id":"12338","type":"Feature","properties":{"ROL":"S/R-H-702","NOMBRE_CAMINO":"Cruce Ruta 66 - Limahue","CLASIFICACION":"Camino Regional de Acceso (En Proceso de Enrolamiento)","CALZADA":"U"},"geometry":{"type":"LineString","coordinates":[[-70.9288,-34.47928],[-70.93128,-34.48724]]}},{"id":"12339","type":"Feature","properties":{"ROL":"S/R-H-868","NOMBRE_CAMINO":"Cruce Ruta 66 - Santa Clarisa","CLASIFICACION":"Camino Regional Comunal (En Proceso de Enrolamiento)","CALZADA":"U"},"geometry":{"type":"LineString","coordinates":[[-71.39755,-34.09512],[-71.40546,-34.09859],[-71.40666,-34.102]]}},{"id":"12340","type":"Feature","properties":{"ROL":"S/R-H-888","NOMBRE_CAMINO":"Santa Clarisa - El Pino","CLASIFICACION":"Camino Regional Comunal (En Proceso de Enrolamiento)","CALZADA":"U"},"geometry":{"type":"LineString","coordinates":[[-71.39938,-34.11491],[-71.40531,-34.10989]]}},{"id":"12341","type":"Feature","properties":{"ROL":"S/R-I-1048","NOMBRE_CAMINO":"Cruce I-112 (Pupuya) - Cruce I-194 (Chorrillo )","CLASIFICACION":"Camino Regional Comunal (En Proceso de Enrolamiento)","CALZADA":"U"},"geometry":{"type":"LineString","coordinates":[[-71.8806,-33.99113],[-71.88242,-33.99573],[-71.88203,-33.99821],[-71.88692,-34.00378],[-71.88633,-34.00941],[-71.88436,-34.0117],[-71.88607,-34.01118],[-71.88801,-34.01281],[-71.88729,-34.0182],[-71.88868,-34.02566],[-71.88711,-34.03048]]}},{"id":"12342","type":"Feature","properties":{"ROL":"S/R-I-106","NOMBRE_CAMINO":"Cruce I-112 - Cruce I-190 (El Fullingue)","CLASIFICACION":"Camino Regional Comunal (En Proceso de Enrolamiento)","CALZADA":"U"},"geometry":{"type":"LineString","coordinates":[[-71.84156,-34.05054],[-71.84022,-34.05153],[-71.8399,-34.05615],[-71.83831,-34.05656],[-71.8335,-34.06247],[-71.83512,-34.06569],[-71.83407,-34.06855],[-71.83553,-34.07193],[-71.83689,-34.07199],[-71.84321,-34.07931],[-71.84111,-34.08917],[-71.83902,-34.09114]]}},{"id":"12343","type":"Feature","properties":{"ROL":"S/R-I-114","NOMBRE_CAMINO":"Cruce I-62-G - Caserio Talca- Cruce I-116 (Litueche)","CLASIFICACION":"Camino Regional Comunal (En Proceso de Enrolamiento)","CALZADA":"U"},"geometry":{"type":"LineString","coordinates":[[-71.71496,-34.10615],[-71.72169,-34.10925]]}},{"id":"12344","type":"Feature","properties":{"ROL":"S/R-I-124","NOMBRE_CAMINO":"Cruce I-62-G (Litueche) - Manquehua","CLASIFICACION":"Camino Regional de Acceso (En Proceso de Enrolamiento)","CALZADA":"U"},"geometry":{"type":"LineString","coordinates":[[-71.70871,-34.13699],[-71.69661,-34.1366],[-71.69022,-34.13406]]}},{"id":"12345","type":"Feature","properties":{"ROL":"S/R-I-134","NOMBRE_CAMINO":"Cruce I-138 (Pulín Viejo) - Cruce I-138","CLASIFICACION":"Camino Regional Comunal (En Proceso de Enrolamiento)","CALZADA":"U"},"geometry":{"type":"LineString","coordinates":[[-71.57445,-34.14355],[-71.57837,-34.14902],[-71.57938,-34.15452]]}},{"id":"12346","type":"Feature","properties":{"ROL":"S/R-I-178","NOMBRE_CAMINO":"El Cajón - El Rincón","CLASIFICACION":"Camino Regional de Acceso (En Proceso de Enrolamiento)","CALZADA":"U"},"geometry":{"type":"LineString","coordinates":[[-71.71149,-34.18578],[-71.71224,-34.17916],[-71.71036,-34.17596],[-71.706,-34.17277]]}},{"id":"12347","type":"Feature","properties":{"ROL":"S/R-I-266","NOMBRE_CAMINO":"Cruce I-62-G - Quelantaro Bajo - Cruce I-236","CLASIFICACION":"Camino Regional Comunal (En Proceso de Enrolamiento)","CALZADA":"U"},"geometry":{"type":"LineString","coordinates":[[-71.56222,-34.03145],[-71.56132,-34.03078]]}},{"id":"12348","type":"Feature","properties":{"ROL":"S/R-I-284","NOMBRE_CAMINO":"Cruce I-20 - El Cajón","CLASIFICACION":"Camino Regional de Acceso (En Proceso de Enrolamiento)","CALZADA":"U"},"geometry":{"type":"LineString","coordinates":[[-71.70745,-34.19099],[-71.70609,-34.18959],[-71.6978,-34.18942]]}},{"id":"12349","type":"Feature","properties":{"ROL":"S/R-I-358","NOMBRE_CAMINO":"Cruce Ruta 90 (Oriente) - La Troya Sur - Cruce Ruta 90 (Poniente)","CLASIFICACION":"Camino Regional Comunal (En Proceso de Enrolamiento)","CALZADA":"U"},"geometry":{"type":"LineString","coordinates":[[-71.43949,-34.50252],[-71.44548,-34.48517]]}},{"id":"12350","type":"Feature","properties":{"ROL":"S/R-I-411","NOMBRE_CAMINO":"Cruce I-45 (Pedehue) - Cruce I-45 (Paradero 22)","CLASIFICACION":"Camino Regional Comunal (En Proceso de Enrolamiento)","CALZADA":"U"},"geometry":{"type":"LineString","coordinates":[[-70.96722,-34.60114],[-70.97029,-34.60876]]}},{"id":"12351","type":"Feature","properties":{"ROL":"S/R-I-411","NOMBRE_CAMINO":"Cruce I-45 (Pedehue) - Cruce I-45 (Paradero 22)","CLASIFICACION":"Camino Regional Comunal (En Proceso de Enrolamiento)","CALZADA":"U"},"geometry":{"type":"LineString","coordinates":[[-70.95708,-34.61764],[-70.95386,-34.61515]]}},{"id":"12352","type":"Feature","properties":{"ROL":"S/R-I-604","NOMBRE_CAMINO":"Cruce I-72 (Puente Hacienda Lolol) - La Cabaña","CLASIFICACION":"Camino Regional de Acceso (En Proceso de Enrolamiento)","CALZADA":"U"},"geometry":{"type":"LineString","coordinates":[[-71.56777,-34.72217],[-71.56132,-34.73151],[-71.56345,-34.73479]]}},{"id":"12353","type":"Feature","properties":{"ROL":"S/R-I-604","NOMBRE_CAMINO":"Cruce I-72 (Puente Hacienda Lolol) - La Cabaña","CLASIFICACION":"Camino Regional de Acceso (En Proceso de Enrolamiento)","CALZADA":"U"},"geometry":{"type":"LineString","coordinates":[[-71.56345,-34.73479],[-71.56368,-34.73454]]}},{"id":"12354","type":"Feature","properties":{"ROL":"S/R-I-686","NOMBRE_CAMINO":"Cruce I-72 - La Queseria","CLASIFICACION":"Camino Regional de Acceso (En Proceso de Enrolamiento)","CALZADA":"U"},"geometry":{"type":"LineString","coordinates":[[-71.87225,-34.64616],[-71.86927,-34.6479],[-71.86692,-34.64581]]}},{"id":"12355","type":"Feature","properties":{"ROL":"S/R-I-722","NOMBRE_CAMINO":"Cruce I-720 - Cruce I-730","CLASIFICACION":"Camino Regional Comunal (En Proceso de Enrolamiento)","CALZADA":"U"},"geometry":{"type":"LineString","coordinates":[[-71.38427,-34.61008],[-71.39238,-34.61123]]}},{"id":"12356","type":"Feature","properties":{"ROL":"S/R-I-722","NOMBRE_CAMINO":"Cruce I-720 - Cruce I-730","CLASIFICACION":"Camino Regional Comunal (En Proceso de Enrolamiento)","CALZADA":"U"},"geometry":{"type":"LineString","coordinates":[[-71.39238,-34.61123],[-71.39054,-34.61935],[-71.39357,-34.61969]]}},{"id":"12357","type":"Feature","properties":{"ROL":"S/R-I-724","NOMBRE_CAMINO":"Cruce I-710 - Quebrada de Yaquil - Cruce I-710 ","CLASIFICACION":"Camino Regional Comunal (En Proceso de Enrolamiento)","CALZADA":"U"},"geometry":{"type":"LineString","coordinates":[[-71.47878,-34.57167],[-71.47659,-34.57318],[-71.47402,-34.57272]]}},{"id":"12358","type":"Feature","properties":{"ROL":"S/R-I-757","NOMBRE_CAMINO":"Cruce I-725 - Fundo","CLASIFICACION":"Camino Regional de Acceso (En Proceso de Enrolamiento)","CALZADA":"U"},"geometry":{"type":"LineString","coordinates":[[-71.02734,-34.77669],[-71.01271,-34.78067],[-71.00011,-34.78836]]}},{"id":"12359","type":"Feature","properties":{"ROL":"S/R-I-980","NOMBRE_CAMINO":"Cruce I-192 (Tuman) - Puertecillo","CLASIFICACION":"Camino Regional Comunal (En Proceso de Enrolamiento)","CALZADA":"U"},"geometry":{"type":"LineString","coordinates":[[-71.86914,-34.06363],[-71.87158,-34.06241],[-71.87793,-34.06233],[-71.88627,-34.06444],[-71.89487,-34.06249],[-71.89931,-34.06379],[-71.90097,-34.06314],[-71.90131,-34.06077],[-71.90596,-34.06294],[-71.90874,-34.06596],[-71.914,-34.06582],[-71.91678,-34.06872]]}},{"id":"12360","type":"Feature","properties":{"ROL":"I-688","NOMBRE_CAMINO":"Cruce I-60 (Población) - Cruce I-660 (Marchant)","CLASIFICACION":"Camino Regional Comunal","CALZADA":"U"},"geometry":{"type":"LineString","coordinates":[[-71.58119,-34.45917],[-71.58807,-34.46098],[-71.59276,-34.45719]]}},{"id":"12361","type":"Feature","properties":{"ROL":"I-768","NOMBRE_CAMINO":"Cruce I-760 (Quinahue) - El Bordal","CLASIFICACION":"Camino Regional de Acceso","CALZADA":"U"},"geometry":{"type":"LineString","coordinates":[[-71.29205,-34.68115],[-71.29014,-34.67856]]}},{"id":"12362","type":"Feature","properties":{"ROL":"S/R-H-702","NOMBRE_CAMINO":"Cruce Ruta 66 - Limahue","CLASIFICACION":"Camino Regional de Acceso (En Proceso de Enrolamiento)","CALZADA":"U"},"geometry":{"type":"LineString","coordinates":[[-70.92397,-34.46345],[-70.92688,-34.47294]]}},{"id":"12363","type":"Feature","properties":{"ROL":"H-173","NOMBRE_CAMINO":"Cruce H-155 - El Molino","CLASIFICACION":"Camino Regional de Acceso","CALZADA":"U"},"geometry":{"type":"LineString","coordinates":[[-70.61285,-34.00644],[-70.61184,-34.00827]]}},{"id":"12364","type":"Feature","properties":{"ROL":"H-173","NOMBRE_CAMINO":"Cruce H-155 - El Molino","CLASIFICACION":"Camino Regional de Acceso","CALZADA":"U"},"geometry":{"type":"LineString","coordinates":[[-70.61253,-34.00591],[-70.61285,-34.00644]]}},{"id":"12365","type":"Feature","properties":{"ROL":"H-189","NOMBRE_CAMINO":"Cruce H-15 (La Compañía) - La Leonera","CLASIFICACION":"Camino Regional Comunal","CALZADA":"U"},"geometry":{"type":"LineString","coordinates":[[-70.66243,-34.0636],[-70.6505,-34.05353],[-70.64059,-34.05029]]}},{"id":"12366","type":"Feature","properties":{"ROL":"H-255","NOMBRE_CAMINO":"Av.San Juan (Machalí) - Cruce H-35 (Termas de Cauquenes)","CLASIFICACION":"Camino Regional Comunal","CALZADA":"U"},"geometry":{"type":"LineString","coordinates":[[-70.64237,-34.24296],[-70.63218,-34.25246]]}},{"id":"12367","type":"Feature","properties":{"ROL":"H-255","NOMBRE_CAMINO":"Av.San Juan (Machalí) - Cruce H-35 (Termas de Cauquenes)","CLASIFICACION":"Camino Regional Comunal","CALZADA":"U"},"geometry":{"type":"LineString","coordinates":[[-70.63218,-34.25246],[-70.63148,-34.25301]]}},{"id":"12368","type":"Feature","properties":{"ROL":"H-365","NOMBRE_CAMINO":"Cruce H-35 (Termas de Cauquenes) - Cruce H-265 (Puente Chacayes)","CLASIFICACION":"Camino Regional de Acceso","CALZADA":"U"},"geometry":{"type":"LineString","coordinates":[[-70.5573,-34.24955],[-70.55397,-34.24816]]}},{"id":"12369","type":"Feature","properties":{"ROL":"H-365","NOMBRE_CAMINO":"Cruce H-35 (Termas de Cauquenes) - Cruce H-265 (Puente Chacayes)","CLASIFICACION":"Camino Regional de Acceso","CALZADA":"U"},"geometry":{"type":"LineString","coordinates":[[-70.54599,-34.25355],[-70.54473,-34.25324]]}},{"id":"12370","type":"Feature","properties":{"ROL":"H-365","NOMBRE_CAMINO":"Cruce H-35 (Termas de Cauquenes) - Cruce H-265 (Puente Chacayes)","CLASIFICACION":"Camino Regional de Acceso","CALZADA":"U"},"geometry":{"type":"LineString","coordinates":[[-70.4926,-34.23973],[-70.49246,-34.23964]]}},{"id":"12371","type":"Feature","properties":{"ROL":"H-365","NOMBRE_CAMINO":"Cruce H-35 (Termas de Cauquenes) - Cruce H-265 (Puente Chacayes)","CLASIFICACION":"Camino Regional de Acceso","CALZADA":"U"},"geometry":{"type":"LineString","coordinates":[[-70.4823,-34.23523],[-70.48089,-34.23419]]}},{"id":"12372","type":"Feature","properties":{"ROL":"H-564","NOMBRE_CAMINO":"Cruce H-56 (Guacarhue) - Pasarela Corcolén","CLASIFICACION":"Camino Regional de Acceso","CALZADA":"U"},"geometry":{"type":"LineString","coordinates":[[-71.00217,-34.39754],[-71.00271,-34.39867],[-71.00137,-34.39934]]}},{"id":"12373","type":"Feature","properties":{"ROL":"H-594","NOMBRE_CAMINO":"Cruce H-590 (El Manzano de Zúñiga) - Toquihua Abajo","CLASIFICACION":"Camino Regional de Acceso","CALZADA":"U"},"geometry":{"type":"LineString","coordinates":[[-71.12757,-34.39339],[-71.12957,-34.39443]]}},{"id":"12374","type":"Feature","properties":{"ROL":"H-784","NOMBRE_CAMINO":"Cruce Ruta 66 (El Carmen) - Cuesta el Guanaco - Cruce  H-78","CLASIFICACION":"Camino Regional Comunal","CALZADA":"U"},"geometry":{"type":"LineString","coordinates":[[-71.36605,-34.22583],[-71.36755,-34.22181],[-71.37002,-34.21938],[-71.36961,-34.21465],[-71.37258,-34.203]]}},{"id":"12375","type":"Feature","properties":{"ROL":"H-784","NOMBRE_CAMINO":"Cruce Ruta 66 (El Carmen) - Cuesta el Guanaco - Cruce  H-78","CLASIFICACION":"Camino Regional Comunal","CALZADA":"U"},"geometry":{"type":"LineString","coordinates":[[-71.37258,-34.203],[-71.37343,-34.20052]]}},{"id":"12376","type":"Feature","properties":{"ROL":"H-784","NOMBRE_CAMINO":"Cruce Ruta 66 (El Carmen) - Cuesta el Guanaco - Cruce  H-78","CLASIFICACION":"Camino Regional Comunal","CALZADA":"U"},"geometry":{"type":"LineString","coordinates":[[-71.37343,-34.20052],[-71.37398,-34.19899]]}},{"id":"12377","type":"Feature","properties":{"ROL":"I-180","NOMBRE_CAMINO":"Cruce Ruta 90 (Los Arrayanes) - Panilonco","CLASIFICACION":"Camino Regional de Acceso","CALZADA":"U"},"geometry":{"type":"LineString","coordinates":[[-71.88373,-34.27932],[-71.87645,-34.26558],[-71.8777,-34.25879],[-71.87608,-34.25675],[-71.87643,-34.25225],[-71.87446,-34.25115],[-71.88053,-34.2467],[-71.88358,-34.24018]]}},{"id":"12378","type":"Feature","properties":{"ROL":"I-180","NOMBRE_CAMINO":"Cruce Ruta 90 (Los Arrayanes) - Panilonco","CLASIFICACION":"Camino Regional de Acceso","CALZADA":"U"},"geometry":{"type":"LineString","coordinates":[[-71.88524,-34.28091],[-71.88373,-34.27932]]}},{"id":"12379","type":"Feature","properties":{"ROL":"I-180","NOMBRE_CAMINO":"Cruce Ruta 90 (Los Arrayanes) - Panilonco","CLASIFICACION":"Camino Regional de Acceso","CALZADA":"U"},"geometry":{"type":"LineString","coordinates":[[-71.88358,-34.24018],[-71.88831,-34.23658],[-71.89083,-34.23212],[-71.89899,-34.22461]]}},{"id":"12380","type":"Feature","properties":{"ROL":"I-190","NOMBRE_CAMINO":"Cruce I-112 (Crucero) - Topocalma","CLASIFICACION":"Camino Regional Comunal","CALZADA":"U"},"geometry":{"type":"LineString","coordinates":[[-71.88459,-34.11355],[-71.88845,-34.11371]]}},{"id":"12381","type":"Feature","properties":{"ROL":"I-214","NOMBRE_CAMINO":"Cruce Ruta 90 (Población) - Cruce H-76-I (Los Maitenes)","CLASIFICACION":"Camino Regional Provincial","CALZADA":"U"},"geometry":{"type":"LineString","coordinates":[[-71.56281,-34.37711],[-71.56633,-34.3769],[-71.59577,-34.36376]]}},{"id":"12382","type":"Feature","properties":{"ROL":"I-309","NOMBRE_CAMINO":"Cruce I-45 (Las Arboledas de Talcarehue) - Los Alpes","CLASIFICACION":"Camino Regional Comunal","CALZADA":"U"},"geometry":{"type":"LineString","coordinates":[[-70.80566,-34.64114],[-70.80184,-34.63712],[-70.79656,-34.63485]]}},{"id":"12383","type":"Feature","properties":{"ROL":"I-320-H","NOMBRE_CAMINO":"Cruce H-82-I (Santa Ana) - El Salto - Cruce H-882","CLASIFICACION":"Camino Regional Comunal","CALZADA":"U"},"geometry":{"type":"LineString","coordinates":[[-71.30431,-34.41434],[-71.30297,-34.41039]]}},{"id":"12384","type":"Feature","properties":{"ROL":"I-384","NOMBRE_CAMINO":"Cruce I-38 (Taulemu) - Villa Alegre de Placilla","CLASIFICACION":"Camino Regional Comunal","CALZADA":"U"},"geometry":{"type":"LineString","coordinates":[[-71.08021,-34.60089],[-71.08039,-34.60022]]}},{"id":"12385","type":"Feature","properties":{"ROL":"I-510","NOMBRE_CAMINO":"Cruce I-502 (Cabecera) - Cruce I-520","CLASIFICACION":"Camino Regional Comunal","CALZADA":"U"},"geometry":{"type":"LineString","coordinates":[[-71.99877,-34.62805],[-71.99834,-34.62817]]}},{"id":"12386","type":"Feature","properties":{"ROL":"I-520","NOMBRE_CAMINO":"Cruce Ruta 90 (Pichilemu) - Cruce I-620 (Paredones)","CLASIFICACION":"Camino Regional Provincial","CALZADA":"U"},"geometry":{"type":"LineString","coordinates":[[-71.90433,-34.64616],[-71.89937,-34.64608]]}},{"id":"12387","type":"Feature","properties":{"ROL":"I-520","NOMBRE_CAMINO":"Cruce Ruta 90 (Pichilemu) - Cruce I-620 (Paredones)","CLASIFICACION":"Camino Regional Provincial","CALZADA":"U"},"geometry":{"type":"LineString","coordinates":[[-71.97534,-34.51851],[-71.97547,-34.52682],[-71.97099,-34.53233],[-71.97123,-34.53352],[-71.9642,-34.53527],[-71.96754,-34.53945]]}},{"id":"12388","type":"Feature","properties":{"ROL":"I-520","NOMBRE_CAMINO":"Cruce Ruta 90 (Pichilemu) - Cruce I-620 (Paredones)","CLASIFICACION":"Camino Regional Provincial","CALZADA":"U"},"geometry":{"type":"LineString","coordinates":[[-71.9765,-34.56192],[-71.97727,-34.56426]]}},{"id":"12389","type":"Feature","properties":{"ROL":"I-528","NOMBRE_CAMINO":"Cruce I-530 (El Cardal) - Lo Valdivia","CLASIFICACION":"Camino Regional Comunal","CALZADA":"U"},"geometry":{"type":"LineString","coordinates":[[-71.99382,-34.7012],[-71.99337,-34.69815],[-71.99733,-34.69293],[-71.99884,-34.69165],[-72.00363,-34.69211]]}},{"id":"12390","type":"Feature","properties":{"ROL":"I-550","NOMBRE_CAMINO":"Cruce I-72 (Paredones) - Cruce I-566-J (San Pedro de Alcantara)","CLASIFICACION":"Camino Regional Comunal","CALZADA":"U"},"geometry":{"type":"LineString","coordinates":[[-71.84343,-34.75634],[-71.83789,-34.75675],[-71.83322,-34.76105]]}},{"id":"12391","type":"Feature","properties":{"ROL":"I-568","NOMBRE_CAMINO":"Cruce I-72 - Quesería - Cruce I-566-J","CLASIFICACION":"Camino Regional Comunal","CALZADA":"U"},"geometry":{"type":"LineString","coordinates":[[-71.78066,-34.71772],[-71.7809,-34.72003]]}},{"id":"12392","type":"Feature","properties":{"ROL":"I-592","NOMBRE_CAMINO":"Cruce I-72 (Nerquihue) - El Buche","CLASIFICACION":"Camino Regional de Acceso","CALZADA":"U"},"geometry":{"type":"LineString","coordinates":[[-71.5452,-34.66343],[-71.54557,-34.66347]]}},{"id":"12393","type":"Feature","properties":{"ROL":"I-650","NOMBRE_CAMINO":"Av. Manuel Rodríguez (Pumanque) - Las Cortaderas - Cruce I-736","CLASIFICACION":"Camino Regional Comunal","CALZADA":"U"},"geometry":{"type":"LineString","coordinates":[[-71.6224,-34.61763],[-71.60971,-34.61912],[-71.60591,-34.61781],[-71.60392,-34.62033]]}},{"id":"12394","type":"Feature","properties":{"ROL":"I-664","NOMBRE_CAMINO":"Cruce I-666 - Rincón de Los Mayos","CLASIFICACION":"Camino Regional de Acceso","CALZADA":"U"},"geometry":{"type":"LineString","coordinates":[[-71.55521,-34.5302],[-71.55488,-34.53027]]}},{"id":"12395","type":"Feature","properties":{"ROL":"I-758","NOMBRE_CAMINO":"Cruce I-82 - Uvas Blancas - Cruce-756 (Isla del Guindo)","CLASIFICACION":"Camino Regional Comunal","CALZADA":"U"},"geometry":{"type":"LineString","coordinates":[[-71.28676,-34.67046],[-71.2876,-34.66882],[-71.28943,-34.67004],[-71.29442,-34.66786],[-71.30126,-34.66819],[-71.30594,-34.66454]]}},{"id":"12396","type":"Feature","properties":{"ROL":"I-815","NOMBRE_CAMINO":"Cruce I-85-J (Fundo El Sauce del Carmen) - Cruce J-119","CLASIFICACION":"Camino Regional Comunal","CALZADA":"U"},"geometry":{"type":"LineString","coordinates":[[-70.97721,-34.848],[-70.97613,-34.84906],[-70.9706,-34.84868]]}},{"id":"12397","type":"Feature","properties":{"ROL":"S/R-H-421","NOMBRE_CAMINO":"Cruce H-409 - El Vaticano","CLASIFICACION":"Camino Regional de Acceso (En Proceso de Enrolamiento)","CALZADA":"U"},"geometry":{"type":"LineString","coordinates":[[-70.76648,-34.25814],[-70.75851,-34.25911],[-70.75639,-34.25539]]}},{"id":"12398","type":"Feature","properties":{"ROL":"S/R-H-702","NOMBRE_CAMINO":"Cruce Ruta 66 - Limahue","CLASIFICACION":"Camino Regional de Acceso (En Proceso de Enrolamiento)","CALZADA":"U"},"geometry":{"type":"LineString","coordinates":[[-70.92688,-34.47294],[-70.9288,-34.47928]]}},{"id":"12399","type":"Feature","properties":{"ROL":"S/R-I-114","NOMBRE_CAMINO":"Cruce I-62-G - Caserio Talca- Cruce I-116 (Litueche)","CLASIFICACION":"Camino Regional Comunal (En Proceso de Enrolamiento)","CALZADA":"U"},"geometry":{"type":"LineString","coordinates":[[-71.71489,-34.10599],[-71.71496,-34.10615]]}},{"id":"12400","type":"Feature","properties":{"ROL":"S/R-I-114","NOMBRE_CAMINO":"Cruce I-62-G - Caserio Talca- Cruce I-116 (Litueche)","CLASIFICACION":"Camino Regional Comunal (En Proceso de Enrolamiento)","CALZADA":"U"},"geometry":{"type":"LineString","coordinates":[[-71.72169,-34.10925],[-71.72503,-34.10939]]}},{"id":"12401","type":"Feature","properties":{"ROL":"S/R-I-284","NOMBRE_CAMINO":"Cruce I-20 - El Cajón","CLASIFICACION":"Camino Regional de Acceso (En Proceso de Enrolamiento)","CALZADA":"U"},"geometry":{"type":"LineString","coordinates":[[-71.6978,-34.18942],[-71.69056,-34.18846]]}},{"id":"12402","type":"Feature","properties":{"ROL":"I-154","NOMBRE_CAMINO":"Cruce I-80-G (Las Damas) - Cruce I-20 (San Miguel)","CLASIFICACION":"Camino Regional Provincial","CALZADA":"U"},"geometry":{"type":"LineString","coordinates":[[-71.72044,-34.21805],[-71.70726,-34.22846],[-71.68826,-34.2403],[-71.67463,-34.24602],[-71.66619,-34.24391],[-71.66485,-34.24552],[-71.65083,-34.2518],[-71.63999,-34.26151],[-71.63681,-34.2668],[-71.63406,-34.2678],[-71.62794,-34.27347],[-71.61641,-34.2742]]}},{"id":"12403","type":"Feature","properties":{"ROL":"I-112","NOMBRE_CAMINO":"Cruce I-80-G (Los Lingues) - Cruce I-198 (Matanzas)","CLASIFICACION":"Camino Regional Comunal","CALZADA":"U"},"geometry":{"type":"LineString","coordinates":[[-71.78559,-34.11759],[-71.79859,-34.1036],[-71.79889,-34.09721],[-71.79655,-34.08766],[-71.8019,-34.08148],[-71.80592,-34.06758],[-71.80559,-34.06201],[-71.80941,-34.05735],[-71.81015,-34.04717],[-71.81543,-34.04572],[-71.82065,-34.04717],[-71.82386,-34.0522],[-71.82638,-34.05211],[-71.82682,-34.04293],[-71.82218,-34.03833],[-71.824,-34.0382],[-71.82414,-34.03651],[-71.82845,-34.03676],[-71.82782,-34.03198],[-71.83112,-34.02461],[-71.83671,-34.02332],[-71.83976,-34.02442],[-71.83952,-34.0228],[-71.84232,-34.02494],[-71.84375,-34.01725],[-71.84525,-34.01564],[-71.84492,-34.01327],[-71.84744,-34.0082],[-71.85233,-34.0049],[-71.85512,-33.9993],[-71.86397,-33.9921],[-71.86384,-33.98702],[-71.85929,-33.98132],[-71.85851,-33.97639],[-71.85975,-33.97318],[-71.86566,-33.9696],[-71.86842,-33.96498]]}},{"id":"12404","type":"Feature","properties":{"ROL":"I-110","NOMBRE_CAMINO":"Cruce I-80-G (San Vicente) - Cocalán - Cruce I-62-G (Central Rapel)","CLASIFICACION":"Camino Regional Comunal","CALZADA":"U"},"geometry":{"type":"LineString","coordinates":[[-71.71724,-34.00425],[-71.70447,-34.0079],[-71.69599,-34.013],[-71.6842,-34.0135],[-71.68279,-34.01313],[-71.68346,-34.01135],[-71.67469,-34.01261],[-71.67223,-34.015],[-71.67313,-34.01565],[-71.6726,-34.02332],[-71.66826,-34.03459],[-71.66559,-34.03743],[-71.65869,-34.04108],[-71.656,-34.04693],[-71.65316,-34.048],[-71.64251,-34.04514],[-71.63641,-34.04569],[-71.63229,-34.04837],[-71.62727,-34.04851],[-71.62298,-34.04707],[-71.6211,-34.04787],[-71.62258,-34.05097]]}},{"id":"12405","type":"Feature","properties":{"ROL":"I-182","NOMBRE_CAMINO":"Cruce I-170 (Pailimo) - Cocauquén","CLASIFICACION":"Camino Regional de Acceso","CALZADA":"U"},"geometry":{"type":"LineString","coordinates":[[-71.79407,-34.29004],[-71.79693,-34.29036],[-71.80428,-34.28635]]}},{"id":"12406","type":"Feature","properties":{"ROL":"H-720","NOMBRE_CAMINO":"Cruce Ruta 66 (Requegua) - Cruce H-634 (Corcolén)","CLASIFICACION":"Camino Regional Comunal","CALZADA":"U"},"geometry":{"type":"LineString","coordinates":[[-71.03622,-34.44489],[-71.03496,-34.44415],[-71.03538,-34.44156],[-71.03264,-34.4408],[-71.0265,-34.43285],[-71.0224,-34.43044],[-71.02201,-34.43202],[-71.01943,-34.4275],[-71.01644,-34.42541],[-71.01889,-34.42084],[-71.01813,-34.41706],[-71.01387,-34.41564],[-71.01195,-34.41154]]}},{"id":"12407","type":"Feature","properties":{"ROL":"H-140","NOMBRE_CAMINO":"Cruce Ruta 5 - La Guillermina - Cruce H-10","CLASIFICACION":"Camino Regional Comunal","CALZADA":"U"},"geometry":{"type":"LineString","coordinates":[[-70.70202,-34.00077],[-70.71561,-34.00221]]}},{"id":"12408","type":"Feature","properties":{"ROL":"H-567","NOMBRE_CAMINO":"Rengo - Río Claro","CLASIFICACION":"Camino Regional de Acceso","CALZADA":"U"},"geometry":{"type":"LineString","coordinates":[[-70.83497,-34.39528],[-70.83387,-34.3929],[-70.82755,-34.38752]]}},{"id":"12409","type":"Feature","properties":{"ROL":"I-1275","NOMBRE_CAMINO":"Cruce I-151 - Cruce I-275","CLASIFICACION":"Camino Regional Comunal","CALZADA":"U"},"geometry":{"type":"LineString","coordinates":[[-70.94377,-34.61029],[-70.94099,-34.6122],[-70.94041,-34.6113]]}},{"id":"12410","type":"Feature","properties":{"ROL":"H-712","NOMBRE_CAMINO":"Cruce I-90-H (El Tambo) - Estero Roma","CLASIFICACION":"Camino Regional de Acceso","CALZADA":"U"},"geometry":{"type":"LineString","coordinates":[[-70.97484,-34.47965],[-70.96463,-34.48432]]}},{"id":"12411","type":"Feature","properties":{"ROL":"H-598","NOMBRE_CAMINO":"Cruce H-590 - Toquíhua Arriba - Cruce H-594","CLASIFICACION":"Camino Regional Comunal","CALZADA":"U"},"geometry":{"type":"LineString","coordinates":[[-71.10586,-34.36402],[-71.11425,-34.36084],[-71.11545,-34.36312],[-71.11408,-34.36477],[-71.11818,-34.3677],[-71.11899,-34.37377]]}},{"id":"12412","type":"Feature","properties":{"ROL":"I-176","NOMBRE_CAMINO":"Cruce I-180 (Los Arrayanes) - Fundo Panilonco","CLASIFICACION":"Camino Regional de Acceso","CALZADA":"U"},"geometry":{"type":"LineString","coordinates":[[-71.85312,-34.30549],[-71.85388,-34.29627],[-71.85671,-34.29081],[-71.86183,-34.28548]]}},{"id":"12413","type":"Feature","properties":{"ROL":"H-167","NOMBRE_CAMINO":"Cruce H-169 - Cruce H-157","CLASIFICACION":"Camino Regional Comunal","CALZADA":"U"},"geometry":{"type":"LineString","coordinates":[[-70.65771,-34.02629],[-70.65447,-34.02744]]}},{"id":"12414","type":"Feature","properties":{"ROL":"I-118","NOMBRE_CAMINO":"Cruce I-62-G - Cruce I-132","CLASIFICACION":"Camino Regional Comunal","CALZADA":"U"},"geometry":{"type":"LineString","coordinates":[[-71.63215,-34.07261],[-71.6243,-34.0705],[-71.62159,-34.07154],[-71.62129,-34.07374],[-71.61725,-34.07664],[-71.61276,-34.07619]]}},{"id":"12415","type":"Feature","properties":{"ROL":"I-121","NOMBRE_CAMINO":"Cruce I-111 (Los Lingues) - El Recreo - Cruce I-111 ","CLASIFICACION":"Camino Regional Comunal","CALZADA":"U"},"geometry":{"type":"LineString","coordinates":[[-70.89453,-34.50986],[-70.89877,-34.52294]]}},{"id":"12416","type":"Feature","properties":{"ROL":"H-121","NOMBRE_CAMINO":"Cruce H-15 - Cruce H-111 (Santa Teresa)","CLASIFICACION":"Camino Regional Comunal","CALZADA":"U"},"geometry":{"type":"LineString","coordinates":[[-70.64529,-33.97045],[-70.6499,-33.97023],[-70.65234,-33.96749],[-70.65182,-33.9614]]}},{"id":"12417","type":"Feature","properties":{"ROL":"I-1866","NOMBRE_CAMINO":"Rinconada El Cerro - San Pedro","CLASIFICACION":"Camino Regional de Acceso","CALZADA":"U"},"geometry":{"type":"LineString","coordinates":[[-71.03878,-34.63441],[-71.04892,-34.64091]]}},{"id":"12418","type":"Feature","properties":{"ROL":"H-192","NOMBRE_CAMINO":"Cruce H-190 (Fundo La Rubiana) - Fundo La Ramirana","CLASIFICACION":"Camino Regional Comunal","CALZADA":"U"},"geometry":{"type":"LineString","coordinates":[[-70.84198,-34.11473],[-70.84412,-34.11144],[-70.84338,-34.10535],[-70.86303,-34.09793],[-70.86684,-34.09883]]}},{"id":"12419","type":"Feature","properties":{"ROL":"H-592","NOMBRE_CAMINO":"Cruce H-56 (El Manzano Orilla) - Río Claro","CLASIFICACION":"Camino Regional de Acceso","CALZADA":"U"},"geometry":{"type":"LineString","coordinates":[[-71.10066,-34.37189],[-71.09368,-34.37286]]}},{"id":"12420","type":"Feature","properties":{"ROL":"H-635","NOMBRE_CAMINO":"Cruce H-605 - Cruce H-631 (Rinconada de Malambo)","CLASIFICACION":"Camino Regional Comunal","CALZADA":"U"},"geometry":{"type":"LineString","coordinates":[[-70.86839,-34.4272],[-70.86191,-34.42939],[-70.85484,-34.42892],[-70.84569,-34.42431],[-70.84565,-34.42258]]}},{"id":"12421","type":"Feature","properties":{"ROL":"I-1301","NOMBRE_CAMINO":"Cruce I-151 - Cruce I-245","CLASIFICACION":"Camino Regional Comunal","CALZADA":"U"},"geometry":{"type":"LineString","coordinates":[[-70.94014,-34.61056],[-70.93412,-34.5919],[-70.93462,-34.59026]]}},{"id":"12422","type":"Feature","properties":{"ROL":"H-644","NOMBRE_CAMINO":"Cruce H-634 (Corcolén) - Río Claro","CLASIFICACION":"Camino Regional de Acceso","CALZADA":"U"},"geometry":{"type":"LineString","coordinates":[[-71.00438,-34.40862],[-71.00391,-34.40732],[-71.00583,-34.40674]]}},{"id":"12423","type":"Feature","properties":{"ROL":"I-648","NOMBRE_CAMINO":"Cruce I-650 (Rincón Los Perales) - Cruce I-640 (Virintun)","CLASIFICACION":"Camino Regional Comunal","CALZADA":"U"},"geometry":{"type":"LineString","coordinates":[[-71.6113,-34.6189],[-71.6134,-34.62661],[-71.61843,-34.62802]]}},{"id":"12424","type":"Feature","properties":{"ROL":"I-842","NOMBRE_CAMINO":"Cruce Ruta 90 - Santa Isabel - Cruce I-850","CLASIFICACION":"Camino Regional Comunal","CALZADA":"U"},"geometry":{"type":"LineString","coordinates":[[-71.07817,-34.62423],[-71.07724,-34.62644],[-71.07409,-34.62666],[-71.074,-34.62789]]}},{"id":"12425","type":"Feature","properties":{"ROL":"I-218","NOMBRE_CAMINO":"Cruce I-216 - Las Viñas - Cruce I-220","CLASIFICACION":"Camino Regional Comunal","CALZADA":"U"},"geometry":{"type":"LineString","coordinates":[[-71.90341,-34.58516],[-71.9008,-34.58384],[-71.89505,-34.58401],[-71.89377,-34.58124],[-71.88893,-34.57841],[-71.89037,-34.57665],[-71.89226,-34.56806],[-71.8912,-34.56271],[-71.89398,-34.55732],[-71.89355,-34.55131],[-71.90109,-34.55074],[-71.90492,-34.55181]]}},{"id":"12426","type":"Feature","properties":{"ROL":"I-766","NOMBRE_CAMINO":"Cruce I-760 - Quinahue - Cruce I-772 (La Mina)","CLASIFICACION":"Camino Regional Comunal","CALZADA":"U"},"geometry":{"type":"LineString","coordinates":[[-71.31126,-34.68255],[-71.30752,-34.68736],[-71.30329,-34.68985],[-71.29878,-34.69475]]}},{"id":"12427","type":"Feature","properties":{"ROL":"I-864","NOMBRE_CAMINO":"Cruce I-86 - Cruce I-796 (San Ramón)","CLASIFICACION":"Camino Regional Comunal","CALZADA":"U"},"geometry":{"type":"LineString","coordinates":[[-71.22894,-34.75052],[-71.22663,-34.74568],[-71.22092,-34.74538]]}},{"id":"12428","type":"Feature","properties":{"ROL":"H-316","NOMBRE_CAMINO":"Cruce H-312 - Fundo","CLASIFICACION":"Camino Regional de Acceso","CALZADA":"U"},"geometry":{"type":"LineString","coordinates":[[-70.99951,-34.23223],[-71.0056,-34.22709],[-71.01665,-34.23177]]}},{"id":"12429","type":"Feature","properties":{"ROL":"I-205","NOMBRE_CAMINO":"Cruce I-151 (Norte) - Roma - Cruce I-151","CLASIFICACION":"Camino Regional Comunal","CALZADA":"U"},"geometry":{"type":"LineString","coordinates":[[-70.90997,-34.5823],[-70.90919,-34.5784],[-70.91538,-34.57646]]}},{"id":"12430","type":"Feature","properties":{"ROL":"I-136","NOMBRE_CAMINO":"Cruce I-120 - Fundo los Espinillos","CLASIFICACION":"Camino Regional de Acceso","CALZADA":"U"},"geometry":{"type":"LineString","coordinates":[[-71.64763,-34.12062],[-71.6381,-34.12612],[-71.62088,-34.12899],[-71.61838,-34.12822]]}},{"id":"12431","type":"Feature","properties":{"ROL":"I-666","NOMBRE_CAMINO":"Cruce I-60 - Rinconada de Molineros - Cruce I-60","CLASIFICACION":"Camino Regional Comunal","CALZADA":"U"},"geometry":{"type":"LineString","coordinates":[[-71.57889,-34.51508],[-71.57199,-34.5219],[-71.57285,-34.52328],[-71.56499,-34.52824],[-71.56626,-34.53183],[-71.56162,-34.54269],[-71.55794,-34.54523],[-71.55745,-34.54759]]}},{"id":"12432","type":"Feature","properties":{"ROL":"I-638","NOMBRE_CAMINO":"Cruce I-640 - Rincón de la Higuera","CLASIFICACION":"Camino Regional Comunal","CALZADA":"U"},"geometry":{"type":"LineString","coordinates":[[-71.60419,-34.63838],[-71.60305,-34.63736]]}},{"id":"12433","type":"Feature","properties":{"ROL":"I-222","NOMBRE_CAMINO":"Cruce I-80-G - La Aguada - Cruce I-226 (Navidad)","CLASIFICACION":"Camino Regional Provincial","CALZADA":"U"},"geometry":{"type":"LineString","coordinates":[[-71.73437,-34.04874],[-71.74299,-34.04656],[-71.74973,-34.04146],[-71.76128,-34.04751],[-71.76651,-34.04685],[-71.76968,-34.04854],[-71.76929,-34.04296],[-71.76382,-34.04119],[-71.7618,-34.03569],[-71.76854,-34.02668],[-71.7682,-34.02348],[-71.76983,-34.02185],[-71.7712,-34.02217],[-71.77461,-34.02592],[-71.77762,-34.0221],[-71.78134,-34.0236],[-71.78543,-34.02171],[-71.78568,-34.01895],[-71.78818,-34.01585],[-71.79583,-34.01698],[-71.80222,-34.01109],[-71.80138,-34.00754],[-71.80312,-34.00553],[-71.80496,-34.00428],[-71.80954,-34.00407],[-71.81093,-34.00264],[-71.81205,-33.99717],[-71.81071,-33.99313],[-71.80884,-33.99208],[-71.8079,-33.98878],[-71.80883,-33.98689],[-71.80591,-33.9811],[-71.80646,-33.97802],[-71.80407,-33.97299],[-71.80495,-33.97108],[-71.80783,-33.96969],[-71.80576,-33.96437],[-71.80975,-33.95747],[-71.81683,-33.95805],[-71.82032,-33.95521],[-71.82384,-33.95535],[-71.83175,-33.9487]]}},{"id":"12434","type":"Feature","properties":{"ROL":"I-654","NOMBRE_CAMINO":"Cruce I-60 - Colhue","CLASIFICACION":"Camino Regional de Acceso","CALZADA":"U"},"geometry":{"type":"LineString","coordinates":[[-71.61885,-34.56076],[-71.6084,-34.57331],[-71.6063,-34.58186],[-71.59892,-34.58316],[-71.59767,-34.58558],[-71.59341,-34.58769]]}},{"id":"12435","type":"Feature","properties":{"ROL":"I-642","NOMBRE_CAMINO":"Cruce I-640 - Fundo Llope","CLASIFICACION":"Camino Regional de Acceso","CALZADA":"U"},"geometry":{"type":"LineString","coordinates":[[-71.64711,-34.61873],[-71.65083,-34.62477],[-71.65045,-34.63386],[-71.64821,-34.63565],[-71.64348,-34.63503],[-71.64054,-34.6424]]}},{"id":"12436","type":"Feature","properties":{"ROL":"I-261","NOMBRE_CAMINO":"Cruce I-151 - La Javierana","CLASIFICACION":"Camino Regional de Acceso","CALZADA":"U"},"geometry":{"type":"LineString","coordinates":[[-70.91508,-34.60463],[-70.91389,-34.6073]]}},{"id":"12437","type":"Feature","properties":{"ROL":"I-552","NOMBRE_CAMINO":"Cruce I-554 - Cruce I-562 (Carrizalillo)","CLASIFICACION":"Camino Regional Comunal","CALZADA":"U"},"geometry":{"type":"LineString","coordinates":[[-71.86968,-34.79191],[-71.86305,-34.79504],[-71.8602,-34.79823]]}},{"id":"12438","type":"Feature","properties":{"ROL":"I-439","NOMBRE_CAMINO":"Cruce I-451 (Tinguiririca) - Montenegro - Cruce I-421","CLASIFICACION":"Camino Regional Comunal","CALZADA":"U"},"geometry":{"type":"LineString","coordinates":[[-70.96671,-34.65513],[-70.9646,-34.64723]]}},{"id":"12439","type":"Feature","properties":{"ROL":"I-672","NOMBRE_CAMINO":"Cruce I-674 (La Quebrada) - El Rincón","CLASIFICACION":"Camino Regional de Acceso","CALZADA":"U"},"geometry":{"type":"LineString","coordinates":[[-71.70461,-34.47588],[-71.71291,-34.47459]]}},{"id":"12440","type":"Feature","properties":{"ROL":"I-318","NOMBRE_CAMINO":"Cruce I-310 - Los Cardos","CLASIFICACION":"Camino Regional Comunal","CALZADA":"U"},"geometry":{"type":"LineString","coordinates":[[-71.45186,-34.46606],[-71.45184,-34.47251],[-71.44818,-34.48317]]}},{"id":"12441","type":"Feature","properties":{"ROL":"I-902","NOMBRE_CAMINO":"Cruce I-86 - Embalse Convento Viejo","CLASIFICACION":"Camino Regional de Acceso","CALZADA":"U"},"geometry":{"type":"LineString","coordinates":[[-71.07256,-34.7433],[-71.08232,-34.7504]]}},{"id":"12442","type":"Feature","properties":{"ROL":"I-648","NOMBRE_CAMINO":"Cruce I-650 (Rincón Los Perales) - Cruce I-640 (Virintun)","CLASIFICACION":"Camino Regional Comunal","CALZADA":"U"},"geometry":{"type":"LineString","coordinates":[[-71.61843,-34.62802],[-71.61913,-34.62701],[-71.62294,-34.62845]]}},{"id":"12443","type":"Feature","properties":{"ROL":"I-232","NOMBRE_CAMINO":"Cruce I-62-G (Quelentaro) - El Peral - Cruce G-822","CLASIFICACION":"Camino Regional Comunal","CALZADA":"U"},"geometry":{"type":"LineString","coordinates":[[-71.53496,-34.01514],[-71.5421,-34.01761],[-71.54479,-34.0159],[-71.54954,-34.01661],[-71.55277,-34.01207],[-71.55579,-34.0105],[-71.56183,-34.01219],[-71.56974,-34.01098],[-71.57205,-34.00549],[-71.56555,-33.99928],[-71.56844,-33.99569],[-71.56939,-33.99092],[-71.57098,-33.98909]]}},{"id":"12444","type":"Feature","properties":{"ROL":"I-195","NOMBRE_CAMINO":"Cruce I-151 - Callejón Guzmán","CLASIFICACION":"Camino Regional de Acceso","CALZADA":"U"},"geometry":{"type":"LineString","coordinates":[[-70.91709,-34.57387],[-70.90697,-34.57571]]}},{"id":"12445","type":"Feature","properties":{"ROL":"I-390","NOMBRE_CAMINO":"Cruce I-384 (Villa Alegre) - La Cruz","CLASIFICACION":"Camino Regional de Acceso","CALZADA":"U"},"geometry":{"type":"LineString","coordinates":[[-71.07881,-34.60814],[-71.07058,-34.60629]]}},{"id":"12446","type":"Feature","properties":{"ROL":"I-216","NOMBRE_CAMINO":"Cruce I-494 (El Maqui) - Cruce I-526 (El Potrero)","CLASIFICACION":"Camino Regional Comunal","CALZADA":"U"},"geometry":{"type":"LineString","coordinates":[[-71.92433,-34.53881],[-71.91939,-34.54355],[-71.91543,-34.54144],[-71.91522,-34.5436],[-71.91174,-34.54677],[-71.90816,-34.55329],[-71.90871,-34.55667],[-71.90737,-34.55905],[-71.90967,-34.56537],[-71.90894,-34.56782],[-71.91316,-34.57184],[-71.91363,-34.57476],[-71.9092,-34.57585],[-71.90613,-34.58037],[-71.90575,-34.58303],[-71.90339,-34.58506],[-71.90993,-34.59315]]}},{"id":"12447","type":"Feature","properties":{"ROL":"I-588","NOMBRE_CAMINO":"Cruce I-72 (Lolol) - Manuel Larraín - Cruce I-594 (La Vega)","CLASIFICACION":"Camino Regional Comunal","CALZADA":"U"},"geometry":{"type":"LineString","coordinates":[[-71.63311,-34.71734],[-71.64201,-34.71031],[-71.64111,-34.7085],[-71.64388,-34.69182]]}},{"id":"12448","type":"Feature","properties":{"ROL":"I-804","NOMBRE_CAMINO":"Cruce I-814 - La Orilla de Auquinco - Cruce I-806","CLASIFICACION":"Camino Regional Comunal","CALZADA":"U"},"geometry":{"type":"LineString","coordinates":[[-71.19458,-34.74653],[-71.19201,-34.74509]]}},{"id":"12449","type":"Feature","properties":{"ROL":"I-732","NOMBRE_CAMINO":"Cruce I-736 (Lajuelas) - La Mina","CLASIFICACION":"Camino Regional de Acceso","CALZADA":"U"},"geometry":{"type":"LineString","coordinates":[[-71.43464,-34.62078],[-71.42661,-34.61758]]}},{"id":"12450","type":"Feature","properties":{"ROL":"I-802","NOMBRE_CAMINO":"Cruce I-86 - Auquinco - Cruce I-814","CLASIFICACION":"Camino Regional Comunal","CALZADA":"U"},"geometry":{"type":"LineString","coordinates":[[-71.18758,-34.77162],[-71.18648,-34.76768],[-71.19215,-34.7617]]}},{"id":"12451","type":"Feature","properties":{"ROL":"I-586","NOMBRE_CAMINO":"Cruce I-580 - Los Tricahues","CLASIFICACION":"Camino Regional de Acceso","CALZADA":"U"},"geometry":{"type":"LineString","coordinates":[[-71.60861,-34.80882],[-71.61071,-34.81258],[-71.6115,-34.81753],[-71.60931,-34.81929]]}},{"id":"12452","type":"Feature","properties":{"ROL":"I-778","NOMBRE_CAMINO":"Cruce I-776 (Chépica Abajo) - Cruce I-776 (Lima)","CLASIFICACION":"Camino Regional Comunal","CALZADA":"U"},"geometry":{"type":"LineString","coordinates":[[-71.30358,-34.70967],[-71.30076,-34.71136],[-71.30223,-34.71567],[-71.30679,-34.71782],[-71.30753,-34.71469]]}},{"id":"12453","type":"Feature","properties":{"ROL":"I-228","NOMBRE_CAMINO":"Cruce I-80-G - La Aguada","CLASIFICACION":"Camino Regional Comunal","CALZADA":"U"},"geometry":{"type":"LineString","coordinates":[[-71.72895,-33.96333],[-71.73116,-33.96453],[-71.73314,-33.96893],[-71.73845,-33.97436],[-71.74392,-33.97636]]}},{"id":"12454","type":"Feature","properties":{"ROL":"I-429","NOMBRE_CAMINO":"Cruce I-451 (Tinguiririca) - Tres Montes","CLASIFICACION":"Camino Regional de Acceso","CALZADA":"U"},"geometry":{"type":"LineString","coordinates":[[-70.98575,-34.64845],[-70.98003,-34.63788]]}},{"id":"12455","type":"Feature","properties":{"ROL":"I-536","NOMBRE_CAMINO":"Cruce I-538 - Cruce  I-550","CLASIFICACION":"Camino Regional Comunal","CALZADA":"U"},"geometry":{"type":"LineString","coordinates":[[-71.92231,-34.72802],[-71.91096,-34.72241],[-71.90627,-34.73158],[-71.90359,-34.73275],[-71.90228,-34.73493]]}},{"id":"12456","type":"Feature","properties":{"ROL":"I-636","NOMBRE_CAMINO":"Cruce I-638 - Rincón de la Higuera","CLASIFICACION":"Camino Regional de Acceso","CALZADA":"U"},"geometry":{"type":"LineString","coordinates":[[-71.60928,-34.64342],[-71.61053,-34.64591]]}},{"id":"12457","type":"Feature","properties":{"ROL":"I-808","NOMBRE_CAMINO":"Cruce I-814 (Rincones de Auquinco) - Cruce I-806 (La Orilla de Auquinco)","CLASIFICACION":"Camino Regional Comunal","CALZADA":"U"},"geometry":{"type":"LineString","coordinates":[[-71.18675,-34.74019],[-71.18534,-34.73945],[-71.18261,-34.7453],[-71.18515,-34.74648],[-71.18621,-34.74538],[-71.18961,-34.7477]]}},{"id":"12458","type":"Feature","properties":{"ROL":"I-206","NOMBRE_CAMINO":"Cruce H-76-I (Marchigüe) - Fundo","CLASIFICACION":"Camino Regional de Acceso","CALZADA":"U"},"geometry":{"type":"LineString","coordinates":[[-71.61708,-34.39547],[-71.62402,-34.39358],[-71.63698,-34.38654],[-71.63621,-34.38399]]}},{"id":"12459","type":"Feature","properties":{"ROL":"I-458","NOMBRE_CAMINO":"Cruce I-466 (El Ciruelo) - La Quebrada","CLASIFICACION":"Camino Regional de Acceso","CALZADA":"U"},"geometry":{"type":"LineString","coordinates":[[-71.97058,-34.45162],[-71.95846,-34.44081],[-71.95152,-34.43735]]}},{"id":"12460","type":"Feature","properties":{"ROL":"I-194","NOMBRE_CAMINO":"Acceso a Puertecillo","CLASIFICACION":"Camino Regional Comunal","CALZADA":"U"},"geometry":{"type":"LineString","coordinates":[[-71.88711,-34.03048],[-71.88723,-34.03215],[-71.89156,-34.035],[-71.89092,-34.03677],[-71.89523,-34.03922],[-71.89827,-34.04452],[-71.9077,-34.04312],[-71.91697,-34.0453],[-71.92859,-34.05042],[-71.92939,-34.04867],[-71.93199,-34.04854],[-71.93344,-34.05173],[-71.93777,-34.05571]]}},{"id":"12461","type":"Feature","properties":{"ROL":"I-608","NOMBRE_CAMINO":"Cruce I-60 - Cruce Ruta I-612","CLASIFICACION":"Camino Regional de Acceso","CALZADA":"U"},"geometry":{"type":"LineString","coordinates":[[-71.74209,-34.64484],[-71.74889,-34.6449],[-71.75027,-34.63779]]}},{"id":"12462","type":"Feature","properties":{"ROL":"I-236","NOMBRE_CAMINO":"Cruce I-62-G (Quelentaro Sur) - Cruce I-232 (Quelentaro Norte)","CLASIFICACION":"Camino Regional Comunal","CALZADA":"U"},"geometry":{"type":"LineString","coordinates":[[-71.54151,-34.02529],[-71.5411,-34.0243],[-71.54254,-34.02332],[-71.5416,-34.01762]]}},{"id":"12463","type":"Feature","properties":{"ROL":"I-816","NOMBRE_CAMINO":"Cruce I-82 (Puquillay) - Fundo El Pillán","CLASIFICACION":"Camino Regional de Acceso","CALZADA":"U"},"geometry":{"type":"LineString","coordinates":[[-71.20121,-34.67045],[-71.21797,-34.67579],[-71.21884,-34.67276],[-71.22849,-34.67566]]}},{"id":"12464","type":"Feature","properties":{"ROL":"I-496","NOMBRE_CAMINO":"Cruce I-410 (Cerro Alto) - Rodelillo","CLASIFICACION":"Camino Regional Comunal","CALZADA":"U"},"geometry":{"type":"LineString","coordinates":[[-71.92468,-34.49235],[-71.92311,-34.49827],[-71.91813,-34.50399],[-71.92086,-34.5115],[-71.91944,-34.51348]]}},{"id":"12465","type":"Feature","properties":{"ROL":"I-624","NOMBRE_CAMINO":"Cruce I-620 - Camarico","CLASIFICACION":"Camino Regional de Acceso","CALZADA":"U"},"geometry":{"type":"LineString","coordinates":[[-71.68502,-34.54641],[-71.68719,-34.54623],[-71.68835,-34.54812],[-71.69213,-34.54693],[-71.69396,-34.54942]]}},{"id":"12466","type":"Feature","properties":{"ROL":"I-392","NOMBRE_CAMINO":"Cruce I-38 - Río Tinguiririca","CLASIFICACION":"Camino Regional de Acceso","CALZADA":"U"},"geometry":{"type":"LineString","coordinates":[[-71.02895,-34.60675],[-71.02772,-34.60298]]}},{"id":"12467","type":"Feature","properties":{"ROL":"I-275","NOMBRE_CAMINO":"Cruce I-151 - Cruce I-255","CLASIFICACION":"Camino Regional Comunal","CALZADA":"U"},"geometry":{"type":"LineString","coordinates":[[-70.94014,-34.61056],[-70.92485,-34.62138]]}},{"id":"12468","type":"Feature","properties":{"ROL":"I-465","NOMBRE_CAMINO":"Cruce I-451 (Puente Negro) - El Valle","CLASIFICACION":"Camino Regional de Acceso","CALZADA":"U"},"geometry":{"type":"LineString","coordinates":[[-70.88008,-34.68723],[-70.87209,-34.70301],[-70.86606,-34.70993],[-70.86172,-34.71339],[-70.85386,-34.71636],[-70.85215,-34.71875]]}},{"id":"12469","type":"Feature","properties":{"ROL":"I-261","NOMBRE_CAMINO":"Cruce I-151 - La Javierana","CLASIFICACION":"Camino Regional de Acceso","CALZADA":"U"},"geometry":{"type":"LineString","coordinates":[[-70.9234,-34.60364],[-70.91508,-34.60463]]}},{"id":"12470","type":"Feature","properties":{"ROL":"I-578","NOMBRE_CAMINO":"Cruce I-70-J - Ranguil","CLASIFICACION":"Camino Regional de Acceso","CALZADA":"U"},"geometry":{"type":"LineString","coordinates":[[-71.69443,-34.84135],[-71.71563,-34.85267]]}},{"id":"12471","type":"Feature","properties":{"ROL":"I-394","NOMBRE_CAMINO":"Cruce I-40 (San Fernando) - Río Tinguiririca (Los Rulos)","CLASIFICACION":"Camino Regional de Acceso","CALZADA":"U"},"geometry":{"type":"LineString","coordinates":[[-71.00054,-34.5886],[-71.00324,-34.59399]]}},{"id":"12472","type":"Feature","properties":{"ROL":"I-734","NOMBRE_CAMINO":"Cruce I-736 (La Mina) - Fundo Santa Inés","CLASIFICACION":"Camino Regional de Acceso","CALZADA":"U"},"geometry":{"type":"LineString","coordinates":[[-71.43147,-34.62382],[-71.43394,-34.62842],[-71.43426,-34.6321]]}},{"id":"12473","type":"Feature","properties":{"ROL":"I-880","NOMBRE_CAMINO":"Cruce Ruta 5 (Paso Superior San Juan de la Sierra) - Cruce I-890","CLASIFICACION":"Camino Regional Comunal","CALZADA":"U"},"geometry":{"type":"LineString","coordinates":[[-71.00507,-34.6774],[-71.01063,-34.67504]]}},{"id":"12474","type":"Feature","properties":{"ROL":"I-534","NOMBRE_CAMINO":"Cruce I-530 - Estero","CLASIFICACION":"Camino Regional Comunal","CALZADA":"U"},"geometry":{"type":"LineString","coordinates":[[-71.97351,-34.75105],[-71.97215,-34.752]]}},{"id":"12475","type":"Feature","properties":{"ROL":"I-342","NOMBRE_CAMINO":"Cruce I-340 (Tropezón) - Río Tinguiririca","CLASIFICACION":"Camino Regional de Acceso","CALZADA":"U"},"geometry":{"type":"LineString","coordinates":[[-71.36426,-34.58822],[-71.35249,-34.58313]]}},{"id":"12476","type":"Feature","properties":{"ROL":"I-526","NOMBRE_CAMINO":"Cruce I-520 (El Quillay) - Cruce I-620 (El Calvario)","CLASIFICACION":"Camino Regional Comunal","CALZADA":"U"},"geometry":{"type":"LineString","coordinates":[[-71.92413,-34.58632],[-71.91808,-34.58795],[-71.91123,-34.59151],[-71.90924,-34.59391],[-71.90132,-34.59638],[-71.89534,-34.5973],[-71.89258,-34.59607],[-71.88668,-34.59607],[-71.88549,-34.5972],[-71.88354,-34.59634],[-71.87779,-34.59866]]}},{"id":"12477","type":"Feature","properties":{"ROL":"I-638","NOMBRE_CAMINO":"Cruce I-640 - Rincón de la Higuera","CLASIFICACION":"Camino Regional Comunal","CALZADA":"U"},"geometry":{"type":"LineString","coordinates":[[-71.61609,-34.64227],[-71.60933,-34.64345],[-71.60419,-34.63838]]}},{"id":"12478","type":"Feature","properties":{"ROL":"I-806","NOMBRE_CAMINO":"Cruce I-814 - La Orilla de Auquinco - Cruce I-814","CLASIFICACION":"Camino Regional Comunal","CALZADA":"U"},"geometry":{"type":"LineString","coordinates":[[-71.19049,-34.75794],[-71.18775,-34.74976],[-71.19282,-34.74409]]}},{"id":"12479","type":"Feature","properties":{"ROL":"I-538","NOMBRE_CAMINO":"Cruce I-540 (Panilongo) - Cruce I-548 (Tres Esquinas)","CLASIFICACION":"Camino Regional Comunal","CALZADA":"U"},"geometry":{"type":"LineString","coordinates":[[-71.94191,-34.69043],[-71.93841,-34.6925],[-71.93943,-34.69754],[-71.93809,-34.70063],[-71.93864,-34.70494],[-71.9301,-34.71442],[-71.92984,-34.71935],[-71.9271,-34.72478],[-71.9223,-34.72802],[-71.92409,-34.73042],[-71.92191,-34.73416],[-71.92613,-34.74111],[-71.92685,-34.74477],[-71.93053,-34.7489],[-71.93361,-34.75666],[-71.94077,-34.76036]]}},{"id":"12480","type":"Feature","properties":{"ROL":"I-612","NOMBRE_CAMINO":"Cruce I-60 - La Cabaña","CLASIFICACION":"Camino Regional Comunal","CALZADA":"U"},"geometry":{"type":"LineString","coordinates":[[-71.74003,-34.64274],[-71.74179,-34.63947],[-71.74986,-34.63779],[-71.75692,-34.63751],[-71.77163,-34.6395]]}},{"id":"12481","type":"Feature","properties":{"ROL":"S/R-H-458","NOMBRE_CAMINO":"Cruce H-60 (Millaray) - Río Claro","CLASIFICACION":"Camino Regional de Acceso (En Proceso de Enrolamiento)","CALZADA":"U"},"geometry":{"type":"LineString","coordinates":[[-70.97485,-34.38465],[-70.98494,-34.39572]]}},{"id":"12482","type":"Feature","properties":{"ROL":"S/R-H-892","NOMBRE_CAMINO":"Cruce H-762 - Cantarrana","CLASIFICACION":"Camino Regional de Acceso (En Proceso de Enrolamiento)","CALZADA":"U"},"geometry":{"type":"LineString","coordinates":[[-71.33073,-34.17378],[-71.32141,-34.18168]]}},{"id":"12483","type":"Feature","properties":{"ROL":"S/R-H-372","NOMBRE_CAMINO":"Cruce H-358 (Cementerio) - Cruce H-362 (Lo Ulloa)","CLASIFICACION":"Camino Regional Comunal (En Proceso de Enrolamiento)","CALZADA":"U"},"geometry":{"type":"LineString","coordinates":[[-71.0954,-34.29118],[-71.10077,-34.28054]]}},{"id":"12484","type":"Feature","properties":{"ROL":"S/R-H-264","NOMBRE_CAMINO":"Cruce H-276 - Cruce H-256 (Nemesio Camus)","CLASIFICACION":"Camino Regional Comunal (En Proceso de Enrolamiento)","CALZADA":"U"},"geometry":{"type":"LineString","coordinates":[[-70.89523,-34.1882],[-70.8956,-34.18702],[-70.88931,-34.18705],[-70.88775,-34.18367],[-70.88615,-34.18317],[-70.88568,-34.18038]]}},{"id":"12485","type":"Feature","properties":{"ROL":"S/R-H-119","NOMBRE_CAMINO":"Cruce H-45-G - Picarquín","CLASIFICACION":"Camino Regional de Acceso (En Proceso de Enrolamiento)","CALZADA":"U"},"geometry":{"type":"LineString","coordinates":[[-70.64368,-33.95677],[-70.63331,-33.95847]]}},{"id":"12486","type":"Feature","properties":{"ROL":"H-786","NOMBRE_CAMINO":"Cruce H-790 - Llaullauquén - La Albahaca","CLASIFICACION":"Camino Regional de Acceso","CALZADA":"U"},"geometry":{"type":"LineString","coordinates":[[-71.42649,-34.23266],[-71.42059,-34.22667]]}},{"id":"12487","type":"Feature","properties":{"ROL":"I-866","NOMBRE_CAMINO":"Cruce I-860 (Rinconada de Manantiales) - Rinconada El Cerro","CLASIFICACION":"Camino Regional Comunal","CALZADA":"U"},"geometry":{"type":"LineString","coordinates":[[-71.03141,-34.6288],[-71.03923,-34.6338]]}},{"id":"12488","type":"Feature","properties":{"ROL":"S/R-H-298","NOMBRE_CAMINO":"Cruce H-30 - Chuchunco","CLASIFICACION":"Camino Regional Comunal (En Proceso de Enrolamiento)","CALZADA":"U"},"geometry":{"type":"LineString","coordinates":[[-70.93659,-34.22231],[-70.93681,-34.21912],[-70.93928,-34.219],[-70.9392,-34.21698],[-70.9411,-34.21683],[-70.94088,-34.21394],[-70.94738,-34.20993]]}},{"id":"12489","type":"Feature","properties":{"ROL":"S/R-H-206","NOMBRE_CAMINO":"Cruce H-174 - Mutual El Teniente - Cruce H-174 (Santa Julia)","CLASIFICACION":"Camino Regional Comunal (En Proceso de Enrolamiento)","CALZADA":"U"},"geometry":{"type":"LineString","coordinates":[[-70.74534,-34.0644],[-70.73843,-34.04823]]}},{"id":"12490","type":"Feature","properties":{"ROL":"S/R-H-225","NOMBRE_CAMINO":"La Palma chica (Cancha) ","CLASIFICACION":"Camino Regional de Acceso (En Proceso de Enrolamiento)","CALZADA":"U"},"geometry":{"type":"LineString","coordinates":[[-70.71693,-34.11478],[-70.71723,-34.11549]]}},{"id":"12491","type":"Feature","properties":{"ROL":"I-530","NOMBRE_CAMINO":"Cruce I-540 - Estero - Cruce I-548","CLASIFICACION":"Camino Regional Comunal","CALZADA":"U"},"geometry":{"type":"LineString","coordinates":[[-71.97351,-34.75105],[-71.97305,-34.75117]]}},{"id":"12492","type":"Feature","properties":{"ROL":"I-364","NOMBRE_CAMINO":"Cruce I-52 (Nancagua) - La Orilla (Río Tinguiririca)","CLASIFICACION":"Camino Regional de Acceso","CALZADA":"U"},"geometry":{"type":"LineString","coordinates":[[-71.19943,-34.64965],[-71.20057,-34.64596],[-71.19889,-34.64546],[-71.19909,-34.64209],[-71.19174,-34.63915],[-71.1919,-34.63786]]}},{"id":"12493","type":"Feature","properties":{"ROL":"S/R-H-117","NOMBRE_CAMINO":"Cruce H-45-G - O´Higgins de Pilay","CLASIFICACION":"Camino Regional de Acceso (En Proceso de Enrolamiento)","CALZADA":"U"},"geometry":{"type":"LineString","coordinates":[[-70.64228,-33.94625],[-70.65072,-33.94729],[-70.65037,-33.9482],[-70.64734,-33.94702]]}},{"id":"12494","type":"Feature","properties":{"ROL":"S/R-H-904","NOMBRE_CAMINO":"El Pino - Lago Rapel","CLASIFICACION":"Camino Regional de Acceso (En Proceso de Enrolamiento)","CALZADA":"U"},"geometry":{"type":"LineString","coordinates":[[-71.3994,-34.11489],[-71.40355,-34.11912],[-71.40549,-34.11951],[-71.40518,-34.12553],[-71.40718,-34.12603],[-71.40829,-34.12888]]}},{"id":"12495","type":"Feature","properties":{"ROL":"S/R-H-1786","NOMBRE_CAMINO":"Cruce H-78 - Fundo","CLASIFICACION":"Camino Regional de Acceso (En Proceso de Enrolamiento)","CALZADA":"U"},"geometry":{"type":"LineString","coordinates":[[-71.30192,-34.22873],[-71.29734,-34.22902],[-71.29793,-34.22058]]}},{"id":"12496","type":"Feature","properties":{"ROL":"S/R-H-596","NOMBRE_CAMINO":"Cruce H-56 - Carrizal - Cruce H-584","CLASIFICACION":"Camino Regional Comunal (En Proceso de Enrolamiento)","CALZADA":"U"},"geometry":{"type":"LineString","coordinates":[[-71.03839,-34.35879],[-71.04035,-34.37015]]}},{"id":"12497","type":"Feature","properties":{"ROL":"S/R-H-1830","NOMBRE_CAMINO":"Cruce H-762 - Lago Rapel","CLASIFICACION":"Camino Regional de Acceso (En Proceso de Enrolamiento)","CALZADA":"U"},"geometry":{"type":"LineString","coordinates":[[-71.34719,-34.17843],[-71.365,-34.16762]]}},{"id":"12498","type":"Feature","properties":{"ROL":"S/R-H-542","NOMBRE_CAMINO":"Cruce H-60 - Camarico","CLASIFICACION":"Camino Regional de Acceso (En Proceso de Enrolamiento)","CALZADA":"U"},"geometry":{"type":"LineString","coordinates":[[-70.91515,-34.39405],[-70.9053,-34.38956]]}},{"id":"12499","type":"Feature","properties":{"ROL":"S/R-H-384","NOMBRE_CAMINO":"Cruce H-30 (Idahue) - Cruce H-382 (La Pampa)","CLASIFICACION":"Camino Regional Comunal (En Proceso de Enrolamiento)","CALZADA":"U"},"geometry":{"type":"LineString","coordinates":[[-71.14234,-34.32468],[-71.14735,-34.32234],[-71.15259,-34.32471],[-71.15893,-34.32136]]}},{"id":"12500","type":"Feature","properties":{"ROL":"S/R-H-123","NOMBRE_CAMINO":"Cruce Ruta 5 - San Pedro","CLASIFICACION":"Camino Regional de Acceso (En Proceso de Enrolamiento)","CALZADA":"U"},"geometry":{"type":"LineString","coordinates":[[-70.70562,-33.97419],[-70.67936,-33.97151]]}},{"id":"12501","type":"Feature","properties":{"ROL":"S/R-H-116","NOMBRE_CAMINO":"Cruce H-10 - Chitakelindo","CLASIFICACION":"Camino Regional de Acceso (En Proceso de Enrolamiento)","CALZADA":"U"},"geometry":{"type":"LineString","coordinates":[[-70.71366,-33.9385],[-70.71653,-33.93301],[-70.71538,-33.93235],[-70.71789,-33.92672]]}},{"id":"12502","type":"Feature","properties":{"ROL":"S/R-H-834","NOMBRE_CAMINO":"Cruce H-762 (San Luis) - LLavería","CLASIFICACION":"Camino Regional de Acceso (En Proceso de Enrolamiento)","CALZADA":"U"},"geometry":{"type":"LineString","coordinates":[[-71.32192,-34.16661],[-71.31238,-34.17466],[-71.31588,-34.17787],[-71.31071,-34.17977]]}},{"id":"12503","type":"Feature","properties":{"ROL":"S/R-H-268","NOMBRE_CAMINO":"Cruce H-256 (Nemesio Camus) - Carolina Pozo","CLASIFICACION":"Camino Regional Comunal (En Proceso de Enrolamiento)","CALZADA":"U"},"geometry":{"type":"LineString","coordinates":[[-70.89396,-34.18125],[-70.89409,-34.18695]]}},{"id":"12504","type":"Feature","properties":{"ROL":"S/R-H-420","NOMBRE_CAMINO":"Cruce H-418 - Santa Lucila ","CLASIFICACION":"Camino Regional Comunal (En Proceso de Enrolamiento)","CALZADA":"U"},"geometry":{"type":"LineString","coordinates":[[-70.85204,-34.26279],[-70.8456,-34.26279],[-70.84015,-34.2533]]}},{"id":"12505","type":"Feature","properties":{"ROL":"S/R-H-656","NOMBRE_CAMINO":"Cruce H-634 - Corcolén","CLASIFICACION":"Camino Regional de Acceso (En Proceso de Enrolamiento)","CALZADA":"U"},"geometry":{"type":"LineString","coordinates":[[-71.01114,-34.41156],[-71.01008,-34.4094],[-71.01144,-34.40889]]}},{"id":"12506","type":"Feature","properties":{"ROL":"I-487","NOMBRE_CAMINO":"Cruce I-475 - La Rubiana","CLASIFICACION":"Camino Regional de Acceso","CALZADA":"U"},"geometry":{"type":"LineString","coordinates":[[-70.77951,-34.74605],[-70.77878,-34.74742],[-70.77712,-34.74725],[-70.77729,-34.74835],[-70.78139,-34.75507],[-70.77939,-34.75867],[-70.77992,-34.76127],[-70.77823,-34.76602],[-70.77601,-34.76963],[-70.7784,-34.77372]]}},{"id":"12507","type":"Feature","properties":{"ROL":"S/R-H-436","NOMBRE_CAMINO":"Cruce Ruta 5 - El Polo","CLASIFICACION":"Camino Regional Comunal (En Proceso de Enrolamiento)","CALZADA":"U"},"geometry":{"type":"LineString","coordinates":[[-70.8059,-34.25979],[-70.81699,-34.25649],[-70.81921,-34.26065]]}},{"id":"12508","type":"Feature","properties":{"ROL":"I-675","NOMBRE_CAMINO":"Cruce I-85-J (Codegua) - Pidiguinco Bajo","CLASIFICACION":"Camino Regional de Acceso","CALZADA":"U"},"geometry":{"type":"LineString","coordinates":[[-70.94886,-34.76938],[-70.95876,-34.77312]]}},{"id":"12509","type":"Feature","properties":{"ROL":"I-548","NOMBRE_CAMINO":"Cruce I-566-J -Tres Esquinas - Cruce I-530","CLASIFICACION":"Camino Regional Comunal","CALZADA":"U"},"geometry":{"type":"LineString","coordinates":[[-71.93928,-34.76257],[-71.94181,-34.75912],[-71.94799,-34.75702],[-71.95115,-34.754],[-71.95761,-34.75246],[-71.96117,-34.7501],[-71.96411,-34.75075]]}},{"id":"12510","type":"Feature","properties":{"ROL":"I-862","NOMBRE_CAMINO":"Cruce Ruta 90 - Cruce I-38 (Fundo El Llano)","CLASIFICACION":"Camino Regional Comunal","CALZADA":"U"},"geometry":{"type":"LineString","coordinates":[[-71.05048,-34.61137],[-71.05126,-34.60966],[-71.05041,-34.60876]]}},{"id":"12511","type":"Feature","properties":{"ROL":"S/R-H-204","NOMBRE_CAMINO":"Av.Salvador Allende - H-190 (La Moranina)","CLASIFICACION":"Camino Regional Comunal (En Proceso de Enrolamiento)","CALZADA":"U"},"geometry":{"type":"LineString","coordinates":[[-70.76127,-34.1374],[-70.79206,-34.12993]]}},{"id":"12512","type":"Feature","properties":{"ROL":"S/R-H-500","NOMBRE_CAMINO":"Esmeralda - Valle Hermoso","CLASIFICACION":"Camino Regional Comunal (En Proceso de Enrolamiento)","CALZADA":"U"},"geometry":{"type":"LineString","coordinates":[[-70.90681,-34.35103],[-70.91263,-34.35009],[-70.91934,-34.36151],[-70.91717,-34.36299]]}},{"id":"12513","type":"Feature","properties":{"ROL":"S/R-H-360","NOMBRE_CAMINO":"Cruce H-30 - Cruce H-366","CLASIFICACION":"Camino Regional Comunal (En Proceso de Enrolamiento)","CALZADA":"U"},"geometry":{"type":"LineString","coordinates":[[-71.11184,-34.30142],[-71.11537,-34.29804]]}},{"id":"12514","type":"Feature","properties":{"ROL":"S/R-H-798","NOMBRE_CAMINO":"Cruce Ruta 66 - Calle Aldunate","CLASIFICACION":"Camino Regional Comunal (En Proceso de Enrolamiento)","CALZADA":"U"},"geometry":{"type":"LineString","coordinates":[[-71.29748,-34.29599],[-71.29899,-34.29566]]}},{"id":"12515","type":"Feature","properties":{"ROL":"S/R-H-742","NOMBRE_CAMINO":"La Turbina - Fundo","CLASIFICACION":"Camino Regional de Acceso (En Proceso de Enrolamiento)","CALZADA":"U"},"geometry":{"type":"LineString","coordinates":[[-71.20709,-34.34801],[-71.20572,-34.3506],[-71.20308,-34.34977],[-71.19823,-34.3524]]}},{"id":"12516","type":"Feature","properties":{"ROL":"S/R-H-1183","NOMBRE_CAMINO":"Candelaria - Callejón Las Rosas","CLASIFICACION":"Camino Regional de Acceso (En Proceso de Enrolamiento)","CALZADA":"U"},"geometry":{"type":"LineString","coordinates":[[-70.63873,-34.02367],[-70.6388,-34.03147]]}},{"id":"12517","type":"Feature","properties":{"ROL":"S/R-H-1792","NOMBRE_CAMINO":"Cruce H-790 (El Huecún) - Cruce H-790 (Punta Verde)","CLASIFICACION":"Camino Regional de Acceso (En Proceso de Enrolamiento)","CALZADA":"U"},"geometry":{"type":"LineString","coordinates":[[-71.46827,-34.15082],[-71.46353,-34.15147],[-71.46475,-34.15884]]}},{"id":"12518","type":"Feature","properties":{"ROL":"S/R-H-479","NOMBRE_CAMINO":"Cruce H-455 - Fundo","CLASIFICACION":"Camino Regional de Acceso (En Proceso de Enrolamiento)","CALZADA":"U"},"geometry":{"type":"LineString","coordinates":[[-70.76702,-34.31672],[-70.76967,-34.32167]]}},{"id":"12519","type":"Feature","properties":{"ROL":"S/R-H-1056","NOMBRE_CAMINO":"Cruce H-312 - Callejón Los Pérez - Cruce H-312 (Lo de Cuevas)","CLASIFICACION":"Camino Regional Comunal (En Proceso de Enrolamiento)","CALZADA":"U"},"geometry":{"type":"LineString","coordinates":[[-70.99063,-34.22429],[-70.99352,-34.22721],[-70.99611,-34.22735]]}},{"id":"12520","type":"Feature","properties":{"ROL":"S/R-H-890","NOMBRE_CAMINO":"Cruce H-78 - Callejón Lira","CLASIFICACION":"Camino Regional de Acceso (En Proceso de Enrolamiento)","CALZADA":"U"},"geometry":{"type":"LineString","coordinates":[[-71.33723,-34.19508],[-71.33453,-34.19503],[-71.33372,-34.19222]]}},{"id":"12521","type":"Feature","properties":{"ROL":"S/R-H-274","NOMBRE_CAMINO":"Cruce H-256 - Carmen Pérez","CLASIFICACION":"Camino Regional Comunal (En Proceso de Enrolamiento)","CALZADA":"U"},"geometry":{"type":"LineString","coordinates":[[-70.87775,-34.18688],[-70.87914,-34.18654]]}},{"id":"12522","type":"Feature","properties":{"ROL":"S/R-H-896","NOMBRE_CAMINO":"Cruce H-776 - Cruce H-802","CLASIFICACION":"Camino Regional Comunal (En Proceso de Enrolamiento)","CALZADA":"U"},"geometry":{"type":"LineString","coordinates":[[-71.29084,-34.2121],[-71.29637,-34.20136]]}},{"id":"12523","type":"Feature","properties":{"ROL":"S/R-H-808","NOMBRE_CAMINO":"Cruce H-776 (Las Palmas) - Cuesta La Panchina","CLASIFICACION":"Camino Regional Comunal (En Proceso de Enrolamiento)","CALZADA":"U"},"geometry":{"type":"LineString","coordinates":[[-71.22714,-34.19604],[-71.22699,-34.1969],[-71.23519,-34.19958],[-71.23939,-34.2033],[-71.24462,-34.20231],[-71.24482,-34.20123],[-71.2477,-34.20159],[-71.24936,-34.20324],[-71.26027,-34.20453],[-71.27396,-34.20398]]}},{"id":"12524","type":"Feature","properties":{"ROL":"S/R-H-473","NOMBRE_CAMINO":"Cruce H-475 - Las Hormigas","CLASIFICACION":"Camino Regional de Acceso (En Proceso de Enrolamiento)","CALZADA":"U"},"geometry":{"type":"LineString","coordinates":[[-70.82192,-34.32234],[-70.82189,-34.32458],[-70.82317,-34.32474],[-70.82398,-34.32699]]}},{"id":"12525","type":"Feature","properties":{"ROL":"S/R-H-413","NOMBRE_CAMINO":"Cruce H-35 (Siete Puentes) - Santa Luisa","CLASIFICACION":"Camino Regional Comunal (En Proceso de Enrolamiento)","CALZADA":"U"},"geometry":{"type":"LineString","coordinates":[[-70.74707,-34.21338],[-70.74257,-34.21393],[-70.74775,-34.22266]]}},{"id":"12526","type":"Feature","properties":{"ROL":"S/R-H-231","NOMBRE_CAMINO":"Cruce H-15 - Los Quilos","CLASIFICACION":"Camino Regional de Acceso (En Proceso de Enrolamiento)","CALZADA":"U"},"geometry":{"type":"LineString","coordinates":[[-70.6956,-34.14463],[-70.69974,-34.14109],[-70.69464,-34.13566]]}},{"id":"12527","type":"Feature","properties":{"ROL":"S/R-H-223","NOMBRE_CAMINO":"Cruce Ruta 5 - La Palma chica","CLASIFICACION":"Camino Regional Comunal (En Proceso de Enrolamiento)","CALZADA":"U"},"geometry":{"type":"LineString","coordinates":[[-70.72314,-34.11129],[-70.717,-34.11483],[-70.71623,-34.11266]]}},{"id":"12528","type":"Feature","properties":{"ROL":"S/R-H-184","NOMBRE_CAMINO":"Cruce H-10 - Las Mercedes","CLASIFICACION":"Camino Regional de Acceso (En Proceso de Enrolamiento)","CALZADA":"U"},"geometry":{"type":"LineString","coordinates":[[-70.73461,-34.07668],[-70.73845,-34.07626],[-70.73901,-34.0777],[-70.76917,-34.06934],[-70.77013,-34.07033],[-70.78392,-34.06549],[-70.78527,-34.06363]]}},{"id":"12529","type":"Feature","properties":{"ROL":"S/R-H-336","NOMBRE_CAMINO":"Cruce H-330 - Cruce H-334","CLASIFICACION":"Camino Regional Comunal (En Proceso de Enrolamiento)","CALZADA":"U"},"geometry":{"type":"LineString","coordinates":[[-71.05372,-34.26385],[-71.05829,-34.26409]]}},{"id":"12530","type":"Feature","properties":{"ROL":"S/R-H-792","NOMBRE_CAMINO":"Cruce Ruta 66 - Cruce H-782","CLASIFICACION":"Camino Regional Comunal (En Proceso de Enrolamiento)","CALZADA":"U"},"geometry":{"type":"LineString","coordinates":[[-71.29916,-34.29626],[-71.29809,-34.2923]]}},{"id":"12531","type":"Feature","properties":{"ROL":"URBI006","NOMBRE_CAMINO":"Cruce I-60 - Trazado oriente - Cruce I-60","CLASIFICACION":"Camino Regional Comunal (Conexión Vial Urbana)","CALZADA":"U"},"geometry":{"type":"LineString","coordinates":[[-71.65525,-34.60498],[-71.65235,-34.60375],[-71.65092,-34.59913]]}},{"id":"12532","type":"Feature","properties":{"ROL":"S/R-H-272","NOMBRE_CAMINO":"Cruce H-276 -Cruce H-256 (Medialuna)","CLASIFICACION":"Camino Regional Comunal (En Proceso de Enrolamiento)","CALZADA":"U"},"geometry":{"type":"LineString","coordinates":[[-70.89707,-34.18861],[-70.90057,-34.18195]]}},{"id":"12533","type":"Feature","properties":{"ROL":"S/R-H-440","NOMBRE_CAMINO":"Cruce H-408 - Olivar al Río","CLASIFICACION":"Camino Regional de Acceso (En Proceso de Enrolamiento)","CALZADA":"U"},"geometry":{"type":"LineString","coordinates":[[-70.8359,-34.20457],[-70.83888,-34.19812],[-70.84028,-34.1979],[-70.84001,-34.19426]]}},{"id":"12534","type":"Feature","properties":{"ROL":"S/R-H-332","NOMBRE_CAMINO":"Cruce H-320 - Cruce H-320 (Los Molineros)","CLASIFICACION":"Camino Regional Comunal (En Proceso de Enrolamiento)","CALZADA":"U"},"geometry":{"type":"LineString","coordinates":[[-71.03264,-34.224],[-71.04029,-34.21484],[-71.04931,-34.22083],[-71.04872,-34.2245],[-71.047,-34.22596],[-71.04178,-34.22631],[-71.03995,-34.23043]]}},{"id":"12535","type":"Feature","properties":{"ROL":"I-576","NOMBRE_CAMINO":"Cruce I-572 (Santa Teresa de Quinahue) - Cruce I-560 (Las Papas)","CLASIFICACION":"Camino Regional Comunal","CALZADA":"U"},"geometry":{"type":"LineString","coordinates":[[-71.76542,-34.79247],[-71.76736,-34.8111],[-71.76863,-34.81467],[-71.77349,-34.81956],[-71.77951,-34.82358],[-71.78245,-34.82206],[-71.78788,-34.82306],[-71.79092,-34.82077],[-71.79395,-34.82255],[-71.79676,-34.82669],[-71.80243,-34.8288],[-71.81011,-34.8375],[-71.81773,-34.84076],[-71.82312,-34.83718],[-71.82846,-34.83563],[-71.84049,-34.83705],[-71.84382,-34.83526],[-71.84548,-34.82498],[-71.84124,-34.8196],[-71.83954,-34.80905],[-71.84071,-34.80263],[-71.83826,-34.79987]]}},{"id":"12536","type":"Feature","properties":{"ROL":"S/R-H-262","NOMBRE_CAMINO":"Cruce H-270 - Cruce H-256 (Nemesio Camus)","CLASIFICACION":"Camino Regional Comunal (En Proceso de Enrolamiento)","CALZADA":"U"},"geometry":{"type":"LineString","coordinates":[[-70.88045,-34.18957],[-70.88016,-34.18643],[-70.88146,-34.1859],[-70.88082,-34.18162]]}},{"id":"12537","type":"Feature","properties":{"ROL":"S/R-H-439","NOMBRE_CAMINO":"Chumaco","CLASIFICACION":"Camino Regional Comunal (En Proceso de Enrolamiento)","CALZADA":"U"},"geometry":{"type":"LineString","coordinates":[[-70.7825,-34.27738],[-70.78378,-34.28656]]}},{"id":"12538","type":"Feature","properties":{"ROL":"S/R-H-367","NOMBRE_CAMINO":"Cruce H-365 - Camino a Reserva","CLASIFICACION":"Camino Regional Comunal (En Proceso de Enrolamiento)","CALZADA":"U"},"geometry":{"type":"LineString","coordinates":[[-70.48915,-34.24143],[-70.48958,-34.24384],[-70.48343,-34.24871]]}},{"id":"12539","type":"Feature","properties":{"ROL":"S/R-H-910","NOMBRE_CAMINO":"Cruce Ruta 66 (Parral) - Valdebenito","CLASIFICACION":"Camino Regional Comunal (En Proceso de Enrolamiento)","CALZADA":"U"},"geometry":{"type":"LineString","coordinates":[[-71.37383,-34.09302],[-71.36756,-34.09207],[-71.3643,-34.0969],[-71.36036,-34.09668],[-71.34131,-34.08563]]}},{"id":"12540","type":"Feature","properties":{"ROL":"S/R-H-388","NOMBRE_CAMINO":"Cruce H-382 (Oriente) - La Morgue ","CLASIFICACION":"Camino Regional Comunal (En Proceso de Enrolamiento)","CALZADA":"U"},"geometry":{"type":"LineString","coordinates":[[-71.13996,-34.31909],[-71.14735,-34.32234]]}},{"id":"12541","type":"Feature","properties":{"ROL":"S/R-H-229","NOMBRE_CAMINO":"Cruce Ruta 5 - El Porvenir","CLASIFICACION":"Camino Regional de Acceso (En Proceso de Enrolamiento)","CALZADA":"U"},"geometry":{"type":"LineString","coordinates":[[-70.72706,-34.12458],[-70.71226,-34.13033]]}},{"id":"12542","type":"Feature","properties":{"ROL":"S/R-H-175","NOMBRE_CAMINO":"Cruce H-11 - Nogales","CLASIFICACION":"Camino Regional de Acceso (En Proceso de Enrolamiento)","CALZADA":"U"},"geometry":{"type":"LineString","coordinates":[[-70.69563,-34.03902],[-70.69495,-34.04685],[-70.68458,-34.04542]]}},{"id":"12543","type":"Feature","properties":{"ROL":"URBH210","NOMBRE_CAMINO":"Av.Salvador Allende","CLASIFICACION":"Camino Regional Comunal (Conexión Vial Urbana)","CALZADA":"U"},"geometry":{"type":"LineString","coordinates":[[-70.75598,-34.12368],[-70.7722,-34.166],[-70.7875,-34.18252]]}},{"id":"12544","type":"Feature","properties":{"ROL":"S/R-H-930","NOMBRE_CAMINO":"Los Maitenes - El Cardal","CLASIFICACION":"Camino Regional de Acceso (En Proceso de Enrolamiento)","CALZADA":"U"},"geometry":{"type":"LineString","coordinates":[[-71.10198,-34.46022],[-71.09428,-34.46]]}},{"id":"12545","type":"Feature","properties":{"ROL":"S/R-H-764","NOMBRE_CAMINO":"Cruce Ruta 66 - La Esperanza","CLASIFICACION":"Camino Regional Comunal (En Proceso de Enrolamiento)","CALZADA":"U"},"geometry":{"type":"LineString","coordinates":[[-71.28823,-34.29578],[-71.29194,-34.30203],[-71.27636,-34.30809]]}},{"id":"12546","type":"Feature","properties":{"ROL":"S/R-H-477","NOMBRE_CAMINO":"Cruce H-475 - Fundo","CLASIFICACION":"Camino Regional de Acceso (En Proceso de Enrolamiento)","CALZADA":"U"},"geometry":{"type":"LineString","coordinates":[[-70.81697,-34.32354],[-70.81895,-34.3286],[-70.81764,-34.33128]]}},{"id":"12547","type":"Feature","properties":{"ROL":"S/R-H-1828","NOMBRE_CAMINO":"Los Mayos","CLASIFICACION":"Camino Regional de Acceso (En Proceso de Enrolamiento)","CALZADA":"U"},"geometry":{"type":"LineString","coordinates":[[-71.17535,-34.52505],[-71.17642,-34.52685],[-71.17969,-34.52596],[-71.18077,-34.53195]]}},{"id":"12548","type":"Feature","properties":{"ROL":"S/R-H-884","NOMBRE_CAMINO":"Cruce H-82-I  (Las Pataguas) - Cruce H-76-I","CLASIFICACION":"Camino Regional Comunal (En Proceso de Enrolamiento)","CALZADA":"U"},"geometry":{"type":"LineString","coordinates":[[-71.3688,-34.29339],[-71.37402,-34.28977],[-71.38047,-34.29172],[-71.38565,-34.28833],[-71.39694,-34.302]]}},{"id":"12549","type":"Feature","properties":{"ROL":"S/R-H-1546","NOMBRE_CAMINO":"Cruce H-546 - Villa Las Hojas","CLASIFICACION":"Camino Regional de Acceso (En Proceso de Enrolamiento)","CALZADA":"U"},"geometry":{"type":"LineString","coordinates":[[-70.86938,-34.38952],[-70.86894,-34.38862],[-70.87151,-34.3879]]}},{"id":"12550","type":"Feature","properties":{"ROL":"I-439","NOMBRE_CAMINO":"Cruce I-451 (Tinguiririca) - Montenegro - Cruce I-421","CLASIFICACION":"Camino Regional Comunal","CALZADA":"U"},"geometry":{"type":"LineString","coordinates":[[-70.96397,-34.64504],[-70.96901,-34.64272]]}},{"id":"12551","type":"Feature","properties":{"ROL":"S/R-H-1654","NOMBRE_CAMINO":"Cruce H-654 - Acceso Tunca del Medio","CLASIFICACION":"Camino Regional de Acceso (En Proceso de Enrolamiento)","CALZADA":"U"},"geometry":{"type":"LineString","coordinates":[[-71.09599,-34.38783],[-71.09444,-34.38985]]}},{"id":"12552","type":"Feature","properties":{"ROL":"S/R-H-302","NOMBRE_CAMINO":"Cruce H-30 - Las Camelias","CLASIFICACION":"Camino Regional Comunal (En Proceso de Enrolamiento)","CALZADA":"U"},"geometry":{"type":"LineString","coordinates":[[-70.9446,-34.22483],[-70.94445,-34.2201]]}},{"id":"12553","type":"Feature","properties":{"ROL":"S/R-H-1072","NOMBRE_CAMINO":"Cruce I-72 - Cruce I-572","CLASIFICACION":"Camino Regional Comunal (En Proceso de Enrolamiento)","CALZADA":"U"},"geometry":{"type":"LineString","coordinates":[[-71.72209,-34.73643],[-71.72165,-34.73775]]}},{"id":"12554","type":"Feature","properties":{"ROL":"S/R-H-1572","NOMBRE_CAMINO":"Cruce I-572 - Cruce I-566-J ","CLASIFICACION":"Camino Regional Comunal (En Proceso de Enrolamiento)","CALZADA":"U"},"geometry":{"type":"LineString","coordinates":[[-71.72997,-34.73956],[-71.7297,-34.73887]]}},{"id":"12555","type":"Feature","properties":{"ROL":"S/R-H-816","NOMBRE_CAMINO":"Cruce H-78 - Cerro","CLASIFICACION":"Camino Regional de Acceso (En Proceso de Enrolamiento)","CALZADA":"U"},"geometry":{"type":"LineString","coordinates":[[-71.3009,-34.23355],[-71.31057,-34.2356]]}},{"id":"12556","type":"Feature","properties":{"ROL":"S/R-I-1002","NOMBRE_CAMINO":"Santa Elvira","CLASIFICACION":"Camino Regional de Acceso (En Proceso de Enrolamiento)","CALZADA":"U"},"geometry":{"type":"LineString","coordinates":[[-71.31109,-34.65176],[-71.31535,-34.65425],[-71.3181,-34.65317]]}},{"id":"12557","type":"Feature","properties":{"ROL":"S/R-H-254","NOMBRE_CAMINO":"Cruce H-30 - Cruce H-270","CLASIFICACION":"Camino Regional Comunal (En Proceso de Enrolamiento)","CALZADA":"U"},"geometry":{"type":"LineString","coordinates":[[-70.87312,-34.20227],[-70.87263,-34.19119]]}},{"id":"12558","type":"Feature","properties":{"ROL":"S/R-H-1670","NOMBRE_CAMINO":"Cruce H-56 - Tunca al medio (Fundo)","CLASIFICACION":"Camino Regional de Acceso (En Proceso de Enrolamiento)","CALZADA":"U"},"geometry":{"type":"LineString","coordinates":[[-71.09809,-34.4055],[-71.09914,-34.4042],[-71.10176,-34.40371],[-71.10289,-34.40469],[-71.11164,-34.40203]]}},{"id":"12559","type":"Feature","properties":{"ROL":"S/R-H-466","NOMBRE_CAMINO":"Cruce Ruta 5 (Caletera) - Cruce Ruta 5 (Caletera El Retiro)","CLASIFICACION":"Camino Regional Comunal (En Proceso de Enrolamiento)","CALZADA":"U"},"geometry":{"type":"LineString","coordinates":[[-70.83484,-34.33438],[-70.83749,-34.33369],[-70.83861,-34.3359],[-70.83678,-34.33659],[-70.83647,-34.33821]]}},{"id":"12560","type":"Feature","properties":{"ROL":"I-530","NOMBRE_CAMINO":"Cruce I-540 - Estero - Cruce I-548","CLASIFICACION":"Camino Regional Comunal","CALZADA":"U"},"geometry":{"type":"LineString","coordinates":[[-71.98702,-34.74419],[-71.98028,-34.74636],[-71.97847,-34.74945],[-71.97398,-34.75113]]}},{"id":"12561","type":"Feature","properties":{"ROL":"S/R-H-912","NOMBRE_CAMINO":"Cruce H-92-G - Parral","CLASIFICACION":"Camino Regional Comunal (En Proceso de Enrolamiento)","CALZADA":"U"},"geometry":{"type":"LineString","coordinates":[[-71.36956,-34.08765],[-71.36754,-34.09207]]}},{"id":"12562","type":"Feature","properties":{"ROL":"S/R-H-1792","NOMBRE_CAMINO":"Cruce H-790 (El Huecún) - Cruce H-790 (Punta Verde)","CLASIFICACION":"Camino Regional de Acceso (En Proceso de Enrolamiento)","CALZADA":"U"},"geometry":{"type":"LineString","coordinates":[[-71.46627,-34.1765],[-71.46767,-34.1751],[-71.47472,-34.1741],[-71.47856,-34.16792],[-71.47775,-34.16683],[-71.47855,-34.16505],[-71.4772,-34.16392],[-71.47603,-34.165],[-71.47431,-34.1642],[-71.47004,-34.15757],[-71.46827,-34.15082]]}},{"id":"12563","type":"Feature","properties":{"ROL":"I-530","NOMBRE_CAMINO":"Cruce I-540 - Estero - Cruce I-548","CLASIFICACION":"Camino Regional Comunal","CALZADA":"U"},"geometry":{"type":"LineString","coordinates":[[-71.98452,-34.70837],[-71.98316,-34.71131],[-71.97973,-34.71142],[-71.97995,-34.71299],[-71.98679,-34.71389],[-71.98796,-34.71707],[-71.99012,-34.71843],[-71.9896,-34.71981],[-71.99086,-34.72073],[-71.99152,-34.72441],[-71.9935,-34.7248],[-71.99664,-34.72839],[-71.99455,-34.73215],[-71.99602,-34.74021]]}},{"id":"12564","type":"Feature","properties":{"ROL":"I-208","NOMBRE_CAMINO":"Cruce H-76-I (Marchigüe) - Camino antiguo Pichilemu","CLASIFICACION":"Camino Regional de Acceso","CALZADA":"U"},"geometry":{"type":"LineString","coordinates":[[-71.61708,-34.39547],[-71.615,-34.39604]]}},{"id":"12565","type":"Feature","properties":{"ROL":"S/R-H-351","NOMBRE_CAMINO":"Cruce Ruta 5 - Cruce H-35 (Siete Puentes)","CLASIFICACION":"Camino Regional Comunal (En Proceso de Enrolamiento)","CALZADA":"U"},"geometry":{"type":"LineString","coordinates":[[-70.75994,-34.2005],[-70.75132,-34.20287],[-70.74064,-34.2077],[-70.7385,-34.21016]]}},{"id":"12566","type":"Feature","properties":{"ROL":"S/R-H-278","NOMBRE_CAMINO":"Cruce H-276 - Calle Pedro Aguirre Cerda","CLASIFICACION":"Camino Regional Comunal (En Proceso de Enrolamiento)","CALZADA":"U"},"geometry":{"type":"LineString","coordinates":[[-70.90433,-34.19098],[-70.90266,-34.19658]]}},{"id":"12567","type":"Feature","properties":{"ROL":"I-1870","NOMBRE_CAMINO":"Cruce I-70 - Antiguo Acceso ","CLASIFICACION":"Camino Regional de Acceso","CALZADA":"U"},"geometry":{"type":"LineString","coordinates":[[-70.99194,-34.6202],[-70.99203,-34.61894]]}},{"id":"12568","type":"Feature","properties":{"ROL":"S/R-H-532","NOMBRE_CAMINO":"Cruce Ruta 5 (Caletera Poniente) - Cruce H-530","CLASIFICACION":"Camino Regional Comunal (En Proceso de Enrolamiento)","CALZADA":"U"},"geometry":{"type":"LineString","coordinates":[[-70.84607,-34.3554],[-70.8616,-34.35205]]}},{"id":"12569","type":"Feature","properties":{"ROL":"S/R-H-178","NOMBRE_CAMINO":"Cruce Ruta H-174 - Fundo La Higuera","CLASIFICACION":"Camino Regional de Acceso (En Proceso de Enrolamiento)","CALZADA":"U"},"geometry":{"type":"LineString","coordinates":[[-70.75313,-34.04543],[-70.75925,-34.04313]]}},{"id":"12570","type":"Feature","properties":{"ROL":"S/R-H-906","NOMBRE_CAMINO":"Cruce H-830 - al cerro","CLASIFICACION":"Camino Regional Comunal (En Proceso de Enrolamiento)","CALZADA":"U"},"geometry":{"type":"LineString","coordinates":[[-71.10451,-34.45526],[-71.10259,-34.45595]]}},{"id":"12571","type":"Feature","properties":{"ROL":"S/R-H-860","NOMBRE_CAMINO":"Cruce H-78 - Estero Las Palmas","CLASIFICACION":"Camino Regional de Acceso (En Proceso de Enrolamiento)","CALZADA":"U"},"geometry":{"type":"LineString","coordinates":[[-71.34811,-34.18846],[-71.33859,-34.18048]]}},{"id":"12572","type":"Feature","properties":{"ROL":"I-1111","NOMBRE_CAMINO":"Cruce I-111 (Acceso Norte) - Cruce I-111 ","CLASIFICACION":"Camino Regional Comunal","CALZADA":"U"},"geometry":{"type":"LineString","coordinates":[[-70.87973,-34.5175],[-70.88257,-34.52337]]}},{"id":"12573","type":"Feature","properties":{"ROL":"S/R-H-934","NOMBRE_CAMINO":"Cruce I-90-H - Cruce H-824","CLASIFICACION":"Camino Regional Comunal (En Proceso de Enrolamiento)","CALZADA":"U"},"geometry":{"type":"LineString","coordinates":[[-71.03821,-34.46102],[-71.03466,-34.46068]]}},{"id":"12574","type":"Feature","properties":{"ROL":"S/R-I-646","NOMBRE_CAMINO":"Cruce I-72 - San Pedro","CLASIFICACION":"Camino Regional de Acceso (En Proceso de Enrolamiento)","CALZADA":"U"},"geometry":{"type":"LineString","coordinates":[[-71.46448,-34.6779],[-71.46213,-34.67647],[-71.46129,-34.67126],[-71.46926,-34.66958]]}},{"id":"12575","type":"Feature","properties":{"ROL":"S/R-H-1405","NOMBRE_CAMINO":"Cruce Ruta 5 - Cruce H-405 (El Maitén)","CLASIFICACION":"Camino Regional Comunal (En Proceso de Enrolamiento)","CALZADA":"U"},"geometry":{"type":"LineString","coordinates":[[-70.77953,-34.22379],[-70.77818,-34.22389]]}},{"id":"12576","type":"Feature","properties":{"ROL":"S/R-I-990","NOMBRE_CAMINO":"Cruce I-188 - El Tonel","CLASIFICACION":"Camino Regional Comunal (En Proceso de Enrolamiento)","CALZADA":"U"},"geometry":{"type":"LineString","coordinates":[[-71.88658,-34.12669],[-71.89578,-34.13106]]}},{"id":"12577","type":"Feature","properties":{"ROL":"S/R-I-962","NOMBRE_CAMINO":"Cruce I-228 (La Aguada) - Pataguilla","CLASIFICACION":"Camino Regional de Acceso (En Proceso de Enrolamiento)","CALZADA":"U"},"geometry":{"type":"LineString","coordinates":[[-71.73576,-33.97135],[-71.73344,-33.97315],[-71.7343,-33.98058],[-71.73294,-33.98456],[-71.73408,-33.9886],[-71.74414,-33.99839]]}},{"id":"12578","type":"Feature","properties":{"ROL":"S/R-I-954","NOMBRE_CAMINO":"Cruce I-222 (La Aguada) - Pataguilla ","CLASIFICACION":"Camino Regional Comunal (En Proceso de Enrolamiento)","CALZADA":"U"},"geometry":{"type":"LineString","coordinates":[[-71.78641,-34.01754],[-71.78596,-34.01593],[-71.78245,-34.01366],[-71.78108,-34.01003],[-71.78287,-34.00524],[-71.78181,-34.00033],[-71.78343,-33.99722],[-71.78858,-33.99624],[-71.78686,-33.99338],[-71.78662,-33.98668],[-71.7879,-33.98333],[-71.79152,-33.98157],[-71.79166,-33.97966],[-71.79687,-33.97749],[-71.79741,-33.9712]]}},{"id":"12579","type":"Feature","properties":{"ROL":"S/R-I-317","NOMBRE_CAMINO":"Cruce I-45 (Bellavista) - Talcarehue","CLASIFICACION":"Camino Regional de Acceso (En Proceso de Enrolamiento)","CALZADA":"U"},"geometry":{"type":"LineString","coordinates":[[-70.89278,-34.64194],[-70.89843,-34.64649]]}},{"id":"12580","type":"Feature","properties":{"ROL":"S/R-I-744-J","NOMBRE_CAMINO":"Cruce J-60 (Hualañé) - Patacón - Cruce I-576 (Santa Teresa de Quinahue), Sector: Límite Regional (Patacón) - Santa Teresa de Quinahue","CLASIFICACION":"Camino Regional Provincial (En Proceso de Enrolamiento)","CALZADA":"U"},"geometry":{"type":"LineString","coordinates":[[-71.75775,-34.87958],[-71.75753,-34.87838]]}},{"id":"12581","type":"Feature","properties":{"ROL":"S/R-I-272","NOMBRE_CAMINO":"Cruce I-20 (San Miguel de Viluco) - Cruce I-154 (San Miguel de los LLanos)","CLASIFICACION":"Camino Regional Comunal (En Proceso de Enrolamiento)","CALZADA":"U"},"geometry":{"type":"LineString","coordinates":[[-71.62244,-34.28162],[-71.62233,-34.27428]]}},{"id":"12582","type":"Feature","properties":{"ROL":"S/R-I-970","NOMBRE_CAMINO":"La Vega de Pupuya hacia el Sur","CLASIFICACION":"Camino Regional Comunal (En Proceso de Enrolamiento)","CALZADA":"U"},"geometry":{"type":"LineString","coordinates":[[-71.8732,-34.01953],[-71.8707,-34.0172],[-71.87104,-34.00598],[-71.87181,-34.00252],[-71.87671,-33.9972],[-71.87907,-33.98822]]}},{"id":"12583","type":"Feature","properties":{"ROL":"S/R-I-574","NOMBRE_CAMINO":"Cruce I-566-J - Cerro Alegre - Cruce I-572","CLASIFICACION":"Camino Regional de Acceso (En Proceso de Enrolamiento)","CALZADA":"U"},"geometry":{"type":"LineString","coordinates":[[-71.77693,-34.74831],[-71.77074,-34.74827],[-71.76942,-34.74975],[-71.76888,-34.75291],[-71.77015,-34.75747],[-71.7686,-34.75929],[-71.76963,-34.76113],[-71.76801,-34.76428],[-71.76803,-34.76835],[-71.76374,-34.77261],[-71.76703,-34.77768],[-71.76531,-34.79245]]}},{"id":"12584","type":"Feature","properties":{"ROL":"S/R-I-360","NOMBRE_CAMINO":"Cruce I-350 - La Judea","CLASIFICACION":"Camino Regional de Acceso (En Proceso de Enrolamiento)","CALZADA":"U"},"geometry":{"type":"LineString","coordinates":[[-71.25197,-34.6364],[-71.24562,-34.62998]]}},{"id":"12585","type":"Feature","properties":{"ROL":"S/R-H-543","NOMBRE_CAMINO":"Cruce H-541 - Cerro Tipaume","CLASIFICACION":"Camino Regional de Acceso (En Proceso de Enrolamiento)","CALZADA":"U"},"geometry":{"type":"LineString","coordinates":[[-70.79585,-34.37449],[-70.78169,-34.3833],[-70.76651,-34.38828]]}},{"id":"12586","type":"Feature","properties":{"ROL":"S/R-I-366","NOMBRE_CAMINO":"Cruce Ruta 90 - Ana Luisa","CLASIFICACION":"Camino Regional de Acceso (En Proceso de Enrolamiento)","CALZADA":"U"},"geometry":{"type":"LineString","coordinates":[[-71.28228,-34.64123],[-71.28638,-34.63957],[-71.28562,-34.63821],[-71.28136,-34.63991],[-71.28228,-34.64123]]}},{"id":"12587","type":"Feature","properties":{"ROL":"S/R-I-698","NOMBRE_CAMINO":"Cruce I-550 - El Casuto","CLASIFICACION":"Camino Regional de Acceso (En Proceso de Enrolamiento)","CALZADA":"U"},"geometry":{"type":"LineString","coordinates":[[-71.89002,-34.68587],[-71.88698,-34.68529],[-71.87463,-34.68704]]}},{"id":"12588","type":"Feature","properties":{"ROL":"S/R-I-242","NOMBRE_CAMINO":"Cruce I-226 - Los Motores","CLASIFICACION":"Camino Regional de Acceso (En Proceso de Enrolamiento)","CALZADA":"U"},"geometry":{"type":"LineString","coordinates":[[-71.79013,-33.93898],[-71.78327,-33.93619]]}},{"id":"12589","type":"Feature","properties":{"ROL":"S/R-I-764","NOMBRE_CAMINO":"Cruce I-82 - Cruce I-758","CLASIFICACION":"Camino Regional Comunal (En Proceso de Enrolamiento)","CALZADA":"U"},"geometry":{"type":"LineString","coordinates":[[-71.26229,-34.71722],[-71.2633,-34.71578],[-71.25745,-34.6975]]}},{"id":"12590","type":"Feature","properties":{"ROL":"S/R-I-240","NOMBRE_CAMINO":"Quebrada Honda Norte ","CLASIFICACION":"Camino Regional de Acceso (En Proceso de Enrolamiento)","CALZADA":"U"},"geometry":{"type":"LineString","coordinates":[[-71.54869,-34.00826],[-71.54731,-34.00627],[-71.54567,-34.00629]]}},{"id":"12591","type":"Feature","properties":{"ROL":"S/R-I-770","NOMBRE_CAMINO":"Cruce I-82 - Las Hijuelas","CLASIFICACION":"Camino Regional Comunal (En Proceso de Enrolamiento)","CALZADA":"U"},"geometry":{"type":"LineString","coordinates":[[-71.23298,-34.70791],[-71.24234,-34.69889],[-71.24716,-34.69648],[-71.24806,-34.69769],[-71.25279,-34.69616],[-71.25744,-34.69747]]}},{"id":"12592","type":"Feature","properties":{"ROL":"S/R-I-333","NOMBRE_CAMINO":"Cruce I-309 - Callejón Victoria","CLASIFICACION":"Camino Regional de Acceso (En Proceso de Enrolamiento)","CALZADA":"U"},"geometry":{"type":"LineString","coordinates":[[-70.85122,-34.65083],[-70.84753,-34.64615]]}},{"id":"12593","type":"Feature","properties":{"ROL":"S/R-H-862","NOMBRE_CAMINO":"Cruce H-78 - Fundo","CLASIFICACION":"Camino Regional de Acceso (En Proceso de Enrolamiento)","CALZADA":"U"},"geometry":{"type":"LineString","coordinates":[[-71.3653,-34.178],[-71.36726,-34.18479],[-71.37071,-34.18542],[-71.37183,-34.18746],[-71.3741,-34.18684]]}},{"id":"12594","type":"Feature","properties":{"ROL":"S/R-I-254","NOMBRE_CAMINO":"Cruce I-226 - Lincancheu - Cruce I-226 (La Boca)","CLASIFICACION":"Camino Regional Comunal (En Proceso de Enrolamiento)","CALZADA":"U"},"geometry":{"type":"LineString","coordinates":[[-71.79632,-33.94424],[-71.79818,-33.94196],[-71.79707,-33.93277],[-71.80378,-33.92722],[-71.80837,-33.92926],[-71.80967,-33.93215],[-71.81593,-33.93396],[-71.81931,-33.93881],[-71.82036,-33.93837],[-71.82014,-33.93596],[-71.82159,-33.93523],[-71.82146,-33.93193],[-71.82444,-33.92877],[-71.83704,-33.93607]]}},{"id":"12595","type":"Feature","properties":{"ROL":"S/R-I-1028","NOMBRE_CAMINO":"Cruce Ruta 90 -  hacia el Sur","CLASIFICACION":"Camino Regional Comunal (En Proceso de Enrolamiento)","CALZADA":"U"},"geometry":{"type":"LineString","coordinates":[[-71.78961,-34.30273],[-71.78834,-34.30386],[-71.78765,-34.30939]]}},{"id":"12596","type":"Feature","properties":{"ROL":"S/R-I-614","NOMBRE_CAMINO":"La Cabaña oriente","CLASIFICACION":"Camino Regional de Acceso (En Proceso de Enrolamiento)","CALZADA":"U"},"geometry":{"type":"LineString","coordinates":[[-71.5656,-34.72464],[-71.55165,-34.72532]]}},{"id":"12597","type":"Feature","properties":{"ROL":"S/R-I-480","NOMBRE_CAMINO":"Cruce I-594 - Rincón la Vega","CLASIFICACION":"Camino Regional de Acceso (En Proceso de Enrolamiento)","CALZADA":"U"},"geometry":{"type":"LineString","coordinates":[[-71.67663,-34.70323],[-71.67931,-34.68477],[-71.68158,-34.68198],[-71.68067,-34.67938]]}},{"id":"12598","type":"Feature","properties":{"ROL":"S/R-I-846","NOMBRE_CAMINO":"Cruce I-850 - Camino La Mina","CLASIFICACION":"Camino Regional de Acceso (En Proceso de Enrolamiento)","CALZADA":"U"},"geometry":{"type":"LineString","coordinates":[[-71.04525,-34.62657],[-71.05587,-34.63291]]}},{"id":"12599","type":"Feature","properties":{"ROL":"S/R-I-784","NOMBRE_CAMINO":"El Rosario","CLASIFICACION":"Camino Regional de Acceso (En Proceso de Enrolamiento)","CALZADA":"U"},"geometry":{"type":"LineString","coordinates":[[-71.2633,-34.71581],[-71.26815,-34.71295],[-71.26676,-34.70971],[-71.26882,-34.7078]]}},{"id":"12600","type":"Feature","properties":{"ROL":"S/R-I-1180","NOMBRE_CAMINO":"Cruce Ruta 90 - Cruce I-180","CLASIFICACION":"Camino Regional Comunal (En Proceso de Enrolamiento)","CALZADA":"U"},"geometry":{"type":"LineString","coordinates":[[-71.85095,-34.30854],[-71.85176,-34.30665]]}},{"id":"12601","type":"Feature","properties":{"ROL":"S/R-I-211","NOMBRE_CAMINO":"Cruce I-181 - Fundo del Medio - Cruce I-151","CLASIFICACION":"Camino Regional Comunal (En Proceso de Enrolamiento)","CALZADA":"U"},"geometry":{"type":"LineString","coordinates":[[-70.95192,-34.55776],[-70.95274,-34.55915],[-70.95173,-34.55985],[-70.95454,-34.56481],[-70.94978,-34.56763],[-70.96423,-34.59622]]}},{"id":"12602","type":"Feature","properties":{"ROL":"S/R-I-454","NOMBRE_CAMINO":"Nuevo Reino - El Rincón ","CLASIFICACION":"Camino Regional Comunal (En Proceso de Enrolamiento)","CALZADA":"U"},"geometry":{"type":"LineString","coordinates":[[-71.97107,-34.40752],[-71.97131,-34.40843],[-71.96387,-34.41098]]}},{"id":"12603","type":"Feature","properties":{"ROL":"S/R-I-316","NOMBRE_CAMINO":"Cruce I-330 - La Tricahuera","CLASIFICACION":"Camino Regional de Acceso (En Proceso de Enrolamiento)","CALZADA":"U"},"geometry":{"type":"LineString","coordinates":[[-71.39591,-34.50166],[-71.39055,-34.50068],[-71.37771,-34.50251]]}},{"id":"12604","type":"Feature","properties":{"ROL":"S/R-I-1026","NOMBRE_CAMINO":"Cruce Ruta 90 (Puente Las Garzas) hacia el Sur","CLASIFICACION":"Camino Regional de Acceso (En Proceso de Enrolamiento)","CALZADA":"U"},"geometry":{"type":"LineString","coordinates":[[-71.79546,-34.30189],[-71.79491,-34.30355],[-71.79662,-34.30541],[-71.79556,-34.30636]]}},{"id":"12605","type":"Feature","properties":{"ROL":"S/R-I-1660","NOMBRE_CAMINO":"Cruce I-660 (Acceso Puente Yerbas Buenas)  - Cruce I-660","CLASIFICACION":"Camino Regional Comunal (En Proceso de Enrolamiento)","CALZADA":"U"},"geometry":{"type":"LineString","coordinates":[[-71.64233,-34.40996],[-71.64366,-34.41032]]}},{"id":"12606","type":"Feature","properties":{"ROL":"S/R-I-1010","NOMBRE_CAMINO":"Cruce I-496 - al Oriente","CLASIFICACION":"Camino Regional de Acceso (En Proceso de Enrolamiento)","CALZADA":"U"},"geometry":{"type":"LineString","coordinates":[[-71.92,-34.5094],[-71.91741,-34.50979]]}},{"id":"12607","type":"Feature","properties":{"ROL":"S/R-I-635","NOMBRE_CAMINO":"Cruce I-85-J - Fundo el Carrizal","CLASIFICACION":"Camino Regional de Acceso (En Proceso de Enrolamiento)","CALZADA":"U"},"geometry":{"type":"LineString","coordinates":[[-70.97553,-34.73574],[-70.96978,-34.72414],[-70.96042,-34.72702]]}},{"id":"12608","type":"Feature","properties":{"ROL":"S/R-I-600","NOMBRE_CAMINO":"Cruce I-72  - La Pradera","CLASIFICACION":"Camino Regional de Acceso (En Proceso de Enrolamiento)","CALZADA":"U"},"geometry":{"type":"LineString","coordinates":[[-71.61517,-34.7132],[-71.61573,-34.71472],[-71.6072,-34.72028]]}},{"id":"12609","type":"Feature","properties":{"ROL":"S/R-I-335","NOMBRE_CAMINO":"Cruce I-309 - Callejón Unión Americana","CLASIFICACION":"Camino Regional de Acceso (En Proceso de Enrolamiento)","CALZADA":"U"},"geometry":{"type":"LineString","coordinates":[[-70.85064,-34.65115],[-70.84375,-34.64457]]}},{"id":"12610","type":"Feature","properties":{"ROL":"S/R-I-416","NOMBRE_CAMINO":"Cruce I-494 - Rodelillo","CLASIFICACION":"Camino Regional de Acceso (En Proceso de Enrolamiento)","CALZADA":"U"},"geometry":{"type":"LineString","coordinates":[[-71.9339,-34.51625],[-71.93638,-34.51596],[-71.9408,-34.51833],[-71.94458,-34.5225],[-71.94739,-34.52261]]}},{"id":"12611","type":"Feature","properties":{"ROL":"S/R-I-1230","NOMBRE_CAMINO":"Cruce I-90-H - Las Parcelas","CLASIFICACION":"Camino Regional de Acceso (En Proceso de Enrolamiento)","CALZADA":"U"},"geometry":{"type":"LineString","coordinates":[[-70.98475,-34.53721],[-70.98612,-34.53653]]}},{"id":"12612","type":"Feature","properties":{"ROL":"S/R-I-258","NOMBRE_CAMINO":"El Culenar - El BajÍo","CLASIFICACION":"Camino Regional Comunal (En Proceso de Enrolamiento)","CALZADA":"U"},"geometry":{"type":"LineString","coordinates":[[-71.82668,-33.9297],[-71.82788,-33.92784],[-71.8256,-33.92566],[-71.82541,-33.92222],[-71.81909,-33.91453]]}},{"id":"12613","type":"Feature","properties":{"ROL":"S/R-I-894","NOMBRE_CAMINO":"San Francisco al río","CLASIFICACION":"Camino Regional de Acceso (En Proceso de Enrolamiento)","CALZADA":"U"},"geometry":{"type":"LineString","coordinates":[[-71.37801,-34.4459],[-71.37777,-34.44894],[-71.37904,-34.45049],[-71.3764,-34.4567]]}},{"id":"12614","type":"Feature","properties":{"ROL":"S/R-I-153","NOMBRE_CAMINO":"Cruce I-111 - San José de Los Lingues - Cruce I-151","CLASIFICACION":"Camino Regional Comunal (En Proceso de Enrolamiento)","CALZADA":"U"},"geometry":{"type":"LineString","coordinates":[[-70.91317,-34.55284],[-70.92295,-34.54933]]}},{"id":"12615","type":"Feature","properties":{"ROL":"S/R-I-456","NOMBRE_CAMINO":"Cruce I-502 - Cuesta La Ligua - Cruce I-510","CLASIFICACION":"Camino Regional Comunal (En Proceso de Enrolamiento)","CALZADA":"U"},"geometry":{"type":"LineString","coordinates":[[-72.01364,-34.61036],[-72.01186,-34.60823],[-71.99855,-34.60807],[-71.9968,-34.6049],[-71.9953,-34.60582],[-71.99367,-34.60511]]}},{"id":"12616","type":"Feature","properties":{"ROL":"S/R-I-751","NOMBRE_CAMINO":"Cruce I-85-J (El Sauce) - Cruce I-815","CLASIFICACION":"Camino Regional Comunal (En Proceso de Enrolamiento)","CALZADA":"U"},"geometry":{"type":"LineString","coordinates":[[-70.97106,-34.82223],[-70.97639,-34.83344],[-70.98066,-34.83612],[-70.98443,-34.83455],[-70.98566,-34.83654]]}},{"id":"12617","type":"Feature","properties":{"ROL":"S/R-I-974","NOMBRE_CAMINO":"Cruce I-192 (Valle Negro) - La Campana","CLASIFICACION":"Camino Regional Comunal (En Proceso de Enrolamiento)","CALZADA":"U"},"geometry":{"type":"LineString","coordinates":[[-71.8594,-34.03311],[-71.86028,-34.03017],[-71.85885,-34.02904],[-71.85906,-34.02704],[-71.86397,-34.023],[-71.86169,-34.02335],[-71.85853,-34.02027],[-71.85477,-34.02194],[-71.85472,-34.01974],[-71.85283,-34.02079]]}},{"id":"12618","type":"Feature","properties":{"ROL":"S/R-I-174","NOMBRE_CAMINO":"Cruce I-120 (Bellavista) - Estero seco","CLASIFICACION":"Camino Regional Comunal (En Proceso de Enrolamiento)","CALZADA":"U"},"geometry":{"type":"LineString","coordinates":[[-71.65171,-34.19055],[-71.64541,-34.19013],[-71.6429,-34.18649],[-71.64185,-34.18196],[-71.64046,-34.18168]]}},{"id":"12619","type":"Feature","properties":{"ROL":"S/R-I-958","NOMBRE_CAMINO":"Cruce I-224 (Pataguilla) - San Rafael","CLASIFICACION":"Camino Regional Comunal (En Proceso de Enrolamiento)","CALZADA":"U"},"geometry":{"type":"LineString","coordinates":[[-71.79998,-33.97059],[-71.79296,-33.97303],[-71.78395,-33.97373],[-71.78379,-33.9776]]}},{"id":"12620","type":"Feature","properties":{"ROL":"S/R-I-1014","NOMBRE_CAMINO":"Quebrada Pozo El Encanto","CLASIFICACION":"Camino Regional de Acceso (En Proceso de Enrolamiento)","CALZADA":"U"},"geometry":{"type":"LineString","coordinates":[[-71.88949,-34.50928],[-71.88875,-34.51098]]}},{"id":"12621","type":"Feature","properties":{"ROL":"S/R-I-256","NOMBRE_CAMINO":"Cruce I-562 (Las Papas) - Cruce I-576 (El Alto)","CLASIFICACION":"Camino Regional Comunal (En Proceso de Enrolamiento)","CALZADA":"U"},"geometry":{"type":"LineString","coordinates":[[-71.85448,-34.79565],[-71.85113,-34.79988],[-71.85128,-34.80566],[-71.84865,-34.8095],[-71.85022,-34.81339],[-71.84771,-34.81526],[-71.84676,-34.82057],[-71.84749,-34.82402],[-71.84556,-34.82568]]}},{"id":"12622","type":"Feature","properties":{"ROL":"S/R-I-262","NOMBRE_CAMINO":"Cruce I-230 - El Culenar","CLASIFICACION":"Camino Regional Comunal (En Proceso de Enrolamiento)","CALZADA":"U"},"geometry":{"type":"LineString","coordinates":[[-71.80388,-33.91798],[-71.81192,-33.91865],[-71.81417,-33.92029],[-71.81653,-33.91963],[-71.82505,-33.923]]}},{"id":"12623","type":"Feature","properties":{"ROL":"S/R-I-518","NOMBRE_CAMINO":"Cruce I-466 (Las Comillas) - El Nuevo Reino","CLASIFICACION":"Camino Regional Comunal (En Proceso de Enrolamiento)","CALZADA":"U"},"geometry":{"type":"LineString","coordinates":[[-71.9851,-34.44984],[-71.97447,-34.44111]]}},{"id":"12624","type":"Feature","properties":{"ROL":"S/R-I-504","NOMBRE_CAMINO":"Cruce I-410 (Lo Gallardo) - Cruce I-410 (Alto Ramirez)","CLASIFICACION":"Camino Regional Comunal (En Proceso de Enrolamiento)","CALZADA":"U"},"geometry":{"type":"LineString","coordinates":[[-71.93578,-34.46978],[-71.93325,-34.469],[-71.93195,-34.47033],[-71.93182,-34.46905],[-71.92666,-34.47098],[-71.92273,-34.47495],[-71.91348,-34.47631],[-71.90477,-34.48186]]}},{"id":"12625","type":"Feature","properties":{"ROL":"S/R-I-470","NOMBRE_CAMINO":"Cruce I-538 (Peral) - Cruce I-548 (Alto Los Briones)","CLASIFICACION":"Camino Regional de Acceso (En Proceso de Enrolamiento)","CALZADA":"U"},"geometry":{"type":"LineString","coordinates":[[-71.93821,-34.70556],[-71.94229,-34.70616],[-71.94249,-34.7074],[-71.94509,-34.70796],[-71.94654,-34.7098],[-71.94642,-34.71153],[-71.94925,-34.71529],[-71.94966,-34.71917],[-71.95411,-34.72382],[-71.95486,-34.7288]]}},{"id":"12626","type":"Feature","properties":{"ROL":"S/R-I-744-J","NOMBRE_CAMINO":"Cruce J-60 (Hualañé) - Patacón - Cruce I-576 (Santa Teresa de Quinahue), Sector: Límite Regional (Patacón) - Santa Teresa de Quinahue","CLASIFICACION":"Camino Regional Provincial (En Proceso de Enrolamiento)","CALZADA":"U"},"geometry":{"type":"LineString","coordinates":[[-71.75753,-34.87838],[-71.75247,-34.86672],[-71.75148,-34.85383],[-71.75399,-34.84594],[-71.75342,-34.83822],[-71.76062,-34.8201],[-71.7609,-34.81313],[-71.76752,-34.81154]]}},{"id":"12627","type":"Feature","properties":{"ROL":"S/R-I-994","NOMBRE_CAMINO":"Cruce I-128 - El Pozo","CLASIFICACION":"Camino Regional de Acceso (En Proceso de Enrolamiento)","CALZADA":"U"},"geometry":{"type":"LineString","coordinates":[[-71.76475,-34.16474],[-71.78063,-34.16788]]}},{"id":"12628","type":"Feature","properties":{"ROL":"S/R-I-460","NOMBRE_CAMINO":"Cruce I-550 (Quebrada Los Romeros) - Los Ortiz","CLASIFICACION":"Camino Regional Comunal (En Proceso de Enrolamiento)","CALZADA":"U"},"geometry":{"type":"LineString","coordinates":[[-71.83187,-34.76263],[-71.82902,-34.75968],[-71.82989,-34.75285],[-71.82703,-34.7455]]}},{"id":"12629","type":"Feature","properties":{"ROL":"S/R-I-950","NOMBRE_CAMINO":"Cruce I-226 - Vista Hermosa","CLASIFICACION":"Camino Regional de Acceso (En Proceso de Enrolamiento)","CALZADA":"U"},"geometry":{"type":"LineString","coordinates":[[-71.78934,-33.93946],[-71.78749,-33.94296],[-71.78381,-33.94563],[-71.78325,-33.9491],[-71.7811,-33.94861],[-71.77592,-33.95037],[-71.77278,-33.95388]]}},{"id":"12630","type":"Feature","properties":{"ROL":"S/R-I-754","NOMBRE_CAMINO":"Cruce I-752 - Cruce I-756","CLASIFICACION":"Camino Regional Comunal (En Proceso de Enrolamiento)","CALZADA":"U"},"geometry":{"type":"LineString","coordinates":[[-71.30117,-34.6473],[-71.30241,-34.64687],[-71.31115,-34.65183],[-71.30694,-34.65696],[-71.30061,-34.65772]]}},{"id":"12631","type":"Feature","properties":{"ROL":"S/R-I-164","NOMBRE_CAMINO":"Guadalao","CLASIFICACION":"Camino Regional de Acceso (En Proceso de Enrolamiento)","CALZADA":"U"},"geometry":{"type":"LineString","coordinates":[[-71.54586,-34.26416],[-71.55402,-34.26673]]}},{"id":"12632","type":"Feature","properties":{"ROL":"S/R-I-972","NOMBRE_CAMINO":"Cruce I-112 (Pupuya) - Cruce I-192 (La Campana)","CLASIFICACION":"Camino Regional Comunal (En Proceso de Enrolamiento)","CALZADA":"U"},"geometry":{"type":"LineString","coordinates":[[-71.86309,-33.99292],[-71.86396,-33.99332],[-71.86295,-33.99642],[-71.8638,-34.00084],[-71.86064,-34.00375],[-71.85887,-34.00687],[-71.85926,-34.00915],[-71.85554,-34.01545],[-71.85384,-34.01615],[-71.85227,-34.02299]]}},{"id":"12633","type":"Feature","properties":{"ROL":"S/R-I-622","NOMBRE_CAMINO":"Cruce I-592 - Alto Nerquihue - Cruce I-650","CLASIFICACION":"Camino Regional Comunal (En Proceso de Enrolamiento)","CALZADA":"U"},"geometry":{"type":"LineString","coordinates":[[-71.52728,-34.66104],[-71.52699,-34.65884],[-71.52469,-34.65859],[-71.52609,-34.65563],[-71.52463,-34.65439],[-71.52618,-34.65304],[-71.52513,-34.65277],[-71.52782,-34.64712],[-71.52881,-34.64733],[-71.53379,-34.63916],[-71.53289,-34.63566],[-71.53364,-34.63344],[-71.53613,-34.63185],[-71.53624,-34.62496]]}},{"id":"12634","type":"Feature","properties":{"ROL":"S/R-I-321","NOMBRE_CAMINO":"Cruce I-309  (Bajo los Pablos) - Estero Antivero","CLASIFICACION":"Camino Regional de Acceso (En Proceso de Enrolamiento)","CALZADA":"U"},"geometry":{"type":"LineString","coordinates":[[-70.87002,-34.63617],[-70.87105,-34.63515]]}},{"id":"12635","type":"Feature","properties":{"ROL":"S/R-I-655","NOMBRE_CAMINO":"Cruce I-85-J - San Agustín","CLASIFICACION":"Camino Regional de Acceso (En Proceso de Enrolamiento)","CALZADA":"U"},"geometry":{"type":"LineString","coordinates":[[-70.96401,-34.74519],[-70.96827,-34.75286],[-70.96785,-34.75534]]}},{"id":"12636","type":"Feature","properties":{"ROL":"S/R-I-250","NOMBRE_CAMINO":"Cruce Ruta 90 - Fundo Santa Ana","CLASIFICACION":"Camino Regional de Acceso (En Proceso de Enrolamiento)","CALZADA":"U"},"geometry":{"type":"LineString","coordinates":[[-71.56049,-34.44513],[-71.55837,-34.44035],[-71.56049,-34.43203],[-71.55809,-34.42158],[-71.56908,-34.41924],[-71.5706,-34.41696],[-71.57293,-34.41618],[-71.57458,-34.41702],[-71.57759,-34.42604]]}},{"id":"12637","type":"Feature","properties":{"ROL":"S/R-I-506","NOMBRE_CAMINO":"Cruce I-450 (Los Cruceros) - Cruce I-490 (El Copao)","CLASIFICACION":"Camino Regional Comunal (En Proceso de Enrolamiento)","CALZADA":"U"},"geometry":{"type":"LineString","coordinates":[[-71.97636,-34.48413],[-71.98242,-34.48338],[-71.9838,-34.48471],[-71.98717,-34.48255],[-71.98619,-34.48087],[-71.99172,-34.47297],[-71.98796,-34.46374]]}},{"id":"12638","type":"Feature","properties":{"ROL":"S/R-I-838","NOMBRE_CAMINO":"Cruce I-720 - Villa de Yaquil","CLASIFICACION":"Camino Regional Comunal (En Proceso de Enrolamiento)","CALZADA":"U"},"geometry":{"type":"LineString","coordinates":[[-71.37709,-34.58783],[-71.39806,-34.58859],[-71.40008,-34.59128],[-71.40682,-34.59413],[-71.41125,-34.59427],[-71.41543,-34.59216],[-71.41738,-34.59409],[-71.42386,-34.59637]]}},{"id":"12639","type":"Feature","properties":{"ROL":"S/R-I-440-J","NOMBRE_CAMINO":"Cruce J-40 (La Vuelta El Sauce) - Comalle - La Vizcaya - Los Canelos - Cruce  I-776, Sector: Limite Regional - Los Canelos - Cruce I-776","CLASIFICACION":"Camino Regional Comunal (En Proceso de Enrolamiento)","CALZADA":"U"},"geometry":{"type":"LineString","coordinates":[[-71.36345,-34.83238],[-71.36739,-34.83011],[-71.3689,-34.82727],[-71.37353,-34.82585],[-71.38184,-34.82757],[-71.38996,-34.8195],[-71.39494,-34.81714],[-71.39947,-34.81724],[-71.40119,-34.81052],[-71.40844,-34.81338],[-71.41042,-34.81028],[-71.41468,-34.80829],[-71.41778,-34.80321],[-71.4177,-34.8005],[-71.42375,-34.79509]]}},{"id":"12640","type":"Feature","properties":{"ROL":"S/R-I-748","NOMBRE_CAMINO":"Cruce I-740 (Hacienda Panamá) hacia el Sur","CLASIFICACION":"Camino Regional Comunal (En Proceso de Enrolamiento)","CALZADA":"U"},"geometry":{"type":"LineString","coordinates":[[-71.43529,-34.70601],[-71.43201,-34.70579],[-71.43589,-34.71298],[-71.43462,-34.71528],[-71.43192,-34.7163],[-71.43345,-34.71949],[-71.43992,-34.71916],[-71.43899,-34.72441],[-71.44085,-34.7295],[-71.43968,-34.73265]]}},{"id":"12641","type":"Feature","properties":{"ROL":"S/R-I-1006","NOMBRE_CAMINO":"Juan Pablo II hacia el Poniente","CLASIFICACION":"Camino Regional de Acceso (En Proceso de Enrolamiento)","CALZADA":"U"},"geometry":{"type":"LineString","coordinates":[[-71.44061,-34.72728],[-71.44603,-34.72898]]}},{"id":"12642","type":"Feature","properties":{"ROL":"S/R-I-270","NOMBRE_CAMINO":"Cruce I-62-G - Los Canelos","CLASIFICACION":"Camino Regional de Acceso (En Proceso de Enrolamiento)","CALZADA":"U"},"geometry":{"type":"LineString","coordinates":[[-71.5796,-34.03509],[-71.57822,-34.03282],[-71.5748,-34.03231],[-71.57458,-34.02929],[-71.56978,-34.02167],[-71.56975,-34.01793]]}},{"id":"12643","type":"Feature","properties":{"ROL":"S/R-I-485","NOMBRE_CAMINO":"Cruce I-45 - Shangrila","CLASIFICACION":"Camino Regional de Acceso (En Proceso de Enrolamiento)","CALZADA":"U"},"geometry":{"type":"LineString","coordinates":[[-70.81814,-34.7307],[-70.8269,-34.74016]]}},{"id":"12644","type":"Feature","properties":{"ROL":"S/R-I-964","NOMBRE_CAMINO":"Cruce I-80-G (San Vicente) - Las Lajas","CLASIFICACION":"Camino Regional Comunal (En Proceso de Enrolamiento)","CALZADA":"U"},"geometry":{"type":"LineString","coordinates":[[-71.72548,-34.01396],[-71.73069,-34.01196],[-71.72877,-34.00882],[-71.73311,-34.00527],[-71.7335,-33.99429],[-71.73552,-33.99396],[-71.73667,-33.99194]]}},{"id":"12645","type":"Feature","properties":{"ROL":"S/R-I-452","NOMBRE_CAMINO":"Cruce I-450 (Pichilemu) - Cruce I-458 (Quebrada del Nuevo Reino)","CLASIFICACION":"Camino Regional Comunal (En Proceso de Enrolamiento)","CALZADA":"U"},"geometry":{"type":"LineString","coordinates":[[-71.97771,-34.39291],[-71.97677,-34.39628],[-71.97044,-34.39843],[-71.97247,-34.40346],[-71.96983,-34.4066],[-71.97337,-34.40755],[-71.97406,-34.41289],[-71.9715,-34.41774],[-71.97152,-34.42523],[-71.96922,-34.43068],[-71.97066,-34.43487],[-71.97532,-34.44041],[-71.9725,-34.44257],[-71.96851,-34.4503]]}},{"id":"12646","type":"Feature","properties":{"ROL":"S/R-I-498","NOMBRE_CAMINO":"Cruce I-410 - Pañul","CLASIFICACION":"Camino Regional Comunal (En Proceso de Enrolamiento)","CALZADA":"U"},"geometry":{"type":"LineString","coordinates":[[-71.95659,-34.47773],[-71.95936,-34.48659],[-71.96313,-34.48892],[-71.96447,-34.49376],[-71.96347,-34.49594]]}},{"id":"12647","type":"Feature","properties":{"ROL":"S/R-H-1432","NOMBRE_CAMINO":"Cruce H-40 - Las Compuertas","CLASIFICACION":"Camino Regional de Acceso (En Proceso de Enrolamiento)","CALZADA":"U"},"geometry":{"type":"LineString","coordinates":[[-70.91225,-34.2437],[-70.9085,-34.24654],[-70.91013,-34.24975]]}},{"id":"12648","type":"Feature","properties":{"ROL":"S/R-I-1030","NOMBRE_CAMINO":"Cruce Ruta 90 - hacia el Surponiente","CLASIFICACION":"Camino Regional Comunal (En Proceso de Enrolamiento)","CALZADA":"U"},"geometry":{"type":"LineString","coordinates":[[-71.78692,-34.30332],[-71.78834,-34.30386]]}},{"id":"12649","type":"Feature","properties":{"ROL":"S/R-I-484","NOMBRE_CAMINO":"Puente mecano","CLASIFICACION":"Camino Regional Comunal (En Proceso de Enrolamiento)","CALZADA":"U"},"geometry":{"type":"LineString","coordinates":[[-71.80679,-34.30035],[-71.80401,-34.30259]]}},{"id":"12650","type":"Feature","properties":{"ROL":"S/R-I-952","NOMBRE_CAMINO":"Cruce I-226 - Paulum - Cruce I-222","CLASIFICACION":"Camino Regional Comunal (En Proceso de Enrolamiento)","CALZADA":"U"},"geometry":{"type":"LineString","coordinates":[[-71.76975,-33.94533],[-71.76543,-33.95198],[-71.76149,-33.95521],[-71.7564,-33.96489],[-71.7589,-33.9668],[-71.7616,-33.97257],[-71.7658,-33.97407],[-71.76843,-33.97954],[-71.77165,-33.98089],[-71.77104,-33.98538],[-71.77224,-33.98788],[-71.76991,-33.99126],[-71.77111,-33.99726],[-71.76801,-34.00272],[-71.76985,-34.00667],[-71.77387,-34.0104],[-71.77458,-34.01396],[-71.77862,-34.02048],[-71.77776,-34.02206]]}},{"id":"12651","type":"Feature","properties":{"ROL":"S/R-I-339","NOMBRE_CAMINO":"Cruce I-309 - Lagos de Chile","CLASIFICACION":"Camino Regional Comunal (En Proceso de Enrolamiento)","CALZADA":"U"},"geometry":{"type":"LineString","coordinates":[[-70.85146,-34.65071],[-70.8548,-34.65468],[-70.85204,-34.65605]]}},{"id":"12652","type":"Feature","properties":{"ROL":"S/R-I-956","NOMBRE_CAMINO":"Cruce I-826 (El Quilín) - Cruce I-826 (Puquillay)","CLASIFICACION":"Camino Regional Comunal (En Proceso de Enrolamiento)","CALZADA":"U"},"geometry":{"type":"LineString","coordinates":[[-71.17645,-34.66881],[-71.17434,-34.67294],[-71.18038,-34.67222]]}},{"id":"12653","type":"Feature","properties":{"ROL":"S/R-I-278","NOMBRE_CAMINO":"Quebrada Honda Sur","CLASIFICACION":"Camino Regional de Acceso (En Proceso de Enrolamiento)","CALZADA":"U"},"geometry":{"type":"LineString","coordinates":[[-71.5511,-34.00878],[-71.54322,-34.01036],[-71.54241,-34.01269]]}},{"id":"12654","type":"Feature","properties":{"ROL":"S/R-I-246","NOMBRE_CAMINO":"Cruce I-218 - Rincón del Potrero","CLASIFICACION":"Camino Regional de Acceso (En Proceso de Enrolamiento)","CALZADA":"U"},"geometry":{"type":"LineString","coordinates":[[-71.89368,-34.55128],[-71.88867,-34.53645],[-71.89191,-34.53413],[-71.89181,-34.53207],[-71.89444,-34.52841]]}},{"id":"12655","type":"Feature","properties":{"ROL":"S/R-I-522","NOMBRE_CAMINO":"Cruce I-520 - Pañul ","CLASIFICACION":"Camino Regional Comunal (En Proceso de Enrolamiento)","CALZADA":"U"},"geometry":{"type":"LineString","coordinates":[[-71.97586,-34.522],[-71.97304,-34.5204],[-71.96884,-34.52164],[-71.96342,-34.51501],[-71.95644,-34.5138],[-71.9547,-34.50671],[-71.95561,-34.50063],[-71.95752,-34.49925]]}},{"id":"12656","type":"Feature","properties":{"ROL":"S/R-I-628","NOMBRE_CAMINO":"Cruce I-660 - Rincón de la mina","CLASIFICACION":"Camino Regional de Acceso (En Proceso de Enrolamiento)","CALZADA":"U"},"geometry":{"type":"LineString","coordinates":[[-71.69103,-34.52914],[-71.69917,-34.53488],[-71.70187,-34.53468],[-71.7035,-34.53741],[-71.70833,-34.54009]]}},{"id":"12657","type":"Feature","properties":{"ROL":"S/R-I-108","NOMBRE_CAMINO":"Cruce I-132 (Matancilla) - El Cuzco - Cruce I-138 (Pulín)","CLASIFICACION":"Camino Regional Comunal (En Proceso de Enrolamiento)","CALZADA":"U"},"geometry":{"type":"LineString","coordinates":[[-71.60964,-34.07877],[-71.61419,-34.08967],[-71.61358,-34.09228],[-71.61045,-34.09566],[-71.61076,-34.09863]]}},{"id":"12658","type":"Feature","properties":{"ROL":"S/R-I-268","NOMBRE_CAMINO":"Cruce I-232 (Quelentaro) - Quebrada Honda","CLASIFICACION":"Camino Regional Comunal (En Proceso de Enrolamiento)","CALZADA":"U"},"geometry":{"type":"LineString","coordinates":[[-71.54869,-34.00826],[-71.54388,-34.00821]]}},{"id":"12659","type":"Feature","properties":{"ROL":"S/R-I-904","NOMBRE_CAMINO":"Cruce I-566-J - Quebrada Los Barros","CLASIFICACION":"Camino Regional Comunal (En Proceso de Enrolamiento)","CALZADA":"U"},"geometry":{"type":"LineString","coordinates":[[-71.88095,-34.77926],[-71.88387,-34.77446],[-71.8825,-34.76934],[-71.88427,-34.76813],[-71.88528,-34.76288],[-71.88764,-34.76143]]}},{"id":"12660","type":"Feature","properties":{"ROL":"S/R-I-596","NOMBRE_CAMINO":"Cruce I-72 (La Capilla) - Cruce I-510 (El Quillay)","CLASIFICACION":"Camino Regional Comunal (En Proceso de Enrolamiento)","CALZADA":"U"},"geometry":{"type":"LineString","coordinates":[[-72.01419,-34.65708],[-72.01608,-34.6484],[-72.00798,-34.64193],[-72.00754,-34.63972],[-72.00536,-34.63888],[-72.00501,-34.6372],[-72.00267,-34.63631],[-72.00109,-34.63108],[-71.998,-34.62834]]}},{"id":"12661","type":"Feature","properties":{"ROL":"S/R-I-702","NOMBRE_CAMINO":"Cruce Ruta 90 - Tenquelén","CLASIFICACION":"Camino Regional de Acceso (En Proceso de Enrolamiento)","CALZADA":"U"},"geometry":{"type":"LineString","coordinates":[[-71.25682,-34.65541],[-71.262,-34.67221]]}},{"id":"12662","type":"Feature","properties":{"ROL":"S/R-I-1034","NOMBRE_CAMINO":"Cruce I-112 - Cruce I-196","CLASIFICACION":"Camino Regional Comunal (En Proceso de Enrolamiento)","CALZADA":"U"},"geometry":{"type":"LineString","coordinates":[[-71.86233,-33.98478],[-71.86081,-33.98506],[-71.86131,-33.98651],[-71.85766,-33.98961],[-71.85543,-33.99426],[-71.84433,-33.99733],[-71.84174,-33.99535]]}},{"id":"12663","type":"Feature","properties":{"ROL":"S/R-I-337","NOMBRE_CAMINO":"Cruce I-309 - Callejón Maturana","CLASIFICACION":"Camino Regional de Acceso (En Proceso de Enrolamiento)","CALZADA":"U"},"geometry":{"type":"LineString","coordinates":[[-70.84903,-34.65203],[-70.84449,-34.6474],[-70.84317,-34.6482]]}},{"id":"12664","type":"Feature","properties":{"ROL":"S/R-I-352","NOMBRE_CAMINO":"Cruce Ruta 90 - Cruce I-350","CLASIFICACION":"Camino Regional Comunal (En Proceso de Enrolamiento)","CALZADA":"U"},"geometry":{"type":"LineString","coordinates":[[-71.31947,-34.6369],[-71.32264,-34.63486]]}},{"id":"12665","type":"Feature","properties":{"ROL":"S/R-I-115","NOMBRE_CAMINO":"Cruce I-111 - El Carmen","CLASIFICACION":"Camino Regional de Acceso (En Proceso de Enrolamiento)","CALZADA":"U"},"geometry":{"type":"LineString","coordinates":[[-70.891,-34.51109],[-70.88919,-34.50601],[-70.87728,-34.511],[-70.87919,-34.51318]]}},{"id":"12666","type":"Feature","properties":{"ROL":"S/R-I-160","NOMBRE_CAMINO":"Cruce H-76-I (Los Guindos) - Guadalao - Cruce I-158","CLASIFICACION":"Camino Regional Comunal (En Proceso de Enrolamiento)","CALZADA":"U"},"geometry":{"type":"LineString","coordinates":[[-71.4972,-34.29598],[-71.49875,-34.28595],[-71.5064,-34.27743],[-71.51724,-34.27464],[-71.52051,-34.27498],[-71.53103,-34.27058],[-71.54103,-34.26971],[-71.54333,-34.26678],[-71.54275,-34.26455],[-71.5459,-34.26414],[-71.54647,-34.26219],[-71.55158,-34.25891],[-71.55356,-34.25968],[-71.55714,-34.25723],[-71.57593,-34.25419]]}},{"id":"12667","type":"Feature","properties":{"ROL":"S/R-I-818","NOMBRE_CAMINO":"Cruce I-796 - Quebra Honda","CLASIFICACION":"Camino Regional de Acceso (En Proceso de Enrolamiento)","CALZADA":"U"},"geometry":{"type":"LineString","coordinates":[[-71.19755,-34.6919],[-71.19601,-34.69103],[-71.1827,-34.69223],[-71.17834,-34.69584]]}},{"id":"12668","type":"Feature","properties":{"ROL":"S/R-I-694","NOMBRE_CAMINO":"Cruce Ruta 90 - Rinconada de Peralillo - Cruce I-704","CLASIFICACION":"Camino Regional Comunal (En Proceso de Enrolamiento)","CALZADA":"U"},"geometry":{"type":"LineString","coordinates":[[-71.46838,-34.48544],[-71.46549,-34.50298],[-71.46196,-34.51407],[-71.45473,-34.51356],[-71.44905,-34.51617]]}},{"id":"12669","type":"Feature","properties":{"ROL":"S/R-I-898","NOMBRE_CAMINO":"Ranguili","CLASIFICACION":"Camino Regional de Acceso (En Proceso de Enrolamiento)","CALZADA":"U"},"geometry":{"type":"LineString","coordinates":[[-71.75301,-34.86872],[-71.73542,-34.8672]]}},{"id":"12670","type":"Feature","properties":{"ROL":"S/R-I-1532","NOMBRE_CAMINO":"Cruce I-528 - Rincón de Boyeruca","CLASIFICACION":"Camino Regional Comunal (En Proceso de Enrolamiento)","CALZADA":"U"},"geometry":{"type":"LineString","coordinates":[[-72.00176,-34.69207],[-72.00174,-34.68706]]}},{"id":"12671","type":"Feature","properties":{"ROL":"S/R-I-692","NOMBRE_CAMINO":"Cruce I-690 - Los Leones","CLASIFICACION":"Camino Regional de Acceso (En Proceso de Enrolamiento)","CALZADA":"U"},"geometry":{"type":"LineString","coordinates":[[-71.51077,-34.48421],[-71.51705,-34.47431],[-71.51992,-34.47282]]}},{"id":"12672","type":"Feature","properties":{"ROL":"S/R-I-618","NOMBRE_CAMINO":"Cruce I-72 (San Francisco) - Las Palmas","CLASIFICACION":"Camino Regional de Acceso (En Proceso de Enrolamiento)","CALZADA":"U"},"geometry":{"type":"LineString","coordinates":[[-71.94338,-34.65037],[-71.94458,-34.65874],[-71.94331,-34.66211],[-71.94694,-34.67167],[-71.94628,-34.67972]]}},{"id":"12673","type":"Feature","properties":{"ROL":"S/R-I-1014","NOMBRE_CAMINO":"Quebrada Pozo El Encanto","CLASIFICACION":"Camino Regional de Acceso (En Proceso de Enrolamiento)","CALZADA":"U"},"geometry":{"type":"LineString","coordinates":[[-71.89147,-34.50698],[-71.88905,-34.50724],[-71.88949,-34.50928]]}},{"id":"12674","type":"Feature","properties":{"ROL":"S/R-I-274","NOMBRE_CAMINO":"Cruce I-20 (San Miguel de Viluco) - El Claro","CLASIFICACION":"Camino Regional de Acceso (En Proceso de Enrolamiento)","CALZADA":"U"},"geometry":{"type":"LineString","coordinates":[[-71.62257,-34.28183],[-71.627,-34.28251],[-71.63303,-34.28045]]}},{"id":"12675","type":"Feature","properties":{"ROL":"S/R-I-418","NOMBRE_CAMINO":"Cruce I-520 (Salinas de Cahuil) - Pañul","CLASIFICACION":"Camino Regional Comunal (En Proceso de Enrolamiento)","CALZADA":"U"},"geometry":{"type":"LineString","coordinates":[[-71.97873,-34.5073],[-71.9764,-34.50828],[-71.97374,-34.50673],[-71.96758,-34.50672],[-71.96428,-34.50418],[-71.96646,-34.49747]]}},{"id":"12676","type":"Feature","properties":{"ROL":"S/R-I-948","NOMBRE_CAMINO":"Cruce I-576 - El Patacón","CLASIFICACION":"Camino Regional de Acceso (En Proceso de Enrolamiento)","CALZADA":"U"},"geometry":{"type":"LineString","coordinates":[[-71.83954,-34.80906],[-71.83485,-34.81672],[-71.83541,-34.81831]]}},{"id":"12677","type":"Feature","properties":{"ROL":"S/R-I-260","NOMBRE_CAMINO":"Licancheu - Los Bueyes ","CLASIFICACION":"Camino Regional Comunal (En Proceso de Enrolamiento)","CALZADA":"U"},"geometry":{"type":"LineString","coordinates":[[-71.80783,-33.92902],[-71.80956,-33.92741],[-71.8067,-33.92247],[-71.80907,-33.91885]]}},{"id":"12678","type":"Feature","properties":{"ROL":"S/R-I-504","NOMBRE_CAMINO":"Cruce I-410 (Lo Gallardo) - Cruce I-410 (Alto Ramirez)","CLASIFICACION":"Camino Regional Comunal (En Proceso de Enrolamiento)","CALZADA":"U"},"geometry":{"type":"LineString","coordinates":[[-71.96385,-34.47176],[-71.95255,-34.46869],[-71.94522,-34.46854],[-71.94217,-34.47056],[-71.93578,-34.46978]]}},{"id":"12679","type":"Feature","properties":{"ROL":"S/R-I-998","NOMBRE_CAMINO":"Cruce I-80-G - Trigos Viejos","CLASIFICACION":"Camino Regional de Acceso (En Proceso de Enrolamiento)","CALZADA":"U"},"geometry":{"type":"LineString","coordinates":[[-71.72775,-34.24798],[-71.73463,-34.24559],[-71.73842,-34.24003],[-71.74261,-34.24264],[-71.74935,-34.23904]]}},{"id":"12680","type":"Feature","properties":{"ROL":"S/R-I-268","NOMBRE_CAMINO":"Cruce I-232 (Quelentaro) - Quebrada Honda","CLASIFICACION":"Camino Regional Comunal (En Proceso de Enrolamiento)","CALZADA":"U"},"geometry":{"type":"LineString","coordinates":[[-71.5559,-34.01048],[-71.55261,-34.00848],[-71.54869,-34.00826]]}},{"id":"12681","type":"Feature","properties":{"ROL":"S/R-I-976","NOMBRE_CAMINO":"Cruce I-194 (Los Arcos) - La Polcura","CLASIFICACION":"Camino Regional Comunal (En Proceso de Enrolamiento)","CALZADA":"U"},"geometry":{"type":"LineString","coordinates":[[-71.89091,-34.03674],[-71.88862,-34.04056],[-71.88245,-34.04416]]}},{"id":"12682","type":"Feature","properties":{"ROL":"S/R-I-940","NOMBRE_CAMINO":"Cruce I-72 - Bajo del Diablo","CLASIFICACION":"Camino Regional de Acceso (En Proceso de Enrolamiento)","CALZADA":"U"},"geometry":{"type":"LineString","coordinates":[[-72.01718,-34.65653],[-72.02021,-34.66559]]}},{"id":"12683","type":"Feature","properties":{"ROL":"S/R-I-556","NOMBRE_CAMINO":"Cruce I-568 - Nilahue Alto","CLASIFICACION":"Camino Regional de Acceso (En Proceso de Enrolamiento)","CALZADA":"U"},"geometry":{"type":"LineString","coordinates":[[-71.78052,-34.71761],[-71.79224,-34.7171],[-71.79293,-34.71849]]}},{"id":"12684","type":"Feature","properties":{"ROL":"S/R-I-144","NOMBRE_CAMINO":"Cruce I-158 - Los Cardillos","CLASIFICACION":"Camino Regional de Acceso (En Proceso de Enrolamiento)","CALZADA":"U"},"geometry":{"type":"LineString","coordinates":[[-71.57858,-34.26005],[-71.56472,-34.26434],[-71.57163,-34.28009],[-71.57058,-34.28801],[-71.56904,-34.2895],[-71.56302,-34.28988]]}},{"id":"12685","type":"Feature","properties":{"ROL":"S/R-I-938","NOMBRE_CAMINO":"Cutemu - Quebrada Los Poblete","CLASIFICACION":"Camino Regional de Acceso (En Proceso de Enrolamiento)","CALZADA":"U"},"geometry":{"type":"LineString","coordinates":[[-71.87184,-34.77701],[-71.87328,-34.77674],[-71.87345,-34.7754],[-71.87165,-34.77004]]}},{"id":"12686","type":"Feature","properties":{"ROL":"S/R-I-464","NOMBRE_CAMINO":"Cruce I-540 - Rinconada de Panilongo","CLASIFICACION":"Camino Regional de Acceso (En Proceso de Enrolamiento)","CALZADA":"U"},"geometry":{"type":"LineString","coordinates":[[-71.92701,-34.68355],[-71.92535,-34.6871],[-71.92559,-34.69222],[-71.9214,-34.6953],[-71.92055,-34.70362]]}},{"id":"12687","type":"Feature","properties":{"ROL":"S/R-I-280","NOMBRE_CAMINO":"Cruce I-112 (Lagunillas) - Cruce I-196 (cuesta El Parrón)","CLASIFICACION":"Camino Regional Comunal (En Proceso de Enrolamiento)","CALZADA":"U"},"geometry":{"type":"LineString","coordinates":[[-71.86001,-33.98221],[-71.84985,-33.98378],[-71.84327,-33.98217],[-71.83671,-33.98628]]}},{"id":"12688","type":"Feature","properties":{"ROL":"S/R-I-774","NOMBRE_CAMINO":"Cruce I-82 - Las Arañas - Cruce I-82","CLASIFICACION":"Camino Regional Comunal (En Proceso de Enrolamiento)","CALZADA":"U"},"geometry":{"type":"LineString","coordinates":[[-71.23573,-34.71081],[-71.22851,-34.72229],[-71.23178,-34.72514],[-71.23351,-34.7225],[-71.23672,-34.72147],[-71.24293,-34.71278]]}},{"id":"12689","type":"Feature","properties":{"ROL":"S/R-I-634","NOMBRE_CAMINO":"Cruce I-72 - El Peral","CLASIFICACION":"Camino Regional de Acceso (En Proceso de Enrolamiento)","CALZADA":"U"},"geometry":{"type":"LineString","coordinates":[[-71.47091,-34.67997],[-71.47333,-34.68314],[-71.47311,-34.68564],[-71.47626,-34.68639]]}},{"id":"12690","type":"Feature","properties":{"ROL":"S/R-I-564","NOMBRE_CAMINO":"Cruce I-528 - Las Salinas","CLASIFICACION":"Camino Regional de Acceso (En Proceso de Enrolamiento)","CALZADA":"U"},"geometry":{"type":"LineString","coordinates":[[-71.99176,-34.70513],[-71.99672,-34.70574],[-72.00135,-34.70426]]}},{"id":"12691","type":"Feature","properties":{"ROL":"S/R-I-348","NOMBRE_CAMINO":"Huique - La Polvoreda","CLASIFICACION":"Camino Regional Comunal (En Proceso de Enrolamiento)","CALZADA":"U"},"geometry":{"type":"LineString","coordinates":[[-71.3722,-34.52671],[-71.37324,-34.52798],[-71.36728,-34.54353],[-71.36686,-34.55406],[-71.36257,-34.55843],[-71.35285,-34.56301]]}},{"id":"12692","type":"Feature","properties":{"ROL":"S/R-I-696","NOMBRE_CAMINO":"Cruce I-546 - Quebrada Los Valenzuela","CLASIFICACION":"Camino Regional de Acceso (En Proceso de Enrolamiento)","CALZADA":"U"},"geometry":{"type":"LineString","coordinates":[[-71.88064,-34.70195],[-71.87837,-34.70164],[-71.87469,-34.70453],[-71.86536,-34.7062],[-71.85907,-34.71095],[-71.85382,-34.71256]]}},{"id":"12693","type":"Feature","properties":{"ROL":"S/R-I-252","NOMBRE_CAMINO":"Cruce I-116 - Villa Pucalán","CLASIFICACION":"Camino Regional de Acceso (En Proceso de Enrolamiento)","CALZADA":"U"},"geometry":{"type":"LineString","coordinates":[[-71.7149,-34.01372],[-71.71372,-34.01357],[-71.71409,-34.01132]]}},{"id":"12694","type":"Feature","properties":{"ROL":"S/R-H-1436","NOMBRE_CAMINO":"Cruce H-38 - La Cabrería","CLASIFICACION":"Camino Regional de Acceso (En Proceso de Enrolamiento)","CALZADA":"U"},"geometry":{"type":"LineString","coordinates":[[-70.95822,-34.27049],[-70.95771,-34.2843]]}},{"id":"12695","type":"Feature","properties":{"ROL":"S/R-I-441","NOMBRE_CAMINO":"Cruce I-45 - Callejón El Picaflor","CLASIFICACION":"Camino Regional de Acceso (En Proceso de Enrolamiento)","CALZADA":"U"},"geometry":{"type":"LineString","coordinates":[[-70.8726,-34.67257],[-70.87928,-34.67039]]}},{"id":"12696","type":"Feature","properties":{"ROL":"S/R-H-513","NOMBRE_CAMINO":"Cruce H-409 (Rosario) - Estadio","CLASIFICACION":"Camino Regional de Acceso (En Proceso de Enrolamiento)","CALZADA":"U"},"geometry":{"type":"LineString","coordinates":[[-70.83581,-34.34827],[-70.83422,-34.34747],[-70.81923,-34.34928]]}},{"id":"12697","type":"Feature","properties":{"ROL":"S/R-I-542","NOMBRE_CAMINO":"Cruce I-538 - Quebrada Los Briones - Cruce I-538 (Tres Esquinas)","CLASIFICACION":"Camino Regional Comunal (En Proceso de Enrolamiento)","CALZADA":"U"},"geometry":{"type":"LineString","coordinates":[[-71.92356,-34.73744],[-71.91713,-34.74091],[-71.91644,-34.74339],[-71.91498,-34.7441],[-71.9175,-34.74737],[-71.91782,-34.75069],[-71.92054,-34.7539],[-71.92117,-34.75704],[-71.93411,-34.76097],[-71.94069,-34.76029]]}},{"id":"12698","type":"Feature","properties":{"ROL":"S/R-I-982","NOMBRE_CAMINO":"Cruce I-192 - Puertecillo","CLASIFICACION":"Camino Regional Comunal (En Proceso de Enrolamiento)","CALZADA":"U"},"geometry":{"type":"LineString","coordinates":[[-71.87055,-34.06812],[-71.87483,-34.06843],[-71.87709,-34.07247],[-71.88997,-34.07726],[-71.89305,-34.08029],[-71.90789,-34.08443],[-71.91837,-34.09291],[-71.91952,-34.08739],[-71.91647,-34.08065],[-71.91135,-34.07794],[-71.90793,-34.07437],[-71.9084,-34.07049],[-71.91104,-34.06638]]}},{"id":"12699","type":"Feature","properties":{"ROL":"S/R-H-1434","NOMBRE_CAMINO":"Cruce H-40 - Los Pardos","CLASIFICACION":"Camino Regional de Acceso (En Proceso de Enrolamiento)","CALZADA":"U"},"geometry":{"type":"LineString","coordinates":[[-70.91639,-34.24513],[-70.91077,-34.25511]]}},{"id":"12700","type":"Feature","properties":{"ROL":"S/R-I-362","NOMBRE_CAMINO":"Cruce Ruta 90 - La Estampa","CLASIFICACION":"Camino Regional Comunal (En Proceso de Enrolamiento)","CALZADA":"U"},"geometry":{"type":"LineString","coordinates":[[-71.37928,-34.57851],[-71.38015,-34.56583]]}},{"id":"12701","type":"Feature","properties":{"ROL":"S/R-I-328","NOMBRE_CAMINO":"Cruce I-330 - Callejón Loreto - Cruce I-330 (San Miguel de Calleuque)","CLASIFICACION":"Camino Regional Comunal (En Proceso de Enrolamiento)","CALZADA":"U"},"geometry":{"type":"LineString","coordinates":[[-71.40164,-34.45235],[-71.40809,-34.45017],[-71.41156,-34.44704],[-71.41217,-34.44437],[-71.40675,-34.443]]}},{"id":"12702","type":"Feature","properties":{"ROL":"S/R-I-738","NOMBRE_CAMINO":"Cruce I-650 - Salto de agua","CLASIFICACION":"Camino Regional de Acceso (En Proceso de Enrolamiento)","CALZADA":"U"},"geometry":{"type":"LineString","coordinates":[[-71.44384,-34.60457],[-71.44758,-34.60654]]}},{"id":"12703","type":"Feature","properties":{"ROL":"S/R-I-1038","NOMBRE_CAMINO":"Cruce I-20 - Nororiente 1","CLASIFICACION":"Camino Regional de Acceso (En Proceso de Enrolamiento)","CALZADA":"U"},"geometry":{"type":"LineString","coordinates":[[-71.63056,-34.23961],[-71.62678,-34.23422]]}},{"id":"12704","type":"Feature","properties":{"ROL":"S/R-I-444","NOMBRE_CAMINO":"La Capilla - La Vega","CLASIFICACION":"Camino Regional de Acceso (En Proceso de Enrolamiento)","CALZADA":"U"},"geometry":{"type":"LineString","coordinates":[[-72.00638,-34.66719],[-72.00314,-34.66672],[-72.00279,-34.66461],[-72.00029,-34.66389]]}},{"id":"12705","type":"Feature","properties":{"ROL":"S/R-I-960","NOMBRE_CAMINO":"Cruce I-222 (La Vinilla) - Cruce I-228 (La Aguada)","CLASIFICACION":"Camino Regional Comunal (En Proceso de Enrolamiento)","CALZADA":"U"},"geometry":{"type":"LineString","coordinates":[[-71.7696,-34.02203],[-71.76532,-34.02006],[-71.76234,-34.01698],[-71.7645,-34.01307],[-71.76362,-34.01039],[-71.75981,-34.00603],[-71.75606,-34.00416],[-71.75386,-33.99939],[-71.7501,-33.99711],[-71.74707,-33.99001],[-71.74395,-33.98824],[-71.73995,-33.97723],[-71.7365,-33.97196]]}},{"id":"12706","type":"Feature","properties":{"ROL":"S/R-I-366","NOMBRE_CAMINO":"Cruce Ruta 90 - Ana Luisa","CLASIFICACION":"Camino Regional de Acceso (En Proceso de Enrolamiento)","CALZADA":"U"},"geometry":{"type":"LineString","coordinates":[[-71.28118,-34.65008],[-71.27754,-34.64311],[-71.28228,-34.64123]]}},{"id":"12707","type":"Feature","properties":{"ROL":"S/R-I-936","NOMBRE_CAMINO":"Cruce I-550 (Quebrada Los Barros) - Alto Los Briones","CLASIFICACION":"Camino Regional Comunal (En Proceso de Enrolamiento)","CALZADA":"U"},"geometry":{"type":"LineString","coordinates":[[-71.87462,-34.75195],[-71.87569,-34.75806],[-71.87403,-34.76081],[-71.87768,-34.76616],[-71.87628,-34.76823],[-71.87816,-34.77159],[-71.87717,-34.77382],[-71.88292,-34.77607]]}},{"id":"12708","type":"Feature","properties":{"ROL":"S/R-I-321","NOMBRE_CAMINO":"Cruce I-309  (Bajo los Pablos) - Estero Antivero","CLASIFICACION":"Camino Regional de Acceso (En Proceso de Enrolamiento)","CALZADA":"U"},"geometry":{"type":"LineString","coordinates":[[-70.87021,-34.64717],[-70.86888,-34.63997],[-70.86992,-34.63957],[-70.86905,-34.63677],[-70.87002,-34.63617]]}},{"id":"12709","type":"Feature","properties":{"ROL":"S/R-I-782","NOMBRE_CAMINO":"Cruce I-776 - La Quebrada","CLASIFICACION":"Camino Regional de Acceso (En Proceso de Enrolamiento)","CALZADA":"U"},"geometry":{"type":"LineString","coordinates":[[-71.42284,-34.76911],[-71.42045,-34.77047],[-71.41973,-34.77454],[-71.41429,-34.77947],[-71.41524,-34.78139]]}},{"id":"12710","type":"Feature","properties":{"ROL":"S/R-I-1040","NOMBRE_CAMINO":"Cruce I-20 - Nororiente 2","CLASIFICACION":"Camino Regional de Acceso (En Proceso de Enrolamiento)","CALZADA":"U"},"geometry":{"type":"LineString","coordinates":[[-71.63207,-34.23809],[-71.62741,-34.23278]]}},{"id":"12711","type":"Feature","properties":{"ROL":"S/R-I-968","NOMBRE_CAMINO":"Cruce I-192 (Bajo El Azul) - Chorrillos","CLASIFICACION":"Camino Regional Comunal (En Proceso de Enrolamiento)","CALZADA":"U"},"geometry":{"type":"LineString","coordinates":[[-71.86541,-34.04318],[-71.86818,-34.03692],[-71.87285,-34.03431],[-71.87282,-34.03156],[-71.87399,-34.0307],[-71.87088,-34.02524],[-71.87305,-34.01968],[-71.87717,-34.01643],[-71.88027,-34.01086],[-71.88402,-34.01031],[-71.8861,-34.00821]]}},{"id":"12712","type":"Feature","properties":{"ROL":"S/R-I-460","NOMBRE_CAMINO":"Cruce I-550 (Quebrada Los Romeros) - Los Ortiz","CLASIFICACION":"Camino Regional Comunal (En Proceso de Enrolamiento)","CALZADA":"U"},"geometry":{"type":"LineString","coordinates":[[-71.82703,-34.7455],[-71.82815,-34.74117],[-71.82063,-34.73616]]}},{"id":"12713","type":"Feature","properties":{"ROL":"S/R-I-1332","NOMBRE_CAMINO":"Cruce H-210-I - Callleuque","CLASIFICACION":"Camino Regional de Acceso (En Proceso de Enrolamiento)","CALZADA":"U"},"geometry":{"type":"LineString","coordinates":[[-71.43969,-34.40391],[-71.44711,-34.40474]]}},{"id":"12714","type":"Feature","properties":{"ROL":"I-766","NOMBRE_CAMINO":"Cruce I-760 - Quinahue - Cruce I-772 (La Mina)","CLASIFICACION":"Camino Regional Comunal","CALZADA":"U"},"geometry":{"type":"LineString","coordinates":[[-71.29878,-34.69475],[-71.29023,-34.69944]]}},{"id":"12715","type":"Feature","properties":{"ROL":"S/R-I-764","NOMBRE_CAMINO":"Cruce I-82 - Cruce I-758","CLASIFICACION":"Camino Regional Comunal (En Proceso de Enrolamiento)","CALZADA":"U"},"geometry":{"type":"LineString","coordinates":[[-71.25745,-34.6975],[-71.25513,-34.6936],[-71.2512,-34.69127]]}},{"id":"12716","type":"Feature","properties":{"ROL":"I-666","NOMBRE_CAMINO":"Cruce I-60 - Rinconada de Molineros - Cruce I-60","CLASIFICACION":"Camino Regional Comunal","CALZADA":"U"},"geometry":{"type":"LineString","coordinates":[[-71.55745,-34.54759],[-71.56055,-34.55031],[-71.5637,-34.54971],[-71.57258,-34.54207],[-71.57251,-34.53822],[-71.57839,-34.53061],[-71.58295,-34.53104],[-71.594,-34.52838]]}},{"id":"12717","type":"Feature","properties":{"ROL":"I-586","NOMBRE_CAMINO":"Cruce I-580 - Los Tricahues","CLASIFICACION":"Camino Regional de Acceso","CALZADA":"U"},"geometry":{"type":"LineString","coordinates":[[-71.60931,-34.81929],[-71.60517,-34.8205],[-71.60387,-34.82674],[-71.60216,-34.82798],[-71.60265,-34.83183],[-71.60037,-34.83571],[-71.59657,-34.83766],[-71.59308,-34.84212],[-71.58218,-34.84398],[-71.57626,-34.85144],[-71.57354,-34.85121],[-71.5738,-34.85278],[-71.57123,-34.85538],[-71.57124,-34.85849],[-71.5684,-34.85797],[-71.56554,-34.86004],[-71.5612,-34.85684],[-71.56128,-34.85268],[-71.55686,-34.85135],[-71.55417,-34.85455],[-71.5465,-34.85333],[-71.54241,-34.85468],[-71.53724,-34.85245],[-71.53262,-34.85373],[-71.52806,-34.85155],[-71.52771,-34.8488],[-71.522,-34.84752],[-71.51889,-34.84747],[-71.51552,-34.85003]]}},{"id":"12718","type":"Feature","properties":{"ROL":"I-238","NOMBRE_CAMINO":"Cruce I-62-G  (Pueblo Hundido) - Cruce I-232 (El Sauce)","CLASIFICACION":"Camino Regional Comunal","CALZADA":"U"},"geometry":{"type":"LineString","coordinates":[[-71.54835,-34.03078],[-71.55572,-34.02099],[-71.55967,-34.01833],[-71.56098,-34.01952],[-71.56309,-34.01907],[-71.56296,-34.01545],[-71.56579,-34.01194]]}},{"id":"12719","type":"Feature","properties":{"ROL":"I-332","NOMBRE_CAMINO":"Cruce Ruta 90 - Estero Las Toscas - Cruce I-330 (Pupilla)","CLASIFICACION":"Camino Regional Provincial","CALZADA":"U"},"geometry":{"type":"LineString","coordinates":[[-71.40354,-34.54136],[-71.4026,-34.53308],[-71.3885,-34.53182]]}},{"id":"12720","type":"Feature","properties":{"ROL":"S/R-I-1102","NOMBRE_CAMINO":"Cruce I-760 - El Guindo","CLASIFICACION":"Camino Regional Comunal (En Proceso de Enrolamiento)","CALZADA":"U"},"geometry":{"type":"LineString","coordinates":[[-71.31363,-34.66638],[-71.31368,-34.66217]]}},{"id":"12721","type":"Feature","properties":{"ROL":"I-816","NOMBRE_CAMINO":"Cruce I-82 (Puquillay) - Fundo El Pillán","CLASIFICACION":"Camino Regional de Acceso","CALZADA":"U"},"geometry":{"type":"LineString","coordinates":[[-71.22849,-34.67566],[-71.24023,-34.67867]]}},{"id":"12722","type":"Feature","properties":{"ROL":"I-121","NOMBRE_CAMINO":"Cruce I-111 (Los Lingues) - El Recreo - Cruce I-111 ","CLASIFICACION":"Camino Regional Comunal","CALZADA":"U"},"geometry":{"type":"LineString","coordinates":[[-70.89877,-34.52294],[-70.90093,-34.53057],[-70.89087,-34.53226]]}},{"id":"12723","type":"Feature","properties":{"ROL":"I-392","NOMBRE_CAMINO":"Cruce I-38 - Río Tinguiririca","CLASIFICACION":"Camino Regional de Acceso","CALZADA":"U"},"geometry":{"type":"LineString","coordinates":[[-71.02755,-34.60249],[-71.02708,-34.60125]]}},{"id":"12724","type":"Feature","properties":{"ROL":"I-612","NOMBRE_CAMINO":"Cruce I-60 - La Cabaña","CLASIFICACION":"Camino Regional Comunal","CALZADA":"U"},"geometry":{"type":"LineString","coordinates":[[-71.77163,-34.6395],[-71.77578,-34.64012]]}},{"id":"12725","type":"Feature","properties":{"ROL":"S/R-I-1284","NOMBRE_CAMINO":"Cruce I-20 - Camino al Cajón","CLASIFICACION":"Camino Regional Comunal (En Proceso de Enrolamiento)","CALZADA":"U"},"geometry":{"type":"LineString","coordinates":[[-71.7008,-34.20262],[-71.69993,-34.19907]]}},{"id":"12726","type":"Feature","properties":{"ROL":"I-208","NOMBRE_CAMINO":"Cruce H-76-I (Marchigüe) - Camino antiguo Pichilemu","CLASIFICACION":"Camino Regional de Acceso","CALZADA":"U"},"geometry":{"type":"LineString","coordinates":[[-71.615,-34.39604],[-71.61027,-34.39797],[-71.61231,-34.40057],[-71.61121,-34.40298],[-71.61343,-34.4059]]}},{"id":"12727","type":"Feature","properties":{"ROL":"I-301","NOMBRE_CAMINO":"Cruce I-151 - Agua Fría","CLASIFICACION":"Camino Regional de Acceso","CALZADA":"U"},"geometry":{"type":"LineString","coordinates":[[-70.91113,-34.58647],[-70.90045,-34.58683],[-70.89499,-34.58393]]}},{"id":"12728","type":"Feature","properties":{"ROL":"S/R-H-1440","NOMBRE_CAMINO":"Cruce Tres Puentes - Las Humitas - Cruce Maruza","CLASIFICACION":"Camino Regional Comunal (En Proceso de Enrolamiento)","CALZADA":"U"},"geometry":{"type":"LineString","coordinates":[[-70.98836,-34.27328],[-70.97698,-34.26832]]}},{"id":"12729","type":"Feature","properties":{"ROL":"I-642","NOMBRE_CAMINO":"Cruce I-640 - Fundo Llope","CLASIFICACION":"Camino Regional de Acceso","CALZADA":"U"},"geometry":{"type":"LineString","coordinates":[[-71.64054,-34.6424],[-71.63016,-34.65354]]}},{"id":"12730","type":"Feature","properties":{"ROL":"I-439","NOMBRE_CAMINO":"Cruce I-451 (Tinguiririca) - Montenegro - Cruce I-421","CLASIFICACION":"Camino Regional Comunal","CALZADA":"U"},"geometry":{"type":"LineString","coordinates":[[-70.9646,-34.64723],[-70.96397,-34.64504]]}},{"id":"12731","type":"Feature","properties":{"ROL":"I-394","NOMBRE_CAMINO":"Cruce I-40 (San Fernando) - Río Tinguiririca (Los Rulos)","CLASIFICACION":"Camino Regional de Acceso","CALZADA":"U"},"geometry":{"type":"LineString","coordinates":[[-71.00324,-34.59399],[-71.00512,-34.59893],[-71.01486,-34.59589]]}},{"id":"12732","type":"Feature","properties":{"ROL":"S/R-H-1442","NOMBRE_CAMINO":"Cruce H-38 - Maruza","CLASIFICACION":"Camino Regional Comunal (En Proceso de Enrolamiento)","CALZADA":"U"},"geometry":{"type":"LineString","coordinates":[[-70.98205,-34.27999],[-70.98836,-34.27327],[-70.99025,-34.2687]]}},{"id":"12733","type":"Feature","properties":{"ROL":"I-228","NOMBRE_CAMINO":"Cruce I-80-G - La Aguada","CLASIFICACION":"Camino Regional Comunal","CALZADA":"U"},"geometry":{"type":"LineString","coordinates":[[-71.74392,-33.97636],[-71.74557,-33.97715],[-71.74952,-33.9856]]}},{"id":"12734","type":"Feature","properties":{"ROL":"I-374","NOMBRE_CAMINO":"Cruce I-372 - Río Tinguiririca","CLASIFICACION":"Camino Regional de Acceso","CALZADA":"U"},"geometry":{"type":"LineString","coordinates":[[-71.18632,-34.62517],[-71.18541,-34.62992]]}},{"id":"12735","type":"Feature","properties":{"ROL":"S/R-I-1052","NOMBRE_CAMINO":"Cruce I-214 - Trinidad","CLASIFICACION":"Camino Regional de Acceso (En Proceso de Enrolamiento)","CALZADA":"U"},"geometry":{"type":"LineString","coordinates":[[-71.55535,-34.38462],[-71.56912,-34.38259]]}},{"id":"12736","type":"Feature","properties":{"ROL":"S/R-I-1044","NOMBRE_CAMINO":"Quebrada La Virgen","CLASIFICACION":"Camino Regional de Acceso (En Proceso de Enrolamiento)","CALZADA":"U"},"geometry":{"type":"LineString","coordinates":[[-71.6604,-34.17787],[-71.66281,-34.17933],[-71.66186,-34.17992],[-71.66273,-34.18138]]}},{"id":"12737","type":"Feature","properties":{"ROL":"I-672","NOMBRE_CAMINO":"Cruce I-674 (La Quebrada) - El Rincón","CLASIFICACION":"Camino Regional de Acceso","CALZADA":"U"},"geometry":{"type":"LineString","coordinates":[[-71.71291,-34.47459],[-71.71459,-34.47428]]}},{"id":"12738","type":"Feature","properties":{"ROL":"I-410","NOMBRE_CAMINO":"Cruce I-450 - Alto Ramírez - Cruce I-184","CLASIFICACION":"Camino Regional Comunal","CALZADA":"U"},"geometry":{"type":"LineString","coordinates":[[-71.90221,-34.48264],[-71.89092,-34.48218],[-71.86999,-34.48686],[-71.86582,-34.48425],[-71.85811,-34.48474],[-71.8524,-34.48074],[-71.83978,-34.48189],[-71.82906,-34.48014],[-71.82399,-34.47803],[-71.82014,-34.47829],[-71.818,-34.47577],[-71.81207,-34.47468],[-71.80761,-34.4712],[-71.80906,-34.46591],[-71.80566,-34.46322]]}},{"id":"12739","type":"Feature","properties":{"ROL":"I-530","NOMBRE_CAMINO":"Cruce I-540 - Estero - Cruce I-548","CLASIFICACION":"Camino Regional Comunal","CALZADA":"U"},"geometry":{"type":"LineString","coordinates":[[-71.97305,-34.75117],[-71.96411,-34.75075]]}},{"id":"12740","type":"Feature","properties":{"ROL":"S/R-H-1856","NOMBRE_CAMINO":"Cruce H-76-I - La Amargura - Cruce H-882","CLASIFICACION":"Camino Regional Comunal (En Proceso de Enrolamiento)","CALZADA":"U"},"geometry":{"type":"LineString","coordinates":[[-71.2369,-34.40571],[-71.24179,-34.41331]]}},{"id":"12741","type":"Feature","properties":{"ROL":"I-238","NOMBRE_CAMINO":"Cruce I-62-G  (Pueblo Hundido) - Cruce I-232 (El Sauce)","CLASIFICACION":"Camino Regional Comunal","CALZADA":"U"},"geometry":{"type":"LineString","coordinates":[[-71.54805,-34.03131],[-71.54835,-34.03078]]}},{"id":"12742","type":"Feature","properties":{"ROL":"I-332","NOMBRE_CAMINO":"Cruce Ruta 90 - Estero Las Toscas - Cruce I-330 (Pupilla)","CLASIFICACION":"Camino Regional Provincial","CALZADA":"U"},"geometry":{"type":"LineString","coordinates":[[-71.40394,-34.54593],[-71.40355,-34.54145]]}},{"id":"12743","type":"Feature","properties":{"ROL":"I-332","NOMBRE_CAMINO":"Cruce Ruta 90 - Estero Las Toscas - Cruce I-330 (Pupilla)","CLASIFICACION":"Camino Regional Provincial","CALZADA":"U"},"geometry":{"type":"LineString","coordinates":[[-71.40355,-34.54145],[-71.40354,-34.54136]]}},{"id":"12744","type":"Feature","properties":{"ROL":"I-392","NOMBRE_CAMINO":"Cruce I-38 - Río Tinguiririca","CLASIFICACION":"Camino Regional de Acceso","CALZADA":"U"},"geometry":{"type":"LineString","coordinates":[[-71.02772,-34.60298],[-71.02755,-34.60249]]}},{"id":"12745","type":"Feature","properties":{"ROL":"I-530","NOMBRE_CAMINO":"Cruce I-540 - Estero - Cruce I-548","CLASIFICACION":"Camino Regional Comunal","CALZADA":"U"},"geometry":{"type":"LineString","coordinates":[[-71.9502,-34.70081],[-71.95625,-34.70087],[-71.96221,-34.69718],[-71.96581,-34.69685],[-71.96796,-34.69859]]}},{"id":"12746","type":"Feature","properties":{"ROL":"I-530","NOMBRE_CAMINO":"Cruce I-540 - Estero - Cruce I-548","CLASIFICACION":"Camino Regional Comunal","CALZADA":"U"},"geometry":{"type":"LineString","coordinates":[[-71.96796,-34.69859],[-71.97183,-34.69874],[-71.97864,-34.7028],[-71.98312,-34.70339],[-71.98482,-34.70639],[-71.98452,-34.70837]]}},{"id":"12747","type":"Feature","properties":{"ROL":"I-530","NOMBRE_CAMINO":"Cruce I-540 - Estero - Cruce I-548","CLASIFICACION":"Camino Regional Comunal","CALZADA":"U"},"geometry":{"type":"LineString","coordinates":[[-71.99602,-34.74021],[-71.98707,-34.74419]]}},{"id":"12748","type":"Feature","properties":{"ROL":"I-530","NOMBRE_CAMINO":"Cruce I-540 - Estero - Cruce I-548","CLASIFICACION":"Camino Regional Comunal","CALZADA":"U"},"geometry":{"type":"LineString","coordinates":[[-71.98707,-34.74419],[-71.98702,-34.74419]]}},{"id":"12749","type":"Feature","properties":{"ROL":"I-530","NOMBRE_CAMINO":"Cruce I-540 - Estero - Cruce I-548","CLASIFICACION":"Camino Regional Comunal","CALZADA":"U"},"geometry":{"type":"LineString","coordinates":[[-71.97398,-34.75113],[-71.97351,-34.75105]]}},{"id":"12750","type":"Feature","properties":{"ROL":"I-584","NOMBRE_CAMINO":"Cruce I-570 - Fundo Los Yuyos -  Cruce I-580","CLASIFICACION":"Camino Regional Comunal","CALZADA":"U"},"geometry":{"type":"LineString","coordinates":[[-71.67174,-34.80476],[-71.66842,-34.80794]]}},{"id":"12751","type":"Feature","properties":{"ROL":"I-616","NOMBRE_CAMINO":"Cruce I-610 - La Gloria","CLASIFICACION":"Camino Regional de Acceso","CALZADA":"U"},"geometry":{"type":"LineString","coordinates":[[-71.66404,-34.60194],[-71.66843,-34.59461],[-71.67916,-34.58882]]}},{"id":"12752","type":"Feature","properties":{"ROL":"I-630","NOMBRE_CAMINO":"Cruce I-660 - Quebrada de La Peña","CLASIFICACION":"Camino Regional de Acceso","CALZADA":"U"},"geometry":{"type":"LineString","coordinates":[[-71.7077,-34.50265],[-71.70987,-34.50575],[-71.71898,-34.50992],[-71.72451,-34.51475]]}},{"id":"12753","type":"Feature","properties":{"ROL":"I-584","NOMBRE_CAMINO":"Cruce I-570 - Fundo Los Yuyos -  Cruce I-580","CLASIFICACION":"Camino Regional Comunal","CALZADA":"U"},"geometry":{"type":"LineString","coordinates":[[-71.66818,-34.80814],[-71.66297,-34.81402],[-71.66308,-34.81619],[-71.65599,-34.82166],[-71.65267,-34.81884],[-71.65394,-34.81653],[-71.65335,-34.81419],[-71.6504,-34.81235],[-71.63913,-34.81333],[-71.63998,-34.8128],[-71.63947,-34.80806],[-71.63724,-34.80313]]}},{"id":"12754","type":"Feature","properties":{"ROL":"I-584","NOMBRE_CAMINO":"Cruce I-570 - Fundo Los Yuyos -  Cruce I-580","CLASIFICACION":"Camino Regional Comunal","CALZADA":"U"},"geometry":{"type":"LineString","coordinates":[[-71.66842,-34.80794],[-71.66822,-34.80811]]}},{"id":"12755","type":"Feature","properties":{"ROL":"I-584","NOMBRE_CAMINO":"Cruce I-570 - Fundo Los Yuyos -  Cruce I-580","CLASIFICACION":"Camino Regional Comunal","CALZADA":"U"},"geometry":{"type":"LineString","coordinates":[[-71.66822,-34.80811],[-71.66818,-34.80814]]}},{"id":"12756","type":"Feature","properties":{"ROL":"I-616","NOMBRE_CAMINO":"Cruce I-610 - La Gloria","CLASIFICACION":"Camino Regional de Acceso","CALZADA":"U"},"geometry":{"type":"LineString","coordinates":[[-71.66394,-34.60208],[-71.66404,-34.60194]]}},{"id":"12757","type":"Feature","properties":{"ROL":"I-678","NOMBRE_CAMINO":"Cruce I-674 - La Pitra - Cruce I-660","CLASIFICACION":"Camino Regional Comunal","CALZADA":"U"},"geometry":{"type":"LineString","coordinates":[[-71.70576,-34.45665],[-71.70046,-34.45931]]}},{"id":"12758","type":"Feature","properties":{"ROL":"I-794","NOMBRE_CAMINO":"Cruce I-790 (Las Alamedas) - El Maitén","CLASIFICACION":"Camino Regional de Acceso","CALZADA":"U"},"geometry":{"type":"LineString","coordinates":[[-71.30749,-34.77991],[-71.31499,-34.76437],[-71.31877,-34.76431],[-71.31924,-34.76298]]}},{"id":"12759","type":"Feature","properties":{"ROL":"I-678","NOMBRE_CAMINO":"Cruce I-674 - La Pitra - Cruce I-660","CLASIFICACION":"Camino Regional Comunal","CALZADA":"U"},"geometry":{"type":"LineString","coordinates":[[-71.70046,-34.45931],[-71.67928,-34.4651]]}},{"id":"12760","type":"Feature","properties":{"ROL":"I-678","NOMBRE_CAMINO":"Cruce I-674 - La Pitra - Cruce I-660","CLASIFICACION":"Camino Regional Comunal","CALZADA":"U"},"geometry":{"type":"LineString","coordinates":[[-71.67928,-34.4651],[-71.67665,-34.46584]]}},{"id":"12761","type":"Feature","properties":{"ROL":"I-821","NOMBRE_CAMINO":"Cruce I-815 - La Chipana","CLASIFICACION":"Camino Regional de Acceso","CALZADA":"U"},"geometry":{"type":"LineString","coordinates":[[-70.97031,-34.84365],[-70.96673,-34.84306],[-70.96726,-34.83932],[-70.96106,-34.83868],[-70.95815,-34.83634],[-70.95479,-34.82736]]}},{"id":"12762","type":"Feature","properties":{"ROL":"I-888","NOMBRE_CAMINO":"Cruce I-890 - Cerro","CLASIFICACION":"Camino Regional de Acceso","CALZADA":"U"},"geometry":{"type":"LineString","coordinates":[[-71.03469,-34.69632],[-71.03844,-34.69433]]}},{"id":"12763","type":"Feature","properties":{"ROL":"I-868","NOMBRE_CAMINO":"Cruce I-850 - Rincón del Cerro","CLASIFICACION":"Camino Regional de Acceso","CALZADA":"U"},"geometry":{"type":"LineString","coordinates":[[-71.06145,-34.63165],[-71.05322,-34.65043]]}},{"id":"12764","type":"Feature","properties":{"ROL":"I-821","NOMBRE_CAMINO":"Cruce I-815 - La Chipana","CLASIFICACION":"Camino Regional de Acceso","CALZADA":"U"},"geometry":{"type":"LineString","coordinates":[[-70.97863,-34.84473],[-70.97031,-34.84365]]}},{"id":"12765","type":"Feature","properties":{"ROL":"I-906","NOMBRE_CAMINO":"Cruce I-900 - Convento Viejo","CLASIFICACION":"Camino Regional de Acceso","CALZADA":"U"},"geometry":{"type":"LineString","coordinates":[[-71.06405,-34.75098],[-71.07001,-34.76107]]}},{"id":"12766","type":"Feature","properties":{"ROL":"I-828","NOMBRE_CAMINO":"Cruce I-788 - El Zapal","CLASIFICACION":"Camino Regional de Acceso","CALZADA":"U"},"geometry":{"type":"LineString","coordinates":[[-71.28817,-34.7429],[-71.28223,-34.74709],[-71.27422,-34.74801]]}},{"id":"12767","type":"Feature","properties":{"ROL":"I-888","NOMBRE_CAMINO":"Cruce I-890 - Cerro","CLASIFICACION":"Camino Regional de Acceso","CALZADA":"U"},"geometry":{"type":"LineString","coordinates":[[-71.04389,-34.69235],[-71.04924,-34.68923]]}},{"id":"12768","type":"Feature","properties":{"ROL":"S/R-H-10","NOMBRE_CAMINO":"Cruce Ruta 5 (Paso superior Peuco) - Av.Salvador Allende","CLASIFICACION":"Camino Regional Principal (En Proceso de Enrolamiento)","CALZADA":"U"},"geometry":{"type":"LineString","coordinates":[[-70.71394,-33.93865],[-70.71215,-33.94572]]}},{"id":"12769","type":"Feature","properties":{"ROL":"S/R-H-10","NOMBRE_CAMINO":"Cruce Ruta 5 (Paso superior Peuco) - Av.Salvador Allende","CLASIFICACION":"Camino Regional Principal (En Proceso de Enrolamiento)","CALZADA":"U"},"geometry":{"type":"LineString","coordinates":[[-70.71215,-33.94572],[-70.714,-33.94891]]}},{"id":"12770","type":"Feature","properties":{"ROL":"S/R-H-10","NOMBRE_CAMINO":"Cruce Ruta 5 (Paso superior Peuco) - Av.Salvador Allende","CLASIFICACION":"Camino Regional Principal (En Proceso de Enrolamiento)","CALZADA":"U"},"geometry":{"type":"LineString","coordinates":[[-70.71235,-33.93841],[-70.71394,-33.93865]]}},{"id":"12771","type":"Feature","properties":{"ROL":"I-888","NOMBRE_CAMINO":"Cruce I-890 - Cerro","CLASIFICACION":"Camino Regional de Acceso","CALZADA":"U"},"geometry":{"type":"LineString","coordinates":[[-71.03844,-34.69433],[-71.04389,-34.69235]]}},{"id":"12772","type":"Feature","properties":{"ROL":"S/R-H-163","NOMBRE_CAMINO":"Cruce H-153 - Central termoeléctrica La Candelaria","CLASIFICACION":"Camino Regional Comunal (En Proceso de Enrolamiento)","CALZADA":"U"},"geometry":{"type":"LineString","coordinates":[[-70.64468,-34.02412],[-70.63427,-34.02386],[-70.63345,-34.02216],[-70.62969,-34.022],[-70.62177,-34.02378]]}},{"id":"12773","type":"Feature","properties":{"ROL":"S/R-H-177","NOMBRE_CAMINO":"Cruce Ruta 5 - Cerro  La Compañia","CLASIFICACION":"Camino Regional de Acceso (En Proceso de Enrolamiento)","CALZADA":"U"},"geometry":{"type":"LineString","coordinates":[[-70.7091,-34.06083],[-70.69354,-34.06384]]}},{"id":"12774","type":"Feature","properties":{"ROL":"S/R-H-1798","NOMBRE_CAMINO":"Cruce H-78 - Los Silos de Quilicura - Cruce H-796","CLASIFICACION":"Camino Regional Comunal (En Proceso de Enrolamiento)","CALZADA":"U"},"geometry":{"type":"LineString","coordinates":[[-71.29919,-34.24169],[-71.2847,-34.24083],[-71.28403,-34.24499]]}},{"id":"12775","type":"Feature","properties":{"ROL":"S/R-H-1186","NOMBRE_CAMINO":"Cruce H-10 - Cuarta Hijuela","CLASIFICACION":"Camino Regional de Acceso (En Proceso de Enrolamiento)","CALZADA":"U"},"geometry":{"type":"LineString","coordinates":[[-70.74931,-34.08105],[-70.77202,-34.07537]]}},{"id":"12776","type":"Feature","properties":{"ROL":"S/R-H-1798","NOMBRE_CAMINO":"Cruce H-78 - Los Silos de Quilicura - Cruce H-796","CLASIFICACION":"Camino Regional Comunal (En Proceso de Enrolamiento)","CALZADA":"U"},"geometry":{"type":"LineString","coordinates":[[-71.28403,-34.24499],[-71.28255,-34.24916],[-71.28431,-34.25269],[-71.28254,-34.26032]]}},{"id":"12777","type":"Feature","properties":{"ROL":"S/R-H-1438","NOMBRE_CAMINO":"Cruce H-38 - Tres Puentes","CLASIFICACION":"Camino Regional Comunal (En Proceso de Enrolamiento)","CALZADA":"U"},"geometry":{"type":"LineString","coordinates":[[-70.97553,-34.27279],[-70.9773,-34.26734],[-70.97567,-34.26235],[-70.96742,-34.25813]]}},{"id":"12778","type":"Feature","properties":{"ROL":"S/R-H-110","NOMBRE_CAMINO":"Cruce H-10 - Cancha Carrera ","CLASIFICACION":"Camino Regional de Acceso (En Proceso de Enrolamiento)","CALZADA":"U"},"geometry":{"type":"LineString","coordinates":[[-70.72473,-33.99394],[-70.72921,-33.99297]]}},{"id":"12779","type":"Feature","properties":{"ROL":"S/R-H-1186","NOMBRE_CAMINO":"Cruce H-10 - Cuarta Hijuela","CLASIFICACION":"Camino Regional de Acceso (En Proceso de Enrolamiento)","CALZADA":"U"},"geometry":{"type":"LineString","coordinates":[[-70.73701,-34.08386],[-70.74931,-34.08105]]}},{"id":"12780","type":"Feature","properties":{"ROL":"S/R-H-1438","NOMBRE_CAMINO":"Cruce H-38 - Tres Puentes","CLASIFICACION":"Camino Regional Comunal (En Proceso de Enrolamiento)","CALZADA":"U"},"geometry":{"type":"LineString","coordinates":[[-70.97484,-34.2745],[-70.97553,-34.27279]]}},{"id":"12781","type":"Feature","properties":{"ROL":"S/R-H-163","NOMBRE_CAMINO":"Cruce H-153 - Central termoeléctrica La Candelaria","CLASIFICACION":"Camino Regional Comunal (En Proceso de Enrolamiento)","CALZADA":"U"},"geometry":{"type":"LineString","coordinates":[[-70.62177,-34.02378],[-70.61463,-34.02577],[-70.61479,-34.02738]]}},{"id":"12782","type":"Feature","properties":{"ROL":"S/R-H-163","NOMBRE_CAMINO":"Cruce H-153 - Central termoeléctrica La Candelaria","CLASIFICACION":"Camino Regional Comunal (En Proceso de Enrolamiento)","CALZADA":"U"},"geometry":{"type":"LineString","coordinates":[[-70.61479,-34.02738],[-70.61556,-34.03273],[-70.61273,-34.03306]]}},{"id":"12783","type":"Feature","properties":{"ROL":"S/R-H-177","NOMBRE_CAMINO":"Cruce Ruta 5 - Cerro  La Compañia","CLASIFICACION":"Camino Regional de Acceso (En Proceso de Enrolamiento)","CALZADA":"U"},"geometry":{"type":"LineString","coordinates":[[-70.70931,-34.06059],[-70.7091,-34.06083]]}},{"id":"12784","type":"Feature","properties":{"ROL":"S/R-H-246","NOMBRE_CAMINO":"Cruce Av.Salvador Allende - Puertas de Fierro","CLASIFICACION":"Camino Regional Comunal (En Proceso de Enrolamiento)","CALZADA":"U"},"geometry":{"type":"LineString","coordinates":[[-70.78107,-34.17533],[-70.78914,-34.17307],[-70.79561,-34.16723]]}},{"id":"12785","type":"Feature","properties":{"ROL":"S/R-H-227","NOMBRE_CAMINO":"Cruce Ruta 5 - La Palma grande","CLASIFICACION":"Camino Regional de Acceso (En Proceso de Enrolamiento)","CALZADA":"U"},"geometry":{"type":"LineString","coordinates":[[-70.72457,-34.11618],[-70.7139,-34.11961]]}},{"id":"12786","type":"Feature","properties":{"ROL":"S/R-H-244","NOMBRE_CAMINO":"Bypass Ruta 5 (Caletera) - El Milagro","CLASIFICACION":"Camino Regional Comunal (En Proceso de Enrolamiento)","CALZADA":"U"},"geometry":{"type":"LineString","coordinates":[[-70.79505,-34.17227],[-70.83474,-34.1661]]}},{"id":"12787","type":"Feature","properties":{"ROL":"S/R-H-191","NOMBRE_CAMINO":"Cruce H-193 - Cruce H-189 (San Joaquín) ","CLASIFICACION":"Camino Regional Comunal (En Proceso de Enrolamiento)","CALZADA":"U"},"geometry":{"type":"LineString","coordinates":[[-70.64379,-34.06643],[-70.64245,-34.06258],[-70.63577,-34.06288],[-70.63122,-34.05767],[-70.62665,-34.05863],[-70.6284,-34.05574],[-70.62806,-34.05215]]}},{"id":"12788","type":"Feature","properties":{"ROL":"S/R-H-221","NOMBRE_CAMINO":"Cruce H-15 - Nuevos campos","CLASIFICACION":"Camino Regional de Acceso (En Proceso de Enrolamiento)","CALZADA":"U"},"geometry":{"type":"LineString","coordinates":[[-70.70307,-34.11615],[-70.7017,-34.11334]]}},{"id":"12789","type":"Feature","properties":{"ROL":"S/R-H-258","NOMBRE_CAMINO":"Cruce H-270 - Cerro Cortés","CLASIFICACION":"Camino Regional de Acceso (En Proceso de Enrolamiento)","CALZADA":"U"},"geometry":{"type":"LineString","coordinates":[[-70.87602,-34.19076],[-70.87422,-34.1871]]}},{"id":"12790","type":"Feature","properties":{"ROL":"S/R-H-191","NOMBRE_CAMINO":"Cruce H-193 - Cruce H-189 (San Joaquín) ","CLASIFICACION":"Camino Regional Comunal (En Proceso de Enrolamiento)","CALZADA":"U"},"geometry":{"type":"LineString","coordinates":[[-70.65256,-34.08393],[-70.64735,-34.07741]]}},{"id":"12791","type":"Feature","properties":{"ROL":"S/R-H-191","NOMBRE_CAMINO":"Cruce H-193 - Cruce H-189 (San Joaquín) ","CLASIFICACION":"Camino Regional Comunal (En Proceso de Enrolamiento)","CALZADA":"U"},"geometry":{"type":"LineString","coordinates":[[-70.64735,-34.07741],[-70.6473,-34.07725]]}},{"id":"12792","type":"Feature","properties":{"ROL":"S/R-H-191","NOMBRE_CAMINO":"Cruce H-193 - Cruce H-189 (San Joaquín) ","CLASIFICACION":"Camino Regional Comunal (En Proceso de Enrolamiento)","CALZADA":"U"},"geometry":{"type":"LineString","coordinates":[[-70.6473,-34.07725],[-70.64379,-34.06643]]}},{"id":"12793","type":"Feature","properties":{"ROL":"S/R-H-221","NOMBRE_CAMINO":"Cruce H-15 - Nuevos campos","CLASIFICACION":"Camino Regional de Acceso (En Proceso de Enrolamiento)","CALZADA":"U"},"geometry":{"type":"LineString","coordinates":[[-70.7002,-34.11689],[-70.70307,-34.11615]]}},{"id":"12794","type":"Feature","properties":{"ROL":"S/R-H-227","NOMBRE_CAMINO":"Cruce Ruta 5 - La Palma grande","CLASIFICACION":"Camino Regional de Acceso (En Proceso de Enrolamiento)","CALZADA":"U"},"geometry":{"type":"LineString","coordinates":[[-70.7139,-34.11961],[-70.71098,-34.12061]]}},{"id":"12795","type":"Feature","properties":{"ROL":"S/R-H-244","NOMBRE_CAMINO":"Bypass Ruta 5 (Caletera) - El Milagro","CLASIFICACION":"Camino Regional Comunal (En Proceso de Enrolamiento)","CALZADA":"U"},"geometry":{"type":"LineString","coordinates":[[-70.79278,-34.17262],[-70.79505,-34.17227]]}},{"id":"12796","type":"Feature","properties":{"ROL":"S/R-H-244","NOMBRE_CAMINO":"Bypass Ruta 5 (Caletera) - El Milagro","CLASIFICACION":"Camino Regional Comunal (En Proceso de Enrolamiento)","CALZADA":"U"},"geometry":{"type":"LineString","coordinates":[[-70.83474,-34.1661],[-70.83499,-34.16604]]}},{"id":"12797","type":"Feature","properties":{"ROL":"S/R-H-246","NOMBRE_CAMINO":"Cruce Av.Salvador Allende - Puertas de Fierro","CLASIFICACION":"Camino Regional Comunal (En Proceso de Enrolamiento)","CALZADA":"U"},"geometry":{"type":"LineString","coordinates":[[-70.79561,-34.16723],[-70.80971,-34.16483]]}},{"id":"12798","type":"Feature","properties":{"ROL":"S/R-H-258","NOMBRE_CAMINO":"Cruce H-270 - Cerro Cortés","CLASIFICACION":"Camino Regional de Acceso (En Proceso de Enrolamiento)","CALZADA":"U"},"geometry":{"type":"LineString","coordinates":[[-70.87422,-34.1871],[-70.87487,-34.18542]]}},{"id":"12799","type":"Feature","properties":{"ROL":"S/R-H-411","NOMBRE_CAMINO":"Cruce H-405 - Candíl","CLASIFICACION":"Camino Regional Comunal (En Proceso de Enrolamiento)","CALZADA":"U"},"geometry":{"type":"LineString","coordinates":[[-70.77802,-34.23394],[-70.75182,-34.23632],[-70.74759,-34.2227]]}},{"id":"12800","type":"Feature","properties":{"ROL":"S/R-H-275","NOMBRE_CAMINO":"Cruce H-27 (San Joaquín) - Nogales","CLASIFICACION":"Camino Regional de Acceso (En Proceso de Enrolamiento)","CALZADA":"U"},"geometry":{"type":"LineString","coordinates":[[-70.70539,-34.19431],[-70.68542,-34.205],[-70.68747,-34.20915]]}},{"id":"12801","type":"Feature","properties":{"ROL":"S/R-H-294","NOMBRE_CAMINO":"Cruce H-296 (Callejón Peumo) - Cruce H-296 ","CLASIFICACION":"Camino Regional Comunal (En Proceso de Enrolamiento)","CALZADA":"U"},"geometry":{"type":"LineString","coordinates":[[-70.94654,-34.20558],[-70.94733,-34.20981]]}},{"id":"12802","type":"Feature","properties":{"ROL":"S/R-H-407","NOMBRE_CAMINO":"Cruce H-405 - El Maitén","CLASIFICACION":"Camino Regional Comunal (En Proceso de Enrolamiento)","CALZADA":"U"},"geometry":{"type":"LineString","coordinates":[[-70.76024,-34.21598],[-70.75858,-34.21752],[-70.75869,-34.22018],[-70.74452,-34.22319]]}},{"id":"12803","type":"Feature","properties":{"ROL":"S/R-H-369","NOMBRE_CAMINO":"Cruce H-265 - Paso Las Leñas","CLASIFICACION":"Camino Regional Comunal (En Proceso de Enrolamiento)","CALZADA":"U"},"geometry":{"type":"LineString","coordinates":[[-70.37202,-34.34526],[-70.3658,-34.34399],[-70.36552,-34.34568],[-70.36169,-34.34813],[-70.35075,-34.34967],[-70.34701,-34.352],[-70.34591,-34.35447],[-70.34006,-34.35754],[-70.33032,-34.3654]]}},{"id":"12804","type":"Feature","properties":{"ROL":"S/R-H-371","NOMBRE_CAMINO":"Cruce H-365 - Reserva Cipreses","CLASIFICACION":"Camino Regional Comunal (En Proceso de Enrolamiento)","CALZADA":"U"},"geometry":{"type":"LineString","coordinates":[[-70.48342,-34.2487],[-70.47965,-34.24995],[-70.47887,-34.25172],[-70.47499,-34.25208],[-70.47181,-34.25873],[-70.46596,-34.26564]]}},{"id":"12805","type":"Feature","properties":{"ROL":"S/R-H-275","NOMBRE_CAMINO":"Cruce H-27 (San Joaquín) - Nogales","CLASIFICACION":"Camino Regional de Acceso (En Proceso de Enrolamiento)","CALZADA":"U"},"geometry":{"type":"LineString","coordinates":[[-70.70932,-34.18966],[-70.70994,-34.19181],[-70.70539,-34.19431]]}},{"id":"12806","type":"Feature","properties":{"ROL":"S/R-H-275","NOMBRE_CAMINO":"Cruce H-27 (San Joaquín) - Nogales","CLASIFICACION":"Camino Regional de Acceso (En Proceso de Enrolamiento)","CALZADA":"U"},"geometry":{"type":"LineString","coordinates":[[-70.68747,-34.20915],[-70.67318,-34.21256]]}},{"id":"12807","type":"Feature","properties":{"ROL":"S/R-H-369","NOMBRE_CAMINO":"Cruce H-265 - Paso Las Leñas","CLASIFICACION":"Camino Regional Comunal (En Proceso de Enrolamiento)","CALZADA":"U"},"geometry":{"type":"LineString","coordinates":[[-70.47473,-34.23485],[-70.4747,-34.23536]]}},{"id":"12808","type":"Feature","properties":{"ROL":"S/R-H-369","NOMBRE_CAMINO":"Cruce H-265 - Paso Las Leñas","CLASIFICACION":"Camino Regional Comunal (En Proceso de Enrolamiento)","CALZADA":"U"},"geometry":{"type":"LineString","coordinates":[[-70.4747,-34.23536],[-70.47185,-34.23594],[-70.47488,-34.23729],[-70.47179,-34.24148]]}},{"id":"12809","type":"Feature","properties":{"ROL":"S/R-H-369","NOMBRE_CAMINO":"Cruce H-265 - Paso Las Leñas","CLASIFICACION":"Camino Regional Comunal (En Proceso de Enrolamiento)","CALZADA":"U"},"geometry":{"type":"LineString","coordinates":[[-70.41573,-34.31329],[-70.41512,-34.31379]]}},{"id":"12810","type":"Feature","properties":{"ROL":"S/R-H-369","NOMBRE_CAMINO":"Cruce H-265 - Paso Las Leñas","CLASIFICACION":"Camino Regional Comunal (En Proceso de Enrolamiento)","CALZADA":"U"},"geometry":{"type":"LineString","coordinates":[[-70.40773,-34.32456],[-70.40697,-34.32489]]}},{"id":"12811","type":"Feature","properties":{"ROL":"S/R-H-369","NOMBRE_CAMINO":"Cruce H-265 - Paso Las Leñas","CLASIFICACION":"Camino Regional Comunal (En Proceso de Enrolamiento)","CALZADA":"U"},"geometry":{"type":"LineString","coordinates":[[-70.33027,-34.36578],[-70.32716,-34.36674],[-70.32193,-34.36529],[-70.32276,-34.3665]]}},{"id":"12812","type":"Feature","properties":{"ROL":"S/R-H-369","NOMBRE_CAMINO":"Cruce H-265 - Paso Las Leñas","CLASIFICACION":"Camino Regional Comunal (En Proceso de Enrolamiento)","CALZADA":"U"},"geometry":{"type":"LineString","coordinates":[[-70.33032,-34.3654],[-70.33027,-34.36578]]}},{"id":"12813","type":"Feature","properties":{"ROL":"S/R-H-407","NOMBRE_CAMINO":"Cruce H-405 - El Maitén","CLASIFICACION":"Camino Regional Comunal (En Proceso de Enrolamiento)","CALZADA":"U"},"geometry":{"type":"LineString","coordinates":[[-70.76031,-34.21591],[-70.76024,-34.21598]]}},{"id":"12814","type":"Feature","properties":{"ROL":"S/R-H-411","NOMBRE_CAMINO":"Cruce H-405 - Candíl","CLASIFICACION":"Camino Regional Comunal (En Proceso de Enrolamiento)","CALZADA":"U"},"geometry":{"type":"LineString","coordinates":[[-70.78058,-34.22645],[-70.78684,-34.23293],[-70.78069,-34.23371]]}},{"id":"12815","type":"Feature","properties":{"ROL":"S/R-H-411","NOMBRE_CAMINO":"Cruce H-405 - Candíl","CLASIFICACION":"Camino Regional Comunal (En Proceso de Enrolamiento)","CALZADA":"U"},"geometry":{"type":"LineString","coordinates":[[-70.78069,-34.23371],[-70.77802,-34.23394]]}},{"id":"12816","type":"Feature","properties":{"ROL":"S/R-H-428","NOMBRE_CAMINO":"Cruce H-422 - Río Cachapoal","CLASIFICACION":"Camino Regional de Acceso (En Proceso de Enrolamiento)","CALZADA":"U"},"geometry":{"type":"LineString","coordinates":[[-70.86596,-34.22132],[-70.86504,-34.21807],[-70.86272,-34.21762]]}},{"id":"12817","type":"Feature","properties":{"ROL":"S/R-H-441","NOMBRE_CAMINO":"Cruce H-409 - Chumaquito","CLASIFICACION":"Camino Regional Comunal (En Proceso de Enrolamiento)","CALZADA":"U"},"geometry":{"type":"LineString","coordinates":[[-70.81409,-34.28321],[-70.81117,-34.27857],[-70.75156,-34.29633],[-70.75086,-34.29474]]}},{"id":"12818","type":"Feature","properties":{"ROL":"S/R-H-523","NOMBRE_CAMINO":"Cruce H-511 - Callejón lo Mendoza","CLASIFICACION":"Camino Regional de Acceso (En Proceso de Enrolamiento)","CALZADA":"U"},"geometry":{"type":"LineString","coordinates":[[-70.84398,-34.37627],[-70.83405,-34.37976]]}},{"id":"12819","type":"Feature","properties":{"ROL":"S/R-H-512","NOMBRE_CAMINO":"Cruce H-50 - Fundo","CLASIFICACION":"Camino Regional de Acceso (En Proceso de Enrolamiento)","CALZADA":"U"},"geometry":{"type":"LineString","coordinates":[[-70.95535,-34.35449],[-70.93953,-34.35859],[-70.93777,-34.35954],[-70.93801,-34.36261],[-70.93403,-34.36294]]}},{"id":"12820","type":"Feature","properties":{"ROL":"S/R-H-492","NOMBRE_CAMINO":"Cruce Ruta 5 (Caletera Cancha) - Los Choapinos","CLASIFICACION":"Camino Regional de Acceso (En Proceso de Enrolamiento)","CALZADA":"U"},"geometry":{"type":"LineString","coordinates":[[-70.83784,-34.32392],[-70.84479,-34.3225],[-70.8456,-34.32488]]}},{"id":"12821","type":"Feature","properties":{"ROL":"S/R-H-431","NOMBRE_CAMINO":"Los Quillayes","CLASIFICACION":"Camino Regional Comunal (En Proceso de Enrolamiento)","CALZADA":"U"},"geometry":{"type":"LineString","coordinates":[[-70.79371,-34.26726],[-70.79567,-34.27307],[-70.75602,-34.28609],[-70.75205,-34.28053],[-70.74896,-34.28125]]}},{"id":"12822","type":"Feature","properties":{"ROL":"S/R-H-428","NOMBRE_CAMINO":"Cruce H-422 - Río Cachapoal","CLASIFICACION":"Camino Regional de Acceso (En Proceso de Enrolamiento)","CALZADA":"U"},"geometry":{"type":"LineString","coordinates":[[-70.86272,-34.21762],[-70.86125,-34.21723],[-70.86146,-34.21437],[-70.86014,-34.21399]]}},{"id":"12823","type":"Feature","properties":{"ROL":"S/R-H-431","NOMBRE_CAMINO":"Los Quillayes","CLASIFICACION":"Camino Regional Comunal (En Proceso de Enrolamiento)","CALZADA":"U"},"geometry":{"type":"LineString","coordinates":[[-70.74896,-34.28125],[-70.7418,-34.28296]]}},{"id":"12824","type":"Feature","properties":{"ROL":"S/R-H-441","NOMBRE_CAMINO":"Cruce H-409 - Chumaquito","CLASIFICACION":"Camino Regional Comunal (En Proceso de Enrolamiento)","CALZADA":"U"},"geometry":{"type":"LineString","coordinates":[[-70.75086,-34.29474],[-70.75018,-34.29293]]}},{"id":"12825","type":"Feature","properties":{"ROL":"S/R-H-462","NOMBRE_CAMINO":"Cruce H-450 - Las Rosas","CLASIFICACION":"Camino Regional de Acceso (En Proceso de Enrolamiento)","CALZADA":"U"},"geometry":{"type":"LineString","coordinates":[[-70.85185,-34.29761],[-70.85409,-34.30102]]}},{"id":"12826","type":"Feature","properties":{"ROL":"S/R-H-492","NOMBRE_CAMINO":"Cruce Ruta 5 (Caletera Cancha) - Los Choapinos","CLASIFICACION":"Camino Regional de Acceso (En Proceso de Enrolamiento)","CALZADA":"U"},"geometry":{"type":"LineString","coordinates":[[-70.83192,-34.32571],[-70.83784,-34.32392]]}},{"id":"12827","type":"Feature","properties":{"ROL":"S/R-H-512","NOMBRE_CAMINO":"Cruce H-50 - Fundo","CLASIFICACION":"Camino Regional de Acceso (En Proceso de Enrolamiento)","CALZADA":"U"},"geometry":{"type":"LineString","coordinates":[[-70.96192,-34.35335],[-70.95535,-34.35449]]}},{"id":"12828","type":"Feature","properties":{"ROL":"S/R-H-523","NOMBRE_CAMINO":"Cruce H-511 - Callejón lo Mendoza","CLASIFICACION":"Camino Regional de Acceso (En Proceso de Enrolamiento)","CALZADA":"U"},"geometry":{"type":"LineString","coordinates":[[-70.83405,-34.37976],[-70.83397,-34.37975]]}},{"id":"12829","type":"Feature","properties":{"ROL":"S/R-H-550","NOMBRE_CAMINO":"Cruce H-590 - El Rulo","CLASIFICACION":"Camino Regional de Acceso (En Proceso de Enrolamiento)","CALZADA":"U"},"geometry":{"type":"LineString","coordinates":[[-71.0198,-34.30675],[-71.0174,-34.31281]]}},{"id":"12830","type":"Feature","properties":{"ROL":"S/R-H-766","NOMBRE_CAMINO":"Pilares Verdes - Barrancas","CLASIFICACION":"Camino Regional de Acceso (En Proceso de Enrolamiento)","CALZADA":"U"},"geometry":{"type":"LineString","coordinates":[[-71.33574,-34.16],[-71.34454,-34.15278],[-71.34693,-34.15352],[-71.35669,-34.1494],[-71.35991,-34.14979]]}},{"id":"12831","type":"Feature","properties":{"ROL":"S/R-H-756","NOMBRE_CAMINO":"Cruce Ruta 66 - Rio Cachapoal","CLASIFICACION":"Camino Regional Comunal (En Proceso de Enrolamiento)","CALZADA":"U"},"geometry":{"type":"LineString","coordinates":[[-71.27574,-34.30713],[-71.27639,-34.30806],[-71.27486,-34.30901],[-71.29419,-34.32242]]}},{"id":"12832","type":"Feature","properties":{"ROL":"S/R-H-581","NOMBRE_CAMINO":"Cruce H-521 (Mineral Vital) - Cruce H-521(Chaqueahue)","CLASIFICACION":"Camino Regional Comunal (En Proceso de Enrolamiento)","CALZADA":"U"},"geometry":{"type":"LineString","coordinates":[[-70.7809,-34.41706],[-70.77844,-34.41885],[-70.77673,-34.42366],[-70.77926,-34.42582]]}},{"id":"12833","type":"Feature","properties":{"ROL":"S/R-H-822","NOMBRE_CAMINO":"Cruce H-776 - San Andrés de Cocalán","CLASIFICACION":"Camino Regional de Acceso (En Proceso de Enrolamiento)","CALZADA":"U"},"geometry":{"type":"LineString","coordinates":[[-71.27743,-34.20903],[-71.27815,-34.21418],[-71.27563,-34.21862],[-71.27812,-34.22174],[-71.28323,-34.22446]]}},{"id":"12834","type":"Feature","properties":{"ROL":"S/R-H-671","NOMBRE_CAMINO":"Cruce H-611 - San Luís","CLASIFICACION":"Camino Regional de Acceso (En Proceso de Enrolamiento)","CALZADA":"U"},"geometry":{"type":"LineString","coordinates":[[-70.87875,-34.44666],[-70.86254,-34.45245]]}},{"id":"12835","type":"Feature","properties":{"ROL":"S/R-H-852","NOMBRE_CAMINO":"Cruce H-92-G (El Almendro) - Valdebenito","CLASIFICACION":"Camino Regional Comunal (En Proceso de Enrolamiento)","CALZADA":"U"},"geometry":{"type":"LineString","coordinates":[[-71.3389,-34.0862],[-71.33297,-34.09346],[-71.33798,-34.10142],[-71.34566,-34.10594],[-71.34737,-34.10554]]}},{"id":"12836","type":"Feature","properties":{"ROL":"S/R-H-698-G","NOMBRE_CAMINO":"Cruce H-92-G - Pincha - Cruce G-696, Sector: Cruce H-92-G - Límite Regional","CLASIFICACION":"Camino Regional Comunal (En Proceso de Enrolamiento)","CALZADA":"U"},"geometry":{"type":"LineString","coordinates":[[-71.28815,-34.0659],[-71.27728,-34.06413],[-71.26891,-34.06654]]}},{"id":"12837","type":"Feature","properties":{"ROL":"S/R-H-578","NOMBRE_CAMINO":"Cruce H-56 - Paso de piedra - Cruce H-56","CLASIFICACION":"Camino Regional Comunal (En Proceso de Enrolamiento)","CALZADA":"U"},"geometry":{"type":"LineString","coordinates":[[-71.03219,-34.36144],[-71.03136,-34.36029],[-71.02848,-34.36083]]}},{"id":"12838","type":"Feature","properties":{"ROL":"S/R-H-704","NOMBRE_CAMINO":"Cruce Ruta 66 - La Capilla","CLASIFICACION":"Camino Regional de Acceso (En Proceso de Enrolamiento)","CALZADA":"U"},"geometry":{"type":"LineString","coordinates":[[-70.93753,-34.46812],[-70.94128,-34.48035]]}},{"id":"12839","type":"Feature","properties":{"ROL":"S/R-H-550","NOMBRE_CAMINO":"Cruce H-590 - El Rulo","CLASIFICACION":"Camino Regional de Acceso (En Proceso de Enrolamiento)","CALZADA":"U"},"geometry":{"type":"LineString","coordinates":[[-71.0174,-34.31281],[-71.01664,-34.31457]]}},{"id":"12840","type":"Feature","properties":{"ROL":"S/R-H-581","NOMBRE_CAMINO":"Cruce H-521 (Mineral Vital) - Cruce H-521(Chaqueahue)","CLASIFICACION":"Camino Regional Comunal (En Proceso de Enrolamiento)","CALZADA":"U"},"geometry":{"type":"LineString","coordinates":[[-70.79024,-34.41399],[-70.7881,-34.4158],[-70.78261,-34.41509],[-70.7809,-34.41706]]}},{"id":"12841","type":"Feature","properties":{"ROL":"S/R-H-671","NOMBRE_CAMINO":"Cruce H-611 - San Luís","CLASIFICACION":"Camino Regional de Acceso (En Proceso de Enrolamiento)","CALZADA":"U"},"geometry":{"type":"LineString","coordinates":[[-70.88249,-34.44579],[-70.87875,-34.44666]]}},{"id":"12842","type":"Feature","properties":{"ROL":"S/R-H-698-G","NOMBRE_CAMINO":"Cruce H-92-G - Pincha - Cruce G-696, Sector: Cruce H-92-G - Límite Regional","CLASIFICACION":"Camino Regional Comunal (En Proceso de Enrolamiento)","CALZADA":"U"},"geometry":{"type":"LineString","coordinates":[[-71.29824,-34.06505],[-71.29473,-34.06529],[-71.29319,-34.06723],[-71.28815,-34.0659]]}},{"id":"12843","type":"Feature","properties":{"ROL":"S/R-H-756","NOMBRE_CAMINO":"Cruce Ruta 66 - Rio Cachapoal","CLASIFICACION":"Camino Regional Comunal (En Proceso de Enrolamiento)","CALZADA":"U"},"geometry":{"type":"LineString","coordinates":[[-71.27082,-34.30417],[-71.27199,-34.30578],[-71.27416,-34.30506],[-71.27574,-34.30713]]}},{"id":"12844","type":"Feature","properties":{"ROL":"S/R-H-766","NOMBRE_CAMINO":"Pilares Verdes - Barrancas","CLASIFICACION":"Camino Regional de Acceso (En Proceso de Enrolamiento)","CALZADA":"U"},"geometry":{"type":"LineString","coordinates":[[-71.35991,-34.14979],[-71.36077,-34.14976]]}},{"id":"12845","type":"Feature","properties":{"ROL":"S/R-H-822","NOMBRE_CAMINO":"Cruce H-776 - San Andrés de Cocalán","CLASIFICACION":"Camino Regional de Acceso (En Proceso de Enrolamiento)","CALZADA":"U"},"geometry":{"type":"LineString","coordinates":[[-71.28323,-34.22446],[-71.2833,-34.22462]]}},{"id":"12846","type":"Feature","properties":{"ROL":"S/R-H-852","NOMBRE_CAMINO":"Cruce H-92-G (El Almendro) - Valdebenito","CLASIFICACION":"Camino Regional Comunal (En Proceso de Enrolamiento)","CALZADA":"U"},"geometry":{"type":"LineString","coordinates":[[-71.3427,-34.0845],[-71.34034,-34.08548]]}},{"id":"12847","type":"Feature","properties":{"ROL":"S/R-H-852","NOMBRE_CAMINO":"Cruce H-92-G (El Almendro) - Valdebenito","CLASIFICACION":"Camino Regional Comunal (En Proceso de Enrolamiento)","CALZADA":"U"},"geometry":{"type":"LineString","coordinates":[[-71.34034,-34.08548],[-71.3389,-34.0862]]}},{"id":"12848","type":"Feature","properties":{"ROL":"S/R-H-852","NOMBRE_CAMINO":"Cruce H-92-G (El Almendro) - Valdebenito","CLASIFICACION":"Camino Regional Comunal (En Proceso de Enrolamiento)","CALZADA":"U"},"geometry":{"type":"LineString","coordinates":[[-71.34737,-34.10554],[-71.35363,-34.11088]]}},{"id":"12849","type":"Feature","properties":{"ROL":"S/R-I-1004","NOMBRE_CAMINO":"Cruce I-826 - Cruce I-850 (Chacarillas)","CLASIFICACION":"Camino Regional Comunal (En Proceso de Enrolamiento)","CALZADA":"U"},"geometry":{"type":"LineString","coordinates":[[-71.16665,-34.66491],[-71.16334,-34.66307],[-71.15362,-34.66548],[-71.14614,-34.66549],[-71.13626,-34.66343],[-71.13243,-34.66409]]}},{"id":"12850","type":"Feature","properties":{"ROL":"S/R-H-872","NOMBRE_CAMINO":"Cruce Ruta 66 (Las Cabras) - Las Parcelas","CLASIFICACION":"Camino Regional de Acceso (En Proceso de Enrolamiento)","CALZADA":"U"},"geometry":{"type":"LineString","coordinates":[[-71.3086,-34.30209],[-71.3115,-34.31366]]}},{"id":"12851","type":"Feature","properties":{"ROL":"S/R-H-920","NOMBRE_CAMINO":"Cruce H-776 (Cocalán) - Cerro","CLASIFICACION":"Camino Regional Comunal (En Proceso de Enrolamiento)","CALZADA":"U"},"geometry":{"type":"LineString","coordinates":[[-71.27569,-34.209],[-71.27212,-34.19738],[-71.27447,-34.19816]]}},{"id":"12852","type":"Feature","properties":{"ROL":"S/R-H-872","NOMBRE_CAMINO":"Cruce Ruta 66 (Las Cabras) - Las Parcelas","CLASIFICACION":"Camino Regional de Acceso (En Proceso de Enrolamiento)","CALZADA":"U"},"geometry":{"type":"LineString","coordinates":[[-71.31151,-34.29368],[-71.31214,-34.29626],[-71.3086,-34.30209]]}},{"id":"12853","type":"Feature","properties":{"ROL":"S/R-H-902","NOMBRE_CAMINO":"Los Yuyos - Medialuna","CLASIFICACION":"Camino Regional de Acceso (En Proceso de Enrolamiento)","CALZADA":"U"},"geometry":{"type":"LineString","coordinates":[[-71.27403,-34.44035],[-71.27397,-34.44037]]}},{"id":"12854","type":"Feature","properties":{"ROL":"S/R-H-920","NOMBRE_CAMINO":"Cruce H-776 (Cocalán) - Cerro","CLASIFICACION":"Camino Regional Comunal (En Proceso de Enrolamiento)","CALZADA":"U"},"geometry":{"type":"LineString","coordinates":[[-71.27447,-34.19816],[-71.2803,-34.19653]]}},{"id":"12855","type":"Feature","properties":{"ROL":"S/R-I-1000","NOMBRE_CAMINO":"Cruce I-810 - Tierra Chilena","CLASIFICACION":"Camino Regional de Acceso (En Proceso de Enrolamiento)","CALZADA":"U"},"geometry":{"type":"LineString","coordinates":[[-71.17221,-34.74593],[-71.17699,-34.74802],[-71.18035,-34.7517]]}},{"id":"12856","type":"Feature","properties":{"ROL":"S/R-I-1004","NOMBRE_CAMINO":"Cruce I-826 - Cruce I-850 (Chacarillas)","CLASIFICACION":"Camino Regional Comunal (En Proceso de Enrolamiento)","CALZADA":"U"},"geometry":{"type":"LineString","coordinates":[[-71.17271,-34.66758],[-71.16665,-34.66491]]}},{"id":"12857","type":"Feature","properties":{"ROL":"S/R-I-148","NOMBRE_CAMINO":"Cruce I-150 - Estero seco","CLASIFICACION":"Camino Regional Comunal (En Proceso de Enrolamiento)","CALZADA":"U"},"geometry":{"type":"LineString","coordinates":[[-71.63846,-34.19779],[-71.6396,-34.19581],[-71.63738,-34.19098],[-71.63754,-34.18774],[-71.64051,-34.18203],[-71.63948,-34.17753],[-71.63781,-34.17685]]}},{"id":"12858","type":"Feature","properties":{"ROL":"S/R-I-1018","NOMBRE_CAMINO":"Hacia el oriente","CLASIFICACION":"Camino Regional de Acceso (En Proceso de Enrolamiento)","CALZADA":"U"},"geometry":{"type":"LineString","coordinates":[[-71.89585,-34.51051],[-71.89565,-34.51437]]}},{"id":"12859","type":"Feature","properties":{"ROL":"S/R-I-1012","NOMBRE_CAMINO":"Cruce I-410 - al sur","CLASIFICACION":"Camino Regional Comunal (En Proceso de Enrolamiento)","CALZADA":"U"},"geometry":{"type":"LineString","coordinates":[[-71.88492,-34.48315],[-71.88416,-34.48531],[-71.88506,-34.48729],[-71.88933,-34.49003],[-71.88977,-34.49913],[-71.89216,-34.50097],[-71.89137,-34.50687]]}},{"id":"12860","type":"Feature","properties":{"ROL":"S/R-I-1150","NOMBRE_CAMINO":"Cruce I-20 - Cementerio La Estrella","CLASIFICACION":"Camino Regional de Acceso (En Proceso de Enrolamiento)","CALZADA":"U"},"geometry":{"type":"LineString","coordinates":[[-71.66289,-34.20818],[-71.66269,-34.21047],[-71.66471,-34.21274],[-71.67219,-34.21577],[-71.6774,-34.21971]]}},{"id":"12861","type":"Feature","properties":{"ROL":"S/R-I-1024","NOMBRE_CAMINO":"Cruce I-170 (Pailimo) - La Posta","CLASIFICACION":"Camino Regional de Acceso (En Proceso de Enrolamiento)","CALZADA":"U"},"geometry":{"type":"LineString","coordinates":[[-71.78832,-34.29453],[-71.79001,-34.29681]]}},{"id":"12862","type":"Feature","properties":{"ROL":"S/R-I-126","NOMBRE_CAMINO":"Cruce I-20 - La Fuente","CLASIFICACION":"Camino Regional de Acceso (En Proceso de Enrolamiento)","CALZADA":"U"},"geometry":{"type":"LineString","coordinates":[[-71.66439,-34.20549],[-71.66489,-34.19775],[-71.66383,-34.19751]]}},{"id":"12863","type":"Feature","properties":{"ROL":"S/R-I-1012","NOMBRE_CAMINO":"Cruce I-410 - al sur","CLASIFICACION":"Camino Regional Comunal (En Proceso de Enrolamiento)","CALZADA":"U"},"geometry":{"type":"LineString","coordinates":[[-71.90311,-34.5113],[-71.90483,-34.51132]]}},{"id":"12864","type":"Feature","properties":{"ROL":"S/R-I-1012","NOMBRE_CAMINO":"Cruce I-410 - al sur","CLASIFICACION":"Camino Regional Comunal (En Proceso de Enrolamiento)","CALZADA":"U"},"geometry":{"type":"LineString","coordinates":[[-71.90187,-34.51101],[-71.90311,-34.5113]]}},{"id":"12865","type":"Feature","properties":{"ROL":"S/R-I-1024","NOMBRE_CAMINO":"Cruce I-170 (Pailimo) - La Posta","CLASIFICACION":"Camino Regional de Acceso (En Proceso de Enrolamiento)","CALZADA":"U"},"geometry":{"type":"LineString","coordinates":[[-71.78655,-34.29258],[-71.78832,-34.29453]]}},{"id":"12866","type":"Feature","properties":{"ROL":"S/R-I-1150","NOMBRE_CAMINO":"Cruce I-20 - Cementerio La Estrella","CLASIFICACION":"Camino Regional de Acceso (En Proceso de Enrolamiento)","CALZADA":"U"},"geometry":{"type":"LineString","coordinates":[[-71.66126,-34.20721],[-71.66276,-34.20712],[-71.66289,-34.20818]]}},{"id":"12867","type":"Feature","properties":{"ROL":"S/R-I-126","NOMBRE_CAMINO":"Cruce I-20 - La Fuente","CLASIFICACION":"Camino Regional de Acceso (En Proceso de Enrolamiento)","CALZADA":"U"},"geometry":{"type":"LineString","coordinates":[[-71.66444,-34.20564],[-71.66439,-34.20549]]}},{"id":"12868","type":"Feature","properties":{"ROL":"S/R-I-148","NOMBRE_CAMINO":"Cruce I-150 - Estero seco","CLASIFICACION":"Camino Regional Comunal (En Proceso de Enrolamiento)","CALZADA":"U"},"geometry":{"type":"LineString","coordinates":[[-71.64452,-34.20142],[-71.63923,-34.19834]]}},{"id":"12869","type":"Feature","properties":{"ROL":"S/R-I-148","NOMBRE_CAMINO":"Cruce I-150 - Estero seco","CLASIFICACION":"Camino Regional Comunal (En Proceso de Enrolamiento)","CALZADA":"U"},"geometry":{"type":"LineString","coordinates":[[-71.63923,-34.19834],[-71.63846,-34.19779]]}},{"id":"12870","type":"Feature","properties":{"ROL":"S/R-I-282","NOMBRE_CAMINO":"Cruce I-112 (La Palmilla) - El Maitén","CLASIFICACION":"Camino Regional Comunal (En Proceso de Enrolamiento)","CALZADA":"U"},"geometry":{"type":"LineString","coordinates":[[-71.81985,-34.03682],[-71.81678,-34.02997],[-71.81077,-34.02244],[-71.80962,-34.01846],[-71.81032,-34.01721],[-71.80907,-34.01601]]}},{"id":"12871","type":"Feature","properties":{"ROL":"S/R-I-186","NOMBRE_CAMINO":"Cruce Ruta 90 (Tres esquinas) - Cruce I-184 (Las Garzas)","CLASIFICACION":"Camino Regional Comunal (En Proceso de Enrolamiento)","CALZADA":"U"},"geometry":{"type":"LineString","coordinates":[[-71.81575,-34.31154],[-71.82204,-34.31365],[-71.82328,-34.31693],[-71.82681,-34.31971],[-71.82445,-34.3251],[-71.82472,-34.32714],[-71.82258,-34.32952],[-71.82584,-34.33589],[-71.82588,-34.34516],[-71.82698,-34.34669]]}},{"id":"12872","type":"Feature","properties":{"ROL":"S/R-I-156","NOMBRE_CAMINO":"Cruce I-20 (El Pihuelo) - Cruce I-154 (Cerro Colorado)","CLASIFICACION":"Camino Regional Comunal (En Proceso de Enrolamiento)","CALZADA":"U"},"geometry":{"type":"LineString","coordinates":[[-71.63236,-34.24764],[-71.6452,-34.25402],[-71.65016,-34.25221]]}},{"id":"12873","type":"Feature","properties":{"ROL":"S/R-I-200","NOMBRE_CAMINO":"Cruce I-20 (Viluco) - El Junquillo","CLASIFICACION":"Camino Regional de Acceso (En Proceso de Enrolamiento)","CALZADA":"U"},"geometry":{"type":"LineString","coordinates":[[-71.62255,-34.28803],[-71.62687,-34.29118],[-71.63439,-34.29326],[-71.64093,-34.29094],[-71.64902,-34.29277],[-71.65509,-34.29172],[-71.65665,-34.29313],[-71.66046,-34.29239],[-71.66007,-34.28662]]}},{"id":"12874","type":"Feature","properties":{"ROL":"S/R-I-166","NOMBRE_CAMINO":"Cruce I-138 (El Cuzco) - Pulin","CLASIFICACION":"Camino Regional Comunal (En Proceso de Enrolamiento)","CALZADA":"U"},"geometry":{"type":"LineString","coordinates":[[-71.6049,-34.11977],[-71.60041,-34.11499],[-71.59633,-34.12071],[-71.58823,-34.12353],[-71.57723,-34.12323],[-71.57416,-34.12437],[-71.57282,-34.12255],[-71.56621,-34.12448]]}},{"id":"12875","type":"Feature","properties":{"ROL":"S/R-I-168","NOMBRE_CAMINO":"Cruce I-120 - Quebrada de La Virgen","CLASIFICACION":"Camino Regional de Acceso (En Proceso de Enrolamiento)","CALZADA":"U"},"geometry":{"type":"LineString","coordinates":[[-71.65204,-34.19056],[-71.65787,-34.18756],[-71.65749,-34.18547],[-71.65897,-34.18419],[-71.66334,-34.17117]]}},{"id":"12876","type":"Feature","properties":{"ROL":"S/R-I-156","NOMBRE_CAMINO":"Cruce I-20 (El Pihuelo) - Cruce I-154 (Cerro Colorado)","CLASIFICACION":"Camino Regional Comunal (En Proceso de Enrolamiento)","CALZADA":"U"},"geometry":{"type":"LineString","coordinates":[[-71.63166,-34.2387],[-71.63496,-34.24028],[-71.63122,-34.24395]]}},{"id":"12877","type":"Feature","properties":{"ROL":"S/R-I-156","NOMBRE_CAMINO":"Cruce I-20 (El Pihuelo) - Cruce I-154 (Cerro Colorado)","CLASIFICACION":"Camino Regional Comunal (En Proceso de Enrolamiento)","CALZADA":"U"},"geometry":{"type":"LineString","coordinates":[[-71.63122,-34.24395],[-71.63156,-34.24459]]}},{"id":"12878","type":"Feature","properties":{"ROL":"S/R-I-156","NOMBRE_CAMINO":"Cruce I-20 (El Pihuelo) - Cruce I-154 (Cerro Colorado)","CLASIFICACION":"Camino Regional Comunal (En Proceso de Enrolamiento)","CALZADA":"U"},"geometry":{"type":"LineString","coordinates":[[-71.63156,-34.24459],[-71.63236,-34.24764]]}},{"id":"12879","type":"Feature","properties":{"ROL":"S/R-I-166","NOMBRE_CAMINO":"Cruce I-138 (El Cuzco) - Pulin","CLASIFICACION":"Camino Regional Comunal (En Proceso de Enrolamiento)","CALZADA":"U"},"geometry":{"type":"LineString","coordinates":[[-71.61492,-34.10581],[-71.61472,-34.10585]]}},{"id":"12880","type":"Feature","properties":{"ROL":"S/R-I-166","NOMBRE_CAMINO":"Cruce I-138 (El Cuzco) - Pulin","CLASIFICACION":"Camino Regional Comunal (En Proceso de Enrolamiento)","CALZADA":"U"},"geometry":{"type":"LineString","coordinates":[[-71.61472,-34.10585],[-71.61299,-34.10633],[-71.61108,-34.1099],[-71.6132,-34.11829],[-71.61007,-34.11852],[-71.61028,-34.12024],[-71.60691,-34.12252],[-71.60494,-34.11981]]}},{"id":"12881","type":"Feature","properties":{"ROL":"S/R-I-166","NOMBRE_CAMINO":"Cruce I-138 (El Cuzco) - Pulin","CLASIFICACION":"Camino Regional Comunal (En Proceso de Enrolamiento)","CALZADA":"U"},"geometry":{"type":"LineString","coordinates":[[-71.60494,-34.11981],[-71.6049,-34.11977]]}},{"id":"12882","type":"Feature","properties":{"ROL":"S/R-I-168","NOMBRE_CAMINO":"Cruce I-120 - Quebrada de La Virgen","CLASIFICACION":"Camino Regional de Acceso (En Proceso de Enrolamiento)","CALZADA":"U"},"geometry":{"type":"LineString","coordinates":[[-71.65178,-34.19088],[-71.65204,-34.19056]]}},{"id":"12883","type":"Feature","properties":{"ROL":"S/R-I-186","NOMBRE_CAMINO":"Cruce Ruta 90 (Tres esquinas) - Cruce I-184 (Las Garzas)","CLASIFICACION":"Camino Regional Comunal (En Proceso de Enrolamiento)","CALZADA":"U"},"geometry":{"type":"LineString","coordinates":[[-71.80042,-34.29813],[-71.80485,-34.2987],[-71.80874,-34.30303],[-71.81297,-34.30459],[-71.81575,-34.31154]]}},{"id":"12884","type":"Feature","properties":{"ROL":"S/R-I-186","NOMBRE_CAMINO":"Cruce Ruta 90 (Tres esquinas) - Cruce I-184 (Las Garzas)","CLASIFICACION":"Camino Regional Comunal (En Proceso de Enrolamiento)","CALZADA":"U"},"geometry":{"type":"LineString","coordinates":[[-71.82705,-34.34675],[-71.83124,-34.3524]]}},{"id":"12885","type":"Feature","properties":{"ROL":"S/R-I-186","NOMBRE_CAMINO":"Cruce Ruta 90 (Tres esquinas) - Cruce I-184 (Las Garzas)","CLASIFICACION":"Camino Regional Comunal (En Proceso de Enrolamiento)","CALZADA":"U"},"geometry":{"type":"LineString","coordinates":[[-71.82698,-34.34669],[-71.82705,-34.34675]]}},{"id":"12886","type":"Feature","properties":{"ROL":"S/R-I-200","NOMBRE_CAMINO":"Cruce I-20 (Viluco) - El Junquillo","CLASIFICACION":"Camino Regional de Acceso (En Proceso de Enrolamiento)","CALZADA":"U"},"geometry":{"type":"LineString","coordinates":[[-71.66007,-34.28662],[-71.65983,-34.28552]]}},{"id":"12887","type":"Feature","properties":{"ROL":"S/R-I-282","NOMBRE_CAMINO":"Cruce I-112 (La Palmilla) - El Maitén","CLASIFICACION":"Camino Regional Comunal (En Proceso de Enrolamiento)","CALZADA":"U"},"geometry":{"type":"LineString","coordinates":[[-71.82218,-34.03838],[-71.81985,-34.03682]]}},{"id":"12888","type":"Feature","properties":{"ROL":"S/R-I-396","NOMBRE_CAMINO":"Cruce Ruta 90 - Peñuelas","CLASIFICACION":"Camino Regional de Acceso (En Proceso de Enrolamiento)","CALZADA":"U"},"geometry":{"type":"LineString","coordinates":[[-71.02809,-34.60808],[-71.02408,-34.60733]]}},{"id":"12889","type":"Feature","properties":{"ROL":"S/R-I-404","NOMBRE_CAMINO":"Cruce Ruta 90 - Cruce I-38 (Taulemu)","CLASIFICACION":"Camino Regional Comunal (En Proceso de Enrolamiento)","CALZADA":"U"},"geometry":{"type":"LineString","coordinates":[[-71.08851,-34.62203],[-71.09002,-34.61668]]}},{"id":"12890","type":"Feature","properties":{"ROL":"S/R-I-341","NOMBRE_CAMINO":"Cruce I-309 - El Carmen","CLASIFICACION":"Camino Regional de Acceso (En Proceso de Enrolamiento)","CALZADA":"U"},"geometry":{"type":"LineString","coordinates":[[-70.85378,-34.64977],[-70.84986,-34.64443]]}},{"id":"12891","type":"Feature","properties":{"ROL":"S/R-I-311","NOMBRE_CAMINO":"San Ignacio","CLASIFICACION":"Camino Regional de Acceso (En Proceso de Enrolamiento)","CALZADA":"U"},"geometry":{"type":"LineString","coordinates":[[-70.85442,-34.64768],[-70.85102,-34.64382]]}},{"id":"12892","type":"Feature","properties":{"ROL":"S/R-I-314","NOMBRE_CAMINO":"Cruce Ruta 90 - El Castillo Lihueimo","CLASIFICACION":"Camino Regional de Acceso (En Proceso de Enrolamiento)","CALZADA":"U"},"geometry":{"type":"LineString","coordinates":[[-71.42246,-34.51768],[-71.41422,-34.51726]]}},{"id":"12893","type":"Feature","properties":{"ROL":"S/R-I-306","NOMBRE_CAMINO":"Cruce I-320-H - Cruce I-322","CLASIFICACION":"Camino Regional Comunal (En Proceso de Enrolamiento)","CALZADA":"U"},"geometry":{"type":"LineString","coordinates":[[-71.32643,-34.47157],[-71.31771,-34.47386]]}},{"id":"12894","type":"Feature","properties":{"ROL":"S/R-I-408","NOMBRE_CAMINO":"Cruce I-60 - Cruce I-594","CLASIFICACION":"Camino Regional Comunal (En Proceso de Enrolamiento)","CALZADA":"U"},"geometry":{"type":"LineString","coordinates":[[-71.71371,-34.70744],[-71.70741,-34.70846],[-71.70566,-34.70703],[-71.695,-34.70702],[-71.69248,-34.70814],[-71.69088,-34.70418],[-71.68389,-34.70388]]}},{"id":"12895","type":"Feature","properties":{"ROL":"S/R-I-311","NOMBRE_CAMINO":"San Ignacio","CLASIFICACION":"Camino Regional de Acceso (En Proceso de Enrolamiento)","CALZADA":"U"},"geometry":{"type":"LineString","coordinates":[[-70.85102,-34.64382],[-70.85045,-34.6437]]}},{"id":"12896","type":"Feature","properties":{"ROL":"S/R-I-314","NOMBRE_CAMINO":"Cruce Ruta 90 - El Castillo Lihueimo","CLASIFICACION":"Camino Regional de Acceso (En Proceso de Enrolamiento)","CALZADA":"U"},"geometry":{"type":"LineString","coordinates":[[-71.42273,-34.51771],[-71.42246,-34.51768]]}},{"id":"12897","type":"Feature","properties":{"ROL":"S/R-I-341","NOMBRE_CAMINO":"Cruce I-309 - El Carmen","CLASIFICACION":"Camino Regional de Acceso (En Proceso de Enrolamiento)","CALZADA":"U"},"geometry":{"type":"LineString","coordinates":[[-70.84986,-34.64443],[-70.84978,-34.64435]]}},{"id":"12898","type":"Feature","properties":{"ROL":"S/R-I-365","NOMBRE_CAMINO":"Cruce I-322 - La Copa","CLASIFICACION":"Camino Regional de Acceso (En Proceso de Enrolamiento)","CALZADA":"U"},"geometry":{"type":"LineString","coordinates":[[-71.30169,-34.46908],[-71.30148,-34.46861]]}},{"id":"12899","type":"Feature","properties":{"ROL":"S/R-I-396","NOMBRE_CAMINO":"Cruce Ruta 90 - Peñuelas","CLASIFICACION":"Camino Regional de Acceso (En Proceso de Enrolamiento)","CALZADA":"U"},"geometry":{"type":"LineString","coordinates":[[-71.02408,-34.60733],[-71.02357,-34.60723]]}},{"id":"12900","type":"Feature","properties":{"ROL":"S/R-I-404","NOMBRE_CAMINO":"Cruce Ruta 90 - Cruce I-38 (Taulemu)","CLASIFICACION":"Camino Regional Comunal (En Proceso de Enrolamiento)","CALZADA":"U"},"geometry":{"type":"LineString","coordinates":[[-71.08587,-34.62695],[-71.08851,-34.62203]]}},{"id":"12901","type":"Feature","properties":{"ROL":"S/R-I-408","NOMBRE_CAMINO":"Cruce I-60 - Cruce I-594","CLASIFICACION":"Camino Regional Comunal (En Proceso de Enrolamiento)","CALZADA":"U"},"geometry":{"type":"LineString","coordinates":[[-71.73649,-34.69168],[-71.73626,-34.69179]]}},{"id":"12902","type":"Feature","properties":{"ROL":"S/R-I-408","NOMBRE_CAMINO":"Cruce I-60 - Cruce I-594","CLASIFICACION":"Camino Regional Comunal (En Proceso de Enrolamiento)","CALZADA":"U"},"geometry":{"type":"LineString","coordinates":[[-71.73626,-34.69179],[-71.72951,-34.70103],[-71.72103,-34.70556],[-71.71371,-34.70744]]}},{"id":"12903","type":"Feature","properties":{"ROL":"S/R-I-637","NOMBRE_CAMINO":"Cruce I-625 - Santa Lucila","CLASIFICACION":"Camino Regional de Acceso (En Proceso de Enrolamiento)","CALZADA":"U"},"geometry":{"type":"LineString","coordinates":[[-71.01643,-34.74896],[-71.00684,-34.75381]]}},{"id":"12904","type":"Feature","properties":{"ROL":"S/R-I-606","NOMBRE_CAMINO":"La Cabaña poniente","CLASIFICACION":"Camino Regional de Acceso (En Proceso de Enrolamiento)","CALZADA":"U"},"geometry":{"type":"LineString","coordinates":[[-71.57538,-34.72949],[-71.57558,-34.72924]]}},{"id":"12905","type":"Feature","properties":{"ROL":"S/R-I-606","NOMBRE_CAMINO":"La Cabaña poniente","CLASIFICACION":"Camino Regional de Acceso (En Proceso de Enrolamiento)","CALZADA":"U"},"geometry":{"type":"LineString","coordinates":[[-71.57603,-34.71999],[-71.576,-34.72575],[-71.57744,-34.7265],[-71.57538,-34.72949]]}},{"id":"12906","type":"Feature","properties":{"ROL":"S/R-I-598","NOMBRE_CAMINO":"Cruce I-72 (Lolol) - Los Robles","CLASIFICACION":"Camino Regional de Acceso (En Proceso de Enrolamiento)","CALZADA":"U"},"geometry":{"type":"LineString","coordinates":[[-71.64428,-34.72877],[-71.64642,-34.73157],[-71.6475,-34.7363],[-71.64685,-34.74082],[-71.64248,-34.74924],[-71.63866,-34.74991],[-71.63494,-34.75526],[-71.6336,-34.75516],[-71.63314,-34.75361],[-71.63015,-34.75474],[-71.62999,-34.75223],[-71.62853,-34.75085],[-71.62531,-34.7525],[-71.6188,-34.74965],[-71.61507,-34.75063],[-71.60799,-34.74957],[-71.60526,-34.75297],[-71.60093,-34.75439],[-71.59898,-34.75943],[-71.58931,-34.76363],[-71.58678,-34.76782],[-71.58166,-34.76825],[-71.58092,-34.77077],[-71.5764,-34.76994],[-71.57542,-34.77198],[-71.57197,-34.77312],[-71.56809,-34.76953],[-71.56348,-34.77699],[-71.55372,-34.77801],[-71.55356,-34.78101],[-71.556,-34.7834],[-71.55237,-34.78996],[-71.55279,-34.79412],[-71.55425,-34.79582],[-71.55218,-34.80134],[-71.54572,-34.79772],[-71.53527,-34.7984],[-71.52773,-34.79547],[-71.52627,-34.79351],[-71.51877,-34.7923],[-71.51417,-34.78966]]}},{"id":"12907","type":"Feature","properties":{"ROL":"S/R-I-658","NOMBRE_CAMINO":"Cruce I-690 - Olivar","CLASIFICACION":"Camino Regional Comunal (En Proceso de Enrolamiento)","CALZADA":"U"},"geometry":{"type":"LineString","coordinates":[[-71.49641,-34.48417],[-71.4927,-34.49021],[-71.49183,-34.49445],[-71.48474,-34.49688]]}},{"id":"12908","type":"Feature","properties":{"ROL":"S/R-I-641","NOMBRE_CAMINO":"Cruce I-625 - Las Gaticas","CLASIFICACION":"Camino Regional de Acceso (En Proceso de Enrolamiento)","CALZADA":"U"},"geometry":{"type":"LineString","coordinates":[[-71.00568,-34.7441],[-70.99563,-34.74919]]}},{"id":"12909","type":"Feature","properties":{"ROL":"S/R-I-728","NOMBRE_CAMINO":"Cruce I-710 - Los Corralones","CLASIFICACION":"Camino Regional de Acceso (En Proceso de Enrolamiento)","CALZADA":"U"},"geometry":{"type":"LineString","coordinates":[[-71.44053,-34.59451],[-71.44105,-34.5922],[-71.44832,-34.58291],[-71.44667,-34.58081]]}},{"id":"12910","type":"Feature","properties":{"ROL":"S/R-I-486","NOMBRE_CAMINO":"Cruce I-502 - La Plaza Verdum","CLASIFICACION":"Camino Regional de Acceso (En Proceso de Enrolamiento)","CALZADA":"U"},"geometry":{"type":"LineString","coordinates":[[-72.02006,-34.54543],[-72.00623,-34.54415],[-72.0019,-34.53949],[-71.99899,-34.53748],[-71.99608,-34.53801],[-71.9935,-34.53478],[-71.98979,-34.53449],[-71.98414,-34.53891]]}},{"id":"12911","type":"Feature","properties":{"ROL":"S/R-I-728","NOMBRE_CAMINO":"Cruce I-710 - Los Corralones","CLASIFICACION":"Camino Regional de Acceso (En Proceso de Enrolamiento)","CALZADA":"U"},"geometry":{"type":"LineString","coordinates":[[-71.43916,-34.57241],[-71.4369,-34.57137]]}},{"id":"12912","type":"Feature","properties":{"ROL":"S/R-I-647","NOMBRE_CAMINO":"Cruce I-645 - Aitue","CLASIFICACION":"Camino Regional de Acceso (En Proceso de Enrolamiento)","CALZADA":"U"},"geometry":{"type":"LineString","coordinates":[[-70.98551,-34.75667],[-70.97324,-34.76718]]}},{"id":"12913","type":"Feature","properties":{"ROL":"S/R-I-462","NOMBRE_CAMINO":"Los Romeros - El Rincón","CLASIFICACION":"Camino Regional de Acceso (En Proceso de Enrolamiento)","CALZADA":"U"},"geometry":{"type":"LineString","coordinates":[[-71.82696,-34.7454],[-71.82182,-34.74359],[-71.81488,-34.7456]]}},{"id":"12914","type":"Feature","properties":{"ROL":"S/R-I-529","NOMBRE_CAMINO":"Cruce Ruta 5 - Las Mariposas","CLASIFICACION":"Camino Regional de Acceso (En Proceso de Enrolamiento)","CALZADA":"U"},"geometry":{"type":"LineString","coordinates":[[-71.01205,-34.69534],[-70.99415,-34.70182]]}},{"id":"12915","type":"Feature","properties":{"ROL":"S/R-I-471","NOMBRE_CAMINO":"Camino Isla Briones oriente","CLASIFICACION":"Camino Regional de Acceso (En Proceso de Enrolamiento)","CALZADA":"U"},"geometry":{"type":"LineString","coordinates":[[-70.86032,-34.69113],[-70.85559,-34.69369]]}},{"id":"12916","type":"Feature","properties":{"ROL":"S/R-I-750","NOMBRE_CAMINO":"Quebrada Moreno","CLASIFICACION":"Camino Regional de Acceso (En Proceso de Enrolamiento)","CALZADA":"U"},"geometry":{"type":"LineString","coordinates":[[-71.43201,-34.716],[-71.42509,-34.71931]]}},{"id":"12917","type":"Feature","properties":{"ROL":"S/R-I-524","NOMBRE_CAMINO":"Cruce I-450 - Pañul","CLASIFICACION":"Camino Regional Comunal (En Proceso de Enrolamiento)","CALZADA":"U"},"geometry":{"type":"LineString","coordinates":[[-71.97873,-34.49232],[-71.96657,-34.49752],[-71.96577,-34.49635],[-71.96155,-34.49662]]}},{"id":"12918","type":"Feature","properties":{"ROL":"S/R-I-524","NOMBRE_CAMINO":"Cruce I-450 - Pañul","CLASIFICACION":"Camino Regional Comunal (En Proceso de Enrolamiento)","CALZADA":"U"},"geometry":{"type":"LineString","coordinates":[[-71.95898,-34.49805],[-71.95804,-34.50003],[-71.9555,-34.49808]]}},{"id":"12919","type":"Feature","properties":{"ROL":"S/R-I-647","NOMBRE_CAMINO":"Cruce I-645 - Aitue","CLASIFICACION":"Camino Regional de Acceso (En Proceso de Enrolamiento)","CALZADA":"U"},"geometry":{"type":"LineString","coordinates":[[-70.97324,-34.76718],[-70.97717,-34.76946],[-70.97872,-34.77428]]}},{"id":"12920","type":"Feature","properties":{"ROL":"S/R-I-462","NOMBRE_CAMINO":"Los Romeros - El Rincón","CLASIFICACION":"Camino Regional de Acceso (En Proceso de Enrolamiento)","CALZADA":"U"},"geometry":{"type":"LineString","coordinates":[[-71.81488,-34.7456],[-71.81115,-34.74864]]}},{"id":"12921","type":"Feature","properties":{"ROL":"S/R-I-471","NOMBRE_CAMINO":"Camino Isla Briones oriente","CLASIFICACION":"Camino Regional de Acceso (En Proceso de Enrolamiento)","CALZADA":"U"},"geometry":{"type":"LineString","coordinates":[[-70.86044,-34.691],[-70.86032,-34.69113]]}},{"id":"12922","type":"Feature","properties":{"ROL":"S/R-I-524","NOMBRE_CAMINO":"Cruce I-450 - Pañul","CLASIFICACION":"Camino Regional Comunal (En Proceso de Enrolamiento)","CALZADA":"U"},"geometry":{"type":"LineString","coordinates":[[-71.9611,-34.49679],[-71.95898,-34.49805]]}},{"id":"12923","type":"Feature","properties":{"ROL":"S/R-I-524","NOMBRE_CAMINO":"Cruce I-450 - Pañul","CLASIFICACION":"Camino Regional Comunal (En Proceso de Enrolamiento)","CALZADA":"U"},"geometry":{"type":"LineString","coordinates":[[-71.9555,-34.49808],[-71.95318,-34.49645]]}},{"id":"12924","type":"Feature","properties":{"ROL":"S/R-I-529","NOMBRE_CAMINO":"Cruce Ruta 5 - Las Mariposas","CLASIFICACION":"Camino Regional de Acceso (En Proceso de Enrolamiento)","CALZADA":"U"},"geometry":{"type":"LineString","coordinates":[[-71.01712,-34.69355],[-71.01205,-34.69534]]}},{"id":"12925","type":"Feature","properties":{"ROL":"S/R-I-529","NOMBRE_CAMINO":"Cruce Ruta 5 - Las Mariposas","CLASIFICACION":"Camino Regional de Acceso (En Proceso de Enrolamiento)","CALZADA":"U"},"geometry":{"type":"LineString","coordinates":[[-70.99415,-34.70182],[-70.99415,-34.70185]]}},{"id":"12926","type":"Feature","properties":{"ROL":"S/R-I-637","NOMBRE_CAMINO":"Cruce I-625 - Santa Lucila","CLASIFICACION":"Camino Regional de Acceso (En Proceso de Enrolamiento)","CALZADA":"U"},"geometry":{"type":"LineString","coordinates":[[-71.00684,-34.75381],[-71.00482,-34.75483]]}},{"id":"12927","type":"Feature","properties":{"ROL":"S/R-I-641","NOMBRE_CAMINO":"Cruce I-625 - Las Gaticas","CLASIFICACION":"Camino Regional de Acceso (En Proceso de Enrolamiento)","CALZADA":"U"},"geometry":{"type":"LineString","coordinates":[[-71.01336,-34.74028],[-71.00568,-34.7441]]}},{"id":"12928","type":"Feature","properties":{"ROL":"S/R-I-658","NOMBRE_CAMINO":"Cruce I-690 - Olivar","CLASIFICACION":"Camino Regional Comunal (En Proceso de Enrolamiento)","CALZADA":"U"},"geometry":{"type":"LineString","coordinates":[[-71.49639,-34.48411],[-71.49641,-34.48417]]}},{"id":"12929","type":"Feature","properties":{"ROL":"S/R-I-658","NOMBRE_CAMINO":"Cruce I-690 - Olivar","CLASIFICACION":"Camino Regional Comunal (En Proceso de Enrolamiento)","CALZADA":"U"},"geometry":{"type":"LineString","coordinates":[[-71.48474,-34.49688],[-71.47654,-34.49544]]}},{"id":"12930","type":"Feature","properties":{"ROL":"S/R-I-658","NOMBRE_CAMINO":"Cruce I-690 - Olivar","CLASIFICACION":"Camino Regional Comunal (En Proceso de Enrolamiento)","CALZADA":"U"},"geometry":{"type":"LineString","coordinates":[[-71.47618,-34.49537],[-71.47612,-34.49537]]}},{"id":"12931","type":"Feature","properties":{"ROL":"S/R-I-658","NOMBRE_CAMINO":"Cruce I-690 - Olivar","CLASIFICACION":"Camino Regional Comunal (En Proceso de Enrolamiento)","CALZADA":"U"},"geometry":{"type":"LineString","coordinates":[[-71.46911,-34.49415],[-71.4671,-34.4938]]}},{"id":"12932","type":"Feature","properties":{"ROL":"S/R-I-658","NOMBRE_CAMINO":"Cruce I-690 - Olivar","CLASIFICACION":"Camino Regional Comunal (En Proceso de Enrolamiento)","CALZADA":"U"},"geometry":{"type":"LineString","coordinates":[[-71.46952,-34.49422],[-71.46941,-34.4942]]}},{"id":"12933","type":"Feature","properties":{"ROL":"S/R-I-728","NOMBRE_CAMINO":"Cruce I-710 - Los Corralones","CLASIFICACION":"Camino Regional de Acceso (En Proceso de Enrolamiento)","CALZADA":"U"},"geometry":{"type":"LineString","coordinates":[[-71.44667,-34.58081],[-71.44423,-34.5781],[-71.44321,-34.57326],[-71.43916,-34.57241]]}},{"id":"12934","type":"Feature","properties":{"ROL":"S/R-I-750","NOMBRE_CAMINO":"Quebrada Moreno","CLASIFICACION":"Camino Regional de Acceso (En Proceso de Enrolamiento)","CALZADA":"U"},"geometry":{"type":"LineString","coordinates":[[-71.42509,-34.71931],[-71.42319,-34.71949]]}},{"id":"12935","type":"Feature","properties":{"ROL":"S/R-I-942","NOMBRE_CAMINO":"Cruce I-198 (Navidad) - Los Queñes","CLASIFICACION":"Camino Regional Comunal (En Proceso de Enrolamiento)","CALZADA":"U"},"geometry":{"type":"LineString","coordinates":[[-71.83185,-33.95671],[-71.8274,-33.96221],[-71.82934,-33.9667]]}},{"id":"12936","type":"Feature","properties":{"ROL":"S/R-I-944","NOMBRE_CAMINO":"Cruce I-796 - Purísima","CLASIFICACION":"Camino Regional de Acceso (En Proceso de Enrolamiento)","CALZADA":"U"},"geometry":{"type":"LineString","coordinates":[[-71.19843,-34.68891],[-71.1914,-34.68651]]}},{"id":"12937","type":"Feature","properties":{"ROL":"S/R-I-834","NOMBRE_CAMINO":"Cruce I-82 - El Cardal - Cruce I-826 ","CLASIFICACION":"Camino Regional Comunal (En Proceso de Enrolamiento)","CALZADA":"U"},"geometry":{"type":"LineString","coordinates":[[-71.20097,-34.66742],[-71.18628,-34.66456]]}},{"id":"12938","type":"Feature","properties":{"ROL":"S/R-I-932","NOMBRE_CAMINO":"Cruce I-890 - Porvenir","CLASIFICACION":"Camino Regional de Acceso (En Proceso de Enrolamiento)","CALZADA":"U"},"geometry":{"type":"LineString","coordinates":[[-71.02946,-34.69101],[-71.0426,-34.68555]]}},{"id":"12939","type":"Feature","properties":{"ROL":"S/R-I-988","NOMBRE_CAMINO":"Cruce I-188 (Paso del Soldado) - Los Quillayes","CLASIFICACION":"Camino Regional de Acceso (En Proceso de Enrolamiento)","CALZADA":"U"},"geometry":{"type":"LineString","coordinates":[[-71.89589,-34.13143],[-71.89734,-34.13688],[-71.90065,-34.14246]]}},{"id":"12940","type":"Feature","properties":{"ROL":"S/R-I-874","NOMBRE_CAMINO":"Cruce I-850 (Rinconada de Manantiales) - Rinconada El Cerro","CLASIFICACION":"Camino Regional de Acceso (En Proceso de Enrolamiento)","CALZADA":"U"},"geometry":{"type":"LineString","coordinates":[[-71.03923,-34.6338],[-71.03661,-34.63654],[-71.03293,-34.63683]]}},{"id":"12941","type":"Feature","properties":{"ROL":"S/R-I-966","NOMBRE_CAMINO":"Cruce I-194 (La Vega) - Cruce I-192 (Chorrillos)","CLASIFICACION":"Camino Regional Comunal (En Proceso de Enrolamiento)","CALZADA":"U"},"geometry":{"type":"LineString","coordinates":[[-71.88711,-34.03048],[-71.88431,-34.03227],[-71.88279,-34.03528],[-71.88114,-34.04043],[-71.88245,-34.04416],[-71.87727,-34.04945]]}},{"id":"12942","type":"Feature","properties":{"ROL":"S/R-I-786","NOMBRE_CAMINO":"Cruce I-776 - Las Parcelas ","CLASIFICACION":"Camino Regional de Acceso (En Proceso de Enrolamiento)","CALZADA":"U"},"geometry":{"type":"LineString","coordinates":[[-71.43094,-34.7812],[-71.43794,-34.78163],[-71.43788,-34.78416],[-71.43625,-34.78581]]}},{"id":"12943","type":"Feature","properties":{"ROL":"S/R-I-988","NOMBRE_CAMINO":"Cruce I-188 (Paso del Soldado) - Los Quillayes","CLASIFICACION":"Camino Regional de Acceso (En Proceso de Enrolamiento)","CALZADA":"U"},"geometry":{"type":"LineString","coordinates":[[-71.90065,-34.14246],[-71.90413,-34.14848],[-71.90303,-34.15126]]}},{"id":"12944","type":"Feature","properties":{"ROL":"S/R-I-882","NOMBRE_CAMINO":"Cruce H-82-I - San Francisco","CLASIFICACION":"Camino Regional Comunal (En Proceso de Enrolamiento)","CALZADA":"U"},"geometry":{"type":"LineString","coordinates":[[-71.36691,-34.44448],[-71.37553,-34.44556]]}},{"id":"12945","type":"Feature","properties":{"ROL":"S/R-I-878","NOMBRE_CAMINO":"Cruce I-730 - Paso de los Reyes","CLASIFICACION":"Camino Regional de Acceso (En Proceso de Enrolamiento)","CALZADA":"U"},"geometry":{"type":"LineString","coordinates":[[-71.4076,-34.61719],[-71.40952,-34.61372],[-71.40757,-34.61091],[-71.40821,-34.60707],[-71.41113,-34.60285]]}},{"id":"12946","type":"Feature","properties":{"ROL":"S/R-I-874","NOMBRE_CAMINO":"Cruce I-850 (Rinconada de Manantiales) - Rinconada El Cerro","CLASIFICACION":"Camino Regional de Acceso (En Proceso de Enrolamiento)","CALZADA":"U"},"geometry":{"type":"LineString","coordinates":[[-71.04218,-34.63022],[-71.03923,-34.6338]]}},{"id":"12947","type":"Feature","properties":{"ROL":"S/R-I-966","NOMBRE_CAMINO":"Cruce I-194 (La Vega) - Cruce I-192 (Chorrillos)","CLASIFICACION":"Camino Regional Comunal (En Proceso de Enrolamiento)","CALZADA":"U"},"geometry":{"type":"LineString","coordinates":[[-71.87727,-34.04945],[-71.8749,-34.05119],[-71.86882,-34.0497]]}},{"id":"12948","type":"Feature","properties":{"ROL":"S/R-I-786","NOMBRE_CAMINO":"Cruce I-776 - Las Parcelas ","CLASIFICACION":"Camino Regional de Acceso (En Proceso de Enrolamiento)","CALZADA":"U"},"geometry":{"type":"LineString","coordinates":[[-71.42762,-34.77664],[-71.428,-34.78002],[-71.43094,-34.7812]]}},{"id":"12949","type":"Feature","properties":{"ROL":"S/R-I-834","NOMBRE_CAMINO":"Cruce I-82 - El Cardal - Cruce I-826 ","CLASIFICACION":"Camino Regional Comunal (En Proceso de Enrolamiento)","CALZADA":"U"},"geometry":{"type":"LineString","coordinates":[[-71.18628,-34.66456],[-71.178,-34.66209],[-71.17278,-34.66388]]}},{"id":"12950","type":"Feature","properties":{"ROL":"S/R-I-836","NOMBRE_CAMINO":"Cruce I-86 - Traiguén","CLASIFICACION":"Camino Regional de Acceso (En Proceso de Enrolamiento)","CALZADA":"U"},"geometry":{"type":"LineString","coordinates":[[-71.20568,-34.75882],[-71.20661,-34.76153]]}},{"id":"12951","type":"Feature","properties":{"ROL":"S/R-I-878","NOMBRE_CAMINO":"Cruce I-730 - Paso de los Reyes","CLASIFICACION":"Camino Regional de Acceso (En Proceso de Enrolamiento)","CALZADA":"U"},"geometry":{"type":"LineString","coordinates":[[-71.40747,-34.61761],[-71.4076,-34.61719]]}},{"id":"12952","type":"Feature","properties":{"ROL":"S/R-I-882","NOMBRE_CAMINO":"Cruce H-82-I - San Francisco","CLASIFICACION":"Camino Regional Comunal (En Proceso de Enrolamiento)","CALZADA":"U"},"geometry":{"type":"LineString","coordinates":[[-71.37572,-34.44559],[-71.37819,-34.44588],[-71.37855,-34.4422]]}},{"id":"12953","type":"Feature","properties":{"ROL":"S/R-I-882","NOMBRE_CAMINO":"Cruce H-82-I - San Francisco","CLASIFICACION":"Camino Regional Comunal (En Proceso de Enrolamiento)","CALZADA":"U"},"geometry":{"type":"LineString","coordinates":[[-71.37553,-34.44556],[-71.37572,-34.44559]]}},{"id":"12954","type":"Feature","properties":{"ROL":"S/R-I-932","NOMBRE_CAMINO":"Cruce I-890 - Porvenir","CLASIFICACION":"Camino Regional de Acceso (En Proceso de Enrolamiento)","CALZADA":"U"},"geometry":{"type":"LineString","coordinates":[[-71.02932,-34.69107],[-71.02946,-34.69101]]}},{"id":"12955","type":"Feature","properties":{"ROL":"S/R-I-942","NOMBRE_CAMINO":"Cruce I-198 (Navidad) - Los Queñes","CLASIFICACION":"Camino Regional Comunal (En Proceso de Enrolamiento)","CALZADA":"U"},"geometry":{"type":"LineString","coordinates":[[-71.82934,-33.9667],[-71.8293,-33.96765]]}},{"id":"12956","type":"Feature","properties":{"ROL":"S/R-I-944","NOMBRE_CAMINO":"Cruce I-796 - Purísima","CLASIFICACION":"Camino Regional de Acceso (En Proceso de Enrolamiento)","CALZADA":"U"},"geometry":{"type":"LineString","coordinates":[[-71.1914,-34.68651],[-71.19004,-34.68606]]}},{"id":"12957","type":"Feature","properties":{"ROL":"S/R-I-988","NOMBRE_CAMINO":"Cruce I-188 (Paso del Soldado) - Los Quillayes","CLASIFICACION":"Camino Regional de Acceso (En Proceso de Enrolamiento)","CALZADA":"U"},"geometry":{"type":"LineString","coordinates":[[-71.89527,-34.12652],[-71.89589,-34.13143]]}},{"id":"12958","type":"Feature","properties":{"ROL":"S/R-H-274","NOMBRE_CAMINO":"Cruce H-256 - Carmen Pérez","CLASIFICACION":"Camino Regional Comunal (En Proceso de Enrolamiento)","CALZADA":"U"},"geometry":{"type":"LineString","coordinates":[[-70.87914,-34.18654],[-70.88015,-34.1867]]}},{"id":"12959","type":"Feature","properties":{"ROL":"I-301","NOMBRE_CAMINO":"Cruce I-151 - Agua Fría","CLASIFICACION":"Camino Regional de Acceso","CALZADA":"U"},"geometry":{"type":"LineString","coordinates":[[-70.89499,-34.58393],[-70.88934,-34.58182],[-70.88341,-34.57686]]}},{"id":"12960","type":"Feature","properties":{"ROL":"I-721-H","NOMBRE_CAMINO":"Cruce I-111 (Hacienda Los Lingues) - Cruce H-711","CLASIFICACION":"Camino Regional Comunal","CALZADA":"U"},"geometry":{"type":"LineString","coordinates":[[-70.85616,-34.48601],[-70.85762,-34.48227]]}},{"id":"12961","type":"Feature","properties":{"ROL":"H-189","NOMBRE_CAMINO":"Cruce H-15 (La Compañía) - La Leonera","CLASIFICACION":"Camino Regional Comunal","CALZADA":"U"},"geometry":{"type":"LineString","coordinates":[[-70.64059,-34.05029],[-70.64029,-34.05011]]}},{"id":"12962","type":"Feature","properties":{"ROL":"S/R-H-294","NOMBRE_CAMINO":"Cruce H-296 (Callejón Peumo) - Cruce H-296 ","CLASIFICACION":"Camino Regional Comunal (En Proceso de Enrolamiento)","CALZADA":"U"},"geometry":{"type":"LineString","coordinates":[[-70.94925,-34.21059],[-70.94933,-34.21088]]}},{"id":"12963","type":"Feature","properties":{"ROL":"H-296","NOMBRE_CAMINO":"Cruce H-30 (California) - Cruce H-290 (Rinconada de Doñihue)","CLASIFICACION":"Camino Regional Comunal","CALZADA":"U"},"geometry":{"type":"LineString","coordinates":[[-70.94937,-34.21102],[-70.95088,-34.2162],[-70.94993,-34.21646]]}},{"id":"12964","type":"Feature","properties":{"ROL":"H-600","NOMBRE_CAMINO":"Malloa - Cruce Ruta 5 (Caletera Pelequén Viejo)","CLASIFICACION":"Camino Regional Comunal","CALZADA":"U"},"geometry":{"type":"LineString","coordinates":[[-70.94366,-34.44206],[-70.94012,-34.44212]]}},{"id":"12965","type":"Feature","properties":{"ROL":"H-772","NOMBRE_CAMINO":"Cruce H-788 (La Guañanga) - H-790 (Cementerio El Manzano)","CLASIFICACION":"Camino Regional Comunal","CALZADA":"U"},"geometry":{"type":"LineString","coordinates":[[-71.43706,-34.21076],[-71.42848,-34.20403]]}},{"id":"12966","type":"Feature","properties":{"ROL":"I-451","NOMBRE_CAMINO":"Cruce Ruta 5 (Paso Superior Tinguiririca) - Cruce I-45 (Puente Negro)","CLASIFICACION":"Camino Regional Comunal","CALZADA":"U"},"geometry":{"type":"LineString","coordinates":[[-70.89097,-34.66795],[-70.88471,-34.66961],[-70.88267,-34.67188],[-70.87938,-34.68097],[-70.88005,-34.68728],[-70.8716,-34.6861]]}},{"id":"12967","type":"Feature","properties":{"ROL":"I-570","NOMBRE_CAMINO":"Cruce I-580 (La Puntilla) - Cruce I-572 (Santa Teresa de Quiahue)","CLASIFICACION":"Camino Regional Comunal","CALZADA":"U"},"geometry":{"type":"LineString","coordinates":[[-71.66264,-34.79803],[-71.66622,-34.79742],[-71.67177,-34.80476],[-71.67993,-34.79927],[-71.6838,-34.80209],[-71.69877,-34.80085]]}},{"id":"12968","type":"Feature","properties":{"ROL":"S/R-I-996","NOMBRE_CAMINO":"Cruce I-128 - Villa Lo Cartagena","CLASIFICACION":"Camino Regional de Acceso (En Proceso de Enrolamiento)","CALZADA":"U"},"geometry":{"type":"LineString","coordinates":[[-71.77714,-34.22781],[-71.77622,-34.23008]]}},{"id":"12969","type":"Feature","properties":{"ROL":"I-902","NOMBRE_CAMINO":"Cruce I-86 - Embalse Convento Viejo","CLASIFICACION":"Camino Regional de Acceso","CALZADA":"U"},"geometry":{"type":"LineString","coordinates":[[-71.06319,-34.73467],[-71.06866,-34.74055]]}},{"id":"12970","type":"Feature","properties":{"ROL":"H-188","NOMBRE_CAMINO":"Cruce H-10 - Mina El Inglés","CLASIFICACION":"Camino Regional de Acceso","CALZADA":"U"},"geometry":{"type":"LineString","coordinates":[[-70.83972,-34.08119],[-70.84271,-34.07979],[-70.84342,-34.07804],[-70.85393,-34.07489]]}},{"id":"12971","type":"Feature","properties":{"ROL":"H-256","NOMBRE_CAMINO":"Cruce H-270 - Cruce H-290","CLASIFICACION":"Camino Regional Comunal","CALZADA":"U"},"geometry":{"type":"LineString","coordinates":[[-70.87865,-34.19004],[-70.8768,-34.18487],[-70.88404,-34.17968],[-70.90194,-34.18235]]}},{"id":"12972","type":"Feature","properties":{"ROL":"H-265","NOMBRE_CAMINO":"Coya - Pangal - Mina La Juanita","CLASIFICACION":"Camino Regional de Acceso","CALZADA":"U"},"geometry":{"type":"LineString","coordinates":[[-70.52339,-34.20003],[-70.51136,-34.20072],[-70.50574,-34.20499],[-70.50029,-34.21335],[-70.48926,-34.22446],[-70.49219,-34.22664],[-70.48541,-34.23322],[-70.48069,-34.23413]]}},{"id":"12973","type":"Feature","properties":{"ROL":"H-286","NOMBRE_CAMINO":"Cruce H-30 - Lo Miranda","CLASIFICACION":"Camino Regional de Acceso","CALZADA":"U"},"geometry":{"type":"LineString","coordinates":[[-70.90588,-34.20207],[-70.89743,-34.19508]]}},{"id":"12974","type":"Feature","properties":{"ROL":"H-290","NOMBRE_CAMINO":"Cruce H-288 (Doñihue) - Cruce H-286 (Sector Plazuela)","CLASIFICACION":"Camino Regional Comunal","CALZADA":"U"},"geometry":{"type":"LineString","coordinates":[[-70.95249,-34.22115],[-70.94339,-34.20689],[-70.94393,-34.19847],[-70.94095,-34.19525],[-70.93996,-34.19109]]}},{"id":"12975","type":"Feature","properties":{"ROL":"H-290","NOMBRE_CAMINO":"Cruce H-288 (Doñihue) - Cruce H-286 (Sector Plazuela)","CLASIFICACION":"Camino Regional Comunal","CALZADA":"U"},"geometry":{"type":"LineString","coordinates":[[-70.91853,-34.18997],[-70.91547,-34.19173],[-70.90936,-34.19232],[-70.91038,-34.19742],[-70.91291,-34.1988],[-70.91099,-34.20151],[-70.91042,-34.20585]]}},{"id":"12976","type":"Feature","properties":{"ROL":"H-342","NOMBRE_CAMINO":"Cruce H-30 (El Molino) - Cruce H-30","CLASIFICACION":"Camino Regional Comunal","CALZADA":"U"},"geometry":{"type":"LineString","coordinates":[[-71.00739,-34.25887],[-71.00253,-34.26842],[-71.00812,-34.26974],[-71.00872,-34.27192],[-71.02612,-34.27999],[-71.03364,-34.28603],[-71.04861,-34.29252],[-71.04991,-34.29201],[-71.05272,-34.28608],[-71.05776,-34.28664],[-71.06087,-34.2804],[-71.06523,-34.27555]]}},{"id":"12977","type":"Feature","properties":{"ROL":"H-350","NOMBRE_CAMINO":"Coltauco - Cruce H-342 (Monte Grande)","CLASIFICACION":"Camino Regional Comunal","CALZADA":"U"},"geometry":{"type":"LineString","coordinates":[[-71.07856,-34.2871],[-71.06832,-34.28297],[-71.0656,-34.28442]]}},{"id":"12978","type":"Feature","properties":{"ROL":"H-350","NOMBRE_CAMINO":"Coltauco - Cruce H-342 (Monte Grande)","CLASIFICACION":"Camino Regional Comunal","CALZADA":"U"},"geometry":{"type":"LineString","coordinates":[[-71.06099,-34.28068],[-71.0543,-34.27513],[-71.04684,-34.272],[-71.04241,-34.27232],[-71.03584,-34.27029],[-71.03309,-34.27042],[-71.02725,-34.28094]]}},{"id":"12979","type":"Feature","properties":{"ROL":"H-400","NOMBRE_CAMINO":"Cruce Ruta 5 (Paso Inferior) - Cruce H-40","CLASIFICACION":"Camino Regional Provincial","CALZADA":"U"},"geometry":{"type":"LineString","coordinates":[[-70.7606,-34.20113],[-70.76089,-34.19996],[-70.77065,-34.19605],[-70.77691,-34.19517],[-70.77942,-34.195],[-70.78022,-34.19664],[-70.78596,-34.19831],[-70.80508,-34.19682],[-70.80561,-34.2026],[-70.80424,-34.20902]]}},{"id":"12980","type":"Feature","properties":{"ROL":"H-400","NOMBRE_CAMINO":"Cruce Ruta 5 (Paso Inferior) - Cruce H-40","CLASIFICACION":"Camino Regional Provincial","CALZADA":"U"},"geometry":{"type":"LineString","coordinates":[[-70.82299,-34.21004],[-70.82836,-34.20869],[-70.83511,-34.20922],[-70.83419,-34.21797],[-70.84529,-34.21998],[-70.84442,-34.22863]]}},{"id":"12981","type":"Feature","properties":{"ROL":"H-577","NOMBRE_CAMINO":"Cruce H-665 (La Chimba) - Cruce H-631 (Rengo)","CLASIFICACION":"Camino Regional de Acceso","CALZADA":"U"},"geometry":{"type":"LineString","coordinates":[[-70.81306,-34.41077],[-70.81841,-34.41725],[-70.82435,-34.41524],[-70.82629,-34.41651]]}},{"id":"12982","type":"Feature","properties":{"ROL":"H-590","NOMBRE_CAMINO":"Cruce H-38 (Chillehue) - Millahue - Cruce H-56","CLASIFICACION":"Camino Regional Comunal","CALZADA":"U"},"geometry":{"type":"LineString","coordinates":[[-71.0896,-34.31552],[-71.09015,-34.31888],[-71.09504,-34.32514],[-71.09796,-34.33812],[-71.10067,-34.34237],[-71.10559,-34.36214],[-71.10585,-34.37534]]}},{"id":"12983","type":"Feature","properties":{"ROL":"H-590","NOMBRE_CAMINO":"Cruce H-38 (Chillehue) - Millahue - Cruce H-56","CLASIFICACION":"Camino Regional Comunal","CALZADA":"U"},"geometry":{"type":"LineString","coordinates":[[-71.0047,-34.29569],[-71.01253,-34.30115],[-71.01601,-34.30164],[-71.01598,-34.30342],[-71.01944,-34.30665],[-71.02758,-34.30849],[-71.03188,-34.31098],[-71.03765,-34.30859],[-71.0448,-34.30829],[-71.04852,-34.30491],[-71.05241,-34.31023]]}},{"id":"12984","type":"Feature","properties":{"ROL":"H-605","NOMBRE_CAMINO":"Cruce Ruta 5 (Caletera) - Rengo","CLASIFICACION":"Camino Regional de Acceso","CALZADA":"U"},"geometry":{"type":"LineString","coordinates":[[-70.88715,-34.43342],[-70.88435,-34.43468],[-70.88065,-34.43155],[-70.8739,-34.43199],[-70.86831,-34.4271],[-70.86646,-34.42103]]}},{"id":"12985","type":"Feature","properties":{"ROL":"H-611","NOMBRE_CAMINO":"Cruce Ruta 5 (Pelequén) - Cruce H-605 (Pelequén Viejo)","CLASIFICACION":"Camino Regional Comunal","CALZADA":"U"},"geometry":{"type":"LineString","coordinates":[[-70.88983,-34.44733],[-70.88433,-34.43467]]}},{"id":"12986","type":"Feature","properties":{"ROL":"H-611","NOMBRE_CAMINO":"Cruce Ruta 5 (Pelequén) - Cruce H-605 (Pelequén Viejo)","CLASIFICACION":"Camino Regional Comunal","CALZADA":"U"},"geometry":{"type":"LineString","coordinates":[[-70.89881,-34.47446],[-70.89406,-34.46237],[-70.89392,-34.45887]]}},{"id":"12987","type":"Feature","properties":{"ROL":"H-631","NOMBRE_CAMINO":"Cruce H-577 (Rinconada de Malambo) - Cementerio Católico","CLASIFICACION":"Camino Regional Comunal","CALZADA":"U"},"geometry":{"type":"LineString","coordinates":[[-70.83689,-34.41673],[-70.83943,-34.42116],[-70.84555,-34.42262],[-70.84604,-34.42098],[-70.85391,-34.42254],[-70.85333,-34.4189],[-70.8555,-34.41858]]}},{"id":"12988","type":"Feature","properties":{"ROL":"H-734","NOMBRE_CAMINO":"Cruce Ruta 66 (Requehua) - Cruce I-90-H (San Vicente de Tagua Tagua) ","CLASIFICACION":"Camino Regional Comunal","CALZADA":"U"},"geometry":{"type":"LineString","coordinates":[[-70.99507,-34.45285],[-70.99552,-34.45373],[-70.99972,-34.45308],[-71.0093,-34.45002],[-71.02484,-34.44881],[-71.02928,-34.44738],[-71.03289,-34.44868],[-71.04024,-34.44469],[-71.05956,-34.44091]]}},{"id":"12989","type":"Feature","properties":{"ROL":"H-754","NOMBRE_CAMINO":"Cruce Ruta 66 (Los Molinos) - Cruce H-768 (Aguas Claras)","CLASIFICACION":"Camino Regional Comunal","CALZADA":"U"},"geometry":{"type":"LineString","coordinates":[[-71.17758,-34.4008],[-71.18302,-34.39679]]}},{"id":"12990","type":"Feature","properties":{"ROL":"H-768","NOMBRE_CAMINO":"Peumo - Aguas Claras","CLASIFICACION":"Camino Regional Comunal","CALZADA":"U"},"geometry":{"type":"LineString","coordinates":[[-71.17315,-34.39002],[-71.18319,-34.39188],[-71.18831,-34.39575],[-71.18953,-34.39834]]}},{"id":"12991","type":"Feature","properties":{"ROL":"H-800","NOMBRE_CAMINO":"Cruce I-90-H (El Tambo) - Cruce I-90-H (El Cardal)","CLASIFICACION":"Camino Regional Comunal","CALZADA":"U"},"geometry":{"type":"LineString","coordinates":[[-70.98065,-34.47695],[-70.98289,-34.48301],[-70.99259,-34.4794],[-71.00652,-34.47965],[-71.02631,-34.47637],[-71.02733,-34.48442],[-71.04084,-34.48187],[-71.04904,-34.48912],[-71.05433,-34.48797],[-71.06325,-34.48857],[-71.07138,-34.4974],[-71.09103,-34.49258],[-71.08899,-34.48703],[-71.08538,-34.48341],[-71.08203,-34.47731],[-71.0803,-34.46455]]}},{"id":"12992","type":"Feature","properties":{"ROL":"H-82-I","NOMBRE_CAMINO":"Cruce Ruta 66 (Puente Las Cabras) - Cruce Ruta 90 (Estación Colchagua)","CLASIFICACION":"Camino Regional Principal","CALZADA":"U"},"geometry":{"type":"LineString","coordinates":[[-71.38828,-34.53209],[-71.38035,-34.54287],[-71.40161,-34.54867]]}},{"id":"12993","type":"Feature","properties":{"ROL":"H-830","NOMBRE_CAMINO":"Cruce H-800 (El Cardal) - Tranque Millahue","CLASIFICACION":"Camino Regional Comunal","CALZADA":"U"},"geometry":{"type":"LineString","coordinates":[[-71.16785,-34.46885],[-71.16891,-34.471],[-71.17411,-34.47028],[-71.20036,-34.48295],[-71.20108,-34.49179],[-71.19686,-34.49754],[-71.18754,-34.50209],[-71.20899,-34.52708],[-71.21274,-34.52661],[-71.22265,-34.53132],[-71.22205,-34.53214],[-71.22782,-34.53739]]}},{"id":"12994","type":"Feature","properties":{"ROL":"I-181","NOMBRE_CAMINO":"Cruce Ruta 5 (Enlace La Paloma) - La Paloma","CLASIFICACION":"Camino Regional de Acceso","CALZADA":"U"},"geometry":{"type":"LineString","coordinates":[[-70.95989,-34.55349],[-70.94706,-34.5603]]}},{"id":"12995","type":"Feature","properties":{"ROL":"I-20","NOMBRE_CAMINO":"Cruce H-76-I (Los Maitenes) - Cruce I-80-G (Las Damas)","CLASIFICACION":"Camino Regional Principal","CALZADA":"U"},"geometry":{"type":"LineString","coordinates":[[-71.59577,-34.36376],[-71.60169,-34.36076]]}},{"id":"12996","type":"Feature","properties":{"ROL":"I-20","NOMBRE_CAMINO":"Cruce H-76-I (Los Maitenes) - Cruce I-80-G (Las Damas)","CLASIFICACION":"Camino Regional Principal","CALZADA":"U"},"geometry":{"type":"LineString","coordinates":[[-71.61243,-34.3512],[-71.6137,-34.34972],[-71.61164,-34.33422]]}},{"id":"12997","type":"Feature","properties":{"ROL":"I-20","NOMBRE_CAMINO":"Cruce H-76-I (Los Maitenes) - Cruce I-80-G (Las Damas)","CLASIFICACION":"Camino Regional Principal","CALZADA":"U"},"geometry":{"type":"LineString","coordinates":[[-71.62229,-34.30156],[-71.62265,-34.28206],[-71.61964,-34.28065]]}},{"id":"12998","type":"Feature","properties":{"ROL":"I-20","NOMBRE_CAMINO":"Cruce H-76-I (Los Maitenes) - Cruce I-80-G (Las Damas)","CLASIFICACION":"Camino Regional Principal","CALZADA":"U"},"geometry":{"type":"LineString","coordinates":[[-71.61607,-34.27533],[-71.6179,-34.26912],[-71.61732,-34.26519]]}},{"id":"12999","type":"Feature","properties":{"ROL":"I-20","NOMBRE_CAMINO":"Cruce H-76-I (Los Maitenes) - Cruce I-80-G (Las Damas)","CLASIFICACION":"Camino Regional Principal","CALZADA":"U"},"geometry":{"type":"LineString","coordinates":[[-71.62632,-34.24354],[-71.63161,-34.23876]]}},{"id":"13000","type":"Feature","properties":{"ROL":"I-20","NOMBRE_CAMINO":"Cruce H-76-I (Los Maitenes) - Cruce I-80-G (Las Damas)","CLASIFICACION":"Camino Regional Principal","CALZADA":"U"},"geometry":{"type":"LineString","coordinates":[[-71.64413,-34.21638],[-71.64639,-34.21172],[-71.64872,-34.21124]]}},{"id":"13001","type":"Feature","properties":{"ROL":"I-350","NOMBRE_CAMINO":"Cruce Ruta 90 (Apalta) - Millahue","CLASIFICACION":"Camino Regional Comunal","CALZADA":"U"},"geometry":{"type":"LineString","coordinates":[[-71.25202,-34.63649],[-71.25303,-34.63789],[-71.24925,-34.63948]]}},{"id":"13002","type":"Feature","properties":{"ROL":"I-45","NOMBRE_CAMINO":"Cruce Ruta 5 (Paso Inferior San Fernando) - Termas del Flaco","CLASIFICACION":"Camino Regional Principal","CALZADA":"U"},"geometry":{"type":"LineString","coordinates":[[-70.86536,-34.69041],[-70.84551,-34.70836]]}},{"id":"13003","type":"Feature","properties":{"ROL":"I-451","NOMBRE_CAMINO":"Cruce Ruta 5 (Paso Superior Tinguiririca) - Cruce I-45 (Puente Negro)","CLASIFICACION":"Camino Regional Comunal","CALZADA":"U"},"geometry":{"type":"LineString","coordinates":[[-70.93282,-34.65632],[-70.89328,-34.66854],[-70.89097,-34.66795]]}},{"id":"13004","type":"Feature","properties":{"ROL":"I-710","NOMBRE_CAMINO":"Cruce Ruta 90 (San Elías) - Rincón de Yaquil","CLASIFICACION":"Camino Regional Comunal","CALZADA":"U"},"geometry":{"type":"LineString","coordinates":[[-71.43361,-34.59708],[-71.43987,-34.59446],[-71.44344,-34.596],[-71.45331,-34.59177],[-71.47401,-34.57281],[-71.47118,-34.56962],[-71.47518,-34.56291],[-71.47542,-34.5593]]}},{"id":"13005","type":"Feature","properties":{"ROL":"I-725","NOMBRE_CAMINO":"Cruce Ruta 5 (Caletera) - Cruce Ruta 5 (Paso Superior Peor es Nada)","CLASIFICACION":"Camino Regional Comunal","CALZADA":"U"},"geometry":{"type":"LineString","coordinates":[[-71.04228,-34.76006],[-71.0412,-34.7657],[-71.03835,-34.77064],[-71.04176,-34.78609],[-71.0445,-34.79148]]}},{"id":"13006","type":"Feature","properties":{"ROL":"I-756","NOMBRE_CAMINO":"Cruce Ruta 90 (Cunaco) - Cruce I-760 (Isla del Guindo)","CLASIFICACION":"Camino Regional Comunal","CALZADA":"U"},"geometry":{"type":"LineString","coordinates":[[-71.27985,-34.65034],[-71.29298,-34.65447]]}},{"id":"13007","type":"Feature","properties":{"ROL":"I-760","NOMBRE_CAMINO":"Cruce I-86 (Quinahue) - Cruce I-86 (Chomedahue)","CLASIFICACION":"Camino Regional Provincial","CALZADA":"U"},"geometry":{"type":"LineString","coordinates":[[-71.31306,-34.66787],[-71.31803,-34.66382],[-71.3194,-34.66108]]}},{"id":"13008","type":"Feature","properties":{"ROL":"I-810","NOMBRE_CAMINO":"Cruce I-86 (San José de Toro) - Cruce I-796 (La Cabrería)","CLASIFICACION":"Camino Regional Comunal","CALZADA":"U"},"geometry":{"type":"LineString","coordinates":[[-71.13334,-34.75607],[-71.14059,-34.76435],[-71.15334,-34.7649],[-71.15427,-34.7587]]}},{"id":"13009","type":"Feature","properties":{"ROL":"I-810","NOMBRE_CAMINO":"Cruce I-86 (San José de Toro) - Cruce I-796 (La Cabrería)","CLASIFICACION":"Camino Regional Comunal","CALZADA":"U"},"geometry":{"type":"LineString","coordinates":[[-71.15427,-34.7587],[-71.15504,-34.75531],[-71.15304,-34.7502],[-71.15547,-34.7438]]}},{"id":"13010","type":"Feature","properties":{"ROL":"I-810","NOMBRE_CAMINO":"Cruce I-86 (San José de Toro) - Cruce I-796 (La Cabrería)","CLASIFICACION":"Camino Regional Comunal","CALZADA":"U"},"geometry":{"type":"LineString","coordinates":[[-71.15547,-34.7438],[-71.16045,-34.73129],[-71.17333,-34.71603],[-71.17968,-34.71592],[-71.18592,-34.71339],[-71.18839,-34.71446],[-71.19282,-34.71379]]}},{"id":"13011","type":"Feature","properties":{"ROL":"I-832","NOMBRE_CAMINO":"Cruce Ruta 90 (Santa Elena) - Cruce I-850 (Placilla)","CLASIFICACION":"Camino Regional Comunal","CALZADA":"U"},"geometry":{"type":"LineString","coordinates":[[-71.12212,-34.64033],[-71.13742,-34.64155],[-71.14316,-34.64425]]}},{"id":"13012","type":"Feature","properties":{"ROL":"H-210-I","NOMBRE_CAMINO":"Cruce H-76-I (San José de Marchigüe) - Santa Clotilde - Cruce I-330","CLASIFICACION":"Camino Regional Comunal","CALZADA":"U"},"geometry":{"type":"LineString","coordinates":[[-71.43566,-34.32114],[-71.43553,-34.32323]]}},{"id":"13013","type":"Feature","properties":{"ROL":"H-210-I","NOMBRE_CAMINO":"Cruce H-76-I (San José de Marchigüe) - Santa Clotilde - Cruce I-330","CLASIFICACION":"Camino Regional Comunal","CALZADA":"U"},"geometry":{"type":"LineString","coordinates":[[-71.43553,-34.32323],[-71.43477,-34.34695]]}},{"id":"13014","type":"Feature","properties":{"ROL":"H-210-I","NOMBRE_CAMINO":"Cruce H-76-I (San José de Marchigüe) - Santa Clotilde - Cruce I-330","CLASIFICACION":"Camino Regional Comunal","CALZADA":"U"},"geometry":{"type":"LineString","coordinates":[[-71.43929,-34.39492],[-71.43978,-34.40383],[-71.43764,-34.4041]]}},{"id":"13015","type":"Feature","properties":{"ROL":"S/R-I-908","NOMBRE_CAMINO":"Cruce I-566-J - Cutemu","CLASIFICACION":"Camino Regional Comunal (En Proceso de Enrolamiento)","CALZADA":"U"},"geometry":{"type":"LineString","coordinates":[[-71.87185,-34.77701],[-71.86891,-34.77873]]}},{"id":"13016","type":"Feature","properties":{"ROL":"H-174","NOMBRE_CAMINO":"Cruce H-10 (Callejones) - Cruce H-10 (Santa Julia)","CLASIFICACION":"Camino Regional de Acceso","CALZADA":"U"},"geometry":{"type":"LineString","coordinates":[[-70.72675,-34.04939],[-70.74637,-34.04745],[-70.74766,-34.04835],[-70.75312,-34.04542],[-70.75444,-34.04751]]}},{"id":"13017","type":"Feature","properties":{"ROL":"H-174","NOMBRE_CAMINO":"Cruce H-10 (Callejones) - Cruce H-10 (Santa Julia)","CLASIFICACION":"Camino Regional de Acceso","CALZADA":"U"},"geometry":{"type":"LineString","coordinates":[[-70.76516,-34.057],[-70.75883,-34.05967]]}},{"id":"13018","type":"Feature","properties":{"ROL":"H-830","NOMBRE_CAMINO":"Cruce H-800 (El Cardal) - Tranque Millahue","CLASIFICACION":"Camino Regional Comunal","CALZADA":"U"},"geometry":{"type":"LineString","coordinates":[[-71.14219,-34.45844],[-71.15096,-34.45847]]}},{"id":"13019","type":"Feature","properties":{"ROL":"S/R-H-147","NOMBRE_CAMINO":"Cruce H-145 - El Arrayán","CLASIFICACION":"Camino Regional de Acceso (En Proceso de Enrolamiento)","CALZADA":"U"},"geometry":{"type":"LineString","coordinates":[[-70.66991,-33.99403],[-70.66888,-33.99377]]}},{"id":"13020","type":"Feature","properties":{"ROL":"H-105","NOMBRE_CAMINO":"Cruce Ruta 5 (Caletera) - Las Lomas","CLASIFICACION":"Camino Regional de Acceso","CALZADA":"U"},"geometry":{"type":"LineString","coordinates":[[-70.71197,-33.94023],[-70.71046,-33.94163],[-70.70451,-33.94228]]}},{"id":"13021","type":"Feature","properties":{"ROL":"H-1170","NOMBRE_CAMINO":"Cruce H-170 - Línea Férrea","CLASIFICACION":"Camino Regional de Acceso","CALZADA":"U"},"geometry":{"type":"LineString","coordinates":[[-70.71729,-34.04058],[-70.72015,-34.04073]]}},{"id":"13022","type":"Feature","properties":{"ROL":"H-1370","NOMBRE_CAMINO":"Cruce H-368 - al Rio","CLASIFICACION":"Camino Regional de Acceso","CALZADA":"U"},"geometry":{"type":"LineString","coordinates":[[-71.08965,-34.30071],[-71.0844,-34.30719]]}},{"id":"13023","type":"Feature","properties":{"ROL":"H-1376","NOMBRE_CAMINO":"Cruce H-30 - Cruce H-376","CLASIFICACION":"Camino Regional Comunal","CALZADA":"U"},"geometry":{"type":"LineString","coordinates":[[-71.14353,-34.32844],[-71.14211,-34.32904]]}},{"id":"13024","type":"Feature","properties":{"ROL":"H-150","NOMBRE_CAMINO":"Cruce Ruta 5 - Cruce H-10 (Patria Nueva)","CLASIFICACION":"Camino Regional Comunal","CALZADA":"U"},"geometry":{"type":"LineString","coordinates":[[-70.70269,-34.00664],[-70.71564,-34.0063]]}},{"id":"13025","type":"Feature","properties":{"ROL":"H-157","NOMBRE_CAMINO":"Cruce H-15 - La Punta - Cruce  H-171","CLASIFICACION":"Camino Regional Comunal","CALZADA":"U"},"geometry":{"type":"LineString","coordinates":[[-70.65328,-34.01035],[-70.65392,-34.01287],[-70.65135,-34.01946],[-70.65206,-34.02526],[-70.65302,-34.02736],[-70.65454,-34.0275],[-70.65516,-34.02998]]}},{"id":"13026","type":"Feature","properties":{"ROL":"H-160","NOMBRE_CAMINO":"Cruce Ruta 5 - Cruce H-10","CLASIFICACION":"Camino Regional Comunal","CALZADA":"U"},"geometry":{"type":"LineString","coordinates":[[-70.70346,-34.01453],[-70.71048,-34.01552],[-70.71042,-34.01301],[-70.71535,-34.01237]]}},{"id":"13027","type":"Feature","properties":{"ROL":"H-161","NOMBRE_CAMINO":"Cruce H-157 - Cruce  H-153","CLASIFICACION":"Camino Regional Comunal","CALZADA":"U"},"geometry":{"type":"LineString","coordinates":[[-70.65203,-34.02422],[-70.64477,-34.02488]]}},{"id":"13028","type":"Feature","properties":{"ROL":"H-165","NOMBRE_CAMINO":"Cruce H-15 - Cruce H-157","CLASIFICACION":"Camino Regional Comunal","CALZADA":"U"},"geometry":{"type":"LineString","coordinates":[[-70.66834,-34.01737],[-70.65713,-34.01913],[-70.65688,-34.01763],[-70.6515,-34.01996]]}},{"id":"13029","type":"Feature","properties":{"ROL":"H-166","NOMBRE_CAMINO":"Cruce H-10 - Línea Férrea","CLASIFICACION":"Camino Regional de Acceso","CALZADA":"U"},"geometry":{"type":"LineString","coordinates":[[-70.72388,-34.04098],[-70.72026,-34.04074]]}},{"id":"13030","type":"Feature","properties":{"ROL":"H-1668","NOMBRE_CAMINO":"Cruce H-660 - Fundo Sur","CLASIFICACION":"Camino Regional de Acceso","CALZADA":"U"},"geometry":{"type":"LineString","coordinates":[[-71.10028,-34.39408],[-71.09916,-34.39583]]}},{"id":"13031","type":"Feature","properties":{"ROL":"H-169","NOMBRE_CAMINO":"Cruce H-165 - Cruce H-171","CLASIFICACION":"Camino Regional Comunal","CALZADA":"U"},"geometry":{"type":"LineString","coordinates":[[-70.65708,-34.01912],[-70.65784,-34.0293]]}},{"id":"13032","type":"Feature","properties":{"ROL":"H-170","NOMBRE_CAMINO":"Cruce Ruta 5 (Codegua) - Cruce H-10 (Callejones)","CLASIFICACION":"Camino Regional Comunal","CALZADA":"U"},"geometry":{"type":"LineString","coordinates":[[-70.70581,-34.03973],[-70.71729,-34.04058]]}},{"id":"13033","type":"Feature","properties":{"ROL":"H-170","NOMBRE_CAMINO":"Cruce Ruta 5 (Codegua) - Cruce H-10 (Callejones)","CLASIFICACION":"Camino Regional Comunal","CALZADA":"U"},"geometry":{"type":"LineString","coordinates":[[-70.71729,-34.04058],[-70.71859,-34.03876],[-70.72302,-34.03875]]}},{"id":"13034","type":"Feature","properties":{"ROL":"H-171","NOMBRE_CAMINO":"Cruce H-15 (Codegua) - La Isla","CLASIFICACION":"Camino Regional de Acceso","CALZADA":"U"},"geometry":{"type":"LineString","coordinates":[[-70.66869,-34.02996],[-70.6593,-34.02902],[-70.65517,-34.02998]]}},{"id":"13035","type":"Feature","properties":{"ROL":"H-173","NOMBRE_CAMINO":"Cruce H-155 - El Molino","CLASIFICACION":"Camino Regional de Acceso","CALZADA":"U"},"geometry":{"type":"LineString","coordinates":[[-70.61398,-33.9976],[-70.61466,-34.00308]]}},{"id":"13036","type":"Feature","properties":{"ROL":"H-1806","NOMBRE_CAMINO":"Cruce H-806 - Antiguo Puente Las Truchas","CLASIFICACION":"Camino Regional Comunal","CALZADA":"U"},"geometry":{"type":"LineString","coordinates":[[-70.97191,-34.46405],[-70.96939,-34.46044]]}},{"id":"13037","type":"Feature","properties":{"ROL":"H-182","NOMBRE_CAMINO":"Cruce H-10 - El Arrozal","CLASIFICACION":"Camino Regional Comunal","CALZADA":"U"},"geometry":{"type":"LineString","coordinates":[[-70.74126,-34.09212],[-70.76096,-34.08896],[-70.77002,-34.08965],[-70.78696,-34.0854]]}},{"id":"13038","type":"Feature","properties":{"ROL":"H-185","NOMBRE_CAMINO":"Cruce H-15 (Codegua) - H-189 (La Blanquina)","CLASIFICACION":"Camino Regional Comunal","CALZADA":"U"},"geometry":{"type":"LineString","coordinates":[[-70.6722,-34.05357],[-70.67054,-34.05409],[-70.66249,-34.06373]]}},{"id":"13039","type":"Feature","properties":{"ROL":"H-189","NOMBRE_CAMINO":"Cruce H-15 (La Compañía) - La Leonera","CLASIFICACION":"Camino Regional Comunal","CALZADA":"U"},"geometry":{"type":"LineString","coordinates":[[-70.67698,-34.08564],[-70.66611,-34.06997],[-70.66368,-34.07081],[-70.66196,-34.06854],[-70.66243,-34.0636]]}},{"id":"13040","type":"Feature","properties":{"ROL":"H-190","NOMBRE_CAMINO":"Cruce Av.Salvador Allende - La Rubiana - Cruce H-192","CLASIFICACION":"Camino Regional Comunal","CALZADA":"U"},"geometry":{"type":"LineString","coordinates":[[-70.76359,-34.1435],[-70.7887,-34.13729],[-70.79206,-34.12993],[-70.80764,-34.12609],[-70.83844,-34.11588]]}},{"id":"13041","type":"Feature","properties":{"ROL":"H-193","NOMBRE_CAMINO":"Cruce H-15 (La Compañía) - El Carmen","CLASIFICACION":"Camino Regional Comunal","CALZADA":"U"},"geometry":{"type":"LineString","coordinates":[[-70.67715,-34.08538],[-70.6625,-34.08809],[-70.65755,-34.08535],[-70.6541,-34.08579],[-70.65243,-34.08388],[-70.62525,-34.08959],[-70.61801,-34.08799],[-70.6062,-34.09042]]}},{"id":"13042","type":"Feature","properties":{"ROL":"H-197","NOMBRE_CAMINO":"Cruce H-15 (El Romeral) - Fundo El Romeral","CLASIFICACION":"Camino Regional de Acceso","CALZADA":"U"},"geometry":{"type":"LineString","coordinates":[[-70.67571,-34.0933],[-70.67046,-34.09695],[-70.66315,-34.10728],[-70.65478,-34.10641]]}},{"id":"13043","type":"Feature","properties":{"ROL":"H-200","NOMBRE_CAMINO":"Cruce Av.Salvador Allende - Santa Elena","CLASIFICACION":"Camino Regional Comunal","CALZADA":"U"},"geometry":{"type":"LineString","coordinates":[[-70.76637,-34.15072],[-70.84338,-34.13304],[-70.84422,-34.13572],[-70.846,-34.13281],[-70.85039,-34.12988],[-70.85463,-34.12898],[-70.8554,-34.12748]]}},{"id":"13044","type":"Feature","properties":{"ROL":"H-203","NOMBRE_CAMINO":"Cruce H-15 - Tunca","CLASIFICACION":"Camino Regional de Acceso","CALZADA":"U"},"geometry":{"type":"LineString","coordinates":[[-70.68482,-34.12169],[-70.6508,-34.12652]]}},{"id":"13045","type":"Feature","properties":{"ROL":"H-255","NOMBRE_CAMINO":"Av.San Juan (Machalí) - Cruce H-35 (Termas de Cauquenes)","CLASIFICACION":"Camino Regional Comunal","CALZADA":"U"},"geometry":{"type":"LineString","coordinates":[[-70.69597,-34.17629],[-70.6598,-34.20721],[-70.66216,-34.21344],[-70.66081,-34.22261],[-70.65717,-34.23201],[-70.64237,-34.24296]]}},{"id":"13046","type":"Feature","properties":{"ROL":"H-255","NOMBRE_CAMINO":"Av.San Juan (Machalí) - Cruce H-35 (Termas de Cauquenes)","CLASIFICACION":"Camino Regional Comunal","CALZADA":"U"},"geometry":{"type":"LineString","coordinates":[[-70.55902,-34.24672],[-70.55714,-34.24719]]}},{"id":"13047","type":"Feature","properties":{"ROL":"H-282","NOMBRE_CAMINO":"Cruce H-290 (Sector Plazuela) - Cruce H-256 (Nemesio Camus)","CLASIFICACION":"Camino Regional Comunal","CALZADA":"U"},"geometry":{"type":"LineString","coordinates":[[-70.90936,-34.19232],[-70.91401,-34.18733]]}},{"id":"13048","type":"Feature","properties":{"ROL":"H-284","NOMBRE_CAMINO":"Cruce H-30 (California) - Cruce H-30","CLASIFICACION":"Camino Regional Comunal","CALZADA":"U"},"geometry":{"type":"LineString","coordinates":[[-70.93294,-34.22116],[-70.93789,-34.22426],[-70.94603,-34.22528]]}},{"id":"13049","type":"Feature","properties":{"ROL":"H-288","NOMBRE_CAMINO":"Cruce H-30 - Cruce H-290 (Doñihue)","CLASIFICACION":"Camino Regional Comunal","CALZADA":"U"},"geometry":{"type":"LineString","coordinates":[[-70.94603,-34.22528],[-70.95279,-34.22244]]}},{"id":"13050","type":"Feature","properties":{"ROL":"H-304","NOMBRE_CAMINO":"Cruce H-30 (Cerrillos) - Cruce H-312 (Doñihue)","CLASIFICACION":"Camino Regional Comunal","CALZADA":"U"},"geometry":{"type":"LineString","coordinates":[[-70.99282,-34.25497],[-70.993,-34.25376],[-70.99,-34.25207],[-70.98962,-34.24791],[-70.98617,-34.24222],[-70.97744,-34.23511],[-70.96861,-34.23119]]}},{"id":"13051","type":"Feature","properties":{"ROL":"H-312","NOMBRE_CAMINO":"Cruce H-30 (Doñihue) - Lo de Cuevas - Cruce H-30","CLASIFICACION":"Camino Regional Comunal","CALZADA":"U"},"geometry":{"type":"LineString","coordinates":[[-70.96855,-34.23209],[-70.96924,-34.22112],[-70.97438,-34.21975],[-70.97837,-34.2169],[-70.98287,-34.2196],[-70.98612,-34.22366],[-70.99504,-34.22585],[-70.99783,-34.23093],[-71.00468,-34.23564],[-71.00432,-34.23953],[-71.01384,-34.24036],[-71.01468,-34.24518],[-71.00015,-34.25693]]}},{"id":"13052","type":"Feature","properties":{"ROL":"H-320","NOMBRE_CAMINO":"Cruce H-30 (Loreto) - Cruce H-312 (Quimávida por Los Bronces)","CLASIFICACION":"Camino Regional Comunal","CALZADA":"U"},"geometry":{"type":"LineString","coordinates":[[-71.0153,-34.26098],[-71.03891,-34.23837],[-71.03892,-34.23182],[-71.03994,-34.23036],[-71.01005,-34.20448],[-71.00649,-34.20447],[-71.00313,-34.2124],[-70.99872,-34.21555],[-70.99614,-34.22075],[-70.99057,-34.22427]]}},{"id":"13053","type":"Feature","properties":{"ROL":"H-324","NOMBRE_CAMINO":"Cruce H-30 (Loreto) - Rinconada de Parral - Cruce H-334 (Purén)","CLASIFICACION":"Camino Regional Comunal","CALZADA":"U"},"geometry":{"type":"LineString","coordinates":[[-71.03029,-34.26386],[-71.0297,-34.25824],[-71.0329,-34.25788],[-71.06025,-34.24113],[-71.0622,-34.2449],[-71.06726,-34.2412],[-71.07273,-34.24406],[-71.07088,-34.24808],[-71.06461,-34.25471],[-71.0651,-34.25726],[-71.06727,-34.25798],[-71.06879,-34.26047],[-71.07119,-34.26087],[-71.06999,-34.26259]]}},{"id":"13054","type":"Feature","properties":{"ROL":"H-328","NOMBRE_CAMINO":"Cruce H-324 - al Cerro","CLASIFICACION":"Camino Regional Comunal","CALZADA":"U"},"geometry":{"type":"LineString","coordinates":[[-71.05944,-34.24117],[-71.05805,-34.23889],[-71.05824,-34.23402],[-71.05669,-34.2316],[-71.05345,-34.22889],[-71.04818,-34.22765],[-71.047,-34.22596]]}},{"id":"13055","type":"Feature","properties":{"ROL":"H-330","NOMBRE_CAMINO":"Cruce H-30 - Estero","CLASIFICACION":"Camino Regional Comunal","CALZADA":"U"},"geometry":{"type":"LineString","coordinates":[[-71.05254,-34.26663],[-71.05488,-34.26115],[-71.05788,-34.25858]]}},{"id":"13056","type":"Feature","properties":{"ROL":"H-334","NOMBRE_CAMINO":"Cruce H-30 - Puren","CLASIFICACION":"Camino Regional Comunal","CALZADA":"U"},"geometry":{"type":"LineString","coordinates":[[-71.0569,-34.26842],[-71.05843,-34.26368],[-71.06582,-34.26402],[-71.06997,-34.26259],[-71.07532,-34.26525],[-71.07637,-34.26981]]}},{"id":"13057","type":"Feature","properties":{"ROL":"H-338","NOMBRE_CAMINO":"Cruce H-30 - Cruce H-350","CLASIFICACION":"Camino Regional Comunal","CALZADA":"U"},"geometry":{"type":"LineString","coordinates":[[-71.05691,-34.26843],[-71.05329,-34.27476]]}},{"id":"13058","type":"Feature","properties":{"ROL":"H-344","NOMBRE_CAMINO":"Cruce H-30 - Cruce H-342 (El Molino)","CLASIFICACION":"Camino Regional Comunal","CALZADA":"U"},"geometry":{"type":"LineString","coordinates":[[-71.02704,-34.26345],[-71.02046,-34.26362],[-71.00843,-34.26024],[-71.00768,-34.26143],[-71.00566,-34.26086]]}},{"id":"13059","type":"Feature","properties":{"ROL":"H-354","NOMBRE_CAMINO":"Coltauco  - Cruce H-350","CLASIFICACION":"Camino Regional Comunal","CALZADA":"U"},"geometry":{"type":"LineString","coordinates":[[-71.07834,-34.29087],[-71.07571,-34.29477],[-71.07286,-34.29339],[-71.06897,-34.2899],[-71.0657,-34.2844]]}},{"id":"13060","type":"Feature","properties":{"ROL":"H-358","NOMBRE_CAMINO":"Cruce H-30 (Coltauco) - Cruce H-30 (Lo Ulloa)","CLASIFICACION":"Camino Regional Comunal","CALZADA":"U"},"geometry":{"type":"LineString","coordinates":[[-71.0845,-34.2874],[-71.08744,-34.28417],[-71.09855,-34.29365]]}},{"id":"13061","type":"Feature","properties":{"ROL":"H-362","NOMBRE_CAMINO":"Cruce H-358 - Cementerio Lo Ulloa - Cruce H-366","CLASIFICACION":"Camino Regional Comunal","CALZADA":"U"},"geometry":{"type":"LineString","coordinates":[[-71.08972,-34.28594],[-71.09662,-34.27843],[-71.101,-34.28065]]}},{"id":"13062","type":"Feature","properties":{"ROL":"H-364","NOMBRE_CAMINO":"Cruce H-30 - Plaza de Coltauco","CLASIFICACION":"Camino Regional Comunal","CALZADA":"U"},"geometry":{"type":"LineString","coordinates":[[-71.09857,-34.29366],[-71.09564,-34.29734],[-71.09233,-34.29829],[-71.08243,-34.29482],[-71.08071,-34.29272]]}},{"id":"13063","type":"Feature","properties":{"ROL":"H-365","NOMBRE_CAMINO":"Cruce H-35 (Termas de Cauquenes) - Cruce H-265 (Puente Chacayes)","CLASIFICACION":"Camino Regional de Acceso","CALZADA":"U"},"geometry":{"type":"LineString","coordinates":[[-70.56086,-34.24968],[-70.5573,-34.24955]]}},{"id":"13064","type":"Feature","properties":{"ROL":"H-366","NOMBRE_CAMINO":"Cruce H-30 (Coltauco) - Cruce H-30 (Idahuillo)","CLASIFICACION":"Camino Regional Comunal","CALZADA":"U"},"geometry":{"type":"LineString","coordinates":[[-71.09855,-34.29365],[-71.10064,-34.29127],[-71.10607,-34.29208],[-71.11023,-34.29437],[-71.11195,-34.29659],[-71.11811,-34.29988],[-71.11923,-34.30278],[-71.1234,-34.30557],[-71.12509,-34.30927]]}},{"id":"13065","type":"Feature","properties":{"ROL":"H-368","NOMBRE_CAMINO":"Cruce H-364 - Rio Cachapoal","CLASIFICACION":"Camino Regional Comunal","CALZADA":"U"},"geometry":{"type":"LineString","coordinates":[[-71.08242,-34.29482],[-71.08144,-34.29645],[-71.09359,-34.30271],[-71.09952,-34.30886]]}},{"id":"13066","type":"Feature","properties":{"ROL":"H-370","NOMBRE_CAMINO":"Cruce H-364 - Cruce H-368","CLASIFICACION":"Camino Regional Comunal","CALZADA":"U"},"geometry":{"type":"LineString","coordinates":[[-71.09233,-34.29829],[-71.09383,-34.29887],[-71.09074,-34.3012]]}},{"id":"13067","type":"Feature","properties":{"ROL":"H-374","NOMBRE_CAMINO":"Cruce H-30 - Retén Idahue - Cruce H-366","CLASIFICACION":"Camino Regional Comunal","CALZADA":"U"},"geometry":{"type":"LineString","coordinates":[[-71.13504,-34.3167],[-71.13904,-34.31451],[-71.13395,-34.30591],[-71.12813,-34.30209],[-71.12352,-34.30578]]}},{"id":"13068","type":"Feature","properties":{"ROL":"H-376","NOMBRE_CAMINO":"Cruce H-30 (Oriente) - Cruce H-30 (por lado Río)","CLASIFICACION":"Camino Regional Comunal","CALZADA":"U"},"geometry":{"type":"LineString","coordinates":[[-71.12524,-34.30936],[-71.1282,-34.3142],[-71.13493,-34.31806],[-71.13715,-34.32142],[-71.14137,-34.32434],[-71.14211,-34.32904]]}},{"id":"13069","type":"Feature","properties":{"ROL":"H-376","NOMBRE_CAMINO":"Cruce H-30 (Oriente) - Cruce H-30 (por lado Río)","CLASIFICACION":"Camino Regional Comunal","CALZADA":"U"},"geometry":{"type":"LineString","coordinates":[[-71.14211,-34.32904],[-71.14333,-34.33261],[-71.14532,-34.33419]]}},{"id":"13070","type":"Feature","properties":{"ROL":"H-378","NOMBRE_CAMINO":"Cruce H-374 (Poniente) - Cruce H-374 (Oriente)","CLASIFICACION":"Camino Regional Comunal","CALZADA":"U"},"geometry":{"type":"LineString","coordinates":[[-71.12934,-34.30304],[-71.14498,-34.28705],[-71.14877,-34.28997],[-71.13203,-34.30513]]}},{"id":"13071","type":"Feature","properties":{"ROL":"H-380","NOMBRE_CAMINO":"Cruce H-30 (Idahue) - Cuesta Idahue - Cruce H-30","CLASIFICACION":"Camino Regional Comunal","CALZADA":"U"},"geometry":{"type":"LineString","coordinates":[[-71.14531,-34.33414],[-71.14828,-34.33712],[-71.1569,-34.3401],[-71.15583,-34.3433],[-71.15697,-34.35041],[-71.15436,-34.35584],[-71.15658,-34.3633],[-71.15548,-34.36677]]}},{"id":"13072","type":"Feature","properties":{"ROL":"H-382","NOMBRE_CAMINO":"Cruce H-30 (Idahue) - Cruce H-380 (La Pampa)","CLASIFICACION":"Camino Regional Comunal","CALZADA":"U"},"geometry":{"type":"LineString","coordinates":[[-71.13823,-34.31992],[-71.15535,-34.31192],[-71.15674,-34.31896],[-71.16117,-34.32408],[-71.15699,-34.33429],[-71.15693,-34.34037]]}},{"id":"13073","type":"Feature","properties":{"ROL":"H-405","NOMBRE_CAMINO":"Cruce Ruta 5 (Gultro) - Cruce H-35 (Siete Puentes)","CLASIFICACION":"Camino Regional Comunal","CALZADA":"U"},"geometry":{"type":"LineString","coordinates":[[-70.7817,-34.22633],[-70.77984,-34.22578],[-70.77702,-34.22184],[-70.76743,-34.21704],[-70.74976,-34.21374]]}},{"id":"13074","type":"Feature","properties":{"ROL":"H-408","NOMBRE_CAMINO":"Cruce H-400 (Olivar Alto) - Cruce H-400","CLASIFICACION":"Camino Regional Comunal","CALZADA":"U"},"geometry":{"type":"LineString","coordinates":[[-70.81708,-34.20281],[-70.83051,-34.20419]]}},{"id":"13075","type":"Feature","properties":{"ROL":"H-412","NOMBRE_CAMINO":"Cruce H-400 - Cruce H-408","CLASIFICACION":"Camino Regional de Acceso","CALZADA":"U"},"geometry":{"type":"LineString","coordinates":[[-70.81759,-34.20999],[-70.8167,-34.20277]]}},{"id":"13076","type":"Feature","properties":{"ROL":"H-422","NOMBRE_CAMINO":"Cruce H-40 (Vara Gruesa) - Calle Angosta - Cruce H-40 (Olivar Bajo)","CLASIFICACION":"Camino Regional Comunal","CALZADA":"U"},"geometry":{"type":"LineString","coordinates":[[-70.86599,-34.23086],[-70.86592,-34.22134],[-70.87258,-34.22053],[-70.87627,-34.22063],[-70.87647,-34.22247],[-70.88514,-34.22395],[-70.88359,-34.23019]]}},{"id":"13077","type":"Feature","properties":{"ROL":"H-430","NOMBRE_CAMINO":"Cruce H-40 (Copequén) - Cruce H-418 (Rincón del Abra)","CLASIFICACION":"Camino Regional Comunal","CALZADA":"U"},"geometry":{"type":"LineString","coordinates":[[-70.90137,-34.23788],[-70.89714,-34.24264],[-70.89377,-34.24945],[-70.88891,-34.25303],[-70.8773,-34.25033],[-70.87356,-34.24639],[-70.86316,-34.24941]]}},{"id":"13078","type":"Feature","properties":{"ROL":"H-434","NOMBRE_CAMINO":"Cruce H-40 - El Chaval -  Cruce H-38","CLASIFICACION":"Camino Regional Comunal","CALZADA":"U"},"geometry":{"type":"LineString","coordinates":[[-70.89828,-34.23239],[-70.90399,-34.23167],[-70.91678,-34.23267],[-70.92583,-34.23769],[-70.93666,-34.2416],[-70.95284,-34.25456]]}},{"id":"13079","type":"Feature","properties":{"ROL":"H-438","NOMBRE_CAMINO":"Cruce H-40 (Copequén) - Cruce H-434 (Chaval)","CLASIFICACION":"Camino Regional Comunal","CALZADA":"U"},"geometry":{"type":"LineString","coordinates":[[-70.92657,-34.24998],[-70.92887,-34.24423],[-70.92932,-34.23859]]}},{"id":"13080","type":"Feature","properties":{"ROL":"H-45-G","NOMBRE_CAMINO":"Camino Padre Hurtado, Sector: Límite Regional (Cuesta Chada) - Cruce H-111","CLASIFICACION":"Camino Regional Principal","CALZADA":"U"},"geometry":{"type":"LineString","coordinates":[[-70.6489,-33.93488],[-70.64579,-33.93576],[-70.64239,-33.93997],[-70.6423,-33.94664],[-70.63964,-33.94987],[-70.64343,-33.95366],[-70.6441,-33.96018]]}},{"id":"13081","type":"Feature","properties":{"ROL":"H-460","NOMBRE_CAMINO":"Cruce H-50 - Apalta","CLASIFICACION":"Camino Regional de Acceso","CALZADA":"U"},"geometry":{"type":"LineString","coordinates":[[-70.86801,-34.33948],[-70.86599,-34.3351]]}},{"id":"13082","type":"Feature","properties":{"ROL":"H-470","NOMBRE_CAMINO":"Cruce H-50 (Santa Isabel) - Naicura","CLASIFICACION":"Camino Regional de Acceso","CALZADA":"U"},"geometry":{"type":"LineString","coordinates":[[-70.92376,-34.32407],[-70.92275,-34.3227],[-70.9265,-34.3216],[-70.90955,-34.29678]]}},{"id":"13083","type":"Feature","properties":{"ROL":"H-475","NOMBRE_CAMINO":"Cruce H-455 (Pimpinela) - Hacienda Totihue - Cruce Linea Férrea ","CLASIFICACION":"Camino Regional Comunal","CALZADA":"U"},"geometry":{"type":"LineString","coordinates":[[-70.74877,-34.34002],[-70.82947,-34.3205]]}},{"id":"13084","type":"Feature","properties":{"ROL":"H-510","NOMBRE_CAMINO":"Cruce H-50 (Esmeralda) - Cruce H-60 (Camarico)","CLASIFICACION":"Camino Regional Comunal","CALZADA":"U"},"geometry":{"type":"LineString","coordinates":[[-70.87453,-34.33768],[-70.8827,-34.34918]]}},{"id":"13085","type":"Feature","properties":{"ROL":"H-515","NOMBRE_CAMINO":"Cruce H-511 (Rosario) - Cruce H-535 (Tipaume)","CLASIFICACION":"Camino Regional Comunal","CALZADA":"U"},"geometry":{"type":"LineString","coordinates":[[-70.83743,-34.36258],[-70.81356,-34.35793],[-70.80494,-34.3663],[-70.80999,-34.37143]]}},{"id":"13086","type":"Feature","properties":{"ROL":"H-516","NOMBRE_CAMINO":"Cruce H-38 (La Viña) - Cruce H-50 (Quinta de Tilcoco)","CLASIFICACION":"Camino Regional Comunal","CALZADA":"U"},"geometry":{"type":"LineString","coordinates":[[-70.96729,-34.33811],[-70.95432,-34.33944],[-70.95339,-34.34186],[-70.95718,-34.34724]]}},{"id":"13087","type":"Feature","properties":{"ROL":"H-526","NOMBRE_CAMINO":"Cruce Ruta 5 (Caletera Las Rosas) - Cruce H-530 (Lo Cartagena)","CLASIFICACION":"Camino Regional Comunal","CALZADA":"U"},"geometry":{"type":"LineString","coordinates":[[-70.86053,-34.38034],[-70.86482,-34.3816],[-70.8664,-34.38064],[-70.86663,-34.38226]]}},{"id":"13088","type":"Feature","properties":{"ROL":"H-529","NOMBRE_CAMINO":"Cruce H-535 (Chuchunco) - Cruce H-521 (Naranjo Agrio)","CLASIFICACION":"Camino Regional Comunal","CALZADA":"U"},"geometry":{"type":"LineString","coordinates":[[-70.81742,-34.3768],[-70.81736,-34.37779]]}},{"id":"13089","type":"Feature","properties":{"ROL":"H-530","NOMBRE_CAMINO":"Cruce Ruta 5 (Caletera Lo Cartagena) - Pueblo Hundido - Cruce H-50","CLASIFICACION":"Camino Regional Comunal","CALZADA":"U"},"geometry":{"type":"LineString","coordinates":[[-70.86348,-34.38568],[-70.86629,-34.38433],[-70.86667,-34.38223],[-70.87545,-34.38257],[-70.87714,-34.38007],[-70.87138,-34.37498],[-70.87121,-34.37028],[-70.85749,-34.34237]]}},{"id":"13090","type":"Feature","properties":{"ROL":"H-535","NOMBRE_CAMINO":"Cruce H-521 (Lo de Lobos) - Cruce H-541 (El Llano)","CLASIFICACION":"Camino Regional Comunal","CALZADA":"U"},"geometry":{"type":"LineString","coordinates":[[-70.82355,-34.37501],[-70.82239,-34.37366],[-70.81738,-34.37679],[-70.814,-34.36909],[-70.80998,-34.37143],[-70.80966,-34.37493]]}},{"id":"13091","type":"Feature","properties":{"ROL":"H-537","NOMBRE_CAMINO":"Cruce H-521 (Naranjo Agrio) - Cruce H-525","CLASIFICACION":"Camino Regional Comunal","CALZADA":"U"},"geometry":{"type":"LineString","coordinates":[[-70.81716,-34.37785],[-70.82012,-34.37795],[-70.82106,-34.37911],[-70.82274,-34.37832]]}},{"id":"13092","type":"Feature","properties":{"ROL":"H-539","NOMBRE_CAMINO":"Cruce H-521 - Río Claro Oriente","CLASIFICACION":"Camino Regional de Acceso","CALZADA":"U"},"geometry":{"type":"LineString","coordinates":[[-70.81334,-34.37875],[-70.81553,-34.38267],[-70.81697,-34.38235],[-70.82236,-34.38589]]}},{"id":"13093","type":"Feature","properties":{"ROL":"H-540","NOMBRE_CAMINO":"Cruce Ruta 5 (Caletera) - Villa Cóbil - Cruce H-60","CLASIFICACION":"Camino Regional Comunal","CALZADA":"U"},"geometry":{"type":"LineString","coordinates":[[-70.87031,-34.39725],[-70.87643,-34.39647],[-70.87708,-34.39749],[-70.88624,-34.39527],[-70.89628,-34.40109],[-70.90043,-34.39984],[-70.90711,-34.40055]]}},{"id":"13094","type":"Feature","properties":{"ROL":"H-541","NOMBRE_CAMINO":"Cruce H-521 (Tipaume) - Fundo El Sauce","CLASIFICACION":"Camino Regional Comunal","CALZADA":"U"},"geometry":{"type":"LineString","coordinates":[[-70.81195,-34.37909],[-70.80963,-34.37491],[-70.79583,-34.37447],[-70.79479,-34.36777],[-70.78939,-34.35979],[-70.78584,-34.35091]]}},{"id":"13095","type":"Feature","properties":{"ROL":"H-544","NOMBRE_CAMINO":"Cruce H-38 (El Cristo) - Cruce H-590 (Cochango)","CLASIFICACION":"Camino Regional Comunal","CALZADA":"U"},"geometry":{"type":"LineString","coordinates":[[-70.9922,-34.31009],[-70.9929,-34.31141],[-70.99783,-34.30927],[-71.00077,-34.31049],[-71.00283,-34.30804],[-71.0059,-34.30691],[-71.00814,-34.30029],[-71.01037,-34.29911]]}},{"id":"13096","type":"Feature","properties":{"ROL":"H-545","NOMBRE_CAMINO":"Cruce H-521 (Lo de Lobos) - Cruce H-559 (Cerrillos)","CLASIFICACION":"Camino Regional Comunal","CALZADA":"U"},"geometry":{"type":"LineString","coordinates":[[-70.80332,-34.39119],[-70.79635,-34.38652],[-70.79433,-34.38657],[-70.79189,-34.38931],[-70.79172,-34.39212],[-70.78798,-34.3963],[-70.78225,-34.3957]]}},{"id":"13097","type":"Feature","properties":{"ROL":"H-546","NOMBRE_CAMINO":"Cruce Ruta 5 (Caletera) - Cruce H-540","CLASIFICACION":"Camino Regional Comunal","CALZADA":"U"},"geometry":{"type":"LineString","coordinates":[[-70.86634,-34.39038],[-70.86938,-34.38952],[-70.87231,-34.39499]]}},{"id":"13098","type":"Feature","properties":{"ROL":"H-548","NOMBRE_CAMINO":"Cruce H-60 - Cruce H-540","CLASIFICACION":"Camino Regional Comunal","CALZADA":"U"},"geometry":{"type":"LineString","coordinates":[[-70.87593,-34.40143],[-70.87349,-34.39726]]}},{"id":"13099","type":"Feature","properties":{"ROL":"H-549","NOMBRE_CAMINO":"Cruce H-545 - Cerrillo Abajo","CLASIFICACION":"Camino Regional de Acceso","CALZADA":"U"},"geometry":{"type":"LineString","coordinates":[[-70.79418,-34.38663],[-70.7932,-34.3839]]}},{"id":"13100","type":"Feature","properties":{"ROL":"H-552","NOMBRE_CAMINO":"Cruce H-540 (Villa el Cóbil) - Cruce H-546 (Villa Las Hojas)","CLASIFICACION":"Camino Regional Comunal","CALZADA":"U"},"geometry":{"type":"LineString","coordinates":[[-70.88223,-34.39601],[-70.87841,-34.38835],[-70.87272,-34.39009]]}},{"id":"13101","type":"Feature","properties":{"ROL":"H-555","NOMBRE_CAMINO":"Cruce H-521 (Chanquiahue) - Cruce H-559 (Cerrillos)","CLASIFICACION":"Camino Regional Comunal","CALZADA":"U"},"geometry":{"type":"LineString","coordinates":[[-70.79615,-34.40792],[-70.78218,-34.40003],[-70.77595,-34.40199]]}},{"id":"13102","type":"Feature","properties":{"ROL":"H-558","NOMBRE_CAMINO":"Cruce H-540 - Villa Cobi - Cruce H-548","CLASIFICACION":"Camino Regional Comunal","CALZADA":"U"},"geometry":{"type":"LineString","coordinates":[[-70.87703,-34.39747],[-70.8774,-34.39848],[-70.87487,-34.39946]]}},{"id":"13103","type":"Feature","properties":{"ROL":"H-559","NOMBRE_CAMINO":"Cruce H-555 - Cerrillos","CLASIFICACION":"Camino Regional de Acceso","CALZADA":"U"},"geometry":{"type":"LineString","coordinates":[[-70.78236,-34.40011],[-70.78237,-34.39575],[-70.78022,-34.39402],[-70.77918,-34.39459],[-70.77712,-34.39138]]}},{"id":"13104","type":"Feature","properties":{"ROL":"H-559","NOMBRE_CAMINO":"Cruce H-555 - Cerrillos","CLASIFICACION":"Camino Regional de Acceso","CALZADA":"U"},"geometry":{"type":"LineString","coordinates":[[-70.77595,-34.40198],[-70.77311,-34.40376],[-70.77284,-34.40986]]}},{"id":"13105","type":"Feature","properties":{"ROL":"H-564","NOMBRE_CAMINO":"Cruce H-56 (Guacarhue) - Pasarela Corcolén","CLASIFICACION":"Camino Regional de Acceso","CALZADA":"U"},"geometry":{"type":"LineString","coordinates":[[-71.01627,-34.35455],[-71.01571,-34.35585],[-71.00964,-34.35785],[-71.00571,-34.36099],[-70.9937,-34.36435],[-70.99244,-34.36614],[-70.99129,-34.37883],[-71.00217,-34.39754]]}},{"id":"13106","type":"Feature","properties":{"ROL":"H-568","NOMBRE_CAMINO":"Cruce H-56 (Guacarhue) - Estacada Abajo - Cruce H-570","CLASIFICACION":"Camino Regional Comunal","CALZADA":"U"},"geometry":{"type":"LineString","coordinates":[[-71.02487,-34.35535],[-71.03284,-34.3544],[-71.03148,-34.35171],[-71.04196,-34.34954]]}},{"id":"13107","type":"Feature","properties":{"ROL":"H-570","NOMBRE_CAMINO":"Cruce H-56 (La Estacada) - La Rinconada","CLASIFICACION":"Camino Regional Comunal","CALZADA":"U"},"geometry":{"type":"LineString","coordinates":[[-71.04509,-34.35609],[-71.04444,-34.35124],[-71.04062,-34.34482],[-71.04538,-34.34253],[-71.04365,-34.34036],[-71.04829,-34.33587]]}},{"id":"13108","type":"Feature","properties":{"ROL":"H-572","NOMBRE_CAMINO":"Cruce H-570 - El Huapi","CLASIFICACION":"Camino Regional de Acceso","CALZADA":"U"},"geometry":{"type":"LineString","coordinates":[[-71.04438,-34.35122],[-71.05173,-34.35013],[-71.05165,-34.3489],[-71.05752,-34.34725]]}},{"id":"13109","type":"Feature","properties":{"ROL":"H-574","NOMBRE_CAMINO":"Cruce H-56 (La Estacada) - Río Claro - Cruce  H-580","CLASIFICACION":"Camino Regional Comunal","CALZADA":"U"},"geometry":{"type":"LineString","coordinates":[[-71.02894,-34.36193],[-71.02865,-34.38235],[-71.00469,-34.38261],[-71.00302,-34.38034],[-71.00215,-34.37326]]}},{"id":"13110","type":"Feature","properties":{"ROL":"H-580","NOMBRE_CAMINO":"Cruce H-60 (Puente Alta) - Cruce H-574 (La Estacada)","CLASIFICACION":"Camino Regional Comunal","CALZADA":"U"},"geometry":{"type":"LineString","coordinates":[[-70.98147,-34.37071],[-70.99684,-34.36998],[-71.0,-34.37105],[-71.00068,-34.37358],[-71.00563,-34.37233],[-71.02843,-34.37324]]}},{"id":"13111","type":"Feature","properties":{"ROL":"H-584","NOMBRE_CAMINO":"Cruce H-574 (La Estacada) - El Carrizal","CLASIFICACION":"Camino Regional Comunal","CALZADA":"U"},"geometry":{"type":"LineString","coordinates":[[-71.02859,-34.36976],[-71.05398,-34.37063],[-71.05744,-34.37547],[-71.04763,-34.37839]]}},{"id":"13112","type":"Feature","properties":{"ROL":"H-586","NOMBRE_CAMINO":"Cruce H-590 - Cruce H-674","CLASIFICACION":"Camino Regional Comunal","CALZADA":"U"},"geometry":{"type":"LineString","coordinates":[[-71.10414,-34.35549],[-71.1197,-34.35155],[-71.12477,-34.34663]]}},{"id":"13113","type":"Feature","properties":{"ROL":"H-594","NOMBRE_CAMINO":"Cruce H-590 (El Manzano de Zúñiga) - Toquihua Abajo","CLASIFICACION":"Camino Regional de Acceso","CALZADA":"U"},"geometry":{"type":"LineString","coordinates":[[-71.10652,-34.37304],[-71.11136,-34.37686],[-71.11434,-34.3767],[-71.11896,-34.37377],[-71.12282,-34.37446],[-71.12258,-34.37866],[-71.12757,-34.39339]]}},{"id":"13114","type":"Feature","properties":{"ROL":"H-600","NOMBRE_CAMINO":"Malloa - Cruce Ruta 5 (Caletera Pelequén Viejo)","CLASIFICACION":"Camino Regional Comunal","CALZADA":"U"},"geometry":{"type":"LineString","coordinates":[[-70.94012,-34.44212],[-70.93113,-34.44607],[-70.92308,-34.44276],[-70.91346,-34.44643],[-70.90867,-34.44482],[-70.89651,-34.4498]]}},{"id":"13115","type":"Feature","properties":{"ROL":"H-606","NOMBRE_CAMINO":"Cruce Ruta 5 - Pelequén Viejo - Cruce H-600","CLASIFICACION":"Camino Regional Comunal","CALZADA":"U"},"geometry":{"type":"LineString","coordinates":[[-70.88758,-34.43321],[-70.89051,-34.43362],[-70.89286,-34.44001],[-70.90212,-34.4476]]}},{"id":"13116","type":"Feature","properties":{"ROL":"H-608","NOMBRE_CAMINO":"Cruce H-600 - Fundo","CLASIFICACION":"Camino Regional de Acceso","CALZADA":"U"},"geometry":{"type":"LineString","coordinates":[[-70.90134,-34.4479],[-70.9054,-34.45393]]}},{"id":"13117","type":"Feature","properties":{"ROL":"H-610","NOMBRE_CAMINO":"Cruce H-64 - Panquehue","CLASIFICACION":"Camino Regional de Acceso","CALZADA":"U"},"geometry":{"type":"LineString","coordinates":[[-70.91847,-34.40979],[-70.91572,-34.41247],[-70.9116,-34.4109]]}},{"id":"13118","type":"Feature","properties":{"ROL":"H-616","NOMBRE_CAMINO":"Cruce H-64 - Panquehue - Cruce H-620","CLASIFICACION":"Camino Regional Comunal","CALZADA":"U"},"geometry":{"type":"LineString","coordinates":[[-70.911,-34.40423],[-70.9252,-34.40495],[-70.92628,-34.41047],[-70.92941,-34.41046],[-70.92964,-34.41302]]}},{"id":"13119","type":"Feature","properties":{"ROL":"H-620","NOMBRE_CAMINO":"Cruce H-64 (Panquehue) - Cruce H-634 (Puntilla de San Pedro)","CLASIFICACION":"Camino Regional Comunal","CALZADA":"U"},"geometry":{"type":"LineString","coordinates":[[-70.92373,-34.41441],[-70.92897,-34.41303],[-70.94874,-34.4133]]}},{"id":"13120","type":"Feature","properties":{"ROL":"H-628","NOMBRE_CAMINO":"Cruce H-620 - Caracoles - Cruce H-634","CLASIFICACION":"Camino Regional Comunal","CALZADA":"U"},"geometry":{"type":"LineString","coordinates":[[-70.93548,-34.41315],[-70.93669,-34.4185],[-70.93844,-34.41876],[-70.93878,-34.42135],[-70.94034,-34.42113],[-70.94268,-34.42243],[-70.94383,-34.42482],[-70.94855,-34.42657]]}},{"id":"13121","type":"Feature","properties":{"ROL":"H-634","NOMBRE_CAMINO":"Cruce H-64 (Malloa) - Corcolén - Cruce H-56 (Tunca)","CLASIFICACION":"Camino Regional Comunal","CALZADA":"U"},"geometry":{"type":"LineString","coordinates":[[-70.94469,-34.44064],[-70.94772,-34.43844],[-70.94865,-34.43597],[-70.94757,-34.43109],[-70.94964,-34.42279],[-70.94874,-34.41326],[-70.95073,-34.41],[-70.95329,-34.41003],[-70.96391,-34.41657],[-70.97507,-34.41994],[-70.98753,-34.41599],[-70.98889,-34.41426],[-70.98738,-34.41191],[-70.98862,-34.40905],[-70.99245,-34.41048],[-71.00434,-34.4086],[-71.00895,-34.41306],[-71.0108,-34.4116],[-71.02141,-34.41105],[-71.03025,-34.40159],[-71.02922,-34.39971],[-71.03132,-34.397],[-71.03046,-34.39413],[-71.03325,-34.39261],[-71.03294,-34.38998],[-71.03408,-34.38851],[-71.03654,-34.38934],[-71.03721,-34.38696],[-71.04328,-34.388],[-71.04817,-34.38517],[-71.05432,-34.38781],[-71.05815,-34.3848]]}},{"id":"13122","type":"Feature","properties":{"ROL":"H-634","NOMBRE_CAMINO":"Cruce H-64 (Malloa) - Corcolén - Cruce H-56 (Tunca)","CLASIFICACION":"Camino Regional Comunal","CALZADA":"U"},"geometry":{"type":"LineString","coordinates":[[-71.07669,-34.37986],[-71.07704,-34.38135],[-71.08429,-34.38599],[-71.09114,-34.397]]}},{"id":"13123","type":"Feature","properties":{"ROL":"H-638","NOMBRE_CAMINO":"Cruce H-634 (Puntilla de San Pedro) - Río Claro - Cruce H-640","CLASIFICACION":"Camino Regional Comunal","CALZADA":"U"},"geometry":{"type":"LineString","coordinates":[[-70.95135,-34.40984],[-70.95327,-34.40447],[-70.95619,-34.40193]]}},{"id":"13124","type":"Feature","properties":{"ROL":"H-638","NOMBRE_CAMINO":"Cruce H-634 (Puntilla de San Pedro) - Río Claro - Cruce H-640","CLASIFICACION":"Camino Regional Comunal","CALZADA":"U"},"geometry":{"type":"LineString","coordinates":[[-70.95619,-34.40193],[-70.95882,-34.40078]]}},{"id":"13125","type":"Feature","properties":{"ROL":"H-639","NOMBRE_CAMINO":"Cruce H-631 - Rinconada de Malambo","CLASIFICACION":"Camino Regional de Acceso","CALZADA":"U"},"geometry":{"type":"LineString","coordinates":[[-70.83798,-34.41921],[-70.83604,-34.41964],[-70.83415,-34.4239],[-70.82965,-34.42636]]}},{"id":"13126","type":"Feature","properties":{"ROL":"H-640","NOMBRE_CAMINO":"Cruce H-60 - Salsipuedes","CLASIFICACION":"Camino Regional Comunal","CALZADA":"U"},"geometry":{"type":"LineString","coordinates":[[-70.94816,-34.39085],[-70.95437,-34.39864],[-70.95884,-34.40078],[-70.96184,-34.39947],[-70.97032,-34.40172]]}},{"id":"13127","type":"Feature","properties":{"ROL":"H-648","NOMBRE_CAMINO":"Cruce H-634 (Tunca Abajo) - Río Claro","CLASIFICACION":"Camino Regional de Acceso","CALZADA":"U"},"geometry":{"type":"LineString","coordinates":[[-71.0816,-34.38457],[-71.08426,-34.37788],[-71.08862,-34.37981]]}},{"id":"13128","type":"Feature","properties":{"ROL":"H-650","NOMBRE_CAMINO":"Cruce H-56 (El Manzano de Zúñiga) - Cruce H-594 (Toquihua Abajo)","CLASIFICACION":"Camino Regional Comunal","CALZADA":"U"},"geometry":{"type":"LineString","coordinates":[[-71.10382,-34.38264],[-71.11175,-34.38735],[-71.12128,-34.38195],[-71.1236,-34.38213]]}},{"id":"13129","type":"Feature","properties":{"ROL":"H-654","NOMBRE_CAMINO":"Cruce H-56 - Río Claro","CLASIFICACION":"Camino Regional de Acceso","CALZADA":"U"},"geometry":{"type":"LineString","coordinates":[[-71.0982,-34.38914],[-71.09599,-34.38785],[-71.09817,-34.38494]]}},{"id":"13130","type":"Feature","properties":{"ROL":"H-660","NOMBRE_CAMINO":"Cruce H-56 - Tunca El Medio - Cruce H-56","CLASIFICACION":"Camino Regional Comunal","CALZADA":"U"},"geometry":{"type":"LineString","coordinates":[[-71.09679,-34.39183],[-71.1036,-34.39665],[-71.09386,-34.40377]]}},{"id":"13131","type":"Feature","properties":{"ROL":"H-664","NOMBRE_CAMINO":"Cruce H-660 (Tunca El Medio) - Río Claro","CLASIFICACION":"Camino Regional de Acceso","CALZADA":"U"},"geometry":{"type":"LineString","coordinates":[[-71.10361,-34.39664],[-71.10513,-34.39457]]}},{"id":"13132","type":"Feature","properties":{"ROL":"H-666","NOMBRE_CAMINO":"Cruce H-660 (Tunca El Medio) - Fundo","CLASIFICACION":"Camino Regional de Acceso","CALZADA":"U"},"geometry":{"type":"LineString","coordinates":[[-71.09963,-34.39982],[-71.10129,-34.40095],[-71.10867,-34.39838]]}},{"id":"13133","type":"Feature","properties":{"ROL":"H-668","NOMBRE_CAMINO":"Cruce H-660 - Fundo Norte","CLASIFICACION":"Camino Regional de Acceso","CALZADA":"U"},"geometry":{"type":"LineString","coordinates":[[-71.10028,-34.39408],[-71.10202,-34.39149]]}},{"id":"13134","type":"Feature","properties":{"ROL":"H-670","NOMBRE_CAMINO":"Cruce H-594 (Toquihua Abajo) - Monte Lorenzo Abajo","CLASIFICACION":"Camino Regional Comunal","CALZADA":"U"},"geometry":{"type":"LineString","coordinates":[[-71.12269,-34.37707],[-71.13011,-34.37625],[-71.12993,-34.37329],[-71.13664,-34.37111],[-71.13795,-34.37258],[-71.13769,-34.37708],[-71.14178,-34.38426]]}},{"id":"13135","type":"Feature","properties":{"ROL":"H-674","NOMBRE_CAMINO":"Cruce H-670 (Monte Lorenzo Abajo) - Cruce H-586","CLASIFICACION":"Camino Regional Comunal","CALZADA":"U"},"geometry":{"type":"LineString","coordinates":[[-71.13538,-34.37144],[-71.13394,-34.3654],[-71.13637,-34.36364],[-71.13515,-34.35904],[-71.13311,-34.35685],[-71.13453,-34.35565],[-71.13197,-34.3532],[-71.13013,-34.35452],[-71.12477,-34.34663]]}},{"id":"13136","type":"Feature","properties":{"ROL":"H-710","NOMBRE_CAMINO":"Cruce Ruta 66 (Santa Inés) - Cruce I-90-H (Estero Roma)","CLASIFICACION":"Camino Regional Comunal","CALZADA":"U"},"geometry":{"type":"LineString","coordinates":[[-70.9525,-34.46158],[-70.95743,-34.47156],[-70.96034,-34.47455],[-70.96093,-34.47825]]}},{"id":"13137","type":"Feature","properties":{"ROL":"H-710","NOMBRE_CAMINO":"Cruce Ruta 66 (Santa Inés) - Cruce I-90-H (Estero Roma)","CLASIFICACION":"Camino Regional Comunal","CALZADA":"U"},"geometry":{"type":"LineString","coordinates":[[-70.96105,-34.49407],[-70.95804,-34.49515],[-70.95941,-34.49959],[-70.95602,-34.50102],[-70.95608,-34.50465],[-70.96023,-34.50821],[-70.96733,-34.50775],[-70.97012,-34.51365]]}},{"id":"13138","type":"Feature","properties":{"ROL":"H-711","NOMBRE_CAMINO":"Cruce H-611 (Pelequén) - Los Maquis","CLASIFICACION":"Camino Regional de Acceso","CALZADA":"U"},"geometry":{"type":"LineString","coordinates":[[-70.8968,-34.47021],[-70.89193,-34.47173],[-70.89211,-34.48015],[-70.88821,-34.48311],[-70.8687,-34.48321],[-70.86484,-34.48137],[-70.85844,-34.48236],[-70.85104,-34.48109],[-70.8353,-34.48257],[-70.82466,-34.48721],[-70.82396,-34.48854],[-70.82176,-34.48753],[-70.81147,-34.4943]]}},{"id":"13139","type":"Feature","properties":{"ROL":"H-746","NOMBRE_CAMINO":"Cruce Ruta 66 - Cruce H-56","CLASIFICACION":"Camino Regional Comunal","CALZADA":"U"},"geometry":{"type":"LineString","coordinates":[[-71.11434,-34.41831],[-71.0991,-34.41663]]}},{"id":"13140","type":"Feature","properties":{"ROL":"H-748","NOMBRE_CAMINO":"Cruce Ruta 66 - Fundo","CLASIFICACION":"Camino Regional de Acceso","CALZADA":"U"},"geometry":{"type":"LineString","coordinates":[[-71.11479,-34.41813],[-71.11624,-34.40628],[-71.1187,-34.4031]]}},{"id":"13141","type":"Feature","properties":{"ROL":"H-750","NOMBRE_CAMINO":"Cruce Ruta 66 - Tunca - Río Claro","CLASIFICACION":"Camino Regional de Acceso","CALZADA":"U"},"geometry":{"type":"LineString","coordinates":[[-71.11655,-34.41738],[-71.11751,-34.41168],[-71.12229,-34.41121],[-71.12174,-34.40714],[-71.12383,-34.40728],[-71.12423,-34.40485],[-71.12598,-34.4046]]}},{"id":"13142","type":"Feature","properties":{"ROL":"H-760","NOMBRE_CAMINO":"Cruce Ruta 66 (Peumo) - El Cementerio","CLASIFICACION":"Camino Regional de Acceso","CALZADA":"U"},"geometry":{"type":"LineString","coordinates":[[-71.16593,-34.3903],[-71.1664,-34.38779],[-71.16395,-34.38527],[-71.16502,-34.38454],[-71.16448,-34.38283]]}},{"id":"13143","type":"Feature","properties":{"ROL":"H-762","NOMBRE_CAMINO":"Cruce H-78 - El Durazno","CLASIFICACION":"Camino Regional Comunal","CALZADA":"U"},"geometry":{"type":"LineString","coordinates":[[-71.35057,-34.18695],[-71.34988,-34.18104],[-71.336,-34.16885],[-71.33057,-34.17382],[-71.31509,-34.16091],[-71.313,-34.1608]]}},{"id":"13144","type":"Feature","properties":{"ROL":"H-770","NOMBRE_CAMINO":"Cruce H-754 - Calle Walker Martínez (Peumo)","CLASIFICACION":"Camino Regional de Acceso","CALZADA":"U"},"geometry":{"type":"LineString","coordinates":[[-71.17666,-34.40094],[-71.16918,-34.39402]]}},{"id":"13145","type":"Feature","properties":{"ROL":"H-772","NOMBRE_CAMINO":"Cruce H-788 (La Guañanga) - H-790 (Cementerio El Manzano)","CLASIFICACION":"Camino Regional Comunal","CALZADA":"U"},"geometry":{"type":"LineString","coordinates":[[-71.42848,-34.20403],[-71.42425,-34.19977],[-71.42196,-34.19477],[-71.41456,-34.1854]]}},{"id":"13146","type":"Feature","properties":{"ROL":"H-772","NOMBRE_CAMINO":"Cruce H-788 (La Guañanga) - H-790 (Cementerio El Manzano)","CLASIFICACION":"Camino Regional Comunal","CALZADA":"U"},"geometry":{"type":"LineString","coordinates":[[-71.41456,-34.1854],[-71.40488,-34.17789]]}},{"id":"13147","type":"Feature","properties":{"ROL":"H-776","NOMBRE_CAMINO":"Cruce H-78 - Cocalán - Palmería","CLASIFICACION":"Camino Regional Comunal","CALZADA":"U"},"geometry":{"type":"LineString","coordinates":[[-71.30498,-34.21532],[-71.27688,-34.20894],[-71.25599,-34.21056],[-71.24707,-34.20917],[-71.24537,-34.21534],[-71.23911,-34.21529],[-71.22218,-34.21086],[-71.21997,-34.20933]]}},{"id":"13148","type":"Feature","properties":{"ROL":"H-778","NOMBRE_CAMINO":"Cruce Ruta 66 (La Esperanza) - La Cornellana","CLASIFICACION":"Camino Regional de Acceso","CALZADA":"U"},"geometry":{"type":"LineString","coordinates":[[-71.27375,-34.30193],[-71.26672,-34.3033],[-71.26075,-34.29916]]}},{"id":"13149","type":"Feature","properties":{"ROL":"H-782","NOMBRE_CAMINO":"Cruce Ruta 66 - Las Cabras - Cruce H-78","CLASIFICACION":"Camino Regional Comunal","CALZADA":"U"},"geometry":{"type":"LineString","coordinates":[[-71.29156,-34.29465],[-71.30847,-34.28836]]}},{"id":"13150","type":"Feature","properties":{"ROL":"H-788","NOMBRE_CAMINO":"Cruce Ruta 66 (La Albahaca) - La Guañanga - Cruce H-790 (Las Balsas)","CLASIFICACION":"Camino Regional Comunal","CALZADA":"U"},"geometry":{"type":"LineString","coordinates":[[-71.40223,-34.22153],[-71.41471,-34.21994],[-71.41896,-34.2164],[-71.42922,-34.21175],[-71.43633,-34.21127],[-71.43885,-34.20887],[-71.45152,-34.20313]]}},{"id":"13151","type":"Feature","properties":{"ROL":"H-790","NOMBRE_CAMINO":"Cruce Ruta 66 (El Carmen) - Las Balsas - Cruce Ruta 66 (El Manzano)","CLASIFICACION":"Camino Regional Comunal","CALZADA":"U"},"geometry":{"type":"LineString","coordinates":[[-71.38508,-34.25543],[-71.39136,-34.26896],[-71.40093,-34.26711],[-71.40863,-34.2623],[-71.41319,-34.2577],[-71.42479,-34.2344],[-71.44217,-34.21818],[-71.44528,-34.2104],[-71.45417,-34.19989],[-71.46019,-34.18588],[-71.46616,-34.17725],[-71.46699,-34.16903],[-71.46462,-34.16416],[-71.46545,-34.16009],[-71.46017,-34.15169],[-71.45794,-34.15055],[-71.45345,-34.15137],[-71.44433,-34.15802],[-71.43065,-34.16189],[-71.42783,-34.1611],[-71.42343,-34.15596],[-71.42048,-34.15559],[-71.40983,-34.16219],[-71.40513,-34.1776],[-71.39985,-34.17952]]}},{"id":"13152","type":"Feature","properties":{"ROL":"H-794","NOMBRE_CAMINO":"Cruce H-788 (La Guañanga) - Cruce H-790 (Las Balsas) ","CLASIFICACION":"Camino Regional Comunal","CALZADA":"U"},"geometry":{"type":"LineString","coordinates":[[-71.43719,-34.21066],[-71.4434,-34.2155]]}},{"id":"13153","type":"Feature","properties":{"ROL":"H-796","NOMBRE_CAMINO":"Cruce H-78 - La Rabicana","CLASIFICACION":"Camino Regional de Acceso","CALZADA":"U"},"geometry":{"type":"LineString","coordinates":[[-71.29343,-34.26203],[-71.28257,-34.26031],[-71.28222,-34.26319]]}},{"id":"13154","type":"Feature","properties":{"ROL":"H-802","NOMBRE_CAMINO":"Cruce H-78 - Llavería","CLASIFICACION":"Camino Regional Comunal","CALZADA":"U"},"geometry":{"type":"LineString","coordinates":[[-71.3072,-34.20088],[-71.2932,-34.20141],[-71.29145,-34.20025],[-71.28789,-34.19257]]}},{"id":"13155","type":"Feature","properties":{"ROL":"H-810","NOMBRE_CAMINO":"Cruce I-90-H - Cruce H-800 (El Tambo)","CLASIFICACION":"Camino Regional de Acceso","CALZADA":"U"},"geometry":{"type":"LineString","coordinates":[[-70.98171,-34.48998],[-70.98241,-34.48706],[-70.98141,-34.48423],[-70.98284,-34.48299]]}},{"id":"13156","type":"Feature","properties":{"ROL":"H-814","NOMBRE_CAMINO":"Cruce H-806 - Estero Zamorano","CLASIFICACION":"Camino Regional de Acceso","CALZADA":"U"},"geometry":{"type":"LineString","coordinates":[[-70.97433,-34.46711],[-70.98647,-34.4613]]}},{"id":"13157","type":"Feature","properties":{"ROL":"H-820","NOMBRE_CAMINO":"Cruce I-90-H (Rastrojos) - Cruce H-800 (Naranjal)","CLASIFICACION":"Camino Regional Comunal","CALZADA":"U"},"geometry":{"type":"LineString","coordinates":[[-71.01917,-34.46459],[-71.02181,-34.47674]]}},{"id":"13158","type":"Feature","properties":{"ROL":"H-824","NOMBRE_CAMINO":"Cruce I-90-H - Estero Zamorano","CLASIFICACION":"Camino Regional de Acceso","CALZADA":"U"},"geometry":{"type":"LineString","coordinates":[[-71.02959,-34.4636],[-71.03462,-34.46087],[-71.03346,-34.45569]]}},{"id":"13159","type":"Feature","properties":{"ROL":"H-826","NOMBRE_CAMINO":"Cruce H-800 (Oriente) - Rinconada del Tambo - Cruce H-800 (Ponente)","CLASIFICACION":"Camino Regional Comunal","CALZADA":"U"},"geometry":{"type":"LineString","coordinates":[[-71.07391,-34.49671],[-71.07999,-34.51019],[-71.08717,-34.50583],[-71.08205,-34.49472]]}},{"id":"13160","type":"Feature","properties":{"ROL":"H-838","NOMBRE_CAMINO":"Cruce H-76-I (Pencahue) - Estero Zamorano","CLASIFICACION":"Camino Regional Comunal","CALZADA":"U"},"geometry":{"type":"LineString","coordinates":[[-71.11244,-34.43564],[-71.11681,-34.44555]]}},{"id":"13161","type":"Feature","properties":{"ROL":"H-840","NOMBRE_CAMINO":"Cruce H-76-I (Pencahue) - Lo Mena - Cruce H-838 (Orilla)","CLASIFICACION":"Camino Regional Comunal","CALZADA":"U"},"geometry":{"type":"LineString","coordinates":[[-71.14485,-34.43466],[-71.14511,-34.43857],[-71.13808,-34.44854],[-71.13368,-34.44759],[-71.1325,-34.44519],[-71.12839,-34.44231],[-71.12895,-34.44103],[-71.1254,-34.43996],[-71.11616,-34.4441]]}},{"id":"13162","type":"Feature","properties":{"ROL":"H-842","NOMBRE_CAMINO":"Cruce Ruta 66 - Cruce H-76-I (Pencahue)","CLASIFICACION":"Camino Regional Comunal","CALZADA":"U"},"geometry":{"type":"LineString","coordinates":[[-71.11655,-34.41738],[-71.11536,-34.42123],[-71.12052,-34.42282],[-71.11986,-34.43257]]}},{"id":"13163","type":"Feature","properties":{"ROL":"H-844","NOMBRE_CAMINO":"Cruce H-76-I (Oriente) - Las Cruces - Cruce H-76-I (Poniente)","CLASIFICACION":"Camino Regional Comunal","CALZADA":"U"},"geometry":{"type":"LineString","coordinates":[[-71.1497,-34.43436],[-71.14747,-34.42474],[-71.14831,-34.42425],[-71.15238,-34.42653],[-71.15272,-34.43382]]}},{"id":"13164","type":"Feature","properties":{"ROL":"H-846","NOMBRE_CAMINO":"Cruce H-76-I (Pencahue) - Pencahue Bajo","CLASIFICACION":"Camino Regional Comunal","CALZADA":"U"},"geometry":{"type":"LineString","coordinates":[[-71.15909,-34.43018],[-71.16419,-34.42804],[-71.17168,-34.42789]]}},{"id":"13165","type":"Feature","properties":{"ROL":"H-848","NOMBRE_CAMINO":"Cruce H-846 (Pencahue Bajo) - Alto a La Arbilla","CLASIFICACION":"Camino Regional de Acceso","CALZADA":"U"},"geometry":{"type":"LineString","coordinates":[[-71.16074,-34.42948],[-71.16033,-34.4243]]}},{"id":"13166","type":"Feature","properties":{"ROL":"H-850","NOMBRE_CAMINO":"Cruce H-76-I (El Niche) - Cruce H-830 (Idahue)","CLASIFICACION":"Camino Regional Comunal","CALZADA":"U"},"geometry":{"type":"LineString","coordinates":[[-71.17174,-34.43511],[-71.17157,-34.44495],[-71.16811,-34.45741],[-71.16708,-34.4675]]}},{"id":"13167","type":"Feature","properties":{"ROL":"H-854","NOMBRE_CAMINO":"Cruce H-76-I - Cruce H-882 (Almahue Viejo) ","CLASIFICACION":"Camino Regional Comunal","CALZADA":"U"},"geometry":{"type":"LineString","coordinates":[[-71.24053,-34.40112],[-71.24532,-34.40316],[-71.24857,-34.41137],[-71.24736,-34.41387]]}},{"id":"13168","type":"Feature","properties":{"ROL":"H-858","NOMBRE_CAMINO":"Cruce H-882 (Almahue Viejo) - Cruce I-320-H (Los Yuyos)","CLASIFICACION":"Camino Regional Comunal","CALZADA":"U"},"geometry":{"type":"LineString","coordinates":[[-71.2812,-34.41646],[-71.28068,-34.42799],[-71.28592,-34.43114],[-71.28761,-34.43908],[-71.31079,-34.43375]]}},{"id":"13169","type":"Feature","properties":{"ROL":"H-864","NOMBRE_CAMINO":"Cruce H-76-I (Pichidehua) - Cuesta La Torina - Cruce H-882 (Almahue)","CLASIFICACION":"Camino Regional Comunal","CALZADA":"U"},"geometry":{"type":"LineString","coordinates":[[-71.30348,-34.35447],[-71.31322,-34.36463],[-71.31515,-34.37043],[-71.3181,-34.37462],[-71.32177,-34.39209],[-71.31902,-34.39596]]}},{"id":"13170","type":"Feature","properties":{"ROL":"H-870","NOMBRE_CAMINO":"Cruce H-76-I (Lo Romo) - Cruce H-874 (Patagua Orilla)","CLASIFICACION":"Camino Regional Comunal","CALZADA":"U"},"geometry":{"type":"LineString","coordinates":[[-71.33673,-34.34069],[-71.33472,-34.33476],[-71.33717,-34.33329],[-71.32917,-34.32173],[-71.32952,-34.31921],[-71.33598,-34.3161],[-71.33811,-34.31309],[-71.34115,-34.31214],[-71.36044,-34.29701]]}},{"id":"13171","type":"Feature","properties":{"ROL":"H-874","NOMBRE_CAMINO":"Cruce H-76-I (Las Pataguas) - Las Pataguas Orilla","CLASIFICACION":"Camino Regional Comunal","CALZADA":"U"},"geometry":{"type":"LineString","coordinates":[[-71.37632,-34.31862],[-71.36638,-34.30434]]}},{"id":"13172","type":"Feature","properties":{"ROL":"H-876","NOMBRE_CAMINO":"Cruce H-870 (Pataguas Orilla) - Los Corderos","CLASIFICACION":"Camino Regional de Acceso","CALZADA":"U"},"geometry":{"type":"LineString","coordinates":[[-71.34192,-34.31078],[-71.34556,-34.31561]]}},{"id":"13173","type":"Feature","properties":{"ROL":"H-880","NOMBRE_CAMINO":"Cruce H-76-I (Las Pataguas) - Las Juntas","CLASIFICACION":"Camino Regional de Acceso","CALZADA":"U"},"geometry":{"type":"LineString","coordinates":[[-71.40356,-34.29705],[-71.4063,-34.29192],[-71.41404,-34.28594],[-71.41383,-34.28312],[-71.41592,-34.28108]]}},{"id":"13174","type":"Feature","properties":{"ROL":"H-882","NOMBRE_CAMINO":"Cruce H-76-I (Almahue) - Cruce H-82-I (San Roberto)","CLASIFICACION":"Camino Regional Comunal","CALZADA":"U"},"geometry":{"type":"LineString","coordinates":[[-71.2345,-34.41193],[-71.23823,-34.41347],[-71.24525,-34.41297],[-71.25118,-34.41543],[-71.29039,-34.41579],[-71.31553,-34.40108],[-71.31577,-34.39822],[-71.31896,-34.39596],[-71.32535,-34.40279],[-71.35894,-34.40325],[-71.36899,-34.40072]]}},{"id":"13175","type":"Feature","properties":{"ROL":"H-908","NOMBRE_CAMINO":"Cruce H-82-I (San Luis) - Río Tinguiririca","CLASIFICACION":"Camino Regional Comunal","CALZADA":"U"},"geometry":{"type":"LineString","coordinates":[[-71.38372,-34.39709],[-71.39585,-34.4041]]}},{"id":"13176","type":"Feature","properties":{"ROL":"H-922","NOMBRE_CAMINO":"Cruce H-82-I - Cruce H-908","CLASIFICACION":"Camino Regional Comunal","CALZADA":"U"},"geometry":{"type":"LineString","coordinates":[[-71.4021,-34.38497],[-71.406,-34.38611],[-71.39118,-34.40141]]}},{"id":"13177","type":"Feature","properties":{"ROL":"H-924","NOMBRE_CAMINO":"Cruce Ruta 66 - Santa Josefina Cerro","CLASIFICACION":"Camino Regional de Acceso","CALZADA":"U"},"geometry":{"type":"LineString","coordinates":[[-71.25818,-34.31473],[-71.25341,-34.31057]]}},{"id":"13178","type":"Feature","properties":{"ROL":"H-926","NOMBRE_CAMINO":"Cruce Ruta 66 - Santa Josefina Río","CLASIFICACION":"Camino Regional de Acceso","CALZADA":"U"},"geometry":{"type":"LineString","coordinates":[[-71.25825,-34.31467],[-71.26224,-34.31771]]}},{"id":"13179","type":"Feature","properties":{"ROL":"I-116","NOMBRE_CAMINO":"Cruce I-80-G (El Rosario) - Ranquilco - Cruce I-62-G (Litueche)","CLASIFICACION":"Camino Regional Provincial","CALZADA":"U"},"geometry":{"type":"LineString","coordinates":[[-71.7143,-34.08384],[-71.71618,-34.08554],[-71.71514,-34.08682],[-71.71567,-34.0913],[-71.72022,-34.09789],[-71.72031,-34.1022],[-71.72359,-34.10476],[-71.72609,-34.11099],[-71.72559,-34.11304]]}},{"id":"13180","type":"Feature","properties":{"ROL":"I-116","NOMBRE_CAMINO":"Cruce I-80-G (El Rosario) - Ranquilco - Cruce I-62-G (Litueche)","CLASIFICACION":"Camino Regional Provincial","CALZADA":"U"},"geometry":{"type":"LineString","coordinates":[[-71.70515,-34.03461],[-71.70566,-34.05043],[-71.70291,-34.05517]]}},{"id":"13181","type":"Feature","properties":{"ROL":"I-120","NOMBRE_CAMINO":"Cruce I-62-G - Cruce I-150 (La Estrella)","CLASIFICACION":"Camino Regional Provincial","CALZADA":"U"},"geometry":{"type":"LineString","coordinates":[[-71.66393,-34.08215],[-71.66115,-34.08523],[-71.65345,-34.10126],[-71.65174,-34.10659],[-71.65277,-34.11315],[-71.6475,-34.1212],[-71.6546,-34.13859],[-71.65474,-34.14771],[-71.65068,-34.15447],[-71.65475,-34.17243],[-71.65187,-34.17975],[-71.65369,-34.18393],[-71.65054,-34.18807],[-71.65177,-34.1908],[-71.65154,-34.19604],[-71.65465,-34.20213],[-71.65368,-34.20357]]}},{"id":"13182","type":"Feature","properties":{"ROL":"I-128","NOMBRE_CAMINO":"Cruce I-80-G - Piedra Partida - Cruce I-112 (La Estafeta)","CLASIFICACION":"Camino Regional Comunal","CALZADA":"U"},"geometry":{"type":"LineString","coordinates":[[-71.73584,-34.20574],[-71.7412,-34.20316],[-71.74692,-34.19439],[-71.7491,-34.18803],[-71.75422,-34.18575],[-71.76266,-34.17174],[-71.765,-34.16553],[-71.76343,-34.16097],[-71.7668,-34.14125],[-71.76536,-34.13769],[-71.76951,-34.13637],[-71.77836,-34.12789],[-71.78578,-34.11745]]}},{"id":"13183","type":"Feature","properties":{"ROL":"I-132","NOMBRE_CAMINO":"Cruce I-62-G (Matancilla) - Cruce I-138 (Pulín)","CLASIFICACION":"Camino Regional Comunal","CALZADA":"U"},"geometry":{"type":"LineString","coordinates":[[-71.59971,-34.05049],[-71.60299,-34.05324],[-71.60447,-34.05807],[-71.60907,-34.06218],[-71.60802,-34.06857],[-71.60934,-34.0714],[-71.6131,-34.07434],[-71.61278,-34.07618],[-71.60957,-34.07883],[-71.60341,-34.0804],[-71.60179,-34.08204],[-71.60345,-34.08712],[-71.6003,-34.0956],[-71.60039,-34.09922]]}},{"id":"13184","type":"Feature","properties":{"ROL":"I-138","NOMBRE_CAMINO":"Cruce I-120 - Cruce I-150","CLASIFICACION":"Camino Regional Comunal","CALZADA":"U"},"geometry":{"type":"LineString","coordinates":[[-71.65175,-34.10651],[-71.6401,-34.10828],[-71.62928,-34.10723]]}},{"id":"13185","type":"Feature","properties":{"ROL":"I-138","NOMBRE_CAMINO":"Cruce I-120 - Cruce I-150","CLASIFICACION":"Camino Regional Comunal","CALZADA":"U"},"geometry":{"type":"LineString","coordinates":[[-71.56075,-34.11628],[-71.5589,-34.12068],[-71.56124,-34.12575],[-71.56252,-34.133],[-71.57122,-34.1456],[-71.57462,-34.14951],[-71.57678,-34.15006],[-71.58268,-34.16037],[-71.58606,-34.16314],[-71.5861,-34.16499],[-71.58865,-34.16756],[-71.59162,-34.17588],[-71.59076,-34.17781],[-71.59285,-34.18096]]}},{"id":"13186","type":"Feature","properties":{"ROL":"I-140","NOMBRE_CAMINO":"Cruce I-150 (Copihue) - Cruce I-138 (Los Apestados)","CLASIFICACION":"Camino Regional Comunal","CALZADA":"U"},"geometry":{"type":"LineString","coordinates":[[-71.57149,-34.20215],[-71.57236,-34.19638],[-71.59312,-34.18201]]}},{"id":"13187","type":"Feature","properties":{"ROL":"I-146","NOMBRE_CAMINO":"Cruce I-80-G (Peumo) - Cruce I-128","CLASIFICACION":"Camino Regional Comunal","CALZADA":"U"},"geometry":{"type":"LineString","coordinates":[[-71.7329,-34.15019],[-71.74495,-34.15195],[-71.76642,-34.14362]]}},{"id":"13188","type":"Feature","properties":{"ROL":"I-150","NOMBRE_CAMINO":"Cruce I-20 (La Estrella) - Límite Provincial","CLASIFICACION":"Camino Regional Comunal","CALZADA":"U"},"geometry":{"type":"LineString","coordinates":[[-71.65524,-34.20631],[-71.65156,-34.20212],[-71.64439,-34.2014],[-71.64125,-34.2022],[-71.63959,-34.2078],[-71.63657,-34.20933],[-71.63287,-34.20861],[-71.63276,-34.20653],[-71.62935,-34.2053],[-71.62174,-34.20438]]}},{"id":"13189","type":"Feature","properties":{"ROL":"I-150","NOMBRE_CAMINO":"Cruce I-20 (La Estrella) - Límite Provincial","CLASIFICACION":"Camino Regional Comunal","CALZADA":"U"},"geometry":{"type":"LineString","coordinates":[[-71.55601,-34.20889],[-71.54336,-34.20999]]}},{"id":"13190","type":"Feature","properties":{"ROL":"I-152","NOMBRE_CAMINO":"Cruce I-170 (Pailimo) - La Vega","CLASIFICACION":"Camino Regional de Acceso","CALZADA":"U"},"geometry":{"type":"LineString","coordinates":[[-71.78818,-34.29149],[-71.77944,-34.29278],[-71.77447,-34.28758],[-71.77365,-34.28375],[-71.77536,-34.27627],[-71.77924,-34.27157]]}},{"id":"13191","type":"Feature","properties":{"ROL":"I-158","NOMBRE_CAMINO":"Cruce I-20 (San Miguel de los Llanos) - Cruce I-150 (Coipue)","CLASIFICACION":"Camino Regional Comunal","CALZADA":"U"},"geometry":{"type":"LineString","coordinates":[[-71.61782,-34.26807],[-71.60238,-34.2666],[-71.5922,-34.26271],[-71.58705,-34.26369],[-71.58128,-34.26261],[-71.5774,-34.25981],[-71.57162,-34.24182],[-71.57206,-34.2387],[-71.56605,-34.22816],[-71.56586,-34.22154],[-71.56691,-34.22001],[-71.56065,-34.20844]]}},{"id":"13192","type":"Feature","properties":{"ROL":"I-165","NOMBRE_CAMINO":"Cruce I-151 - Callejón Los Milos","CLASIFICACION":"Camino Regional de Acceso","CALZADA":"U"},"geometry":{"type":"LineString","coordinates":[[-70.91447,-34.56388],[-70.90306,-34.5662]]}},{"id":"13193","type":"Feature","properties":{"ROL":"I-170","NOMBRE_CAMINO":"Cruce Ruta 90 (Las Garzas) - Pailimo","CLASIFICACION":"Camino Regional de Acceso","CALZADA":"U"},"geometry":{"type":"LineString","coordinates":[[-71.81505,-34.25846],[-71.81699,-34.25483],[-71.82174,-34.25186],[-71.8226,-34.24999],[-71.8244,-34.2498],[-71.82675,-34.24653],[-71.83845,-34.24111]]}},{"id":"13194","type":"Feature","properties":{"ROL":"I-172","NOMBRE_CAMINO":"Cruce I-170 (Pailimo) - La Aguada","CLASIFICACION":"Camino Regional de Acceso","CALZADA":"U"},"geometry":{"type":"LineString","coordinates":[[-71.78378,-34.29529],[-71.77956,-34.29722],[-71.77734,-34.29665],[-71.77721,-34.29519]]}},{"id":"13195","type":"Feature","properties":{"ROL":"I-180","NOMBRE_CAMINO":"Cruce Ruta 90 (Los Arrayanes) - Panilonco","CLASIFICACION":"Camino Regional de Acceso","CALZADA":"U"},"geometry":{"type":"LineString","coordinates":[[-71.84998,-34.30769],[-71.85849,-34.30264],[-71.86703,-34.30217],[-71.87673,-34.29845],[-71.8814,-34.30143],[-71.88333,-34.30099],[-71.88324,-34.29398],[-71.88597,-34.28586],[-71.88754,-34.28505],[-71.88524,-34.28091]]}},{"id":"13196","type":"Feature","properties":{"ROL":"I-188","NOMBRE_CAMINO":"Cruce I-112 (Hidango) - Cruce I-190 (La Estafeta)","CLASIFICACION":"Camino Regional Comunal","CALZADA":"U"},"geometry":{"type":"LineString","coordinates":[[-71.79197,-34.11165],[-71.79785,-34.11321]]}},{"id":"13197","type":"Feature","properties":{"ROL":"I-190","NOMBRE_CAMINO":"Cruce I-112 (Crucero) - Topocalma","CLASIFICACION":"Camino Regional Comunal","CALZADA":"U"},"geometry":{"type":"LineString","coordinates":[[-71.88845,-34.11371],[-71.89035,-34.11774],[-71.89547,-34.12076],[-71.89907,-34.12486]]}},{"id":"13198","type":"Feature","properties":{"ROL":"I-196","NOMBRE_CAMINO":"Cruce I-112 (Pupuya) - Cruce I-198","CLASIFICACION":"Camino Regional Comunal","CALZADA":"U"},"geometry":{"type":"LineString","coordinates":[[-71.83116,-34.0246],[-71.83092,-34.01872],[-71.83349,-34.01653],[-71.83506,-34.01025],[-71.83816,-34.00801],[-71.83834,-34.00587],[-71.83731,-34.00539]]}},{"id":"13199","type":"Feature","properties":{"ROL":"I-198","NOMBRE_CAMINO":"Cruce I-226 (Navidad) - Cruce I-212 (Matanzas)","CLASIFICACION":"Camino Regional Comunal","CALZADA":"U"},"geometry":{"type":"LineString","coordinates":[[-71.82952,-33.95523],[-71.83175,-33.95657],[-71.83186,-33.95798],[-71.8392,-33.96204],[-71.84807,-33.96406],[-71.85879,-33.96981],[-71.86008,-33.96768],[-71.8635,-33.96833],[-71.86698,-33.96518],[-71.87426,-33.96263]]}},{"id":"13200","type":"Feature","properties":{"ROL":"I-202","NOMBRE_CAMINO":"Cruce Ruta 90 (Rinconada de Alcones) - Mallermo","CLASIFICACION":"Camino Regional de Acceso","CALZADA":"U"},"geometry":{"type":"LineString","coordinates":[[-71.73518,-34.35382],[-71.72072,-34.35212],[-71.71944,-34.34939],[-71.71625,-34.34914],[-71.7053,-34.33764],[-71.70033,-34.33664]]}},{"id":"13201","type":"Feature","properties":{"ROL":"I-204","NOMBRE_CAMINO":"Cruce I-20 (El Chequén) - Fundo","CLASIFICACION":"Camino Regional de Acceso","CALZADA":"U"},"geometry":{"type":"LineString","coordinates":[[-71.61366,-34.34999],[-71.61858,-34.35715],[-71.63721,-34.35163],[-71.64937,-34.34431]]}},{"id":"13202","type":"Feature","properties":{"ROL":"I-212","NOMBRE_CAMINO":"Cruce I-198 (Matanzas) - Cruce I-198 (Lagunillas)","CLASIFICACION":"Camino Regional Comunal","CALZADA":"U"},"geometry":{"type":"LineString","coordinates":[[-71.84478,-33.96313],[-71.84416,-33.95773],[-71.84561,-33.956],[-71.85496,-33.95643],[-71.85672,-33.95403],[-71.86356,-33.95314],[-71.86667,-33.95095],[-71.87426,-33.96263]]}},{"id":"13203","type":"Feature","properties":{"ROL":"I-214","NOMBRE_CAMINO":"Cruce Ruta 90 (Población) - Cruce H-76-I (Los Maitenes)","CLASIFICACION":"Camino Regional Provincial","CALZADA":"U"},"geometry":{"type":"LineString","coordinates":[[-71.54624,-34.45141],[-71.54322,-34.44457],[-71.53957,-34.44545],[-71.53114,-34.43281],[-71.52922,-34.4278],[-71.5276,-34.42762],[-71.52696,-34.42432],[-71.53188,-34.41983],[-71.53269,-34.41662],[-71.52723,-34.40412],[-71.53731,-34.40035]]}},{"id":"13204","type":"Feature","properties":{"ROL":"I-220","NOMBRE_CAMINO":"Cruce I-216 (El Potrero) - Cruce I-218 (Las Viñas)","CLASIFICACION":"Camino Regional Comunal","CALZADA":"U"},"geometry":{"type":"LineString","coordinates":[[-71.91005,-34.55023],[-71.90777,-34.54876],[-71.90525,-34.55133],[-71.90344,-34.55829]]}},{"id":"13205","type":"Feature","properties":{"ROL":"I-224","NOMBRE_CAMINO":"Cruce I-226 (Licancheu) - Pataguilla","CLASIFICACION":"Camino Regional de Acceso","CALZADA":"U"},"geometry":{"type":"LineString","coordinates":[[-71.79412,-33.9419],[-71.79071,-33.94673],[-71.78911,-33.95169],[-71.78948,-33.95381],[-71.79337,-33.95656]]}},{"id":"13206","type":"Feature","properties":{"ROL":"I-230","NOMBRE_CAMINO":"Cruce I-226 (Licancheu) - Río Rapel","CLASIFICACION":"Camino Regional de Acceso","CALZADA":"U"},"geometry":{"type":"LineString","coordinates":[[-71.79335,-33.93846],[-71.79233,-33.93517],[-71.79448,-33.92802],[-71.80357,-33.91901],[-71.80373,-33.91523]]}},{"id":"13207","type":"Feature","properties":{"ROL":"I-234","NOMBRE_CAMINO":"Cruce Ruta 5 (Caletera) - Cañadilla","CLASIFICACION":"Camino Regional de Acceso","CALZADA":"U"},"geometry":{"type":"LineString","coordinates":[[-70.96705,-34.56065],[-70.98721,-34.55386],[-70.98805,-34.54984]]}},{"id":"13208","type":"Feature","properties":{"ROL":"I-234","NOMBRE_CAMINO":"Cruce Ruta 5 (Caletera) - Cañadilla","CLASIFICACION":"Camino Regional de Acceso","CALZADA":"U"},"geometry":{"type":"LineString","coordinates":[[-70.98805,-34.54984],[-70.98873,-34.5495]]}},{"id":"13209","type":"Feature","properties":{"ROL":"I-245","NOMBRE_CAMINO":"Cruce I-151 - Las Parcelas","CLASIFICACION":"Camino Regional Comunal","CALZADA":"U"},"geometry":{"type":"LineString","coordinates":[[-70.92077,-34.59065],[-70.93462,-34.59026],[-70.93183,-34.57442]]}},{"id":"13210","type":"Feature","properties":{"ROL":"I-255","NOMBRE_CAMINO":"Cruce I-45 - Estero Antivero - Cruce I-151","CLASIFICACION":"Camino Regional Comunal","CALZADA":"U"},"geometry":{"type":"LineString","coordinates":[[-70.92118,-34.63101],[-70.92496,-34.6259]]}},{"id":"13211","type":"Feature","properties":{"ROL":"I-255","NOMBRE_CAMINO":"Cruce I-45 - Estero Antivero - Cruce I-151","CLASIFICACION":"Camino Regional Comunal","CALZADA":"U"},"geometry":{"type":"LineString","coordinates":[[-70.92496,-34.6259],[-70.92575,-34.62436],[-70.92367,-34.6169],[-70.92529,-34.61575],[-70.92549,-34.61269]]}},{"id":"13212","type":"Feature","properties":{"ROL":"I-309","NOMBRE_CAMINO":"Cruce I-45 (Las Arboledas de Talcarehue) - Los Alpes","CLASIFICACION":"Camino Regional Comunal","CALZADA":"U"},"geometry":{"type":"LineString","coordinates":[[-70.88054,-34.65198],[-70.87762,-34.65301],[-70.87137,-34.64669],[-70.8611,-34.64996],[-70.85981,-34.64871],[-70.8548,-34.6493],[-70.84497,-34.65424],[-70.84228,-34.65153],[-70.84113,-34.65182]]}},{"id":"13213","type":"Feature","properties":{"ROL":"I-312","NOMBRE_CAMINO":"Cruce I-310 (Fundo Calleuque) - Los Parrones - Cruce I-214 (Trinidad)","CLASIFICACION":"Camino Regional Comunal","CALZADA":"U"},"geometry":{"type":"LineString","coordinates":[[-71.46935,-34.4716],[-71.47888,-34.45372],[-71.4818,-34.45172],[-71.47624,-34.43197],[-71.4793,-34.43217],[-71.48286,-34.42983],[-71.48626,-34.42535],[-71.49432,-34.42546]]}},{"id":"13214","type":"Feature","properties":{"ROL":"I-320-H","NOMBRE_CAMINO":"Cruce H-82-I (Santa Ana) - El Salto - Cruce H-882","CLASIFICACION":"Camino Regional Comunal","CALZADA":"U"},"geometry":{"type":"LineString","coordinates":[[-71.36159,-34.47081],[-71.34719,-34.47361],[-71.34149,-34.4773],[-71.33358,-34.47875]]}},{"id":"13215","type":"Feature","properties":{"ROL":"I-320-H","NOMBRE_CAMINO":"Cruce H-82-I (Santa Ana) - El Salto - Cruce H-882","CLASIFICACION":"Camino Regional Comunal","CALZADA":"U"},"geometry":{"type":"LineString","coordinates":[[-71.32775,-34.46379],[-71.32308,-34.46669],[-71.31239,-34.43853]]}},{"id":"13216","type":"Feature","properties":{"ROL":"I-320-H","NOMBRE_CAMINO":"Cruce H-82-I (Santa Ana) - El Salto - Cruce H-882","CLASIFICACION":"Camino Regional Comunal","CALZADA":"U"},"geometry":{"type":"LineString","coordinates":[[-71.31065,-34.43332],[-71.3064,-34.42064]]}},{"id":"13217","type":"Feature","properties":{"ROL":"I-320-H","NOMBRE_CAMINO":"Cruce H-82-I (Santa Ana) - El Salto - Cruce H-882","CLASIFICACION":"Camino Regional Comunal","CALZADA":"U"},"geometry":{"type":"LineString","coordinates":[[-71.30297,-34.41039],[-71.30217,-34.40809]]}},{"id":"13218","type":"Feature","properties":{"ROL":"I-322","NOMBRE_CAMINO":"Cruce I-320-H (Santa Sara) - Hacienda Santa Irene","CLASIFICACION":"Camino Regional de Acceso","CALZADA":"U"},"geometry":{"type":"LineString","coordinates":[[-71.32319,-34.46675],[-71.3194,-34.46918],[-71.31751,-34.47403],[-71.29061,-34.48147]]}},{"id":"13219","type":"Feature","properties":{"ROL":"I-326","NOMBRE_CAMINO":"Cruce H-82-I - Talhuén","CLASIFICACION":"Camino Regional Comunal","CALZADA":"U"},"geometry":{"type":"LineString","coordinates":[[-71.36171,-34.49486],[-71.35961,-34.49499],[-71.35912,-34.49384],[-71.33183,-34.49636],[-71.33141,-34.49496],[-71.32458,-34.49768]]}},{"id":"13220","type":"Feature","properties":{"ROL":"I-330","NOMBRE_CAMINO":"Cruce H-82-I (Pupilla) - San Miguel de Calleuque - Cruce I-310","CLASIFICACION":"Camino Regional Comunal","CALZADA":"U"},"geometry":{"type":"LineString","coordinates":[[-71.38845,-34.53187],[-71.39048,-34.52946],[-71.39385,-34.51826],[-71.39745,-34.48349],[-71.40123,-34.46504],[-71.3984,-34.46418],[-71.4042,-34.4428],[-71.40685,-34.44293],[-71.41121,-34.4357],[-71.41596,-34.42293],[-71.42679,-34.40103],[-71.43769,-34.40252],[-71.43728,-34.40504],[-71.44179,-34.41139],[-71.44784,-34.42403],[-71.45421,-34.44422],[-71.46935,-34.4716]]}},{"id":"13221","type":"Feature","properties":{"ROL":"I-334","NOMBRE_CAMINO":"Cruce Ruta 90 - El Corte","CLASIFICACION":"Camino Regional de Acceso","CALZADA":"U"},"geometry":{"type":"LineString","coordinates":[[-71.41353,-34.5337],[-71.40586,-34.53336]]}},{"id":"13222","type":"Feature","properties":{"ROL":"I-340","NOMBRE_CAMINO":"Cruce Ruta 90 (Palmilla) - Cruce H-82-I","CLASIFICACION":"Camino Regional Provincial","CALZADA":"U"},"geometry":{"type":"LineString","coordinates":[[-71.36412,-34.59352],[-71.36426,-34.58822],[-71.36812,-34.57751],[-71.36578,-34.57641],[-71.36566,-34.57483],[-71.36938,-34.56925],[-71.37391,-34.56778],[-71.37545,-34.56333],[-71.37734,-34.56334],[-71.37801,-34.54622],[-71.38033,-34.54281]]}},{"id":"13223","type":"Feature","properties":{"ROL":"I-370","NOMBRE_CAMINO":"Cruce I-372 - Fundo Santa Elena","CLASIFICACION":"Camino Regional de Acceso","CALZADA":"U"},"geometry":{"type":"LineString","coordinates":[[-71.18092,-34.62512],[-71.1814,-34.62841]]}},{"id":"13224","type":"Feature","properties":{"ROL":"I-372","NOMBRE_CAMINO":"Cruce I-40 (Yáquil) - Santa Elena","CLASIFICACION":"Camino Regional de Acceso","CALZADA":"U"},"geometry":{"type":"LineString","coordinates":[[-71.16547,-34.62188],[-71.16705,-34.62214],[-71.1691,-34.6202],[-71.17198,-34.62207],[-71.17456,-34.62142],[-71.18077,-34.62512],[-71.18328,-34.6227],[-71.18759,-34.62608]]}},{"id":"13225","type":"Feature","properties":{"ROL":"I-376","NOMBRE_CAMINO":"Cruce I-52 - Arica - Cruce I-380 (Camarón)","CLASIFICACION":"Camino Regional Comunal","CALZADA":"U"},"geometry":{"type":"LineString","coordinates":[[-71.144,-34.64225],[-71.14569,-34.63408],[-71.12482,-34.62459]]}},{"id":"13226","type":"Feature","properties":{"ROL":"I-38","NOMBRE_CAMINO":"Cruce Ruta 90 (Manantiales) - Cruce Ruta 90 (Santa Elena)","CLASIFICACION":"Camino Regional Principal","CALZADA":"U"},"geometry":{"type":"LineString","coordinates":[[-71.078,-34.61651],[-71.09184,-34.61742],[-71.10056,-34.62563],[-71.10436,-34.63119]]}},{"id":"13227","type":"Feature","properties":{"ROL":"I-380","NOMBRE_CAMINO":"Cruce Ruta 90 (Placilla) - El Camarón","CLASIFICACION":"Camino Regional Comunal","CALZADA":"U"},"geometry":{"type":"LineString","coordinates":[[-71.11987,-34.63606],[-71.12066,-34.63235],[-71.12361,-34.63214],[-71.12444,-34.62518],[-71.12789,-34.61944]]}},{"id":"13228","type":"Feature","properties":{"ROL":"I-384","NOMBRE_CAMINO":"Cruce I-38 (Taulemu) - Villa Alegre de Placilla","CLASIFICACION":"Camino Regional Comunal","CALZADA":"U"},"geometry":{"type":"LineString","coordinates":[[-71.08094,-34.61725],[-71.08109,-34.61328],[-71.0784,-34.61055],[-71.07839,-34.6057],[-71.08021,-34.60089]]}},{"id":"13229","type":"Feature","properties":{"ROL":"I-388","NOMBRE_CAMINO":"Cruce I-38 (Manantiales) - Santa Regina","CLASIFICACION":"Camino Regional de Acceso","CALZADA":"U"},"geometry":{"type":"LineString","coordinates":[[-71.05319,-34.60981],[-71.05656,-34.60535],[-71.05686,-34.60242],[-71.06001,-34.60256]]}},{"id":"13230","type":"Feature","properties":{"ROL":"I-40","NOMBRE_CAMINO":"Cruce Ruta 90 (La Gloria) - Cruce I-394 (San Fernando)","CLASIFICACION":"Camino Regional Principal","CALZADA":"U"},"geometry":{"type":"LineString","coordinates":[[-71.16207,-34.62093],[-71.15696,-34.62063],[-71.15238,-34.62306],[-71.15011,-34.61882],[-71.1455,-34.61865],[-71.14255,-34.61442],[-71.13322,-34.61231],[-71.11584,-34.60467],[-71.10916,-34.60311],[-71.10908,-34.60041],[-71.10628,-34.59809],[-71.09767,-34.59572],[-71.08555,-34.59358],[-71.08253,-34.5936],[-71.08133,-34.59522],[-71.06862,-34.58931],[-71.06512,-34.58975],[-71.06328,-34.58797],[-71.05625,-34.58622],[-71.05119,-34.58709],[-71.04656,-34.59136],[-71.04228,-34.58613],[-71.03928,-34.58587],[-71.03279,-34.57705],[-71.03022,-34.57579],[-71.0054,-34.58823],[-71.00117,-34.58865]]}},{"id":"13231","type":"Feature","properties":{"ROL":"I-421","NOMBRE_CAMINO":"Cruce Ruta 5 (Caletera La Orilla) - Cruce I-451 (Tinguiririca)","CLASIFICACION":"Camino Regional Comunal","CALZADA":"U"},"geometry":{"type":"LineString","coordinates":[[-70.98845,-34.61961],[-70.98111,-34.62319],[-70.98415,-34.62834]]}},{"id":"13232","type":"Feature","properties":{"ROL":"I-421","NOMBRE_CAMINO":"Cruce Ruta 5 (Caletera La Orilla) - Cruce I-451 (Tinguiririca)","CLASIFICACION":"Camino Regional Comunal","CALZADA":"U"},"geometry":{"type":"LineString","coordinates":[[-70.96694,-34.63618],[-70.9716,-34.65366]]}},{"id":"13233","type":"Feature","properties":{"ROL":"I-425","NOMBRE_CAMINO":"Cruce Ruta 5 (Caletera Tinguiririca) - Cruce I-421 (La Orilla)","CLASIFICACION":"Camino Regional Comunal","CALZADA":"U"},"geometry":{"type":"LineString","coordinates":[[-70.99057,-34.63976],[-70.98417,-34.62838]]}},{"id":"13234","type":"Feature","properties":{"ROL":"I-431","NOMBRE_CAMINO":"Cruce I-451 (Tinguiririca) - Montenegro","CLASIFICACION":"Camino Regional de Acceso","CALZADA":"U"},"geometry":{"type":"LineString","coordinates":[[-70.97721,-34.652],[-70.97458,-34.64322]]}},{"id":"13235","type":"Feature","properties":{"ROL":"I-431","NOMBRE_CAMINO":"Cruce I-451 (Tinguiririca) - Montenegro","CLASIFICACION":"Camino Regional de Acceso","CALZADA":"U"},"geometry":{"type":"LineString","coordinates":[[-70.97458,-34.64322],[-70.97382,-34.64066]]}},{"id":"13236","type":"Feature","properties":{"ROL":"I-445","NOMBRE_CAMINO":"Cruce I-451 (Tinguiririca) - Las Diucas","CLASIFICACION":"Camino Regional de Acceso","CALZADA":"U"},"geometry":{"type":"LineString","coordinates":[[-70.95357,-34.65883],[-70.94878,-34.64437],[-70.95069,-34.64231]]}},{"id":"13237","type":"Feature","properties":{"ROL":"I-449","NOMBRE_CAMINO":"Cruce I-451 (Tinguiririca) - La Macarena","CLASIFICACION":"Camino Regional de Acceso","CALZADA":"U"},"geometry":{"type":"LineString","coordinates":[[-70.95043,-34.65944],[-70.94876,-34.66016],[-70.95351,-34.67438],[-70.94682,-34.67623]]}},{"id":"13238","type":"Feature","properties":{"ROL":"I-450","NOMBRE_CAMINO":"Cruce Ruta 90 (Pichilemu) - Cruce Ruta I-520 (Barrancas)","CLASIFICACION":"Camino Regional de Acceso","CALZADA":"U"},"geometry":{"type":"LineString","coordinates":[[-71.96363,-34.46109],[-71.96587,-34.46531],[-71.97454,-34.47259],[-71.97627,-34.48473]]}},{"id":"13239","type":"Feature","properties":{"ROL":"I-455","NOMBRE_CAMINO":"Cruce I-449 (La Macarena) - Quicharco","CLASIFICACION":"Camino Regional de Acceso","CALZADA":"U"},"geometry":{"type":"LineString","coordinates":[[-70.95207,-34.66971],[-70.90236,-34.68384]]}},{"id":"13240","type":"Feature","properties":{"ROL":"I-466","NOMBRE_CAMINO":"Cruce I-520 (Comillas) - Cruce I-490 (Ciruelos)","CLASIFICACION":"Camino Regional Comunal","CALZADA":"U"},"geometry":{"type":"LineString","coordinates":[[-71.99449,-34.44663],[-71.99111,-34.44661],[-71.98756,-34.44989],[-71.9831,-34.44919]]}},{"id":"13241","type":"Feature","properties":{"ROL":"I-475","NOMBRE_CAMINO":"Cruce I-45 (Las Peñas) - Sierra Bellavista","CLASIFICACION":"Camino Regional Comunal","CALZADA":"U"},"geometry":{"type":"LineString","coordinates":[[-70.78464,-34.74349],[-70.78191,-34.74383],[-70.78075,-34.74612],[-70.77724,-34.74578],[-70.77285,-34.7434],[-70.76977,-34.74453]]}},{"id":"13242","type":"Feature","properties":{"ROL":"I-490","NOMBRE_CAMINO":"Cruce I-520 (La Pampa) - Cruce I-450","CLASIFICACION":"Camino Regional Comunal","CALZADA":"U"},"geometry":{"type":"LineString","coordinates":[[-71.98894,-34.46336],[-71.97742,-34.45992],[-71.97448,-34.46056],[-71.97196,-34.45772],[-71.97184,-34.46281],[-71.9686,-34.46728]]}},{"id":"13243","type":"Feature","properties":{"ROL":"I-494","NOMBRE_CAMINO":"Cruce I-410 (Alto Ramírez) - Cruce I-520 (El Quillay)","CLASIFICACION":"Camino Regional Comunal","CALZADA":"U"},"geometry":{"type":"LineString","coordinates":[[-71.93319,-34.49324],[-71.93636,-34.4961],[-71.93577,-34.49737]]}},{"id":"13244","type":"Feature","properties":{"ROL":"I-494","NOMBRE_CAMINO":"Cruce I-410 (Alto Ramírez) - Cruce I-520 (El Quillay)","CLASIFICACION":"Camino Regional Comunal","CALZADA":"U"},"geometry":{"type":"LineString","coordinates":[[-71.93668,-34.50886],[-71.93373,-34.51213],[-71.93446,-34.51561],[-71.93351,-34.51676]]}},{"id":"13245","type":"Feature","properties":{"ROL":"I-510","NOMBRE_CAMINO":"Cruce I-502 (Cabecera) - Cruce I-520","CLASIFICACION":"Camino Regional Comunal","CALZADA":"U"},"geometry":{"type":"LineString","coordinates":[[-71.99834,-34.62817],[-71.99577,-34.62826],[-71.99463,-34.62452],[-71.98456,-34.62141],[-71.9856,-34.6168],[-71.9871,-34.61595],[-71.98648,-34.61237],[-71.98954,-34.60996]]}},{"id":"13246","type":"Feature","properties":{"ROL":"I-510","NOMBRE_CAMINO":"Cruce I-502 (Cabecera) - Cruce I-520","CLASIFICACION":"Camino Regional Comunal","CALZADA":"U"},"geometry":{"type":"LineString","coordinates":[[-71.99212,-34.58884],[-71.99098,-34.5847],[-71.98768,-34.58257]]}},{"id":"13247","type":"Feature","properties":{"ROL":"I-510","NOMBRE_CAMINO":"Cruce I-502 (Cabecera) - Cruce I-520","CLASIFICACION":"Camino Regional Comunal","CALZADA":"U"},"geometry":{"type":"LineString","coordinates":[[-71.97547,-34.56782],[-71.97457,-34.56645]]}},{"id":"13248","type":"Feature","properties":{"ROL":"I-511","NOMBRE_CAMINO":"Cruce Ruta 5 (Paso Superior) - San Juan de la Sierra","CLASIFICACION":"Camino Regional Comunal","CALZADA":"U"},"geometry":{"type":"LineString","coordinates":[[-71.00507,-34.6774],[-70.91578,-34.70258]]}},{"id":"13249","type":"Feature","properties":{"ROL":"I-516","NOMBRE_CAMINO":"Cruce I-72 (San Pancho) - Cruce I-510","CLASIFICACION":"Camino Regional Comunal","CALZADA":"U"},"geometry":{"type":"LineString","coordinates":[[-71.98088,-34.61947],[-71.98456,-34.62141]]}},{"id":"13250","type":"Feature","properties":{"ROL":"I-52","NOMBRE_CAMINO":"Cruce Ruta 90 (Arica) - Nancagua - Cruce Ruta 90 (Cunaco)","CLASIFICACION":"Camino Regional Principal","CALZADA":"U"},"geometry":{"type":"LineString","coordinates":[[-71.21631,-34.64925],[-71.22834,-34.65148],[-71.23341,-34.65122],[-71.23713,-34.65294],[-71.24525,-34.65237]]}},{"id":"13251","type":"Feature","properties":{"ROL":"I-52","NOMBRE_CAMINO":"Cruce Ruta 90 (Arica) - Nancagua - Cruce Ruta 90 (Cunaco)","CLASIFICACION":"Camino Regional Principal","CALZADA":"U"},"geometry":{"type":"LineString","coordinates":[[-71.15597,-34.64289],[-71.16274,-34.64658],[-71.17363,-34.64701],[-71.17388,-34.64845],[-71.17666,-34.64855]]}},{"id":"13252","type":"Feature","properties":{"ROL":"I-520","NOMBRE_CAMINO":"Cruce Ruta 90 (Pichilemu) - Cruce I-620 (Paredones)","CLASIFICACION":"Camino Regional Provincial","CALZADA":"U"},"geometry":{"type":"LineString","coordinates":[[-71.99759,-34.38674],[-71.99577,-34.39078],[-71.99576,-34.40891],[-72.00017,-34.41687],[-72.00354,-34.42759],[-72.00107,-34.43792],[-71.99433,-34.44675],[-71.98872,-34.46378],[-71.9973,-34.47127]]}},{"id":"13253","type":"Feature","properties":{"ROL":"I-520","NOMBRE_CAMINO":"Cruce Ruta 90 (Pichilemu) - Cruce I-620 (Paredones)","CLASIFICACION":"Camino Regional Provincial","CALZADA":"U"},"geometry":{"type":"LineString","coordinates":[[-71.97727,-34.56426],[-71.97597,-34.56619],[-71.97217,-34.56562],[-71.96809,-34.56808],[-71.95224,-34.56724],[-71.95006,-34.56999],[-71.94725,-34.56955],[-71.94277,-34.5724],[-71.93838,-34.57819],[-71.92693,-34.58394]]}},{"id":"13254","type":"Feature","properties":{"ROL":"I-520","NOMBRE_CAMINO":"Cruce Ruta 90 (Pichilemu) - Cruce I-620 (Paredones)","CLASIFICACION":"Camino Regional Provincial","CALZADA":"U"},"geometry":{"type":"LineString","coordinates":[[-71.97764,-34.50919],[-71.9755,-34.51284],[-71.97775,-34.51482],[-71.97534,-34.51851]]}},{"id":"13255","type":"Feature","properties":{"ROL":"I-520","NOMBRE_CAMINO":"Cruce Ruta 90 (Pichilemu) - Cruce I-620 (Paredones)","CLASIFICACION":"Camino Regional Provincial","CALZADA":"U"},"geometry":{"type":"LineString","coordinates":[[-72.00878,-34.48761],[-72.00583,-34.48792],[-71.9992,-34.49242],[-71.99595,-34.50116],[-71.99255,-34.50415],[-71.98727,-34.49957],[-71.98543,-34.50224],[-71.98187,-34.50288]]}},{"id":"13256","type":"Feature","properties":{"ROL":"I-520","NOMBRE_CAMINO":"Cruce Ruta 90 (Pichilemu) - Cruce I-620 (Paredones)","CLASIFICACION":"Camino Regional Provincial","CALZADA":"U"},"geometry":{"type":"LineString","coordinates":[[-72.01001,-34.48321],[-72.01042,-34.48241]]}},{"id":"13257","type":"Feature","properties":{"ROL":"I-525","NOMBRE_CAMINO":"Cruce Ruta 5 (Santa Isabel) - Santa Valentina ","CLASIFICACION":"Camino Regional Comunal","CALZADA":"U"},"geometry":{"type":"LineString","coordinates":[[-71.01237,-34.68722],[-70.92449,-34.71358]]}},{"id":"13258","type":"Feature","properties":{"ROL":"I-527","NOMBRE_CAMINO":"Cruce I-525 (Santa Valentina) - Cruce I-511","CLASIFICACION":"Camino Regional Comunal","CALZADA":"U"},"geometry":{"type":"LineString","coordinates":[[-70.95466,-34.70467],[-70.94865,-34.69397]]}},{"id":"13259","type":"Feature","properties":{"ROL":"I-528","NOMBRE_CAMINO":"Cruce I-530 (El Cardal) - Lo Valdivia","CLASIFICACION":"Camino Regional Comunal","CALZADA":"U"},"geometry":{"type":"LineString","coordinates":[[-71.98456,-34.70836],[-71.98863,-34.70841],[-71.99375,-34.7033],[-71.99382,-34.7012]]}},{"id":"13260","type":"Feature","properties":{"ROL":"I-528","NOMBRE_CAMINO":"Cruce I-530 (El Cardal) - Lo Valdivia","CLASIFICACION":"Camino Regional Comunal","CALZADA":"U"},"geometry":{"type":"LineString","coordinates":[[-72.00363,-34.69211],[-72.00625,-34.69376],[-72.00675,-34.69893],[-72.00873,-34.70107],[-72.01289,-34.6953]]}},{"id":"13261","type":"Feature","properties":{"ROL":"I-540","NOMBRE_CAMINO":"Cruce I-72 (Paredones) - Cruce I-530 (Panilonco)","CLASIFICACION":"Camino Regional Comunal","CALZADA":"U"},"geometry":{"type":"LineString","coordinates":[[-71.90211,-34.65353],[-71.90805,-34.65573],[-71.91423,-34.66158],[-71.91774,-34.66258],[-71.92044,-34.67247]]}},{"id":"13262","type":"Feature","properties":{"ROL":"I-546","NOMBRE_CAMINO":"Cruce I-550 (La Población) - Cruce I-550 (San Pedro de Alcántara)","CLASIFICACION":"Camino Regional Comunal","CALZADA":"U"},"geometry":{"type":"LineString","coordinates":[[-71.88485,-34.70043],[-71.88044,-34.70208],[-71.87877,-34.7036],[-71.87896,-34.70615],[-71.86845,-34.71247],[-71.86804,-34.71586]]}},{"id":"13263","type":"Feature","properties":{"ROL":"I-550","NOMBRE_CAMINO":"Cruce I-72 (Paredones) - Cruce I-566-J (San Pedro de Alcantara)","CLASIFICACION":"Camino Regional Comunal","CALZADA":"U"},"geometry":{"type":"LineString","coordinates":[[-71.88985,-34.65601],[-71.88972,-34.65785],[-71.89225,-34.6606],[-71.89373,-34.66549],[-71.8948,-34.67579],[-71.89072,-34.68512],[-71.88896,-34.6863],[-71.88836,-34.69223],[-71.88497,-34.6973],[-71.88616,-34.71884]]}},{"id":"13264","type":"Feature","properties":{"ROL":"I-550","NOMBRE_CAMINO":"Cruce I-72 (Paredones) - Cruce I-566-J (San Pedro de Alcantara)","CLASIFICACION":"Camino Regional Comunal","CALZADA":"U"},"geometry":{"type":"LineString","coordinates":[[-71.83322,-34.76105],[-71.83151,-34.76235],[-71.83522,-34.76552],[-71.83533,-34.76757],[-71.83729,-34.76838]]}},{"id":"13265","type":"Feature","properties":{"ROL":"I-554","NOMBRE_CAMINO":"Cruce I-558 (Las Papas) - Cruce I-562 (El Perdigadero)","CLASIFICACION":"Camino Regional Comunal","CALZADA":"U"},"geometry":{"type":"LineString","coordinates":[[-71.85879,-34.78895],[-71.86164,-34.79085],[-71.86967,-34.79167],[-71.87189,-34.79508],[-71.87178,-34.797],[-71.86819,-34.80116],[-71.86846,-34.80315],[-71.86627,-34.80429]]}},{"id":"13266","type":"Feature","properties":{"ROL":"I-558","NOMBRE_CAMINO":"Cruce I-566-J (Catemu) - Cruce I-562 (Carrizalillo)","CLASIFICACION":"Camino Regional Comunal","CALZADA":"U"},"geometry":{"type":"LineString","coordinates":[[-71.86696,-34.78468],[-71.86531,-34.78692],[-71.85911,-34.78873],[-71.85406,-34.79336]]}},{"id":"13267","type":"Feature","properties":{"ROL":"I-560","NOMBRE_CAMINO":"Cruce I-566-J (Piedra del Sol) - Cruce I-576 (Las Papas)","CLASIFICACION":"Camino Regional Comunal","CALZADA":"U"},"geometry":{"type":"LineString","coordinates":[[-71.85478,-34.78101],[-71.85388,-34.78576],[-71.85073,-34.79148]]}},{"id":"13268","type":"Feature","properties":{"ROL":"I-562","NOMBRE_CAMINO":"Cruce I-560 (Piedra del Sol) - Cruce I-576 (Las Papas)","CLASIFICACION":"Camino Regional Comunal","CALZADA":"U"},"geometry":{"type":"LineString","coordinates":[[-71.85079,-34.79144],[-71.85532,-34.79432],[-71.85451,-34.79577],[-71.86026,-34.79843]]}},{"id":"13269","type":"Feature","properties":{"ROL":"I-566-J","NOMBRE_CAMINO":"Cruce I-572 (Cruce Alcántara) - Rarin - Cruce J-790 (La Quirigua), Sector: Alcántara - Límite Regional (Rarín)","CLASIFICACION":"Camino Regional Comunal","CALZADA":"U"},"geometry":{"type":"LineString","coordinates":[[-71.72869,-34.73874],[-71.74408,-34.73967],[-71.75761,-34.73797],[-71.76596,-34.73945]]}},{"id":"13270","type":"Feature","properties":{"ROL":"I-566-J","NOMBRE_CAMINO":"Cruce I-572 (Cruce Alcántara) - Rarin - Cruce J-790 (La Quirigua), Sector: Alcántara - Límite Regional (Rarín)","CLASIFICACION":"Camino Regional Comunal","CALZADA":"U"},"geometry":{"type":"LineString","coordinates":[[-71.83275,-34.76888],[-71.83985,-34.77047],[-71.84669,-34.7777],[-71.85386,-34.77957],[-71.85668,-34.78353],[-71.86087,-34.78489],[-71.86695,-34.78469],[-71.87312,-34.77876],[-71.87972,-34.77868],[-71.88314,-34.78066],[-71.88773,-34.77902]]}},{"id":"13271","type":"Feature","properties":{"ROL":"I-566-J","NOMBRE_CAMINO":"Cruce I-572 (Cruce Alcántara) - Rarin - Cruce J-790 (La Quirigua), Sector: Alcántara - Límite Regional (Rarín)","CLASIFICACION":"Camino Regional Comunal","CALZADA":"U"},"geometry":{"type":"LineString","coordinates":[[-71.77364,-34.74311],[-71.77788,-34.74928]]}},{"id":"13272","type":"Feature","properties":{"ROL":"I-568","NOMBRE_CAMINO":"Cruce I-72 - Quesería - Cruce I-566-J","CLASIFICACION":"Camino Regional Comunal","CALZADA":"U"},"geometry":{"type":"LineString","coordinates":[[-71.77459,-34.73767],[-71.77341,-34.74136]]}},{"id":"13273","type":"Feature","properties":{"ROL":"I-568","NOMBRE_CAMINO":"Cruce I-72 - Quesería - Cruce I-566-J","CLASIFICACION":"Camino Regional Comunal","CALZADA":"U"},"geometry":{"type":"LineString","coordinates":[[-71.77014,-34.70398],[-71.77042,-34.70891],[-71.77466,-34.71717],[-71.78066,-34.71772]]}},{"id":"13274","type":"Feature","properties":{"ROL":"I-570","NOMBRE_CAMINO":"Cruce I-580 (La Puntilla) - Cruce I-572 (Santa Teresa de Quiahue)","CLASIFICACION":"Camino Regional Comunal","CALZADA":"U"},"geometry":{"type":"LineString","coordinates":[[-71.69877,-34.80085],[-71.70551,-34.80214],[-71.71342,-34.80085],[-71.71445,-34.79808],[-71.71848,-34.79749],[-71.72263,-34.789],[-71.73038,-34.78715],[-71.73695,-34.78086]]}},{"id":"13275","type":"Feature","properties":{"ROL":"I-570","NOMBRE_CAMINO":"Cruce I-580 (La Puntilla) - Cruce I-572 (Santa Teresa de Quiahue)","CLASIFICACION":"Camino Regional Comunal","CALZADA":"U"},"geometry":{"type":"LineString","coordinates":[[-71.73695,-34.78086],[-71.73856,-34.77999]]}},{"id":"13276","type":"Feature","properties":{"ROL":"I-572","NOMBRE_CAMINO":"Cruce I-72 - Cruce I-566-J (San Pedro de Alcántara)","CLASIFICACION":"Camino Regional Comunal","CALZADA":"U"},"geometry":{"type":"LineString","coordinates":[[-71.72023,-34.73756],[-71.72952,-34.73911],[-71.73433,-34.74785],[-71.73649,-34.75893],[-71.73671,-34.77547],[-71.73811,-34.77962],[-71.7442,-34.78194],[-71.74812,-34.78614],[-71.75772,-34.79066]]}},{"id":"13277","type":"Feature","properties":{"ROL":"I-572","NOMBRE_CAMINO":"Cruce I-72 - Cruce I-566-J (San Pedro de Alcántara)","CLASIFICACION":"Camino Regional Comunal","CALZADA":"U"},"geometry":{"type":"LineString","coordinates":[[-71.76378,-34.79216],[-71.77013,-34.79256],[-71.77533,-34.7947],[-71.77722,-34.79811],[-71.77935,-34.79892],[-71.78423,-34.79621],[-71.78878,-34.79729],[-71.79437,-34.79577],[-71.79935,-34.78979],[-71.8118,-34.77919],[-71.81532,-34.77421],[-71.82239,-34.77353]]}},{"id":"13278","type":"Feature","properties":{"ROL":"I-580","NOMBRE_CAMINO":"Cruce I-70-J (El Portezuelo) - Los Tricahues","CLASIFICACION":"Camino Regional Comunal","CALZADA":"U"},"geometry":{"type":"LineString","coordinates":[[-71.69171,-34.765],[-71.68442,-34.77061],[-71.67447,-34.77382],[-71.66715,-34.77819],[-71.66272,-34.78569],[-71.66359,-34.79551],[-71.66207,-34.79873],[-71.64744,-34.80301],[-71.639,-34.80179],[-71.63024,-34.80542],[-71.61654,-34.80493],[-71.60382,-34.81086],[-71.59369,-34.81181]]}},{"id":"13279","type":"Feature","properties":{"ROL":"I-592","NOMBRE_CAMINO":"Cruce I-72 (Nerquihue) - El Buche","CLASIFICACION":"Camino Regional de Acceso","CALZADA":"U"},"geometry":{"type":"LineString","coordinates":[[-71.51967,-34.67607],[-71.52163,-34.66867],[-71.52492,-34.66645],[-71.5276,-34.66087],[-71.5452,-34.66343]]}},{"id":"13280","type":"Feature","properties":{"ROL":"I-594","NOMBRE_CAMINO":"Cruce I-72 (Rincón Lo Ubilla) - Cruce I-72 (La Vega)","CLASIFICACION":"Camino Regional Comunal","CALZADA":"U"},"geometry":{"type":"LineString","coordinates":[[-71.68503,-34.733],[-71.68418,-34.72042],[-71.68228,-34.7144],[-71.68391,-34.70389],[-71.6768,-34.70335],[-71.67291,-34.70005],[-71.66853,-34.6993],[-71.66126,-34.69519],[-71.65356,-34.69542],[-71.64996,-34.69384],[-71.64911,-34.69225],[-71.64048,-34.69153],[-71.63687,-34.69003]]}},{"id":"13281","type":"Feature","properties":{"ROL":"I-594","NOMBRE_CAMINO":"Cruce I-72 (Rincón Lo Ubilla) - Cruce I-72 (La Vega)","CLASIFICACION":"Camino Regional Comunal","CALZADA":"U"},"geometry":{"type":"LineString","coordinates":[[-71.61725,-34.68853],[-71.61526,-34.69097],[-71.60853,-34.69468],[-71.60429,-34.70157],[-71.60336,-34.70458],[-71.60798,-34.70964],[-71.60715,-34.70978]]}},{"id":"13282","type":"Feature","properties":{"ROL":"I-602","NOMBRE_CAMINO":"Cruce I-60 (Pueblo Chico) - Fundo Santa Clotilde","CLASIFICACION":"Camino Regional de Acceso","CALZADA":"U"},"geometry":{"type":"LineString","coordinates":[[-71.74024,-34.6602],[-71.7504,-34.66344]]}},{"id":"13283","type":"Feature","properties":{"ROL":"I-610","NOMBRE_CAMINO":"Cruce I-60 (Pumanque) - Cruce I-620 (Nilahue)","CLASIFICACION":"Camino Regional Comunal","CALZADA":"U"},"geometry":{"type":"LineString","coordinates":[[-71.65544,-34.60519],[-71.6586,-34.60464],[-71.66192,-34.60218],[-71.66933,-34.60202],[-71.6723,-34.6026],[-71.67447,-34.60543],[-71.67853,-34.60529],[-71.68332,-34.60842],[-71.68537,-34.60814]]}},{"id":"13284","type":"Feature","properties":{"ROL":"I-620","NOMBRE_CAMINO":"Cruce I-72 (Paredones) - El Calvario - Cruce I-660 (Peñablanca)","CLASIFICACION":"Camino Regional Provincial","CALZADA":"U"},"geometry":{"type":"LineString","coordinates":[[-71.89923,-34.65287],[-71.89935,-34.64406]]}},{"id":"13285","type":"Feature","properties":{"ROL":"I-620","NOMBRE_CAMINO":"Cruce I-72 (Paredones) - El Calvario - Cruce I-660 (Peñablanca)","CLASIFICACION":"Camino Regional Provincial","CALZADA":"U"},"geometry":{"type":"LineString","coordinates":[[-71.87663,-34.59934],[-71.87433,-34.5971],[-71.86294,-34.59172],[-71.85739,-34.59193],[-71.85318,-34.59426],[-71.85132,-34.59314],[-71.84491,-34.59324]]}},{"id":"13286","type":"Feature","properties":{"ROL":"I-625","NOMBRE_CAMINO":"Cruce I-85-J (Carrizal) - Cruce I-725 (Peor es Nada)","CLASIFICACION":"Camino Regional Comunal","CALZADA":"U"},"geometry":{"type":"LineString","coordinates":[[-71.00687,-34.72539],[-71.01164,-34.73541]]}},{"id":"13287","type":"Feature","properties":{"ROL":"I-626","NOMBRE_CAMINO":"Cruce I-660 - Callejón Cornejo","CLASIFICACION":"Camino Regional de Acceso","CALZADA":"U"},"geometry":{"type":"LineString","coordinates":[[-71.69769,-34.51967],[-71.7068,-34.52395]]}},{"id":"13288","type":"Feature","properties":{"ROL":"I-640","NOMBRE_CAMINO":"Cruce I-60 (Pumanque) - Rincón de La Higuera","CLASIFICACION":"Camino Regional de Acceso","CALZADA":"U"},"geometry":{"type":"LineString","coordinates":[[-71.65618,-34.61484],[-71.6493,-34.61686],[-71.64496,-34.62074],[-71.6394,-34.62222]]}},{"id":"13289","type":"Feature","properties":{"ROL":"I-644","NOMBRE_CAMINO":"Cruce I-650 - Virintun - Cruce I-640","CLASIFICACION":"Camino Regional Comunal","CALZADA":"U"},"geometry":{"type":"LineString","coordinates":[[-71.625,-34.6189],[-71.62728,-34.62543]]}},{"id":"13290","type":"Feature","properties":{"ROL":"I-645","NOMBRE_CAMINO":"Cruce I-85-J (Perejil) - Cruce I-625 (La Huinchiguala)","CLASIFICACION":"Camino Regional Comunal","CALZADA":"U"},"geometry":{"type":"LineString","coordinates":[[-70.97787,-34.74044],[-70.98241,-34.74958],[-70.98111,-34.75014],[-70.99164,-34.76584],[-70.9946,-34.76436],[-71.00341,-34.76545],[-71.00447,-34.76678],[-71.01141,-34.76325],[-71.01557,-34.76969],[-71.02235,-34.7661],[-71.02085,-34.76143]]}},{"id":"13291","type":"Feature","properties":{"ROL":"I-650","NOMBRE_CAMINO":"Av. Manuel Rodríguez (Pumanque) - Las Cortaderas - Cruce I-736","CLASIFICACION":"Camino Regional Comunal","CALZADA":"U"},"geometry":{"type":"LineString","coordinates":[[-71.652,-34.6025],[-71.64239,-34.60655],[-71.62856,-34.61959],[-71.6224,-34.61763]]}},{"id":"13292","type":"Feature","properties":{"ROL":"I-652","NOMBRE_CAMINO":"Cruce I-60 - Cementerio","CLASIFICACION":"Camino Regional de Acceso","CALZADA":"U"},"geometry":{"type":"LineString","coordinates":[[-71.65089,-34.59904],[-71.64941,-34.59793],[-71.6452,-34.59852],[-71.64357,-34.59615],[-71.6379,-34.59661]]}},{"id":"13293","type":"Feature","properties":{"ROL":"I-656","NOMBRE_CAMINO":"Cruce I-670 (Pueblo Chico) - Fundo Santa Clotilde","CLASIFICACION":"Camino Regional de Acceso","CALZADA":"U"},"geometry":{"type":"LineString","coordinates":[[-71.60157,-34.51901],[-71.59922,-34.52378]]}},{"id":"13294","type":"Feature","properties":{"ROL":"I-660","NOMBRE_CAMINO":"Cruce Ruta 90 (Marchigüe) - Cruce I-60 (Peñablanca)","CLASIFICACION":"Camino Regional Provincial","CALZADA":"U"},"geometry":{"type":"LineString","coordinates":[[-71.63763,-34.40443],[-71.64233,-34.40996]]}},{"id":"13295","type":"Feature","properties":{"ROL":"I-660","NOMBRE_CAMINO":"Cruce Ruta 90 (Marchigüe) - Cruce I-60 (Peñablanca)","CLASIFICACION":"Camino Regional Provincial","CALZADA":"U"},"geometry":{"type":"LineString","coordinates":[[-71.64233,-34.40996],[-71.64366,-34.41032]]}},{"id":"13296","type":"Feature","properties":{"ROL":"I-660","NOMBRE_CAMINO":"Cruce Ruta 90 (Marchigüe) - Cruce I-60 (Peñablanca)","CLASIFICACION":"Camino Regional Provincial","CALZADA":"U"},"geometry":{"type":"LineString","coordinates":[[-71.64366,-34.41032],[-71.64652,-34.41245],[-71.6526,-34.42254]]}},{"id":"13297","type":"Feature","properties":{"ROL":"I-660","NOMBRE_CAMINO":"Cruce Ruta 90 (Marchigüe) - Cruce I-60 (Peñablanca)","CLASIFICACION":"Camino Regional Provincial","CALZADA":"U"},"geometry":{"type":"LineString","coordinates":[[-71.67765,-34.53277],[-71.67197,-34.53672],[-71.67278,-34.53886],[-71.66499,-34.5432],[-71.6617,-34.55286],[-71.65872,-34.55725],[-71.65221,-34.55475],[-71.64336,-34.56236],[-71.63738,-34.56978]]}},{"id":"13298","type":"Feature","properties":{"ROL":"I-664","NOMBRE_CAMINO":"Cruce I-666 - Rincón de Los Mayos","CLASIFICACION":"Camino Regional de Acceso","CALZADA":"U"},"geometry":{"type":"LineString","coordinates":[[-71.56507,-34.52814],[-71.56266,-34.52973],[-71.55521,-34.5302]]}},{"id":"13299","type":"Feature","properties":{"ROL":"I-665","NOMBRE_CAMINO":"Cruce I-85-J - Tierra Blanca","CLASIFICACION":"Camino Regional de Acceso","CALZADA":"U"},"geometry":{"type":"LineString","coordinates":[[-70.95366,-34.75328],[-70.93689,-34.74777],[-70.93246,-34.7476]]}},{"id":"13300","type":"Feature","properties":{"ROL":"I-665","NOMBRE_CAMINO":"Cruce I-85-J - Tierra Blanca","CLASIFICACION":"Camino Regional de Acceso","CALZADA":"U"},"geometry":{"type":"LineString","coordinates":[[-70.93246,-34.7476],[-70.93222,-34.74766]]}},{"id":"13301","type":"Feature","properties":{"ROL":"I-670","NOMBRE_CAMINO":"Cruce I-60 (Molineros) - Reto","CLASIFICACION":"Camino Regional de Acceso","CALZADA":"U"},"geometry":{"type":"LineString","coordinates":[[-71.58197,-34.51779],[-71.58538,-34.51613],[-71.59236,-34.51885],[-71.5946,-34.51745],[-71.60159,-34.51901],[-71.6029,-34.5171],[-71.60725,-34.51934]]}},{"id":"13302","type":"Feature","properties":{"ROL":"I-674","NOMBRE_CAMINO":"Cruce Ruta 90 (Alcones) - Cruce I-660 (La Quebrada)","CLASIFICACION":"Camino Regional Comunal","CALZADA":"U"},"geometry":{"type":"LineString","coordinates":[[-71.72786,-34.39786],[-71.73335,-34.40593],[-71.73315,-34.42125],[-71.73162,-34.42613]]}},{"id":"13303","type":"Feature","properties":{"ROL":"I-680","NOMBRE_CAMINO":"Cruce Ruta 90 - Fundo La Patagua","CLASIFICACION":"Camino Regional de Acceso","CALZADA":"U"},"geometry":{"type":"LineString","coordinates":[[-71.63699,-34.40416],[-71.62835,-34.41081],[-71.6225,-34.42083],[-71.61786,-34.42524]]}},{"id":"13304","type":"Feature","properties":{"ROL":"I-688","NOMBRE_CAMINO":"Cruce I-60 (Población) - Cruce I-660 (Marchant)","CLASIFICACION":"Camino Regional Comunal","CALZADA":"U"},"geometry":{"type":"LineString","coordinates":[[-71.54911,-34.45919],[-71.57655,-34.45754],[-71.58119,-34.45917]]}},{"id":"13305","type":"Feature","properties":{"ROL":"I-688","NOMBRE_CAMINO":"Cruce I-60 (Población) - Cruce I-660 (Marchant)","CLASIFICACION":"Camino Regional Comunal","CALZADA":"U"},"geometry":{"type":"LineString","coordinates":[[-71.59276,-34.45719],[-71.59697,-34.45979],[-71.60306,-34.45954],[-71.60731,-34.46097],[-71.61773,-34.46134],[-71.61994,-34.45932],[-71.63065,-34.46018]]}},{"id":"13306","type":"Feature","properties":{"ROL":"I-695","NOMBRE_CAMINO":"Cruce I-85-J (Codegua) - Pidiguinco Alto","CLASIFICACION":"Camino Regional de Acceso","CALZADA":"U"},"geometry":{"type":"LineString","coordinates":[[-70.94885,-34.76942],[-70.93522,-34.76823],[-70.92884,-34.76946]]}},{"id":"13307","type":"Feature","properties":{"ROL":"I-70","NOMBRE_CAMINO":"Cruce Ruta 5 (Caletera) - Cruce Ruta 90 (San Fernando)","CLASIFICACION":"Camino Regional Principal","CALZADA":"U"},"geometry":{"type":"LineString","coordinates":[[-70.99094,-34.63982],[-70.99386,-34.6381],[-70.9921,-34.62139]]}},{"id":"13308","type":"Feature","properties":{"ROL":"I-700","NOMBRE_CAMINO":"Cruce Ruta 90 (El Arrayán) - Cruce I-710 (La Finca)","CLASIFICACION":"Camino Regional Comunal","CALZADA":"U"},"geometry":{"type":"LineString","coordinates":[[-71.4135,-34.53374],[-71.41447,-34.53955],[-71.41326,-34.54404],[-71.41771,-34.55001],[-71.41907,-34.56261]]}},{"id":"13309","type":"Feature","properties":{"ROL":"I-704","NOMBRE_CAMINO":"Cruce Ruta 90 - Rinconada de Palmilla","CLASIFICACION":"Camino Regional de Acceso","CALZADA":"U"},"geometry":{"type":"LineString","coordinates":[[-71.42697,-34.50991],[-71.45005,-34.51327],[-71.44199,-34.53353]]}},{"id":"13310","type":"Feature","properties":{"ROL":"I-706","NOMBRE_CAMINO":"Cruce I-708 - Villa de Yaquil","CLASIFICACION":"Camino Regional de Acceso","CALZADA":"U"},"geometry":{"type":"LineString","coordinates":[[-71.4205,-34.59843],[-71.41882,-34.5972],[-71.41923,-34.59616]]}},{"id":"13311","type":"Feature","properties":{"ROL":"I-708","NOMBRE_CAMINO":"Cruce I-730 - Isla de Yaquil - Cruce I-706","CLASIFICACION":"Camino Regional Comunal","CALZADA":"U"},"geometry":{"type":"LineString","coordinates":[[-71.43334,-34.59833],[-71.42697,-34.59987],[-71.41854,-34.59836],[-71.41833,-34.60038],[-71.4204,-34.59985],[-71.4205,-34.59843]]}},{"id":"13312","type":"Feature","properties":{"ROL":"I-712","NOMBRE_CAMINO":"Cruce I-710 - La Finca - Cruce I-710 ","CLASIFICACION":"Camino Regional Comunal","CALZADA":"U"},"geometry":{"type":"LineString","coordinates":[[-71.42133,-34.57113],[-71.42229,-34.57625],[-71.42639,-34.58047],[-71.43275,-34.58222]]}},{"id":"13313","type":"Feature","properties":{"ROL":"I-714","NOMBRE_CAMINO":"Cruce Ruta 90 (Palmilla) - Cantarana - Estero Chimbarongo","CLASIFICACION":"Camino Regional de Acceso","CALZADA":"U"},"geometry":{"type":"LineString","coordinates":[[-71.3591,-34.60585],[-71.36405,-34.60745],[-71.36543,-34.60955],[-71.36885,-34.61083]]}},{"id":"13314","type":"Feature","properties":{"ROL":"I-718","NOMBRE_CAMINO":"Cruce I-720 - Los Boldos - Cruce I-730","CLASIFICACION":"Camino Regional Comunal","CALZADA":"U"},"geometry":{"type":"LineString","coordinates":[[-71.37385,-34.62537],[-71.38382,-34.62636],[-71.38793,-34.62832]]}},{"id":"13315","type":"Feature","properties":{"ROL":"I-726","NOMBRE_CAMINO":"Cruce I-720 (Barriales) - Santa Cruz","CLASIFICACION":"Camino Regional de Acceso","CALZADA":"U"},"geometry":{"type":"LineString","coordinates":[[-71.36532,-34.6289],[-71.35557,-34.63453]]}},{"id":"13316","type":"Feature","properties":{"ROL":"I-736","NOMBRE_CAMINO":"Cruce I-72 (Cuesta La Lajuela) - Cruce I-710 (Isla de Yaquil)","CLASIFICACION":"Camino Regional Comunal","CALZADA":"U"},"geometry":{"type":"LineString","coordinates":[[-71.40977,-34.65653],[-71.41376,-34.65905],[-71.41453,-34.65744],[-71.41437,-34.64913],[-71.41676,-34.64219],[-71.4134,-34.64024],[-71.41507,-34.6349],[-71.41693,-34.63365],[-71.42417,-34.63374],[-71.42493,-34.63111],[-71.42857,-34.63059],[-71.43002,-34.62476],[-71.43401,-34.62205],[-71.43933,-34.61321],[-71.43367,-34.61079],[-71.43998,-34.60696],[-71.44088,-34.60125],[-71.44422,-34.59786],[-71.44322,-34.59596]]}},{"id":"13317","type":"Feature","properties":{"ROL":"I-740","NOMBRE_CAMINO":"Cruce I-72 (Los Maitenes) - Lagunillas","CLASIFICACION":"Camino Regional de Acceso","CALZADA":"U"},"geometry":{"type":"LineString","coordinates":[[-71.44179,-34.67567],[-71.4414,-34.67778],[-71.44554,-34.6807],[-71.44034,-34.68971],[-71.43483,-34.70335],[-71.43526,-34.70598],[-71.44597,-34.70991],[-71.45079,-34.71046],[-71.45061,-34.71368],[-71.45875,-34.71471],[-71.45924,-34.71359]]}},{"id":"13318","type":"Feature","properties":{"ROL":"I-742","NOMBRE_CAMINO":"Cruce I-72 (Cuesta La Lajuela) - Cruce I-86 (La Patagüilla)","CLASIFICACION":"Camino Regional Comunal","CALZADA":"U"},"geometry":{"type":"LineString","coordinates":[[-71.41002,-34.65702],[-71.39967,-34.66155],[-71.39784,-34.66441],[-71.39591,-34.66341],[-71.38156,-34.67133],[-71.3714,-34.6752],[-71.36214,-34.6781],[-71.35462,-34.67619]]}},{"id":"13319","type":"Feature","properties":{"ROL":"I-744","NOMBRE_CAMINO":"Cruce I-742 (La Patagüilla) - Diucaco","CLASIFICACION":"Camino Regional de Acceso","CALZADA":"U"},"geometry":{"type":"LineString","coordinates":[[-71.39779,-34.66443],[-71.40341,-34.66971],[-71.39657,-34.67321],[-71.39778,-34.68134],[-71.39995,-34.68377],[-71.40352,-34.68442],[-71.40233,-34.68715]]}},{"id":"13320","type":"Feature","properties":{"ROL":"I-746","NOMBRE_CAMINO":"Cruce I-742 (La Patagua) - El Portezuelo - Cruce I-776","CLASIFICACION":"Camino Regional Comunal","CALZADA":"U"},"geometry":{"type":"LineString","coordinates":[[-71.35566,-34.67666],[-71.35615,-34.68086],[-71.36063,-34.68402],[-71.36304,-34.69182],[-71.36718,-34.69744],[-71.36654,-34.69946],[-71.36211,-34.70352]]}},{"id":"13321","type":"Feature","properties":{"ROL":"I-746","NOMBRE_CAMINO":"Cruce I-742 (La Patagua) - El Portezuelo - Cruce I-776","CLASIFICACION":"Camino Regional Comunal","CALZADA":"U"},"geometry":{"type":"LineString","coordinates":[[-71.36211,-34.70352],[-71.36052,-34.70719],[-71.36383,-34.71586],[-71.36937,-34.71712],[-71.37172,-34.71903],[-71.38821,-34.72004],[-71.39479,-34.72224],[-71.39553,-34.73388],[-71.39957,-34.73781],[-71.40266,-34.7439],[-71.40756,-34.75647],[-71.40851,-34.76307],[-71.40741,-34.76383]]}},{"id":"13322","type":"Feature","properties":{"ROL":"I-752","NOMBRE_CAMINO":"Cruce Ruta 90 (Cunaco) - Cruce I-756 (El Huape)","CLASIFICACION":"Camino Regional Comunal","CALZADA":"U"},"geometry":{"type":"LineString","coordinates":[[-71.30106,-34.64698],[-71.29765,-34.64929],[-71.29374,-34.65478]]}},{"id":"13323","type":"Feature","properties":{"ROL":"I-755","NOMBRE_CAMINO":"Cruce I-725 - Peor es Nada","CLASIFICACION":"Camino Regional de Acceso","CALZADA":"U"},"geometry":{"type":"LineString","coordinates":[[-71.04403,-34.79078],[-71.03526,-34.7913],[-71.02758,-34.79384],[-71.02242,-34.79901],[-71.02332,-34.80106],[-71.01514,-34.80983]]}},{"id":"13324","type":"Feature","properties":{"ROL":"I-758","NOMBRE_CAMINO":"Cruce I-82 - Uvas Blancas - Cruce-756 (Isla del Guindo)","CLASIFICACION":"Camino Regional Comunal","CALZADA":"U"},"geometry":{"type":"LineString","coordinates":[[-71.22936,-34.70086],[-71.23167,-34.69898],[-71.22997,-34.69361],[-71.23834,-34.69041],[-71.244,-34.69066]]}},{"id":"13325","type":"Feature","properties":{"ROL":"I-762","NOMBRE_CAMINO":"Cruce I-86 (Quinahue) - La Fuente","CLASIFICACION":"Camino Regional de Acceso","CALZADA":"U"},"geometry":{"type":"LineString","coordinates":[[-71.31718,-34.69342],[-71.3213,-34.69785],[-71.33074,-34.69826]]}},{"id":"13326","type":"Feature","properties":{"ROL":"I-768","NOMBRE_CAMINO":"Cruce I-760 (Quinahue) - El Bordal","CLASIFICACION":"Camino Regional de Acceso","CALZADA":"U"},"geometry":{"type":"LineString","coordinates":[[-71.30909,-34.67517],[-71.30579,-34.67549],[-71.29293,-34.68219],[-71.29205,-34.68115]]}},{"id":"13327","type":"Feature","properties":{"ROL":"I-772","NOMBRE_CAMINO":"Cruce I-86 - Chépica Abajo - Cruce I-758 (Uvas Blanca)","CLASIFICACION":"Camino Regional Comunal","CALZADA":"U"},"geometry":{"type":"LineString","coordinates":[[-71.30026,-34.70748],[-71.29505,-34.69994],[-71.28465,-34.69883],[-71.28398,-34.69309],[-71.28253,-34.69167],[-71.28133,-34.69211],[-71.27328,-34.68579],[-71.26858,-34.68471]]}},{"id":"13328","type":"Feature","properties":{"ROL":"I-776","NOMBRE_CAMINO":"Cruce I-86 (Chépica Abajo) - Las Palmas","CLASIFICACION":"Camino Regional Comunal","CALZADA":"U"},"geometry":{"type":"LineString","coordinates":[[-71.38686,-34.76339],[-71.39223,-34.76556],[-71.40696,-34.76381]]}},{"id":"13329","type":"Feature","properties":{"ROL":"I-776","NOMBRE_CAMINO":"Cruce I-86 (Chépica Abajo) - Las Palmas","CLASIFICACION":"Camino Regional Comunal","CALZADA":"U"},"geometry":{"type":"LineString","coordinates":[[-71.40696,-34.76381],[-71.41718,-34.76636],[-71.42203,-34.76543],[-71.42512,-34.77266]]}},{"id":"13330","type":"Feature","properties":{"ROL":"I-776","NOMBRE_CAMINO":"Cruce I-86 (Chépica Abajo) - Las Palmas","CLASIFICACION":"Camino Regional Comunal","CALZADA":"U"},"geometry":{"type":"LineString","coordinates":[[-71.33652,-34.72865],[-71.33923,-34.73666],[-71.33889,-34.74145],[-71.33662,-34.74536],[-71.34048,-34.74969],[-71.34487,-34.74875],[-71.34654,-34.74495],[-71.35182,-34.74455],[-71.35934,-34.74571],[-71.36474,-34.74942],[-71.3757,-34.75336]]}},{"id":"13331","type":"Feature","properties":{"ROL":"I-788","NOMBRE_CAMINO":"Cruce I-86 Chépica) - El Zapal - Cruce I-790","CLASIFICACION":"Camino Regional Comunal","CALZADA":"U"},"geometry":{"type":"LineString","coordinates":[[-71.27313,-34.72864],[-71.27822,-34.73538],[-71.27675,-34.73776],[-71.28737,-34.7408],[-71.29755,-34.75509],[-71.29428,-34.75635],[-71.2941,-34.75755],[-71.28262,-34.76087],[-71.28128,-34.77327]]}},{"id":"13332","type":"Feature","properties":{"ROL":"I-790","NOMBRE_CAMINO":"Cruce I-300-J - Rinconada de Jauregui - Cruce I-776","CLASIFICACION":"Camino Regional Comunal","CALZADA":"U"},"geometry":{"type":"LineString","coordinates":[[-71.23942,-34.75534],[-71.2519,-34.75812],[-71.26139,-34.76518]]}},{"id":"13333","type":"Feature","properties":{"ROL":"I-790","NOMBRE_CAMINO":"Cruce I-300-J - Rinconada de Jauregui - Cruce I-776","CLASIFICACION":"Camino Regional Comunal","CALZADA":"U"},"geometry":{"type":"LineString","coordinates":[[-71.31617,-34.78074],[-71.3262,-34.78015],[-71.33252,-34.78158],[-71.34408,-34.78134]]}},{"id":"13334","type":"Feature","properties":{"ROL":"I-790","NOMBRE_CAMINO":"Cruce I-300-J - Rinconada de Jauregui - Cruce I-776","CLASIFICACION":"Camino Regional Comunal","CALZADA":"U"},"geometry":{"type":"LineString","coordinates":[[-71.27747,-34.77248],[-71.28358,-34.77381],[-71.28565,-34.77319],[-71.28808,-34.77663],[-71.30346,-34.77856]]}},{"id":"13335","type":"Feature","properties":{"ROL":"I-792","NOMBRE_CAMINO":"Cruce I-300-J - Rinconada de Meneses - Cruce I-790","CLASIFICACION":"Camino Regional Comunal","CALZADA":"U"},"geometry":{"type":"LineString","coordinates":[[-71.21087,-34.81814],[-71.2156,-34.81778],[-71.23498,-34.80908],[-71.24371,-34.80655],[-71.24531,-34.80464]]}},{"id":"13336","type":"Feature","properties":{"ROL":"I-792","NOMBRE_CAMINO":"Cruce I-300-J - Rinconada de Meneses - Cruce I-790","CLASIFICACION":"Camino Regional Comunal","CALZADA":"U"},"geometry":{"type":"LineString","coordinates":[[-71.25255,-34.78873],[-71.25101,-34.78721],[-71.25056,-34.78345],[-71.25276,-34.77767],[-71.25204,-34.77147]]}},{"id":"13337","type":"Feature","properties":{"ROL":"I-812","NOMBRE_CAMINO":"Cruce I-82 - Cruce I-796 (La Cabrería)","CLASIFICACION":"Camino Regional Comunal","CALZADA":"U"},"geometry":{"type":"LineString","coordinates":[[-71.22651,-34.69911],[-71.2213,-34.70279],[-71.21601,-34.7044],[-71.20847,-34.70428],[-71.19905,-34.71377]]}},{"id":"13338","type":"Feature","properties":{"ROL":"I-814","NOMBRE_CAMINO":"Cruce I-86 (Auquinco) - Cruce I-796 (La Cabrería)","CLASIFICACION":"Camino Regional Comunal","CALZADA":"U"},"geometry":{"type":"LineString","coordinates":[[-71.19635,-34.76214],[-71.19217,-34.76172],[-71.1905,-34.75797],[-71.19557,-34.74797],[-71.19482,-34.74555],[-71.18679,-34.74023],[-71.18591,-34.73811],[-71.19068,-34.72127]]}},{"id":"13339","type":"Feature","properties":{"ROL":"I-815","NOMBRE_CAMINO":"Cruce I-85-J (Fundo El Sauce del Carmen) - Cruce J-119","CLASIFICACION":"Camino Regional Comunal","CALZADA":"U"},"geometry":{"type":"LineString","coordinates":[[-71.00354,-34.82621],[-70.99994,-34.82784],[-70.99631,-34.83211],[-70.98139,-34.83874],[-70.97721,-34.848]]}},{"id":"13340","type":"Feature","properties":{"ROL":"I-815","NOMBRE_CAMINO":"Cruce I-85-J (Fundo El Sauce del Carmen) - Cruce J-119","CLASIFICACION":"Camino Regional Comunal","CALZADA":"U"},"geometry":{"type":"LineString","coordinates":[[-70.9706,-34.84868],[-70.96589,-34.86153],[-70.96491,-34.86835]]}},{"id":"13341","type":"Feature","properties":{"ROL":"I-815","NOMBRE_CAMINO":"Cruce I-85-J (Fundo El Sauce del Carmen) - Cruce J-119","CLASIFICACION":"Camino Regional Comunal","CALZADA":"U"},"geometry":{"type":"LineString","coordinates":[[-70.96491,-34.86835],[-70.96511,-34.86859]]}},{"id":"13342","type":"Feature","properties":{"ROL":"I-820","NOMBRE_CAMINO":"Cruce Ruta 90 (Santa Emiliana) - Cruce I-52 (Los Callejones)","CLASIFICACION":"Camino Regional Comunal","CALZADA":"U"},"geometry":{"type":"LineString","coordinates":[[-71.1701,-34.65065],[-71.17067,-34.64537],[-71.17477,-34.64521],[-71.17499,-34.63855],[-71.17773,-34.64081],[-71.17755,-34.6438],[-71.18518,-34.64563],[-71.18514,-34.64764]]}},{"id":"13343","type":"Feature","properties":{"ROL":"I-822","NOMBRE_CAMINO":"Cruce I-82 - Las Orillas de Nancagua","CLASIFICACION":"Camino Regional de Acceso","CALZADA":"U"},"geometry":{"type":"LineString","coordinates":[[-71.20211,-34.65892],[-71.18975,-34.65862],[-71.18963,-34.66091]]}},{"id":"13344","type":"Feature","properties":{"ROL":"I-824","NOMBRE_CAMINO":"Cruce I-82 - Puquillay - Cruce I-796","CLASIFICACION":"Camino Regional de Acceso","CALZADA":"U"},"geometry":{"type":"LineString","coordinates":[[-71.21452,-34.68791],[-71.19934,-34.6874]]}},{"id":"13345","type":"Feature","properties":{"ROL":"I-826","NOMBRE_CAMINO":"Cruce Ruta 90 (Santa Emiliana) - Cruce I-796 (Puquillay)","CLASIFICACION":"Camino Regional Comunal","CALZADA":"U"},"geometry":{"type":"LineString","coordinates":[[-71.17011,-34.65066],[-71.16937,-34.6591],[-71.17358,-34.66511],[-71.17272,-34.6676],[-71.17893,-34.66863],[-71.18131,-34.67585],[-71.18864,-34.68111],[-71.19325,-34.68359],[-71.20029,-34.68408]]}},{"id":"13346","type":"Feature","properties":{"ROL":"I-840","NOMBRE_CAMINO":"Cruce I-832 (Placilla) - Cruce I-850 (La Dehesa)","CLASIFICACION":"Camino Regional Comunal","CALZADA":"U"},"geometry":{"type":"LineString","coordinates":[[-71.11531,-34.63707],[-71.11247,-34.64562],[-71.10956,-34.64585],[-71.1081,-34.64863],[-71.10597,-34.64949]]}},{"id":"13347","type":"Feature","properties":{"ROL":"I-844","NOMBRE_CAMINO":"Cruce I-850 - La Mina","CLASIFICACION":"Camino Regional de Acceso","CALZADA":"U"},"geometry":{"type":"LineString","coordinates":[[-71.06543,-34.63278],[-71.06655,-34.63325],[-71.06533,-34.6389],[-71.06761,-34.63951]]}},{"id":"13348","type":"Feature","properties":{"ROL":"I-848","NOMBRE_CAMINO":"Cruce I-850 - Cruce I-854","CLASIFICACION":"Camino Regional Comunal","CALZADA":"U"},"geometry":{"type":"LineString","coordinates":[[-71.06875,-34.62752],[-71.06062,-34.6236]]}},{"id":"13349","type":"Feature","properties":{"ROL":"I-850","NOMBRE_CAMINO":"Cruce Ruta 90 (Chacarilla) - Cruce I-860 (Manantiales)","CLASIFICACION":"Camino Regional Comunal","CALZADA":"U"},"geometry":{"type":"LineString","coordinates":[[-71.08494,-34.63817],[-71.08025,-34.63225],[-71.07568,-34.62876]]}},{"id":"13350","type":"Feature","properties":{"ROL":"I-850","NOMBRE_CAMINO":"Cruce Ruta 90 (Chacarilla) - Cruce I-860 (Manantiales)","CLASIFICACION":"Camino Regional Comunal","CALZADA":"U"},"geometry":{"type":"LineString","coordinates":[[-71.11594,-34.65497],[-71.11434,-34.65506],[-71.11221,-34.65274],[-71.10409,-34.64899]]}},{"id":"13351","type":"Feature","properties":{"ROL":"I-854","NOMBRE_CAMINO":"Cruce Ruta 90 - Cruce I-850","CLASIFICACION":"Camino Regional Comunal","CALZADA":"U"},"geometry":{"type":"LineString","coordinates":[[-71.06375,-34.61804],[-71.05711,-34.62951]]}},{"id":"13352","type":"Feature","properties":{"ROL":"I-856","NOMBRE_CAMINO":"Cruce Ruta 90 - Cruce I-38 (San Luis)","CLASIFICACION":"Camino Regional Comunal","CALZADA":"U"},"geometry":{"type":"LineString","coordinates":[[-71.06375,-34.61804],[-71.06537,-34.61801],[-71.06704,-34.61444]]}},{"id":"13353","type":"Feature","properties":{"ROL":"I-858","NOMBRE_CAMINO":"Cruce I-860 - Cruce I-850","CLASIFICACION":"Camino Regional Comunal","CALZADA":"U"},"geometry":{"type":"LineString","coordinates":[[-71.04191,-34.61929],[-71.04706,-34.62455]]}},{"id":"13354","type":"Feature","properties":{"ROL":"I-860","NOMBRE_CAMINO":"Cruce Ruta 90 - Manantiales","CLASIFICACION":"Camino Regional Comunal","CALZADA":"U"},"geometry":{"type":"LineString","coordinates":[[-71.05045,-34.61135],[-71.0254,-34.63484]]}},{"id":"13355","type":"Feature","properties":{"ROL":"I-866-H","NOMBRE_CAMINO":"Cruce I-62-G (Quelentaro) - Quillayes","CLASIFICACION":"Camino Regional Comunal","CALZADA":"U"},"geometry":{"type":"LineString","coordinates":[[-71.52825,-34.0628],[-71.52668,-34.06787],[-71.51534,-34.07239],[-71.49058,-34.06915],[-71.48122,-34.07372],[-71.47937,-34.07877],[-71.47418,-34.08319],[-71.4705,-34.08412]]}},{"id":"13356","type":"Feature","properties":{"ROL":"I-872","NOMBRE_CAMINO":"Cruce Ruta 5 (Paso Superior Tinguiririca) - Cruce I-890","CLASIFICACION":"Camino Regional Comunal","CALZADA":"U"},"geometry":{"type":"LineString","coordinates":[[-70.99155,-34.64608],[-70.994,-34.6452]]}},{"id":"13357","type":"Feature","properties":{"ROL":"I-876","NOMBRE_CAMINO":"Cruce Ruta 5 (Caletera) - Cruce I-890","CLASIFICACION":"Camino Regional Comunal","CALZADA":"U"},"geometry":{"type":"LineString","coordinates":[[-70.99322,-34.65859],[-70.99842,-34.65635]]}},{"id":"13358","type":"Feature","properties":{"ROL":"I-884","NOMBRE_CAMINO":"Cruce Ruta 5 (Caletera El Martillo) - Cruce I-890","CLASIFICACION":"Camino Regional Comunal","CALZADA":"U"},"geometry":{"type":"LineString","coordinates":[[-71.00949,-34.68308],[-71.01479,-34.68059]]}},{"id":"13359","type":"Feature","properties":{"ROL":"I-890","NOMBRE_CAMINO":"Cruce Ruta 5 (Caletera Tinguiririca) - Cruce I-86 (Chimbarongo)","CLASIFICACION":"Camino Regional Provincial","CALZADA":"U"},"geometry":{"type":"LineString","coordinates":[[-70.9911,-34.6403],[-70.99865,-34.65288],[-70.99936,-34.65938],[-71.00952,-34.67361],[-71.01491,-34.6807],[-71.02792,-34.68997]]}},{"id":"13360","type":"Feature","properties":{"ROL":"I-892","NOMBRE_CAMINO":"Cruce I-86 (Chimbarongo) - Lo Orozco","CLASIFICACION":"Camino Regional de Acceso","CALZADA":"U"},"geometry":{"type":"LineString","coordinates":[[-71.04689,-34.71332],[-71.05871,-34.70707],[-71.06061,-34.70923],[-71.06402,-34.70792],[-71.07505,-34.70097]]}},{"id":"13361","type":"Feature","properties":{"ROL":"I-896","NOMBRE_CAMINO":"Cruce I-86 (Chimbarongo) - Las Cuadras","CLASIFICACION":"Camino Regional de Acceso","CALZADA":"U"},"geometry":{"type":"LineString","coordinates":[[-71.04929,-34.71664],[-71.05325,-34.71421],[-71.05551,-34.71463],[-71.06447,-34.72421],[-71.07003,-34.71951],[-71.07403,-34.72286],[-71.07629,-34.7205]]}},{"id":"13362","type":"Feature","properties":{"ROL":"I-900","NOMBRE_CAMINO":"Cruce Ruta 5 (Caletera) - Cruce  I-902 (Embalse Convento Viejo)","CLASIFICACION":"Camino Regional Comunal","CALZADA":"U"},"geometry":{"type":"LineString","coordinates":[[-71.04119,-34.74361],[-71.04247,-34.74348],[-71.04344,-34.74638],[-71.05485,-34.74282],[-71.06274,-34.74876],[-71.06926,-34.74098]]}},{"id":"13363","type":"Feature","properties":{"ROL":"I-910","NOMBRE_CAMINO":"Cruce Ruta 5 (Quinta) - Convento Viejo","CLASIFICACION":"Camino Regional Comunal","CALZADA":"U"},"geometry":{"type":"LineString","coordinates":[[-71.04972,-34.79956],[-71.05009,-34.79973]]}},{"id":"13364","type":"Feature","properties":{"ROL":"I-910","NOMBRE_CAMINO":"Cruce Ruta 5 (Quinta) - Convento Viejo","CLASIFICACION":"Camino Regional Comunal","CALZADA":"U"},"geometry":{"type":"LineString","coordinates":[[-71.05009,-34.79973],[-71.06861,-34.79644]]}},{"id":"13365","type":"Feature","properties":{"ROL":"I-916","NOMBRE_CAMINO":"Cruce I-910 - Callejón La Copa","CLASIFICACION":"Camino Regional de Acceso","CALZADA":"U"},"geometry":{"type":"LineString","coordinates":[[-71.06593,-34.79692],[-71.07391,-34.80819]]}},{"id":"13366","type":"Feature","properties":{"ROL":"I-918","NOMBRE_CAMINO":"Cruce Ruta 5 (Caletera) - El Eucalipto","CLASIFICACION":"Camino Regional de Acceso","CALZADA":"U"},"geometry":{"type":"LineString","coordinates":[[-71.08664,-34.82939],[-71.09535,-34.821],[-71.09499,-34.81973]]}},{"id":"13367","type":"Feature","properties":{"ROL":"H-260","NOMBRE_CAMINO":"Cruce H-30 - Estero La Cadena","CLASIFICACION":"Camino Regional Comunal","CALZADA":"U"},"geometry":{"type":"LineString","coordinates":[[-70.82973,-34.18069],[-70.82998,-34.17743],[-70.8541,-34.16881]]}},{"id":"13368","type":"Feature","properties":{"ROL":"H-525","NOMBRE_CAMINO":"Cruce H-521 - Río Claro Poniente","CLASIFICACION":"Camino Regional de Acceso","CALZADA":"U"},"geometry":{"type":"LineString","coordinates":[[-70.82355,-34.37501],[-70.82426,-34.37686],[-70.82248,-34.37724],[-70.82349,-34.37999],[-70.82557,-34.38029],[-70.82796,-34.38296]]}},{"id":"13369","type":"Feature","properties":{"ROL":"H-579","NOMBRE_CAMINO":"Cruce H-665 (La Chimba) - Cruce H-521 (Chanquiahue)","CLASIFICACION":"Camino Regional de Acceso","CALZADA":"U"},"geometry":{"type":"LineString","coordinates":[[-70.81314,-34.41072],[-70.8089,-34.40913],[-70.8035,-34.40468],[-70.79911,-34.40401]]}},{"id":"13370","type":"Feature","properties":{"ROL":"H-818","NOMBRE_CAMINO":"Cruce I-90-H (La Platina) - Estero Zamorano","CLASIFICACION":"Camino Regional de Acceso","CALZADA":"U"},"geometry":{"type":"LineString","coordinates":[[-71.00684,-34.46629],[-71.00462,-34.45865],[-71.00513,-34.4567]]}},{"id":"13371","type":"Feature","properties":{"ROL":"I-192","NOMBRE_CAMINO":"Cruce I-112 - Valle Hidango - Cruce I-190","CLASIFICACION":"Camino Regional Comunal","CALZADA":"U"},"geometry":{"type":"LineString","coordinates":[[-71.84523,-34.01571],[-71.84833,-34.01858],[-71.84602,-34.01841],[-71.84637,-34.02004],[-71.85222,-34.02292],[-71.85188,-34.0253],[-71.85402,-34.02928],[-71.86028,-34.03347],[-71.86427,-34.04229],[-71.868,-34.04404],[-71.86888,-34.04677],[-71.86784,-34.0596],[-71.87057,-34.06819],[-71.86767,-34.07842],[-71.86473,-34.08212],[-71.86085,-34.08284],[-71.85715,-34.09012],[-71.85531,-34.08957],[-71.85245,-34.09171]]}},{"id":"13372","type":"Feature","properties":{"ROL":"I-315","NOMBRE_CAMINO":"Cruce I-45 (Talcarehue) - La Teja","CLASIFICACION":"Camino Regional de Acceso","CALZADA":"U"},"geometry":{"type":"LineString","coordinates":[[-70.87351,-34.66862],[-70.87042,-34.67132],[-70.8707,-34.67281],[-70.86269,-34.67755]]}},{"id":"13373","type":"Feature","properties":{"ROL":"H-159","NOMBRE_CAMINO":"Cruce H-15 (Los Marcos) - Cruce H-153 (Candelaria)","CLASIFICACION":"Camino Regional Comunal","CALZADA":"U"},"geometry":{"type":"LineString","coordinates":[[-70.66698,-34.01304],[-70.65306,-34.01548],[-70.64841,-34.01773],[-70.64098,-34.01671]]}},{"id":"13374","type":"Feature","properties":{"ROL":"I-111","NOMBRE_CAMINO":"Cruce Ruta 5 (Los Lingues) - Cruce I-151 (San José Los Lingues)","CLASIFICACION":"Camino Regional Comunal","CALZADA":"U"},"geometry":{"type":"LineString","coordinates":[[-70.90943,-34.487],[-70.90387,-34.49077],[-70.89692,-34.50211],[-70.89819,-34.50857],[-70.87979,-34.51501],[-70.87973,-34.5175]]}},{"id":"13375","type":"Feature","properties":{"ROL":"I-111","NOMBRE_CAMINO":"Cruce Ruta 5 (Los Lingues) - Cruce I-151 (San José Los Lingues)","CLASIFICACION":"Camino Regional Comunal","CALZADA":"U"},"geometry":{"type":"LineString","coordinates":[[-70.87973,-34.5175],[-70.88219,-34.51904],[-70.88257,-34.52337]]}},{"id":"13376","type":"Feature","properties":{"ROL":"I-111","NOMBRE_CAMINO":"Cruce Ruta 5 (Los Lingues) - Cruce I-151 (San José Los Lingues)","CLASIFICACION":"Camino Regional Comunal","CALZADA":"U"},"geometry":{"type":"LineString","coordinates":[[-70.88257,-34.52337],[-70.88766,-34.52701],[-70.89404,-34.53764],[-70.8997,-34.53922],[-70.90358,-34.53881],[-70.91283,-34.54463],[-70.91486,-34.55994]]}},{"id":"13377","type":"Feature","properties":{"ROL":"S/R-H-1187","NOMBRE_CAMINO":"Candelaria - Callejón Lo Pinto","CLASIFICACION":"Camino Regional de Acceso (En Proceso de Enrolamiento)","CALZADA":"U"},"geometry":{"type":"LineString","coordinates":[[-70.64135,-34.02341],[-70.64135,-34.02583]]}},{"id":"13378","type":"Feature","properties":{"ROL":"S/R-H-1211","NOMBRE_CAMINO":"Cruce H-15 - Callejón Benito Gálvez","CLASIFICACION":"Camino Regional de Acceso (En Proceso de Enrolamiento)","CALZADA":"U"},"geometry":{"type":"LineString","coordinates":[[-70.68801,-34.13312],[-70.68271,-34.13377]]}},{"id":"13379","type":"Feature","properties":{"ROL":"S/R-H-125","NOMBRE_CAMINO":"Cruce H-15 - La Palma","CLASIFICACION":"Camino Regional Comunal (En Proceso de Enrolamiento)","CALZADA":"U"},"geometry":{"type":"LineString","coordinates":[[-70.64596,-33.97794],[-70.6548,-33.98068],[-70.65485,-33.98206]]}},{"id":"13380","type":"Feature","properties":{"ROL":"S/R-H-127","NOMBRE_CAMINO":"Sector El Roble - Callejón La Palma","CLASIFICACION":"Camino Regional de Acceso (En Proceso de Enrolamiento)","CALZADA":"U"},"geometry":{"type":"LineString","coordinates":[[-70.65489,-33.981],[-70.65752,-33.98154]]}},{"id":"13381","type":"Feature","properties":{"ROL":"S/R-H-172","NOMBRE_CAMINO":"Cruce H-10 - Cárcel de Menores","CLASIFICACION":"Camino Regional Comunal (En Proceso de Enrolamiento)","CALZADA":"U"},"geometry":{"type":"LineString","coordinates":[[-70.7246,-34.04279],[-70.72988,-34.04223],[-70.73258,-34.03984]]}},{"id":"13382","type":"Feature","properties":{"ROL":"S/R-H-176","NOMBRE_CAMINO":"Santa Teresa","CLASIFICACION":"Camino Regional Comunal (En Proceso de Enrolamiento)","CALZADA":"U"},"geometry":{"type":"LineString","coordinates":[[-70.73258,-34.03983],[-70.73581,-34.0364],[-70.73516,-34.03341],[-70.74133,-34.03128]]}},{"id":"13383","type":"Feature","properties":{"ROL":"S/R-H-1764","NOMBRE_CAMINO":"Cruce H-762 - Pilares Verdes","CLASIFICACION":"Camino Regional Comunal (En Proceso de Enrolamiento)","CALZADA":"U"},"geometry":{"type":"LineString","coordinates":[[-71.33581,-34.16887],[-71.34073,-34.16395],[-71.31944,-34.14654]]}},{"id":"13384","type":"Feature","properties":{"ROL":"S/R-H-181","NOMBRE_CAMINO":"Cruce H-189 (La Estancilla) - Codegua ","CLASIFICACION":"Camino Regional de Acceso (En Proceso de Enrolamiento)","CALZADA":"U"},"geometry":{"type":"LineString","coordinates":[[-70.63947,-34.04984],[-70.63756,-34.04522],[-70.63886,-34.03823]]}},{"id":"13385","type":"Feature","properties":{"ROL":"S/R-H-1866","NOMBRE_CAMINO":"Cruce H-82-I (La Esperanza) - Cruce H-82-I (El Toco)","CLASIFICACION":"Camino Regional Comunal (En Proceso de Enrolamiento)","CALZADA":"U"},"geometry":{"type":"LineString","coordinates":[[-71.41145,-34.35615],[-71.40629,-34.35764],[-71.40426,-34.36213],[-71.38549,-34.37343],[-71.38971,-34.3939]]}},{"id":"13386","type":"Feature","properties":{"ROL":"S/R-H-196","NOMBRE_CAMINO":"Cruce H-188 (Chancón) - Cruce H-188 (El Carmen)","CLASIFICACION":"Camino Regional de Acceso (En Proceso de Enrolamiento)","CALZADA":"U"},"geometry":{"type":"LineString","coordinates":[[-70.80971,-34.10793],[-70.80936,-34.10138]]}},{"id":"13387","type":"Feature","properties":{"ROL":"S/R-H-196","NOMBRE_CAMINO":"Cruce H-188 (Chancón) - Cruce H-188 (El Carmen)","CLASIFICACION":"Camino Regional de Acceso (En Proceso de Enrolamiento)","CALZADA":"U"},"geometry":{"type":"LineString","coordinates":[[-70.82198,-34.09336],[-70.8241,-34.09374],[-70.82985,-34.09144],[-70.83276,-34.09324],[-70.83356,-34.09662]]}},{"id":"13388","type":"Feature","properties":{"ROL":"S/R-H-198","NOMBRE_CAMINO":"La Chica - Chancón","CLASIFICACION":"Camino Regional Comunal (En Proceso de Enrolamiento)","CALZADA":"U"},"geometry":{"type":"LineString","coordinates":[[-70.80937,-34.10139],[-70.82194,-34.09336]]}},{"id":"13389","type":"Feature","properties":{"ROL":"S/R-H-208","NOMBRE_CAMINO":"Cruce H-188 - La Ramirana - Cruce H-192","CLASIFICACION":"Camino Regional Comunal (En Proceso de Enrolamiento)","CALZADA":"U"},"geometry":{"type":"LineString","coordinates":[[-70.84035,-34.09232],[-70.84354,-34.09058],[-70.84592,-34.09339],[-70.8478,-34.09352],[-70.85306,-34.10168]]}},{"id":"13390","type":"Feature","properties":{"ROL":"S/R-H-242","NOMBRE_CAMINO":"Cruce H-240 (San Ramón) - Cruce H-260 (Oficina Agrosuper)","CLASIFICACION":"Camino Regional Comunal (En Proceso de Enrolamiento)","CALZADA":"U"},"geometry":{"type":"LineString","coordinates":[[-70.81824,-34.15563],[-70.81906,-34.1576],[-70.82892,-34.1553],[-70.83956,-34.17435]]}},{"id":"13391","type":"Feature","properties":{"ROL":"S/R-H-261","NOMBRE_CAMINO":"Cruce H-27 (San Joaquín) - Cruce H-27(Santa Emilia)","CLASIFICACION":"Camino Regional Comunal (En Proceso de Enrolamiento)","CALZADA":"U"},"geometry":{"type":"LineString","coordinates":[[-70.70932,-34.18966],[-70.70729,-34.18577],[-70.70134,-34.18935]]}},{"id":"13392","type":"Feature","properties":{"ROL":"S/R-H-280","NOMBRE_CAMINO":"Cruce H-290- Av.Pedro Aguirre Cerda (Lo Miranda)","CLASIFICACION":"Camino Regional Comunal (En Proceso de Enrolamiento)","CALZADA":"U"},"geometry":{"type":"LineString","coordinates":[[-70.9104,-34.19746],[-70.8981,-34.19565]]}},{"id":"13393","type":"Feature","properties":{"ROL":"S/R-H-300","NOMBRE_CAMINO":"Cruce H-290 - Callejón Las Hijuelas - Cruce H-298","CLASIFICACION":"Camino Regional Comunal (En Proceso de Enrolamiento)","CALZADA":"U"},"geometry":{"type":"LineString","coordinates":[[-70.95228,-34.21989],[-70.94328,-34.22012],[-70.94291,-34.21889],[-70.93924,-34.21902]]}},{"id":"13394","type":"Feature","properties":{"ROL":"S/R-H-318","NOMBRE_CAMINO":"Cruce H-30 - Cruce H-308","CLASIFICACION":"Camino Regional Comunal (En Proceso de Enrolamiento)","CALZADA":"U"},"geometry":{"type":"LineString","coordinates":[[-70.98221,-34.24165],[-70.96872,-34.23722],[-70.96829,-34.23543]]}},{"id":"13395","type":"Feature","properties":{"ROL":"S/R-H-386","NOMBRE_CAMINO":"Cruce H-362 - Cruce H-362 (Lo Ulloa)","CLASIFICACION":"Camino Regional Comunal (En Proceso de Enrolamiento)","CALZADA":"U"},"geometry":{"type":"LineString","coordinates":[[-71.0966,-34.27844],[-71.09866,-34.27657],[-71.09729,-34.27865]]}},{"id":"13396","type":"Feature","properties":{"ROL":"S/R-H-414","NOMBRE_CAMINO":"Cruce Ruta 5 (Caletera) - Cruce H-40","CLASIFICACION":"Camino Regional de Acceso (En Proceso de Enrolamiento)","CALZADA":"U"},"geometry":{"type":"LineString","coordinates":[[-70.80031,-34.22859],[-70.81973,-34.23357],[-70.82071,-34.22415]]}},{"id":"13397","type":"Feature","properties":{"ROL":"S/R-H-421","NOMBRE_CAMINO":"Cruce H-409 - El Vaticano","CLASIFICACION":"Camino Regional de Acceso (En Proceso de Enrolamiento)","CALZADA":"U"},"geometry":{"type":"LineString","coordinates":[[-70.79461,-34.24631],[-70.7935,-34.24678],[-70.79553,-34.25087],[-70.78851,-34.25341]]}},{"id":"13398","type":"Feature","properties":{"ROL":"S/R-H-432","NOMBRE_CAMINO":"Cruce Ruta 5 - Cruce H-418","CLASIFICACION":"Camino Regional Comunal (En Proceso de Enrolamiento)","CALZADA":"U"},"geometry":{"type":"LineString","coordinates":[[-70.80846,-34.26445],[-70.85038,-34.24973],[-70.85053,-34.24859],[-70.8633,-34.24814]]}},{"id":"13399","type":"Feature","properties":{"ROL":"S/R-H-433","NOMBRE_CAMINO":"Cruce H-409 - Las Cabras","CLASIFICACION":"Camino Regional Comunal (En Proceso de Enrolamiento)","CALZADA":"U"},"geometry":{"type":"LineString","coordinates":[[-70.80009,-34.25708],[-70.79168,-34.26149],[-70.79366,-34.26733],[-70.76468,-34.27667]]}},{"id":"13400","type":"Feature","properties":{"ROL":"S/R-H-444","NOMBRE_CAMINO":"Cruce Ruta 5 (Requinoa) - Santa Lucila","CLASIFICACION":"Camino Regional de Acceso (En Proceso de Enrolamiento)","CALZADA":"U"},"geometry":{"type":"LineString","coordinates":[[-70.82851,-34.27979],[-70.82814,-34.27768],[-70.8401,-34.27357],[-70.8384,-34.26788],[-70.8413,-34.26683],[-70.8346,-34.2555]]}},{"id":"13401","type":"Feature","properties":{"ROL":"S/R-H-446","NOMBRE_CAMINO":"El Polo - Portones sur","CLASIFICACION":"Camino Regional Comunal (En Proceso de Enrolamiento)","CALZADA":"U"},"geometry":{"type":"LineString","coordinates":[[-70.81923,-34.26065],[-70.82207,-34.26617]]}},{"id":"13402","type":"Feature","properties":{"ROL":"S/R-H-448","NOMBRE_CAMINO":"Acceso a Monasterio Celeste","CLASIFICACION":"Camino Regional de Acceso (En Proceso de Enrolamiento)","CALZADA":"U"},"geometry":{"type":"LineString","coordinates":[[-70.83386,-34.2555],[-70.83164,-34.25128]]}},{"id":"13403","type":"Feature","properties":{"ROL":"S/R-H-452","NOMBRE_CAMINO":"Cruce H-50 (Esmeralda) - Cruce H-60","CLASIFICACION":"Camino Regional Comunal (En Proceso de Enrolamiento)","CALZADA":"U"},"geometry":{"type":"LineString","coordinates":[[-70.89618,-34.33163],[-70.90298,-34.34221],[-70.91228,-34.36258],[-70.91725,-34.36306],[-70.9397,-34.39281]]}},{"id":"13404","type":"Feature","properties":{"ROL":"S/R-H-453","NOMBRE_CAMINO":"Cruce H-455 - Los Boldos","CLASIFICACION":"Camino Regional de Acceso (En Proceso de Enrolamiento)","CALZADA":"U"},"geometry":{"type":"LineString","coordinates":[[-70.76701,-34.31673],[-70.75974,-34.30388],[-70.75405,-34.30771]]}},{"id":"13405","type":"Feature","properties":{"ROL":"S/R-H-454","NOMBRE_CAMINO":"Millaray - Quinta de Tilcoco","CLASIFICACION":"Camino Regional Comunal (En Proceso de Enrolamiento)","CALZADA":"U"},"geometry":{"type":"LineString","coordinates":[[-70.93387,-34.38509],[-70.94165,-34.38331],[-70.94301,-34.38199]]}},{"id":"13406","type":"Feature","properties":{"ROL":"S/R-H-456","NOMBRE_CAMINO":"Cruce H-60 (Millaray) - Cruce H-60","CLASIFICACION":"Camino Regional Comunal (En Proceso de Enrolamiento)","CALZADA":"U"},"geometry":{"type":"LineString","coordinates":[[-70.97738,-34.38406],[-70.9618,-34.36061],[-70.96615,-34.35773]]}},{"id":"13407","type":"Feature","properties":{"ROL":"S/R-H-457","NOMBRE_CAMINO":"Cruce H-455 - Cruce H-455 (Halcones)","CLASIFICACION":"Camino Regional Comunal (En Proceso de Enrolamiento)","CALZADA":"U"},"geometry":{"type":"LineString","coordinates":[[-70.74633,-34.32569],[-70.74177,-34.32108],[-70.72491,-34.32978],[-70.72617,-34.33319]]}},{"id":"13408","type":"Feature","properties":{"ROL":"S/R-H-464","NOMBRE_CAMINO":"Cruce Ruta 5 (Caletera) - Los Choapinos","CLASIFICACION":"Camino Regional Comunal (En Proceso de Enrolamiento)","CALZADA":"U"},"geometry":{"type":"LineString","coordinates":[[-70.83286,-34.32847],[-70.83477,-34.32787]]}},{"id":"13409","type":"Feature","properties":{"ROL":"S/R-H-496","NOMBRE_CAMINO":"Los Choapinos","CLASIFICACION":"Camino Regional Comunal (En Proceso de Enrolamiento)","CALZADA":"U"},"geometry":{"type":"LineString","coordinates":[[-70.83386,-34.32816],[-70.8325,-34.32154],[-70.8418,-34.31877]]}},{"id":"13410","type":"Feature","properties":{"ROL":"S/R-H-520","NOMBRE_CAMINO":"Cruce H-38 (La Viña) - Cruce H- 56 (Guacarhue)","CLASIFICACION":"Camino Regional Comunal (En Proceso de Enrolamiento)","CALZADA":"U"},"geometry":{"type":"LineString","coordinates":[[-70.96752,-34.33684],[-70.98554,-34.33686],[-70.9896,-34.33826],[-70.996,-34.33487],[-71.00145,-34.34057],[-71.00019,-34.34306],[-71.00264,-34.34391],[-71.00103,-34.34906],[-71.00167,-34.35124]]}},{"id":"13411","type":"Feature","properties":{"ROL":"S/R-H-534","NOMBRE_CAMINO":"Cruce H-530 - Acceso a Pueblo Hundido","CLASIFICACION":"Camino Regional de Acceso (En Proceso de Enrolamiento)","CALZADA":"U"},"geometry":{"type":"LineString","coordinates":[[-70.8762,-34.37885],[-70.8854,-34.38094]]}},{"id":"13412","type":"Feature","properties":{"ROL":"S/R-H-612","NOMBRE_CAMINO":"Cruce H-584 (Carrizal) - Cruce H-634 ","CLASIFICACION":"Camino Regional Comunal (En Proceso de Enrolamiento)","CALZADA":"U"},"geometry":{"type":"LineString","coordinates":[[-71.05639,-34.37619],[-71.05709,-34.37789],[-71.05592,-34.37884],[-71.05816,-34.38479]]}},{"id":"13413","type":"Feature","properties":{"ROL":"H-731","NOMBRE_CAMINO":"Cruce I-721-H (Cuenca) - Fundo Los Llanos","CLASIFICACION":"Camino Regional de Acceso","CALZADA":"U"},"geometry":{"type":"LineString","coordinates":[[-70.85614,-34.48565],[-70.84915,-34.48587],[-70.84679,-34.48775],[-70.84784,-34.49002],[-70.84673,-34.4905]]}},{"id":"13414","type":"Feature","properties":{"ROL":"S/R-H-738","NOMBRE_CAMINO":"Cruce Ruta 66 - Rosario Río","CLASIFICACION":"Camino Regional de Acceso (En Proceso de Enrolamiento)","CALZADA":"U"},"geometry":{"type":"LineString","coordinates":[[-71.22818,-34.34546],[-71.24039,-34.36034]]}},{"id":"13415","type":"Feature","properties":{"ROL":"S/R-H-812","NOMBRE_CAMINO":"Cruce H-800  (El Tambo) - Cruce H-830 (La Laguna)","CLASIFICACION":"Camino Regional Comunal (En Proceso de Enrolamiento)","CALZADA":"U"},"geometry":{"type":"LineString","coordinates":[[-71.0853,-34.48324],[-71.09046,-34.48079],[-71.10081,-34.48618],[-71.1093,-34.48553],[-71.11178,-34.48366],[-71.11859,-34.48441],[-71.11987,-34.48609],[-71.1216,-34.48527],[-71.1248,-34.48612],[-71.14115,-34.49226],[-71.14506,-34.49106],[-71.14378,-34.48932],[-71.14375,-34.48554],[-71.14691,-34.47994],[-71.15324,-34.47454],[-71.15898,-34.4735],[-71.16259,-34.47096],[-71.16409,-34.46671]]}},{"id":"13416","type":"Feature","properties":{"ROL":"S/R-H-828","NOMBRE_CAMINO":"Cruce H-800 (Rinconada del Tambo) - Cruce H-830 (Los Mayos)","CLASIFICACION":"Camino Regional de Acceso (En Proceso de Enrolamiento)","CALZADA":"U"},"geometry":{"type":"LineString","coordinates":[[-71.08677,-34.49358],[-71.0899,-34.49707],[-71.11785,-34.50255],[-71.12272,-34.50847],[-71.14965,-34.50787],[-71.15266,-34.50557],[-71.15383,-34.50752],[-71.16353,-34.5058],[-71.17642,-34.52563],[-71.19826,-34.51477]]}},{"id":"13417","type":"Feature","properties":{"ROL":"S/R-H-868","NOMBRE_CAMINO":"Cruce Ruta 66 - Santa Clarisa","CLASIFICACION":"Camino Regional Comunal (En Proceso de Enrolamiento)","CALZADA":"U"},"geometry":{"type":"LineString","coordinates":[[-71.37632,-34.10057],[-71.38414,-34.10199],[-71.3913,-34.10105],[-71.39447,-34.09923],[-71.39755,-34.09512]]}},{"id":"13418","type":"Feature","properties":{"ROL":"S/R-H-878","NOMBRE_CAMINO":"Cruce H-882 (San Roberto) - El Asta","CLASIFICACION":"Camino Regional de Acceso (En Proceso de Enrolamiento)","CALZADA":"U"},"geometry":{"type":"LineString","coordinates":[[-71.36214,-34.40246],[-71.35997,-34.38916],[-71.36374,-34.38497],[-71.36443,-34.38028],[-71.36777,-34.37866]]}},{"id":"13419","type":"Feature","properties":{"ROL":"S/R-H-886","NOMBRE_CAMINO":"Cruce H-82-I - Las Rosas - Cruce H-874","CLASIFICACION":"Camino Regional Comunal (En Proceso de Enrolamiento)","CALZADA":"U"},"geometry":{"type":"LineString","coordinates":[[-71.36881,-34.2934],[-71.36198,-34.29892]]}},{"id":"13420","type":"Feature","properties":{"ROL":"S/R-H-888","NOMBRE_CAMINO":"Santa Clarisa - El Pino","CLASIFICACION":"Camino Regional Comunal (En Proceso de Enrolamiento)","CALZADA":"U"},"geometry":{"type":"LineString","coordinates":[[-71.39092,-34.1011],[-71.39442,-34.10279],[-71.39164,-34.10886],[-71.39255,-34.11434],[-71.39404,-34.11565],[-71.39938,-34.11491]]}},{"id":"13421","type":"Feature","properties":{"ROL":"S/R-H-900","NOMBRE_CAMINO":"Cruce H-858 - Los Yuyos","CLASIFICACION":"Camino Regional de Acceso (En Proceso de Enrolamiento)","CALZADA":"U"},"geometry":{"type":"LineString","coordinates":[[-71.28766,-34.43909],[-71.29089,-34.45566]]}},{"id":"13422","type":"Feature","properties":{"ROL":"S/R-H-914","NOMBRE_CAMINO":"El Almendro - Valdebenito","CLASIFICACION":"Camino Regional de Acceso (En Proceso de Enrolamiento)","CALZADA":"U"},"geometry":{"type":"LineString","coordinates":[[-71.33653,-34.08828],[-71.31859,-34.08314]]}},{"id":"13423","type":"Feature","properties":{"ROL":"S/R-H-940","NOMBRE_CAMINO":"El Toco - Pasaje El Toco","CLASIFICACION":"Camino Regional de Acceso (En Proceso de Enrolamiento)","CALZADA":"U"},"geometry":{"type":"LineString","coordinates":[[-71.40633,-34.35762],[-71.40093,-34.35675]]}},{"id":"13424","type":"Feature","properties":{"ROL":"S/R-H-946","NOMBRE_CAMINO":"Cruce H-82-I - Los Aromos","CLASIFICACION":"Camino Regional de Acceso (En Proceso de Enrolamiento)","CALZADA":"U"},"geometry":{"type":"LineString","coordinates":[[-71.37271,-34.42683],[-71.36037,-34.42284]]}},{"id":"13425","type":"Feature","properties":{"ROL":"S/R-I-1048","NOMBRE_CAMINO":"Cruce I-112 (Pupuya) - Cruce I-194 (Chorrillo )","CLASIFICACION":"Camino Regional Comunal (En Proceso de Enrolamiento)","CALZADA":"U"},"geometry":{"type":"LineString","coordinates":[[-71.86351,-33.98637],[-71.8739,-33.98643],[-71.88043,-33.9887],[-71.8806,-33.99113]]}},{"id":"13426","type":"Feature","properties":{"ROL":"S/R-I-106","NOMBRE_CAMINO":"Cruce I-112 - Cruce I-190 (El Fullingue)","CLASIFICACION":"Camino Regional Comunal (En Proceso de Enrolamiento)","CALZADA":"U"},"geometry":{"type":"LineString","coordinates":[[-71.84233,-34.02493],[-71.845,-34.03228],[-71.84219,-34.04048],[-71.84303,-34.04273],[-71.84171,-34.04495],[-71.84321,-34.04815],[-71.84156,-34.05054]]}},{"id":"13427","type":"Feature","properties":{"ROL":"S/R-I-114","NOMBRE_CAMINO":"Cruce I-62-G - Caserio Talca- Cruce I-116 (Litueche)","CLASIFICACION":"Camino Regional Comunal (En Proceso de Enrolamiento)","CALZADA":"U"},"geometry":{"type":"LineString","coordinates":[[-71.70014,-34.10087],[-71.70498,-34.09955],[-71.71291,-34.10568],[-71.71489,-34.10599]]}},{"id":"13428","type":"Feature","properties":{"ROL":"S/R-I-124","NOMBRE_CAMINO":"Cruce I-62-G (Litueche) - Manquehua","CLASIFICACION":"Camino Regional de Acceso (En Proceso de Enrolamiento)","CALZADA":"U"},"geometry":{"type":"LineString","coordinates":[[-71.727,-34.1171],[-71.71477,-34.12207],[-71.71446,-34.12616],[-71.71706,-34.12932],[-71.71347,-34.13518],[-71.71093,-34.13738],[-71.70871,-34.13699]]}},{"id":"13429","type":"Feature","properties":{"ROL":"S/R-I-1338","NOMBRE_CAMINO":"Los Maquis - Valle Hermoso","CLASIFICACION":"Camino Regional Comunal (En Proceso de Enrolamiento)","CALZADA":"U"},"geometry":{"type":"LineString","coordinates":[[-71.33335,-34.53477],[-71.33781,-34.54777],[-71.34176,-34.54982],[-71.35662,-34.55018]]}},{"id":"13430","type":"Feature","properties":{"ROL":"S/R-I-134","NOMBRE_CAMINO":"Cruce I-138 (Pulín Viejo) - Cruce I-138","CLASIFICACION":"Camino Regional Comunal (En Proceso de Enrolamiento)","CALZADA":"U"},"geometry":{"type":"LineString","coordinates":[[-71.55996,-34.12003],[-71.56448,-34.12157],[-71.57116,-34.13049],[-71.57218,-34.13268],[-71.56857,-34.13489],[-71.56854,-34.13659],[-71.57122,-34.13997],[-71.57534,-34.14041],[-71.57338,-34.14111],[-71.57445,-34.14355]]}},{"id":"13431","type":"Feature","properties":{"ROL":"S/R-I-142","NOMBRE_CAMINO":"Cruce I-20 (La Estrella) - Crucec I-120 (Los Pasillos)","CLASIFICACION":"Camino Regional Comunal (En Proceso de Enrolamiento)","CALZADA":"U"},"geometry":{"type":"LineString","coordinates":[[-71.68973,-34.20035],[-71.68956,-34.19785],[-71.68763,-34.19606],[-71.68492,-34.1956],[-71.67751,-34.19033],[-71.67522,-34.19069],[-71.67429,-34.18854],[-71.67225,-34.18812],[-71.66839,-34.18935],[-71.66354,-34.18888],[-71.65758,-34.19176],[-71.65529,-34.19434],[-71.65464,-34.19615],[-71.65573,-34.19777],[-71.65394,-34.19995]]}},{"id":"13432","type":"Feature","properties":{"ROL":"S/R-I-1524","NOMBRE_CAMINO":"Cruce I-520 (La Villa) - La Plaza","CLASIFICACION":"Camino Regional de Acceso (En Proceso de Enrolamiento)","CALZADA":"U"},"geometry":{"type":"LineString","coordinates":[[-71.97581,-34.51827],[-71.98066,-34.51906],[-71.98278,-34.52363],[-71.98778,-34.52425],[-71.98905,-34.52777]]}},{"id":"13433","type":"Feature","properties":{"ROL":"S/R-I-248","NOMBRE_CAMINO":"Cruce I-80-G (Rapel) - El Peral","CLASIFICACION":"Camino Regional de Acceso (En Proceso de Enrolamiento)","CALZADA":"U"},"geometry":{"type":"LineString","coordinates":[[-71.73551,-33.95075],[-71.74453,-33.96108]]}},{"id":"13434","type":"Feature","properties":{"ROL":"S/R-I-266","NOMBRE_CAMINO":"Cruce I-62-G - Quelantaro Bajo - Cruce I-236","CLASIFICACION":"Camino Regional Comunal (En Proceso de Enrolamiento)","CALZADA":"U"},"geometry":{"type":"LineString","coordinates":[[-71.56132,-34.03078],[-71.55729,-34.02948],[-71.5518,-34.03058],[-71.54252,-34.02341]]}},{"id":"13435","type":"Feature","properties":{"ROL":"S/R-I-284","NOMBRE_CAMINO":"Cruce I-20 - El Cajón","CLASIFICACION":"Camino Regional de Acceso (En Proceso de Enrolamiento)","CALZADA":"U"},"geometry":{"type":"LineString","coordinates":[[-71.69532,-34.19963],[-71.70212,-34.19865],[-71.70745,-34.19099]]}},{"id":"13436","type":"Feature","properties":{"ROL":"S/R-I-302","NOMBRE_CAMINO":"Cruce Ruta 90 - San Elias - Cruce I-340 ","CLASIFICACION":"Camino Regional Comunal (En Proceso de Enrolamiento)","CALZADA":"U"},"geometry":{"type":"LineString","coordinates":[[-71.38876,-34.56611],[-71.37861,-34.56571],[-71.37732,-34.56338]]}},{"id":"13437","type":"Feature","properties":{"ROL":"S/R-I-324","NOMBRE_CAMINO":"Cruce H-82-I - Los Olmos","CLASIFICACION":"Camino Regional de Acceso (En Proceso de Enrolamiento)","CALZADA":"U"},"geometry":{"type":"LineString","coordinates":[[-71.36171,-34.49486],[-71.36866,-34.49437]]}},{"id":"13438","type":"Feature","properties":{"ROL":"S/R-I-331","NOMBRE_CAMINO":"Cruce I-309 - San Ignacio","CLASIFICACION":"Camino Regional Comunal (En Proceso de Enrolamiento)","CALZADA":"U"},"geometry":{"type":"LineString","coordinates":[[-70.85485,-34.64929],[-70.85444,-34.64758],[-70.8575,-34.64346]]}},{"id":"13439","type":"Feature","properties":{"ROL":"S/R-I-338","NOMBRE_CAMINO":"Cruce H-82-I - Agua Santa - Cruce I-350","CLASIFICACION":"Camino Regional Comunal (En Proceso de Enrolamiento)","CALZADA":"U"},"geometry":{"type":"LineString","coordinates":[[-71.36493,-34.52097],[-71.35299,-34.56283],[-71.3481,-34.56268],[-71.34952,-34.57448],[-71.34665,-34.58809],[-71.34762,-34.59866],[-71.34345,-34.60242],[-71.34132,-34.60199],[-71.3382,-34.6103],[-71.32891,-34.6186],[-71.32754,-34.62847],[-71.3199,-34.63299]]}},{"id":"13440","type":"Feature","properties":{"ROL":"S/R-I-358","NOMBRE_CAMINO":"Cruce Ruta 90 (Oriente) - La Troya Sur - Cruce Ruta 90 (Poniente)","CLASIFICACION":"Camino Regional Comunal (En Proceso de Enrolamiento)","CALZADA":"U"},"geometry":{"type":"LineString","coordinates":[[-71.44548,-34.48517],[-71.44649,-34.48278],[-71.46619,-34.48667]]}},{"id":"13441","type":"Feature","properties":{"ROL":"S/R-I-402","NOMBRE_CAMINO":"Cruce I-38 - Planta Fotovoltaica","CLASIFICACION":"Camino Regional de Acceso (En Proceso de Enrolamiento)","CALZADA":"U"},"geometry":{"type":"LineString","coordinates":[[-71.08972,-34.61659],[-71.09118,-34.61134],[-71.09296,-34.61076],[-71.09452,-34.60631]]}},{"id":"13442","type":"Feature","properties":{"ROL":"S/R-I-411","NOMBRE_CAMINO":"Cruce I-45 (Pedehue) - Cruce I-45 (Paradero 22)","CLASIFICACION":"Camino Regional Comunal (En Proceso de Enrolamiento)","CALZADA":"U"},"geometry":{"type":"LineString","coordinates":[[-70.97029,-34.60876],[-70.95708,-34.61764]]}},{"id":"13443","type":"Feature","properties":{"ROL":"S/R-I-461","NOMBRE_CAMINO":"Cruce I-45 - Isla de Briones - Río Tinguiririca","CLASIFICACION":"Camino Regional Comunal (En Proceso de Enrolamiento)","CALZADA":"U"},"geometry":{"type":"LineString","coordinates":[[-70.86311,-34.69246],[-70.85848,-34.6904],[-70.84864,-34.6966]]}},{"id":"13444","type":"Feature","properties":{"ROL":"S/R-I-481","NOMBRE_CAMINO":"Cruce I-45 - Las Villas","CLASIFICACION":"Camino Regional de Acceso (En Proceso de Enrolamiento)","CALZADA":"U"},"geometry":{"type":"LineString","coordinates":[[-70.86167,-34.69376],[-70.87024,-34.699]]}},{"id":"13445","type":"Feature","properties":{"ROL":"S/R-I-604","NOMBRE_CAMINO":"Cruce I-72 (Puente Hacienda Lolol) - La Cabaña","CLASIFICACION":"Camino Regional de Acceso (En Proceso de Enrolamiento)","CALZADA":"U"},"geometry":{"type":"LineString","coordinates":[[-71.5844,-34.71197],[-71.576,-34.72001],[-71.56777,-34.72217]]}},{"id":"13446","type":"Feature","properties":{"ROL":"S/R-I-686","NOMBRE_CAMINO":"Cruce I-72 - La Queseria","CLASIFICACION":"Camino Regional de Acceso (En Proceso de Enrolamiento)","CALZADA":"U"},"geometry":{"type":"LineString","coordinates":[[-71.88409,-34.65606],[-71.88335,-34.65345],[-71.87866,-34.65018],[-71.87834,-34.64835],[-71.8758,-34.64642],[-71.87225,-34.64616]]}},{"id":"13447","type":"Feature","properties":{"ROL":"S/R-I-722","NOMBRE_CAMINO":"Cruce I-720 - Cruce I-730","CLASIFICACION":"Camino Regional Comunal (En Proceso de Enrolamiento)","CALZADA":"U"},"geometry":{"type":"LineString","coordinates":[[-71.37356,-34.60849],[-71.38427,-34.61008]]}},{"id":"13448","type":"Feature","properties":{"ROL":"S/R-I-722","NOMBRE_CAMINO":"Cruce I-720 - Cruce I-730","CLASIFICACION":"Camino Regional Comunal (En Proceso de Enrolamiento)","CALZADA":"U"},"geometry":{"type":"LineString","coordinates":[[-71.39357,-34.61969],[-71.40143,-34.61946],[-71.4054,-34.62113]]}},{"id":"13449","type":"Feature","properties":{"ROL":"S/R-I-724","NOMBRE_CAMINO":"Cruce I-710 - Quebrada de Yaquil - Cruce I-710 ","CLASIFICACION":"Camino Regional Comunal (En Proceso de Enrolamiento)","CALZADA":"U"},"geometry":{"type":"LineString","coordinates":[[-71.47536,-34.5616],[-71.47923,-34.56468],[-71.48394,-34.56556],[-71.48148,-34.57035],[-71.47878,-34.57167]]}},{"id":"13450","type":"Feature","properties":{"ROL":"S/R-I-757","NOMBRE_CAMINO":"Cruce I-725 - Fundo","CLASIFICACION":"Camino Regional de Acceso (En Proceso de Enrolamiento)","CALZADA":"U"},"geometry":{"type":"LineString","coordinates":[[-71.03984,-34.77677],[-71.02734,-34.77669]]}},{"id":"13451","type":"Feature","properties":{"ROL":"S/R-I-980","NOMBRE_CAMINO":"Cruce I-192 (Tuman) - Puertecillo","CLASIFICACION":"Camino Regional Comunal (En Proceso de Enrolamiento)","CALZADA":"U"},"geometry":{"type":"LineString","coordinates":[[-71.91678,-34.06872],[-71.92217,-34.07043],[-71.92847,-34.06926]]}},{"id":"13452","type":"Feature","properties":{"ROL":"S/R-I-986","NOMBRE_CAMINO":"Acceso a El Carril","CLASIFICACION":"Camino Regional de Acceso (En Proceso de Enrolamiento)","CALZADA":"U"},"geometry":{"type":"LineString","coordinates":[[-71.8443,-34.03444],[-71.84702,-34.03961],[-71.84416,-34.04062]]}},{"id":"13453","type":"Feature","properties":{"ROL":"S/R-H-1520","NOMBRE_CAMINO":"Cruce H-56 - Copa de agua","CLASIFICACION":"Camino Regional de Acceso (En Proceso de Enrolamiento)","CALZADA":"U"},"geometry":{"type":"LineString","coordinates":[[-71.00093,-34.35164],[-71.00167,-34.35124]]}},{"id":"13454","type":"Feature","properties":{"ROL":"S/R-H-736","NOMBRE_CAMINO":"Cruce Ruta 66 (Oriente) - Rosario Cerro - Cruce Ruta 66 (Poniente)","CLASIFICACION":"Camino Regional de Acceso (En Proceso de Enrolamiento)","CALZADA":"U"},"geometry":{"type":"LineString","coordinates":[[-71.21719,-34.3537],[-71.21336,-34.35086],[-71.21158,-34.35164],[-71.20712,-34.3481],[-71.20759,-34.34605],[-71.20578,-34.34365],[-71.20723,-34.34128],[-71.21033,-34.34074],[-71.21538,-34.33726],[-71.22152,-34.33974],[-71.22769,-34.34583]]}},{"id":"13455","type":"Feature","properties":{"ROL":"H-784","NOMBRE_CAMINO":"Cruce Ruta 66 (El Carmen) - Cuesta el Guanaco - Cruce  H-78","CLASIFICACION":"Camino Regional Comunal","CALZADA":"U"},"geometry":{"type":"LineString","coordinates":[[-71.37996,-34.26017],[-71.37604,-34.25712],[-71.37421,-34.24852],[-71.37143,-34.24624],[-71.37085,-34.24295],[-71.36476,-34.23688],[-71.36605,-34.22583]]}},{"id":"13456","type":"Feature","properties":{"ROL":"I-150","NOMBRE_CAMINO":"Cruce I-20 (La Estrella) - Límite Provincial","CLASIFICACION":"Camino Regional Comunal","CALZADA":"U"},"geometry":{"type":"LineString","coordinates":[[-71.50427,-34.19829],[-71.49821,-34.19511],[-71.49483,-34.19577],[-71.49268,-34.19473]]}},{"id":"13457","type":"Feature","properties":{"ROL":"I-494","NOMBRE_CAMINO":"Cruce I-410 (Alto Ramírez) - Cruce I-520 (El Quillay)","CLASIFICACION":"Camino Regional Comunal","CALZADA":"U"},"geometry":{"type":"LineString","coordinates":[[-71.9312,-34.55953],[-71.93361,-34.56086],[-71.93369,-34.56525],[-71.93617,-34.56948]]}},{"id":"13458","type":"Feature","properties":{"ROL":"I-660","NOMBRE_CAMINO":"Cruce Ruta 90 (Marchigüe) - Cruce I-60 (Peñablanca)","CLASIFICACION":"Camino Regional Provincial","CALZADA":"U"},"geometry":{"type":"LineString","coordinates":[[-71.6718,-34.45243],[-71.67674,-34.46774]]}},{"id":"13459","type":"Feature","properties":{"ROL":"S/R-H-444","NOMBRE_CAMINO":"Cruce Ruta 5 (Requinoa) - Santa Lucila","CLASIFICACION":"Camino Regional de Acceso (En Proceso de Enrolamiento)","CALZADA":"U"},"geometry":{"type":"LineString","coordinates":[[-70.81888,-34.28255],[-70.82851,-34.27979]]}},{"id":"13460","type":"Feature","properties":{"ROL":"S/R-H-444","NOMBRE_CAMINO":"Cruce Ruta 5 (Requinoa) - Santa Lucila","CLASIFICACION":"Camino Regional de Acceso (En Proceso de Enrolamiento)","CALZADA":"U"},"geometry":{"type":"LineString","coordinates":[[-70.8346,-34.2555],[-70.83447,-34.25529]]}},{"id":"13461","type":"Feature","properties":{"ROL":"S/R-I-178","NOMBRE_CAMINO":"El Cajón - El Rincón","CLASIFICACION":"Camino Regional de Acceso (En Proceso de Enrolamiento)","CALZADA":"U"},"geometry":{"type":"LineString","coordinates":[[-71.70756,-34.19083],[-71.71149,-34.18578]]}},{"id":"13462","type":"Feature","properties":{"ROL":"I-918","NOMBRE_CAMINO":"Cruce Ruta 5 (Caletera) - El Eucalipto","CLASIFICACION":"Camino Regional de Acceso","CALZADA":"U"},"geometry":{"type":"LineString","coordinates":[[-71.09499,-34.81973],[-71.0946,-34.81904]]}},{"id":"13463","type":"Feature","properties":{"ROL":"I-912","NOMBRE_CAMINO":"Cruce I-910 - Cruce I-914","CLASIFICACION":"Camino Regional de Acceso","CALZADA":"U"},"geometry":{"type":"LineString","coordinates":[[-71.0574,-34.7984],[-71.07356,-34.81943]]}},{"id":"13464","type":"Feature","properties":{"ROL":"S/R-H-804","NOMBRE_CAMINO":"Cruce H-784 (El Rincón) - Las Quiscas","CLASIFICACION":"Camino Regional de Acceso (En Proceso de Enrolamiento)","CALZADA":"U"},"geometry":{"type":"LineString","coordinates":[[-71.36849,-34.24067],[-71.36331,-34.24048],[-71.35267,-34.23552],[-71.35327,-34.23147],[-71.34712,-34.22746]]}},{"id":"13465","type":"Feature","properties":{"ROL":"S/R-H-314","NOMBRE_CAMINO":"Cruce H-30 - Cruce H-312","CLASIFICACION":"Camino Regional Comunal (En Proceso de Enrolamiento)","CALZADA":"U"},"geometry":{"type":"LineString","coordinates":[[-70.97785,-34.23696],[-70.98047,-34.22635],[-70.98315,-34.2246],[-70.98337,-34.22289],[-70.98629,-34.22372]]}},{"id":"13466","type":"Feature","properties":{"ROL":"S/R-H-326","NOMBRE_CAMINO":"Cruce H-324 (Oriente) - Las Damas - Cruce H-324 (Poniente)","CLASIFICACION":"Camino Regional Comunal (En Proceso de Enrolamiento)","CALZADA":"U"},"geometry":{"type":"LineString","coordinates":[[-71.0688,-34.24178],[-71.07273,-34.23917],[-71.07468,-34.23943],[-71.07474,-34.24283],[-71.07247,-34.24373]]}},{"id":"13467","type":"Feature","properties":{"ROL":"S/R-H-205","NOMBRE_CAMINO":"Cruce H-15 - Miraflores","CLASIFICACION":"Camino Regional de Acceso (En Proceso de Enrolamiento)","CALZADA":"U"},"geometry":{"type":"LineString","coordinates":[[-70.68643,-34.12751],[-70.63844,-34.13292]]}},{"id":"13468","type":"Feature","properties":{"ROL":"S/R-H-195","NOMBRE_CAMINO":"Cruce H-15 - Callejón Las Peras","CLASIFICACION":"Camino Regional de Acceso (En Proceso de Enrolamiento)","CALZADA":"U"},"geometry":{"type":"LineString","coordinates":[[-70.67563,-34.08953],[-70.66161,-34.09444]]}},{"id":"13469","type":"Feature","properties":{"ROL":"S/R-I-354","NOMBRE_CAMINO":"Cruce I-322 - Callejón La Mina","CLASIFICACION":"Camino Regional de Acceso (En Proceso de Enrolamiento)","CALZADA":"U"},"geometry":{"type":"LineString","coordinates":[[-71.3111,-34.47586],[-71.30771,-34.46734]]}},{"id":"13470","type":"Feature","properties":{"ROL":"S/R-I-531","NOMBRE_CAMINO":"Cruce I-525 - Las Tinajas","CLASIFICACION":"Camino Regional de Acceso (En Proceso de Enrolamiento)","CALZADA":"U"},"geometry":{"type":"LineString","coordinates":[[-70.97583,-34.69826],[-70.97805,-34.70252]]}},{"id":"13471","type":"Feature","properties":{"ROL":"S/R-I-992","NOMBRE_CAMINO":"Cruce I-128 - Los Picaflores","CLASIFICACION":"Camino Regional de Acceso (En Proceso de Enrolamiento)","CALZADA":"U"},"geometry":{"type":"LineString","coordinates":[[-71.76541,-34.14998],[-71.77813,-34.15486],[-71.78628,-34.15992],[-71.79447,-34.16139],[-71.7968,-34.16365],[-71.81224,-34.15745],[-71.82428,-34.16014]]}},{"id":"13472","type":"Feature","properties":{"ROL":"S/R-I-356","NOMBRE_CAMINO":"Cruce I-330 - Santa Victoria","CLASIFICACION":"Camino Regional de Acceso (En Proceso de Enrolamiento)","CALZADA":"U"},"geometry":{"type":"LineString","coordinates":[[-71.39849,-34.46441],[-71.3882,-34.46189]]}},{"id":"13473","type":"Feature","properties":{"ROL":"S/R-I-304","NOMBRE_CAMINO":"Cruce Ruta 90 - San Rafael - Cruce I-340","CLASIFICACION":"Camino Regional Comunal (En Proceso de Enrolamiento)","CALZADA":"U"},"geometry":{"type":"LineString","coordinates":[[-71.39232,-34.56145],[-71.37753,-34.56064]]}},{"id":"13474","type":"Feature","properties":{"ROL":"S/R-I-308","NOMBRE_CAMINO":"Población Santa Matilde - Cruce I-320-H","CLASIFICACION":"Camino Regional Comunal (En Proceso de Enrolamiento)","CALZADA":"U"},"geometry":{"type":"LineString","coordinates":[[-71.32683,-34.47146],[-71.32367,-34.46819],[-71.32381,-34.46636]]}},{"id":"13475","type":"Feature","properties":{"ROL":"S/R-I-996","NOMBRE_CAMINO":"Cruce I-128 - Villa Lo Cartagena","CLASIFICACION":"Camino Regional de Acceso (En Proceso de Enrolamiento)","CALZADA":"U"},"geometry":{"type":"LineString","coordinates":[[-71.75407,-34.18588],[-71.76857,-34.19424],[-71.78494,-34.1986],[-71.78553,-34.20344],[-71.782,-34.20624],[-71.77879,-34.21264],[-71.783,-34.2171],[-71.77714,-34.22781]]}},{"id":"13476","type":"Feature","properties":{"ROL":"I-410","NOMBRE_CAMINO":"Cruce I-450 - Alto Ramírez - Cruce I-184","CLASIFICACION":"Camino Regional Comunal","CALZADA":"U"},"geometry":{"type":"LineString","coordinates":[[-71.90712,-34.48459],[-71.90465,-34.4818],[-71.90221,-34.48264]]}},{"id":"13477","type":"Feature","properties":{"ROL":"S/R-H-1840","NOMBRE_CAMINO":"Cruce H-76-I - Los Romos","CLASIFICACION":"Camino Regional de Acceso (En Proceso de Enrolamiento)","CALZADA":"U"},"geometry":{"type":"LineString","coordinates":[[-71.14204,-34.4345],[-71.13985,-34.42569]]}},{"id":"13478","type":"Feature","properties":{"ROL":"I-914","NOMBRE_CAMINO":"Cruce Ruta 5 - Convento Viejo","CLASIFICACION":"Camino Regional de Acceso","CALZADA":"U"},"geometry":{"type":"LineString","coordinates":[[-71.0688,-34.82241],[-71.07211,-34.82216]]}},{"id":"13479","type":"Feature","properties":{"ROL":"I-914","NOMBRE_CAMINO":"Cruce Ruta 5 - Convento Viejo","CLASIFICACION":"Camino Regional de Acceso","CALZADA":"U"},"geometry":{"type":"LineString","coordinates":[[-71.07211,-34.82216],[-71.07088,-34.82116],[-71.08266,-34.81298]]}},{"id":"13480","type":"Feature","properties":{"ROL":"S/R-H-110","NOMBRE_CAMINO":"Cruce H-10 - Cancha Carrera ","CLASIFICACION":"Camino Regional de Acceso (En Proceso de Enrolamiento)","CALZADA":"U"},"geometry":{"type":"LineString","coordinates":[[-70.71573,-33.99585],[-70.72473,-33.99394]]}},{"id":"13481","type":"Feature","properties":{"ROL":"S/R-H-221","NOMBRE_CAMINO":"Cruce H-15 - Nuevos campos","CLASIFICACION":"Camino Regional de Acceso (En Proceso de Enrolamiento)","CALZADA":"U"},"geometry":{"type":"LineString","coordinates":[[-70.68462,-34.12095],[-70.7002,-34.11689]]}},{"id":"13482","type":"Feature","properties":{"ROL":"S/R-H-462","NOMBRE_CAMINO":"Cruce H-450 - Las Rosas","CLASIFICACION":"Camino Regional de Acceso (En Proceso de Enrolamiento)","CALZADA":"U"},"geometry":{"type":"LineString","coordinates":[[-70.84056,-34.28108],[-70.84253,-34.28624],[-70.85185,-34.29761]]}},{"id":"13483","type":"Feature","properties":{"ROL":"S/R-H-512","NOMBRE_CAMINO":"Cruce H-50 - Fundo","CLASIFICACION":"Camino Regional de Acceso (En Proceso de Enrolamiento)","CALZADA":"U"},"geometry":{"type":"LineString","coordinates":[[-70.96206,-34.35327],[-70.96192,-34.35335]]}},{"id":"13484","type":"Feature","properties":{"ROL":"S/R-H-671","NOMBRE_CAMINO":"Cruce H-611 - San Luís","CLASIFICACION":"Camino Regional de Acceso (En Proceso de Enrolamiento)","CALZADA":"U"},"geometry":{"type":"LineString","coordinates":[[-70.888,-34.44411],[-70.88249,-34.44579]]}},{"id":"13485","type":"Feature","properties":{"ROL":"S/R-H-704","NOMBRE_CAMINO":"Cruce Ruta 66 - La Capilla","CLASIFICACION":"Camino Regional de Acceso (En Proceso de Enrolamiento)","CALZADA":"U"},"geometry":{"type":"LineString","coordinates":[[-70.93585,-34.4627],[-70.93753,-34.46812]]}},{"id":"13486","type":"Feature","properties":{"ROL":"S/R-H-902","NOMBRE_CAMINO":"Los Yuyos - Medialuna","CLASIFICACION":"Camino Regional de Acceso (En Proceso de Enrolamiento)","CALZADA":"U"},"geometry":{"type":"LineString","coordinates":[[-71.28764,-34.4394],[-71.28268,-34.44071],[-71.27745,-34.43956],[-71.27403,-34.44035]]}},{"id":"13487","type":"Feature","properties":{"ROL":"S/R-I-1000","NOMBRE_CAMINO":"Cruce I-810 - Tierra Chilena","CLASIFICACION":"Camino Regional de Acceso (En Proceso de Enrolamiento)","CALZADA":"U"},"geometry":{"type":"LineString","coordinates":[[-71.15639,-34.74118],[-71.17221,-34.74593]]}},{"id":"13488","type":"Feature","properties":{"ROL":"S/R-H-902","NOMBRE_CAMINO":"Los Yuyos - Medialuna","CLASIFICACION":"Camino Regional de Acceso (En Proceso de Enrolamiento)","CALZADA":"U"},"geometry":{"type":"LineString","coordinates":[[-71.27397,-34.44037],[-71.27099,-34.43968],[-71.26543,-34.43258]]}},{"id":"13489","type":"Feature","properties":{"ROL":"S/R-I-1008","NOMBRE_CAMINO":"Cruce I-740 (Pan de Azúcar) - hacia el Poniente","CLASIFICACION":"Camino Regional de Acceso (En Proceso de Enrolamiento)","CALZADA":"U"},"geometry":{"type":"LineString","coordinates":[[-71.43682,-34.69844],[-71.43693,-34.69841]]}},{"id":"13490","type":"Feature","properties":{"ROL":"S/R-I-1016","NOMBRE_CAMINO":"Hacia el Estero","CLASIFICACION":"Camino Regional de Acceso (En Proceso de Enrolamiento)","CALZADA":"U"},"geometry":{"type":"LineString","coordinates":[[-71.89421,-34.508],[-71.88611,-34.51613]]}},{"id":"13491","type":"Feature","properties":{"ROL":"S/R-I-1012","NOMBRE_CAMINO":"Cruce I-410 - al sur","CLASIFICACION":"Camino Regional Comunal (En Proceso de Enrolamiento)","CALZADA":"U"},"geometry":{"type":"LineString","coordinates":[[-71.89137,-34.50687],[-71.89622,-34.50966],[-71.90187,-34.51101]]}},{"id":"13492","type":"Feature","properties":{"ROL":"S/R-I-365","NOMBRE_CAMINO":"Cruce I-322 - La Copa","CLASIFICACION":"Camino Regional de Acceso (En Proceso de Enrolamiento)","CALZADA":"U"},"geometry":{"type":"LineString","coordinates":[[-71.30686,-34.477],[-71.30169,-34.46908]]}},{"id":"13493","type":"Feature","properties":{"ROL":"S/R-I-306","NOMBRE_CAMINO":"Cruce I-320-H - Cruce I-322","CLASIFICACION":"Camino Regional Comunal (En Proceso de Enrolamiento)","CALZADA":"U"},"geometry":{"type":"LineString","coordinates":[[-71.33052,-34.47045],[-71.32643,-34.47157]]}},{"id":"13494","type":"Feature","properties":{"ROL":"S/R-I-486","NOMBRE_CAMINO":"Cruce I-502 - La Plaza Verdum","CLASIFICACION":"Camino Regional de Acceso (En Proceso de Enrolamiento)","CALZADA":"U"},"geometry":{"type":"LineString","coordinates":[[-72.02047,-34.54557],[-72.02006,-34.54543]]}},{"id":"13495","type":"Feature","properties":{"ROL":"S/R-I-524","NOMBRE_CAMINO":"Cruce I-450 - Pañul","CLASIFICACION":"Camino Regional Comunal (En Proceso de Enrolamiento)","CALZADA":"U"},"geometry":{"type":"LineString","coordinates":[[-71.96155,-34.49662],[-71.9611,-34.49679]]}},{"id":"13496","type":"Feature","properties":{"ROL":"S/R-I-598","NOMBRE_CAMINO":"Cruce I-72 (Lolol) - Los Robles","CLASIFICACION":"Camino Regional de Acceso (En Proceso de Enrolamiento)","CALZADA":"U"},"geometry":{"type":"LineString","coordinates":[[-71.64336,-34.72711],[-71.64428,-34.72877]]}},{"id":"13497","type":"Feature","properties":{"ROL":"S/R-I-658","NOMBRE_CAMINO":"Cruce I-690 - Olivar","CLASIFICACION":"Camino Regional Comunal (En Proceso de Enrolamiento)","CALZADA":"U"},"geometry":{"type":"LineString","coordinates":[[-71.49722,-34.4828],[-71.49639,-34.48411]]}},{"id":"13498","type":"Feature","properties":{"ROL":"S/R-I-658","NOMBRE_CAMINO":"Cruce I-690 - Olivar","CLASIFICACION":"Camino Regional Comunal (En Proceso de Enrolamiento)","CALZADA":"U"},"geometry":{"type":"LineString","coordinates":[[-71.47612,-34.49537],[-71.46952,-34.49422]]}},{"id":"13499","type":"Feature","properties":{"ROL":"S/R-I-658","NOMBRE_CAMINO":"Cruce I-690 - Olivar","CLASIFICACION":"Camino Regional Comunal (En Proceso de Enrolamiento)","CALZADA":"U"},"geometry":{"type":"LineString","coordinates":[[-71.47654,-34.49544],[-71.47618,-34.49537]]}},{"id":"13702","type":"Feature","properties":{"ROL":"S/R-I-658","NOMBRE_CAMINO":"Cruce I-690 - Olivar","CLASIFICACION":"Camino Regional Comunal (En Proceso de Enrolamiento)","CALZADA":"U"},"geometry":{"type":"LineString","coordinates":[[-71.46941,-34.4942],[-71.46911,-34.49415]]}},{"id":"13703","type":"Feature","properties":{"ROL":"H-276","NOMBRE_CAMINO":"Plaza Lo Miranda - Cruce H-282 (Rinconada de Miranda)","CLASIFICACION":"Camino Regional Comunal","CALZADA":"U"},"geometry":{"type":"LineString","coordinates":[[-70.90354,-34.19075],[-70.90943,-34.19206]]}},{"id":"13704","type":"Feature","properties":{"ROL":"H-189","NOMBRE_CAMINO":"Cruce H-15 (La Compañía) - La Leonera","CLASIFICACION":"Camino Regional Comunal","CALZADA":"U"},"geometry":{"type":"LineString","coordinates":[[-70.64029,-34.05011],[-70.62822,-34.05217],[-70.60869,-34.04701]]}},{"id":"13705","type":"Feature","properties":{"ROL":"S/R-H-294","NOMBRE_CAMINO":"Cruce H-296 (Callejón Peumo) - Cruce H-296 ","CLASIFICACION":"Camino Regional Comunal (En Proceso de Enrolamiento)","CALZADA":"U"},"geometry":{"type":"LineString","coordinates":[[-70.94733,-34.20981],[-70.94925,-34.21059]]}},{"id":"13706","type":"Feature","properties":{"ROL":"H-296","NOMBRE_CAMINO":"Cruce H-30 (California) - Cruce H-290 (Rinconada de Doñihue)","CLASIFICACION":"Camino Regional Comunal","CALZADA":"U"},"geometry":{"type":"LineString","coordinates":[[-70.95339,-34.2095],[-70.94937,-34.21102]]}},{"id":"13707","type":"Feature","properties":{"ROL":"I-112","NOMBRE_CAMINO":"Cruce I-80-G (Los Lingues) - Cruce I-198 (Matanzas)","CLASIFICACION":"Camino Regional Comunal","CALZADA":"U"},"geometry":{"type":"LineString","coordinates":[[-71.7355,-34.11369],[-71.74508,-34.11828],[-71.75184,-34.12481],[-71.78559,-34.11759]]}},{"id":"13708","type":"Feature","properties":{"ROL":"I-902","NOMBRE_CAMINO":"Cruce I-86 - Embalse Convento Viejo","CLASIFICACION":"Camino Regional de Acceso","CALZADA":"U"},"geometry":{"type":"LineString","coordinates":[[-71.06866,-34.74055],[-71.07256,-34.7433]]}},{"id":"13709","type":"Feature","properties":{"ROL":"I-906","NOMBRE_CAMINO":"Cruce I-900 - Convento Viejo","CLASIFICACION":"Camino Regional de Acceso","CALZADA":"U"},"geometry":{"type":"LineString","coordinates":[[-71.06305,-34.74853],[-71.06233,-34.74943],[-71.06405,-34.75098]]}},{"id":"13710","type":"Feature","properties":{"ROL":"H-188","NOMBRE_CAMINO":"Cruce H-10 - Mina El Inglés","CLASIFICACION":"Camino Regional de Acceso","CALZADA":"U"},"geometry":{"type":"LineString","coordinates":[[-70.84179,-34.08905],[-70.83939,-34.08328],[-70.83972,-34.08119]]}},{"id":"13711","type":"Feature","properties":{"ROL":"I-181","NOMBRE_CAMINO":"Cruce Ruta 5 (Enlace La Paloma) - La Paloma","CLASIFICACION":"Camino Regional de Acceso","CALZADA":"U"},"geometry":{"type":"LineString","coordinates":[[-70.94706,-34.5603],[-70.93999,-34.56405]]}},{"id":"13712","type":"Feature","properties":{"ROL":"H-189","NOMBRE_CAMINO":"Cruce H-15 (La Compañía) - La Leonera","CLASIFICACION":"Camino Regional Comunal","CALZADA":"U"},"geometry":{"type":"LineString","coordinates":[[-70.60869,-34.04701],[-70.59266,-34.03893],[-70.57501,-34.03522]]}},{"id":"13713","type":"Feature","properties":{"ROL":"H-365","NOMBRE_CAMINO":"Cruce H-35 (Termas de Cauquenes) - Cruce H-265 (Puente Chacayes)","CLASIFICACION":"Camino Regional de Acceso","CALZADA":"U"},"geometry":{"type":"LineString","coordinates":[[-70.54473,-34.25324],[-70.53806,-34.2518],[-70.53508,-34.25283],[-70.53772,-34.25043],[-70.53556,-34.25066],[-70.53284,-34.24867],[-70.53321,-34.24654],[-70.53215,-34.24549],[-70.53445,-34.243],[-70.53377,-34.24041],[-70.5289,-34.23794],[-70.52384,-34.23847],[-70.52402,-34.23719],[-70.52204,-34.23552],[-70.52253,-34.23416],[-70.51844,-34.23446],[-70.51734,-34.2306],[-70.51476,-34.22969],[-70.50668,-34.23091],[-70.50132,-34.2333],[-70.49903,-34.2359],[-70.49956,-34.23732],[-70.49432,-34.23746],[-70.49482,-34.23861],[-70.4926,-34.23973]]}},{"id":"13714","type":"Feature","properties":{"ROL":"H-549","NOMBRE_CAMINO":"Cruce H-545 - Cerrillo Abajo","CLASIFICACION":"Camino Regional de Acceso","CALZADA":"U"},"geometry":{"type":"LineString","coordinates":[[-70.7932,-34.3839],[-70.79285,-34.38336]]}},{"id":"13715","type":"Feature","properties":{"ROL":"H-365","NOMBRE_CAMINO":"Cruce H-35 (Termas de Cauquenes) - Cruce H-265 (Puente Chacayes)","CLASIFICACION":"Camino Regional de Acceso","CALZADA":"U"},"geometry":{"type":"LineString","coordinates":[[-70.55397,-34.24816],[-70.54967,-34.2524],[-70.54599,-34.25355]]}},{"id":"13716","type":"Feature","properties":{"ROL":"H-365","NOMBRE_CAMINO":"Cruce H-35 (Termas de Cauquenes) - Cruce H-265 (Puente Chacayes)","CLASIFICACION":"Camino Regional de Acceso","CALZADA":"U"},"geometry":{"type":"LineString","coordinates":[[-70.49246,-34.23964],[-70.48878,-34.24138],[-70.48703,-34.24029],[-70.48701,-34.23838],[-70.48496,-34.23782],[-70.48487,-34.23627],[-70.4823,-34.23523]]}},{"id":"13717","type":"Feature","properties":{"ROL":"I-582","NOMBRE_CAMINO":"Cruce I-580 - Rinconada de Quinahue","CLASIFICACION":"Camino Regional de Acceso","CALZADA":"U"},"geometry":{"type":"LineString","coordinates":[[-71.67657,-34.77309],[-71.67384,-34.76672]]}},{"id":"13718","type":"Feature","properties":{"ROL":"S/R-I-1230","NOMBRE_CAMINO":"Cruce I-90-H - Las Parcelas","CLASIFICACION":"Camino Regional de Acceso (En Proceso de Enrolamiento)","CALZADA":"U"},"geometry":{"type":"LineString","coordinates":[[-70.9638,-34.54503],[-70.96865,-34.54461],[-70.98475,-34.53721]]}},{"id":"13719","type":"Feature","properties":{"ROL":"S/R-I-1050","NOMBRE_CAMINO":"Hacia el Poniente","CLASIFICACION":"Camino Regional de Acceso (En Proceso de Enrolamiento)","CALZADA":"U"},"geometry":{"type":"LineString","coordinates":[[-71.88358,-34.77495],[-71.88752,-34.77419]]}},{"id":"13720","type":"Feature","properties":{"ROL":"S/R-H-369","NOMBRE_CAMINO":"Cruce H-265 - Paso Las Leñas","CLASIFICACION":"Camino Regional Comunal (En Proceso de Enrolamiento)","CALZADA":"U"},"geometry":{"type":"LineString","coordinates":[[-70.47179,-34.24148],[-70.4662,-34.24988],[-70.46624,-34.25352],[-70.46296,-34.25522],[-70.46334,-34.25723],[-70.45812,-34.26428],[-70.45766,-34.26693],[-70.45233,-34.27176],[-70.45307,-34.2727],[-70.45198,-34.27449],[-70.44127,-34.28344],[-70.43902,-34.28325],[-70.43641,-34.29015],[-70.42267,-34.30248],[-70.41913,-34.30861],[-70.41688,-34.30996],[-70.41573,-34.31329]]}},{"id":"13721","type":"Feature","properties":{"ROL":"S/R-H-371","NOMBRE_CAMINO":"Cruce H-365 - Reserva Cipreses","CLASIFICACION":"Camino Regional Comunal (En Proceso de Enrolamiento)","CALZADA":"U"},"geometry":{"type":"LineString","coordinates":[[-70.48555,-34.23815],[-70.4791,-34.2455],[-70.48342,-34.2487]]}},{"id":"13722","type":"Feature","properties":{"ROL":"S/R-H-369","NOMBRE_CAMINO":"Cruce H-265 - Paso Las Leñas","CLASIFICACION":"Camino Regional Comunal (En Proceso de Enrolamiento)","CALZADA":"U"},"geometry":{"type":"LineString","coordinates":[[-70.41512,-34.31379],[-70.41218,-34.32343],[-70.40773,-34.32456]]}},{"id":"13723","type":"Feature","properties":{"ROL":"S/R-H-369","NOMBRE_CAMINO":"Cruce H-265 - Paso Las Leñas","CLASIFICACION":"Camino Regional Comunal (En Proceso de Enrolamiento)","CALZADA":"U"},"geometry":{"type":"LineString","coordinates":[[-70.40697,-34.32489],[-70.4023,-34.32566],[-70.39655,-34.33008],[-70.39547,-34.33416],[-70.38963,-34.34005],[-70.37202,-34.34526]]}},{"id":"13724","type":"Feature","properties":{"ROL":"S/R-I-1008","NOMBRE_CAMINO":"Cruce I-740 (Pan de Azúcar) - hacia el Poniente","CLASIFICACION":"Camino Regional de Acceso (En Proceso de Enrolamiento)","CALZADA":"U"},"geometry":{"type":"LineString","coordinates":[[-71.43693,-34.69841],[-71.44445,-34.69591]]}},{"id":"13725","type":"Feature","properties":{"ROL":"S/R-I-1016","NOMBRE_CAMINO":"Hacia el Estero","CLASIFICACION":"Camino Regional de Acceso (En Proceso de Enrolamiento)","CALZADA":"U"},"geometry":{"type":"LineString","coordinates":[[-71.88611,-34.51613],[-71.88148,-34.51882]]}},{"id":"13726","type":"Feature","properties":{"ROL":"S/R-I-1018","NOMBRE_CAMINO":"Hacia el oriente","CLASIFICACION":"Camino Regional de Acceso (En Proceso de Enrolamiento)","CALZADA":"U"},"geometry":{"type":"LineString","coordinates":[[-71.89635,-34.5097],[-71.89585,-34.51051]]}},{"id":"13727","type":"Feature","properties":{"ROL":"S/R-I-836","NOMBRE_CAMINO":"Cruce I-86 - Traiguén","CLASIFICACION":"Camino Regional de Acceso (En Proceso de Enrolamiento)","CALZADA":"U"},"geometry":{"type":"LineString","coordinates":[[-71.20661,-34.76153],[-71.20721,-34.76598],[-71.20589,-34.76801],[-71.19946,-34.77106],[-71.19953,-34.77682],[-71.1942,-34.77908],[-71.19221,-34.77651]]}},{"id":"13728","type":"Feature","properties":{"ROL":"S/R-I-874","NOMBRE_CAMINO":"Cruce I-850 (Rinconada de Manantiales) - Rinconada El Cerro","CLASIFICACION":"Camino Regional de Acceso (En Proceso de Enrolamiento)","CALZADA":"U"},"geometry":{"type":"LineString","coordinates":[[-71.04473,-34.62717],[-71.04218,-34.63022]]}},{"id":"13729","type":"Feature","properties":{"ROL":"I-410","NOMBRE_CAMINO":"Cruce I-450 - Alto Ramírez - Cruce I-184","CLASIFICACION":"Camino Regional Comunal","CALZADA":"U"},"geometry":{"type":"LineString","coordinates":[[-71.9686,-34.46728],[-71.96195,-34.47508],[-71.94103,-34.48466],[-71.93743,-34.48826],[-71.93668,-34.49116],[-71.93296,-34.49333],[-71.9239,-34.49222],[-71.91321,-34.48588],[-71.90712,-34.48459]]}},{"id":"13730","type":"Feature","properties":{"ROL":"I-410","NOMBRE_CAMINO":"Cruce I-450 - Alto Ramírez - Cruce I-184","CLASIFICACION":"Camino Regional Comunal","CALZADA":"U"},"geometry":{"type":"LineString","coordinates":[[-71.80566,-34.46322],[-71.80471,-34.46103],[-71.79975,-34.45997],[-71.79787,-34.45742],[-71.79531,-34.45675],[-71.79689,-34.44918],[-71.79174,-34.43822],[-71.79227,-34.43501],[-71.79029,-34.43039],[-71.78983,-34.42156],[-71.78659,-34.41216],[-71.77903,-34.40584],[-71.77882,-34.40431],[-71.77352,-34.40225]]}},{"id":"13731","type":"Feature","properties":{"ROL":"I-620","NOMBRE_CAMINO":"Cruce I-72 (Paredones) - El Calvario - Cruce I-660 (Peñablanca)","CLASIFICACION":"Camino Regional Provincial","CALZADA":"U"},"geometry":{"type":"LineString","coordinates":[[-71.68418,-34.55058],[-71.6859,-34.54369],[-71.68509,-34.54096],[-71.68203,-34.53729],[-71.67552,-34.53428]]}},{"id":"13732","type":"Feature","properties":{"ROL":"I-620","NOMBRE_CAMINO":"Cruce I-72 (Paredones) - El Calvario - Cruce I-660 (Peñablanca)","CLASIFICACION":"Camino Regional Provincial","CALZADA":"U"},"geometry":{"type":"LineString","coordinates":[[-71.75842,-34.57531],[-71.7509,-34.57739],[-71.75157,-34.57844],[-71.75019,-34.57891],[-71.73822,-34.57784],[-71.73128,-34.58103],[-71.71737,-34.58155],[-71.71591,-34.5795],[-71.71793,-34.57625],[-71.71539,-34.57314],[-71.70893,-34.57049],[-71.69079,-34.56812],[-71.68328,-34.556],[-71.68418,-34.55058]]}},{"id":"13733","type":"Feature","properties":{"ROL":"I-620","NOMBRE_CAMINO":"Cruce I-72 (Paredones) - El Calvario - Cruce I-660 (Peñablanca)","CLASIFICACION":"Camino Regional Provincial","CALZADA":"U"},"geometry":{"type":"LineString","coordinates":[[-71.79667,-34.57447],[-71.79269,-34.57323],[-71.76598,-34.57398],[-71.75842,-34.57531]]}},{"id":"13734","type":"Feature","properties":{"ROL":"I-620","NOMBRE_CAMINO":"Cruce I-72 (Paredones) - El Calvario - Cruce I-660 (Peñablanca)","CLASIFICACION":"Camino Regional Provincial","CALZADA":"U"},"geometry":{"type":"LineString","coordinates":[[-71.89935,-34.64406],[-71.899,-34.64163]]}},{"id":"13735","type":"Feature","properties":{"ROL":"I-620","NOMBRE_CAMINO":"Cruce I-72 (Paredones) - El Calvario - Cruce I-660 (Peñablanca)","CLASIFICACION":"Camino Regional Provincial","CALZADA":"U"},"geometry":{"type":"LineString","coordinates":[[-71.899,-34.64163],[-71.89871,-34.64051]]}},{"id":"13736","type":"Feature","properties":{"ROL":"I-540","NOMBRE_CAMINO":"Cruce I-72 (Paredones) - Cruce I-530 (Panilonco)","CLASIFICACION":"Camino Regional Comunal","CALZADA":"U"},"geometry":{"type":"LineString","coordinates":[[-71.92044,-34.67247],[-71.92263,-34.67978],[-71.92721,-34.68359]]}},{"id":"13737","type":"Feature","properties":{"ROL":"I-566-J","NOMBRE_CAMINO":"Cruce I-572 (Cruce Alcántara) - Rarin - Cruce J-790 (La Quirigua), Sector: Alcántara - Límite Regional (Rarín)","CLASIFICACION":"Camino Regional Comunal","CALZADA":"U"},"geometry":{"type":"LineString","coordinates":[[-71.82593,-34.76755],[-71.83275,-34.76888]]}},{"id":"13741","type":"Feature","properties":{"ROL":"Ruta 5","NOMBRE_CAMINO":"Longitudinal Sur, Sector: Angostura - Peor es Nada","CLASIFICACION":"Camino Nacional Longitudinal","CALZADA":"D"},"geometry":{"type":"LineString","coordinates":[[-70.72504,-33.91849],[-70.7242,-33.92151],[-70.71789,-33.92646],[-70.71272,-33.93696],[-70.71196,-33.94527],[-70.71337,-33.95442],[-70.7009,-33.98708],[-70.70572,-34.0344],[-70.7092,-34.03799],[-70.72674,-34.04435],[-70.73746,-34.05046],[-70.75044,-34.05547],[-70.76172,-34.07181],[-70.77461,-34.08631],[-70.77974,-34.10197],[-70.78094,-34.1187],[-70.78698,-34.14406],[-70.79398,-34.16183],[-70.79368,-34.16816],[-70.78564,-34.19713],[-70.78495,-34.20353],[-70.78586,-34.21098],[-70.79313,-34.22638],[-70.79235,-34.23586],[-70.82182,-34.28776],[-70.82652,-34.31019],[-70.83562,-34.33712],[-70.8837,-34.42102],[-70.90176,-34.47812],[-70.90902,-34.48606],[-70.94138,-34.53473],[-70.96316,-34.55375],[-70.97184,-34.57019],[-70.97192,-34.57288],[-70.96579,-34.5859],[-70.98756,-34.61174],[-70.99364,-34.66181],[-71.02651,-34.70581],[-71.04115,-34.74007],[-71.04089,-34.74776],[-71.04728,-34.79268]]}},{"id":"13742","type":"Feature","properties":{"ROL":"Ruta 5","NOMBRE_CAMINO":"Longitudinal Sur, Sector: Angostura - Peor es Nada","CLASIFICACION":"Camino Nacional Longitudinal","CALZADA":"I"},"geometry":{"type":"LineString","coordinates":[[-70.7249,-33.91851],[-70.72402,-33.92151],[-70.71767,-33.92656],[-70.71255,-33.93699],[-70.71181,-33.94532],[-70.71321,-33.95436],[-70.70077,-33.98699],[-70.70555,-34.03449],[-70.70911,-34.0382],[-70.72659,-34.04454],[-70.73727,-34.05063],[-70.75022,-34.05561],[-70.76165,-34.07214],[-70.77441,-34.08653],[-70.77944,-34.10191],[-70.78071,-34.11876],[-70.78665,-34.14381],[-70.79372,-34.16196],[-70.79339,-34.1682],[-70.7853,-34.19757],[-70.78469,-34.20356],[-70.78561,-34.21106],[-70.79277,-34.22606],[-70.79212,-34.23598],[-70.82177,-34.28807],[-70.82627,-34.3099],[-70.83541,-34.33714],[-70.88348,-34.42101],[-70.90155,-34.47811],[-70.90892,-34.48624],[-70.94122,-34.53484],[-70.96299,-34.55386],[-70.97163,-34.57021],[-70.97172,-34.57278],[-70.96558,-34.58591],[-70.98729,-34.61163],[-70.99344,-34.6618],[-71.02633,-34.7059],[-71.04095,-34.74005],[-71.04071,-34.74797],[-71.04709,-34.79274]]}},{"id":"13743","type":"Feature","properties":{"ROL":"Ruta 95","NOMBRE_CAMINO":"Codegua - Graneros - Rancagua - Los Lirios","CLASIFICACION":"Camino Nacional","CALZADA":"D"},"geometry":{"type":"LineString","coordinates":[[-70.70525,-34.03184],[-70.70726,-34.0526],[-70.72963,-34.1331],[-70.72709,-34.17394],[-70.74439,-34.18725],[-70.75311,-34.19097],[-70.78521,-34.2302],[-70.79171,-34.23385],[-70.79333,-34.23776]]}},{"id":"13744","type":"Feature","properties":{"ROL":"Ruta 95","NOMBRE_CAMINO":"Codegua - Graneros - Rancagua - Los Lirios","CLASIFICACION":"Camino Nacional","CALZADA":"I"},"geometry":{"type":"LineString","coordinates":[[-70.7051,-34.03207],[-70.70713,-34.05268],[-70.7295,-34.13302],[-70.72699,-34.17399],[-70.74429,-34.18731],[-70.7531,-34.19109],[-70.76904,-34.2115],[-70.78509,-34.23028],[-70.79048,-34.23332],[-70.7934,-34.23832]]}}]}