{"type":"FeatureCollection","features":[{"id":"0","type":"Feature","properties":{"ROL":"O-374","NOMBRE_CAMINO":"Cruce Ruta 126 S (San Carlitos) - El Espino - Cienaguilla - Cruce O-390","CLASIFICACION":"Camino Regional Comunal","CALZADA":"U","tmda":null},"geometry":{"type":"LineString","coordinates":[[-72.91849,-36.72172],[-72.92007,-36.72381],[-72.92041,-36.7295],[-72.92392,-36.73269],[-72.9248,-36.73861],[-72.93075,-36.74183]]}},{"id":"1","type":"Feature","properties":{"ROL":"N-14-O","NOMBRE_CAMINO":"Cruce Ruta 126 S (Coelemu) - Cruce O-274 (Tomé)","CLASIFICACION":"Camino Regional Principal","CALZADA":"U","tmda":304.0},"geometry":{"type":"LineString","coordinates":[[-72.89524,-36.47024],[-72.90502,-36.46963],[-72.90713,-36.4727],[-72.91123,-36.47536],[-72.9109,-36.47749],[-72.90709,-36.47968],[-72.90674,-36.48157],[-72.90901,-36.48232],[-72.90745,-36.48309],[-72.90951,-36.48345],[-72.9056,-36.48572],[-72.90305,-36.49293],[-72.90272,-36.4992],[-72.90544,-36.49924],[-72.90588,-36.5007],[-72.89971,-36.50625],[-72.89769,-36.50986],[-72.89792,-36.51227],[-72.90225,-36.51459],[-72.90557,-36.51477],[-72.91009,-36.51776],[-72.90909,-36.51934],[-72.91013,-36.52275],[-72.90684,-36.5248],[-72.91023,-36.52826],[-72.90898,-36.53076],[-72.9173,-36.53139],[-72.91839,-36.53415],[-72.92346,-36.53845],[-72.92977,-36.53936]]}},{"id":"2","type":"Feature","properties":{"ROL":"O-728-Q","NOMBRE_CAMINO":"Cruce Q-60-O (Quilacoya) - Chillancito - Cruce Q-722-O (San Antonio)","CLASIFICACION":"Camino Regional Comunal","CALZADA":"U","tmda":149.0},"geometry":{"type":"LineString","coordinates":[[-72.95044,-37.0602],[-72.9426,-37.07471],[-72.93947,-37.07865],[-72.9377,-37.07891]]}},{"id":"3","type":"Feature","properties":{"ROL":"O-390","NOMBRE_CAMINO":"Paso Superior Ruta 150 (Penco) - Cruce N-48-O (Florida)","CLASIFICACION":"Camino Regional Provincial","CALZADA":"U","tmda":486.0},"geometry":{"type":"LineString","coordinates":[[-72.80624,-36.74024],[-72.80134,-36.74159],[-72.79685,-36.73772]]}},{"id":"4","type":"Feature","properties":{"ROL":"O-926","NOMBRE_CAMINO":"Cruce Ruta 156 (Purgatorio) - Las Cachañas -  Cruce O-940 (Espigado)","CLASIFICACION":"Camino Regional Comunal","CALZADA":"U","tmda":null},"geometry":{"type":"LineString","coordinates":[[-72.94871,-37.27554],[-72.95322,-37.27668],[-72.95632,-37.28135],[-72.95889,-37.28248],[-72.95937,-37.28778],[-72.96417,-37.29542],[-72.96991,-37.3004],[-72.97041,-37.30257],[-72.97405,-37.30445]]}},{"id":"5","type":"Feature","properties":{"ROL":"O-670","NOMBRE_CAMINO":"Cruce Ruta 146 (Copiulemu) - Cruce O-680 (El Águila)","CLASIFICACION":"Camino Regional Comunal","CALZADA":"U","tmda":730.0},"geometry":{"type":"LineString","coordinates":[[-72.80484,-36.90202],[-72.80621,-36.90662],[-72.8151,-36.90634],[-72.81969,-36.91293],[-72.82568,-36.91038],[-72.83232,-36.91192]]}},{"id":"6","type":"Feature","properties":{"ROL":"O-298","NOMBRE_CAMINO":"Cruce Ruta 126 S (Chuponal) - Pissis - Rafael","CLASIFICACION":"Camino Regional Comunal","CALZADA":"U","tmda":null},"geometry":{"type":"LineString","coordinates":[[-72.88164,-36.61776],[-72.88089,-36.61554],[-72.87477,-36.61413],[-72.86933,-36.61073],[-72.85824,-36.60678],[-72.85506,-36.60292],[-72.85672,-36.60002],[-72.85496,-36.59877]]}},{"id":"7","type":"Feature","properties":{"ROL":"O-420","NOMBRE_CAMINO":"Cruce N-48-O (Puente N°7) - Cruce O-390 (Roa)","CLASIFICACION":"Camino Regional Comunal","CALZADA":"U","tmda":null},"geometry":{"type":"LineString","coordinates":[[-72.79589,-36.7945],[-72.78698,-36.78814],[-72.78194,-36.77633],[-72.78527,-36.77221],[-72.78615,-36.76133],[-72.79121,-36.75636],[-72.79282,-36.74915],[-72.79542,-36.74573],[-72.79507,-36.74173],[-72.79162,-36.74075],[-72.79268,-36.7366]]}},{"id":"8","type":"Feature","properties":{"ROL":"O-670","NOMBRE_CAMINO":"Cruce Ruta 146 (Copiulemu) - Cruce O-680 (El Águila)","CLASIFICACION":"Camino Regional Comunal","CALZADA":"U","tmda":730.0},"geometry":{"type":"LineString","coordinates":[[-72.86361,-36.91955],[-72.87136,-36.92156],[-72.87952,-36.92155],[-72.88241,-36.92383],[-72.88321,-36.92607],[-72.88755,-36.92782],[-72.89106,-36.9275],[-72.89383,-36.93011],[-72.89797,-36.93014],[-72.8984,-36.93165],[-72.89649,-36.93292],[-72.89714,-36.93419],[-72.90925,-36.94071]]}},{"id":"9","type":"Feature","properties":{"ROL":"N-252-O","NOMBRE_CAMINO":"Cruce Ruta 126 S (Ranguelmo) - Cruce O-250 (Menque)","CLASIFICACION":"Camino Regional Comunal","CALZADA":"U","tmda":null},"geometry":{"type":"LineString","coordinates":[[-72.81131,-36.56569],[-72.81618,-36.56313],[-72.81812,-36.55997],[-72.82731,-36.55693],[-72.8318,-36.55704],[-72.83497,-36.55968],[-72.8456,-36.55867],[-72.85485,-36.56518],[-72.85953,-36.56392],[-72.86096,-36.56123],[-72.86074,-36.5582],[-72.8655,-36.55539]]}},{"id":"10","type":"Feature","properties":{"ROL":"O-540","NOMBRE_CAMINO":"Cruce N-48-O (Florida) - Cruce O-550-Q (San Antonio de Dadi)","CLASIFICACION":"Camino Regional Comunal","CALZADA":"U","tmda":null},"geometry":{"type":"LineString","coordinates":[[-72.66177,-36.82282],[-72.66228,-36.83001],[-72.66126,-36.83249],[-72.66296,-36.83576],[-72.66844,-36.83862],[-72.6678,-36.8412],[-72.66912,-36.84619],[-72.67226,-36.84776],[-72.67411,-36.85299],[-72.67323,-36.85397],[-72.67373,-36.85903],[-72.67802,-36.86781],[-72.68142,-36.87067],[-72.68153,-36.87453],[-72.68459,-36.8765],[-72.68446,-36.88145],[-72.6867,-36.88408],[-72.68642,-36.88598],[-72.68947,-36.88677],[-72.69251,-36.89225],[-72.69898,-36.89371],[-72.70258,-36.899],[-72.70811,-36.90018],[-72.71363,-36.89789],[-72.71712,-36.90242],[-72.72884,-36.90278]]}},{"id":"11","type":"Feature","properties":{"ROL":"O-334","NOMBRE_CAMINO":"Cruce O-330 - San Jorge","CLASIFICACION":"Camino Regional Comunal","CALZADA":"U","tmda":null},"geometry":{"type":"LineString","coordinates":[[-72.63242,-36.79167],[-72.63637,-36.79139],[-72.64085,-36.78514],[-72.64838,-36.78116]]}},{"id":"12","type":"Feature","properties":{"ROL":"N-14-O","NOMBRE_CAMINO":"Cruce Ruta 126 S (Coelemu) - Cruce O-274 (Tomé)","CLASIFICACION":"Camino Regional Principal","CALZADA":"U","tmda":835.0},"geometry":{"type":"LineString","coordinates":[[-72.93652,-36.54878],[-72.93939,-36.55433],[-72.94483,-36.55885],[-72.94415,-36.56266],[-72.94738,-36.56479],[-72.94711,-36.56679],[-72.94873,-36.56925],[-72.9497,-36.57],[-72.95319,-36.56892],[-72.95624,-36.57572],[-72.95642,-36.57848],[-72.95466,-36.58175],[-72.95609,-36.58915],[-72.95201,-36.59852]]}},{"id":"13","type":"Feature","properties":{"ROL":"O-546","NOMBRE_CAMINO":"Cruce N-48-O - Puente San Juan N°1 - Peninhueque","CLASIFICACION":"Camino Regional de Acceso","CALZADA":"U","tmda":null},"geometry":{"type":"LineString","coordinates":[[-72.76747,-36.82079],[-72.76865,-36.82472],[-72.76668,-36.82754],[-72.76589,-36.8326],[-72.75698,-36.83473],[-72.75289,-36.83914],[-72.74464,-36.83893]]}},{"id":"14","type":"Feature","properties":{"ROL":"O-390","NOMBRE_CAMINO":"Paso Superior Ruta 150 (Penco) - Cruce N-48-O (Florida)","CLASIFICACION":"Camino Regional Provincial","CALZADA":"U","tmda":486.0},"geometry":{"type":"LineString","coordinates":[[-72.8407,-36.75039],[-72.83244,-36.74893],[-72.82762,-36.74186],[-72.82035,-36.74001],[-72.8195,-36.73807],[-72.81541,-36.7383]]}},{"id":"15","type":"Feature","properties":{"ROL":"O-860-P","NOMBRE_CAMINO":"Cruce Ruta 156 (Santa Juana) - Papal - Pichilo","CLASIFICACION":"Camino Regional Comunal","CALZADA":"U","tmda":null},"geometry":{"type":"LineString","coordinates":[[-73.00529,-37.19464],[-73.00711,-37.19412],[-73.00841,-37.19537],[-73.00891,-37.19841],[-73.00769,-37.20096],[-73.00969,-37.20461],[-73.01199,-37.20567],[-73.0114,-37.20773],[-73.01389,-37.20816],[-73.01412,-37.20991],[-73.01809,-37.21416],[-73.01831,-37.21688],[-73.02106,-37.21893],[-73.02201,-37.22499],[-73.03033,-37.2317],[-73.03069,-37.23453],[-73.03757,-37.23777],[-73.03742,-37.23997]]}},{"id":"16","type":"Feature","properties":{"ROL":"O-440","NOMBRE_CAMINO":"Cruce N-48-O (Puente N°3) - Las Pataguas","CLASIFICACION":"Camino Regional de Acceso","CALZADA":"U","tmda":null},"geometry":{"type":"LineString","coordinates":[[-72.90255,-36.82295],[-72.8982,-36.81897],[-72.89905,-36.81634],[-72.89777,-36.80646],[-72.89496,-36.80512],[-72.89192,-36.79925],[-72.88969,-36.79911],[-72.88802,-36.7968],[-72.88913,-36.79304],[-72.89445,-36.79054],[-72.89697,-36.79149],[-72.89617,-36.7859],[-72.89754,-36.78066],[-72.89997,-36.77906],[-72.9002,-36.77643],[-72.89864,-36.77394],[-72.89993,-36.76934],[-72.89866,-36.76634],[-72.89642,-36.76591],[-72.89838,-36.76491]]}},{"id":"17","type":"Feature","properties":{"ROL":"N-48-O","NOMBRE_CAMINO":"Cruce Ruta 5 (Bulnes) - Cruce Ruta 146","CLASIFICACION":"Camino Regional Principal","CALZADA":"U","tmda":4981.0},"geometry":{"type":"LineString","coordinates":[[-72.58761,-36.75059],[-72.59051,-36.753],[-72.59708,-36.75428],[-72.61061,-36.76327],[-72.61219,-36.76582],[-72.61481,-36.76627],[-72.61696,-36.77707],[-72.62086,-36.7866],[-72.6207,-36.79389],[-72.62289,-36.79975],[-72.62728,-36.80569],[-72.62651,-36.80883],[-72.62873,-36.81305],[-72.6361,-36.81367],[-72.65096,-36.82265],[-72.66686,-36.82262],[-72.67133,-36.82477],[-72.6917,-36.82871],[-72.69594,-36.82846],[-72.7,-36.8251],[-72.70668,-36.82333],[-72.71019,-36.82481],[-72.72177,-36.82552],[-72.72381,-36.8272],[-72.72793,-36.82516],[-72.73462,-36.82639],[-72.73791,-36.82335],[-72.74743,-36.82198],[-72.75026,-36.81981],[-72.75461,-36.82125],[-72.76055,-36.82057],[-72.76286,-36.82147],[-72.77018,-36.8197],[-72.78134,-36.81927],[-72.78456,-36.8175],[-72.78603,-36.81489],[-72.79096,-36.81272],[-72.79599,-36.81246],[-72.79628,-36.8096],[-72.79841,-36.80883],[-72.8061,-36.80966],[-72.81893,-36.81699],[-72.82385,-36.81653],[-72.83043,-36.8138],[-72.83566,-36.80692],[-72.84201,-36.80853],[-72.84428,-36.80551],[-72.8478,-36.80874],[-72.84676,-36.81117],[-72.84866,-36.81277],[-72.85451,-36.8149],[-72.85783,-36.81411],[-72.85926,-36.8157],[-72.86357,-36.81466],[-72.86706,-36.81799],[-72.87306,-36.81744],[-72.87574,-36.81846],[-72.87617,-36.82305],[-72.87787,-36.82449],[-72.88263,-36.82461],[-72.88475,-36.82168],[-72.89003,-36.82033],[-72.89151,-36.82309],[-72.89352,-36.82326],[-72.8948,-36.82491],[-72.90233,-36.82288],[-72.90856,-36.82679],[-72.91992,-36.83041],[-72.92212,-36.82972]]}},{"id":"18","type":"Feature","properties":{"ROL":"O-728-Q","NOMBRE_CAMINO":"Cruce Q-60-O (Quilacoya) - Chillancito - Cruce Q-722-O (San Antonio)","CLASIFICACION":"Camino Regional Comunal","CALZADA":"U","tmda":149.0},"geometry":{"type":"LineString","coordinates":[[-72.96278,-37.05455],[-72.95684,-37.05687]]}},{"id":"19","type":"Feature","properties":{"ROL":"O-368","NOMBRE_CAMINO":"Cruce O-350 (Las Raíces) - Curaco","CLASIFICACION":"Camino Regional de Acceso","CALZADA":"U","tmda":null},"geometry":{"type":"LineString","coordinates":[[-72.7832,-36.65407],[-72.78509,-36.65959],[-72.7879,-36.66149],[-72.78701,-36.66865]]}},{"id":"20","type":"Feature","properties":{"ROL":"O-926","NOMBRE_CAMINO":"Cruce Ruta 156 (Purgatorio) - Las Cachañas -  Cruce O-940 (Espigado)","CLASIFICACION":"Camino Regional Comunal","CALZADA":"U","tmda":null},"geometry":{"type":"LineString","coordinates":[[-72.97405,-37.30445],[-72.9777,-37.30441],[-72.98073,-37.30718],[-72.98793,-37.30902],[-72.98779,-37.31299],[-72.99612,-37.32263],[-72.99398,-37.33066],[-72.98995,-37.33355],[-72.98455,-37.34126],[-72.98439,-37.34529],[-72.98855,-37.34817],[-72.99666,-37.34843],[-72.99917,-37.34471],[-73.00237,-37.34549],[-73.01042,-37.35161],[-73.01678,-37.35345],[-73.01881,-37.35689],[-73.02355,-37.35812],[-73.02213,-37.36138],[-73.02229,-37.36623],[-73.0209,-37.36797],[-73.02242,-37.37124],[-73.01411,-37.37552],[-73.01233,-37.37793],[-73.014,-37.3854],[-73.01322,-37.38581]]}},{"id":"21","type":"Feature","properties":{"ROL":"O-728-Q","NOMBRE_CAMINO":"Cruce Q-60-O (Quilacoya) - Chillancito - Cruce Q-722-O (San Antonio)","CLASIFICACION":"Camino Regional Comunal","CALZADA":"U","tmda":149.0},"geometry":{"type":"LineString","coordinates":[[-72.9519,-37.0604],[-72.95044,-37.0602]]}},{"id":"22","type":"Feature","properties":{"ROL":"O-546","NOMBRE_CAMINO":"Cruce N-48-O - Puente San Juan N°1 - Peninhueque","CLASIFICACION":"Camino Regional de Acceso (En Proceso de Enrolamiento)","CALZADA":"U","tmda":null},"geometry":{"type":"LineString","coordinates":[[-72.72025,-36.8338],[-72.71627,-36.833]]}},{"id":"23","type":"Feature","properties":{"ROL":"O-882","NOMBRE_CAMINO":"Santa Juana (Plaza de Armas) - Tanahullín - Balseadero Laja","CLASIFICACION":"Camino Regional de Acceso","CALZADA":"U","tmda":665.0},"geometry":{"type":"LineString","coordinates":[[-72.75336,-37.28032],[-72.73939,-37.29697],[-72.72877,-37.29734]]}},{"id":"24","type":"Feature","properties":{"ROL":"O-400","NOMBRE_CAMINO":"Cruce N-48-O - El Retamo","CLASIFICACION":"Camino Regional de Acceso","CALZADA":"U","tmda":null},"geometry":{"type":"LineString","coordinates":[[-72.72147,-36.82548],[-72.722,-36.82119],[-72.73083,-36.81768]]}},{"id":"25","type":"Feature","properties":{"ROL":"O-880","NOMBRE_CAMINO":"Cruce O-882 (Los Queules) -  Paso Hondo - Cruce O-882 (Tanahullín)","CLASIFICACION":"Camino Regional Comunal","CALZADA":"U","tmda":374.0},"geometry":{"type":"LineString","coordinates":[[-72.85494,-37.25294],[-72.8507,-37.25042],[-72.84665,-37.25026],[-72.83495,-37.2466],[-72.81798,-37.24989],[-72.81714,-37.24852],[-72.81406,-37.24787],[-72.81349,-37.24526]]}},{"id":"26","type":"Feature","properties":{"ROL":"O-360","NOMBRE_CAMINO":"Cruce O-350 (Agua Tendida) - Curaco","CLASIFICACION":"Camino Regional de Acceso","CALZADA":"U","tmda":null},"geometry":{"type":"LineString","coordinates":[[-72.79351,-36.64325],[-72.80134,-36.65291],[-72.79982,-36.657],[-72.80123,-36.65819]]}},{"id":"27","type":"Feature","properties":{"ROL":"O-680","NOMBRE_CAMINO":"Cruce Ruta 146 (Agua de La Gloria) - El Queule - Cruce Q-652-O (Hualqui)","CLASIFICACION":"Camino Regional Provincial","CALZADA":"U","tmda":null},"geometry":{"type":"LineString","coordinates":[[-72.92416,-36.83637],[-72.92914,-36.84064],[-72.93345,-36.84936],[-72.93298,-36.85065],[-72.94046,-36.85342],[-72.94078,-36.85529],[-72.94532,-36.8574],[-72.94331,-36.86472],[-72.94596,-36.86697],[-72.94395,-36.87361],[-72.94053,-36.87432],[-72.94049,-36.87851],[-72.93846,-36.88247],[-72.94173,-36.88442],[-72.9442,-36.89195],[-72.94213,-36.89639],[-72.94129,-36.90359],[-72.93785,-36.90525],[-72.93243,-36.90379],[-72.92418,-36.9087],[-72.92474,-36.91508],[-72.9299,-36.9209],[-72.92965,-36.92549],[-72.93091,-36.92894],[-72.93486,-36.93216],[-72.93352,-36.93658],[-72.92724,-36.94008],[-72.92823,-36.94601],[-72.9312,-36.94939]]}},{"id":"28","type":"Feature","properties":{"ROL":"O-546","NOMBRE_CAMINO":"Cruce N-48-O - Puente San Juan N°1 - Peninhueque","CLASIFICACION":"Camino Regional de Acceso (En Proceso de Enrolamiento)","CALZADA":"U","tmda":null},"geometry":{"type":"LineString","coordinates":[[-72.71627,-36.833],[-72.71091,-36.83347],[-72.70126,-36.82853],[-72.69678,-36.82798]]}},{"id":"29","type":"Feature","properties":{"ROL":"N-232-O","NOMBRE_CAMINO":"Cruce Ruta 126 S (Coelemu) - Toroico - Cruce N-14-O (Burca)","CLASIFICACION":"Camino Regional Provincial","CALZADA":"U","tmda":null},"geometry":{"type":"LineString","coordinates":[[-72.81243,-36.47552],[-72.81713,-36.47562],[-72.82,-36.47337],[-72.83017,-36.47688],[-72.83529,-36.47716],[-72.83735,-36.47522],[-72.8394,-36.47516],[-72.85268,-36.48334],[-72.85582,-36.48371],[-72.85646,-36.48517],[-72.86824,-36.48187],[-72.8866,-36.4836],[-72.89802,-36.48202],[-72.9021,-36.48026],[-72.90673,-36.48156]]}},{"id":"30","type":"Feature","properties":{"ROL":"O-880","NOMBRE_CAMINO":"Cruce O-882 (Los Queules) -  Paso Hondo - Cruce O-882 (Tanahullín)","CLASIFICACION":"Camino Regional Comunal","CALZADA":"U","tmda":374.0},"geometry":{"type":"LineString","coordinates":[[-72.91567,-37.17926],[-72.91421,-37.18188],[-72.91581,-37.18302],[-72.91087,-37.18624],[-72.90661,-37.19397],[-72.89791,-37.20501],[-72.8967,-37.2102],[-72.89783,-37.22033],[-72.89629,-37.22014],[-72.89093,-37.22668]]}},{"id":"31","type":"Feature","properties":{"ROL":"O-274","NOMBRE_CAMINO":"Cruce N-14-O (Tomé) - Caleta Cocholgue","CLASIFICACION":"Camino Regional Comunal","CALZADA":"U","tmda":null},"geometry":{"type":"LineString","coordinates":[[-72.95697,-36.61661],[-72.96311,-36.61673],[-72.96581,-36.60853]]}},{"id":"32","type":"Feature","properties":{"ROL":"O-724","NOMBRE_CAMINO":"Cruce Q-60-O (La Higuera) - Santa La Piedra","CLASIFICACION":"Camino Regional Comunal","CALZADA":"U","tmda":null},"geometry":{"type":"LineString","coordinates":[[-72.90863,-37.04385],[-72.90749,-37.04266],[-72.90724,-37.03815],[-72.90468,-37.03396]]}},{"id":"33","type":"Feature","properties":{"ROL":"O-390","NOMBRE_CAMINO":"Paso Superior Ruta 150 (Penco) - Cruce N-48-O (Florida)","CLASIFICACION":"Camino Regional Provincial","CALZADA":"U","tmda":null},"geometry":{"type":"LineString","coordinates":[[-72.98548,-36.73722],[-72.97887,-36.73762]]}},{"id":"34","type":"Feature","properties":{"ROL":"O-426","NOMBRE_CAMINO":"Cruce O-420 - El Ciego","CLASIFICACION":"Camino Regional de Acceso","CALZADA":"U","tmda":null},"geometry":{"type":"LineString","coordinates":[[-72.79157,-36.75418],[-72.80249,-36.75302],[-72.80445,-36.75744],[-72.80397,-36.76418],[-72.80633,-36.76649]]}},{"id":"35","type":"Feature","properties":{"ROL":"O-372","NOMBRE_CAMINO":"Cruce Ruta 126 S - Variante Nachur - Cruce Ruta 126 S","CLASIFICACION":"Camino Regional Comunal","CALZADA":"U","tmda":null},"geometry":{"type":"LineString","coordinates":[[-72.8539,-36.63173],[-72.8557,-36.63076]]}},{"id":"36","type":"Feature","properties":{"ROL":"O-850","NOMBRE_CAMINO":"Cruce Ruta 156 (Tricauco) - Cruce Ruta 160 (Colcura)","CLASIFICACION":"Camino Regional Provincial","CALZADA":"U","tmda":271.0},"geometry":{"type":"LineString","coordinates":[[-72.97784,-37.15188],[-72.98148,-37.15295],[-72.98148,-37.15198],[-72.98455,-37.15191],[-72.98529,-37.15087],[-72.98405,-37.15039],[-72.98625,-37.1494],[-72.98689,-37.14673],[-72.9974,-37.1461],[-72.99928,-37.14479],[-73.00207,-37.14645],[-73.00748,-37.1471],[-73.0096,-37.14592],[-73.01157,-37.14184],[-73.01884,-37.14235],[-73.02821,-37.13991],[-73.02972,-37.14138],[-73.03419,-37.1412],[-73.03489,-37.14268],[-73.03928,-37.14233],[-73.04109,-37.14036],[-73.03722,-37.13345],[-73.0381,-37.12694],[-73.03658,-37.12265],[-73.0384,-37.12024],[-73.03665,-37.11787],[-73.03656,-37.11493],[-73.04072,-37.11503],[-73.04286,-37.10793],[-73.05017,-37.11055],[-73.05322,-37.11477],[-73.05815,-37.11386],[-73.06051,-37.11499],[-73.06957,-37.1105],[-73.0788,-37.11033],[-73.084,-37.10605],[-73.08802,-37.10669],[-73.09168,-37.10518],[-73.09968,-37.105],[-73.10988,-37.11197],[-73.11356,-37.1106],[-73.11791,-37.11081],[-73.12283,-37.11414],[-73.12617,-37.113],[-73.12819,-37.11363],[-73.1295,-37.10876],[-73.13359,-37.10701],[-73.13382,-37.10518],[-73.13473,-37.10609],[-73.13675,-37.10394],[-73.13834,-37.10426]]}},{"id":"37","type":"Feature","properties":{"ROL":"O-372","NOMBRE_CAMINO":"Cruce Ruta 126 S - Variante Nachur - Cruce Ruta 126 S","CLASIFICACION":"Camino Regional Comunal","CALZADA":"U","tmda":null},"geometry":{"type":"LineString","coordinates":[[-72.8557,-36.63076],[-72.85899,-36.62853]]}},{"id":"38","type":"Feature","properties":{"ROL":"N-14-O","NOMBRE_CAMINO":"Cruce Ruta 126 S (Coelemu) - Cruce O-274 (Tomé)","CLASIFICACION":"Camino Regional Principal","CALZADA":"U","tmda":835.0},"geometry":{"type":"LineString","coordinates":[[-72.95201,-36.59852],[-72.95281,-36.59935]]}},{"id":"39","type":"Feature","properties":{"ROL":"O-752","NOMBRE_CAMINO":"Estación Yumbel - Cruce Ruta O-768","CLASIFICACION":"Camino Regional Comunal (En Proceso de Enrolamiento)","CALZADA":"U","tmda":null},"geometry":{"type":"LineString","coordinates":[[-72.53948,-37.1469],[-72.53436,-37.15698],[-72.53574,-37.1612],[-72.53842,-37.16134],[-72.53827,-37.16402],[-72.54176,-37.17064],[-72.54714,-37.17136],[-72.54861,-37.16386],[-72.55083,-37.16396],[-72.55209,-37.15937]]}},{"id":"40","type":"Feature","properties":{"ROL":"O-554","NOMBRE_CAMINO":"Cruce Ruta 146 (San Nicolás) - Cruce O-550-Q","CLASIFICACION":"Camino Regional Comunal","CALZADA":"U","tmda":null},"geometry":{"type":"LineString","coordinates":[[-72.77934,-36.90734],[-72.77665,-36.90727],[-72.77436,-36.90521],[-72.77178,-36.90545],[-72.76957,-36.90768],[-72.76362,-36.9058],[-72.76,-36.90618],[-72.75812,-36.90373],[-72.75008,-36.89932],[-72.74093,-36.89999],[-72.73846,-36.90243],[-72.73259,-36.89945]]}},{"id":"41","type":"Feature","properties":{"ROL":"O-800","NOMBRE_CAMINO":"Cruce Q-60-O (Talcamávida) - Estación Gomero","CLASIFICACION":"Camino Regional de Acceso","CALZADA":"U","tmda":null},"geometry":{"type":"LineString","coordinates":[[-72.90953,-37.16208],[-72.91017,-37.16295],[-72.90563,-37.16437],[-72.9044,-37.16592],[-72.88946,-37.16923],[-72.88543,-37.16923],[-72.88315,-37.16733],[-72.86313,-37.16882]]}},{"id":"42","type":"Feature","properties":{"ROL":"O-674","NOMBRE_CAMINO":"Cruce Ruta 146 (El Manzano) - La Loica - Copielemu","CLASIFICACION":"Camino Regional Comunal","CALZADA":"U","tmda":null},"geometry":{"type":"LineString","coordinates":[[-72.76291,-36.93315],[-72.76259,-36.93456],[-72.76568,-36.93505],[-72.77152,-36.93464],[-72.77324,-36.93298],[-72.77589,-36.9327],[-72.77795,-36.93457],[-72.78329,-36.93045],[-72.78499,-36.92554],[-72.79006,-36.92448],[-72.79308,-36.92623],[-72.79582,-36.9257],[-72.79704,-36.92076],[-72.80097,-36.91662],[-72.80336,-36.90782]]}},{"id":"43","type":"Feature","properties":{"ROL":"O-298","NOMBRE_CAMINO":"Cruce Ruta 126 S (Chuponal) - Pissis - Rafael","CLASIFICACION":"Camino Regional Comunal","CALZADA":"U","tmda":null},"geometry":{"type":"LineString","coordinates":[[-72.82569,-36.60099],[-72.81535,-36.6049],[-72.81326,-36.60657],[-72.81213,-36.60969],[-72.80456,-36.61184],[-72.8038,-36.61354],[-72.80203,-36.61322],[-72.80411,-36.61438],[-72.80462,-36.61637],[-72.79882,-36.62118],[-72.79733,-36.62463],[-72.79781,-36.62665],[-72.79561,-36.62996]]}},{"id":"44","type":"Feature","properties":{"ROL":"O-546","NOMBRE_CAMINO":"Cruce N-48-O - Puente San Juan N°1 - Peninhueque","CLASIFICACION":"Camino Regional de Acceso","CALZADA":"U","tmda":null},"geometry":{"type":"LineString","coordinates":[[-72.74464,-36.83893],[-72.73971,-36.83786]]}},{"id":"45","type":"Feature","properties":{"ROL":"O-330","NOMBRE_CAMINO":"Cruce N-48-O (El Rosario) - Cruce O-66-N (Conuco)","CLASIFICACION":"Camino Regional Comunal","CALZADA":"U","tmda":128.0},"geometry":{"type":"LineString","coordinates":[[-72.70768,-36.70454],[-72.70572,-36.70391],[-72.70807,-36.70146]]}},{"id":"46","type":"Feature","properties":{"ROL":"O-520","NOMBRE_CAMINO":"Cruce N-48-O (Florida) - Llollahue","CLASIFICACION":"Camino Regional de Acceso","CALZADA":"U","tmda":null},"geometry":{"type":"LineString","coordinates":[[-72.62916,-36.81337],[-72.62595,-36.81922],[-72.61088,-36.82928],[-72.59781,-36.82967],[-72.59556,-36.83092],[-72.58753,-36.83135],[-72.58644,-36.8327],[-72.58232,-36.83352],[-72.57266,-36.84576]]}},{"id":"47","type":"Feature","properties":{"ROL":"O-350","NOMBRE_CAMINO":"Cruce Ruta 126 S (Rafael) - Villarrica - Cruce O-390 (Roa)","CLASIFICACION":"Camino Regional Comunal","CALZADA":"U","tmda":571.0},"geometry":{"type":"LineString","coordinates":[[-72.77444,-36.67128],[-72.77217,-36.67579],[-72.77165,-36.68032],[-72.77403,-36.68288],[-72.77347,-36.68629],[-72.76956,-36.69309],[-72.76973,-36.69598],[-72.76777,-36.69972],[-72.77157,-36.70254],[-72.77476,-36.70711],[-72.77415,-36.70946],[-72.77567,-36.71253],[-72.7852,-36.71753],[-72.78202,-36.72038],[-72.77983,-36.72038],[-72.77686,-36.72432],[-72.78597,-36.735]]}},{"id":"48","type":"Feature","properties":{"ROL":"O-888","NOMBRE_CAMINO":"Cruce Ruta 156 (El Pajal) - Cruce Ruta 156 (Curalí)","CLASIFICACION":"Camino Regional Comunal","CALZADA":"U","tmda":null},"geometry":{"type":"LineString","coordinates":[[-72.9433,-37.18664],[-72.94484,-37.18644],[-72.94893,-37.19085],[-72.94891,-37.19988]]}},{"id":"49","type":"Feature","properties":{"ROL":"N-14-O","NOMBRE_CAMINO":"Cruce Ruta 126 S (Coelemu) - Cruce O-274 (Tomé)","CLASIFICACION":"Camino Regional Principal","CALZADA":"U","tmda":835.0},"geometry":{"type":"LineString","coordinates":[[-72.92977,-36.53936],[-72.93178,-36.54032],[-72.93085,-36.54389],[-72.93652,-36.54878]]}},{"id":"50","type":"Feature","properties":{"ROL":"O-550-Q","NOMBRE_CAMINO":"Cruce N-48-O - Cancha Los Monteros - Cruce Q-516 (Choihue)","CLASIFICACION":"Camino Regional Comunal","CALZADA":"U","tmda":null},"geometry":{"type":"LineString","coordinates":[[-72.68254,-36.9247],[-72.67881,-36.92431],[-72.673,-36.92745],[-72.66542,-36.92876],[-72.65995,-36.93202],[-72.6574,-36.93143],[-72.64911,-36.93493],[-72.64491,-36.93363],[-72.63305,-36.934],[-72.63125,-36.93283],[-72.62685,-36.93485],[-72.62353,-36.93448],[-72.62369,-36.93582],[-72.61906,-36.93676],[-72.61836,-36.93888],[-72.61537,-36.941],[-72.61529,-36.94393],[-72.61151,-36.94624],[-72.59171,-36.95072],[-72.58222,-36.95085],[-72.57765,-36.95566],[-72.57155,-36.95931],[-72.56279,-36.95848],[-72.53665,-36.97094]]}},{"id":"51","type":"Feature","properties":{"ROL":"O-830","NOMBRE_CAMINO":"Cruce Ruta 160 - Calabozo","CLASIFICACION":"Camino Regional de Acceso","CALZADA":"U","tmda":null},"geometry":{"type":"LineString","coordinates":[[-73.13657,-37.00159],[-73.13094,-36.99863]]}},{"id":"52","type":"Feature","properties":{"ROL":"O-186-P","NOMBRE_CAMINO":"Cruce O-926 (Purgatorio) - Los Tiques - Cruce P-240 (Pichilo)","CLASIFICACION":"Camino Regional Comunal","CALZADA":"U","tmda":null},"geometry":{"type":"LineString","coordinates":[[-72.99624,-37.32331],[-72.99838,-37.32619],[-73.00212,-37.32447],[-73.00373,-37.32513],[-73.00636,-37.32203],[-73.00768,-37.32484],[-73.00804,-37.32297],[-73.00925,-37.32497],[-73.00979,-37.32331],[-73.01055,-37.32388],[-73.00979,-37.32761],[-73.01593,-37.32571],[-73.01722,-37.32339],[-73.01998,-37.32393],[-73.02075,-37.32548],[-73.02507,-37.32306],[-73.02666,-37.325],[-73.03068,-37.32439],[-73.03173,-37.32968]]}},{"id":"53","type":"Feature","properties":{"ROL":"O-440","NOMBRE_CAMINO":"Cruce N-48-O (Puente N°3) - Las Pataguas","CLASIFICACION":"Camino Regional de Acceso (En Proceso de Enrolamiento)","CALZADA":"U","tmda":null},"geometry":{"type":"LineString","coordinates":[[-72.89838,-36.76491],[-72.90344,-36.7623],[-72.90528,-36.7596],[-72.90814,-36.75926],[-72.90882,-36.75749],[-72.91529,-36.75779],[-72.91821,-36.76073],[-72.92241,-36.76005],[-72.92467,-36.75404],[-72.93733,-36.74879],[-72.93777,-36.74698],[-72.93396,-36.74261],[-72.93505,-36.74169]]}},{"id":"54","type":"Feature","properties":{"ROL":"O-830","NOMBRE_CAMINO":"Cruce Ruta 160 - Calabozo","CLASIFICACION":"Camino Regional de Acceso","CALZADA":"U","tmda":null},"geometry":{"type":"LineString","coordinates":[[-73.12908,-36.99761],[-73.12378,-36.9959],[-73.11354,-36.99775],[-73.11045,-36.99707],[-73.10647,-36.99876],[-73.10401,-36.99732],[-73.1042,-36.99626]]}},{"id":"55","type":"Feature","properties":{"ROL":"O-690","NOMBRE_CAMINO":"Cruce Ruta 146 (Concepción) - Valle Nonguén","CLASIFICACION":"Camino Regional de Acceso (En Proceso de Enrolamiento)","CALZADA":"U","tmda":null},"geometry":{"type":"LineString","coordinates":[[-72.99544,-36.86842],[-72.99544,-36.87508],[-72.9937,-36.87609]]}},{"id":"56","type":"Feature","properties":{"ROL":"O-566","NOMBRE_CAMINO":"Cruce N-48-O (Chacras Curapalihue) - Quebrada de Ulloa","CLASIFICACION":"Camino Regional de Acceso (En Proceso de Enrolamiento)","CALZADA":"U","tmda":null},"geometry":{"type":"LineString","coordinates":[[-72.82414,-36.82259],[-72.82393,-36.82547],[-72.82216,-36.82653],[-72.82204,-36.8282],[-72.817,-36.83032],[-72.8182,-36.83397],[-72.8166,-36.83585],[-72.81575,-36.84235],[-72.81335,-36.84673]]}},{"id":"57","type":"Feature","properties":{"ROL":"O-400","NOMBRE_CAMINO":"Cruce N-48-O - El Retamo","CLASIFICACION":"Camino Regional de Acceso (En Proceso de Enrolamiento)","CALZADA":"U","tmda":null},"geometry":{"type":"LineString","coordinates":[[-72.73083,-36.81768],[-72.73232,-36.81612],[-72.72818,-36.80985],[-72.73368,-36.80452],[-72.73345,-36.79772],[-72.73595,-36.79635],[-72.73715,-36.79235],[-72.73593,-36.79075],[-72.73726,-36.79066]]}},{"id":"58","type":"Feature","properties":{"ROL":"O-374","NOMBRE_CAMINO":"Cruce Ruta 126 S (San Carlitos) - El Espino - Cienaguilla - Cruce O-390","CLASIFICACION":"Camino Regional Comunal","CALZADA":"U","tmda":null},"geometry":{"type":"LineString","coordinates":[[-72.84279,-36.64018],[-72.84856,-36.64282],[-72.85078,-36.64843],[-72.85649,-36.65102],[-72.86002,-36.65611],[-72.86006,-36.66181],[-72.86222,-36.66338],[-72.85923,-36.66827],[-72.86506,-36.67256],[-72.86235,-36.67647],[-72.86309,-36.682],[-72.86799,-36.68653],[-72.86887,-36.68915],[-72.86739,-36.69697],[-72.87331,-36.70177],[-72.87502,-36.70818],[-72.88081,-36.71288],[-72.8821,-36.71618],[-72.88397,-36.7165],[-72.88611,-36.71937]]}},{"id":"59","type":"Feature","properties":{"ROL":"O-940","NOMBRE_CAMINO":"Curce Ruta 156 (Chacay) - Espigado - Cabrera","CLASIFICACION":"Camino Regional de Acceso","CALZADA":"U","tmda":420.0},"geometry":{"type":"LineString","coordinates":[[-72.92205,-37.31684],[-72.92201,-37.3254],[-72.92731,-37.33048],[-72.92783,-37.33292]]}},{"id":"60","type":"Feature","properties":{"ROL":"O-728-Q","NOMBRE_CAMINO":"Cruce Q-60-O (Quilacoya) - Chillancito - Cruce Q-722-O (San Antonio)","CLASIFICACION":"Camino Regional Comunal","CALZADA":"U","tmda":149.0},"geometry":{"type":"LineString","coordinates":[[-72.91655,-37.0802],[-72.90628,-37.07318],[-72.9058,-37.07013],[-72.89863,-37.0676],[-72.89893,-37.06595],[-72.89723,-37.0654],[-72.89895,-37.0631],[-72.89829,-37.06234],[-72.89065,-37.0614],[-72.88873,-37.06407],[-72.88357,-37.06326],[-72.8791,-37.06544],[-72.8769,-37.06283],[-72.87797,-37.06127],[-72.87656,-37.05887],[-72.87479,-37.0583],[-72.87155,-37.06239],[-72.86655,-37.06183],[-72.86031,-37.0665],[-72.84876,-37.06783],[-72.84049,-37.0737],[-72.83778,-37.07411],[-72.83737,-37.07692],[-72.8358,-37.07823],[-72.83693,-37.0801],[-72.83311,-37.08292],[-72.833,-37.08553],[-72.82816,-37.08898],[-72.82896,-37.09014],[-72.82719,-37.09118],[-72.82817,-37.09267],[-72.80675,-37.09098],[-72.79506,-37.0862],[-72.78934,-37.08558],[-72.78658,-37.08306],[-72.77796,-37.08486],[-72.77656,-37.08836],[-72.76331,-37.08748]]}},{"id":"61","type":"Feature","properties":{"ROL":"O-546","NOMBRE_CAMINO":"Cruce N-48-O - Puente San Juan N°1 - Peninhueque","CLASIFICACION":"Camino Regional de Acceso (En Proceso de Enrolamiento)","CALZADA":"U","tmda":null},"geometry":{"type":"LineString","coordinates":[[-72.73971,-36.83786],[-72.73776,-36.83863],[-72.73422,-36.83701],[-72.73232,-36.83793],[-72.72025,-36.8338]]}},{"id":"62","type":"Feature","properties":{"ROL":"O-892","NOMBRE_CAMINO":"Cruce O-882 (Tanahuillín) - Buenuraqui","CLASIFICACION":"Camino Regional de Acceso","CALZADA":"U","tmda":230.0},"geometry":{"type":"LineString","coordinates":[[-72.81349,-37.24526],[-72.80959,-37.24067],[-72.80765,-37.23476],[-72.80053,-37.23062],[-72.79545,-37.2166],[-72.78512,-37.20903]]}},{"id":"63","type":"Feature","properties":{"ROL":"O-672","NOMBRE_CAMINO":"Cruce Ruta 146 (El Rabito) - Cruce O-670 (Copiulemu)","CLASIFICACION":"Camino Regional Comunal","CALZADA":"U","tmda":null},"geometry":{"type":"LineString","coordinates":[[-72.85423,-36.86421],[-72.85069,-36.8686],[-72.84989,-36.87068],[-72.851,-36.87152],[-72.84711,-36.87492],[-72.84076,-36.87594],[-72.8385,-36.87752],[-72.83481,-36.87743],[-72.83176,-36.88121],[-72.82741,-36.88178],[-72.82692,-36.88614],[-72.82525,-36.8881],[-72.82167,-36.88791],[-72.8207,-36.88943],[-72.81652,-36.88991],[-72.81457,-36.89301],[-72.80807,-36.89533]]}},{"id":"64","type":"Feature","properties":{"ROL":"O-364","NOMBRE_CAMINO":"Cruce Ruta 126 S - Paso Superior Ruta 158 (Rinco)","CLASIFICACION":"Camino Regional Comunal","CALZADA":"U","tmda":null},"geometry":{"type":"LineString","coordinates":[[-72.83381,-36.64104],[-72.83296,-36.64408],[-72.83505,-36.64576],[-72.8312,-36.64763],[-72.83116,-36.6542],[-72.82822,-36.6591]]}},{"id":"65","type":"Feature","properties":{"ROL":"O-690","NOMBRE_CAMINO":"Cruce Ruta 146 (Concepción) - Valle Nonguén","CLASIFICACION":"Camino Regional de Acceso","CALZADA":"U","tmda":null},"geometry":{"type":"LineString","coordinates":[[-73.00948,-36.8446],[-73.008,-36.84688],[-73.0089,-36.84819],[-73.00579,-36.85101],[-73.00533,-36.8538],[-72.9975,-36.86051],[-72.99883,-36.86618],[-72.99544,-36.86842]]}},{"id":"66","type":"Feature","properties":{"ROL":"N-14-O","NOMBRE_CAMINO":"Cruce Ruta 126 S (Coelemu) - Cruce O-274 (Tomé)","CLASIFICACION":"Camino Regional Principal","CALZADA":"U","tmda":835.0},"geometry":{"type":"LineString","coordinates":[[-72.95281,-36.59935],[-72.95254,-36.60222],[-72.95549,-36.60655],[-72.95557,-36.60931],[-72.95419,-36.61084],[-72.95692,-36.61668]]}},{"id":"67","type":"Feature","properties":{"ROL":"O-430","NOMBRE_CAMINO":"Cruce N-48-O (Puente N°5) - Cruce O-390 (Juan Chico)","CLASIFICACION":"Camino Regional Comunal","CALZADA":"U","tmda":2388.0},"geometry":{"type":"LineString","coordinates":[[-72.8574,-36.8141],[-72.85493,-36.81175],[-72.85564,-36.80951],[-72.8539,-36.80685],[-72.84917,-36.80259],[-72.84748,-36.79731],[-72.84827,-36.79452],[-72.84657,-36.79308],[-72.84448,-36.78645],[-72.84195,-36.78614],[-72.84023,-36.78109],[-72.8361,-36.77915],[-72.83537,-36.77515],[-72.836,-36.76855],[-72.83867,-36.7666],[-72.83713,-36.75863],[-72.8396,-36.75516],[-72.84356,-36.75567],[-72.84688,-36.75457],[-72.84834,-36.75046]]}},{"id":"68","type":"Feature","properties":{"ROL":"N-14-O","NOMBRE_CAMINO":"Cruce Ruta 126 S (Coelemu) - Cruce O-274 (Tomé)","CLASIFICACION":"Camino Regional Principal","CALZADA":"U","tmda":360.0},"geometry":{"type":"LineString","coordinates":[[-72.87959,-36.44611],[-72.8802,-36.44828],[-72.88395,-36.44729],[-72.88107,-36.44891],[-72.88431,-36.45213],[-72.88298,-36.46014],[-72.88735,-36.46211],[-72.88789,-36.46325],[-72.88688,-36.46391],[-72.88908,-36.46407],[-72.88896,-36.46571],[-72.89524,-36.47024]]}},{"id":"69","type":"Feature","properties":{"ROL":"O-678","NOMBRE_CAMINO":"Cruce N-48-O (Puente N°1) - Cruce Ruta 146 (San Antonio)","CLASIFICACION":"Camino Regional Comunal","CALZADA":"U","tmda":null},"geometry":{"type":"LineString","coordinates":[[-72.9183,-36.82995],[-72.91655,-36.82957],[-72.91553,-36.83266],[-72.91063,-36.83489],[-72.91064,-36.84083],[-72.90882,-36.84282],[-72.90828,-36.846],[-72.90448,-36.84658],[-72.90323,-36.84975]]}},{"id":"70","type":"Feature","properties":{"ROL":"O-390","NOMBRE_CAMINO":"Paso Superior Ruta 150 (Penco) - Cruce N-48-O (Florida)","CLASIFICACION":"Camino Regional Provincial","CALZADA":"U","tmda":486.0},"geometry":{"type":"LineString","coordinates":[[-72.76406,-36.73671],[-72.759,-36.73653],[-72.75678,-36.74194],[-72.75028,-36.74327],[-72.74925,-36.74628],[-72.74341,-36.75054],[-72.74039,-36.75468],[-72.73515,-36.75563],[-72.73036,-36.75915],[-72.7268,-36.75918],[-72.7252,-36.76309],[-72.72181,-36.76542],[-72.71524,-36.76693],[-72.71593,-36.76991],[-72.71361,-36.77218],[-72.70992,-36.77251],[-72.69824,-36.78215],[-72.69041,-36.78446],[-72.69218,-36.7868],[-72.69094,-36.78913],[-72.68702,-36.79061],[-72.68495,-36.79492],[-72.68022,-36.79731],[-72.67583,-36.80155],[-72.67535,-36.80349],[-72.67672,-36.80599],[-72.67262,-36.80974],[-72.66766,-36.82308]]}},{"id":"71","type":"Feature","properties":{"ROL":"O-274","NOMBRE_CAMINO":"Cruce N-14-O (Tomé) - Caleta Cocholgue","CLASIFICACION":"Camino Regional Comunal","CALZADA":"U","tmda":null},"geometry":{"type":"LineString","coordinates":[[-72.96581,-36.60853],[-72.97056,-36.60426],[-72.97388,-36.59594],[-72.97636,-36.5955]]}},{"id":"72","type":"Feature","properties":{"ROL":"O-680","NOMBRE_CAMINO":"Cruce Ruta 146 (Agua de La Gloria) - El Queule - Cruce Q-652-O (Hualqui)","CLASIFICACION":"Camino Regional Provincial","CALZADA":"U","tmda":null},"geometry":{"type":"LineString","coordinates":[[-72.93642,-36.96123],[-72.93649,-36.97238]]}},{"id":"73","type":"Feature","properties":{"ROL":"N-252-O","NOMBRE_CAMINO":"Cruce Ruta 126 S (Ranguelmo) - Cruce O-250 (Menque)","CLASIFICACION":"Camino Regional Comunal","CALZADA":"U","tmda":null},"geometry":{"type":"LineString","coordinates":[[-72.79774,-36.57275],[-72.79939,-36.57133],[-72.80598,-36.57079]]}},{"id":"74","type":"Feature","properties":{"ROL":"O-374","NOMBRE_CAMINO":"Cruce Ruta 126 S (San Carlitos) - El Espino - Cienaguilla - Cruce O-390","CLASIFICACION":"Camino Regional Comunal","CALZADA":"U","tmda":null},"geometry":{"type":"LineString","coordinates":[[-72.88611,-36.71937],[-72.89776,-36.71926],[-72.90885,-36.72484],[-72.91302,-36.72371],[-72.91605,-36.72109],[-72.91849,-36.72172]]}},{"id":"75","type":"Feature","properties":{"ROL":"O-186-P","NOMBRE_CAMINO":"Cruce O-926 (Purgatorio) - Los Tiques - Cruce P-240 (Pichilo)","CLASIFICACION":"Camino Regional Comunal","CALZADA":"U","tmda":null},"geometry":{"type":"LineString","coordinates":[[-73.03173,-37.32968],[-73.03653,-37.32446],[-73.03603,-37.3219],[-73.03428,-37.3221],[-73.0348,-37.32117],[-73.03862,-37.32234],[-73.04036,-37.32152],[-73.04591,-37.32541],[-73.048,-37.32441],[-73.04975,-37.32049],[-73.05453,-37.3228],[-73.05414,-37.32607],[-73.05604,-37.32813],[-73.0581,-37.3342],[-73.0575,-37.33848],[-73.06494,-37.33887]]}},{"id":"76","type":"Feature","properties":{"ROL":"O-886","NOMBRE_CAMINO":"Cruce O-882 (Curamávida) - Balseadero a San Rosendo","CLASIFICACION":"Camino Regional de Acceso","CALZADA":"U","tmda":null},"geometry":{"type":"LineString","coordinates":[[-72.7778,-37.27064],[-72.77444,-37.27041],[-72.76977,-37.2723],[-72.76763,-37.27037],[-72.76222,-37.26916],[-72.75915,-37.26407],[-72.75324,-37.26469],[-72.75083,-37.2679],[-72.74339,-37.26826],[-72.74017,-37.2706],[-72.73599,-37.26831]]}},{"id":"77","type":"Feature","properties":{"ROL":"N-252-O","NOMBRE_CAMINO":"Cruce Ruta 126 S (Ranguelmo) - Cruce O-250 (Menque)","CLASIFICACION":"Camino Regional Comunal","CALZADA":"U","tmda":null},"geometry":{"type":"LineString","coordinates":[[-72.80598,-36.57079],[-72.81078,-36.56797],[-72.81131,-36.56569]]}},{"id":"78","type":"Feature","properties":{"ROL":"O-690","NOMBRE_CAMINO":"Cruce Ruta 146 (Concepción) - Valle Nonguén","CLASIFICACION":"Camino Regional de Acceso","CALZADA":"U","tmda":null},"geometry":{"type":"LineString","coordinates":[[-72.99644,-36.82103],[-72.9996,-36.82229],[-73.00848,-36.82173],[-73.00885,-36.82402],[-73.00643,-36.82682],[-73.00524,-36.83469],[-73.00296,-36.83585],[-73.00845,-36.84119],[-73.00948,-36.8446]]}},{"id":"79","type":"Feature","properties":{"ROL":"O-676","NOMBRE_CAMINO":"Cruce Ruta 146 (El Pretil) - Pichaco","CLASIFICACION":"Camino Regional de Acceso (En Proceso de Enrolamiento)","CALZADA":"U","tmda":null},"geometry":{"type":"LineString","coordinates":[[-72.89787,-36.90031],[-72.9011,-36.90733],[-72.89661,-36.91103],[-72.89756,-36.91711],[-72.89409,-36.91852],[-72.8913,-36.92207],[-72.89121,-36.92397],[-72.88633,-36.92685]]}},{"id":"80","type":"Feature","properties":{"ROL":"O-566","NOMBRE_CAMINO":"Cruce N-48-O (Chacras Curapalihue) - Quebrada de Ulloa","CLASIFICACION":"Camino Regional de Acceso","CALZADA":"U","tmda":null},"geometry":{"type":"LineString","coordinates":[[-72.82231,-36.81689],[-72.82444,-36.82064],[-72.82414,-36.82259]]}},{"id":"81","type":"Feature","properties":{"ROL":"O-676","NOMBRE_CAMINO":"Cruce Ruta 146 (El Pretil) - Pichaco","CLASIFICACION":"Camino Regional de Acceso","CALZADA":"U","tmda":null},"geometry":{"type":"LineString","coordinates":[[-72.88567,-36.8568],[-72.88755,-36.85992],[-72.88449,-36.86621],[-72.88466,-36.86912],[-72.88607,-36.87097],[-72.88564,-36.87404],[-72.88831,-36.87795],[-72.88662,-36.88047],[-72.88572,-36.88691],[-72.8859,-36.89655],[-72.88963,-36.89955],[-72.89215,-36.90016],[-72.89513,-36.8986],[-72.89787,-36.90031]]}},{"id":"82","type":"Feature","properties":{"ROL":"N-59-Q","NOMBRE_CAMINO":"Chillán (Cruce Av. Bernardo O'Higgins) - Yungay - Puente La Fábrica - Huépil - Cruce Q-45 (Canteras)","CLASIFICACION":"Camino Regional Principal","CALZADA":"U","tmda":3984.0},"geometry":{"type":"LineString","coordinates":[[-71.97999,-37.18927],[-71.97782,-37.19628],[-71.96096,-37.19917],[-71.94961,-37.20444],[-71.94795,-37.20658],[-71.94293,-37.23809],[-71.94547,-37.24714],[-71.95695,-37.25443],[-71.95847,-37.25956],[-71.95591,-37.27164],[-71.95053,-37.28305],[-71.94989,-37.29635],[-71.9565,-37.30105],[-71.97114,-37.30308],[-71.97413,-37.30526],[-72.00442,-37.34263],[-72.00373,-37.35338],[-71.99592,-37.36932],[-72.01137,-37.39157],[-72.0112,-37.40063],[-72.01721,-37.41299]]}},{"id":"83","type":"Feature","properties":{"ROL":"O-328","NOMBRE_CAMINO":"Paso Inferior Ruta 152 (El Milagro) - Cruce O-330 (Granerillos)","CLASIFICACION":"Camino Regional Comunal","CALZADA":"U","tmda":null},"geometry":{"type":"LineString","coordinates":[[-72.61918,-36.69599],[-72.62274,-36.69839],[-72.62432,-36.70321],[-72.62937,-36.70311],[-72.63148,-36.70635],[-72.63106,-36.70904],[-72.62719,-36.71431],[-72.62802,-36.71829],[-72.62932,-36.71902]]}},{"id":"84","type":"Feature","properties":{"ROL":"O-330","NOMBRE_CAMINO":"Cruce N-48-O (El Rosario) - Cruce O-66-N (Conuco)","CLASIFICACION":"Camino Regional Comunal","CALZADA":"U","tmda":128.0},"geometry":{"type":"LineString","coordinates":[[-72.70807,-36.70146],[-72.71279,-36.69654],[-72.71069,-36.68263],[-72.71641,-36.67628],[-72.71521,-36.67158],[-72.71735,-36.66685],[-72.71587,-36.66464],[-72.71829,-36.6613],[-72.71921,-36.65624],[-72.73264,-36.64369],[-72.73504,-36.64003],[-72.73386,-36.62792],[-72.73222,-36.62299],[-72.73285,-36.6186],[-72.73523,-36.618]]}},{"id":"85","type":"Feature","properties":{"ROL":"O-852","NOMBRE_CAMINO":"Cruce Ruta 160 (Coronel) - Cruce Ruta 156 (Patagual Sur)","CLASIFICACION":"Camino Regional Comunal","CALZADA":"U","tmda":1524.0},"geometry":{"type":"LineString","coordinates":[[-73.13519,-37.02663],[-73.1229,-37.03508],[-73.11907,-37.03964],[-73.11256,-37.04318],[-73.10898,-37.04298],[-73.10318,-37.0479],[-73.09725,-37.04865],[-73.09108,-37.04556],[-73.07772,-37.04884],[-73.07688,-37.04615],[-73.0715,-37.04515],[-73.06906,-37.04273],[-73.06461,-37.04396],[-73.06342,-37.04723],[-73.06033,-37.04881],[-73.05933,-37.04757],[-73.05535,-37.04681],[-73.05381,-37.0479],[-73.05235,-37.0461],[-73.04734,-37.04521],[-73.04399,-37.04135],[-73.03853,-37.03791],[-73.03673,-37.03498],[-73.03707,-37.03301],[-73.02972,-37.02726],[-73.02302,-37.02621],[-73.02132,-37.02229],[-73.01699,-37.02153],[-73.01597,-37.01947],[-73.01253,-37.01961],[-73.00591,-37.01382],[-72.99734,-37.01245],[-72.9924,-37.01007],[-72.98967,-37.01003],[-72.98849,-37.01255]]}},{"id":"86","type":"Feature","properties":{"ROL":"O-324","NOMBRE_CAMINO":"Cruce O-330 (Rahuil por la Posta) - Cruce N-320 (El Quilo)","CLASIFICACION":"Camino Regional Comunal","CALZADA":"U","tmda":null},"geometry":{"type":"LineString","coordinates":[[-72.69758,-36.65261],[-72.68476,-36.65689],[-72.6675,-36.66869],[-72.66465,-36.66902],[-72.65685,-36.66613],[-72.6542,-36.66656]]}},{"id":"87","type":"Feature","properties":{"ROL":"O-522","NOMBRE_CAMINO":"Tomeco - Cruce O-550-Q","CLASIFICACION":"Camino Regional de Acceso (En Proceso de Enrolamiento)","CALZADA":"U","tmda":null},"geometry":{"type":"LineString","coordinates":[[-72.62301,-36.98596],[-72.62179,-36.98259],[-72.61866,-36.98141],[-72.6201,-36.97577],[-72.61808,-36.97268],[-72.6118,-36.96832],[-72.611,-36.96378],[-72.60794,-36.96163],[-72.6078,-36.95992],[-72.6038,-36.95853],[-72.60022,-36.9535],[-72.59449,-36.95016]]}},{"id":"88","type":"Feature","properties":{"ROL":"O-390","NOMBRE_CAMINO":"Paso Superior Ruta 150 (Penco) - Cruce N-48-O (Florida)","CLASIFICACION":"Camino Regional Provincial","CALZADA":"U","tmda":486.0},"geometry":{"type":"LineString","coordinates":[[-72.93056,-36.74188],[-72.9208,-36.74444],[-72.91904,-36.74364],[-72.91644,-36.74492],[-72.91364,-36.74316],[-72.90913,-36.74464],[-72.90827,-36.74262],[-72.90426,-36.74255],[-72.89963,-36.73885],[-72.89042,-36.73798],[-72.88338,-36.74012],[-72.88022,-36.73777],[-72.87548,-36.73925],[-72.87181,-36.74205],[-72.86938,-36.7468],[-72.86596,-36.74891],[-72.86338,-36.748],[-72.86045,-36.74934],[-72.85634,-36.74581],[-72.85219,-36.74713],[-72.84884,-36.75036],[-72.8445,-36.75123],[-72.8407,-36.75039]]}},{"id":"89","type":"Feature","properties":{"ROL":"O-880","NOMBRE_CAMINO":"Cruce O-882 (Los Queules) -  Paso Hondo - Cruce O-882 (Tanahullín)","CLASIFICACION":"Camino Regional Comunal","CALZADA":"U","tmda":374.0},"geometry":{"type":"LineString","coordinates":[[-72.89093,-37.22668],[-72.8878,-37.22704],[-72.88183,-37.22529],[-72.87931,-37.22854],[-72.87384,-37.23151],[-72.86895,-37.23763],[-72.86284,-37.24092],[-72.86356,-37.24246],[-72.86098,-37.24513],[-72.85749,-37.25286],[-72.85494,-37.25294]]}},{"id":"90","type":"Feature","properties":{"ROL":"O-642","NOMBRE_CAMINO":"Lucay - Cruce Q-652-O","CLASIFICACION":"Camino Regional de Acceso (En Proceso de Enrolamiento)","CALZADA":"U","tmda":null},"geometry":{"type":"LineString","coordinates":[[-72.70357,-37.01339],[-72.71854,-37.01734],[-72.72052,-37.01895]]}},{"id":"91","type":"Feature","properties":{"ROL":"O-424","NOMBRE_CAMINO":"Cruce O-420 - Carabeo - Poñén","CLASIFICACION":"Camino Regional de Acceso","CALZADA":"U","tmda":null},"geometry":{"type":"LineString","coordinates":[[-72.7959,-36.79449],[-72.80521,-36.7879],[-72.80781,-36.78269]]}},{"id":"92","type":"Feature","properties":{"ROL":"O-790","NOMBRE_CAMINO":"Rere - Tumentucó por Las Perdices","CLASIFICACION":"Camino Regional de Acceso (En Proceso de Enrolamiento)","CALZADA":"U","tmda":null},"geometry":{"type":"LineString","coordinates":[[-72.76176,-37.156],[-72.75979,-37.16101]]}},{"id":"93","type":"Feature","properties":{"ROL":"O-550-Q","NOMBRE_CAMINO":"Cruce N-48-O - Cancha Los Monteros - Cruce Q-516 (Choihue)","CLASIFICACION":"Camino Regional Comunal","CALZADA":"U","tmda":null},"geometry":{"type":"LineString","coordinates":[[-72.77704,-36.81914],[-72.77517,-36.82217],[-72.77698,-36.82565],[-72.77665,-36.82958],[-72.77268,-36.83571],[-72.77251,-36.83821],[-72.771,-36.83878],[-72.77116,-36.84308],[-72.77296,-36.84519],[-72.77278,-36.84954],[-72.77088,-36.85034],[-72.76598,-36.84873],[-72.76477,-36.85068],[-72.76653,-36.85375],[-72.76476,-36.85465],[-72.76353,-36.85764],[-72.75217,-36.86319],[-72.74959,-36.88176],[-72.74544,-36.88787],[-72.7411,-36.88924],[-72.73976,-36.89587],[-72.73252,-36.89949],[-72.72484,-36.90827],[-72.71794,-36.91099],[-72.71006,-36.91112],[-72.70336,-36.91547],[-72.70334,-36.9175],[-72.69792,-36.92127],[-72.68806,-36.92229],[-72.68254,-36.9247]]}},{"id":"94","type":"Feature","properties":{"ROL":"O-724","NOMBRE_CAMINO":"Cruce Q-60-O (La Higuera) - Santa La Piedra","CLASIFICACION":"Camino Regional Comunal","CALZADA":"U","tmda":null},"geometry":{"type":"LineString","coordinates":[[-72.96034,-37.04764],[-72.95301,-37.05242],[-72.94414,-37.05252],[-72.9429,-37.05143],[-72.93701,-37.05323],[-72.92858,-37.05366],[-72.92449,-37.05232],[-72.92406,-37.0493],[-72.92196,-37.04702],[-72.91057,-37.04616],[-72.90863,-37.04385]]}},{"id":"95","type":"Feature","properties":{"ROL":"O-574-N","NOMBRE_CAMINO":"Cruce O-540 (San Antonio) - Chancal Bajo - Chancal Alto - Paso Hondo","CLASIFICACION":"Camino Regional Comunal","CALZADA":"U","tmda":null},"geometry":{"type":"LineString","coordinates":[[-72.67467,-36.86133],[-72.67309,-36.86535],[-72.67096,-36.86578],[-72.66735,-36.87086],[-72.66457,-36.87241]]}},{"id":"96","type":"Feature","properties":{"ROL":"O-328","NOMBRE_CAMINO":"Paso Inferior Ruta 152 (El Milagro) - Cruce O-330 (Granerillos)","CLASIFICACION":"Camino Regional Comunal","CALZADA":"U","tmda":null},"geometry":{"type":"LineString","coordinates":[[-72.62932,-36.71902],[-72.63298,-36.71896],[-72.63465,-36.71683],[-72.63882,-36.7174],[-72.64227,-36.71375],[-72.64211,-36.70971],[-72.64558,-36.70821],[-72.65618,-36.70735],[-72.66142,-36.70433],[-72.66544,-36.70431],[-72.674,-36.70792]]}},{"id":"97","type":"Feature","properties":{"ROL":"Q-750","NOMBRE_CAMINO":"Cruce Q-80 (Las Golondrinas) - Lapito","CLASIFICACION":"Camino Regional de Acceso","CALZADA":"U","tmda":null},"geometry":{"type":"LineString","coordinates":[[-72.3598,-37.6883],[-72.3558,-37.67594],[-72.34855,-37.66623],[-72.34586,-37.66565],[-72.33572,-37.65522],[-72.33515,-37.65056],[-72.33608,-37.65003]]}},{"id":"98","type":"Feature","properties":{"ROL":"Ruta 177","NOMBRE_CAMINO":"Cruce Ruta 5 (Rarinco) - Los Ángeles (Av. Las Industrias) - Cruce Ruta 5 (Duqueco)","CLASIFICACION":"Camino Nacional","CALZADA":"U","tmda":16555.0},"geometry":{"type":"LineString","coordinates":[[-72.36113,-37.38482],[-72.35926,-37.38974],[-72.3286,-37.43796],[-72.32646,-37.46724],[-72.32501,-37.52317],[-72.32284,-37.52767],[-72.32612,-37.53204]]}},{"id":"99","type":"Feature","properties":{"ROL":"Q-262","NOMBRE_CAMINO":"Cruce Ruta 5 (Los Ángeles) - Cruce Q-34 (Millantú)","CLASIFICACION":"Camino Regional Comunal","CALZADA":"U","tmda":null},"geometry":{"type":"LineString","coordinates":[[-72.49735,-37.40618],[-72.51942,-37.40392],[-72.51839,-37.40757],[-72.52114,-37.4137],[-72.52596,-37.41669],[-72.5325,-37.41544],[-72.53319,-37.4134],[-72.53539,-37.41217],[-72.53515,-37.40936],[-72.53341,-37.40918],[-72.53299,-37.40377],[-72.59887,-37.40235],[-72.60501,-37.39954],[-72.61328,-37.40053]]}},{"id":"100","type":"Feature","properties":{"ROL":"Q-610","NOMBRE_CAMINO":"Cruce Q-544 (Escuela Tapihue) - Cruce Q-606 (Monte Águila)","CLASIFICACION":"Camino Regional de Acceso","CALZADA":"U","tmda":null},"geometry":{"type":"LineString","coordinates":[[-72.4591,-37.15737],[-72.44748,-37.14846],[-72.44234,-37.11775],[-72.44008,-37.11755],[-72.43844,-37.11184],[-72.43069,-37.10834],[-72.43709,-37.09941],[-72.4379,-37.09023],[-72.43907,-37.08943],[-72.43735,-37.08783]]}},{"id":"101","type":"Feature","properties":{"ROL":"Q-732","NOMBRE_CAMINO":"Cruce Q-758 (Rinconada) - Monterrey","CLASIFICACION":"Camino Regional Comunal","CALZADA":"U","tmda":null},"geometry":{"type":"LineString","coordinates":[[-72.6136,-37.16699],[-72.61431,-37.1645],[-72.62367,-37.16089],[-72.62455,-37.15716],[-72.62917,-37.1581],[-72.62963,-37.15603],[-72.63793,-37.15176],[-72.64407,-37.15217],[-72.64525,-37.16512],[-72.64774,-37.16161],[-72.65859,-37.16006],[-72.66358,-37.15571],[-72.66987,-37.15593],[-72.67308,-37.15208],[-72.67373,-37.14591],[-72.67903,-37.14472],[-72.68409,-37.13695],[-72.68709,-37.13644]]}},{"id":"102","type":"Feature","properties":{"ROL":"Q-45","NOMBRE_CAMINO":"Cruce Ruta 177 (Los Ángeles) - Antuco - Laguna Laja - Paso Pichachén","CLASIFICACION":"Camino Regional Principal","CALZADA":"U","tmda":394.0},"geometry":{"type":"LineString","coordinates":[[-71.45652,-37.39547],[-71.44287,-37.39797],[-71.43645,-37.39735],[-71.43376,-37.39571],[-71.42679,-37.39726],[-71.41063,-37.39181],[-71.40544,-37.39228],[-71.39993,-37.38892],[-71.39218,-37.38784],[-71.387,-37.38447],[-71.3877,-37.38657],[-71.38609,-37.38694],[-71.38246,-37.38412],[-71.37349,-37.3808],[-71.36681,-37.38055],[-71.36224,-37.37653],[-71.35012,-37.36945],[-71.33955,-37.36928],[-71.32924,-37.3716],[-71.32397,-37.37572],[-71.32312,-37.37868],[-71.31715,-37.38115],[-71.30359,-37.39233],[-71.30303,-37.3942],[-71.30492,-37.39717],[-71.30256,-37.40001],[-71.30195,-37.40404],[-71.29272,-37.41148],[-71.28925,-37.41661],[-71.28482,-37.43788],[-71.28479,-37.44622],[-71.28848,-37.45291],[-71.30013,-37.4582],[-71.31265,-37.46148],[-71.32015,-37.46842],[-71.3188,-37.47725],[-71.31376,-37.47859]]}},{"id":"103","type":"Feature","properties":{"ROL":"Q-931-N","NOMBRE_CAMINO":"Cruce N-59-Q (Huépil) - Cruce Q-97-N (Cholguán)","CLASIFICACION":"Camino Regional Comunal","CALZADA":"U","tmda":924.0},"geometry":{"type":"LineString","coordinates":[[-71.94425,-37.24284],[-71.95673,-37.24098],[-71.96444,-37.2418],[-71.97826,-37.23805],[-72.05439,-37.17753]]}},{"id":"104","type":"Feature","properties":{"ROL":"Q-200","NOMBRE_CAMINO":"Cruce Ruta 5 (Los Ángeles) - María Dolores - Cruce Q-90 (Puente Perales)","CLASIFICACION":"Camino Regional Provincial","CALZADA":"U","tmda":486.0},"geometry":{"type":"LineString","coordinates":[[-72.43424,-37.34392],[-72.43811,-37.32524],[-72.47361,-37.29117],[-72.48854,-37.26539],[-72.5376,-37.24431],[-72.53991,-37.24168],[-72.53971,-37.23802]]}},{"id":"105","type":"Feature","properties":{"ROL":"Q-656","NOMBRE_CAMINO":"Cruce Q-652-O - Entre Puentes - Cruce Q-644 (El Parral)","CLASIFICACION":"Camino Regional Comunal","CALZADA":"U","tmda":null},"geometry":{"type":"LineString","coordinates":[[-72.77474,-36.99979],[-72.76929,-36.99654],[-72.7601,-36.99588],[-72.75541,-36.99378],[-72.75438,-36.9917],[-72.74708,-36.98913]]}},{"id":"106","type":"Feature","properties":{"ROL":"Q-624","NOMBRE_CAMINO":"Cruce Ruta 146 (Paso Hondo) - Las Toscas - Cruce Q-620  (Petagorda)","CLASIFICACION":"Camino Regional Comunal","CALZADA":"U","tmda":null},"geometry":{"type":"LineString","coordinates":[[-72.54251,-37.00231],[-72.5401,-37.00937],[-72.54121,-37.01373],[-72.54027,-37.01687],[-72.54119,-37.02088],[-72.54753,-37.03001],[-72.5475,-37.04494]]}},{"id":"107","type":"Feature","properties":{"ROL":"Q-768","NOMBRE_CAMINO":"Cruce Q-90 (Puente Perales) - Cruce Q-544 (Estación Yumbel)","CLASIFICACION":"Camino Regional Comunal","CALZADA":"U","tmda":null},"geometry":{"type":"LineString","coordinates":[[-72.5381,-37.23359],[-72.56629,-37.19798],[-72.57177,-37.19397],[-72.57301,-37.18893],[-72.55967,-37.17188],[-72.55653,-37.16406],[-72.54156,-37.1475]]}},{"id":"108","type":"Feature","properties":{"ROL":"Q-296","NOMBRE_CAMINO":"Cruce Ruta 180 (San Francisco) - Cruce Q-148 (Chacaico)","CLASIFICACION":"Camino Regional Comunal","CALZADA":"U","tmda":null},"geometry":{"type":"LineString","coordinates":[[-72.49266,-37.50603],[-72.51056,-37.50825],[-72.51955,-37.51111],[-72.52875,-37.51167],[-72.53485,-37.51406],[-72.55132,-37.51541]]}},{"id":"109","type":"Feature","properties":{"ROL":"Q-488","NOMBRE_CAMINO":"Cruce Ruta 156 (Cruce FFCC) - Cruce Ruta 180 (Coihue)","CLASIFICACION":"Camino Regional Comunal","CALZADA":"U","tmda":5116.0},"geometry":{"type":"LineString","coordinates":[[-72.60076,-37.54899],[-72.60129,-37.55065],[-72.59776,-37.55401]]}},{"id":"110","type":"Feature","properties":{"ROL":"Q-953","NOMBRE_CAMINO":"Cruce Q-955 - Cruce Q-805 (Mulchén)","CLASIFICACION":"Camino Regional de Acceso","CALZADA":"U","tmda":null},"geometry":{"type":"LineString","coordinates":[[-72.25475,-37.739],[-72.24851,-37.73107],[-72.24892,-37.72136]]}},{"id":"111","type":"Feature","properties":{"ROL":"Q-252","NOMBRE_CAMINO":"Cruce Q-200 -  Aeródromo María Dolores","CLASIFICACION":"Camino Regional de Acceso","CALZADA":"U","tmda":null},"geometry":{"type":"LineString","coordinates":[[-72.41203,-37.40266],[-72.42129,-37.40218]]}},{"id":"112","type":"Feature","properties":{"ROL":"Q-60-O","NOMBRE_CAMINO":"Cruce Ruta 146 (Cabrero) - Yumbel - Hualqui - Concepción","CLASIFICACION":"Camino Regional Principal","CALZADA":"U","tmda":6858.0},"geometry":{"type":"LineString","coordinates":[[-72.95639,-37.00353],[-72.94868,-36.99815],[-72.94028,-36.98534],[-72.94007,-36.97119],[-72.94989,-36.96719],[-72.95382,-36.96429],[-72.9626,-36.96765],[-72.97936,-36.97031],[-72.99877,-36.96684],[-73.00806,-36.96389],[-73.01248,-36.95739],[-73.02763,-36.9189]]}},{"id":"113","type":"Feature","properties":{"ROL":"Q-705","NOMBRE_CAMINO":"Mulchén (Puente Granaderos) - Quilaco - Loncopanque - Porvenir","CLASIFICACION":"Camino Regional Provincial (En Proceso de Enrolamiento)","CALZADA":"U","tmda":null},"geometry":{"type":"LineString","coordinates":[[-71.65869,-37.88012],[-71.64778,-37.88644],[-71.64348,-37.88985],[-71.64477,-37.89109],[-71.64141,-37.8933],[-71.63639,-37.89458],[-71.6343,-37.89745],[-71.62941,-37.89932],[-71.6253,-37.90693],[-71.62292,-37.90822]]}},{"id":"114","type":"Feature","properties":{"ROL":"Q-459","NOMBRE_CAMINO":"Cruce Q-45 - Villa Peluca - Cruce Q-45","CLASIFICACION":"Camino Regional Comunal","CALZADA":"U","tmda":null},"geometry":{"type":"LineString","coordinates":[[-71.6265,-37.3334],[-71.615,-37.33809],[-71.60819,-37.33827]]}},{"id":"115","type":"Feature","properties":{"ROL":"Q-215","NOMBRE_CAMINO":"Cruce Q-351 (Guzmán) - Cruce Q-205 (Pezoa)","CLASIFICACION":"Camino Regional Comunal","CALZADA":"U","tmda":363.0},"geometry":{"type":"LineString","coordinates":[[-72.25015,-37.41424],[-72.25033,-37.40041],[-72.24624,-37.39884],[-72.24555,-37.37243],[-72.24783,-37.37008],[-72.24762,-37.36668]]}},{"id":"116","type":"Feature","properties":{"ROL":"Q-555","NOMBRE_CAMINO":"Cruce Ruta 5 (La Mata Norte) - Cruce Q-97-N (Charrúa)","CLASIFICACION":"Camino Regional Comunal","CALZADA":"U","tmda":940.0},"geometry":{"type":"LineString","coordinates":[[-72.34912,-37.15087],[-72.32728,-37.15094],[-72.3222,-37.11243],[-72.32236,-37.11126],[-72.32646,-37.11047],[-72.32523,-37.10089]]}},{"id":"117","type":"Feature","properties":{"ROL":"Q-653","NOMBRE_CAMINO":"Cruce Q-61 (Santa Bárbara) - Cruce Q-605 (Villucura)","CLASIFICACION":"Camino Regional Comunal","CALZADA":"U","tmda":90.0},"geometry":{"type":"LineString","coordinates":[[-72.02451,-37.6643],[-72.02294,-37.66055]]}},{"id":"118","type":"Feature","properties":{"ROL":"Q-786","NOMBRE_CAMINO":"Cruce Q-780 - Cruce Q-730 (San Rosendo)","CLASIFICACION":"Camino Regional Comunal","CALZADA":"U","tmda":null},"geometry":{"type":"LineString","coordinates":[[-72.72401,-37.25218],[-72.73181,-37.25671],[-72.72918,-37.25527],[-72.72449,-37.26022],[-72.72487,-37.26127]]}},{"id":"119","type":"Feature","properties":{"ROL":"Q-105","NOMBRE_CAMINO":"Cruce Ruta 177 (Los Ángeles) - Santa Clara - Cruce Q-119 (Salto del Laja)","CLASIFICACION":"Camino Regional Provincial","CALZADA":"U","tmda":1268.0},"geometry":{"type":"LineString","coordinates":[[-72.24275,-37.20641],[-72.24494,-37.20181],[-72.25127,-37.20228]]}},{"id":"120","type":"Feature","properties":{"ROL":"Q-520","NOMBRE_CAMINO":"Cruce Ruta 5 (Paso Superior Paillihue) - Pata de Gallina - Cruce Q-530 (El Morro)","CLASIFICACION":"Camino Regional Comunal","CALZADA":"U","tmda":null},"geometry":{"type":"LineString","coordinates":[[-72.40711,-37.50054],[-72.43928,-37.50639],[-72.45923,-37.50831]]}},{"id":"121","type":"Feature","properties":{"ROL":"Q-115","NOMBRE_CAMINO":"Cruce Q-105 (Puente Curanadú) - Cruce Q-105 (Salto del Laja)","CLASIFICACION":"Camino Regional Comunal","CALZADA":"U","tmda":397.0},"geometry":{"type":"LineString","coordinates":[[-72.30674,-37.27715],[-72.30746,-37.26692]]}},{"id":"122","type":"Feature","properties":{"ROL":"Q-544","NOMBRE_CAMINO":"Cruce Q-90 (Vivero Forestal) - Cruce Q-768 (Estación Yumbel)","CLASIFICACION":"Camino Regional Comunal","CALZADA":"U","tmda":null},"geometry":{"type":"LineString","coordinates":[[-72.43132,-37.17526],[-72.44272,-37.16718],[-72.44637,-37.16222],[-72.45137,-37.1589],[-72.51213,-37.14707],[-72.53346,-37.14444],[-72.54156,-37.1475]]}},{"id":"123","type":"Feature","properties":{"ROL":"Q-650","NOMBRE_CAMINO":"Cruce Ruta 5 (Licura) - Munilque - Cruce Q-80 (Negrete)","CLASIFICACION":"Camino Regional Provincial","CALZADA":"U","tmda":null},"geometry":{"type":"LineString","coordinates":[[-72.46957,-37.58427],[-72.47751,-37.59163]]}},{"id":"124","type":"Feature","properties":{"ROL":"Q-805","NOMBRE_CAMINO":"Cruce Q-953 (Mulchén) - Caledonia","CLASIFICACION":"Camino Regional Comunal","CALZADA":"U","tmda":443.0},"geometry":{"type":"LineString","coordinates":[[-72.24892,-37.72136],[-72.23278,-37.72612],[-72.23132,-37.73035]]}},{"id":"125","type":"Feature","properties":{"ROL":"Q-496","NOMBRE_CAMINO":"Cruce Ruta 180 (Rihue) - Cruce Q-80 (Negrete)","CLASIFICACION":"Camino Regional Comunal","CALZADA":"U","tmda":1053.0},"geometry":{"type":"LineString","coordinates":[[-72.59166,-37.61951],[-72.57512,-37.62033],[-72.56182,-37.61898],[-72.56106,-37.61409],[-72.54675,-37.60702],[-72.54125,-37.59869],[-72.53915,-37.58703]]}},{"id":"126","type":"Feature","properties":{"ROL":"Q-758","NOMBRE_CAMINO":"Cruce Q-754 (Río Claro) - Cerro Parra","CLASIFICACION":"Camino Regional Comunal","CALZADA":"U","tmda":null},"geometry":{"type":"LineString","coordinates":[[-72.61378,-37.1807],[-72.61722,-37.1707],[-72.61429,-37.17005],[-72.61328,-37.16676],[-72.60869,-37.1654],[-72.60858,-37.16211],[-72.60433,-37.15686],[-72.60591,-37.15457],[-72.60503,-37.15205],[-72.60617,-37.14688],[-72.60462,-37.1437],[-72.60815,-37.14187],[-72.61145,-37.14288],[-72.61685,-37.13485],[-72.6168,-37.13217]]}},{"id":"127","type":"Feature","properties":{"ROL":"Q-34","NOMBRE_CAMINO":"Cruce Ruta 180 (Candelaria) - Millantú - Cruce Q-90 (Laja)","CLASIFICACION":"Camino Regional Principal","CALZADA":"U","tmda":3958.0},"geometry":{"type":"LineString","coordinates":[[-72.46174,-37.48],[-72.47916,-37.47459],[-72.4871,-37.47349],[-72.56763,-37.46629],[-72.58297,-37.46635],[-72.58604,-37.45695],[-72.6038,-37.42115],[-72.62568,-37.38801],[-72.63039,-37.38364],[-72.63345,-37.37667],[-72.63928,-37.37016],[-72.63948,-37.36742],[-72.6459,-37.36209],[-72.6468,-37.35823],[-72.65251,-37.35248],[-72.68066,-37.33143],[-72.68614,-37.32417],[-72.68914,-37.32303],[-72.69371,-37.31765],[-72.70391,-37.31233],[-72.70767,-37.30698],[-72.70998,-37.29626],[-72.71814,-37.27526]]}},{"id":"128","type":"Feature","properties":{"ROL":"Q-469","NOMBRE_CAMINO":"Cruce Q-45 (Canteras) - Quilleco - Cruce Q-45 (Villa Mercedes)","CLASIFICACION":"Camino Regional Comunal","CALZADA":"U","tmda":451.0},"geometry":{"type":"LineString","coordinates":[[-71.94668,-37.45603],[-71.9393,-37.44859],[-71.9338,-37.43137],[-71.95699,-37.41035]]}},{"id":"129","type":"Feature","properties":{"ROL":"Q-90","NOMBRE_CAMINO":"Cruce Ruta 5 - Cruce Q-34 (Laja)","CLASIFICACION":"Camino Regional Principal","CALZADA":"U","tmda":1609.0},"geometry":{"type":"LineString","coordinates":[[-72.39169,-37.17214],[-72.42853,-37.17557],[-72.45906,-37.17132],[-72.51777,-37.18797],[-72.53387,-37.21156],[-72.5373,-37.23207],[-72.54112,-37.23926],[-72.54954,-37.24113],[-72.58744,-37.23254],[-72.64683,-37.24559],[-72.67166,-37.25804],[-72.67727,-37.25587],[-72.69418,-37.2568],[-72.6997,-37.25504],[-72.70291,-37.25629],[-72.71288,-37.2711],[-72.71814,-37.27526]]}},{"id":"130","type":"Feature","properties":{"ROL":"Q-60-O","NOMBRE_CAMINO":"Cruce Ruta 146 (Cabrero) - Yumbel - Hualqui - Concepción","CLASIFICACION":"Camino Regional Principal","CALZADA":"U","tmda":6858.0},"geometry":{"type":"LineString","coordinates":[[-73.03581,-36.89115],[-73.03829,-36.87708],[-73.04211,-36.8713],[-73.04265,-36.8673]]}},{"id":"131","type":"Feature","properties":{"ROL":"Q-119","NOMBRE_CAMINO":"Cruce Ruta 5 (Sector Chillancito) - Salto del Laja - Cruce Ruta 5 (Lima)","CLASIFICACION":"Camino Regional Provincial","CALZADA":"U","tmda":null},"geometry":{"type":"LineString","coordinates":[[-72.39028,-37.19751],[-72.38827,-37.20988]]}},{"id":"132","type":"Feature","properties":{"ROL":"Q-559","NOMBRE_CAMINO":"Cruce Q-449 (Las Chupallas) - Cruce Q-575 (El Retobo)","CLASIFICACION":"Camino Regional Comunal","CALZADA":"U","tmda":null},"geometry":{"type":"LineString","coordinates":[[-72.051,-37.51348],[-72.05102,-37.5151]]}},{"id":"133","type":"Feature","properties":{"ROL":"Q-653","NOMBRE_CAMINO":"Cruce Q-61 (Santa Bárbara) - Cruce Q-605 (Villucura)","CLASIFICACION":"Camino Regional Comunal","CALZADA":"U","tmda":90.0},"geometry":{"type":"LineString","coordinates":[[-72.02294,-37.66055],[-72.0221,-37.65861],[-72.03069,-37.64931],[-72.0231,-37.6493],[-72.01281,-37.64448],[-72.0122,-37.64111],[-72.00889,-37.6359],[-72.00852,-37.63095],[-72.00537,-37.62276],[-71.99541,-37.6084],[-71.98865,-37.60809],[-71.97728,-37.60092],[-71.97104,-37.59105],[-71.95158,-37.59499],[-71.93142,-37.59259],[-71.92495,-37.59014],[-71.91748,-37.58341],[-71.90904,-37.5785],[-71.90511,-37.57351],[-71.90407,-37.5593]]}},{"id":"134","type":"Feature","properties":{"ROL":"Q-778","NOMBRE_CAMINO":"Cruce Q-730 (Turquía) - Cruce Q-780 (Alto Peñaflor)","CLASIFICACION":"Camino Regional de Acceso","CALZADA":"U","tmda":null},"geometry":{"type":"LineString","coordinates":[[-72.66166,-37.23089],[-72.66395,-37.23089],[-72.6653,-37.22689],[-72.66945,-37.22273],[-72.68388,-37.22058],[-72.69191,-37.22232],[-72.6988,-37.22163]]}},{"id":"135","type":"Feature","properties":{"ROL":"Q-500","NOMBRE_CAMINO":"Cruce Ruta 146 (Cabrero) - Cruce Q-510 (Lomas de Angol)","CLASIFICACION":"Camino Regional Comunal","CALZADA":"U","tmda":null},"geometry":{"type":"LineString","coordinates":[[-72.40117,-37.04073],[-72.39982,-37.02689],[-72.39814,-37.02485]]}},{"id":"136","type":"Feature","properties":{"ROL":"Q-447","NOMBRE_CAMINO":"Cruce Q-45 (El Álamo) - Chacayal - Cruce Q-469 (Los Tableros)","CLASIFICACION":"Camino Regional Comunal","CALZADA":"U","tmda":336.0},"geometry":{"type":"LineString","coordinates":[[-72.09957,-37.44644],[-72.05489,-37.44525],[-72.04525,-37.44617],[-72.01934,-37.45551]]}},{"id":"137","type":"Feature","properties":{"ROL":"Q-613","NOMBRE_CAMINO":"Cruce Q-61 (Puente Calderón) - Río Biobío","CLASIFICACION":"Camino Regional Comunal","CALZADA":"U","tmda":null},"geometry":{"type":"LineString","coordinates":[[-72.14805,-37.58605],[-72.1572,-37.59024],[-72.15641,-37.59212],[-72.15824,-37.59914],[-72.15685,-37.60376],[-72.15682,-37.61214],[-72.15909,-37.61234],[-72.16433,-37.62328]]}},{"id":"138","type":"Feature","properties":{"ROL":"Q-722-O","NOMBRE_CAMINO":"Cruce Q-60-O (Rere) - San Onofre - Hualqui","CLASIFICACION":"Camino Regional Comunal","CALZADA":"U","tmda":136.0},"geometry":{"type":"LineString","coordinates":[[-72.89617,-37.01221],[-72.90556,-37.01187],[-72.90787,-37.00765],[-72.91063,-37.00745],[-72.91137,-37.0032],[-72.91792,-36.99663],[-72.92215,-36.98951],[-72.92322,-36.98288],[-72.92769,-36.97979],[-72.93229,-36.98228],[-72.93725,-36.9801]]}},{"id":"139","type":"Feature","properties":{"ROL":"Q-482","NOMBRE_CAMINO":"Nacimiento - Río Vergara","CLASIFICACION":"Camino Regional de Acceso (En Proceso de Enrolamiento)","CALZADA":"U","tmda":null},"geometry":{"type":"LineString","coordinates":[[-72.65627,-37.51063],[-72.65728,-37.5161],[-72.65624,-37.52024],[-72.66089,-37.52175],[-72.66019,-37.52414]]}},{"id":"140","type":"Feature","properties":{"ROL":"Q-981","NOMBRE_CAMINO":"Cruce Q-965 (Trupán) - Las Astas","CLASIFICACION":"Camino Regional de Acceso","CALZADA":"U","tmda":null},"geometry":{"type":"LineString","coordinates":[[-71.83763,-37.27285],[-71.83621,-37.2723],[-71.83152,-37.26449],[-71.83303,-37.2612],[-71.83655,-37.25943],[-71.8363,-37.25542],[-71.82719,-37.25267],[-71.8209,-37.24707],[-71.81798,-37.24858]]}},{"id":"141","type":"Feature","properties":{"ROL":"Q-284","NOMBRE_CAMINO":"Cruce Q-34 (Santa Fé) - Río Biobío","CLASIFICACION":"Camino Regional de Acceso","CALZADA":"U","tmda":966.0},"geometry":{"type":"LineString","coordinates":[[-72.63741,-37.46849],[-72.64469,-37.46989],[-72.65084,-37.47591]]}},{"id":"142","type":"Feature","properties":{"ROL":"Q-60-O","NOMBRE_CAMINO":"Cruce Ruta 146 (Cabrero) - Yumbel - Hualqui - Concepción","CLASIFICACION":"Camino Regional Principal","CALZADA":"U","tmda":709.0},"geometry":{"type":"LineString","coordinates":[[-72.95816,-37.07962],[-72.95789,-37.07407],[-72.96241,-37.06968],[-72.96313,-37.06648],[-72.96292,-37.05163],[-72.96215,-37.04885],[-72.96034,-37.04764]]}},{"id":"143","type":"Feature","properties":{"ROL":"Q-681","NOMBRE_CAMINO":"Cruce Q-61 (Los Junquillos) - El Huachi - Quillaileo","CLASIFICACION":"Camino Regional Comunal","CALZADA":"U","tmda":488.0},"geometry":{"type":"LineString","coordinates":[[-71.67059,-37.63249],[-71.66605,-37.62994],[-71.66139,-37.62948]]}},{"id":"144","type":"Feature","properties":{"ROL":"Q-302","NOMBRE_CAMINO":"Cruce Q-34 (Las Quilas Sur) - Cruce Q-134 (Las Quilas Norte)","CLASIFICACION":"Camino Regional Comunal","CALZADA":"U","tmda":null},"geometry":{"type":"LineString","coordinates":[[-72.55268,-37.46768],[-72.55328,-37.46467]]}},{"id":"145","type":"Feature","properties":{"ROL":"Q-480","NOMBRE_CAMINO":"Cruce Q-44-P (Nacimiento) - Tambillo","CLASIFICACION":"Camino Regional de Acceso","CALZADA":"U","tmda":null},"geometry":{"type":"LineString","coordinates":[[-72.6756,-37.50918],[-72.67403,-37.51315],[-72.6764,-37.51712],[-72.67909,-37.52898],[-72.68009,-37.54253],[-72.67727,-37.5468],[-72.67393,-37.55638],[-72.67237,-37.56959]]}},{"id":"146","type":"Feature","properties":{"ROL":"Q-941","NOMBRE_CAMINO":"Cruce N-59-Q - Variante Los Troncos - Cruce Q-931-N","CLASIFICACION":"Camino Regional Comunal","CALZADA":"U","tmda":null},"geometry":{"type":"LineString","coordinates":[[-71.95702,-37.25452],[-71.96834,-37.24081]]}},{"id":"147","type":"Feature","properties":{"ROL":"Q-701","NOMBRE_CAMINO":"Cruce Q-61 (Santa Bárbara) - Cruce Q-705 (Quilaco)","CLASIFICACION":"Camino Regional Comunal","CALZADA":"U","tmda":1911.0},"geometry":{"type":"LineString","coordinates":[[-71.99992,-37.67201],[-72.00472,-37.68409]]}},{"id":"148","type":"Feature","properties":{"ROL":"Q-885","NOMBRE_CAMINO":"Cruce Q-805 (San Juan de Dios) - El Águila","CLASIFICACION":"Camino Regional Comunal","CALZADA":"U","tmda":null},"geometry":{"type":"LineString","coordinates":[[-72.14332,-37.75451],[-72.12387,-37.76076],[-72.1079,-37.77346],[-72.09636,-37.77845],[-72.08134,-37.78826],[-72.06629,-37.79432],[-72.05042,-37.79873],[-72.04077,-37.80448],[-72.03858,-37.80708]]}},{"id":"149","type":"Feature","properties":{"ROL":"Q-559","NOMBRE_CAMINO":"Cruce Q-449 (Las Chupallas) - Cruce Q-575 (El Retobo)","CLASIFICACION":"Camino Regional Comunal","CALZADA":"U","tmda":null},"geometry":{"type":"LineString","coordinates":[[-72.02149,-37.52067],[-72.00734,-37.51737],[-72.00248,-37.51331],[-71.99863,-37.51375]]}},{"id":"150","type":"Feature","properties":{"ROL":"Q-650","NOMBRE_CAMINO":"Cruce Ruta 5 (Licura) - Munilque - Cruce Q-80 (Negrete)","CLASIFICACION":"Camino Regional Provincial","CALZADA":"U","tmda":null},"geometry":{"type":"LineString","coordinates":[[-72.52353,-37.58863],[-72.52813,-37.58818]]}},{"id":"151","type":"Feature","properties":{"ROL":"Q-751","NOMBRE_CAMINO":"Cruce Q-705 (Granaderos) - Santa Adriana - Reservas Quilapalo","CLASIFICACION":"Camino Regional Comunal","CALZADA":"U","tmda":530.0},"geometry":{"type":"LineString","coordinates":[[-72.00854,-37.76337],[-71.99914,-37.76852],[-71.98491,-37.77222],[-71.98033,-37.77537],[-71.97126,-37.77696],[-71.96361,-37.78093],[-71.95833,-37.77915],[-71.95493,-37.78409],[-71.9436,-37.7855],[-71.93699,-37.79557],[-71.9342,-37.79828],[-71.92881,-37.79952],[-71.92267,-37.8067],[-71.9193,-37.8083],[-71.91177,-37.80736],[-71.90574,-37.80914]]}},{"id":"152","type":"Feature","properties":{"ROL":"Q-618","NOMBRE_CAMINO":"Cruce Ruta 146 (Cementerio Parroquial) - Cruce Q-60-O (Puente La Obra)","CLASIFICACION":"Camino Regional Comunal","CALZADA":"U","tmda":null},"geometry":{"type":"LineString","coordinates":[[-72.44517,-37.03153],[-72.44864,-37.04488],[-72.45285,-37.05172],[-72.45891,-37.05065],[-72.46962,-37.05145],[-72.4747,-37.0526],[-72.48287,-37.05776],[-72.50032,-37.0623],[-72.50455,-37.06512],[-72.50477,-37.0694],[-72.50757,-37.07187],[-72.51012,-37.08063]]}},{"id":"153","type":"Feature","properties":{"ROL":"Q-456","NOMBRE_CAMINO":"San José de Dollinco - Mitrinhue","CLASIFICACION":"Sin Información","CALZADA":"U","tmda":null},"geometry":{"type":"LineString","coordinates":[[-72.88109,-37.46325],[-72.88449,-37.46187],[-72.89999,-37.46324],[-72.90926,-37.46206],[-72.91267,-37.46309],[-72.91993,-37.45998],[-72.92709,-37.45928],[-72.92768,-37.45709],[-72.93649,-37.45663],[-72.93948,-37.45502],[-72.94875,-37.454],[-72.95198,-37.45289],[-72.95248,-37.44974],[-72.95572,-37.44838]]}},{"id":"154","type":"Feature","properties":{"ROL":"Q-579","NOMBRE_CAMINO":"Mañil - Cruce Ruta Q-653","CLASIFICACION":"Camino Regional de Acceso (En Proceso de Enrolamiento)","CALZADA":"U","tmda":null},"geometry":{"type":"LineString","coordinates":[[-72.11831,-37.61714],[-72.10865,-37.61489],[-72.08687,-37.62003],[-72.05341,-37.62316],[-72.04673,-37.62579],[-72.03809,-37.62618],[-72.03359,-37.62446],[-72.02543,-37.62384],[-72.00703,-37.62728]]}},{"id":"155","type":"Feature","properties":{"ROL":"Q-699","NOMBRE_CAMINO":"Ralco - Trapa Trapa","CLASIFICACION":"Camino Regional de Acceso (En Proceso de Enrolamiento)","CALZADA":"U","tmda":null},"geometry":{"type":"LineString","coordinates":[[-71.62643,-37.88149],[-71.6182,-37.87627],[-71.61248,-37.87004],[-71.60931,-37.87086],[-71.61122,-37.86811],[-71.60656,-37.86235],[-71.60198,-37.85895],[-71.5958,-37.85656],[-71.59459,-37.85465],[-71.5955,-37.85379],[-71.59001,-37.84724],[-71.58981,-37.84382],[-71.59125,-37.84082],[-71.57612,-37.83563],[-71.57209,-37.83181],[-71.56609,-37.83075],[-71.56437,-37.82821],[-71.56543,-37.82384],[-71.56367,-37.82073],[-71.55611,-37.81849],[-71.54089,-37.80149],[-71.53572,-37.78993],[-71.53502,-37.77626],[-71.53066,-37.76784],[-71.53004,-37.76408],[-71.52223,-37.74946],[-71.51633,-37.74318],[-71.51307,-37.74297],[-71.51394,-37.74194],[-71.51004,-37.73538],[-71.50176,-37.72574],[-71.50179,-37.72253],[-71.49011,-37.7195],[-71.48111,-37.70989],[-71.46039,-37.70063],[-71.44834,-37.7031],[-71.4452,-37.70756],[-71.4373,-37.71118],[-71.42226,-37.71365],[-71.41293,-37.71317],[-71.40687,-37.71596],[-71.40553,-37.71409],[-71.38061,-37.71897],[-71.35762,-37.71856],[-71.35597,-37.71964],[-71.35252,-37.71595],[-71.3344,-37.70782],[-71.3245,-37.70103],[-71.31115,-37.69442],[-71.30377,-37.69216],[-71.29689,-37.69264],[-71.29223,-37.69621],[-71.28892,-37.69647],[-71.28513,-37.69903],[-71.27797,-37.70098],[-71.27024,-37.7092],[-71.2479,-37.71735],[-71.23415,-37.72584],[-71.22846,-37.72651],[-71.22256,-37.73181],[-71.223,-37.74407],[-71.21872,-37.75379],[-71.21095,-37.78031],[-71.20636,-37.78418]]}},{"id":"156","type":"Feature","properties":{"ROL":"Q-821","NOMBRE_CAMINO":"Cruce Ruta 5 (Chumulco) - Cruce Q-955 (Salto El Rehuén)","CLASIFICACION":"Camino Regional Comunal","CALZADA":"U","tmda":null},"geometry":{"type":"LineString","coordinates":[[-72.27956,-37.7665],[-72.25622,-37.7622],[-72.25379,-37.76005]]}},{"id":"157","type":"Feature","properties":{"ROL":"Q-553","NOMBRE_CAMINO":"Cruce Q-575 (Cantarrana) - Cruce Q-551 (El Hoyo)","CLASIFICACION":"Camino Regional Comunal","CALZADA":"U","tmda":null},"geometry":{"type":"LineString","coordinates":[[-71.98998,-37.49209],[-71.96779,-37.50378],[-71.96712,-37.50744],[-71.96377,-37.50888],[-71.95857,-37.50915],[-71.94407,-37.51316],[-71.94032,-37.51255],[-71.92849,-37.51522],[-71.92213,-37.51447],[-71.91598,-37.51841],[-71.90885,-37.52052],[-71.90828,-37.52209]]}},{"id":"158","type":"Feature","properties":{"ROL":"Q-775","NOMBRE_CAMINO":"Cruce Q-705 (Colonia  de Quilapalos) - Piñiquihue - Bellavista","CLASIFICACION":"Camino Regional Comunal","CALZADA":"U","tmda":186.0},"geometry":{"type":"LineString","coordinates":[[-71.85675,-37.79867],[-71.84881,-37.80054]]}},{"id":"159","type":"Feature","properties":{"ROL":"Q-365","NOMBRE_CAMINO":"Cruce Q-45 (Chacayal) - Cruce Q-351 (San José)","CLASIFICACION":"Camino Regional Comunal","CALZADA":"U","tmda":null},"geometry":{"type":"LineString","coordinates":[[-72.15472,-37.42989],[-72.15019,-37.41051],[-72.14613,-37.40615]]}},{"id":"160","type":"Feature","properties":{"ROL":"Q-105","NOMBRE_CAMINO":"Cruce Ruta 177 (Los Ángeles) - Santa Clara - Cruce Q-119 (Salto del Laja)","CLASIFICACION":"Camino Regional Provincial","CALZADA":"U","tmda":1268.0},"geometry":{"type":"LineString","coordinates":[[-72.28112,-37.35006],[-72.2472,-37.32723]]}},{"id":"161","type":"Feature","properties":{"ROL":"Q-751","NOMBRE_CAMINO":"Cruce Q-705 (Granaderos) - Santa Adriana - Reservas Quilapalo","CLASIFICACION":"Camino Regional Comunal","CALZADA":"U","tmda":530.0},"geometry":{"type":"LineString","coordinates":[[-72.2204,-37.71136],[-72.17524,-37.71575],[-72.16181,-37.71825],[-72.16198,-37.72027],[-72.13075,-37.72149],[-72.07009,-37.72894],[-72.06543,-37.73122],[-72.05953,-37.73989],[-72.04495,-37.74729],[-72.03543,-37.74823],[-72.02905,-37.7516]]}},{"id":"162","type":"Feature","properties":{"ROL":"Q-250","NOMBRE_CAMINO":"Cruce Q-200 (Santa Elcira) - Cruce Q-34 (Laja)\n","CLASIFICACION":"Camino Regional Comunal","CALZADA":"U","tmda":null},"geometry":{"type":"LineString","coordinates":[[-72.64345,-37.27998],[-72.66433,-37.27506],[-72.68065,-37.2779],[-72.6827,-37.28252],[-72.68552,-37.28402],[-72.69118,-37.28417],[-72.70079,-37.28733],[-72.70628,-37.2841],[-72.70669,-37.28245],[-72.70959,-37.2816],[-72.71354,-37.28238]]}},{"id":"163","type":"Feature","properties":{"ROL":"Q-722-O","NOMBRE_CAMINO":"Cruce Q-60-O (Rere) - San Onofre - Hualqui","CLASIFICACION":"Camino Regional Comunal","CALZADA":"U","tmda":136.0},"geometry":{"type":"LineString","coordinates":[[-72.82947,-37.03839],[-72.83852,-37.03806],[-72.84235,-37.03961],[-72.84251,-37.03825],[-72.84444,-37.03764],[-72.8516,-37.03894],[-72.85709,-37.03532],[-72.86388,-37.03585],[-72.87159,-37.02967]]}},{"id":"164","type":"Feature","properties":{"ROL":"Q-471","NOMBRE_CAMINO":"Cruce Q-45 (Las Rocas) - Mileo","CLASIFICACION":"Camino Regional de Acceso","CALZADA":"U","tmda":null},"geometry":{"type":"LineString","coordinates":[[-71.94059,-37.40795],[-71.91723,-37.41523],[-71.90872,-37.42102],[-71.90381,-37.41907],[-71.89999,-37.41513],[-71.88373,-37.41049],[-71.88054,-37.41133],[-71.87876,-37.41678],[-71.87577,-37.41872],[-71.86437,-37.41902],[-71.85272,-37.41704],[-71.84141,-37.41875],[-71.83979,-37.41434],[-71.83589,-37.41069],[-71.82582,-37.40899],[-71.80966,-37.39926],[-71.80537,-37.39811],[-71.78493,-37.39836]]}},{"id":"165","type":"Feature","properties":{"ROL":"Q-901-N","NOMBRE_CAMINO":"Cruce Enlace Cabrero - Colicheo - Ranchillo - Cruce Calle Esmeralda (Yungay)","CLASIFICACION":"Camino Regional Comunal","CALZADA":"U","tmda":null},"geometry":{"type":"LineString","coordinates":[[-72.36871,-37.04155],[-72.3434,-37.0425],[-72.33027,-37.03582],[-72.32336,-37.0341],[-72.31879,-37.02368],[-72.3168,-37.0222]]}},{"id":"166","type":"Feature","properties":{"ROL":"Q-119","NOMBRE_CAMINO":"Cruce Ruta 5 (Sector Chillancito) - Salto del Laja - Cruce Ruta 5 (Lima)","CLASIFICACION":"Camino Regional Provincial","CALZADA":"U","tmda":null},"geometry":{"type":"LineString","coordinates":[[-72.38827,-37.20988],[-72.38961,-37.21464],[-72.38896,-37.21702],[-72.38623,-37.21884],[-72.37544,-37.22108],[-72.36961,-37.23372],[-72.37045,-37.23742],[-72.36714,-37.2396]]}},{"id":"167","type":"Feature","properties":{"ROL":"Q-595","NOMBRE_CAMINO":"Cruce Q-97-N (El Progreso) - Cruce Q-555 (Charrúa)","CLASIFICACION":"Camino Regional Comunal","CALZADA":"U","tmda":null},"geometry":{"type":"LineString","coordinates":[[-72.28201,-37.10785],[-72.2814,-37.10852]]}},{"id":"168","type":"Feature","properties":{"ROL":"Q-110","NOMBRE_CAMINO":"Cruce Ruta 5 (Paso Superior) - El Pino - Cruce Q-300 (Los Troncos)","CLASIFICACION":"Camino Regional Comunal","CALZADA":"U","tmda":690.0},"geometry":{"type":"LineString","coordinates":[[-72.40733,-37.23789],[-72.42418,-37.24828],[-72.42559,-37.25278],[-72.43133,-37.25821],[-72.42828,-37.27141]]}},{"id":"169","type":"Feature","properties":{"ROL":"Q-548","NOMBRE_CAMINO":"Cruce Ruta 146 (Caletera Tomeco) - Cruce Q-642 (Nahuelcura)","CLASIFICACION":"Camino Regional de Acceso","CALZADA":"U","tmda":null},"geometry":{"type":"LineString","coordinates":[[-72.62461,-36.98563],[-72.62426,-36.98922]]}},{"id":"170","type":"Feature","properties":{"ROL":"Q-760","NOMBRE_CAMINO":"Cruce Q-80 - Estación Rapelco","CLASIFICACION":"Camino Regional de Acceso","CALZADA":"U","tmda":null},"geometry":{"type":"LineString","coordinates":[[-72.46308,-37.63438],[-72.45813,-37.62675],[-72.4545,-37.6155]]}},{"id":"171","type":"Feature","properties":{"ROL":"Q-367","NOMBRE_CAMINO":"Cruce Q-45 - El Huertón","CLASIFICACION":"Camino Regional de Acceso (En Proceso de Enrolamiento)","CALZADA":"U","tmda":null},"geometry":{"type":"LineString","coordinates":[[-72.1458,-37.37394],[-72.13069,-37.37288]]}},{"id":"172","type":"Feature","properties":{"ROL":"Q-963","NOMBRE_CAMINO":"Cruce Q-975 (Las Zarzas) - Las Nieves - La Colonia","CLASIFICACION":"Camino Regional de Acceso","CALZADA":"U","tmda":null},"geometry":{"type":"LineString","coordinates":[[-71.88363,-37.22659],[-71.88316,-37.22816],[-71.86768,-37.23047],[-71.83449,-37.23133]]}},{"id":"173","type":"Feature","properties":{"ROL":"Q-248","NOMBRE_CAMINO":"El Mirador - Los Bosques","CLASIFICACION":"Camino Regional Comunal (En Proceso de Enrolamiento)","CALZADA":"U","tmda":null},"geometry":{"type":"LineString","coordinates":[[-72.64384,-37.36305],[-72.63768,-37.36414],[-72.62963,-37.35901],[-72.61664,-37.35878],[-72.61293,-37.35347],[-72.61304,-37.34667],[-72.60939,-37.34075],[-72.59828,-37.34183],[-72.59669,-37.34408],[-72.59328,-37.34532],[-72.59035,-37.34433],[-72.58831,-37.34643],[-72.57231,-37.34452]]}},{"id":"174","type":"Feature","properties":{"ROL":"Q-595","NOMBRE_CAMINO":"Cruce Q-97-N (El Progreso) - Cruce Q-555 (Charrúa)","CLASIFICACION":"Camino Regional Comunal","CALZADA":"U","tmda":null},"geometry":{"type":"LineString","coordinates":[[-72.29507,-37.10669],[-72.32493,-37.10014]]}},{"id":"175","type":"Feature","properties":{"ROL":"Q-997","NOMBRE_CAMINO":"Cruce Q-965 (Puente El Macho) - Frutillar","CLASIFICACION":"Camino Regional de Acceso","CALZADA":"U","tmda":null},"geometry":{"type":"LineString","coordinates":[[-71.77147,-37.28528],[-71.77167,-37.28267],[-71.77648,-37.27615],[-71.7769,-37.27376],[-71.77093,-37.27462],[-71.76223,-37.27309],[-71.74919,-37.27461],[-71.73696,-37.27056],[-71.73274,-37.27148],[-71.73239,-37.27333],[-71.73185,-37.27119],[-71.73655,-37.26588],[-71.73427,-37.26395],[-71.73283,-37.25855]]}},{"id":"176","type":"Feature","properties":{"ROL":"Q-60-O","NOMBRE_CAMINO":"Cruce Ruta 146 (Cabrero) - Yumbel - Hualqui - Concepción","CLASIFICACION":"Camino Regional Principal","CALZADA":"U","tmda":117.0},"geometry":{"type":"LineString","coordinates":[[-72.73165,-37.13084],[-72.73696,-37.13225],[-72.74559,-37.12945],[-72.75162,-37.12905],[-72.75831,-37.12389],[-72.75684,-37.12087],[-72.75865,-37.11938],[-72.76769,-37.1189],[-72.77244,-37.11685],[-72.77722,-37.11806],[-72.78362,-37.11679],[-72.78577,-37.11887],[-72.79218,-37.13149],[-72.80014,-37.13181],[-72.80227,-37.13636],[-72.8044,-37.13539],[-72.80617,-37.13692],[-72.81446,-37.13597],[-72.82232,-37.13715],[-72.82368,-37.13603],[-72.82662,-37.13833],[-72.83409,-37.13794],[-72.84231,-37.14348],[-72.85239,-37.14636],[-72.85646,-37.15071],[-72.86825,-37.15006],[-72.88698,-37.15242],[-72.89034,-37.15388],[-72.89741,-37.15316],[-72.90085,-37.15406],[-72.90066,-37.15706],[-72.9059,-37.15768],[-72.90893,-37.16139]]}},{"id":"177","type":"Feature","properties":{"ROL":"Q-685","NOMBRE_CAMINO":"Cruce Q-61 (Puente Huequecura) - Puente Las Basas - Cruce Q-681","CLASIFICACION":"Camino Regional Comunal","CALZADA":"U","tmda":null},"geometry":{"type":"LineString","coordinates":[[-71.78647,-37.70391],[-71.78179,-37.708],[-71.77715,-37.70745],[-71.7591,-37.69833],[-71.75399,-37.69317],[-71.74677,-37.69127],[-71.74621,-37.68526],[-71.74338,-37.68399],[-71.744,-37.67951],[-71.74219,-37.673],[-71.74241,-37.65575],[-71.73773,-37.65341],[-71.73717,-37.65231],[-71.73868,-37.65178]]}},{"id":"178","type":"Feature","properties":{"ROL":"Q-148","NOMBRE_CAMINO":"Cruce Ruta 180 (Paso Arena) - Cruce Q-34 (Las Quilas)","CLASIFICACION":"Camino Regional Comunal","CALZADA":"U","tmda":null},"geometry":{"type":"LineString","coordinates":[[-72.54941,-37.54937],[-72.54835,-37.53855],[-72.552,-37.53348],[-72.55132,-37.51533],[-72.55362,-37.51213],[-72.5549,-37.48696],[-72.55265,-37.46768]]}},{"id":"179","type":"Feature","properties":{"ROL":"Q-543","NOMBRE_CAMINO":"Cruce Q-509 (La Reserva) - Cruce Q-503 (San Luis)","CLASIFICACION":"Camino Regional Comunal","CALZADA":"U","tmda":null},"geometry":{"type":"LineString","coordinates":[[-72.19415,-37.49116],[-72.1687,-37.491]]}},{"id":"180","type":"Feature","properties":{"ROL":"Q-632","NOMBRE_CAMINO":"Cruce Ruta 146 (Pelecó) - San Juan - Huinanco - Cruce Q-642 (Palo Botado)","CLASIFICACION":"Camino Regional Comunal","CALZADA":"U","tmda":null},"geometry":{"type":"LineString","coordinates":[[-72.72192,-36.96141],[-72.7235,-36.96536],[-72.73195,-36.96865],[-72.73392,-36.97072],[-72.73405,-36.97788],[-72.73588,-36.98387],[-72.73346,-36.98878],[-72.73431,-36.99101],[-72.7262,-36.99651],[-72.71475,-36.99485],[-72.71084,-36.99697],[-72.70971,-36.99826],[-72.71033,-37.00062],[-72.70821,-37.00193],[-72.70597,-37.00646],[-72.70664,-37.00913],[-72.70356,-37.01342],[-72.69379,-37.01018],[-72.68806,-37.01356]]}},{"id":"181","type":"Feature","properties":{"ROL":"Q-80","NOMBRE_CAMINO":"Cruce Ruta 5 (Mulchén) - Negrete - Coihue","CLASIFICACION":"Camino Regional Principal","CALZADA":"U","tmda":3121.0},"geometry":{"type":"LineString","coordinates":[[-72.50826,-37.61045],[-72.51642,-37.60208]]}},{"id":"182","type":"Feature","properties":{"ROL":"Q-498","NOMBRE_CAMINO":"Cruce Ruta 180 (Estación Rihue) - San Gabriel","CLASIFICACION":"Camino Regional de Acceso","CALZADA":"U","tmda":null},"geometry":{"type":"LineString","coordinates":[[-72.63759,-37.62306],[-72.64508,-37.61997],[-72.64439,-37.61541]]}},{"id":"183","type":"Feature","properties":{"ROL":"Q-294","NOMBRE_CAMINO":"Puente Santa - Río Culenco","CLASIFICACION":"Camino Regional de Acceso (En Proceso de Enrolamiento)","CALZADA":"U","tmda":null},"geometry":{"type":"LineString","coordinates":[[-72.83762,-37.45936],[-72.84318,-37.45372],[-72.84588,-37.44888],[-72.85458,-37.44761],[-72.85664,-37.44511],[-72.86252,-37.44379],[-72.85955,-37.43954],[-72.86015,-37.43295],[-72.85871,-37.42759],[-72.85527,-37.42455],[-72.8518,-37.42412],[-72.84746,-37.41797],[-72.84357,-37.41707]]}},{"id":"184","type":"Feature","properties":{"ROL":"Q-463","NOMBRE_CAMINO":"Cruce Q-469 (Puente Quilleco) - Cruce Q-465","CLASIFICACION":"Camino Regional Comunal","CALZADA":"U","tmda":null},"geometry":{"type":"LineString","coordinates":[[-71.93787,-37.44413],[-71.93019,-37.44307],[-71.91957,-37.43732]]}},{"id":"185","type":"Feature","properties":{"ROL":"Q-975","NOMBRE_CAMINO":"Cruce Q-965 (Puente Huépil) - Las Hijuelas","CLASIFICACION":"Camino Regional de Acceso","CALZADA":"U","tmda":null},"geometry":{"type":"LineString","coordinates":[[-71.92575,-37.23661],[-71.91715,-37.23258],[-71.89118,-37.23035],[-71.88436,-37.22715],[-71.88046,-37.22298],[-71.8806,-37.22118],[-71.87869,-37.21871],[-71.87861,-37.21742],[-71.88036,-37.21641],[-71.8801,-37.21142],[-71.84755,-37.21548],[-71.82386,-37.21565],[-71.81619,-37.21285],[-71.80612,-37.21194],[-71.80534,-37.20991],[-71.79911,-37.21007],[-71.79447,-37.20874]]}},{"id":"186","type":"Feature","properties":{"ROL":"Q-609","NOMBRE_CAMINO":"Cruce Q-605 (Villucura) - Cruce Q-561 (San Lorenzo)","CLASIFICACION":"Camino Regional Comunal","CALZADA":"U","tmda":null},"geometry":{"type":"LineString","coordinates":[[-71.8322,-37.51082],[-71.80437,-37.51238],[-71.79603,-37.5095],[-71.77865,-37.51036],[-71.77609,-37.50758],[-71.77301,-37.50973],[-71.77524,-37.50659]]}},{"id":"187","type":"Feature","properties":{"ROL":"Q-704","NOMBRE_CAMINO":"Cruce O-90-Q - Cruce Ruta O-54 (Yumbel)","CLASIFICACION":"Camino Regional de Acceso (En Proceso de Enrolamiento)","CALZADA":"U","tmda":null},"geometry":{"type":"LineString","coordinates":[[-72.46793,-37.17375],[-72.47187,-37.15496]]}},{"id":"188","type":"Feature","properties":{"ROL":"Q-780","NOMBRE_CAMINO":"Cruce Q-60-O (Rere) - Los Despachos - Cruce Q-730 (San Rosendo)","CLASIFICACION":"Camino Regional Comunal","CALZADA":"U","tmda":134.0},"geometry":{"type":"LineString","coordinates":[[-72.72731,-37.13337],[-72.72595,-37.13702],[-72.72948,-37.14054],[-72.73093,-37.14497],[-72.7275,-37.14924],[-72.72633,-37.15455],[-72.72781,-37.15777],[-72.73086,-37.15894],[-72.73212,-37.16729],[-72.73692,-37.17341],[-72.73687,-37.1773],[-72.74074,-37.18039],[-72.74041,-37.18397],[-72.73649,-37.18479],[-72.7348,-37.18235],[-72.72446,-37.17679],[-72.71396,-37.18853],[-72.71319,-37.19031],[-72.71408,-37.19282],[-72.71199,-37.19583],[-72.70743,-37.1977],[-72.70406,-37.20178],[-72.70746,-37.20548],[-72.70829,-37.20998],[-72.69868,-37.22111],[-72.70266,-37.22532],[-72.70555,-37.22441],[-72.71113,-37.22519],[-72.71343,-37.22859],[-72.71662,-37.23042],[-72.71471,-37.2349],[-72.72,-37.24274],[-72.71942,-37.24755],[-72.72158,-37.24861],[-72.72146,-37.25046],[-72.7235,-37.25103],[-72.72424,-37.25378],[-72.71875,-37.2548],[-72.71788,-37.25844]]}},{"id":"189","type":"Feature","properties":{"ROL":"Q-805","NOMBRE_CAMINO":"Cruce Q-953 (Mulchén) - Caledonia","CLASIFICACION":"Camino Regional Comunal","CALZADA":"U","tmda":443.0},"geometry":{"type":"LineString","coordinates":[[-72.23132,-37.73035],[-72.22777,-37.73769]]}},{"id":"190","type":"Feature","properties":{"ROL":"Q-205","NOMBRE_CAMINO":"Cruce Q-105 (Santa Clara) - Casas Blancas","CLASIFICACION":"Camino Regional de Acceso","CALZADA":"U","tmda":null},"geometry":{"type":"LineString","coordinates":[[-72.26567,-37.36402],[-72.26405,-37.36463],[-72.26322,-37.36757],[-72.25,-37.36729],[-72.23635,-37.36309],[-72.22111,-37.36231]]}},{"id":"191","type":"Feature","properties":{"ROL":"Q-516","NOMBRE_CAMINO":"Cruce Ruta 146 (Reunión) - San Ramón - Paso Hondo","CLASIFICACION":"Camino Regional de Acceso","CALZADA":"U","tmda":null},"geometry":{"type":"LineString","coordinates":[[-72.54073,-37.00291],[-72.54305,-36.9948],[-72.54,-36.99369],[-72.53916,-36.99066],[-72.54033,-36.98527],[-72.53677,-36.97279],[-72.53553,-36.96145],[-72.53333,-36.96159],[-72.52848,-36.95471],[-72.52572,-36.95351],[-72.5257,-36.95191],[-72.52329,-36.95015],[-72.52248,-36.94047],[-72.51988,-36.93056]]}},{"id":"192","type":"Feature","properties":{"ROL":"Q-298","NOMBRE_CAMINO":"Cruce Q-296 (San Francisco) - Cruce Q-148 (Coyanco)","CLASIFICACION":"Camino Regional Comunal","CALZADA":"U","tmda":null},"geometry":{"type":"LineString","coordinates":[[-72.49868,-37.50714],[-72.49831,-37.49603],[-72.5316,-37.49417],[-72.55446,-37.49656]]}},{"id":"193","type":"Feature","properties":{"ROL":"Q-481","NOMBRE_CAMINO":"Antuco - Alto Rucué","CLASIFICACION":"Camino Regional de Acceso (En Proceso de Enrolamiento)","CALZADA":"U","tmda":null},"geometry":{"type":"LineString","coordinates":[[-71.67355,-37.35204],[-71.67919,-37.35685],[-71.68508,-37.35799],[-71.68888,-37.36055],[-71.69834,-37.37232],[-71.69746,-37.38016],[-71.69916,-37.38122],[-71.69889,-37.38264],[-71.69225,-37.38582]]}},{"id":"194","type":"Feature","properties":{"ROL":"Q-885","NOMBRE_CAMINO":"Cruce Q-805 (San Juan de Dios) - Curce Q-805 (El Águila)","CLASIFICACION":"Camino Regional Comunal (En Proceso de Enrolamiento)","CALZADA":"U","tmda":null},"geometry":{"type":"LineString","coordinates":[[-72.03858,-37.80708],[-72.03398,-37.81285]]}},{"id":"195","type":"Feature","properties":{"ROL":"Q-606","NOMBRE_CAMINO":"Cruce Ruta 5 - Cruce Q-60-O (Monte Águila)","CLASIFICACION":"Camino Regional Comunal","CALZADA":"U","tmda":null},"geometry":{"type":"LineString","coordinates":[[-72.38149,-37.09073],[-72.42938,-37.09249],[-72.44087,-37.0854],[-72.43885,-37.08297]]}},{"id":"196","type":"Feature","properties":{"ROL":"Q-851","NOMBRE_CAMINO":"Cruce Q-865 (Catalina) - Mañiguales - Monteverde","CLASIFICACION":"Camino Regional Comunal","CALZADA":"U","tmda":null},"geometry":{"type":"LineString","coordinates":[[-72.16999,-37.78531],[-72.16132,-37.78747],[-72.1589,-37.78948],[-72.15566,-37.78957],[-72.15242,-37.79221],[-72.14698,-37.79421],[-72.13513,-37.79404],[-72.13003,-37.79626],[-72.11732,-37.80576],[-72.10932,-37.81476],[-72.09928,-37.82251],[-72.07908,-37.83295],[-72.07991,-37.83713],[-72.07446,-37.84786],[-72.04727,-37.86265]]}},{"id":"197","type":"Feature","properties":{"ROL":"Q-200","NOMBRE_CAMINO":"Cruce Ruta 5 (Los Ángeles) - María Dolores - Cruce Q-90 (Puente Perales)","CLASIFICACION":"Camino Regional Provincial","CALZADA":"U","tmda":826.0},"geometry":{"type":"LineString","coordinates":[[-72.42596,-37.36829],[-72.43272,-37.35165],[-72.43424,-37.34392]]}},{"id":"198","type":"Feature","properties":{"ROL":"Q-550","NOMBRE_CAMINO":"Cruce Ruta 5 (Duqueco) - La Isla","CLASIFICACION":"Camino Regional de Acceso","CALZADA":"U","tmda":null},"geometry":{"type":"LineString","coordinates":[[-72.37255,-37.54999],[-72.39215,-37.55269],[-72.41969,-37.55352],[-72.43561,-37.55076],[-72.44472,-37.5458],[-72.45154,-37.54556]]}},{"id":"199","type":"Feature","properties":{"ROL":"Q-642","NOMBRE_CAMINO":"Cruce Ruta 146 (Pulpería) - Cruce Q-652-O (Palo Botado)","CLASIFICACION":"Camino Regional Comunal","CALZADA":"U","tmda":null},"geometry":{"type":"LineString","coordinates":[[-72.67097,-36.97499],[-72.67351,-36.97585],[-72.67338,-36.97804],[-72.67009,-36.98112],[-72.67009,-36.98784],[-72.66766,-36.99212],[-72.671,-36.99693],[-72.66941,-37.00021],[-72.67061,-37.00159],[-72.66683,-37.00487],[-72.66606,-37.00903],[-72.67411,-37.01473],[-72.68318,-37.01202],[-72.68671,-37.01245],[-72.68842,-37.01432],[-72.68607,-37.02329],[-72.69025,-37.02505],[-72.69447,-37.02995],[-72.69749,-37.03034],[-72.70204,-37.0332]]}},{"id":"200","type":"Feature","properties":{"ROL":"Q-385","NOMBRE_CAMINO":"Cruce Q-45 (Cerro El Diablo) - Cruce N-59-Q (Escuela Canteras)","CLASIFICACION":"Camino Regional Comunal","CALZADA":"U","tmda":null},"geometry":{"type":"LineString","coordinates":[[-71.95699,-37.41035],[-72.00022,-37.40527],[-72.01149,-37.40181]]}},{"id":"201","type":"Feature","properties":{"ROL":"Q-503","NOMBRE_CAMINO":"Cruce Ruta 177 (Socabío) - El Peral - Cruce Q-447 (Escuela Chacayal Sur)","CLASIFICACION":"Camino Regional Comunal","CALZADA":"U","tmda":null},"geometry":{"type":"LineString","coordinates":[[-72.32595,-37.48376],[-72.29797,-37.47947],[-72.2711,-37.48383],[-72.26819,-37.48662],[-72.25924,-37.48828],[-72.20927,-37.48489]]}},{"id":"202","type":"Feature","properties":{"ROL":"Q-756","NOMBRE_CAMINO":"Cruce Q-754 (Río Claro) - San Cristóbal","CLASIFICACION":"Camino Regional de Acceso","CALZADA":"U","tmda":null},"geometry":{"type":"LineString","coordinates":[[-72.57567,-37.14038],[-72.5784,-37.13799],[-72.57944,-37.13323]]}},{"id":"203","type":"Feature","properties":{"ROL":"Ruta 180","NOMBRE_CAMINO":"Cruce Ruta 5 (By Pass Los Ángeles) - Renaico - Huequén, Sector: Los Ángeles - Renaico","CLASIFICACION":"Camino Nacional","CALZADA":"U","tmda":11163.0},"geometry":{"type":"LineString","coordinates":[[-72.4047,-37.48382],[-72.46115,-37.4804],[-72.5429,-37.54747],[-72.59459,-37.56116],[-72.59594,-37.55418],[-72.59775,-37.55399],[-72.59052,-37.58748],[-72.59173,-37.65356],[-72.58964,-37.66974]]}},{"id":"204","type":"Feature","properties":{"ROL":"Q-250","NOMBRE_CAMINO":"Cruce Q-200 (Santa Elcira) - Cruce Q-34 (Laja)\n","CLASIFICACION":"Camino Regional Comunal","CALZADA":"U","tmda":393.0},"geometry":{"type":"LineString","coordinates":[[-72.47838,-37.38249],[-72.49095,-37.38263],[-72.50379,-37.37514],[-72.51404,-37.37582],[-72.51929,-37.36888],[-72.52971,-37.36408]]}},{"id":"205","type":"Feature","properties":{"ROL":"Q-618","NOMBRE_CAMINO":"Cruce Ruta 146 (Cementerio Parroquial) - Cruce Q-60-O (Puente La Obra)","CLASIFICACION":"Camino Regional Comunal","CALZADA":"U","tmda":null},"geometry":{"type":"LineString","coordinates":[[-72.42559,-37.03075],[-72.44517,-37.03153]]}},{"id":"206","type":"Feature","properties":{"ROL":"Q-748","NOMBRE_CAMINO":"Cruce Q-90 (Flor del Laja) - Cruce Q-544 (Peñablanca)","CLASIFICACION":"Camino Regional Comunal","CALZADA":"U","tmda":null},"geometry":{"type":"LineString","coordinates":[[-72.49134,-37.18043],[-72.48817,-37.17262],[-72.49024,-37.17064],[-72.4932,-37.15134]]}},{"id":"207","type":"Feature","properties":{"ROL":"Q-746","NOMBRE_CAMINO":"Cruce Q-90 (La Aguada) - Cruce O-544 (La Posta)","CLASIFICACION":"Camino Regional Comunal","CALZADA":"U","tmda":null},"geometry":{"type":"LineString","coordinates":[[-72.44491,-37.17312],[-72.44238,-37.16742]]}},{"id":"208","type":"Feature","properties":{"ROL":"Ruta 158","NOMBRE_CAMINO":"Rafael - Agua Amarilla","CLASIFICACION":"Camino Nacional","CALZADA":"U","tmda":null},"geometry":{"type":"LineString","coordinates":[[-72.79294,-36.63695],[-72.79381,-36.64136]]}},{"id":"209","type":"Feature","properties":{"ROL":"Q-481","NOMBRE_CAMINO":"Antuco - Alto Rucué","CLASIFICACION":"Camino Regional de Acceso (En Proceso de Enrolamiento)","CALZADA":"U","tmda":null},"geometry":{"type":"LineString","coordinates":[[-71.67469,-37.33599],[-71.67103,-37.34236],[-71.67072,-37.34601]]}},{"id":"210","type":"Feature","properties":{"ROL":"Q-282","NOMBRE_CAMINO":"Cruce Q-304 (Fundo Postahue) - Cruce Q-224","CLASIFICACION":"Camino Regional Comunal (En Proceso de Enrolamiento)","CALZADA":"U","tmda":null},"geometry":{"type":"LineString","coordinates":[[-72.65815,-37.32496],[-72.66532,-37.3139],[-72.66298,-37.31234],[-72.66287,-37.30935],[-72.66122,-37.30742]]}},{"id":"211","type":"Feature","properties":{"ROL":"Q-60-O","NOMBRE_CAMINO":"Cruce Ruta 146 (Cabrero) - Yumbel - Hualqui - Concepción","CLASIFICACION":"Camino Regional Principal","CALZADA":"U","tmda":1591.0},"geometry":{"type":"LineString","coordinates":[[-72.96034,-37.04764],[-72.96177,-37.04396],[-72.96627,-37.04102],[-72.96687,-37.03716],[-72.96677,-37.03507],[-72.96138,-37.03272],[-72.96618,-37.03228],[-72.96849,-37.03028],[-72.96838,-37.02737],[-72.96992,-37.02646],[-72.97142,-37.0187],[-72.96981,-37.01838],[-72.97178,-37.0171],[-72.97223,-37.01437],[-72.96458,-37.01153],[-72.95639,-37.00353]]}},{"id":"212","type":"Feature","properties":{"ROL":"Q-687","NOMBRE_CAMINO":"Cruce Q-601 - Reducción Quepuco Ralco","CLASIFICACION":"Camino Regional de Acceso (En Proceso de Enrolamiento)","CALZADA":"U","tmda":188.0},"geometry":{"type":"LineString","coordinates":[[-71.6182,-37.89624],[-71.61085,-37.89555],[-71.59631,-37.89916],[-71.57842,-37.90168],[-71.56691,-37.9003],[-71.54728,-37.90401],[-71.54057,-37.90284],[-71.53513,-37.89652],[-71.53026,-37.89365]]}},{"id":"213","type":"Feature","properties":{"ROL":"Q-105","NOMBRE_CAMINO":"Cruce Ruta 177 (Los Ángeles) - Santa Clara - Cruce Q-119 (Salto del Laja)","CLASIFICACION":"Camino Regional Provincial","CALZADA":"U","tmda":1268.0},"geometry":{"type":"LineString","coordinates":[[-72.19777,-37.2863],[-72.19631,-37.27725],[-72.1894,-37.27169],[-72.1829,-37.26149],[-72.18293,-37.25885],[-72.1749,-37.24864],[-72.17253,-37.23676],[-72.19498,-37.21575],[-72.21681,-37.20151],[-72.22522,-37.20166],[-72.23688,-37.20615],[-72.24275,-37.20641]]}},{"id":"214","type":"Feature","properties":{"ROL":"Q-555","NOMBRE_CAMINO":"Cruce Ruta 5 (La Mata Norte) - Cruce Q-97-N (Charrúa)","CLASIFICACION":"Camino Regional Comunal","CALZADA":"U","tmda":940.0},"geometry":{"type":"LineString","coordinates":[[-72.32523,-37.10089],[-72.32026,-37.07402]]}},{"id":"215","type":"Feature","properties":{"ROL":"Q-650","NOMBRE_CAMINO":"Cruce Ruta 5 (Licura) - Munilque - Cruce Q-80 (Negrete)","CLASIFICACION":"Camino Regional Provincial","CALZADA":"U","tmda":null},"geometry":{"type":"LineString","coordinates":[[-72.42764,-37.57663],[-72.46601,-37.57775],[-72.46832,-37.58388],[-72.46957,-37.58427]]}},{"id":"216","type":"Feature","properties":{"ROL":"Q-775","NOMBRE_CAMINO":"Cruce Q-705 (Colonia  de Quilapalos) - Piñiquihue - Bellavista","CLASIFICACION":"Camino Regional Comunal","CALZADA":"U","tmda":186.0},"geometry":{"type":"LineString","coordinates":[[-71.96669,-37.69784],[-71.96358,-37.70493],[-71.95178,-37.71184],[-71.95127,-37.71593],[-71.95276,-37.72026],[-71.94936,-37.72466],[-71.92828,-37.7395],[-71.92547,-37.74668],[-71.92368,-37.75721],[-71.91478,-37.76264],[-71.91397,-37.76438],[-71.91332,-37.76991],[-71.91535,-37.77967],[-71.89843,-37.79475],[-71.89526,-37.80062],[-71.86896,-37.80385],[-71.85675,-37.79867]]}},{"id":"217","type":"Feature","properties":{"ROL":"Q-983","NOMBRE_CAMINO":"Cruce N-59-Q (Tucapel) - Monte Verde - Cruce Q-965 (Trupán)","CLASIFICACION":"Camino Regional Comunal","CALZADA":"U","tmda":null},"geometry":{"type":"LineString","coordinates":[[-71.93843,-37.29867],[-71.92135,-37.29826],[-71.91127,-37.30195],[-71.90019,-37.30061],[-71.86687,-37.31171],[-71.86436,-37.30725],[-71.85901,-37.30423],[-71.85814,-37.30214],[-71.85871,-37.29639],[-71.86059,-37.29301],[-71.8587,-37.28629],[-71.84923,-37.2792],[-71.84419,-37.27931],[-71.83734,-37.27335]]}},{"id":"218","type":"Feature","properties":{"ROL":"Q-45","NOMBRE_CAMINO":"Cruce Ruta 177 (Los Ángeles) - Antuco - Laguna Laja - Paso Pichachén","CLASIFICACION":"Camino Regional Principal","CALZADA":"U","tmda":4592.0},"geometry":{"type":"LineString","coordinates":[[-72.32649,-37.46555],[-72.26751,-37.45353],[-72.24487,-37.44063],[-72.24018,-37.43907],[-72.20417,-37.43353],[-72.13516,-37.42816],[-72.11236,-37.43031],[-72.10185,-37.42974],[-72.06817,-37.42512],[-72.02425,-37.41168],[-71.98525,-37.4153],[-71.94051,-37.40732],[-71.85528,-37.35553],[-71.84002,-37.35004],[-71.79819,-37.34336],[-71.79281,-37.338],[-71.77837,-37.33621],[-71.74639,-37.32853],[-71.69823,-37.32522],[-71.67715,-37.32924],[-71.6702,-37.32809],[-71.64379,-37.3283],[-71.50706,-37.36468],[-71.50138,-37.36689],[-71.4978,-37.37056],[-71.48899,-37.37528]]}},{"id":"219","type":"Feature","properties":{"ROL":"Q-111","NOMBRE_CAMINO":"Cruce Q-105 (Paraguay) - Alcapán","CLASIFICACION":"Camino Regional de Acceso","CALZADA":"U","tmda":null},"geometry":{"type":"LineString","coordinates":[[-72.21681,-37.20151],[-72.20937,-37.20027],[-72.17599,-37.20146],[-72.13989,-37.21268]]}},{"id":"220","type":"Feature","properties":{"ROL":"Q-588","NOMBRE_CAMINO":"Cruce Q-780 (Los Despachos) - Cruce Q-780 (Álamo Huacho)","CLASIFICACION":"Camino Regional Comunal","CALZADA":"U","tmda":null},"geometry":{"type":"LineString","coordinates":[[-72.73719,-37.18409],[-72.73617,-37.19124],[-72.73338,-37.19508],[-72.73166,-37.20052],[-72.72631,-37.20477],[-72.72774,-37.20792],[-72.7266,-37.21119],[-72.72764,-37.21477],[-72.72576,-37.2209],[-72.72005,-37.22393],[-72.71827,-37.2269],[-72.71888,-37.22927],[-72.71635,-37.22995]]}},{"id":"221","type":"Feature","properties":{"ROL":"Q-840","NOMBRE_CAMINO":"Cruce Q-80 (Agua Buena) - Cruce Q-896 (Lancha El Manzano)","CLASIFICACION":"Camino Regional Comunal","CALZADA":"U","tmda":null},"geometry":{"type":"LineString","coordinates":[[-72.30191,-37.71334],[-72.31111,-37.74033],[-72.31984,-37.74867],[-72.33249,-37.7524],[-72.33513,-37.75151],[-72.34808,-37.75235],[-72.3551,-37.75094],[-72.36531,-37.7596],[-72.3927,-37.76119],[-72.40061,-37.76365]]}},{"id":"222","type":"Feature","properties":{"ROL":"Q-955","NOMBRE_CAMINO":"Mulchén (Calle Barros Arana) - Reservas Forestales","CLASIFICACION":"Camino Regional Comunal","CALZADA":"U","tmda":null},"geometry":{"type":"LineString","coordinates":[[-72.21595,-37.83361],[-72.21014,-37.83793],[-72.21434,-37.85008],[-72.2133,-37.85149],[-72.21415,-37.85493],[-72.20641,-37.86728],[-72.20096,-37.87341],[-72.17384,-37.88611],[-72.12805,-37.90317],[-72.11399,-37.91164],[-72.11851,-37.94859],[-72.09118,-37.97407],[-72.07069,-37.98462],[-72.05755,-37.98789],[-72.04965,-37.9932],[-72.04505,-37.99432],[-72.04529,-37.99967],[-72.04737,-38.00147],[-72.04678,-38.00289],[-72.04029,-37.99992],[-72.03621,-38.00133],[-72.03044,-38.00018],[-72.02842,-37.9972],[-72.01804,-37.99887],[-72.01636,-37.99725],[-72.01621,-37.99509],[-72.00878,-37.99472],[-72.00664,-37.99327],[-72.00145,-37.99485],[-72.00082,-37.99328],[-71.99749,-37.99167],[-71.98659,-37.99034],[-71.98136,-37.99049],[-71.97773,-37.99205]]}},{"id":"223","type":"Feature","properties":{"ROL":"Q-155","NOMBRE_CAMINO":"Cruce Q-105 (El Despacho) - Cruce Q-115 (Esquina Verde)","CLASIFICACION":"Camino Regional Comunal","CALZADA":"U","tmda":null},"geometry":{"type":"LineString","coordinates":[[-72.27906,-37.31912],[-72.2855,-37.31727],[-72.29928,-37.3245]]}},{"id":"224","type":"Feature","properties":{"ROL":"Q-675","NOMBRE_CAMINO":"Cruce Q-653 (Los Mayos) - Cruce Q-679 (Corcovado)","CLASIFICACION":"Camino Regional Comunal","CALZADA":"U","tmda":null},"geometry":{"type":"LineString","coordinates":[[-72.02002,-37.64788],[-72.01393,-37.65039],[-71.98231,-37.65632],[-71.97651,-37.65879],[-71.96675,-37.65949],[-71.96304,-37.65858],[-71.95133,-37.662],[-71.94568,-37.66004],[-71.93876,-37.66095],[-71.93471,-37.65997]]}},{"id":"225","type":"Feature","properties":{"ROL":"Q-531","NOMBRE_CAMINO":"Cruce Ruta 177 (Poco a Poco) - Canal Coreo","CLASIFICACION":"Camino Regional de Acceso","CALZADA":"U","tmda":null},"geometry":{"type":"LineString","coordinates":[[-72.32535,-37.511],[-72.3195,-37.51999],[-72.31875,-37.52638],[-72.30767,-37.53947]]}},{"id":"226","type":"Feature","properties":{"ROL":"Q-625","NOMBRE_CAMINO":"Puente Mininco - Los Lirios","CLASIFICACION":"Camino Regional de Acceso (En Proceso de Enrolamiento)","CALZADA":"U","tmda":null},"geometry":{"type":"LineString","coordinates":[[-72.00606,-37.62449],[-72.0018,-37.62542],[-71.99626,-37.63048],[-71.9828,-37.63433],[-71.97774,-37.63426],[-71.97272,-37.63152],[-71.96514,-37.63143],[-71.96025,-37.62909],[-71.95118,-37.6339],[-71.92847,-37.63453],[-71.91845,-37.63332],[-71.9104,-37.63523]]}},{"id":"227","type":"Feature","properties":{"ROL":"Q-770","NOMBRE_CAMINO":"Cruce Ruta 5 - Estero Batuco","CLASIFICACION":"Camino Regional Comunal","CALZADA":"U","tmda":null},"geometry":{"type":"LineString","coordinates":[[-72.39029,-37.19827],[-72.39538,-37.19704]]}},{"id":"228","type":"Feature","properties":{"ROL":"Ruta 126 S","NOMBRE_CAMINO":"Ruta Los Conquistadores, Sector: Límite Regional (Puente La Raya) - Tomé","CLASIFICACION":"Camino Nacional","CALZADA":"U","tmda":916.0},"geometry":{"type":"LineString","coordinates":[[-72.94039,-36.6235],[-72.94636,-36.62259],[-72.94845,-36.61949]]}},{"id":"229","type":"Feature","properties":{"ROL":"Q-498","NOMBRE_CAMINO":"Cruce Ruta 180 (Estación Rihue) - San Gabriel","CLASIFICACION":"Camino Regional de Acceso","CALZADA":"U","tmda":null},"geometry":{"type":"LineString","coordinates":[[-72.63611,-37.62563],[-72.63759,-37.62306]]}},{"id":"230","type":"Feature","properties":{"ROL":"Q-905","NOMBRE_CAMINO":"Cruce Q-955 (San Bernardo) - Casas Viejas - El Cisne","CLASIFICACION":"Camino Regional Comunal","CALZADA":"U","tmda":null},"geometry":{"type":"LineString","coordinates":[[-72.20373,-37.87037],[-72.20566,-37.891],[-72.19064,-37.89976],[-72.18586,-37.90518],[-72.1716,-37.91182],[-72.16706,-37.91606],[-72.16543,-37.922],[-72.15274,-37.92901],[-72.14466,-37.93568],[-72.13788,-37.9365],[-72.13244,-37.94388],[-72.13459,-37.94812]]}},{"id":"231","type":"Feature","properties":{"ROL":"Q-274","NOMBRE_CAMINO":"Cruce Ruta 180 - Cruce Q-270 (Estación Arrayán)","CLASIFICACION":"Camino Regional Comunal","CALZADA":"U","tmda":null},"geometry":{"type":"LineString","coordinates":[[-72.4158,-37.48339],[-72.42034,-37.47988],[-72.4203,-37.47822],[-72.42397,-37.47784]]}},{"id":"232","type":"Feature","properties":{"ROL":"Q-681","NOMBRE_CAMINO":"Cruce Q-61 (Los Junquillos) - El Huachi - Quillaileo","CLASIFICACION":"Camino Regional Comunal","CALZADA":"U","tmda":488.0},"geometry":{"type":"LineString","coordinates":[[-71.86215,-37.66027],[-71.85173,-37.66066],[-71.83696,-37.65779],[-71.8297,-37.65814],[-71.82264,-37.65521],[-71.82308,-37.65036],[-71.8217,-37.64686],[-71.81239,-37.64368],[-71.79015,-37.64171],[-71.78618,-37.63955],[-71.78044,-37.63954]]}},{"id":"233","type":"Feature","properties":{"ROL":"Q-224","NOMBRE_CAMINO":"Cruce Q-250 - Las Toscas","CLASIFICACION":"Camino Regional de Acceso (En Proceso de Enrolamiento)","CALZADA":"U","tmda":null},"geometry":{"type":"LineString","coordinates":[[-72.68777,-37.28451],[-72.68243,-37.28619],[-72.6843,-37.29347],[-72.68168,-37.29512],[-72.67757,-37.30131],[-72.67224,-37.30152],[-72.66107,-37.30732],[-72.63521,-37.30905]]}},{"id":"234","type":"Feature","properties":{"ROL":"Q-560-O","NOMBRE_CAMINO":"Cruce Ruta 146 (Pelecó) - Cruce O-550-Q (Cancha Los Monteros)","CLASIFICACION":"Camino Regional Comunal","CALZADA":"U","tmda":null},"geometry":{"type":"LineString","coordinates":[[-72.67781,-36.97291],[-72.67748,-36.96673],[-72.67994,-36.96231],[-72.67955,-36.95849],[-72.68268,-36.9552],[-72.68329,-36.94372],[-72.68068,-36.94002],[-72.68254,-36.9247]]}},{"id":"235","type":"Feature","properties":{"ROL":"Q-631","NOMBRE_CAMINO":"Cruce Ruta 5 (San Carlos de Purén) - Cruce Q-61 (Mañil)","CLASIFICACION":"Camino Regional Comunal","CALZADA":"U","tmda":258.0},"geometry":{"type":"LineString","coordinates":[[-72.18893,-37.60632],[-72.17102,-37.61242],[-72.13709,-37.6193],[-72.12947,-37.62344],[-72.11453,-37.62243],[-72.11333,-37.62044]]}},{"id":"236","type":"Feature","properties":{"ROL":"Q-80","NOMBRE_CAMINO":"Cruce Ruta 5 (Mulchén) - Negrete - Coihue","CLASIFICACION":"Camino Regional Principal","CALZADA":"U","tmda":297.0},"geometry":{"type":"LineString","coordinates":[[-72.26342,-37.7217],[-72.27092,-37.71754],[-72.29542,-37.71577],[-72.35877,-37.68867],[-72.36534,-37.68718],[-72.36963,-37.68817]]}},{"id":"237","type":"Feature","properties":{"ROL":"Q-105","NOMBRE_CAMINO":"Cruce Ruta 177 (Los Ángeles) - Santa Clara - Cruce Q-119 (Salto del Laja)","CLASIFICACION":"Camino Regional Provincial","CALZADA":"U","tmda":1268.0},"geometry":{"type":"LineString","coordinates":[[-72.34735,-37.21713],[-72.36294,-37.21764],[-72.37398,-37.2237]]}},{"id":"238","type":"Feature","properties":{"ROL":"Q-521","NOMBRE_CAMINO":"Cruce Ruta 5 (Paso Superior Paillihue) - Cruce Ruta 178 (El Resbalón)","CLASIFICACION":"Camino Regional Comunal","CALZADA":"U","tmda":null},"geometry":{"type":"LineString","coordinates":[[-72.39929,-37.49371],[-72.38895,-37.48376]]}},{"id":"239","type":"Feature","properties":{"ROL":"Q-351","NOMBRE_CAMINO":"Cruce Q-105 (Los Ángeles) - Cruce N-59-Q (Cerro Colorado)","CLASIFICACION":"Camino Regional Comunal","CALZADA":"U","tmda":4328.0},"geometry":{"type":"LineString","coordinates":[[-72.14586,-37.37113],[-72.14368,-37.36226],[-72.13883,-37.35671],[-72.13703,-37.3566],[-72.13852,-37.34475],[-72.1283,-37.33944],[-72.12602,-37.33376],[-72.09702,-37.32304],[-72.05889,-37.3185],[-72.04719,-37.31831],[-72.0283,-37.31991],[-72.01592,-37.32471],[-71.99396,-37.3297]]}},{"id":"240","type":"Feature","properties":{"ROL":"Q-498","NOMBRE_CAMINO":"Cruce Ruta 180 (Estación Rihue) - San Gabriel","CLASIFICACION":"Camino Regional de Acceso","CALZADA":"U","tmda":null},"geometry":{"type":"LineString","coordinates":[[-72.62865,-37.62575],[-72.63611,-37.62563]]}},{"id":"241","type":"Feature","properties":{"ROL":"Q-351","NOMBRE_CAMINO":"Cruce Q-105 (Los Ángeles) - Cruce N-59-Q (Cerro Colorado)","CLASIFICACION":"Camino Regional Comunal","CALZADA":"U","tmda":4328.0},"geometry":{"type":"LineString","coordinates":[[-72.32632,-37.44044],[-72.3051,-37.43488],[-72.29631,-37.43518],[-72.29405,-37.43122],[-72.28707,-37.42479],[-72.27228,-37.42222],[-72.25745,-37.41526],[-72.24631,-37.41368],[-72.2326,-37.40886]]}},{"id":"242","type":"Feature","properties":{"ROL":"Q-995","NOMBRE_CAMINO":"Cruce Q-45 (El Toro) - Cruce Q-965 (Polcura)","CLASIFICACION":"Camino Regional Comunal","CALZADA":"U","tmda":227.0},"geometry":{"type":"LineString","coordinates":[[-71.55693,-37.35138],[-71.55291,-37.34593],[-71.53822,-37.34434],[-71.53337,-37.3423],[-71.53199,-37.33951],[-71.53829,-37.33288],[-71.54581,-37.33143],[-71.55686,-37.3259],[-71.56192,-37.32075],[-71.56822,-37.31694],[-71.58631,-37.31302],[-71.59576,-37.31358],[-71.60291,-37.31699],[-71.62466,-37.31208],[-71.62805,-37.31228],[-71.63153,-37.31105],[-71.6328,-37.30841],[-71.67576,-37.30055],[-71.71807,-37.29021],[-71.71784,-37.2872]]}},{"id":"243","type":"Feature","properties":{"ROL":"Q-575","NOMBRE_CAMINO":"Cruce Q-469 (Quilleco) - Cruce Q-605 (Puente Duqueco)","CLASIFICACION":"Camino Regional Comunal","CALZADA":"U","tmda":null},"geometry":{"type":"LineString","coordinates":[[-71.98405,-37.47688],[-71.99015,-37.49268],[-71.99456,-37.49731],[-72.00023,-37.52432],[-72.00993,-37.5314],[-72.02628,-37.53978],[-72.03237,-37.54811],[-72.03157,-37.55023],[-72.03516,-37.55419]]}},{"id":"244","type":"Feature","properties":{"ROL":"Q-657","NOMBRE_CAMINO":"Cruce Q-553 - El Retobo - Cruce Q-551","CLASIFICACION":"Camino Regional Comunal","CALZADA":"U","tmda":null},"geometry":{"type":"LineString","coordinates":[[-71.95496,-37.51034],[-71.95841,-37.5185]]}},{"id":"245","type":"Feature","properties":{"ROL":"Q-80","NOMBRE_CAMINO":"Cruce Ruta 5 (Mulchén) - Negrete - Coihue","CLASIFICACION":"Camino Regional Principal","CALZADA":"U","tmda":297.0},"geometry":{"type":"LineString","coordinates":[[-72.41679,-37.65372],[-72.44976,-37.63804]]}},{"id":"246","type":"Feature","properties":{"ROL":"Q-781","NOMBRE_CAMINO":"Cruce Q-705 (Rucalhue) - Angostura","CLASIFICACION":"Camino Regional Comunal","CALZADA":"U","tmda":null},"geometry":{"type":"LineString","coordinates":[[-71.89159,-37.71676],[-71.87308,-37.72314],[-71.86025,-37.73762],[-71.86062,-37.74432],[-71.85659,-37.75419],[-71.86254,-37.75805],[-71.86167,-37.76623],[-71.86342,-37.76732],[-71.86687,-37.76699],[-71.86616,-37.77263]]}},{"id":"247","type":"Feature","properties":{"ROL":"Q-105","NOMBRE_CAMINO":"Cruce Ruta 177 (Los Ángeles) - Santa Clara - Cruce Q-119 (Salto del Laja)","CLASIFICACION":"Camino Regional Provincial","CALZADA":"U","tmda":5181.0},"geometry":{"type":"LineString","coordinates":[[-72.32713,-37.44093],[-72.32597,-37.43967],[-72.32726,-37.43499],[-72.3242,-37.4343],[-72.31733,-37.42079],[-72.31203,-37.41886],[-72.30838,-37.41382],[-72.30542,-37.39742],[-72.30199,-37.38862],[-72.29854,-37.35577]]}},{"id":"248","type":"Feature","properties":{"ROL":"Q-732","NOMBRE_CAMINO":"Cruce Q-758 (Rinconada) - Monterrey","CLASIFICACION":"Camino Regional Comunal (En Proceso de Enrolamiento)","CALZADA":"U","tmda":null},"geometry":{"type":"LineString","coordinates":[[-72.68709,-37.13644],[-72.69188,-37.13559]]}},{"id":"249","type":"Feature","properties":{"ROL":"Q-312","NOMBRE_CAMINO":"Cruce Ruta 180 (San Francisco) - Cruce Q-530 (Escuela San Manuel)","CLASIFICACION":"Camino Regional Comunal","CALZADA":"U","tmda":null},"geometry":{"type":"LineString","coordinates":[[-72.49266,-37.50603],[-72.45851,-37.50417]]}},{"id":"250","type":"Feature","properties":{"ROL":"Q-61","NOMBRE_CAMINO":"Cruce Ruta 177 (Los Ángeles) - Santa Bárbara - Ralco - Guallalí - Río Chaquilvín","CLASIFICACION":"Camino Regional Principal","CALZADA":"U","tmda":548.0},"geometry":{"type":"LineString","coordinates":[[-71.58076,-37.92383],[-71.5759,-37.9247],[-71.56944,-37.93013],[-71.56318,-37.93251],[-71.56662,-37.9353],[-71.56836,-37.94237],[-71.56687,-37.95221],[-71.56343,-37.95589],[-71.56517,-37.9567],[-71.56304,-37.96277],[-71.56437,-37.96675],[-71.55033,-37.97542],[-71.54855,-37.98293],[-71.54648,-37.98138],[-71.54503,-37.98471],[-71.53736,-37.98539],[-71.52873,-37.99049],[-71.52154,-37.9922],[-71.51361,-37.99629],[-71.51164,-38.00136],[-71.50433,-38.00244],[-71.49791,-38.00644],[-71.48939,-38.00077],[-71.48264,-38.00157],[-71.47794,-38.00548],[-71.47103,-38.00467],[-71.47067,-38.01002],[-71.47513,-38.01239],[-71.46978,-38.01521],[-71.47131,-38.01962],[-71.46631,-38.02398],[-71.46849,-38.0312],[-71.47384,-38.03378],[-71.47349,-38.03557],[-71.4703,-38.03781],[-71.47105,-38.04146],[-71.46551,-38.04221],[-71.46572,-38.04373],[-71.46276,-38.04562],[-71.4573,-38.04515],[-71.45678,-38.04312],[-71.45275,-38.0459],[-71.44868,-38.04574],[-71.44765,-38.05044],[-71.44434,-38.05334],[-71.43607,-38.05513],[-71.43476,-38.05647],[-71.43424,-38.06143],[-71.42982,-38.0572],[-71.42939,-38.05459],[-71.42748,-38.05602],[-71.42327,-38.05208],[-71.41758,-38.05208],[-71.42464,-38.06018],[-71.42533,-38.06204],[-71.42237,-38.0625],[-71.42679,-38.06707],[-71.42576,-38.0681],[-71.42643,-38.06959],[-71.42413,-38.07209],[-71.42252,-38.07088],[-71.41975,-38.07211],[-71.42022,-38.07455],[-71.41695,-38.07724],[-71.40696,-38.07948],[-71.40566,-38.08122],[-71.40876,-38.08437],[-71.4069,-38.08739],[-71.39531,-38.08828],[-71.38005,-38.0747],[-71.37502,-38.07135],[-71.36713,-38.06911],[-71.36341,-38.06579],[-71.36362,-38.0645],[-71.36152,-38.06496],[-71.35578,-38.06241],[-71.35097,-38.06508],[-71.35161,-38.06601],[-71.34639,-38.06575],[-71.34736,-38.06675],[-71.34218,-38.06747],[-71.34017,-38.06964],[-71.33893,-38.06816],[-71.32949,-38.06543],[-71.32013,-38.05881],[-71.30856,-38.05505],[-71.30121,-38.05484],[-71.28353,-38.04825],[-71.28001,-38.04855],[-71.27728,-38.0464],[-71.2769,-38.04362],[-71.27485,-38.04272],[-71.27539,-38.04517]]}},{"id":"251","type":"Feature","properties":{"ROL":"Q-460","NOMBRE_CAMINO":"San José de Dollinco - Mitrinhue","CLASIFICACION":"Sin Información","CALZADA":"U","tmda":569.0},"geometry":{"type":"LineString","coordinates":[[-72.83174,-37.46016],[-72.83749,-37.45922],[-72.8396,-37.46195],[-72.84796,-37.46348],[-72.8502,-37.4664],[-72.8544,-37.4649],[-72.86358,-37.46622],[-72.87117,-37.46399],[-72.88109,-37.46325]]}},{"id":"252","type":"Feature","properties":{"ROL":"Q-955","NOMBRE_CAMINO":"Mulchén (Calle Barros Arana) - Reservas Forestales","CLASIFICACION":"Camino Regional Comunal","CALZADA":"U","tmda":null},"geometry":{"type":"LineString","coordinates":[[-72.25463,-37.7238],[-72.2537,-37.7313],[-72.25573,-37.74315],[-72.25333,-37.75527],[-72.25359,-37.76634],[-72.24058,-37.78099],[-72.21944,-37.82976],[-72.21595,-37.83361]]}},{"id":"253","type":"Feature","properties":{"ROL":"Q-284","NOMBRE_CAMINO":"Cruce Q-34 (Santa Fé) - Río Biobío","CLASIFICACION":"Camino Regional de Acceso","CALZADA":"U","tmda":966.0},"geometry":{"type":"LineString","coordinates":[[-72.65084,-37.47591],[-72.66054,-37.48601]]}},{"id":"254","type":"Feature","properties":{"ROL":"Q-602","NOMBRE_CAMINO":"Cruce Ruta 5 (La Colonia) - Cruce Q-60-O (Monte Águila)","CLASIFICACION":"Camino Regional Comunal","CALZADA":"U","tmda":null},"geometry":{"type":"LineString","coordinates":[[-72.37955,-37.07722],[-72.40938,-37.07538],[-72.41238,-37.07624],[-72.43257,-37.07548]]}},{"id":"255","type":"Feature","properties":{"ROL":"Q-80","NOMBRE_CAMINO":"Cruce Ruta 5 (Mulchén) - Negrete - Coihue","CLASIFICACION":"Camino Regional Principal","CALZADA":"U","tmda":297.0},"geometry":{"type":"LineString","coordinates":[[-72.46473,-37.63398],[-72.48952,-37.62654],[-72.49555,-37.62064]]}},{"id":"256","type":"Feature","properties":{"ROL":"Q-161","NOMBRE_CAMINO":"El Roble - La Gloria","CLASIFICACION":"Camino Regional de Acceso (En Proceso de Enrolamiento)","CALZADA":"U","tmda":null},"geometry":{"type":"LineString","coordinates":[[-72.28251,-37.29915],[-72.28521,-37.30138],[-72.28496,-37.30302],[-72.27807,-37.30761],[-72.27934,-37.31138],[-72.27872,-37.31441],[-72.28525,-37.31728]]}},{"id":"257","type":"Feature","properties":{"ROL":"Q-541","NOMBRE_CAMINO":"Cruce Ruta 5 - La Colonia - Cruce Q-555 (Charrúa)","CLASIFICACION":"Camino Regional Comunal","CALZADA":"U","tmda":null},"geometry":{"type":"LineString","coordinates":[[-72.37939,-37.07721],[-72.32112,-37.07908]]}},{"id":"258","type":"Feature","properties":{"ROL":"Q-973","NOMBRE_CAMINO":"Cruce Q-975 (Alto Huépil) - Cruce Q-975 (Rucamanqui)","CLASIFICACION":"Camino Regional Comunal","CALZADA":"U","tmda":null},"geometry":{"type":"LineString","coordinates":[[-71.91715,-37.23258],[-71.9162,-37.22739],[-71.91853,-37.21914],[-71.90308,-37.20481],[-71.89276,-37.20489],[-71.88717,-37.20924],[-71.8801,-37.21142]]}},{"id":"259","type":"Feature","properties":{"ROL":"Q-679","NOMBRE_CAMINO":"Cruce Q-61 (Los Mayos) - Cruce Q-681 (Los Maitenes)","CLASIFICACION":"Camino Regional Comunal","CALZADA":"U","tmda":null},"geometry":{"type":"LineString","coordinates":[[-71.93462,-37.67256],[-71.93316,-37.67068],[-71.93625,-37.66326],[-71.92978,-37.64942],[-71.91794,-37.64754],[-71.91406,-37.64505],[-71.91016,-37.63505],[-71.90222,-37.63583],[-71.89199,-37.63456],[-71.88188,-37.63783],[-71.87189,-37.63797],[-71.86062,-37.6361],[-71.84948,-37.63748],[-71.82057,-37.64663]]}},{"id":"260","type":"Feature","properties":{"ROL":"Q-860","NOMBRE_CAMINO":"Cruce Q-80 (Rapelco) - Manzanaché","CLASIFICACION":"Camino Regional de Acceso","CALZADA":"U","tmda":393.0},"geometry":{"type":"LineString","coordinates":[[-72.4659,-37.63371],[-72.47081,-37.6639],[-72.47199,-37.67945],[-72.47002,-37.68788],[-72.46514,-37.69582],[-72.46174,-37.70492],[-72.4599,-37.70653],[-72.47261,-37.73817],[-72.47321,-37.74326],[-72.4704,-37.74575],[-72.46665,-37.75465],[-72.46252,-37.75962]]}},{"id":"261","type":"Feature","properties":{"ROL":"Q-125","NOMBRE_CAMINO":"Cruce Ruta 5 (La Mona) - Higuerilla","CLASIFICACION":"Camino Regional de Acceso","CALZADA":"U","tmda":577.0},"geometry":{"type":"LineString","coordinates":[[-72.36773,-37.3403],[-72.36536,-37.33766],[-72.34036,-37.33744],[-72.33592,-37.33585],[-72.33184,-37.3372],[-72.33299,-37.3404]]}},{"id":"262","type":"Feature","properties":{"ROL":"Q-569","NOMBRE_CAMINO":"Cruce Ruta 5 (Las Tejas) - Pillancó - Cruce Q-573-N (Pangal)","CLASIFICACION":"Camino Regional Comunal (En Proceso de Enrolamiento)","CALZADA":"U","tmda":210.0},"geometry":{"type":"LineString","coordinates":[[-72.36075,-37.16955],[-72.35516,-37.1724],[-72.33451,-37.17608],[-72.32086,-37.18305],[-72.31042,-37.18553]]}},{"id":"263","type":"Feature","properties":{"ROL":"Q-282","NOMBRE_CAMINO":"Cruce Q-34 (Fundo Postahue) - Cruce Q-280","CLASIFICACION":"Camino Regional Comunal","CALZADA":"U","tmda":null},"geometry":{"type":"LineString","coordinates":[[-72.65082,-37.35391],[-72.65245,-37.35033],[-72.65028,-37.34957],[-72.65382,-37.34458],[-72.65412,-37.3406]]}},{"id":"264","type":"Feature","properties":{"ROL":"Q-751","NOMBRE_CAMINO":"Cruce Q-705 (Granaderos) - Santa Adriana - Reservas Quilapalo","CLASIFICACION":"Camino Regional Comunal","CALZADA":"U","tmda":530.0},"geometry":{"type":"LineString","coordinates":[[-72.02905,-37.7516],[-72.00854,-37.76337]]}},{"id":"265","type":"Feature","properties":{"ROL":"Q-481","NOMBRE_CAMINO":"Antuco - Alto Rucué","CLASIFICACION":"Camino Regional de Acceso (En Proceso de Enrolamiento)","CALZADA":"U","tmda":null},"geometry":{"type":"LineString","coordinates":[[-71.67715,-37.32924],[-71.67667,-37.3332]]}},{"id":"266","type":"Feature","properties":{"ROL":"Q-969","NOMBRE_CAMINO":"Cruce N-59-Q (Las Mercedes) - Cruce Q-973 (Rucamanqui)","CLASIFICACION":"Camino Regional Comunal","CALZADA":"U","tmda":null},"geometry":{"type":"LineString","coordinates":[[-71.94926,-37.20461],[-71.93373,-37.21302],[-71.91165,-37.21302]]}},{"id":"267","type":"Feature","properties":{"ROL":"Q-123","NOMBRE_CAMINO":"Cruce Q-15 - Cruce Q-35","CLASIFICACION":"Camino Regional de Acceso (En Proceso de Enrolamiento)","CALZADA":"U","tmda":null},"geometry":{"type":"LineString","coordinates":[[-72.19867,-37.28974],[-72.17437,-37.2908],[-72.17408,-37.29463],[-72.1459,-37.29665],[-72.15221,-37.31764],[-72.15194,-37.3207],[-72.11735,-37.32547],[-72.11185,-37.32843]]}},{"id":"268","type":"Feature","properties":{"ROL":"Q-605","NOMBRE_CAMINO":"Cruce Q-61 (Llano Blanco) - Villucura - Cruce Q-679 (Los Maitenes)","CLASIFICACION":"Camino Regional Comunal","CALZADA":"U","tmda":165.0},"geometry":{"type":"LineString","coordinates":[[-72.00306,-37.55171],[-71.99148,-37.54964],[-71.9746,-37.53885],[-71.95724,-37.53633],[-71.93671,-37.54135],[-71.92048,-37.55013]]}},{"id":"269","type":"Feature","properties":{"ROL":"Q-781","NOMBRE_CAMINO":"Cruce Q-705 (Rucalhue) - Cruce Q-775 (Sector Puente Coihueco)","CLASIFICACION":"Camino Regional Comunal (En Proceso de Enrolamiento)","CALZADA":"U","tmda":null},"geometry":{"type":"LineString","coordinates":[[-71.86616,-37.77263],[-71.86596,-37.77768],[-71.86753,-37.78059],[-71.86447,-37.78379],[-71.85642,-37.7884],[-71.85672,-37.79869]]}},{"id":"270","type":"Feature","properties":{"ROL":"Q-548","NOMBRE_CAMINO":"Cruce Ruta 146 (Caletera Tomeco) - Cruce Q-642 (Nahuelcura)","CLASIFICACION":"Camino Regional de Acceso (En Proceso de Enrolamiento)","CALZADA":"U","tmda":null},"geometry":{"type":"LineString","coordinates":[[-72.62426,-36.98922],[-72.623,-36.99342]]}},{"id":"271","type":"Feature","properties":{"ROL":"Q-634","NOMBRE_CAMINO":"Cruce Q-630 (Las Nieves) - El Parrón - Perigallo","CLASIFICACION":"Camino Regional de Acceso","CALZADA":"U","tmda":null},"geometry":{"type":"LineString","coordinates":[[-72.56501,-37.07206],[-72.57342,-37.07014],[-72.58336,-37.06515],[-72.58558,-37.06288],[-72.58736,-37.05029],[-72.59532,-37.04976],[-72.59913,-37.04744],[-72.60714,-37.04873],[-72.60701,-37.04675],[-72.60892,-37.04496],[-72.61744,-37.04575],[-72.61878,-37.04478],[-72.62187,-37.04737]]}},{"id":"272","type":"Feature","properties":{"ROL":"Q-387","NOMBRE_CAMINO":"Cruce Q-385 (Villa Mercedes) - Las Hijuelas","CLASIFICACION":"Camino Regional Comunal","CALZADA":"U","tmda":null},"geometry":{"type":"LineString","coordinates":[[-71.96684,-37.4053],[-71.95908,-37.3908],[-71.93729,-37.36142]]}},{"id":"273","type":"Feature","properties":{"ROL":"Q-896","NOMBRE_CAMINO":"Cruce Ruta 5 (Los Pinos) - Cruce Q-860 (Manzanaché)","CLASIFICACION":"Camino Regional Comunal","CALZADA":"U","tmda":null},"geometry":{"type":"LineString","coordinates":[[-72.36144,-37.82649],[-72.39016,-37.79381],[-72.39551,-37.78124],[-72.39816,-37.77894],[-72.4008,-37.76354],[-72.42014,-37.73361],[-72.42026,-37.72526],[-72.42501,-37.72267],[-72.43078,-37.72164],[-72.43376,-37.72166],[-72.43553,-37.72304],[-72.43782,-37.72186],[-72.44078,-37.72355],[-72.4439,-37.72326],[-72.45105,-37.71416],[-72.45845,-37.71142],[-72.46142,-37.70893]]}},{"id":"274","type":"Feature","properties":{"ROL":"Q-367","NOMBRE_CAMINO":"Cruce Q-45 - El Huertón","CLASIFICACION":"Camino Regional de Acceso (En Proceso de Enrolamiento)","CALZADA":"U","tmda":null},"geometry":{"type":"LineString","coordinates":[[-72.08806,-37.36564],[-72.09026,-37.35351]]}},{"id":"275","type":"Feature","properties":{"ROL":"Q-756","NOMBRE_CAMINO":"Cruce O-754 - Cruce O-750 (San Cristóbal)","CLASIFICACION":"Camino Regional Comunal (En Proceso de Enrolamiento)","CALZADA":"U","tmda":null},"geometry":{"type":"LineString","coordinates":[[-72.57944,-37.13323],[-72.57682,-37.12547]]}},{"id":"276","type":"Feature","properties":{"ROL":"Ruta 178","NOMBRE_CAMINO":"Cruce Ruta 5 (By Pass Los Ángeles) - Los Ángeles (Sector Iansa)","CLASIFICACION":"Camino Nacional","CALZADA":"U","tmda":null},"geometry":{"type":"LineString","coordinates":[[-72.4047,-37.48382],[-72.38046,-37.48366],[-72.36814,-37.48007],[-72.36338,-37.48017]]}},{"id":"277","type":"Feature","properties":{"ROL":"Q-617","NOMBRE_CAMINO":"Puente Duqueco - Cruce Ruta Q-653","CLASIFICACION":"Camino Regional de Acceso (En Proceso de Enrolamiento)","CALZADA":"U","tmda":55.0},"geometry":{"type":"LineString","coordinates":[[-72.02385,-37.55375],[-72.02291,-37.55678],[-72.0186,-37.56038],[-72.01815,-37.56311],[-72.01974,-37.56795],[-72.01599,-37.57062],[-72.0193,-37.5781],[-72.01642,-37.57909],[-72.01743,-37.58129],[-72.01334,-37.59485],[-72.01725,-37.60883],[-72.00357,-37.61963]]}},{"id":"278","type":"Feature","properties":{"ROL":"Q-722-O","NOMBRE_CAMINO":"Cruce Q-60-O (Rere) - San Onofre - Hualqui","CLASIFICACION":"Camino Regional Comunal","CALZADA":"U","tmda":136.0},"geometry":{"type":"LineString","coordinates":[[-72.89018,-37.02091],[-72.89411,-37.01208],[-72.89617,-37.01221]]}},{"id":"279","type":"Feature","properties":{"ROL":"Q-480","NOMBRE_CAMINO":"Cruce Q-44-P (Nacimiento) - Tambillo","CLASIFICACION":"Camino Regional de Acceso (En Proceso de Enrolamiento)","CALZADA":"U","tmda":null},"geometry":{"type":"LineString","coordinates":[[-72.67237,-37.56959],[-72.67401,-37.57576],[-72.67936,-37.57933],[-72.67247,-37.58831],[-72.67291,-37.59904],[-72.67513,-37.60124],[-72.67601,-37.60604],[-72.68002,-37.60717],[-72.68328,-37.60534],[-72.68945,-37.60731],[-72.69481,-37.60723],[-72.69754,-37.61],[-72.69842,-37.61333],[-72.70184,-37.61524],[-72.70332,-37.61844],[-72.70588,-37.61833],[-72.71065,-37.6222],[-72.70915,-37.62423]]}},{"id":"280","type":"Feature","properties":{"ROL":"Q-915","NOMBRE_CAMINO":"Cruce Q-905 (Conejeros) - Tres Vientos","CLASIFICACION":"Camino Regional Comunal","CALZADA":"U","tmda":null},"geometry":{"type":"LineString","coordinates":[[-72.114,-37.91163],[-72.09957,-37.92074],[-72.0923,-37.92028],[-72.07956,-37.92295],[-72.07302,-37.92085],[-72.06868,-37.92112],[-72.06632,-37.92355],[-72.03865,-37.93717],[-72.02938,-37.94387],[-72.01906,-37.94803],[-71.98616,-37.96784],[-71.9672,-37.9756],[-71.94949,-37.97832]]}},{"id":"281","type":"Feature","properties":{"ROL":"Q-155","NOMBRE_CAMINO":"Cruce Q-105 (El Despacho) - Cruce Q-115 (Esquina Verde)","CLASIFICACION":"Camino Regional Comunal","CALZADA":"U","tmda":null},"geometry":{"type":"LineString","coordinates":[[-72.24275,-37.32447],[-72.24738,-37.32197]]}},{"id":"282","type":"Feature","properties":{"ROL":"Q-60-O","NOMBRE_CAMINO":"Cruce Ruta 146 (Cabrero) - Yumbel - Hualqui - Concepción","CLASIFICACION":"Camino Regional Principal","CALZADA":"U","tmda":709.0},"geometry":{"type":"LineString","coordinates":[[-72.93825,-37.12847],[-72.94238,-37.12522],[-72.9469,-37.11468]]}},{"id":"283","type":"Feature","properties":{"ROL":"Q-526","NOMBRE_CAMINO":"Cruce Q-516 (Paso Hondo) - San Ramón - Cruce O-550-Q (Pachagua)","CLASIFICACION":"Camino Regional Comunal","CALZADA":"U","tmda":null},"geometry":{"type":"LineString","coordinates":[[-72.52116,-36.93527],[-72.53037,-36.93604],[-72.54108,-36.93357],[-72.54786,-36.93497],[-72.55362,-36.93301],[-72.57474,-36.93757],[-72.58069,-36.93435],[-72.58963,-36.9338],[-72.59648,-36.93021],[-72.60526,-36.92964],[-72.60944,-36.93035],[-72.6106,-36.93326],[-72.61679,-36.93669],[-72.61753,-36.93916]]}},{"id":"284","type":"Feature","properties":{"ROL":"Q-772","NOMBRE_CAMINO":"Cruce Q-720 - Talpellanca - Cruce Q-720","CLASIFICACION":"Camino Regional Comunal","CALZADA":"U","tmda":null},"geometry":{"type":"LineString","coordinates":[[-72.60676,-37.21465],[-72.61304,-37.21303],[-72.61472,-37.21144],[-72.61581,-37.20586],[-72.61508,-37.20309]]}},{"id":"285","type":"Feature","properties":{"ROL":"Q-292","NOMBRE_CAMINO":"Santa Lucía - Río Culenco","CLASIFICACION":"Camino Regional de Acceso (En Proceso de Enrolamiento)","CALZADA":"U","tmda":null},"geometry":{"type":"LineString","coordinates":[[-72.79534,-37.40701],[-72.79984,-37.41191],[-72.81443,-37.40953],[-72.81573,-37.40653],[-72.81837,-37.40626],[-72.82076,-37.41517],[-72.82732,-37.41509],[-72.83463,-37.4126],[-72.83804,-37.4156]]}},{"id":"286","type":"Feature","properties":{"ROL":"Q-485","NOMBRE_CAMINO":"Cruce Q-45 (Antuco) - Balsa Polcura","CLASIFICACION":"Camino Regional de Acceso","CALZADA":"U","tmda":null},"geometry":{"type":"LineString","coordinates":[[-71.68454,-37.32846],[-71.6849,-37.32156]]}},{"id":"287","type":"Feature","properties":{"ROL":"Q-999","NOMBRE_CAMINO":"Cruce Q-965 (Polcura) - Mañihuales","CLASIFICACION":"Camino Regional de Acceso","CALZADA":"U","tmda":null},"geometry":{"type":"LineString","coordinates":[[-71.72106,-37.28689],[-71.71976,-37.28264],[-71.72462,-37.27957],[-71.72149,-37.27987],[-71.7233,-37.27776],[-71.7235,-37.27397],[-71.72756,-37.26548],[-71.73019,-37.26385],[-71.73,-37.25774],[-71.72744,-37.2508],[-71.72445,-37.25047],[-71.72362,-37.2465],[-71.72103,-37.24463],[-71.72392,-37.24121],[-71.7182,-37.23811],[-71.71911,-37.23603],[-71.71442,-37.23392],[-71.71382,-37.23063],[-71.70951,-37.22837],[-71.7041,-37.22784],[-71.70048,-37.22465],[-71.70012,-37.22259],[-71.69751,-37.22358],[-71.69445,-37.22208],[-71.68958,-37.22186],[-71.68385,-37.22494],[-71.68299,-37.22398],[-71.68377,-37.22296],[-71.67804,-37.22209]]}},{"id":"288","type":"Feature","properties":{"ROL":"Q-250","NOMBRE_CAMINO":"Cruce Q-200 (Santa Elcira) - Cruce Q-34 (Laja)\n","CLASIFICACION":"Camino Regional Comunal","CALZADA":"U","tmda":393.0},"geometry":{"type":"LineString","coordinates":[[-72.53453,-37.35159],[-72.53789,-37.35064],[-72.54626,-37.34259],[-72.55745,-37.34321]]}},{"id":"289","type":"Feature","properties":{"ROL":"Q-605","NOMBRE_CAMINO":"Cruce Q-61 (Llano Blanco) - Villucura - Cruce Q-679 (Los Maitenes)","CLASIFICACION":"Camino Regional Comunal","CALZADA":"U","tmda":81.0},"geometry":{"type":"LineString","coordinates":[[-72.04727,-37.55724],[-72.03516,-37.55419],[-72.03334,-37.55599],[-72.02646,-37.55503],[-72.01304,-37.55089],[-72.00636,-37.55199]]}},{"id":"290","type":"Feature","properties":{"ROL":"Q-705","NOMBRE_CAMINO":"Mulchén (Puente Granaderos) - Quilaco - Loncopanque - Porvenir","CLASIFICACION":"Camino Regional Provincial","CALZADA":"U","tmda":null},"geometry":{"type":"LineString","coordinates":[[-71.69194,-37.84156],[-71.68786,-37.84525],[-71.68749,-37.84816],[-71.68035,-37.85712],[-71.67762,-37.86361],[-71.67976,-37.86556],[-71.67824,-37.86782],[-71.66331,-37.87591],[-71.66163,-37.8771],[-71.66148,-37.87923],[-71.65869,-37.88012]]}},{"id":"291","type":"Feature","properties":{"ROL":"Q-458","NOMBRE_CAMINO":"Cruce Ruta 156 (Puente Nicodahue) - Cruce Q-44-P (Choroico)","CLASIFICACION":"Camino Regional Comunal","CALZADA":"U","tmda":null},"geometry":{"type":"LineString","coordinates":[[-72.74752,-37.46562],[-72.75054,-37.46525],[-72.75282,-37.46804],[-72.75686,-37.46898],[-72.76012,-37.47185],[-72.7606,-37.47422],[-72.76454,-37.47624],[-72.76597,-37.47935],[-72.77221,-37.48303],[-72.77419,-37.487],[-72.77872,-37.49039],[-72.78315,-37.49831],[-72.78673,-37.5017],[-72.79705,-37.50336],[-72.80008,-37.52786],[-72.80511,-37.53318],[-72.80926,-37.54045],[-72.8138,-37.54213],[-72.82675,-37.54107]]}},{"id":"292","type":"Feature","properties":{"ROL":"Q-213","NOMBRE_CAMINO":"Cruce Q-105 (Santa Laura) - Cruce Q-215 (Balneario El Natre)","CLASIFICACION":"Camino Regional Comunal","CALZADA":"U","tmda":1019.0},"geometry":{"type":"LineString","coordinates":[[-72.30825,-37.41056],[-72.26888,-37.40313],[-72.26855,-37.40174],[-72.26029,-37.40058],[-72.26008,-37.39904],[-72.25483,-37.39911],[-72.25454,-37.39719],[-72.24692,-37.39636]]}},{"id":"293","type":"Feature","properties":{"ROL":"Q-622","NOMBRE_CAMINO":"Cruce Q-60-O (Las Canillas) - Las Vegas de Yumbel - Cruce Q-620 (Cambrales)","CLASIFICACION":"Camino Regional Comunal","CALZADA":"U","tmda":55.0},"geometry":{"type":"LineString","coordinates":[[-72.54426,-37.09257],[-72.54354,-37.08368],[-72.54527,-37.08289],[-72.54572,-37.07476],[-72.54794,-37.06654],[-72.54629,-37.06637],[-72.54633,-37.06503],[-72.54362,-37.06304],[-72.54115,-37.05796],[-72.53018,-37.05628],[-72.53017,-37.05351]]}},{"id":"294","type":"Feature","properties":{"ROL":"Q-278","NOMBRE_CAMINO":"Cruce Q-34 (Tres Pinos) - Cruce Q-34","CLASIFICACION":"Camino Regional Comunal","CALZADA":"U","tmda":null},"geometry":{"type":"LineString","coordinates":[[-72.6704,-37.33841],[-72.67748,-37.33771],[-72.68065,-37.33143]]}},{"id":"295","type":"Feature","properties":{"ROL":"Q-599","NOMBRE_CAMINO":"Cruce Ruta 5 - Cruce Q-555 (Charrúa)","CLASIFICACION":"Camino Regional Comunal","CALZADA":"U","tmda":null},"geometry":{"type":"LineString","coordinates":[[-72.38129,-37.09051],[-72.37609,-37.09054],[-72.32523,-37.10089]]}},{"id":"296","type":"Feature","properties":{"ROL":"Q-685","NOMBRE_CAMINO":"Cruce Q-61 (Puente Huequecura) - Puente Las Basas - Cruce Q-681","CLASIFICACION":"Camino Regional Comunal","CALZADA":"U","tmda":null},"geometry":{"type":"LineString","coordinates":[[-71.83087,-37.70677],[-71.82537,-37.70687],[-71.82337,-37.70538],[-71.81418,-37.71034],[-71.8117,-37.70905],[-71.812,-37.70665],[-71.80904,-37.70709],[-71.79955,-37.70054],[-71.80015,-37.70253],[-71.79734,-37.70211],[-71.79589,-37.70397],[-71.79652,-37.70795],[-71.79184,-37.70289],[-71.78788,-37.70233],[-71.78647,-37.70391]]}},{"id":"297","type":"Feature","properties":{"ROL":"Q-469","NOMBRE_CAMINO":"Cruce Q-45 (Canteras) - Quilleco - Cruce Q-45 (Villa Mercedes)","CLASIFICACION":"Camino Regional Comunal","CALZADA":"U","tmda":1515.0},"geometry":{"type":"LineString","coordinates":[[-72.01709,-37.41245],[-72.02263,-37.42919],[-72.02624,-37.43228],[-72.02539,-37.43952],[-72.02121,-37.44547],[-72.01934,-37.45551],[-71.98493,-37.46828],[-71.97635,-37.46844]]}},{"id":"298","type":"Feature","properties":{"ROL":"Q-225","NOMBRE_CAMINO":"Cruce Q-351 (Las Corrientes) - San Gerardo - Cruce Q-351 (La Capilla)","CLASIFICACION":"Camino Regional Comunal","CALZADA":"U","tmda":null},"geometry":{"type":"LineString","coordinates":[[-72.23258,-37.4089],[-72.23451,-37.39741],[-72.22981,-37.39393],[-72.22907,-37.39072],[-72.22462,-37.38943],[-72.22475,-37.38508],[-72.20772,-37.38304],[-72.20554,-37.38154],[-72.20506,-37.37902],[-72.20105,-37.37975],[-72.18684,-37.37743],[-72.18358,-37.37432],[-72.17807,-37.37634],[-72.18118,-37.39033]]}},{"id":"299","type":"Feature","properties":{"ROL":"Q-530","NOMBRE_CAMINO":"Cruce Ruta 180 (El Ciruelo) - Río Biobío - Cruce Ruta 180 (Casas Blancas)","CLASIFICACION":"Camino Regional Comunal","CALZADA":"U","tmda":null},"geometry":{"type":"LineString","coordinates":[[-72.46027,-37.51421],[-72.4679,-37.53342],[-72.47358,-37.54327],[-72.50045,-37.5497],[-72.51361,-37.55751],[-72.51468,-37.56491],[-72.52121,-37.5663],[-72.52143,-37.56423],[-72.52631,-37.56326],[-72.52856,-37.55899],[-72.52835,-37.55645],[-72.53506,-37.55147],[-72.53475,-37.54666],[-72.53839,-37.54406]]}},{"id":"300","type":"Feature","properties":{"ROL":"Q-636","NOMBRE_CAMINO":"Cruce Ruta 146 (Tomeco) - El Parrón","CLASIFICACION":"Camino Regional de Acceso","CALZADA":"U","tmda":null},"geometry":{"type":"LineString","coordinates":[[-72.60918,-36.98952],[-72.60866,-36.99112],[-72.61076,-36.99627],[-72.60902,-36.9998],[-72.60635,-37.00166],[-72.60739,-37.00617],[-72.60442,-37.01667]]}},{"id":"301","type":"Feature","properties":{"ROL":"Q-80","NOMBRE_CAMINO":"Cruce Ruta 5 (Mulchén) - Negrete - Coihue","CLASIFICACION":"Camino Regional Principal","CALZADA":"U","tmda":3121.0},"geometry":{"type":"LineString","coordinates":[[-72.51642,-37.60208],[-72.52781,-37.58911],[-72.52864,-37.58506],[-72.5401,-37.58733],[-72.55468,-37.58608],[-72.57539,-37.58008],[-72.59242,-37.56494],[-72.59478,-37.56106]]}},{"id":"302","type":"Feature","properties":{"ROL":"Q-500","NOMBRE_CAMINO":"Cruce Ruta 146 (Cabrero) - Cruce Q-510 (Lomas de Angol)","CLASIFICACION":"Camino Regional Comunal","CALZADA":"U","tmda":null},"geometry":{"type":"LineString","coordinates":[[-72.39814,-37.02485],[-72.39726,-37.01553]]}},{"id":"303","type":"Feature","properties":{"ROL":"Q-300","NOMBRE_CAMINO":"Cruce Ruta 5 (La Mona) - Cruce Q-200 (Álamo Huacho)","CLASIFICACION":"Camino Regional Comunal","CALZADA":"U","tmda":1332.0},"geometry":{"type":"LineString","coordinates":[[-72.36752,-37.33802],[-72.37989,-37.33707],[-72.42461,-37.31193],[-72.44248,-37.32081]]}},{"id":"304","type":"Feature","properties":{"ROL":"Q-45","NOMBRE_CAMINO":"Cruce Ruta 177 (Los Ángeles) - Antuco - Laguna Laja - Paso Pichachén","CLASIFICACION":"Camino Regional Principal","CALZADA":"U","tmda":null},"geometry":{"type":"LineString","coordinates":[[-71.31376,-37.47858],[-71.30802,-37.47802],[-71.30048,-37.47969],[-71.28875,-37.49393],[-71.27949,-37.49932],[-71.25317,-37.52249],[-71.24709,-37.52562],[-71.22601,-37.5297],[-71.21427,-37.52939],[-71.20177,-37.52724],[-71.19483,-37.52347],[-71.19057,-37.52323],[-71.18115,-37.52607],[-71.16796,-37.50971],[-71.15116,-37.49925],[-71.14919,-37.49683],[-71.1472,-37.48755],[-71.14531,-37.48621],[-71.14312,-37.48096],[-71.14564,-37.4772],[-71.14646,-37.47278],[-71.14551,-37.46852],[-71.14644,-37.46406],[-71.1437,-37.45845],[-71.14229,-37.45813],[-71.14037,-37.46055],[-71.13937,-37.45833],[-71.13555,-37.46086],[-71.13508,-37.45942],[-71.13306,-37.45915],[-71.13115,-37.46075],[-71.12583,-37.46135],[-71.12542,-37.45594],[-71.12774,-37.45495],[-71.12357,-37.45392]]}},{"id":"305","type":"Feature","properties":{"ROL":"Q-987","NOMBRE_CAMINO":"Cruce Q-995 (Polcura) - La Balsa","CLASIFICACION":"Camino Regional de Acceso","CALZADA":"U","tmda":null},"geometry":{"type":"LineString","coordinates":[[-71.71829,-37.29009],[-71.71909,-37.2934],[-71.71678,-37.29398],[-71.70014,-37.31068]]}},{"id":"306","type":"Feature","properties":{"ROL":"Q-60-O","NOMBRE_CAMINO":"Cruce Ruta 146 (Cabrero) - Yumbel - Hualqui - Concepción","CLASIFICACION":"Camino Regional Principal","CALZADA":"U","tmda":6858.0},"geometry":{"type":"LineString","coordinates":[[-73.02765,-36.91822],[-73.03165,-36.91071],[-73.03124,-36.9019],[-73.03581,-36.89115]]}},{"id":"307","type":"Feature","properties":{"ROL":"Q-705","NOMBRE_CAMINO":"Mulchén (Puente Granaderos) - Quilaco - Loncopanque - Porvenir","CLASIFICACION":"Camino Regional Provincial","CALZADA":"U","tmda":1638.0},"geometry":{"type":"LineString","coordinates":[[-72.1388,-37.67275],[-72.09835,-37.68086],[-72.08579,-37.67764],[-72.07444,-37.67675],[-72.0556,-37.67845],[-72.03466,-37.68303],[-72.02559,-37.6834],[-72.02205,-37.68621],[-72.01607,-37.68796]]}},{"id":"308","type":"Feature","properties":{"ROL":"Q-825","NOMBRE_CAMINO":"Cruce Ruta 5 (Chumulco) - Maica","CLASIFICACION":"Camino Regional de Acceso","CALZADA":"U","tmda":null},"geometry":{"type":"LineString","coordinates":[[-72.28566,-37.77386],[-72.27984,-37.7799],[-72.27794,-37.78424],[-72.27833,-37.80749],[-72.28222,-37.82588],[-72.2795,-37.8353],[-72.27953,-37.84173],[-72.27684,-37.85395],[-72.2685,-37.85882],[-72.27623,-37.86726],[-72.27491,-37.87407],[-72.27671,-37.87548],[-72.27455,-37.87739],[-72.27583,-37.87785],[-72.27501,-37.87978],[-72.27379,-37.87992]]}},{"id":"309","type":"Feature","properties":{"ROL":"Q-117","NOMBRE_CAMINO":"Cruce Q-15 - Caliboro","CLASIFICACION":"Camino Regional de Acceso (En Proceso de Enrolamiento)","CALZADA":"U","tmda":null},"geometry":{"type":"LineString","coordinates":[[-72.19785,-37.28676],[-72.21258,-37.28554],[-72.22134,-37.28616],[-72.23332,-37.28305],[-72.23445,-37.28448],[-72.23935,-37.28342],[-72.24667,-37.28131],[-72.24864,-37.2753],[-72.25377,-37.26981],[-72.26187,-37.26579],[-72.27095,-37.26524],[-72.28074,-37.26643],[-72.28417,-37.26541]]}},{"id":"310","type":"Feature","properties":{"ROL":"Q-652-O","NOMBRE_CAMINO":"Cruce Q-60-O (Yumbel) - Cruce Q-60-O (Hualqui)","CLASIFICACION":"Camino Regional Provincial","CALZADA":"U","tmda":66.0},"geometry":{"type":"LineString","coordinates":[[-72.64448,-37.09661],[-72.64942,-37.09402],[-72.65199,-37.08663],[-72.65172,-37.08359],[-72.64853,-37.08171],[-72.64444,-37.07617],[-72.64882,-37.0749],[-72.65198,-37.06672],[-72.66235,-37.06161],[-72.66485,-37.05829],[-72.66885,-37.05689],[-72.67168,-37.05331],[-72.67551,-37.05225],[-72.67983,-37.05391],[-72.68632,-37.05192],[-72.68871,-37.04957],[-72.69486,-37.03644],[-72.70472,-37.03247],[-72.70775,-37.02912],[-72.71168,-37.02915],[-72.7192,-37.02158],[-72.72208,-37.01697],[-72.73029,-37.01935],[-72.7401,-37.01963],[-72.74513,-37.0191],[-72.74941,-37.01663],[-72.75457,-37.01738],[-72.76116,-37.0144],[-72.76668,-37.00691],[-72.77535,-36.99945],[-72.78027,-36.99847],[-72.79298,-37.00011],[-72.79934,-36.99957],[-72.80029,-36.99755],[-72.8019,-36.99723],[-72.80647,-36.99817],[-72.81459,-36.99539],[-72.81732,-36.99601],[-72.82705,-36.99308],[-72.82808,-36.99125],[-72.8354,-36.98849],[-72.83719,-36.98587],[-72.8366,-36.98217],[-72.83962,-36.98075],[-72.84842,-36.98267],[-72.8548,-36.98014],[-72.85615,-36.97807],[-72.85824,-36.97977],[-72.86484,-36.98008],[-72.86777,-36.97629],[-72.86894,-36.97775],[-72.87318,-36.97512],[-72.88185,-36.98008],[-72.88922,-36.97828],[-72.89419,-36.9806]]}},{"id":"311","type":"Feature","properties":{"ROL":"Q-754","NOMBRE_CAMINO":"Cruce Av. Bernardo O'Higgins (Yumbel) - Cruce Q-730 (Río Claro)","CLASIFICACION":"Camino Regional Comunal","CALZADA":"U","tmda":1011.0},"geometry":{"type":"LineString","coordinates":[[-72.62052,-37.19211],[-72.62256,-37.19553],[-72.62061,-37.20358]]}},{"id":"312","type":"Feature","properties":{"ROL":"Ruta 158","NOMBRE_CAMINO":"Rafael - Agua Amarilla","CLASIFICACION":"Camino Nacional","CALZADA":"U","tmda":null},"geometry":{"type":"LineString","coordinates":[[-72.79381,-36.64136],[-72.79887,-36.6463],[-72.80769,-36.64771],[-72.81919,-36.65715],[-72.82574,-36.65798],[-72.83154,-36.66112],[-72.8368,-36.67187],[-72.8424,-36.67378],[-72.84592,-36.67934],[-72.85625,-36.68649],[-72.85763,-36.69408],[-72.86358,-36.70209],[-72.86285,-36.70856],[-72.8599,-36.71635],[-72.86605,-36.72984]]}},{"id":"313","type":"Feature","properties":{"ROL":"Q-611","NOMBRE_CAMINO":"Cruce Ruta 5 (Enlace La Isla) - Cruce Q-619 (Acceso Norte a San Carlos de Purén)","CLASIFICACION":"Camino Regional Comunal","CALZADA":"U","tmda":null},"geometry":{"type":"LineString","coordinates":[[-72.30432,-37.55288],[-72.29893,-37.55398],[-72.28813,-37.56628],[-72.28565,-37.57013],[-72.28978,-37.57244],[-72.28195,-37.58375]]}},{"id":"314","type":"Feature","properties":{"ROL":"Q-754","NOMBRE_CAMINO":"Cruce Av. Bernardo O'Higgins (Yumbel) - Cruce Q-730 (Río Claro)","CLASIFICACION":"Camino Regional Comunal","CALZADA":"U","tmda":1011.0},"geometry":{"type":"LineString","coordinates":[[-72.59559,-37.17824],[-72.60415,-37.18132],[-72.61227,-37.1805]]}},{"id":"315","type":"Feature","properties":{"ROL":"Q-105","NOMBRE_CAMINO":"Cruce Ruta 177 (Los Ángeles) - Santa Clara - Cruce Q-119 (Salto del Laja)","CLASIFICACION":"Camino Regional Provincial","CALZADA":"U","tmda":1268.0},"geometry":{"type":"LineString","coordinates":[[-72.25127,-37.20228],[-72.26131,-37.20217],[-72.28569,-37.21186],[-72.31698,-37.21512],[-72.33302,-37.21856],[-72.34735,-37.21713]]}},{"id":"316","type":"Feature","properties":{"ROL":"Q-520","NOMBRE_CAMINO":"Cruce Ruta 5 (Paso Superior Paillihue) - Pata de Gallina - Cruce Q-530 (El Morro)","CLASIFICACION":"Camino Regional Comunal","CALZADA":"U","tmda":null},"geometry":{"type":"LineString","coordinates":[[-72.39929,-37.49371],[-72.40711,-37.50054]]}},{"id":"317","type":"Feature","properties":{"ROL":"Q-720","NOMBRE_CAMINO":"Cruce Q-768 (Puente Perales) - Cruce Q-754 (Río Claro)","CLASIFICACION":"Camino Regional Comunal","CALZADA":"U","tmda":null},"geometry":{"type":"LineString","coordinates":[[-72.53906,-37.23278],[-72.54125,-37.23391],[-72.54806,-37.22951],[-72.55955,-37.22897],[-72.57362,-37.22342],[-72.60424,-37.21621],[-72.60669,-37.2146],[-72.61553,-37.20245],[-72.62061,-37.20358]]}},{"id":"318","type":"Feature","properties":{"ROL":"Q-61","NOMBRE_CAMINO":"Cruce Ruta 177 (Los Ángeles) - Santa Bárbara - Ralco - Guallalí - Río Chaquilvín","CLASIFICACION":"Camino Regional Principal","CALZADA":"U","tmda":2104.0},"geometry":{"type":"LineString","coordinates":[[-72.3255,-37.49794],[-72.31134,-37.49768],[-72.23802,-37.52363],[-72.22053,-37.53653],[-72.20817,-37.55121],[-72.19378,-37.56191],[-72.18053,-37.56283],[-72.15548,-37.57401],[-72.14957,-37.58022],[-72.14321,-37.60054],[-72.10759,-37.62427],[-72.08081,-37.64525],[-72.06478,-37.64803],[-72.03789,-37.66491],[-72.03358,-37.66629],[-72.02345,-37.66411],[-72.0112,-37.66626],[-72.00662,-37.67031],[-71.99728,-37.67284],[-71.97997,-37.67385],[-71.94901,-37.68014],[-71.91074,-37.6912],[-71.90208,-37.69558],[-71.88603,-37.7007],[-71.86537,-37.70221],[-71.85982,-37.70115],[-71.85485,-37.70317],[-71.82448,-37.70731],[-71.82215,-37.7087],[-71.81648,-37.71747],[-71.81517,-37.72505],[-71.8068,-37.73572],[-71.80632,-37.74133],[-71.80516,-37.74275],[-71.80191,-37.74275],[-71.79442,-37.73596],[-71.79228,-37.73557],[-71.79022,-37.73829],[-71.77892,-37.74492],[-71.75837,-37.75343],[-71.75032,-37.76096],[-71.74293,-37.76515],[-71.72573,-37.77024],[-71.71056,-37.771],[-71.70135,-37.77502],[-71.69702,-37.7792],[-71.69728,-37.78251],[-71.6908,-37.79798],[-71.68364,-37.80408],[-71.67573,-37.80861],[-71.67219,-37.81624],[-71.67834,-37.82287],[-71.67614,-37.82861],[-71.67946,-37.83374],[-71.68255,-37.84256],[-71.67049,-37.85424],[-71.66422,-37.86427],[-71.65353,-37.87147],[-71.64546,-37.8744],[-71.64167,-37.87739],[-71.63879,-37.88343],[-71.63845,-37.88722],[-71.63623,-37.88945],[-71.63246,-37.89051],[-71.6305,-37.89337],[-71.62451,-37.89629],[-71.61819,-37.89623],[-71.61767,-37.89742],[-71.61382,-37.89624],[-71.61022,-37.89738],[-71.61066,-37.89962],[-71.61569,-37.90072],[-71.61412,-37.9052],[-71.6055,-37.91277],[-71.60367,-37.91122],[-71.60024,-37.91101],[-71.59736,-37.91232],[-71.59483,-37.91627],[-71.59597,-37.92025],[-71.59485,-37.92298],[-71.59228,-37.92427],[-71.58076,-37.92383]]}},{"id":"319","type":"Feature","properties":{"ROL":"Q-447","NOMBRE_CAMINO":"Cruce Q-45 (El Álamo) - Chacayal - Cruce Q-469 (Los Tableros)","CLASIFICACION":"Camino Regional Comunal","CALZADA":"U","tmda":336.0},"geometry":{"type":"LineString","coordinates":[[-72.17464,-37.44129],[-72.17116,-37.44348],[-72.16444,-37.44395]]}},{"id":"320","type":"Feature","properties":{"ROL":"Q-901-N","NOMBRE_CAMINO":"Cruce Enlace Cabrero - Colicheo - Ranchillo - Cruce Calle Esmeralda (Yungay)","CLASIFICACION":"Camino Regional Comunal","CALZADA":"U","tmda":null},"geometry":{"type":"LineString","coordinates":[[-72.3168,-37.0222],[-72.29563,-37.02721],[-72.29769,-37.032],[-72.27938,-37.03357],[-72.26615,-37.03954],[-72.26029,-37.04526],[-72.24911,-37.04742],[-72.22901,-37.06663],[-72.22108,-37.06666],[-72.20935,-37.06908]]}},{"id":"321","type":"Feature","properties":{"ROL":"Q-288","NOMBRE_CAMINO":"Cruce Q-34 (Millantú) - Cementerio - Cruce Q-34","CLASIFICACION":"Camino Regional Comunal","CALZADA":"U","tmda":null},"geometry":{"type":"LineString","coordinates":[[-72.62721,-37.39857],[-72.63124,-37.40014],[-72.64118,-37.39872],[-72.64576,-37.39494],[-72.64621,-37.39132],[-72.64553,-37.38842],[-72.63179,-37.38872],[-72.628,-37.38628]]}},{"id":"322","type":"Feature","properties":{"ROL":"Q-605","NOMBRE_CAMINO":"Cruce Q-61 (Llano Blanco) - Villucura - Cruce Q-679 (Los Maitenes)","CLASIFICACION":"Camino Regional Comunal","CALZADA":"U","tmda":165.0},"geometry":{"type":"LineString","coordinates":[[-71.90272,-37.55982],[-71.89838,-37.56079],[-71.88929,-37.56994],[-71.88494,-37.58221],[-71.87738,-37.58944],[-71.86983,-37.59353],[-71.86337,-37.60197],[-71.86267,-37.6048],[-71.85802,-37.60879],[-71.85729,-37.61137],[-71.85422,-37.61294],[-71.85386,-37.61918],[-71.8517,-37.6221],[-71.85187,-37.62708],[-71.84759,-37.63782]]}},{"id":"323","type":"Feature","properties":{"ROL":"Q-865","NOMBRE_CAMINO":"Cruce Q-805 (Las Toscas) - Monteverde","CLASIFICACION":"Camino Regional Comunal","CALZADA":"U","tmda":412.0},"geometry":{"type":"LineString","coordinates":[[-72.20453,-37.75298],[-72.18343,-37.77073],[-72.16995,-37.78538],[-72.16413,-37.80286],[-72.15657,-37.81098],[-72.1546,-37.82165],[-72.121,-37.8408],[-72.10665,-37.85617],[-72.08818,-37.86046],[-72.07638,-37.85205],[-72.07455,-37.84774]]}},{"id":"324","type":"Feature","properties":{"ROL":"Q-569","NOMBRE_CAMINO":"Cruce Ruta 5 (Las Tejas) - Pillancó","CLASIFICACION":"Camino Regional Comunal","CALZADA":"U","tmda":210.0},"geometry":{"type":"LineString","coordinates":[[-72.39157,-37.17218],[-72.36075,-37.16955]]}},{"id":"325","type":"Feature","properties":{"ROL":"Q-722-O","NOMBRE_CAMINO":"Cruce Q-60-O (Rere) - San Onofre - Hualqui","CLASIFICACION":"Camino Regional Comunal","CALZADA":"U","tmda":136.0},"geometry":{"type":"LineString","coordinates":[[-72.87159,-37.02967],[-72.87251,-37.02823],[-72.88106,-37.03138],[-72.88411,-37.02964],[-72.88592,-37.02482],[-72.89018,-37.02091]]}},{"id":"326","type":"Feature","properties":{"ROL":"Q-270","NOMBRE_CAMINO":"Cruce Ruta 180 (Arrayán) - Las Violetas","CLASIFICACION":"Camino Regional de Acceso","CALZADA":"U","tmda":null},"geometry":{"type":"LineString","coordinates":[[-72.42397,-37.48263],[-72.42405,-37.47628],[-72.42517,-37.47426],[-72.44512,-37.46676],[-72.44794,-37.45606],[-72.45398,-37.44453],[-72.46842,-37.4418]]}},{"id":"327","type":"Feature","properties":{"ROL":"Q-613","NOMBRE_CAMINO":"Cruce Q-61 (Puente Calderón) - Río Biobío","CLASIFICACION":"Camino Regional Comunal","CALZADA":"U","tmda":null},"geometry":{"type":"LineString","coordinates":[[-72.175,-37.65408],[-72.17637,-37.65527]]}},{"id":"328","type":"Feature","properties":{"ROL":"Q-481","NOMBRE_CAMINO":"Antuco - Alto Rucué","CLASIFICACION":"Camino Regional de Acceso (En Proceso de Enrolamiento)","CALZADA":"U","tmda":null},"geometry":{"type":"LineString","coordinates":[[-71.67072,-37.34601],[-71.67355,-37.35204]]}},{"id":"329","type":"Feature","properties":{"ROL":"Q-965","NOMBRE_CAMINO":"Cruce N-59-Q (Huépil) - Trupán - Cruce Q-995 (Polcura)","CLASIFICACION":"Camino Regional Comunal","CALZADA":"U","tmda":961.0},"geometry":{"type":"LineString","coordinates":[[-71.94512,-37.24684],[-71.92568,-37.23663],[-71.90415,-37.24516],[-71.9021,-37.24805],[-71.89655,-37.25017],[-71.89351,-37.25554],[-71.89004,-37.25821],[-71.87477,-37.26263],[-71.87126,-37.265],[-71.86601,-37.26421],[-71.85921,-37.26519],[-71.85004,-37.27076],[-71.8389,-37.27201],[-71.83268,-37.27745],[-71.8277,-37.27914],[-71.82101,-37.27764],[-71.81575,-37.28024],[-71.81085,-37.2872],[-71.8042,-37.28917],[-71.78786,-37.28702],[-71.77582,-37.28684],[-71.77148,-37.28528],[-71.76339,-37.28783],[-71.73162,-37.28648],[-71.71784,-37.2872]]}},{"id":"330","type":"Feature","properties":{"ROL":"Q-805","NOMBRE_CAMINO":"Cruce Q-953 (Mulchén) - Caledonia","CLASIFICACION":"Camino Regional Comunal","CALZADA":"U","tmda":443.0},"geometry":{"type":"LineString","coordinates":[[-72.21313,-37.74575],[-72.20457,-37.75285],[-72.18803,-37.75042],[-72.17047,-37.75273],[-72.15727,-37.75759],[-72.15087,-37.75861],[-72.13892,-37.75203],[-72.13007,-37.74876],[-72.11766,-37.7501],[-72.11359,-37.75206],[-72.09096,-37.77042],[-72.08322,-37.77401],[-72.05896,-37.78093],[-72.05056,-37.79091],[-72.04507,-37.79197],[-72.03485,-37.79894],[-72.02551,-37.81264],[-72.01272,-37.82264],[-72.01029,-37.82767],[-72.00897,-37.84177],[-71.99819,-37.86092],[-71.98598,-37.87527],[-71.97474,-37.88564],[-71.97238,-37.88752],[-71.96379,-37.89007]]}},{"id":"331","type":"Feature","properties":{"ROL":"Q-468","NOMBRE_CAMINO":"-","CLASIFICACION":"Sin Información","CALZADA":"U","tmda":null},"geometry":{"type":"LineString","coordinates":[[-72.74032,-37.58888],[-72.74165,-37.58908],[-72.74342,-37.58716],[-72.74588,-37.58744],[-72.74907,-37.58975],[-72.75015,-37.5925],[-72.75367,-37.59328],[-72.75916,-37.59711],[-72.76635,-37.59483],[-72.77089,-37.59725],[-72.77416,-37.59392],[-72.77924,-37.59401],[-72.78227,-37.59639],[-72.79107,-37.59396],[-72.80309,-37.59586],[-72.81066,-37.59538],[-72.8153,-37.59804],[-72.8148,-37.60111],[-72.81622,-37.60334],[-72.82163,-37.60583],[-72.82237,-37.6067],[-72.82145,-37.60812],[-72.82406,-37.60878]]}},{"id":"332","type":"Feature","properties":{"ROL":"Q-979","NOMBRE_CAMINO":"Cruce N-59-Q (Cementerio) - Cruce Q-965 (La Obra)","CLASIFICACION":"Camino Regional Comunal","CALZADA":"U","tmda":null},"geometry":{"type":"LineString","coordinates":[[-71.95217,-37.25217],[-71.92065,-37.26433],[-71.90163,-37.2687],[-71.89287,-37.27263],[-71.88935,-37.27284],[-71.88775,-37.26821],[-71.88348,-37.26797],[-71.88033,-37.26528],[-71.87132,-37.26497]]}},{"id":"333","type":"Feature","properties":{"ROL":"Q-282","NOMBRE_CAMINO":"Cruce Q-304 (Fundo Postahue) - Cruce Q-224","CLASIFICACION":"Camino Regional Comunal (En Proceso de Enrolamiento)","CALZADA":"U","tmda":null},"geometry":{"type":"LineString","coordinates":[[-72.65412,-37.3406],[-72.65454,-37.33208],[-72.65815,-37.32496]]}},{"id":"334","type":"Feature","properties":{"ROL":"Q-60-O","NOMBRE_CAMINO":"Cruce Ruta 146 (Cabrero) - Yumbel - Hualqui - Concepción","CLASIFICACION":"Camino Regional Principal","CALZADA":"U","tmda":6241.0},"geometry":{"type":"LineString","coordinates":[[-72.40133,-37.04073],[-72.43885,-37.08297],[-72.44855,-37.07993],[-72.45605,-37.07952],[-72.47424,-37.08454],[-72.50927,-37.08067],[-72.52183,-37.08147],[-72.53237,-37.08893],[-72.5478,-37.09377],[-72.55148,-37.09633],[-72.56924,-37.09807]]}},{"id":"335","type":"Feature","properties":{"ROL":"Q-705","NOMBRE_CAMINO":"Mulchén (Puente Granaderos) - Quilaco - Loncopanque - Porvenir","CLASIFICACION":"Camino Regional Provincial","CALZADA":"U","tmda":null},"geometry":{"type":"LineString","coordinates":[[-71.7366,-37.7978],[-71.73162,-37.80263],[-71.72415,-37.80721],[-71.71256,-37.82311],[-71.70599,-37.82866],[-71.69771,-37.83158],[-71.69959,-37.83237],[-71.6984,-37.83633],[-71.69365,-37.83577],[-71.69194,-37.84156]]}},{"id":"336","type":"Feature","properties":{"ROL":"Q-80","NOMBRE_CAMINO":"Cruce Ruta 5 (Mulchén) - Negrete - Coihue","CLASIFICACION":"Camino Regional Principal","CALZADA":"U","tmda":297.0},"geometry":{"type":"LineString","coordinates":[[-72.37819,-37.67889],[-72.39056,-37.66316],[-72.39591,-37.65912],[-72.40592,-37.65549]]}},{"id":"337","type":"Feature","properties":{"ROL":"Q-200","NOMBRE_CAMINO":"Cruce Ruta 5 (Los Ángeles) - María Dolores - Cruce Q-90 (Puente Perales)","CLASIFICACION":"Camino Regional Provincial","CALZADA":"U","tmda":826.0},"geometry":{"type":"LineString","coordinates":[[-72.39878,-37.44092],[-72.40257,-37.42605],[-72.42596,-37.36829]]}},{"id":"338","type":"Feature","properties":{"ROL":"Q-290","NOMBRE_CAMINO":"-","CLASIFICACION":"Camino Regional de Acceso (En Proceso de Enrolamiento)","CALZADA":"U","tmda":null},"geometry":{"type":"LineString","coordinates":[[-72.6449,-37.39585],[-72.6515,-37.39778],[-72.65274,-37.40116]]}},{"id":"339","type":"Feature","properties":{"ROL":"Q-507","NOMBRE_CAMINO":"Cruce Q-61 (Palermo) - Cruce Q-503 (San Miguel)","CLASIFICACION":"Camino Regional Comunal","CALZADA":"U","tmda":210.0},"geometry":{"type":"LineString","coordinates":[[-72.3069,-37.49926],[-72.30603,-37.49844],[-72.30775,-37.48087]]}},{"id":"340","type":"Feature","properties":{"ROL":"Q-722-O","NOMBRE_CAMINO":"Cruce Q-60-O (Rere) - San Onofre - Hualqui","CLASIFICACION":"Camino Regional Comunal","CALZADA":"U","tmda":136.0},"geometry":{"type":"LineString","coordinates":[[-72.794,-37.05065],[-72.81688,-37.04446],[-72.82013,-37.04238],[-72.8264,-37.04112],[-72.82947,-37.03839]]}},{"id":"341","type":"Feature","properties":{"ROL":"Q-470","NOMBRE_CAMINO":"-","CLASIFICACION":"Sin Información","CALZADA":"U","tmda":null},"geometry":{"type":"LineString","coordinates":[[-72.72668,-37.56017],[-72.72809,-37.56828],[-72.73622,-37.57381],[-72.73757,-37.58658],[-72.74098,-37.58982],[-72.74016,-37.59182],[-72.73215,-37.59694],[-72.73413,-37.60417],[-72.73632,-37.60674],[-72.73594,-37.60927],[-72.7469,-37.61137],[-72.74628,-37.61313],[-72.74752,-37.61523],[-72.74953,-37.61454],[-72.74953,-37.61686],[-72.75565,-37.62517],[-72.75672,-37.63407],[-72.76028,-37.63641],[-72.76224,-37.63993],[-72.76055,-37.64402],[-72.7552,-37.64497],[-72.75514,-37.64669]]}},{"id":"342","type":"Feature","properties":{"ROL":"Q-115","NOMBRE_CAMINO":"Cruce Q-105 (Puente Curanadú) - Cruce Q-105 (Salto del Laja)","CLASIFICACION":"Camino Regional Comunal","CALZADA":"U","tmda":397.0},"geometry":{"type":"LineString","coordinates":[[-72.29854,-37.35576],[-72.29899,-37.34572],[-72.30128,-37.34147],[-72.3025,-37.33508],[-72.30014,-37.3317],[-72.2993,-37.32433],[-72.30547,-37.30798],[-72.30472,-37.29898],[-72.30557,-37.29544]]}},{"id":"343","type":"Feature","properties":{"ROL":"Q-595","NOMBRE_CAMINO":"Cruce Q-97-N (El Progreso) - Cruce Q-555 (Charrúa)","CLASIFICACION":"Camino Regional Comunal","CALZADA":"U","tmda":null},"geometry":{"type":"LineString","coordinates":[[-72.2814,-37.10852],[-72.28026,-37.1096],[-72.29507,-37.10669]]}},{"id":"344","type":"Feature","properties":{"ROL":"Q-705","NOMBRE_CAMINO":"Mulchén (Puente Granaderos) - Quilaco - Loncopanque - Porvenir","CLASIFICACION":"Camino Regional Provincial","CALZADA":"U","tmda":1638.0},"geometry":{"type":"LineString","coordinates":[[-72.01607,-37.68796],[-72.01486,-37.68793],[-72.01509,-37.68418],[-72.00068,-37.68464]]}},{"id":"345","type":"Feature","properties":{"ROL":"Q-367","NOMBRE_CAMINO":"Cruce Q-45 - El Huertón","CLASIFICACION":"Camino Regional de Acceso (En Proceso de Enrolamiento)","CALZADA":"U","tmda":null},"geometry":{"type":"LineString","coordinates":[[-72.13069,-37.37288],[-72.12478,-37.37331],[-72.11547,-37.37186],[-72.09995,-37.37298],[-72.09734,-37.36655],[-72.08806,-37.36564]]}},{"id":"346","type":"Feature","properties":{"ROL":"Q-551","NOMBRE_CAMINO":"Cruce Q-575 (El Retobo) - El Hoyo - Río Cañicura","CLASIFICACION":"Camino Regional de Acceso","CALZADA":"U","tmda":null},"geometry":{"type":"LineString","coordinates":[[-71.99893,-37.51584],[-71.9892,-37.51741],[-71.97724,-37.52179],[-71.96601,-37.52187],[-71.96049,-37.51863],[-71.94835,-37.51894],[-71.94041,-37.51983],[-71.92471,-37.52467],[-71.91825,-37.52492],[-71.90786,-37.52204],[-71.9017,-37.52295],[-71.90068,-37.52494],[-71.89825,-37.52561],[-71.88007,-37.52741],[-71.8738,-37.52368],[-71.8743,-37.51994],[-71.87083,-37.51677]]}},{"id":"347","type":"Feature","properties":{"ROL":"Q-631","NOMBRE_CAMINO":"Cruce Ruta 5 (San Carlos de Purén) - Cruce Q-61 (Mañil)","CLASIFICACION":"Camino Regional Comunal","CALZADA":"U","tmda":815.0},"geometry":{"type":"LineString","coordinates":[[-72.28095,-37.59419],[-72.24769,-37.59402],[-72.2106,-37.59858]]}},{"id":"348","type":"Feature","properties":{"ROL":"Q-766","NOMBRE_CAMINO":"Cruce Q-90 - Estero Batuco","CLASIFICACION":"Camino Regional Comunal","CALZADA":"U","tmda":null},"geometry":{"type":"LineString","coordinates":[[-72.43172,-37.1752],[-72.39891,-37.19502]]}},{"id":"349","type":"Feature","properties":{"ROL":"Q-383","NOMBRE_CAMINO":"Cruce Q-45 hacia el NorOriente","CLASIFICACION":"Camino Regional Comunal (En Proceso de Enrolamiento)","CALZADA":"U","tmda":null},"geometry":{"type":"LineString","coordinates":[[-71.92414,-37.39821],[-71.92641,-37.39423],[-71.91251,-37.37915]]}},{"id":"350","type":"Feature","properties":{"ROL":"Q-889","NOMBRE_CAMINO":"Cruce Q-805 (El Aguila) - Pichibureo","CLASIFICACION":"Camino Regional de Acceso","CALZADA":"U","tmda":null},"geometry":{"type":"LineString","coordinates":[[-72.04119,-37.7947],[-72.02313,-37.78405],[-72.02308,-37.78261],[-72.01959,-37.78535],[-72.01958,-37.78292],[-72.02311,-37.78027],[-72.0169,-37.78102]]}},{"id":"351","type":"Feature","properties":{"ROL":"Q-681","NOMBRE_CAMINO":"Cruce Q-61 (Los Junquillos) - El Huachi - Quillaileo","CLASIFICACION":"Camino Regional Comunal","CALZADA":"U","tmda":488.0},"geometry":{"type":"LineString","coordinates":[[-71.7724,-37.64192],[-71.75615,-37.64337],[-71.75101,-37.64761],[-71.75035,-37.65036],[-71.74398,-37.65269],[-71.733,-37.64992],[-71.72735,-37.6506],[-71.72269,-37.64887],[-71.71463,-37.65182],[-71.70244,-37.64772],[-71.70045,-37.64528],[-71.693,-37.64228],[-71.69046,-37.63982],[-71.68214,-37.63868],[-71.67528,-37.63397],[-71.67059,-37.63249]]}},{"id":"352","type":"Feature","properties":{"ROL":"Q-449","NOMBRE_CAMINO":"Cruce Q-447 (El Bosque) - Río Pardo - Cruce Q-447 (Los Tableros)","CLASIFICACION":"Camino Regional Comunal","CALZADA":"U","tmda":248.0},"geometry":{"type":"LineString","coordinates":[[-72.09846,-37.44643],[-72.10329,-37.46561],[-72.10415,-37.47465],[-72.09582,-37.49816],[-72.09204,-37.50256],[-72.08694,-37.50343],[-72.08229,-37.50911],[-72.06349,-37.5125],[-72.051,-37.51348],[-72.04997,-37.50744],[-72.04311,-37.49636],[-72.04106,-37.49496],[-72.01934,-37.45551]]}},{"id":"353","type":"Feature","properties":{"ROL":"Q-155","NOMBRE_CAMINO":"Cruce Q-105 (El Despacho) - Cruce Q-115 (Esquina Verde)","CLASIFICACION":"Camino Regional Comunal","CALZADA":"U","tmda":null},"geometry":{"type":"LineString","coordinates":[[-72.24738,-37.32197],[-72.26873,-37.31995]]}},{"id":"354","type":"Feature","properties":{"ROL":"Q-630","NOMBRE_CAMINO":"Cruce Ruta 146 (Reunión) - Cruce Q-60-O (Yumbel)","CLASIFICACION":"Camino Regional Comunal","CALZADA":"U","tmda":2976.0},"geometry":{"type":"LineString","coordinates":[[-72.56188,-37.00081],[-72.54877,-37.02622],[-72.55069,-37.03496],[-72.55009,-37.04864],[-72.55683,-37.05491],[-72.56451,-37.06776],[-72.56585,-37.07883],[-72.5636,-37.08466],[-72.56161,-37.09728]]}},{"id":"355","type":"Feature","properties":{"ROL":"Q-465","NOMBRE_CAMINO":"Cruce Q-469 (El Molino) - Tinajón - Los Cuartos","CLASIFICACION":"Camino Regional de Acceso","CALZADA":"U","tmda":null},"geometry":{"type":"LineString","coordinates":[[-71.9338,-37.4325],[-71.91828,-37.43746],[-71.91429,-37.43599],[-71.91136,-37.43733],[-71.89439,-37.43627],[-71.87942,-37.44018],[-71.85145,-37.43757],[-71.82054,-37.44081],[-71.8161,-37.43914],[-71.81547,-37.43566],[-71.80992,-37.43529],[-71.80516,-37.43258],[-71.79741,-37.43186],[-71.79323,-37.42776],[-71.79207,-37.43038],[-71.79052,-37.42861],[-71.78281,-37.42857],[-71.77121,-37.41283]]}},{"id":"356","type":"Feature","properties":{"ROL":"Q-985","NOMBRE_CAMINO":"Cruce Q-979 (La Obra) - Cruce Q-983 (Monte Verde)","CLASIFICACION":"Camino Regional Comunal","CALZADA":"U","tmda":null},"geometry":{"type":"LineString","coordinates":[[-71.8887,-37.27199],[-71.87767,-37.27537],[-71.87572,-37.27897],[-71.87173,-37.28004],[-71.87069,-37.28326],[-71.86599,-37.28347],[-71.86266,-37.28626],[-71.86268,-37.28921],[-71.85914,-37.28931]]}},{"id":"357","type":"Feature","properties":{"ROL":"Q-605","NOMBRE_CAMINO":"Cruce Q-61 (Llano Blanco) - Villucura - Cruce Q-679 (Los Maitenes)","CLASIFICACION":"Camino Regional Comunal","CALZADA":"U","tmda":402.0},"geometry":{"type":"LineString","coordinates":[[-72.17566,-37.56493],[-72.17113,-37.56597],[-72.10748,-37.56487],[-72.1023,-37.56353],[-72.08018,-37.5641],[-72.0746,-37.56128]]}},{"id":"358","type":"Feature","properties":{"ROL":"Q-705","NOMBRE_CAMINO":"Mulchén (Puente Granaderos) - Quilaco - Loncopanque - Porvenir","CLASIFICACION":"Camino Regional Provincial","CALZADA":"U","tmda":1014.0},"geometry":{"type":"LineString","coordinates":[[-71.80682,-37.74194],[-71.78194,-37.75793],[-71.78091,-37.75919],[-71.78211,-37.76097],[-71.77449,-37.7678]]}},{"id":"359","type":"Feature","properties":{"ROL":"Q-788","NOMBRE_CAMINO":"Cruce Q-780 (Los Despachos) - Buenuraqui","CLASIFICACION":"Camino Regional de Acceso","CALZADA":"U","tmda":null},"geometry":{"type":"LineString","coordinates":[[-72.7404,-37.18401],[-72.7403,-37.18689],[-72.74161,-37.1886],[-72.74291,-37.18789],[-72.74657,-37.18923],[-72.75169,-37.19517],[-72.75437,-37.1957],[-72.7564,-37.19375],[-72.76265,-37.19567],[-72.76558,-37.19745],[-72.76916,-37.20227],[-72.77106,-37.20197]]}},{"id":"360","type":"Feature","properties":{"ROL":"Q-250","NOMBRE_CAMINO":"Cruce Q-200 (Santa Elcira) - Cruce Q-34 (Laja)\n","CLASIFICACION":"Camino Regional Comunal","CALZADA":"U","tmda":393.0},"geometry":{"type":"LineString","coordinates":[[-72.55745,-37.34321],[-72.57261,-37.34445],[-72.57879,-37.34021],[-72.58237,-37.33565],[-72.58451,-37.33035],[-72.57991,-37.31569],[-72.58016,-37.30062],[-72.58786,-37.28961],[-72.60395,-37.28508],[-72.61197,-37.28462],[-72.6113,-37.27992],[-72.6139,-37.27892],[-72.6258,-37.27756],[-72.63704,-37.27953]]}},{"id":"361","type":"Feature","properties":{"ROL":"Q-609","NOMBRE_CAMINO":"Cruce Q-605 (Villucura) - Cruce Q-561 (San Lorenzo)","CLASIFICACION":"Camino Regional Comunal","CALZADA":"U","tmda":null},"geometry":{"type":"LineString","coordinates":[[-71.91951,-37.55059],[-71.91023,-37.55294],[-71.89827,-37.55231],[-71.87692,-37.54275]]}},{"id":"362","type":"Feature","properties":{"ROL":"Q-699","NOMBRE_CAMINO":"Ralco - Trapa Trapa","CLASIFICACION":"Camino Regional de Acceso (En Proceso de Enrolamiento)","CALZADA":"U","tmda":350.0},"geometry":{"type":"LineString","coordinates":[[-71.63874,-37.88372],[-71.6382,-37.88212],[-71.63638,-37.8828]]}},{"id":"363","type":"Feature","properties":{"ROL":"Q-805","NOMBRE_CAMINO":"Cruce Q-953 (Mulchén) - Caledonia","CLASIFICACION":"Camino Regional Comunal","CALZADA":"U","tmda":443.0},"geometry":{"type":"LineString","coordinates":[[-72.22777,-37.73769],[-72.22324,-37.7423],[-72.21313,-37.74575]]}},{"id":"364","type":"Feature","properties":{"ROL":"Q-211","NOMBRE_CAMINO":"Cruce Q-351 (Godoy) - Cruce Q-213 (El Manzano)","CLASIFICACION":"Camino Regional Comunal","CALZADA":"U","tmda":null},"geometry":{"type":"LineString","coordinates":[[-72.27241,-37.42226],[-72.27211,-37.40348]]}},{"id":"365","type":"Feature","properties":{"ROL":"Q-575","NOMBRE_CAMINO":"Cruce Q-469 (Quilleco) - Cruce Q-605 (Puente Duqueco)","CLASIFICACION":"Camino Regional Comunal","CALZADA":"U","tmda":null},"geometry":{"type":"LineString","coordinates":[[-71.98391,-37.46842],[-71.98405,-37.47688]]}},{"id":"366","type":"Feature","properties":{"ROL":"Q-652-O","NOMBRE_CAMINO":"Cruce Q-60-O (Yumbel) - Cruce Q-60-O (Hualqui)","CLASIFICACION":"Camino Regional Provincial","CALZADA":"U","tmda":null},"geometry":{"type":"LineString","coordinates":[[-72.89419,-36.9806],[-72.89654,-36.9804],[-72.90123,-36.97714],[-72.90843,-36.97939],[-72.92111,-36.97382],[-72.93099,-36.97369],[-72.94007,-36.97119]]}},{"id":"367","type":"Feature","properties":{"ROL":"Q-511","NOMBRE_CAMINO":"Cruce Q-543 - Santa Laura","CLASIFICACION":"Camino Regional de Acceso","CALZADA":"U","tmda":null},"geometry":{"type":"LineString","coordinates":[[-72.16872,-37.4912],[-72.15955,-37.49122]]}},{"id":"368","type":"Feature","properties":{"ROL":"Q-744","NOMBRE_CAMINO":"Cruce Q-754 (Cancha El Parrón) - Cruce Q-758 (Cerro Parra)","CLASIFICACION":"Camino Regional Comunal","CALZADA":"U","tmda":null},"geometry":{"type":"LineString","coordinates":[[-72.58068,-37.14946],[-72.59411,-37.14961],[-72.60588,-37.1477]]}},{"id":"369","type":"Feature","properties":{"ROL":"Q-484","NOMBRE_CAMINO":"Coihue - Tambillo","CLASIFICACION":"Camino Regional de Acceso (En Proceso de Enrolamiento)","CALZADA":"U","tmda":null},"geometry":{"type":"LineString","coordinates":[[-72.6076,-37.55719],[-72.62769,-37.55732]]}},{"id":"370","type":"Feature","properties":{"ROL":"Q-284","NOMBRE_CAMINO":"Cruce Q-34 (Santa Fé) - Río Biobío","CLASIFICACION":"Camino Regional de Acceso","CALZADA":"U","tmda":966.0},"geometry":{"type":"LineString","coordinates":[[-72.583,-37.46647],[-72.60555,-37.46677],[-72.62939,-37.46528],[-72.63741,-37.46849]]}},{"id":"371","type":"Feature","properties":{"ROL":"Q-835","NOMBRE_CAMINO":"Cruce Q-955 (Las Fincas) - Cruce Q-955 (El Peumal)","CLASIFICACION":"Camino Regional Comunal","CALZADA":"U","tmda":null},"geometry":{"type":"LineString","coordinates":[[-72.24061,-37.78095],[-72.22544,-37.78974],[-72.21538,-37.7903],[-72.20134,-37.80893],[-72.19659,-37.81029],[-72.20181,-37.829],[-72.20755,-37.83226],[-72.21015,-37.83802]]}},{"id":"372","type":"Feature","properties":{"ROL":"Q-165","NOMBRE_CAMINO":"La Esperanza - Totoral Casas Viejas","CLASIFICACION":"Camino Regional de Acceso (En Proceso de Enrolamiento)","CALZADA":"U","tmda":null},"geometry":{"type":"LineString","coordinates":[[-72.22744,-37.30344],[-72.25171,-37.29766],[-72.25482,-37.29544],[-72.26484,-37.29483],[-72.26911,-37.29741],[-72.27096,-37.30041],[-72.27621,-37.30142],[-72.28251,-37.29915],[-72.28032,-37.29339],[-72.30556,-37.29027]]}},{"id":"373","type":"Feature","properties":{"ROL":"Q-561","NOMBRE_CAMINO":"Cruce Q-469 (Cementerio Quilleco) - Cañicura - Los Prados","CLASIFICACION":"Camino Regional Comunal","CALZADA":"U","tmda":545.0},"geometry":{"type":"LineString","coordinates":[[-71.95512,-37.46385],[-71.9484,-37.46676],[-71.93603,-37.46569],[-71.91849,-37.46766],[-71.90064,-37.47526],[-71.84626,-37.48863],[-71.84386,-37.49262],[-71.83762,-37.49082],[-71.83114,-37.49167],[-71.82503,-37.49458],[-71.81705,-37.50066],[-71.80937,-37.50263],[-71.78001,-37.50384],[-71.77121,-37.50888],[-71.75684,-37.50861],[-71.74951,-37.50679],[-71.74286,-37.50875],[-71.73702,-37.50822],[-71.73187,-37.51167],[-71.72604,-37.51358],[-71.71867,-37.52029],[-71.71432,-37.52199],[-71.70957,-37.52687],[-71.70538,-37.52759],[-71.70207,-37.52987],[-71.69799,-37.52951]]}},{"id":"374","type":"Feature","properties":{"ROL":"Q-620","NOMBRE_CAMINO":"Cruce Q-60-O (Puente La Obra) - Petagorda - Cruce Q-630 (Reunión)","CLASIFICACION":"Camino Regional Comunal","CALZADA":"U","tmda":null},"geometry":{"type":"LineString","coordinates":[[-72.51267,-37.08077],[-72.51204,-37.07898],[-72.51365,-37.07558],[-72.51239,-37.06857],[-72.51666,-37.06581],[-72.51826,-37.06238],[-72.52371,-37.05959],[-72.53454,-37.05047],[-72.5342,-37.04599],[-72.53752,-37.04485],[-72.54712,-37.04479],[-72.54833,-37.04789],[-72.55009,-37.04864]]}},{"id":"375","type":"Feature","properties":{"ROL":"Q-779","NOMBRE_CAMINO":"Cruce Q-61 (El Piulo) - Q-705 (Los Callejones)","CLASIFICACION":"Camino Regional Comunal","CALZADA":"U","tmda":null},"geometry":{"type":"LineString","coordinates":[[-71.82615,-37.70758],[-71.82317,-37.70859]]}},{"id":"376","type":"Feature","properties":{"ROL":"Q-500","NOMBRE_CAMINO":"Cruce Ruta 146 (Cabrero) - Cruce Q-510 (Lomas de Angol)","CLASIFICACION":"Camino Regional Comunal","CALZADA":"U","tmda":null},"geometry":{"type":"LineString","coordinates":[[-72.40553,-36.99207],[-72.40844,-36.99147],[-72.41021,-36.99391],[-72.41176,-36.99378],[-72.42971,-36.98865],[-72.43361,-36.99302],[-72.44157,-36.99134]]}},{"id":"377","type":"Feature","properties":{"ROL":"Q-115","NOMBRE_CAMINO":"Cruce Q-105 (Puente Curanadú) - Cruce Q-105 (Salto del Laja)","CLASIFICACION":"Camino Regional Comunal","CALZADA":"U","tmda":397.0},"geometry":{"type":"LineString","coordinates":[[-72.30796,-37.25667],[-72.30844,-37.25419],[-72.31455,-37.24743],[-72.31144,-37.23866],[-72.3193,-37.23904],[-72.34474,-37.23301],[-72.35865,-37.23407],[-72.37163,-37.22729],[-72.3733,-37.22349]]}},{"id":"378","type":"Feature","properties":{"ROL":"Q-644","NOMBRE_CAMINO":"Cruce Q-632 (Rinconada del Valiente) - El Parral - Cruce Q-632","CLASIFICACION":"Camino Regional Comunal","CALZADA":"U","tmda":null},"geometry":{"type":"LineString","coordinates":[[-72.73413,-36.97455],[-72.73976,-36.97398],[-72.75092,-36.97994],[-72.7523,-36.98191],[-72.75056,-36.98302],[-72.75177,-36.98587],[-72.74949,-36.98915],[-72.74258,-36.98882],[-72.73846,-36.99097],[-72.73423,-36.99111]]}},{"id":"379","type":"Feature","properties":{"ROL":"Q-779","NOMBRE_CAMINO":"Cruce Q-61 (El Piulo) - Q-705 (Los Callejones)","CLASIFICACION":"Camino Regional Comunal","CALZADA":"U","tmda":null},"geometry":{"type":"LineString","coordinates":[[-71.82317,-37.70859],[-71.82599,-37.70967],[-71.83113,-37.72145]]}},{"id":"380","type":"Feature","properties":{"ROL":"Q-503","NOMBRE_CAMINO":"Cruce Ruta 177 (Socabío) - El Peral - Cruce Q-447 (Escuela Chacayal Sur)","CLASIFICACION":"Camino Regional Comunal","CALZADA":"U","tmda":null},"geometry":{"type":"LineString","coordinates":[[-72.15667,-37.46933],[-72.15252,-37.46708],[-72.15198,-37.46291],[-72.14899,-37.46302],[-72.14837,-37.4597],[-72.14324,-37.45991],[-72.14079,-37.44697]]}},{"id":"381","type":"Feature","properties":{"ROL":"Q-730","NOMBRE_CAMINO":"Cruce Q-754 (Río Claro) - Turquía - San Rosendo (Plaza de Armas)","CLASIFICACION":"Camino Regional Comunal","CALZADA":"U","tmda":null},"geometry":{"type":"LineString","coordinates":[[-72.62332,-37.20574],[-72.63766,-37.21318],[-72.64428,-37.2247],[-72.65152,-37.23097],[-72.65338,-37.23133]]}},{"id":"382","type":"Feature","properties":{"ROL":"Q-752","NOMBRE_CAMINO":"Cruce Av. Bernardo O'Higgins (Yumbel) - Cruce Q-754","CLASIFICACION":"Camino Regional Comunal","CALZADA":"U","tmda":null},"geometry":{"type":"LineString","coordinates":[[-72.55958,-37.10524],[-72.56103,-37.10555],[-72.56719,-37.11656],[-72.57001,-37.11703],[-72.57151,-37.12172],[-72.57587,-37.12379],[-72.57682,-37.12547],[-72.56756,-37.12821]]}},{"id":"383","type":"Feature","properties":{"ROL":"Q-481","NOMBRE_CAMINO":"Antuco - Alto Rucué","CLASIFICACION":"Camino Regional de Acceso (En Proceso de Enrolamiento)","CALZADA":"U","tmda":null},"geometry":{"type":"LineString","coordinates":[[-71.67667,-37.3332],[-71.67469,-37.33599]]}},{"id":"384","type":"Feature","properties":{"ROL":"Q-97-N","NOMBRE_CAMINO":"Cruce Ruta 5 (Cabrero) - Cholguán - Cruce N-59-Q (Yungay)","CLASIFICACION":"Camino Regional Principal","CALZADA":"U","tmda":3706.0},"geometry":{"type":"LineString","coordinates":[[-72.36784,-37.04219],[-72.30574,-37.08399],[-72.28363,-37.107],[-72.26437,-37.11328]]}},{"id":"385","type":"Feature","properties":{"ROL":"Q-110","NOMBRE_CAMINO":"Cruce Ruta 5 (Paso Superior) - El Pino - Cruce Q-300 (Los Troncos)","CLASIFICACION":"Camino Regional Comunal","CALZADA":"U","tmda":690.0},"geometry":{"type":"LineString","coordinates":[[-72.42719,-37.28249],[-72.42877,-37.30932],[-72.42394,-37.31211]]}},{"id":"386","type":"Feature","properties":{"ROL":"Q-524","NOMBRE_CAMINO":"Cruce Q-520 (Campamento Canalistas) - La Isla","CLASIFICACION":"Camino Regional de Acceso","CALZADA":"U","tmda":null},"geometry":{"type":"LineString","coordinates":[[-72.40596,-37.5003],[-72.40991,-37.50435],[-72.40948,-37.51039],[-72.41287,-37.51198],[-72.41426,-37.5173],[-72.41255,-37.51784],[-72.41264,-37.5356],[-72.42918,-37.53842],[-72.43085,-37.53544]]}},{"id":"387","type":"Feature","properties":{"ROL":"Q-650","NOMBRE_CAMINO":"Cruce Ruta 5 (Licura) - Munilque - Cruce Q-80 (Negrete)","CLASIFICACION":"Camino Regional Provincial","CALZADA":"U","tmda":null},"geometry":{"type":"LineString","coordinates":[[-72.32469,-37.63894],[-72.35798,-37.62895],[-72.37464,-37.62718],[-72.38779,-37.62272],[-72.39862,-37.62085],[-72.42608,-37.58754],[-72.42648,-37.58157]]}},{"id":"388","type":"Feature","properties":{"ROL":"Q-365","NOMBRE_CAMINO":"Cruce Q-45 (Chacayal) - Cruce Q-351 (San José)","CLASIFICACION":"Camino Regional Comunal","CALZADA":"U","tmda":null},"geometry":{"type":"LineString","coordinates":[[-72.14613,-37.40615],[-72.14127,-37.40437],[-72.13819,-37.38834],[-72.13672,-37.38804],[-72.13634,-37.38578],[-72.14634,-37.38314]]}},{"id":"389","type":"Feature","properties":{"ROL":"Q-97-N","NOMBRE_CAMINO":"Cruce Ruta 5 (Cabrero) - Cholguán - Cruce N-59-Q (Yungay)","CLASIFICACION":"Camino Regional Principal","CALZADA":"U","tmda":4526.0},"geometry":{"type":"LineString","coordinates":[[-72.37126,-37.04154],[-72.36784,-37.04219]]}},{"id":"390","type":"Feature","properties":{"ROL":"Q-280","NOMBRE_CAMINO":"Cruce Q-34 (Tres Pinos) - Cruce Q-282 (Chorrillo)","CLASIFICACION":"Camino Regional Comunal","CALZADA":"U","tmda":null},"geometry":{"type":"LineString","coordinates":[[-72.6704,-37.33841],[-72.66121,-37.34095],[-72.65418,-37.3406]]}},{"id":"391","type":"Feature","properties":{"ROL":"Q-61","NOMBRE_CAMINO":"Cruce Ruta 177 (Los Ángeles) - Santa Bárbara - Ralco - Guallalí - Río Chaquilvín","CLASIFICACION":"Camino Regional Principal","CALZADA":"U","tmda":null},"geometry":{"type":"LineString","coordinates":[[-71.27539,-38.04517],[-71.2788,-38.05228],[-71.28163,-38.05458],[-71.2813,-38.05587]]}},{"id":"392","type":"Feature","properties":{"ROL":"Q-722-O","NOMBRE_CAMINO":"Cruce Q-60-O (Rere) - San Onofre - Hualqui","CLASIFICACION":"Camino Regional Comunal","CALZADA":"U","tmda":136.0},"geometry":{"type":"LineString","coordinates":[[-72.76958,-37.0586],[-72.77286,-37.05502],[-72.78423,-37.05212],[-72.78679,-37.05402],[-72.78896,-37.05162],[-72.79188,-37.0521],[-72.79114,-37.05064],[-72.794,-37.05065]]}},{"id":"393","type":"Feature","properties":{"ROL":"Q-473","NOMBRE_CAMINO":"Cruce Q-469 (Puente Coreo) - Cruce Q-471 (Cauquenes)","CLASIFICACION":"Camino Regional Comunal","CALZADA":"U","tmda":null},"geometry":{"type":"LineString","coordinates":[[-71.93458,-37.43028],[-71.93215,-37.42162],[-71.92409,-37.41291]]}},{"id":"394","type":"Feature","properties":{"ROL":"URBQ544","NOMBRE_CAMINO":"Bernardo O'Higgins - Goycolea - Bernardo O'Higgins - José Toulet - Av. Perales - 20 de Enero - Tucapel","CLASIFICACION":"Sin Información","CALZADA":"U","tmda":null},"geometry":{"type":"LineString","coordinates":[[-72.55397,-37.12103],[-72.5528,-37.11822],[-72.55262,-37.10927],[-72.55623,-37.10482],[-72.56277,-37.08141],[-72.56564,-37.07688]]}},{"id":"395","type":"Feature","properties":{"ROL":"Q-509","NOMBRE_CAMINO":"Cruce Q-61 (Las Higueras) - Las Ranchas - Cruce Q-503 (El Peral)","CLASIFICACION":"Camino Regional Comunal","CALZADA":"U","tmda":null},"geometry":{"type":"LineString","coordinates":[[-72.21007,-37.49667],[-72.21348,-37.49645],[-72.2158,-37.48489]]}},{"id":"396","type":"Feature","properties":{"ROL":"URBO882","NOMBRE_CAMINO":"Lautaro","CLASIFICACION":"Camino Regional Comunal (Conexión Vial Urbana)","CALZADA":"U","tmda":null},"geometry":{"type":"LineString","coordinates":[[-72.95706,-37.1636],[-72.93766,-37.1757]]}},{"id":"397","type":"Feature","properties":{"ROL":"URBO480","NOMBRE_CAMINO":"Fuerte Borgoño - Caleta Tumbes","CLASIFICACION":"Camino Regional Comunal (Conexión Vial Urbana)","CALZADA":"U","tmda":null},"geometry":{"type":"LineString","coordinates":[[-73.10892,-36.67557],[-73.11039,-36.67139],[-73.10711,-36.66593],[-73.1097,-36.66014],[-73.10512,-36.65244],[-73.10677,-36.64699],[-73.10496,-36.64595],[-73.10253,-36.64666],[-73.09526,-36.64359],[-73.09361,-36.64172],[-73.09364,-36.63945],[-73.09196,-36.63843]]}},{"id":"398","type":"Feature","properties":{"ROL":"URBO070","NOMBRE_CAMINO":"Irarrázabal","CLASIFICACION":"Camino Regional Comunal (Conexión Vial Urbana)","CALZADA":"U","tmda":null},"geometry":{"type":"LineString","coordinates":[[-72.94278,-37.18427],[-72.94149,-37.17936],[-72.93766,-37.1757]]}},{"id":"399","type":"Feature","properties":{"ROL":"URBO458","NOMBRE_CAMINO":"Puente Llacolén y Avenida Los Carrera","CLASIFICACION":"Camino Regional Comunal (Conexión Vial Urbana)","CALZADA":"U","tmda":null},"geometry":{"type":"LineString","coordinates":[[-73.06074,-36.82696],[-73.09015,-36.839]]}},{"id":"400","type":"Feature","properties":{"ROL":"URBO840","NOMBRE_CAMINO":"Cruce Ruta 160 - Acceso Sur al Puerto de Coronel","CLASIFICACION":"Camino Regional Comunal (Conexión Vial Urbana)","CALZADA":"U","tmda":null},"geometry":{"type":"LineString","coordinates":[[-73.14187,-37.04555],[-73.14412,-37.04407],[-73.14468,-37.03965]]}},{"id":"401","type":"Feature","properties":{"ROL":"URBO454","NOMBRE_CAMINO":"Puente Chacabuco y Chacabuco","CLASIFICACION":"Camino Regional Comunal (Conexión Vial Urbana)","CALZADA":"U","tmda":null},"geometry":{"type":"LineString","coordinates":[[-73.05637,-36.83396],[-73.0769,-36.84317]]}},{"id":"402","type":"Feature","properties":{"ROL":"S/R-Q-761","NOMBRE_CAMINO":"Cruce Q-751 (El Triángulo) - Pichibureo","CLASIFICACION":"Sin Información","CALZADA":"U","tmda":null},"geometry":{"type":"LineString","coordinates":[[-72.0042,-37.76579],[-72.00749,-37.77293],[-72.01341,-37.77259],[-72.01782,-37.77629],[-72.01433,-37.77882],[-72.01702,-37.77847],[-72.01599,-37.78016],[-72.01324,-37.78025]]}},{"id":"403","type":"Feature","properties":{"ROL":"Q-509","NOMBRE_CAMINO":"Cruce Q-61 (Las Higueras) - Las Ranchas - Cruce Q-503 (El Peral)","CLASIFICACION":"Camino Regional Comunal","CALZADA":"U","tmda":null},"geometry":{"type":"LineString","coordinates":[[-72.18311,-37.51013],[-72.18296,-37.5002],[-72.19225,-37.50061],[-72.19154,-37.49777]]}},{"id":"404","type":"Feature","properties":{"ROL":"URBQ544","NOMBRE_CAMINO":"Bernardo O'Higgins - Goycolea - Bernardo O'Higgins - José Toulet - Av. Perales - 20 de Enero - Tucapel","CLASIFICACION":"Sin Información","CALZADA":"U","tmda":null},"geometry":{"type":"LineString","coordinates":[[-72.54156,-37.1475],[-72.54202,-37.1467],[-72.54043,-37.14594],[-72.54729,-37.13162],[-72.55397,-37.12103]]}},{"id":"405","type":"Feature","properties":{"ROL":"URBRU151","NOMBRE_CAMINO":"Ruta Interportuaria","CLASIFICACION":"Camino Nacional (Conexión Vial Urbana)","CALZADA":"U","tmda":null},"geometry":{"type":"LineString","coordinates":[[-73.00135,-36.75441],[-73.00453,-36.75419],[-73.01673,-36.75962],[-73.02071,-36.7596],[-73.04204,-36.7529],[-73.04773,-36.74098],[-73.05544,-36.73602],[-73.06996,-36.73355],[-73.08251,-36.73379],[-73.09616,-36.73136],[-73.10728,-36.7326],[-73.10862,-36.73185]]}},{"id":"406","type":"Feature","properties":{"ROL":"Q-134","NOMBRE_CAMINO":"Cruce Q-34 (El Ciruelo) - Cruce Q-34 (Las Quilas)","CLASIFICACION":"Camino Regional Comunal","CALZADA":"U","tmda":null},"geometry":{"type":"LineString","coordinates":[[-72.47927,-37.47457],[-72.51162,-37.46409],[-72.54712,-37.46395],[-72.56623,-37.46645]]}},{"id":"407","type":"Feature","properties":{"ROL":"Q-509","NOMBRE_CAMINO":"Cruce Q-61 (Las Higueras) - Las Ranchas - Cruce Q-503 (El Peral)","CLASIFICACION":"Camino Regional Comunal","CALZADA":"U","tmda":null},"geometry":{"type":"LineString","coordinates":[[-72.20229,-37.51897],[-72.19653,-37.51773],[-72.19672,-37.51356],[-72.18325,-37.51259]]}},{"id":"408","type":"Feature","properties":{"ROL":"S/R-Q-857","NOMBRE_CAMINO":"Cruce Q-805 (Los Chenques) - Antumalal","CLASIFICACION":"Sin Información","CALZADA":"U","tmda":null},"geometry":{"type":"LineString","coordinates":[[-72.00255,-37.85424],[-71.99859,-37.85729],[-71.99897,-37.85646],[-71.98987,-37.85928],[-71.98084,-37.86723],[-71.97185,-37.86825],[-71.9692,-37.87248],[-71.96416,-37.87146],[-71.95932,-37.87303],[-71.956,-37.87588],[-71.94321,-37.88147],[-71.93717,-37.8864],[-71.92283,-37.88707],[-71.91599,-37.88947],[-71.90685,-37.89856]]}},{"id":"409","type":"Feature","properties":{"ROL":"S/R-N-224","NOMBRE_CAMINO":"Cruce Ruta 126 S (Tropezón) - Pirumávida - El Ajenjo","CLASIFICACION":"Camino Regional Provincial (En Proceso de Enrolamiento)","CALZADA":"U","tmda":null},"geometry":{"type":"LineString","coordinates":[[-72.80076,-36.50944],[-72.80705,-36.51032],[-72.81153,-36.5156],[-72.81488,-36.51616],[-72.82239,-36.51059],[-72.82164,-36.50677],[-72.82885,-36.50448],[-72.82881,-36.50238],[-72.82682,-36.50039],[-72.82832,-36.4979],[-72.82606,-36.48126],[-72.83047,-36.47836],[-72.83016,-36.47688]]}},{"id":"410","type":"Feature","properties":{"ROL":"Ruta 126 S","NOMBRE_CAMINO":"Ruta Los Conquistadores, Sector: Límite Regional (Puente La Raya) - Tomé","CLASIFICACION":"Camino Nacional","CALZADA":"U","tmda":916.0},"geometry":{"type":"LineString","coordinates":[[-72.77749,-36.62418],[-72.78542,-36.63048],[-72.78888,-36.63601],[-72.79548,-36.63709],[-72.79874,-36.64013],[-72.80518,-36.64138],[-72.812,-36.63916],[-72.81725,-36.63546],[-72.81909,-36.639],[-72.82255,-36.64053],[-72.82871,-36.63937],[-72.83237,-36.64112],[-72.84396,-36.64012],[-72.85229,-36.63475],[-72.85469,-36.62894],[-72.86507,-36.62657],[-72.87166,-36.62035],[-72.87488,-36.61918],[-72.87948,-36.61967],[-72.88376,-36.61721],[-72.88628,-36.61412],[-72.88931,-36.61497],[-72.89374,-36.61394],[-72.89806,-36.61534],[-72.90069,-36.61466],[-72.90108,-36.61329],[-72.90745,-36.61454],[-72.9099,-36.61356],[-72.91127,-36.61517],[-72.92004,-36.6169],[-72.9287,-36.616],[-72.93051,-36.61669],[-72.93159,-36.62009],[-72.9344,-36.62251],[-72.94039,-36.6235]]}},{"id":"411","type":"Feature","properties":{"ROL":"S/R-Q-565","NOMBRE_CAMINO":"Cruce Q-561 (Cañileo) - Ramadilla","CLASIFICACION":"Sin Información","CALZADA":"U","tmda":null},"geometry":{"type":"LineString","coordinates":[[-71.82031,-37.49831],[-71.81831,-37.48749],[-71.8143,-37.48105],[-71.80585,-37.4814],[-71.7988,-37.48992],[-71.7919,-37.49246],[-71.78703,-37.49266],[-71.7715,-37.48963],[-71.75382,-37.49253],[-71.74651,-37.49122]]}},{"id":"412","type":"Feature","properties":{"ROL":"O-574-N","NOMBRE_CAMINO":"Cruce O-540 (San Antonio) - Chancal Bajo - Chancal Alto - Paso Hondo","CLASIFICACION":"Camino Regional Comunal","CALZADA":"U","tmda":null},"geometry":{"type":"LineString","coordinates":[[-72.66457,-36.87241],[-72.6561,-36.87993],[-72.65738,-36.88241],[-72.64944,-36.88769]]}},{"id":"413","type":"Feature","properties":{"ROL":"S/R-Q-663","NOMBRE_CAMINO":"Cruce Q-61 (Comunidad Callaqui) - Balsa de Callaqui","CLASIFICACION":"Sin Información","CALZADA":"U","tmda":null},"geometry":{"type":"LineString","coordinates":[[-71.68087,-37.8369],[-71.68539,-37.83761],[-71.69034,-37.84141]]}},{"id":"414","type":"Feature","properties":{"ROL":"O-760","NOMBRE_CAMINO":"Variante Estero Negro","CLASIFICACION":"Camino Regional de Acceso (En Proceso de Enrolamiento)","CALZADA":"U","tmda":null},"geometry":{"type":"LineString","coordinates":[[-72.69188,-37.13559],[-72.69582,-37.13542],[-72.7043,-37.1377],[-72.70793,-37.13189],[-72.7092,-37.13165]]}},{"id":"415","type":"Feature","properties":{"ROL":"O-760","NOMBRE_CAMINO":"Variante Estero Negro","CLASIFICACION":"Camino Regional de Acceso (En Proceso de Enrolamiento)","CALZADA":"U","tmda":null},"geometry":{"type":"LineString","coordinates":[[-72.67423,-37.10745],[-72.67201,-37.10896],[-72.67334,-37.12211],[-72.67891,-37.1256],[-72.68391,-37.12679],[-72.69188,-37.13559]]}},{"id":"416","type":"Feature","properties":{"ROL":"Q-615","NOMBRE_CAMINO":"Estero Las Diucas - Santa Adriana","CLASIFICACION":"Camino Regional Comunal (En Proceso de Enrolamiento)","CALZADA":"U","tmda":null},"geometry":{"type":"LineString","coordinates":[[-72.16969,-37.68876],[-72.12902,-37.69375],[-72.11777,-37.69649],[-72.10045,-37.71014],[-72.08821,-37.71006],[-72.08074,-37.71924],[-72.06937,-37.72909]]}},{"id":"417","type":"Feature","properties":{"ROL":"Q-615","NOMBRE_CAMINO":"Calderones - Puente Duqueco","CLASIFICACION":"Camino Regional Comunal (En Proceso de Enrolamiento)","CALZADA":"U","tmda":null},"geometry":{"type":"LineString","coordinates":[[-72.07561,-37.57489],[-72.06474,-37.56957],[-72.05231,-37.56546],[-72.05235,-37.56389],[-72.03909,-37.55913],[-72.03408,-37.55597]]}},{"id":"418","type":"Feature","properties":{"ROL":"Q-615","NOMBRE_CAMINO":"Calderones - Puente Duqueco","CLASIFICACION":"Camino Regional Comunal (En Proceso de Enrolamiento)","CALZADA":"U","tmda":null},"geometry":{"type":"LineString","coordinates":[[-72.14865,-37.58649],[-72.14156,-37.5873],[-72.13582,-37.58635],[-72.12218,-37.59223],[-72.11738,-37.59194],[-72.10228,-37.58773],[-72.09622,-37.58743],[-72.078,-37.58328],[-72.07897,-37.57887],[-72.07718,-37.5761]]}},{"id":"419","type":"Feature","properties":{"ROL":"Q-619","NOMBRE_CAMINO":"Cruce Ruta 5 - San Carlos de Purén - Cruce Ruta 5","CLASIFICACION":"Camino Regional Comunal","CALZADA":"U","tmda":null},"geometry":{"type":"LineString","coordinates":[[-72.28327,-37.5818],[-72.27805,-37.59031],[-72.27889,-37.61437]]}},{"id":"420","type":"Feature","properties":{"ROL":"Q-619","NOMBRE_CAMINO":"El Peral - Río Bio-bio","CLASIFICACION":"Camino Regional Comunal (En Proceso de Enrolamiento)","CALZADA":"U","tmda":null},"geometry":{"type":"LineString","coordinates":[[-72.18364,-37.69363],[-72.17996,-37.68061],[-72.17806,-37.66674],[-72.1756,-37.66353]]}},{"id":"421","type":"Feature","properties":{"ROL":"S/R-Q-462","NOMBRE_CAMINO":"Puente Nicodahue - Meñir","CLASIFICACION":"Sin Información","CALZADA":"U","tmda":null},"geometry":{"type":"LineString","coordinates":[[-72.74752,-37.46562],[-72.74842,-37.4684],[-72.75313,-37.47134],[-72.75612,-37.47147],[-72.75798,-37.4744],[-72.7642,-37.47825],[-72.76551,-37.48041],[-72.77138,-37.48355],[-72.77914,-37.49351],[-72.78161,-37.50119],[-72.78797,-37.50425],[-72.7869,-37.51338],[-72.78758,-37.52297],[-72.78573,-37.53158],[-72.78885,-37.53568],[-72.78888,-37.53902],[-72.78742,-37.54075]]}},{"id":"422","type":"Feature","properties":{"ROL":"S/R-Q-462","NOMBRE_CAMINO":"Puente Nicodahue - Meñir","CLASIFICACION":"Sin Información","CALZADA":"U","tmda":null},"geometry":{"type":"LineString","coordinates":[[-72.81656,-37.54804],[-72.82307,-37.54717],[-72.82154,-37.54789],[-72.82294,-37.55177],[-72.82692,-37.5517],[-72.83321,-37.55401],[-72.83381,-37.55616],[-72.83036,-37.55794],[-72.83096,-37.56167],[-72.8362,-37.5632],[-72.83524,-37.56553],[-72.83345,-37.56635],[-72.83446,-37.56745],[-72.82905,-37.56824],[-72.82768,-37.57055],[-72.82927,-37.57316],[-72.82868,-37.57555],[-72.83309,-37.57811],[-72.8373,-37.57858],[-72.83917,-37.58203],[-72.84131,-37.58292],[-72.83913,-37.58562],[-72.83884,-37.58855],[-72.83635,-37.59054],[-72.83646,-37.5928]]}},{"id":"423","type":"Feature","properties":{"ROL":"Q-573-N","NOMBRE_CAMINO":"Cruce Q-97-N (Cholguán) - Pangal del Laja - Cruce Q-119 (Escuela Saltos del Laja)","CLASIFICACION":"Camino Regional Comunal","CALZADA":"U","tmda":null},"geometry":{"type":"LineString","coordinates":[[-72.27583,-37.18408],[-72.29796,-37.18506],[-72.30649,-37.18662],[-72.31042,-37.18558],[-72.3121,-37.18776],[-72.31443,-37.19736],[-72.32292,-37.19634],[-72.33404,-37.199]]}},{"id":"424","type":"Feature","properties":{"ROL":"Q-573-N","NOMBRE_CAMINO":"Cruce Q-97-N (Cholguán) - Pangal del Laja - Cruce Q-119 (Escuela Saltos del Laja)","CLASIFICACION":"Camino Regional Comunal","CALZADA":"U","tmda":null},"geometry":{"type":"LineString","coordinates":[[-72.33578,-37.19942],[-72.37669,-37.20791],[-72.38952,-37.20075]]}},{"id":"425","type":"Feature","properties":{"ROL":"Ruta 5","NOMBRE_CAMINO":"Longitudinal Sur, Sector: Río Itata - Río Renaico","CLASIFICACION":"Camino Nacional Longitudinal","CALZADA":"I","tmda":null},"geometry":{"type":"LineString","coordinates":[[-72.34955,-36.94494],[-72.37994,-37.07954],[-72.3928,-37.18265],[-72.3892,-37.20378],[-72.39164,-37.22436],[-72.38527,-37.2319],[-72.37205,-37.23524],[-72.36792,-37.23804],[-72.35439,-37.26829],[-72.35506,-37.29063],[-72.36951,-37.34661],[-72.37059,-37.35637],[-72.36094,-37.38756],[-72.36348,-37.39897],[-72.36859,-37.40989],[-72.40614,-37.44862],[-72.40918,-37.45428],[-72.40967,-37.46028],[-72.4064,-37.47139],[-72.40398,-37.48753],[-72.40114,-37.49219],[-72.38413,-37.50052],[-72.36838,-37.51728],[-72.36399,-37.5205],[-72.33786,-37.52786],[-72.31731,-37.53567],[-72.2833,-37.58183],[-72.28205,-37.58516],[-72.27921,-37.61723],[-72.28016,-37.63942],[-72.25453,-37.69545],[-72.27712,-37.76313],[-72.28449,-37.77284],[-72.33856,-37.81217],[-72.367,-37.83049],[-72.39125,-37.83533],[-72.39166,-37.83821],[-72.38528,-37.84264],[-72.3859,-37.84449],[-72.38902,-37.84596]]}},{"id":"426","type":"Feature","properties":{"ROL":"Ruta 154","NOMBRE_CAMINO":"Cruce Ruta 150 (Rotonda General Bonilla, Concepción) - Talcahuano (Nudo O'Higgins)","CLASIFICACION":"Camino Nacional","CALZADA":"U","tmda":null},"geometry":{"type":"LineString","coordinates":[[-73.02753,-36.81083],[-73.03809,-36.80536],[-73.04509,-36.79923],[-73.05932,-36.79863]]}},{"id":"427","type":"Feature","properties":{"ROL":"Ruta 154","NOMBRE_CAMINO":"Cruce Ruta 150 (Rotonda General Bonilla, Concepción) - Talcahuano (Nudo O'Higgins)","CLASIFICACION":"Camino Nacional","CALZADA":"U","tmda":null},"geometry":{"type":"LineString","coordinates":[[-73.05932,-36.79863],[-73.06838,-36.79408],[-73.07418,-36.78509]]}},{"id":"428","type":"Feature","properties":{"ROL":"Ruta 146","NOMBRE_CAMINO":"Cruce Ruta 5 (Cabrero) - Cruce Ruta 150 (Concepción)","CLASIFICACION":"Camino Nacional","CALZADA":"U","tmda":null},"geometry":{"type":"LineString","coordinates":[[-72.37126,-37.04154],[-72.40167,-37.0408],[-72.42126,-37.03225],[-72.46673,-37.02292],[-72.48562,-37.01697],[-72.50371,-37.01528],[-72.54663,-37.00098],[-72.56509,-37.0001],[-72.59563,-36.99481],[-72.60212,-36.99104],[-72.6266,-36.98508],[-72.63253,-36.97948],[-72.63837,-36.9766],[-72.6492,-36.97802],[-72.6547,-36.97382],[-72.67078,-36.97494],[-72.67915,-36.97244],[-72.68713,-36.96767],[-72.74205,-36.95809],[-72.76283,-36.93324],[-72.7721,-36.92397],[-72.78035,-36.90559],[-72.7877,-36.90197],[-72.79988,-36.8986],[-72.80373,-36.8918],[-72.80603,-36.8813],[-72.81215,-36.87552],[-72.81535,-36.87439],[-72.82347,-36.87467],[-72.82653,-36.87048],[-72.83332,-36.86603],[-72.84112,-36.86596],[-72.84803,-36.86416],[-72.85178,-36.865],[-72.85667,-36.86336],[-72.86205,-36.85762],[-72.87814,-36.85622],[-72.88334,-36.85726],[-72.89513,-36.85487],[-72.90364,-36.84963],[-72.90918,-36.85284],[-72.91265,-36.85267],[-72.91837,-36.85005],[-72.92077,-36.84326],[-72.92464,-36.8386],[-72.92147,-36.83315],[-72.92172,-36.83011],[-72.93148,-36.82434],[-72.93157,-36.81957],[-72.93328,-36.81522],[-72.94102,-36.81076],[-72.94838,-36.80081],[-72.9602,-36.80051],[-72.96942,-36.80315],[-72.97595,-36.81213],[-72.99613,-36.82099],[-73.01689,-36.8169],[-73.02738,-36.81076]]}},{"id":"429","type":"Feature","properties":{"ROL":"Ruta 5","NOMBRE_CAMINO":"Longitudinal Sur, Sector: Río Itata - Río Renaico","CLASIFICACION":"Camino Nacional Longitudinal","CALZADA":"D","tmda":null},"geometry":{"type":"LineString","coordinates":[[-72.34974,-36.94485],[-72.38006,-37.07945],[-72.39298,-37.18259],[-72.38933,-37.20398],[-72.39185,-37.22439],[-72.38547,-37.23197],[-72.37231,-37.23529],[-72.36821,-37.23796],[-72.35452,-37.26844],[-72.35525,-37.29059],[-72.36961,-37.34637],[-72.37078,-37.35624],[-72.36111,-37.3875],[-72.3636,-37.39879],[-72.36877,-37.40983],[-72.40634,-37.44859],[-72.40931,-37.45405],[-72.40986,-37.46023],[-72.40655,-37.47157],[-72.40421,-37.48739],[-72.40126,-37.49228],[-72.38447,-37.50042],[-72.36842,-37.51747],[-72.36405,-37.52064],[-72.33825,-37.52788],[-72.31733,-37.53581],[-72.28335,-37.58196],[-72.27938,-37.61728],[-72.28034,-37.63947],[-72.25467,-37.69569],[-72.27733,-37.76314],[-72.28485,-37.77297],[-72.33943,-37.81256],[-72.36705,-37.83031],[-72.39134,-37.83523],[-72.39182,-37.83823],[-72.38542,-37.84266],[-72.38611,-37.84447],[-72.38911,-37.84584]]}},{"id":"430","type":"Feature","properties":{"ROL":"URBO450","NOMBRE_CAMINO":"Avenida Jorge Alessandri y Puente Juan Pablo II","CLASIFICACION":"Camino Regional Comunal (Conexión Vial Urbana)","CALZADA":"D","tmda":null},"geometry":{"type":"LineString","coordinates":[[-73.07243,-36.80185],[-73.08034,-36.80743],[-73.0827,-36.81447],[-73.10051,-36.83279],[-73.10085,-36.83862]]}},{"id":"431","type":"Feature","properties":{"ROL":"URBO450","NOMBRE_CAMINO":"Avenida Jorge Alessandri y Puente Juan Pablo II","CLASIFICACION":"Camino Regional Comunal (Conexión Vial Urbana)","CALZADA":"I","tmda":null},"geometry":{"type":"LineString","coordinates":[[-73.06732,-36.79705],[-73.08044,-36.80767],[-73.08256,-36.81443],[-73.10069,-36.83322],[-73.1007,-36.83864]]}},{"id":"432","type":"Feature","properties":{"ROL":"URBRU164","NOMBRE_CAMINO":"Ruta Interportuaria, Acceso a Aeropuerto Carriel Sur","CLASIFICACION":"Camino Nacional (Conexión Vial Urbana)","CALZADA":"U","tmda":null},"geometry":{"type":"LineString","coordinates":[[-73.0579,-36.77988],[-73.06202,-36.79003]]}},{"id":"433","type":"Feature","properties":{"ROL":"URBO450","NOMBRE_CAMINO":"Avenida Jorge Alessandri y Puente Juan Pablo II","CLASIFICACION":"Camino Regional Comunal (Conexión Vial Urbana)","CALZADA":"I","tmda":null},"geometry":{"type":"LineString","coordinates":[[-73.06202,-36.79003],[-73.06732,-36.79705]]}},{"id":"434","type":"Feature","properties":{"ROL":"URBRU164","NOMBRE_CAMINO":"Ruta Interportuaria, Acceso a Aeropuerto Carriel Sur","CLASIFICACION":"Camino Nacional (Conexión Vial Urbana)","CALZADA":"U","tmda":null},"geometry":{"type":"LineString","coordinates":[[-73.04246,-36.75255],[-73.04637,-36.75539],[-73.04961,-36.76087],[-73.0496,-36.76761],[-73.0579,-36.77988]]}},{"id":"435","type":"Feature","properties":{"ROL":"URBO450","NOMBRE_CAMINO":"Avenida Jorge Alessandri y Puente Juan Pablo II","CLASIFICACION":"Camino Regional Comunal (Conexión Vial Urbana)","CALZADA":"D","tmda":null},"geometry":{"type":"LineString","coordinates":[[-73.06202,-36.79003],[-73.07243,-36.80185]]}},{"id":"436","type":"Feature","properties":{"ROL":"Ruta 152","NOMBRE_CAMINO":"Acceso Norte a Concepción","CLASIFICACION":"Camino Nacional","CALZADA":"U","tmda":null},"geometry":{"type":"LineString","coordinates":[[-72.62139,-36.69652],[-72.62561,-36.6982],[-72.634,-36.69735],[-72.65061,-36.70245],[-72.66459,-36.70361],[-72.67703,-36.70723],[-72.69199,-36.703],[-72.70791,-36.70475],[-72.71933,-36.70908],[-72.72714,-36.71654],[-72.73396,-36.72061],[-72.75776,-36.73112],[-72.77898,-36.73572],[-72.80067,-36.73217],[-72.8098,-36.73288],[-72.81827,-36.72811],[-72.8229,-36.7283],[-72.82848,-36.72526],[-72.83722,-36.72607],[-72.84788,-36.7313],[-72.87576,-36.72979],[-72.89216,-36.73759],[-72.90045,-36.73875],[-72.90411,-36.74165],[-72.91058,-36.74248],[-72.91709,-36.74556],[-72.92477,-36.75138],[-72.92784,-36.75816],[-72.93039,-36.7598],[-72.94887,-36.76073],[-72.95521,-36.76296],[-72.96382,-36.76025],[-72.97428,-36.7605],[-72.97746,-36.75785],[-72.97924,-36.75416],[-72.98937,-36.75049],[-72.99166,-36.75113],[-72.99488,-36.75559],[-73.00135,-36.75441]]}},{"id":"437","type":"Feature","properties":{"ROL":"S/R-Q-430","NOMBRE_CAMINO":"Nacimiento - Estero Coihue","CLASIFICACION":"Camino Regional de Acceso (En Proceso de Enrolamiento)","CALZADA":"U","tmda":null},"geometry":{"type":"LineString","coordinates":[[-72.70095,-37.52839],[-72.70189,-37.53222],[-72.70539,-37.53653],[-72.70446,-37.53892],[-72.70808,-37.54123],[-72.70782,-37.54382]]}},{"id":"438","type":"Feature","properties":{"ROL":"S/R-Q-512-N","NOMBRE_CAMINO":"Cruce Q-510 (Los Canelos) - Las Balsas","CLASIFICACION":"Camino Regional Comunal (En Proceso de Enrolamiento)","CALZADA":"U","tmda":null},"geometry":{"type":"LineString","coordinates":[[-72.46518,-36.95245],[-72.45468,-36.94023],[-72.4447,-36.93759],[-72.44238,-36.9347],[-72.44278,-36.92957],[-72.44598,-36.92484],[-72.44594,-36.92284],[-72.43819,-36.91988],[-72.43214,-36.91544],[-72.4289,-36.9148]]}},{"id":"439","type":"Feature","properties":{"ROL":"S/R-Q-601","NOMBRE_CAMINO":"Cruce Q-97-N (El Progreso) - Q-901-N (Colicheu)","CLASIFICACION":"Camino Regional Comunal (En Proceso de Enrolamiento)","CALZADA":"U","tmda":null},"geometry":{"type":"LineString","coordinates":[[-72.29007,-37.07967],[-72.28705,-37.07431]]}},{"id":"440","type":"Feature","properties":{"ROL":"S/R-Q-601","NOMBRE_CAMINO":"Cruce Q-97-N (El Progreso) - Q-901-N (Colicheu)","CLASIFICACION":"Camino Regional Comunal (En Proceso de Enrolamiento)","CALZADA":"U","tmda":null},"geometry":{"type":"LineString","coordinates":[[-72.31242,-37.07937],[-72.29007,-37.07967]]}},{"id":"441","type":"Feature","properties":{"ROL":"S/R-O-226","NOMBRE_CAMINO":"Cruce N-224 (El Ajenjo) - Chupallar - Cruce  N-252-O (Menque)","CLASIFICACION":"Camino Regional Comunal (En Proceso de Enrolamiento)","CALZADA":"U","tmda":null},"geometry":{"type":"LineString","coordinates":[[-72.8191,-36.5129],[-72.82255,-36.51982],[-72.82612,-36.52285],[-72.82794,-36.52641],[-72.82315,-36.53694],[-72.8245,-36.53976],[-72.82633,-36.54052],[-72.82622,-36.54262],[-72.82956,-36.54176],[-72.82974,-36.54574],[-72.83493,-36.54799],[-72.83712,-36.55122],[-72.84459,-36.55119],[-72.84714,-36.55513],[-72.84953,-36.55641],[-72.85376,-36.55626],[-72.853,-36.55494],[-72.85525,-36.55686],[-72.85739,-36.5545],[-72.861,-36.55501],[-72.85983,-36.55691],[-72.86069,-36.55829]]}},{"id":"442","type":"Feature","properties":{"ROL":"S/R-Q-601","NOMBRE_CAMINO":"Cruce Q-97-N (El Progreso) - Q-901-N (Colicheu)","CLASIFICACION":"Camino Regional Comunal (En Proceso de Enrolamiento)","CALZADA":"U","tmda":null},"geometry":{"type":"LineString","coordinates":[[-72.28166,-37.06455],[-72.26771,-37.03888]]}},{"id":"443","type":"Feature","properties":{"ROL":"S/R-Q-412","NOMBRE_CAMINO":"Cruce Ruta 156 (Las Corrientes) - Los Varones","CLASIFICACION":"Camino Regional Comunal (En Proceso de Enrolamiento)","CALZADA":"U","tmda":null},"geometry":{"type":"LineString","coordinates":[[-72.86356,-37.3463],[-72.86543,-37.34963],[-72.86168,-37.35186],[-72.86105,-37.35421],[-72.86349,-37.35601],[-72.86415,-37.35851],[-72.87233,-37.36264],[-72.87834,-37.36152],[-72.88028,-37.36442],[-72.88332,-37.36566]]}},{"id":"444","type":"Feature","properties":{"ROL":"S/R-Q-601","NOMBRE_CAMINO":"Cruce Q-97-N (El Progreso) - Q-901-N (Colicheu)","CLASIFICACION":"Camino Regional Comunal (En Proceso de Enrolamiento)","CALZADA":"U","tmda":null},"geometry":{"type":"LineString","coordinates":[[-72.28705,-37.07431],[-72.28166,-37.06455]]}},{"id":"445","type":"Feature","properties":{"ROL":"S/R-O-792","NOMBRE_CAMINO":"Cruce O-60 - Estero Tomentucó","CLASIFICACION":"Camino Regional de Acceso (En Proceso de Enrolamiento)","CALZADA":"U","tmda":null},"geometry":{"type":"LineString","coordinates":[[-72.75234,-37.16184],[-72.75063,-37.15433],[-72.74907,-37.15301],[-72.74493,-37.15314],[-72.74151,-37.15061],[-72.73604,-37.14968],[-72.7308,-37.14481]]}},{"id":"446","type":"Feature","properties":{"ROL":"S/R-N-597-Q","NOMBRE_CAMINO":"Cruce Q-901-N (Ranchillo) - El Progreso","CLASIFICACION":"Camino Regional Comunal (En Proceso de Enrolamiento)","CALZADA":"U","tmda":null},"geometry":{"type":"LineString","coordinates":[[-72.22746,-37.08274],[-72.22874,-37.07952],[-72.26652,-37.06358],[-72.26938,-37.06821],[-72.27542,-37.06616],[-72.27747,-37.06805]]}},{"id":"447","type":"Feature","properties":{"ROL":"S/R-O-760","NOMBRE_CAMINO":"Variante Estero Negro","CLASIFICACION":"Camino Regional de Acceso (En Proceso de Enrolamiento)","CALZADA":"U","tmda":null},"geometry":{"type":"LineString","coordinates":[[-72.6206,-37.19213],[-72.62518,-37.19046],[-72.62941,-37.19092],[-72.63192,-37.18611],[-72.63155,-37.18197],[-72.63861,-37.17693],[-72.63797,-37.16858],[-72.64525,-37.16512]]}},{"id":"448","type":"Feature","properties":{"ROL":"S/R-O-568","NOMBRE_CAMINO":"Cruce Ruta 146 (Los Arias) - Cruce O-550-Q (Los Crisoles)","CLASIFICACION":"Camino Regional Comunal (En Proceso de Enrolamiento)","CALZADA":"U","tmda":null},"geometry":{"type":"LineString","coordinates":[[-72.81478,-36.87445],[-72.80428,-36.8664],[-72.79898,-36.86529],[-72.78839,-36.86617],[-72.78107,-36.87141],[-72.77884,-36.87087],[-72.7751,-36.87407],[-72.76483,-36.87715],[-72.76124,-36.86842],[-72.76458,-36.86403],[-72.76246,-36.85803]]}},{"id":"449","type":"Feature","properties":{"ROL":"S/R-O-256","NOMBRE_CAMINO":"San Francisco - La Aguada - Cruce O-298 (Quillayes)","CLASIFICACION":"Camino Regional Comunal (En Proceso de Enrolamiento)","CALZADA":"U","tmda":null},"geometry":{"type":"LineString","coordinates":[[-72.81876,-36.58216],[-72.82087,-36.57651],[-72.82443,-36.57284],[-72.82834,-36.57329],[-72.83113,-36.57777],[-72.82906,-36.57849],[-72.82816,-36.58114],[-72.82991,-36.58253],[-72.82962,-36.58767],[-72.83258,-36.58909],[-72.83146,-36.59116],[-72.83239,-36.59298]]}},{"id":"450","type":"Feature","properties":{"ROL":"S/R-O-260","NOMBRE_CAMINO":"Ranguelmo - Pissis","CLASIFICACION":"Camino Regional Comunal (En Proceso de Enrolamiento)","CALZADA":"U","tmda":null},"geometry":{"type":"LineString","coordinates":[[-72.80193,-36.57115],[-72.80367,-36.57647],[-72.80967,-36.57779],[-72.8095,-36.57996],[-72.81609,-36.5792],[-72.81935,-36.58314],[-72.81284,-36.59253],[-72.81241,-36.59576],[-72.80959,-36.59831],[-72.80953,-36.60086],[-72.81103,-36.603],[-72.8134,-36.6031],[-72.81472,-36.6059]]}},{"id":"451","type":"Feature","properties":{"ROL":"S/R-O-300","NOMBRE_CAMINO":"Bellavista - El Espino","CLASIFICACION":"Camino Regional Comunal (En Proceso de Enrolamiento)","CALZADA":"U","tmda":null},"geometry":{"type":"LineString","coordinates":[[-72.90965,-36.65058],[-72.90626,-36.64896],[-72.90338,-36.65248],[-72.90063,-36.65339],[-72.89986,-36.66058],[-72.88711,-36.66274],[-72.88645,-36.66533],[-72.88169,-36.67121],[-72.87583,-36.66921],[-72.86504,-36.67267]]}},{"id":"452","type":"Feature","properties":{"ROL":"S/R-O-366","NOMBRE_CAMINO":"Cruce O-350 (Cementerio) - LLoicura","CLASIFICACION":"Camino Regional de Acceso (En Proceso de Enrolamiento)","CALZADA":"U","tmda":null},"geometry":{"type":"LineString","coordinates":[[-72.77264,-36.67743],[-72.77934,-36.67745],[-72.77967,-36.67419]]}},{"id":"453","type":"Feature","properties":{"ROL":"S/R-O-378","NOMBRE_CAMINO":"Curaco - Millahue","CLASIFICACION":"Camino Regional de Acceso (En Proceso de Enrolamiento)","CALZADA":"U","tmda":null},"geometry":{"type":"LineString","coordinates":[[-72.78853,-36.69716],[-72.79078,-36.69697],[-72.79692,-36.70074]]}},{"id":"454","type":"Feature","properties":{"ROL":"S/R-O-382","NOMBRE_CAMINO":"San José - El Espino - El Álamo","CLASIFICACION":"Camino Regional Comunal (En Proceso de Enrolamiento)","CALZADA":"U","tmda":null},"geometry":{"type":"LineString","coordinates":[[-72.86325,-36.67936],[-72.86691,-36.68008],[-72.87537,-36.67861],[-72.8823,-36.68106],[-72.89084,-36.67874],[-72.89397,-36.6805],[-72.89763,-36.68787],[-72.90298,-36.68655],[-72.90416,-36.68487],[-72.91144,-36.68521],[-72.91359,-36.68904],[-72.92237,-36.69489]]}},{"id":"455","type":"Feature","properties":{"ROL":"S/R-O-384","NOMBRE_CAMINO":"San José - Peñamar - Primer Agua","CLASIFICACION":"Camino Regional Comunal (En Proceso de Enrolamiento)","CALZADA":"U","tmda":null},"geometry":{"type":"LineString","coordinates":[[-72.96202,-36.68395],[-72.96112,-36.68348],[-72.959,-36.68673],[-72.95162,-36.69003],[-72.94844,-36.69563],[-72.94305,-36.69968],[-72.94279,-36.70698],[-72.94474,-36.70844],[-72.93058,-36.71425],[-72.92677,-36.72074],[-72.92262,-36.72036],[-72.91892,-36.72182]]}},{"id":"456","type":"Feature","properties":{"ROL":"S/R-O-386","NOMBRE_CAMINO":"Coroney - Buen Retiro","CLASIFICACION":"Camino Regional Comunal (En Proceso de Enrolamiento)","CALZADA":"U","tmda":null},"geometry":{"type":"LineString","coordinates":[[-72.89992,-36.66055],[-72.89979,-36.66377],[-72.89727,-36.66433],[-72.89644,-36.66646],[-72.89745,-36.67329],[-72.89235,-36.68201],[-72.89054,-36.68315]]}},{"id":"457","type":"Feature","properties":{"ROL":"S/R-O-878","NOMBRE_CAMINO":"Cruce O-882 (Tanahuillín) - Las Varas","CLASIFICACION":"Camino Regional Comunal (En Proceso de Enrolamiento)","CALZADA":"U","tmda":null},"geometry":{"type":"LineString","coordinates":[[-72.80017,-37.25099],[-72.79559,-37.24739],[-72.78253,-37.2488],[-72.77629,-37.24577],[-72.76976,-37.24907],[-72.76205,-37.24309],[-72.76355,-37.23867],[-72.75717,-37.23641],[-72.75594,-37.23807],[-72.75385,-37.23568]]}},{"id":"458","type":"Feature","properties":{"ROL":"S/R-O-894","NOMBRE_CAMINO":"El Sauce - Torre Dorada","CLASIFICACION":"Camino Regional Comunal (En Proceso de Enrolamiento)","CALZADA":"U","tmda":null},"geometry":{"type":"LineString","coordinates":[[-72.79528,-37.26501],[-72.79966,-37.26687],[-72.80274,-37.26677],[-72.80271,-37.2741],[-72.80534,-37.27596],[-72.80435,-37.28019],[-72.80022,-37.28215],[-72.80178,-37.28621],[-72.8074,-37.28536],[-72.81223,-37.28079],[-72.8175,-37.28125]]}},{"id":"459","type":"Feature","properties":{"ROL":"S/R-O-920","NOMBRE_CAMINO":"Los Martínez - Tanahuillín","CLASIFICACION":"Camino Regional Comunal (En Proceso de Enrolamiento)","CALZADA":"U","tmda":null},"geometry":{"type":"LineString","coordinates":[[-72.92693,-37.30378],[-72.91936,-37.30382],[-72.91487,-37.29663],[-72.91077,-37.29453],[-72.90707,-37.28999],[-72.90405,-37.28942],[-72.89742,-37.28471],[-72.88682,-37.28255],[-72.88189,-37.27665],[-72.87437,-37.27538],[-72.87321,-37.27672],[-72.86282,-37.27508],[-72.86019,-37.27577],[-72.84885,-37.27405],[-72.84659,-37.27184],[-72.8412,-37.2734],[-72.83455,-37.26583],[-72.82756,-37.2539],[-72.82151,-37.24934]]}},{"id":"460","type":"Feature","properties":{"ROL":"S/R-O-834","NOMBRE_CAMINO":"Cruce O-860-P (El Avellano) - Los Morros - Carampangue","CLASIFICACION":"Camino Regional de Acceso (En Proceso de Enrolamiento)","CALZADA":"U","tmda":null},"geometry":{"type":"LineString","coordinates":[[-73.00868,-37.19903],[-73.00911,-37.20069],[-73.01279,-37.20127],[-73.02074,-37.19876],[-73.02204,-37.19992],[-73.02428,-37.19803],[-73.02601,-37.1983],[-73.02604,-37.19635],[-73.02967,-37.19343],[-73.03886,-37.1977],[-73.04192,-37.20334],[-73.04632,-37.20409],[-73.05033,-37.20308],[-73.05061,-37.20487],[-73.05246,-37.20277],[-73.06277,-37.20283],[-73.06522,-37.19796],[-73.06909,-37.19756],[-73.07095,-37.1961]]}},{"id":"461","type":"Feature","properties":{"ROL":"S/R-O-836","NOMBRE_CAMINO":"El Sauce - Las Pataguas","CLASIFICACION":"Camino Regional de Acceso (En Proceso de Enrolamiento)","CALZADA":"U","tmda":null},"geometry":{"type":"LineString","coordinates":[[-72.80287,-37.26889],[-72.80871,-37.27038],[-72.81356,-37.26882],[-72.82016,-37.26921],[-72.82526,-37.26795],[-72.82981,-37.26916],[-72.83151,-37.27201]]}},{"id":"462","type":"Feature","properties":{"ROL":"S/R-O-300","NOMBRE_CAMINO":"Bellavista - El Espino","CLASIFICACION":"Camino Regional Comunal (En Proceso de Enrolamiento)","CALZADA":"U","tmda":null},"geometry":{"type":"LineString","coordinates":[[-72.94753,-36.64002],[-72.94559,-36.64403],[-72.94443,-36.64263],[-72.94275,-36.64377],[-72.9401,-36.6432],[-72.93891,-36.64509],[-72.93359,-36.64536],[-72.93224,-36.64712],[-72.93258,-36.64907],[-72.93083,-36.65036],[-72.9157,-36.65239],[-72.90965,-36.65058]]}},{"id":"463","type":"Feature","properties":{"ROL":"O-368","NOMBRE_CAMINO":"Cruce O-350 (Las Raíces) - Curaco","CLASIFICACION":"Camino Regional de Acceso (En Proceso de Enrolamiento)","CALZADA":"U","tmda":null},"geometry":{"type":"LineString","coordinates":[[-72.78701,-36.66865],[-72.78672,-36.67142],[-72.78848,-36.67449],[-72.78983,-36.6822],[-72.78749,-36.68656],[-72.78946,-36.68893],[-72.78862,-36.697],[-72.78491,-36.70022],[-72.771,-36.70201]]}},{"id":"464","type":"Feature","properties":{"ROL":"S/R-O-402","NOMBRE_CAMINO":"Cruce Ruta 158 - Variante Agua Tendida - Cruce O-380","CLASIFICACION":"Camino Regional Comunal (En Proceso de Enrolamiento)","CALZADA":"U","tmda":null},"geometry":{"type":"LineString","coordinates":[[-72.81954,-36.65724],[-72.81809,-36.65607],[-72.82303,-36.65241],[-72.82308,-36.648]]}},{"id":"465","type":"Feature","properties":{"ROL":"O-700","NOMBRE_CAMINO":"Cruce O-772 (San Ramón) - El Carril","CLASIFICACION":"Camino Regional de Acceso (En Proceso de Enrolamiento)","CALZADA":"U","tmda":null},"geometry":{"type":"LineString","coordinates":[[-72.86383,-37.0476],[-72.8579,-37.05046],[-72.85777,-37.05307],[-72.85581,-37.05591],[-72.85104,-37.05894],[-72.84989,-37.06495],[-72.84487,-37.06608],[-72.84519,-37.06864],[-72.84697,-37.06952]]}},{"id":"466","type":"Feature","properties":{"ROL":"S/R-O-708","NOMBRE_CAMINO":"Río Quilacoya – Pinihue","CLASIFICACION":"Camino Regional de Acceso (En Proceso de Enrolamiento)","CALZADA":"U","tmda":null},"geometry":{"type":"LineString","coordinates":[[-72.83582,-37.01833],[-72.83401,-37.01962],[-72.82922,-37.01981],[-72.827,-37.02441],[-72.82296,-37.02583]]}},{"id":"467","type":"Feature","properties":{"ROL":"S/R-O-710","NOMBRE_CAMINO":"Cruce O-702 (Escuela Barrancas Juntas) - Río Quilacoya","CLASIFICACION":"Camino Regional Comunal (En Proceso de Enrolamiento)","CALZADA":"U","tmda":null},"geometry":{"type":"LineString","coordinates":[[-72.85794,-37.01758],[-72.85166,-37.01692],[-72.84705,-37.01318],[-72.84467,-37.01268],[-72.84058,-37.01621],[-72.83727,-37.01566],[-72.83399,-37.01828]]}},{"id":"468","type":"Feature","properties":{"ROL":"S/R-O-750","NOMBRE_CAMINO":"Cruce Q-60-O(Ranquilco) - Cruce Q-728-O (Sector Quillay)","CLASIFICACION":"Camino Regional Comunal (En Proceso de Enrolamiento)","CALZADA":"U","tmda":null},"geometry":{"type":"LineString","coordinates":[[-72.78392,-37.1168],[-72.78461,-37.11412],[-72.78755,-37.11397],[-72.78951,-37.11171],[-72.78872,-37.10802],[-72.793,-37.10797],[-72.79383,-37.10547],[-72.78952,-37.10169],[-72.78713,-37.09543],[-72.77798,-37.09186],[-72.77621,-37.08828]]}},{"id":"469","type":"Feature","properties":{"ROL":"O-898","NOMBRE_CAMINO":"Cruce O-890 (La Greda) - La Polcura","CLASIFICACION":"Camino Regional de Acceso (En Proceso de Enrolamiento)","CALZADA":"U","tmda":null},"geometry":{"type":"LineString","coordinates":[[-72.83025,-37.29183],[-72.83522,-37.29025]]}},{"id":"470","type":"Feature","properties":{"ROL":"S/R-O-930","NOMBRE_CAMINO":"Cruce O-922 (El Litre) – Variante Colico Alto - Cruce O-922  (Sector Puntiagudo)","CLASIFICACION":"Camino Regional Comunal (En Proceso de Enrolamiento)","CALZADA":"U","tmda":null},"geometry":{"type":"LineString","coordinates":[[-72.86908,-37.32932],[-72.86465,-37.32934],[-72.86361,-37.32655],[-72.85985,-37.323],[-72.86044,-37.31819],[-72.8624,-37.31552],[-72.86161,-37.31225],[-72.86363,-37.30614]]}},{"id":"471","type":"Feature","properties":{"ROL":"S/R-O-708","NOMBRE_CAMINO":"Río Quilacoya – Pinihue","CLASIFICACION":"Camino Regional de Acceso (En Proceso de Enrolamiento)","CALZADA":"U","tmda":null},"geometry":{"type":"LineString","coordinates":[[-72.83937,-37.01621],[-72.83582,-37.01833]]}},{"id":"472","type":"Feature","properties":{"ROL":"S/R-Q-803","NOMBRE_CAMINO":"Cruce Ruta 5 – Mulchén – Cruce Q-805","CLASIFICACION":"Camino Regional Comunal (En Proceso de Enrolamiento)","CALZADA":"U","tmda":null},"geometry":{"type":"LineString","coordinates":[[-72.26235,-37.72226],[-72.25987,-37.72101],[-72.25764,-37.72331],[-72.25808,-37.72554],[-72.25434,-37.73277],[-72.24792,-37.7335],[-72.23541,-37.73807],[-72.23239,-37.73634],[-72.22779,-37.73765]]}},{"id":"473","type":"Feature","properties":{"ROL":"S/R-Q-803","NOMBRE_CAMINO":"Cruce Ruta 5 – Mulchén – Cruce Q-805","CLASIFICACION":"Camino Regional Comunal (En Proceso de Enrolamiento)","CALZADA":"U","tmda":null},"geometry":{"type":"LineString","coordinates":[[-72.2644,-37.7252],[-72.26235,-37.72226]]}},{"id":"474","type":"Feature","properties":{"ROL":"Q-284","NOMBRE_CAMINO":"Cruce Q-34 (Santa Fé) - Río Biobío","CLASIFICACION":"Camino Regional de Acceso (En Proceso de Enrolamiento)","CALZADA":"U","tmda":966.0},"geometry":{"type":"LineString","coordinates":[[-72.66054,-37.48601],[-72.66463,-37.48079],[-72.67056,-37.47675],[-72.67336,-37.47359],[-72.67363,-37.4715]]}},{"id":"2120","type":"Feature","properties":{"ROL":"S/R-Q-242","NOMBRE_CAMINO":"Cruce Q-250 (Curaco) - Cruce Q-224 (Las Toscas)","CLASIFICACION":"Camino Regional Comunal (En Proceso de Enrolamiento)","CALZADA":"U","tmda":null},"geometry":{"type":"LineString","coordinates":[[-72.67552,-37.27715],[-72.67455,-37.28056],[-72.6708,-37.28386],[-72.67298,-37.28569],[-72.67274,-37.28791],[-72.67545,-37.28964],[-72.68342,-37.28865]]}},{"id":"2121","type":"Feature","properties":{"ROL":"Q-340","NOMBRE_CAMINO":"Cruce Q-380 (Puente Bautmann) - Taboleo - El Águila - Cruce Q-350 (Diuquín)","CLASIFICACION":"Camino Regional Comunal","CALZADA":"U","tmda":null},"geometry":{"type":"LineString","coordinates":[[-72.69095,-37.46698],[-72.68973,-37.45602],[-72.69428,-37.45537],[-72.6973,-37.45213],[-72.69768,-37.44938],[-72.69591,-37.44625],[-72.69175,-37.44301],[-72.69164,-37.44034],[-72.68952,-37.43766],[-72.68612,-37.43511],[-72.68367,-37.435],[-72.67779,-37.42884],[-72.67718,-37.42466],[-72.67525,-37.42392],[-72.67441,-37.42182],[-72.67438,-37.41328],[-72.67072,-37.40358],[-72.67119,-37.39285],[-72.67309,-37.38883],[-72.67942,-37.38682],[-72.6825,-37.38403],[-72.68364,-37.37985],[-72.6826,-37.37379],[-72.68398,-37.36861]]}},{"id":"2122","type":"Feature","properties":{"ROL":"Q-350","NOMBRE_CAMINO":"Cruce Ruta 156 (Culenco) - Chequenal - Cruce Q-340 (Diuquín)","CLASIFICACION":"Camino Regional Comunal","CALZADA":"U","tmda":84.0},"geometry":{"type":"LineString","coordinates":[[-72.80659,-37.3897],[-72.80431,-37.38915],[-72.80189,-37.38637],[-72.79735,-37.38593],[-72.791,-37.38277],[-72.78844,-37.38265],[-72.78038,-37.386],[-72.77322,-37.38586],[-72.76862,-37.38142],[-72.74977,-37.37788],[-72.74508,-37.37356],[-72.73748,-37.37201],[-72.73252,-37.36773],[-72.72529,-37.36618],[-72.72117,-37.36668],[-72.71586,-37.36362],[-72.70495,-37.36537],[-72.69598,-37.36431],[-72.68398,-37.36861]]}},{"id":"2123","type":"Feature","properties":{"ROL":"Q-380","NOMBRE_CAMINO":"Cruce Ruta 156 (Las Maravillas) - Cruce Q-340 (Puente Bautmann)","CLASIFICACION":"Camino Regional Comunal","CALZADA":"U","tmda":null},"geometry":{"type":"LineString","coordinates":[[-72.79801,-37.4042],[-72.79449,-37.40137],[-72.79091,-37.40116],[-72.78782,-37.40308],[-72.78114,-37.40254],[-72.77363,-37.40605],[-72.7701,-37.40491],[-72.76733,-37.40551],[-72.76823,-37.4064],[-72.76624,-37.40917],[-72.76669,-37.41268],[-72.76539,-37.41557],[-72.76647,-37.41788],[-72.76471,-37.42578],[-72.76603,-37.42836],[-72.76456,-37.43535],[-72.75787,-37.43769],[-72.7556,-37.44013],[-72.755,-37.44475],[-72.74799,-37.44632],[-72.74471,-37.44875],[-72.73546,-37.46015],[-72.72994,-37.46139]]}},{"id":"2124","type":"Feature","properties":{"ROL":"Q-380","NOMBRE_CAMINO":"Cruce Ruta 156 (Las Maravillas) - Cruce Q-340 (Puente Bautmann)","CLASIFICACION":"Camino Regional Comunal","CALZADA":"U","tmda":null},"geometry":{"type":"LineString","coordinates":[[-72.71429,-37.47019],[-72.71051,-37.47021],[-72.70697,-37.47859],[-72.69571,-37.48203],[-72.69022,-37.48579]]}},{"id":"3201","type":"Feature","properties":{"ROL":"S/R-Q-608","NOMBRE_CAMINO":"Cruce Q-892-N (Las Pataguas) - Cruce Q-510 (Quinel)","CLASIFICACION":"Camino Regional Comunal (En Proceso de Enrolamiento)","CALZADA":"U","tmda":null},"geometry":{"type":"LineString","coordinates":[[-72.47315,-36.92563],[-72.49487,-36.92197],[-72.4955,-36.92447],[-72.49732,-36.92438]]}},{"id":"3202","type":"Feature","properties":{"ROL":"S/R-O-746","NOMBRE_CAMINO":"Cruce O-728-O (Vega de Diuca) - Cruce O-726 (Ateuco)","CLASIFICACION":"Camino Regional Comunal (En Proceso de Enrolamiento)","CALZADA":"U","tmda":null},"geometry":{"type":"LineString","coordinates":[[-72.85954,-37.06655],[-72.85904,-37.07315],[-72.8606,-37.07612],[-72.8639,-37.07619]]}},{"id":"3203","type":"Feature","properties":{"ROL":"S/R-Q-504","NOMBRE_CAMINO":"Cruce Ruta 180 (Pichirenaico) - Santa Luisa","CLASIFICACION":"Camino Regional de Acceso (En Proceso de Enrolamiento)","CALZADA":"U","tmda":null},"geometry":{"type":"LineString","coordinates":[[-72.59115,-37.65831],[-72.59168,-37.6582]]}},{"id":"3204","type":"Feature","properties":{"ROL":"S/R-Q-504","NOMBRE_CAMINO":"Cruce Ruta 180 (Pichirenaico) - Santa Luisa","CLASIFICACION":"Camino Regional de Acceso (En Proceso de Enrolamiento)","CALZADA":"U","tmda":null},"geometry":{"type":"LineString","coordinates":[[-72.59168,-37.6582],[-72.60111,-37.65734],[-72.60724,-37.65926],[-72.62947,-37.66033],[-72.63704,-37.6575],[-72.63738,-37.65541]]}},{"id":"3205","type":"Feature","properties":{"ROL":"S/R-Q-494","NOMBRE_CAMINO":"Cruce Ruta 180 (Enlace Santa Amelia) - Las Marías - Cruce Ruta 156 (El Sauce)","CLASIFICACION":"Camino Regional Comunal (En Proceso de Enrolamiento)","CALZADA":"U","tmda":null},"geometry":{"type":"LineString","coordinates":[[-72.59052,-37.58973],[-72.59683,-37.59039],[-72.62559,-37.58843],[-72.62974,-37.58623],[-72.63325,-37.58239],[-72.62762,-37.55646],[-72.63481,-37.53642],[-72.63453,-37.52238]]}},{"id":"3206","type":"Feature","properties":{"ROL":"S/R-Q-474","NOMBRE_CAMINO":"Santa Amelia - Escuela El Pino","CLASIFICACION":"Camino Regional Comunal (En Proceso de Enrolamiento)","CALZADA":"U","tmda":null},"geometry":{"type":"LineString","coordinates":[[-72.60725,-37.58952],[-72.60719,-37.58156],[-72.63305,-37.57854]]}},{"id":"3207","type":"Feature","properties":{"ROL":"S/R-Q-490","NOMBRE_CAMINO":"Cruce Q-650 (Miraflores) - Consuelo Campensino","CLASIFICACION":"Camino Regional de Acceso (En Proceso de Enrolamiento)","CALZADA":"U","tmda":null},"geometry":{"type":"LineString","coordinates":[[-72.49409,-37.59179],[-72.49216,-37.58332]]}},{"id":"3208","type":"Feature","properties":{"ROL":"S/R-Q-864","NOMBRE_CAMINO":"Cruce Ruta 5 (Canal Bio Bio) - Alhuelemu","CLASIFICACION":"Camino Regional de Acceso (En Proceso de Enrolamiento)","CALZADA":"U","tmda":null},"geometry":{"type":"LineString","coordinates":[[-72.37733,-37.83255],[-72.38037,-37.83249],[-72.38382,-37.8299],[-72.38762,-37.82426],[-72.39855,-37.81797],[-72.40508,-37.80592],[-72.40682,-37.80577],[-72.41177,-37.80879],[-72.41286,-37.81047],[-72.41202,-37.81192]]}},{"id":"3209","type":"Feature","properties":{"ROL":"S/R-Q-1080","NOMBRE_CAMINO":"Cruce Q-80  - Bypass Negrete - Cruce Q-496","CLASIFICACION":"Camino Regional Comunal (En proceso de Enrolamiento)","CALZADA":"U","tmda":null},"geometry":{"type":"LineString","coordinates":[[-72.5274,-37.58962],[-72.53924,-37.5877]]}},{"id":"3774","type":"Feature","properties":{"ROL":"S/R-Q-731","NOMBRE_CAMINO":"Cruce Q-61 - Cruce Q-705","CLASIFICACION":"Camino Regional Comunal (En Proceso de Enrolamiento)","CALZADA":null,"tmda":null},"geometry":{"type":"LineString","coordinates":[[-71.80513,-37.74276],[-71.80551,-37.74322]]}},{"id":"3830","type":"Feature","properties":{"ROL":"O-882","NOMBRE_CAMINO":"Santa Juana (Plaza de Armas) - Tanahullín - Balseadero Laja","CLASIFICACION":"Camino Regional de Acceso","CALZADA":"U","tmda":665.0},"geometry":{"type":"LineString","coordinates":[[-72.88563,-37.1855],[-72.87646,-37.18849],[-72.86676,-37.19367],[-72.86126,-37.20281],[-72.8525,-37.2038],[-72.84643,-37.20665],[-72.83788,-37.20674],[-72.82843,-37.21821]]}},{"id":"3831","type":"Feature","properties":{"ROL":"O-350","NOMBRE_CAMINO":"Cruce Ruta 126 S (Rafael) - Villarrica - Cruce O-390 (Roa)","CLASIFICACION":"Camino Regional Comunal","CALZADA":"U","tmda":571.0},"geometry":{"type":"LineString","coordinates":[[-72.79613,-36.63746],[-72.78721,-36.65223],[-72.78327,-36.654],[-72.77979,-36.66069],[-72.7761,-36.66312],[-72.77543,-36.66728]]}},{"id":"3832","type":"Feature","properties":{"ROL":"O-882","NOMBRE_CAMINO":"Santa Juana (Plaza de Armas) - Tanahullín - Balseadero Laja","CLASIFICACION":"Camino Regional de Acceso","CALZADA":"U","tmda":665.0},"geometry":{"type":"LineString","coordinates":[[-72.7778,-37.27064],[-72.77017,-37.27483]]}},{"id":"3833","type":"Feature","properties":{"ROL":"O-728-Q","NOMBRE_CAMINO":"Cruce Q-60-O (Quilacoya) - Chillancito - Cruce Q-722-O (San Antonio)","CLASIFICACION":"Camino Regional Comunal","CALZADA":"U","tmda":149.0},"geometry":{"type":"LineString","coordinates":[[-72.9377,-37.07891],[-72.9341,-37.07715],[-72.92581,-37.08073],[-72.91655,-37.0802]]}},{"id":"3834","type":"Feature","properties":{"ROL":"O-390","NOMBRE_CAMINO":"Paso Superior Ruta 150 (Penco) - Cruce N-48-O (Florida)","CLASIFICACION":"Camino Regional Provincial","CALZADA":"U","tmda":null},"geometry":{"type":"LineString","coordinates":[[-72.97887,-36.73762],[-72.97785,-36.73713]]}},{"id":"3835","type":"Feature","properties":{"ROL":"O-324","NOMBRE_CAMINO":"Cruce O-330 (Rahuil por la Posta) - Cruce N-320 (El Quilo)","CLASIFICACION":"Camino Regional Comunal","CALZADA":"U","tmda":null},"geometry":{"type":"LineString","coordinates":[[-72.71998,-36.65493],[-72.7145,-36.65553],[-72.69758,-36.65261]]}},{"id":"3836","type":"Feature","properties":{"ROL":"O-328","NOMBRE_CAMINO":"Paso Inferior Ruta 152 (El Milagro) - Cruce O-330 (Granerillos)","CLASIFICACION":"Camino Regional Comunal","CALZADA":"U","tmda":null},"geometry":{"type":"LineString","coordinates":[[-72.674,-36.70792],[-72.67415,-36.70799]]}},{"id":"3837","type":"Feature","properties":{"ROL":"O-882","NOMBRE_CAMINO":"Santa Juana (Plaza de Armas) - Tanahullín - Balseadero Laja","CLASIFICACION":"Camino Regional de Acceso","CALZADA":"U","tmda":665.0},"geometry":{"type":"LineString","coordinates":[[-72.78135,-37.26811],[-72.7778,-37.27064]]}},{"id":"3838","type":"Feature","properties":{"ROL":"O-680","NOMBRE_CAMINO":"Cruce Ruta 146 (Agua de La Gloria) - El Queule - Cruce Q-652-O (Hualqui)","CLASIFICACION":"Camino Regional Provincial","CALZADA":"U","tmda":null},"geometry":{"type":"LineString","coordinates":[[-72.9312,-36.94939],[-72.93529,-36.95239],[-72.93642,-36.96123]]}},{"id":"3839","type":"Feature","properties":{"ROL":"O-390","NOMBRE_CAMINO":"Paso Superior Ruta 150 (Penco) - Cruce N-48-O (Florida)","CLASIFICACION":"Camino Regional Provincial","CALZADA":"U","tmda":486.0},"geometry":{"type":"LineString","coordinates":[[-72.79347,-36.73682],[-72.78767,-36.73699],[-72.7849,-36.73936]]}},{"id":"3840","type":"Feature","properties":{"ROL":"O-298","NOMBRE_CAMINO":"Cruce Ruta 126 S (Chuponal) - Pissis - Rafael","CLASIFICACION":"Camino Regional Comunal","CALZADA":"U","tmda":null},"geometry":{"type":"LineString","coordinates":[[-72.85496,-36.59877],[-72.85199,-36.59883],[-72.84129,-36.59221],[-72.83645,-36.59129],[-72.82977,-36.59505],[-72.82569,-36.60099]]}},{"id":"3841","type":"Feature","properties":{"ROL":"O-330","NOMBRE_CAMINO":"Cruce N-48-O (El Rosario) - Cruce O-66-N (Conuco)","CLASIFICACION":"Camino Regional Comunal","CALZADA":"U","tmda":128.0},"geometry":{"type":"LineString","coordinates":[[-72.67641,-36.70848],[-72.69202,-36.70337],[-72.70768,-36.70454]]}},{"id":"3842","type":"Feature","properties":{"ROL":"O-830","NOMBRE_CAMINO":"Cruce Ruta 160 - Calabozo","CLASIFICACION":"Camino Regional de Acceso","CALZADA":"U","tmda":null},"geometry":{"type":"LineString","coordinates":[[-73.13094,-36.99863],[-73.12908,-36.99761]]}},{"id":"3843","type":"Feature","properties":{"ROL":"O-670","NOMBRE_CAMINO":"Cruce Ruta 146 (Copiulemu) - Cruce O-680 (El Águila)","CLASIFICACION":"Camino Regional Comunal","CALZADA":"U","tmda":730.0},"geometry":{"type":"LineString","coordinates":[[-72.80398,-36.89083],[-72.8075,-36.89285],[-72.80566,-36.89674]]}},{"id":"3844","type":"Feature","properties":{"ROL":"O-670","NOMBRE_CAMINO":"Cruce Ruta 146 (Copiulemu) - Cruce O-680 (El Águila)","CLASIFICACION":"Camino Regional Comunal","CALZADA":"U","tmda":730.0},"geometry":{"type":"LineString","coordinates":[[-72.83232,-36.91192],[-72.84056,-36.91552],[-72.84728,-36.91462],[-72.85115,-36.91736],[-72.858,-36.91653],[-72.86361,-36.91955]]}},{"id":"3845","type":"Feature","properties":{"ROL":"O-390","NOMBRE_CAMINO":"Paso Superior Ruta 150 (Penco) - Cruce N-48-O (Florida)","CLASIFICACION":"Camino Regional Provincial","CALZADA":"U","tmda":486.0},"geometry":{"type":"LineString","coordinates":[[-72.78127,-36.74146],[-72.77975,-36.74162],[-72.77414,-36.73748],[-72.76406,-36.73671]]}},{"id":"3846","type":"Feature","properties":{"ROL":"O-330","NOMBRE_CAMINO":"Cruce N-48-O (El Rosario) - Cruce O-66-N (Conuco)","CLASIFICACION":"Camino Regional Comunal","CALZADA":"U","tmda":128.0},"geometry":{"type":"LineString","coordinates":[[-72.62281,-36.7996],[-72.62437,-36.79739],[-72.62416,-36.79528],[-72.63257,-36.7927],[-72.63219,-36.78935],[-72.62973,-36.78609],[-72.63391,-36.78145],[-72.6336,-36.77839],[-72.63614,-36.7755],[-72.65071,-36.76889],[-72.65441,-36.76382],[-72.66255,-36.75893],[-72.66618,-36.75445],[-72.67446,-36.7515],[-72.6779,-36.74849],[-72.67921,-36.74591],[-72.67917,-36.73726]]}},{"id":"3847","type":"Feature","properties":{"ROL":"O-390","NOMBRE_CAMINO":"Paso Superior Ruta 150 (Penco) - Cruce N-48-O (Florida)","CLASIFICACION":"Camino Regional Provincial","CALZADA":"U","tmda":486.0},"geometry":{"type":"LineString","coordinates":[[-72.78393,-36.74055],[-72.78127,-36.74146]]}},{"id":"3848","type":"Feature","properties":{"ROL":"O-728-Q","NOMBRE_CAMINO":"Cruce Q-60-O (Quilacoya) - Chillancito - Cruce Q-722-O (San Antonio)","CLASIFICACION":"Camino Regional Comunal","CALZADA":"U","tmda":149.0},"geometry":{"type":"LineString","coordinates":[[-72.95684,-37.05687],[-72.9519,-37.0604]]}},{"id":"3849","type":"Feature","properties":{"ROL":"O-882","NOMBRE_CAMINO":"Santa Juana (Plaza de Armas) - Tanahullín - Balseadero Laja","CLASIFICACION":"Camino Regional de Acceso","CALZADA":"U","tmda":665.0},"geometry":{"type":"LineString","coordinates":[[-72.81543,-37.24458],[-72.81354,-37.24525]]}},{"id":"3850","type":"Feature","properties":{"ROL":"O-350","NOMBRE_CAMINO":"Cruce Ruta 126 S (Rafael) - Villarrica - Cruce O-390 (Roa)","CLASIFICACION":"Camino Regional Comunal","CALZADA":"U","tmda":571.0},"geometry":{"type":"LineString","coordinates":[[-72.78597,-36.735],[-72.78902,-36.73503],[-72.78914,-36.73675]]}},{"id":"3851","type":"Feature","properties":{"ROL":"O-670","NOMBRE_CAMINO":"Cruce Ruta 146 (Copiulemu) - Cruce O-680 (El Águila)","CLASIFICACION":"Camino Regional Comunal","CALZADA":"U","tmda":730.0},"geometry":{"type":"LineString","coordinates":[[-72.80566,-36.89674],[-72.80484,-36.90202]]}},{"id":"3852","type":"Feature","properties":{"ROL":"O-390","NOMBRE_CAMINO":"Paso Superior Ruta 150 (Penco) - Cruce N-48-O (Florida)","CLASIFICACION":"Camino Regional Provincial","CALZADA":"U","tmda":null},"geometry":{"type":"LineString","coordinates":[[-72.9765,-36.73677],[-72.96956,-36.74068],[-72.96527,-36.74056],[-72.9627,-36.73828],[-72.95761,-36.73785],[-72.953,-36.73971],[-72.94056,-36.73963],[-72.93521,-36.74167],[-72.93056,-36.74188]]}},{"id":"3853","type":"Feature","properties":{"ROL":"O-672","NOMBRE_CAMINO":"Cruce Ruta 146 (El Rabito) - Cruce O-670 (Copiulemu)","CLASIFICACION":"Camino Regional Comunal","CALZADA":"U","tmda":null},"geometry":{"type":"LineString","coordinates":[[-72.80807,-36.89533],[-72.80646,-36.89525]]}},{"id":"3854","type":"Feature","properties":{"ROL":"O-882","NOMBRE_CAMINO":"Santa Juana (Plaza de Armas) - Tanahullín - Balseadero Laja","CLASIFICACION":"Camino Regional de Acceso","CALZADA":"U","tmda":665.0},"geometry":{"type":"LineString","coordinates":[[-72.82843,-37.21821],[-72.82691,-37.22167],[-72.82791,-37.22487],[-72.82468,-37.22823],[-72.82437,-37.23157],[-72.81907,-37.23447],[-72.81936,-37.24138]]}},{"id":"3855","type":"Feature","properties":{"ROL":"O-346","NOMBRE_CAMINO":"Cruce O-390 (Barros Negro) - Cruce O-330 (Santa Rita)","CLASIFICACION":"Camino Regional Comunal","CALZADA":"U","tmda":null},"geometry":{"type":"LineString","coordinates":[[-72.76337,-36.73629],[-72.76049,-36.73268],[-72.75697,-36.73188],[-72.75245,-36.72862],[-72.7463,-36.73095],[-72.74084,-36.72966]]}},{"id":"3856","type":"Feature","properties":{"ROL":"O-346","NOMBRE_CAMINO":"Cruce O-390 (Barros Negro) - Cruce O-330 (Santa Rita)","CLASIFICACION":"Camino Regional Comunal","CALZADA":"U","tmda":null},"geometry":{"type":"LineString","coordinates":[[-72.7233,-36.71459],[-72.71816,-36.70978],[-72.70737,-36.70512]]}},{"id":"3857","type":"Feature","properties":{"ROL":"O-850","NOMBRE_CAMINO":"Cruce Ruta 156 (Tricauco) - Cruce Ruta 160 (Colcura)","CLASIFICACION":"Camino Regional Provincial","CALZADA":"U","tmda":275.0},"geometry":{"type":"LineString","coordinates":[[-72.97789,-37.15026],[-72.97784,-37.15188]]}},{"id":"3858","type":"Feature","properties":{"ROL":"O-328","NOMBRE_CAMINO":"Paso Inferior Ruta 152 (El Milagro) - Cruce O-330 (Granerillos)","CLASIFICACION":"Camino Regional Comunal","CALZADA":"U","tmda":null},"geometry":{"type":"LineString","coordinates":[[-72.67415,-36.70799],[-72.67641,-36.70848]]}},{"id":"3859","type":"Feature","properties":{"ROL":"O-860-P","NOMBRE_CAMINO":"Cruce Ruta 156 (Santa Juana) - Papal - Pichilo","CLASIFICACION":"Camino Regional Comunal","CALZADA":"U","tmda":null},"geometry":{"type":"LineString","coordinates":[[-72.98647,-37.18321],[-72.98951,-37.18729],[-73.00034,-37.19352],[-73.00351,-37.19291],[-73.00529,-37.19464]]}},{"id":"3860","type":"Feature","properties":{"ROL":"O-390","NOMBRE_CAMINO":"Paso Superior Ruta 150 (Penco) - Cruce N-48-O (Florida)","CLASIFICACION":"Camino Regional Provincial","CALZADA":"U","tmda":486.0},"geometry":{"type":"LineString","coordinates":[[-72.81541,-36.7383],[-72.81343,-36.73736],[-72.8084,-36.73793],[-72.80624,-36.74024]]}},{"id":"3861","type":"Feature","properties":{"ROL":"O-352","NOMBRE_CAMINO":"Cruce O-350 - Millahue","CLASIFICACION":"Camino Regional de Acceso","CALZADA":"U","tmda":null},"geometry":{"type":"LineString","coordinates":[[-72.77478,-36.70744],[-72.78171,-36.70521]]}},{"id":"3862","type":"Feature","properties":{"ROL":"O-882","NOMBRE_CAMINO":"Santa Juana (Plaza de Armas) - Tanahullín - Balseadero Laja","CLASIFICACION":"Camino Regional de Acceso","CALZADA":"U","tmda":665.0},"geometry":{"type":"LineString","coordinates":[[-72.77017,-37.27483],[-72.76622,-37.27786],[-72.75787,-37.2769],[-72.75336,-37.28032]]}},{"id":"3863","type":"Feature","properties":{"ROL":"O-420","NOMBRE_CAMINO":"Cruce N-48-O (Puente N°7) - Cruce O-390 (Roa)","CLASIFICACION":"Camino Regional Comunal","CALZADA":"U","tmda":null},"geometry":{"type":"LineString","coordinates":[[-72.79801,-36.80889],[-72.79645,-36.80535],[-72.80027,-36.80085],[-72.79606,-36.79814],[-72.79589,-36.7945]]}},{"id":"3864","type":"Feature","properties":{"ROL":"O-390","NOMBRE_CAMINO":"Paso Superior Ruta 150 (Penco) - Cruce N-48-O (Florida)","CLASIFICACION":"Camino Regional Provincial","CALZADA":"U","tmda":null},"geometry":{"type":"LineString","coordinates":[[-72.97785,-36.73713],[-72.9765,-36.73677]]}},{"id":"3865","type":"Feature","properties":{"ROL":"O-882","NOMBRE_CAMINO":"Santa Juana (Plaza de Armas) - Tanahullín - Balseadero Laja","CLASIFICACION":"Camino Regional de Acceso","CALZADA":"U","tmda":665.0},"geometry":{"type":"LineString","coordinates":[[-72.9283,-37.17965],[-72.91326,-37.17944],[-72.89673,-37.1837],[-72.89018,-37.18342],[-72.88563,-37.1855]]}},{"id":"3866","type":"Feature","properties":{"ROL":"O-882","NOMBRE_CAMINO":"Santa Juana (Plaza de Armas) - Tanahullín - Balseadero Laja","CLASIFICACION":"Camino Regional de Acceso","CALZADA":"U","tmda":665.0},"geometry":{"type":"LineString","coordinates":[[-72.81936,-37.24138],[-72.81543,-37.24458]]}},{"id":"3867","type":"Feature","properties":{"ROL":"O-390","NOMBRE_CAMINO":"Paso Superior Ruta 150 (Penco) - Cruce N-48-O (Florida)","CLASIFICACION":"Camino Regional Provincial","CALZADA":"U","tmda":486.0},"geometry":{"type":"LineString","coordinates":[[-72.7849,-36.73936],[-72.78393,-36.74055]]}},{"id":"3868","type":"Feature","properties":{"ROL":"O-330","NOMBRE_CAMINO":"Cruce N-48-O (El Rosario) - Cruce O-66-N (Conuco)","CLASIFICACION":"Camino Regional Comunal","CALZADA":"U","tmda":128.0},"geometry":{"type":"LineString","coordinates":[[-72.67917,-36.73726],[-72.67703,-36.73197],[-72.67187,-36.72684],[-72.67641,-36.70848]]}},{"id":"3869","type":"Feature","properties":{"ROL":"O-860-P","NOMBRE_CAMINO":"Cruce Ruta 156 (Santa Juana) - Papal - Pichilo","CLASIFICACION":"Camino Regional Comunal","CALZADA":"U","tmda":null},"geometry":{"type":"LineString","coordinates":[[-72.95645,-37.17054],[-72.96714,-37.17755],[-72.9845,-37.1814],[-72.98647,-37.18321]]}},{"id":"3870","type":"Feature","properties":{"ROL":"O-350","NOMBRE_CAMINO":"Cruce Ruta 126 S (Rafael) - Villarrica - Cruce O-390 (Roa)","CLASIFICACION":"Camino Regional Comunal","CALZADA":"U","tmda":571.0},"geometry":{"type":"LineString","coordinates":[[-72.77543,-36.66728],[-72.77444,-36.67128]]}},{"id":"3871","type":"Feature","properties":{"ROL":"O-390","NOMBRE_CAMINO":"Paso Superior Ruta 150 (Penco) - Cruce N-48-O (Florida)","CLASIFICACION":"Camino Regional Provincial","CALZADA":"U","tmda":486.0},"geometry":{"type":"LineString","coordinates":[[-72.79685,-36.73772],[-72.79347,-36.73682]]}},{"id":"3872","type":"Feature","properties":{"ROL":"O-882","NOMBRE_CAMINO":"Santa Juana (Plaza de Armas) - Tanahullín - Balseadero Laja","CLASIFICACION":"Camino Regional de Acceso","CALZADA":"U","tmda":665.0},"geometry":{"type":"LineString","coordinates":[[-72.81349,-37.24526],[-72.79934,-37.25163],[-72.79499,-37.26529],[-72.7862,-37.26606],[-72.78135,-37.26811]]}},{"id":"3873","type":"Feature","properties":{"ROL":"O-250","NOMBRE_CAMINO":"Cruce N-14-O (Dichato) - Estación Menque","CLASIFICACION":"Camino Regional Comunal","CALZADA":"U","tmda":308.0},"geometry":{"type":"LineString","coordinates":[[-72.92424,-36.53848],[-72.91858,-36.5373],[-72.91714,-36.53832],[-72.90487,-36.5377],[-72.90145,-36.54124],[-72.89463,-36.54273],[-72.88925,-36.5466],[-72.88089,-36.5471],[-72.87777,-36.55297],[-72.87448,-36.55477],[-72.86723,-36.55363],[-72.8655,-36.55539]]}},{"id":"3874","type":"Feature","properties":{"ROL":"O-670","NOMBRE_CAMINO":"Cruce Ruta 146 (Copiulemu) - Cruce O-680 (El Águila)","CLASIFICACION":"Camino Regional Comunal","CALZADA":"U","tmda":730.0},"geometry":{"type":"LineString","coordinates":[[-72.90925,-36.94071],[-72.91367,-36.94125],[-72.91629,-36.94506],[-72.91903,-36.94634],[-72.92319,-36.9469],[-72.92806,-36.94951],[-72.93121,-36.94939]]}},{"id":"3875","type":"Feature","properties":{"ROL":"O-250","NOMBRE_CAMINO":"Cruce N-14-O (Dichato) - Estación Menque","CLASIFICACION":"Camino Regional Comunal","CALZADA":"U","tmda":308.0},"geometry":{"type":"LineString","coordinates":[[-72.8655,-36.55539],[-72.86512,-36.55895]]}},{"id":"3876","type":"Feature","properties":{"ROL":"O-346","NOMBRE_CAMINO":"Cruce O-390 (Barros Negro) - Cruce O-330 (Santa Rita)","CLASIFICACION":"Camino Regional Comunal","CALZADA":"U","tmda":null},"geometry":{"type":"LineString","coordinates":[[-72.74084,-36.72966],[-72.73553,-36.72761],[-72.73327,-36.72458],[-72.73318,-36.72088],[-72.7233,-36.71459]]}},{"id":"3877","type":"Feature","properties":{"ROL":"O-882","NOMBRE_CAMINO":"Santa Juana (Plaza de Armas) - Tanahullín - Balseadero Laja","CLASIFICACION":"Camino Regional de Acceso","CALZADA":"U","tmda":665.0},"geometry":{"type":"LineString","coordinates":[[-72.93766,-37.1757],[-72.93363,-37.18002],[-72.9283,-37.17965]]}},{"id":"3878","type":"Feature","properties":{"ROL":"Q-60-O","NOMBRE_CAMINO":"Cruce Ruta 146 (Cabrero) - Yumbel - Hualqui - Concepción","CLASIFICACION":"Camino Regional Principal","CALZADA":"U","tmda":102.0},"geometry":{"type":"LineString","coordinates":[[-72.71564,-37.13287],[-72.72735,-37.13337],[-72.72797,-37.1309],[-72.73165,-37.13084]]}},{"id":"3879","type":"Feature","properties":{"ROL":"Q-80","NOMBRE_CAMINO":"Cruce Ruta 5 (Mulchén) - Negrete - Coihue","CLASIFICACION":"Camino Regional Principal","CALZADA":"U","tmda":297.0},"geometry":{"type":"LineString","coordinates":[[-72.49555,-37.62064],[-72.50826,-37.61045]]}},{"id":"3880","type":"Feature","properties":{"ROL":"Q-543","NOMBRE_CAMINO":"Cruce Q-509 (La Reserva) - Cruce Q-503 (San Luis)","CLASIFICACION":"Camino Regional Comunal","CALZADA":"U","tmda":null},"geometry":{"type":"LineString","coordinates":[[-72.1687,-37.48898],[-72.16868,-37.47958],[-72.17489,-37.48143],[-72.17436,-37.47735]]}},{"id":"3881","type":"Feature","properties":{"ROL":"Q-250","NOMBRE_CAMINO":"Cruce Q-200 (Santa Elcira) - Cruce Q-34 (Laja)\n","CLASIFICACION":"Camino Regional Comunal","CALZADA":"U","tmda":393.0},"geometry":{"type":"LineString","coordinates":[[-72.52971,-37.36408],[-72.53158,-37.36148],[-72.53213,-37.35677],[-72.53453,-37.35159]]}},{"id":"3882","type":"Feature","properties":{"ROL":"Q-705","NOMBRE_CAMINO":"Mulchén (Puente Granaderos) - Quilaco - Loncopanque - Porvenir","CLASIFICACION":"Camino Regional Provincial","CALZADA":"U","tmda":1014.0},"geometry":{"type":"LineString","coordinates":[[-71.98883,-37.68979],[-71.96594,-37.698],[-71.9582,-37.69636],[-71.94852,-37.69652],[-71.93799,-37.7008],[-71.9278,-37.70691],[-71.9051,-37.71256]]}},{"id":"3883","type":"Feature","properties":{"ROL":"Q-80","NOMBRE_CAMINO":"Cruce Ruta 5 (Mulchén) - Negrete - Coihue","CLASIFICACION":"Camino Regional Principal","CALZADA":"U","tmda":297.0},"geometry":{"type":"LineString","coordinates":[[-72.40592,-37.65549],[-72.41679,-37.65372]]}},{"id":"3884","type":"Feature","properties":{"ROL":"Q-105","NOMBRE_CAMINO":"Cruce Ruta 177 (Los Ángeles) - Santa Clara - Cruce Q-119 (Salto del Laja)","CLASIFICACION":"Camino Regional Provincial","CALZADA":"U","tmda":2983.0},"geometry":{"type":"LineString","coordinates":[[-72.29854,-37.35577],[-72.28778,-37.35441],[-72.28112,-37.35006]]}},{"id":"3885","type":"Feature","properties":{"ROL":"Q-730","NOMBRE_CAMINO":"Cruce Q-754 (Río Claro) - Turquía - San Rosendo (Plaza de Armas)","CLASIFICACION":"Camino Regional Comunal","CALZADA":"U","tmda":null},"geometry":{"type":"LineString","coordinates":[[-72.62057,-37.20358],[-72.62332,-37.20574]]}},{"id":"3886","type":"Feature","properties":{"ROL":"Q-722-O","NOMBRE_CAMINO":"Cruce Q-60-O (Rere) - San Onofre - Hualqui","CLASIFICACION":"Camino Regional Comunal","CALZADA":"U","tmda":136.0},"geometry":{"type":"LineString","coordinates":[[-72.76586,-37.05983],[-72.76958,-37.0586]]}},{"id":"3887","type":"Feature","properties":{"ROL":"Q-60-O","NOMBRE_CAMINO":"Cruce Ruta 146 (Cabrero) - Yumbel - Hualqui - Concepción","CLASIFICACION":"Camino Regional Principal","CALZADA":"U","tmda":269.0},"geometry":{"type":"LineString","coordinates":[[-72.60265,-37.09326],[-72.61395,-37.09744],[-72.62128,-37.09666],[-72.62448,-37.09836],[-72.63251,-37.09728],[-72.63706,-37.09859],[-72.64442,-37.09659],[-72.64966,-37.09958],[-72.65009,-37.10213],[-72.65217,-37.104],[-72.66695,-37.1035],[-72.67401,-37.10742],[-72.68761,-37.11028],[-72.69304,-37.11303],[-72.70726,-37.11393],[-72.71021,-37.1195],[-72.70983,-37.12183],[-72.71157,-37.12671],[-72.71153,-37.12953],[-72.70924,-37.13179],[-72.71564,-37.13287]]}},{"id":"3888","type":"Feature","properties":{"ROL":"Q-110","NOMBRE_CAMINO":"Cruce Ruta 5 (Paso Superior) - El Pino - Cruce Q-300 (Los Troncos)","CLASIFICACION":"Camino Regional Comunal","CALZADA":"U","tmda":690.0},"geometry":{"type":"LineString","coordinates":[[-72.42748,-37.27503],[-72.42622,-37.28073],[-72.42719,-37.28249]]}},{"id":"3889","type":"Feature","properties":{"ROL":"Q-510","NOMBRE_CAMINO":"Cabrero (Calle Florida) - Paso Hondo","CLASIFICACION":"Camino Regional Comunal (En Proceso de Enrolamiento)","CALZADA":"U","tmda":662.0},"geometry":{"type":"LineString","coordinates":[[-72.49695,-36.92448],[-72.51202,-36.9233]]}},{"id":"3890","type":"Feature","properties":{"ROL":"Q-250","NOMBRE_CAMINO":"Cruce Q-200 (Santa Elcira) - Cruce Q-34 (Laja)\n","CLASIFICACION":"Camino Regional Comunal","CALZADA":"U","tmda":393.0},"geometry":{"type":"LineString","coordinates":[[-72.42263,-37.37652],[-72.44869,-37.38099],[-72.47838,-37.38249]]}},{"id":"3891","type":"Feature","properties":{"ROL":"Q-115","NOMBRE_CAMINO":"Cruce Q-105 (Puente Curanadú) - Cruce Q-105 (Salto del Laja)","CLASIFICACION":"Camino Regional Comunal","CALZADA":"U","tmda":397.0},"geometry":{"type":"LineString","coordinates":[[-72.30557,-37.29544],[-72.30674,-37.27715]]}},{"id":"3892","type":"Feature","properties":{"ROL":"Q-650","NOMBRE_CAMINO":"Cruce Ruta 5 (Licura) - Munilque - Cruce Q-80 (Negrete)","CLASIFICACION":"Camino Regional Provincial","CALZADA":"U","tmda":null},"geometry":{"type":"LineString","coordinates":[[-72.42648,-37.58157],[-72.42659,-37.57661],[-72.42764,-37.57663]]}},{"id":"3893","type":"Feature","properties":{"ROL":"Q-155","NOMBRE_CAMINO":"Cruce Q-105 (El Despacho) - Cruce Q-115 (Esquina Verde)","CLASIFICACION":"Camino Regional Comunal","CALZADA":"U","tmda":null},"geometry":{"type":"LineString","coordinates":[[-72.26873,-37.31995],[-72.27906,-37.31912]]}},{"id":"3894","type":"Feature","properties":{"ROL":"Q-543","NOMBRE_CAMINO":"Cruce Q-509 (La Reserva) - Cruce Q-503 (San Luis)","CLASIFICACION":"Camino Regional Comunal","CALZADA":"U","tmda":null},"geometry":{"type":"LineString","coordinates":[[-72.17436,-37.47735],[-72.17417,-37.47613]]}},{"id":"3895","type":"Feature","properties":{"ROL":"Q-510","NOMBRE_CAMINO":"Cabrero (Calle Florida) - Paso Hondo","CLASIFICACION":"Camino Regional Comunal","CALZADA":"U","tmda":662.0},"geometry":{"type":"LineString","coordinates":[[-72.46113,-36.9716],[-72.46516,-36.95248],[-72.46792,-36.94772],[-72.48034,-36.94379],[-72.48591,-36.93755],[-72.49698,-36.9348]]}},{"id":"3896","type":"Feature","properties":{"ROL":"Q-705","NOMBRE_CAMINO":"Mulchén (Puente Granaderos) - Quilaco - Loncopanque - Porvenir","CLASIFICACION":"Camino Regional Provincial","CALZADA":"U","tmda":1638.0},"geometry":{"type":"LineString","coordinates":[[-72.00068,-37.68464],[-72.001,-37.68749],[-71.98883,-37.68979]]}},{"id":"3897","type":"Feature","properties":{"ROL":"Q-705","NOMBRE_CAMINO":"Mulchén (Puente Granaderos) - Quilaco - Loncopanque - Porvenir","CLASIFICACION":"Camino Regional Provincial","CALZADA":"U","tmda":2010.0},"geometry":{"type":"LineString","coordinates":[[-72.23074,-37.71691],[-72.22593,-37.71446],[-72.22342,-37.71168],[-72.22037,-37.71118],[-72.18658,-37.69458],[-72.16943,-37.68869],[-72.15414,-37.67753],[-72.14895,-37.67677],[-72.14459,-37.67371],[-72.1388,-37.67275]]}},{"id":"3898","type":"Feature","properties":{"ROL":"Q-387","NOMBRE_CAMINO":"Cruce Q-385 (Villa Mercedes) - Las Hijuelas","CLASIFICACION":"Camino Regional Comunal","CALZADA":"U","tmda":null},"geometry":{"type":"LineString","coordinates":[[-71.96833,-37.40839],[-71.96684,-37.4053]]}},{"id":"3899","type":"Feature","properties":{"ROL":"Q-500","NOMBRE_CAMINO":"Cruce Ruta 146 (Cabrero) - Cruce Q-510 (Lomas de Angol)","CLASIFICACION":"Camino Regional Comunal","CALZADA":"U","tmda":null},"geometry":{"type":"LineString","coordinates":[[-72.40013,-37.00301],[-72.40188,-36.99314],[-72.40553,-36.99207]]}},{"id":"3900","type":"Feature","properties":{"ROL":"Q-469","NOMBRE_CAMINO":"Cruce Q-45 (Canteras) - Quilleco - Cruce Q-45 (Villa Mercedes)","CLASIFICACION":"Camino Regional Comunal","CALZADA":"U","tmda":451.0},"geometry":{"type":"LineString","coordinates":[[-71.97635,-37.46844],[-71.95443,-37.46379],[-71.94778,-37.45684]]}},{"id":"3901","type":"Feature","properties":{"ROL":"Q-110","NOMBRE_CAMINO":"Cruce Ruta 5 (Paso Superior) - El Pino - Cruce Q-300 (Los Troncos)","CLASIFICACION":"Camino Regional Comunal","CALZADA":"U","tmda":690.0},"geometry":{"type":"LineString","coordinates":[[-72.38965,-37.22744],[-72.39445,-37.22992]]}},{"id":"3902","type":"Feature","properties":{"ROL":"Q-115","NOMBRE_CAMINO":"Cruce Q-105 (Puente Curanadú) - Cruce Q-105 (Salto del Laja)","CLASIFICACION":"Camino Regional Comunal","CALZADA":"U","tmda":397.0},"geometry":{"type":"LineString","coordinates":[[-72.30746,-37.26692],[-72.30796,-37.25667]]}},{"id":"3903","type":"Feature","properties":{"ROL":"Q-530","NOMBRE_CAMINO":"Cruce Ruta 180 (El Ciruelo) - Río Biobío - Cruce Ruta 180 (Casas Blancas)","CLASIFICACION":"Camino Regional Comunal","CALZADA":"U","tmda":null},"geometry":{"type":"LineString","coordinates":[[-72.45349,-37.48093],[-72.46027,-37.51421]]}},{"id":"3904","type":"Feature","properties":{"ROL":"Q-754","NOMBRE_CAMINO":"Cruce Av. Bernardo O'Higgins (Yumbel) - Cruce Q-730 (Río Claro)","CLASIFICACION":"Camino Regional Comunal","CALZADA":"U","tmda":1011.0},"geometry":{"type":"LineString","coordinates":[[-72.55495,-37.11993],[-72.5581,-37.12265],[-72.55756,-37.12647],[-72.56289,-37.12836],[-72.56786,-37.12853],[-72.57014,-37.13482],[-72.57652,-37.14127],[-72.577,-37.14408],[-72.57982,-37.14687],[-72.58995,-37.17086],[-72.59559,-37.17824]]}},{"id":"3905","type":"Feature","properties":{"ROL":"Q-288","NOMBRE_CAMINO":"Cruce Q-34 (Millantú) - Cementerio - Cruce Q-34","CLASIFICACION":"Camino Regional Comunal","CALZADA":"U","tmda":null},"geometry":{"type":"LineString","coordinates":[[-72.62409,-37.39778],[-72.62721,-37.39857]]}},{"id":"3906","type":"Feature","properties":{"ROL":"Q-705","NOMBRE_CAMINO":"Mulchén (Puente Granaderos) - Quilaco - Loncopanque - Porvenir","CLASIFICACION":"Camino Regional Provincial","CALZADA":"U","tmda":1014.0},"geometry":{"type":"LineString","coordinates":[[-71.77449,-37.7678],[-71.77353,-37.76827]]}},{"id":"3907","type":"Feature","properties":{"ROL":"Q-45","NOMBRE_CAMINO":"Cruce Ruta 177 (Los Ángeles) - Antuco - Laguna Laja - Paso Pichachén","CLASIFICACION":"Camino Regional Principal","CALZADA":"U","tmda":394.0},"geometry":{"type":"LineString","coordinates":[[-71.48899,-37.37528],[-71.48557,-37.37876],[-71.47826,-37.38097],[-71.47323,-37.38588],[-71.46936,-37.38673],[-71.46605,-37.39037],[-71.45652,-37.39547]]}},{"id":"3908","type":"Feature","properties":{"ROL":"Q-503","NOMBRE_CAMINO":"Cruce Ruta 177 (Socabío) - El Peral - Cruce Q-447 (Escuela Chacayal Sur)","CLASIFICACION":"Camino Regional Comunal","CALZADA":"U","tmda":null},"geometry":{"type":"LineString","coordinates":[[-72.20927,-37.48489],[-72.19544,-37.48538],[-72.1932,-37.47578],[-72.17221,-37.47605],[-72.16001,-37.46946],[-72.15667,-37.46933]]}},{"id":"3909","type":"Feature","properties":{"ROL":"Q-609","NOMBRE_CAMINO":"Cruce Q-605 (Villucura) - Cruce Q-561 (San Lorenzo)","CLASIFICACION":"Camino Regional Comunal","CALZADA":"U","tmda":null},"geometry":{"type":"LineString","coordinates":[[-71.87692,-37.54275],[-71.86753,-37.53344],[-71.85587,-37.52955],[-71.84901,-37.51828],[-71.84177,-37.51204],[-71.83752,-37.51063],[-71.8322,-37.51082]]}},{"id":"3910","type":"Feature","properties":{"ROL":"Q-730","NOMBRE_CAMINO":"Cruce Q-754 (Río Claro) - Turquía - San Rosendo (Plaza de Armas)","CLASIFICACION":"Camino Regional Comunal","CALZADA":"U","tmda":null},"geometry":{"type":"LineString","coordinates":[[-72.68459,-37.25009],[-72.69788,-37.24737],[-72.70587,-37.24845],[-72.70878,-37.2476],[-72.71153,-37.24916],[-72.71242,-37.25429],[-72.71473,-37.25553],[-72.71449,-37.25688],[-72.71621,-37.25713],[-72.72316,-37.26328]]}},{"id":"3911","type":"Feature","properties":{"ROL":"Q-613","NOMBRE_CAMINO":"Cruce Q-61 (Puente Calderón) - Río Biobío","CLASIFICACION":"Camino Regional Comunal","CALZADA":"U","tmda":null},"geometry":{"type":"LineString","coordinates":[[-72.16433,-37.62328],[-72.175,-37.65408]]}},{"id":"3912","type":"Feature","properties":{"ROL":"Q-722-O","NOMBRE_CAMINO":"Cruce Q-60-O (Rere) - San Onofre - Hualqui","CLASIFICACION":"Camino Regional Comunal","CALZADA":"U","tmda":136.0},"geometry":{"type":"LineString","coordinates":[[-72.763,-37.0875],[-72.7657,-37.08581],[-72.7661,-37.08155],[-72.76392,-37.07863],[-72.76401,-37.07289],[-72.75871,-37.06992],[-72.75737,-37.0677],[-72.76586,-37.05983]]}},{"id":"3913","type":"Feature","properties":{"ROL":"Q-681","NOMBRE_CAMINO":"Cruce Q-61 (Los Junquillos) - El Huachi - Quillaileo","CLASIFICACION":"Camino Regional Comunal","CALZADA":"U","tmda":488.0},"geometry":{"type":"LineString","coordinates":[[-71.86956,-37.67558],[-71.86528,-37.66065],[-71.86215,-37.66027]]}},{"id":"3914","type":"Feature","properties":{"ROL":"Q-60-O","NOMBRE_CAMINO":"Cruce Ruta 146 (Cabrero) - Yumbel - Hualqui - Concepción","CLASIFICACION":"Camino Regional Principal","CALZADA":"U","tmda":2453.0},"geometry":{"type":"LineString","coordinates":[[-72.56924,-37.09807],[-72.58608,-37.09154],[-72.60265,-37.09326]]}},{"id":"3915","type":"Feature","properties":{"ROL":"Q-786","NOMBRE_CAMINO":"Cruce Q-780 - Cruce Q-730 (San Rosendo)","CLASIFICACION":"Camino Regional Comunal","CALZADA":"U","tmda":null},"geometry":{"type":"LineString","coordinates":[[-72.72487,-37.26127],[-72.72316,-37.26328]]}},{"id":"3916","type":"Feature","properties":{"ROL":"Q-288","NOMBRE_CAMINO":"Cruce Q-34 (Millantú) - Cementerio - Cruce Q-34","CLASIFICACION":"Camino Regional Comunal","CALZADA":"U","tmda":null},"geometry":{"type":"LineString","coordinates":[[-72.61982,-37.39714],[-72.62409,-37.39778]]}},{"id":"3917","type":"Feature","properties":{"ROL":"Q-60-O","NOMBRE_CAMINO":"Cruce Ruta 146 (Cabrero) - Yumbel - Hualqui - Concepción","CLASIFICACION":"Camino Regional Principal","CALZADA":"U","tmda":117.0},"geometry":{"type":"LineString","coordinates":[[-72.90893,-37.16139],[-72.91148,-37.16116],[-72.9138,-37.16261],[-72.91711,-37.16081],[-72.91816,-37.15224],[-72.92264,-37.14782],[-72.93055,-37.14356],[-72.93825,-37.12847]]}},{"id":"3918","type":"Feature","properties":{"ROL":"Q-460","NOMBRE_CAMINO":"San José de Dollinco - Mitrinhue","CLASIFICACION":"Sin Información","CALZADA":"U","tmda":569.0},"geometry":{"type":"LineString","coordinates":[[-72.76693,-37.45446],[-72.78047,-37.45793],[-72.79695,-37.45711],[-72.80065,-37.45558],[-72.81306,-37.45589],[-72.82498,-37.45745],[-72.83174,-37.46016]]}},{"id":"3919","type":"Feature","properties":{"ROL":"Q-447","NOMBRE_CAMINO":"Cruce Q-45 (El Álamo) - Chacayal - Cruce Q-469 (Los Tableros)","CLASIFICACION":"Camino Regional Comunal","CALZADA":"U","tmda":336.0},"geometry":{"type":"LineString","coordinates":[[-72.18505,-37.4327],[-72.18445,-37.43837],[-72.1799,-37.43873],[-72.17464,-37.44129]]}},{"id":"3920","type":"Feature","properties":{"ROL":"Q-469","NOMBRE_CAMINO":"Cruce Q-45 (Canteras) - Quilleco - Cruce Q-45 (Villa Mercedes)","CLASIFICACION":"Camino Regional Comunal","CALZADA":"U","tmda":451.0},"geometry":{"type":"LineString","coordinates":[[-71.94778,-37.45684],[-71.94668,-37.45603]]}},{"id":"3921","type":"Feature","properties":{"ROL":"Q-205","NOMBRE_CAMINO":"Cruce Q-105 (Santa Clara) - Casas Blancas","CLASIFICACION":"Camino Regional de Acceso","CALZADA":"U","tmda":null},"geometry":{"type":"LineString","coordinates":[[-72.29972,-37.3719],[-72.28991,-37.37018],[-72.28367,-37.36518],[-72.26567,-37.36402]]}},{"id":"3922","type":"Feature","properties":{"ROL":"Q-510","NOMBRE_CAMINO":"Cabrero (Calle Florida) - Paso Hondo","CLASIFICACION":"Camino Regional Comunal","CALZADA":"U","tmda":662.0},"geometry":{"type":"LineString","coordinates":[[-72.43717,-36.99875],[-72.44187,-36.99056],[-72.44672,-36.98926],[-72.45048,-36.9822],[-72.45434,-36.97961],[-72.46113,-36.9716]]}},{"id":"3923","type":"Feature","properties":{"ROL":"Q-754","NOMBRE_CAMINO":"Cruce Av. Bernardo O'Higgins (Yumbel) - Cruce Q-730 (Río Claro)","CLASIFICACION":"Camino Regional Comunal","CALZADA":"U","tmda":1011.0},"geometry":{"type":"LineString","coordinates":[[-72.61227,-37.1805],[-72.61364,-37.18059],[-72.61573,-37.18417],[-72.61865,-37.19197],[-72.62052,-37.19211]]}},{"id":"3924","type":"Feature","properties":{"ROL":"Q-705","NOMBRE_CAMINO":"Mulchén (Puente Granaderos) - Quilaco - Loncopanque - Porvenir","CLASIFICACION":"Camino Regional Provincial","CALZADA":"U","tmda":1014.0},"geometry":{"type":"LineString","coordinates":[[-71.9051,-37.71256],[-71.89159,-37.71676],[-71.8823,-37.71553],[-71.87865,-37.71679],[-71.86104,-37.71082],[-71.85309,-37.71373],[-71.84725,-37.71429],[-71.81639,-37.72846],[-71.81464,-37.73096],[-71.81492,-37.73615],[-71.80682,-37.74194]]}},{"id":"3925","type":"Feature","properties":{"ROL":"Q-650","NOMBRE_CAMINO":"Cruce Ruta 5 (Licura) - Munilque - Cruce Q-80 (Negrete)","CLASIFICACION":"Camino Regional Provincial","CALZADA":"U","tmda":null},"geometry":{"type":"LineString","coordinates":[[-72.47751,-37.59163],[-72.47844,-37.59302],[-72.48177,-37.59322],[-72.51675,-37.58966]]}},{"id":"3926","type":"Feature","properties":{"ROL":"Q-250","NOMBRE_CAMINO":"Cruce Q-200 (Santa Elcira) - Cruce Q-34 (Laja)\n","CLASIFICACION":"Camino Regional Comunal","CALZADA":"U","tmda":393.0},"geometry":{"type":"LineString","coordinates":[[-72.63704,-37.27953],[-72.64345,-37.27998]]}},{"id":"3927","type":"Feature","properties":{"ROL":"Q-60-O","NOMBRE_CAMINO":"Cruce Ruta 146 (Cabrero) - Yumbel - Hualqui - Concepción","CLASIFICACION":"Camino Regional Principal","CALZADA":"U","tmda":709.0},"geometry":{"type":"LineString","coordinates":[[-72.9469,-37.11468],[-72.95167,-37.11213],[-72.95466,-37.10729],[-72.95172,-37.10288],[-72.95816,-37.07962]]}},{"id":"3928","type":"Feature","properties":{"ROL":"Q-484","NOMBRE_CAMINO":"Coihue - Tambillo","CLASIFICACION":"Camino Regional de Acceso (En Proceso de Enrolamiento)","CALZADA":"U","tmda":null},"geometry":{"type":"LineString","coordinates":[[-72.59738,-37.55449],[-72.6076,-37.55719]]}},{"id":"3929","type":"Feature","properties":{"ROL":"Q-699","NOMBRE_CAMINO":"Ralco - Trapa Trapa","CLASIFICACION":"Camino Regional de Acceso (En Proceso de Enrolamiento)","CALZADA":"U","tmda":647.0},"geometry":{"type":"LineString","coordinates":[[-71.63638,-37.8828],[-71.63514,-37.88368],[-71.62643,-37.88149]]}},{"id":"3930","type":"Feature","properties":{"ROL":"Q-501","NOMBRE_CAMINO":"Cruce Ruta 177 (Cementerio) - Cruce Q-45 (San Antonio)","CLASIFICACION":"Camino Regional Comunal","CALZADA":"U","tmda":null},"geometry":{"type":"LineString","coordinates":[[-72.32635,-37.47259],[-72.28317,-37.46382],[-72.28484,-37.4578]]}},{"id":"3931","type":"Feature","properties":{"ROL":"Q-778","NOMBRE_CAMINO":"Cruce Q-730 (Turquía) - Cruce Q-780 (Alto Peñaflor)","CLASIFICACION":"Camino Regional de Acceso","CALZADA":"U","tmda":null},"geometry":{"type":"LineString","coordinates":[[-72.65346,-37.23119],[-72.66166,-37.23089]]}},{"id":"3932","type":"Feature","properties":{"ROL":"Q-110","NOMBRE_CAMINO":"Cruce Ruta 5 (Paso Superior) - El Pino - Cruce Q-300 (Los Troncos)","CLASIFICACION":"Camino Regional Comunal","CALZADA":"U","tmda":690.0},"geometry":{"type":"LineString","coordinates":[[-72.40574,-37.23685],[-72.40733,-37.23789]]}},{"id":"3933","type":"Feature","properties":{"ROL":"Q-510","NOMBRE_CAMINO":"Cabrero (Calle Florida) - Paso Hondo","CLASIFICACION":"Camino Regional Comunal","CALZADA":"U","tmda":662.0},"geometry":{"type":"LineString","coordinates":[[-72.42674,-37.01549],[-72.43717,-36.99875]]}},{"id":"3934","type":"Feature","properties":{"ROL":"Q-262","NOMBRE_CAMINO":"Cruce Ruta 5 (Los Ángeles) - Cruce Q-34 (Millantú)","CLASIFICACION":"Camino Regional Comunal","CALZADA":"U","tmda":null},"geometry":{"type":"LineString","coordinates":[[-72.40239,-37.44459],[-72.41329,-37.43813],[-72.4622,-37.41658],[-72.49735,-37.40618]]}},{"id":"3935","type":"Feature","properties":{"ROL":"Q-543","NOMBRE_CAMINO":"Cruce Q-509 (La Reserva) - Cruce Q-503 (San Luis)","CLASIFICACION":"Camino Regional Comunal","CALZADA":"U","tmda":null},"geometry":{"type":"LineString","coordinates":[[-72.21451,-37.4911],[-72.19415,-37.49116]]}},{"id":"3936","type":"Feature","properties":{"ROL":"Q-510","NOMBRE_CAMINO":"Cabrero (Calle Florida) - Paso Hondo","CLASIFICACION":"Camino Regional Comunal","CALZADA":"U","tmda":662.0},"geometry":{"type":"LineString","coordinates":[[-72.4089,-37.02902],[-72.41985,-37.02272]]}},{"id":"3937","type":"Feature","properties":{"ROL":"Q-447","NOMBRE_CAMINO":"Cruce Q-45 (El Álamo) - Chacayal - Cruce Q-469 (Los Tableros)","CLASIFICACION":"Camino Regional Comunal","CALZADA":"U","tmda":336.0},"geometry":{"type":"LineString","coordinates":[[-72.16444,-37.44395],[-72.15165,-37.44486],[-72.14623,-37.44693],[-72.12453,-37.44694]]}},{"id":"3938","type":"Feature","properties":{"ROL":"Q-681","NOMBRE_CAMINO":"Cruce Q-61 (Los Junquillos) - El Huachi - Quillaileo","CLASIFICACION":"Camino Regional Comunal","CALZADA":"U","tmda":488.0},"geometry":{"type":"LineString","coordinates":[[-71.78044,-37.63954],[-71.77471,-37.6402],[-71.7724,-37.64192]]}},{"id":"3939","type":"Feature","properties":{"ROL":"Q-129","NOMBRE_CAMINO":"Cruce Ruta 5 (Paso Superior) - Cruce Q-119 (El Pinar)","CLASIFICACION":"Camino Regional Comunal","CALZADA":"U","tmda":null},"geometry":{"type":"LineString","coordinates":[[-72.38965,-37.22744],[-72.38686,-37.22592],[-72.37404,-37.22356]]}},{"id":"3940","type":"Feature","properties":{"ROL":"Q-650","NOMBRE_CAMINO":"Cruce Ruta 5 (Licura) - Munilque - Cruce Q-80 (Negrete)","CLASIFICACION":"Camino Regional Provincial","CALZADA":"U","tmda":null},"geometry":{"type":"LineString","coordinates":[[-72.27681,-37.64722],[-72.30628,-37.64455],[-72.31815,-37.63976],[-72.32469,-37.63894]]}},{"id":"3941","type":"Feature","properties":{"ROL":"Q-110","NOMBRE_CAMINO":"Cruce Ruta 5 (Paso Superior) - El Pino - Cruce Q-300 (Los Troncos)","CLASIFICACION":"Camino Regional Comunal","CALZADA":"U","tmda":690.0},"geometry":{"type":"LineString","coordinates":[[-72.42828,-37.27141],[-72.42748,-37.27503]]}},{"id":"3942","type":"Feature","properties":{"ROL":"Q-510","NOMBRE_CAMINO":"Cabrero (Calle Florida) - Paso Hondo","CLASIFICACION":"Camino Regional Comunal","CALZADA":"U","tmda":662.0},"geometry":{"type":"LineString","coordinates":[[-72.41985,-37.02272],[-72.42395,-37.01997],[-72.42674,-37.01549]]}},{"id":"3943","type":"Feature","properties":{"ROL":"Q-722-O","NOMBRE_CAMINO":"Cruce Q-60-O (Rere) - San Onofre - Hualqui","CLASIFICACION":"Camino Regional Comunal","CALZADA":"U","tmda":136.0},"geometry":{"type":"LineString","coordinates":[[-72.73165,-37.13084],[-72.73485,-37.1284],[-72.73603,-37.12203],[-72.73803,-37.11935],[-72.73746,-37.11772],[-72.73901,-37.11642],[-72.73914,-37.113],[-72.74138,-37.10913],[-72.74206,-37.10584],[-72.74101,-37.10049],[-72.74454,-37.10011],[-72.74801,-37.09335],[-72.75357,-37.09145],[-72.75575,-37.08938],[-72.763,-37.0875]]}},{"id":"3944","type":"Feature","properties":{"ROL":"Q-110","NOMBRE_CAMINO":"Cruce Ruta 5 (Paso Superior) - El Pino - Cruce Q-300 (Los Troncos)","CLASIFICACION":"Camino Regional Comunal","CALZADA":"U","tmda":690.0},"geometry":{"type":"LineString","coordinates":[[-72.39445,-37.22992],[-72.40574,-37.23685]]}},{"id":"3945","type":"Feature","properties":{"ROL":"Q-605","NOMBRE_CAMINO":"Cruce Q-61 (Llano Blanco) - Villucura - Cruce Q-679 (Los Maitenes)","CLASIFICACION":"Camino Regional Comunal","CALZADA":"U","tmda":165.0},"geometry":{"type":"LineString","coordinates":[[-71.91147,-37.55481],[-71.90272,-37.55982]]}},{"id":"3946","type":"Feature","properties":{"ROL":"Q-681","NOMBRE_CAMINO":"Cruce Q-61 (Los Junquillos) - El Huachi - Quillaileo","CLASIFICACION":"Camino Regional Comunal","CALZADA":"U","tmda":488.0},"geometry":{"type":"LineString","coordinates":[[-71.88917,-37.69951],[-71.87796,-37.69123],[-71.87081,-37.68191],[-71.86956,-37.67558]]}},{"id":"3947","type":"Feature","properties":{"ROL":"Q-555","NOMBRE_CAMINO":"Cruce Ruta 5 (La Mata Norte) - Cruce Q-97-N (Charrúa)","CLASIFICACION":"Camino Regional Comunal","CALZADA":"U","tmda":940.0},"geometry":{"type":"LineString","coordinates":[[-72.38863,-37.14907],[-72.37021,-37.15126],[-72.34912,-37.15087]]}},{"id":"3948","type":"Feature","properties":{"ROL":"Q-650","NOMBRE_CAMINO":"Cruce Ruta 5 (Licura) - Munilque - Cruce Q-80 (Negrete)","CLASIFICACION":"Camino Regional Provincial","CALZADA":"U","tmda":null},"geometry":{"type":"LineString","coordinates":[[-72.51675,-37.58966],[-72.52353,-37.58863]]}},{"id":"3949","type":"Feature","properties":{"ROL":"Q-730","NOMBRE_CAMINO":"Cruce Q-754 (Río Claro) - Turquía - San Rosendo (Plaza de Armas)","CLASIFICACION":"Camino Regional Comunal","CALZADA":"U","tmda":null},"geometry":{"type":"LineString","coordinates":[[-72.65338,-37.23133],[-72.65958,-37.23585],[-72.6636,-37.23671],[-72.66397,-37.23929],[-72.66723,-37.24266],[-72.67634,-37.24463],[-72.68459,-37.25009]]}},{"id":"3950","type":"Feature","properties":{"ROL":"Q-80","NOMBRE_CAMINO":"Cruce Ruta 5 (Mulchén) - Negrete - Coihue","CLASIFICACION":"Camino Regional Principal","CALZADA":"U","tmda":297.0},"geometry":{"type":"LineString","coordinates":[[-72.44976,-37.63804],[-72.46473,-37.63398]]}},{"id":"3951","type":"Feature","properties":{"ROL":"Q-550","NOMBRE_CAMINO":"Cruce Ruta 5 (Duqueco) - La Isla","CLASIFICACION":"Camino Regional de Acceso","CALZADA":"U","tmda":null},"geometry":{"type":"LineString","coordinates":[[-72.30432,-37.55288],[-72.37255,-37.54999]]}},{"id":"3952","type":"Feature","properties":{"ROL":"Q-631","NOMBRE_CAMINO":"Cruce Ruta 5 (San Carlos de Purén) - Cruce Q-61 (Mañil)","CLASIFICACION":"Camino Regional Comunal","CALZADA":"U","tmda":815.0},"geometry":{"type":"LineString","coordinates":[[-72.2106,-37.59858],[-72.18893,-37.60632]]}},{"id":"3953","type":"Feature","properties":{"ROL":"Q-500","NOMBRE_CAMINO":"Cruce Ruta 146 (Cabrero) - Cruce Q-510 (Lomas de Angol)","CLASIFICACION":"Camino Regional Comunal","CALZADA":"U","tmda":null},"geometry":{"type":"LineString","coordinates":[[-72.39726,-37.01553],[-72.39662,-37.01335],[-72.40013,-37.00301]]}},{"id":"3954","type":"Feature","properties":{"ROL":"Q-262","NOMBRE_CAMINO":"Cruce Ruta 5 (Los Ángeles) - Cruce Q-34 (Millantú)","CLASIFICACION":"Camino Regional Comunal","CALZADA":"U","tmda":null},"geometry":{"type":"LineString","coordinates":[[-72.61328,-37.40053],[-72.61624,-37.40077],[-72.62022,-37.39623]]}},{"id":"3955","type":"Feature","properties":{"ROL":"Q-605","NOMBRE_CAMINO":"Cruce Q-61 (Llano Blanco) - Villucura - Cruce Q-679 (Los Maitenes)","CLASIFICACION":"Camino Regional Comunal","CALZADA":"U","tmda":81.0},"geometry":{"type":"LineString","coordinates":[[-72.0746,-37.56128],[-72.04727,-37.55724]]}},{"id":"3956","type":"Feature","properties":{"ROL":"Q-543","NOMBRE_CAMINO":"Cruce Q-509 (La Reserva) - Cruce Q-503 (San Luis)","CLASIFICACION":"Camino Regional Comunal","CALZADA":"U","tmda":null},"geometry":{"type":"LineString","coordinates":[[-72.1687,-37.491],[-72.1687,-37.48898]]}},{"id":"3957","type":"Feature","properties":{"ROL":"Q-80","NOMBRE_CAMINO":"Cruce Ruta 5 (Mulchén) - Negrete - Coihue","CLASIFICACION":"Camino Regional Principal","CALZADA":"U","tmda":297.0},"geometry":{"type":"LineString","coordinates":[[-72.36963,-37.68817],[-72.37819,-37.67889]]}},{"id":"3958","type":"Feature","properties":{"ROL":"Q-105","NOMBRE_CAMINO":"Cruce Ruta 177 (Los Ángeles) - Santa Clara - Cruce Q-119 (Salto del Laja)","CLASIFICACION":"Camino Regional Provincial","CALZADA":"U","tmda":1268.0},"geometry":{"type":"LineString","coordinates":[[-72.2472,-37.32723],[-72.23688,-37.31875],[-72.23561,-37.31408],[-72.22768,-37.30362],[-72.21915,-37.30443],[-72.21549,-37.30145],[-72.21385,-37.2982],[-72.19801,-37.2893],[-72.19777,-37.2863]]}},{"id":"3959","type":"Feature","properties":{"ROL":"Q-510","NOMBRE_CAMINO":"Cabrero (Calle Florida) - Paso Hondo","CLASIFICACION":"Camino Regional Comunal (En Proceso de Enrolamiento)","CALZADA":"U","tmda":662.0},"geometry":{"type":"LineString","coordinates":[[-72.49698,-36.9348],[-72.49571,-36.92602],[-72.49695,-36.92448]]}},{"id":"3960","type":"Feature","properties":{"ROL":"Q-305","NOMBRE_CAMINO":"Cruce Q-45 (Humán) - Cruce Q-351 (Santa Isabel)","CLASIFICACION":"Camino Regional Comunal","CALZADA":"U","tmda":1780.0},"geometry":{"type":"LineString","coordinates":[[-72.2423,-37.43976],[-72.27462,-37.43575],[-72.29631,-37.43518]]}},{"id":"3961","type":"Feature","properties":{"ROL":"Q-451","NOMBRE_CAMINO":"Cruce Q-45 - Las Viñas - Cruce Q-447","CLASIFICACION":"Camino Regional Comunal","CALZADA":"U","tmda":null},"geometry":{"type":"LineString","coordinates":[[-72.12363,-37.42956],[-72.12277,-37.43076],[-72.12439,-37.4456],[-72.12276,-37.44687]]}},{"id":"3962","type":"Feature","properties":{"ROL":"Q-447","NOMBRE_CAMINO":"Cruce Q-45 (El Álamo) - Chacayal - Cruce Q-469 (Los Tableros)","CLASIFICACION":"Camino Regional Comunal","CALZADA":"U","tmda":336.0},"geometry":{"type":"LineString","coordinates":[[-72.12453,-37.44694],[-72.09957,-37.44644]]}},{"id":"3963","type":"Feature","properties":{"ROL":"Q-983","NOMBRE_CAMINO":"Cruce N-59-Q (Tucapel) - Monte Verde - Cruce Q-965 (Trupán)","CLASIFICACION":"Camino Regional Comunal","CALZADA":"U","tmda":null},"geometry":{"type":"LineString","coordinates":[[-71.95,-37.29417],[-71.94659,-37.29407],[-71.94464,-37.29741],[-71.93843,-37.29867]]}},{"id":"3964","type":"Feature","properties":{"ROL":"Q-605","NOMBRE_CAMINO":"Cruce Q-61 (Llano Blanco) - Villucura - Cruce Q-679 (Los Maitenes)","CLASIFICACION":"Camino Regional Comunal","CALZADA":"U","tmda":81.0},"geometry":{"type":"LineString","coordinates":[[-72.00636,-37.55199],[-72.00306,-37.55171]]}},{"id":"3965","type":"Feature","properties":{"ROL":"Q-679","NOMBRE_CAMINO":"Cruce Q-61 (Los Mayos) - Cruce Q-681 (Los Maitenes)","CLASIFICACION":"Camino Regional Comunal","CALZADA":"U","tmda":null},"geometry":{"type":"LineString","coordinates":[[-71.93763,-37.68318],[-71.93392,-37.67532],[-71.93462,-37.67256]]}},{"id":"3966","type":"Feature","properties":{"ROL":"Q-559","NOMBRE_CAMINO":"Cruce Q-449 (Las Chupallas) - Cruce Q-575 (El Retobo)","CLASIFICACION":"Camino Regional Comunal","CALZADA":"U","tmda":null},"geometry":{"type":"LineString","coordinates":[[-72.05102,-37.5151],[-72.05141,-37.51964],[-72.04804,-37.52121],[-72.02914,-37.52257],[-72.02149,-37.52067]]}},{"id":"3967","type":"Feature","properties":{"ROL":"Q-351","NOMBRE_CAMINO":"Cruce Q-105 (Los Ángeles) - Cruce N-59-Q (Cerro Colorado)","CLASIFICACION":"Camino Regional Comunal","CALZADA":"U","tmda":4328.0},"geometry":{"type":"LineString","coordinates":[[-72.2326,-37.40886],[-72.22742,-37.40654],[-72.21604,-37.40466],[-72.17455,-37.38737],[-72.16497,-37.38507],[-72.14634,-37.38314],[-72.14586,-37.37113]]}},{"id":"3968","type":"Feature","properties":{"ROL":"Q-605","NOMBRE_CAMINO":"Cruce Q-61 (Llano Blanco) - Villucura - Cruce Q-679 (Los Maitenes)","CLASIFICACION":"Camino Regional Comunal","CALZADA":"U","tmda":165.0},"geometry":{"type":"LineString","coordinates":[[-71.92048,-37.55013],[-71.91147,-37.55481]]}},{"id":"3969","type":"Feature","properties":{"ROL":"Q-705","NOMBRE_CAMINO":"Mulchén (Puente Granaderos) - Quilaco - Loncopanque - Porvenir","CLASIFICACION":"Camino Regional Provincial","CALZADA":"U","tmda":1014.0},"geometry":{"type":"LineString","coordinates":[[-71.77353,-37.76827],[-71.76658,-37.77408],[-71.76442,-37.77763],[-71.75807,-37.7785],[-71.75143,-37.78207],[-71.74349,-37.79278],[-71.74014,-37.79498],[-71.73934,-37.79702],[-71.7366,-37.7978]]}},{"id":"3970","type":"Feature","properties":{"ROL":"Q-498","NOMBRE_CAMINO":"Cruce Ruta 180 (Estación Rihue) - San Gabriel","CLASIFICACION":"Camino Regional de Acceso","CALZADA":"U","tmda":null},"geometry":{"type":"LineString","coordinates":[[-72.59176,-37.62572],[-72.62865,-37.62575]]}},{"id":"3971","type":"Feature","properties":{"ROL":"Q-509","NOMBRE_CAMINO":"Cruce Q-61 (Las Higueras) - Las Ranchas - Cruce Q-503 (El Peral)","CLASIFICACION":"Camino Regional Comunal","CALZADA":"U","tmda":null},"geometry":{"type":"LineString","coordinates":[[-72.19154,-37.49777],[-72.21007,-37.49667]]}},{"id":"3972","type":"Feature","properties":{"ROL":"Q-509","NOMBRE_CAMINO":"Cruce Q-61 (Las Higueras) - Las Ranchas - Cruce Q-503 (El Peral)","CLASIFICACION":"Camino Regional Comunal","CALZADA":"U","tmda":null},"geometry":{"type":"LineString","coordinates":[[-72.18325,-37.51259],[-72.18311,-37.51013]]}},{"id":"3973","type":"Feature","properties":{"ROL":"Q-509","NOMBRE_CAMINO":"Cruce Q-61 (Las Higueras) - Las Ranchas - Cruce Q-503 (El Peral)","CLASIFICACION":"Camino Regional Comunal","CALZADA":"U","tmda":null},"geometry":{"type":"LineString","coordinates":[[-72.22969,-37.52887],[-72.20144,-37.53569],[-72.20229,-37.51897]]}},{"id":"3974","type":"Feature","properties":{"ROL":"N-892-Q","NOMBRE_CAMINO":"Cruce N-860 (Huenucheo) - Cruce Q-510 (Las Pataguas)","CLASIFICACION":"Camino Regional Comunal","CALZADA":"U","tmda":799.0},"geometry":{"type":"LineString","coordinates":[[-72.47028,-36.9126],[-72.47188,-36.91429],[-72.473,-36.92506],[-72.47641,-36.93773],[-72.47345,-36.9461]]}},{"id":"3975","type":"Feature","properties":{"ROL":"Q-615","NOMBRE_CAMINO":"Calderones - Puente Duqueco","CLASIFICACION":"Camino Regional Comunal (En Proceso de Enrolamiento)","CALZADA":"U","tmda":null},"geometry":{"type":"LineString","coordinates":[[-72.07718,-37.5761],[-72.07561,-37.57489]]}},{"id":"3976","type":"Feature","properties":{"ROL":"Q-573-N","NOMBRE_CAMINO":"Cruce Q-97-N (Cholguán) - Pangal del Laja - Cruce Q-119 (Escuela Saltos del Laja)","CLASIFICACION":"Camino Regional Comunal","CALZADA":"U","tmda":null},"geometry":{"type":"LineString","coordinates":[[-72.33404,-37.199],[-72.33578,-37.19942]]}},{"id":"3977","type":"Feature","properties":{"ROL":"S/R-N-597-Q","NOMBRE_CAMINO":"Cruce Q-901-N (Ranchillo) - El Progreso","CLASIFICACION":"Camino Regional Comunal (En Proceso de Enrolamiento)","CALZADA":"U","tmda":null},"geometry":{"type":"LineString","coordinates":[[-72.27747,-37.06805],[-72.28187,-37.06493]]}},{"id":"4387","type":"Feature","properties":{"ROL":"URBQ320","NOMBRE_CAMINO":"Camino Antiguo a Nacimiento","CLASIFICACION":"Camino Regional Comunal (Conexión Vial Urbana)","CALZADA":"U","tmda":null},"geometry":{"type":"LineString","coordinates":[[-72.70031,-37.48365],[-72.68816,-37.49002]]}},{"id":"4388","type":"Feature","properties":{"ROL":"URBQ322","NOMBRE_CAMINO":"Calle Pastor Lepe","CLASIFICACION":"Camino Regional Comunal (Conexión Vial Urbana)","CALZADA":"U","tmda":null},"geometry":{"type":"LineString","coordinates":[[-72.68816,-37.49002],[-72.6885,-37.48697],[-72.69022,-37.48579]]}},{"id":"4389","type":"Feature","properties":{"ROL":"Q-340","NOMBRE_CAMINO":"Cruce Q-380 (Puente Bautmann) - Taboleo - El Águila - Cruce Q-350 (Diuquín)","CLASIFICACION":"Camino Regional Comunal","CALZADA":"U","tmda":null},"geometry":{"type":"LineString","coordinates":[[-72.69022,-37.48579],[-72.68986,-37.4798],[-72.69157,-37.47579],[-72.69095,-37.46698]]}},{"id":"4390","type":"Feature","properties":{"ROL":"Q-380","NOMBRE_CAMINO":"Cruce Ruta 156 (Las Maravillas) - Cruce Q-340 (Puente Bautmann)","CLASIFICACION":"Camino Regional Comunal","CALZADA":"U","tmda":null},"geometry":{"type":"LineString","coordinates":[[-72.72994,-37.46139],[-72.72678,-37.46229],[-72.72377,-37.46755],[-72.72032,-37.46977],[-72.71429,-37.47019]]}},{"id":"9924","type":"Feature","properties":{"ROL":"Ruta 160","NOMBRE_CAMINO":"Concepción - Tres Pinos - Lebu","CLASIFICACION":"Camino Nacional","CALZADA":null,"tmda":null},"geometry":{"type":"LineString","coordinates":[[-73.07614,-36.84356],[-73.08567,-36.83926],[-73.12051,-36.83741],[-73.12617,-36.83868],[-73.12956,-36.84224],[-73.15988,-36.96896],[-73.15737,-36.97471],[-73.14727,-36.98109],[-73.14508,-36.99016],[-73.1304,-37.01045],[-73.13206,-37.01642],[-73.1354,-37.02206],[-73.13502,-37.0388],[-73.14247,-37.04676],[-73.13971,-37.05804],[-73.14501,-37.06998],[-73.14344,-37.07213],[-73.13844,-37.07199],[-73.13645,-37.0735],[-73.13825,-37.07753],[-73.13683,-37.08127],[-73.13964,-37.08465],[-73.13759,-37.08965],[-73.13966,-37.09242],[-73.14032,-37.09658],[-73.14966,-37.10078],[-73.14801,-37.10229],[-73.14327,-37.10118],[-73.13829,-37.10428],[-73.14255,-37.10835],[-73.1485,-37.11098],[-73.14837,-37.11886],[-73.15826,-37.12215],[-73.16298,-37.12194],[-73.171,-37.12928],[-73.16888,-37.13081],[-73.17108,-37.13271],[-73.17142,-37.13895],[-73.16789,-37.14084],[-73.16299,-37.14085],[-73.16678,-37.1424],[-73.17858,-37.15226],[-73.17863,-37.15563],[-73.17564,-37.15654],[-73.17844,-37.16024],[-73.17654,-37.16333],[-73.18316,-37.17385],[-73.18314,-37.18169],[-73.18963,-37.18483],[-73.1958,-37.18553],[-73.20103,-37.19013],[-73.22898,-37.237],[-73.23235,-37.24508],[-73.23804,-37.24872],[-73.23958,-37.25226],[-73.23821,-37.25668],[-73.2444,-37.27379],[-73.26201,-37.30087],[-73.26637,-37.30978],[-73.27321,-37.3161],[-73.28563,-37.32096],[-73.29367,-37.32584],[-73.30496,-37.33593],[-73.30904,-37.34138],[-73.32235,-37.35256],[-73.33588,-37.36907],[-73.35525,-37.44116],[-73.36132,-37.4562],[-73.37069,-37.46497],[-73.37738,-37.46517],[-73.38281,-37.4686],[-73.38879,-37.47569],[-73.39457,-37.48754],[-73.40455,-37.49408],[-73.40371,-37.49998],[-73.40758,-37.50548],[-73.40793,-37.51054],[-73.41515,-37.51645],[-73.42014,-37.5354],[-73.42538,-37.54468],[-73.42431,-37.54608],[-73.41954,-37.54648],[-73.41326,-37.55204],[-73.41263,-37.55504],[-73.41678,-37.56731],[-73.41452,-37.57139],[-73.41702,-37.57838],[-73.40888,-37.58394],[-73.40887,-37.58581],[-73.41203,-37.58916],[-73.41261,-37.59188],[-73.40582,-37.6014],[-73.40657,-37.60476],[-73.41471,-37.61612],[-73.41583,-37.62136],[-73.41938,-37.6245],[-73.43581,-37.62677],[-73.46486,-37.62772],[-73.47404,-37.63039],[-73.47999,-37.63526],[-73.48602,-37.64993],[-73.52108,-37.67],[-73.52784,-37.6722],[-73.54577,-37.66801],[-73.54965,-37.66322],[-73.55219,-37.65464],[-73.55419,-37.6532],[-73.58029,-37.64934],[-73.62165,-37.64809],[-73.62962,-37.64453],[-73.63535,-37.64386],[-73.63873,-37.63951],[-73.64695,-37.63279],[-73.65539,-37.62665],[-73.65905,-37.62549],[-73.66091,-37.62004],[-73.66778,-37.61564],[-73.66868,-37.61084],[-73.66687,-37.60864],[-73.66419,-37.60813],[-73.65809,-37.61011]]}},{"id":"9925","type":"Feature","properties":{"ROL":"Ruta 160","NOMBRE_CAMINO":"Concepción - Tres Pinos - Lebu","CLASIFICACION":"Camino Nacional","CALZADA":null,"tmda":null},"geometry":{"type":"LineString","coordinates":[[-73.08908,-36.83905],[-73.12133,-36.83752],[-73.12607,-36.83874],[-73.12927,-36.84188],[-73.15964,-36.96761],[-73.15943,-36.97121],[-73.15754,-36.97437],[-73.14701,-36.98117],[-73.14507,-36.98992],[-73.13027,-37.0106],[-73.13529,-37.02211],[-73.13493,-37.03896],[-73.14202,-37.04688],[-73.13958,-37.05822],[-73.14487,-37.06993],[-73.14343,-37.07201],[-73.13848,-37.07188],[-73.13633,-37.07344],[-73.13809,-37.0774],[-73.1367,-37.08132],[-73.13949,-37.08472],[-73.13745,-37.08964],[-73.13951,-37.09243],[-73.14025,-37.09669],[-73.14953,-37.10064],[-73.148,-37.10218],[-73.14319,-37.10109],[-73.13816,-37.10435],[-73.1425,-37.10847],[-73.14839,-37.11105],[-73.1483,-37.11897],[-73.15818,-37.12225],[-73.16291,-37.12204],[-73.17081,-37.12922],[-73.16873,-37.13081],[-73.17091,-37.13267],[-73.17126,-37.13895],[-73.16771,-37.14079],[-73.16285,-37.14085],[-73.16669,-37.1425],[-73.17842,-37.15225],[-73.17842,-37.15568],[-73.1755,-37.15656],[-73.17828,-37.16024],[-73.1764,-37.16332],[-73.18306,-37.174],[-73.18302,-37.18173],[-73.18959,-37.18493],[-73.19584,-37.18568],[-73.20095,-37.19025],[-73.22883,-37.23699],[-73.23229,-37.24522],[-73.23795,-37.24882],[-73.23944,-37.25232],[-73.23807,-37.25668],[-73.24431,-37.27388],[-73.26203,-37.30109],[-73.26584,-37.30931],[-73.27326,-37.31628],[-73.28554,-37.32105],[-73.29353,-37.32588],[-73.30489,-37.33604],[-73.30895,-37.34147],[-73.32232,-37.35272],[-73.33568,-37.36896],[-73.35517,-37.44132],[-73.3612,-37.45623],[-73.37073,-37.46513],[-73.37743,-37.46531],[-73.38266,-37.46864],[-73.38872,-37.47582],[-73.39451,-37.48764],[-73.40445,-37.49414],[-73.40357,-37.49991],[-73.40749,-37.50559],[-73.40788,-37.51074],[-73.41504,-37.51651],[-73.42006,-37.53546],[-73.42524,-37.54467],[-73.4241,-37.54605],[-73.41947,-37.54644],[-73.4131,-37.55221],[-73.41253,-37.55515],[-73.41665,-37.56734],[-73.41442,-37.57149],[-73.41688,-37.57843],[-73.40876,-37.58391],[-73.4088,-37.58597],[-73.41191,-37.5892],[-73.41247,-37.59201],[-73.40612,-37.59908],[-73.40573,-37.60136],[-73.40649,-37.60479],[-73.41472,-37.61624],[-73.41577,-37.62126]]}},{"id":"9926","type":"Feature","properties":{"ROL":"P-776","NOMBRE_CAMINO":"Cruce P-72-S - Playa Pilico","CLASIFICACION":"Camino Regional Comunal","CALZADA":null,"tmda":null},"geometry":{"type":"LineString","coordinates":[[-73.49602,-38.46681],[-73.50086,-38.46596],[-73.50401,-38.468],[-73.50669,-38.46693],[-73.51234,-38.46767],[-73.52008,-38.47015]]}},{"id":"9927","type":"Feature","properties":{"ROL":"P-778","NOMBRE_CAMINO":"Cruce P-776 (Pilico) - Casa de Piedra","CLASIFICACION":"Camino Regional de Acceso","CALZADA":null,"tmda":null},"geometry":{"type":"LineString","coordinates":[[-73.49833,-38.46633],[-73.50261,-38.47251],[-73.5065,-38.47321],[-73.51001,-38.47713],[-73.5122,-38.47778]]}},{"id":"9928","type":"Feature","properties":{"ROL":"P-780","NOMBRE_CAMINO":"Cruce P-770-S (Quilantahue) - Escuela Esperanza","CLASIFICACION":"Camino Regional de Acceso","CALZADA":null,"tmda":null},"geometry":{"type":"LineString","coordinates":[[-73.47551,-38.44791],[-73.4566,-38.43884],[-73.45077,-38.44131],[-73.44601,-38.44014]]}},{"id":"9929","type":"Feature","properties":{"ROL":"P-768","NOMBRE_CAMINO":"Cruce P-72-S - Los Chilcos","CLASIFICACION":"Camino Regional de Acceso","CALZADA":null,"tmda":null},"geometry":{"type":"LineString","coordinates":[[-73.50409,-38.43996],[-73.50491,-38.44096],[-73.51616,-38.44093],[-73.51832,-38.44243],[-73.51957,-38.44623],[-73.51813,-38.44532]]}},{"id":"9930","type":"Feature","properties":{"ROL":"P-774","NOMBRE_CAMINO":"Cruce P-72-S - Bajo Quilantahue","CLASIFICACION":"Camino Regional de Acceso","CALZADA":null,"tmda":null},"geometry":{"type":"LineString","coordinates":[[-73.49834,-38.45622],[-73.51301,-38.45752],[-73.51652,-38.45514],[-73.51504,-38.45415],[-73.51678,-38.45261],[-73.52073,-38.45161]]}},{"id":"9931","type":"Feature","properties":{"ROL":"P-162-S","NOMBRE_CAMINO":"Cruce S-40 (Ranquilco) - Villa Araucaria - Los Maquis - Cruce P-752-S (Loncotripay), Sector: Límite Regional - Loncotripay","CLASIFICACION":"Camino Regional Provincial","CALZADA":null,"tmda":null},"geometry":{"type":"LineString","coordinates":[[-73.28587,-38.45915],[-73.29187,-38.45744],[-73.29447,-38.45374],[-73.30066,-38.45037],[-73.30328,-38.44737],[-73.30124,-38.44618],[-73.30485,-38.44502],[-73.30454,-38.44064],[-73.30688,-38.43797],[-73.30942,-38.43873],[-73.31331,-38.43671],[-73.31365,-38.43286],[-73.31968,-38.43136],[-73.32147,-38.42958],[-73.32231,-38.42585],[-73.32995,-38.42295],[-73.33064,-38.41964],[-73.33473,-38.41734],[-73.33951,-38.41217],[-73.34494,-38.41113],[-73.35126,-38.40785],[-73.35415,-38.40803],[-73.35845,-38.40477],[-73.36264,-38.40557],[-73.36897,-38.40415],[-73.37125,-38.40534],[-73.37344,-38.40394],[-73.38145,-38.40286],[-73.38272,-38.39956],[-73.38598,-38.39886],[-73.38652,-38.39404]]}},{"id":"9932","type":"Feature","properties":{"ROL":"P-802","NOMBRE_CAMINO":"Cruce P-162-S - Los Maquis","CLASIFICACION":"Camino Regional de Acceso","CALZADA":null,"tmda":null},"geometry":{"type":"LineString","coordinates":[[-73.33468,-38.41738],[-73.32896,-38.41819],[-73.32813,-38.41739],[-73.32905,-38.41624]]}},{"id":"9933","type":"Feature","properties":{"ROL":"P-752-S","NOMBRE_CAMINO":"Cruce P-72-S (Tirúa) - Loncotripay - Aillinco - Cruce S-126 (Trovolhue), Sector: Tirúa - Límite Regional","CLASIFICACION":"Camino Regional Provincial","CALZADA":null,"tmda":409.0},"geometry":{"type":"LineString","coordinates":[[-73.48673,-38.34974],[-73.47837,-38.35382],[-73.4753,-38.35702],[-73.47196,-38.35643],[-73.47225,-38.35535],[-73.46206,-38.35612],[-73.46113,-38.35862],[-73.45776,-38.35789],[-73.45094,-38.36151],[-73.44395,-38.36238],[-73.44356,-38.36561],[-73.43101,-38.36938],[-73.42553,-38.37464],[-73.42281,-38.37242],[-73.41731,-38.37408],[-73.40717,-38.37321],[-73.39241,-38.37683],[-73.39033,-38.37914],[-73.39028,-38.38652],[-73.38637,-38.39521],[-73.38819,-38.40105],[-73.38997,-38.4028],[-73.39009,-38.4052],[-73.38817,-38.40713],[-73.38968,-38.40979]]}},{"id":"9934","type":"Feature","properties":{"ROL":"P-772","NOMBRE_CAMINO":"Cruce P-72-S (Alto Quilantahue) - Cruce P-770-S (Bajo Quilantahue)","CLASIFICACION":"Camino Regional Comunal","CALZADA":null,"tmda":null},"geometry":{"type":"LineString","coordinates":[[-73.49815,-38.45591],[-73.49357,-38.45463],[-73.48551,-38.45851],[-73.48184,-38.4576]]}},{"id":"9935","type":"Feature","properties":{"ROL":"P-770-S","NOMBRE_CAMINO":"Cruce P-72-S (Primera Agua) - Alto Quilantahue - Cruce S-72-P (La Suerte), Sector: Primera Agua - Límite Regional","CLASIFICACION":"Camino Regional Provincial","CALZADA":null,"tmda":null},"geometry":{"type":"LineString","coordinates":[[-73.49169,-38.41034],[-73.49139,-38.41211],[-73.49007,-38.41155],[-73.48876,-38.41337],[-73.47961,-38.41437],[-73.47706,-38.41833],[-73.47468,-38.4243],[-73.47612,-38.43057],[-73.47895,-38.43366]]}},{"id":"9936","type":"Feature","properties":{"ROL":"P-748","NOMBRE_CAMINO":"Cruce P-770-S (Cerro Negro) - Cruce P-752-S (Cuyel)","CLASIFICACION":"Camino Regional Comunal","CALZADA":null,"tmda":null},"geometry":{"type":"LineString","coordinates":[[-73.47768,-38.41753],[-73.47492,-38.41618],[-73.47172,-38.41127],[-73.46602,-38.40969],[-73.46079,-38.40628],[-73.4495,-38.41033],[-73.44658,-38.41426],[-73.43936,-38.4149],[-73.43547,-38.4101],[-73.43208,-38.40875],[-73.42744,-38.40964],[-73.42334,-38.40728],[-73.42145,-38.40842],[-73.41745,-38.40574],[-73.40997,-38.40438],[-73.40496,-38.3992],[-73.40627,-38.39751],[-73.41139,-38.39647],[-73.41296,-38.38767],[-73.41707,-38.38319],[-73.42228,-38.37988],[-73.4212,-38.37844],[-73.42295,-38.3781],[-73.42188,-38.37723],[-73.42282,-38.37356],[-73.42166,-38.37329],[-73.42295,-38.37245]]}},{"id":"9937","type":"Feature","properties":{"ROL":"P-766","NOMBRE_CAMINO":"Cruce P-72-S (Primera Agua) - Comillahue - Cruce P-72-S (Bajo El Molino)","CLASIFICACION":"Camino Regional Comunal","CALZADA":null,"tmda":null},"geometry":{"type":"LineString","coordinates":[[-73.50114,-38.40886],[-73.5064,-38.41335],[-73.51499,-38.41414],[-73.51775,-38.41561],[-73.52056,-38.42279],[-73.51151,-38.42966],[-73.50115,-38.42675],[-73.50307,-38.42521]]}},{"id":"9938","type":"Feature","properties":{"ROL":"P-764","NOMBRE_CAMINO":"Cruce P-766 (Comillahue) - Playa","CLASIFICACION":"Camino Regional de Acceso","CALZADA":null,"tmda":null},"geometry":{"type":"LineString","coordinates":[[-73.51584,-38.41495],[-73.51565,-38.40973],[-73.51948,-38.40828],[-73.52186,-38.40468],[-73.52312,-38.40583]]}},{"id":"9939","type":"Feature","properties":{"ROL":"P-762","NOMBRE_CAMINO":"Cruce P-760 (Huenupil) - La Machi","CLASIFICACION":"Camino Regional de Acceso","CALZADA":null,"tmda":null},"geometry":{"type":"LineString","coordinates":[[-73.50176,-38.38741],[-73.50812,-38.38989],[-73.51,-38.3946],[-73.51626,-38.39466],[-73.51947,-38.39968],[-73.52185,-38.39956],[-73.52117,-38.40037],[-73.52238,-38.40066],[-73.52119,-38.40149],[-73.5243,-38.40353]]}},{"id":"9940","type":"Feature","properties":{"ROL":"P-760","NOMBRE_CAMINO":"Cruce P-72-S (Tranicura) - Cruce P-72-S (Huenupil)","CLASIFICACION":"Camino Regional Comunal","CALZADA":null,"tmda":null},"geometry":{"type":"LineString","coordinates":[[-73.50193,-38.39076],[-73.50015,-38.38412],[-73.50121,-38.3819],[-73.49997,-38.38003],[-73.50137,-38.37963]]}},{"id":"9941","type":"Feature","properties":{"ROL":"P-744","NOMBRE_CAMINO":"Cruce P-72-S - Puente de Tierra","CLASIFICACION":"Camino Regional de Acceso","CALZADA":null,"tmda":null},"geometry":{"type":"LineString","coordinates":[[-73.50653,-38.37676],[-73.50833,-38.37648],[-73.51227,-38.38467],[-73.51572,-38.38662],[-73.5136,-38.38687]]}},{"id":"9942","type":"Feature","properties":{"ROL":"P-746","NOMBRE_CAMINO":"Cruce P-752-S - Escuela Agua El Molino","CLASIFICACION":"Camino Regional Comunal","CALZADA":null,"tmda":null},"geometry":{"type":"LineString","coordinates":[[-73.41065,-38.37374],[-73.41183,-38.37112],[-73.40262,-38.36893],[-73.40177,-38.3702],[-73.39878,-38.37008],[-73.39826,-38.37161]]}},{"id":"9943","type":"Feature","properties":{"ROL":"P-782","NOMBRE_CAMINO":"Cruce P-746 (Agua El Molino) - Matraquín","CLASIFICACION":"Camino Regional de Acceso","CALZADA":null,"tmda":null},"geometry":{"type":"LineString","coordinates":[[-73.41188,-38.37121],[-73.41518,-38.37127],[-73.41888,-38.368],[-73.4265,-38.36548],[-73.43225,-38.35964],[-73.43002,-38.35899],[-73.42906,-38.36056],[-73.42442,-38.36073],[-73.41905,-38.35618],[-73.41913,-38.35322],[-73.40605,-38.35432],[-73.3942,-38.35006],[-73.38837,-38.35173]]}},{"id":"9944","type":"Feature","properties":{"ROL":"P-788","NOMBRE_CAMINO":"Cruce P-950-R (La Campana) - Cruce R-658 (Matraquín)","CLASIFICACION":"Camino Regional Comunal","CALZADA":null,"tmda":null},"geometry":{"type":"LineString","coordinates":[[-73.36241,-38.33538],[-73.3661,-38.33461],[-73.37352,-38.33688],[-73.36888,-38.33891],[-73.37229,-38.33947],[-73.37384,-38.34102],[-73.3744,-38.34454],[-73.37679,-38.34594],[-73.37521,-38.34682],[-73.37549,-38.34852],[-73.36999,-38.34815],[-73.36479,-38.35007],[-73.36138,-38.35994],[-73.35867,-38.36179],[-73.35871,-38.36367],[-73.35446,-38.36778],[-73.35293,-38.37365],[-73.34952,-38.3762],[-73.33147,-38.36923],[-73.32151,-38.37274],[-73.30535,-38.37436]]}},{"id":"9945","type":"Feature","properties":{"ROL":"P-950-R","NOMBRE_CAMINO":"Cruce R-90-P (Relún) - La Campana - Cruce P-72-S (Tirúa), Sector: Límite Regional - Tirúa","CLASIFICACION":"Camino Regional Provincial","CALZADA":null,"tmda":null},"geometry":{"type":"LineString","coordinates":[[-73.33062,-38.34732],[-73.33611,-38.34397],[-73.34401,-38.34129],[-73.35301,-38.34258],[-73.35823,-38.34107],[-73.36308,-38.33477],[-73.36779,-38.33356],[-73.37387,-38.33401],[-73.37892,-38.33287],[-73.38952,-38.33543],[-73.39374,-38.33489],[-73.401,-38.33802],[-73.40636,-38.33705],[-73.41414,-38.33155],[-73.41663,-38.33219],[-73.42071,-38.33042],[-73.42509,-38.33185],[-73.42723,-38.33118],[-73.42813,-38.32889],[-73.45616,-38.32262],[-73.47105,-38.32781],[-73.47738,-38.33164],[-73.4814,-38.33192],[-73.48387,-38.34085],[-73.49149,-38.34433]]}},{"id":"9946","type":"Feature","properties":{"ROL":"P-756","NOMBRE_CAMINO":"Cruce P-72-S (Tirúa) - Cruce P-72-S (Cancha de Aviación)","CLASIFICACION":"Camino Regional Comunal","CALZADA":null,"tmda":null},"geometry":{"type":"LineString","coordinates":[[-73.48938,-38.34868],[-73.48747,-38.34997],[-73.48872,-38.35526],[-73.48763,-38.35852]]}},{"id":"9947","type":"Feature","properties":{"ROL":"P-758","NOMBRE_CAMINO":"Cruce P-72-S - Cruce P-756 (Las Misiones)","CLASIFICACION":"Camino Regional Comunal","CALZADA":null,"tmda":null},"geometry":{"type":"LineString","coordinates":[[-73.50133,-38.36435],[-73.49979,-38.36103],[-73.49544,-38.35783],[-73.49394,-38.35441],[-73.4883,-38.35122]]}},{"id":"9948","type":"Feature","properties":{"ROL":"P-754","NOMBRE_CAMINO":"Cruce P-758 (Las Misiones) - Anillén","CLASIFICACION":"Camino Regional Comunal","CALZADA":null,"tmda":null},"geometry":{"type":"LineString","coordinates":[[-73.50015,-38.36168],[-73.50233,-38.3609],[-73.50198,-38.3539],[-73.49914,-38.35033],[-73.49947,-38.34901],[-73.49713,-38.34692],[-73.49494,-38.34704]]}},{"id":"9949","type":"Feature","properties":{"ROL":"P-72-S","NOMBRE_CAMINO":"Cruce P-60-R (Peleco) - Tirúa - Tranapuente - Cruce S-40, Sector: Peleco - Límite Regional","CLASIFICACION":"Camino Regional Principal","CALZADA":null,"tmda":2291.0},"geometry":{"type":"LineString","coordinates":[[-73.37882,-37.8655],[-73.37651,-37.87878],[-73.39251,-37.89188],[-73.39952,-37.90474],[-73.39616,-37.92354],[-73.40623,-37.94346],[-73.40275,-37.96714],[-73.38908,-38.01247],[-73.39897,-38.05535],[-73.38717,-38.08951],[-73.39122,-38.11541],[-73.39009,-38.12177],[-73.39397,-38.14556],[-73.42511,-38.19164],[-73.45125,-38.21365],[-73.45907,-38.22666],[-73.46899,-38.23156],[-73.47065,-38.23849],[-73.48305,-38.24695],[-73.48993,-38.24958],[-73.50153,-38.25149],[-73.50809,-38.25721],[-73.50871,-38.2659],[-73.50732,-38.26798],[-73.50321,-38.26965],[-73.49638,-38.28439],[-73.49192,-38.28774],[-73.48856,-38.29798],[-73.48885,-38.30052],[-73.48349,-38.30737],[-73.48213,-38.31148],[-73.48532,-38.31736],[-73.48439,-38.32225],[-73.49505,-38.34158],[-73.49284,-38.34491],[-73.49113,-38.34452],[-73.48931,-38.34876],[-73.48393,-38.35138],[-73.47966,-38.35972],[-73.48124,-38.36043],[-73.48965,-38.35816],[-73.49337,-38.36152],[-73.49835,-38.36198],[-73.5011,-38.36383],[-73.50144,-38.36648],[-73.50652,-38.37431],[-73.50654,-38.37676],[-73.50411,-38.38016],[-73.49588,-38.37812],[-73.4933,-38.37937],[-73.49213,-38.38152],[-73.49303,-38.38351],[-73.50162,-38.38957],[-73.50091,-38.39629],[-73.49854,-38.40201],[-73.50163,-38.41096],[-73.5002,-38.41662],[-73.50147,-38.42041],[-73.50471,-38.42335],[-73.49955,-38.4269],[-73.50109,-38.43104],[-73.50297,-38.43238],[-73.5041,-38.44105],[-73.49807,-38.44592],[-73.49736,-38.4543],[-73.49975,-38.45934],[-73.49693,-38.46331],[-73.49395,-38.47203]]}},{"id":"9950","type":"Feature","properties":{"ROL":"P-778","NOMBRE_CAMINO":"Cruce P-776 (Pilico) - Casa de Piedra","CLASIFICACION":"Camino Regional de Acceso","CALZADA":null,"tmda":null},"geometry":{"type":"LineString","coordinates":[[-73.5122,-38.47778],[-73.51467,-38.47935],[-73.51379,-38.47992],[-73.51491,-38.48106],[-73.51694,-38.48067]]}},{"id":"9951","type":"Feature","properties":{"ROL":"P-780","NOMBRE_CAMINO":"Cruce P-770-S (Quilantahue) - Escuela Esperanza","CLASIFICACION":"Camino Regional de Acceso","CALZADA":null,"tmda":null},"geometry":{"type":"LineString","coordinates":[[-73.44601,-38.44014],[-73.44126,-38.43646]]}},{"id":"9952","type":"Feature","properties":{"ROL":"P-738","NOMBRE_CAMINO":"Cruce P-72-S - Cruce P-72-S (Manqueche)","CLASIFICACION":"Camino Regional Comunal","CALZADA":null,"tmda":null},"geometry":{"type":"LineString","coordinates":[[-73.4996,-38.27744],[-73.49969,-38.2812],[-73.49699,-38.28648],[-73.49214,-38.28951],[-73.49207,-38.29201],[-73.48995,-38.29368]]}},{"id":"9953","type":"Feature","properties":{"ROL":"P-742","NOMBRE_CAMINO":"Cruce P-72-S (Manqueche) - Cruce P-950-R (La Campana)","CLASIFICACION":"Camino Regional Comunal","CALZADA":null,"tmda":null},"geometry":{"type":"LineString","coordinates":[[-73.48874,-38.29743],[-73.48243,-38.29878],[-73.48192,-38.30052],[-73.4779,-38.30357],[-73.47404,-38.30494],[-73.47508,-38.30762],[-73.47341,-38.31287],[-73.46747,-38.31103],[-73.45973,-38.31505],[-73.46231,-38.31993],[-73.46584,-38.3223],[-73.4669,-38.32689]]}},{"id":"9954","type":"Feature","properties":{"ROL":"P-740","NOMBRE_CAMINO":"Cruce P-90-R (Las Huellas) - Cruce P-742 (Canihual)","CLASIFICACION":"Camino Regional Comunal","CALZADA":null,"tmda":null},"geometry":{"type":"LineString","coordinates":[[-73.38027,-38.27497],[-73.38234,-38.27847],[-73.38509,-38.27994],[-73.38623,-38.28466],[-73.39443,-38.28435],[-73.3991,-38.28868],[-73.40154,-38.29295],[-73.40365,-38.29374],[-73.40536,-38.29211],[-73.40477,-38.28741],[-73.40835,-38.28601],[-73.41911,-38.28983],[-73.43203,-38.2889],[-73.4365,-38.2926],[-73.44441,-38.29647],[-73.44982,-38.29562],[-73.45114,-38.29671],[-73.44945,-38.29954],[-73.45031,-38.30382],[-73.4516,-38.30338],[-73.45254,-38.3006],[-73.45606,-38.30106],[-73.45747,-38.2994],[-73.45837,-38.3003],[-73.46111,-38.29918],[-73.46205,-38.30121],[-73.46055,-38.30267],[-73.46231,-38.30409],[-73.46003,-38.30494],[-73.46197,-38.31325]]}},{"id":"9955","type":"Feature","properties":{"ROL":"P-90-R","NOMBRE_CAMINO":"Cruce R-86 (Traiguén) - Lumaco - Capitán Pastene - Cruce P-72-S (Quidico), Sector: Límite Regional - Quidico","CLASIFICACION":"Camino Regional Principal","CALZADA":null,"tmda":214.0},"geometry":{"type":"LineString","coordinates":[[-73.28185,-38.30228],[-73.283,-38.3028],[-73.2868,-38.3003],[-73.28413,-38.29544],[-73.28565,-38.29577],[-73.28794,-38.2936],[-73.29389,-38.29412],[-73.29811,-38.29619],[-73.31351,-38.29442],[-73.32281,-38.28998],[-73.3249,-38.28708],[-73.33845,-38.29011],[-73.3395,-38.2863],[-73.34244,-38.28233],[-73.3492,-38.28209],[-73.35149,-38.27944],[-73.36021,-38.27417],[-73.3666,-38.27337],[-73.37632,-38.2759],[-73.38594,-38.27317],[-73.39171,-38.26825]]}},{"id":"9956","type":"Feature","properties":{"ROL":"P-734","NOMBRE_CAMINO":"Cruce P-90-R (Las Huellas) - Cruce P-736 (Curapaillaco)","CLASIFICACION":"Camino Regional Comunal","CALZADA":null,"tmda":null},"geometry":{"type":"LineString","coordinates":[[-73.43191,-38.26651],[-73.43413,-38.26167],[-73.42982,-38.25817],[-73.42443,-38.2481]]}},{"id":"9957","type":"Feature","properties":{"ROL":"P-736","NOMBRE_CAMINO":"Cruce P-72-S - Cruce P-90-R (Curapaillaco)","CLASIFICACION":"Camino Regional Comunal","CALZADA":null,"tmda":null},"geometry":{"type":"LineString","coordinates":[[-73.45641,-38.22245],[-73.45221,-38.22391],[-73.44935,-38.22652],[-73.44732,-38.23345],[-73.43011,-38.24141],[-73.42392,-38.24861],[-73.41569,-38.25018]]}},{"id":"9958","type":"Feature","properties":{"ROL":"P-698","NOMBRE_CAMINO":"Cruce P-72-S - Tranaquepe - Cruce P-732","CLASIFICACION":"Camino Regional Comunal","CALZADA":null,"tmda":null},"geometry":{"type":"LineString","coordinates":[[-73.4282,-38.19425],[-73.42638,-38.19557],[-73.42303,-38.19274],[-73.4226,-38.19082],[-73.42005,-38.18937],[-73.41913,-38.19022]]}},{"id":"9959","type":"Feature","properties":{"ROL":"P-732","NOMBRE_CAMINO":"Cruce P-72-S (Tranaquepe) - Pallaco - Mahuilque","CLASIFICACION":"Camino Regional Comunal","CALZADA":null,"tmda":null},"geometry":{"type":"LineString","coordinates":[[-73.41923,-38.18309],[-73.41567,-38.18331],[-73.41288,-38.18618],[-73.41934,-38.19086],[-73.40923,-38.1988],[-73.40899,-38.20261],[-73.40634,-38.20628],[-73.40742,-38.20989],[-73.40432,-38.21427],[-73.40367,-38.21912],[-73.39998,-38.21854],[-73.39132,-38.21347],[-73.38373,-38.2131],[-73.38134,-38.21473],[-73.383,-38.21569],[-73.38457,-38.21447],[-73.38545,-38.21698],[-73.37857,-38.22074],[-73.38815,-38.22326],[-73.38764,-38.22536],[-73.38461,-38.22615],[-73.38546,-38.22704],[-73.38403,-38.22757],[-73.38426,-38.22973],[-73.38185,-38.22886],[-73.38147,-38.23087],[-73.38372,-38.23117],[-73.38527,-38.2345],[-73.38466,-38.23658],[-73.38112,-38.23541],[-73.38012,-38.23856],[-73.37818,-38.23838],[-73.37433,-38.23517],[-73.37059,-38.22888],[-73.36754,-38.2278],[-73.36284,-38.23182],[-73.36212,-38.22986],[-73.35733,-38.23263],[-73.35299,-38.23338],[-73.34468,-38.23194],[-73.34558,-38.2307],[-73.35197,-38.23007],[-73.3541,-38.2276],[-73.35266,-38.22638],[-73.35659,-38.22669],[-73.35887,-38.22503],[-73.35711,-38.22173],[-73.35817,-38.22019],[-73.35701,-38.21945],[-73.35768,-38.21381],[-73.35634,-38.21331],[-73.35653,-38.21094],[-73.35495,-38.21035],[-73.35398,-38.2079],[-73.35056,-38.20834],[-73.34743,-38.2009],[-73.34452,-38.2004],[-73.34325,-38.19888],[-73.33871,-38.2001],[-73.33961,-38.19794],[-73.33795,-38.19548],[-73.33714,-38.20262],[-73.33603,-38.20386],[-73.33721,-38.20414],[-73.33608,-38.20559],[-73.33639,-38.20825],[-73.33389,-38.20918],[-73.32378,-38.21911],[-73.30806,-38.22563],[-73.30096,-38.23326],[-73.29533,-38.23531],[-73.28613,-38.2322],[-73.28408,-38.23978],[-73.28583,-38.24379],[-73.28115,-38.2477]]}},{"id":"9960","type":"Feature","properties":{"ROL":"P-662","NOMBRE_CAMINO":"Cruce P-720 (El Lingue) - Lorcura","CLASIFICACION":"Camino Regional de Acceso","CALZADA":null,"tmda":null},"geometry":{"type":"LineString","coordinates":[[-73.36451,-38.17691],[-73.3634,-38.17997],[-73.36126,-38.18087],[-73.35708,-38.18048],[-73.35068,-38.18198],[-73.34826,-38.17943]]}},{"id":"9961","type":"Feature","properties":{"ROL":"P-720","NOMBRE_CAMINO":"Cruce P-722 (Miquihue) - Cruce P-726 (Lorcura)","CLASIFICACION":"Camino Regional Comunal","CALZADA":null,"tmda":null},"geometry":{"type":"LineString","coordinates":[[-73.35712,-38.15759],[-73.35839,-38.16469],[-73.35595,-38.17212],[-73.35912,-38.17509],[-73.36686,-38.1771]]}},{"id":"9962","type":"Feature","properties":{"ROL":"P-722","NOMBRE_CAMINO":"Cruce P-726 (San Ramón) - El Malo - Cruce P-726 (Miquihue)","CLASIFICACION":"Camino Regional Comunal","CALZADA":null,"tmda":null},"geometry":{"type":"LineString","coordinates":[[-73.36957,-38.1489],[-73.3671,-38.14942],[-73.36396,-38.1463],[-73.3602,-38.14515],[-73.35709,-38.14248],[-73.35631,-38.14319],[-73.35323,-38.13499],[-73.34739,-38.13664],[-73.345,-38.13949],[-73.34229,-38.13992],[-73.33858,-38.14275],[-73.33967,-38.14679],[-73.34232,-38.14778],[-73.34231,-38.14922],[-73.34406,-38.15028],[-73.34494,-38.16002],[-73.34602,-38.1615],[-73.35128,-38.16057],[-73.35712,-38.15759],[-73.3587,-38.15479],[-73.36839,-38.15267]]}},{"id":"9963","type":"Feature","properties":{"ROL":"P-726","NOMBRE_CAMINO":"Cruce P-72-S (San Ramón) - Puerto Choque","CLASIFICACION":"Camino Regional Comunal","CALZADA":null,"tmda":null},"geometry":{"type":"LineString","coordinates":[[-73.39343,-38.1425],[-73.38543,-38.14153],[-73.38465,-38.14347],[-73.37382,-38.14518],[-73.36966,-38.14875],[-73.36788,-38.15598],[-73.36932,-38.16299],[-73.36663,-38.16853],[-73.36772,-38.1718],[-73.36682,-38.17694],[-73.36873,-38.17852],[-73.37447,-38.17785],[-73.37275,-38.18608],[-73.36554,-38.19511],[-73.35799,-38.19834]]}},{"id":"9964","type":"Feature","properties":{"ROL":"P-728","NOMBRE_CAMINO":"Cruce P-72-S (Nahuel) - Ranquilhue Chico - Cruce P-726 (Tres Esquinas)","CLASIFICACION":"Camino Regional Comunal","CALZADA":null,"tmda":null},"geometry":{"type":"LineString","coordinates":[[-73.39443,-38.14651],[-73.39048,-38.14864],[-73.39094,-38.15046],[-73.38845,-38.15225],[-73.38297,-38.16347],[-73.37767,-38.16645],[-73.37579,-38.17068],[-73.37623,-38.17509],[-73.37449,-38.17793]]}},{"id":"9965","type":"Feature","properties":{"ROL":"P-730","NOMBRE_CAMINO":"Cruce P-728 (Ranquilhue Chico) - Cruce P-732 (Tranaquepe)","CLASIFICACION":"Camino Regional Comunal","CALZADA":null,"tmda":null},"geometry":{"type":"LineString","coordinates":[[-73.37632,-38.17435],[-73.38566,-38.17288],[-73.38608,-38.1742],[-73.38708,-38.1737],[-73.38665,-38.17759],[-73.39776,-38.18153],[-73.4034,-38.18496],[-73.40809,-38.18427],[-73.41288,-38.18618]]}},{"id":"9966","type":"Feature","properties":{"ROL":"P-1790","NOMBRE_CAMINO":"Cruce P-726 (Escuela Choque Alto) - Cruce P-732 (Llevilao)","CLASIFICACION":"Camino Regional Comunal","CALZADA":null,"tmda":null},"geometry":{"type":"LineString","coordinates":[[-73.37268,-38.18629],[-73.37908,-38.19488],[-73.3778,-38.20385],[-73.3806,-38.20717],[-73.37998,-38.20986],[-73.38558,-38.21246],[-73.38494,-38.21317]]}},{"id":"9967","type":"Feature","properties":{"ROL":"P-658","NOMBRE_CAMINO":"Cruce P-726 (Escuela Mapudungun) - Cruce P-728 (Nahuel)","CLASIFICACION":"Camino Regional Comunal","CALZADA":null,"tmda":null},"geometry":{"type":"LineString","coordinates":[[-73.39137,-38.14286],[-73.39207,-38.14766]]}},{"id":"9968","type":"Feature","properties":{"ROL":"P-654","NOMBRE_CAMINO":"Cruce P-72-S (San Ramón) - Costa","CLASIFICACION":"Camino Regional de Acceso","CALZADA":null,"tmda":null},"geometry":{"type":"LineString","coordinates":[[-73.3944,-38.14645],[-73.40615,-38.14174]]}},{"id":"9969","type":"Feature","properties":{"ROL":"P-724","NOMBRE_CAMINO":"Cruce P-72-S - Cruce P-72-S (Tranaquepe Costa)","CLASIFICACION":"Camino Regional Comunal","CALZADA":null,"tmda":null},"geometry":{"type":"LineString","coordinates":[[-73.39864,-38.15263],[-73.40243,-38.15138],[-73.40689,-38.15297],[-73.41597,-38.16031],[-73.4145,-38.16193],[-73.41346,-38.16125],[-73.40647,-38.16419]]}},{"id":"9970","type":"Feature","properties":{"ROL":"P-674","NOMBRE_CAMINO":"Cruce P-72-S (Antiquina) - Machilgüe","CLASIFICACION":"Camino Regional de Acceso","CALZADA":null,"tmda":null},"geometry":{"type":"LineString","coordinates":[[-73.39856,-38.05703],[-73.42512,-38.06707],[-73.43147,-38.07347],[-73.43711,-38.07663]]}},{"id":"9971","type":"Feature","properties":{"ROL":"P-676","NOMBRE_CAMINO":"Cruce P-72-S (Quilaco) - Media Luna al Mar","CLASIFICACION":"Camino Regional de Acceso","CALZADA":null,"tmda":null},"geometry":{"type":"LineString","coordinates":[[-73.39138,-38.0773],[-73.40357,-38.07929],[-73.40785,-38.08327],[-73.41382,-38.08429],[-73.41928,-38.08849],[-73.42589,-38.08513],[-73.43662,-38.08961],[-73.43602,-38.09733],[-73.44822,-38.09884]]}},{"id":"9972","type":"Feature","properties":{"ROL":"P-692","NOMBRE_CAMINO":"Cruce P-72-S (Nicolás Calbullanca) - Lleu Lleu Grande","CLASIFICACION":"Camino Regional Comunal","CALZADA":null,"tmda":null},"geometry":{"type":"LineString","coordinates":[[-73.38887,-38.10158],[-73.40568,-38.10566],[-73.41022,-38.10309],[-73.41763,-38.11052],[-73.41962,-38.11439],[-73.42186,-38.11475],[-73.43282,-38.11129]]}},{"id":"9973","type":"Feature","properties":{"ROL":"P-672","NOMBRE_CAMINO":"Cruce P-72-S (Antiquina) - Lautaro","CLASIFICACION":"Camino Regional de Acceso","CALZADA":null,"tmda":null},"geometry":{"type":"LineString","coordinates":[[-73.3982,-38.05186],[-73.40579,-38.05018],[-73.40879,-38.05144],[-73.41317,-38.04853],[-73.41626,-38.04344],[-73.42101,-38.02597],[-73.42956,-38.02723],[-73.43378,-38.0237],[-73.43594,-38.02402]]}},{"id":"9974","type":"Feature","properties":{"ROL":"P-624-R","NOMBRE_CAMINO":"Cruce R-424 (El Lingue) - Huapes de Aillahuampi - Huallepén Alto - Cruce P-716 (Huillinco), Sector: Límite Regional - Huillinco","CLASIFICACION":"Camino Regional Comunal","CALZADA":null,"tmda":null},"geometry":{"type":"LineString","coordinates":[[-73.08121,-38.17843],[-73.08401,-38.17923],[-73.08681,-38.18428],[-73.0934,-38.19141],[-73.09884,-38.18938],[-73.10163,-38.19108],[-73.10449,-38.19052],[-73.10775,-38.1871],[-73.11217,-38.18529],[-73.12122,-38.18642],[-73.12349,-38.18349],[-73.13048,-38.18245],[-73.13395,-38.17849],[-73.13955,-38.1769],[-73.14633,-38.17882],[-73.15171,-38.18547],[-73.16125,-38.18363],[-73.16318,-38.18094],[-73.16697,-38.18003],[-73.16886,-38.178],[-73.16714,-38.16785],[-73.16795,-38.16544],[-73.16998,-38.16481],[-73.17706,-38.16539],[-73.18328,-38.1681],[-73.18803,-38.16777],[-73.19907,-38.17005],[-73.20809,-38.16985],[-73.21323,-38.17191],[-73.22065,-38.17046],[-73.2261,-38.17234],[-73.24203,-38.17332],[-73.24707,-38.16929],[-73.25876,-38.166],[-73.26437,-38.16093],[-73.26226,-38.14839],[-73.26409,-38.14333],[-73.26669,-38.1426],[-73.26681,-38.14085],[-73.27156,-38.13819],[-73.27297,-38.13477],[-73.27483,-38.1342],[-73.27467,-38.132],[-73.27824,-38.12849],[-73.27955,-38.12325],[-73.28205,-38.12377],[-73.28139,-38.12159],[-73.27944,-38.12146],[-73.27253,-38.12633],[-73.26549,-38.12837],[-73.26215,-38.12561]]}},{"id":"9975","type":"Feature","properties":{"ROL":"P-784-R","NOMBRE_CAMINO":"Cruce R-90-P (Relún) - Mahuilque - Cruce P-624-R (Grano de Trigo), Sector: Límite Regional - Grano de Trigo","CLASIFICACION":"Camino Regional Comunal","CALZADA":null,"tmda":null},"geometry":{"type":"LineString","coordinates":[[-73.21233,-38.2519],[-73.21897,-38.24686],[-73.2263,-38.24499],[-73.22889,-38.24284],[-73.23449,-38.24337],[-73.23877,-38.24039]]}},{"id":"9976","type":"Feature","properties":{"ROL":"P-784-R","NOMBRE_CAMINO":"Cruce R-90-P (Relún) - Mahuilque - Cruce P-624-R (Grano de Trigo), Sector: Límite Regional - Grano de Trigo","CLASIFICACION":"Camino Regional Comunal","CALZADA":null,"tmda":null},"geometry":{"type":"LineString","coordinates":[[-73.23877,-38.24039],[-73.2412,-38.23497],[-73.24449,-38.23228],[-73.24452,-38.2277],[-73.24772,-38.22328],[-73.24719,-38.22166],[-73.24901,-38.2202],[-73.24894,-38.2172],[-73.24651,-38.21455],[-73.24303,-38.21585],[-73.23961,-38.21404],[-73.2349,-38.19829],[-73.23577,-38.19488],[-73.2325,-38.19244],[-73.23268,-38.18581],[-73.23502,-38.18233],[-73.23201,-38.17885],[-73.23247,-38.1764],[-73.23043,-38.17252]]}},{"id":"9977","type":"Feature","properties":{"ROL":"P-712","NOMBRE_CAMINO":"Cruce P-714 (Pata de Gallina) - Puente Los Mellizos - Cruce P-624-R (Grano de Trigo)","CLASIFICACION":"Camino Regional Comunal","CALZADA":null,"tmda":null},"geometry":{"type":"LineString","coordinates":[[-73.23185,-38.0711],[-73.22708,-38.07326],[-73.22394,-38.07777],[-73.21925,-38.08006],[-73.21928,-38.08244],[-73.21748,-38.08298],[-73.21593,-38.08577],[-73.21621,-38.0934],[-73.21295,-38.09601],[-73.21333,-38.09742],[-73.20913,-38.10012],[-73.2088,-38.10371],[-73.20771,-38.10503],[-73.20568,-38.10495],[-73.20161,-38.11115],[-73.2,-38.11068],[-73.19438,-38.11487],[-73.19245,-38.11436],[-73.19003,-38.11878],[-73.19113,-38.12057],[-73.18984,-38.1213],[-73.19051,-38.12726],[-73.1876,-38.12638],[-73.18761,-38.12801],[-73.18601,-38.12865],[-73.18802,-38.13233],[-73.1869,-38.13295],[-73.18919,-38.1342],[-73.18769,-38.13494],[-73.19146,-38.13676],[-73.18959,-38.13823],[-73.19071,-38.14026],[-73.18901,-38.14153],[-73.1913,-38.14578],[-73.18923,-38.14655],[-73.19383,-38.1489],[-73.19242,-38.15185],[-73.19402,-38.15432],[-73.19393,-38.1578],[-73.19652,-38.16042],[-73.19579,-38.16927]]}},{"id":"9978","type":"Feature","properties":{"ROL":"P-716","NOMBRE_CAMINO":"Cruce P-712 (Puente Los Mellizos) - Huide - Cruce P-624-R (Huillinco)","CLASIFICACION":"Camino Regional Comunal","CALZADA":null,"tmda":null},"geometry":{"type":"LineString","coordinates":[[-73.19144,-38.13703],[-73.2011,-38.13788],[-73.2076,-38.14203],[-73.21667,-38.1432],[-73.2202,-38.14839],[-73.22411,-38.14908],[-73.2261,-38.14747],[-73.22897,-38.14773],[-73.2364,-38.14509],[-73.2355,-38.14108],[-73.24883,-38.12663],[-73.26215,-38.12561]]}},{"id":"9979","type":"Feature","properties":{"ROL":"P-704","NOMBRE_CAMINO":"Cruce P-716 (Tricauco) - Cruce P-624-R (Huallepén Alto)","CLASIFICACION":"Camino Regional Comunal","CALZADA":null,"tmda":null},"geometry":{"type":"LineString","coordinates":[[-73.22992,-38.14689],[-73.23242,-38.14754],[-73.22953,-38.14887],[-73.23073,-38.15007],[-73.22935,-38.15008],[-73.23263,-38.15296],[-73.23204,-38.15452],[-73.23377,-38.15734],[-73.23316,-38.16176],[-73.23484,-38.16342],[-73.23403,-38.16519],[-73.23144,-38.16574],[-73.2327,-38.17214]]}},{"id":"9980","type":"Feature","properties":{"ROL":"P-710","NOMBRE_CAMINO":"Cruce P-448-R - Cruce P-718 (Cancha El Laurel)","CLASIFICACION":"Camino Regional Comunal","CALZADA":null,"tmda":null},"geometry":{"type":"LineString","coordinates":[[-73.12939,-38.1107],[-73.11424,-38.11868],[-73.10584,-38.11719],[-73.09699,-38.11802],[-73.08954,-38.12241],[-73.0846,-38.13046],[-73.08657,-38.13342],[-73.08849,-38.14185]]}},{"id":"9981","type":"Feature","properties":{"ROL":"P-710","NOMBRE_CAMINO":"Cruce P-448-R - Cruce P-718 (Cancha El Laurel)","CLASIFICACION":"Camino Regional Comunal","CALZADA":null,"tmda":null},"geometry":{"type":"LineString","coordinates":[[-73.08849,-38.14185],[-73.089,-38.1465]]}},{"id":"9982","type":"Feature","properties":{"ROL":"P-718","NOMBRE_CAMINO":"Cruce P-712 (Puente Los Mellizos) - Chanquín - Cruce P-710 (La Cresta)","CLASIFICACION":"Camino Regional Comunal","CALZADA":null,"tmda":null},"geometry":{"type":"LineString","coordinates":[[-73.18689,-38.13293],[-73.1813,-38.13005],[-73.18122,-38.12823],[-73.17965,-38.12847],[-73.17908,-38.13007],[-73.17793,-38.12822],[-73.17651,-38.13135],[-73.17451,-38.13192],[-73.17587,-38.13373],[-73.17291,-38.13588],[-73.16332,-38.13729],[-73.15997,-38.14055],[-73.15361,-38.14227],[-73.15021,-38.14259],[-73.14834,-38.14113],[-73.14483,-38.14261],[-73.14151,-38.14133],[-73.13698,-38.14315],[-73.13071,-38.1405],[-73.12208,-38.14432],[-73.11363,-38.14423],[-73.10329,-38.14731],[-73.09724,-38.14705],[-73.09564,-38.14576],[-73.089,-38.1465]]}},{"id":"9983","type":"Feature","properties":{"ROL":"P-786","NOMBRE_CAMINO":"Cruce P-624-R (Huallepén Bajo) - Cruce P-624-R (Huallepén Alto)","CLASIFICACION":"Camino Regional Comunal","CALZADA":null,"tmda":null},"geometry":{"type":"LineString","coordinates":[[-73.28145,-38.12166],[-73.28455,-38.12212],[-73.29192,-38.11806],[-73.29544,-38.12072],[-73.29739,-38.12025],[-73.29788,-38.12226],[-73.30343,-38.12323],[-73.30101,-38.1278],[-73.29866,-38.12881],[-73.2917,-38.1383],[-73.2875,-38.14007],[-73.28733,-38.14339],[-73.28174,-38.14979],[-73.27528,-38.15331],[-73.27136,-38.15289],[-73.26408,-38.15622]]}},{"id":"9984","type":"Feature","properties":{"ROL":"P-706","NOMBRE_CAMINO":"Cruce P-712 (Pichihuillinco) - Cruce P-716 (Alto Tricauco)","CLASIFICACION":"Camino Regional Comunal","CALZADA":null,"tmda":null},"geometry":{"type":"LineString","coordinates":[[-73.21336,-38.09732],[-73.21885,-38.10081],[-73.22156,-38.10601],[-73.23293,-38.10827],[-73.2362,-38.11168],[-73.23556,-38.11301],[-73.23804,-38.11657],[-73.23723,-38.12009],[-73.24047,-38.12137],[-73.23969,-38.12234],[-73.24155,-38.12197],[-73.23805,-38.1274],[-73.24061,-38.12573],[-73.23935,-38.1301],[-73.23709,-38.13152],[-73.23684,-38.13568],[-73.24166,-38.13251],[-73.24079,-38.1352]]}},{"id":"9985","type":"Feature","properties":{"ROL":"P-708","NOMBRE_CAMINO":"Cruce P-714 (Coihueco) - Cruce P-714 (Pichihuillinco)","CLASIFICACION":"Camino Regional Comunal","CALZADA":null,"tmda":null},"geometry":{"type":"LineString","coordinates":[[-73.25708,-38.07929],[-73.26386,-38.07782],[-73.27362,-38.07858],[-73.27552,-38.07754],[-73.27843,-38.08015],[-73.28068,-38.08027],[-73.2875,-38.0775],[-73.28942,-38.07792],[-73.28936,-38.07691],[-73.2931,-38.07547],[-73.29466,-38.07593],[-73.29815,-38.07267],[-73.3005,-38.07574],[-73.30748,-38.07729],[-73.30727,-38.07879],[-73.30902,-38.07847],[-73.30536,-38.08388],[-73.29768,-38.08907],[-73.29591,-38.09281],[-73.29695,-38.09523],[-73.29606,-38.09887],[-73.29258,-38.10029],[-73.29285,-38.10311],[-73.28547,-38.10685],[-73.28154,-38.11224],[-73.28104,-38.10488],[-73.27976,-38.10385],[-73.27734,-38.10427],[-73.27035,-38.11017]]}},{"id":"9986","type":"Feature","properties":{"ROL":"P-714","NOMBRE_CAMINO":"Cruce P-800-R (Pata de Gallina) - Cruce P-624-R (Huillinco)","CLASIFICACION":"Camino Regional Comunal","CALZADA":null,"tmda":null},"geometry":{"type":"LineString","coordinates":[[-73.25744,-38.07938],[-73.26187,-38.08353],[-73.26267,-38.08937],[-73.25991,-38.09558],[-73.2664,-38.10277],[-73.26955,-38.10264],[-73.27008,-38.10429],[-73.26795,-38.10485],[-73.26952,-38.10636],[-73.26834,-38.10661],[-73.27111,-38.10815],[-73.27096,-38.10985],[-73.26816,-38.11092],[-73.26996,-38.11393],[-73.26856,-38.11717],[-73.26864,-38.12262],[-73.26618,-38.12286],[-73.26215,-38.12563]]}},{"id":"9987","type":"Feature","properties":{"ROL":"P-750","NOMBRE_CAMINO":"Cruce P-714 (Pichihuillinco) - La Frutilla","CLASIFICACION":"Camino Regional de Acceso","CALZADA":null,"tmda":null},"geometry":{"type":"LineString","coordinates":[[-73.24281,-38.07444],[-73.24205,-38.07751],[-73.23916,-38.08017],[-73.23905,-38.08306],[-73.23587,-38.08437],[-73.23672,-38.08709],[-73.2355,-38.0913]]}},{"id":"9988","type":"Feature","properties":{"ROL":"P-800-R","NOMBRE_CAMINO":"Cruce R-60-P (Manzanar) - Cruce P-72-S (Antiquina), Sector: Limite Regional - Antiquina","CLASIFICACION":"Camino Regional Provincial","CALZADA":null,"tmda":100.0},"geometry":{"type":"LineString","coordinates":[[-73.23185,-38.05742],[-73.23508,-38.05875],[-73.23868,-38.05693],[-73.24681,-38.05568],[-73.25077,-38.05176],[-73.25362,-38.05103],[-73.25669,-38.05206],[-73.25717,-38.05128],[-73.26163,-38.05586],[-73.26691,-38.0562],[-73.27332,-38.05559],[-73.28141,-38.05116],[-73.29384,-38.049],[-73.30249,-38.04844],[-73.30687,-38.04956],[-73.3137,-38.04854],[-73.31741,-38.05225],[-73.32282,-38.0493],[-73.3287,-38.04961],[-73.33211,-38.05151],[-73.33993,-38.05188],[-73.34251,-38.05007],[-73.35316,-38.04977],[-73.35902,-38.04802],[-73.37284,-38.05305],[-73.3779,-38.05592],[-73.37927,-38.05862],[-73.38568,-38.06185],[-73.38723,-38.06132],[-73.39083,-38.06389],[-73.39808,-38.05844]]}},{"id":"9989","type":"Feature","properties":{"ROL":"P-688","NOMBRE_CAMINO":"Cruce P-72-S - Camino Antiguo a Tirúa - Cruce P-72-S","CLASIFICACION":"Camino Regional Comunal","CALZADA":null,"tmda":null},"geometry":{"type":"LineString","coordinates":[[-73.3898,-38.0161],[-73.39809,-38.02901],[-73.39401,-38.03401]]}},{"id":"9990","type":"Feature","properties":{"ROL":"P-682","NOMBRE_CAMINO":"Cruce P-72-S (Huape) - Puañil","CLASIFICACION":"Camino Regional de Acceso","CALZADA":null,"tmda":null},"geometry":{"type":"LineString","coordinates":[[-73.39468,-37.99357],[-73.40422,-37.99453],[-73.41445,-37.99994],[-73.42508,-38.00751]]}},{"id":"9991","type":"Feature","properties":{"ROL":"P-736","NOMBRE_CAMINO":"Cruce P-72-S - Cruce P-90-R (Curapaillaco)","CLASIFICACION":"Camino Regional Comunal","CALZADA":null,"tmda":null},"geometry":{"type":"LineString","coordinates":[[-73.41569,-38.25018],[-73.40854,-38.25036],[-73.41168,-38.25545],[-73.41595,-38.25803],[-73.41619,-38.26085],[-73.41354,-38.26481]]}},{"id":"9992","type":"Feature","properties":{"ROL":"P-686","NOMBRE_CAMINO":"Cruce P-72-S (Pocuno) - La Obra","CLASIFICACION":"Camino Regional Comunal","CALZADA":null,"tmda":null},"geometry":{"type":"LineString","coordinates":[[-73.40024,-37.97512],[-73.39782,-37.97668],[-73.3909,-37.9885],[-73.37913,-37.99801]]}},{"id":"9993","type":"Feature","properties":{"ROL":"P-694","NOMBRE_CAMINO":"Cruce P-72-S - Cruce P-686 (Tranguilvoro)","CLASIFICACION":"Camino Regional Comunal","CALZADA":null,"tmda":null},"geometry":{"type":"LineString","coordinates":[[-73.3898,-38.0161],[-73.38119,-38.00838],[-73.37888,-37.99822]]}},{"id":"9994","type":"Feature","properties":{"ROL":"P-696","NOMBRE_CAMINO":"Cruce P-72-S (Huape) - Cruce P-700 (Tranguilvoro)","CLASIFICACION":"Camino Regional Comunal","CALZADA":null,"tmda":null},"geometry":{"type":"LineString","coordinates":[[-73.33899,-38.00011],[-73.33999,-38.00259],[-73.34662,-38.00219],[-73.35084,-38.00686],[-73.34585,-38.00581],[-73.34082,-38.00663],[-73.34111,-38.00822]]}},{"id":"9995","type":"Feature","properties":{"ROL":"P-700","NOMBRE_CAMINO":"Cruce P-666 (Contulmo) - Buchoco - Cruce P-686 (Huape)","CLASIFICACION":"Camino Regional Comunal","CALZADA":null,"tmda":null},"geometry":{"type":"LineString","coordinates":[[-73.25336,-37.99058],[-73.2612,-37.98566],[-73.26714,-37.98956],[-73.26991,-37.99307],[-73.27963,-37.99325],[-73.28403,-37.99736],[-73.28966,-37.9953],[-73.29099,-37.9973],[-73.29749,-37.99861],[-73.29851,-38.00086],[-73.30365,-38.00024],[-73.30437,-38.00271],[-73.30291,-38.00456],[-73.30477,-38.00453],[-73.3081,-38.00751],[-73.31435,-38.01005],[-73.3281,-38.00579],[-73.3442,-38.00914],[-73.34648,-38.0101],[-73.34593,-38.01481],[-73.34934,-38.01944],[-73.34732,-38.02062]]}},{"id":"9996","type":"Feature","properties":{"ROL":"P-666","NOMBRE_CAMINO":"Cruce P-60-R (Contulmo) - Cruce P-800-R (Nahuelbuta)","CLASIFICACION":"Camino Regional Comunal","CALZADA":null,"tmda":2378.0},"geometry":{"type":"LineString","coordinates":[[-73.23253,-38.02036],[-73.23252,-38.02621],[-73.21744,-38.03739],[-73.21769,-38.0387],[-73.22229,-38.03768],[-73.22434,-38.03865],[-73.22126,-38.04017],[-73.22118,-38.04298],[-73.22374,-38.04181],[-73.22681,-38.04355],[-73.22449,-38.04354],[-73.22555,-38.04546],[-73.22927,-38.0457],[-73.2263,-38.05236]]}},{"id":"9997","type":"Feature","properties":{"ROL":"P-666","NOMBRE_CAMINO":"Cruce P-60-R (Contulmo) - Cruce P-800-R (Nahuelbuta)","CLASIFICACION":"Camino Regional Comunal","CALZADA":null,"tmda":2378.0},"geometry":{"type":"LineString","coordinates":[[-73.2263,-38.05236],[-73.22598,-38.05317]]}},{"id":"9998","type":"Feature","properties":{"ROL":"P-666","NOMBRE_CAMINO":"Cruce P-60-R (Contulmo) - Cruce P-800-R (Nahuelbuta)","CLASIFICACION":"Camino Regional Comunal","CALZADA":null,"tmda":2378.0},"geometry":{"type":"LineString","coordinates":[[-73.22598,-38.05317],[-73.22557,-38.0551]]}},{"id":"9999","type":"Feature","properties":{"ROL":"P-652","NOMBRE_CAMINO":"Cruce P-60-R (Elicura) - San Ernesto","CLASIFICACION":"Camino Regional Comunal","CALZADA":null,"tmda":null},"geometry":{"type":"LineString","coordinates":[[-73.24913,-37.94562],[-73.24089,-37.94596],[-73.23113,-37.94408],[-73.22912,-37.94511],[-73.22604,-37.94388],[-73.22374,-37.93741],[-73.21283,-37.92811],[-73.21386,-37.92662]]}},{"id":"10000","type":"Feature","properties":{"ROL":"P-656","NOMBRE_CAMINO":"Cruce P-668 - Calebu","CLASIFICACION":"Camino Regional de Acceso","CALZADA":null,"tmda":null},"geometry":{"type":"LineString","coordinates":[[-73.22957,-37.956],[-73.22269,-37.95633]]}},{"id":"10001","type":"Feature","properties":{"ROL":"P-668","NOMBRE_CAMINO":"Cruce P-60-R (Elicura) - Cruce P-652 (Calebu)","CLASIFICACION":"Camino Regional Comunal","CALZADA":null,"tmda":null},"geometry":{"type":"LineString","coordinates":[[-73.24903,-37.95662],[-73.24129,-37.95554],[-73.22992,-37.95645],[-73.22919,-37.95467],[-73.23033,-37.95303],[-73.22656,-37.95017],[-73.22923,-37.94508]]}},{"id":"10002","type":"Feature","properties":{"ROL":"P-702","NOMBRE_CAMINO":"Cruce P-700 (Buchoco) - Lincuyín","CLASIFICACION":"Camino Regional Comunal","CALZADA":null,"tmda":null},"geometry":{"type":"LineString","coordinates":[[-73.2683,-37.9913],[-73.26938,-37.99181],[-73.27593,-37.9876],[-73.27467,-37.9833],[-73.27279,-37.98256],[-73.27379,-37.97788],[-73.27031,-37.97587],[-73.27805,-37.96897],[-73.27745,-37.96419],[-73.28095,-37.96033],[-73.27979,-37.95916],[-73.28318,-37.95835],[-73.28172,-37.95724],[-73.28299,-37.95537],[-73.28781,-37.95984],[-73.28975,-37.95934]]}},{"id":"10003","type":"Feature","properties":{"ROL":"P-564","NOMBRE_CAMINO":"Cruce P-60-R (Contulmo) - Cruce R-670-P (Coihuería)","CLASIFICACION":"Camino Regional Comunal","CALZADA":null,"tmda":null},"geometry":{"type":"LineString","coordinates":[[-73.19391,-38.01245],[-73.19163,-38.01128],[-73.19133,-38.00831],[-73.18726,-38.00725],[-73.18781,-38.00492],[-73.18631,-38.00454],[-73.1864,-38.00327],[-73.18316,-38.00165],[-73.18515,-38.00021],[-73.18311,-37.99696],[-73.18581,-37.99743],[-73.18634,-37.99512],[-73.18502,-37.99214],[-73.18654,-37.98767],[-73.18471,-37.98598],[-73.17797,-37.98433],[-73.17082,-37.98584],[-73.1644,-37.9834],[-73.16312,-37.98431],[-73.15722,-37.9838],[-73.15836,-37.97966],[-73.15259,-37.97983],[-73.1492,-37.97811],[-73.14747,-37.97882],[-73.13966,-37.97742],[-73.1398,-37.97394],[-73.12826,-37.97211],[-73.12817,-37.96896],[-73.12373,-37.96489]]}},{"id":"10004","type":"Feature","properties":{"ROL":"P-60-R","NOMBRE_CAMINO":"Cruce Ruta 160 (Tres Pinos) - Contulmo - Cruce R-86 (Los Sauces), Sector: Tres Pinos - Límite Regional","CLASIFICACION":"Camino Regional Principal","CALZADA":null,"tmda":5436.0},"geometry":{"type":"LineString","coordinates":[[-73.41502,-37.62094],[-73.40708,-37.6313],[-73.399,-37.6354],[-73.39238,-37.63622],[-73.39052,-37.63914],[-73.38982,-37.64756],[-73.39271,-37.65349],[-73.39109,-37.65748],[-73.39119,-37.66551],[-73.38773,-37.67397],[-73.38954,-37.6818],[-73.38782,-37.6922],[-73.39093,-37.70224],[-73.38835,-37.70997],[-73.37877,-37.722],[-73.38464,-37.73858],[-73.37787,-37.74269],[-73.37121,-37.75186],[-73.37286,-37.75898],[-73.38306,-37.77713],[-73.38899,-37.7911],[-73.39194,-37.80501],[-73.39341,-37.82082],[-73.39302,-37.83264],[-73.37911,-37.85925],[-73.37885,-37.86547],[-73.36824,-37.86883],[-73.36312,-37.8752],[-73.35669,-37.88679],[-73.34914,-37.88908],[-73.34034,-37.88969],[-73.33596,-37.89308],[-73.32515,-37.89545],[-73.31204,-37.89378],[-73.30865,-37.89792],[-73.31366,-37.90644],[-73.30419,-37.91161],[-73.29712,-37.91393],[-73.29495,-37.90961],[-73.28953,-37.90572],[-73.28701,-37.90532],[-73.2805,-37.90737],[-73.28228,-37.90898],[-73.28192,-37.91049],[-73.27246,-37.91936],[-73.27301,-37.92116],[-73.2683,-37.92515],[-73.26258,-37.9255],[-73.25721,-37.9277],[-73.25749,-37.9297],[-73.25495,-37.93316],[-73.25404,-37.93785],[-73.24927,-37.94193],[-73.24902,-37.96259],[-73.25305,-37.96957],[-73.25288,-37.97273],[-73.23539,-37.9932],[-73.23365,-37.99778],[-73.23452,-38.00351],[-73.22896,-38.00569],[-73.22017,-38.00678],[-73.21248,-38.00572],[-73.20142,-38.00703],[-73.20197,-38.01045],[-73.21072,-38.01041],[-73.21401,-38.01221],[-73.20496,-38.01306],[-73.19878,-38.01619],[-73.19671,-38.01529],[-73.19604,-38.01274],[-73.19323,-38.01273]]}},{"id":"10005","type":"Feature","properties":{"ROL":"P-678","NOMBRE_CAMINO":"Cruce P-72-S (Huentelolén) - Cruce P-72-S (Los Batros)","CLASIFICACION":"Camino Regional Comunal","CALZADA":null,"tmda":null},"geometry":{"type":"LineString","coordinates":[[-73.40496,-37.95267],[-73.41031,-37.95025],[-73.42009,-37.94832],[-73.42948,-37.95054],[-73.43449,-37.96211],[-73.43216,-37.96408]]}},{"id":"10006","type":"Feature","properties":{"ROL":"P-680","NOMBRE_CAMINO":"Cruce P-72-S - Cruce P-678 (Collico)","CLASIFICACION":"Camino Regional Comunal","CALZADA":null,"tmda":null},"geometry":{"type":"LineString","coordinates":[[-73.40037,-37.97487],[-73.42727,-37.97307],[-73.43041,-37.96912],[-73.43216,-37.96408]]}},{"id":"10007","type":"Feature","properties":{"ROL":"P-690","NOMBRE_CAMINO":"Cruce P-72-S (Colo Colo) - Cruce P-686 (Rihue)","CLASIFICACION":"Camino Regional Comunal","CALZADA":null,"tmda":null},"geometry":{"type":"LineString","coordinates":[[-73.4062,-37.9431],[-73.40331,-37.94365],[-73.40376,-37.94768],[-73.39596,-37.95689],[-73.39372,-37.96216],[-73.39595,-37.96649],[-73.39448,-37.96694],[-73.39395,-37.97414],[-73.39684,-37.97821]]}},{"id":"10008","type":"Feature","properties":{"ROL":"P-650","NOMBRE_CAMINO":"Cruce P-60-R (Huilquehue) - Provoque","CLASIFICACION":"Camino Regional de Acceso","CALZADA":null,"tmda":null},"geometry":{"type":"LineString","coordinates":[[-73.30871,-37.89809],[-73.29567,-37.89373],[-73.29431,-37.88966],[-73.29172,-37.88679],[-73.29268,-37.88182],[-73.29431,-37.8802],[-73.29278,-37.87647],[-73.28594,-37.87165],[-73.28183,-37.87091],[-73.27862,-37.86775],[-73.27505,-37.86756]]}},{"id":"10009","type":"Feature","properties":{"ROL":"P-150-R","NOMBRE_CAMINO":"Angol - Vegas Blancas - Piedra del Águila - Cruce P-560 (Cayucupil), Sector: Límite Regional - Cayucupil","CLASIFICACION":"Camino Regional Provincial","CALZADA":null,"tmda":659.0},"geometry":{"type":"LineString","coordinates":[[-73.02396,-37.80303],[-73.0274,-37.8037],[-73.03143,-37.80655],[-73.03753,-37.80594],[-73.04373,-37.80826],[-73.04701,-37.80275],[-73.05128,-37.80827],[-73.05683,-37.81001],[-73.05931,-37.81212],[-73.06503,-37.81201],[-73.06746,-37.81365],[-73.0695,-37.81317],[-73.07008,-37.81451],[-73.0745,-37.81468],[-73.07632,-37.81344],[-73.08054,-37.81669],[-73.08474,-37.81548],[-73.09022,-37.8188],[-73.09258,-37.81658],[-73.10046,-37.82433],[-73.103,-37.82492],[-73.10345,-37.82723],[-73.10507,-37.82822],[-73.10516,-37.82452],[-73.11125,-37.8265],[-73.11467,-37.82373],[-73.11414,-37.82196],[-73.11519,-37.82125],[-73.11847,-37.82142],[-73.11749,-37.82301],[-73.12105,-37.82376],[-73.12566,-37.82037],[-73.12587,-37.81896],[-73.1295,-37.82098],[-73.1302,-37.81825],[-73.13229,-37.81678],[-73.13194,-37.81476],[-73.13687,-37.81394],[-73.14034,-37.81096],[-73.14447,-37.81123],[-73.14737,-37.80649],[-73.14853,-37.80743],[-73.15174,-37.80602],[-73.15377,-37.80653],[-73.15418,-37.80942],[-73.15539,-37.80968],[-73.15638,-37.80811],[-73.16219,-37.80868],[-73.16291,-37.80507],[-73.16442,-37.80426],[-73.17096,-37.80545],[-73.17693,-37.80124],[-73.18353,-37.79294],[-73.18696,-37.79196],[-73.1874,-37.78936],[-73.18974,-37.78687],[-73.1892,-37.78549],[-73.19088,-37.78524],[-73.19105,-37.78323],[-73.19279,-37.78311],[-73.19951,-37.78707],[-73.20115,-37.79023],[-73.20345,-37.78942],[-73.20735,-37.79038],[-73.2073,-37.79382],[-73.20383,-37.79252],[-73.20196,-37.79368],[-73.2083,-37.79538],[-73.2118,-37.79169],[-73.21804,-37.79267],[-73.22075,-37.79432],[-73.22279,-37.79841],[-73.2271,-37.80056],[-73.22786,-37.80244],[-73.23236,-37.80561],[-73.24023,-37.80817],[-73.24216,-37.8101],[-73.24367,-37.80974]]}},{"id":"10010","type":"Feature","properties":{"ROL":"P-558","NOMBRE_CAMINO":"Cruce P-150-R (Puente Largo) - Caramávida","CLASIFICACION":"Camino Regional de Acceso","CALZADA":null,"tmda":null},"geometry":{"type":"LineString","coordinates":[[-73.19096,-37.78494],[-73.18621,-37.78645],[-73.18052,-37.78344],[-73.18144,-37.7817],[-73.17752,-37.78206],[-73.178,-37.78083],[-73.17603,-37.77872],[-73.17763,-37.77795],[-73.17379,-37.77479],[-73.17182,-37.77508],[-73.17158,-37.77352],[-73.16657,-37.77396],[-73.16537,-37.77186],[-73.16431,-37.77305],[-73.15682,-37.77031]]}},{"id":"10011","type":"Feature","properties":{"ROL":"P-560","NOMBRE_CAMINO":"Cruce P-60-R (Cañete) - Cayucupil - Butamalal - Cruce P-670-R (Provoque)","CLASIFICACION":"Camino Regional Comunal","CALZADA":null,"tmda":779.0},"geometry":{"type":"LineString","coordinates":[[-73.22952,-37.83213],[-73.22583,-37.83691],[-73.22101,-37.83707],[-73.216,-37.8346],[-73.21813,-37.83831],[-73.21499,-37.83544],[-73.21161,-37.83687],[-73.21218,-37.83399],[-73.2057,-37.8293],[-73.20303,-37.83085],[-73.20052,-37.83528],[-73.20531,-37.83104],[-73.20722,-37.83213],[-73.20835,-37.83506],[-73.20533,-37.83306],[-73.20656,-37.83449],[-73.20427,-37.83877],[-73.19945,-37.84106],[-73.1972,-37.84466],[-73.19201,-37.84518],[-73.19117,-37.84428],[-73.18882,-37.84531],[-73.19005,-37.84467],[-73.18907,-37.84436],[-73.18912,-37.84206],[-73.18514,-37.84217],[-73.18271,-37.84075],[-73.1813,-37.84283],[-73.1785,-37.84338],[-73.17557,-37.84606],[-73.17441,-37.85263],[-73.1719,-37.85422],[-73.16608,-37.85497],[-73.1602,-37.85321],[-73.15415,-37.85575],[-73.15112,-37.85348],[-73.15102,-37.85028],[-73.14496,-37.8477],[-73.1397,-37.8504],[-73.13393,-37.85162],[-73.13159,-37.85003],[-73.12948,-37.85133],[-73.12766,-37.85272],[-73.12852,-37.85974],[-73.12714,-37.86035],[-73.12777,-37.86348],[-73.12629,-37.86438],[-73.12761,-37.86615],[-73.12388,-37.87017],[-73.12356,-37.8752],[-73.12492,-37.87809],[-73.12148,-37.88205],[-73.12509,-37.88592],[-73.1247,-37.88724],[-73.12693,-37.88793],[-73.12631,-37.88965],[-73.12808,-37.89055],[-73.1287,-37.894],[-73.13055,-37.89489]]}},{"id":"10012","type":"Feature","properties":{"ROL":"P-562","NOMBRE_CAMINO":"Cruce P-560 (Butamalal) - Tres Marías - Cruce P-670-R (Provoque)","CLASIFICACION":"Camino Regional Comunal","CALZADA":null,"tmda":null},"geometry":{"type":"LineString","coordinates":[[-73.23101,-37.83086],[-73.23229,-37.8312],[-73.23063,-37.83599],[-73.23221,-37.83872],[-73.22745,-37.84072],[-73.22705,-37.84285],[-73.22486,-37.84341],[-73.22437,-37.84583],[-73.22022,-37.84768],[-73.21756,-37.84692],[-73.21727,-37.84826],[-73.21254,-37.84715],[-73.21163,-37.8479],[-73.21193,-37.84986],[-73.21365,-37.84958],[-73.21306,-37.85087],[-73.219,-37.85556],[-73.21576,-37.85724],[-73.21601,-37.85983],[-73.21452,-37.86001],[-73.21527,-37.86142],[-73.21354,-37.8642],[-73.20704,-37.8675],[-73.19268,-37.86751],[-73.1881,-37.86987],[-73.18329,-37.86767],[-73.18203,-37.86565],[-73.18261,-37.86392],[-73.17844,-37.86088],[-73.17287,-37.86185],[-73.16959,-37.86853],[-73.16761,-37.86625],[-73.16671,-37.86697],[-73.1676,-37.86858],[-73.16632,-37.86756],[-73.16567,-37.86423],[-73.16123,-37.86463],[-73.16098,-37.86356],[-73.15869,-37.86648],[-73.15656,-37.86591],[-73.15627,-37.86942],[-73.15745,-37.86958],[-73.15746,-37.87108],[-73.15496,-37.87225],[-73.15382,-37.87512],[-73.14883,-37.87913],[-73.14672,-37.87918],[-73.14143,-37.88259],[-73.14049,-37.88651],[-73.14152,-37.88745],[-73.14031,-37.88927],[-73.14139,-37.89031],[-73.13965,-37.89271]]}},{"id":"10013","type":"Feature","properties":{"ROL":"P-566","NOMBRE_CAMINO":"Cruce P-604 (Pulebu) - Cruce P-560 (Butamalal Bajo)","CLASIFICACION":"Camino Regional Comunal","CALZADA":null,"tmda":null},"geometry":{"type":"LineString","coordinates":[[-73.31774,-37.81322],[-73.31545,-37.81354],[-73.30167,-37.80949],[-73.28822,-37.81476],[-73.28492,-37.8128],[-73.28398,-37.81672],[-73.27833,-37.82068],[-73.26664,-37.82147],[-73.25982,-37.81734],[-73.25066,-37.82131]]}},{"id":"10014","type":"Feature","properties":{"ROL":"P-670-R","NOMBRE_CAMINO":"Cruce P-562 (Provoque) - Lote B - Cruce R-240 (Coihuería), Sector: Provoque - Límite Regional","CLASIFICACION":"Camino Regional Comunal","CALZADA":null,"tmda":null},"geometry":{"type":"LineString","coordinates":[[-73.13965,-37.89271],[-73.13454,-37.89192],[-73.13055,-37.89489]]}},{"id":"10015","type":"Feature","properties":{"ROL":"P-566","NOMBRE_CAMINO":"Cruce P-604 (Pulebu) - Cruce P-560 (Butamalal Bajo)","CLASIFICACION":"Camino Regional Comunal","CALZADA":null,"tmda":null},"geometry":{"type":"LineString","coordinates":[[-73.25066,-37.82131],[-73.24786,-37.81778]]}},{"id":"10016","type":"Feature","properties":{"ROL":"P-568","NOMBRE_CAMINO":"Cruce P-560 - Cruce P-566 (Rucañirre)","CLASIFICACION":"Camino Regional Comunal","CALZADA":null,"tmda":null},"geometry":{"type":"LineString","coordinates":[[-73.28433,-37.80825],[-73.28502,-37.8128]]}},{"id":"10017","type":"Feature","properties":{"ROL":"P-604","NOMBRE_CAMINO":"Cruce P-560 (Pulebu) - Cruce P-602 (Reputo)","CLASIFICACION":"Camino Regional Comunal","CALZADA":null,"tmda":null},"geometry":{"type":"LineString","coordinates":[[-73.32328,-37.80514],[-73.31776,-37.81324],[-73.34164,-37.8224],[-73.33696,-37.83581],[-73.33753,-37.8389],[-73.33425,-37.84344]]}},{"id":"10018","type":"Feature","properties":{"ROL":"P-602","NOMBRE_CAMINO":"Cruce P-60-R - Reputo","CLASIFICACION":"Camino Regional Comunal","CALZADA":null,"tmda":1003.0},"geometry":{"type":"LineString","coordinates":[[-73.35349,-37.83471],[-73.33975,-37.84497],[-73.33413,-37.84351],[-73.33106,-37.84855],[-73.32176,-37.8543]]}},{"id":"10019","type":"Feature","properties":{"ROL":"P-606","NOMBRE_CAMINO":"Cruce P-60-R (Leiva) - Reposo","CLASIFICACION":"Camino Regional de Acceso","CALZADA":null,"tmda":null},"geometry":{"type":"LineString","coordinates":[[-73.39189,-37.81059],[-73.39047,-37.81076],[-73.39085,-37.81354],[-73.38439,-37.81725],[-73.37151,-37.81927],[-73.36266,-37.81662],[-73.35528,-37.81605],[-73.35524,-37.81802]]}},{"id":"10020","type":"Feature","properties":{"ROL":"P-514","NOMBRE_CAMINO":"Cruce P-516 (Caillín) - Los Peucos","CLASIFICACION":"Camino Regional de Acceso","CALZADA":null,"tmda":null},"geometry":{"type":"LineString","coordinates":[[-73.36989,-37.77941],[-73.36811,-37.77957],[-73.36515,-37.77735],[-73.35364,-37.78083],[-73.33712,-37.7819],[-73.31718,-37.77476],[-73.31264,-37.77101],[-73.31154,-37.76425]]}},{"id":"10021","type":"Feature","properties":{"ROL":"P-516","NOMBRE_CAMINO":"Cruce P-60-R (Las Misiones) - Cruce P-560 (Santa Clara)","CLASIFICACION":"Camino Regional Comunal","CALZADA":null,"tmda":null},"geometry":{"type":"LineString","coordinates":[[-73.38196,-37.77518],[-73.37321,-37.77766],[-73.36724,-37.781]]}},{"id":"10022","type":"Feature","properties":{"ROL":"P-580","NOMBRE_CAMINO":"Cruce Ruta 160 (El Rosal) - Quinahue","CLASIFICACION":"Camino Regional de Acceso","CALZADA":null,"tmda":null},"geometry":{"type":"LineString","coordinates":[[-73.57291,-37.6504],[-73.57317,-37.65973],[-73.57751,-37.66827],[-73.58839,-37.68431],[-73.59374,-37.69987],[-73.60388,-37.70889],[-73.60689,-37.7094],[-73.60973,-37.71176]]}},{"id":"10023","type":"Feature","properties":{"ROL":"P-582","NOMBRE_CAMINO":"Cruce P-586 (Curaco) - Cruce P-584 (Morhuilla Interior)","CLASIFICACION":"Camino Regional Comunal","CALZADA":null,"tmda":null},"geometry":{"type":"LineString","coordinates":[[-73.6389,-37.68951],[-73.63609,-37.69295],[-73.62945,-37.6925]]}},{"id":"10024","type":"Feature","properties":{"ROL":"P-584","NOMBRE_CAMINO":"Cruce Ruta 160 - Morhuilla - Cruce P-586 (Curaco)","CLASIFICACION":"Camino Regional Comunal","CALZADA":null,"tmda":null},"geometry":{"type":"LineString","coordinates":[[-73.58852,-37.6495],[-73.58824,-37.6524],[-73.59635,-37.67263],[-73.59935,-37.67636],[-73.60536,-37.67921],[-73.60733,-37.68466],[-73.61284,-37.68889],[-73.61512,-37.69622],[-73.62049,-37.70632],[-73.62271,-37.70563],[-73.62577,-37.70122],[-73.62308,-37.69726],[-73.62281,-37.69437],[-73.62403,-37.69397],[-73.62883,-37.69681],[-73.63138,-37.69619],[-73.62942,-37.69345],[-73.63072,-37.68171]]}},{"id":"10025","type":"Feature","properties":{"ROL":"P-586","NOMBRE_CAMINO":"Cruce Ruta 160 - Curaco - Isla Morhuilla","CLASIFICACION":"Camino Regional Comunal","CALZADA":null,"tmda":null},"geometry":{"type":"LineString","coordinates":[[-73.61607,-37.64827],[-73.61542,-37.65415],[-73.62085,-37.66212],[-73.6217,-37.66593],[-73.62937,-37.67434],[-73.63092,-37.68223],[-73.63776,-37.68478],[-73.6412,-37.69658],[-73.6416,-37.70416],[-73.64516,-37.70836],[-73.64598,-37.71209],[-73.65491,-37.72372],[-73.65962,-37.72261],[-73.66253,-37.72343]]}},{"id":"10026","type":"Feature","properties":{"ROL":"P-590","NOMBRE_CAMINO":"Cruce Ruta 160 (Santa Rosa) - Aeródromo Los Pehuenches","CLASIFICACION":"Camino Regional de Acceso","CALZADA":null,"tmda":null},"geometry":{"type":"LineString","coordinates":[[-73.62386,-37.64732],[-73.62647,-37.65383]]}},{"id":"10027","type":"Feature","properties":{"ROL":"P-594","NOMBRE_CAMINO":"Cruce Ruta 160 (Santa Rosa) - Chimpe","CLASIFICACION":"Camino Regional de Acceso","CALZADA":null,"tmda":null},"geometry":{"type":"LineString","coordinates":[[-73.6321,-37.64424],[-73.6311,-37.64888],[-73.63206,-37.6529],[-73.64047,-37.66608],[-73.64104,-37.66895],[-73.64443,-37.671],[-73.6479,-37.67763],[-73.64987,-37.67809],[-73.65245,-37.68201]]}},{"id":"10028","type":"Feature","properties":{"ROL":"P-532","NOMBRE_CAMINO":"Cruce P-570 (Pehuén) - Pelahuenco","CLASIFICACION":"Camino Regional de Acceso","CALZADA":null,"tmda":null},"geometry":{"type":"LineString","coordinates":[[-73.52373,-37.6831],[-73.52052,-37.68463],[-73.51371,-37.69206],[-73.50997,-37.69172]]}},{"id":"10029","type":"Feature","properties":{"ROL":"P-534","NOMBRE_CAMINO":"Cruce P-570 - Rucarraqui Chico","CLASIFICACION":"Camino Regional de Acceso","CALZADA":null,"tmda":null},"geometry":{"type":"LineString","coordinates":[[-73.53089,-37.72721],[-73.52337,-37.73479],[-73.52922,-37.75305]]}},{"id":"10030","type":"Feature","properties":{"ROL":"P-544","NOMBRE_CAMINO":"Cruce P-466 (Sara de Lebu) - Cruce P-550 (Ranquilco)","CLASIFICACION":"Camino Regional Comunal","CALZADA":null,"tmda":null},"geometry":{"type":"LineString","coordinates":[[-73.4985,-37.76749],[-73.50602,-37.76936],[-73.51055,-37.76864],[-73.51103,-37.76658],[-73.51245,-37.76853]]}},{"id":"10031","type":"Feature","properties":{"ROL":"P-550","NOMBRE_CAMINO":"Cruce Ruta 160 (Los Álamos) - Ranquilco","CLASIFICACION":"Camino Regional Comunal","CALZADA":null,"tmda":null},"geometry":{"type":"LineString","coordinates":[[-73.50658,-37.73009],[-73.50814,-37.73638],[-73.5069,-37.74123],[-73.50823,-37.74556],[-73.51364,-37.7569],[-73.52958,-37.78254]]}},{"id":"10032","type":"Feature","properties":{"ROL":"P-572","NOMBRE_CAMINO":"Cruce P-570 (Pehuén) - Colhue","CLASIFICACION":"Camino Regional de Acceso","CALZADA":null,"tmda":null},"geometry":{"type":"LineString","coordinates":[[-73.52481,-37.68156],[-73.53275,-37.68271],[-73.53684,-37.69335]]}},{"id":"10033","type":"Feature","properties":{"ROL":"P-574","NOMBRE_CAMINO":"Cruce P-576 (Yeneco) - Estero Yeneco","CLASIFICACION":"Camino Regional de Acceso","CALZADA":null,"tmda":null},"geometry":{"type":"LineString","coordinates":[[-73.56215,-37.69746],[-73.56021,-37.70009],[-73.56189,-37.71222],[-73.57003,-37.72857],[-73.57575,-37.73127],[-73.58062,-37.73778]]}},{"id":"10034","type":"Feature","properties":{"ROL":"P-576","NOMBRE_CAMINO":"Cruce Ruta 160 (Pehuén) - Catribolí - Yeneco","CLASIFICACION":"Camino Regional Comunal","CALZADA":null,"tmda":null},"geometry":{"type":"LineString","coordinates":[[-73.54675,-37.66699],[-73.57141,-37.71647]]}},{"id":"10035","type":"Feature","properties":{"ROL":"P-578","NOMBRE_CAMINO":"Cruce P-576 (Yeneco) - Catribolí","CLASIFICACION":"Camino Regional de Acceso","CALZADA":null,"tmda":null},"geometry":{"type":"LineString","coordinates":[[-73.55803,-37.68976],[-73.56077,-37.68575],[-73.56304,-37.68888],[-73.56752,-37.68974],[-73.57473,-37.69905],[-73.5792,-37.70158],[-73.58051,-37.7066]]}},{"id":"10036","type":"Feature","properties":{"ROL":"P-500","NOMBRE_CAMINO":"Cruce P-60-R (Antihuala) - Licauquén - Cruce P-60-R (Cañete)","CLASIFICACION":"Camino Regional Provincial","CALZADA":null,"tmda":449.0},"geometry":{"type":"LineString","coordinates":[[-73.38898,-37.67144],[-73.39476,-37.67457],[-73.39838,-37.67844],[-73.40423,-37.69032],[-73.41421,-37.70069],[-73.41631,-37.70829],[-73.41922,-37.71291],[-73.42408,-37.71702],[-73.42675,-37.72916],[-73.4322,-37.73727],[-73.43708,-37.74805],[-73.44059,-37.76376],[-73.43971,-37.76651],[-73.43015,-37.7779],[-73.42256,-37.78262],[-73.41524,-37.78995],[-73.41488,-37.79389],[-73.40657,-37.79749],[-73.40463,-37.80216],[-73.40191,-37.80331],[-73.40186,-37.80648],[-73.39171,-37.80888]]}},{"id":"10037","type":"Feature","properties":{"ROL":"P-462","NOMBRE_CAMINO":"Cruce P-60-R (Tres Pinos) - Cuyinco","CLASIFICACION":"Camino Regional de Acceso","CALZADA":null,"tmda":null},"geometry":{"type":"LineString","coordinates":[[-73.41009,-37.62794],[-73.41021,-37.63832],[-73.41351,-37.64309],[-73.41532,-37.64893],[-73.43187,-37.66584],[-73.43696,-37.67619],[-73.44001,-37.68964],[-73.44276,-37.69579],[-73.44654,-37.69783],[-73.44915,-37.70173],[-73.45743,-37.71906],[-73.45785,-37.72312],[-73.45615,-37.72617]]}},{"id":"10038","type":"Feature","properties":{"ROL":"P-466","NOMBRE_CAMINO":"Cruce Ruta 160 (Los Álamos) - Sara de Lebu - Pangue","CLASIFICACION":"Camino Regional Comunal","CALZADA":null,"tmda":2349.0},"geometry":{"type":"LineString","coordinates":[[-73.45607,-37.62761],[-73.455,-37.63104],[-73.44735,-37.63998],[-73.44842,-37.64709],[-73.45356,-37.65429],[-73.4566,-37.6654],[-73.45588,-37.66982],[-73.46714,-37.67865],[-73.46705,-37.68408],[-73.47477,-37.69864],[-73.47522,-37.70535],[-73.47342,-37.71083],[-73.47455,-37.72527],[-73.47752,-37.7296],[-73.4787,-37.73598],[-73.48489,-37.74704],[-73.48308,-37.75903],[-73.48392,-37.76144],[-73.48689,-37.76347]]}},{"id":"10039","type":"Feature","properties":{"ROL":"P-520","NOMBRE_CAMINO":"Cruce P-60-R (Cañete) - Tucapel - Cruce P-500 (Licauquén)","CLASIFICACION":"Camino Regional Comunal","CALZADA":null,"tmda":null},"geometry":{"type":"LineString","coordinates":[[-73.38549,-37.784],[-73.39379,-37.77525],[-73.39948,-37.77296],[-73.40247,-37.76255],[-73.40682,-37.75938],[-73.40993,-37.75887],[-73.41327,-37.75335],[-73.41816,-37.74892],[-73.43336,-37.73961]]}},{"id":"10040","type":"Feature","properties":{"ROL":"P-498","NOMBRE_CAMINO":"Cruce P-60-R (Tres Pinos) - Cruce P-60-R (La Araucana)","CLASIFICACION":"Camino Regional Comunal","CALZADA":null,"tmda":null},"geometry":{"type":"LineString","coordinates":[[-73.39676,-37.63571],[-73.39258,-37.63826],[-73.39118,-37.64438],[-73.39264,-37.64792]]}},{"id":"10041","type":"Feature","properties":{"ROL":"P-536","NOMBRE_CAMINO":"Cruce P-466 (La Aguada) - Cruce P-466 (Pichillenquehue)","CLASIFICACION":"Camino Regional Comunal","CALZADA":null,"tmda":null},"geometry":{"type":"LineString","coordinates":[[-73.47439,-37.71504],[-73.48027,-37.72338],[-73.48315,-37.73029],[-73.48468,-37.73973],[-73.4843,-37.74581]]}},{"id":"10042","type":"Feature","properties":{"ROL":"P-554","NOMBRE_CAMINO":"Cruce P-556 (Llenquehue) - La Antena","CLASIFICACION":"Camino Regional de Acceso","CALZADA":null,"tmda":null},"geometry":{"type":"LineString","coordinates":[[-73.44302,-37.75075],[-73.45011,-37.76946],[-73.45536,-37.7689]]}},{"id":"10043","type":"Feature","properties":{"ROL":"P-556","NOMBRE_CAMINO":"Cruce P-500 (Licauquén) - Cruce P-466 (Sara de Lebu)","CLASIFICACION":"Camino Regional Comunal","CALZADA":null,"tmda":409.0},"geometry":{"type":"LineString","coordinates":[[-73.43772,-37.75067],[-73.44649,-37.75083],[-73.4541,-37.75472],[-73.45386,-37.7524],[-73.45797,-37.75081],[-73.4615,-37.75509],[-73.46955,-37.75934],[-73.48306,-37.75882]]}},{"id":"10044","type":"Feature","properties":{"ROL":"P-540","NOMBRE_CAMINO":"Cruce P-466 (Sara de Lebu) - El Avellano","CLASIFICACION":"Camino Regional Comunal","CALZADA":null,"tmda":null},"geometry":{"type":"LineString","coordinates":[[-73.4856,-37.76276],[-73.48678,-37.76677],[-73.49205,-37.77467],[-73.4922,-37.77978]]}},{"id":"10045","type":"Feature","properties":{"ROL":"P-542","NOMBRE_CAMINO":"Cruce P-540 (Sara de Lebu) - Viluco","CLASIFICACION":"Camino Regional de Acceso","CALZADA":null,"tmda":null},"geometry":{"type":"LineString","coordinates":[[-73.48676,-37.76671],[-73.48684,-37.76806],[-73.48388,-37.76852],[-73.48129,-37.77339],[-73.48324,-37.77705],[-73.48132,-37.78405],[-73.48355,-37.79991]]}},{"id":"10046","type":"Feature","properties":{"ROL":"P-546","NOMBRE_CAMINO":"Cruce P-556 (Sara de Lebu) - Pancura","CLASIFICACION":"Camino Regional Comunal","CALZADA":null,"tmda":null},"geometry":{"type":"LineString","coordinates":[[-73.47485,-37.75919],[-73.47621,-37.76136],[-73.47521,-37.76494],[-73.47923,-37.77245]]}},{"id":"10047","type":"Feature","properties":{"ROL":"P-548","NOMBRE_CAMINO":"Cruce P-546 (Sara de Lebu) - Albulemu","CLASIFICACION":"Camino Regional de Acceso","CALZADA":null,"tmda":null},"geometry":{"type":"LineString","coordinates":[[-73.47643,-37.76744],[-73.47294,-37.76856],[-73.47311,-37.77723]]}},{"id":"10048","type":"Feature","properties":{"ROL":"P-610","NOMBRE_CAMINO":"Cruce P-500 - Cruce P-630 (Pangueco)","CLASIFICACION":"Camino Regional Comunal","CALZADA":null,"tmda":null},"geometry":{"type":"LineString","coordinates":[[-73.4171,-37.78803],[-73.42542,-37.79713],[-73.4269,-37.8054]]}},{"id":"10049","type":"Feature","properties":{"ROL":"P-620","NOMBRE_CAMINO":"Cruce P-630 (Pangueco) - Vilvilco","CLASIFICACION":"Camino Regional de Acceso","CALZADA":null,"tmda":null},"geometry":{"type":"LineString","coordinates":[[-73.4504,-37.80907],[-73.45299,-37.80825],[-73.45477,-37.80908],[-73.45564,-37.81321],[-73.46439,-37.82839],[-73.46636,-37.82885],[-73.46823,-37.83234]]}},{"id":"10050","type":"Feature","properties":{"ROL":"P-622","NOMBRE_CAMINO":"Cruce P-630 - Lencanboldo","CLASIFICACION":"Camino Regional de Acceso","CALZADA":null,"tmda":null},"geometry":{"type":"LineString","coordinates":[[-73.44557,-37.77595],[-73.45198,-37.77727],[-73.4583,-37.78328],[-73.46278,-37.78516],[-73.47008,-37.79658],[-73.46993,-37.80336],[-73.47289,-37.81982],[-73.47865,-37.83114]]}},{"id":"10051","type":"Feature","properties":{"ROL":"P-630","NOMBRE_CAMINO":"Cruce P-500 (Licauquén) - Ponotro - Paicaví","CLASIFICACION":"Camino Regional Comunal","CALZADA":null,"tmda":null},"geometry":{"type":"LineString","coordinates":[[-73.4374,-37.76933],[-73.44573,-37.77603],[-73.45032,-37.78717],[-73.4517,-37.80159],[-73.45021,-37.81006],[-73.4505,-37.82324],[-73.44983,-37.82566],[-73.43321,-37.83483],[-73.42541,-37.83702],[-73.4268,-37.84154],[-73.42322,-37.8438]]}},{"id":"10052","type":"Feature","properties":{"ROL":"P-552","NOMBRE_CAMINO":"Cruce P-466 (Pangue) - Butaco","CLASIFICACION":"Camino Regional de Acceso","CALZADA":null,"tmda":null},"geometry":{"type":"LineString","coordinates":[[-73.50515,-37.82741],[-73.50898,-37.82658],[-73.50922,-37.82358],[-73.5174,-37.8216],[-73.51445,-37.81256]]}},{"id":"10053","type":"Feature","properties":{"ROL":"P-538","NOMBRE_CAMINO":"Cruce P-466 (Pangue) - La Colonia","CLASIFICACION":"Camino Regional de Acceso","CALZADA":null,"tmda":null},"geometry":{"type":"LineString","coordinates":[[-73.49814,-37.81907],[-73.49517,-37.82124],[-73.50227,-37.83612]]}},{"id":"10054","type":"Feature","properties":{"ROL":"P-636","NOMBRE_CAMINO":"Cruce P-630 (Lloncao) - Los Túneles","CLASIFICACION":"Camino Regional Comunal","CALZADA":null,"tmda":null},"geometry":{"type":"LineString","coordinates":[[-73.44801,-37.88891],[-73.45545,-37.88654],[-73.45974,-37.88321],[-73.46707,-37.88615],[-73.47461,-37.89106],[-73.4788,-37.89148],[-73.48758,-37.8989],[-73.50434,-37.90315],[-73.50925,-37.90523],[-73.51023,-37.90695],[-73.517,-37.90633],[-73.51931,-37.90802]]}},{"id":"10055","type":"Feature","properties":{"ROL":"P-644","NOMBRE_CAMINO":"Cruce P-630 (Lloncao) - Las Dunas","CLASIFICACION":"Camino Regional de Acceso","CALZADA":null,"tmda":null},"geometry":{"type":"LineString","coordinates":[[-73.44315,-37.90615],[-73.44532,-37.90585],[-73.4462,-37.90823],[-73.44968,-37.90879],[-73.4653,-37.90743],[-73.47128,-37.90504]]}},{"id":"10056","type":"Feature","properties":{"ROL":"P-648","NOMBRE_CAMINO":"Cruce P-630 (Paicaví) - Esperanza","CLASIFICACION":"Camino Regional Comunal","CALZADA":null,"tmda":null},"geometry":{"type":"LineString","coordinates":[[-73.43451,-37.92407],[-73.43492,-37.92505],[-73.4463,-37.92684],[-73.44993,-37.92348],[-73.45433,-37.93562],[-73.4562,-37.93819],[-73.45938,-37.93932],[-73.46292,-37.94441],[-73.46616,-37.94635],[-73.47312,-37.94448]]}},{"id":"10057","type":"Feature","properties":{"ROL":"P-638","NOMBRE_CAMINO":"Cruce P-640 (Peleco) - Cruce P-630 (Lloncao)","CLASIFICACION":"Camino Regional Comunal","CALZADA":null,"tmda":null},"geometry":{"type":"LineString","coordinates":[[-73.41505,-37.8989],[-73.41711,-37.8971],[-73.42439,-37.89614],[-73.43299,-37.89785],[-73.43672,-37.90048],[-73.44063,-37.89948]]}},{"id":"10058","type":"Feature","properties":{"ROL":"P-640","NOMBRE_CAMINO":"Cruce P-60-R (Peleco) - Cruce P-630 (Paicaví)","CLASIFICACION":"Camino Regional Comunal","CALZADA":null,"tmda":null},"geometry":{"type":"LineString","coordinates":[[-73.38157,-37.85493],[-73.38711,-37.8608],[-73.39835,-37.86337],[-73.40138,-37.86516],[-73.41319,-37.88659],[-73.41251,-37.89405],[-73.41505,-37.8989]]}},{"id":"10059","type":"Feature","properties":{"ROL":"P-642","NOMBRE_CAMINO":"Cruce P-630 (Lloncao) - La Rinconada","CLASIFICACION":"Camino Regional Comunal","CALZADA":null,"tmda":null},"geometry":{"type":"LineString","coordinates":[[-73.43943,-37.89612],[-73.43317,-37.88806],[-73.4261,-37.88625],[-73.42156,-37.88252],[-73.43382,-37.87056]]}},{"id":"10060","type":"Feature","properties":{"ROL":"P-626","NOMBRE_CAMINO":"Cruce P-630 (Quelihue) - Cruce P-636 (Los Túneles)","CLASIFICACION":"Camino Regional Comunal","CALZADA":null,"tmda":null},"geometry":{"type":"LineString","coordinates":[[-73.43332,-37.83475],[-73.45413,-37.86442],[-73.4587,-37.8767],[-73.4598,-37.88325]]}},{"id":"10061","type":"Feature","properties":{"ROL":"P-632","NOMBRE_CAMINO":"Cruce P-60-R (Huichicura) - Cruce P-630 (El Durazno)","CLASIFICACION":"Camino Regional Comunal","CALZADA":null,"tmda":1125.0},"geometry":{"type":"LineString","coordinates":[[-73.39335,-37.82421],[-73.40585,-37.82524],[-73.40607,-37.82752],[-73.41095,-37.83151],[-73.41405,-37.83697]]}},{"id":"10062","type":"Feature","properties":{"ROL":"P-634","NOMBRE_CAMINO":"Cruce P-632 (Media Luna) - Cruce P-630 (Ponotro)","CLASIFICACION":"Camino Regional Comunal","CALZADA":null,"tmda":null},"geometry":{"type":"LineString","coordinates":[[-73.41729,-37.83734],[-73.42567,-37.83694]]}},{"id":"10063","type":"Feature","properties":{"ROL":"P-628","NOMBRE_CAMINO":"Cruce P-60-R (Leiva) - Cruce P-632 (Huichicura)","CLASIFICACION":"Camino Regional Comunal","CALZADA":null,"tmda":null},"geometry":{"type":"LineString","coordinates":[[-73.39238,-37.81374],[-73.39545,-37.81766],[-73.39962,-37.81986],[-73.40417,-37.82],[-73.40359,-37.82486]]}},{"id":"10064","type":"Feature","properties":{"ROL":"URBP500","NOMBRE_CAMINO":"Manuel Rodríguez - Bernardo O'Higgins","CLASIFICACION":"Camino Regional Comunal","CALZADA":null,"tmda":null},"geometry":{"type":"LineString","coordinates":[[-73.4026,-37.80543],[-73.40514,-37.80484],[-73.40814,-37.80776],[-73.40885,-37.80427],[-73.40475,-37.80181]]}},{"id":"10065","type":"Feature","properties":{"ROL":"URBP502","NOMBRE_CAMINO":"Sargento Aldea -  Villagrán","CLASIFICACION":"Camino Regional Comunal","CALZADA":null,"tmda":null},"geometry":{"type":"LineString","coordinates":[[-73.40161,-37.80566],[-73.40043,-37.80588],[-73.40078,-37.80675]]}},{"id":"10066","type":"Feature","properties":{"ROL":"P-512","NOMBRE_CAMINO":"Cruce P-60-R (Cullinpalihue) - Cruce P-518 (Quelén - Quelén)","CLASIFICACION":"Camino Regional Comunal","CALZADA":null,"tmda":null},"geometry":{"type":"LineString","coordinates":[[-73.38449,-37.71472],[-73.39007,-37.71572],[-73.39228,-37.73134],[-73.39009,-37.73265],[-73.39053,-37.73462],[-73.38811,-37.73618],[-73.38862,-37.73757]]}},{"id":"10067","type":"Feature","properties":{"ROL":"P-518","NOMBRE_CAMINO":"Cruce P-60-R (Quelén Quelén) - Cruce P-520 (Tucapel Alto)","CLASIFICACION":"Camino Regional Comunal","CALZADA":null,"tmda":null},"geometry":{"type":"LineString","coordinates":[[-73.38459,-37.73714],[-73.39205,-37.73766],[-73.39277,-37.73988],[-73.39326,-37.73912],[-73.39356,-37.74444],[-73.39601,-37.74622],[-73.40258,-37.7468],[-73.40476,-37.74965],[-73.4091,-37.74992],[-73.412,-37.75596]]}},{"id":"10068","type":"Feature","properties":{"ROL":"P-592","NOMBRE_CAMINO":"Cruce Ruta 160 (Santa Fé) - Mina Costa","CLASIFICACION":"Camino Regional de Acceso","CALZADA":null,"tmda":null},"geometry":{"type":"LineString","coordinates":[[-73.66048,-37.62289],[-73.664,-37.63813],[-73.66366,-37.64356]]}},{"id":"10069","type":"Feature","properties":{"ROL":"P-596","NOMBRE_CAMINO":"Cruce Ruta 160 - Cantera El Diezmo","CLASIFICACION":"Camino Regional de Acceso","CALZADA":null,"tmda":null},"geometry":{"type":"LineString","coordinates":[[-73.65249,-37.62885],[-73.65609,-37.63548]]}},{"id":"10070","type":"Feature","properties":{"ROL":"P-684","NOMBRE_CAMINO":"Cruce P-72-S - Cruce P-686 (Huape)","CLASIFICACION":"Camino Regional Comunal","CALZADA":null,"tmda":null},"geometry":{"type":"LineString","coordinates":[[-73.39468,-37.99359],[-73.39268,-37.99388],[-73.38983,-37.99062],[-73.38784,-37.99021]]}},{"id":"10071","type":"Feature","properties":{"ROL":"P-686","NOMBRE_CAMINO":"Cruce P-72-S (Pocuno) - La Obra","CLASIFICACION":"Camino Regional Comunal","CALZADA":null,"tmda":null},"geometry":{"type":"LineString","coordinates":[[-73.37913,-37.99801],[-73.36214,-38.00922],[-73.35496,-38.01675],[-73.35202,-38.01797],[-73.35104,-38.02086],[-73.34713,-38.02058]]}},{"id":"10072","type":"Feature","properties":{"ROL":"P-686","NOMBRE_CAMINO":"Cruce P-72-S (Pocuno) - La Obra","CLASIFICACION":"Camino Regional Comunal","CALZADA":null,"tmda":null},"geometry":{"type":"LineString","coordinates":[[-73.34713,-38.02058],[-73.3448,-38.02073],[-73.3402,-38.01666],[-73.32928,-38.01529],[-73.32103,-38.02211],[-73.32131,-38.02501],[-73.31755,-38.02924],[-73.31142,-38.03125]]}},{"id":"10073","type":"Feature","properties":{"ROL":"P-150-R","NOMBRE_CAMINO":"Angol - Vegas Blancas - Piedra del Águila - Cruce P-560 (Cayucupil), Sector: Límite Regional - Cayucupil","CLASIFICACION":"Camino Regional Provincial","CALZADA":null,"tmda":659.0},"geometry":{"type":"LineString","coordinates":[[-73.24367,-37.80974],[-73.25235,-37.81011],[-73.25723,-37.81242]]}},{"id":"10074","type":"Feature","properties":{"ROL":"P-560","NOMBRE_CAMINO":"Cruce P-60-R (Cañete) - Cayucupil - Butamalal - Cruce P-670-R (Provoque)","CLASIFICACION":"Camino Regional Comunal","CALZADA":null,"tmda":2333.0},"geometry":{"type":"LineString","coordinates":[[-73.39002,-37.79918],[-73.37454,-37.79794],[-73.36908,-37.79689],[-73.36246,-37.79372],[-73.35516,-37.79327],[-73.33977,-37.79995],[-73.33484,-37.806],[-73.33132,-37.80751],[-73.31855,-37.80351],[-73.31069,-37.80391],[-73.29559,-37.8057],[-73.26141,-37.81305],[-73.25645,-37.81248],[-73.25099,-37.81362],[-73.24803,-37.81676]]}},{"id":"10075","type":"Feature","properties":{"ROL":"P-466","NOMBRE_CAMINO":"Cruce Ruta 160 (Los Álamos) - Sara de Lebu - Pangue","CLASIFICACION":"Camino Regional Comunal","CALZADA":null,"tmda":2349.0},"geometry":{"type":"LineString","coordinates":[[-73.48689,-37.76347],[-73.49976,-37.76806],[-73.50647,-37.78647],[-73.50182,-37.78975],[-73.49984,-37.79547],[-73.4931,-37.80364],[-73.49504,-37.81315],[-73.49849,-37.81992],[-73.50299,-37.8206],[-73.50462,-37.82304],[-73.50529,-37.8277],[-73.50903,-37.83146],[-73.50838,-37.83832]]}},{"id":"10076","type":"Feature","properties":{"ROL":"P-466","NOMBRE_CAMINO":"Cruce Ruta 160 (Los Álamos) - Sara de Lebu - Pangue","CLASIFICACION":"Camino Regional Comunal","CALZADA":null,"tmda":2349.0},"geometry":{"type":"LineString","coordinates":[[-73.50838,-37.83832],[-73.51009,-37.84118],[-73.50725,-37.84319]]}},{"id":"10077","type":"Feature","properties":{"ROL":"P-544","NOMBRE_CAMINO":"Cruce P-466 (Sara de Lebu) - Cruce P-550 (Ranquilco)","CLASIFICACION":"Camino Regional Comunal","CALZADA":null,"tmda":null},"geometry":{"type":"LineString","coordinates":[[-73.51245,-37.76853],[-73.51231,-37.76569],[-73.51822,-37.76465]]}},{"id":"10078","type":"Feature","properties":{"ROL":"P-678","NOMBRE_CAMINO":"Cruce P-72-S (Huentelolén) - Cruce P-72-S (Los Batros)","CLASIFICACION":"Camino Regional Comunal","CALZADA":null,"tmda":null},"geometry":{"type":"LineString","coordinates":[[-73.43216,-37.96408],[-73.42566,-37.96105],[-73.40976,-37.95827],[-73.40401,-37.95935]]}},{"id":"10079","type":"Feature","properties":{"ROL":"P-696","NOMBRE_CAMINO":"Cruce P-72-S (Huape) - Cruce P-700 (Tranguilvoro)","CLASIFICACION":"Camino Regional Comunal","CALZADA":null,"tmda":null},"geometry":{"type":"LineString","coordinates":[[-73.39138,-38.00445],[-73.36998,-37.99307],[-73.36549,-37.99366],[-73.35657,-37.99779],[-73.35052,-37.99531],[-73.33899,-38.00011]]}},{"id":"10080","type":"Feature","properties":{"ROL":"P-700","NOMBRE_CAMINO":"Cruce P-666 (Contulmo) - Buchoco - Cruce P-686 (Huape)","CLASIFICACION":"Camino Regional Comunal","CALZADA":null,"tmda":null},"geometry":{"type":"LineString","coordinates":[[-73.2311,-38.01643],[-73.23685,-38.00986],[-73.24058,-38.01183],[-73.24756,-38.00602],[-73.24804,-38.00278],[-73.24664,-37.99959],[-73.24789,-37.99524],[-73.25336,-37.99058]]}},{"id":"10081","type":"Feature","properties":{"ROL":"P-666","NOMBRE_CAMINO":"Cruce P-60-R (Contulmo) - Cruce P-800-R (Nahuelbuta)","CLASIFICACION":"Camino Regional Comunal","CALZADA":null,"tmda":2378.0},"geometry":{"type":"LineString","coordinates":[[-73.22838,-38.00576],[-73.22953,-38.00892],[-73.22916,-38.01524],[-73.23103,-38.01524],[-73.23253,-38.02036]]}},{"id":"10082","type":"Feature","properties":{"ROL":"P-640","NOMBRE_CAMINO":"Cruce P-60-R (Peleco) - Cruce P-630 (Paicaví)","CLASIFICACION":"Camino Regional Comunal","CALZADA":null,"tmda":null},"geometry":{"type":"LineString","coordinates":[[-73.41505,-37.8989],[-73.41269,-37.9017],[-73.41286,-37.90351],[-73.42085,-37.91901],[-73.42592,-37.92508],[-73.43323,-37.92642]]}},{"id":"10083","type":"Feature","properties":{"ROL":"P-572","NOMBRE_CAMINO":"Cruce P-570 (Pehuén) - Colhue","CLASIFICACION":"Camino Regional de Acceso","CALZADA":null,"tmda":null},"geometry":{"type":"LineString","coordinates":[[-73.55025,-37.72313],[-73.5617,-37.74356],[-73.56331,-37.75071]]}},{"id":"10084","type":"Feature","properties":{"ROL":"P-630","NOMBRE_CAMINO":"Cruce P-500 (Licauquén) - Ponotro - Paicaví","CLASIFICACION":"Camino Regional Comunal","CALZADA":null,"tmda":null},"geometry":{"type":"LineString","coordinates":[[-73.43328,-37.92663],[-73.43748,-37.94874]]}},{"id":"10085","type":"Feature","properties":{"ROL":"P-630","NOMBRE_CAMINO":"Cruce P-500 (Licauquén) - Ponotro - Paicaví","CLASIFICACION":"Camino Regional Comunal","CALZADA":null,"tmda":null},"geometry":{"type":"LineString","coordinates":[[-73.44801,-37.88891],[-73.43934,-37.89598],[-73.44315,-37.90621],[-73.43374,-37.9184],[-73.43451,-37.92407],[-73.43298,-37.92449],[-73.43328,-37.92663]]}},{"id":"10086","type":"Feature","properties":{"ROL":"P-632","NOMBRE_CAMINO":"Cruce P-60-R (Huichicura) - Cruce P-630 (El Durazno)","CLASIFICACION":"Camino Regional Comunal","CALZADA":null,"tmda":1125.0},"geometry":{"type":"LineString","coordinates":[[-73.41708,-37.84196],[-73.41895,-37.84621],[-73.42297,-37.84579]]}},{"id":"10087","type":"Feature","properties":{"ROL":"P-632","NOMBRE_CAMINO":"Cruce P-60-R (Huichicura) - Cruce P-630 (El Durazno)","CLASIFICACION":"Camino Regional Comunal","CALZADA":null,"tmda":1125.0},"geometry":{"type":"LineString","coordinates":[[-73.41729,-37.83734],[-73.41708,-37.84196]]}},{"id":"10088","type":"Feature","properties":{"ROL":"P-632","NOMBRE_CAMINO":"Cruce P-60-R (Huichicura) - Cruce P-630 (El Durazno)","CLASIFICACION":"Camino Regional Comunal","CALZADA":null,"tmda":1125.0},"geometry":{"type":"LineString","coordinates":[[-73.41405,-37.83697],[-73.41729,-37.83734]]}},{"id":"10089","type":"Feature","properties":{"ROL":"P-230","NOMBRE_CAMINO":"Cruce P-40 - Curihuillín - Cruce P-280","CLASIFICACION":"Camino Regional Comunal","CALZADA":null,"tmda":219.0},"geometry":{"type":"LineString","coordinates":[[-73.40081,-37.41565],[-73.3925,-37.41169],[-73.39076,-37.40322],[-73.38567,-37.39641],[-73.37808,-37.3823],[-73.37769,-37.37698],[-73.369,-37.36856],[-73.36081,-37.35591],[-73.35625,-37.3516],[-73.3592,-37.34536],[-73.36398,-37.34165],[-73.36424,-37.33918],[-73.35636,-37.33365],[-73.35418,-37.3306],[-73.35249,-37.32068],[-73.34729,-37.31914],[-73.34726,-37.31503],[-73.34169,-37.31095],[-73.34127,-37.309],[-73.33739,-37.30567],[-73.33499,-37.30003],[-73.33649,-37.29712],[-73.33588,-37.29414],[-73.32539,-37.29158],[-73.32903,-37.28824],[-73.33445,-37.28745],[-73.33356,-37.28327],[-73.33696,-37.28089],[-73.33582,-37.27802],[-73.33675,-37.27682],[-73.33438,-37.27486],[-73.335,-37.27263]]}},{"id":"10090","type":"Feature","properties":{"ROL":"P-40","NOMBRE_CAMINO":"Cruce P-20 (Arauco) - Quiapo - Cruce P-480 (Lebu)","CLASIFICACION":"Camino Regional Principal","CALZADA":null,"tmda":697.0},"geometry":{"type":"LineString","coordinates":[[-73.4018,-37.24688],[-73.40367,-37.24785],[-73.40707,-37.25342],[-73.41249,-37.25117],[-73.41458,-37.25174],[-73.41983,-37.25764],[-73.42252,-37.26676],[-73.42844,-37.27296],[-73.44088,-37.28244],[-73.45629,-37.28873],[-73.4628,-37.28574],[-73.47048,-37.2872],[-73.47552,-37.28291],[-73.48597,-37.28387],[-73.49492,-37.28902],[-73.49795,-37.29208],[-73.50267,-37.29395],[-73.51145,-37.30287],[-73.5205,-37.30894],[-73.53246,-37.31422],[-73.53643,-37.31811],[-73.53992,-37.31854],[-73.54317,-37.32182],[-73.54781,-37.32237],[-73.55564,-37.32856],[-73.55616,-37.3312],[-73.55495,-37.33437],[-73.55763,-37.33817],[-73.55852,-37.34245],[-73.55425,-37.34978],[-73.55731,-37.36336],[-73.55247,-37.37115],[-73.55138,-37.3784],[-73.55576,-37.3863],[-73.55622,-37.39008],[-73.56194,-37.39856],[-73.56209,-37.41007],[-73.57011,-37.42373],[-73.57374,-37.42766],[-73.57734,-37.43715],[-73.58427,-37.4444],[-73.58489,-37.45412],[-73.58024,-37.45827],[-73.58087,-37.4636],[-73.57989,-37.4679],[-73.58225,-37.47427],[-73.57733,-37.48703],[-73.5734,-37.48935],[-73.57086,-37.49461],[-73.57,-37.50432],[-73.56997,-37.50769],[-73.57215,-37.51148],[-73.57676,-37.51623],[-73.57779,-37.52062],[-73.5819,-37.52373],[-73.58032,-37.52558],[-73.58454,-37.52751],[-73.57807,-37.53804],[-73.57791,-37.54248],[-73.59719,-37.55153],[-73.60286,-37.55605],[-73.60674,-37.563],[-73.61332,-37.56618],[-73.61469,-37.57062],[-73.6237,-37.57675],[-73.62629,-37.58244],[-73.63409,-37.58551],[-73.64076,-37.5981],[-73.65074,-37.60726]]}},{"id":"10091","type":"Feature","properties":{"ROL":"P-428","NOMBRE_CAMINO":"Cruce Ruta 160 (Pichiarauco) - Los Ríos","CLASIFICACION":"Camino Regional Comunal","CALZADA":null,"tmda":null},"geometry":{"type":"LineString","coordinates":[[-73.41741,-37.52244],[-73.4233,-37.53393],[-73.43087,-37.54253],[-73.43298,-37.54834],[-73.43011,-37.54746],[-73.43026,-37.54596],[-73.4272,-37.54425],[-73.42568,-37.54471],[-73.42684,-37.54566],[-73.4208,-37.54838],[-73.41954,-37.55077]]}},{"id":"10092","type":"Feature","properties":{"ROL":"P-436","NOMBRE_CAMINO":"Cruce P-424 (Trongol Bajo) - Los Ríos","CLASIFICACION":"Camino Regional Comunal","CALZADA":null,"tmda":null},"geometry":{"type":"LineString","coordinates":[[-73.36442,-37.55743],[-73.36444,-37.55582],[-73.36703,-37.55459],[-73.37376,-37.55601],[-73.37808,-37.55454],[-73.3796,-37.5519],[-73.38388,-37.55096],[-73.38694,-37.55224],[-73.38896,-37.55697],[-73.39142,-37.55827],[-73.4065,-37.55256]]}},{"id":"10093","type":"Feature","properties":{"ROL":"P-438","NOMBRE_CAMINO":"Cruce P-428 (Los Ríos) - Las Parcelas","CLASIFICACION":"Camino Regional de Acceso","CALZADA":null,"tmda":null},"geometry":{"type":"LineString","coordinates":[[-73.41709,-37.55823],[-73.43311,-37.56659],[-73.4455,-37.56649]]}},{"id":"10094","type":"Feature","properties":{"ROL":"P-458","NOMBRE_CAMINO":"Cruce P-460 (Los Álamos) - Pata de Vaca","CLASIFICACION":"Camino Regional de Acceso","CALZADA":null,"tmda":null},"geometry":{"type":"LineString","coordinates":[[-73.42129,-37.61008],[-73.42743,-37.59494],[-73.42847,-37.58934],[-73.43756,-37.58129],[-73.44017,-37.58083]]}},{"id":"10095","type":"Feature","properties":{"ROL":"P-460","NOMBRE_CAMINO":"Cruce Ruta 160 (Cruce Pilpilco) - Cruce Ruta 160 (Los Álamos)","CLASIFICACION":"Camino Regional Comunal","CALZADA":null,"tmda":null},"geometry":{"type":"LineString","coordinates":[[-73.40655,-37.60472],[-73.41755,-37.60797],[-73.42574,-37.61266],[-73.43283,-37.61175],[-73.43652,-37.61265],[-73.44663,-37.62745]]}},{"id":"10096","type":"Feature","properties":{"ROL":"P-464","NOMBRE_CAMINO":"Cruce Ruta 160 (Los Álamos) - Puente Cupaño - Cruce P-230 (Los Cambuchos)","CLASIFICACION":"Camino Regional Comunal","CALZADA":null,"tmda":null},"geometry":{"type":"LineString","coordinates":[[-73.47064,-37.62426],[-73.47264,-37.61871],[-73.47249,-37.6065],[-73.47917,-37.60162],[-73.48822,-37.60256],[-73.49154,-37.59747],[-73.4915,-37.5955],[-73.48839,-37.59324],[-73.48329,-37.59253],[-73.48023,-37.59077],[-73.47854,-37.58575],[-73.47861,-37.57911],[-73.48709,-37.57486],[-73.48861,-37.57145],[-73.48746,-37.56843],[-73.48952,-37.56237],[-73.49198,-37.56112],[-73.49688,-37.56143]]}},{"id":"10097","type":"Feature","properties":{"ROL":"P-468","NOMBRE_CAMINO":"Cruce P-464 (Los Álamos) - Vado Las Rosas - Cruce P-464 (Los Cambuchos)","CLASIFICACION":"Camino Regional Comunal","CALZADA":null,"tmda":null},"geometry":{"type":"LineString","coordinates":[[-73.47317,-37.62344],[-73.47881,-37.62026],[-73.48115,-37.61384],[-73.48632,-37.61331],[-73.4915,-37.6105],[-73.4935,-37.6049],[-73.49672,-37.6084],[-73.49855,-37.6064],[-73.50013,-37.6067]]}},{"id":"10098","type":"Feature","properties":{"ROL":"P-468","NOMBRE_CAMINO":"Cruce P-464 (Los Álamos) - Vado Las Rosas - Cruce P-464 (Los Cambuchos)","CLASIFICACION":"Camino Regional Comunal","CALZADA":null,"tmda":null},"geometry":{"type":"LineString","coordinates":[[-73.50013,-37.6067],[-73.4992,-37.60561]]}},{"id":"10099","type":"Feature","properties":{"ROL":"P-472","NOMBRE_CAMINO":"Cruce P-470 (Gorgolén) - Cruce P-476 (Curico)","CLASIFICACION":"Camino Regional Comunal","CALZADA":null,"tmda":null},"geometry":{"type":"LineString","coordinates":[[-73.49371,-37.64884],[-73.499,-37.64157],[-73.50106,-37.63262],[-73.50537,-37.62925],[-73.5088,-37.62838],[-73.51095,-37.62557],[-73.5107,-37.6152],[-73.51312,-37.60995],[-73.51641,-37.60986],[-73.52115,-37.60551],[-73.52052,-37.60706],[-73.52148,-37.60796],[-73.52475,-37.60754],[-73.5285,-37.60924],[-73.53768,-37.61755],[-73.53952,-37.61798]]}},{"id":"10100","type":"Feature","properties":{"ROL":"P-474","NOMBRE_CAMINO":"Cruce P-472 (Gorgolén) - Vegas de Lebu","CLASIFICACION":"Camino Regional de Acceso","CALZADA":null,"tmda":null},"geometry":{"type":"LineString","coordinates":[[-73.52124,-37.60579],[-73.52706,-37.59807],[-73.52957,-37.5885]]}},{"id":"10101","type":"Feature","properties":{"ROL":"P-476","NOMBRE_CAMINO":"Cruce Ruta 160 (Curico) - Lumur - Cruce P-230 (Las Raíces)","CLASIFICACION":"Camino Regional Comunal","CALZADA":null,"tmda":null},"geometry":{"type":"LineString","coordinates":[[-73.55506,-37.65303],[-73.5533,-37.65212],[-73.55194,-37.64617],[-73.5417,-37.6375],[-73.54043,-37.62643],[-73.54152,-37.62192],[-73.53923,-37.61741],[-73.54142,-37.6041],[-73.54874,-37.59789],[-73.54807,-37.58886],[-73.54529,-37.57792],[-73.5382,-37.56753],[-73.53716,-37.56022],[-73.53377,-37.55108],[-73.53449,-37.54804],[-73.53185,-37.54446],[-73.52969,-37.53719]]}},{"id":"10102","type":"Feature","properties":{"ROL":"P-478","NOMBRE_CAMINO":"Cruce Ruta 160 - Lebu","CLASIFICACION":"Camino Regional de Acceso","CALZADA":null,"tmda":null},"geometry":{"type":"LineString","coordinates":[[-73.6524,-37.62892],[-73.65388,-37.61873],[-73.65271,-37.61681],[-73.65066,-37.61671]]}},{"id":"10103","type":"Feature","properties":{"ROL":"P-480","NOMBRE_CAMINO":"Cruce P-490 (El Rosal) - Cruce P-40 (Lebu)","CLASIFICACION":"Camino Regional Comunal","CALZADA":null,"tmda":null},"geometry":{"type":"LineString","coordinates":[[-73.57866,-37.64853],[-73.57877,-37.64415]]}},{"id":"10104","type":"Feature","properties":{"ROL":"P-480","NOMBRE_CAMINO":"Cruce P-490 (El Rosal) - Cruce P-40 (Lebu)","CLASIFICACION":"Camino Regional Comunal","CALZADA":null,"tmda":null},"geometry":{"type":"LineString","coordinates":[[-73.57877,-37.64415],[-73.57409,-37.63837],[-73.57232,-37.63154],[-73.57484,-37.62967],[-73.57357,-37.62567],[-73.57478,-37.62168],[-73.57183,-37.61996],[-73.56936,-37.61615],[-73.57051,-37.60937],[-73.56821,-37.60727],[-73.56992,-37.60429],[-73.58043,-37.60387],[-73.58165,-37.60916],[-73.59404,-37.61667],[-73.59698,-37.62034],[-73.60552,-37.62484],[-73.60828,-37.63136],[-73.61315,-37.63189]]}},{"id":"10105","type":"Feature","properties":{"ROL":"P-484","NOMBRE_CAMINO":"Cruce P-230 (Antilhue) - El Rosal - Cruce P-486 (El Manzano)","CLASIFICACION":"Camino Regional Comunal","CALZADA":null,"tmda":null},"geometry":{"type":"LineString","coordinates":[[-73.53672,-37.53206],[-73.53822,-37.5333],[-73.53924,-37.53978],[-73.54263,-37.54533],[-73.54471,-37.55278],[-73.54927,-37.55694],[-73.55225,-37.56513],[-73.55686,-37.57219],[-73.56594,-37.58145],[-73.56731,-37.58478],[-73.57075,-37.58633],[-73.57557,-37.58632],[-73.57646,-37.58905],[-73.58153,-37.59129],[-73.58813,-37.59694],[-73.59005,-37.59739],[-73.59211,-37.59519],[-73.59346,-37.59548],[-73.59613,-37.59973],[-73.59966,-37.60124],[-73.60135,-37.60346],[-73.60971,-37.60103],[-73.61082,-37.59964],[-73.61001,-37.59817],[-73.61101,-37.59369]]}},{"id":"10106","type":"Feature","properties":{"ROL":"P-486","NOMBRE_CAMINO":"Cruce P-40 (El Manzano) - El Tique - Cruce P-230 (La Salsa)","CLASIFICACION":"Camino Regional Comunal","CALZADA":null,"tmda":null},"geometry":{"type":"LineString","coordinates":[[-73.62444,-37.57962],[-73.62195,-37.57763],[-73.61806,-37.58211],[-73.61282,-37.58443],[-73.61277,-37.5873],[-73.61555,-37.59128],[-73.61457,-37.59349],[-73.60913,-37.59348],[-73.60716,-37.5913],[-73.60164,-37.58898],[-73.59704,-37.58397],[-73.59515,-37.57715],[-73.59091,-37.57506],[-73.59004,-37.57046],[-73.58342,-37.56244],[-73.57542,-37.5592],[-73.56895,-37.55494],[-73.56881,-37.5456]]}},{"id":"10107","type":"Feature","properties":{"ROL":"P-490","NOMBRE_CAMINO":"Cruce Ruta 160 (Santa Rosa) - Pehuén - Cruce P-476 (Curico)","CLASIFICACION":"Camino Regional Comunal","CALZADA":null,"tmda":null},"geometry":{"type":"LineString","coordinates":[[-73.63263,-37.64421],[-73.63049,-37.64346],[-73.62318,-37.6467],[-73.61991,-37.64682],[-73.61161,-37.64263],[-73.59133,-37.64881],[-73.57345,-37.64906]]}},{"id":"10108","type":"Feature","properties":{"ROL":"P-492","NOMBRE_CAMINO":"Cruce P-40 - Victoria Fortuna","CLASIFICACION":"Camino Regional de Acceso","CALZADA":null,"tmda":null},"geometry":{"type":"LineString","coordinates":[[-73.64235,-37.60617],[-73.63811,-37.6133],[-73.63573,-37.62346],[-73.63147,-37.63144],[-73.62265,-37.63308],[-73.61595,-37.62902]]}},{"id":"10109","type":"Feature","properties":{"ROL":"S/R-P-432","NOMBRE_CAMINO":"Cruce Ruta 160 - Cruce Ruta 160","CLASIFICACION":"Camino Regional Comunal (En Proceso de Enrolamiento)","CALZADA":null,"tmda":null},"geometry":{"type":"LineString","coordinates":[[-73.41741,-37.54816],[-73.41755,-37.55413],[-73.41531,-37.55807],[-73.41639,-37.56147],[-73.4153,-37.56405]]}},{"id":"10110","type":"Feature","properties":{"ROL":"P-470","NOMBRE_CAMINO":"Cruce Ruta 160 (Los Álamos) - Pehuén - Cruce P-476","CLASIFICACION":"Camino Regional Comunal","CALZADA":null,"tmda":null},"geometry":{"type":"LineString","coordinates":[[-73.51987,-37.66703],[-73.5275,-37.67105],[-73.53434,-37.66826],[-73.54008,-37.66825]]}},{"id":"10111","type":"Feature","properties":{"ROL":"P-350","NOMBRE_CAMINO":"Cruce P-230 (Antilhue) - Cruce P-380 (Piedra Cansada)","CLASIFICACION":"Camino Regional Comunal","CALZADA":null,"tmda":null},"geometry":{"type":"LineString","coordinates":[[-73.54065,-37.52884],[-73.53529,-37.52027],[-73.53583,-37.5163],[-73.53396,-37.51336],[-73.53298,-37.50809],[-73.53711,-37.5054],[-73.53855,-37.50202],[-73.53703,-37.50073],[-73.53542,-37.49122],[-73.54175,-37.48668],[-73.54166,-37.48557]]}},{"id":"10112","type":"Feature","properties":{"ROL":"P-380","NOMBRE_CAMINO":"Cruce P-40 (Villarrica) - El Totoral - Cruce P-360 (Villa Alegre)","CLASIFICACION":"Camino Regional Comunal","CALZADA":null,"tmda":null},"geometry":{"type":"LineString","coordinates":[[-73.57305,-37.48999],[-73.57185,-37.48832],[-73.56816,-37.48846],[-73.5535,-37.48376],[-73.54698,-37.48577],[-73.53994,-37.48508],[-73.53401,-37.48172],[-73.53167,-37.47832],[-73.51238,-37.47138],[-73.51016,-37.4657],[-73.51041,-37.46182],[-73.50308,-37.45108],[-73.49847,-37.44077],[-73.4984,-37.43438],[-73.49608,-37.43032],[-73.49932,-37.4276],[-73.49856,-37.42544],[-73.49524,-37.42278],[-73.49598,-37.4217],[-73.4893,-37.4114],[-73.48689,-37.40477],[-73.47602,-37.3979]]}},{"id":"10113","type":"Feature","properties":{"ROL":"P-382","NOMBRE_CAMINO":"Cruce P-380 (Villarrica) - Maquehua","CLASIFICACION":"Camino Regional Comunal","CALZADA":null,"tmda":null},"geometry":{"type":"LineString","coordinates":[[-73.55568,-37.48451],[-73.55601,-37.47662],[-73.55336,-37.47538],[-73.55697,-37.47562],[-73.55779,-37.4716],[-73.55956,-37.47033],[-73.5651,-37.47398]]}},{"id":"10114","type":"Feature","properties":{"ROL":"P-384","NOMBRE_CAMINO":"Cruce P-380 - Tren Tren","CLASIFICACION":"Camino Regional de Acceso","CALZADA":null,"tmda":null},"geometry":{"type":"LineString","coordinates":[[-73.50511,-37.45328],[-73.50673,-37.45223],[-73.5075,-37.44842],[-73.5048,-37.44735],[-73.51085,-37.44484],[-73.51636,-37.44469],[-73.52311,-37.44176],[-73.5307,-37.44606]]}},{"id":"10115","type":"Feature","properties":{"ROL":"P-400","NOMBRE_CAMINO":"Cruce Ruta 160 (Curanilahue) - Cruce P-230 (La Chupalla)","CLASIFICACION":"Camino Regional Comunal","CALZADA":null,"tmda":205.0},"geometry":{"type":"LineString","coordinates":[[-73.35927,-37.45116],[-73.36564,-37.44628],[-73.37548,-37.44403],[-73.3884,-37.4379],[-73.38957,-37.43136],[-73.39666,-37.43025],[-73.40228,-37.42714],[-73.40775,-37.42669]]}},{"id":"10116","type":"Feature","properties":{"ROL":"P-430","NOMBRE_CAMINO":"Cruce P-230 (Villa Alegre) - Pichiarauco","CLASIFICACION":"Camino Regional de Acceso","CALZADA":null,"tmda":null},"geometry":{"type":"LineString","coordinates":[[-73.44354,-37.42696],[-73.44412,-37.42892],[-73.44183,-37.43298],[-73.4283,-37.44409],[-73.42491,-37.44892],[-73.41675,-37.45148],[-73.41182,-37.4561]]}},{"id":"10117","type":"Feature","properties":{"ROL":"P-366","NOMBRE_CAMINO":"Cruce P-40 (Quiapo) - Playa Quiapo","CLASIFICACION":"Camino Regional de Acceso","CALZADA":null,"tmda":null},"geometry":{"type":"LineString","coordinates":[[-73.58219,-37.4565],[-73.58614,-37.45754],[-73.5905,-37.45689],[-73.59159,-37.45378],[-73.59058,-37.45262],[-73.59353,-37.44628]]}},{"id":"10118","type":"Feature","properties":{"ROL":"P-20","NOMBRE_CAMINO":"Carampangue - Arauco - Llico - Punta Lavapié","CLASIFICACION":"Camino Regional Principal","CALZADA":null,"tmda":2082.0},"geometry":{"type":"LineString","coordinates":[[-73.24001,-37.24909],[-73.2684,-37.24482],[-73.28828,-37.24731],[-73.3105,-37.24472],[-73.32097,-37.24623],[-73.32148,-37.24512],[-73.38567,-37.24902],[-73.4006,-37.2473],[-73.40815,-37.24337],[-73.4195,-37.2426],[-73.42795,-37.23976],[-73.4307,-37.2411],[-73.43181,-37.24636],[-73.42762,-37.24622],[-73.42829,-37.24929],[-73.43569,-37.25487],[-73.44552,-37.25058],[-73.4479,-37.24594],[-73.44565,-37.24209],[-73.44655,-37.23901],[-73.45095,-37.23457],[-73.45661,-37.23359],[-73.45739,-37.22908],[-73.48303,-37.22678],[-73.49113,-37.2232],[-73.49317,-37.21797],[-73.49721,-37.21486],[-73.49777,-37.20951],[-73.50116,-37.20751],[-73.52161,-37.20883],[-73.53181,-37.21128],[-73.54076,-37.20888],[-73.54379,-37.21014],[-73.54895,-37.20708],[-73.54911,-37.20399],[-73.55135,-37.20261],[-73.55831,-37.2029],[-73.55859,-37.20023],[-73.56997,-37.19167],[-73.57506,-37.19415],[-73.57447,-37.19147],[-73.57102,-37.18851],[-73.58038,-37.18783],[-73.57918,-37.18107],[-73.58687,-37.18364],[-73.58905,-37.18079],[-73.59097,-37.18254],[-73.59551,-37.18216],[-73.59429,-37.16996],[-73.58801,-37.16507],[-73.58749,-37.16167],[-73.5838,-37.15616],[-73.57731,-37.15647],[-73.57543,-37.15338],[-73.57563,-37.15201],[-73.57819,-37.15217],[-73.58445,-37.14884]]}},{"id":"10119","type":"Feature","properties":{"ROL":"P-322","NOMBRE_CAMINO":"Cruce P-328 (Piure) - Caleta Piure","CLASIFICACION":"Camino Regional de Acceso","CALZADA":null,"tmda":null},"geometry":{"type":"LineString","coordinates":[[-73.63736,-37.24186],[-73.64228,-37.2403],[-73.6501,-37.24203],[-73.64943,-37.23763],[-73.65227,-37.23851],[-73.65391,-37.23544]]}},{"id":"10120","type":"Feature","properties":{"ROL":"P-324","NOMBRE_CAMINO":"Cruce P-328 (Llico) - Quinoguén","CLASIFICACION":"Camino Regional de Acceso","CALZADA":null,"tmda":null},"geometry":{"type":"LineString","coordinates":[[-73.56456,-37.19704],[-73.57049,-37.19822],[-73.57589,-37.20205]]}},{"id":"10121","type":"Feature","properties":{"ROL":"P-326","NOMBRE_CAMINO":"Cruce P-20 (Rumena) - Cruce P-328 (Piure)","CLASIFICACION":"Camino Regional Comunal","CALZADA":null,"tmda":null},"geometry":{"type":"LineString","coordinates":[[-73.59551,-37.18216],[-73.59757,-37.19338],[-73.59997,-37.19633],[-73.60359,-37.19603],[-73.61144,-37.20427],[-73.61415,-37.20505],[-73.6189,-37.21207],[-73.62115,-37.21215],[-73.62275,-37.21445],[-73.62666,-37.2143],[-73.63118,-37.21775],[-73.63006,-37.22251],[-73.62779,-37.2233],[-73.62675,-37.23204]]}},{"id":"10122","type":"Feature","properties":{"ROL":"P-328","NOMBRE_CAMINO":"Cruce P-20 (Llico) - Piure - Cruce P-352 (Tropén)","CLASIFICACION":"Camino Regional Comunal","CALZADA":null,"tmda":null},"geometry":{"type":"LineString","coordinates":[[-73.63745,-37.24314],[-73.63693,-37.24479],[-73.63894,-37.24699],[-73.63727,-37.24914],[-73.63779,-37.25428],[-73.64127,-37.25863],[-73.63924,-37.26126],[-73.63542,-37.26256],[-73.6338,-37.26662],[-73.63436,-37.2717],[-73.63558,-37.27208],[-73.63592,-37.2698],[-73.63945,-37.27599],[-73.63746,-37.27601],[-73.63424,-37.27975],[-73.63136,-37.28087],[-73.6201,-37.27993],[-73.62095,-37.28135],[-73.61933,-37.28145],[-73.61816,-37.28434],[-73.62116,-37.28707]]}},{"id":"10123","type":"Feature","properties":{"ROL":"P-328","NOMBRE_CAMINO":"Cruce P-20 (Llico) - Piure - Cruce P-352 (Tropén)","CLASIFICACION":"Camino Regional Comunal","CALZADA":null,"tmda":null},"geometry":{"type":"LineString","coordinates":[[-73.62116,-37.28707],[-73.62545,-37.29173]]}},{"id":"10124","type":"Feature","properties":{"ROL":"P-328","NOMBRE_CAMINO":"Cruce P-20 (Llico) - Piure - Cruce P-352 (Tropén)","CLASIFICACION":"Camino Regional Comunal","CALZADA":null,"tmda":null},"geometry":{"type":"LineString","coordinates":[[-73.62545,-37.29173],[-73.62811,-37.29611],[-73.63282,-37.29955]]}},{"id":"10125","type":"Feature","properties":{"ROL":"P-328","NOMBRE_CAMINO":"Cruce P-20 (Llico) - Piure - Cruce P-352 (Tropén)","CLASIFICACION":"Camino Regional Comunal","CALZADA":null,"tmda":null},"geometry":{"type":"LineString","coordinates":[[-73.63282,-37.29955],[-73.63534,-37.2996]]}},{"id":"10126","type":"Feature","properties":{"ROL":"P-328","NOMBRE_CAMINO":"Cruce P-20 (Llico) - Piure - Cruce P-352 (Tropén)","CLASIFICACION":"Camino Regional Comunal","CALZADA":null,"tmda":null},"geometry":{"type":"LineString","coordinates":[[-73.63534,-37.2996],[-73.64025,-37.3015],[-73.64255,-37.30528],[-73.64436,-37.31727],[-73.65152,-37.32175],[-73.6535,-37.32597],[-73.65303,-37.33315],[-73.6555,-37.33445],[-73.65673,-37.33686],[-73.65418,-37.33792],[-73.65203,-37.33502],[-73.64857,-37.3351],[-73.64785,-37.334],[-73.64457,-37.33796],[-73.64159,-37.33756],[-73.63805,-37.33932]]}},{"id":"10127","type":"Feature","properties":{"ROL":"P-332","NOMBRE_CAMINO":"Cruce P-336 (Rumena Sur) - Interior","CLASIFICACION":"Camino Regional Comunal","CALZADA":null,"tmda":null},"geometry":{"type":"LineString","coordinates":[[-73.60208,-37.17494],[-73.60602,-37.17847],[-73.60595,-37.18007],[-73.61021,-37.18262],[-73.61068,-37.1852],[-73.61574,-37.18943],[-73.61553,-37.1907]]}},{"id":"10128","type":"Feature","properties":{"ROL":"P-336","NOMBRE_CAMINO":"Cruce P-20 - Rumena Sur - Cruce P-332","CLASIFICACION":"Camino Regional Comunal","CALZADA":null,"tmda":null},"geometry":{"type":"LineString","coordinates":[[-73.59533,-37.1768],[-73.59884,-37.17461],[-73.60239,-37.17494],[-73.60396,-37.17379],[-73.60907,-37.1761],[-73.61358,-37.17542],[-73.6159,-37.17633]]}},{"id":"10129","type":"Feature","properties":{"ROL":"P-338","NOMBRE_CAMINO":"Cruce P-352 (Quidico) - Lile - Cruce P-352 (Escuela Yani)","CLASIFICACION":"Camino Regional Comunal","CALZADA":null,"tmda":null},"geometry":{"type":"LineString","coordinates":[[-73.60078,-37.3538],[-73.61014,-37.362],[-73.61711,-37.36613],[-73.62438,-37.36716],[-73.62728,-37.36946],[-73.62698,-37.37166],[-73.63214,-37.37348],[-73.63571,-37.36751],[-73.63177,-37.36491],[-73.62816,-37.35931],[-73.6269,-37.35312]]}},{"id":"10130","type":"Feature","properties":{"ROL":"P-342","NOMBRE_CAMINO":"Cruce P-40 - Cementerio Los Huapes","CLASIFICACION":"Camino Regional de Acceso","CALZADA":null,"tmda":null},"geometry":{"type":"LineString","coordinates":[[-73.548,-37.32249],[-73.55352,-37.32162],[-73.55433,-37.31993],[-73.56099,-37.32178],[-73.56124,-37.31881],[-73.56387,-37.3182],[-73.5686,-37.31973],[-73.57102,-37.32407],[-73.57428,-37.31939],[-73.5741,-37.31795],[-73.57785,-37.31968],[-73.57558,-37.31627],[-73.57727,-37.3165],[-73.57772,-37.31809],[-73.57999,-37.31808]]}},{"id":"10131","type":"Feature","properties":{"ROL":"P-344","NOMBRE_CAMINO":"Cruce P-40 (Raqui) - Cruce P-20 (Aguapié)","CLASIFICACION":"Camino Regional Comunal","CALZADA":null,"tmda":null},"geometry":{"type":"LineString","coordinates":[[-73.48667,-37.28426],[-73.4896,-37.28354],[-73.49271,-37.27785],[-73.50032,-37.27489],[-73.49788,-37.27003],[-73.5089,-37.25941],[-73.50843,-37.25805],[-73.5103,-37.25478],[-73.50873,-37.25046],[-73.51025,-37.24952],[-73.50937,-37.248],[-73.51006,-37.24523],[-73.51291,-37.24583],[-73.52046,-37.24401],[-73.52868,-37.24617],[-73.53511,-37.24437],[-73.53786,-37.25042],[-73.54494,-37.24963],[-73.54732,-37.24167],[-73.54552,-37.23939],[-73.54759,-37.23626],[-73.54297,-37.23227],[-73.54746,-37.22698],[-73.54466,-37.22091],[-73.5399,-37.21781],[-73.53912,-37.21284],[-73.53466,-37.21102]]}},{"id":"10132","type":"Feature","properties":{"ROL":"P-352","NOMBRE_CAMINO":"Cruce P-40 (Frutillar) - Quidico","CLASIFICACION":"Camino Regional Comunal","CALZADA":null,"tmda":null},"geometry":{"type":"LineString","coordinates":[[-73.55828,-37.34069],[-73.56528,-37.33877],[-73.56731,-37.34107],[-73.56968,-37.34161],[-73.57044,-37.33804],[-73.57147,-37.34038],[-73.57599,-37.3416],[-73.57555,-37.33884],[-73.57876,-37.33764],[-73.58327,-37.33893],[-73.58581,-37.33762],[-73.5902,-37.34239],[-73.59647,-37.34644],[-73.59768,-37.35113],[-73.60041,-37.35372],[-73.60873,-37.35215],[-73.61037,-37.35354],[-73.6148,-37.35302],[-73.61464,-37.35096],[-73.61701,-37.35263],[-73.61979,-37.35214],[-73.62591,-37.35376],[-73.62926,-37.3511],[-73.62917,-37.34248],[-73.63826,-37.33936],[-73.64,-37.33992],[-73.64099,-37.34386],[-73.64356,-37.34567],[-73.64875,-37.3543],[-73.65355,-37.35858],[-73.65252,-37.36021],[-73.65449,-37.36263],[-73.65826,-37.36289],[-73.65995,-37.36127],[-73.66113,-37.36301]]}},{"id":"10133","type":"Feature","properties":{"ROL":"P-354","NOMBRE_CAMINO":"Cruce P-358 (Las Golondrinas) - Cruce P-352 (Quidico)","CLASIFICACION":"Camino Regional Comunal","CALZADA":null,"tmda":null},"geometry":{"type":"LineString","coordinates":[[-73.57017,-37.3706],[-73.58336,-37.37079],[-73.59687,-37.36824],[-73.60244,-37.37171],[-73.60478,-37.37132]]}},{"id":"10134","type":"Feature","properties":{"ROL":"P-358","NOMBRE_CAMINO":"Cruce P-40 (Frutillar) - Locobe","CLASIFICACION":"Camino Regional Comunal","CALZADA":null,"tmda":null},"geometry":{"type":"LineString","coordinates":[[-73.57033,-37.37088],[-73.57198,-37.37356],[-73.57232,-37.37943],[-73.57512,-37.3855],[-73.57755,-37.3878],[-73.58074,-37.39834],[-73.59023,-37.40504],[-73.59471,-37.41261],[-73.5953,-37.42459],[-73.59658,-37.42727],[-73.59567,-37.42999],[-73.59933,-37.43412],[-73.59713,-37.43845]]}},{"id":"10135","type":"Feature","properties":{"ROL":"P-1320","NOMBRE_CAMINO":"Cruce P-336 - Rumena","CLASIFICACION":"Camino Regional de Acceso","CALZADA":null,"tmda":null},"geometry":{"type":"LineString","coordinates":[[-73.61332,-37.18081],[-73.61469,-37.18274]]}},{"id":"10136","type":"Feature","properties":{"ROL":"P-204","NOMBRE_CAMINO":"Cruce P-20 - Tubul","CLASIFICACION":"Camino Regional de Acceso","CALZADA":null,"tmda":null},"geometry":{"type":"LineString","coordinates":[[-73.45739,-37.22908],[-73.45278,-37.22924]]}},{"id":"10137","type":"Feature","properties":{"ROL":"P-280","NOMBRE_CAMINO":"Cruce P-20 (Arauco) - Pemerehue - Cruce P-40 (Piña Huacha)","CLASIFICACION":"Camino Regional Provincial","CALZADA":null,"tmda":null},"geometry":{"type":"LineString","coordinates":[[-73.32183,-37.26389],[-73.32713,-37.26879],[-73.33388,-37.27245],[-73.34074,-37.27089],[-73.34852,-37.27332],[-73.35101,-37.27261],[-73.35405,-37.26954],[-73.3579,-37.26269],[-73.36924,-37.26322],[-73.37535,-37.26629],[-73.37862,-37.27023],[-73.37874,-37.27408],[-73.38225,-37.27574],[-73.39257,-37.26818],[-73.39384,-37.26319],[-73.39931,-37.25988],[-73.40266,-37.26119],[-73.40688,-37.25876],[-73.41113,-37.25335],[-73.41046,-37.25202]]}},{"id":"10138","type":"Feature","properties":{"ROL":"P-316","NOMBRE_CAMINO":"Cruce P-280 - Quelén Quelén - Cruce P-300 (Albarrada)","CLASIFICACION":"Camino Regional Comunal","CALZADA":null,"tmda":null},"geometry":{"type":"LineString","coordinates":[[-73.40233,-37.2612],[-73.4083,-37.2667],[-73.40953,-37.27008],[-73.40967,-37.27518],[-73.40626,-37.28388],[-73.39752,-37.28818],[-73.39374,-37.29513],[-73.3864,-37.29911],[-73.38031,-37.30632],[-73.37364,-37.30715],[-73.37176,-37.3094]]}},{"id":"10139","type":"Feature","properties":{"ROL":"P-330","NOMBRE_CAMINO":"Cruce P-40 (Ovejería) - Cruce P-348 (Merilupo)","CLASIFICACION":"Camino Regional Comunal","CALZADA":null,"tmda":null},"geometry":{"type":"LineString","coordinates":[[-73.43444,-37.27748],[-73.43208,-37.28593],[-73.44039,-37.30036]]}},{"id":"10140","type":"Feature","properties":{"ROL":"P-340","NOMBRE_CAMINO":"Cruce P-300 (Los Ñancos) - Cruce P-348 (Merilupo)","CLASIFICACION":"Camino Regional Comunal","CALZADA":null,"tmda":null},"geometry":{"type":"LineString","coordinates":[[-73.39881,-37.32367],[-73.40153,-37.32426],[-73.40617,-37.31985],[-73.41382,-37.31098],[-73.41618,-37.3064],[-73.43768,-37.3062]]}},{"id":"10141","type":"Feature","properties":{"ROL":"P-348","NOMBRE_CAMINO":"Cruce P-40 (Centinela) - Cruce P-360 (Anguillas)","CLASIFICACION":"Camino Regional Comunal","CALZADA":null,"tmda":null},"geometry":{"type":"LineString","coordinates":[[-73.45523,-37.34161],[-73.45977,-37.34581],[-73.46008,-37.34778],[-73.46209,-37.3478],[-73.46413,-37.35192],[-73.46473,-37.35838],[-73.47086,-37.36669],[-73.47281,-37.3788],[-73.47975,-37.38405],[-73.4793,-37.38724],[-73.47384,-37.39376],[-73.47313,-37.39992]]}},{"id":"10142","type":"Feature","properties":{"ROL":"P-360","NOMBRE_CAMINO":"Cruce P-40 (Frutillar) - Huillinco - Cruce P-230 (Villa Alegre)","CLASIFICACION":"Camino Regional Comunal","CALZADA":null,"tmda":null},"geometry":{"type":"LineString","coordinates":[[-73.55508,-37.34801],[-73.55286,-37.34684],[-73.54457,-37.34968],[-73.54102,-37.34914],[-73.53939,-37.34734],[-73.53989,-37.34567],[-73.5341,-37.34546],[-73.53322,-37.34856],[-73.53005,-37.34685],[-73.52764,-37.35179],[-73.51784,-37.35822],[-73.51961,-37.36401],[-73.51671,-37.3678],[-73.50481,-37.3713],[-73.5006,-37.3742],[-73.49726,-37.37421],[-73.49437,-37.3765],[-73.49101,-37.37459],[-73.49254,-37.372],[-73.49025,-37.37144],[-73.48753,-37.37488],[-73.48633,-37.3838],[-73.48322,-37.38673],[-73.48457,-37.38821],[-73.48023,-37.39332],[-73.47911,-37.39651],[-73.47317,-37.39986],[-73.4726,-37.40355],[-73.46417,-37.40606],[-73.45849,-37.40972],[-73.45763,-37.41984],[-73.45474,-37.42298]]}},{"id":"10143","type":"Feature","properties":{"ROL":"P-362","NOMBRE_CAMINO":"Cruce P-40 (Villa Quiapo) - Cruce P-360 (Coilhue)","CLASIFICACION":"Camino Regional Comunal","CALZADA":null,"tmda":null},"geometry":{"type":"LineString","coordinates":[[-73.56222,-37.4041],[-73.55992,-37.40206],[-73.55737,-37.40381],[-73.55695,-37.40256],[-73.5557,-37.40312],[-73.55325,-37.39994],[-73.54711,-37.39969],[-73.54524,-37.40096],[-73.54338,-37.39946],[-73.53598,-37.40017],[-73.53508,-37.39742],[-73.53148,-37.39486],[-73.52936,-37.3907],[-73.52851,-37.38712],[-73.52971,-37.37467],[-73.52852,-37.37192],[-73.53357,-37.36217],[-73.53814,-37.36003],[-73.53947,-37.35591],[-73.5449,-37.3521],[-73.54578,-37.34955]]}},{"id":"10144","type":"Feature","properties":{"ROL":"P-364","NOMBRE_CAMINO":"Cruce P-40 (Los Chupones) - Lingue - Cruce P-348 (Merilupo)","CLASIFICACION":"Camino Regional Comunal","CALZADA":null,"tmda":null},"geometry":{"type":"LineString","coordinates":[[-73.53708,-37.31827],[-73.53434,-37.31804],[-73.53246,-37.32099],[-73.5303,-37.32096],[-73.53297,-37.32377],[-73.52969,-37.32346],[-73.5275,-37.32569],[-73.52749,-37.32779],[-73.52068,-37.32874],[-73.51716,-37.33121],[-73.51285,-37.33208],[-73.51079,-37.334],[-73.50886,-37.33912],[-73.51076,-37.34416],[-73.50369,-37.34672],[-73.49792,-37.3426],[-73.49812,-37.33869],[-73.49623,-37.3384],[-73.49662,-37.33688],[-73.49205,-37.33303],[-73.48967,-37.32843],[-73.4884,-37.32853],[-73.48855,-37.32468],[-73.47305,-37.32165],[-73.46524,-37.32281],[-73.45895,-37.31639]]}},{"id":"10145","type":"Feature","properties":{"ROL":"P-368","NOMBRE_CAMINO":"Cruce P-40 (Raqui) - Virihue","CLASIFICACION":"Camino Regional de Acceso","CALZADA":null,"tmda":null},"geometry":{"type":"LineString","coordinates":[[-73.49724,-37.29138],[-73.4951,-37.29455],[-73.49579,-37.29928],[-73.4948,-37.30131],[-73.48513,-37.3043],[-73.47917,-37.30318],[-73.47683,-37.30145]]}},{"id":"10146","type":"Feature","properties":{"ROL":"P-372","NOMBRE_CAMINO":"Cruce P-364 (El Lingue) - Virihue","CLASIFICACION":"Camino Regional de Acceso","CALZADA":null,"tmda":null},"geometry":{"type":"LineString","coordinates":[[-73.45914,-37.31648],[-73.47201,-37.31029],[-73.47423,-37.31142],[-73.47655,-37.31078]]}},{"id":"10147","type":"Feature","properties":{"ROL":"P-374","NOMBRE_CAMINO":"Cruce P-364 (El Lingue) - El Arenal","CLASIFICACION":"Camino Regional de Acceso","CALZADA":null,"tmda":null},"geometry":{"type":"LineString","coordinates":[[-73.47651,-37.3229],[-73.47854,-37.3241],[-73.48119,-37.32965],[-73.48718,-37.33364],[-73.48358,-37.33611],[-73.4841,-37.33832],[-73.48572,-37.33913]]}},{"id":"10148","type":"Feature","properties":{"ROL":"P-376","NOMBRE_CAMINO":"Cruce P-348 (Las Puentes) - Casas Patronales","CLASIFICACION":"Camino Regional de Acceso","CALZADA":null,"tmda":null},"geometry":{"type":"LineString","coordinates":[[-73.43209,-37.32154],[-73.43591,-37.32497],[-73.44406,-37.32454],[-73.44571,-37.32764]]}},{"id":"10149","type":"Feature","properties":{"ROL":"P-378","NOMBRE_CAMINO":"Cruce P-348 (Bulelco) - Palihue","CLASIFICACION":"Camino Regional de Acceso","CALZADA":null,"tmda":null},"geometry":{"type":"LineString","coordinates":[[-73.45914,-37.34549],[-73.45727,-37.3482],[-73.45831,-37.3491],[-73.45453,-37.35267],[-73.4538,-37.35708],[-73.45056,-37.35802],[-73.44386,-37.35541]]}},{"id":"10150","type":"Feature","properties":{"ROL":"P-356","NOMBRE_CAMINO":"Cruce P-348 - El Guindo Bajo","CLASIFICACION":"Camino Regional de Acceso","CALZADA":null,"tmda":null},"geometry":{"type":"LineString","coordinates":[[-73.47357,-37.39617],[-73.46349,-37.38986],[-73.45837,-37.39055],[-73.43969,-37.38684]]}},{"id":"10151","type":"Feature","properties":{"ROL":"P-300","NOMBRE_CAMINO":"Cruce P-280 - Albarrada - Cruce P-230 (Villa Alegre)","CLASIFICACION":"Camino Regional Comunal","CALZADA":null,"tmda":null},"geometry":{"type":"LineString","coordinates":[[-73.35405,-37.26955],[-73.35786,-37.27361],[-73.35599,-37.27619],[-73.35753,-37.2821],[-73.35463,-37.28909],[-73.35804,-37.29529],[-73.36144,-37.29857],[-73.36495,-37.30642]]}},{"id":"10152","type":"Feature","properties":{"ROL":"P-306","NOMBRE_CAMINO":"Cruce P-318 (Albarrada) - El Perasmo","CLASIFICACION":"Camino Regional de Acceso","CALZADA":null,"tmda":null},"geometry":{"type":"LineString","coordinates":[[-73.36462,-37.33928],[-73.36242,-37.33348],[-73.36293,-37.33026],[-73.37125,-37.32981],[-73.37053,-37.32843],[-73.37159,-37.32791]]}},{"id":"10153","type":"Feature","properties":{"ROL":"P-318","NOMBRE_CAMINO":"Cruce P-230 (Los Boldos) - Los Maquis - Cruce P-300 (Los Ñancos)","CLASIFICACION":"Camino Regional Comunal","CALZADA":null,"tmda":null},"geometry":{"type":"LineString","coordinates":[[-73.36431,-37.33961],[-73.36802,-37.338],[-73.37343,-37.34128],[-73.38039,-37.34123],[-73.38379,-37.33637],[-73.38341,-37.33137],[-73.3883,-37.32412]]}},{"id":"10154","type":"Feature","properties":{"ROL":"P-210","NOMBRE_CAMINO":"Cruce P-20 (Arauco) - La Punta","CLASIFICACION":"Camino Regional de Acceso","CALZADA":null,"tmda":null},"geometry":{"type":"LineString","coordinates":[[-73.27232,-37.24499],[-73.2695,-37.24813],[-73.26924,-37.2515],[-73.26691,-37.25511],[-73.2557,-37.26337]]}},{"id":"10155","type":"Feature","properties":{"ROL":"P-212","NOMBRE_CAMINO":"Carampangue - Cruce P-216","CLASIFICACION":"Camino Regional Comunal","CALZADA":null,"tmda":null},"geometry":{"type":"LineString","coordinates":[[-73.23809,-37.25746],[-73.24802,-37.25851],[-73.24739,-37.26292]]}},{"id":"10156","type":"Feature","properties":{"ROL":"P-216","NOMBRE_CAMINO":"Cruce Ruta 160 (Acceso Sur a Carampangue) - La Punta","CLASIFICACION":"Camino Regional de Acceso","CALZADA":null,"tmda":null},"geometry":{"type":"LineString","coordinates":[[-73.24403,-37.27226],[-73.24671,-37.27111],[-73.24726,-37.26548]]}},{"id":"10157","type":"Feature","properties":{"ROL":"P-216","NOMBRE_CAMINO":"Cruce Ruta 160 (Acceso Sur a Carampangue) - La Punta","CLASIFICACION":"Camino Regional de Acceso","CALZADA":null,"tmda":null},"geometry":{"type":"LineString","coordinates":[[-73.24739,-37.26292],[-73.25262,-37.26311]]}},{"id":"10158","type":"Feature","properties":{"ROL":"P-250","NOMBRE_CAMINO":"Cruce P-230 (Cancha Labrada) - San José de Colico","CLASIFICACION":"Camino Regional Comunal","CALZADA":null,"tmda":352.0},"geometry":{"type":"LineString","coordinates":[[-73.34362,-37.36306],[-73.33579,-37.37055],[-73.33429,-37.38515],[-73.33052,-37.39194],[-73.32819,-37.39212],[-73.32624,-37.39436],[-73.32427,-37.40166],[-73.32796,-37.40798],[-73.32687,-37.41083],[-73.32763,-37.41396]]}},{"id":"10159","type":"Feature","properties":{"ROL":"P-276","NOMBRE_CAMINO":"Cruce P-20 (Arauco) - Cruce P-280 (Pemerehue)","CLASIFICACION":"Camino Regional Comunal","CALZADA":null,"tmda":null},"geometry":{"type":"LineString","coordinates":[[-73.3291,-37.24614],[-73.33836,-37.25676],[-73.3523,-37.25787],[-73.35972,-37.26253]]}},{"id":"10160","type":"Feature","properties":{"ROL":"P-278","NOMBRE_CAMINO":"Cruce P-20 (Curaquilla) - Cruce P-280","CLASIFICACION":"Camino Regional Comunal","CALZADA":null,"tmda":null},"geometry":{"type":"LineString","coordinates":[[-73.38498,-37.24904],[-73.39037,-37.254],[-73.39445,-37.25507],[-73.39555,-37.25711],[-73.4,-37.25985]]}},{"id":"10161","type":"Feature","properties":{"ROL":"P-304","NOMBRE_CAMINO":"Cruce P-280 (Alto Los Patos) - Pitraleo","CLASIFICACION":"Camino Regional de Acceso","CALZADA":null,"tmda":null},"geometry":{"type":"LineString","coordinates":[[-73.30364,-37.29371],[-73.30135,-37.29797],[-73.29894,-37.29909],[-73.29452,-37.29763],[-73.29089,-37.2982],[-73.28825,-37.30092],[-73.28477,-37.30211],[-73.27905,-37.29881]]}},{"id":"10162","type":"Feature","properties":{"ROL":"P-312","NOMBRE_CAMINO":"Cruce P-280 (Pemerehue) - Loma Larga - Cruce P-316 (Quelén Quelén)","CLASIFICACION":"Camino Regional Comunal","CALZADA":null,"tmda":null},"geometry":{"type":"LineString","coordinates":[[-73.37016,-37.27556],[-73.37076,-37.28005],[-73.37199,-37.28031],[-73.37302,-37.28297],[-73.37519,-37.28334],[-73.37627,-37.29095],[-73.37987,-37.2931],[-73.38337,-37.29317],[-73.38888,-37.29742]]}},{"id":"10163","type":"Feature","properties":{"ROL":"P-314","NOMBRE_CAMINO":"Cruce P-230 (Cheñeco) - Cruce P-230 (Los Patos)","CLASIFICACION":"Camino Regional Comunal","CALZADA":null,"tmda":null},"geometry":{"type":"LineString","coordinates":[[-73.34631,-37.31415],[-73.35091,-37.3134],[-73.35167,-37.31127],[-73.35041,-37.30788],[-73.35587,-37.30687],[-73.35653,-37.30307],[-73.35017,-37.2994],[-73.34807,-37.29251],[-73.34588,-37.28995],[-73.33823,-37.28567],[-73.33782,-37.28673],[-73.33541,-37.28689],[-73.33407,-37.28459]]}},{"id":"10164","type":"Feature","properties":{"ROL":"P-220","NOMBRE_CAMINO":"Cruce P-20 (El Parrón) - Cruce P-212 (Carampangue)","CLASIFICACION":"Camino Regional Comunal","CALZADA":null,"tmda":1889.0},"geometry":{"type":"LineString","coordinates":[[-73.24646,-37.24757],[-73.24326,-37.2574]]}},{"id":"10165","type":"Feature","properties":{"ROL":"P-468","NOMBRE_CAMINO":"Cruce P-464 (Los Álamos) - Vado Las Rosas - Cruce P-464 (Los Cambuchos)","CLASIFICACION":"Camino Regional Comunal","CALZADA":null,"tmda":null},"geometry":{"type":"LineString","coordinates":[[-73.47064,-37.62426],[-73.47317,-37.62344]]}},{"id":"10166","type":"Feature","properties":{"ROL":"P-20","NOMBRE_CAMINO":"Carampangue - Arauco - Llico - Punta Lavapié","CLASIFICACION":"Camino Regional Principal","CALZADA":null,"tmda":10326.0},"geometry":{"type":"LineString","coordinates":[[-73.2355,-37.25101],[-73.24001,-37.24909]]}},{"id":"10167","type":"Feature","properties":{"ROL":"S/R-P-190","NOMBRE_CAMINO":"Cruce Ruta 160 - Cruce P-20","CLASIFICACION":"Camino Regional Comunal (En Proceso de Enrolamiento)","CALZADA":null,"tmda":null},"geometry":{"type":"LineString","coordinates":[[-73.23809,-37.25746],[-73.2355,-37.25101]]}},{"id":"10168","type":"Feature","properties":{"ROL":"P-492","NOMBRE_CAMINO":"Cruce P-40 - Victoria Fortuna","CLASIFICACION":"Camino Regional de Acceso","CALZADA":null,"tmda":null},"geometry":{"type":"LineString","coordinates":[[-73.64604,-37.60377],[-73.64235,-37.60617]]}},{"id":"10169","type":"Feature","properties":{"ROL":"P-480","NOMBRE_CAMINO":"Cruce P-490 (El Rosal) - Cruce P-40 (Lebu)","CLASIFICACION":"Camino Regional Comunal","CALZADA":null,"tmda":null},"geometry":{"type":"LineString","coordinates":[[-73.62863,-37.63342],[-73.63632,-37.63139],[-73.63784,-37.62995],[-73.64492,-37.61931],[-73.64605,-37.61342],[-73.64761,-37.61348],[-73.65074,-37.60726]]}},{"id":"10170","type":"Feature","properties":{"ROL":"P-470","NOMBRE_CAMINO":"Cruce Ruta 160 (Los Álamos) - Pehuén - Cruce P-476","CLASIFICACION":"Camino Regional Comunal","CALZADA":null,"tmda":null},"geometry":{"type":"LineString","coordinates":[[-73.48146,-37.63905],[-73.48614,-37.64864]]}},{"id":"10171","type":"Feature","properties":{"ROL":"P-470","NOMBRE_CAMINO":"Cruce Ruta 160 (Los Álamos) - Pehuén - Cruce P-476","CLASIFICACION":"Camino Regional Comunal","CALZADA":null,"tmda":null},"geometry":{"type":"LineString","coordinates":[[-73.54008,-37.66825],[-73.54576,-37.66661],[-73.54896,-37.66256],[-73.55088,-37.65595],[-73.55319,-37.65265]]}},{"id":"10172","type":"Feature","properties":{"ROL":"P-470","NOMBRE_CAMINO":"Cruce Ruta 160 (Los Álamos) - Pehuén - Cruce P-476","CLASIFICACION":"Camino Regional Comunal","CALZADA":null,"tmda":null},"geometry":{"type":"LineString","coordinates":[[-73.48614,-37.64864],[-73.49464,-37.64922],[-73.5048,-37.65984],[-73.51987,-37.66703]]}},{"id":"10173","type":"Feature","properties":{"ROL":"P-470","NOMBRE_CAMINO":"Cruce Ruta 160 (Los Álamos) - Pehuén - Cruce P-476","CLASIFICACION":"Camino Regional Comunal","CALZADA":null,"tmda":null},"geometry":{"type":"LineString","coordinates":[[-73.55319,-37.65265],[-73.55372,-37.65229]]}},{"id":"10174","type":"Feature","properties":{"ROL":"P-1470","NOMBRE_CAMINO":"Cruce P-470 - Cruce P-476","CLASIFICACION":"Camino Regional Comunal","CALZADA":null,"tmda":null},"geometry":{"type":"LineString","coordinates":[[-73.55319,-37.65265],[-73.5533,-37.65212]]}},{"id":"10175","type":"Feature","properties":{"ROL":"P-464","NOMBRE_CAMINO":"Cruce Ruta 160 (Los Álamos) - Puente Cupaño - Cruce P-230 (Los Cambuchos)","CLASIFICACION":"Camino Regional Comunal","CALZADA":null,"tmda":null},"geometry":{"type":"LineString","coordinates":[[-73.46851,-37.62854],[-73.46853,-37.6259],[-73.47064,-37.62426]]}},{"id":"10176","type":"Feature","properties":{"ROL":"P-230","NOMBRE_CAMINO":"Cruce P-40 - Curihuillín - Cruce P-280","CLASIFICACION":"Camino Regional Comunal","CALZADA":null,"tmda":99.0},"geometry":{"type":"LineString","coordinates":[[-73.58264,-37.54512],[-73.57743,-37.54418],[-73.57234,-37.54638],[-73.55978,-37.54404],[-73.53948,-37.5287],[-73.53536,-37.53435],[-73.5246,-37.53985],[-73.52014,-37.54495],[-73.51331,-37.54529],[-73.50707,-37.55422],[-73.50224,-37.55854],[-73.49602,-37.56129],[-73.48683,-37.5482],[-73.48618,-37.54472],[-73.47602,-37.53647],[-73.47349,-37.53135],[-73.47247,-37.52585],[-73.47309,-37.5213],[-73.46979,-37.51712],[-73.46938,-37.51147],[-73.46499,-37.50736],[-73.46564,-37.50515],[-73.46888,-37.5025],[-73.4665,-37.49719],[-73.46577,-37.48766],[-73.46822,-37.48418],[-73.46622,-37.47941]]}},{"id":"10177","type":"Feature","properties":{"ROL":"P-230","NOMBRE_CAMINO":"Cruce P-40 - Curihuillín - Cruce P-280","CLASIFICACION":"Camino Regional Comunal","CALZADA":null,"tmda":295.0},"geometry":{"type":"LineString","coordinates":[[-73.46622,-37.47941],[-73.46528,-37.47784],[-73.46748,-37.4716],[-73.46423,-37.4628],[-73.46327,-37.45118],[-73.46522,-37.4434],[-73.46337,-37.43725]]}},{"id":"10178","type":"Feature","properties":{"ROL":"P-230","NOMBRE_CAMINO":"Cruce P-40 - Curihuillín - Cruce P-280","CLASIFICACION":"Camino Regional Comunal","CALZADA":null,"tmda":295.0},"geometry":{"type":"LineString","coordinates":[[-73.46337,-37.43725],[-73.4603,-37.43064],[-73.4601,-37.42723],[-73.45514,-37.42303],[-73.44511,-37.42717],[-73.43995,-37.42439],[-73.43091,-37.42691],[-73.42582,-37.42427],[-73.42195,-37.42699],[-73.40781,-37.4267],[-73.40517,-37.42481],[-73.40081,-37.41565]]}},{"id":"10179","type":"Feature","properties":{"ROL":"P-300","NOMBRE_CAMINO":"Cruce P-280 - Albarrada - Cruce P-230 (Villa Alegre)","CLASIFICACION":"Camino Regional Comunal","CALZADA":null,"tmda":null},"geometry":{"type":"LineString","coordinates":[[-73.39717,-37.3302],[-73.40294,-37.33884],[-73.40555,-37.34079],[-73.40633,-37.34723],[-73.40967,-37.35344],[-73.40784,-37.3606],[-73.40512,-37.36376],[-73.40554,-37.3661],[-73.41701,-37.37746],[-73.41785,-37.38118],[-73.42154,-37.3874],[-73.4233,-37.38841],[-73.42331,-37.39074],[-73.42671,-37.39558],[-73.43212,-37.40178],[-73.43755,-37.40562],[-73.43732,-37.41887],[-73.4399,-37.42439]]}},{"id":"10180","type":"Feature","properties":{"ROL":"P-300","NOMBRE_CAMINO":"Cruce P-280 - Albarrada - Cruce P-230 (Villa Alegre)","CLASIFICACION":"Camino Regional Comunal","CALZADA":null,"tmda":null},"geometry":{"type":"LineString","coordinates":[[-73.38672,-37.32399],[-73.39376,-37.32516],[-73.39717,-37.3302]]}},{"id":"10181","type":"Feature","properties":{"ROL":"P-316","NOMBRE_CAMINO":"Cruce P-280 - Quelén Quelén - Cruce P-300 (Albarrada)","CLASIFICACION":"Camino Regional Comunal","CALZADA":null,"tmda":null},"geometry":{"type":"LineString","coordinates":[[-73.37176,-37.3094],[-73.37053,-37.30892],[-73.36884,-37.31084]]}},{"id":"10182","type":"Feature","properties":{"ROL":"P-280","NOMBRE_CAMINO":"Cruce P-20 (Arauco) - Pemerehue - Cruce P-40 (Piña Huacha)","CLASIFICACION":"Camino Regional Provincial","CALZADA":null,"tmda":null},"geometry":{"type":"LineString","coordinates":[[-73.31858,-37.25214],[-73.31945,-37.25287],[-73.31705,-37.25524],[-73.31717,-37.25703],[-73.31836,-37.26058],[-73.32183,-37.26389]]}},{"id":"10183","type":"Feature","properties":{"ROL":"P-280","NOMBRE_CAMINO":"Cruce P-20 (Arauco) - Pemerehue - Cruce P-40 (Piña Huacha)","CLASIFICACION":"Camino Regional Provincial","CALZADA":null,"tmda":null},"geometry":{"type":"LineString","coordinates":[[-73.31829,-37.24584],[-73.31708,-37.25135],[-73.31858,-37.25214]]}},{"id":"10184","type":"Feature","properties":{"ROL":"P-340","NOMBRE_CAMINO":"Cruce P-300 (Los Ñancos) - Cruce P-348 (Merilupo)","CLASIFICACION":"Camino Regional Comunal","CALZADA":null,"tmda":null},"geometry":{"type":"LineString","coordinates":[[-73.39371,-37.32514],[-73.39881,-37.32367]]}},{"id":"10185","type":"Feature","properties":{"ROL":"P-348","NOMBRE_CAMINO":"Cruce P-40 (Centinela) - Cruce P-360 (Anguillas)","CLASIFICACION":"Camino Regional Comunal","CALZADA":null,"tmda":null},"geometry":{"type":"LineString","coordinates":[[-73.45639,-37.28873],[-73.44931,-37.29514],[-73.44309,-37.29598],[-73.4391,-37.30168],[-73.43928,-37.30384],[-73.43608,-37.30859],[-73.43576,-37.31161],[-73.43186,-37.31923],[-73.43381,-37.32884]]}},{"id":"10186","type":"Feature","properties":{"ROL":"P-216","NOMBRE_CAMINO":"Cruce Ruta 160 (Acceso Sur a Carampangue) - La Punta","CLASIFICACION":"Camino Regional de Acceso","CALZADA":null,"tmda":null},"geometry":{"type":"LineString","coordinates":[[-73.24726,-37.26548],[-73.24739,-37.26292]]}},{"id":"10187","type":"Feature","properties":{"ROL":"P-428","NOMBRE_CAMINO":"Cruce Ruta 160 (Pichiarauco) - Los Ríos","CLASIFICACION":"Camino Regional Comunal","CALZADA":null,"tmda":null},"geometry":{"type":"LineString","coordinates":[[-73.41954,-37.55077],[-73.41646,-37.559]]}},{"id":"10188","type":"Feature","properties":{"ROL":"P-428","NOMBRE_CAMINO":"Cruce Ruta 160 (Pichiarauco) - Los Ríos","CLASIFICACION":"Camino Regional Comunal","CALZADA":null,"tmda":null},"geometry":{"type":"LineString","coordinates":[[-73.41646,-37.559],[-73.41577,-37.55983]]}},{"id":"10189","type":"Feature","properties":{"ROL":"P-436","NOMBRE_CAMINO":"Cruce P-424 (Trongol Bajo) - Los Ríos","CLASIFICACION":"Camino Regional Comunal","CALZADA":null,"tmda":null},"geometry":{"type":"LineString","coordinates":[[-73.4065,-37.55256],[-73.41759,-37.5537]]}},{"id":"10190","type":"Feature","properties":{"ROL":"P-250","NOMBRE_CAMINO":"Cruce P-230 (Cancha Labrada) - San José de Colico","CLASIFICACION":"Camino Regional Comunal","CALZADA":null,"tmda":352.0},"geometry":{"type":"LineString","coordinates":[[-73.35614,-37.35018],[-73.34546,-37.35402]]}},{"id":"10191","type":"Feature","properties":{"ROL":"P-354","NOMBRE_CAMINO":"Cruce P-358 (Las Golondrinas) - Cruce P-352 (Quidico)","CLASIFICACION":"Camino Regional Comunal","CALZADA":null,"tmda":null},"geometry":{"type":"LineString","coordinates":[[-73.60478,-37.37132],[-73.60813,-37.37071],[-73.61136,-37.36293],[-73.61577,-37.36089],[-73.61509,-37.35285]]}},{"id":"10192","type":"Feature","properties":{"ROL":"P-328","NOMBRE_CAMINO":"Cruce P-20 (Llico) - Piure - Cruce P-352 (Tropén)","CLASIFICACION":"Camino Regional Comunal","CALZADA":null,"tmda":null},"geometry":{"type":"LineString","coordinates":[[-73.57844,-37.21636],[-73.58243,-37.21755],[-73.58719,-37.22199],[-73.59975,-37.22829],[-73.60481,-37.23442],[-73.61037,-37.23445],[-73.61354,-37.23295],[-73.61612,-37.23453],[-73.61759,-37.23271],[-73.62682,-37.23206],[-73.62995,-37.23638],[-73.63493,-37.23909],[-73.63745,-37.24314]]}},{"id":"10193","type":"Feature","properties":{"ROL":"P-328","NOMBRE_CAMINO":"Cruce P-20 (Llico) - Piure - Cruce P-352 (Tropén)","CLASIFICACION":"Camino Regional Comunal","CALZADA":null,"tmda":null},"geometry":{"type":"LineString","coordinates":[[-73.56422,-37.19643],[-73.567,-37.20328],[-73.5707,-37.20577],[-73.57319,-37.21144],[-73.57844,-37.21636]]}},{"id":"10194","type":"Feature","properties":{"ROL":"P-250","NOMBRE_CAMINO":"Cruce P-230 (Cancha Labrada) - San José de Colico","CLASIFICACION":"Camino Regional Comunal","CALZADA":null,"tmda":352.0},"geometry":{"type":"LineString","coordinates":[[-73.34546,-37.35402],[-73.34686,-37.35827],[-73.34362,-37.36306]]}},{"id":"10195","type":"Feature","properties":{"ROL":"P-336","NOMBRE_CAMINO":"Cruce P-20 - Rumena Sur - Cruce P-332","CLASIFICACION":"Camino Regional Comunal","CALZADA":null,"tmda":null},"geometry":{"type":"LineString","coordinates":[[-73.6159,-37.17633],[-73.61335,-37.18078],[-73.60996,-37.18235]]}},{"id":"10196","type":"Feature","properties":{"ROL":"S/R-P-190","NOMBRE_CAMINO":"Cruce Ruta 160 - Cruce P-20","CLASIFICACION":"Camino Regional Comunal (En Proceso de Enrolamiento)","CALZADA":null,"tmda":null},"geometry":{"type":"LineString","coordinates":[[-73.23967,-37.26144],[-73.23809,-37.25746]]}},{"id":"10197","type":"Feature","properties":{"ROL":"S/R-P-178","NOMBRE_CAMINO":"Cruce Ruta 160 - Larraquete - Cruce Ruta 160","CLASIFICACION":"Camino Regional Comunal (En Proceso de Enrolamiento)","CALZADA":null,"tmda":null},"geometry":{"type":"LineString","coordinates":[[-73.17702,-37.15774],[-73.17935,-37.16071],[-73.17886,-37.16369],[-73.18887,-37.16993],[-73.20058,-37.18956]]}},{"id":"10198","type":"Feature","properties":{"ROL":"O-940-P","NOMBRE_CAMINO":"Cruce Ruta 156 (Chacay) - Espigado - Cabrera - Cruce P-302-O (Las Cachañas)","CLASIFICACION":"Camino Regional Comunal","CALZADA":null,"tmda":null},"geometry":{"type":"LineString","coordinates":[[-73.12537,-37.39449],[-73.12986,-37.39421],[-73.13533,-37.39643],[-73.14178,-37.39696],[-73.14412,-37.39811],[-73.14476,-37.40007],[-73.14626,-37.39916],[-73.14624,-37.40217],[-73.14915,-37.4007],[-73.14994,-37.40172],[-73.15664,-37.40064],[-73.15867,-37.40189],[-73.16103,-37.40077],[-73.16435,-37.40178],[-73.16815,-37.40065],[-73.17107,-37.4021],[-73.17655,-37.40171],[-73.18525,-37.39902],[-73.18915,-37.401],[-73.1904,-37.40322],[-73.1913,-37.40205],[-73.19316,-37.40376],[-73.19914,-37.40453],[-73.19627,-37.40506],[-73.19452,-37.407],[-73.19817,-37.40919],[-73.19567,-37.40998],[-73.19454,-37.41182],[-73.19886,-37.41475],[-73.20041,-37.4144],[-73.20015,-37.41537],[-73.20305,-37.41765],[-73.20166,-37.41834]]}},{"id":"10199","type":"Feature","properties":{"ROL":"P-1330","NOMBRE_CAMINO":"Cruce P-302-O - P-302-O (Mundo Nuevo)","CLASIFICACION":"Camino Regional Comunal","CALZADA":null,"tmda":null},"geometry":{"type":"LineString","coordinates":[[-73.27043,-37.44803],[-73.2686,-37.44399],[-73.26602,-37.44429]]}},{"id":"10200","type":"Feature","properties":{"ROL":"P-196","NOMBRE_CAMINO":"Cruce P-302-O (Mundo Nuevo) - Quilachanquín - Puente Ramadilla","CLASIFICACION":"Camino Regional Comunal","CALZADA":null,"tmda":null},"geometry":{"type":"LineString","coordinates":[[-73.28008,-37.38856],[-73.28455,-37.38883],[-73.28578,-37.38771],[-73.28014,-37.38611],[-73.27452,-37.38122],[-73.26926,-37.38329],[-73.26694,-37.38278],[-73.26451,-37.3808],[-73.26373,-37.37836],[-73.26501,-37.3772],[-73.26469,-37.37375],[-73.26631,-37.37126],[-73.26519,-37.36839],[-73.26607,-37.36501],[-73.26436,-37.3626],[-73.26469,-37.35709],[-73.26207,-37.35491],[-73.25888,-37.34652],[-73.25847,-37.34057],[-73.2602,-37.33769],[-73.25981,-37.3358],[-73.25794,-37.3354],[-73.26238,-37.32831],[-73.2633,-37.32375],[-73.2621,-37.32219],[-73.26394,-37.32198],[-73.25916,-37.31234]]}},{"id":"10201","type":"Feature","properties":{"ROL":"P-302-O","NOMBRE_CAMINO":"Cruce Calle Caupolicán (Curanilahue) - Mundo Nuevo - Cruce O-940-P (Los Cruceros)","CLASIFICACION":"Camino Regional Provincial","CALZADA":null,"tmda":438.0},"geometry":{"type":"LineString","coordinates":[[-73.20549,-37.42601],[-73.20247,-37.42371],[-73.20428,-37.42243],[-73.20527,-37.41948],[-73.2029,-37.41813],[-73.20146,-37.41845],[-73.19492,-37.42727],[-73.19255,-37.42711],[-73.19027,-37.42982],[-73.18664,-37.43072],[-73.1682,-37.4287],[-73.16489,-37.42615],[-73.16164,-37.42674],[-73.1606,-37.42524],[-73.15788,-37.42502],[-73.15544,-37.43103],[-73.15232,-37.43116],[-73.15285,-37.42844],[-73.14088,-37.43003],[-73.14236,-37.43048],[-73.13919,-37.43164],[-73.14177,-37.43403],[-73.13988,-37.43405],[-73.1397,-37.43562],[-73.136,-37.43556],[-73.13432,-37.4391],[-73.12871,-37.43729],[-73.12683,-37.43838],[-73.12687,-37.43987],[-73.12107,-37.43676],[-73.11975,-37.43927],[-73.11422,-37.44115],[-73.10958,-37.43901],[-73.10489,-37.44261],[-73.0929,-37.44642],[-73.09029,-37.44943],[-73.06891,-37.4504],[-73.06089,-37.45292],[-73.05583,-37.45282],[-73.04966,-37.45048],[-73.04763,-37.45219],[-73.0457,-37.45188],[-73.03887,-37.45457],[-73.02204,-37.45712],[-73.01888,-37.45664],[-73.01584,-37.4517],[-73.01012,-37.45408],[-73.00522,-37.44954],[-73.00227,-37.44927],[-73.00023,-37.45104],[-72.99637,-37.45132],[-72.98056,-37.44936],[-72.97343,-37.44972],[-72.97138,-37.44473],[-72.9753,-37.44384],[-72.97781,-37.44005],[-72.98093,-37.438],[-72.98168,-37.43696],[-72.98001,-37.43668],[-72.97977,-37.43532],[-72.98402,-37.43092],[-72.98635,-37.43077],[-72.98837,-37.42818],[-72.99335,-37.42707],[-72.99555,-37.42452],[-72.9925,-37.42087],[-72.9962,-37.4194],[-72.99761,-37.41737],[-73.00071,-37.41801],[-73.00271,-37.41701],[-73.0041,-37.41188],[-73.0024,-37.41044],[-73.0075,-37.40436],[-73.00732,-37.4001]]}},{"id":"10202","type":"Feature","properties":{"ROL":"P-508","NOMBRE_CAMINO":"Cruce P-510 (Caramávida) - Epumallín","CLASIFICACION":"Camino Regional Comunal","CALZADA":null,"tmda":null},"geometry":{"type":"LineString","coordinates":[[-73.32439,-37.71687],[-73.31974,-37.71806],[-73.31448,-37.71708],[-73.31078,-37.71968],[-73.30697,-37.71948],[-73.30061,-37.72152],[-73.29563,-37.72488],[-73.29484,-37.72709],[-73.29243,-37.72801],[-73.29004,-37.72731],[-73.28456,-37.73144]]}},{"id":"10203","type":"Feature","properties":{"ROL":"P-334","NOMBRE_CAMINO":"Cruce Q-44-P (Esperanza) - Las Quemas - Cruce P-302-O (El Tesoro)","CLASIFICACION":"Camino Regional Comunal","CALZADA":null,"tmda":145.0},"geometry":{"type":"LineString","coordinates":[[-73.19691,-37.54198],[-73.19215,-37.54126],[-73.18949,-37.53821],[-73.18518,-37.53601],[-73.1853,-37.52544],[-73.18739,-37.52045],[-73.18679,-37.51735],[-73.1878,-37.51541],[-73.1899,-37.51318],[-73.19221,-37.5141],[-73.19352,-37.50927],[-73.20159,-37.50184],[-73.20158,-37.49843],[-73.20445,-37.4963],[-73.20682,-37.49088],[-73.20677,-37.48391],[-73.20944,-37.47858],[-73.20722,-37.47393],[-73.20752,-37.46518],[-73.21066,-37.46024],[-73.20993,-37.45857],[-73.21281,-37.45463],[-73.21688,-37.4525],[-73.23284,-37.4515],[-73.23994,-37.44404],[-73.24514,-37.44261]]}},{"id":"10204","type":"Feature","properties":{"ROL":"P-404","NOMBRE_CAMINO":"Curanilahue (Puente Dos) - Cruce P-424 (Plegarias)","CLASIFICACION":"Camino Regional Comunal","CALZADA":null,"tmda":null},"geometry":{"type":"LineString","coordinates":[[-73.34649,-37.51733],[-73.3484,-37.52025],[-73.34722,-37.52458],[-73.3479,-37.52777],[-73.35311,-37.53923],[-73.35252,-37.54176],[-73.35409,-37.54267],[-73.35294,-37.54604],[-73.35589,-37.54831],[-73.35738,-37.54746]]}},{"id":"10205","type":"Feature","properties":{"ROL":"P-410","NOMBRE_CAMINO":"Cruce Ruta 160 - Cruce P-424 (Acceso Central a Curanilahue)","CLASIFICACION":"Camino Regional Comunal","CALZADA":null,"tmda":null},"geometry":{"type":"LineString","coordinates":[[-73.3677,-37.46237],[-73.36382,-37.46882],[-73.35903,-37.47112],[-73.35151,-37.47722]]}},{"id":"10206","type":"Feature","properties":{"ROL":"P-412","NOMBRE_CAMINO":"Cruce P-334 (Las Quemas) - Bajo Cifuentes","CLASIFICACION":"Camino Regional de Acceso","CALZADA":null,"tmda":null},"geometry":{"type":"LineString","coordinates":[[-73.20425,-37.49651],[-73.20053,-37.49652],[-73.19304,-37.50036],[-73.18866,-37.50006],[-73.18667,-37.49725],[-73.18742,-37.49594],[-73.18425,-37.49458],[-73.18416,-37.48978],[-73.18088,-37.48692],[-73.17806,-37.48149],[-73.17851,-37.47433],[-73.17458,-37.47403],[-73.17221,-37.47551],[-73.17149,-37.47418],[-73.1631,-37.47651],[-73.16158,-37.47533],[-73.15945,-37.47908],[-73.15602,-37.47954],[-73.15344,-37.47695],[-73.15207,-37.47776],[-73.15161,-37.47677]]}},{"id":"10207","type":"Feature","properties":{"ROL":"P-414","NOMBRE_CAMINO":"Cruce Q-44-P (Curanilahue) - Cruce P-334 (Las Quemas)","CLASIFICACION":"Camino Regional Comunal","CALZADA":null,"tmda":null},"geometry":{"type":"LineString","coordinates":[[-73.32211,-37.49017],[-73.31687,-37.49557],[-73.31536,-37.49564],[-73.31459,-37.49211],[-73.31177,-37.49522],[-73.30799,-37.49589],[-73.30442,-37.4947],[-73.29598,-37.49706],[-73.29235,-37.49418],[-73.28773,-37.49341],[-73.28647,-37.48769],[-73.28263,-37.48428],[-73.27855,-37.48303],[-73.2762,-37.48385],[-73.26644,-37.48094],[-73.26278,-37.48201],[-73.25995,-37.4849],[-73.25902,-37.48251],[-73.25792,-37.48263],[-73.25839,-37.48378],[-73.25525,-37.48357],[-73.25214,-37.4854],[-73.25206,-37.48717],[-73.24856,-37.4874],[-73.24719,-37.4902],[-73.2375,-37.48503],[-73.22803,-37.48818],[-73.22441,-37.4869],[-73.22458,-37.48832],[-73.22183,-37.49145],[-73.21346,-37.48938],[-73.21298,-37.49082],[-73.2103,-37.48913],[-73.20883,-37.49041],[-73.20652,-37.48824]]}},{"id":"10208","type":"Feature","properties":{"ROL":"P-416","NOMBRE_CAMINO":"Cruce Q-44-P (Proterillos) - Las Playas","CLASIFICACION":"Camino Regional de Acceso","CALZADA":null,"tmda":null},"geometry":{"type":"LineString","coordinates":[[-73.25083,-37.5109],[-73.2467,-37.51033],[-73.2428,-37.50598]]}},{"id":"10209","type":"Feature","properties":{"ROL":"P-422","NOMBRE_CAMINO":"Curanilahue (Chue) - Colcura - Cruce Q-44-P (Trongol Alto)","CLASIFICACION":"Camino Regional Comunal","CALZADA":null,"tmda":null},"geometry":{"type":"LineString","coordinates":[[-73.33935,-37.48536],[-73.33536,-37.48861],[-73.33493,-37.49119],[-73.33341,-37.49179],[-73.3306,-37.49777],[-73.33012,-37.50106],[-73.32627,-37.50451],[-73.32415,-37.5085],[-73.31902,-37.51159],[-73.30942,-37.51298],[-73.30373,-37.5164],[-73.29595,-37.52485],[-73.29466,-37.52847],[-73.29156,-37.52948],[-73.28217,-37.52868],[-73.27575,-37.53168],[-73.2722,-37.5315],[-73.26834,-37.53687],[-73.26596,-37.53574],[-73.25652,-37.53968],[-73.25098,-37.53674],[-73.24732,-37.53873],[-73.24365,-37.5446],[-73.23758,-37.54762],[-73.23358,-37.55634],[-73.22869,-37.5584],[-73.22846,-37.56185],[-73.22625,-37.56347],[-73.2266,-37.56846],[-73.21805,-37.56797],[-73.21543,-37.569],[-73.21141,-37.56597],[-73.20705,-37.56476],[-73.20024,-37.57204],[-73.1952,-37.57194],[-73.19272,-37.56776],[-73.19355,-37.56458],[-73.18978,-37.56539],[-73.18581,-37.56009]]}},{"id":"10210","type":"Feature","properties":{"ROL":"P-424","NOMBRE_CAMINO":"Cruce P-410 (Curanilahue) - Trongol Bajo","CLASIFICACION":"Camino Regional Comunal","CALZADA":null,"tmda":null},"geometry":{"type":"LineString","coordinates":[[-73.35705,-37.53027],[-73.35445,-37.53606],[-73.35463,-37.53842],[-73.35729,-37.54733],[-73.36047,-37.55199],[-73.36351,-37.55411],[-73.36198,-37.55551],[-73.36471,-37.5584],[-73.36212,-37.56135],[-73.36273,-37.56386],[-73.36157,-37.5676],[-73.35812,-37.56956],[-73.3545,-37.57497],[-73.35031,-37.5759],[-73.34664,-37.57896],[-73.34071,-37.57794],[-73.3357,-37.58172],[-73.32201,-37.58296],[-73.31488,-37.59017],[-73.31268,-37.59434],[-73.30724,-37.59583],[-73.30307,-37.59464],[-73.29048,-37.59568],[-73.27886,-37.59923],[-73.27208,-37.59769],[-73.27062,-37.59594],[-73.26347,-37.59771],[-73.26162,-37.59642],[-73.25685,-37.59648],[-73.25066,-37.5997],[-73.24761,-37.59914],[-73.24284,-37.60113],[-73.24109,-37.59965],[-73.23768,-37.60063],[-73.23404,-37.59884]]}},{"id":"10211","type":"Feature","properties":{"ROL":"P-426","NOMBRE_CAMINO":"Cruce Ruta 160 (Paso Superior Pichiarauco) - Cruce P-424 (Curanilahue)","CLASIFICACION":"Camino Regional Comunal","CALZADA":null,"tmda":null},"geometry":{"type":"LineString","coordinates":[[-73.41747,-37.52534],[-73.41692,-37.52143],[-73.41474,-37.51779],[-73.40241,-37.51259],[-73.39827,-37.50854],[-73.39417,-37.50704],[-73.39338,-37.50558],[-73.39474,-37.50151],[-73.39143,-37.49524],[-73.38692,-37.49651],[-73.38485,-37.49532],[-73.38109,-37.49612],[-73.37159,-37.49417],[-73.36781,-37.49191],[-73.35668,-37.48949],[-73.3535,-37.48673]]}},{"id":"10212","type":"Feature","properties":{"ROL":"P-434","NOMBRE_CAMINO":"Cruce P-424 (Trongol Bajo) - La Cresta","CLASIFICACION":"Camino Regional de Acceso","CALZADA":null,"tmda":null},"geometry":{"type":"LineString","coordinates":[[-73.36221,-37.56197],[-73.35838,-37.56219],[-73.35376,-37.56463],[-73.34831,-37.57195],[-73.34555,-37.5722],[-73.34388,-37.57469],[-73.3347,-37.57296],[-73.3313,-37.57465],[-73.32922,-37.57334],[-73.32595,-37.57352],[-73.32022,-37.57032],[-73.31308,-37.56927],[-73.30698,-37.56424],[-73.29736,-37.56417]]}},{"id":"10213","type":"Feature","properties":{"ROL":"P-450","NOMBRE_CAMINO":"Cruce Ruta 160 (Pilpilco) - Cruce P-436 (Los Ríos)","CLASIFICACION":"Camino Regional Comunal","CALZADA":null,"tmda":null},"geometry":{"type":"LineString","coordinates":[[-73.40626,-37.60436],[-73.40034,-37.60238],[-73.39993,-37.60092],[-73.39809,-37.60106],[-73.39691,-37.59424],[-73.391,-37.59655],[-73.39295,-37.59512],[-73.39197,-37.59313],[-73.39426,-37.58914],[-73.39333,-37.5761],[-73.39474,-37.57008],[-73.38993,-37.55784]]}},{"id":"10214","type":"Feature","properties":{"ROL":"P-510","NOMBRE_CAMINO":"Cruce P-60-R (Antihuala) - Caramávida - San Alfonso - Cruce Q-44-P (Piedra El Puma)","CLASIFICACION":"Camino Regional Comunal","CALZADA":null,"tmda":null},"geometry":{"type":"LineString","coordinates":[[-73.34183,-37.6902],[-73.3319,-37.68869],[-73.32938,-37.69057],[-73.32544,-37.68855],[-73.32386,-37.69005],[-73.3164,-37.69022],[-73.31597,-37.68871],[-73.30891,-37.6873],[-73.30613,-37.68545],[-73.30445,-37.68095],[-73.28972,-37.68109],[-73.28175,-37.68308],[-73.27268,-37.68034],[-73.26724,-37.68022],[-73.25631,-37.68294],[-73.24955,-37.6792],[-73.23334,-37.68371],[-73.23086,-37.68606],[-73.22467,-37.68172],[-73.21783,-37.68125],[-73.21074,-37.68581],[-73.202,-37.69466],[-73.19209,-37.69942],[-73.18422,-37.70953],[-73.17287,-37.71127],[-73.1668,-37.70555],[-73.16626,-37.70241],[-73.16411,-37.70052],[-73.16483,-37.69904],[-73.16057,-37.69615],[-73.16182,-37.69554],[-73.16068,-37.69308],[-73.16211,-37.6911],[-73.16065,-37.69212],[-73.16037,-37.69002],[-73.15657,-37.69006],[-73.15675,-37.69371],[-73.15377,-37.69343],[-73.15222,-37.69536],[-73.14961,-37.69421],[-73.14823,-37.69667],[-73.14259,-37.69206],[-73.13689,-37.69124],[-73.13389,-37.69254],[-73.13485,-37.69367],[-73.13407,-37.69451],[-73.12861,-37.69548],[-73.12554,-37.69794]]}},{"id":"10215","type":"Feature","properties":{"ROL":"P-510","NOMBRE_CAMINO":"Cruce P-60-R (Antihuala) - Caramávida - San Alfonso - Cruce Q-44-P (Piedra El Puma)","CLASIFICACION":"Camino Regional Comunal","CALZADA":null,"tmda":null},"geometry":{"type":"LineString","coordinates":[[-73.12554,-37.69794],[-73.12271,-37.6999],[-73.12106,-37.69047],[-73.11844,-37.68694],[-73.12082,-37.68363],[-73.12623,-37.68189],[-73.12684,-37.67888],[-73.12556,-37.67442],[-73.12156,-37.67325],[-73.12067,-37.67165],[-73.12187,-37.66796]]}},{"id":"10216","type":"Feature","properties":{"ROL":"P-510","NOMBRE_CAMINO":"Cruce P-60-R (Antihuala) - Caramávida - San Alfonso - Cruce Q-44-P (Piedra El Puma)","CLASIFICACION":"Camino Regional Comunal","CALZADA":null,"tmda":null},"geometry":{"type":"LineString","coordinates":[[-73.12187,-37.66796],[-73.11566,-37.664],[-73.11301,-37.66503],[-73.11334,-37.6613],[-73.11621,-37.65947],[-73.11458,-37.65652],[-73.11053,-37.65569],[-73.10937,-37.65391],[-73.11442,-37.64818],[-73.11873,-37.64839],[-73.11868,-37.64592],[-73.11993,-37.6447],[-73.1224,-37.64428],[-73.12586,-37.64645],[-73.12805,-37.64609],[-73.13003,-37.64481],[-73.13076,-37.64122],[-73.1326,-37.64188],[-73.13592,-37.64038],[-73.1367,-37.63736],[-73.14016,-37.63705],[-73.14795,-37.63068],[-73.15295,-37.63042],[-73.15487,-37.62348],[-73.15374,-37.61716],[-73.15581,-37.61186],[-73.15433,-37.6099],[-73.15505,-37.60502],[-73.15396,-37.6034]]}},{"id":"10217","type":"Feature","properties":{"ROL":"P-526","NOMBRE_CAMINO":"Cruce P-60-R (Quelén Quelén) - Cruce P-508 (Caramávida)","CLASIFICACION":"Camino Regional Comunal","CALZADA":null,"tmda":null},"geometry":{"type":"LineString","coordinates":[[-73.37389,-37.74787],[-73.37016,-37.74559],[-73.36756,-37.72367],[-73.36762,-37.71707],[-73.37289,-37.71306],[-73.36804,-37.70912],[-73.36794,-37.70427],[-73.36528,-37.69497],[-73.35942,-37.69527],[-73.35765,-37.69254]]}},{"id":"10218","type":"Feature","properties":{"ROL":"Q-44-P","NOMBRE_CAMINO":"Cruce Ruta 156 (Nacimiento) - Choroico - Potrerillos - Cruce Ruta 160 (Curanilahue)","CLASIFICACION":"Camino Regional Principal","CALZADA":null,"tmda":null},"geometry":{"type":"LineString","coordinates":[[-73.037,-37.53073],[-73.03933,-37.53016],[-73.04026,-37.52805],[-73.04294,-37.52996],[-73.04593,-37.53026],[-73.04647,-37.53216],[-73.0448,-37.53255],[-73.04431,-37.53425],[-73.04613,-37.53431],[-73.04651,-37.53772],[-73.04808,-37.53865],[-73.04616,-37.54254],[-73.04944,-37.54455],[-73.05137,-37.55002],[-73.05399,-37.55291],[-73.05653,-37.552],[-73.0608,-37.55346],[-73.06297,-37.55261],[-73.06495,-37.55445],[-73.07023,-37.55487],[-73.07303,-37.55208],[-73.07622,-37.55301],[-73.07852,-37.55222],[-73.08734,-37.55537],[-73.08826,-37.56046],[-73.09058,-37.55706],[-73.09331,-37.55554],[-73.09712,-37.55664],[-73.09953,-37.55542],[-73.0965,-37.56532],[-73.09316,-37.56728],[-73.09591,-37.56913],[-73.0964,-37.57334],[-73.10096,-37.57331],[-73.10204,-37.57476],[-73.09877,-37.58289],[-73.10275,-37.58304],[-73.10459,-37.58531],[-73.10996,-37.58091],[-73.10748,-37.58814],[-73.11053,-37.58942],[-73.11332,-37.58812],[-73.11915,-37.58796],[-73.12328,-37.59746],[-73.11994,-37.59955],[-73.11798,-37.60259],[-73.10533,-37.6064],[-73.1041,-37.60986],[-73.10935,-37.61416],[-73.11045,-37.6203],[-73.10969,-37.62206],[-73.11239,-37.62393],[-73.11475,-37.62325],[-73.1177,-37.61982],[-73.11976,-37.62078],[-73.12388,-37.61906],[-73.12579,-37.61995],[-73.12781,-37.61849]]}},{"id":"10219","type":"Feature","properties":{"ROL":"Q-44-P","NOMBRE_CAMINO":"Cruce Ruta 156 (Nacimiento) - Choroico - Potrerillos - Cruce Ruta 160 (Curanilahue)","CLASIFICACION":"Camino Regional Principal","CALZADA":null,"tmda":null},"geometry":{"type":"LineString","coordinates":[[-73.12781,-37.61849],[-73.13298,-37.61726],[-73.13323,-37.61582],[-73.13216,-37.6154],[-73.13314,-37.61356],[-73.13555,-37.6125],[-73.13974,-37.60723],[-73.14447,-37.60554],[-73.15208,-37.60588],[-73.15808,-37.59965],[-73.16333,-37.59644],[-73.17088,-37.59525],[-73.1712,-37.59311],[-73.17276,-37.5927],[-73.17485,-37.58883],[-73.17249,-37.57924],[-73.17418,-37.57688],[-73.17262,-37.57552],[-73.17514,-37.56864],[-73.17439,-37.56539],[-73.17832,-37.56501],[-73.18581,-37.56009],[-73.18298,-37.5491],[-73.19731,-37.54177],[-73.19957,-37.53508],[-73.20672,-37.53036],[-73.2074,-37.52835],[-73.20626,-37.52825],[-73.20941,-37.52722],[-73.20917,-37.52496],[-73.21107,-37.5247],[-73.21294,-37.52672],[-73.21418,-37.52175],[-73.21863,-37.52221],[-73.22279,-37.52021],[-73.22819,-37.51474],[-73.23264,-37.51322],[-73.23733,-37.51369],[-73.23567,-37.51707],[-73.23665,-37.51725],[-73.24147,-37.51289],[-73.25025,-37.51095],[-73.26067,-37.51292],[-73.27068,-37.50845],[-73.28121,-37.50987],[-73.28426,-37.51199],[-73.28776,-37.51127],[-73.29149,-37.50843],[-73.29779,-37.50882],[-73.30428,-37.50667],[-73.30695,-37.50766],[-73.3148,-37.50183],[-73.31645,-37.49759],[-73.32254,-37.49251],[-73.32251,-37.48768],[-73.32541,-37.48437],[-73.32702,-37.47987],[-73.32454,-37.47684],[-73.32368,-37.47285],[-73.32688,-37.47027],[-73.32843,-37.46703],[-73.32689,-37.46576],[-73.32702,-37.46048],[-73.3381,-37.45506],[-73.34372,-37.45445],[-73.34938,-37.44755],[-73.35686,-37.44545]]}},{"id":"10220","type":"Feature","properties":{"ROL":"O-186-P","NOMBRE_CAMINO":"Cruce O-926 (Purgatorio) - Los Quiques - Cruce P-240 (Pichilo)","CLASIFICACION":"Camino Regional Comunal","CALZADA":null,"tmda":null},"geometry":{"type":"LineString","coordinates":[[-72.9963,-37.32332],[-72.99838,-37.32619],[-73.00212,-37.32447],[-73.00373,-37.32513],[-73.00636,-37.32203],[-73.00768,-37.32484],[-73.00804,-37.32297],[-73.00925,-37.32497],[-73.00979,-37.32331],[-73.01055,-37.32388],[-73.00979,-37.32761],[-73.01593,-37.32571],[-73.01722,-37.32339],[-73.01998,-37.32393],[-73.02075,-37.32548],[-73.02507,-37.32306],[-73.02666,-37.325],[-73.03068,-37.32439],[-73.03173,-37.32968],[-73.03624,-37.32476],[-73.03585,-37.32228],[-73.03467,-37.32207],[-73.03531,-37.32098],[-73.0384,-37.32225],[-73.04059,-37.32149],[-73.04121,-37.32276],[-73.0397,-37.32393],[-73.04594,-37.32549],[-73.0481,-37.32456],[-73.04975,-37.32049],[-73.05453,-37.3228],[-73.05414,-37.32607],[-73.05604,-37.32813],[-73.0581,-37.3342],[-73.0575,-37.33848],[-73.06507,-37.33893],[-73.07125,-37.34446],[-73.08533,-37.3397],[-73.09055,-37.3356],[-73.09613,-37.33545],[-73.1085,-37.33195],[-73.11452,-37.32636],[-73.11432,-37.32253],[-73.12134,-37.32098],[-73.12648,-37.32374],[-73.13071,-37.32285],[-73.13444,-37.32618],[-73.13841,-37.32648],[-73.13965,-37.32414],[-73.1464,-37.32624],[-73.14473,-37.32243],[-73.14194,-37.32072],[-73.14794,-37.31798],[-73.14831,-37.3161],[-73.15421,-37.31149],[-73.16022,-37.30268],[-73.15902,-37.29413],[-73.16735,-37.28819],[-73.17224,-37.2879],[-73.17409,-37.28276],[-73.17324,-37.2818],[-73.18593,-37.28213],[-73.18786,-37.27939],[-73.19163,-37.27718],[-73.19137,-37.27431],[-73.19368,-37.27148]]}},{"id":"10221","type":"Feature","properties":{"ROL":"P-180","NOMBRE_CAMINO":"La Meseta - Cruce P-182 (Los Silos)","CLASIFICACION":"Camino Regional Comunal","CALZADA":null,"tmda":null},"geometry":{"type":"LineString","coordinates":[[-73.23245,-37.25532],[-73.22433,-37.25311]]}},{"id":"10222","type":"Feature","properties":{"ROL":"P-182","NOMBRE_CAMINO":"Cruce P-240 (Conumo) - La Meseta - Horcones","CLASIFICACION":"Camino Regional Comunal","CALZADA":null,"tmda":null},"geometry":{"type":"LineString","coordinates":[[-73.211,-37.24632],[-73.2018,-37.2323],[-73.20201,-37.22832]]}},{"id":"10223","type":"Feature","properties":{"ROL":"P-184","NOMBRE_CAMINO":"Cruce P-240 (Pichilo) - La Faja","CLASIFICACION":"Camino Regional de Acceso","CALZADA":null,"tmda":null},"geometry":{"type":"LineString","coordinates":[[-73.19723,-37.26965],[-73.19958,-37.27858],[-73.19712,-37.28158],[-73.19758,-37.28249]]}},{"id":"10224","type":"Feature","properties":{"ROL":"P-188","NOMBRE_CAMINO":"Cruce P-182 (Chillancito) - Los Chupones","CLASIFICACION":"Camino Regional Comunal","CALZADA":null,"tmda":null},"geometry":{"type":"LineString","coordinates":[[-73.20161,-37.24732],[-73.19619,-37.24759],[-73.18546,-37.24437],[-73.18562,-37.24626],[-73.1832,-37.24518],[-73.1798,-37.24681],[-73.17694,-37.25116],[-73.1729,-37.25151],[-73.17025,-37.25467],[-73.16758,-37.2542],[-73.16725,-37.25607],[-73.16447,-37.25589]]}},{"id":"10225","type":"Feature","properties":{"ROL":"P-192","NOMBRE_CAMINO":"Cruce P-346 (Conumo Bajo) - Cruce P-194 (Molino El Sol)","CLASIFICACION":"Camino Regional Comunal","CALZADA":null,"tmda":null},"geometry":{"type":"LineString","coordinates":[[-73.21979,-37.26478],[-73.21733,-37.26599],[-73.21509,-37.26921],[-73.21614,-37.27362],[-73.21188,-37.27551],[-73.20891,-37.2793],[-73.2103,-37.29136],[-73.21224,-37.29495],[-73.21499,-37.29683]]}},{"id":"10226","type":"Feature","properties":{"ROL":"P-192","NOMBRE_CAMINO":"Cruce P-346 (Conumo Bajo) - Cruce P-194 (Molino El Sol)","CLASIFICACION":"Camino Regional Comunal","CALZADA":null,"tmda":null},"geometry":{"type":"LineString","coordinates":[[-73.21499,-37.29683],[-73.21148,-37.30779],[-73.2129,-37.30944]]}},{"id":"10227","type":"Feature","properties":{"ROL":"P-194","NOMBRE_CAMINO":"Cruce P-346 (Molino El Sol) - Alto Ramadilla","CLASIFICACION":"Camino Regional Comunal","CALZADA":null,"tmda":null},"geometry":{"type":"LineString","coordinates":[[-73.23706,-37.29217],[-73.23099,-37.29845],[-73.22689,-37.30014],[-73.22688,-37.30436],[-73.22237,-37.30553],[-73.21852,-37.30878],[-73.21007,-37.30975],[-73.20773,-37.31234],[-73.20093,-37.31472],[-73.20059,-37.31807],[-73.20173,-37.31936]]}},{"id":"10228","type":"Feature","properties":{"ROL":"P-240","NOMBRE_CAMINO":"Cruce P-180 (Carampangue) - Pichilo","CLASIFICACION":"Camino Regional Comunal","CALZADA":null,"tmda":null},"geometry":{"type":"LineString","coordinates":[[-73.23588,-37.25611],[-73.22437,-37.25921],[-73.21882,-37.26493],[-73.19774,-37.26944],[-73.1936,-37.27152]]}},{"id":"10229","type":"Feature","properties":{"ROL":"P-346","NOMBRE_CAMINO":"Cruce P-240 (Conumo) - Ramadilla","CLASIFICACION":"Camino Regional Comunal","CALZADA":null,"tmda":null},"geometry":{"type":"LineString","coordinates":[[-73.22888,-37.27953],[-73.23307,-37.28338],[-73.23231,-37.28553],[-73.2301,-37.28518],[-73.22931,-37.2875],[-73.23235,-37.28802],[-73.23593,-37.29069]]}},{"id":"10230","type":"Feature","properties":{"ROL":"Q-44-P","NOMBRE_CAMINO":"Cruce Ruta 156 (Nacimiento) - Choroico - Potrerillos - Cruce Ruta 160 (Curanilahue)","CLASIFICACION":"Camino Regional Principal","CALZADA":null,"tmda":null},"geometry":{"type":"LineString","coordinates":[[-72.67562,-37.50823],[-72.67577,-37.50935],[-72.68278,-37.51169],[-72.6922,-37.51254],[-72.69275,-37.5175],[-72.69688,-37.52439],[-72.7021,-37.52976],[-72.70218,-37.53206],[-72.70572,-37.53458],[-72.70521,-37.53169],[-72.70769,-37.52979],[-72.70781,-37.53216],[-72.71075,-37.53408],[-72.7101,-37.5353],[-72.71135,-37.53649],[-72.70921,-37.53657],[-72.70885,-37.53832],[-72.71176,-37.53921],[-72.70633,-37.54654],[-72.70836,-37.54794],[-72.7082,-37.5502],[-72.71084,-37.55116],[-72.70982,-37.5545],[-72.71313,-37.55864],[-72.71838,-37.55752],[-72.72175,-37.5605],[-72.72893,-37.56044],[-72.72995,-37.56213],[-72.73206,-37.56067],[-72.73518,-37.56156],[-72.73361,-37.55609],[-72.73593,-37.55586],[-72.73772,-37.55209],[-72.73958,-37.55217],[-72.74049,-37.55044],[-72.74164,-37.55095],[-72.74119,-37.54943],[-72.74439,-37.54716],[-72.75155,-37.54647],[-72.76247,-37.53919],[-72.77105,-37.54208],[-72.77174,-37.54424],[-72.77922,-37.54592],[-72.78328,-37.54454],[-72.78706,-37.54083],[-72.79081,-37.53994],[-72.7976,-37.54358],[-72.80697,-37.54559],[-72.80938,-37.54799],[-72.8158,-37.549],[-72.81849,-37.54639],[-72.8259,-37.54341],[-72.82667,-37.54108],[-72.82901,-37.54157],[-72.83327,-37.53995],[-72.84546,-37.54364],[-72.85572,-37.53895],[-72.86396,-37.54033],[-72.86641,-37.53937],[-72.86508,-37.53868],[-72.86593,-37.53778],[-72.86889,-37.53671],[-72.87185,-37.53775],[-72.87151,-37.53666],[-72.87396,-37.53531],[-72.88028,-37.53627],[-72.88039,-37.5341],[-72.88477,-37.53346],[-72.88789,-37.53466],[-72.88996,-37.5311],[-72.89157,-37.53229],[-72.89478,-37.5306],[-72.89734,-37.53091],[-72.90404,-37.5267],[-72.90438,-37.52867],[-72.90753,-37.52632],[-72.90529,-37.52428],[-72.90562,-37.52325],[-72.91009,-37.52091],[-72.91393,-37.52263],[-72.91556,-37.51902],[-72.91921,-37.51854],[-72.91953,-37.51669],[-72.92225,-37.51468],[-72.92558,-37.5147],[-72.92805,-37.51731],[-72.93088,-37.51541],[-72.93115,-37.51752],[-72.93312,-37.51732],[-72.93534,-37.51913],[-72.93806,-37.51696],[-72.94282,-37.51704],[-72.94651,-37.52087],[-72.95803,-37.51966],[-72.95909,-37.51804],[-72.96175,-37.51881],[-72.96415,-37.51731],[-72.96511,-37.51997],[-72.96961,-37.52384],[-72.97189,-37.52408],[-72.97445,-37.52174],[-72.97575,-37.52261],[-72.9777,-37.52158],[-72.97899,-37.5238],[-72.98139,-37.52306],[-72.9806,-37.52438],[-72.98173,-37.52595],[-72.9828,-37.52296],[-72.99551,-37.5198],[-72.99693,-37.52241],[-72.99857,-37.52189],[-73.00313,-37.52357],[-73.01428,-37.52227],[-73.01588,-37.52369],[-73.02351,-37.52219],[-73.02644,-37.52345],[-73.02531,-37.52439],[-73.02565,-37.52852],[-73.03016,-37.53342],[-73.03441,-37.5337],[-73.03511,-37.53044],[-73.037,-37.53073]]}},{"id":"10231","type":"Feature","properties":{"ROL":"S/R-Q-460","NOMBRE_CAMINO":"Cruce Ruta 156 (San José) - Carrizal - Cruce Q-44-P (Río Cifuentes)","CLASIFICACION":"Camino Regional Comunal","CALZADA":null,"tmda":null},"geometry":{"type":"LineString","coordinates":[[-72.88103,-37.46328],[-72.87899,-37.47119],[-72.88125,-37.47137],[-72.88193,-37.47309],[-72.88776,-37.47399],[-72.88862,-37.47637],[-72.89179,-37.47732],[-72.8974,-37.48158],[-72.9015,-37.48247],[-72.92195,-37.48058],[-72.92727,-37.48184],[-72.93795,-37.48767],[-72.95161,-37.48998],[-72.96554,-37.49035],[-72.96816,-37.4932],[-72.97599,-37.49618],[-72.987,-37.49743],[-73.00126,-37.49571],[-73.00479,-37.49657],[-73.006,-37.4985],[-73.01204,-37.49841],[-73.01663,-37.50567],[-73.02441,-37.50843],[-73.02694,-37.51308],[-73.03352,-37.51635],[-73.03797,-37.51673],[-73.04078,-37.52218],[-73.03469,-37.52902],[-73.03706,-37.53078]]}},{"id":"10232","type":"Feature","properties":{"ROL":"S/R-Q-464","NOMBRE_CAMINO":"Cruce Q-44-P (Choroico) - Los Guindos - Palos Quemados","CLASIFICACION":"Camino Regional de Acceso (En Proceso de Enrolamiento)","CALZADA":null,"tmda":null},"geometry":{"type":"LineString","coordinates":[[-72.88122,-37.53395],[-72.88516,-37.53424],[-72.88473,-37.53543],[-72.89029,-37.54258],[-72.89734,-37.54427],[-72.89972,-37.54381],[-72.90187,-37.54091],[-72.90468,-37.54012],[-72.90828,-37.53695],[-72.9185,-37.53256],[-72.92603,-37.53304],[-72.93135,-37.53522],[-72.95162,-37.53592],[-72.96496,-37.54273],[-72.98993,-37.54275],[-72.99858,-37.54687],[-73.00246,-37.54481],[-73.0078,-37.54837],[-73.01265,-37.54985],[-73.01554,-37.55365],[-73.0144,-37.55809],[-73.02589,-37.56337],[-73.02713,-37.56946],[-73.02995,-37.57123]]}},{"id":"10233","type":"Feature","properties":{"ROL":"P-510","NOMBRE_CAMINO":"Cruce P-60-R (Antihuala) - Caramávida - San Alfonso - Cruce Q-44-P (Piedra El Puma)","CLASIFICACION":"Camino Regional Comunal","CALZADA":null,"tmda":null},"geometry":{"type":"LineString","coordinates":[[-73.38798,-37.67548],[-73.3783,-37.68622],[-73.37034,-37.69085],[-73.34183,-37.6902]]}},{"id":"10234","type":"Feature","properties":{"ROL":"P-508","NOMBRE_CAMINO":"Cruce P-510 (Caramávida) - Epumallín","CLASIFICACION":"Camino Regional Comunal","CALZADA":null,"tmda":null},"geometry":{"type":"LineString","coordinates":[[-73.36131,-37.69112],[-73.34958,-37.69416],[-73.34811,-37.69789],[-73.34264,-37.70239],[-73.34203,-37.70618],[-73.33483,-37.71208]]}},{"id":"10235","type":"Feature","properties":{"ROL":"P-508","NOMBRE_CAMINO":"Cruce P-510 (Caramávida) - Epumallín","CLASIFICACION":"Camino Regional Comunal","CALZADA":null,"tmda":null},"geometry":{"type":"LineString","coordinates":[[-73.33483,-37.71208],[-73.32439,-37.71687]]}},{"id":"10236","type":"Feature","properties":{"ROL":"P-424","NOMBRE_CAMINO":"Cruce P-410 (Curanilahue) - Trongol Bajo","CLASIFICACION":"Camino Regional Comunal","CALZADA":null,"tmda":null},"geometry":{"type":"LineString","coordinates":[[-73.35151,-37.47722],[-73.35272,-37.48038],[-73.35119,-37.48393],[-73.35396,-37.48805],[-73.34849,-37.49741],[-73.34877,-37.50113],[-73.34759,-37.50531],[-73.34603,-37.50649],[-73.34616,-37.50982],[-73.34856,-37.51207],[-73.34978,-37.51718],[-73.35229,-37.52026],[-73.35464,-37.52882],[-73.35705,-37.53027]]}},{"id":"10237","type":"Feature","properties":{"ROL":"P-404","NOMBRE_CAMINO":"Curanilahue (Puente Dos) - Cruce P-424 (Plegarias)","CLASIFICACION":"Camino Regional Comunal","CALZADA":null,"tmda":null},"geometry":{"type":"LineString","coordinates":[[-73.34559,-37.48405],[-73.34401,-37.49209],[-73.34139,-37.49417],[-73.34015,-37.50146],[-73.34274,-37.51045],[-73.3459,-37.51412],[-73.34649,-37.51733]]}},{"id":"10238","type":"Feature","properties":{"ROL":"P-302-O","NOMBRE_CAMINO":"Cruce Calle Caupolicán (Curanilahue) - Mundo Nuevo - Cruce O-940-P (Los Cruceros)","CLASIFICACION":"Camino Regional Provincial","CALZADA":null,"tmda":438.0},"geometry":{"type":"LineString","coordinates":[[-73.34336,-37.47294],[-73.34014,-37.47332],[-73.33665,-37.47181],[-73.33018,-37.47492],[-73.32143,-37.4727],[-73.31282,-37.47658],[-73.30213,-37.47393],[-73.28998,-37.46759],[-73.28939,-37.46071],[-73.28628,-37.45296],[-73.27057,-37.4481],[-73.26681,-37.44438],[-73.2606,-37.44325],[-73.25107,-37.44465],[-73.22821,-37.43851],[-73.22595,-37.43629],[-73.22622,-37.43451],[-73.22199,-37.43428],[-73.22173,-37.4318],[-73.21762,-37.42979],[-73.21572,-37.42563],[-73.2109,-37.42179],[-73.20789,-37.42547],[-73.20549,-37.42601]]}},{"id":"10239","type":"Feature","properties":{"ROL":"O-940-P","NOMBRE_CAMINO":"Cruce Ruta 156 (Chacay) - Espigado - Cabrera - Cruce P-302-O (Las Cachañas)","CLASIFICACION":"Camino Regional Comunal","CALZADA":null,"tmda":null},"geometry":{"type":"LineString","coordinates":[[-72.92785,-37.33292],[-72.92998,-37.34053],[-72.93772,-37.34771],[-72.93656,-37.3532],[-72.93685,-37.36151],[-72.9358,-37.36323],[-72.94338,-37.36323],[-72.94989,-37.36835],[-72.94672,-37.37682],[-72.95226,-37.37914],[-72.95607,-37.37933],[-72.96146,-37.38314],[-72.96472,-37.38374],[-72.98025,-37.39175],[-72.98639,-37.39254],[-72.98932,-37.39461],[-73.00168,-37.39743],[-73.00526,-37.40032],[-73.01259,-37.39741],[-73.01075,-37.39335],[-73.01107,-37.39067],[-73.00748,-37.38833],[-73.01286,-37.38584],[-73.01714,-37.3855],[-73.02388,-37.38683],[-73.02588,-37.38901],[-73.03202,-37.39096],[-73.03418,-37.39465],[-73.03878,-37.39353],[-73.04403,-37.3941],[-73.04955,-37.39239],[-73.05089,-37.39397],[-73.05451,-37.39492],[-73.0593,-37.39939],[-73.06557,-37.3997],[-73.06893,-37.40179],[-73.07424,-37.39927],[-73.07723,-37.39945],[-73.08253,-37.39615],[-73.09067,-37.39775],[-73.09604,-37.3949],[-73.1019,-37.39392],[-73.10703,-37.39479],[-73.1087,-37.39318],[-73.11487,-37.39371],[-73.1165,-37.39221],[-73.12205,-37.39134],[-73.12624,-37.3916],[-73.12537,-37.39449]]}},{"id":"10240","type":"Feature","properties":{"ROL":"O-940-P","NOMBRE_CAMINO":"Cruce Ruta 156 (Chacay) - Espigado - Cabrera - Cruce P-302-O (Las Cachañas)","CLASIFICACION":"Camino Regional Comunal","CALZADA":null,"tmda":null},"geometry":{"type":"LineString","coordinates":[[-72.92208,-37.31689],[-72.92202,-37.32535],[-72.92731,-37.33043],[-72.92785,-37.33292]]}},{"id":"10241","type":"Feature","properties":{"ROL":"P-240","NOMBRE_CAMINO":"Cruce P-180 (Carampangue) - Pichilo","CLASIFICACION":"Camino Regional Comunal","CALZADA":null,"tmda":null},"geometry":{"type":"LineString","coordinates":[[-73.1936,-37.27152],[-73.19162,-37.27293],[-73.17557,-37.27211],[-73.16499,-37.27418],[-73.16156,-37.27603],[-73.15727,-37.27593]]}},{"id":"10242","type":"Feature","properties":{"ROL":"P-188","NOMBRE_CAMINO":"Cruce P-182 (Chillancito) - Los Chupones","CLASIFICACION":"Camino Regional Comunal","CALZADA":null,"tmda":null},"geometry":{"type":"LineString","coordinates":[[-73.21099,-37.24631],[-73.20161,-37.24732]]}},{"id":"10243","type":"Feature","properties":{"ROL":"P-180","NOMBRE_CAMINO":"La Meseta - Cruce P-182 (Los Silos)","CLASIFICACION":"Camino Regional Comunal","CALZADA":null,"tmda":null},"geometry":{"type":"LineString","coordinates":[[-73.23792,-37.25701],[-73.23245,-37.25532]]}},{"id":"10244","type":"Feature","properties":{"ROL":"P-196","NOMBRE_CAMINO":"Cruce P-302-O (Mundo Nuevo) - Quilachanquín - Puente Ramadilla","CLASIFICACION":"Camino Regional Comunal","CALZADA":null,"tmda":null},"geometry":{"type":"LineString","coordinates":[[-73.20359,-37.41831],[-73.2058,-37.41249],[-73.20727,-37.41046],[-73.21096,-37.40959],[-73.21075,-37.40816],[-73.21679,-37.40657],[-73.22057,-37.40318],[-73.22338,-37.40375],[-73.22948,-37.40175],[-73.23284,-37.40321],[-73.23555,-37.39946],[-73.24097,-37.39866],[-73.24318,-37.39699],[-73.2466,-37.39766],[-73.25512,-37.39592],[-73.25606,-37.39504],[-73.25547,-37.39295],[-73.26117,-37.38674],[-73.26284,-37.38888],[-73.27355,-37.3864],[-73.28008,-37.38856]]}},{"id":"10245","type":"Feature","properties":{"ROL":"P-180","NOMBRE_CAMINO":"La Meseta - Cruce P-182 (Los Silos)","CLASIFICACION":"Camino Regional Comunal","CALZADA":null,"tmda":null},"geometry":{"type":"LineString","coordinates":[[-73.22433,-37.25311],[-73.22095,-37.25219],[-73.21874,-37.25369]]}},{"id":"10246","type":"Feature","properties":{"ROL":"P-182","NOMBRE_CAMINO":"Cruce P-240 (Conumo) - La Meseta - Horcones","CLASIFICACION":"Camino Regional Comunal","CALZADA":null,"tmda":null},"geometry":{"type":"LineString","coordinates":[[-73.22145,-37.26231],[-73.22111,-37.25752],[-73.21874,-37.25369]]}},{"id":"10247","type":"Feature","properties":{"ROL":"P-182","NOMBRE_CAMINO":"Cruce P-240 (Conumo) - La Meseta - Horcones","CLASIFICACION":"Camino Regional Comunal","CALZADA":null,"tmda":null},"geometry":{"type":"LineString","coordinates":[[-73.21874,-37.25369],[-73.21513,-37.25162],[-73.211,-37.24632]]}},{"id":"10248","type":"Feature","properties":{"ROL":"P-346","NOMBRE_CAMINO":"Cruce P-240 (Conumo) - Ramadilla","CLASIFICACION":"Camino Regional Comunal","CALZADA":null,"tmda":null},"geometry":{"type":"LineString","coordinates":[[-73.21944,-37.26462],[-73.22278,-37.26479],[-73.22445,-37.26686],[-73.22418,-37.27288],[-73.22702,-37.27668],[-73.22624,-37.27828],[-73.22888,-37.27953]]}},{"id":"10249","type":"Feature","properties":{"ROL":"P-346","NOMBRE_CAMINO":"Cruce P-240 (Conumo) - Ramadilla","CLASIFICACION":"Camino Regional Comunal","CALZADA":null,"tmda":null},"geometry":{"type":"LineString","coordinates":[[-73.23593,-37.29069],[-73.23703,-37.29504],[-73.24491,-37.29888],[-73.24641,-37.30077]]}},{"id":"10250","type":"Feature","properties":{"ROL":"P-346","NOMBRE_CAMINO":"Cruce P-240 (Conumo) - Ramadilla","CLASIFICACION":"Camino Regional Comunal","CALZADA":null,"tmda":null},"geometry":{"type":"LineString","coordinates":[[-73.24641,-37.30077],[-73.24746,-37.30276],[-73.25316,-37.30421]]}},{"id":"10251","type":"Feature","properties":{"ROL":"P-504","NOMBRE_CAMINO":"Isla Mocha, Sector Parcela 23 - Parcela 24A","CLASIFICACION":"Camino Regional Comunal","CALZADA":null,"tmda":null},"geometry":{"type":"LineString","coordinates":[[-73.92823,-38.39192],[-73.9275,-38.40715],[-73.92631,-38.40916],[-73.91034,-38.40843],[-73.90276,-38.41255],[-73.89748,-38.41301],[-73.88935,-38.41624],[-73.8844,-38.41458],[-73.87912,-38.40312],[-73.87453,-38.39943],[-73.87171,-38.39484],[-73.87373,-38.3839],[-73.88074,-38.37729],[-73.89374,-38.36826],[-73.90119,-38.35685],[-73.91356,-38.34477],[-73.90992,-38.34189],[-73.92233,-38.33412],[-73.94092,-38.33209],[-73.94335,-38.33572],[-73.94346,-38.3433],[-73.9461,-38.34788],[-73.94473,-38.34991],[-73.94595,-38.3521],[-73.9438,-38.3531],[-73.94405,-38.35441]]}},{"id":"10252","type":"Feature","properties":{"ROL":"P-504","NOMBRE_CAMINO":"Isla Mocha, Sector Parcela 23 - Parcela 24A","CLASIFICACION":"Camino Regional Comunal","CALZADA":null,"tmda":null},"geometry":{"type":"LineString","coordinates":[[-73.94405,-38.35441],[-73.94595,-38.35695],[-73.94568,-38.3611],[-73.94367,-38.36194],[-73.94149,-38.37226],[-73.93562,-38.37903],[-73.93498,-38.38299]]}},{"id":"10253","type":"Feature","properties":{"ROL":"P-790","NOMBRE_CAMINO":"Cruce P-800-R - Chacras Buenas","CLASIFICACION":"Camino Regional de Acceso","CALZADA":null,"tmda":null},"geometry":{"type":"LineString","coordinates":[[-73.21027,-38.05397],[-73.20731,-38.06334],[-73.20277,-38.0653],[-73.20245,-38.06697],[-73.20084,-38.06759],[-73.20188,-38.06796],[-73.19825,-38.06772],[-73.19571,-38.07152],[-73.19011,-38.07257],[-73.18707,-38.07682],[-73.17595,-38.07912],[-73.17291,-38.08331],[-73.17333,-38.08468],[-73.16961,-38.08476],[-73.16614,-38.08835]]}},{"id":"10254","type":"Feature","properties":{"ROL":"P-1570","NOMBRE_CAMINO":"Cruce Ruta 160 - Cruce P-470","CLASIFICACION":"Camino Regional Comunal","CALZADA":null,"tmda":null},"geometry":{"type":"LineString","coordinates":[[-73.5255,-37.67161],[-73.52677,-37.67087]]}},{"id":"10255","type":"Feature","properties":{"ROL":"P-1460","NOMBRE_CAMINO":"Cruce P-470 -  Cruce P-1570 (Pehuen)","CLASIFICACION":"Camino Regional Comunal","CALZADA":null,"tmda":null},"geometry":{"type":"LineString","coordinates":[[-73.52552,-37.67015],[-73.52581,-37.67097]]}},{"id":"10256","type":"Feature","properties":{"ROL":"P-448-R","NOMBRE_CAMINO":"Cruce R-42 (Purén) - Melinchique - Cruce P-712 (Licauquén), Sector: Límite Regional - Licauquén","CLASIFICACION":"Camino Regional Provincial","CALZADA":null,"tmda":null},"geometry":{"type":"LineString","coordinates":[[-73.11112,-38.08553],[-73.11836,-38.0946],[-73.11581,-38.095],[-73.11539,-38.0963],[-73.11692,-38.09758],[-73.11244,-38.09839],[-73.11152,-38.09921],[-73.11248,-38.09998],[-73.11072,-38.10009],[-73.11238,-38.10105],[-73.11136,-38.10182],[-73.11779,-38.10404],[-73.11802,-38.10682],[-73.11965,-38.1061],[-73.12561,-38.10816],[-73.12779,-38.10687],[-73.12939,-38.1107],[-73.1538,-38.10869],[-73.16201,-38.11239],[-73.16501,-38.11606],[-73.16532,-38.11394],[-73.16699,-38.11652],[-73.16818,-38.11475],[-73.16876,-38.11699],[-73.17651,-38.11965],[-73.17639,-38.11775],[-73.18063,-38.12113],[-73.18058,-38.12347],[-73.18437,-38.12369],[-73.18769,-38.12639]]}},{"id":"10257","type":"Feature","properties":{"ROL":"P-468","NOMBRE_CAMINO":"Cruce P-464 (Los Álamos) - Vado Las Rosas - Cruce P-464 (Los Cambuchos)","CLASIFICACION":"Camino Regional Comunal","CALZADA":null,"tmda":null},"geometry":{"type":"LineString","coordinates":[[-73.4992,-37.60561],[-73.49986,-37.60408],[-73.50636,-37.60245],[-73.51257,-37.59882],[-73.51564,-37.59215],[-73.51192,-37.58039],[-73.50309,-37.56613],[-73.4962,-37.56154]]}},{"id":"10258","type":"Feature","properties":{"ROL":"P-300","NOMBRE_CAMINO":"Cruce P-280 - Albarrada - Cruce P-230 (Villa Alegre)","CLASIFICACION":"Camino Regional Comunal","CALZADA":null,"tmda":null},"geometry":{"type":"LineString","coordinates":[[-73.37618,-37.31908],[-73.37769,-37.31948],[-73.37699,-37.32018],[-73.3823,-37.32041]]}},{"id":"10259","type":"Feature","properties":{"ROL":"P-300","NOMBRE_CAMINO":"Cruce P-280 - Albarrada - Cruce P-230 (Villa Alegre)","CLASIFICACION":"Camino Regional Comunal","CALZADA":null,"tmda":null},"geometry":{"type":"LineString","coordinates":[[-73.36495,-37.30642],[-73.36826,-37.31075]]}},{"id":"10260","type":"Feature","properties":{"ROL":"P-348","NOMBRE_CAMINO":"Cruce P-40 (Centinela) - Cruce P-360 (Anguillas)","CLASIFICACION":"Camino Regional Comunal","CALZADA":null,"tmda":null},"geometry":{"type":"LineString","coordinates":[[-73.43381,-37.32884],[-73.43687,-37.33546],[-73.44535,-37.33833]]}},{"id":"10261","type":"Feature","properties":{"ROL":"P-348","NOMBRE_CAMINO":"Cruce P-40 (Centinela) - Cruce P-360 (Anguillas)","CLASIFICACION":"Camino Regional Comunal","CALZADA":null,"tmda":null},"geometry":{"type":"LineString","coordinates":[[-73.44535,-37.33833],[-73.45523,-37.34161]]}},{"id":"10262","type":"Feature","properties":{"ROL":"P-714","NOMBRE_CAMINO":"Cruce P-800-R (Pata de Gallina) - Cruce P-624-R (Huillinco)","CLASIFICACION":"Camino Regional Comunal","CALZADA":null,"tmda":null},"geometry":{"type":"LineString","coordinates":[[-73.23184,-38.05742],[-73.23086,-38.05789],[-73.23051,-38.06248],[-73.23236,-38.07182],[-73.24006,-38.07464],[-73.24278,-38.07443],[-73.25133,-38.07839],[-73.25744,-38.07938]]}},{"id":"10263","type":"Feature","properties":{"ROL":"P-550","NOMBRE_CAMINO":"Cruce Ruta 160 (Los Álamos) - Ranquilco","CLASIFICACION":"Camino Regional Comunal","CALZADA":null,"tmda":null},"geometry":{"type":"LineString","coordinates":[[-73.47435,-37.63053],[-73.47881,-37.64806],[-73.47823,-37.65458],[-73.48103,-37.6593],[-73.48222,-37.66509],[-73.4861,-37.66804],[-73.49146,-37.67674],[-73.48865,-37.68485],[-73.50466,-37.72022],[-73.50658,-37.73009]]}},{"id":"10264","type":"Feature","properties":{"ROL":"P-550","NOMBRE_CAMINO":"Cruce Ruta 160 (Los Álamos) - Ranquilco","CLASIFICACION":"Camino Regional Comunal","CALZADA":null,"tmda":null},"geometry":{"type":"LineString","coordinates":[[-73.52958,-37.78254],[-73.53554,-37.79155]]}},{"id":"10265","type":"Feature","properties":{"ROL":"P-602","NOMBRE_CAMINO":"Cruce P-60-R - Reputo","CLASIFICACION":"Camino Regional Comunal","CALZADA":null,"tmda":1003.0},"geometry":{"type":"LineString","coordinates":[[-73.39334,-37.82458],[-73.38842,-37.82351],[-73.38166,-37.8257],[-73.37964,-37.82928],[-73.36931,-37.83173],[-73.36449,-37.82826],[-73.35349,-37.83471]]}},{"id":"10266","type":"Feature","properties":{"ROL":"P-516","NOMBRE_CAMINO":"Cruce P-60-R (Las Misiones) - Cruce P-560 (Santa Clara)","CLASIFICACION":"Camino Regional Comunal","CALZADA":null,"tmda":null},"geometry":{"type":"LineString","coordinates":[[-73.36724,-37.781],[-73.3567,-37.78728],[-73.35488,-37.79332]]}},{"id":"10267","type":"Feature","properties":{"ROL":"P-770-S","NOMBRE_CAMINO":"Cruce P-72-S (Primera Agua) - Alto Quilantahue - Cruce S-72-P (La Suerte), Sector: Primera Agua - Límite Regional","CLASIFICACION":"Camino Regional Provincial","CALZADA":null,"tmda":null},"geometry":{"type":"LineString","coordinates":[[-73.49854,-38.40203],[-73.49169,-38.41034]]}},{"id":"10268","type":"Feature","properties":{"ROL":"P-90-R","NOMBRE_CAMINO":"Cruce R-86 (Traiguén) - Lumaco - Capitán Pastene - Cruce P-72-S (Quidico), Sector: Límite Regional - Quidico","CLASIFICACION":"Camino Regional Principal","CALZADA":null,"tmda":214.0},"geometry":{"type":"LineString","coordinates":[[-73.48446,-38.25127],[-73.48337,-38.24865],[-73.48414,-38.24736]]}},{"id":"10269","type":"Feature","properties":{"ROL":"P-312","NOMBRE_CAMINO":"Cruce P-280 (Pemerehue) - Loma Larga - Cruce P-316 (Quelén Quelén)","CLASIFICACION":"Camino Regional Comunal","CALZADA":null,"tmda":null},"geometry":{"type":"LineString","coordinates":[[-73.35972,-37.26253],[-73.37016,-37.27556]]}},{"id":"10270","type":"Feature","properties":{"ROL":"P-610","NOMBRE_CAMINO":"Cruce P-500 - Cruce P-630 (Pangueco)","CLASIFICACION":"Camino Regional Comunal","CALZADA":null,"tmda":null},"geometry":{"type":"LineString","coordinates":[[-73.4269,-37.8054],[-73.43177,-37.81204],[-73.44531,-37.80885],[-73.45031,-37.80938]]}},{"id":"10271","type":"Feature","properties":{"ROL":"P-480","NOMBRE_CAMINO":"Cruce P-490 (El Rosal) - Cruce P-40 (Lebu)","CLASIFICACION":"Camino Regional Comunal","CALZADA":null,"tmda":null},"geometry":{"type":"LineString","coordinates":[[-73.61315,-37.63189],[-73.61691,-37.63213],[-73.62085,-37.63487],[-73.62363,-37.63428]]}},{"id":"10272","type":"Feature","properties":{"ROL":"P-480","NOMBRE_CAMINO":"Cruce P-490 (El Rosal) - Cruce P-40 (Lebu)","CLASIFICACION":"Camino Regional Comunal","CALZADA":null,"tmda":null},"geometry":{"type":"LineString","coordinates":[[-73.62363,-37.63428],[-73.62863,-37.63342]]}},{"id":"10273","type":"Feature","properties":{"ROL":"P-560","NOMBRE_CAMINO":"Cruce P-60-R (Cañete) - Cayucupil - Butamalal - Cruce P-670-R (Provoque)","CLASIFICACION":"Camino Regional Comunal","CALZADA":null,"tmda":779.0},"geometry":{"type":"LineString","coordinates":[[-73.24803,-37.81676],[-73.24437,-37.82058],[-73.23553,-37.82247],[-73.2312,-37.82753],[-73.23136,-37.8304],[-73.22952,-37.83213]]}},{"id":"10274","type":"Feature","properties":{"ROL":"P-300","NOMBRE_CAMINO":"Cruce P-280 - Albarrada - Cruce P-230 (Villa Alegre)","CLASIFICACION":"Camino Regional Comunal","CALZADA":null,"tmda":null},"geometry":{"type":"LineString","coordinates":[[-73.3823,-37.32041],[-73.38672,-37.32399]]}},{"id":"10275","type":"Feature","properties":{"ROL":"P-300","NOMBRE_CAMINO":"Cruce P-280 - Albarrada - Cruce P-230 (Villa Alegre)","CLASIFICACION":"Camino Regional Comunal","CALZADA":null,"tmda":null},"geometry":{"type":"LineString","coordinates":[[-73.36826,-37.31075],[-73.37093,-37.31744],[-73.37618,-37.31908]]}},{"id":"10276","type":"Feature","properties":{"ROL":"P-770-S","NOMBRE_CAMINO":"Cruce P-72-S (Primera Agua) - Alto Quilantahue - Cruce S-72-P (La Suerte), Sector: Primera Agua - Límite Regional","CLASIFICACION":"Camino Regional Provincial","CALZADA":null,"tmda":null},"geometry":{"type":"LineString","coordinates":[[-73.48152,-38.45701],[-73.48231,-38.45981],[-73.48069,-38.46283],[-73.47673,-38.46614],[-73.4715,-38.46621]]}},{"id":"10277","type":"Feature","properties":{"ROL":"P-770-S","NOMBRE_CAMINO":"Cruce P-72-S (Primera Agua) - Alto Quilantahue - Cruce S-72-P (La Suerte), Sector: Primera Agua - Límite Regional","CLASIFICACION":"Camino Regional Provincial","CALZADA":null,"tmda":null},"geometry":{"type":"LineString","coordinates":[[-73.47895,-38.43366],[-73.48079,-38.43527],[-73.48133,-38.44123],[-73.4788,-38.44701],[-73.47545,-38.44812],[-73.47632,-38.45146],[-73.48152,-38.45701]]}},{"id":"10278","type":"Feature","properties":{"ROL":"P-358","NOMBRE_CAMINO":"Cruce P-40 (Frutillar) - Locobe","CLASIFICACION":"Camino Regional Comunal","CALZADA":null,"tmda":null},"geometry":{"type":"LineString","coordinates":[[-73.55853,-37.34212],[-73.56395,-37.35039],[-73.56357,-37.35991],[-73.56493,-37.36635],[-73.57033,-37.37088]]}},{"id":"10279","type":"Feature","properties":{"ROL":"P-364","NOMBRE_CAMINO":"Cruce P-40 (Los Chupones) - Lingue - Cruce P-348 (Merilupo)","CLASIFICACION":"Camino Regional Comunal","CALZADA":null,"tmda":null},"geometry":{"type":"LineString","coordinates":[[-73.45895,-37.31639],[-73.45237,-37.31324],[-73.44767,-37.30803],[-73.44284,-37.30552],[-73.44007,-37.30084]]}},{"id":"10280","type":"Feature","properties":{"ROL":"P-800-R","NOMBRE_CAMINO":"Cruce R-60-P (Manzanar) - Cruce P-72-S (Antiquina), Sector: Limite Regional - Antiquina","CLASIFICACION":"Camino Regional Provincial","CALZADA":null,"tmda":100.0},"geometry":{"type":"LineString","coordinates":[[-73.20216,-38.0527],[-73.22507,-38.0549]]}},{"id":"10281","type":"Feature","properties":{"ROL":"P-800-R","NOMBRE_CAMINO":"Cruce R-60-P (Manzanar) - Cruce P-72-S (Antiquina), Sector: Limite Regional - Antiquina","CLASIFICACION":"Camino Regional Provincial","CALZADA":null,"tmda":100.0},"geometry":{"type":"LineString","coordinates":[[-73.22507,-38.0549],[-73.23185,-38.05742]]}},{"id":"10282","type":"Feature","properties":{"ROL":"P-90-R","NOMBRE_CAMINO":"Cruce R-86 (Traiguén) - Lumaco - Capitán Pastene - Cruce P-72-S (Quidico), Sector: Límite Regional - Quidico","CLASIFICACION":"Camino Regional Principal","CALZADA":null,"tmda":214.0},"geometry":{"type":"LineString","coordinates":[[-73.41353,-38.26481],[-73.42596,-38.26786],[-73.43193,-38.26651],[-73.43546,-38.26836],[-73.43904,-38.26474],[-73.44365,-38.2626],[-73.44542,-38.25846],[-73.45074,-38.25631],[-73.45497,-38.25716],[-73.45813,-38.2564],[-73.46242,-38.25299],[-73.46631,-38.25471],[-73.46864,-38.25368],[-73.47943,-38.25487],[-73.48163,-38.2523],[-73.48446,-38.25127]]}},{"id":"10283","type":"Feature","properties":{"ROL":"P-90-R","NOMBRE_CAMINO":"Cruce R-86 (Traiguén) - Lumaco - Capitán Pastene - Cruce P-72-S (Quidico), Sector: Límite Regional - Quidico","CLASIFICACION":"Camino Regional Principal","CALZADA":null,"tmda":214.0},"geometry":{"type":"LineString","coordinates":[[-73.39171,-38.26825],[-73.39414,-38.26554],[-73.39984,-38.26559],[-73.40496,-38.26282],[-73.41353,-38.26481]]}},{"id":"10284","type":"Feature","properties":{"ROL":"P-630","NOMBRE_CAMINO":"Cruce P-500 (Licauquén) - Ponotro - Paicaví","CLASIFICACION":"Camino Regional Comunal","CALZADA":null,"tmda":null},"geometry":{"type":"LineString","coordinates":[[-73.42296,-37.84589],[-73.42366,-37.84964],[-73.42647,-37.85201],[-73.43565,-37.85537],[-73.44181,-37.86089],[-73.44222,-37.8622],[-73.44014,-37.86377],[-73.44092,-37.86636],[-73.44616,-37.87299],[-73.44897,-37.8791],[-73.44723,-37.8823],[-73.44801,-37.88891]]}},{"id":"10285","type":"Feature","properties":{"ROL":"P-630","NOMBRE_CAMINO":"Cruce P-500 (Licauquén) - Ponotro - Paicaví","CLASIFICACION":"Camino Regional Comunal","CALZADA":null,"tmda":null},"geometry":{"type":"LineString","coordinates":[[-73.42322,-37.8438],[-73.42415,-37.84558],[-73.42296,-37.84589]]}},{"id":"10286","type":"Feature","properties":{"ROL":"P-498","NOMBRE_CAMINO":"Cruce P-60-R (Tres Pinos) - Cruce P-60-R (La Araucana)","CLASIFICACION":"Camino Regional Comunal","CALZADA":null,"tmda":null},"geometry":{"type":"LineString","coordinates":[[-73.39264,-37.64792],[-73.39334,-37.65468],[-73.39109,-37.65874]]}},{"id":"10287","type":"Feature","properties":{"ROL":"P-490","NOMBRE_CAMINO":"Cruce Ruta 160 (Santa Rosa) - Pehuén - Cruce P-476 (Curico)","CLASIFICACION":"Camino Regional Comunal","CALZADA":null,"tmda":null},"geometry":{"type":"LineString","coordinates":[[-73.56971,-37.64633],[-73.56536,-37.64487],[-73.56256,-37.64646],[-73.56023,-37.65039],[-73.55405,-37.65215]]}},{"id":"10288","type":"Feature","properties":{"ROL":"P-490","NOMBRE_CAMINO":"Cruce Ruta 160 (Santa Rosa) - Pehuén - Cruce P-476 (Curico)","CLASIFICACION":"Camino Regional Comunal","CALZADA":null,"tmda":null},"geometry":{"type":"LineString","coordinates":[[-73.57345,-37.64906],[-73.56971,-37.64633]]}},{"id":"10289","type":"Feature","properties":{"ROL":"P-654","NOMBRE_CAMINO":"Cruce P-72-S (San Ramón) - Costa","CLASIFICACION":"Camino Regional de Acceso","CALZADA":null,"tmda":null},"geometry":{"type":"LineString","coordinates":[[-73.40615,-38.14174],[-73.41212,-38.14008],[-73.4159,-38.13553]]}},{"id":"10290","type":"Feature","properties":{"ROL":"P-572","NOMBRE_CAMINO":"Cruce P-570 (Pehuén) - Colhue","CLASIFICACION":"Camino Regional de Acceso","CALZADA":null,"tmda":null},"geometry":{"type":"LineString","coordinates":[[-73.53684,-37.69335],[-73.5394,-37.70164],[-73.54583,-37.70862],[-73.55025,-37.72313]]}},{"id":"10291","type":"Feature","properties":{"ROL":"P-304","NOMBRE_CAMINO":"Cruce P-280 (Alto Los Patos) - Pitraleo","CLASIFICACION":"Camino Regional de Acceso","CALZADA":null,"tmda":null},"geometry":{"type":"LineString","coordinates":[[-73.32739,-37.26887],[-73.32265,-37.26978],[-73.32017,-37.27665],[-73.3167,-37.27948]]}},{"id":"10292","type":"Feature","properties":{"ROL":"P-304","NOMBRE_CAMINO":"Cruce P-280 (Alto Los Patos) - Pitraleo","CLASIFICACION":"Camino Regional de Acceso","CALZADA":null,"tmda":null},"geometry":{"type":"LineString","coordinates":[[-73.3167,-37.27948],[-73.31031,-37.2833],[-73.30632,-37.29108],[-73.30364,-37.29371]]}},{"id":"10293","type":"Feature","properties":{"ROL":"P-570","NOMBRE_CAMINO":"Cruce Ruta 160 (Pehuén) - Rucarraqui","CLASIFICACION":"Camino Regional Comunal","CALZADA":null,"tmda":267.0},"geometry":{"type":"LineString","coordinates":[[-73.52808,-37.72119],[-73.54014,-37.7443],[-73.54616,-37.76004],[-73.54634,-37.76604],[-73.5519,-37.77183]]}},{"id":"10294","type":"Feature","properties":{"ROL":"P-570","NOMBRE_CAMINO":"Cruce Ruta 160 (Pehuén) - Rucarraqui","CLASIFICACION":"Camino Regional Comunal","CALZADA":null,"tmda":267.0},"geometry":{"type":"LineString","coordinates":[[-73.5255,-37.67161],[-73.52481,-37.68165],[-73.52333,-37.68504],[-73.52339,-37.69461],[-73.5263,-37.71167]]}},{"id":"10295","type":"Feature","properties":{"ROL":"P-570","NOMBRE_CAMINO":"Cruce Ruta 160 (Pehuén) - Rucarraqui","CLASIFICACION":"Camino Regional Comunal","CALZADA":null,"tmda":267.0},"geometry":{"type":"LineString","coordinates":[[-73.5263,-37.71167],[-73.52808,-37.72119]]}},{"id":"11782","type":"Feature","properties":{"ROL":"Ruta 150","NOMBRE_CAMINO":"Cruce Ruta 146 (Concepción) - Bypass Penco - Tomé","CLASIFICACION":"Camino Nacional","CALZADA":"D","tmda":10299.0},"geometry":{"type":"LineString","coordinates":[[-72.99327,-36.75424],[-72.99236,-36.74929],[-72.98218,-36.73277],[-72.97807,-36.72145],[-72.97479,-36.71952],[-72.97323,-36.70992],[-72.97591,-36.70934],[-72.97577,-36.70449],[-72.97226,-36.70188],[-72.96914,-36.69688],[-72.96912,-36.6937],[-72.96556,-36.6895],[-72.9665,-36.68801],[-72.96315,-36.68713],[-72.9633,-36.6849],[-72.95946,-36.68228],[-72.96037,-36.6795],[-72.95743,-36.67517],[-72.95776,-36.66175],[-72.95396,-36.65599],[-72.95456,-36.6434],[-72.95813,-36.64071],[-72.95792,-36.6385],[-72.95555,-36.63634],[-72.95675,-36.63625],[-72.95519,-36.63606],[-72.9569,-36.63538],[-72.95635,-36.63397]]}},{"id":"11783","type":"Feature","properties":{"ROL":"Ruta 150","NOMBRE_CAMINO":"Cruce Ruta 146 (Concepción) - Bypass Penco - Tomé","CLASIFICACION":"Camino Nacional","CALZADA":null,"tmda":10299.0},"geometry":{"type":"LineString","coordinates":[[-72.95635,-36.63397],[-72.9553,-36.6317],[-72.95598,-36.62942]]}},{"id":"11784","type":"Feature","properties":{"ROL":"Ruta 150","NOMBRE_CAMINO":"Cruce Ruta 146 (Concepción) - Bypass Penco - Tomé","CLASIFICACION":"Camino Nacional","CALZADA":null,"tmda":10299.0},"geometry":{"type":"LineString","coordinates":[[-72.95702,-36.63514],[-72.95605,-36.62942]]}},{"id":"11785","type":"Feature","properties":{"ROL":"Ruta 150","NOMBRE_CAMINO":"Cruce Ruta 146 (Concepción) - Bypass Penco - Tomé","CLASIFICACION":"Camino Nacional","CALZADA":"I","tmda":10299.0},"geometry":{"type":"LineString","coordinates":[[-72.99388,-36.7536],[-72.99237,-36.74912],[-72.99012,-36.74705],[-72.98921,-36.74375],[-72.98211,-36.73255],[-72.9782,-36.72147],[-72.97492,-36.71959],[-72.97344,-36.70993],[-72.97591,-36.70938],[-72.97582,-36.70453],[-72.97233,-36.70182],[-72.96918,-36.69671],[-72.96935,-36.69399],[-72.9652,-36.68414],[-72.96231,-36.68238],[-72.95805,-36.67568],[-72.95809,-36.66177],[-72.9543,-36.65648],[-72.95415,-36.65312],[-72.96131,-36.64722],[-72.95833,-36.64638],[-72.96019,-36.64306],[-72.95702,-36.63514]]}},{"id":"11786","type":"Feature","properties":{"ROL":"Ruta 150","NOMBRE_CAMINO":"Cruce Ruta 146 (Concepción) - Bypass Penco - Tomé","CLASIFICACION":"Camino Nacional","CALZADA":"I","tmda":10299.0},"geometry":{"type":"LineString","coordinates":[[-72.99331,-36.75433],[-72.99388,-36.7536]]}},{"id":"11787","type":"Feature","properties":{"ROL":"Ruta 150","NOMBRE_CAMINO":"Cruce Ruta 146 (Concepción) - Bypass Penco - Tomé","CLASIFICACION":"Camino Nacional","CALZADA":"D","tmda":10299.0},"geometry":{"type":"LineString","coordinates":[[-73.02736,-36.81084],[-73.02413,-36.80694],[-73.02568,-36.80158],[-73.02531,-36.79281],[-73.02105,-36.7824],[-73.01206,-36.76721],[-73.00233,-36.75645]]}},{"id":"11788","type":"Feature","properties":{"ROL":"Ruta 150","NOMBRE_CAMINO":"Cruce Ruta 146 (Concepción) - Bypass Penco - Tomé","CLASIFICACION":"Camino Nacional","CALZADA":"I","tmda":10299.0},"geometry":{"type":"LineString","coordinates":[[-73.0275,-36.81075],[-73.02421,-36.80683],[-73.02578,-36.80171],[-73.02547,-36.79287],[-73.021,-36.7819],[-73.01223,-36.76712],[-73.00128,-36.75449]]}},{"id":"11789","type":"Feature","properties":{"ROL":"URBO466","NOMBRE_CAMINO":"Av. Juan Antonio Ríos y Av. La Marina","CLASIFICACION":"Camino Regional Comunal (Conexión Vial Urbana)","CALZADA":"D","tmda":null},"geometry":{"type":"LineString","coordinates":[[-73.11965,-36.73998],[-73.12091,-36.73812],[-73.11807,-36.72862],[-73.12685,-36.72804],[-73.13113,-36.7239]]}},{"id":"11790","type":"Feature","properties":{"ROL":"URBO460","NOMBRE_CAMINO":"Av. Gran Bretaña y Echeverría","CLASIFICACION":"Camino Regional Provincial (Conexión Vial Urbana)","CALZADA":"D","tmda":null},"geometry":{"type":"LineString","coordinates":[[-73.11439,-36.77134],[-73.11788,-36.76231],[-73.12221,-36.75737],[-73.12438,-36.74909],[-73.1189,-36.74056],[-73.11151,-36.73602]]}},{"id":"11791","type":"Feature","properties":{"ROL":"URBO452","NOMBRE_CAMINO":"Av. Costanera","CLASIFICACION":"Camino Regional Provincial (Conexión Vial Urbana)","CALZADA":"D","tmda":null},"geometry":{"type":"LineString","coordinates":[[-73.06036,-36.83905],[-73.05351,-36.84973],[-73.04903,-36.8605],[-73.04443,-36.86545],[-73.04375,-36.87121],[-73.03911,-36.87851],[-73.03643,-36.8938],[-73.03339,-36.89622]]}},{"id":"11792","type":"Feature","properties":{"ROL":"URBO452","NOMBRE_CAMINO":"Av. Costanera","CLASIFICACION":"Camino Regional Provincial (Conexión Vial Urbana)","CALZADA":"I","tmda":null},"geometry":{"type":"LineString","coordinates":[[-73.11446,-36.77164],[-73.11879,-36.78682],[-73.11825,-36.79624],[-73.11465,-36.79933]]}},{"id":"11793","type":"Feature","properties":{"ROL":"URBO452","NOMBRE_CAMINO":"Av. Costanera","CLASIFICACION":"Camino Regional Provincial (Conexión Vial Urbana)","CALZADA":"I","tmda":null},"geometry":{"type":"LineString","coordinates":[[-73.11465,-36.79933],[-73.10509,-36.80198],[-73.0858,-36.81139],[-73.07856,-36.81861],[-73.0745,-36.82475],[-73.06444,-36.83279],[-73.06032,-36.8391]]}},{"id":"11794","type":"Feature","properties":{"ROL":"URBO456","NOMBRE_CAMINO":"Av. Las Golondrinas","CLASIFICACION":"Camino Regional Provincial (Conexión Vial Urbana)","CALZADA":"U","tmda":null},"geometry":{"type":"LineString","coordinates":[[-73.0743,-36.7851],[-73.11559,-36.7757]]}},{"id":"11795","type":"Feature","properties":{"ROL":"URBO466","NOMBRE_CAMINO":"Av. Juan Antonio Ríos y Av. La Marina","CLASIFICACION":"Camino Regional Comunal (Conexión Vial Urbana)","CALZADA":"I","tmda":null},"geometry":{"type":"LineString","coordinates":[[-73.11997,-36.74035],[-73.12089,-36.73858]]}},{"id":"11796","type":"Feature","properties":{"ROL":"URBO460","NOMBRE_CAMINO":"Av. Gran Bretaña y Echeverría","CLASIFICACION":"Camino Regional Provincial (Conexión Vial Urbana)","CALZADA":"I","tmda":null},"geometry":{"type":"LineString","coordinates":[[-73.11283,-36.73654],[-73.1117,-36.73562]]}},{"id":"11797","type":"Feature","properties":{"ROL":"URBO452","NOMBRE_CAMINO":"Av. Costanera","CLASIFICACION":"Camino Regional Provincial (Conexión Vial Urbana)","CALZADA":"D","tmda":null},"geometry":{"type":"LineString","coordinates":[[-73.11458,-36.7717],[-73.1189,-36.78649],[-73.11767,-36.79772],[-73.08602,-36.81142],[-73.07876,-36.81856],[-73.07451,-36.82492],[-73.0646,-36.83286],[-73.06036,-36.83905]]}},{"id":"11798","type":"Feature","properties":{"ROL":"Ruta 156","NOMBRE_CAMINO":"Ruta de La Madera: Concepción - Santa Juana - Coihue","CLASIFICACION":"Camino Nacional","CALZADA":null,"tmda":3475.0},"geometry":{"type":"LineString","coordinates":[[-73.07614,-36.84356],[-73.07427,-36.84655],[-73.06804,-36.86946],[-73.06291,-36.87739],[-73.05975,-36.88773],[-73.05725,-36.90256],[-73.05301,-36.91268],[-73.05311,-36.91789],[-73.05176,-36.9241],[-73.04995,-36.92623],[-73.0501,-36.93183],[-73.04873,-36.93569],[-73.04946,-36.95057],[-73.04668,-36.95762],[-73.02296,-36.97625],[-73.01259,-36.97873],[-73.00148,-36.97769],[-72.9887,-36.97967],[-72.96862,-36.97885],[-72.95967,-36.98023],[-72.95747,-36.98225],[-72.95982,-36.98701],[-72.972,-36.99713],[-72.98582,-37.00597],[-72.98875,-37.01114],[-72.98658,-37.01819],[-72.98678,-37.02343],[-72.98334,-37.02878],[-72.97939,-37.04237],[-72.99099,-37.0679],[-72.99217,-37.074],[-72.99025,-37.10184],[-72.98762,-37.1112],[-72.98463,-37.11522],[-72.98415,-37.11794],[-72.98651,-37.1242],[-72.98243,-37.1285],[-72.97853,-37.13723],[-72.97777,-37.1505],[-72.95677,-37.16392],[-72.95639,-37.17273],[-72.95376,-37.17617],[-72.94285,-37.18394],[-72.94535,-37.19378],[-72.95615,-37.21031],[-72.96409,-37.23703],[-72.9636,-37.24477],[-72.96017,-37.25288],[-72.96023,-37.25646],[-72.96182,-37.25824],[-72.96069,-37.25968],[-72.96034,-37.26581],[-72.96206,-37.2686],[-72.95925,-37.26962],[-72.95635,-37.27277],[-72.95006,-37.27332],[-72.94662,-37.28026],[-72.93658,-37.28706],[-72.92934,-37.29797],[-72.92144,-37.31841],[-72.91068,-37.33027],[-72.90473,-37.33384],[-72.90313,-37.33859],[-72.89191,-37.34286],[-72.88514,-37.34713],[-72.87782,-37.34669],[-72.87334,-37.3435],[-72.85361,-37.34794],[-72.83487,-37.35914],[-72.83284,-37.36249],[-72.83202,-37.3675],[-72.82543,-37.37294],[-72.82459,-37.37785],[-72.81658,-37.38166],[-72.81193,-37.38687],[-72.80615,-37.39022],[-72.799,-37.40097],[-72.7983,-37.40386],[-72.79224,-37.41058],[-72.79417,-37.4193],[-72.79191,-37.42194],[-72.79143,-37.42563],[-72.78125,-37.43758],[-72.77593,-37.44111],[-72.77578,-37.44422],[-72.77154,-37.4472],[-72.76637,-37.45612],[-72.76162,-37.46104],[-72.75542,-37.46432],[-72.73098,-37.46953],[-72.72919,-37.47288],[-72.72707,-37.47415],[-72.71237,-37.47419],[-72.70817,-37.48063],[-72.7002,-37.48375],[-72.6824,-37.50561],[-72.67778,-37.50794],[-72.64823,-37.51216],[-72.60928,-37.54131],[-72.59505,-37.55421],[-72.59117,-37.56027]]}},{"id":"11799","type":"Feature","properties":{"ROL":"Ruta 150","NOMBRE_CAMINO":"Cruce Ruta 146 (Concepción) - Bypass Penco - Tomé","CLASIFICACION":"Camino Nacional","CALZADA":"D","tmda":10299.0},"geometry":{"type":"LineString","coordinates":[[-73.00233,-36.75645],[-73.00112,-36.75453]]}},{"id":"11800","type":"Feature","properties":{"ROL":"Ruta 150","NOMBRE_CAMINO":"Cruce Ruta 146 (Concepción) - Bypass Penco - Tomé","CLASIFICACION":"Camino Nacional","CALZADA":"D","tmda":10299.0},"geometry":{"type":"LineString","coordinates":[[-72.95635,-36.63397],[-72.9553,-36.6317],[-72.95598,-36.62942]]}},{"id":"11801","type":"Feature","properties":{"ROL":"Ruta 150","NOMBRE_CAMINO":"Cruce Ruta 146 (Concepción) - Bypass Penco - Tomé","CLASIFICACION":"Camino Nacional","CALZADA":"I","tmda":10299.0},"geometry":{"type":"LineString","coordinates":[[-72.95702,-36.63514],[-72.95605,-36.62942]]}}]}