{"type":"FeatureCollection","features":[{"id":"6602","type":"Feature","properties":{"ROL":"R-321","NOMBRE_CAMINO":"Cruce Longitudinal - Huapitrio Por Niza","CLASIFICACION":"Sin Información","CALZADA":"-","tmda":null},"geometry":{"type":"LineString","coordinates":[[-72.35322,-37.89239],[-72.35052,-37.89379],[-72.34797,-37.88989],[-72.34464,-37.89244],[-72.33843,-37.89213]]}},{"id":"6603","type":"Feature","properties":{"ROL":"R-321","NOMBRE_CAMINO":"Cruce Longitudinal - Huapitrio Por Niza","CLASIFICACION":"Sin Información","CALZADA":"-","tmda":null},"geometry":{"type":"LineString","coordinates":[[-72.3914,-37.91435],[-72.38839,-37.9112],[-72.37652,-37.90415]]}},{"id":"6604","type":"Feature","properties":{"ROL":"S/R","NOMBRE_CAMINO":"Collico Sur - Tres Esquinas","CLASIFICACION":"Sin Información","CALZADA":"-","tmda":null},"geometry":{"type":"LineString","coordinates":[[-72.34208,-39.3493],[-72.3456,-39.34702]]}},{"id":"6605","type":"Feature","properties":{"ROL":"S/R","NOMBRE_CAMINO":"Collico Sur - Tres Esquinas","CLASIFICACION":"Sin Información","CALZADA":"-","tmda":null},"geometry":{"type":"LineString","coordinates":[[-72.26223,-39.37045],[-72.26711,-39.37085]]}},{"id":"6606","type":"Feature","properties":{"ROL":"S/R","NOMBRE_CAMINO":"Caburga - Huepil","CLASIFICACION":"Sin Información","CALZADA":"-","tmda":null},"geometry":{"type":"LineString","coordinates":[[-71.76236,-39.19656],[-71.76237,-39.19884],[-71.7536,-39.20709],[-71.74851,-39.20947],[-71.74956,-39.21531],[-71.74165,-39.21647]]}},{"id":"6607","type":"Feature","properties":{"ROL":"S/R","NOMBRE_CAMINO":"Cruce S-90 - Mahuida","CLASIFICACION":"Sin Información","CALZADA":"-","tmda":501.0},"geometry":{"type":"LineString","coordinates":[[-72.89458,-39.23721],[-72.89523,-39.23969],[-72.89864,-39.23987],[-72.90137,-39.24428],[-72.90497,-39.24718],[-72.90803,-39.24826],[-72.91269,-39.24743],[-72.91161,-39.2489],[-72.91205,-39.25115],[-72.91551,-39.2536],[-72.91831,-39.25294],[-72.91889,-39.25433],[-72.92466,-39.25456],[-72.928,-39.25771],[-72.9309,-39.25692],[-72.93403,-39.25853],[-72.93636,-39.25802],[-72.93785,-39.25947],[-72.94079,-39.25892],[-72.94404,-39.26019],[-72.9494,-39.25779],[-72.95233,-39.26034],[-72.95394,-39.26598],[-72.956,-39.2673],[-72.95295,-39.26832],[-72.95431,-39.27172],[-72.95642,-39.27218],[-72.95912,-39.27043],[-72.96021,-39.2722],[-72.96354,-39.26927],[-72.96766,-39.27192],[-72.97008,-39.27537],[-72.97045,-39.27838],[-72.97349,-39.27863],[-72.97876,-39.28172],[-72.98542,-39.28232],[-72.98774,-39.28449],[-72.99449,-39.28553],[-72.99947,-39.29216],[-73.00973,-39.29223],[-73.01236,-39.29688],[-73.01947,-39.29838]]}},{"id":"6608","type":"Feature","properties":{"ROL":"S/R","NOMBRE_CAMINO":"Variante Loncoyán","CLASIFICACION":"Sin Información","CALZADA":"-","tmda":null},"geometry":{"type":"LineString","coordinates":[[-72.95604,-38.10175],[-72.95229,-38.10269],[-72.94818,-38.10868],[-72.94112,-38.11432],[-72.93939,-38.11932]]}},{"id":"6609","type":"Feature","properties":{"ROL":"R-341","NOMBRE_CAMINO":"Puente Nanco - Nancomahuida","CLASIFICACION":"Sin Información","CALZADA":"-","tmda":null},"geometry":{"type":"LineString","coordinates":[[-72.24295,-37.97271],[-72.24193,-37.97098],[-72.24352,-37.96781],[-72.243,-37.96296],[-72.24077,-37.95844],[-72.24248,-37.95526],[-72.24022,-37.9489],[-72.22545,-37.95147],[-72.22146,-37.94736],[-72.22216,-37.94317],[-72.22121,-37.94097]]}},{"id":"6610","type":"Feature","properties":{"ROL":"S/R","NOMBRE_CAMINO":"Ranquilco - Cruce S-426","CLASIFICACION":"Sin Información","CALZADA":"-","tmda":null},"geometry":{"type":"LineString","coordinates":[[-73.05631,-38.73385],[-73.05057,-38.71803]]}},{"id":"6611","type":"Feature","properties":{"ROL":"R-710","NOMBRE_CAMINO":"Lumaco - Pastenes Por La Laguna","CLASIFICACION":"Sin Información","CALZADA":"-","tmda":null},"geometry":{"type":"LineString","coordinates":[[-72.91991,-38.16975],[-72.91999,-38.17169],[-72.92877,-38.1784],[-72.92953,-38.18637],[-72.93408,-38.18907],[-72.93542,-38.19476],[-72.93764,-38.19792],[-72.93838,-38.20409],[-72.93371,-38.21115],[-72.93327,-38.21375],[-72.93988,-38.22574],[-72.94378,-38.22691],[-72.94782,-38.22564],[-72.95241,-38.22722],[-72.95679,-38.22254],[-72.97283,-38.21618],[-72.97671,-38.21579]]}},{"id":"6612","type":"Feature","properties":{"ROL":"S/R","NOMBRE_CAMINO":"Lliu Llliu - La Medica","CLASIFICACION":"Sin Información","CALZADA":"-","tmda":null},"geometry":{"type":"LineString","coordinates":[[-72.37206,-39.27767],[-72.35665,-39.28186]]}},{"id":"6613","type":"Feature","properties":{"ROL":"R-452","NOMBRE_CAMINO":"Pailán - Agua Potable","CLASIFICACION":"Sin Información","CALZADA":"-","tmda":null},"geometry":{"type":"LineString","coordinates":[[-73.07946,-38.04341],[-73.07575,-38.04417],[-73.07494,-38.04593],[-73.07582,-38.05405],[-73.07867,-38.05741],[-73.07868,-38.06161],[-73.0736,-38.06916]]}},{"id":"6614","type":"Feature","properties":{"ROL":"R-242","NOMBRE_CAMINO":"La Fortuna - Fundo Guadaba","CLASIFICACION":"Sin Información","CALZADA":"-","tmda":null},"geometry":{"type":"LineString","coordinates":[[-72.89533,-37.96836],[-72.90193,-37.96721],[-72.9062,-37.97107],[-72.91426,-37.97537],[-72.91538,-37.97725]]}},{"id":"6615","type":"Feature","properties":{"ROL":"S-177","NOMBRE_CAMINO":"Chacabuco - Reducción Cheuquén","CLASIFICACION":"Sin Información","CALZADA":"-","tmda":null},"geometry":{"type":"LineString","coordinates":[[-72.35932,-38.56724],[-72.3617,-38.57121],[-72.36484,-38.5732],[-72.36185,-38.57502],[-72.36741,-38.58617]]}},{"id":"6616","type":"Feature","properties":{"ROL":"S/R","NOMBRE_CAMINO":"Alto Maica - Reducción Maica","CLASIFICACION":"Sin Información","CALZADA":"-","tmda":null},"geometry":{"type":"LineString","coordinates":[[-72.26555,-37.89247],[-72.26661,-37.88772],[-72.26546,-37.8854],[-72.24735,-37.8806],[-72.24283,-37.88248],[-72.2389,-37.88875],[-72.24121,-37.89134],[-72.23861,-37.89418],[-72.2443,-37.89589],[-72.24559,-37.89955]]}},{"id":"6617","type":"Feature","properties":{"ROL":"R-346","NOMBRE_CAMINO":"Bajada De Mariluán - Río Malleco","CLASIFICACION":"Sin Información","CALZADA":"-","tmda":null},"geometry":{"type":"LineString","coordinates":[[-72.4851,-37.92422],[-72.50144,-37.92367]]}},{"id":"6618","type":"Feature","properties":{"ROL":"R-448","NOMBRE_CAMINO":"Bajo Pailán - Piedras Blancas","CLASIFICACION":"Sin Información","CALZADA":"-","tmda":null},"geometry":{"type":"LineString","coordinates":[[-73.09713,-38.05497],[-73.09714,-38.05608],[-73.0991,-38.05602],[-73.10121,-38.06293],[-73.10395,-38.06397],[-73.1054,-38.06628],[-73.10756,-38.07385],[-73.10897,-38.07695],[-73.11018,-38.07711],[-73.10887,-38.08269],[-73.11085,-38.08519]]}},{"id":"6619","type":"Feature","properties":{"ROL":"R-436","NOMBRE_CAMINO":"Purén - Puntún","CLASIFICACION":"Sin Información","CALZADA":"-","tmda":null},"geometry":{"type":"LineString","coordinates":[[-73.08469,-38.04738],[-73.08504,-38.0495],[-73.08385,-38.05107],[-73.08663,-38.0542],[-73.08531,-38.05569],[-73.08738,-38.06153],[-73.08704,-38.07353],[-73.08563,-38.07545],[-73.08598,-38.07816],[-73.07924,-38.084]]}},{"id":"6620","type":"Feature","properties":{"ROL":"S/R","NOMBRE_CAMINO":"Alto Pinguidague - Bajo Pinguidague","CLASIFICACION":"Sin Información","CALZADA":"-","tmda":null},"geometry":{"type":"LineString","coordinates":[[-73.11211,-37.92977],[-73.10965,-37.9333],[-73.0989,-37.93138],[-73.09218,-37.92266],[-73.08943,-37.91535],[-73.0866,-37.91963],[-73.08774,-37.92104],[-73.08518,-37.92275],[-73.08509,-37.92441],[-73.07826,-37.92521],[-73.0746,-37.92853],[-73.07269,-37.92717]]}},{"id":"6621","type":"Feature","properties":{"ROL":"S/R","NOMBRE_CAMINO":"Purén - Cerro Alto Por Bajo Pailán","CLASIFICACION":"Sin Información","CALZADA":"-","tmda":null},"geometry":{"type":"LineString","coordinates":[[-73.07868,-38.04135],[-73.08199,-38.04203],[-73.08816,-38.04664],[-73.09334,-38.04782],[-73.10307,-38.0534],[-73.10643,-38.05371],[-73.11614,-38.06057],[-73.11717,-38.05905],[-73.11826,-38.05962],[-73.12182,-38.06491],[-73.12323,-38.07052],[-73.12204,-38.07406],[-73.12744,-38.07647]]}},{"id":"6622","type":"Feature","properties":{"ROL":"R-426","NOMBRE_CAMINO":"Cruce R-42 - Ipinco Arriba","CLASIFICACION":"Sin Información","CALZADA":"-","tmda":null},"geometry":{"type":"LineString","coordinates":[[-73.02642,-38.07226],[-73.02911,-38.07798],[-73.02846,-38.079],[-73.03048,-38.08117],[-73.02961,-38.08336],[-73.03088,-38.08822],[-73.02879,-38.08848],[-73.0283,-38.08988],[-73.02976,-38.09083],[-73.02831,-38.09178],[-73.0282,-38.09439],[-73.03265,-38.09964],[-73.03355,-38.10412],[-73.0363,-38.10554],[-73.04658,-38.1044],[-73.04947,-38.10815],[-73.05815,-38.11404],[-73.06099,-38.11397],[-73.06617,-38.11752],[-73.0747,-38.11869]]}},{"id":"6623","type":"Feature","properties":{"ROL":"R-434","NOMBRE_CAMINO":"Acceso Sur Reducción El Lingue","CLASIFICACION":"Sin Información","CALZADA":"-","tmda":null},"geometry":{"type":"LineString","coordinates":[[-72.97089,-38.09343],[-72.98591,-38.10083],[-72.99005,-38.1048],[-72.99035,-38.11012],[-73.00085,-38.11594],[-73.00581,-38.11696],[-73.01045,-38.12212],[-73.00843,-38.12602],[-73.00584,-38.12804]]}},{"id":"6624","type":"Feature","properties":{"ROL":"R-466","NOMBRE_CAMINO":"Reducción Bajo Centenario","CLASIFICACION":"Sin Información","CALZADA":"-","tmda":null},"geometry":{"type":"LineString","coordinates":[[-72.80192,-38.084],[-72.80625,-38.08528],[-72.82313,-38.08097]]}},{"id":"6625","type":"Feature","properties":{"ROL":"S-531","NOMBRE_CAMINO":"Acceso A Quechereguas","CLASIFICACION":"Sin Información","CALZADA":"-","tmda":null},"geometry":{"type":"LineString","coordinates":[[-72.03073,-39.00107],[-72.03664,-38.99819]]}},{"id":"6626","type":"Feature","properties":{"ROL":"S-531","NOMBRE_CAMINO":"Acceso A Quechereguas","CLASIFICACION":"Sin Información","CALZADA":"-","tmda":null},"geometry":{"type":"LineString","coordinates":[[-72.0283,-39.00335],[-72.0301,-39.00183]]}},{"id":"6627","type":"Feature","properties":{"ROL":"R-480","NOMBRE_CAMINO":"Quetrahue - Tromén","CLASIFICACION":"Sin Información","CALZADA":"-","tmda":null},"geometry":{"type":"LineString","coordinates":[[-72.84049,-38.17365],[-72.83995,-38.16885],[-72.83381,-38.16711],[-72.83106,-38.16213],[-72.83845,-38.1584]]}},{"id":"6628","type":"Feature","properties":{"ROL":"R-152","NOMBRE_CAMINO":"Monte Las Diucas - Angol","CLASIFICACION":"Sin Información","CALZADA":"-","tmda":null},"geometry":{"type":"LineString","coordinates":[[-72.63924,-37.78006],[-72.66905,-37.78178],[-72.67888,-37.78432],[-72.68352,-37.77876],[-72.69374,-37.77701],[-72.6924,-37.78471],[-72.69481,-37.79178]]}},{"id":"6629","type":"Feature","properties":{"ROL":"S/R","NOMBRE_CAMINO":"Santa Clara - Río Niblinto","CLASIFICACION":"Sin Información","CALZADA":"-","tmda":null},"geometry":{"type":"LineString","coordinates":[[-71.92857,-38.10361],[-71.92327,-38.10772],[-71.90906,-38.10727],[-71.90291,-38.11083],[-71.89393,-38.10908],[-71.88982,-38.11072],[-71.88974,-38.11294],[-71.88006,-38.11311],[-71.87467,-38.11131],[-71.8656,-38.1129],[-71.85379,-38.10746],[-71.85477,-38.10266],[-71.86371,-38.09492],[-71.85765,-38.09257],[-71.85825,-38.09147],[-71.85641,-38.09188],[-71.85876,-38.0895],[-71.85793,-38.0885]]}},{"id":"6630","type":"Feature","properties":{"ROL":"S/R","NOMBRE_CAMINO":"Santa María De Llaima - Cherchén","CLASIFICACION":"Sin Información","CALZADA":"-","tmda":null},"geometry":{"type":"LineString","coordinates":[[-71.78273,-38.92881],[-71.77819,-38.93537],[-71.77735,-38.93868]]}},{"id":"6631","type":"Feature","properties":{"ROL":"S/R","NOMBRE_CAMINO":"Santa María De Llaima - Cherchén","CLASIFICACION":"Sin Información","CALZADA":"-","tmda":null},"geometry":{"type":"LineString","coordinates":[[-71.77453,-38.94366],[-71.76868,-38.95188],[-71.75049,-38.96332],[-71.74922,-38.96887],[-71.74645,-38.97211],[-71.74585,-38.97574],[-71.74479,-38.97498],[-71.74262,-38.97821],[-71.74121,-38.98294]]}},{"id":"6632","type":"Feature","properties":{"ROL":"S/R","NOMBRE_CAMINO":"Huiscapi - Lliu Lliu","CLASIFICACION":"Sin Información","CALZADA":"-","tmda":null},"geometry":{"type":"LineString","coordinates":[[-72.38742,-39.28504],[-72.38303,-39.27237]]}},{"id":"6633","type":"Feature","properties":{"ROL":"S/R","NOMBRE_CAMINO":"Cruce S-46 - Puyehue","CLASIFICACION":"Sin Información","CALZADA":"-","tmda":null},"geometry":{"type":"LineString","coordinates":[[-73.26152,-39.0697],[-73.27028,-39.06982],[-73.28138,-39.06754]]}},{"id":"6634","type":"Feature","properties":{"ROL":"R-484","NOMBRE_CAMINO":"Cruece R-480 - Reducción Santos Huentemil","CLASIFICACION":"Sin Información","CALZADA":"-","tmda":null},"geometry":{"type":"LineString","coordinates":[[-72.83127,-38.16264],[-72.82452,-38.16213],[-72.81933,-38.16343],[-72.81819,-38.16141],[-72.81872,-38.1596]]}},{"id":"6635","type":"Feature","properties":{"ROL":"S/R","NOMBRE_CAMINO":"Bellavista - Alto Molco","CLASIFICACION":"Sin Información","CALZADA":"-","tmda":164.0},"geometry":{"type":"LineString","coordinates":[[-73.14333,-38.92378],[-73.14195,-38.91541],[-73.13314,-38.91785],[-73.12861,-38.91494],[-73.1284,-38.91391],[-73.13266,-38.91154],[-73.12804,-38.90489],[-73.12259,-38.9079],[-73.1151,-38.90701],[-73.11406,-38.90552],[-73.1153,-38.90374],[-73.11354,-38.90032],[-73.11396,-38.89671]]}},{"id":"6636","type":"Feature","properties":{"ROL":"R-506","NOMBRE_CAMINO":"Fundo Trigal - Desengaño","CLASIFICACION":"Sin Información","CALZADA":"-","tmda":null},"geometry":{"type":"LineString","coordinates":[[-72.7045,-38.18877],[-72.6939,-38.19468],[-72.67855,-38.19662]]}},{"id":"6637","type":"Feature","properties":{"ROL":"S/R","NOMBRE_CAMINO":"Alto Relun - Treinta Ganchos","CLASIFICACION":"Sin Información","CALZADA":"-","tmda":null},"geometry":{"type":"LineString","coordinates":[[-73.15348,-38.26861],[-73.15245,-38.27164],[-73.14635,-38.27635],[-73.14525,-38.28079]]}},{"id":"6638","type":"Feature","properties":{"ROL":"S/R","NOMBRE_CAMINO":"El Charqui - Treinta Ganchos","CLASIFICACION":"Sin Información","CALZADA":"-","tmda":null},"geometry":{"type":"LineString","coordinates":[[-73.13142,-38.27135],[-73.13976,-38.27333],[-73.14259,-38.27614],[-73.14694,-38.28691],[-73.14613,-38.29255],[-73.14979,-38.2947],[-73.14819,-38.29513],[-73.14779,-38.29727],[-73.15985,-38.30495]]}},{"id":"6639","type":"Feature","properties":{"ROL":"S/R","NOMBRE_CAMINO":"Acceso Balsa Quelhue","CLASIFICACION":"Sin Información","CALZADA":"-","tmda":null},"geometry":{"type":"LineString","coordinates":[[-71.94579,-39.2725],[-71.93923,-39.26917],[-71.93115,-39.26945]]}},{"id":"6640","type":"Feature","properties":{"ROL":"S-525","NOMBRE_CAMINO":"El Avión - Alto Huerere","CLASIFICACION":"Sin Información","CALZADA":"-","tmda":null},"geometry":{"type":"LineString","coordinates":[[-72.01448,-39.00122],[-72.01324,-39.00293],[-72.00994,-39.00379],[-72.01096,-39.00475],[-72.00925,-39.00667],[-72.00519,-39.00721],[-72.00357,-39.00563],[-72.00345,-39.00864],[-71.99879,-39.00788],[-71.99488,-39.00933],[-71.98153,-39.00113]]}},{"id":"6641","type":"Feature","properties":{"ROL":"R-664","NOMBRE_CAMINO":"Pichipellahuen Por El Desierto","CLASIFICACION":"Sin Información","CALZADA":"-","tmda":null},"geometry":{"type":"LineString","coordinates":[[-72.98117,-38.21264],[-72.98375,-38.22159],[-72.98894,-38.22745],[-72.99465,-38.24243],[-72.98649,-38.24886],[-72.98397,-38.25505],[-72.98546,-38.25693],[-72.98906,-38.25669],[-72.99033,-38.25547],[-72.99227,-38.25659],[-72.99146,-38.25914],[-72.99321,-38.25988],[-72.99236,-38.26123],[-72.9939,-38.26213],[-72.99331,-38.26278]]}},{"id":"6642","type":"Feature","properties":{"ROL":"S/R","NOMBRE_CAMINO":"Cruce R-90-p - Cruce R-86","CLASIFICACION":"Sin Información","CALZADA":"-","tmda":null},"geometry":{"type":"LineString","coordinates":[[-72.74031,-38.2061],[-72.73896,-38.19834],[-72.72417,-38.19488],[-72.7226,-38.19241]]}},{"id":"6643","type":"Feature","properties":{"ROL":"S/R","NOMBRE_CAMINO":"Palo Blanco - Cerro Partido","CLASIFICACION":"Sin Información","CALZADA":"-","tmda":null},"geometry":{"type":"LineString","coordinates":[[-73.00846,-38.29435],[-73.00397,-38.30001],[-72.99756,-38.30294],[-72.98506,-38.30359],[-72.97737,-38.30006],[-72.97131,-38.29978],[-72.96256,-38.29462],[-72.95774,-38.29569],[-72.94846,-38.30261],[-72.94059,-38.30301]]}},{"id":"6644","type":"Feature","properties":{"ROL":"S/R","NOMBRE_CAMINO":"Acceso A Lumahue","CLASIFICACION":"Sin Información","CALZADA":"-","tmda":620.0},"geometry":{"type":"LineString","coordinates":[[-73.19993,-39.32258],[-73.19878,-39.32418],[-73.19332,-39.3241],[-73.18777,-39.32714],[-73.18503,-39.32671],[-73.18312,-39.32863],[-73.17957,-39.32715],[-73.17768,-39.32463],[-73.17509,-39.32534],[-73.17599,-39.32901],[-73.18041,-39.33385],[-73.18008,-39.3358]]}},{"id":"6645","type":"Feature","properties":{"ROL":"S/R","NOMBRE_CAMINO":"Mendoza - Comunidad Lincopán","CLASIFICACION":"Sin Información","CALZADA":"-","tmda":null},"geometry":{"type":"LineString","coordinates":[[-72.33144,-39.35267],[-72.33698,-39.36881],[-72.3423,-39.37436]]}},{"id":"6646","type":"Feature","properties":{"ROL":"S/R","NOMBRE_CAMINO":"Quintrilpe Alto - Cruce S-229","CLASIFICACION":"Sin Información","CALZADA":"-","tmda":null},"geometry":{"type":"LineString","coordinates":[[-72.37212,-38.64975],[-72.37214,-38.64092],[-72.36883,-38.63515],[-72.36978,-38.63507],[-72.3713,-38.63003],[-72.37834,-38.62891],[-72.3775,-38.62511]]}},{"id":"6647","type":"Feature","properties":{"ROL":"S/R","NOMBRE_CAMINO":"Séptima Faja - Los Hualves","CLASIFICACION":"Sin Información","CALZADA":"-","tmda":501.0},"geometry":{"type":"LineString","coordinates":[[-72.68037,-39.17364],[-72.68871,-39.17286],[-72.69289,-39.17452],[-72.69464,-39.1719]]}},{"id":"6648","type":"Feature","properties":{"ROL":"S/R","NOMBRE_CAMINO":"Fintucue - Camahuey","CLASIFICACION":"Sin Información","CALZADA":"-","tmda":164.0},"geometry":{"type":"LineString","coordinates":[[-73.11728,-39.10553],[-73.11426,-39.10485],[-73.10593,-39.09799],[-73.10335,-39.09804],[-73.1048,-39.09649],[-73.09954,-39.09814],[-73.09411,-39.09716],[-73.09686,-39.09496],[-73.09543,-39.09055],[-73.09051,-39.09065],[-73.08551,-39.08698],[-73.08452,-39.0847],[-73.0827,-39.08622],[-73.07704,-39.0842]]}},{"id":"6649","type":"Feature","properties":{"ROL":"S/R","NOMBRE_CAMINO":"Pichipellahuén - Quebrada Honda","CLASIFICACION":"Sin Información","CALZADA":"-","tmda":null},"geometry":{"type":"LineString","coordinates":[[-72.99814,-38.32307],[-72.99579,-38.3241],[-72.99286,-38.32297],[-72.98544,-38.3256],[-72.98283,-38.32418],[-72.9823,-38.32968],[-72.98657,-38.33385],[-72.98474,-38.33643],[-72.97828,-38.33976]]}},{"id":"6650","type":"Feature","properties":{"ROL":"S/R","NOMBRE_CAMINO":"Puente Chanco - Molino Chanco","CLASIFICACION":"Sin Información","CALZADA":"-","tmda":null},"geometry":{"type":"LineString","coordinates":[[-72.96329,-38.24429],[-72.96062,-38.24327],[-72.95499,-38.24531],[-72.95179,-38.24867],[-72.93663,-38.25074],[-72.93438,-38.25601]]}},{"id":"6651","type":"Feature","properties":{"ROL":"S/R","NOMBRE_CAMINO":"El Claro - Los Calabozos","CLASIFICACION":"Sin Información","CALZADA":"-","tmda":null},"geometry":{"type":"LineString","coordinates":[[-71.93855,-39.30058],[-71.93686,-39.30145],[-71.93598,-39.30999],[-71.94023,-39.31566],[-71.93474,-39.31682],[-71.93499,-39.3177],[-71.93302,-39.31729]]}},{"id":"6652","type":"Feature","properties":{"ROL":"S/R","NOMBRE_CAMINO":"Codihue - Nalcahue - Dicahue","CLASIFICACION":"Sin Información","CALZADA":"-","tmda":null},"geometry":{"type":"LineString","coordinates":[[-71.99067,-39.04401],[-71.98649,-39.04547],[-71.98303,-39.04427],[-71.98119,-39.04523],[-71.98187,-39.04777],[-71.96517,-39.05351]]}},{"id":"6653","type":"Feature","properties":{"ROL":"R-228","NOMBRE_CAMINO":"Reducción Huequén - Porvenir","CLASIFICACION":"Sin Información","CALZADA":"-","tmda":null},"geometry":{"type":"LineString","coordinates":[[-72.69059,-37.86524],[-72.67815,-37.87892],[-72.67481,-37.88619],[-72.67643,-37.89174],[-72.67106,-37.90167],[-72.66852,-37.90985],[-72.66272,-37.9143],[-72.66645,-37.91997],[-72.66676,-37.92656],[-72.67237,-37.93178],[-72.67234,-37.93519],[-72.67361,-37.93689],[-72.66857,-37.94581],[-72.66825,-37.95149],[-72.66984,-37.95491]]}},{"id":"6654","type":"Feature","properties":{"ROL":"R-228","NOMBRE_CAMINO":"Reducción Huequén - Porvenir","CLASIFICACION":"Sin Información","CALZADA":"-","tmda":null},"geometry":{"type":"LineString","coordinates":[[-72.6916,-37.86365],[-72.69076,-37.86504]]}},{"id":"6655","type":"Feature","properties":{"ROL":"S-234","NOMBRE_CAMINO":"Galvarino - Chol Chol Por Rahue","CLASIFICACION":"Sin Información","CALZADA":"-","tmda":1631.0},"geometry":{"type":"LineString","coordinates":[[-72.78882,-38.41416],[-72.79367,-38.41468],[-72.8076,-38.42177],[-72.81793,-38.42445],[-72.82631,-38.43131],[-72.83714,-38.43781],[-72.8475,-38.45011],[-72.85199,-38.45289],[-72.8578,-38.4614],[-72.85451,-38.46996],[-72.85086,-38.47327],[-72.84842,-38.4785],[-72.84927,-38.48406],[-72.86797,-38.50289],[-72.86874,-38.50813],[-72.87483,-38.52321],[-72.88168,-38.52556]]}},{"id":"6656","type":"Feature","properties":{"ROL":"R-240","NOMBRE_CAMINO":"Los Sauces - San Ramón - Purén","CLASIFICACION":"Sin Información","CALZADA":"-","tmda":null},"geometry":{"type":"LineString","coordinates":[[-72.9082,-37.95863],[-72.91118,-37.95567],[-72.91305,-37.95717],[-72.91922,-37.95451],[-72.92434,-37.95619],[-72.92901,-37.95059],[-72.93911,-37.94947],[-72.94662,-37.94296],[-72.94932,-37.94272],[-72.95255,-37.9405],[-72.95727,-37.94074],[-72.95711,-37.93902],[-72.95977,-37.93741],[-72.96386,-37.93779],[-72.96232,-37.93603],[-72.96466,-37.92839],[-72.96791,-37.92793],[-72.97133,-37.92552],[-72.97257,-37.92352],[-72.97228,-37.91903],[-72.97533,-37.91516],[-72.97155,-37.91356],[-72.97176,-37.91174],[-72.97727,-37.90914],[-72.98335,-37.90807],[-72.98605,-37.9045],[-73.00285,-37.90674],[-73.00951,-37.91118],[-73.02043,-37.9105],[-73.02549,-37.90875],[-73.02428,-37.90603],[-73.02148,-37.90435],[-73.02296,-37.90217],[-73.0354,-37.89996],[-73.04093,-37.89546],[-73.04258,-37.89145],[-73.04974,-37.89116],[-73.0535,-37.88965],[-73.06025,-37.8927],[-73.06515,-37.89267],[-73.06805,-37.89463],[-73.06724,-37.89631],[-73.06914,-37.89873],[-73.07256,-37.90067],[-73.07073,-37.9026],[-73.07223,-37.90892],[-73.07003,-37.91505],[-73.07491,-37.92024],[-73.07372,-37.92645],[-73.06846,-37.93104],[-73.07061,-37.93425],[-73.06871,-37.94401],[-73.07216,-37.94604],[-73.0798,-37.94765],[-73.07915,-37.94991],[-73.08051,-37.95349],[-73.08375,-37.95489],[-73.09082,-37.96297],[-73.09313,-37.96843],[-73.08755,-37.97062],[-73.08637,-37.9753],[-73.084,-37.97569],[-73.08237,-37.97891],[-73.08333,-37.98014],[-73.07942,-37.98062],[-73.0797,-37.98303],[-73.08371,-37.98615],[-73.08405,-37.98855],[-73.08122,-37.99229],[-73.0815,-37.99468],[-73.07992,-37.9951],[-73.08364,-37.99734],[-73.08252,-37.99924],[-73.08416,-38.00253],[-73.07745,-38.00618],[-73.07408,-38.00595],[-73.07243,-38.00867],[-73.06995,-38.00947]]}},{"id":"6657","type":"Feature","properties":{"ROL":"R-310","NOMBRE_CAMINO":"Collipulli - Mininco Por La Mortandad","CLASIFICACION":"Sin Información","CALZADA":"-","tmda":null},"geometry":{"type":"LineString","coordinates":[[-72.43064,-37.95131],[-72.43005,-37.9478],[-72.43232,-37.9453],[-72.44174,-37.90781],[-72.45259,-37.89803],[-72.45266,-37.8939],[-72.4545,-37.89325],[-72.4559,-37.87537],[-72.45301,-37.86515],[-72.45673,-37.83263],[-72.4651,-37.82282],[-72.46554,-37.81523],[-72.47324,-37.79681]]}},{"id":"6658","type":"Feature","properties":{"ROL":"S-317","NOMBRE_CAMINO":"San Patricio - Río Codihue","CLASIFICACION":"Sin Información","CALZADA":"-","tmda":null},"geometry":{"type":"LineString","coordinates":[[-72.12192,-38.66078],[-72.12795,-38.67556],[-72.12861,-38.68278],[-72.1309,-38.68465],[-72.1348,-38.69502],[-72.12953,-38.69754],[-72.13738,-38.70235],[-72.14041,-38.71063],[-72.13993,-38.71201],[-72.14883,-38.73303],[-72.1466,-38.73394],[-72.14702,-38.73527],[-72.1428,-38.74031],[-72.14453,-38.74664],[-72.14297,-38.7564],[-72.13895,-38.75667],[-72.13637,-38.75889],[-72.13639,-38.76158],[-72.13401,-38.76175],[-72.13383,-38.76296],[-72.12945,-38.76559],[-72.12704,-38.76533]]}},{"id":"6659","type":"Feature","properties":{"ROL":"R-414","NOMBRE_CAMINO":"Cruce R-60-p - Coyacahuín Por Centinela","CLASIFICACION":"Sin Información","CALZADA":"-","tmda":null},"geometry":{"type":"LineString","coordinates":[[-72.98416,-37.99641],[-72.98568,-37.99481],[-72.9858,-37.99144],[-72.9894,-37.98449],[-72.98914,-37.9828],[-72.99096,-37.98219],[-72.99458,-37.97532],[-73.00066,-37.9687],[-73.00485,-37.96587],[-73.00878,-37.96726],[-73.01048,-37.96378],[-73.01523,-37.95925],[-73.02181,-37.95867],[-73.03159,-37.9505],[-73.03442,-37.94951],[-73.03858,-37.95022],[-73.04473,-37.9477],[-73.0443,-37.94473],[-73.04829,-37.94111],[-73.06198,-37.9356],[-73.0693,-37.93828]]}},{"id":"6660","type":"Feature","properties":{"ROL":"S/R","NOMBRE_CAMINO":"Acceso A San Miguel","CLASIFICACION":"Sin Información","CALZADA":"-","tmda":null},"geometry":{"type":"LineString","coordinates":[[-72.60655,-37.71918],[-72.58891,-37.72279],[-72.55225,-37.7346]]}},{"id":"6661","type":"Feature","properties":{"ROL":"S-422","NOMBRE_CAMINO":"Puerto Saavedra - El Temo","CLASIFICACION":"Sin Información","CALZADA":"-","tmda":null},"geometry":{"type":"LineString","coordinates":[[-73.39738,-38.78735],[-73.39426,-38.78742],[-73.38614,-38.79073],[-73.38399,-38.78992],[-73.3824,-38.79117],[-73.37747,-38.7906],[-73.37316,-38.7876],[-73.37034,-38.78938],[-73.36577,-38.78465],[-73.36314,-38.77902],[-73.35934,-38.77813],[-73.35822,-38.77558],[-73.34704,-38.76636],[-73.34457,-38.7628],[-73.34038,-38.76208],[-73.33207,-38.7683],[-73.32639,-38.76929],[-73.32456,-38.77264],[-73.32083,-38.77431],[-73.32085,-38.77756],[-73.31759,-38.77925],[-73.31506,-38.78272],[-73.31013,-38.78515],[-73.30464,-38.78722],[-73.30099,-38.78574],[-73.3002,-38.78352],[-73.29802,-38.78256],[-73.29497,-38.78369],[-73.29471,-38.78602],[-73.28828,-38.78854],[-73.285,-38.79275],[-73.28126,-38.79271],[-73.27795,-38.78996],[-73.27451,-38.79137]]}},{"id":"6662","type":"Feature","properties":{"ROL":"S/R","NOMBRE_CAMINO":"Cruce Ruta S-90 - María Nieves","CLASIFICACION":"Sin Información","CALZADA":"-","tmda":501.0},"geometry":{"type":"LineString","coordinates":[[-72.85444,-39.24762],[-72.86148,-39.23755],[-72.86145,-39.23549]]}},{"id":"6663","type":"Feature","properties":{"ROL":"S/R","NOMBRE_CAMINO":"Troll - Pailacoyán - Llahuey","CLASIFICACION":"Sin Información","CALZADA":"-","tmda":null},"geometry":{"type":"LineString","coordinates":[[-73.21421,-38.83679],[-73.21336,-38.83184],[-73.21105,-38.82909],[-73.20022,-38.82721],[-73.19188,-38.82242],[-73.19045,-38.82399],[-73.18924,-38.82066],[-73.18559,-38.82172],[-73.18177,-38.8196],[-73.17902,-38.80779],[-73.18263,-38.80637],[-73.1876,-38.80812]]}},{"id":"6664","type":"Feature","properties":{"ROL":"S-127","NOMBRE_CAMINO":"Cruce S-125-r - Río Cautín","CLASIFICACION":"Sin Información","CALZADA":"-","tmda":null},"geometry":{"type":"LineString","coordinates":[[-72.30594,-38.44707],[-72.30881,-38.45607],[-72.315,-38.45887]]}},{"id":"6665","type":"Feature","properties":{"ROL":"R-90-P","NOMBRE_CAMINO":"Traiguén - Lumaco - Capitán Pastene - Quidico, Sector Traiguén - Límite Regional","CLASIFICACION":"Sin Información","CALZADA":"-","tmda":3997.0},"geometry":{"type":"LineString","coordinates":[[-72.70846,-38.21806],[-72.71424,-38.2202],[-72.7171,-38.21724],[-72.73335,-38.21274],[-72.736,-38.2076],[-72.75535,-38.20127],[-72.76256,-38.20158],[-72.76787,-38.1998],[-72.77979,-38.20176],[-72.78382,-38.20488],[-72.78821,-38.20597],[-72.79717,-38.20433],[-72.80214,-38.19819],[-72.80416,-38.19141],[-72.80333,-38.18871],[-72.82688,-38.17938],[-72.8471,-38.1738],[-72.85773,-38.16904],[-72.86367,-38.16831],[-72.86373,-38.17054],[-72.8686,-38.17253],[-72.88022,-38.17084],[-72.88308,-38.17354],[-72.88534,-38.1734],[-72.89354,-38.16313],[-72.89704,-38.16397],[-72.89937,-38.16697],[-72.90924,-38.16445],[-72.90984,-38.16542],[-72.91421,-38.16451],[-72.91914,-38.16956],[-72.93938,-38.17375],[-72.94574,-38.17994],[-72.94698,-38.18315],[-72.94519,-38.1862],[-72.94636,-38.1917],[-72.95029,-38.19581],[-72.95318,-38.19672],[-72.95994,-38.19554],[-72.96757,-38.19023],[-72.97243,-38.18888],[-72.97778,-38.19219],[-72.98304,-38.19181],[-72.98714,-38.19005],[-72.98788,-38.19089]]}},{"id":"6666","type":"Feature","properties":{"ROL":"S-443","NOMBRE_CAMINO":"Cruce Longitudinal (quepe) - Huichahue","CLASIFICACION":"Sin Información","CALZADA":"-","tmda":null},"geometry":{"type":"LineString","coordinates":[[-72.61724,-38.87086],[-72.61562,-38.87086],[-72.615,-38.86832],[-72.59821,-38.86851],[-72.58649,-38.87183],[-72.56857,-38.87943],[-72.55379,-38.87471],[-72.53106,-38.87774],[-72.52096,-38.87531],[-72.51556,-38.87634],[-72.51123,-38.87517]]}},{"id":"6667","type":"Feature","properties":{"ROL":"S-449","NOMBRE_CAMINO":"San Ramón - Radal","CLASIFICACION":"Sin Información","CALZADA":"-","tmda":169.0},"geometry":{"type":"LineString","coordinates":[[-72.34468,-38.87449],[-72.35368,-38.89744],[-72.35327,-38.89879],[-72.35654,-38.90467],[-72.37193,-38.94605],[-72.37298,-38.94638],[-72.37801,-38.96038],[-72.37702,-38.9613],[-72.37845,-38.96147],[-72.38462,-38.97747],[-72.38761,-38.97898],[-72.3905,-38.98361],[-72.39077,-38.98675],[-72.39497,-38.9866],[-72.3952,-38.98758]]}},{"id":"6668","type":"Feature","properties":{"ROL":"S-503","NOMBRE_CAMINO":"Los Laureles - Lago Colico","CLASIFICACION":"Sin Información","CALZADA":"-","tmda":286.0},"geometry":{"type":"LineString","coordinates":[[-72.14082,-39.05544],[-72.11566,-39.0553],[-72.10124,-39.05931],[-72.09154,-39.06345],[-72.08243,-39.07286],[-72.05493,-39.0949]]}},{"id":"6669","type":"Feature","properties":{"ROL":"R-520","NOMBRE_CAMINO":"Traiguén - Quechereguas Por Las Toscas","CLASIFICACION":"Sin Información","CALZADA":"-","tmda":null},"geometry":{"type":"LineString","coordinates":[[-72.64304,-38.21946],[-72.6007,-38.21405],[-72.59215,-38.20158],[-72.59211,-38.1979],[-72.58939,-38.19477],[-72.59083,-38.1881],[-72.5885,-38.1837],[-72.58667,-38.18278],[-72.57884,-38.18779],[-72.57004,-38.18779],[-72.56392,-38.18653],[-72.55071,-38.18638],[-72.53438,-38.18135],[-72.52979,-38.18117],[-72.53126,-38.17172],[-72.53569,-38.1662],[-72.53503,-38.16356],[-72.54055,-38.14975],[-72.56392,-38.1411],[-72.57171,-38.14066]]}},{"id":"6670","type":"Feature","properties":{"ROL":"S-553","NOMBRE_CAMINO":"Catrico - Pedregoso - Las Ochocientas","CLASIFICACION":"Sin Información","CALZADA":"-","tmda":302.0},"geometry":{"type":"LineString","coordinates":[[-72.15059,-39.17462],[-72.14562,-39.17709],[-72.0889,-39.18729],[-72.08691,-39.18466],[-72.08537,-39.17634],[-72.08317,-39.17517],[-72.07669,-39.17565],[-72.05209,-39.17134],[-72.03544,-39.17083],[-72.02636,-39.1718],[-72.01854,-39.16893],[-72.00085,-39.168],[-71.99925,-39.16625],[-71.99417,-39.16537],[-71.98847,-39.16696],[-71.97584,-39.16488],[-71.96908,-39.16548]]}},{"id":"6671","type":"Feature","properties":{"ROL":"R-571","NOMBRE_CAMINO":"Pailahueque - Fundo Callin","CLASIFICACION":"Sin Información","CALZADA":"-","tmda":null},"geometry":{"type":"LineString","coordinates":[[-72.31344,-38.12519],[-72.31009,-38.12474],[-72.30921,-38.12347],[-72.28552,-38.12946],[-72.28425,-38.12792],[-72.24906,-38.13694],[-72.21144,-38.14434],[-72.20903,-38.14613],[-72.1466,-38.16085],[-72.14811,-38.16614],[-72.03998,-38.19307],[-72.0098,-38.19525],[-71.98752,-38.20311],[-71.96825,-38.20797]]}},{"id":"6672","type":"Feature","properties":{"ROL":"R-382","NOMBRE_CAMINO":"Acceso Sur A Pidima","CLASIFICACION":"Sin Información","CALZADA":"-","tmda":null},"geometry":{"type":"LineString","coordinates":[[-72.40853,-38.03272],[-72.42462,-38.01726]]}},{"id":"6673","type":"Feature","properties":{"ROL":"S-605","NOMBRE_CAMINO":"Quinta Faja","CLASIFICACION":"Sin Información","CALZADA":"-","tmda":199.0},"geometry":{"type":"LineString","coordinates":[[-72.65137,-39.11915],[-72.52449,-39.14996],[-72.52073,-39.1582],[-72.5125,-39.16456],[-72.50008,-39.16508],[-72.48931,-39.16381],[-72.48753,-39.16091],[-72.48474,-39.15955],[-72.33498,-39.19262]]}},{"id":"6674","type":"Feature","properties":{"ROL":"R-660","NOMBRE_CAMINO":"Capitán Pastene - Cruce R-730","CLASIFICACION":"Sin Información","CALZADA":"-","tmda":null},"geometry":{"type":"LineString","coordinates":[[-72.9908,-38.19802],[-72.98828,-38.20009],[-72.98723,-38.20443],[-72.98313,-38.20846],[-72.9822,-38.21167],[-72.97791,-38.21376],[-72.97224,-38.22101],[-72.9713,-38.22784],[-72.96861,-38.22991],[-72.9639,-38.23922],[-72.96346,-38.2442],[-72.95552,-38.25204],[-72.95584,-38.25558],[-72.95054,-38.25703],[-72.94929,-38.25936],[-72.93029,-38.27202],[-72.9285,-38.27731],[-72.92837,-38.28551],[-72.93098,-38.29082]]}},{"id":"6675","type":"Feature","properties":{"ROL":"S/R","NOMBRE_CAMINO":"Dalpín Hacia El Sur","CLASIFICACION":"Sin Información","CALZADA":"-","tmda":501.0},"geometry":{"type":"LineString","coordinates":[[-72.63901,-39.04699],[-72.64164,-39.05423],[-72.64064,-39.05587],[-72.63574,-39.058],[-72.6384,-39.06527],[-72.63312,-39.06653]]}},{"id":"6676","type":"Feature","properties":{"ROL":"R-231","NOMBRE_CAMINO":"Cruce R-23 - Reducción Quilquihuenco","CLASIFICACION":"Sin Información","CALZADA":"-","tmda":null},"geometry":{"type":"LineString","coordinates":[[-72.3629,-37.87155],[-72.36253,-37.86969],[-72.36615,-37.86406],[-72.36995,-37.85201]]}},{"id":"6677","type":"Feature","properties":{"ROL":"R-418","NOMBRE_CAMINO":"Purén - Coyancahuín Por Caupolicán","CLASIFICACION":"Sin Información","CALZADA":"-","tmda":null},"geometry":{"type":"LineString","coordinates":[[-73.02222,-38.00867],[-73.01828,-38.00445],[-73.01613,-38.00412],[-73.01609,-38.00111],[-73.00869,-37.99765],[-73.00498,-37.99089],[-73.00561,-37.98861],[-73.00393,-37.98868],[-73.00148,-37.98632],[-73.00207,-37.98366],[-73.00057,-37.98141],[-73.0002,-37.97921],[-73.00149,-37.97815],[-73.00063,-37.97677],[-73.00925,-37.96938],[-73.00972,-37.96594]]}},{"id":"6678","type":"Feature","properties":{"ROL":"R-527","NOMBRE_CAMINO":"Faja Padilla","CLASIFICACION":"Sin Información","CALZADA":"-","tmda":null},"geometry":{"type":"LineString","coordinates":[[-72.30488,-38.10218],[-72.31344,-38.12519]]}},{"id":"6679","type":"Feature","properties":{"ROL":"S-237","NOMBRE_CAMINO":"Cruce S-225 - Miraflores","CLASIFICACION":"Sin Información","CALZADA":"-","tmda":null},"geometry":{"type":"LineString","coordinates":[[-72.42854,-38.56743],[-72.42954,-38.56907],[-72.43717,-38.57315]]}},{"id":"6680","type":"Feature","properties":{"ROL":"S-145","NOMBRE_CAMINO":"Agua Fría - Río Cautín","CLASIFICACION":"Sin Información","CALZADA":"-","tmda":null},"geometry":{"type":"LineString","coordinates":[[-72.32001,-38.4745],[-72.32367,-38.47488]]}},{"id":"6681","type":"Feature","properties":{"ROL":"S-293","NOMBRE_CAMINO":"Cruce S-377 - Fundo Chucaco","CLASIFICACION":"Sin Información","CALZADA":"-","tmda":null},"geometry":{"type":"LineString","coordinates":[[-72.3666,-38.83742],[-72.36515,-38.82813],[-72.36116,-38.82396],[-72.35854,-38.82266],[-72.34904,-38.82492]]}},{"id":"6682","type":"Feature","properties":{"ROL":"S-403","NOMBRE_CAMINO":"Acceso A San Juan","CLASIFICACION":"Sin Información","CALZADA":"-","tmda":null},"geometry":{"type":"LineString","coordinates":[[-72.45809,-38.82729],[-72.45568,-38.82318],[-72.45232,-38.82063]]}},{"id":"6683","type":"Feature","properties":{"ROL":"S-415","NOMBRE_CAMINO":"Cruce S-395 - Fundo San Pedro","CLASIFICACION":"Sin Información","CALZADA":"-","tmda":null},"geometry":{"type":"LineString","coordinates":[[-72.26586,-38.92112],[-72.2742,-38.91938]]}},{"id":"6684","type":"Feature","properties":{"ROL":"S-278","NOMBRE_CAMINO":"Cruce Ruta S-266 - Cruce Ruta S-274","CLASIFICACION":"Sin Información","CALZADA":"-","tmda":null},"geometry":{"type":"LineString","coordinates":[[-72.84532,-38.71628],[-72.84251,-38.71968],[-72.84405,-38.7254]]}},{"id":"6685","type":"Feature","properties":{"ROL":"S/R","NOMBRE_CAMINO":"Cruce S-60 - Huilio","CLASIFICACION":"Sin Información","CALZADA":"-","tmda":164.0},"geometry":{"type":"LineString","coordinates":[[-73.02896,-38.97645],[-73.02794,-38.97523],[-73.02858,-38.97324],[-73.02255,-38.97133],[-73.02331,-38.96566],[-73.02733,-38.96326]]}},{"id":"6686","type":"Feature","properties":{"ROL":"S-431","NOMBRE_CAMINO":"Cruce Ruta S-443 - Momberg","CLASIFICACION":"Sin Información","CALZADA":"-","tmda":815.0},"geometry":{"type":"LineString","coordinates":[[-72.52566,-38.83394],[-72.52452,-38.84701],[-72.51777,-38.84843],[-72.51267,-38.85292],[-72.50683,-38.86254],[-72.50071,-38.86915],[-72.50153,-38.87247]]}},{"id":"6687","type":"Feature","properties":{"ROL":"S-557","NOMBRE_CAMINO":"Melipeuco - Santa María De Llaima","CLASIFICACION":"Sin Información","CALZADA":"-","tmda":null},"geometry":{"type":"LineString","coordinates":[[-71.7685,-38.87396],[-71.76607,-38.86645],[-71.73845,-38.86949],[-71.73336,-38.86609],[-71.72962,-38.85527]]}},{"id":"6688","type":"Feature","properties":{"ROL":"S/R","NOMBRE_CAMINO":"Chaura - Fundo El Carmen","CLASIFICACION":"Sin Información","CALZADA":"-","tmda":null},"geometry":{"type":"LineString","coordinates":[[-72.26285,-39.47032],[-72.27054,-39.47209],[-72.27666,-39.4703],[-72.28406,-39.47139],[-72.28653,-39.46786],[-72.29249,-39.46478],[-72.29426,-39.46178]]}},{"id":"6689","type":"Feature","properties":{"ROL":"S/R","NOMBRE_CAMINO":"Faja Manzanar","CLASIFICACION":"Sin Información","CALZADA":"-","tmda":null},"geometry":{"type":"LineString","coordinates":[[-72.57275,-37.7714],[-72.56561,-37.76313]]}},{"id":"6690","type":"Feature","properties":{"ROL":"S/R","NOMBRE_CAMINO":"El Sauce - San Vicente","CLASIFICACION":"Sin Información","CALZADA":"-","tmda":899.0},"geometry":{"type":"LineString","coordinates":[[-72.57896,-38.77198],[-72.57331,-38.77828],[-72.56536,-38.78061],[-72.56173,-38.78329],[-72.55499,-38.78408],[-72.55198,-38.7859],[-72.55118,-38.78811],[-72.54113,-38.78977],[-72.53738,-38.79296],[-72.53052,-38.79489],[-72.53079,-38.79635],[-72.52704,-38.7975],[-72.52317,-38.80323],[-72.51461,-38.80267]]}},{"id":"6691","type":"Feature","properties":{"ROL":"S/R","NOMBRE_CAMINO":"Reducción Nilpe - Cruce Ruta S-234","CLASIFICACION":"Sin Información","CALZADA":"-","tmda":null},"geometry":{"type":"LineString","coordinates":[[-72.77702,-38.48312],[-72.78069,-38.48413],[-72.78178,-38.4872],[-72.78338,-38.48696],[-72.78355,-38.48872],[-72.78533,-38.48974],[-72.80076,-38.49045],[-72.80527,-38.50082],[-72.8069,-38.50944],[-72.81435,-38.51225],[-72.81891,-38.49957],[-72.8222,-38.4948],[-72.82969,-38.49258],[-72.83394,-38.49278],[-72.8408,-38.48755],[-72.84787,-38.48697],[-72.84993,-38.48508]]}},{"id":"6692","type":"Feature","properties":{"ROL":"S/R","NOMBRE_CAMINO":"Matríz Bernales","CLASIFICACION":"Sin Información","CALZADA":"-","tmda":501.0},"geometry":{"type":"LineString","coordinates":[[-72.4399,-39.1507],[-72.44532,-39.16823]]}},{"id":"6693","type":"Feature","properties":{"ROL":"S/R","NOMBRE_CAMINO":"Puente Peule -  Estación Toltén","CLASIFICACION":"Sin Información","CALZADA":"-","tmda":null},"geometry":{"type":"LineString","coordinates":[[-73.16287,-39.14918],[-73.16945,-39.1543],[-73.17112,-39.15839],[-73.16941,-39.16045],[-73.17618,-39.17455]]}},{"id":"6694","type":"Feature","properties":{"ROL":"S/R","NOMBRE_CAMINO":"Cruce Ruta R-42 - Cruce Ruta R-452","CLASIFICACION":"Sin Información","CALZADA":"-","tmda":null},"geometry":{"type":"LineString","coordinates":[[-73.04782,-38.04882],[-73.04969,-38.06573],[-73.05059,-38.06712],[-73.05156,-38.06591],[-73.05166,-38.06841],[-73.0573,-38.07594],[-73.06718,-38.08022],[-73.07198,-38.07946]]}},{"id":"6695","type":"Feature","properties":{"ROL":"S/R","NOMBRE_CAMINO":"Lumahue - Vega Allipén","CLASIFICACION":"Sin Información","CALZADA":"-","tmda":null},"geometry":{"type":"LineString","coordinates":[[-73.24313,-38.95691],[-73.24188,-38.95266],[-73.23982,-38.95191],[-73.24319,-38.94883],[-73.24849,-38.94751],[-73.25152,-38.94464]]}},{"id":"6696","type":"Feature","properties":{"ROL":"S/R","NOMBRE_CAMINO":"Cuesta Lastarria - Afquintué","CLASIFICACION":"Sin Información","CALZADA":"-","tmda":501.0},"geometry":{"type":"LineString","coordinates":[[-72.65427,-39.29465],[-72.64985,-39.29246],[-72.65032,-39.28901],[-72.64563,-39.28255],[-72.63555,-39.28224],[-72.63127,-39.28344],[-72.62692,-39.28589],[-72.62754,-39.28699],[-72.62374,-39.28827],[-72.62238,-39.29228],[-72.6192,-39.29456],[-72.6198,-39.29981],[-72.61762,-39.29954],[-72.60416,-39.30522],[-72.603,-39.30315]]}},{"id":"6697","type":"Feature","properties":{"ROL":"S/R","NOMBRE_CAMINO":"El Mirador - Colpi","CLASIFICACION":"Sin Información","CALZADA":"-","tmda":null},"geometry":{"type":"LineString","coordinates":[[-72.73628,-38.29635],[-72.72802,-38.2996],[-72.72273,-38.30375],[-72.72248,-38.30682],[-72.71765,-38.31132],[-72.7159,-38.31807]]}},{"id":"6698","type":"Feature","properties":{"ROL":"R-458","NOMBRE_CAMINO":"Quechereguas - Ercilla","CLASIFICACION":"Sin Información","CALZADA":"-","tmda":null},"geometry":{"type":"LineString","coordinates":[[-72.61393,-38.13304],[-72.62305,-38.11944]]}},{"id":"6699","type":"Feature","properties":{"ROL":"R-254","NOMBRE_CAMINO":"Agua Santa - Cruce R-670-p","CLASIFICACION":"Sin Información","CALZADA":"-","tmda":null},"geometry":{"type":"LineString","coordinates":[[-73.07222,-37.9017],[-73.075,-37.90244],[-73.07683,-37.90478],[-73.08303,-37.90611],[-73.08407,-37.90353],[-73.08824,-37.9028],[-73.08703,-37.90175],[-73.08775,-37.90132],[-73.09036,-37.90175],[-73.10334,-37.8976],[-73.1083,-37.89263],[-73.10943,-37.89328]]}},{"id":"6700","type":"Feature","properties":{"ROL":"S/R","NOMBRE_CAMINO":"Santa Fanny - Los Tilos","CLASIFICACION":"Sin Información","CALZADA":"-","tmda":null},"geometry":{"type":"LineString","coordinates":[[-72.77554,-38.22319],[-72.77825,-38.22494],[-72.77712,-38.23063],[-72.78056,-38.23535],[-72.78463,-38.23803],[-72.78411,-38.24271],[-72.78528,-38.24452]]}},{"id":"6701","type":"Feature","properties":{"ROL":"R-440","NOMBRE_CAMINO":"Estación Santa Rosa - Bif. Quilquén - Renaico","CLASIFICACION":"Sin Información","CALZADA":"-","tmda":159.0},"geometry":{"type":"LineString","coordinates":[[-72.6897,-38.06115],[-72.6834,-38.05917],[-72.68151,-38.06054],[-72.67527,-38.05759],[-72.66915,-38.05824],[-72.65908,-38.05638],[-72.65072,-38.06019],[-72.64952,-38.06203],[-72.64496,-38.06401],[-72.64391,-38.06597],[-72.64127,-38.06587],[-72.63722,-38.07329],[-72.62544,-38.0795],[-72.62386,-38.08173],[-72.61936,-38.08302],[-72.61519,-38.08773],[-72.6123,-38.0957],[-72.60965,-38.09692],[-72.61204,-38.09946],[-72.61067,-38.10447],[-72.61576,-38.11907]]}},{"id":"6702","type":"Feature","properties":{"ROL":"S/R","NOMBRE_CAMINO":"San Gerardo - Huitranlebu","CLASIFICACION":"Sin Información","CALZADA":"-","tmda":null},"geometry":{"type":"LineString","coordinates":[[-72.90564,-38.10129],[-72.91236,-38.09792],[-72.91099,-38.09366],[-72.91286,-38.08101],[-72.91214,-38.07827],[-72.91454,-38.07539]]}},{"id":"6703","type":"Feature","properties":{"ROL":"S/R","NOMBRE_CAMINO":"San Ramón Por La Posta","CLASIFICACION":"Sin Información","CALZADA":"-","tmda":null},"geometry":{"type":"LineString","coordinates":[[-72.96022,-37.89945],[-72.96016,-37.90519],[-72.95802,-37.90731],[-72.95761,-37.91036],[-72.96318,-37.90945],[-72.96766,-37.91218],[-72.97176,-37.91174]]}},{"id":"6704","type":"Feature","properties":{"ROL":"S/R","NOMBRE_CAMINO":"Didaico - Nancahue","CLASIFICACION":"Sin Información","CALZADA":"-","tmda":null},"geometry":{"type":"LineString","coordinates":[[-72.87763,-38.28084],[-72.87665,-38.28311],[-72.87784,-38.28787],[-72.88262,-38.28901]]}},{"id":"6705","type":"Feature","properties":{"ROL":"S/R","NOMBRE_CAMINO":"Acceso A Victoria Por La Genetica","CLASIFICACION":"Sin Información","CALZADA":"-","tmda":null},"geometry":{"type":"LineString","coordinates":[[-72.3399,-38.21217],[-72.33482,-38.21323],[-72.33076,-38.21694],[-72.3271,-38.2229]]}},{"id":"6706","type":"Feature","properties":{"ROL":"S/R","NOMBRE_CAMINO":"Didaico - Temulemu - Alto Hunilhue","CLASIFICACION":"Sin Información","CALZADA":"-","tmda":null},"geometry":{"type":"LineString","coordinates":[[-72.88318,-38.28892],[-72.8761,-38.29081],[-72.87365,-38.28711],[-72.87112,-38.28657],[-72.86924,-38.289],[-72.85977,-38.29233],[-72.85749,-38.29424],[-72.83586,-38.2966],[-72.83298,-38.29949]]}},{"id":"6707","type":"Feature","properties":{"ROL":"R-266","NOMBRE_CAMINO":"Cruce R-86 - Trintre","CLASIFICACION":"Sin Información","CALZADA":"-","tmda":null},"geometry":{"type":"LineString","coordinates":[[-72.73448,-37.92558],[-72.73837,-37.92685],[-72.74281,-37.92465]]}},{"id":"6708","type":"Feature","properties":{"ROL":"S/R","NOMBRE_CAMINO":"Variante Chancahue","CLASIFICACION":"Sin Información","CALZADA":"-","tmda":null},"geometry":{"type":"LineString","coordinates":[[-72.29274,-37.93135],[-72.29361,-37.93393],[-72.29719,-37.93521],[-72.29955,-37.94028],[-72.29013,-37.94197],[-72.28721,-37.93948]]}},{"id":"6709","type":"Feature","properties":{"ROL":"R-164","NOMBRE_CAMINO":"Renaico - Mininco Por Las Viñas","CLASIFICACION":"Sin Información","CALZADA":"-","tmda":null},"geometry":{"type":"LineString","coordinates":[[-72.57775,-37.67206],[-72.56522,-37.67466],[-72.55028,-37.67293],[-72.53068,-37.67321],[-72.52244,-37.66923],[-72.51738,-37.66978],[-72.49092,-37.68327],[-72.48993,-37.69155],[-72.4811,-37.7039]]}},{"id":"6710","type":"Feature","properties":{"ROL":"S/R","NOMBRE_CAMINO":"Las Toscas - Cerro La Leonera","CLASIFICACION":"Sin Información","CALZADA":"-","tmda":null},"geometry":{"type":"LineString","coordinates":[[-72.59724,-38.2148],[-72.57277,-38.20955],[-72.57249,-38.20792],[-72.56309,-38.21358]]}},{"id":"6711","type":"Feature","properties":{"ROL":"S/R","NOMBRE_CAMINO":"El Membrillo - El Fortín","CLASIFICACION":"Sin Información","CALZADA":"-","tmda":null},"geometry":{"type":"LineString","coordinates":[[-72.59301,-38.17701],[-72.59153,-38.17627],[-72.59097,-38.16958],[-72.58811,-38.16921],[-72.58041,-38.17306]]}},{"id":"6712","type":"Feature","properties":{"ROL":"S-138","NOMBRE_CAMINO":"Cruce S-36 - Tranapuente - Límite Regional","CLASIFICACION":"Sin Información","CALZADA":"-","tmda":278.0},"geometry":{"type":"LineString","coordinates":[[-73.35298,-38.69775],[-73.36023,-38.68944],[-73.36552,-38.68608],[-73.38088,-38.68955],[-73.38996,-38.6857],[-73.39474,-38.68647],[-73.4015,-38.68222],[-73.40251,-38.67578],[-73.40082,-38.66675],[-73.40795,-38.66347],[-73.41442,-38.66324],[-73.41872,-38.66114],[-73.42005,-38.65407],[-73.42403,-38.65131],[-73.42408,-38.64792],[-73.42622,-38.64331],[-73.43158,-38.63986],[-73.43069,-38.63764],[-73.43394,-38.63619],[-73.43529,-38.63209],[-73.43898,-38.6271],[-73.4391,-38.62133],[-73.44264,-38.61802],[-73.44342,-38.61276],[-73.44562,-38.61027],[-73.45975,-38.60228],[-73.46401,-38.59556],[-73.46904,-38.59449],[-73.47144,-38.59178],[-73.47138,-38.58758],[-73.47296,-38.58545],[-73.47222,-38.58279],[-73.47626,-38.57734],[-73.47632,-38.57363],[-73.48036,-38.57083],[-73.48159,-38.56685],[-73.48516,-38.56359],[-73.48514,-38.55823],[-73.48714,-38.55521],[-73.48621,-38.55258],[-73.48726,-38.55039],[-73.48428,-38.54398],[-73.47855,-38.54071],[-73.47628,-38.5291],[-73.47117,-38.52345],[-73.4712,-38.52096],[-73.46922,-38.51874],[-73.46671,-38.51081],[-73.46733,-38.50209],[-73.47102,-38.4979],[-73.47924,-38.49635],[-73.48334,-38.49415],[-73.48476,-38.48599]]}},{"id":"6713","type":"Feature","properties":{"ROL":"S/R","NOMBRE_CAMINO":"Cruce R-122 - Quebrada Honda","CLASIFICACION":"Sin Información","CALZADA":"-","tmda":null},"geometry":{"type":"LineString","coordinates":[[-72.81551,-37.70009],[-72.81587,-37.69793],[-72.81412,-37.6943],[-72.81976,-37.69158],[-72.81681,-37.68954],[-72.81644,-37.68653],[-72.81444,-37.68616],[-72.81473,-37.68122],[-72.81309,-37.67853],[-72.80627,-37.67481]]}},{"id":"6714","type":"Feature","properties":{"ROL":"R-154","NOMBRE_CAMINO":"Cruce Ruta 180 - Huequen","CLASIFICACION":"Sin Información","CALZADA":"-","tmda":null},"geometry":{"type":"LineString","coordinates":[[-72.66419,-37.80937],[-72.66446,-37.80238]]}},{"id":"6715","type":"Feature","properties":{"ROL":"S/R","NOMBRE_CAMINO":"Molul - Colonia Curihue","CLASIFICACION":"Sin Información","CALZADA":"-","tmda":501.0},"geometry":{"type":"LineString","coordinates":[[-72.70796,-39.3259],[-72.70707,-39.32924],[-72.71602,-39.33619],[-72.72168,-39.34311],[-72.71781,-39.35884],[-72.72026,-39.3708]]}},{"id":"6716","type":"Feature","properties":{"ROL":"S-413","NOMBRE_CAMINO":"Faja 4.000","CLASIFICACION":"Sin Información","CALZADA":"-","tmda":null},"geometry":{"type":"LineString","coordinates":[[-72.09071,-38.9118],[-72.09135,-38.911],[-72.09057,-38.9085],[-72.0895,-38.90892],[-72.08998,-38.90721],[-72.08908,-38.90723],[-72.08788,-38.90141],[-72.08551,-38.90187],[-72.087,-38.90054],[-72.08354,-38.89115],[-72.08211,-38.8906],[-72.08329,-38.88903],[-72.08094,-38.88628],[-72.07543,-38.87101]]}},{"id":"6717","type":"Feature","properties":{"ROL":"S/R","NOMBRE_CAMINO":"Acceso Los Maquis - Las Bandurrias","CLASIFICACION":"Sin Información","CALZADA":"-","tmda":null},"geometry":{"type":"LineString","coordinates":[[-72.84622,-37.68346],[-72.84951,-37.68618],[-72.84866,-37.68771],[-72.85007,-37.68884],[-72.84831,-37.68908],[-72.84887,-37.69025],[-72.83819,-37.68874],[-72.83473,-37.6895],[-72.83331,-37.69163],[-72.82569,-37.69402],[-72.82505,-37.69628],[-72.82032,-37.69931],[-72.81276,-37.70156],[-72.81219,-37.7042],[-72.81869,-37.7078],[-72.8153,-37.70903]]}},{"id":"6718","type":"Feature","properties":{"ROL":"R-334","NOMBRE_CAMINO":"Lolenco - Cruce R-330 (la Higera)","CLASIFICACION":"Sin Información","CALZADA":"-","tmda":null},"geometry":{"type":"LineString","coordinates":[[-72.58308,-37.91696],[-72.5776,-37.92116],[-72.57445,-37.92822],[-72.57143,-37.943],[-72.56609,-37.95043]]}},{"id":"6719","type":"Feature","properties":{"ROL":"R-23","NOMBRE_CAMINO":"Cruce Ruta 5 (esperanza) - Huapitrío - La Suerte","CLASIFICACION":"Sin Información","CALZADA":"-","tmda":null},"geometry":{"type":"LineString","coordinates":[[-72.18629,-37.9384],[-72.17282,-37.94246],[-72.15683,-37.95598],[-72.15214,-37.95799],[-72.14467,-37.96504],[-72.13708,-37.97734],[-72.12095,-37.9888],[-72.11996,-37.99473],[-72.11774,-37.99841],[-72.11296,-38.00068],[-72.11027,-38.00507],[-72.10559,-38.00784],[-72.09573,-38.01025]]}},{"id":"6720","type":"Feature","properties":{"ROL":"R-330","NOMBRE_CAMINO":"Cruce Ruta 182 - El Pino - Cruce Ruta R-400","CLASIFICACION":"Sin Información","CALZADA":"-","tmda":126.0},"geometry":{"type":"LineString","coordinates":[[-72.55629,-37.96691],[-72.55254,-37.96768],[-72.55064,-37.97063],[-72.54522,-37.97428]]}},{"id":"6721","type":"Feature","properties":{"ROL":"S/R","NOMBRE_CAMINO":"Nupangue - Tromenco","CLASIFICACION":"Sin Información","CALZADA":"-","tmda":null},"geometry":{"type":"LineString","coordinates":[[-72.56338,-38.03549],[-72.56966,-38.0462],[-72.57202,-38.04727],[-72.57159,-38.05532],[-72.57359,-38.06165],[-72.5676,-38.06641],[-72.56366,-38.0736],[-72.55836,-38.07261],[-72.55754,-38.07379],[-72.55915,-38.07778],[-72.56068,-38.07735],[-72.56056,-38.08086],[-72.56608,-38.08414],[-72.56602,-38.08516],[-72.56293,-38.08607],[-72.56635,-38.09414],[-72.56416,-38.09981],[-72.56712,-38.10424],[-72.56979,-38.11262]]}},{"id":"6722","type":"Feature","properties":{"ROL":"R-402","NOMBRE_CAMINO":"Estación Saboya - Melín","CLASIFICACION":"Sin Información","CALZADA":"-","tmda":null},"geometry":{"type":"LineString","coordinates":[[-72.79436,-38.01454],[-72.78342,-38.01493],[-72.77604,-38.02039],[-72.77075,-38.01982],[-72.76929,-38.02321],[-72.76949,-38.03003]]}},{"id":"6723","type":"Feature","properties":{"ROL":"S/R","NOMBRE_CAMINO":"Barros Negros - Las Lumas","CLASIFICACION":"Sin Información","CALZADA":"-","tmda":null},"geometry":{"type":"LineString","coordinates":[[-73.12575,-38.32308],[-73.12296,-38.32597],[-73.12577,-38.33009],[-73.12315,-38.3327],[-73.12252,-38.33678],[-73.11824,-38.33877],[-73.11897,-38.34093],[-73.11745,-38.34456],[-73.11085,-38.35072],[-73.1132,-38.35522],[-73.12345,-38.35949],[-73.12757,-38.36822],[-73.13428,-38.36721],[-73.14028,-38.3685]]}},{"id":"6724","type":"Feature","properties":{"ROL":"S/R","NOMBRE_CAMINO":"Posta Rucatraro - Quichaltue","CLASIFICACION":"Sin Información","CALZADA":"-","tmda":null},"geometry":{"type":"LineString","coordinates":[[-72.95796,-38.44706],[-72.95633,-38.4487],[-72.95381,-38.44814],[-72.95222,-38.44975],[-72.95082,-38.44938],[-72.95005,-38.4511],[-72.94622,-38.45301],[-72.9453,-38.45215],[-72.94074,-38.45978],[-72.93208,-38.46107],[-72.92811,-38.46016],[-72.92356,-38.46157],[-72.92289,-38.46422]]}},{"id":"6725","type":"Feature","properties":{"ROL":"R-456","NOMBRE_CAMINO":"Estacion Quilquen - Quechereguas","CLASIFICACION":"Sin Información","CALZADA":"-","tmda":null},"geometry":{"type":"LineString","coordinates":[[-72.62355,-38.11925],[-72.62058,-38.12006],[-72.61175,-38.11851],[-72.60455,-38.11936],[-72.59589,-38.11766],[-72.58931,-38.11821],[-72.58872,-38.11534],[-72.56976,-38.11274]]}},{"id":"6726","type":"Feature","properties":{"ROL":"R-510","NOMBRE_CAMINO":"Traiguén - La Unión","CLASIFICACION":"Sin Información","CALZADA":"-","tmda":null},"geometry":{"type":"LineString","coordinates":[[-72.66868,-38.1378],[-72.668,-38.13433],[-72.66609,-38.13286],[-72.66418,-38.12819],[-72.66855,-38.128],[-72.67162,-38.12572],[-72.67332,-38.12217],[-72.68428,-38.1205],[-72.69118,-38.1157],[-72.70027,-38.11513],[-72.70556,-38.10983],[-72.70873,-38.10905]]}},{"id":"6727","type":"Feature","properties":{"ROL":"S/R","NOMBRE_CAMINO":"Chufquén - Molco","CLASIFICACION":"Sin Información","CALZADA":"-","tmda":null},"geometry":{"type":"LineString","coordinates":[[-72.64941,-38.4044],[-72.65259,-38.41097],[-72.65909,-38.41464],[-72.65593,-38.41947]]}},{"id":"6728","type":"Feature","properties":{"ROL":"S/R","NOMBRE_CAMINO":"Las Lumas - Manzanar Por Curilebu","CLASIFICACION":"Sin Información","CALZADA":"-","tmda":null},"geometry":{"type":"LineString","coordinates":[[-73.12575,-38.32308],[-73.12784,-38.32184],[-73.12816,-38.31822],[-73.13409,-38.31327],[-73.13659,-38.30785],[-73.13905,-38.30634],[-73.14987,-38.30359],[-73.15389,-38.30515],[-73.1598,-38.30493]]}},{"id":"6729","type":"Feature","properties":{"ROL":"R-740","NOMBRE_CAMINO":"Traiguén - Malalhue","CLASIFICACION":"Sin Información","CALZADA":"-","tmda":null},"geometry":{"type":"LineString","coordinates":[[-72.74145,-38.24098],[-72.74349,-38.24207],[-72.75073,-38.24115],[-72.75256,-38.24252],[-72.75205,-38.24371]]}},{"id":"6730","type":"Feature","properties":{"ROL":"S/R","NOMBRE_CAMINO":"Chesque Hacia El Poniente","CLASIFICACION":"Sin Información","CALZADA":"-","tmda":null},"geometry":{"type":"LineString","coordinates":[[-72.30184,-39.41686],[-72.30106,-39.41536],[-72.30257,-39.41403],[-72.30039,-39.41291],[-72.29999,-39.40983]]}},{"id":"6731","type":"Feature","properties":{"ROL":"S-114","NOMBRE_CAMINO":"Cruce Ruta S-36 (riguanca) - Trovolhue San Juan De Trovolhue - Aillinco","CLASIFICACION":"Sin Información","CALZADA":"-","tmda":1145.0},"geometry":{"type":"LineString","coordinates":[[-73.41494,-38.53218],[-73.41399,-38.52918],[-73.4099,-38.52732],[-73.40987,-38.52307],[-73.40632,-38.52068],[-73.40577,-38.51865],[-73.39897,-38.51848],[-73.39497,-38.51694],[-73.39197,-38.51059],[-73.38974,-38.50925],[-73.38941,-38.50322],[-73.3876,-38.49937],[-73.38837,-38.49503],[-73.38709,-38.49271],[-73.3873,-38.48653]]}},{"id":"6732","type":"Feature","properties":{"ROL":"R-550","NOMBRE_CAMINO":"Cruce Ruta R-88 - Fundo Santa Rosa De Adencul - Las Vertientes","CLASIFICACION":"Sin Información","CALZADA":"-","tmda":null},"geometry":{"type":"LineString","coordinates":[[-72.44355,-38.18314],[-72.43965,-38.17484],[-72.43466,-38.17619]]}},{"id":"6733","type":"Feature","properties":{"ROL":"R-575","NOMBRE_CAMINO":"Victoria - Inspector Fernández Por Cerro Antiguo","CLASIFICACION":"Sin Información","CALZADA":"-","tmda":null},"geometry":{"type":"LineString","coordinates":[[-72.3271,-38.2229],[-72.32214,-38.22257]]}},{"id":"6734","type":"Feature","properties":{"ROL":"S/R","NOMBRE_CAMINO":"Chesque Hacia El Poniente","CLASIFICACION":"Sin Información","CALZADA":"-","tmda":null},"geometry":{"type":"LineString","coordinates":[[-72.25438,-39.45312],[-72.26792,-39.45728]]}},{"id":"6735","type":"Feature","properties":{"ROL":"R-321","NOMBRE_CAMINO":"Cruce Longitudinal - Huapitrio Por Niza","CLASIFICACION":"Sin Información","CALZADA":"-","tmda":null},"geometry":{"type":"LineString","coordinates":[[-72.37652,-37.90415],[-72.35322,-37.89239]]}},{"id":"6736","type":"Feature","properties":{"ROL":"S/R","NOMBRE_CAMINO":"Divisoria Colga","CLASIFICACION":"Sin Información","CALZADA":"-","tmda":null},"geometry":{"type":"LineString","coordinates":[[-72.36744,-39.20492],[-72.38289,-39.20153]]}},{"id":"6737","type":"Feature","properties":{"ROL":"S/R","NOMBRE_CAMINO":"Loncoche - Elocoyán","CLASIFICACION":"Sin Información","CALZADA":"-","tmda":501.0},"geometry":{"type":"LineString","coordinates":[[-72.62446,-39.32711],[-72.62124,-39.32606],[-72.62097,-39.32327],[-72.61827,-39.32121]]}},{"id":"6738","type":"Feature","properties":{"ROL":"S/R","NOMBRE_CAMINO":"Cruce Ruta 181 Ch - Rumania (faja Placeres)","CLASIFICACION":"Sin Información","CALZADA":"-","tmda":null},"geometry":{"type":"LineString","coordinates":[[-72.02459,-38.2804],[-72.01959,-38.26734]]}},{"id":"6739","type":"Feature","properties":{"ROL":"S/R","NOMBRE_CAMINO":"Alto Mañío - Cudico","CLASIFICACION":"Sin Información","CALZADA":"-","tmda":null},"geometry":{"type":"LineString","coordinates":[[-73.0525,-38.81925],[-73.05076,-38.81252],[-73.05173,-38.81048],[-73.05595,-38.80764]]}},{"id":"6740","type":"Feature","properties":{"ROL":"S-162","NOMBRE_CAMINO":"Cruce S-40 (ranquilco) - Chacamo","CLASIFICACION":"Sin Información","CALZADA":"-","tmda":null},"geometry":{"type":"LineString","coordinates":[[-73.05001,-38.58313],[-73.04408,-38.58517],[-73.04248,-38.58632],[-73.04277,-38.58772],[-73.0416,-38.58763]]}},{"id":"6741","type":"Feature","properties":{"ROL":"S-593","NOMBRE_CAMINO":"Tercera Faja - Coicoma","CLASIFICACION":"Sin Información","CALZADA":"-","tmda":null},"geometry":{"type":"LineString","coordinates":[[-72.39001,-39.15305],[-72.38255,-39.15722]]}},{"id":"6742","type":"Feature","properties":{"ROL":"S/R","NOMBRE_CAMINO":"Misión Boroa - Las Mercedes","CLASIFICACION":"Sin Información","CALZADA":"-","tmda":164.0},"geometry":{"type":"LineString","coordinates":[[-72.88468,-38.84317],[-72.88319,-38.84662],[-72.88356,-38.8523],[-72.88653,-38.85539]]}},{"id":"6743","type":"Feature","properties":{"ROL":"S/R","NOMBRE_CAMINO":"Los Guindos - Los Copihues","CLASIFICACION":"Sin Información","CALZADA":"-","tmda":899.0},"geometry":{"type":"LineString","coordinates":[[-72.63204,-38.66343],[-72.63106,-38.65667],[-72.62634,-38.65567],[-72.62474,-38.6537]]}},{"id":"6744","type":"Feature","properties":{"ROL":"S/R","NOMBRE_CAMINO":"Ranquicura - Pumalal - Las Quemas","CLASIFICACION":"Sin Información","CALZADA":"-","tmda":164.0},"geometry":{"type":"LineString","coordinates":[[-73.00962,-39.06292],[-73.00571,-39.06571],[-73.00427,-39.06521],[-73.00227,-39.06987],[-73.00334,-39.07339],[-73.00198,-39.07972],[-72.99731,-39.08292],[-72.9994,-39.08775],[-73.00255,-39.09028],[-73.00371,-39.09375],[-73.01054,-39.10178],[-73.01251,-39.10631],[-73.01135,-39.10803],[-73.01341,-39.11002],[-73.01239,-39.11103],[-73.01299,-39.11626],[-73.00525,-39.11798],[-73.00394,-39.11928]]}},{"id":"6745","type":"Feature","properties":{"ROL":"S/R","NOMBRE_CAMINO":"Cruce S-425 - Colonia Caupolicán","CLASIFICACION":"Sin Información","CALZADA":"-","tmda":null},"geometry":{"type":"LineString","coordinates":[[-72.0275,-38.91183],[-72.01709,-38.90813],[-72.02736,-38.90787],[-72.02112,-38.90549],[-72.01801,-38.90068],[-72.01518,-38.90048]]}},{"id":"6746","type":"Feature","properties":{"ROL":"S/R","NOMBRE_CAMINO":"Cruce S-425 - Colonia Caupolicán","CLASIFICACION":"Sin Información","CALZADA":"-","tmda":null},"geometry":{"type":"LineString","coordinates":[[-72.00684,-38.89771],[-71.99607,-38.89],[-71.99378,-38.88358],[-71.99732,-38.87972],[-71.99484,-38.87729],[-71.98964,-38.8751],[-71.97936,-38.87717],[-71.97106,-38.87531],[-71.94658,-38.86206]]}},{"id":"6747","type":"Feature","properties":{"ROL":"S-860","NOMBRE_CAMINO":"Variante La Silla","CLASIFICACION":"Sin Información","CALZADA":"-","tmda":null},"geometry":{"type":"LineString","coordinates":[[-72.75774,-39.22567],[-72.75905,-39.22469],[-72.7657,-39.22494],[-72.77093,-39.22681],[-72.77594,-39.22304],[-72.78047,-39.223],[-72.78301,-39.22099],[-72.78696,-39.22202],[-72.78714,-39.22352],[-72.79598,-39.22123],[-72.8016,-39.22357]]}},{"id":"6748","type":"Feature","properties":{"ROL":"S/R","NOMBRE_CAMINO":"Huiscapi - El Parque","CLASIFICACION":"Sin Información","CALZADA":"-","tmda":501.0},"geometry":{"type":"LineString","coordinates":[[-72.43887,-39.30433],[-72.43801,-39.29584]]}},{"id":"6749","type":"Feature","properties":{"ROL":"S-533","NOMBRE_CAMINO":"Cruce Ruta S-51 - Curacalco","CLASIFICACION":"Sin Información","CALZADA":"-","tmda":343.0},"geometry":{"type":"LineString","coordinates":[[-71.81553,-38.92699],[-71.80843,-38.92417],[-71.80095,-38.92413],[-71.79379,-38.93114]]}},{"id":"6750","type":"Feature","properties":{"ROL":"S/R","NOMBRE_CAMINO":"Sexta Faja - Séptima Faja","CLASIFICACION":"Sin Información","CALZADA":"-","tmda":null},"geometry":{"type":"LineString","coordinates":[[-72.35117,-39.22825],[-72.36302,-39.26159]]}},{"id":"6751","type":"Feature","properties":{"ROL":"S/R","NOMBRE_CAMINO":"El Curaco - Asentamiento Viva Chile","CLASIFICACION":"Sin Información","CALZADA":"-","tmda":null},"geometry":{"type":"LineString","coordinates":[[-72.15201,-38.09985],[-72.14558,-38.09465],[-72.14618,-38.09383],[-72.14341,-38.08732],[-72.13705,-38.08548],[-72.1358,-38.08393],[-72.13705,-38.07432],[-72.1338,-38.06909],[-72.13448,-38.06778],[-72.12747,-38.05815],[-72.12731,-38.05235]]}},{"id":"6752","type":"Feature","properties":{"ROL":"S/R","NOMBRE_CAMINO":"Cruce R-35 - Palermo","CLASIFICACION":"Sin Información","CALZADA":"-","tmda":null},"geometry":{"type":"LineString","coordinates":[[-72.32686,-37.96819],[-72.31943,-37.9637],[-72.30718,-37.96315],[-72.29549,-37.97349]]}},{"id":"6753","type":"Feature","properties":{"ROL":"S/R","NOMBRE_CAMINO":"Cruce R-35 - Palermo","CLASIFICACION":"Sin Información","CALZADA":"-","tmda":null},"geometry":{"type":"LineString","coordinates":[[-72.3581,-37.96033],[-72.35537,-37.96652],[-72.3415,-37.97814],[-72.34245,-37.9796],[-72.34116,-37.98151],[-72.34231,-37.98294],[-72.33673,-37.98897],[-72.33439,-37.98921],[-72.33176,-37.98403],[-72.33234,-37.9793],[-72.32654,-37.96834]]}},{"id":"6754","type":"Feature","properties":{"ROL":"S/R","NOMBRE_CAMINO":"Niágara - San Juan","CLASIFICACION":"Sin Información","CALZADA":"-","tmda":899.0},"geometry":{"type":"LineString","coordinates":[[-72.41744,-38.77541],[-72.41787,-38.7784],[-72.41999,-38.78115],[-72.42028,-38.78757],[-72.4235,-38.78707],[-72.42573,-38.7929]]}},{"id":"6755","type":"Feature","properties":{"ROL":"S/R","NOMBRE_CAMINO":"Curarrehue - Carén","CLASIFICACION":"Sin Información","CALZADA":"-","tmda":null},"geometry":{"type":"LineString","coordinates":[[-71.49507,-39.57493],[-71.4958,-39.57685],[-71.504,-39.58261],[-71.50207,-39.58718]]}},{"id":"6756","type":"Feature","properties":{"ROL":"S-447","NOMBRE_CAMINO":"Acceso A Tumuntuco","CLASIFICACION":"Sin Información","CALZADA":"-","tmda":null},"geometry":{"type":"LineString","coordinates":[[-72.5136,-38.87596],[-72.50508,-38.88061],[-72.50377,-38.88463],[-72.50149,-38.88618],[-72.50101,-38.88834],[-72.50519,-38.90162]]}},{"id":"6757","type":"Feature","properties":{"ROL":"S/R","NOMBRE_CAMINO":"Curarrehue - Termas De Panqui","CLASIFICACION":"Sin Información","CALZADA":"-","tmda":null},"geometry":{"type":"LineString","coordinates":[[-71.59573,-39.34648],[-71.59869,-39.34503],[-71.59793,-39.34177],[-71.59481,-39.34063],[-71.59364,-39.33768],[-71.59038,-39.33555],[-71.59247,-39.32863],[-71.58996,-39.32512],[-71.58269,-39.32229],[-71.58069,-39.3146],[-71.57744,-39.31102],[-71.57859,-39.30841],[-71.57615,-39.30527],[-71.57625,-39.30357],[-71.56898,-39.29664],[-71.55797,-39.28763],[-71.55412,-39.28645],[-71.55342,-39.28481],[-71.54649,-39.283],[-71.54731,-39.28046],[-71.53312,-39.27791],[-71.51299,-39.27145],[-71.50252,-39.26514],[-71.5004,-39.26085],[-71.49512,-39.25901]]}},{"id":"6758","type":"Feature","properties":{"ROL":"S-965","NOMBRE_CAMINO":"Curarrehue - Reigolil","CLASIFICACION":"Sin Información","CALZADA":"-","tmda":null},"geometry":{"type":"LineString","coordinates":[[-71.58373,-39.36393],[-71.57379,-39.35951],[-71.57313,-39.35367],[-71.57012,-39.34665],[-71.57007,-39.34011],[-71.56772,-39.33731],[-71.56501,-39.33672],[-71.56054,-39.33162],[-71.55515,-39.32933],[-71.54982,-39.32884],[-71.54035,-39.33085],[-71.53203,-39.33513],[-71.52714,-39.33508],[-71.52838,-39.33363],[-71.51821,-39.33538],[-71.50537,-39.33404],[-71.49847,-39.32877],[-71.49065,-39.31918],[-71.47651,-39.31339],[-71.45589,-39.3091],[-71.44138,-39.30278],[-71.4374,-39.29954],[-71.43698,-39.29508],[-71.42892,-39.28615],[-71.43296,-39.27982],[-71.43332,-39.27135],[-71.43636,-39.26688],[-71.43195,-39.26198],[-71.43477,-39.25125],[-71.43487,-39.23452],[-71.43613,-39.23103],[-71.43405,-39.22524],[-71.43536,-39.21883],[-71.4399,-39.2089],[-71.44259,-39.20591],[-71.45917,-39.20103],[-71.46822,-39.19434],[-71.47069,-39.18619],[-71.47515,-39.18054],[-71.47937,-39.179],[-71.48205,-39.17188],[-71.48656,-39.16856],[-71.49122,-39.15674],[-71.49421,-39.15423],[-71.49682,-39.14572],[-71.4901,-39.13395],[-71.48348,-39.1309],[-71.48321,-39.12868],[-71.47534,-39.11913],[-71.47298,-39.11403],[-71.47708,-39.10467],[-71.47671,-39.09599],[-71.4783,-39.09237],[-71.49316,-39.08038],[-71.50053,-39.07828],[-71.50023,-39.0766],[-71.50538,-39.07551],[-71.5136,-39.06441],[-71.51446,-39.06809],[-71.52304,-39.06547],[-71.52684,-39.06781],[-71.53997,-39.07],[-71.55038,-39.06924],[-71.55721,-39.06658],[-71.56606,-39.06743],[-71.57806,-39.07224],[-71.60326,-39.07426],[-71.60671,-39.07407],[-71.61048,-39.06824],[-71.62208,-39.06862],[-71.62227,-39.07009],[-71.62348,-39.06955],[-71.62649,-39.07159],[-71.6297,-39.07725],[-71.6334,-39.07767],[-71.63212,-39.07955],[-71.65554,-39.06896],[-71.65984,-39.06504],[-71.66704,-39.06337],[-71.67233,-39.06371],[-71.67893,-39.05879],[-71.68191,-39.05804],[-71.68775,-39.05831],[-71.69643,-39.06117],[-71.70457,-39.06159],[-71.71257,-39.06377],[-71.73198,-39.06357],[-71.73801,-39.06522],[-71.74485,-39.06389],[-71.74677,-39.06554],[-71.75989,-39.06735],[-71.76098,-39.07042],[-71.76233,-39.0706],[-71.76494,-39.06868],[-71.77161,-39.05694],[-71.77928,-39.05181],[-71.79369,-39.05072],[-71.80241,-39.0479],[-71.80465,-39.04943],[-71.81629,-39.05209],[-71.82243,-39.05523],[-71.82339,-39.057]]}},{"id":"6759","type":"Feature","properties":{"ROL":"S/R","NOMBRE_CAMINO":"Santa María - Quepe","CLASIFICACION":"Sin Información","CALZADA":"-","tmda":null},"geometry":{"type":"LineString","coordinates":[[-71.95579,-38.6812],[-71.95897,-38.67741],[-71.96761,-38.67765],[-71.97045,-38.67529],[-71.96873,-38.67079],[-71.96992,-38.67016]]}},{"id":"6760","type":"Feature","properties":{"ROL":"S/R","NOMBRE_CAMINO":"Las Araucarias - Volcán Llaima","CLASIFICACION":"Sin Información","CALZADA":"-","tmda":null},"geometry":{"type":"LineString","coordinates":[[-71.84287,-38.67778],[-71.83526,-38.67682],[-71.82681,-38.681],[-71.81917,-38.68297],[-71.81686,-38.68257],[-71.81525,-38.67945],[-71.80832,-38.67701],[-71.80469,-38.67854],[-71.80259,-38.68312],[-71.79964,-38.68344],[-71.80058,-38.68547]]}},{"id":"6761","type":"Feature","properties":{"ROL":"S/R","NOMBRE_CAMINO":"Dalcaco - Voipir","CLASIFICACION":"Sin Información","CALZADA":"-","tmda":null},"geometry":{"type":"LineString","coordinates":[[-72.18939,-39.34603],[-72.19222,-39.35099],[-72.18985,-39.35921]]}},{"id":"6762","type":"Feature","properties":{"ROL":"S/R","NOMBRE_CAMINO":"Villa Los Boldos - El Arrayan","CLASIFICACION":"Sin Información","CALZADA":"-","tmda":164.0},"geometry":{"type":"LineString","coordinates":[[-73.09338,-39.15931],[-73.09982,-39.16978],[-73.09853,-39.17051],[-73.09846,-39.17428]]}},{"id":"6763","type":"Feature","properties":{"ROL":"S/R","NOMBRE_CAMINO":"Variante Mune","CLASIFICACION":"Sin Información","CALZADA":"-","tmda":501.0},"geometry":{"type":"LineString","coordinates":[[-72.57682,-39.06992],[-72.58069,-39.07801],[-72.58083,-39.08104]]}},{"id":"6764","type":"Feature","properties":{"ROL":"S-429","NOMBRE_CAMINO":"Cruce Ruta S-51 - Montaña Baja","CLASIFICACION":"Sin Información","CALZADA":"-","tmda":null},"geometry":{"type":"LineString","coordinates":[[-71.99244,-38.91954],[-71.98489,-38.8969]]}},{"id":"6765","type":"Feature","properties":{"ROL":"S/R","NOMBRE_CAMINO":"Filoco - Río Quinque","CLASIFICACION":"Sin Información","CALZADA":"-","tmda":164.0},"geometry":{"type":"LineString","coordinates":[[-72.80598,-39.06471],[-72.80156,-39.06678],[-72.79864,-39.07049],[-72.79332,-39.07107]]}},{"id":"6766","type":"Feature","properties":{"ROL":"S/R","NOMBRE_CAMINO":"La Cabaña Hacia El Nor Poniente","CLASIFICACION":"Sin Información","CALZADA":"-","tmda":null},"geometry":{"type":"LineString","coordinates":[[-73.23829,-38.5209],[-73.25514,-38.52016],[-73.2577,-38.51778],[-73.2599,-38.51789],[-73.25914,-38.51576],[-73.26163,-38.51445],[-73.27027,-38.51809],[-73.27352,-38.52102],[-73.27841,-38.51808],[-73.28678,-38.5196],[-73.28851,-38.51708],[-73.29912,-38.514],[-73.3194,-38.51623],[-73.32548,-38.51502],[-73.32923,-38.51162],[-73.33558,-38.51379],[-73.33839,-38.51615],[-73.33905,-38.51843],[-73.34451,-38.51876]]}},{"id":"6767","type":"Feature","properties":{"ROL":"S/R","NOMBRE_CAMINO":"La Cabaña Hacia El Sur Poniente","CLASIFICACION":"Sin Información","CALZADA":"-","tmda":null},"geometry":{"type":"LineString","coordinates":[[-73.25157,-38.52615],[-73.24812,-38.5244],[-73.24326,-38.52505]]}},{"id":"6768","type":"Feature","properties":{"ROL":"S-672","NOMBRE_CAMINO":"Faja Bruna","CLASIFICACION":"Sin Información","CALZADA":"-","tmda":null},"geometry":{"type":"LineString","coordinates":[[-72.92024,-39.06073],[-72.94242,-39.05584]]}},{"id":"6769","type":"Feature","properties":{"ROL":"S/R","NOMBRE_CAMINO":"Asentamiento El Progreso","CLASIFICACION":"Sin Información","CALZADA":"-","tmda":null},"geometry":{"type":"LineString","coordinates":[[-72.22184,-37.99421],[-72.21122,-37.96484],[-72.21023,-37.96037],[-72.21124,-37.95744],[-72.20945,-37.9566],[-72.20776,-37.95768]]}},{"id":"6770","type":"Feature","properties":{"ROL":"S-218","NOMBRE_CAMINO":"Bolilche - Escuela Curaco","CLASIFICACION":"Sin Información","CALZADA":"-","tmda":null},"geometry":{"type":"LineString","coordinates":[[-72.90815,-38.66005],[-72.9217,-38.66177],[-72.9402,-38.65701],[-72.94666,-38.65701],[-72.94714,-38.65812]]}},{"id":"6771","type":"Feature","properties":{"ROL":"S/R","NOMBRE_CAMINO":"Cruce Ruta S-578 - Rio Quepe","CLASIFICACION":"Sin Información","CALZADA":"-","tmda":899.0},"geometry":{"type":"LineString","coordinates":[[-72.69459,-38.82792],[-72.69845,-38.82517],[-72.70511,-38.82479],[-72.70949,-38.83162],[-72.72327,-38.83416],[-72.7476,-38.82928],[-72.75038,-38.83162],[-72.75952,-38.83353],[-72.76998,-38.83356],[-72.77811,-38.83037],[-72.77833,-38.82868]]}},{"id":"6772","type":"Feature","properties":{"ROL":"S-265","NOMBRE_CAMINO":"Cruce Ruta S-31 - Estero Pusulhuín","CLASIFICACION":"Sin Información","CALZADA":"-","tmda":null},"geometry":{"type":"LineString","coordinates":[[-72.45123,-38.69729],[-72.45003,-38.69131],[-72.44793,-38.69055],[-72.44723,-38.68701],[-72.44751,-38.68233],[-72.45146,-38.68044]]}},{"id":"6773","type":"Feature","properties":{"ROL":"S/R","NOMBRE_CAMINO":"Cruce S-227 - Cruce S-259","CLASIFICACION":"Sin Información","CALZADA":"-","tmda":null},"geometry":{"type":"LineString","coordinates":[[-72.40022,-38.65836],[-72.40481,-38.66059],[-72.4161,-38.66194],[-72.41888,-38.66521],[-72.4243,-38.66489]]}},{"id":"6774","type":"Feature","properties":{"ROL":"S/R","NOMBRE_CAMINO":"Acceso Central A Lautaro","CLASIFICACION":"Sin Información","CALZADA":"-","tmda":null},"geometry":{"type":"LineString","coordinates":[[-72.45716,-38.52212],[-72.44094,-38.52654]]}},{"id":"6775","type":"Feature","properties":{"ROL":"R-735","NOMBRE_CAMINO":"Cruce R-89  (victoria) - Las Mariposas","CLASIFICACION":"Sin Información","CALZADA":"-","tmda":null},"geometry":{"type":"LineString","coordinates":[[-72.26274,-38.25781],[-72.24632,-38.248],[-72.23976,-38.24598],[-72.23424,-38.24664],[-72.22391,-38.24403],[-72.22109,-38.24522],[-72.20175,-38.24299],[-72.17979,-38.248],[-72.17311,-38.23129],[-72.07062,-38.25542]]}},{"id":"6776","type":"Feature","properties":{"ROL":"S-797","NOMBRE_CAMINO":"Paya - Huiscapi","CLASIFICACION":"Sin Información","CALZADA":"-","tmda":288.0},"geometry":{"type":"LineString","coordinates":[[-72.52902,-39.3786],[-72.52492,-39.3768],[-72.51479,-39.37555],[-72.50557,-39.37069],[-72.49701,-39.37203],[-72.47328,-39.37156],[-72.47157,-39.36992],[-72.45738,-39.36488],[-72.45285,-39.36101],[-72.43963,-39.35434]]}},{"id":"6777","type":"Feature","properties":{"ROL":"S-797","NOMBRE_CAMINO":"Paya - Huiscapi","CLASIFICACION":"Sin Información","CALZADA":"-","tmda":288.0},"geometry":{"type":"LineString","coordinates":[[-72.43937,-39.35432],[-72.43439,-39.35048],[-72.434,-39.34817],[-72.43614,-39.34369],[-72.43165,-39.3365],[-72.43164,-39.3291]]}},{"id":"6778","type":"Feature","properties":{"ROL":"R-810","NOMBRE_CAMINO":"Victoria - Quino","CLASIFICACION":"Sin Información","CALZADA":"-","tmda":null},"geometry":{"type":"LineString","coordinates":[[-72.35922,-38.25247],[-72.36347,-38.2559],[-72.36759,-38.26156],[-72.37228,-38.26209],[-72.37749,-38.26445],[-72.38636,-38.27176],[-72.38841,-38.27486],[-72.40423,-38.27843],[-72.43281,-38.29702],[-72.44966,-38.30199],[-72.45037,-38.30687],[-72.47024,-38.31457],[-72.47049,-38.32347],[-72.49821,-38.33979],[-72.50294,-38.33998]]}},{"id":"6779","type":"Feature","properties":{"ROL":"S-239-T","NOMBRE_CAMINO":"Chesque - Chaura - Ancapullié Sector: Chesque - Límite Regional","CLASIFICACION":"Sin Información","CALZADA":"-","tmda":1929.0},"geometry":{"type":"LineString","coordinates":[[-72.22119,-39.4063],[-72.22824,-39.41588],[-72.23425,-39.42764],[-72.24531,-39.43985],[-72.24801,-39.44491],[-72.2515,-39.44584],[-72.25659,-39.45835],[-72.26278,-39.46761],[-72.26426,-39.47474],[-72.2672,-39.47981],[-72.27139,-39.48204],[-72.27857,-39.48205],[-72.28598,-39.49167]]}},{"id":"6780","type":"Feature","properties":{"ROL":"R-820","NOMBRE_CAMINO":"Púa - Quino - Traiguén","CLASIFICACION":"Sin Información","CALZADA":"-","tmda":514.0},"geometry":{"type":"LineString","coordinates":[[-72.4982,-38.34087],[-72.50278,-38.34054],[-72.50521,-38.32965],[-72.53842,-38.31193],[-72.54689,-38.30484],[-72.55667,-38.29998]]}},{"id":"6781","type":"Feature","properties":{"ROL":"S-686","NOMBRE_CAMINO":"Cruce Ruta S-70 - Estero La Cascada","CLASIFICACION":"Sin Información","CALZADA":"-","tmda":593.0},"geometry":{"type":"LineString","coordinates":[[-72.94895,-39.11336],[-72.95209,-39.11303],[-72.95331,-39.11026],[-72.95555,-39.11198],[-72.95792,-39.11066],[-72.95409,-39.11788],[-72.95442,-39.12452],[-72.95686,-39.12487],[-72.9591,-39.12779],[-72.96212,-39.12495],[-72.96457,-39.13402],[-72.96854,-39.13579],[-72.96997,-39.13818],[-72.97442,-39.1362],[-72.97682,-39.1332],[-72.98143,-39.13058],[-72.98607,-39.1292]]}},{"id":"6782","type":"Feature","properties":{"ROL":"S-167","NOMBRE_CAMINO":"Cruce S-161-r - Agua Santa","CLASIFICACION":"Sin Información","CALZADA":"-","tmda":null},"geometry":{"type":"LineString","coordinates":[[-72.26419,-38.47542],[-72.26176,-38.46893],[-72.25528,-38.4636],[-72.25652,-38.46136],[-72.26341,-38.46005],[-72.2606,-38.4513]]}},{"id":"6783","type":"Feature","properties":{"ROL":"S/R","NOMBRE_CAMINO":"Dollinco - Miraflores","CLASIFICACION":"Sin Información","CALZADA":"-","tmda":null},"geometry":{"type":"LineString","coordinates":[[-72.1166,-38.48753],[-72.11697,-38.49203],[-72.12103,-38.50263],[-72.11732,-38.5078],[-72.11246,-38.50792],[-72.11437,-38.50926],[-72.11459,-38.51111],[-72.12363,-38.5183],[-72.12464,-38.52914],[-72.12132,-38.5354],[-72.13035,-38.55913]]}},{"id":"6784","type":"Feature","properties":{"ROL":"S/R","NOMBRE_CAMINO":"Barros Arana - Mallohue","CLASIFICACION":"Sin Información","CALZADA":"-","tmda":164.0},"geometry":{"type":"LineString","coordinates":[[-72.91633,-38.98403],[-72.91071,-38.9851],[-72.90838,-38.97969],[-72.89718,-38.98142],[-72.89112,-38.98093],[-72.88655,-38.9797],[-72.88304,-38.97716],[-72.87644,-38.97569],[-72.85745,-38.97659],[-72.84229,-38.97479]]}},{"id":"6785","type":"Feature","properties":{"ROL":"S-907","NOMBRE_CAMINO":"Quetroleufu - Pichares - Huife","CLASIFICACION":"Sin Información","CALZADA":"-","tmda":null},"geometry":{"type":"LineString","coordinates":[[-71.62877,-39.21904],[-71.62171,-39.21955],[-71.61498,-39.21664],[-71.61097,-39.21402],[-71.61051,-39.21097],[-71.60596,-39.20841],[-71.60199,-39.20307],[-71.59677,-39.20078],[-71.59546,-39.19833],[-71.58831,-39.19521],[-71.58554,-39.19241],[-71.58428,-39.18846],[-71.58582,-39.18565],[-71.58585,-39.18084],[-71.58351,-39.17778]]}},{"id":"6786","type":"Feature","properties":{"ROL":"S/R","NOMBRE_CAMINO":"Cruce Ruta S-549 Al Oriente","CLASIFICACION":"Sin Información","CALZADA":"-","tmda":null},"geometry":{"type":"LineString","coordinates":[[-72.31077,-39.08575],[-72.3027,-39.08765],[-72.29461,-39.08787],[-72.28777,-39.09321],[-72.28498,-39.09394],[-72.28104,-39.08771],[-72.27638,-39.09312]]}},{"id":"6787","type":"Feature","properties":{"ROL":"S/R","NOMBRE_CAMINO":"Cruce R-60-p - Estación Guadaba","CLASIFICACION":"Sin Información","CALZADA":"-","tmda":null},"geometry":{"type":"LineString","coordinates":[[-72.95314,-37.98712],[-72.95486,-37.99041],[-72.95476,-37.99526]]}},{"id":"6788","type":"Feature","properties":{"ROL":"S/R","NOMBRE_CAMINO":"Longitudinal Antiguo Hacia El Poniente","CLASIFICACION":"Sin Información","CALZADA":"-","tmda":501.0},"geometry":{"type":"LineString","coordinates":[[-72.67081,-39.14096],[-72.69416,-39.14616],[-72.69927,-39.14508],[-72.70211,-39.15227],[-72.70984,-39.15594]]}},{"id":"6789","type":"Feature","properties":{"ROL":"S/R","NOMBRE_CAMINO":"Maillico - Cheucán","CLASIFICACION":"Sin Información","CALZADA":"-","tmda":null},"geometry":{"type":"LineString","coordinates":[[-73.36585,-38.78485],[-73.36141,-38.78774],[-73.36285,-38.79048],[-73.36149,-38.7935],[-73.36147,-38.80164],[-73.35517,-38.80421]]}},{"id":"6790","type":"Feature","properties":{"ROL":"S/R","NOMBRE_CAMINO":"Putué Bajo - Rinconada","CLASIFICACION":"Sin Información","CALZADA":"-","tmda":null},"geometry":{"type":"LineString","coordinates":[[-72.24194,-39.2685],[-72.24861,-39.26201],[-72.252,-39.26065],[-72.26104,-39.25857],[-72.27064,-39.25807],[-72.28248,-39.25445],[-72.28708,-39.25505],[-72.30102,-39.24779],[-72.30884,-39.24507],[-72.31334,-39.24535],[-72.31702,-39.24411]]}},{"id":"6791","type":"Feature","properties":{"ROL":"S/R","NOMBRE_CAMINO":"Playa Linda - Cónquil","CLASIFICACION":"Sin Información","CALZADA":"-","tmda":null},"geometry":{"type":"LineString","coordinates":[[-72.11674,-39.29977],[-72.12278,-39.31644],[-72.12664,-39.31599],[-72.13862,-39.34555]]}},{"id":"6792","type":"Feature","properties":{"ROL":"S/R","NOMBRE_CAMINO":"Cruce Longitudinal - Niza","CLASIFICACION":"Sin Información","CALZADA":"-","tmda":null},"geometry":{"type":"LineString","coordinates":[[-72.38932,-37.89623],[-72.37652,-37.90415]]}},{"id":"6793","type":"Feature","properties":{"ROL":"S-179","NOMBRE_CAMINO":"Cruce Ruta S-15 - San Manuel","CLASIFICACION":"Sin Información","CALZADA":"-","tmda":null},"geometry":{"type":"LineString","coordinates":[[-72.34964,-38.53985],[-72.35057,-38.54605],[-72.35495,-38.55093],[-72.358,-38.5583],[-72.36181,-38.56018],[-72.3626,-38.56535]]}},{"id":"6794","type":"Feature","properties":{"ROL":"S-270","NOMBRE_CAMINO":"Cruce Longitudinal - Colonia Lautaro","CLASIFICACION":"Sin Información","CALZADA":"-","tmda":null},"geometry":{"type":"LineString","coordinates":[[-72.45967,-38.54415],[-72.46132,-38.54475],[-72.46411,-38.54345],[-72.47073,-38.54488],[-72.47897,-38.54334],[-72.48796,-38.53858],[-72.49558,-38.53655],[-72.50315,-38.54161],[-72.55837,-38.55249],[-72.56912,-38.5526],[-72.57692,-38.54992],[-72.58393,-38.5519]]}},{"id":"6795","type":"Feature","properties":{"ROL":"S-329","NOMBRE_CAMINO":"Cruce Ruta S-299 - Colonia Mendoza","CLASIFICACION":"Sin Información","CALZADA":"-","tmda":null},"geometry":{"type":"LineString","coordinates":[[-72.02517,-38.75221],[-72.02686,-38.75546],[-72.04577,-38.75116],[-72.04871,-38.7502],[-72.05513,-38.7428],[-72.06298,-38.74005],[-72.07294,-38.73987],[-72.07962,-38.74215]]}},{"id":"6796","type":"Feature","properties":{"ROL":"S-773","NOMBRE_CAMINO":"Loncoche - Lumaco","CLASIFICACION":"Sin Información","CALZADA":"-","tmda":null},"geometry":{"type":"LineString","coordinates":[[-72.63228,-39.37699],[-72.6259,-39.37801],[-72.6141,-39.38662],[-72.60806,-39.38812],[-72.59913,-39.39347],[-72.5952,-39.3935],[-72.59029,-39.39714],[-72.58137,-39.39929],[-72.56929,-39.39887],[-72.56831,-39.40368],[-72.56499,-39.40767],[-72.56353,-39.41479]]}},{"id":"6797","type":"Feature","properties":{"ROL":"S-920","NOMBRE_CAMINO":"Cruce Longitudinal (la Paz) - Mahuida","CLASIFICACION":"Sin Información","CALZADA":"-","tmda":null},"geometry":{"type":"LineString","coordinates":[[-72.71061,-39.41116],[-72.71449,-39.40866],[-72.71596,-39.40608],[-72.71731,-39.40635],[-72.71806,-39.40405],[-72.71723,-39.40261],[-72.71869,-39.40126],[-72.72226,-39.40136],[-72.72329,-39.39596],[-72.72692,-39.39287],[-72.72634,-39.38843],[-72.72122,-39.38523],[-72.72076,-39.38301],[-72.71773,-39.38164],[-72.71795,-39.37933],[-72.72401,-39.37382],[-72.72777,-39.37302],[-72.73217,-39.37532],[-72.73872,-39.37592],[-72.74831,-39.38126],[-72.75787,-39.38094],[-72.76141,-39.38382],[-72.76294,-39.38878],[-72.76922,-39.39116],[-72.7714,-39.39421],[-72.77718,-39.39729],[-72.78267,-39.3965],[-72.78696,-39.38972],[-72.79152,-39.38906]]}},{"id":"6798","type":"Feature","properties":{"ROL":"S-329","NOMBRE_CAMINO":"Cruce Ruta S-299 - Colonia Mendoza","CLASIFICACION":"Sin Información","CALZADA":"-","tmda":null},"geometry":{"type":"LineString","coordinates":[[-72.02283,-38.69345],[-72.01969,-38.69851],[-72.00923,-38.70606],[-72.00794,-38.71059],[-72.00916,-38.71114],[-72.00875,-38.71301],[-72.00543,-38.71477],[-71.99792,-38.72716]]}},{"id":"6799","type":"Feature","properties":{"ROL":"R-730","NOMBRE_CAMINO":"Traiguén - Pichipellahuen Por Huiñilhue","CLASIFICACION":"Sin Información","CALZADA":"-","tmda":271.0},"geometry":{"type":"LineString","coordinates":[[-72.68154,-38.2563],[-72.68676,-38.25822],[-72.68867,-38.26193],[-72.69051,-38.26295],[-72.69584,-38.26055],[-72.69968,-38.2618],[-72.70918,-38.26013],[-72.73519,-38.26204],[-72.73936,-38.26429]]}},{"id":"6800","type":"Feature","properties":{"ROL":"S/R","NOMBRE_CAMINO":"Schleyer - Los Laureles","CLASIFICACION":"Sin Información","CALZADA":"-","tmda":null},"geometry":{"type":"LineString","coordinates":[[-72.25535,-39.19123],[-72.20313,-39.20365]]}},{"id":"6801","type":"Feature","properties":{"ROL":"Ruta 194","NOMBRE_CAMINO":"Acceso Aeropuerto Maquehue","CLASIFICACION":"Sin Información","CALZADA":"-","tmda":null},"geometry":{"type":"LineString","coordinates":[[-72.60931,-38.76442],[-72.61483,-38.76763],[-72.6377,-38.77059]]}},{"id":"6802","type":"Feature","properties":{"ROL":"R-35","NOMBRE_CAMINO":"Cruce Longitudinal (collipulli) - Reserva Forestal","CLASIFICACION":"Sin Información","CALZADA":"-","tmda":279.0},"geometry":{"type":"LineString","coordinates":[[-72.2078,-37.9978],[-72.19486,-38.00215],[-72.14654,-38.01228],[-72.10055,-38.02424],[-72.089,-38.02126],[-72.08485,-38.02147],[-72.08148,-38.01986],[-72.07298,-38.02114],[-72.06995,-38.02347],[-72.07435,-38.03392],[-72.08149,-38.04445],[-72.08295,-38.05027],[-72.05501,-38.05833],[-72.04676,-38.06635],[-72.04676,-38.06864]]}},{"id":"6803","type":"Feature","properties":{"ROL":"S-36","NOMBRE_CAMINO":"Carahue - Nehuentué","CLASIFICACION":"Sin Información","CALZADA":"-","tmda":1814.0},"geometry":{"type":"LineString","coordinates":[[-73.17134,-38.71864],[-73.17066,-38.70826],[-73.1728,-38.69718],[-73.17408,-38.69392],[-73.1768,-38.69254],[-73.18271,-38.69304],[-73.18689,-38.69633],[-73.19569,-38.70009],[-73.20739,-38.70227],[-73.23298,-38.70124],[-73.24187,-38.69912],[-73.25225,-38.69896],[-73.27029,-38.69395],[-73.28216,-38.6961],[-73.29838,-38.69567],[-73.31452,-38.69257],[-73.34215,-38.6938],[-73.349,-38.69504],[-73.35779,-38.70142],[-73.36232,-38.71535],[-73.37248,-38.72866],[-73.3784,-38.73378],[-73.38346,-38.73679],[-73.38902,-38.73823],[-73.39904,-38.7368],[-73.40799,-38.7412]]}},{"id":"6804","type":"Feature","properties":{"ROL":"S/R","NOMBRE_CAMINO":"Imperial - Carahue Por El Bajo","CLASIFICACION":"Sin Información","CALZADA":"-","tmda":null},"geometry":{"type":"LineString","coordinates":[[-72.97712,-38.7409],[-72.98336,-38.74167],[-72.99474,-38.73993],[-72.99661,-38.74184],[-73.01564,-38.73929],[-73.02029,-38.74048],[-73.03394,-38.73917],[-73.04818,-38.7343],[-73.05653,-38.73382],[-73.06919,-38.7281],[-73.07769,-38.722],[-73.08391,-38.71468],[-73.09846,-38.71176],[-73.10303,-38.70865],[-73.11399,-38.70809],[-73.12222,-38.70528],[-73.12789,-38.70573]]}},{"id":"6805","type":"Feature","properties":{"ROL":"S-69","NOMBRE_CAMINO":"Los  Laureles - Pedregoso - Villarrica","CLASIFICACION":"Sin Información","CALZADA":"-","tmda":1901.0},"geometry":{"type":"LineString","coordinates":[[-72.21411,-39.06192],[-72.21649,-39.07033],[-72.2127,-39.07185],[-72.21248,-39.07426],[-72.21764,-39.07795],[-72.21827,-39.0796],[-72.2169,-39.08459],[-72.21865,-39.08803],[-72.22179,-39.0886],[-72.22381,-39.09163],[-72.22626,-39.1015],[-72.22994,-39.1043],[-72.23182,-39.10877],[-72.22759,-39.10999],[-72.22662,-39.11247],[-72.2199,-39.11942],[-72.22254,-39.13252],[-72.21976,-39.14031],[-72.22036,-39.14773],[-72.21544,-39.15384],[-72.21406,-39.15838],[-72.21048,-39.16041],[-72.21048,-39.16382],[-72.20939,-39.16449],[-72.21156,-39.16716],[-72.19391,-39.17218]]}},{"id":"6806","type":"Feature","properties":{"ROL":"S-215","NOMBRE_CAMINO":"Temuco - Pillánlelbun - Lautaro","CLASIFICACION":"Sin Información","CALZADA":"-","tmda":null},"geometry":{"type":"LineString","coordinates":[[-72.44316,-38.6127],[-72.44805,-38.59713],[-72.44607,-38.58929],[-72.44631,-38.57866],[-72.44218,-38.57262],[-72.44096,-38.56161]]}},{"id":"6807","type":"Feature","properties":{"ROL":"S-203","NOMBRE_CAMINO":"Acceso A Mato Grosso","CLASIFICACION":"Sin Información","CALZADA":"-","tmda":null},"geometry":{"type":"LineString","coordinates":[[-72.03255,-38.67744],[-72.02345,-38.65416],[-72.0221,-38.64799],[-72.02452,-38.64541],[-72.0208,-38.64244],[-72.01946,-38.63896],[-72.02024,-38.63721],[-72.01856,-38.63603],[-72.01828,-38.63399],[-72.02019,-38.63105],[-72.01946,-38.62625],[-72.01363,-38.62274],[-72.00856,-38.6225],[-72.00358,-38.61986],[-72.0085,-38.61755],[-72.01155,-38.61356],[-72.00495,-38.60883],[-72.00197,-38.59892],[-72.00002,-38.59479],[-71.9984,-38.59398],[-71.99866,-38.59242],[-71.9908,-38.58971],[-71.98677,-38.58998],[-71.98484,-38.59145],[-71.98505,-38.58941],[-71.98076,-38.58555],[-71.98158,-38.58377],[-71.98054,-38.58167],[-71.97825,-38.58072],[-71.98272,-38.57982],[-71.98479,-38.5809],[-71.99342,-38.57861],[-71.99511,-38.57469],[-71.99321,-38.56725]]}},{"id":"6808","type":"Feature","properties":{"ROL":"S/R","NOMBRE_CAMINO":"Catrico - Loncotoro","CLASIFICACION":"Sin Información","CALZADA":"-","tmda":null},"geometry":{"type":"LineString","coordinates":[[-72.31498,-39.13529],[-72.27759,-39.14417]]}},{"id":"6809","type":"Feature","properties":{"ROL":"S/R","NOMBRE_CAMINO":"Cruce R-22 - Ex Balseadero El Manzano Oriente","CLASIFICACION":"Sin Información","CALZADA":"-","tmda":null},"geometry":{"type":"LineString","coordinates":[[-72.44667,-37.79442],[-72.44406,-37.79404],[-72.4369,-37.78963]]}},{"id":"6810","type":"Feature","properties":{"ROL":"S/R","NOMBRE_CAMINO":"Chancahue - Salto De Chancahue","CLASIFICACION":"Sin Información","CALZADA":"-","tmda":null},"geometry":{"type":"LineString","coordinates":[[-72.29177,-37.89924],[-72.30402,-37.90886],[-72.30398,-37.91035],[-72.30104,-37.91738],[-72.29931,-37.9181],[-72.29875,-37.92084],[-72.29521,-37.92395],[-72.29274,-37.93135],[-72.28964,-37.93326],[-72.28737,-37.93684],[-72.28744,-37.93922],[-72.27966,-37.94215],[-72.27854,-37.94546],[-72.27953,-37.95841],[-72.28214,-37.96893],[-72.2852,-37.97208],[-72.28629,-37.96826],[-72.28858,-37.9668],[-72.29383,-37.9706],[-72.29644,-37.97571]]}},{"id":"6811","type":"Feature","properties":{"ROL":"S-132","NOMBRE_CAMINO":"Tranapuente - Chomio","CLASIFICACION":"Sin Información","CALZADA":"-","tmda":null},"geometry":{"type":"LineString","coordinates":[[-73.39048,-38.68571],[-73.39331,-38.69254],[-73.39819,-38.69304],[-73.4023,-38.69091],[-73.40782,-38.69309],[-73.41022,-38.69252],[-73.42034,-38.69585],[-73.41966,-38.69776],[-73.41788,-38.69798]]}},{"id":"6812","type":"Feature","properties":{"ROL":"S/R","NOMBRE_CAMINO":"Niza Al Interior","CLASIFICACION":"Sin Información","CALZADA":"-","tmda":null},"geometry":{"type":"LineString","coordinates":[[-72.35033,-37.8936],[-72.34873,-37.89614],[-72.35011,-37.89898],[-72.34924,-37.89975],[-72.34952,-37.89785],[-72.3454,-37.89954],[-72.34737,-37.90018],[-72.34605,-37.90563]]}},{"id":"6813","type":"Feature","properties":{"ROL":"S-91","NOMBRE_CAMINO":"Cruce Longitudinal (loncoche) - Villarrica","CLASIFICACION":"Sin Información","CALZADA":"-","tmda":2332.0},"geometry":{"type":"LineString","coordinates":[[-72.56769,-39.35046],[-72.56546,-39.35167],[-72.56169,-39.35148],[-72.55164,-39.34449],[-72.54175,-39.34199],[-72.52589,-39.3296],[-72.52226,-39.32415],[-72.50586,-39.3071],[-72.49566,-39.30502],[-72.48119,-39.29703],[-72.47108,-39.29029],[-72.47046,-39.2857],[-72.45253,-39.27998],[-72.43494,-39.27902],[-72.41975,-39.27411],[-72.37163,-39.26684],[-72.3534,-39.26545],[-72.33252,-39.27468],[-72.32522,-39.27971],[-72.30901,-39.27996],[-72.29896,-39.27561],[-72.28708,-39.27458],[-72.27659,-39.27467],[-72.26455,-39.27785],[-72.24442,-39.26754],[-72.24166,-39.26902],[-72.24005,-39.27357],[-72.23087,-39.27683]]}},{"id":"6814","type":"Feature","properties":{"ROL":"S/R","NOMBRE_CAMINO":"Las Lumas - Boquipulli","CLASIFICACION":"Sin Información","CALZADA":"-","tmda":null},"geometry":{"type":"LineString","coordinates":[[-72.32805,-39.32469],[-72.32022,-39.3222],[-72.31301,-39.32302]]}},{"id":"6815","type":"Feature","properties":{"ROL":"S-941","NOMBRE_CAMINO":"Cruce Ruta 199 Ch - Palguín - Salto El León","CLASIFICACION":"Sin Información","CALZADA":"-","tmda":null},"geometry":{"type":"LineString","coordinates":[[-71.75864,-39.42931],[-71.75084,-39.43419],[-71.74398,-39.44218],[-71.74466,-39.44611],[-71.74831,-39.45057],[-71.74944,-39.45289],[-71.7486,-39.45413],[-71.75064,-39.45566],[-71.75117,-39.45789]]}},{"id":"6816","type":"Feature","properties":{"ROL":"S/R","NOMBRE_CAMINO":"Paillaco - La Barda","CLASIFICACION":"Sin Información","CALZADA":"-","tmda":null},"geometry":{"type":"LineString","coordinates":[[-71.76701,-39.23135],[-71.76928,-39.23377],[-71.77014,-39.23754],[-71.77255,-39.23903]]}},{"id":"6817","type":"Feature","properties":{"ROL":"S-529","NOMBRE_CAMINO":"Codihue - Tres Horquetas","CLASIFICACION":"Sin Información","CALZADA":"-","tmda":null},"geometry":{"type":"LineString","coordinates":[[-72.00099,-39.02259],[-71.99825,-39.02369]]}},{"id":"6818","type":"Feature","properties":{"ROL":"S-529","NOMBRE_CAMINO":"Codihue - Tres Horquetas","CLASIFICACION":"Sin Información","CALZADA":"-","tmda":null},"geometry":{"type":"LineString","coordinates":[[-71.98496,-39.02698],[-71.98085,-39.02503],[-71.9755,-39.02505]]}},{"id":"6819","type":"Feature","properties":{"ROL":"S-529","NOMBRE_CAMINO":"Codihue - Tres Horquetas","CLASIFICACION":"Sin Información","CALZADA":"-","tmda":null},"geometry":{"type":"LineString","coordinates":[[-71.9734,-39.02487],[-71.9661,-39.02431]]}},{"id":"6820","type":"Feature","properties":{"ROL":"S-529","NOMBRE_CAMINO":"Codihue - Tres Horquetas","CLASIFICACION":"Sin Información","CALZADA":"-","tmda":null},"geometry":{"type":"LineString","coordinates":[[-71.91292,-39.00182],[-71.91139,-38.99969],[-71.9006,-38.99636]]}},{"id":"6821","type":"Feature","properties":{"ROL":"S/R","NOMBRE_CAMINO":"Llafenco - Los Nevados","CLASIFICACION":"Sin Información","CALZADA":"-","tmda":null},"geometry":{"type":"LineString","coordinates":[[-71.82757,-39.35877],[-71.82492,-39.36173],[-71.82473,-39.36375],[-71.81996,-39.36544],[-71.81836,-39.36839],[-71.81421,-39.37055]]}},{"id":"6822","type":"Feature","properties":{"ROL":"S-947","NOMBRE_CAMINO":"Cruce Ruta 199 Ch (catripulli) - Rinconada","CLASIFICACION":"Sin Información","CALZADA":"-","tmda":null},"geometry":{"type":"LineString","coordinates":[[-71.64151,-39.42901],[-71.63994,-39.42891],[-71.63834,-39.42667],[-71.63599,-39.42903],[-71.63563,-39.42676],[-71.62392,-39.43472],[-71.61932,-39.43551],[-71.61424,-39.43248],[-71.6136,-39.43385]]}},{"id":"6823","type":"Feature","properties":{"ROL":"S/R","NOMBRE_CAMINO":"Puerto Saavedra - Malalhue - Pichichelle","CLASIFICACION":"Sin Información","CALZADA":"-","tmda":null},"geometry":{"type":"LineString","coordinates":[[-73.26757,-38.98968],[-73.263,-38.98937]]}},{"id":"6824","type":"Feature","properties":{"ROL":"S/R","NOMBRE_CAMINO":"Emulpán - Huiñoco","CLASIFICACION":"Sin Información","CALZADA":"-","tmda":null},"geometry":{"type":"LineString","coordinates":[[-72.41206,-39.40951],[-72.41654,-39.41212],[-72.41945,-39.41651],[-72.41759,-39.41933],[-72.41811,-39.42038]]}},{"id":"6825","type":"Feature","properties":{"ROL":"S/R","NOMBRE_CAMINO":"Cutinche - Chivilcoyan","CLASIFICACION":"Sin Información","CALZADA":"-","tmda":null},"geometry":{"type":"LineString","coordinates":[[-72.99024,-38.62121],[-72.99478,-38.62559],[-72.99349,-38.62822]]}},{"id":"6826","type":"Feature","properties":{"ROL":"S-218","NOMBRE_CAMINO":"Bolilche - Escuela Curaco","CLASIFICACION":"Sin Información","CALZADA":"-","tmda":null},"geometry":{"type":"LineString","coordinates":[[-72.94714,-38.65812],[-72.94479,-38.66247],[-72.94545,-38.66398],[-72.94414,-38.66771]]}},{"id":"6827","type":"Feature","properties":{"ROL":"R-720","NOMBRE_CAMINO":"Lumaco - Cruce Ruta R-660","CLASIFICACION":"Sin Información","CALZADA":"-","tmda":null},"geometry":{"type":"LineString","coordinates":[[-72.90932,-38.22457],[-72.91014,-38.2279],[-72.91535,-38.23078],[-72.91925,-38.2369],[-72.91939,-38.24119],[-72.92324,-38.24619],[-72.92359,-38.25015],[-72.93438,-38.25601],[-72.93485,-38.25885],[-72.93329,-38.26153],[-72.93567,-38.26362]]}},{"id":"6828","type":"Feature","properties":{"ROL":"S-228","NOMBRE_CAMINO":"Catrianchi - Chivilcoyán - Cruce S-198","CLASIFICACION":"Sin Información","CALZADA":"-","tmda":null},"geometry":{"type":"LineString","coordinates":[[-72.9498,-38.60662],[-72.95282,-38.60758],[-72.95412,-38.61528],[-72.95683,-38.61835]]}},{"id":"6829","type":"Feature","properties":{"ROL":"S/R","NOMBRE_CAMINO":"Los Sauces - Loncovaca","CLASIFICACION":"Sin Información","CALZADA":"-","tmda":null},"geometry":{"type":"LineString","coordinates":[[-72.28746,-39.20323],[-72.26412,-39.20524]]}},{"id":"6830","type":"Feature","properties":{"ROL":"S-227","NOMBRE_CAMINO":"Pillánlelbun - La Esmeralda - San Pablo","CLASIFICACION":"Sin Información","CALZADA":"-","tmda":null},"geometry":{"type":"LineString","coordinates":[[-72.24694,-38.63895],[-72.23523,-38.63595],[-72.23371,-38.63243],[-72.21812,-38.63602]]}},{"id":"6831","type":"Feature","properties":{"ROL":"S-408","NOMBRE_CAMINO":"Isla Huapi - Punta Mallay","CLASIFICACION":"Sin Información","CALZADA":"-","tmda":null},"geometry":{"type":"LineString","coordinates":[[-73.30938,-38.90035],[-73.29975,-38.89646],[-73.29569,-38.89583],[-73.29297,-38.89759],[-73.29035,-38.89728]]}},{"id":"6832","type":"Feature","properties":{"ROL":"S-108","NOMBRE_CAMINO":"Cruce Ruta S-138 - Lobería","CLASIFICACION":"Sin Información","CALZADA":"-","tmda":null},"geometry":{"type":"LineString","coordinates":[[-73.47369,-38.62495],[-73.47695,-38.62363],[-73.4767,-38.62223],[-73.4803,-38.622],[-73.48049,-38.6253]]}},{"id":"6833","type":"Feature","properties":{"ROL":"S-210","NOMBRE_CAMINO":"Hualacura - Chacabuco - Las Araucarias","CLASIFICACION":"Sin Información","CALZADA":"-","tmda":831.0},"geometry":{"type":"LineString","coordinates":[[-73.01101,-38.65791],[-73.01301,-38.65483],[-73.02426,-38.645]]}},{"id":"6834","type":"Feature","properties":{"ROL":"S-210","NOMBRE_CAMINO":"Hualacura - Chacabuco - Las Araucarias","CLASIFICACION":"Sin Información","CALZADA":"-","tmda":831.0},"geometry":{"type":"LineString","coordinates":[[-72.99842,-38.66159],[-73.00349,-38.66317],[-73.0077,-38.66241]]}},{"id":"6835","type":"Feature","properties":{"ROL":"S/R","NOMBRE_CAMINO":"Chol Chol - Quelche","CLASIFICACION":"Sin Información","CALZADA":"-","tmda":null},"geometry":{"type":"LineString","coordinates":[[-72.87946,-38.64228],[-72.89062,-38.65123],[-72.8942,-38.65625]]}},{"id":"6836","type":"Feature","properties":{"ROL":"R-735","NOMBRE_CAMINO":"Cruce R-89  (victoria) - Las Mariposas","CLASIFICACION":"Sin Información","CALZADA":"-","tmda":null},"geometry":{"type":"LineString","coordinates":[[-72.07062,-38.25542],[-72.06336,-38.25724]]}},{"id":"6837","type":"Feature","properties":{"ROL":"S/R","NOMBRE_CAMINO":"Toltén - Boroa Norte","CLASIFICACION":"Sin Información","CALZADA":"-","tmda":620.0},"geometry":{"type":"LineString","coordinates":[[-73.13476,-39.19331],[-73.13077,-39.19442],[-73.12577,-39.19802],[-73.12317,-39.20344]]}},{"id":"6838","type":"Feature","properties":{"ROL":"S/R","NOMBRE_CAMINO":"Molco - Quilaco","CLASIFICACION":"Sin Información","CALZADA":"-","tmda":null},"geometry":{"type":"LineString","coordinates":[[-72.62574,-38.40926],[-72.62445,-38.4095]]}},{"id":"6839","type":"Feature","properties":{"ROL":"S-227","NOMBRE_CAMINO":"Pillánlelbun - La Esmeralda - San Pablo","CLASIFICACION":"Sin Información","CALZADA":"-","tmda":null},"geometry":{"type":"LineString","coordinates":[[-72.21812,-38.63602],[-72.20786,-38.63839]]}},{"id":"6840","type":"Feature","properties":{"ROL":"S-227","NOMBRE_CAMINO":"Pillánlelbun - La Esmeralda - San Pablo","CLASIFICACION":"Sin Información","CALZADA":"-","tmda":null},"geometry":{"type":"LineString","coordinates":[[-72.45773,-38.63736],[-72.45389,-38.63872],[-72.45193,-38.63563],[-72.44017,-38.63226]]}},{"id":"6841","type":"Feature","properties":{"ROL":"R-42","NOMBRE_CAMINO":"Purén - Lumaco","CLASIFICACION":"Sin Información","CALZADA":"-","tmda":1044.0},"geometry":{"type":"LineString","coordinates":[[-73.07326,-38.0361],[-73.07106,-38.03739]]}},{"id":"6842","type":"Feature","properties":{"ROL":"S-494","NOMBRE_CAMINO":"Cautín Boroa - Maquehue","CLASIFICACION":"Sin Información","CALZADA":"-","tmda":null},"geometry":{"type":"LineString","coordinates":[[-72.87927,-38.77309],[-72.87758,-38.76726]]}},{"id":"6843","type":"Feature","properties":{"ROL":"S-234","NOMBRE_CAMINO":"Galvarino - Chol Chol Por Rahue","CLASIFICACION":"Sin Información","CALZADA":"-","tmda":1631.0},"geometry":{"type":"LineString","coordinates":[[-72.88168,-38.52556],[-72.87808,-38.5507],[-72.87549,-38.553],[-72.87382,-38.55298],[-72.87097,-38.55864],[-72.85872,-38.57229],[-72.85251,-38.58175],[-72.84737,-38.58612]]}},{"id":"6844","type":"Feature","properties":{"ROL":"R-321","NOMBRE_CAMINO":"Cruce Longitudinal - Huapitrio Por Niza","CLASIFICACION":"Sin Información","CALZADA":"-","tmda":null},"geometry":{"type":"LineString","coordinates":[[-72.33843,-37.89213],[-72.32998,-37.88632]]}},{"id":"6845","type":"Feature","properties":{"ROL":"S/R","NOMBRE_CAMINO":"-","CLASIFICACION":"Sin Información","CALZADA":"-","tmda":null},"geometry":{"type":"LineString","coordinates":[[-72.49611,-37.80276],[-72.49664,-37.80221]]}},{"id":"6846","type":"Feature","properties":{"ROL":"R-345","NOMBRE_CAMINO":"Asentamiento El Progreso - Colihuinca Tori","CLASIFICACION":"Sin Información","CALZADA":"-","tmda":null},"geometry":{"type":"LineString","coordinates":[[-72.19769,-37.96742],[-72.2043,-37.95961],[-72.2078,-37.95766],[-72.20761,-37.95662],[-72.21302,-37.95196],[-72.21227,-37.94616],[-72.21425,-37.94374],[-72.23247,-37.93822],[-72.23042,-37.9314],[-72.23469,-37.92893],[-72.23429,-37.92797]]}},{"id":"6847","type":"Feature","properties":{"ROL":"S/R","NOMBRE_CAMINO":"Rahue - Puente Peuchen","CLASIFICACION":"Sin Información","CALZADA":"-","tmda":null},"geometry":{"type":"LineString","coordinates":[[-72.8861,-38.52161],[-72.88288,-38.52305],[-72.88168,-38.52556]]}},{"id":"6848","type":"Feature","properties":{"ROL":"S-1929","NOMBRE_CAMINO":"Cruce Ruta 199 CH - Callejón Arriagada","CLASIFICACION":"Sin Información","CALZADA":"-","tmda":null},"geometry":{"type":"LineString","coordinates":[[-71.94966,-39.28574],[-71.95981,-39.30211]]}},{"id":"6849","type":"Feature","properties":{"ROL":"S-268","NOMBRE_CAMINO":"Estación Boroa - Cruce S-266","CLASIFICACION":"Sin Información","CALZADA":"-","tmda":null},"geometry":{"type":"LineString","coordinates":[[-72.84845,-38.74531],[-72.85311,-38.73932]]}},{"id":"6850","type":"Feature","properties":{"ROL":"S-785-T","NOMBRE_CAMINO":"Loncoche - Calafquén Por Pancoé Sector: Loncoche - Límite Regional","CLASIFICACION":"Sin Información","CALZADA":"-","tmda":699.0},"geometry":{"type":"LineString","coordinates":[[-72.41811,-39.42038],[-72.40376,-39.42828]]}},{"id":"6851","type":"Feature","properties":{"ROL":"S-741","NOMBRE_CAMINO":"Cruce Ruta S-91 - Huiscapi - Ñancul","CLASIFICACION":"Sin Información","CALZADA":"-","tmda":null},"geometry":{"type":"LineString","coordinates":[[-72.449,-39.27978],[-72.38933,-39.29337]]}},{"id":"6852","type":"Feature","properties":{"ROL":"S/R","NOMBRE_CAMINO":"Catrico - Lafquén","CLASIFICACION":"Sin Información","CALZADA":"-","tmda":null},"geometry":{"type":"LineString","coordinates":[[-72.27631,-39.07611],[-72.27331,-39.07178],[-72.2746,-39.07035],[-72.27328,-39.06707],[-72.27843,-39.06429],[-72.27633,-39.05731],[-72.27908,-39.05297],[-72.27551,-39.04264]]}},{"id":"6853","type":"Feature","properties":{"ROL":"S-198","NOMBRE_CAMINO":"Chol Chol - Las Praderas","CLASIFICACION":"Sin Información","CALZADA":"-","tmda":null},"geometry":{"type":"LineString","coordinates":[[-72.95722,-38.57681],[-72.95929,-38.57403]]}},{"id":"6854","type":"Feature","properties":{"ROL":"S-321","NOMBRE_CAMINO":"Cruce Ruta S-51 - Hielo Sur","CLASIFICACION":"Sin Información","CALZADA":"-","tmda":null},"geometry":{"type":"LineString","coordinates":[[-72.12891,-38.88125],[-72.12676,-38.87504],[-72.1217,-38.8757],[-72.12073,-38.87705],[-72.11938,-38.87309],[-72.1248,-38.87018],[-72.12391,-38.86745],[-72.12845,-38.86609],[-72.12937,-38.86415],[-72.12829,-38.86316],[-72.1297,-38.86245]]}},{"id":"6855","type":"Feature","properties":{"ROL":"S/R","NOMBRE_CAMINO":"Puente Chispa - Balsa Rucapangui - Los Boldos","CLASIFICACION":"Sin Información","CALZADA":"-","tmda":899.0},"geometry":{"type":"LineString","coordinates":[[-72.79196,-38.69607],[-72.79198,-38.69595]]}},{"id":"6856","type":"Feature","properties":{"ROL":"S/R","NOMBRE_CAMINO":"Puente Chispa - Balsa Rucapangui - Los Boldos","CLASIFICACION":"Sin Información","CALZADA":"-","tmda":null},"geometry":{"type":"LineString","coordinates":[[-72.87095,-38.6841],[-72.85815,-38.68879],[-72.84962,-38.68841],[-72.84142,-38.68639],[-72.82287,-38.68816],[-72.81742,-38.68687],[-72.8133,-38.69308],[-72.80812,-38.69597],[-72.79299,-38.69571]]}},{"id":"6857","type":"Feature","properties":{"ROL":"S/R","NOMBRE_CAMINO":"Puente Chispa - Balsa Rucapangui - Los Boldos","CLASIFICACION":"Sin Información","CALZADA":"-","tmda":899.0},"geometry":{"type":"LineString","coordinates":[[-72.79182,-38.69638],[-72.79196,-38.69607]]}},{"id":"6858","type":"Feature","properties":{"ROL":"S/R","NOMBRE_CAMINO":"Colonia Lautaro - Cruce S-288","CLASIFICACION":"Sin Información","CALZADA":"-","tmda":null},"geometry":{"type":"LineString","coordinates":[[-72.58377,-38.55204],[-72.58176,-38.55784],[-72.57397,-38.5668],[-72.5643,-38.56516],[-72.56003,-38.56286],[-72.55761,-38.56482],[-72.55466,-38.56455],[-72.55117,-38.56605],[-72.55131,-38.56971],[-72.54878,-38.57327],[-72.55022,-38.57604],[-72.54871,-38.57856]]}},{"id":"6859","type":"Feature","properties":{"ROL":"S/R","NOMBRE_CAMINO":"Quetraco - Huitagé Sector: Quetraco - Límite Regional","CLASIFICACION":"Sin Información","CALZADA":"-","tmda":null},"geometry":{"type":"LineString","coordinates":[[-72.26307,-39.47122],[-72.24872,-39.47439],[-72.24949,-39.47961],[-72.2561,-39.48643],[-72.25691,-39.48883],[-72.2658,-39.49524],[-72.27327,-39.50356]]}},{"id":"6860","type":"Feature","properties":{"ROL":"S/R","NOMBRE_CAMINO":"Afunalhue - Quetroco","CLASIFICACION":"Sin Información","CALZADA":"-","tmda":null},"geometry":{"type":"LineString","coordinates":[[-72.22757,-39.44936],[-72.23515,-39.44762],[-72.24224,-39.44789]]}},{"id":"6861","type":"Feature","properties":{"ROL":"S/R","NOMBRE_CAMINO":"El Manzano - Rio Picoiquen","CLASIFICACION":"Sin Información","CALZADA":"-","tmda":null},"geometry":{"type":"LineString","coordinates":[[-72.86352,-37.80431],[-72.8615,-37.80701],[-72.86279,-37.81221],[-72.86105,-37.81577],[-72.85649,-37.81692],[-72.8479,-37.81507],[-72.84201,-37.8168]]}},{"id":"6862","type":"Feature","properties":{"ROL":"S-259","NOMBRE_CAMINO":"Pircunche - Llamuco","CLASIFICACION":"Sin Información","CALZADA":"-","tmda":2537.0},"geometry":{"type":"LineString","coordinates":[[-72.45039,-38.6798],[-72.44202,-38.67766],[-72.43709,-38.67272],[-72.43245,-38.6719],[-72.42548,-38.6669],[-72.4244,-38.66417],[-72.42562,-38.66155],[-72.42497,-38.6588]]}},{"id":"6863","type":"Feature","properties":{"ROL":"S/R","NOMBRE_CAMINO":"Galvarino - Paillahue","CLASIFICACION":"Sin Información","CALZADA":"-","tmda":null},"geometry":{"type":"LineString","coordinates":[[-72.77385,-38.40945],[-72.76403,-38.40992],[-72.74809,-38.40749],[-72.73492,-38.40973],[-72.72584,-38.4104],[-72.72373,-38.40935],[-72.72024,-38.41124],[-72.70938,-38.41344],[-72.70172,-38.41335]]}},{"id":"6864","type":"Feature","properties":{"ROL":"S/R","NOMBRE_CAMINO":"Codinhue - El Tesoro - La Granja","CLASIFICACION":"Sin Información","CALZADA":"-","tmda":null},"geometry":{"type":"LineString","coordinates":[[-72.25156,-38.7524],[-72.27915,-38.74639],[-72.28077,-38.74373],[-72.29234,-38.73965],[-72.30562,-38.73805],[-72.31387,-38.7413],[-72.32709,-38.74019],[-72.34279,-38.73338],[-72.36192,-38.72232],[-72.37556,-38.71892]]}},{"id":"6865","type":"Feature","properties":{"ROL":"S-387","NOMBRE_CAMINO":"Cruce Ruta S-401- Faja 24.000","CLASIFICACION":"Sin Información","CALZADA":"-","tmda":null},"geometry":{"type":"LineString","coordinates":[[-72.2896,-38.86881],[-72.28391,-38.86966],[-72.28055,-38.86205],[-72.26985,-38.86463],[-72.26925,-38.86355],[-72.25959,-38.86533],[-72.20074,-38.87827]]}},{"id":"6866","type":"Feature","properties":{"ROL":"S/R","NOMBRE_CAMINO":"Pitraco - Bandera","CLASIFICACION":"Sin Información","CALZADA":"-","tmda":null},"geometry":{"type":"LineString","coordinates":[[-72.8651,-38.56543],[-72.86639,-38.54888],[-72.86423,-38.54408],[-72.86275,-38.53544],[-72.85712,-38.52816],[-72.84409,-38.52344],[-72.84537,-38.52031]]}},{"id":"6867","type":"Feature","properties":{"ROL":"S/R","NOMBRE_CAMINO":"Raluncoyan - Lircay","CLASIFICACION":"Sin Información","CALZADA":"-","tmda":899.0},"geometry":{"type":"LineString","coordinates":[[-72.66388,-38.69305],[-72.66645,-38.69997],[-72.67645,-38.7031],[-72.67813,-38.7026],[-72.68001,-38.70429],[-72.68568,-38.70571],[-72.68792,-38.71842]]}},{"id":"6868","type":"Feature","properties":{"ROL":"S/R","NOMBRE_CAMINO":"Hacienda Canadá - Asentamiento Unión Chilena","CLASIFICACION":"Sin Información","CALZADA":"-","tmda":null},"geometry":{"type":"LineString","coordinates":[[-72.20484,-38.06087],[-72.20207,-38.05211],[-72.20095,-38.05229],[-72.20009,-38.05064],[-72.19502,-38.05159],[-72.19349,-38.0537],[-72.19086,-38.05443],[-72.18859,-38.05335],[-72.19001,-38.05192],[-72.18925,-38.05071],[-72.16097,-38.05538]]}},{"id":"6869","type":"Feature","properties":{"ROL":"S/R","NOMBRE_CAMINO":"Ercilla - Cumaco","CLASIFICACION":"Sin Información","CALZADA":"-","tmda":null},"geometry":{"type":"LineString","coordinates":[[-72.37603,-38.05811],[-72.37228,-38.05685],[-72.37161,-38.05496],[-72.36566,-38.0553],[-72.35679,-38.05324],[-72.35819,-38.04754],[-72.35587,-38.03932],[-72.35778,-38.03342],[-72.35466,-38.03254]]}},{"id":"6870","type":"Feature","properties":{"ROL":"R-156","NOMBRE_CAMINO":"Vado Buenos Aires - Angol","CLASIFICACION":"Sin Información","CALZADA":"-","tmda":null},"geometry":{"type":"LineString","coordinates":[[-72.65811,-37.80296],[-72.68573,-37.80102]]}},{"id":"6871","type":"Feature","properties":{"ROL":"S/R","NOMBRE_CAMINO":"Nilpe - Quinahue - Pubinco","CLASIFICACION":"Sin Información","CALZADA":"-","tmda":null},"geometry":{"type":"LineString","coordinates":[[-72.69475,-38.60127],[-72.7065,-38.59288],[-72.7108,-38.5884],[-72.71532,-38.57728],[-72.72195,-38.57406],[-72.7235,-38.56992],[-72.74202,-38.56649],[-72.74231,-38.56413],[-72.75391,-38.55819],[-72.75464,-38.5479],[-72.76086,-38.54138],[-72.76288,-38.53437],[-72.7649,-38.53324],[-72.7619,-38.5272],[-72.76162,-38.51799],[-72.75983,-38.51345],[-72.75318,-38.50634],[-72.75602,-38.50354],[-72.75484,-38.50164],[-72.75477,-38.4963],[-72.75741,-38.49388],[-72.76697,-38.49233],[-72.77308,-38.48634]]}},{"id":"6872","type":"Feature","properties":{"ROL":"S/R","NOMBRE_CAMINO":"Los Mellizos - San Rafael","CLASIFICACION":"Sin Información","CALZADA":"-","tmda":null},"geometry":{"type":"LineString","coordinates":[[-72.72804,-37.68685],[-72.72914,-37.68437],[-72.72442,-37.68057],[-72.72585,-37.67611],[-72.72189,-37.66996]]}},{"id":"6873","type":"Feature","properties":{"ROL":"S/R","NOMBRE_CAMINO":"Mahuida - Pidenco","CLASIFICACION":"Sin Información","CALZADA":"-","tmda":501.0},"geometry":{"type":"LineString","coordinates":[[-72.73353,-39.37506],[-72.73809,-39.37155],[-72.74028,-39.37216],[-72.74117,-39.37054],[-72.74034,-39.36923],[-72.74348,-39.36586],[-72.74641,-39.36613],[-72.7461,-39.36228],[-72.74445,-39.3629],[-72.74187,-39.36083],[-72.74274,-39.36008],[-72.75111,-39.35896],[-72.75559,-39.35636],[-72.75688,-39.35108],[-72.76065,-39.34807],[-72.76002,-39.34228],[-72.7642,-39.33519],[-72.77594,-39.33245],[-72.78067,-39.33421],[-72.79409,-39.33129],[-72.79551,-39.3323],[-72.79735,-39.32748],[-72.79664,-39.3236],[-72.79897,-39.32222],[-72.80297,-39.31058],[-72.80507,-39.30909],[-72.80354,-39.30634],[-72.80776,-39.30546],[-72.81144,-39.30157]]}},{"id":"6874","type":"Feature","properties":{"ROL":"S-791","NOMBRE_CAMINO":"Ancahual - Pinchafil - Lumalla","CLASIFICACION":"Sin Información","CALZADA":"-","tmda":null},"geometry":{"type":"LineString","coordinates":[[-72.49889,-39.34691],[-72.48587,-39.35011],[-72.47468,-39.35079],[-72.46633,-39.34983],[-72.45257,-39.35399],[-72.42164,-39.35483],[-72.41315,-39.3578],[-72.40371,-39.35815],[-72.39091,-39.36084],[-72.38484,-39.36062],[-72.34676,-39.37369],[-72.31797,-39.37552],[-72.30612,-39.37893],[-72.2967,-39.37979],[-72.29099,-39.38212],[-72.28608,-39.38189],[-72.27563,-39.38633],[-72.26801,-39.38749],[-72.26682,-39.38445],[-72.256,-39.38542],[-72.24309,-39.37931],[-72.23043,-39.38219],[-72.22485,-39.37986]]}},{"id":"6875","type":"Feature","properties":{"ROL":"S/R","NOMBRE_CAMINO":"Cruce R-232 - Miraflores","CLASIFICACION":"Sin Información","CALZADA":"-","tmda":null},"geometry":{"type":"LineString","coordinates":[[-72.93511,-37.89861],[-72.94049,-37.89826],[-72.94601,-37.89621],[-72.95008,-37.8916],[-72.95543,-37.88878],[-72.95626,-37.88674],[-72.95294,-37.88171],[-72.95412,-37.8777],[-72.9587,-37.87479],[-72.95918,-37.87143],[-72.96577,-37.86864],[-72.96701,-37.86594],[-72.97427,-37.86374],[-72.97494,-37.8619]]}},{"id":"6876","type":"Feature","properties":{"ROL":"S/R","NOMBRE_CAMINO":"Reducción Triftrifco - Balsa Aillinco","CLASIFICACION":"Sin Información","CALZADA":"-","tmda":null},"geometry":{"type":"LineString","coordinates":[[-72.83853,-38.439],[-72.84933,-38.43825],[-72.86159,-38.43917],[-72.86529,-38.44168],[-72.86597,-38.44429],[-72.86456,-38.44759],[-72.86551,-38.45085],[-72.86898,-38.454],[-72.87173,-38.4546],[-72.87206,-38.45607],[-72.85657,-38.46758]]}},{"id":"6877","type":"Feature","properties":{"ROL":"S-327","NOMBRE_CAMINO":"Cruce Ruta S-299 - Cruce Ruta S-329","CLASIFICACION":"Sin Información","CALZADA":"-","tmda":null},"geometry":{"type":"LineString","coordinates":[[-72.1372,-38.70342],[-72.13108,-38.70328],[-72.12144,-38.70609],[-72.11145,-38.70931],[-72.10367,-38.71352],[-72.09161,-38.71291],[-72.07766,-38.71502],[-72.07213,-38.7172],[-72.06825,-38.71548],[-72.06309,-38.71658]]}},{"id":"6878","type":"Feature","properties":{"ROL":"S/R","NOMBRE_CAMINO":"Los Alpes - Pichipellahuen - Tres Pinos","CLASIFICACION":"Sin Información","CALZADA":"-","tmda":null},"geometry":{"type":"LineString","coordinates":[[-72.96037,-37.67315],[-72.96672,-37.67997],[-72.97314,-37.6802],[-72.98031,-37.68321],[-72.98328,-37.68281],[-72.98736,-37.68519],[-72.99814,-37.67941],[-73.00164,-37.67533],[-73.00666,-37.6739],[-73.00922,-37.67488],[-73.01314,-37.673],[-73.01914,-37.66893],[-73.02022,-37.6668],[-73.02615,-37.66707],[-73.02839,-37.66606],[-73.03165,-37.66888],[-73.03349,-37.66731],[-73.03905,-37.66866],[-73.0409,-37.67175],[-73.04757,-37.6714],[-73.04958,-37.67297],[-73.05183,-37.6728],[-73.05894,-37.6705],[-73.05977,-37.66693],[-73.06281,-37.66306],[-73.06851,-37.66074],[-73.07196,-37.66068],[-73.07944,-37.66226],[-73.08022,-37.66956],[-73.08241,-37.67261],[-73.08177,-37.67481],[-73.08532,-37.67995],[-73.10061,-37.68309],[-73.10822,-37.68738],[-73.11179,-37.68616],[-73.11843,-37.68727],[-73.12099,-37.69038],[-73.12065,-37.69176]]}},{"id":"6879","type":"Feature","properties":{"ROL":"S/R","NOMBRE_CAMINO":"Variante Interior Colonia Lolenco","CLASIFICACION":"Sin Información","CALZADA":"-","tmda":null},"geometry":{"type":"LineString","coordinates":[[-72.58165,-37.89304],[-72.59096,-37.90154],[-72.59692,-37.90377]]}},{"id":"6880","type":"Feature","properties":{"ROL":"S-389","NOMBRE_CAMINO":"Faja 24.000","CLASIFICACION":"Sin Información","CALZADA":"-","tmda":null},"geometry":{"type":"LineString","coordinates":[[-72.29727,-38.88544],[-72.29238,-38.87124],[-72.28957,-38.86865],[-72.29234,-38.86301],[-72.29132,-38.85943],[-72.29238,-38.85663],[-72.28981,-38.85516],[-72.28525,-38.85532],[-72.28454,-38.85312],[-72.29425,-38.84957],[-72.30198,-38.85052],[-72.30383,-38.84605],[-72.30075,-38.84175]]}},{"id":"6881","type":"Feature","properties":{"ROL":"R-408","NOMBRE_CAMINO":"Cruce Ruta R-60-p - Huitranlebu","CLASIFICACION":"Sin Información","CALZADA":"-","tmda":null},"geometry":{"type":"LineString","coordinates":[[-72.86551,-37.98672],[-72.87102,-37.99176],[-72.89224,-37.99999],[-72.89728,-38.00574],[-72.908,-38.01223],[-72.90782,-38.01662],[-72.90332,-38.02095],[-72.90312,-38.0234],[-72.89965,-38.02492],[-72.9022,-38.03148],[-72.89638,-38.03607],[-72.89621,-38.03927],[-72.89092,-38.03659],[-72.88659,-38.04055]]}},{"id":"6882","type":"Feature","properties":{"ROL":"S/R","NOMBRE_CAMINO":"Ranco - Dollinco","CLASIFICACION":"Sin Información","CALZADA":"-","tmda":null},"geometry":{"type":"LineString","coordinates":[[-73.31642,-38.69939],[-73.31468,-38.70621],[-73.30431,-38.70576],[-73.30157,-38.70402]]}},{"id":"6883","type":"Feature","properties":{"ROL":"S-716","NOMBRE_CAMINO":"Segunda Faja - Galpones","CLASIFICACION":"Sin Información","CALZADA":"-","tmda":null},"geometry":{"type":"LineString","coordinates":[[-72.66246,-39.04176],[-72.76949,-39.01601]]}},{"id":"6884","type":"Feature","properties":{"ROL":"S/R","NOMBRE_CAMINO":"Palguín - Coñaripe","CLASIFICACION":"Sin Información","CALZADA":"-","tmda":null},"geometry":{"type":"LineString","coordinates":[[-71.77252,-39.41193],[-71.78279,-39.42153],[-71.78645,-39.42921],[-71.78624,-39.43425],[-71.78968,-39.43713],[-71.79105,-39.43668],[-71.78947,-39.4424],[-71.79917,-39.44826],[-71.80839,-39.45197],[-71.81329,-39.45871],[-71.81576,-39.45869],[-71.81841,-39.4564]]}},{"id":"6885","type":"Feature","properties":{"ROL":"S/R","NOMBRE_CAMINO":"Los Aromos - Mahuidanchi","CLASIFICACION":"Sin Información","CALZADA":"-","tmda":164.0},"geometry":{"type":"LineString","coordinates":[[-72.88765,-39.0613],[-72.88469,-39.06452],[-72.88655,-39.07243],[-72.88373,-39.07541],[-72.8872,-39.08428],[-72.89123,-39.08415],[-72.9015,-39.08972],[-72.90318,-39.09344]]}},{"id":"6886","type":"Feature","properties":{"ROL":"S/R","NOMBRE_CAMINO":"Puente Fierro - Estero Ranquilco","CLASIFICACION":"Sin Información","CALZADA":"-","tmda":null},"geometry":{"type":"LineString","coordinates":[[-73.08006,-38.71796],[-73.07472,-38.70794],[-73.06344,-38.71149],[-73.04928,-38.71847],[-73.04824,-38.71829],[-73.04845,-38.71604],[-73.04662,-38.71336]]}},{"id":"6887","type":"Feature","properties":{"ROL":"S-692","NOMBRE_CAMINO":"Faja Cantarrana","CLASIFICACION":"Sin Información","CALZADA":"-","tmda":null},"geometry":{"type":"LineString","coordinates":[[-72.84175,-39.04713],[-72.84777,-39.04587],[-72.86981,-39.05735],[-72.88049,-39.05507],[-72.88448,-39.0571],[-72.88906,-39.06182],[-72.91812,-39.05561]]}},{"id":"6888","type":"Feature","properties":{"ROL":"S/R","NOMBRE_CAMINO":"Cruce Ruta 5 - Pillánlelbun - Ruta 5","CLASIFICACION":"Sin Información","CALZADA":"-","tmda":null},"geometry":{"type":"LineString","coordinates":[[-72.45499,-38.63303],[-72.45391,-38.63353],[-72.45598,-38.63673],[-72.45968,-38.63785]]}},{"id":"6889","type":"Feature","properties":{"ROL":"S/R","NOMBRE_CAMINO":"Cruce Longitudinal - Mision Araucana","CLASIFICACION":"Sin Información","CALZADA":"-","tmda":899.0},"geometry":{"type":"LineString","coordinates":[[-72.62399,-38.82633],[-72.63372,-38.82207],[-72.63592,-38.81954],[-72.63666,-38.81632],[-72.63998,-38.81641],[-72.64666,-38.81723],[-72.6506,-38.81963],[-72.65262,-38.82218],[-72.65122,-38.82465],[-72.65173,-38.82706],[-72.65925,-38.83036],[-72.66649,-38.83124],[-72.67801,-38.82964],[-72.69494,-38.83098]]}},{"id":"6890","type":"Feature","properties":{"ROL":"S-255","NOMBRE_CAMINO":"Cruce S-269 - Molino Tiznado","CLASIFICACION":"Sin Información","CALZADA":"-","tmda":null},"geometry":{"type":"LineString","coordinates":[[-72.53103,-38.74397],[-72.52578,-38.74196],[-72.51945,-38.74263],[-72.5179,-38.74495],[-72.50789,-38.74209],[-72.50543,-38.74332],[-72.49836,-38.74352],[-72.49269,-38.74077],[-72.47948,-38.7379],[-72.45513,-38.72434],[-72.44554,-38.72419]]}},{"id":"6891","type":"Feature","properties":{"ROL":"S-439","NOMBRE_CAMINO":"Llanquimurra - Millaly","CLASIFICACION":"Sin Información","CALZADA":"-","tmda":null},"geometry":{"type":"LineString","coordinates":[[-72.57017,-38.88612],[-72.55537,-38.88669],[-72.53886,-38.88488]]}},{"id":"6892","type":"Feature","properties":{"ROL":"R-410","NOMBRE_CAMINO":"Maicoya - Pellahuenco","CLASIFICACION":"Sin Información","CALZADA":"-","tmda":null},"geometry":{"type":"LineString","coordinates":[[-72.95867,-37.98573],[-72.96121,-37.98017],[-72.96673,-37.97952],[-72.97206,-37.97543],[-72.97305,-37.97248],[-72.98206,-37.96806],[-72.98508,-37.96369],[-72.99139,-37.95925],[-72.99305,-37.95669],[-72.99132,-37.9477],[-72.99329,-37.94521],[-72.99126,-37.94191],[-72.99217,-37.93793],[-72.98485,-37.9358],[-72.97772,-37.93567],[-72.96743,-37.93067],[-72.96409,-37.93082]]}},{"id":"6893","type":"Feature","properties":{"ROL":"S/R","NOMBRE_CAMINO":"San Ramón - San José","CLASIFICACION":"Sin Información","CALZADA":"-","tmda":899.0},"geometry":{"type":"LineString","coordinates":[[-72.39359,-38.87587],[-72.39781,-38.88812]]}},{"id":"6894","type":"Feature","properties":{"ROL":"S/R","NOMBRE_CAMINO":"Coipué - Long Long","CLASIFICACION":"Sin Información","CALZADA":"-","tmda":null},"geometry":{"type":"LineString","coordinates":[[-72.43879,-39.07518],[-72.43939,-39.07077],[-72.43319,-39.0711],[-72.42801,-39.06708],[-72.42015,-39.06676],[-72.41759,-39.06193],[-72.41761,-39.05707],[-72.41569,-39.0554],[-72.40654,-39.05309],[-72.39688,-39.05356]]}},{"id":"6895","type":"Feature","properties":{"ROL":"S/R","NOMBRE_CAMINO":"Trabunco - Los Copihues","CLASIFICACION":"Sin Información","CALZADA":"-","tmda":899.0},"geometry":{"type":"LineString","coordinates":[[-72.63881,-38.70785],[-72.63941,-38.70259],[-72.63426,-38.6939],[-72.62457,-38.69265],[-72.62417,-38.69147]]}},{"id":"6896","type":"Feature","properties":{"ROL":"S/R","NOMBRE_CAMINO":"Los Raulíes - Puerto Corrales","CLASIFICACION":"Sin Información","CALZADA":"-","tmda":null},"geometry":{"type":"LineString","coordinates":[[-72.07349,-39.17487],[-72.0727,-39.16479],[-72.06967,-39.1645],[-72.06385,-39.16649],[-72.05903,-39.16394],[-72.05481,-39.15752],[-72.06019,-39.15964],[-72.06363,-39.15624],[-72.06093,-39.1531],[-72.06214,-39.15164],[-72.05964,-39.1447],[-72.06084,-39.14412],[-72.06054,-39.14192],[-72.06918,-39.13506],[-72.07047,-39.12935],[-72.07252,-39.12765],[-72.07375,-39.11477],[-72.06888,-39.11098],[-72.07075,-39.1107],[-72.06876,-39.10691],[-72.06431,-39.1041],[-72.06393,-39.10132],[-72.06224,-39.10021],[-72.06249,-39.09646],[-72.05652,-39.09367]]}},{"id":"6897","type":"Feature","properties":{"ROL":"S-376","NOMBRE_CAMINO":"Malpichague - Becker","CLASIFICACION":"Sin Información","CALZADA":"-","tmda":null},"geometry":{"type":"LineString","coordinates":[[-72.5316,-38.51522],[-72.53161,-38.52753],[-72.53004,-38.52817],[-72.53043,-38.53133],[-72.52796,-38.53399],[-72.52188,-38.53569],[-72.52055,-38.542],[-72.51862,-38.54459]]}},{"id":"6898","type":"Feature","properties":{"ROL":"S/R","NOMBRE_CAMINO":"Acceso Cunco Chico","CLASIFICACION":"Sin Información","CALZADA":"-","tmda":null},"geometry":{"type":"LineString","coordinates":[[-72.46644,-38.62689],[-72.48021,-38.62351]]}},{"id":"6899","type":"Feature","properties":{"ROL":"S/R","NOMBRE_CAMINO":"Collico Sur - Liumalla","CLASIFICACION":"Sin Información","CALZADA":"-","tmda":null},"geometry":{"type":"LineString","coordinates":[[-72.24425,-39.32468],[-72.24626,-39.33009],[-72.24322,-39.33144],[-72.24397,-39.33383],[-72.24252,-39.33856],[-72.24448,-39.34421],[-72.24788,-39.3483],[-72.25581,-39.35154],[-72.25734,-39.35463],[-72.26104,-39.35528],[-72.26293,-39.35963],[-72.26112,-39.36323],[-72.2636,-39.36865],[-72.26208,-39.37038],[-72.2586,-39.37027]]}},{"id":"6900","type":"Feature","properties":{"ROL":"S-241","NOMBRE_CAMINO":"Cruce Ruta S-31 - Fundo Las Tres Perlas","CLASIFICACION":"Sin Información","CALZADA":"-","tmda":null},"geometry":{"type":"LineString","coordinates":[[-72.31562,-38.67818],[-72.35499,-38.66851],[-72.3577,-38.67357],[-72.36236,-38.67424],[-72.37235,-38.66953],[-72.37607,-38.66553],[-72.38292,-38.66487],[-72.38643,-38.66286]]}},{"id":"6901","type":"Feature","properties":{"ROL":"S-311","NOMBRE_CAMINO":"Curaco - Santa Bárbara","CLASIFICACION":"Sin Información","CALZADA":"-","tmda":null},"geometry":{"type":"LineString","coordinates":[[-72.24003,-38.72242],[-72.17439,-38.73739]]}},{"id":"6902","type":"Feature","properties":{"ROL":"R-424","NOMBRE_CAMINO":"Purén - Capitán Pastene Por Melinchique","CLASIFICACION":"Sin Información","CALZADA":"-","tmda":null},"geometry":{"type":"LineString","coordinates":[[-73.0432,-38.05212],[-73.04596,-38.05874],[-73.04616,-38.06353],[-73.04483,-38.06385],[-73.04633,-38.06519],[-73.04776,-38.07375],[-73.0524,-38.08348],[-73.06029,-38.08994],[-73.06147,-38.09446],[-73.06441,-38.09688],[-73.06804,-38.09725],[-73.07787,-38.10264],[-73.07642,-38.10639],[-73.0765,-38.11508],[-73.07308,-38.12117],[-73.07251,-38.1254],[-73.07751,-38.13716],[-73.07415,-38.14094],[-73.06421,-38.14589],[-73.05754,-38.1465],[-73.05274,-38.14403],[-73.0485,-38.14441],[-73.05129,-38.14749],[-73.05015,-38.14845],[-73.05145,-38.15173],[-73.05043,-38.15342],[-73.05175,-38.15446],[-73.05001,-38.15533],[-73.05144,-38.15615],[-73.0489,-38.15629],[-73.04826,-38.15913],[-73.04649,-38.15805],[-73.0463,-38.16276],[-73.0446,-38.16456],[-73.03947,-38.16485],[-73.0373,-38.16286],[-73.03471,-38.16401],[-73.02671,-38.16361],[-73.02524,-38.1642],[-73.02662,-38.16714],[-73.0171,-38.16174],[-73.00523,-38.16451],[-73.00427,-38.16712],[-73.00049,-38.16826],[-72.99728,-38.17678],[-72.99914,-38.18799],[-72.99215,-38.19065]]}},{"id":"6903","type":"Feature","properties":{"ROL":"S/R","NOMBRE_CAMINO":"Cruce S-379 - Momberg Por Pelehue","CLASIFICACION":"Sin Información","CALZADA":"-","tmda":899.0},"geometry":{"type":"LineString","coordinates":[[-72.56244,-38.82396],[-72.55885,-38.82879],[-72.55868,-38.83457],[-72.55026,-38.83765],[-72.54853,-38.84144]]}},{"id":"6904","type":"Feature","properties":{"ROL":"S/R","NOMBRE_CAMINO":"Pangueco - Palo Ventana","CLASIFICACION":"Sin Información","CALZADA":"-","tmda":null},"geometry":{"type":"LineString","coordinates":[[-73.10847,-38.02963],[-73.10846,-38.02816],[-73.11143,-38.02715],[-73.11174,-38.02463],[-73.11805,-38.02333],[-73.11656,-38.02118],[-73.12196,-38.01482],[-73.11985,-38.01357],[-73.12449,-38.01155],[-73.12877,-38.01222],[-73.12957,-38.01348],[-73.13414,-38.01217],[-73.13559,-38.00904],[-73.13529,-38.00467],[-73.13345,-38.00347],[-73.13449,-38.00183],[-73.13939,-38.00001],[-73.13958,-37.99839],[-73.14208,-37.99677],[-73.14636,-37.99879]]}},{"id":"6905","type":"Feature","properties":{"ROL":"S-423","NOMBRE_CAMINO":"San Ramón - Coipulafquén","CLASIFICACION":"Sin Información","CALZADA":"-","tmda":null},"geometry":{"type":"LineString","coordinates":[[-72.38626,-38.86447],[-72.38268,-38.85456],[-72.38459,-38.84657],[-72.38679,-38.84355]]}},{"id":"6906","type":"Feature","properties":{"ROL":"S/R","NOMBRE_CAMINO":"Santa Filomena - Huilipillín","CLASIFICACION":"Sin Información","CALZADA":"-","tmda":null},"geometry":{"type":"LineString","coordinates":[[-72.14594,-39.17106],[-72.14358,-39.17113],[-72.1349,-39.14783]]}},{"id":"6907","type":"Feature","properties":{"ROL":"S/R","NOMBRE_CAMINO":"Malloco - Quilinám","CLASIFICACION":"Sin Información","CALZADA":"-","tmda":null},"geometry":{"type":"LineString","coordinates":[[-72.33469,-39.27361],[-72.33155,-39.26259],[-72.33209,-39.25828]]}},{"id":"6908","type":"Feature","properties":{"ROL":"S-246","NOMBRE_CAMINO":"Cuel - Ñielol","CLASIFICACION":"Sin Información","CALZADA":"-","tmda":null},"geometry":{"type":"LineString","coordinates":[[-72.67066,-38.44221],[-72.67275,-38.44549],[-72.67928,-38.44512],[-72.68541,-38.44928],[-72.68744,-38.45199],[-72.6874,-38.45522],[-72.69064,-38.45982],[-72.69089,-38.46405],[-72.6897,-38.46663],[-72.69783,-38.4676],[-72.70108,-38.46939],[-72.70404,-38.46844],[-72.71245,-38.47259],[-72.71786,-38.47022],[-72.72061,-38.47139],[-72.72616,-38.47074],[-72.72919,-38.46847],[-72.73353,-38.46184]]}},{"id":"6909","type":"Feature","properties":{"ROL":"S-704","NOMBRE_CAMINO":"Cruce Ruta S-710 - Fundo Monte Cabro","CLASIFICACION":"Sin Información","CALZADA":"-","tmda":null},"geometry":{"type":"LineString","coordinates":[[-72.79199,-39.03025],[-72.80654,-39.06584],[-72.81269,-39.07175],[-72.81723,-39.07287],[-72.81999,-39.07057],[-72.82366,-39.07082],[-72.82448,-39.07221],[-72.83229,-39.07275],[-72.83468,-39.07454],[-72.8416,-39.07245],[-72.85223,-39.07354]]}},{"id":"6910","type":"Feature","properties":{"ROL":"S/R","NOMBRE_CAMINO":"La Paz Chica - La Paz","CLASIFICACION":"Sin Información","CALZADA":"-","tmda":null},"geometry":{"type":"LineString","coordinates":[[-72.90094,-37.76529],[-72.8989,-37.762],[-72.88966,-37.75922],[-72.88812,-37.75757],[-72.88945,-37.75668],[-72.8881,-37.75445],[-72.88417,-37.75281]]}},{"id":"6911","type":"Feature","properties":{"ROL":"S/R","NOMBRE_CAMINO":"Curaco - Malla","CLASIFICACION":"Sin Información","CALZADA":"-","tmda":null},"geometry":{"type":"LineString","coordinates":[[-72.2416,-38.72567],[-72.24922,-38.72451],[-72.25644,-38.72071],[-72.26534,-38.71882],[-72.27487,-38.71477],[-72.31317,-38.70621],[-72.3305,-38.70734]]}},{"id":"6912","type":"Feature","properties":{"ROL":"S/R","NOMBRE_CAMINO":"Cruce S-20 - Crucea S-258","CLASIFICACION":"Sin Información","CALZADA":"-","tmda":null},"geometry":{"type":"LineString","coordinates":[[-72.70398,-38.67046],[-72.70131,-38.65697],[-72.69157,-38.64835],[-72.6871,-38.64592],[-72.68139,-38.64775]]}},{"id":"6913","type":"Feature","properties":{"ROL":"S/R","NOMBRE_CAMINO":"Quepe - Mahuidanche","CLASIFICACION":"Sin Información","CALZADA":"-","tmda":899.0},"geometry":{"type":"LineString","coordinates":[[-72.61717,-38.8566],[-72.62338,-38.85465],[-72.62609,-38.8486],[-72.63473,-38.84677],[-72.63789,-38.84316],[-72.64906,-38.84016],[-72.65274,-38.84078],[-72.65941,-38.83843],[-72.66276,-38.83587],[-72.67104,-38.83501],[-72.67693,-38.83628],[-72.67946,-38.83876],[-72.68381,-38.83842]]}},{"id":"6914","type":"Feature","properties":{"ROL":"S/R","NOMBRE_CAMINO":"Metrenco - Huichocón","CLASIFICACION":"Sin Información","CALZADA":"-","tmda":899.0},"geometry":{"type":"LineString","coordinates":[[-72.62373,-38.83234],[-72.62267,-38.83244],[-72.61601,-38.84411],[-72.60576,-38.85184]]}},{"id":"6915","type":"Feature","properties":{"ROL":"S/R","NOMBRE_CAMINO":"Puente Allipén - Coipué","CLASIFICACION":"Sin Información","CALZADA":"-","tmda":null},"geometry":{"type":"LineString","coordinates":[[-72.48939,-39.05389],[-72.48447,-39.05731],[-72.47945,-39.06468],[-72.46828,-39.07385],[-72.46047,-39.07567],[-72.45103,-39.08076],[-72.44445,-39.08245]]}},{"id":"6916","type":"Feature","properties":{"ROL":"S/R","NOMBRE_CAMINO":"San Pedro - Suevia","CLASIFICACION":"Sin Información","CALZADA":"-","tmda":899.0},"geometry":{"type":"LineString","coordinates":[[-72.54799,-38.94334],[-72.54311,-38.94321],[-72.51764,-38.95379],[-72.50948,-38.95878],[-72.5109,-38.96052]]}},{"id":"6917","type":"Feature","properties":{"ROL":"S/R","NOMBRE_CAMINO":"Cruce Ruta S-91 - Rinconada","CLASIFICACION":"Sin Información","CALZADA":"-","tmda":null},"geometry":{"type":"LineString","coordinates":[[-72.28369,-39.27443],[-72.29463,-39.25905],[-72.29603,-39.25541],[-72.29447,-39.25056]]}},{"id":"6918","type":"Feature","properties":{"ROL":"S-759","NOMBRE_CAMINO":"Ñancul - Voipir - Llau Llau","CLASIFICACION":"Sin Información","CALZADA":"-","tmda":1050.0},"geometry":{"type":"LineString","coordinates":[[-72.30549,-39.28381],[-72.29986,-39.28336],[-72.29798,-39.28628],[-72.28767,-39.28664],[-72.27399,-39.29359]]}},{"id":"6919","type":"Feature","properties":{"ROL":"S-759","NOMBRE_CAMINO":"Ñancul - Voipir - Llau Llau","CLASIFICACION":"Sin Información","CALZADA":"-","tmda":1050.0},"geometry":{"type":"LineString","coordinates":[[-72.25,-39.31218],[-72.23284,-39.31045]]}},{"id":"6920","type":"Feature","properties":{"ROL":"S-440","NOMBRE_CAMINO":"Llahuey - Catripulli","CLASIFICACION":"Sin Información","CALZADA":"-","tmda":190.0},"geometry":{"type":"LineString","coordinates":[[-73.22902,-38.83133],[-73.226,-38.83487],[-73.21985,-38.83655],[-73.21214,-38.83715],[-73.21234,-38.83544],[-73.21058,-38.83615],[-73.20881,-38.83465],[-73.19077,-38.83765],[-73.18582,-38.83566],[-73.17811,-38.83481],[-73.17456,-38.82943],[-73.16936,-38.82882],[-73.16446,-38.83029],[-73.15789,-38.82782]]}},{"id":"6921","type":"Feature","properties":{"ROL":"S-440","NOMBRE_CAMINO":"Llahuey - Catripulli","CLASIFICACION":"Sin Información","CALZADA":"-","tmda":190.0},"geometry":{"type":"LineString","coordinates":[[-73.15789,-38.82782],[-73.14811,-38.81943],[-73.14139,-38.81778],[-73.13434,-38.81398]]}},{"id":"6922","type":"Feature","properties":{"ROL":"S-466","NOMBRE_CAMINO":"La Misión - Puente Mellizos","CLASIFICACION":"Sin Información","CALZADA":"-","tmda":null},"geometry":{"type":"LineString","coordinates":[[-73.24414,-38.85424],[-73.23092,-38.85648],[-73.22544,-38.85985],[-73.22187,-38.86499],[-73.21855,-38.86719],[-73.21804,-38.86849],[-73.21952,-38.86983],[-73.21513,-38.87188]]}},{"id":"6923","type":"Feature","properties":{"ROL":"S-454","NOMBRE_CAMINO":"Catripulli - Escuela Coipuco","CLASIFICACION":"Sin Información","CALZADA":"-","tmda":null},"geometry":{"type":"LineString","coordinates":[[-73.13228,-38.81593],[-73.13049,-38.81291],[-73.12797,-38.8136]]}},{"id":"6924","type":"Feature","properties":{"ROL":"S-454","NOMBRE_CAMINO":"Catripulli - Escuela Coipuco","CLASIFICACION":"Sin Información","CALZADA":"-","tmda":null},"geometry":{"type":"LineString","coordinates":[[-73.12797,-38.8136],[-73.12474,-38.81238],[-73.12606,-38.81014],[-73.12431,-38.80898],[-73.1122,-38.81146],[-73.10389,-38.80907],[-73.10278,-38.79544],[-73.10554,-38.78925],[-73.10559,-38.78578],[-73.10666,-38.78486],[-73.10583,-38.78385],[-73.10848,-38.78008],[-73.10728,-38.77916]]}},{"id":"6925","type":"Feature","properties":{"ROL":"S-452","NOMBRE_CAMINO":"Carahue - Catripulli","CLASIFICACION":"Sin Información","CALZADA":"-","tmda":292.0},"geometry":{"type":"LineString","coordinates":[[-73.12899,-38.7676],[-73.13264,-38.77362],[-73.13832,-38.77832],[-73.14118,-38.78383],[-73.14025,-38.78559],[-73.14109,-38.78617],[-73.13931,-38.78785],[-73.14077,-38.80003],[-73.13976,-38.8054],[-73.13434,-38.81398]]}},{"id":"6926","type":"Feature","properties":{"ROL":"S-458","NOMBRE_CAMINO":"Cancura - Boldo Huacho - Catripulli","CLASIFICACION":"Sin Información","CALZADA":"-","tmda":209.0},"geometry":{"type":"LineString","coordinates":[[-73.11229,-38.8588],[-73.1227,-38.85543],[-73.12564,-38.84837],[-73.12837,-38.84663],[-73.12492,-38.83752],[-73.13055,-38.82981],[-73.12859,-38.82698],[-73.12761,-38.82061],[-73.13434,-38.81398]]}},{"id":"6927","type":"Feature","properties":{"ROL":"S-518","NOMBRE_CAMINO":"Huilo - Llanguin - El Descanso","CLASIFICACION":"Sin Información","CALZADA":"-","tmda":null},"geometry":{"type":"LineString","coordinates":[[-73.11229,-38.8588],[-73.11172,-38.86161],[-73.11406,-38.86626],[-73.11305,-38.86883],[-73.11566,-38.87071],[-73.11812,-38.88142],[-73.11396,-38.89671],[-73.11169,-38.89606],[-73.1073,-38.89948],[-73.10036,-38.9017],[-73.09717,-38.90088],[-73.09472,-38.90255],[-73.09183,-38.90198],[-73.0925,-38.90851],[-73.08804,-38.91276],[-73.08915,-38.9173],[-73.09158,-38.92043],[-73.0906,-38.92558],[-73.09184,-38.92666],[-73.08951,-38.92772],[-73.09259,-38.93281],[-73.09512,-38.9339],[-73.09653,-38.93871],[-73.0947,-38.94443],[-73.09582,-38.94635],[-73.09433,-38.9518],[-73.09558,-38.95797],[-73.09298,-38.96099],[-73.09273,-38.96387],[-73.08708,-38.96745],[-73.09148,-38.96957],[-73.0921,-38.97206],[-73.08571,-38.97492]]}},{"id":"6928","type":"Feature","properties":{"ROL":"S-458","NOMBRE_CAMINO":"Cancura - Boldo Huacho - Catripulli","CLASIFICACION":"Sin Información","CALZADA":"-","tmda":209.0},"geometry":{"type":"LineString","coordinates":[[-73.08827,-38.84219],[-73.09504,-38.8453],[-73.10125,-38.84627],[-73.10307,-38.85104],[-73.10806,-38.85357],[-73.10804,-38.85692],[-73.11229,-38.8588]]}},{"id":"6929","type":"Feature","properties":{"ROL":"S-482","NOMBRE_CAMINO":"Almagro - Puente Negro - Catripulli","CLASIFICACION":"Sin Información","CALZADA":"-","tmda":null},"geometry":{"type":"LineString","coordinates":[[-72.99051,-38.81242],[-73.00857,-38.80404],[-73.02191,-38.80597],[-73.03996,-38.80064],[-73.04504,-38.80276],[-73.04689,-38.80534],[-73.05252,-38.805],[-73.05341,-38.80666],[-73.05834,-38.80875],[-73.06323,-38.80848],[-73.06531,-38.81318],[-73.07843,-38.82022],[-73.08325,-38.82482],[-73.09136,-38.82966],[-73.0923,-38.8333],[-73.08874,-38.83792],[-73.08644,-38.83849],[-73.08643,-38.84102],[-73.08827,-38.84219]]}},{"id":"6930","type":"Feature","properties":{"ROL":"S-482","NOMBRE_CAMINO":"Almagro - Puente Negro - Catripulli","CLASIFICACION":"Sin Información","CALZADA":"-","tmda":null},"geometry":{"type":"LineString","coordinates":[[-72.94988,-38.78113],[-72.95165,-38.78387],[-72.95823,-38.78817],[-72.96837,-38.79079],[-72.97032,-38.79593],[-72.97272,-38.79847],[-72.98146,-38.80287],[-72.9824,-38.80515],[-72.98536,-38.80639],[-72.99051,-38.81242]]}},{"id":"6931","type":"Feature","properties":{"ROL":"S/R","NOMBRE_CAMINO":"Llufquentué - San Sebastián","CLASIFICACION":"Sin Información","CALZADA":"-","tmda":null},"geometry":{"type":"LineString","coordinates":[[-72.73778,-38.49143],[-72.7266,-38.48851],[-72.71288,-38.48859],[-72.70577,-38.49107],[-72.70257,-38.49743],[-72.70373,-38.5001],[-72.69925,-38.50226]]}},{"id":"6932","type":"Feature","properties":{"ROL":"R-234","NOMBRE_CAMINO":"Angol - Cruce Rancangua","CLASIFICACION":"Sin Información","CALZADA":"-","tmda":null},"geometry":{"type":"LineString","coordinates":[[-72.70031,-37.81659],[-72.69763,-37.82215],[-72.69758,-37.83181],[-72.69156,-37.84573]]}},{"id":"6933","type":"Feature","properties":{"ROL":"S/R","NOMBRE_CAMINO":"Cruce R-86 - Puente Moncoles - Mininco","CLASIFICACION":"Sin Información","CALZADA":"-","tmda":null},"geometry":{"type":"LineString","coordinates":[[-72.77367,-37.91485],[-72.78001,-37.9189],[-72.78341,-37.91777],[-72.79055,-37.91834],[-72.79328,-37.92181],[-72.78853,-37.92381],[-72.7878,-37.92595],[-72.79234,-37.93009],[-72.79245,-37.93155]]}},{"id":"6934","type":"Feature","properties":{"ROL":"R-322","NOMBRE_CAMINO":"Cruce Longitudinal - Collipulli","CLASIFICACION":"Sin Información","CALZADA":"-","tmda":null},"geometry":{"type":"LineString","coordinates":[[-72.39749,-37.91881],[-72.40991,-37.92819],[-72.42737,-37.95126]]}},{"id":"6935","type":"Feature","properties":{"ROL":"S/R","NOMBRE_CAMINO":"Cruce S-520 - Estero","CLASIFICACION":"Sin Información","CALZADA":"-","tmda":899.0},"geometry":{"type":"LineString","coordinates":[[-72.66614,-38.7916],[-72.67677,-38.78746]]}},{"id":"6936","type":"Feature","properties":{"ROL":"S/R","NOMBRE_CAMINO":"Conoco Grande","CLASIFICACION":"Sin Información","CALZADA":"-","tmda":null},"geometry":{"type":"LineString","coordinates":[[-72.7515,-38.65425],[-72.75213,-38.64358],[-72.75104,-38.63777],[-72.7539,-38.63685],[-72.75764,-38.63255],[-72.75806,-38.62697],[-72.75872,-38.62499],[-72.76021,-38.62473],[-72.75862,-38.61693]]}},{"id":"6937","type":"Feature","properties":{"ROL":"S/R","NOMBRE_CAMINO":"Cruce R-300 - El Pino","CLASIFICACION":"Sin Información","CALZADA":"-","tmda":null},"geometry":{"type":"LineString","coordinates":[[-72.6145,-37.93668],[-72.61612,-37.94894],[-72.62037,-37.95385],[-72.61845,-37.95502],[-72.61996,-37.9555],[-72.61937,-37.95845],[-72.62077,-37.96018],[-72.6198,-37.96354],[-72.61566,-37.96966],[-72.61847,-37.9756],[-72.61652,-37.97839],[-72.61641,-37.98121],[-72.61953,-37.9837],[-72.61743,-37.98636],[-72.61375,-37.9854],[-72.60447,-37.98972],[-72.60474,-37.99352],[-72.59652,-38.00085],[-72.59829,-38.00253],[-72.59601,-38.00915],[-72.59653,-38.0147],[-72.59476,-38.01654],[-72.59133,-38.01739],[-72.58698,-38.01646],[-72.58557,-38.01814],[-72.57845,-38.01776],[-72.57287,-38.01634],[-72.56616,-38.01208],[-72.56492,-38.00456],[-72.56704,-38.0018],[-72.56553,-37.99956],[-72.56751,-37.99701],[-72.56504,-37.9927],[-72.56537,-37.99076],[-72.56364,-37.98955],[-72.56632,-37.98355],[-72.56548,-37.98198],[-72.5673,-37.9812],[-72.56804,-37.9788],[-72.56725,-37.97521],[-72.5599,-37.96615]]}},{"id":"6938","type":"Feature","properties":{"ROL":"S/R","NOMBRE_CAMINO":"Santa Elena - Las Quebradas","CLASIFICACION":"Sin Información","CALZADA":"-","tmda":null},"geometry":{"type":"LineString","coordinates":[[-72.58796,-37.86885],[-72.58831,-37.86703],[-72.58378,-37.86707]]}},{"id":"6939","type":"Feature","properties":{"ROL":"S-249","NOMBRE_CAMINO":"Cementerio - Escuela Truf Truf","CLASIFICACION":"Sin Información","CALZADA":"-","tmda":null},"geometry":{"type":"LineString","coordinates":[[-72.54969,-38.7439],[-72.54946,-38.74571],[-72.54727,-38.74661],[-72.52835,-38.7493],[-72.52281,-38.75186],[-72.523,-38.75314],[-72.51535,-38.75469],[-72.51601,-38.75682],[-72.51304,-38.75749],[-72.51261,-38.76116],[-72.51001,-38.76231],[-72.51067,-38.76447],[-72.50882,-38.76963]]}},{"id":"6940","type":"Feature","properties":{"ROL":"R-460","NOMBRE_CAMINO":"Acceso Reducción Loncayan","CLASIFICACION":"Sin Información","CALZADA":"-","tmda":null},"geometry":{"type":"LineString","coordinates":[[-72.95428,-38.11383],[-72.95757,-38.11649],[-72.96327,-38.11653],[-72.97003,-38.12439],[-72.97493,-38.12567],[-72.97889,-38.12864],[-72.98836,-38.13868]]}},{"id":"6941","type":"Feature","properties":{"ROL":"S/R","NOMBRE_CAMINO":"Rinconada - Alto Rinconada","CLASIFICACION":"Sin Información","CALZADA":"-","tmda":null},"geometry":{"type":"LineString","coordinates":[[-72.30769,-39.24552],[-72.30543,-39.23867],[-72.30976,-39.22918],[-72.30913,-39.2262],[-72.31342,-39.22281],[-72.31507,-39.21988]]}},{"id":"6942","type":"Feature","properties":{"ROL":"S-372","NOMBRE_CAMINO":"Colonia Lautaro - Cachueco","CLASIFICACION":"Sin Información","CALZADA":"-","tmda":null},"geometry":{"type":"LineString","coordinates":[[-72.57692,-38.54992],[-72.57571,-38.5448],[-72.56032,-38.52089]]}},{"id":"6943","type":"Feature","properties":{"ROL":"S/R","NOMBRE_CAMINO":"El Alma - Molino El Temo","CLASIFICACION":"Sin Información","CALZADA":"-","tmda":null},"geometry":{"type":"LineString","coordinates":[[-73.24427,-38.80827],[-73.25006,-38.80874],[-73.25135,-38.80594],[-73.25595,-38.80661],[-73.26543,-38.80323],[-73.26889,-38.79752],[-73.27329,-38.79487],[-73.27451,-38.79137]]}},{"id":"6944","type":"Feature","properties":{"ROL":"S/R","NOMBRE_CAMINO":"Acceso  Palguín Bajo","CLASIFICACION":"Sin Información","CALZADA":"-","tmda":null},"geometry":{"type":"LineString","coordinates":[[-71.77882,-39.345],[-71.77494,-39.34672],[-71.76808,-39.34618],[-71.76331,-39.34718],[-71.7628,-39.34618],[-71.75318,-39.34818]]}},{"id":"6945","type":"Feature","properties":{"ROL":"S/R","NOMBRE_CAMINO":"Chesque - Coñaripe Por Pocuraé Sector: Chesque - Límite Regional","CLASIFICACION":"Sin Información","CALZADA":"-","tmda":null},"geometry":{"type":"LineString","coordinates":[[-72.18939,-39.43885],[-72.13303,-39.45178],[-72.12825,-39.45408],[-72.12531,-39.45381],[-72.1217,-39.45145],[-72.11731,-39.4523],[-72.09584,-39.47283],[-72.09729,-39.47593],[-72.09636,-39.47867],[-72.09386,-39.4824],[-72.0886,-39.48548],[-72.08731,-39.48778],[-72.0889,-39.48938],[-72.08852,-39.49234],[-72.09063,-39.49593],[-72.10069,-39.4995],[-72.10763,-39.49937]]}},{"id":"6946","type":"Feature","properties":{"ROL":"R-456","NOMBRE_CAMINO":"Estacion Quilquen - Quechereguas","CLASIFICACION":"Sin Información","CALZADA":"-","tmda":null},"geometry":{"type":"LineString","coordinates":[[-72.70617,-38.10734],[-72.70264,-38.10846],[-72.69826,-38.10637],[-72.68726,-38.10713],[-72.68408,-38.10924],[-72.6819,-38.10815],[-72.67105,-38.10873],[-72.66212,-38.10665],[-72.65818,-38.10276],[-72.64099,-38.10081],[-72.63746,-38.10352],[-72.63417,-38.1116],[-72.63113,-38.11256],[-72.62355,-38.11925]]}},{"id":"6947","type":"Feature","properties":{"ROL":"S-217","NOMBRE_CAMINO":"Pircunche - Santa Rosa","CLASIFICACION":"Sin Información","CALZADA":"-","tmda":1224.0},"geometry":{"type":"LineString","coordinates":[[-72.51025,-38.71306],[-72.53591,-38.72101],[-72.54603,-38.728],[-72.54963,-38.73235],[-72.56082,-38.73774],[-72.56218,-38.74023]]}},{"id":"6948","type":"Feature","properties":{"ROL":"S-323","NOMBRE_CAMINO":"Grecia - Las Vallas","CLASIFICACION":"Sin Información","CALZADA":"-","tmda":null},"geometry":{"type":"LineString","coordinates":[[-72.25673,-38.76693],[-72.19046,-38.7818],[-72.18739,-38.78022],[-72.1809,-38.7845],[-72.16041,-38.78874],[-72.15449,-38.79247]]}},{"id":"6949","type":"Feature","properties":{"ROL":"S/R","NOMBRE_CAMINO":"Ñancul - Santa Magdalena","CLASIFICACION":"Sin Información","CALZADA":"-","tmda":null},"geometry":{"type":"LineString","coordinates":[[-72.26658,-39.27796],[-72.27248,-39.29251],[-72.27394,-39.29349]]}},{"id":"6950","type":"Feature","properties":{"ROL":"R-428","NOMBRE_CAMINO":"Cruce R-42 - Huitranlebu - Butarincón","CLASIFICACION":"Sin Información","CALZADA":"-","tmda":176.0},"geometry":{"type":"LineString","coordinates":[[-73.00474,-38.06715],[-72.99722,-38.06726],[-72.99181,-38.06298],[-72.98493,-38.06263],[-72.97473,-38.05859],[-72.9673,-38.05891],[-72.95868,-38.05505],[-72.95705,-38.05271],[-72.93785,-38.04749],[-72.933,-38.04914],[-72.9289,-38.04879],[-72.92612,-38.04647],[-72.91714,-38.04401],[-72.90945,-38.0462],[-72.9066,-38.0498],[-72.90731,-38.05172]]}},{"id":"6951","type":"Feature","properties":{"ROL":"R-430","NOMBRE_CAMINO":"Acceso Norte Reducción El Lingue","CLASIFICACION":"Sin Información","CALZADA":"-","tmda":null},"geometry":{"type":"LineString","coordinates":[[-72.98263,-38.08279],[-72.9853,-38.08929],[-72.99429,-38.09604],[-72.99798,-38.10451],[-73.0058,-38.11196],[-73.00837,-38.11629],[-73.00584,-38.11683]]}},{"id":"6952","type":"Feature","properties":{"ROL":"S/R","NOMBRE_CAMINO":"Chacoy - Oñoico - Cruce Ruta S-432","CLASIFICACION":"Sin Información","CALZADA":"-","tmda":null},"geometry":{"type":"LineString","coordinates":[[-73.27895,-38.70119],[-73.27667,-38.70201],[-73.27463,-38.71013],[-73.26687,-38.71798],[-73.26136,-38.73141],[-73.27241,-38.73251],[-73.27596,-38.73723],[-73.28374,-38.73563],[-73.29298,-38.74495],[-73.29064,-38.75095],[-73.29908,-38.74984],[-73.29972,-38.75124]]}},{"id":"6953","type":"Feature","properties":{"ROL":"S/R","NOMBRE_CAMINO":"Cónquil - Voipir","CLASIFICACION":"Sin Información","CALZADA":"-","tmda":null},"geometry":{"type":"LineString","coordinates":[[-72.19317,-39.34367],[-72.19425,-39.33916],[-72.19304,-39.33194]]}},{"id":"6954","type":"Feature","properties":{"ROL":"S/R","NOMBRE_CAMINO":"Acceso A  Reducción Trarulemu","CLASIFICACION":"Sin Información","CALZADA":"-","tmda":null},"geometry":{"type":"LineString","coordinates":[[-72.69417,-37.87583],[-72.70749,-37.88015]]}},{"id":"6955","type":"Feature","properties":{"ROL":"S/R","NOMBRE_CAMINO":"Butaco - Quiripío Bajo","CLASIFICACION":"Sin Información","CALZADA":"-","tmda":null},"geometry":{"type":"LineString","coordinates":[[-73.26329,-38.65516],[-73.26075,-38.65584],[-73.26294,-38.66048],[-73.26419,-38.6604],[-73.26111,-38.66403],[-73.2632,-38.66636],[-73.26328,-38.6688]]}},{"id":"6956","type":"Feature","properties":{"ROL":"S/R","NOMBRE_CAMINO":"Puyallan - Perquinan","CLASIFICACION":"Sin Información","CALZADA":"-","tmda":null},"geometry":{"type":"LineString","coordinates":[[-73.31146,-38.78453],[-73.30675,-38.78916],[-73.29602,-38.79504],[-73.2952,-38.80208],[-73.29233,-38.8031],[-73.28807,-38.81193],[-73.28597,-38.81295],[-73.28171,-38.81069]]}},{"id":"6957","type":"Feature","properties":{"ROL":"S/R","NOMBRE_CAMINO":"Las Minas - Fernando San José","CLASIFICACION":"Sin Información","CALZADA":"-","tmda":null},"geometry":{"type":"LineString","coordinates":[[-72.05365,-38.54288],[-72.04242,-38.54231],[-72.02902,-38.54632]]}},{"id":"6958","type":"Feature","properties":{"ROL":"S-446","NOMBRE_CAMINO":"Troll - Pailacoyan","CLASIFICACION":"Sin Información","CALZADA":"-","tmda":null},"geometry":{"type":"LineString","coordinates":[[-73.18748,-38.73431],[-73.18379,-38.73663],[-73.17882,-38.73756],[-73.17344,-38.74112],[-73.17693,-38.75199],[-73.1813,-38.75846],[-73.18124,-38.76124],[-73.18625,-38.76688],[-73.1853,-38.76877],[-73.18812,-38.7742],[-73.18479,-38.77745],[-73.18472,-38.78002],[-73.18877,-38.78105],[-73.19743,-38.78727],[-73.19286,-38.79524],[-73.19517,-38.80205],[-73.19163,-38.80622]]}},{"id":"6959","type":"Feature","properties":{"ROL":"S/R","NOMBRE_CAMINO":"Acceso Norte A Reducción Chacaico","CLASIFICACION":"Sin Información","CALZADA":"-","tmda":null},"geometry":{"type":"LineString","coordinates":[[-72.68831,-37.85298],[-72.68682,-37.85767],[-72.68358,-37.85858]]}},{"id":"6960","type":"Feature","properties":{"ROL":"S-183","NOMBRE_CAMINO":"Vega Larga - Central Alhueco","CLASIFICACION":"Sin Información","CALZADA":"-","tmda":null},"geometry":{"type":"LineString","coordinates":[[-72.31345,-38.57166],[-72.30638,-38.56811],[-72.30061,-38.56681],[-72.29781,-38.55955],[-72.28295,-38.54466],[-72.28178,-38.53842],[-72.27661,-38.52894],[-72.27614,-38.52529]]}},{"id":"6961","type":"Feature","properties":{"ROL":"S/R","NOMBRE_CAMINO":"Rucatraro - Ranguipulli","CLASIFICACION":"Sin Información","CALZADA":"-","tmda":null},"geometry":{"type":"LineString","coordinates":[[-73.36067,-38.85587],[-73.35886,-38.85394],[-73.35381,-38.85334],[-73.35046,-38.85048],[-73.34767,-38.847],[-73.34772,-38.84489],[-73.34334,-38.84027],[-73.3402,-38.83112],[-73.33635,-38.82906],[-73.33202,-38.82869],[-73.32714,-38.83104],[-73.32232,-38.82756],[-73.31532,-38.82673],[-73.30854,-38.82909],[-73.30764,-38.83427],[-73.30441,-38.83472],[-73.30163,-38.83702],[-73.28678,-38.83817],[-73.2849,-38.83726]]}},{"id":"6962","type":"Feature","properties":{"ROL":"S/R","NOMBRE_CAMINO":"Puente Niblinto - Reserva Forestal Niblinto","CLASIFICACION":"Sin Información","CALZADA":"-","tmda":null},"geometry":{"type":"LineString","coordinates":[[-71.89319,-38.14815],[-71.87603,-38.15237],[-71.87327,-38.14973],[-71.87147,-38.1499],[-71.87191,-38.14796],[-71.86831,-38.14744],[-71.86416,-38.14488],[-71.86301,-38.14204],[-71.85737,-38.14152],[-71.85646,-38.1436],[-71.8541,-38.14461],[-71.83764,-38.14645],[-71.83317,-38.1489],[-71.83024,-38.14863]]}},{"id":"6963","type":"Feature","properties":{"ROL":"S-367","NOMBRE_CAMINO":"El Sauce - Mira Cautín - Truf Truf","CLASIFICACION":"Sin Información","CALZADA":"-","tmda":null},"geometry":{"type":"LineString","coordinates":[[-72.57287,-38.77202],[-72.56882,-38.77029],[-72.56258,-38.77029],[-72.55856,-38.76706],[-72.55101,-38.76583],[-72.54947,-38.76449],[-72.55034,-38.76278],[-72.54604,-38.76088],[-72.544,-38.75773],[-72.54825,-38.74635]]}},{"id":"6964","type":"Feature","properties":{"ROL":"S-385","NOMBRE_CAMINO":"Roble Huacho - Lulul Mahuida","CLASIFICACION":"Sin Información","CALZADA":"-","tmda":null},"geometry":{"type":"LineString","coordinates":[[-72.53723,-38.8243],[-72.53615,-38.82259],[-72.5345,-38.82257],[-72.53346,-38.81821],[-72.52451,-38.81426],[-72.52322,-38.81249],[-72.51824,-38.81164],[-72.51808,-38.81493]]}},{"id":"6965","type":"Feature","properties":{"ROL":"S/R","NOMBRE_CAMINO":"El Manzano - Huinca Railao","CLASIFICACION":"Sin Información","CALZADA":"-","tmda":null},"geometry":{"type":"LineString","coordinates":[[-72.25364,-38.53077],[-72.26094,-38.55172],[-72.26575,-38.55227],[-72.27508,-38.54699],[-72.28285,-38.54439]]}},{"id":"6966","type":"Feature","properties":{"ROL":"S-191","NOMBRE_CAMINO":"Los Aromos - Los Copihues","CLASIFICACION":"Sin Información","CALZADA":"-","tmda":null},"geometry":{"type":"LineString","coordinates":[[-72.21762,-38.50928],[-72.21298,-38.51038],[-72.20508,-38.518],[-72.16476,-38.5274]]}},{"id":"6967","type":"Feature","properties":{"ROL":"R-334","NOMBRE_CAMINO":"Lolenco - Cruce R-330 (la Higera)","CLASIFICACION":"Sin Información","CALZADA":"-","tmda":null},"geometry":{"type":"LineString","coordinates":[[-72.60284,-37.8691],[-72.60054,-37.87013],[-72.60181,-37.87213],[-72.6065,-37.8749],[-72.61811,-37.89168],[-72.61688,-37.89394],[-72.60637,-37.8939],[-72.60102,-37.89551],[-72.60326,-37.89982],[-72.59718,-37.90331],[-72.59048,-37.91146],[-72.58308,-37.91696]]}},{"id":"6968","type":"Feature","properties":{"ROL":"S/R","NOMBRE_CAMINO":"Chufquén - Molco","CLASIFICACION":"Sin Información","CALZADA":"-","tmda":null},"geometry":{"type":"LineString","coordinates":[[-72.64447,-38.3664],[-72.64882,-38.40042]]}},{"id":"6969","type":"Feature","properties":{"ROL":"S/R","NOMBRE_CAMINO":"Alto Mañío - Cudico","CLASIFICACION":"Sin Información","CALZADA":"-","tmda":164.0},"geometry":{"type":"LineString","coordinates":[[-73.03219,-38.84336],[-73.04164,-38.84172],[-73.05186,-38.83776],[-73.05517,-38.82597],[-73.0529,-38.82398],[-73.0525,-38.81925]]}},{"id":"6970","type":"Feature","properties":{"ROL":"S-419","NOMBRE_CAMINO":"Faja 2.000","CLASIFICACION":"Sin Información","CALZADA":"-","tmda":null},"geometry":{"type":"LineString","coordinates":[[-72.04889,-38.92988],[-72.04318,-38.9148]]}},{"id":"6971","type":"Feature","properties":{"ROL":"S/R","NOMBRE_CAMINO":"Dollinco Bajo - Escuela Fiscal","CLASIFICACION":"Sin Información","CALZADA":"-","tmda":null},"geometry":{"type":"LineString","coordinates":[[-72.3944,-38.56583],[-72.39508,-38.56962],[-72.38647,-38.57189],[-72.38413,-38.57467],[-72.38509,-38.58142]]}},{"id":"6972","type":"Feature","properties":{"ROL":"S/R","NOMBRE_CAMINO":"Molino Allipén - Puente Allipén","CLASIFICACION":"Sin Información","CALZADA":"-","tmda":899.0},"geometry":{"type":"LineString","coordinates":[[-72.49906,-38.99318],[-72.50545,-39.00944],[-72.51089,-39.0116]]}},{"id":"6973","type":"Feature","properties":{"ROL":"S-337","NOMBRE_CAMINO":"Melipeuco -  Pangueco","CLASIFICACION":"Sin Información","CALZADA":"-","tmda":null},"geometry":{"type":"LineString","coordinates":[[-71.69984,-38.85037],[-71.69692,-38.83973],[-71.68795,-38.83314],[-71.68574,-38.82578],[-71.68233,-38.82268],[-71.68115,-38.8193],[-71.68233,-38.81659],[-71.6817,-38.80818],[-71.68315,-38.80835],[-71.68619,-38.80592],[-71.68445,-38.8033],[-71.68776,-38.80102],[-71.69289,-38.79355],[-71.69162,-38.78701],[-71.6973,-38.78103],[-71.69611,-38.77548]]}},{"id":"6974","type":"Feature","properties":{"ROL":"S/R","NOMBRE_CAMINO":"Reducción Collihuanqui - Tori","CLASIFICACION":"Sin Información","CALZADA":"-","tmda":null},"geometry":{"type":"LineString","coordinates":[[-72.28923,-37.89962],[-72.28377,-37.90381],[-72.26788,-37.90683],[-72.26343,-37.91181],[-72.25001,-37.91674],[-72.24018,-37.92267],[-72.23499,-37.92796],[-72.2317,-37.92675],[-72.22882,-37.91798],[-72.2262,-37.91489]]}},{"id":"6975","type":"Feature","properties":{"ROL":"S/R","NOMBRE_CAMINO":"Los Lolocos - Agua Buena","CLASIFICACION":"Sin Información","CALZADA":"-","tmda":null},"geometry":{"type":"LineString","coordinates":[[-72.46495,-37.95052],[-72.4695,-37.95254],[-72.47136,-37.95183],[-72.47223,-37.95344],[-72.4796,-37.95222],[-72.48075,-37.95517],[-72.48373,-37.95621],[-72.48885,-37.96159],[-72.49064,-37.96851],[-72.49361,-37.96933],[-72.49286,-37.97069],[-72.49388,-37.97317],[-72.4972,-37.97415],[-72.50114,-37.97888],[-72.50004,-37.97994],[-72.50461,-37.98188],[-72.50275,-37.99076],[-72.50316,-37.99461],[-72.50549,-37.99488],[-72.50471,-37.99855],[-72.50208,-38.00015],[-72.49646,-37.99981],[-72.49125,-38.0014],[-72.49003,-38.00558],[-72.48645,-38.00584],[-72.48649,-38.00803],[-72.48062,-38.01582]]}},{"id":"6976","type":"Feature","properties":{"ROL":"S/R","NOMBRE_CAMINO":"Tricauco - Quilantos","CLASIFICACION":"Sin Información","CALZADA":"-","tmda":899.0},"geometry":{"type":"LineString","coordinates":[[-72.73274,-38.8698],[-72.75595,-38.86482],[-72.76867,-38.86803],[-72.77688,-38.8798],[-72.7951,-38.86944],[-72.79616,-38.87346],[-72.79459,-38.87389],[-72.78677,-38.88354],[-72.79851,-38.9133],[-72.78868,-38.92037],[-72.77893,-38.92115]]}},{"id":"6977","type":"Feature","properties":{"ROL":"S/R","NOMBRE_CAMINO":"Padre Las Casas - Burgos","CLASIFICACION":"Sin Información","CALZADA":"-","tmda":899.0},"geometry":{"type":"LineString","coordinates":[[-72.58794,-38.76441],[-72.58495,-38.76405],[-72.58125,-38.7683],[-72.57527,-38.76716]]}},{"id":"6978","type":"Feature","properties":{"ROL":"S-706","NOMBRE_CAMINO":"Cruce Ruta S-704 - Estero Viloco","CLASIFICACION":"Sin Información","CALZADA":"-","tmda":null},"geometry":{"type":"LineString","coordinates":[[-72.80262,-39.0555],[-72.80872,-39.05511],[-72.80986,-39.05819],[-72.82059,-39.0677]]}},{"id":"6979","type":"Feature","properties":{"ROL":"R-140","NOMBRE_CAMINO":"Angol - Puente Calabozo Por Maitenrehue","CLASIFICACION":"Sin Información","CALZADA":"-","tmda":null},"geometry":{"type":"LineString","coordinates":[[-72.70763,-37.79187],[-72.70834,-37.7864],[-72.71269,-37.78218],[-72.71163,-37.78044],[-72.71223,-37.77678],[-72.70959,-37.77383],[-72.71026,-37.77014],[-72.70919,-37.76588],[-72.72015,-37.76443],[-72.71901,-37.75482],[-72.72305,-37.75468],[-72.7266,-37.75158],[-72.72377,-37.74842],[-72.72052,-37.74733],[-72.72411,-37.74568],[-72.72373,-37.74422],[-72.7254,-37.74236],[-72.72472,-37.73865],[-72.72762,-37.73731],[-72.72333,-37.73534],[-72.72288,-37.73246],[-72.71957,-37.73379],[-72.71734,-37.73288],[-72.72015,-37.73007],[-72.71869,-37.72936],[-72.71888,-37.72213],[-72.71742,-37.71709],[-72.72222,-37.71389],[-72.7187,-37.71043],[-72.71731,-37.707],[-72.73012,-37.69893],[-72.73073,-37.69442],[-72.72685,-37.69252],[-72.72623,-37.68941],[-72.72804,-37.68685],[-72.73138,-37.6881],[-72.73319,-37.68021],[-72.76034,-37.64769],[-72.76311,-37.64472],[-72.76972,-37.64132],[-72.78496,-37.6385],[-72.78698,-37.63495],[-72.7883,-37.63561],[-72.78999,-37.6345],[-72.79281,-37.63585],[-72.79335,-37.63365],[-72.79807,-37.63273],[-72.80021,-37.62853],[-72.80959,-37.62983],[-72.81732,-37.62369],[-72.81957,-37.62454],[-72.82157,-37.62376],[-72.8231,-37.61986],[-72.823,-37.61061],[-72.82884,-37.60383],[-72.84365,-37.59348],[-72.84987,-37.59166],[-72.85432,-37.58789],[-72.86547,-37.58432],[-72.86777,-37.58091],[-72.87398,-37.57849],[-72.87541,-37.57663],[-72.88637,-37.57573],[-72.89066,-37.58053],[-72.8943,-37.58233]]}},{"id":"6980","type":"Feature","properties":{"ROL":"S/R","NOMBRE_CAMINO":"Ñancul - Entel","CLASIFICACION":"Sin Información","CALZADA":"-","tmda":null},"geometry":{"type":"LineString","coordinates":[[-72.30639,-39.28382],[-72.30744,-39.28735],[-72.30527,-39.28932]]}},{"id":"6981","type":"Feature","properties":{"ROL":"S-680","NOMBRE_CAMINO":"Faja Valdivia","CLASIFICACION":"Sin Información","CALZADA":"-","tmda":null},"geometry":{"type":"LineString","coordinates":[[-72.85848,-39.02792],[-72.87011,-39.05737]]}},{"id":"6982","type":"Feature","properties":{"ROL":"S/R","NOMBRE_CAMINO":"Paillal - Quinahue","CLASIFICACION":"Sin Información","CALZADA":"-","tmda":null},"geometry":{"type":"LineString","coordinates":[[-72.74786,-38.49958],[-72.74184,-38.50393],[-72.74513,-38.50503]]}},{"id":"6983","type":"Feature","properties":{"ROL":"S-165","NOMBRE_CAMINO":"Agua Santa - Bajo Meco","CLASIFICACION":"Sin Información","CALZADA":"-","tmda":null},"geometry":{"type":"LineString","coordinates":[[-72.20759,-38.46307],[-72.20928,-38.45875],[-72.20503,-38.4572],[-72.19953,-38.45275],[-72.19786,-38.44848],[-72.19947,-38.44797],[-72.19803,-38.44448]]}},{"id":"6984","type":"Feature","properties":{"ROL":"S/R","NOMBRE_CAMINO":"Acceso Los Maquis - Las Bandurrias","CLASIFICACION":"Sin Información","CALZADA":"-","tmda":null},"geometry":{"type":"LineString","coordinates":[[-72.8153,-37.70903],[-72.81313,-37.7116],[-72.80969,-37.71177],[-72.80975,-37.71475],[-72.80739,-37.71572],[-72.80638,-37.71793],[-72.8072,-37.71898],[-72.80399,-37.7221],[-72.80471,-37.7251],[-72.80187,-37.7275],[-72.80139,-37.73442],[-72.79657,-37.73403],[-72.79623,-37.73964],[-72.79242,-37.74111],[-72.78819,-37.74929],[-72.78114,-37.7545]]}},{"id":"6985","type":"Feature","properties":{"ROL":"S/R","NOMBRE_CAMINO":"Acceso Los Maquis - Las Bandurrias","CLASIFICACION":"Sin Información","CALZADA":"-","tmda":null},"geometry":{"type":"LineString","coordinates":[[-72.90582,-37.73892],[-72.90381,-37.73102],[-72.90161,-37.72849],[-72.89563,-37.72587],[-72.89374,-37.72122],[-72.89564,-37.71868],[-72.89545,-37.71596],[-72.89924,-37.71141],[-72.89538,-37.70855],[-72.89977,-37.70813],[-72.90125,-37.70669],[-72.90096,-37.70181],[-72.90254,-37.69902],[-72.89707,-37.69731],[-72.88983,-37.69298],[-72.88565,-37.69455],[-72.88174,-37.69425],[-72.87407,-37.69112],[-72.86972,-37.69092],[-72.86256,-37.68517],[-72.85776,-37.68357],[-72.85452,-37.67606],[-72.85178,-37.67573],[-72.85163,-37.67875],[-72.84706,-37.68099],[-72.84622,-37.68346]]}},{"id":"6986","type":"Feature","properties":{"ROL":"S/R","NOMBRE_CAMINO":"Los Corralones - Guadaba Arriba","CLASIFICACION":"Sin Información","CALZADA":"-","tmda":null},"geometry":{"type":"LineString","coordinates":[[-72.88683,-37.89267],[-72.88659,-37.89038],[-72.89122,-37.89034],[-72.90558,-37.88267],[-72.90513,-37.88157],[-72.90671,-37.88053],[-72.90807,-37.87657],[-72.9076,-37.87201],[-72.90897,-37.87028],[-72.90939,-37.87156],[-72.91264,-37.87158],[-72.91715,-37.86927],[-72.9344,-37.86557],[-72.93979,-37.86208],[-72.9425,-37.85661],[-72.94834,-37.85394],[-72.9586,-37.85518],[-72.96605,-37.85423]]}},{"id":"6987","type":"Feature","properties":{"ROL":"S-393","NOMBRE_CAMINO":"Niagara - Fundo Temuco","CLASIFICACION":"Sin Información","CALZADA":"-","tmda":null},"geometry":{"type":"LineString","coordinates":[[-72.46789,-38.78236],[-72.46673,-38.77541],[-72.46456,-38.7731],[-72.46473,-38.76898]]}},{"id":"6988","type":"Feature","properties":{"ROL":"S/R","NOMBRE_CAMINO":"Manzano Chico - Quilapalo","CLASIFICACION":"Sin Información","CALZADA":"-","tmda":null},"geometry":{"type":"LineString","coordinates":[[-71.89518,-38.78251],[-71.89725,-38.78525],[-71.90032,-38.78317],[-71.90182,-38.78488],[-71.90908,-38.78349],[-71.91233,-38.78525],[-71.91849,-38.78462],[-71.91911,-38.78562],[-71.92022,-38.78363],[-71.92215,-38.78305],[-71.92674,-38.78518],[-71.92903,-38.788],[-71.93841,-38.78944],[-71.94256,-38.79731],[-71.94699,-38.79777],[-71.9492,-38.79643],[-71.95311,-38.7976]]}},{"id":"6989","type":"Feature","properties":{"ROL":"S/R","NOMBRE_CAMINO":"Los Guindos - Los Copihues","CLASIFICACION":"Sin Información","CALZADA":"-","tmda":899.0},"geometry":{"type":"LineString","coordinates":[[-72.61964,-38.70952],[-72.61848,-38.70632],[-72.61677,-38.70546],[-72.61688,-38.70221],[-72.62417,-38.69147],[-72.62531,-38.6856],[-72.62353,-38.6829],[-72.62841,-38.67807],[-72.62518,-38.67291],[-72.63204,-38.66343]]}},{"id":"6990","type":"Feature","properties":{"ROL":"S-391","NOMBRE_CAMINO":"Roble Huacho - Pitrenahue","CLASIFICACION":"Sin Información","CALZADA":"-","tmda":null},"geometry":{"type":"LineString","coordinates":[[-72.52008,-38.83448],[-72.51888,-38.82934],[-72.53362,-38.81861]]}},{"id":"6991","type":"Feature","properties":{"ROL":"S/R","NOMBRE_CAMINO":"Cruce R-42 - Ipinco","CLASIFICACION":"Sin Información","CALZADA":"-","tmda":null},"geometry":{"type":"LineString","coordinates":[[-73.00255,-38.06851],[-73.00473,-38.07436],[-73.00986,-38.07423],[-73.01619,-38.0783],[-73.01773,-38.07729],[-73.02242,-38.07831],[-73.02642,-38.07226]]}},{"id":"6992","type":"Feature","properties":{"ROL":"S/R","NOMBRE_CAMINO":"Alto Puraquina - Puraquina Bajo","CLASIFICACION":"Sin Información","CALZADA":"-","tmda":null},"geometry":{"type":"LineString","coordinates":[[-72.36237,-39.14907],[-72.35909,-39.14796],[-72.35799,-39.14541],[-72.3529,-39.14203],[-72.35345,-39.1385]]}},{"id":"6993","type":"Feature","properties":{"ROL":"S/R","NOMBRE_CAMINO":"La Esmeralda - San Carlos","CLASIFICACION":"Sin Información","CALZADA":"-","tmda":null},"geometry":{"type":"LineString","coordinates":[[-72.31067,-38.6495],[-72.32118,-38.67674]]}},{"id":"6994","type":"Feature","properties":{"ROL":"S-240","NOMBRE_CAMINO":"Chol Chol - Santa Laura","CLASIFICACION":"Sin Información","CALZADA":"-","tmda":null},"geometry":{"type":"LineString","coordinates":[[-72.79349,-38.55256],[-72.79441,-38.55601],[-72.79244,-38.56081],[-72.79548,-38.57044],[-72.79441,-38.57294],[-72.80723,-38.57134],[-72.81223,-38.57412],[-72.81334,-38.5784],[-72.81705,-38.58089]]}},{"id":"6995","type":"Feature","properties":{"ROL":"S/R","NOMBRE_CAMINO":"Cruce R-240 - Reducción Queuque","CLASIFICACION":"Sin Información","CALZADA":"-","tmda":null},"geometry":{"type":"LineString","coordinates":[[-72.85146,-37.97333],[-72.85132,-37.97127],[-72.85471,-37.96561],[-72.85441,-37.95821],[-72.85034,-37.95182],[-72.85368,-37.9479],[-72.85233,-37.93921],[-72.85474,-37.93514]]}},{"id":"6996","type":"Feature","properties":{"ROL":"S-266","NOMBRE_CAMINO":"Imperial - Labranza Por El Alto","CLASIFICACION":"Sin Información","CALZADA":"-","tmda":null},"geometry":{"type":"LineString","coordinates":[[-72.75483,-38.74157],[-72.76119,-38.74381],[-72.77545,-38.74444],[-72.80905,-38.74296],[-72.8231,-38.73815],[-72.83062,-38.73121],[-72.83986,-38.72877],[-72.84426,-38.72543],[-72.86205,-38.72651],[-72.87351,-38.73221],[-72.8803,-38.73808],[-72.90049,-38.73418],[-72.92572,-38.73857]]}},{"id":"6997","type":"Feature","properties":{"ROL":"S/R","NOMBRE_CAMINO":"Nilpe - Llufquentué","CLASIFICACION":"Sin Información","CALZADA":"-","tmda":null},"geometry":{"type":"LineString","coordinates":[[-72.777,-38.48315],[-72.77225,-38.48396],[-72.76855,-38.48648],[-72.76367,-38.48663],[-72.75998,-38.48995]]}},{"id":"6998","type":"Feature","properties":{"ROL":"S/R","NOMBRE_CAMINO":"Maitinco - El Calvario","CLASIFICACION":"Sin Información","CALZADA":"-","tmda":null},"geometry":{"type":"LineString","coordinates":[[-73.21553,-38.90476],[-73.21418,-38.90723],[-73.21198,-38.90648],[-73.20991,-38.90958],[-73.20708,-38.91086]]}},{"id":"6999","type":"Feature","properties":{"ROL":"S-144","NOMBRE_CAMINO":"Tres Esquinas - Matte Y Sánchez","CLASIFICACION":"Sin Información","CALZADA":"-","tmda":null},"geometry":{"type":"LineString","coordinates":[[-73.281,-38.62228],[-73.2811,-38.618],[-73.28346,-38.6143],[-73.28375,-38.61125],[-73.28273,-38.61096],[-73.28441,-38.61017],[-73.28601,-38.61146],[-73.28501,-38.60901],[-73.2863,-38.60869],[-73.28383,-38.60669],[-73.28409,-38.60478],[-73.2855,-38.60463],[-73.28285,-38.60361],[-73.28263,-38.60054],[-73.27998,-38.59727],[-73.28092,-38.59561],[-73.28034,-38.59248],[-73.28165,-38.59109],[-73.27939,-38.59154],[-73.2794,-38.59058],[-73.28182,-38.58812],[-73.28207,-38.58588],[-73.27861,-38.58527],[-73.27673,-38.58335]]}},{"id":"7000","type":"Feature","properties":{"ROL":"R-422","NOMBRE_CAMINO":"Puente Purén - Tranamán","CLASIFICACION":"Sin Información","CALZADA":"-","tmda":null},"geometry":{"type":"LineString","coordinates":[[-73.05267,-38.02019],[-73.04533,-38.02028],[-73.04261,-38.02167],[-73.04144,-38.02402],[-73.02229,-38.02296],[-73.01571,-38.02585],[-73.01268,-38.02039],[-73.00201,-38.02125],[-72.99694,-38.01198],[-73.00228,-38.00608],[-73.00961,-38.00392]]}},{"id":"7001","type":"Feature","properties":{"ROL":"S/R","NOMBRE_CAMINO":"Vegas Blancas - Los Treinta","CLASIFICACION":"Sin Información","CALZADA":"-","tmda":null},"geometry":{"type":"LineString","coordinates":[[-72.89786,-37.80989],[-72.89905,-37.80836],[-72.89621,-37.80561],[-72.89878,-37.79949],[-72.89638,-37.79778],[-72.89857,-37.79369],[-72.89752,-37.79106],[-72.90232,-37.79087],[-72.90502,-37.78834],[-72.908,-37.78864],[-72.90851,-37.78629],[-72.90725,-37.78439],[-72.90862,-37.7827],[-72.92006,-37.77957],[-72.92224,-37.78124],[-72.92379,-37.77863],[-72.93033,-37.77692]]}},{"id":"7002","type":"Feature","properties":{"ROL":"S/R","NOMBRE_CAMINO":"Quilentué - Huincacara","CLASIFICACION":"Sin Información","CALZADA":"-","tmda":null},"geometry":{"type":"LineString","coordinates":[[-72.08887,-39.34166],[-72.10403,-39.38333],[-72.09499,-39.39176]]}},{"id":"7003","type":"Feature","properties":{"ROL":"S/R","NOMBRE_CAMINO":"Cruce R-525 - Reducción  Estefanía","CLASIFICACION":"Sin Información","CALZADA":"-","tmda":null},"geometry":{"type":"LineString","coordinates":[[-72.3525,-38.06374],[-72.33785,-38.06404],[-72.33337,-38.06211],[-72.33147,-38.05952],[-72.33497,-38.05465],[-72.34681,-38.05104],[-72.35053,-38.05023],[-72.35669,-38.05318]]}},{"id":"7004","type":"Feature","properties":{"ROL":"R-248","NOMBRE_CAMINO":"Los Sauces - Laguna La Zeta","CLASIFICACION":"Sin Información","CALZADA":"-","tmda":null},"geometry":{"type":"LineString","coordinates":[[-72.85873,-37.97156],[-72.86905,-37.97386],[-72.88736,-37.99067]]}},{"id":"7005","type":"Feature","properties":{"ROL":"S/R","NOMBRE_CAMINO":"La Arcadia - Reducción Cancura","CLASIFICACION":"Sin Información","CALZADA":"-","tmda":null},"geometry":{"type":"LineString","coordinates":[[-72.63385,-37.82069],[-72.62964,-37.82172],[-72.62978,-37.82438],[-72.63579,-37.84019],[-72.62828,-37.84485]]}},{"id":"7006","type":"Feature","properties":{"ROL":"S-251","NOMBRE_CAMINO":"Santa Inés - La Trinchera","CLASIFICACION":"Sin Información","CALZADA":"-","tmda":null},"geometry":{"type":"LineString","coordinates":[[-72.112,-38.63599],[-72.11039,-38.63331],[-72.09178,-38.63757],[-72.08874,-38.64034],[-72.06743,-38.6452],[-72.0621,-38.63101],[-72.06526,-38.62881],[-72.06465,-38.62627],[-72.06613,-38.62399],[-72.06428,-38.62231]]}},{"id":"7007","type":"Feature","properties":{"ROL":"S-108","NOMBRE_CAMINO":"Cruce Ruta S-138 - Lobería","CLASIFICACION":"Sin Información","CALZADA":"-","tmda":null},"geometry":{"type":"LineString","coordinates":[[-73.43446,-38.63477],[-73.44118,-38.62971],[-73.4457,-38.62979],[-73.45425,-38.63246],[-73.46811,-38.63028],[-73.47145,-38.62533],[-73.47369,-38.62495]]}},{"id":"7008","type":"Feature","properties":{"ROL":"S/R","NOMBRE_CAMINO":"Santa Elena - Casa De Tejas","CLASIFICACION":"Sin Información","CALZADA":"-","tmda":null},"geometry":{"type":"LineString","coordinates":[[-72.54802,-37.8978],[-72.55249,-37.90079],[-72.55919,-37.90259],[-72.5613,-37.9017],[-72.57236,-37.89279],[-72.57557,-37.88264],[-72.57847,-37.88065],[-72.58796,-37.86885]]}},{"id":"7009","type":"Feature","properties":{"ROL":"S/R","NOMBRE_CAMINO":"Lololcura - Bellavista","CLASIFICACION":"Sin Información","CALZADA":"-","tmda":null},"geometry":{"type":"LineString","coordinates":[[-73.08962,-38.69195],[-73.09015,-38.68694],[-73.08872,-38.68109],[-73.08219,-38.67799],[-73.08149,-38.67388],[-73.07822,-38.67151],[-73.07236,-38.66037]]}},{"id":"7010","type":"Feature","properties":{"ROL":"R-746","NOMBRE_CAMINO":"Cruce R-70 - Coihueco","CLASIFICACION":"Sin Información","CALZADA":"-","tmda":null},"geometry":{"type":"LineString","coordinates":[[-72.84948,-38.36367],[-72.8439,-38.38509]]}},{"id":"7011","type":"Feature","properties":{"ROL":"S/R","NOMBRE_CAMINO":"Collahue - Casa De Teja","CLASIFICACION":"Sin Información","CALZADA":"-","tmda":899.0},"geometry":{"type":"LineString","coordinates":[[-72.58756,-38.78327],[-72.58909,-38.79798],[-72.58439,-38.80354],[-72.59146,-38.80976],[-72.58879,-38.81271],[-72.57936,-38.81472],[-72.57233,-38.81782],[-72.56968,-38.82053]]}},{"id":"7012","type":"Feature","properties":{"ROL":"S/R","NOMBRE_CAMINO":"Acceso Segunda Faja Rubilar","CLASIFICACION":"Sin Información","CALZADA":"-","tmda":899.0},"geometry":{"type":"LineString","coordinates":[[-72.58267,-39.01879],[-72.58449,-39.02689],[-72.57612,-39.03855],[-72.56874,-39.04397],[-72.56977,-39.0469]]}},{"id":"7013","type":"Feature","properties":{"ROL":"S-737","NOMBRE_CAMINO":"San Pedro - Octava Faja","CLASIFICACION":"Sin Información","CALZADA":"-","tmda":null},"geometry":{"type":"LineString","coordinates":[[-72.45349,-39.28014],[-72.45337,-39.27868],[-72.50025,-39.26719],[-72.49379,-39.25007]]}},{"id":"7014","type":"Feature","properties":{"ROL":"S/R","NOMBRE_CAMINO":"Matríz - Alto Mune","CLASIFICACION":"Sin Información","CALZADA":"-","tmda":501.0},"geometry":{"type":"LineString","coordinates":[[-72.52738,-39.07329],[-72.53415,-39.09056]]}},{"id":"7015","type":"Feature","properties":{"ROL":"S/R","NOMBRE_CAMINO":"Matríz Loica - Tercera Faja","CLASIFICACION":"Sin Información","CALZADA":"-","tmda":501.0},"geometry":{"type":"LineString","coordinates":[[-72.44494,-39.10779],[-72.45144,-39.1255]]}},{"id":"7016","type":"Feature","properties":{"ROL":"R-262","NOMBRE_CAMINO":"Acceso Reducción Nahuelve","CLASIFICACION":"Sin Información","CALZADA":"-","tmda":null},"geometry":{"type":"LineString","coordinates":[[-72.80523,-37.90061],[-72.80841,-37.90164],[-72.80926,-37.90551],[-72.8144,-37.91241],[-72.82639,-37.91185]]}},{"id":"7017","type":"Feature","properties":{"ROL":"S-263","NOMBRE_CAMINO":"Cherquenco - Poco A Poco","CLASIFICACION":"Sin Información","CALZADA":"-","tmda":null},"geometry":{"type":"LineString","coordinates":[[-72.00386,-38.68469],[-72.00131,-38.68125],[-71.99412,-38.67896],[-71.99053,-38.67388],[-71.98703,-38.67157],[-71.9705,-38.67038],[-71.96566,-38.66749],[-71.96866,-38.66618],[-71.9704,-38.66379],[-71.96847,-38.66243],[-71.96816,-38.65747],[-71.96108,-38.65389],[-71.95701,-38.64625],[-71.96935,-38.63747],[-71.96741,-38.63619],[-71.96308,-38.6392],[-71.95912,-38.63935],[-71.96215,-38.63796],[-71.96401,-38.63531],[-71.9644,-38.63161]]}},{"id":"7018","type":"Feature","properties":{"ROL":"R-734","NOMBRE_CAMINO":"Alto Los Coigues - Rapanilahue - Agua Buena","CLASIFICACION":"Sin Información","CALZADA":"-","tmda":null},"geometry":{"type":"LineString","coordinates":[[-72.92017,-38.36115],[-72.91686,-38.35937],[-72.91517,-38.36058],[-72.91265,-38.35843],[-72.91116,-38.36028],[-72.90604,-38.36176],[-72.9029,-38.36124],[-72.89972,-38.36363],[-72.8911,-38.3638],[-72.87353,-38.36829]]}},{"id":"7019","type":"Feature","properties":{"ROL":"R-734","NOMBRE_CAMINO":"Alto Los Coigues - Rapanilahue - Agua Buena","CLASIFICACION":"Sin Información","CALZADA":"-","tmda":null},"geometry":{"type":"LineString","coordinates":[[-72.94929,-38.30969],[-72.94993,-38.31281],[-72.9481,-38.31636],[-72.94267,-38.31724],[-72.93699,-38.32447],[-72.93801,-38.32957],[-72.93514,-38.3325],[-72.93523,-38.33736],[-72.93687,-38.34058],[-72.93937,-38.34144],[-72.93878,-38.34234],[-72.94141,-38.34629],[-72.94656,-38.34946],[-72.94774,-38.35227],[-72.95249,-38.35097],[-72.9555,-38.35326],[-72.96269,-38.3551],[-72.9626,-38.3574],[-72.96544,-38.35906],[-72.96269,-38.35861],[-72.96083,-38.36112],[-72.95117,-38.35823],[-72.94216,-38.36174],[-72.92081,-38.36075]]}},{"id":"7020","type":"Feature","properties":{"ROL":"S-267","NOMBRE_CAMINO":"El Natre - Dollinco","CLASIFICACION":"Sin Información","CALZADA":"-","tmda":null},"geometry":{"type":"LineString","coordinates":[[-72.44059,-38.70396],[-72.42405,-38.70855]]}},{"id":"7021","type":"Feature","properties":{"ROL":"S-257","NOMBRE_CAMINO":"Cruce Ruta S-31 - Las Mercedes","CLASIFICACION":"Sin Información","CALZADA":"-","tmda":null},"geometry":{"type":"LineString","coordinates":[[-72.0548,-38.67465],[-72.04493,-38.64818]]}},{"id":"7022","type":"Feature","properties":{"ROL":"S/R","NOMBRE_CAMINO":"Walk - Santa Celia","CLASIFICACION":"Sin Información","CALZADA":"-","tmda":null},"geometry":{"type":"LineString","coordinates":[[-73.17999,-38.6884],[-73.18107,-38.68795],[-73.18155,-38.68422],[-73.18048,-38.68033],[-73.18255,-38.67467],[-73.17973,-38.66681],[-73.18189,-38.66408],[-73.1848,-38.66336],[-73.1865,-38.66105],[-73.1852,-38.65858],[-73.18602,-38.65936],[-73.18657,-38.65785],[-73.185,-38.6531],[-73.18282,-38.65211],[-73.18197,-38.64933],[-73.17818,-38.6476],[-73.17799,-38.64271],[-73.17908,-38.64081],[-73.17671,-38.63382],[-73.18075,-38.6308],[-73.17879,-38.62807],[-73.18089,-38.62614],[-73.186,-38.62458],[-73.19027,-38.61955],[-73.19123,-38.61809],[-73.19046,-38.61657],[-73.1935,-38.61331],[-73.1925,-38.60978],[-73.1933,-38.6067],[-73.19738,-38.60653],[-73.1977,-38.60417],[-73.19448,-38.60195],[-73.2028,-38.59517]]}},{"id":"7023","type":"Feature","properties":{"ROL":"S/R","NOMBRE_CAMINO":"Bajo Loncoyamo - Alto Yupehue","CLASIFICACION":"Sin Información","CALZADA":"-","tmda":null},"geometry":{"type":"LineString","coordinates":[[-73.42659,-38.57736],[-73.43447,-38.57877],[-73.43716,-38.58434],[-73.43885,-38.58351],[-73.44309,-38.58682],[-73.44734,-38.58674],[-73.45829,-38.59031],[-73.46434,-38.59104],[-73.46524,-38.58741],[-73.46744,-38.58579],[-73.46678,-38.58373],[-73.47192,-38.58353]]}},{"id":"7024","type":"Feature","properties":{"ROL":"S/R","NOMBRE_CAMINO":"Collimallín - Cerro Curilahuen","CLASIFICACION":"Sin Información","CALZADA":"-","tmda":null},"geometry":{"type":"LineString","coordinates":[[-72.69502,-38.61803],[-72.69979,-38.61462],[-72.70745,-38.61158],[-72.71039,-38.60806],[-72.71541,-38.60696],[-72.71861,-38.60423],[-72.71838,-38.59441],[-72.72237,-38.59115],[-72.72412,-38.58792],[-72.72895,-38.58607],[-72.73052,-38.58323],[-72.73429,-38.58401],[-72.73955,-38.57921],[-72.74768,-38.57942]]}},{"id":"7025","type":"Feature","properties":{"ROL":"S/R","NOMBRE_CAMINO":"Cruce Ruta S-20 - Tromen Alto","CLASIFICACION":"Sin Información","CALZADA":"-","tmda":899.0},"geometry":{"type":"LineString","coordinates":[[-72.70705,-38.66831],[-72.71203,-38.6699],[-72.73246,-38.68592],[-72.73757,-38.68755]]}},{"id":"7026","type":"Feature","properties":{"ROL":"S-473","NOMBRE_CAMINO":"Allipen - Suevia","CLASIFICACION":"Sin Información","CALZADA":"-","tmda":null},"geometry":{"type":"LineString","coordinates":[[-72.49463,-38.99121],[-72.4974,-38.99097],[-72.49842,-38.98812],[-72.48364,-38.94576]]}},{"id":"7027","type":"Feature","properties":{"ROL":"S/R","NOMBRE_CAMINO":"Endesa - Monteverde - Cementerio De Temuco","CLASIFICACION":"Sin Información","CALZADA":"-","tmda":899.0},"geometry":{"type":"LineString","coordinates":[[-72.55225,-38.70517],[-72.54694,-38.69936],[-72.54892,-38.69529],[-72.54742,-38.69389],[-72.54624,-38.68927],[-72.55706,-38.68948],[-72.55711,-38.68789],[-72.56028,-38.68487],[-72.56466,-38.68288],[-72.584,-38.68643],[-72.58548,-38.68886],[-72.58847,-38.68993],[-72.59337,-38.69955],[-72.5943,-38.70275],[-72.59337,-38.70558],[-72.59681,-38.7078],[-72.59955,-38.712],[-72.59862,-38.71896],[-72.60144,-38.72395],[-72.59845,-38.7261]]}},{"id":"7028","type":"Feature","properties":{"ROL":"S/R","NOMBRE_CAMINO":"La Bastilla - El Bosco","CLASIFICACION":"Sin Información","CALZADA":"-","tmda":null},"geometry":{"type":"LineString","coordinates":[[-72.248,-39.00068],[-72.23219,-39.00432],[-72.22861,-39.00786],[-72.22193,-39.00709],[-72.22112,-39.00869],[-72.22359,-39.01572],[-72.18169,-39.02541],[-72.17985,-39.02397],[-72.17807,-39.02602],[-72.16267,-39.03],[-72.16419,-39.0359],[-72.16343,-39.03944],[-72.16442,-39.04722]]}},{"id":"7029","type":"Feature","properties":{"ROL":"R-232","NOMBRE_CAMINO":"Vegas Blancas - San Ramón Alto","CLASIFICACION":"Sin Información","CALZADA":"-","tmda":null},"geometry":{"type":"LineString","coordinates":[[-72.98593,-37.90217],[-72.98491,-37.89882],[-72.9862,-37.89643],[-72.98454,-37.89425],[-72.9867,-37.89281],[-72.98638,-37.89144],[-72.98829,-37.8893],[-72.98589,-37.88935],[-72.98522,-37.8839],[-72.9816,-37.87954],[-72.98274,-37.87867],[-72.98381,-37.87998],[-72.99048,-37.87912],[-72.99485,-37.8742],[-72.99706,-37.87339],[-72.99599,-37.87041],[-72.9969,-37.86819],[-72.9939,-37.86472],[-72.98894,-37.86523],[-72.98069,-37.86078],[-72.97494,-37.8619],[-72.97102,-37.86042],[-72.96259,-37.84891],[-72.96328,-37.84659],[-72.96215,-37.84527],[-72.95606,-37.84433],[-72.95528,-37.84565],[-72.95133,-37.84548],[-72.94347,-37.84414],[-72.93886,-37.84052],[-72.93483,-37.84065],[-72.92898,-37.83644],[-72.92167,-37.83728],[-72.90855,-37.8334],[-72.90458,-37.82822],[-72.90428,-37.8236]]}},{"id":"7030","type":"Feature","properties":{"ROL":"S/R","NOMBRE_CAMINO":"Chucauco - Lonco Vaca","CLASIFICACION":"Sin Información","CALZADA":"-","tmda":null},"geometry":{"type":"LineString","coordinates":[[-72.25922,-39.22267],[-72.26275,-39.21452],[-72.26407,-39.20588],[-72.24708,-39.17786]]}},{"id":"7031","type":"Feature","properties":{"ROL":"S/R","NOMBRE_CAMINO":"Acceso A Chesquechan","CLASIFICACION":"Sin Información","CALZADA":"-","tmda":501.0},"geometry":{"type":"LineString","coordinates":[[-72.5581,-39.27288],[-72.53919,-39.27758],[-72.53592,-39.2793],[-72.53529,-39.28148]]}},{"id":"7032","type":"Feature","properties":{"ROL":"S/R","NOMBRE_CAMINO":"Chesque - Chiguaco","CLASIFICACION":"Sin Información","CALZADA":"-","tmda":null},"geometry":{"type":"LineString","coordinates":[[-72.19422,-39.43227],[-72.20445,-39.44152],[-72.20794,-39.44626],[-72.2084,-39.44811],[-72.20564,-39.45355],[-72.20671,-39.45728],[-72.20411,-39.46126],[-72.19098,-39.46945],[-72.17819,-39.4744],[-72.17624,-39.47606],[-72.17601,-39.47901],[-72.17091,-39.48675]]}},{"id":"7033","type":"Feature","properties":{"ROL":"R-264","NOMBRE_CAMINO":"Las Corrientes - Mininco","CLASIFICACION":"Sin Información","CALZADA":"-","tmda":null},"geometry":{"type":"LineString","coordinates":[[-72.69105,-37.89053],[-72.70114,-37.89287],[-72.70093,-37.89753],[-72.70733,-37.901],[-72.72354,-37.90505],[-72.73327,-37.90174],[-72.73833,-37.89611],[-72.74464,-37.8944],[-72.7499,-37.89416],[-72.75887,-37.89729],[-72.76607,-37.89698],[-72.77346,-37.89916],[-72.77619,-37.8984],[-72.77982,-37.90369],[-72.7804,-37.90778],[-72.78186,-37.90848]]}},{"id":"7034","type":"Feature","properties":{"ROL":"S-433","NOMBRE_CAMINO":"Momberg - Tromuplo Chico","CLASIFICACION":"Sin Información","CALZADA":"-","tmda":null},"geometry":{"type":"LineString","coordinates":[[-72.51341,-38.85216],[-72.51572,-38.85613],[-72.51941,-38.85554],[-72.53593,-38.85846],[-72.55205,-38.86292],[-72.55457,-38.87059],[-72.55627,-38.86968]]}},{"id":"7035","type":"Feature","properties":{"ROL":"S-215","NOMBRE_CAMINO":"Temuco - Pillánlelbun - Lautaro","CLASIFICACION":"Sin Información","CALZADA":"-","tmda":null},"geometry":{"type":"LineString","coordinates":[[-72.50992,-38.68074],[-72.49745,-38.67179],[-72.49754,-38.67074],[-72.48991,-38.66953],[-72.48507,-38.66651],[-72.48094,-38.66702],[-72.4615,-38.64784],[-72.45511,-38.63837]]}},{"id":"7036","type":"Feature","properties":{"ROL":"S/R","NOMBRE_CAMINO":"San Pedro - Machaco","CLASIFICACION":"Sin Información","CALZADA":"-","tmda":null},"geometry":{"type":"LineString","coordinates":[[-73.32774,-38.69333],[-73.32954,-38.69037],[-73.32694,-38.68552],[-73.33054,-38.68269],[-73.33085,-38.68003],[-73.33008,-38.67838],[-73.3264,-38.67839],[-73.32314,-38.67564],[-73.32175,-38.67205],[-73.32579,-38.66868],[-73.32508,-38.66691],[-73.32432,-38.66591],[-73.3187,-38.6662],[-73.31685,-38.66521],[-73.30931,-38.65929],[-73.30771,-38.65653]]}},{"id":"7037","type":"Feature","properties":{"ROL":"S/R","NOMBRE_CAMINO":"Santa Matilde - Quiripío","CLASIFICACION":"Sin Información","CALZADA":"-","tmda":null},"geometry":{"type":"LineString","coordinates":[[-73.28114,-38.62374],[-73.25989,-38.62788],[-73.25747,-38.62604],[-73.25594,-38.62718],[-73.24154,-38.62777],[-73.23962,-38.63048],[-73.23107,-38.63254],[-73.23099,-38.63429],[-73.22585,-38.63782],[-73.22381,-38.63698],[-73.22292,-38.6384],[-73.21886,-38.63943]]}},{"id":"7038","type":"Feature","properties":{"ROL":"S/R","NOMBRE_CAMINO":"Momber - Palihue","CLASIFICACION":"Sin Información","CALZADA":"-","tmda":899.0},"geometry":{"type":"LineString","coordinates":[[-72.47456,-38.83704],[-72.47595,-38.84147],[-72.48128,-38.84325],[-72.49046,-38.84365],[-72.51653,-38.84923]]}},{"id":"7039","type":"Feature","properties":{"ROL":"S/R","NOMBRE_CAMINO":"Challupén -  Pino Huacho","CLASIFICACION":"Sin Información","CALZADA":"-","tmda":null},"geometry":{"type":"LineString","coordinates":[[-72.10725,-39.46198],[-72.10086,-39.45879],[-72.09337,-39.4604],[-72.08713,-39.45844],[-72.06321,-39.45824],[-72.06117,-39.45605],[-72.05644,-39.45598],[-72.04885,-39.45154],[-72.04735,-39.45256],[-72.02939,-39.44397]]}},{"id":"7040","type":"Feature","properties":{"ROL":"R-158","NOMBRE_CAMINO":"Tijeral - Angol Por Butaco","CLASIFICACION":"Sin Información","CALZADA":"-","tmda":null},"geometry":{"type":"LineString","coordinates":[[-72.61418,-37.7363],[-72.61702,-37.73574],[-72.62164,-37.73733],[-72.62863,-37.73476],[-72.63762,-37.73402],[-72.64202,-37.73761],[-72.64737,-37.74812],[-72.65581,-37.7529],[-72.67133,-37.75487],[-72.67644,-37.7584],[-72.68259,-37.75792],[-72.68737,-37.75985],[-72.69507,-37.76028],[-72.69633,-37.76288],[-72.69258,-37.76644],[-72.69254,-37.77116],[-72.69155,-37.77188],[-72.69394,-37.77383],[-72.69382,-37.77706]]}},{"id":"7041","type":"Feature","properties":{"ROL":"S/R","NOMBRE_CAMINO":"Monte Bello - Oñoico","CLASIFICACION":"Sin Información","CALZADA":"-","tmda":null},"geometry":{"type":"LineString","coordinates":[[-73.17824,-38.72086],[-73.1877,-38.71831],[-73.19138,-38.71925],[-73.20177,-38.71779],[-73.2058,-38.72036],[-73.207,-38.7185],[-73.21247,-38.71675],[-73.22041,-38.71858],[-73.2252,-38.71707],[-73.23357,-38.72148],[-73.23839,-38.7213],[-73.24328,-38.72306],[-73.2475,-38.72974],[-73.25731,-38.72871],[-73.25906,-38.73097],[-73.26121,-38.73139]]}},{"id":"7042","type":"Feature","properties":{"ROL":"S/R","NOMBRE_CAMINO":"El Escudo - Las Minas","CLASIFICACION":"Sin Información","CALZADA":"-","tmda":null},"geometry":{"type":"LineString","coordinates":[[-72.10313,-38.57304],[-72.10138,-38.57187],[-72.09631,-38.5723],[-72.07767,-38.56468],[-72.06695,-38.5574],[-72.06273,-38.55151],[-72.05567,-38.55297],[-72.05454,-38.54532],[-72.04891,-38.53093],[-72.0474,-38.53132],[-72.04439,-38.5285],[-72.03362,-38.52309]]}},{"id":"7043","type":"Feature","properties":{"ROL":"R-381","NOMBRE_CAMINO":"Ercilla - Chocombe Grande","CLASIFICACION":"Sin Información","CALZADA":"-","tmda":null},"geometry":{"type":"LineString","coordinates":[[-72.38229,-38.05511],[-72.39259,-38.03824],[-72.38953,-38.03416],[-72.38761,-38.02191],[-72.39017,-38.01612],[-72.38694,-38.018],[-72.38681,-38.01676],[-72.38496,-38.01766]]}},{"id":"7044","type":"Feature","properties":{"ROL":"S/R","NOMBRE_CAMINO":"Catrico - Roca La Luna","CLASIFICACION":"Sin Información","CALZADA":"-","tmda":null},"geometry":{"type":"LineString","coordinates":[[-72.35519,-39.12029],[-72.35325,-39.11633],[-72.35224,-39.12159],[-72.35066,-39.12314],[-72.34108,-39.10091],[-72.33151,-39.10263],[-72.32851,-39.10432]]}},{"id":"7045","type":"Feature","properties":{"ROL":"S/R","NOMBRE_CAMINO":"Onoico - Reneco","CLASIFICACION":"Sin Información","CALZADA":"-","tmda":null},"geometry":{"type":"LineString","coordinates":[[-73.26947,-38.71622],[-73.27188,-38.71646],[-73.2746,-38.71933],[-73.2798,-38.71927],[-73.28344,-38.72173],[-73.2909,-38.72242],[-73.29743,-38.72543],[-73.30025,-38.72916],[-73.30302,-38.72913]]}},{"id":"7046","type":"Feature","properties":{"ROL":"R-360","NOMBRE_CAMINO":"Trintre - Quilquén - Trigal","CLASIFICACION":"Sin Información","CALZADA":"-","tmda":null},"geometry":{"type":"LineString","coordinates":[[-72.71401,-37.92522],[-72.70807,-37.92771],[-72.70208,-37.93331],[-72.70223,-37.94107],[-72.70403,-37.94803],[-72.69369,-37.95786],[-72.68674,-37.95869],[-72.68036,-37.95407],[-72.67085,-37.95192],[-72.66764,-37.95884],[-72.66971,-37.96945],[-72.66649,-37.9834],[-72.66804,-37.99218],[-72.67026,-37.99472],[-72.66882,-37.99649],[-72.6684,-38.00307],[-72.67378,-38.01165],[-72.67632,-38.02647],[-72.68683,-38.03581],[-72.68981,-38.04331],[-72.68943,-38.0555],[-72.6911,-38.05776],[-72.68958,-38.06136],[-72.68979,-38.06646],[-72.69352,-38.07252],[-72.69697,-38.08235],[-72.69774,-38.08916],[-72.70222,-38.09102],[-72.70807,-38.09653],[-72.70933,-38.10121],[-72.70839,-38.1036],[-72.70529,-38.10558],[-72.70859,-38.10836],[-72.70965,-38.1165],[-72.7149,-38.1257],[-72.71083,-38.1285],[-72.71128,-38.13184],[-72.70863,-38.14403],[-72.70294,-38.1481],[-72.69868,-38.15467],[-72.70062,-38.1584],[-72.70075,-38.16198],[-72.69831,-38.16875],[-72.70203,-38.1759],[-72.7043,-38.18847],[-72.7107,-38.19077],[-72.71208,-38.19971]]}},{"id":"7047","type":"Feature","properties":{"ROL":"S/R","NOMBRE_CAMINO":"Agua De Los Choros - Melitoco","CLASIFICACION":"Sin Información","CALZADA":"-","tmda":null},"geometry":{"type":"LineString","coordinates":[[-73.13109,-38.73834],[-73.13349,-38.74591],[-73.13978,-38.74869],[-73.14309,-38.754],[-73.14799,-38.7562],[-73.14735,-38.76034],[-73.15389,-38.76409],[-73.15631,-38.76788],[-73.15933,-38.76928],[-73.16213,-38.77571],[-73.16052,-38.7819],[-73.15739,-38.78367],[-73.14084,-38.78344]]}},{"id":"7048","type":"Feature","properties":{"ROL":"S/R","NOMBRE_CAMINO":"Reducción Estefanía - Pinoleo","CLASIFICACION":"Sin Información","CALZADA":"-","tmda":null},"geometry":{"type":"LineString","coordinates":[[-72.33148,-38.05961],[-72.29818,-38.07155],[-72.28802,-38.07137],[-72.28695,-38.07016],[-72.26866,-38.07327],[-72.26934,-38.07635],[-72.265,-38.07731],[-72.26718,-38.08386]]}},{"id":"7049","type":"Feature","properties":{"ROL":"R-376","NOMBRE_CAMINO":"Collipulli - Loncomahuida","CLASIFICACION":"Sin Información","CALZADA":"-","tmda":null},"geometry":{"type":"LineString","coordinates":[[-72.45052,-37.96068],[-72.45473,-37.96321],[-72.45752,-37.97414],[-72.45889,-37.97563],[-72.46505,-37.97651],[-72.47588,-37.98435],[-72.4787,-37.98931],[-72.48379,-37.99156],[-72.4834,-37.98709],[-72.48502,-37.98266],[-72.48341,-37.97844],[-72.48432,-37.97642],[-72.49101,-37.97163],[-72.49073,-37.96857]]}},{"id":"7050","type":"Feature","properties":{"ROL":"R-70","NOMBRE_CAMINO":"Cruce R-76-s (traiguén) - Pichipellahuén","CLASIFICACION":"Sin Información","CALZADA":"-","tmda":288.0},"geometry":{"type":"LineString","coordinates":[[-72.70194,-38.33548],[-72.74288,-38.34513],[-72.77105,-38.3459],[-72.78329,-38.34865],[-72.79313,-38.3532],[-72.80442,-38.35512],[-72.81422,-38.35886],[-72.82736,-38.36141],[-72.84449,-38.36156],[-72.84894,-38.36348],[-72.87245,-38.36754],[-72.88344,-38.37422],[-72.89562,-38.37682],[-72.90682,-38.37721],[-72.91256,-38.38287],[-72.91559,-38.38282],[-72.92681,-38.3877],[-72.93021,-38.39058],[-72.93039,-38.39238],[-72.93696,-38.39525],[-72.93905,-38.39833],[-72.94164,-38.3994],[-72.94513,-38.39515],[-72.94514,-38.3926],[-72.95228,-38.39294],[-72.95998,-38.38901],[-72.96528,-38.38846],[-72.96704,-38.39198],[-72.97023,-38.39154],[-72.97354,-38.39328],[-72.98038,-38.3905],[-72.98307,-38.38491],[-72.98675,-38.38206],[-72.9905,-38.38224],[-72.99283,-38.37951],[-72.99717,-38.37983],[-73.0014,-38.37853],[-73.00396,-38.37956],[-73.01585,-38.37431],[-73.01714,-38.36878],[-73.01562,-38.36446],[-73.01252,-38.36169],[-73.00831,-38.3534],[-73.00953,-38.3499],[-73.00607,-38.34646],[-73.01027,-38.34381],[-73.01279,-38.34014],[-73.00769,-38.33738],[-73.00223,-38.3369],[-73.00014,-38.33504],[-72.99875,-38.33161],[-72.99946,-38.32748],[-73.00175,-38.32622]]}},{"id":"7051","type":"Feature","properties":{"ROL":"S/R","NOMBRE_CAMINO":"Calfutue - Alto Entel","CLASIFICACION":"Sin Información","CALZADA":"-","tmda":null},"geometry":{"type":"LineString","coordinates":[[-72.21735,-39.37307],[-72.21698,-39.37604],[-72.21237,-39.37566],[-72.21173,-39.37834],[-72.20527,-39.37882]]}},{"id":"7052","type":"Feature","properties":{"ROL":"S-288","NOMBRE_CAMINO":"Cruce Ruta S-270 - Yunque","CLASIFICACION":"Sin Información","CALZADA":"-","tmda":null},"geometry":{"type":"LineString","coordinates":[[-72.51798,-38.54451],[-72.50994,-38.56107],[-72.53465,-38.56481],[-72.54647,-38.57323],[-72.54762,-38.57724],[-72.55376,-38.5845],[-72.56823,-38.59242],[-72.57392,-38.59355]]}},{"id":"7053","type":"Feature","properties":{"ROL":"S/R","NOMBRE_CAMINO":"Malalhue - Llaguepulli","CLASIFICACION":"Sin Información","CALZADA":"-","tmda":null},"geometry":{"type":"LineString","coordinates":[[-73.25918,-38.95853],[-73.27072,-38.95663],[-73.27569,-38.9523],[-73.27824,-38.9471],[-73.28275,-38.94252],[-73.28159,-38.94005]]}},{"id":"7054","type":"Feature","properties":{"ROL":"S/R","NOMBRE_CAMINO":"Cruce Ruta 199 Ch -  Campamento","CLASIFICACION":"Sin Información","CALZADA":"-","tmda":899.0},"geometry":{"type":"LineString","coordinates":[[-72.58084,-38.96776],[-72.57072,-38.94339]]}},{"id":"7055","type":"Feature","properties":{"ROL":"S/R","NOMBRE_CAMINO":"Quitratue - Nalcahue","CLASIFICACION":"Sin Información","CALZADA":"-","tmda":501.0},"geometry":{"type":"LineString","coordinates":[[-72.64684,-39.15773],[-72.64562,-39.163],[-72.64171,-39.16771],[-72.64027,-39.1734],[-72.64192,-39.17837],[-72.64085,-39.18093],[-72.64718,-39.19015],[-72.6491,-39.1953],[-72.65207,-39.19465],[-72.6529,-39.19603],[-72.66432,-39.22699],[-72.66356,-39.23503]]}},{"id":"7056","type":"Feature","properties":{"ROL":"S/R","NOMBRE_CAMINO":"Los Pantanos - Floody","CLASIFICACION":"Sin Información","CALZADA":"-","tmda":null},"geometry":{"type":"LineString","coordinates":[[-73.20052,-38.52001],[-73.20351,-38.52338],[-73.20826,-38.53313],[-73.21842,-38.53628],[-73.22723,-38.53282]]}},{"id":"7057","type":"Feature","properties":{"ROL":"S/R","NOMBRE_CAMINO":"Longitudinal Antiguo - Las Quinientas","CLASIFICACION":"Sin Información","CALZADA":"-","tmda":501.0},"geometry":{"type":"LineString","coordinates":[[-72.66594,-39.17254],[-72.67021,-39.17325],[-72.67137,-39.17511],[-72.67395,-39.17484],[-72.67654,-39.17677],[-72.67798,-39.18066],[-72.68417,-39.18442],[-72.70414,-39.18493],[-72.71772,-39.17776],[-72.71887,-39.17658],[-72.71847,-39.1749],[-72.72222,-39.17044],[-72.7306,-39.17036],[-72.73554,-39.17532],[-72.73872,-39.17264],[-72.74398,-39.17368],[-72.74474,-39.17194],[-72.7585,-39.16908],[-72.75987,-39.16773],[-72.76164,-39.17111],[-72.77383,-39.16927],[-72.77761,-39.16698],[-72.77824,-39.16563],[-72.77713,-39.16366],[-72.77839,-39.15915],[-72.77544,-39.15745],[-72.77437,-39.1471],[-72.77116,-39.14425],[-72.76668,-39.1448],[-72.76458,-39.14261],[-72.75574,-39.14073],[-72.75332,-39.13881],[-72.75096,-39.13286]]}},{"id":"7058","type":"Feature","properties":{"ROL":"S/R","NOMBRE_CAMINO":"Huaqui - Copihuelpi","CLASIFICACION":"Sin Información","CALZADA":"-","tmda":null},"geometry":{"type":"LineString","coordinates":[[-72.42104,-39.38313],[-72.41903,-39.37998],[-72.41197,-39.37837],[-72.40545,-39.37388],[-72.38873,-39.3742],[-72.37772,-39.37913],[-72.37622,-39.38714],[-72.36709,-39.39306]]}},{"id":"7059","type":"Feature","properties":{"ROL":"S/R","NOMBRE_CAMINO":"Caburga - Playa Blanca","CLASIFICACION":"Sin Información","CALZADA":"-","tmda":null},"geometry":{"type":"LineString","coordinates":[[-71.80787,-39.19864],[-71.81513,-39.19791],[-71.81812,-39.19488],[-71.81833,-39.19311],[-71.81465,-39.1858],[-71.81308,-39.18543]]}},{"id":"7060","type":"Feature","properties":{"ROL":"S-411","NOMBRE_CAMINO":"Huichahue - El Martillo","CLASIFICACION":"Sin Información","CALZADA":"-","tmda":null},"geometry":{"type":"LineString","coordinates":[[-72.30061,-38.88468],[-72.31435,-38.91829],[-72.3138,-38.91955],[-72.31631,-38.92601]]}},{"id":"7061","type":"Feature","properties":{"ROL":"S/R","NOMBRE_CAMINO":"Variante Bajo Mañio - Agua Tendida","CLASIFICACION":"Sin Información","CALZADA":"-","tmda":null},"geometry":{"type":"LineString","coordinates":[[-73.06645,-38.7706],[-73.07482,-38.76067],[-73.07656,-38.75324]]}},{"id":"7062","type":"Feature","properties":{"ROL":"S-500","NOMBRE_CAMINO":"Maquehue - Laurel Guacho - Cruce Ruta S-494","CLASIFICACION":"Sin Información","CALZADA":"-","tmda":3649.0},"geometry":{"type":"LineString","coordinates":[[-72.65193,-38.77682],[-72.65756,-38.77712],[-72.66861,-38.77505],[-72.67976,-38.77544],[-72.69237,-38.7814],[-72.69635,-38.78579],[-72.70008,-38.78743],[-72.7097,-38.78592],[-72.71519,-38.78741],[-72.72978,-38.79429],[-72.7326,-38.79714],[-72.73926,-38.79762],[-72.7448,-38.79968],[-72.76268,-38.81059],[-72.77745,-38.82379],[-72.77833,-38.82868],[-72.78009,-38.82959],[-72.7991,-38.82482],[-72.81241,-38.81648],[-72.81501,-38.81339],[-72.82963,-38.80763],[-72.84945,-38.79187],[-72.85118,-38.78577]]}},{"id":"7063","type":"Feature","properties":{"ROL":"S-497","NOMBRE_CAMINO":"Las Hortensias - Colico","CLASIFICACION":"Sin Información","CALZADA":"-","tmda":null},"geometry":{"type":"LineString","coordinates":[[-72.15282,-38.94478],[-72.15579,-38.95263],[-72.15729,-38.95366],[-72.15568,-38.95628],[-72.15583,-38.95866],[-72.14972,-38.95871],[-72.14083,-38.9616],[-72.12615,-38.97436],[-72.09332,-38.98741],[-72.05093,-38.99736],[-72.04396,-38.99691],[-72.03299,-38.98961],[-72.02046,-38.98884]]}},{"id":"7064","type":"Feature","properties":{"ROL":"S/R","NOMBRE_CAMINO":"Las Lomas - Salta Pura","CLASIFICACION":"Sin Información","CALZADA":"-","tmda":164.0},"geometry":{"type":"LineString","coordinates":[[-72.91815,-38.87596],[-72.91875,-38.87778],[-72.92288,-38.87549],[-72.92652,-38.88134],[-72.92899,-38.88216]]}},{"id":"7065","type":"Feature","properties":{"ROL":"S/R","NOMBRE_CAMINO":"Agua Del Gato","CLASIFICACION":"Sin Información","CALZADA":"-","tmda":null},"geometry":{"type":"LineString","coordinates":[[-73.38668,-38.79048],[-73.38648,-38.79281],[-73.38266,-38.79331],[-73.37836,-38.79647],[-73.37601,-38.80077],[-73.37801,-38.8064],[-73.38161,-38.80843]]}},{"id":"7066","type":"Feature","properties":{"ROL":"S/R","NOMBRE_CAMINO":"Santos Cuevas Al Norte","CLASIFICACION":"Sin Información","CALZADA":"-","tmda":899.0},"geometry":{"type":"LineString","coordinates":[[-72.55281,-39.01361],[-72.55116,-39.01183],[-72.53301,-39.01398],[-72.52898,-39.01333]]}},{"id":"7067","type":"Feature","properties":{"ROL":"S-629","NOMBRE_CAMINO":"Puraquina - Quinta Faja","CLASIFICACION":"Sin Información","CALZADA":"-","tmda":null},"geometry":{"type":"LineString","coordinates":[[-72.40275,-39.1251],[-72.42011,-39.1739]]}},{"id":"7068","type":"Feature","properties":{"ROL":"S-463","NOMBRE_CAMINO":"Pitrufquén - Manzanar","CLASIFICACION":"Sin Información","CALZADA":"-","tmda":null},"geometry":{"type":"LineString","coordinates":[[-72.62881,-38.99104],[-72.63715,-39.0018],[-72.63343,-39.00337],[-72.63753,-39.0137],[-72.62939,-39.01555],[-72.63037,-39.01848]]}},{"id":"7069","type":"Feature","properties":{"ROL":"S/R","NOMBRE_CAMINO":"Loncoche - Afquintué - Lastarria","CLASIFICACION":"Sin Información","CALZADA":"-","tmda":501.0},"geometry":{"type":"LineString","coordinates":[[-72.62067,-39.36115],[-72.62039,-39.35865],[-72.5959,-39.34542],[-72.59113,-39.34097],[-72.58089,-39.33458],[-72.58038,-39.32854],[-72.58675,-39.32322],[-72.59265,-39.32193],[-72.59563,-39.31436],[-72.59529,-39.31168],[-72.59753,-39.31125],[-72.59976,-39.30265],[-72.60807,-39.30239],[-72.61597,-39.2977],[-72.61677,-39.29283],[-72.62008,-39.28691],[-72.62495,-39.28397],[-72.62894,-39.2834],[-72.63351,-39.27969],[-72.64722,-39.2796],[-72.64793,-39.27513],[-72.64609,-39.26756],[-72.65648,-39.26177],[-72.6575,-39.25578],[-72.66029,-39.25386],[-72.66062,-39.24785],[-72.65797,-39.24252],[-72.65829,-39.23932],[-72.66485,-39.23556],[-72.66909,-39.23584]]}},{"id":"7070","type":"Feature","properties":{"ROL":"S/R","NOMBRE_CAMINO":"Ruta 5 (el Vado) - Quitratué","CLASIFICACION":"Sin Información","CALZADA":"-","tmda":501.0},"geometry":{"type":"LineString","coordinates":[[-72.65275,-39.13273],[-72.65345,-39.13467],[-72.65583,-39.13575],[-72.65882,-39.14307],[-72.65586,-39.14593],[-72.65517,-39.15166]]}},{"id":"7071","type":"Feature","properties":{"ROL":"R-702","NOMBRE_CAMINO":"Galvarino - Colpi Por Faja Valdivia","CLASIFICACION":"Sin Información","CALZADA":"-","tmda":null},"geometry":{"type":"LineString","coordinates":[[-72.7963,-38.39709],[-72.79214,-38.3945],[-72.78712,-38.38338],[-72.78377,-38.38162],[-72.78393,-38.37922],[-72.77912,-38.37649],[-72.7838,-38.34429],[-72.78595,-38.34195],[-72.78561,-38.33786],[-72.78387,-38.33509],[-72.78526,-38.33101],[-72.78461,-38.32909],[-72.7795,-38.32721],[-72.77728,-38.32332],[-72.78008,-38.32057]]}},{"id":"7072","type":"Feature","properties":{"ROL":"S/R","NOMBRE_CAMINO":"Cruce Longitudinal - Tercera Faja","CLASIFICACION":"Sin Información","CALZADA":"-","tmda":501.0},"geometry":{"type":"LineString","coordinates":[[-72.67347,-39.07591],[-72.65051,-39.08158]]}},{"id":"7073","type":"Feature","properties":{"ROL":"S/R","NOMBRE_CAMINO":"Paillaco - Lago Tinquilco","CLASIFICACION":"Sin Información","CALZADA":"-","tmda":null},"geometry":{"type":"LineString","coordinates":[[-71.76236,-39.19656],[-71.75761,-39.19664],[-71.75305,-39.19913],[-71.75466,-39.19675],[-71.74913,-39.19839],[-71.74437,-39.19707],[-71.74707,-39.19691],[-71.74187,-39.19321],[-71.74312,-39.18662],[-71.74209,-39.18166],[-71.73894,-39.1783],[-71.73538,-39.17838],[-71.73303,-39.17364],[-71.7259,-39.16858]]}},{"id":"7074","type":"Feature","properties":{"ROL":"S-527","NOMBRE_CAMINO":"Huerere - Curacalco Bajo","CLASIFICACION":"Sin Información","CALZADA":"-","tmda":null},"geometry":{"type":"LineString","coordinates":[[-72.01812,-38.97889],[-72.00683,-38.98046],[-72.00263,-38.98234],[-71.99467,-38.98001],[-71.98296,-38.97989],[-71.96503,-38.96633],[-71.95893,-38.96454],[-71.9565,-38.96027],[-71.95763,-38.95489],[-71.94957,-38.95212],[-71.93599,-38.95156],[-71.92965,-38.94837]]}},{"id":"7075","type":"Feature","properties":{"ROL":"S-427","NOMBRE_CAMINO":"Faja 12.000","CLASIFICACION":"Sin Información","CALZADA":"-","tmda":null},"geometry":{"type":"LineString","coordinates":[[-72.17941,-38.95136],[-72.17611,-38.94124],[-72.18294,-38.93955],[-72.18106,-38.9331],[-72.18635,-38.93131],[-72.18713,-38.92639],[-72.18902,-38.92585],[-72.18432,-38.91147]]}},{"id":"7076","type":"Feature","properties":{"ROL":"S/R","NOMBRE_CAMINO":"Acceso A Balsa De Hualpin","CLASIFICACION":"Sin Información","CALZADA":"-","tmda":164.0},"geometry":{"type":"LineString","coordinates":[[-73.17623,-39.09528],[-73.17755,-39.10187]]}},{"id":"7077","type":"Feature","properties":{"ROL":"S-468","NOMBRE_CAMINO":"Acceso A San Antonio","CLASIFICACION":"Sin Información","CALZADA":"-","tmda":null},"geometry":{"type":"LineString","coordinates":[[-72.71304,-38.85109],[-72.7194,-38.87544],[-72.72363,-38.88203],[-72.73271,-38.90557],[-72.74252,-38.92556]]}},{"id":"7078","type":"Feature","properties":{"ROL":"R-644","NOMBRE_CAMINO":"Los Laureles - Barros Negros - Pellahuén","CLASIFICACION":"Sin Información","CALZADA":"-","tmda":null},"geometry":{"type":"LineString","coordinates":[[-73.08959,-38.306],[-73.09241,-38.30906],[-73.09399,-38.31633],[-73.08975,-38.32086],[-73.09157,-38.32573],[-73.08959,-38.3299],[-73.08832,-38.32824],[-73.08698,-38.32982],[-73.08854,-38.33386],[-73.08631,-38.34006],[-73.08346,-38.34067],[-73.08133,-38.34339],[-73.08188,-38.35056],[-73.08602,-38.35462],[-73.08211,-38.35721],[-73.08274,-38.3584],[-73.08108,-38.35949],[-73.0834,-38.36064],[-73.08355,-38.36194],[-73.08732,-38.36237],[-73.09045,-38.3674],[-73.08858,-38.36975],[-73.08889,-38.37161],[-73.08602,-38.37422]]}},{"id":"7079","type":"Feature","properties":{"ROL":"S-758","NOMBRE_CAMINO":"El Diuco Hacia El Norponiente","CLASIFICACION":"Sin Información","CALZADA":"-","tmda":null},"geometry":{"type":"LineString","coordinates":[[-72.58362,-39.20953],[-72.59708,-39.20688]]}},{"id":"7080","type":"Feature","properties":{"ROL":"S/R","NOMBRE_CAMINO":"Santa Rosa - Las Quinientas - Los Cruceros","CLASIFICACION":"Sin Información","CALZADA":"-","tmda":501.0},"geometry":{"type":"LineString","coordinates":[[-72.7287,-39.20634],[-72.7366,-39.20209],[-72.74822,-39.20119],[-72.75099,-39.19783],[-72.75832,-39.19554],[-72.76782,-39.19041],[-72.76974,-39.18787],[-72.76427,-39.18635],[-72.7611,-39.18063]]}},{"id":"7081","type":"Feature","properties":{"ROL":"S/R","NOMBRE_CAMINO":"Cruce Longitudinal - Rincón Del Rinco","CLASIFICACION":"Sin Información","CALZADA":"-","tmda":501.0},"geometry":{"type":"LineString","coordinates":[[-72.58774,-39.18991],[-72.57129,-39.19377],[-72.57078,-39.19983],[-72.5486,-39.20381],[-72.54233,-39.2066],[-72.53907,-39.21],[-72.53564,-39.21023],[-72.53014,-39.21578],[-72.52735,-39.21629]]}},{"id":"7082","type":"Feature","properties":{"ROL":"R-812","NOMBRE_CAMINO":"Cruce Ruta 5 - Reducciónes Queipul Y Chavel","CLASIFICACION":"Sin Información","CALZADA":"-","tmda":null},"geometry":{"type":"LineString","coordinates":[[-72.37151,-38.30057],[-72.41091,-38.30607],[-72.43368,-38.30771],[-72.45037,-38.30687]]}},{"id":"7083","type":"Feature","properties":{"ROL":"S/R","NOMBRE_CAMINO":"Los Riscos - Correntoso","CLASIFICACION":"Sin Información","CALZADA":"-","tmda":null},"geometry":{"type":"LineString","coordinates":[[-72.02854,-39.30201],[-72.02705,-39.3042],[-72.02836,-39.30738],[-72.02676,-39.30917],[-72.0361,-39.33544]]}},{"id":"7084","type":"Feature","properties":{"ROL":"R-816","NOMBRE_CAMINO":"Acceso Oriente A Traiguén Por Agua Potable","CLASIFICACION":"Sin Información","CALZADA":"-","tmda":null},"geometry":{"type":"LineString","coordinates":[[-72.66603,-38.25617],[-72.65922,-38.25444],[-72.65624,-38.25488],[-72.65529,-38.25689],[-72.64002,-38.25719],[-72.63273,-38.26197]]}},{"id":"7085","type":"Feature","properties":{"ROL":"S/R","NOMBRE_CAMINO":"El Mirador - El Esqueleto","CLASIFICACION":"Sin Información","CALZADA":"-","tmda":null},"geometry":{"type":"LineString","coordinates":[[-72.78903,-38.63979],[-72.79167,-38.64726],[-72.78866,-38.65222],[-72.78721,-38.65824]]}},{"id":"7086","type":"Feature","properties":{"ROL":"S/R","NOMBRE_CAMINO":"Bayo - Toro Cancura","CLASIFICACION":"Sin Información","CALZADA":"-","tmda":164.0},"geometry":{"type":"LineString","coordinates":[[-72.93627,-38.79957],[-72.94064,-38.80662],[-72.94033,-38.8106],[-72.92913,-38.81756]]}},{"id":"7087","type":"Feature","properties":{"ROL":"S/R","NOMBRE_CAMINO":"Mulchén - Jauja Sector: Límite Regional - Jauja","CLASIFICACION":"Sin Información","CALZADA":"-","tmda":null},"geometry":{"type":"LineString","coordinates":[[-71.89777,-38.07888],[-71.90609,-38.07037],[-71.9085,-38.0657],[-71.91267,-38.06339],[-71.92052,-38.05548],[-71.92918,-38.04903],[-71.93368,-38.04166],[-71.93476,-38.03672],[-71.94571,-38.02576],[-71.94928,-38.01662]]}},{"id":"7088","type":"Feature","properties":{"ROL":"S-493","NOMBRE_CAMINO":"Hostencias - Leufuche","CLASIFICACION":"Sin Información","CALZADA":"-","tmda":null},"geometry":{"type":"LineString","coordinates":[[-72.15181,-38.9584],[-72.14566,-38.9583],[-72.13812,-38.95511],[-72.12857,-38.95385],[-72.12148,-38.95087],[-72.11109,-38.96136],[-72.09628,-38.96079],[-72.0964,-38.96197],[-72.08716,-38.96503],[-72.07413,-38.96785],[-72.06637,-38.96602],[-72.05905,-38.96896],[-72.04416,-38.97804],[-72.03979,-38.97836],[-72.0358,-38.97588],[-72.0247,-38.97855],[-72.02006,-38.97828]]}},{"id":"7089","type":"Feature","properties":{"ROL":"S/R","NOMBRE_CAMINO":"Vista Hermosa - Alto Chelle","CLASIFICACION":"Sin Información","CALZADA":"-","tmda":164.0},"geometry":{"type":"LineString","coordinates":[[-73.13974,-39.01026],[-73.13839,-39.00401],[-73.14152,-38.99768],[-73.1526,-38.99425],[-73.15787,-38.98965],[-73.16044,-38.98298]]}},{"id":"7090","type":"Feature","properties":{"ROL":"S/R","NOMBRE_CAMINO":"Quepe - Zanja","CLASIFICACION":"Sin Información","CALZADA":"-","tmda":899.0},"geometry":{"type":"LineString","coordinates":[[-72.61745,-38.86559],[-72.62783,-38.86462],[-72.63181,-38.86721],[-72.63601,-38.86649],[-72.64827,-38.86415],[-72.64799,-38.8626],[-72.65138,-38.86023],[-72.65787,-38.85825],[-72.66287,-38.85914],[-72.67036,-38.85588]]}},{"id":"7091","type":"Feature","properties":{"ROL":"S-722","NOMBRE_CAMINO":"Gorbea - Botacura","CLASIFICACION":"Sin Información","CALZADA":"-","tmda":null},"geometry":{"type":"LineString","coordinates":[[-72.70588,-39.0956],[-72.70689,-39.0943],[-72.71254,-39.09493],[-72.71296,-39.09295],[-72.71647,-39.09242],[-72.71871,-39.09363],[-72.7227,-39.09196],[-72.72498,-39.09305],[-72.73309,-39.08837],[-72.73865,-39.08667],[-72.73901,-39.0892],[-72.74089,-39.09065],[-72.74072,-39.09277],[-72.74604,-39.09285],[-72.75043,-39.08972],[-72.75543,-39.08933]]}},{"id":"7092","type":"Feature","properties":{"ROL":"S/R","NOMBRE_CAMINO":"Cruce S-10 - Acceso Oriente A Parlamento","CLASIFICACION":"Sin Información","CALZADA":"-","tmda":null},"geometry":{"type":"LineString","coordinates":[[-72.45912,-38.50741],[-72.45978,-38.50261],[-72.46664,-38.49441],[-72.46755,-38.49093],[-72.47089,-38.48819],[-72.47139,-38.48407],[-72.47949,-38.48388],[-72.48679,-38.48842],[-72.49512,-38.48923],[-72.5015,-38.49428]]}},{"id":"7093","type":"Feature","properties":{"ROL":"S-820","NOMBRE_CAMINO":"Puerto Boldo -  Boroa Norte","CLASIFICACION":"Sin Información","CALZADA":"-","tmda":null},"geometry":{"type":"LineString","coordinates":[[-73.16099,-39.22649],[-73.13841,-39.22578],[-73.13717,-39.22872],[-73.12941,-39.23437],[-73.12274,-39.23502],[-73.11937,-39.23936],[-73.11769,-39.24928],[-73.11477,-39.25304],[-73.1098,-39.25513],[-73.11373,-39.26423],[-73.10955,-39.27095],[-73.09073,-39.27076],[-73.07515,-39.26496],[-73.07167,-39.26178],[-73.06731,-39.26168]]}},{"id":"7094","type":"Feature","properties":{"ROL":"S/R","NOMBRE_CAMINO":"Quichamáhuida - Las Toscas","CLASIFICACION":"Sin Información","CALZADA":"-","tmda":null},"geometry":{"type":"LineString","coordinates":[[-72.57282,-38.26325],[-72.57198,-38.24969],[-72.5709,-38.24742],[-72.57576,-38.24023],[-72.57938,-38.23928],[-72.58035,-38.23783],[-72.58058,-38.23034],[-72.59972,-38.21232]]}},{"id":"7095","type":"Feature","properties":{"ROL":"S/R","NOMBRE_CAMINO":"Pichares - Lago San Jorge","CLASIFICACION":"Sin Información","CALZADA":"-","tmda":null},"geometry":{"type":"LineString","coordinates":[[-71.77868,-39.2661],[-71.77753,-39.26784],[-71.78147,-39.27409],[-71.77947,-39.27711],[-71.78034,-39.2794],[-71.77611,-39.28251],[-71.77465,-39.28734],[-71.77083,-39.29127],[-71.7636,-39.29043],[-71.75245,-39.29304],[-71.75214,-39.29539],[-71.7501,-39.29619],[-71.73749,-39.29735],[-71.7341,-39.29642],[-71.71063,-39.30018],[-71.6938,-39.30016],[-71.68586,-39.29847]]}},{"id":"7096","type":"Feature","properties":{"ROL":"R-825","NOMBRE_CAMINO":"Las Cardas - Selva Oscura","CLASIFICACION":"Sin Información","CALZADA":"-","tmda":null},"geometry":{"type":"LineString","coordinates":[[-72.31348,-38.29838],[-72.3119,-38.3019],[-72.30898,-38.30354],[-72.30741,-38.30742],[-72.30187,-38.31237],[-72.30082,-38.31522],[-72.30265,-38.31928],[-72.30162,-38.32268],[-72.27124,-38.32839],[-72.26186,-38.33364],[-72.24916,-38.33521],[-72.22314,-38.34232],[-72.17155,-38.35298]]}},{"id":"7097","type":"Feature","properties":{"ROL":"S/R","NOMBRE_CAMINO":"Huife - El Papal","CLASIFICACION":"Sin Información","CALZADA":"-","tmda":null},"geometry":{"type":"LineString","coordinates":[[-71.72743,-39.23162],[-71.72222,-39.22911],[-71.71641,-39.22946],[-71.71157,-39.23465],[-71.69671,-39.23532],[-71.69427,-39.23413],[-71.69191,-39.23535],[-71.68165,-39.23537],[-71.66583,-39.23992],[-71.66359,-39.23844],[-71.65992,-39.23834],[-71.6609,-39.23767],[-71.64571,-39.23421]]}},{"id":"7098","type":"Feature","properties":{"ROL":"S/R","NOMBRE_CAMINO":"Llau Lllau - El Pirao","CLASIFICACION":"Sin Información","CALZADA":"-","tmda":null},"geometry":{"type":"LineString","coordinates":[[-72.13869,-39.34567],[-72.12536,-39.35374],[-72.12727,-39.36258],[-72.05679,-39.37832]]}},{"id":"7099","type":"Feature","properties":{"ROL":"S/R","NOMBRE_CAMINO":"El Peral - Casas Viejas","CLASIFICACION":"Sin Información","CALZADA":"-","tmda":null},"geometry":{"type":"LineString","coordinates":[[-72.88748,-38.70378],[-72.87657,-38.70763],[-72.87038,-38.70774],[-72.86557,-38.70604],[-72.86307,-38.71311],[-72.8635,-38.71661],[-72.85819,-38.72295],[-72.85842,-38.72626]]}},{"id":"7100","type":"Feature","properties":{"ROL":"R-835","NOMBRE_CAMINO":"Púa - Selva Oscura Por El Salto","CLASIFICACION":"Sin Información","CALZADA":"-","tmda":null},"geometry":{"type":"LineString","coordinates":[[-72.35509,-38.33549],[-72.32974,-38.34143],[-72.32414,-38.34056],[-72.31729,-38.34256],[-72.30802,-38.34309],[-72.30647,-38.34384],[-72.30705,-38.34581],[-72.30585,-38.34617],[-72.23548,-38.36272],[-72.23046,-38.35032],[-72.2278,-38.34778],[-72.22635,-38.3422],[-72.22729,-38.34076]]}},{"id":"7101","type":"Feature","properties":{"ROL":"S/R","NOMBRE_CAMINO":"Collico - Huincacara","CLASIFICACION":"Sin Información","CALZADA":"-","tmda":null},"geometry":{"type":"LineString","coordinates":[[-72.21957,-39.34305],[-72.21187,-39.34343],[-72.20562,-39.34203],[-72.19486,-39.34284],[-72.18682,-39.34692],[-72.18114,-39.35273],[-72.17017,-39.3561],[-72.16709,-39.3592],[-72.15316,-39.36532],[-72.14404,-39.36763],[-72.13542,-39.3735],[-72.12449,-39.37846],[-72.1179,-39.3841],[-72.11131,-39.3853],[-72.10946,-39.3878],[-72.10482,-39.38706],[-72.09977,-39.39109],[-72.0872,-39.39259],[-72.06818,-39.3975],[-72.06121,-39.40273],[-72.0576,-39.40721],[-72.05608,-39.41303],[-72.04385,-39.41971],[-72.0398,-39.42492],[-72.02066,-39.42817]]}},{"id":"7102","type":"Feature","properties":{"ROL":"S/R","NOMBRE_CAMINO":"Cristo Carhuello - Quelhue","CLASIFICACION":"Sin Información","CALZADA":"-","tmda":null},"geometry":{"type":"LineString","coordinates":[[-71.86584,-39.25063],[-71.88169,-39.26121],[-71.89352,-39.26591],[-71.89768,-39.27135],[-71.90016,-39.27156],[-71.90306,-39.27375],[-71.92025,-39.2695]]}},{"id":"7103","type":"Feature","properties":{"ROL":"S/R","NOMBRE_CAMINO":"Laurel Gaucho - Cruce S-500","CLASIFICACION":"Sin Información","CALZADA":"-","tmda":899.0},"geometry":{"type":"LineString","coordinates":[[-72.81488,-38.81344],[-72.80208,-38.81585],[-72.7956,-38.81493],[-72.7887,-38.80612],[-72.77503,-38.80058],[-72.77003,-38.80039],[-72.75695,-38.79666],[-72.74198,-38.79081],[-72.72709,-38.78772],[-72.71519,-38.78741]]}},{"id":"7104","type":"Feature","properties":{"ROL":"S/R","NOMBRE_CAMINO":"El Turbio - El Cerduo","CLASIFICACION":"Sin Información","CALZADA":"-","tmda":null},"geometry":{"type":"LineString","coordinates":[[-71.89946,-39.29595],[-71.89916,-39.29912],[-71.89574,-39.30115],[-71.89353,-39.30503],[-71.88972,-39.30547],[-71.88322,-39.31245],[-71.88244,-39.31695],[-71.88342,-39.32072]]}},{"id":"7105","type":"Feature","properties":{"ROL":"S/R","NOMBRE_CAMINO":"Krause - Los Riscos","CLASIFICACION":"Sin Información","CALZADA":"-","tmda":null},"geometry":{"type":"LineString","coordinates":[[-72.01641,-39.31272],[-72.02919,-39.31771]]}},{"id":"7106","type":"Feature","properties":{"ROL":"S-445","NOMBRE_CAMINO":"Huichahue - La Selva","CLASIFICACION":"Sin Información","CALZADA":"-","tmda":null},"geometry":{"type":"LineString","coordinates":[[-72.47325,-38.87052],[-72.44086,-38.8785],[-72.43202,-38.87867],[-72.42015,-38.8819],[-72.41823,-38.88562],[-72.42434,-38.89761]]}},{"id":"7107","type":"Feature","properties":{"ROL":"S/R","NOMBRE_CAMINO":"Quilmer - Escuela Agrícola","CLASIFICACION":"Sin Información","CALZADA":"-","tmda":164.0},"geometry":{"type":"LineString","coordinates":[[-73.17825,-38.9818],[-73.1793,-38.97788],[-73.17579,-38.97619],[-73.16932,-38.96995],[-73.16665,-38.96921],[-73.16586,-38.96553],[-73.1623,-38.96392],[-73.16243,-38.96189],[-73.16736,-38.95775],[-73.16962,-38.94948]]}},{"id":"7108","type":"Feature","properties":{"ROL":"R-715","NOMBRE_CAMINO":"Victoria - San Diego","CLASIFICACION":"Sin Información","CALZADA":"-","tmda":null},"geometry":{"type":"LineString","coordinates":[[-72.32487,-38.22923],[-72.32216,-38.23057],[-72.31945,-38.22926],[-72.30646,-38.23033],[-72.30011,-38.23242],[-72.28685,-38.2323],[-72.26778,-38.23663],[-72.25047,-38.23342],[-72.24903,-38.23017]]}},{"id":"7109","type":"Feature","properties":{"ROL":"S-696","NOMBRE_CAMINO":"Mahuidanche - San Fernando","CLASIFICACION":"Sin Información","CALZADA":"-","tmda":null},"geometry":{"type":"LineString","coordinates":[[-72.88534,-39.10421],[-72.89083,-39.10743],[-72.89026,-39.1097],[-72.89178,-39.10935],[-72.89185,-39.11107],[-72.89323,-39.11163],[-72.89397,-39.11823],[-72.89832,-39.12813]]}},{"id":"7110","type":"Feature","properties":{"ROL":"S/R","NOMBRE_CAMINO":"San Juan - La Herradura","CLASIFICACION":"Sin Información","CALZADA":"-","tmda":501.0},"geometry":{"type":"LineString","coordinates":[[-72.64174,-39.16758],[-72.63092,-39.17246],[-72.62906,-39.17545],[-72.62502,-39.17788],[-72.6256,-39.17846],[-72.62257,-39.18195],[-72.60994,-39.1849]]}},{"id":"7111","type":"Feature","properties":{"ROL":"S/R","NOMBRE_CAMINO":"Cruce Ruta 5 - Las Violetas","CLASIFICACION":"Sin Información","CALZADA":"-","tmda":501.0},"geometry":{"type":"LineString","coordinates":[[-72.69599,-39.40251],[-72.69369,-39.39869],[-72.69431,-39.39072]]}},{"id":"7112","type":"Feature","properties":{"ROL":"R-863","NOMBRE_CAMINO":"Cruce Ruta 181 Ch - Pehuenco","CLASIFICACION":"Sin Información","CALZADA":"-","tmda":null},"geometry":{"type":"LineString","coordinates":[[-72.00688,-38.32528],[-72.0103,-38.33414],[-72.00638,-38.339],[-72.00691,-38.34045]]}},{"id":"7113","type":"Feature","properties":{"ROL":"S/R","NOMBRE_CAMINO":"Coilaco Alto -  Llafenco","CLASIFICACION":"Sin Información","CALZADA":"-","tmda":null},"geometry":{"type":"LineString","coordinates":[[-71.76793,-39.31033],[-71.77448,-39.30027],[-71.77291,-39.29332],[-71.77093,-39.29122]]}},{"id":"7114","type":"Feature","properties":{"ROL":"R-525","NOMBRE_CAMINO":"Ercilla - La Montaña","CLASIFICACION":"Sin Información","CALZADA":"-","tmda":null},"geometry":{"type":"LineString","coordinates":[[-72.37336,-38.06334],[-72.36111,-38.06182],[-72.3511,-38.06418],[-72.34703,-38.06755],[-72.33556,-38.07338],[-72.33118,-38.07844],[-72.32531,-38.08228],[-72.31457,-38.09628],[-72.28791,-38.11097],[-72.28403,-38.10997],[-72.26981,-38.11486],[-72.25205,-38.11884],[-72.24347,-38.11645],[-72.23692,-38.11007],[-72.21493,-38.11532],[-72.21409,-38.1168],[-72.21247,-38.11594],[-72.14221,-38.13352]]}},{"id":"7115","type":"Feature","properties":{"ROL":"S-614","NOMBRE_CAMINO":"Teodoro Schmidt - Pichi Chelle","CLASIFICACION":"Sin Información","CALZADA":"-","tmda":null},"geometry":{"type":"LineString","coordinates":[[-73.09962,-38.99359],[-73.10847,-38.99312],[-73.11714,-38.99084],[-73.12218,-38.98751],[-73.13224,-38.98798],[-73.13883,-38.98328],[-73.14494,-38.98145],[-73.15117,-38.98349],[-73.15632,-38.98162],[-73.16464,-38.98468],[-73.17407,-38.98157],[-73.17825,-38.9818],[-73.18301,-38.98708],[-73.19326,-38.9899],[-73.19956,-38.9892],[-73.20585,-38.99028],[-73.21465,-38.98662],[-73.22578,-38.99046],[-73.23386,-38.99138],[-73.23994,-38.9901]]}},{"id":"7116","type":"Feature","properties":{"ROL":"S/R","NOMBRE_CAMINO":"Curacalco - Santa María De Llaima","CLASIFICACION":"Sin Información","CALZADA":"-","tmda":null},"geometry":{"type":"LineString","coordinates":[[-71.90783,-38.9178],[-71.90594,-38.9159],[-71.89818,-38.91489],[-71.88223,-38.90923],[-71.87601,-38.89705],[-71.87057,-38.89613],[-71.86061,-38.89055],[-71.84109,-38.88412],[-71.81542,-38.88223],[-71.80392,-38.87796],[-71.79966,-38.87891],[-71.78311,-38.87809],[-71.76704,-38.88083],[-71.76535,-38.88042],[-71.76449,-38.87711]]}},{"id":"7117","type":"Feature","properties":{"ROL":"S/R","NOMBRE_CAMINO":"Los Laureles - Cruce S-488","CLASIFICACION":"Sin Información","CALZADA":"-","tmda":164.0},"geometry":{"type":"LineString","coordinates":[[-72.90463,-38.87142],[-72.89045,-38.86638],[-72.8799,-38.86735]]}},{"id":"7118","type":"Feature","properties":{"ROL":"S-609","NOMBRE_CAMINO":"Matriz Cuarta A Quinta Faja","CLASIFICACION":"Sin Información","CALZADA":"-","tmda":null},"geometry":{"type":"LineString","coordinates":[[-72.56596,-39.11943],[-72.56477,-39.12305],[-72.56991,-39.13742],[-72.56915,-39.13902]]}},{"id":"7119","type":"Feature","properties":{"ROL":"S/R","NOMBRE_CAMINO":"Las Lumas - Manzanar Por Curilebu","CLASIFICACION":"Sin Información","CALZADA":"-","tmda":null},"geometry":{"type":"LineString","coordinates":[[-73.1598,-38.30493],[-73.16094,-38.30624],[-73.16775,-38.3065],[-73.17073,-38.30487],[-73.17735,-38.30467],[-73.18296,-38.3029],[-73.19259,-38.30282],[-73.19794,-38.29937],[-73.20208,-38.29264]]}},{"id":"7120","type":"Feature","properties":{"ROL":"S-720","NOMBRE_CAMINO":"Botacura - Faja Ricci","CLASIFICACION":"Sin Información","CALZADA":"-","tmda":null},"geometry":{"type":"LineString","coordinates":[[-72.78392,-39.03455],[-72.78614,-39.04023],[-72.78593,-39.05086],[-72.78433,-39.05197],[-72.78425,-39.05371],[-72.78582,-39.05741],[-72.78326,-39.05813],[-72.7817,-39.06103],[-72.76703,-39.06701],[-72.76864,-39.07138],[-72.76707,-39.07534],[-72.76201,-39.07771],[-72.75908,-39.08066],[-72.7568,-39.08884],[-72.7451,-39.10184],[-72.74376,-39.10494],[-72.74457,-39.10656],[-72.73923,-39.11183],[-72.73578,-39.11299],[-72.73637,-39.11523],[-72.73506,-39.11887],[-72.73777,-39.12669]]}},{"id":"7121","type":"Feature","properties":{"ROL":"S/R","NOMBRE_CAMINO":"Liglelfu - Pinchafil","CLASIFICACION":"Sin Información","CALZADA":"-","tmda":501.0},"geometry":{"type":"LineString","coordinates":[[-72.4502,-39.35997],[-72.45257,-39.35399]]}},{"id":"7122","type":"Feature","properties":{"ROL":"S/R","NOMBRE_CAMINO":"Nancahue - Novena Faja","CLASIFICACION":"Sin Información","CALZADA":"-","tmda":501.0},"geometry":{"type":"LineString","coordinates":[[-72.49957,-39.28002],[-72.49517,-39.26848]]}},{"id":"7123","type":"Feature","properties":{"ROL":"S/R","NOMBRE_CAMINO":"Loncoche - Elocoyán","CLASIFICACION":"Sin Información","CALZADA":"-","tmda":501.0},"geometry":{"type":"LineString","coordinates":[[-72.63022,-39.35991],[-72.62754,-39.35551],[-72.62712,-39.35035],[-72.62502,-39.34823],[-72.62647,-39.3465],[-72.62645,-39.34156],[-72.62762,-39.3396],[-72.62446,-39.32711]]}},{"id":"7124","type":"Feature","properties":{"ROL":"R-725","NOMBRE_CAMINO":"Faja Las Mariposas","CLASIFICACION":"Sin Información","CALZADA":"-","tmda":null},"geometry":{"type":"LineString","coordinates":[[-72.18954,-38.27453],[-72.17972,-38.24806]]}},{"id":"7125","type":"Feature","properties":{"ROL":"S-880","NOMBRE_CAMINO":"Cuesta Lastarria","CLASIFICACION":"Sin Información","CALZADA":"-","tmda":null},"geometry":{"type":"LineString","coordinates":[[-72.69775,-39.2713],[-72.6989,-39.27304],[-72.70265,-39.2732],[-72.71549,-39.2728],[-72.72193,-39.2711],[-72.72564,-39.27256],[-72.74167,-39.27431],[-72.74195,-39.27349],[-72.74362,-39.27447],[-72.75297,-39.27412],[-72.75469,-39.27214]]}},{"id":"7126","type":"Feature","properties":{"ROL":"S/R","NOMBRE_CAMINO":"Paillaco - La Barda","CLASIFICACION":"Sin Información","CALZADA":"-","tmda":null},"geometry":{"type":"LineString","coordinates":[[-71.763,-39.19716],[-71.76621,-39.19951],[-71.76079,-39.21036],[-71.75844,-39.21275],[-71.76007,-39.2143],[-71.76322,-39.22472],[-71.76701,-39.23135]]}},{"id":"7127","type":"Feature","properties":{"ROL":"S/R","NOMBRE_CAMINO":"Tracura - Flor Del Valle Carén","CLASIFICACION":"Sin Información","CALZADA":"-","tmda":null},"geometry":{"type":"LineString","coordinates":[[-71.52437,-38.85001],[-71.52721,-38.85079],[-71.52837,-38.85355],[-71.53739,-38.85405],[-71.54183,-38.85627],[-71.54339,-38.85842],[-71.54512,-38.85826],[-71.55024,-38.86202],[-71.55037,-38.86468]]}},{"id":"7128","type":"Feature","properties":{"ROL":"S/R","NOMBRE_CAMINO":"Cruce S-539 - Los Riscos","CLASIFICACION":"Sin Información","CALZADA":"-","tmda":null},"geometry":{"type":"LineString","coordinates":[[-71.822,-38.87209],[-71.82085,-38.87993],[-71.81924,-38.88223]]}},{"id":"7129","type":"Feature","properties":{"ROL":"S/R","NOMBRE_CAMINO":"Cruce S-458 - Huillinco","CLASIFICACION":"Sin Información","CALZADA":"-","tmda":164.0},"geometry":{"type":"LineString","coordinates":[[-73.05569,-38.8506],[-73.06624,-38.85547],[-73.0663,-38.8611],[-73.06456,-38.86479],[-73.0673,-38.86767],[-73.07526,-38.87237],[-73.08528,-38.87582]]}},{"id":"7130","type":"Feature","properties":{"ROL":"S/R","NOMBRE_CAMINO":"San Carlos - Pedregoso","CLASIFICACION":"Sin Información","CALZADA":"-","tmda":null},"geometry":{"type":"LineString","coordinates":[[-72.32597,-39.17577],[-72.32337,-39.16982],[-72.32347,-39.16528],[-72.32534,-39.1616]]}},{"id":"7131","type":"Feature","properties":{"ROL":"S/R","NOMBRE_CAMINO":"Chaura - Lumaco","CLASIFICACION":"Sin Información","CALZADA":"-","tmda":null},"geometry":{"type":"LineString","coordinates":[[-72.29137,-39.47342],[-72.29965,-39.47398],[-72.30741,-39.47257],[-72.3088,-39.47104],[-72.30814,-39.46583]]}},{"id":"7132","type":"Feature","properties":{"ROL":"S/R","NOMBRE_CAMINO":"Chesque Alto - Nalcahue","CLASIFICACION":"Sin Información","CALZADA":"-","tmda":null},"geometry":{"type":"LineString","coordinates":[[-72.19568,-39.38458],[-72.19349,-39.38282],[-72.18679,-39.38181],[-72.17004,-39.38216],[-72.13936,-39.38993],[-72.12991,-39.39621]]}},{"id":"7133","type":"Feature","properties":{"ROL":"S/R","NOMBRE_CAMINO":"Gorbea - Cerro Maulén","CLASIFICACION":"Sin Información","CALZADA":"-","tmda":501.0},"geometry":{"type":"LineString","coordinates":[[-72.69572,-39.1001],[-72.69988,-39.10298],[-72.70013,-39.10464],[-72.70203,-39.10374],[-72.7146,-39.10476],[-72.71651,-39.10977],[-72.71596,-39.1118],[-72.71788,-39.11165]]}},{"id":"7134","type":"Feature","properties":{"ROL":"R-722","NOMBRE_CAMINO":"Traiguén - Lumaco Por Renico","CLASIFICACION":"Sin Información","CALZADA":"-","tmda":null},"geometry":{"type":"LineString","coordinates":[[-72.80086,-38.19998],[-72.80983,-38.19876],[-72.81198,-38.20448],[-72.81851,-38.20498],[-72.83007,-38.20285],[-72.83657,-38.20462],[-72.84288,-38.20231],[-72.84426,-38.20408],[-72.84616,-38.20373],[-72.84918,-38.20741],[-72.85739,-38.20705],[-72.86725,-38.20383],[-72.8725,-38.20392],[-72.87502,-38.20259],[-72.87716,-38.19845],[-72.87614,-38.1909],[-72.87685,-38.18719],[-72.88343,-38.18497],[-72.88348,-38.18314],[-72.88874,-38.17855],[-72.88804,-38.17466],[-72.89464,-38.17114]]}},{"id":"7135","type":"Feature","properties":{"ROL":"S/R","NOMBRE_CAMINO":"Cruce S-92 -  Cerro Maulén","CLASIFICACION":"Sin Información","CALZADA":"-","tmda":501.0},"geometry":{"type":"LineString","coordinates":[[-72.67988,-39.11895],[-72.68852,-39.11595],[-72.68937,-39.11789],[-72.69649,-39.11799]]}},{"id":"7136","type":"Feature","properties":{"ROL":"S/R","NOMBRE_CAMINO":"Queule - Puchilco","CLASIFICACION":"Sin Información","CALZADA":"-","tmda":620.0},"geometry":{"type":"LineString","coordinates":[[-73.18346,-39.36887],[-73.18004,-39.36963],[-73.17502,-39.36745],[-73.17362,-39.36431],[-73.16823,-39.35916],[-73.16318,-39.35669],[-73.16283,-39.35366],[-73.15602,-39.34765]]}},{"id":"7137","type":"Feature","properties":{"ROL":"S/R","NOMBRE_CAMINO":"Liucura - Los Calabozos","CLASIFICACION":"Sin Información","CALZADA":"-","tmda":null},"geometry":{"type":"LineString","coordinates":[[-71.82718,-39.26029],[-71.82234,-39.25656],[-71.81096,-39.25213],[-71.8137,-39.24401]]}},{"id":"7138","type":"Feature","properties":{"ROL":"S/R","NOMBRE_CAMINO":"Liucura - Los Calabozos","CLASIFICACION":"Sin Información","CALZADA":"-","tmda":null},"geometry":{"type":"LineString","coordinates":[[-71.81558,-39.24147],[-71.81793,-39.24144],[-71.81923,-39.239],[-71.82364,-39.23773]]}},{"id":"7139","type":"Feature","properties":{"ROL":"S/R","NOMBRE_CAMINO":"Huife - Leficul","CLASIFICACION":"Sin Información","CALZADA":"-","tmda":null},"geometry":{"type":"LineString","coordinates":[[-71.7031,-39.20877],[-71.70058,-39.20738],[-71.69322,-39.20676],[-71.68749,-39.20308],[-71.68021,-39.20282],[-71.67361,-39.2008],[-71.6718,-39.19856],[-71.66776,-39.19677],[-71.66663,-39.19383]]}},{"id":"7140","type":"Feature","properties":{"ROL":"S/R","NOMBRE_CAMINO":"Hualpín - Isla Llicán","CLASIFICACION":"Sin Información","CALZADA":"-","tmda":164.0},"geometry":{"type":"LineString","coordinates":[[-73.17641,-39.08871],[-73.16816,-39.08844],[-73.15854,-39.07788],[-73.15092,-39.07317],[-73.14831,-39.0695],[-73.14424,-39.06672],[-73.14167,-39.06146],[-73.12729,-39.05366],[-73.12634,-39.04127],[-73.12006,-39.0365],[-73.11685,-39.02965],[-73.12491,-39.02648]]}},{"id":"7141","type":"Feature","properties":{"ROL":"S/R","NOMBRE_CAMINO":"Palo De Rueda - Empalme El Lingue","CLASIFICACION":"Sin Información","CALZADA":"-","tmda":null},"geometry":{"type":"LineString","coordinates":[[-73.08436,-38.18035],[-73.08068,-38.18481],[-73.07525,-38.18701],[-73.07536,-38.19042],[-73.07758,-38.19488],[-73.07688,-38.20021],[-73.0778,-38.20171],[-73.07573,-38.20701],[-73.07629,-38.21032],[-73.07395,-38.21139]]}},{"id":"7142","type":"Feature","properties":{"ROL":"S-536","NOMBRE_CAMINO":"El Manzano - El Descanso Cruce Ruta S-518","CLASIFICACION":"Sin Información","CALZADA":"-","tmda":null},"geometry":{"type":"LineString","coordinates":[[-72.95137,-38.83208],[-72.95506,-38.8351],[-72.95673,-38.83947],[-72.95474,-38.84679],[-72.9592,-38.85796],[-72.96257,-38.86122],[-72.96608,-38.86963],[-72.97024,-38.87335],[-72.9744,-38.8747],[-72.97654,-38.87782],[-72.97477,-38.88249],[-72.97659,-38.8873],[-72.98509,-38.89376],[-72.99605,-38.8959],[-73.00591,-38.90494],[-73.00716,-38.90779],[-73.00559,-38.91317],[-73.00711,-38.9169],[-73.00992,-38.91907],[-73.01386,-38.9201],[-73.01658,-38.91932],[-73.01806,-38.9207],[-73.01948,-38.92603],[-73.01638,-38.93222],[-73.01802,-38.93718],[-73.01726,-38.94094],[-73.0067,-38.94389]]}},{"id":"7143","type":"Feature","properties":{"ROL":"S-815","NOMBRE_CAMINO":"Chesque - Cruce Ruta S-791","CLASIFICACION":"Sin Información","CALZADA":"-","tmda":null},"geometry":{"type":"LineString","coordinates":[[-72.22416,-39.40927],[-72.23223,-39.41108],[-72.23913,-39.40981],[-72.24491,-39.4123],[-72.24669,-39.41686],[-72.2516,-39.41739],[-72.26076,-39.40035]]}},{"id":"7144","type":"Feature","properties":{"ROL":"S/R","NOMBRE_CAMINO":"Hualapulli - Las Lumas","CLASIFICACION":"Sin Información","CALZADA":"-","tmda":null},"geometry":{"type":"LineString","coordinates":[[-72.26052,-39.40001],[-72.26695,-39.39342],[-72.26633,-39.39082],[-72.26764,-39.38993],[-72.26783,-39.38741]]}},{"id":"7145","type":"Feature","properties":{"ROL":"S/R","NOMBRE_CAMINO":"El Diuco - Lastarrias","CLASIFICACION":"Sin Información","CALZADA":"-","tmda":501.0},"geometry":{"type":"LineString","coordinates":[[-72.58362,-39.20953],[-72.58614,-39.21071],[-72.58543,-39.21518],[-72.5865,-39.21795],[-72.58937,-39.21734],[-72.59657,-39.22011],[-72.59857,-39.22492],[-72.60353,-39.22384],[-72.60409,-39.22556],[-72.61104,-39.22711],[-72.61045,-39.22555],[-72.61279,-39.22536]]}},{"id":"7146","type":"Feature","properties":{"ROL":"S/R","NOMBRE_CAMINO":"Gorbea - Río Donguil","CLASIFICACION":"Sin Información","CALZADA":"-","tmda":501.0},"geometry":{"type":"LineString","coordinates":[[-72.68354,-39.09824],[-72.6845,-39.09537],[-72.68631,-39.09503],[-72.6857,-39.09209],[-72.6889,-39.09136],[-72.68771,-39.08699],[-72.69297,-39.08565],[-72.69583,-39.08234],[-72.69427,-39.07788],[-72.69623,-39.0763],[-72.69303,-39.06709],[-72.70524,-39.06413],[-72.70481,-39.05839]]}},{"id":"7147","type":"Feature","properties":{"ROL":"S/R","NOMBRE_CAMINO":"Cruce Ruta S-91 - Octava Faja","CLASIFICACION":"Sin Información","CALZADA":"-","tmda":501.0},"geometry":{"type":"LineString","coordinates":[[-72.40923,-39.2728],[-72.41054,-39.27665],[-72.40933,-39.2787],[-72.41173,-39.28029],[-72.41439,-39.28808]]}},{"id":"7148","type":"Feature","properties":{"ROL":"S/R","NOMBRE_CAMINO":"Curihue - Mahuida","CLASIFICACION":"Sin Información","CALZADA":"-","tmda":501.0},"geometry":{"type":"LineString","coordinates":[[-72.76698,-39.39006],[-72.77086,-39.3903],[-72.77135,-39.3913],[-72.77713,-39.38486],[-72.7802,-39.38458],[-72.78626,-39.3772],[-72.78866,-39.37678],[-72.78974,-39.37516],[-72.78913,-39.37292]]}},{"id":"7149","type":"Feature","properties":{"ROL":"S-734","NOMBRE_CAMINO":"Cruce Ruta S-70 - Villa Boldos - Colonia Caupolicán","CLASIFICACION":"Sin Información","CALZADA":"-","tmda":426.0},"geometry":{"type":"LineString","coordinates":[[-73.08378,-39.14612],[-73.07913,-39.14562],[-73.07507,-39.14868],[-73.06877,-39.14843],[-73.05015,-39.15504],[-73.03598,-39.16274],[-73.03368,-39.16272],[-73.02872,-39.15954],[-73.01988,-39.16347]]}},{"id":"7150","type":"Feature","properties":{"ROL":"S/R","NOMBRE_CAMINO":"Variante Pichiquepe - Huichicón","CLASIFICACION":"Sin Información","CALZADA":"-","tmda":899.0},"geometry":{"type":"LineString","coordinates":[[-72.60498,-38.85187],[-72.60426,-38.85021],[-72.59695,-38.8476],[-72.59401,-38.84855],[-72.59334,-38.85267]]}},{"id":"7151","type":"Feature","properties":{"ROL":"S/R","NOMBRE_CAMINO":"Ercilla - Nupangue","CLASIFICACION":"Sin Información","CALZADA":"-","tmda":null},"geometry":{"type":"LineString","coordinates":[[-72.42654,-38.06381],[-72.43254,-38.06289],[-72.44899,-38.05607],[-72.45253,-38.05581],[-72.4557,-38.05194],[-72.46854,-38.05084],[-72.47799,-38.04616],[-72.48964,-38.04736],[-72.49466,-38.04135],[-72.50844,-38.0354],[-72.5062,-38.04322],[-72.50851,-38.04818],[-72.50851,-38.05711],[-72.51066,-38.05927],[-72.51081,-38.06235]]}},{"id":"7152","type":"Feature","properties":{"ROL":"S/R","NOMBRE_CAMINO":"Santa María De Llaima - Alpehue","CLASIFICACION":"Sin Información","CALZADA":"-","tmda":null},"geometry":{"type":"LineString","coordinates":[[-71.73328,-38.86588],[-71.72985,-38.8676],[-71.71759,-38.86618],[-71.71146,-38.86702],[-71.69341,-38.8635]]}},{"id":"7153","type":"Feature","properties":{"ROL":"S/R","NOMBRE_CAMINO":"Colico - Santa Rosa Por El Poniente","CLASIFICACION":"Sin Información","CALZADA":"-","tmda":null},"geometry":{"type":"LineString","coordinates":[[-73.13989,-38.68847],[-73.13688,-38.68056],[-73.13538,-38.67964],[-73.13624,-38.67781],[-73.13399,-38.67527],[-73.13514,-38.67147],[-73.12863,-38.67257]]}},{"id":"7154","type":"Feature","properties":{"ROL":"S-648","NOMBRE_CAMINO":"Teodoro Schmidt - Balsa Pocoyán","CLASIFICACION":"Sin Información","CALZADA":"-","tmda":null},"geometry":{"type":"LineString","coordinates":[[-73.09075,-38.99942],[-73.08873,-39.00137],[-73.08941,-39.00472],[-73.08575,-39.00641],[-73.08519,-39.00892],[-73.08225,-39.01165],[-73.08616,-39.01338],[-73.08477,-39.01322]]}},{"id":"7155","type":"Feature","properties":{"ROL":"S/R","NOMBRE_CAMINO":"Cruz Blanca - Hualapulli","CLASIFICACION":"Sin Información","CALZADA":"-","tmda":null},"geometry":{"type":"LineString","coordinates":[[-72.24297,-39.37931],[-72.24739,-39.39822],[-72.24602,-39.39891]]}},{"id":"7156","type":"Feature","properties":{"ROL":"S/R","NOMBRE_CAMINO":"Quetroco - Rayenlafquén","CLASIFICACION":"Sin Información","CALZADA":"-","tmda":null},"geometry":{"type":"LineString","coordinates":[[-72.23695,-39.46254],[-72.23662,-39.46586],[-72.23343,-39.46893],[-72.23474,-39.47357],[-72.22993,-39.48337],[-72.23082,-39.48666],[-72.22936,-39.4886],[-72.23102,-39.49146],[-72.22714,-39.49365],[-72.22735,-39.50085]]}},{"id":"7157","type":"Feature","properties":{"ROL":"S/R","NOMBRE_CAMINO":"Santa Julia - Vallejos","CLASIFICACION":"Sin Información","CALZADA":"-","tmda":null},"geometry":{"type":"LineString","coordinates":[[-72.09074,-39.30193],[-72.09607,-39.31812]]}},{"id":"7158","type":"Feature","properties":{"ROL":"S/R","NOMBRE_CAMINO":"Pichipellahuen - Esquilluco Por El Alto","CLASIFICACION":"Sin Información","CALZADA":"-","tmda":null},"geometry":{"type":"LineString","coordinates":[[-73.08197,-38.37667],[-73.07852,-38.37577],[-73.07693,-38.37335],[-73.0755,-38.37377],[-73.0753,-38.37121],[-73.06155,-38.37399]]}},{"id":"7159","type":"Feature","properties":{"ROL":"S/R","NOMBRE_CAMINO":"Boldito - Séptima Faja","CLASIFICACION":"Sin Información","CALZADA":"-","tmda":501.0},"geometry":{"type":"LineString","coordinates":[[-72.44478,-39.24305],[-72.43747,-39.22451],[-72.4384,-39.22088],[-72.43326,-39.20826]]}},{"id":"7160","type":"Feature","properties":{"ROL":"S/R","NOMBRE_CAMINO":"Variante Quiñanao","CLASIFICACION":"Sin Información","CALZADA":"-","tmda":null},"geometry":{"type":"LineString","coordinates":[[-72.36665,-39.22447],[-72.36307,-39.21452],[-72.36028,-39.21247],[-72.35823,-39.20707]]}},{"id":"7161","type":"Feature","properties":{"ROL":"S-701","NOMBRE_CAMINO":"Septima Faja","CLASIFICACION":"Sin Información","CALZADA":"-","tmda":null},"geometry":{"type":"LineString","coordinates":[[-72.36067,-39.26587],[-72.36105,-39.26207],[-72.45012,-39.24205],[-72.47787,-39.23501],[-72.47936,-39.23336],[-72.4864,-39.23452],[-72.4926,-39.25026]]}},{"id":"7162","type":"Feature","properties":{"ROL":"S/R","NOMBRE_CAMINO":"Cruce S-91 - Posta Poligue","CLASIFICACION":"Sin Información","CALZADA":"-","tmda":501.0},"geometry":{"type":"LineString","coordinates":[[-72.43172,-39.27813],[-72.43299,-39.27529],[-72.42914,-39.26422]]}},{"id":"7163","type":"Feature","properties":{"ROL":"S/R","NOMBRE_CAMINO":"Painemal - Rucapangue","CLASIFICACION":"Sin Información","CALZADA":"-","tmda":null},"geometry":{"type":"LineString","coordinates":[[-72.85314,-38.64462],[-72.84833,-38.65201],[-72.84708,-38.65683],[-72.83904,-38.66109],[-72.83073,-38.67167],[-72.82998,-38.67818],[-72.83528,-38.68697]]}},{"id":"7164","type":"Feature","properties":{"ROL":"S/R","NOMBRE_CAMINO":"Krause - Candelaria","CLASIFICACION":"Sin Información","CALZADA":"-","tmda":null},"geometry":{"type":"LineString","coordinates":[[-72.01155,-39.29488],[-72.01047,-39.29669],[-72.01576,-39.30666],[-72.01468,-39.31031],[-72.01641,-39.31272],[-72.01355,-39.3158],[-72.01002,-39.31681],[-72.01094,-39.32023],[-72.00833,-39.32301]]}},{"id":"7165","type":"Feature","properties":{"ROL":"S/R","NOMBRE_CAMINO":"Pidencahuín - Pailacoyán","CLASIFICACION":"Sin Información","CALZADA":"-","tmda":null},"geometry":{"type":"LineString","coordinates":[[-73.24332,-38.78907],[-73.23804,-38.79291],[-73.22869,-38.79476],[-73.22392,-38.79315],[-73.22443,-38.79206],[-73.22244,-38.79033],[-73.21754,-38.79225],[-73.20838,-38.79208],[-73.20375,-38.78915],[-73.19753,-38.78735]]}},{"id":"7166","type":"Feature","properties":{"ROL":"S/R","NOMBRE_CAMINO":"Piedra Huacha - Llancahuito","CLASIFICACION":"Sin Información","CALZADA":"-","tmda":null},"geometry":{"type":"LineString","coordinates":[[-72.96899,-38.79134],[-72.97164,-38.79082],[-72.97964,-38.79341],[-72.9918,-38.79315],[-72.99616,-38.79473],[-73.00628,-38.79296]]}},{"id":"7167","type":"Feature","properties":{"ROL":"S-695","NOMBRE_CAMINO":"Lillo - El Sueño Por Matadero","CLASIFICACION":"Sin Información","CALZADA":"-","tmda":null},"geometry":{"type":"LineString","coordinates":[[-72.21735,-39.25467],[-72.23685,-39.24998]]}},{"id":"7168","type":"Feature","properties":{"ROL":"S/R","NOMBRE_CAMINO":"Cruce Ruta 5 - Ercilla (acceso Norte)","CLASIFICACION":"Sin Información","CALZADA":"-","tmda":null},"geometry":{"type":"LineString","coordinates":[[-72.38609,-38.05603],[-72.38024,-38.05549],[-72.37576,-38.05833],[-72.37514,-38.06012]]}},{"id":"7169","type":"Feature","properties":{"ROL":"S/R","NOMBRE_CAMINO":"Los Sauces - Loncovaca","CLASIFICACION":"Sin Información","CALZADA":"-","tmda":null},"geometry":{"type":"LineString","coordinates":[[-72.30215,-39.21111],[-72.2987,-39.20161],[-72.28746,-39.20323]]}},{"id":"7170","type":"Feature","properties":{"ROL":"S/R","NOMBRE_CAMINO":"Ñancul - Paillalef","CLASIFICACION":"Sin Información","CALZADA":"-","tmda":null},"geometry":{"type":"LineString","coordinates":[[-72.29918,-39.27559],[-72.30416,-39.27043],[-72.30345,-39.26469],[-72.3047,-39.26361],[-72.30212,-39.26179],[-72.3017,-39.25998],[-72.30438,-39.25939]]}},{"id":"7171","type":"Feature","properties":{"ROL":"S/R","NOMBRE_CAMINO":"Variante Renico","CLASIFICACION":"Sin Información","CALZADA":"-","tmda":null},"geometry":{"type":"LineString","coordinates":[[-72.92848,-38.28123],[-72.92554,-38.28232],[-72.918,-38.29041]]}},{"id":"7172","type":"Feature","properties":{"ROL":"R-742","NOMBRE_CAMINO":"Huinilhue - Fundo Nancahue - Didaico","CLASIFICACION":"Sin Información","CALZADA":"-","tmda":null},"geometry":{"type":"LineString","coordinates":[[-72.88198,-38.34018],[-72.88463,-38.34712],[-72.88689,-38.34892],[-72.88968,-38.34226],[-72.89381,-38.3393],[-72.89424,-38.33437],[-72.89603,-38.33203],[-72.88321,-38.32637],[-72.88271,-38.32477],[-72.88631,-38.31942],[-72.88509,-38.31454],[-72.88727,-38.31364],[-72.898,-38.31607],[-72.89744,-38.30939],[-72.88929,-38.30758],[-72.88633,-38.30472],[-72.88777,-38.30376],[-72.886,-38.29963]]}},{"id":"7173","type":"Feature","properties":{"ROL":"S/R","NOMBRE_CAMINO":"Variante Inoco","CLASIFICACION":"Sin Información","CALZADA":"-","tmda":899.0},"geometry":{"type":"LineString","coordinates":[[-72.60924,-39.0355],[-72.63513,-39.02981],[-72.64056,-39.04649]]}},{"id":"7174","type":"Feature","properties":{"ROL":"S/R","NOMBRE_CAMINO":"Pocoyán - Santa Amelita","CLASIFICACION":"Sin Información","CALZADA":"-","tmda":164.0},"geometry":{"type":"LineString","coordinates":[[-72.99756,-39.05472],[-73.00098,-39.05547],[-73.00328,-39.05284],[-73.00586,-39.05295],[-73.00712,-39.05148],[-73.00847,-39.05212],[-73.00878,-39.05053],[-73.01415,-39.05048],[-73.01865,-39.05271],[-73.01876,-39.05126],[-73.02028,-39.05191],[-73.02221,-39.04982]]}},{"id":"7175","type":"Feature","properties":{"ROL":"S/R","NOMBRE_CAMINO":"Llafenco - Los Nevados","CLASIFICACION":"Sin Información","CALZADA":"-","tmda":null},"geometry":{"type":"LineString","coordinates":[[-71.83445,-39.32676],[-71.83757,-39.32744],[-71.84017,-39.33621],[-71.83857,-39.33779],[-71.83696,-39.34441],[-71.83196,-39.346],[-71.83112,-39.34808],[-71.8276,-39.35046],[-71.82651,-39.356],[-71.82757,-39.35877]]}},{"id":"7176","type":"Feature","properties":{"ROL":"S/R","NOMBRE_CAMINO":"Molco - Quilaco","CLASIFICACION":"Sin Información","CALZADA":"-","tmda":null},"geometry":{"type":"LineString","coordinates":[[-72.64865,-38.39901],[-72.62981,-38.4007],[-72.62574,-38.40926]]}},{"id":"7177","type":"Feature","properties":{"ROL":"S-548","NOMBRE_CAMINO":"Huidima - Neicuf","CLASIFICACION":"Sin Información","CALZADA":"-","tmda":null},"geometry":{"type":"LineString","coordinates":[[-72.91824,-38.91526],[-72.91958,-38.91838],[-72.93138,-38.92176],[-72.93472,-38.92771],[-72.93627,-38.92748],[-72.94158,-38.9331],[-72.94954,-38.93522],[-72.95761,-38.9404],[-72.97164,-38.9404],[-72.973,-38.94154],[-72.98273,-38.9391],[-72.98757,-38.94122],[-72.99026,-38.94692],[-72.99767,-38.94854],[-73.00233,-38.95131]]}},{"id":"7178","type":"Feature","properties":{"ROL":"S/R","NOMBRE_CAMINO":"Monte Verde - Chivilcán","CLASIFICACION":"Sin Información","CALZADA":"-","tmda":899.0},"geometry":{"type":"LineString","coordinates":[[-72.5989,-38.7106],[-72.6097,-38.70837],[-72.60931,-38.70443],[-72.6077,-38.70223],[-72.61041,-38.69291],[-72.60821,-38.68765],[-72.60873,-38.68594],[-72.60709,-38.68452]]}},{"id":"7179","type":"Feature","properties":{"ROL":"S-533","NOMBRE_CAMINO":"Cruce Ruta S-51 - Curacalco","CLASIFICACION":"Sin Información","CALZADA":"-","tmda":343.0},"geometry":{"type":"LineString","coordinates":[[-71.93345,-38.91357],[-71.92932,-38.91522],[-71.91789,-38.91429],[-71.90797,-38.91769],[-71.90809,-38.92189],[-71.90346,-38.92895],[-71.89962,-38.93188],[-71.88882,-38.93543],[-71.87862,-38.93555],[-71.87308,-38.93932],[-71.87309,-38.94438],[-71.86745,-38.94589],[-71.85905,-38.94514],[-71.84996,-38.94178],[-71.83763,-38.9321],[-71.83726,-38.92958],[-71.8277,-38.92764],[-71.8165,-38.93073],[-71.81511,-38.92985],[-71.81553,-38.92699]]}},{"id":"7180","type":"Feature","properties":{"ROL":"S/R","NOMBRE_CAMINO":"Cruce Longitudinal - El Prado","CLASIFICACION":"Sin Información","CALZADA":"-","tmda":501.0},"geometry":{"type":"LineString","coordinates":[[-72.56178,-39.25221],[-72.55923,-39.24975],[-72.54523,-39.24483],[-72.54354,-39.24118]]}},{"id":"7181","type":"Feature","properties":{"ROL":"R-560","NOMBRE_CAMINO":"Ercilla - Victoria Por Fundo El Cielo","CLASIFICACION":"Sin Información","CALZADA":"-","tmda":null},"geometry":{"type":"LineString","coordinates":[[-72.37883,-38.06724],[-72.38545,-38.06969],[-72.38594,-38.07403],[-72.39905,-38.08402],[-72.40109,-38.08883],[-72.40538,-38.0922],[-72.40465,-38.09464],[-72.39679,-38.10214],[-72.39871,-38.10649],[-72.39757,-38.11061],[-72.40388,-38.1159],[-72.40368,-38.12411],[-72.40254,-38.1279],[-72.4001,-38.12878],[-72.39872,-38.13107],[-72.40067,-38.13371],[-72.39767,-38.13797],[-72.39676,-38.1433],[-72.39813,-38.14762],[-72.39719,-38.14978],[-72.39781,-38.15499],[-72.40509,-38.17147],[-72.40548,-38.18508],[-72.39795,-38.19036],[-72.39314,-38.19083],[-72.39273,-38.19453],[-72.38788,-38.19656],[-72.38423,-38.19995],[-72.36753,-38.20618],[-72.36291,-38.21731],[-72.36289,-38.22197],[-72.3553,-38.22221],[-72.34784,-38.22511]]}},{"id":"7182","type":"Feature","properties":{"ROL":"S/R","NOMBRE_CAMINO":"Cajón - Pumalal","CLASIFICACION":"Sin Información","CALZADA":"-","tmda":899.0},"geometry":{"type":"LineString","coordinates":[[-72.51846,-38.67793],[-72.51648,-38.67989],[-72.51593,-38.68381],[-72.51242,-38.68503]]}},{"id":"7183","type":"Feature","properties":{"ROL":"S/R","NOMBRE_CAMINO":"Pichipellahuén - Balsa Rapanilahue","CLASIFICACION":"Sin Información","CALZADA":"-","tmda":null},"geometry":{"type":"LineString","coordinates":[[-73.00279,-38.33711],[-73.00416,-38.33851],[-73.00277,-38.33901],[-73.00204,-38.34176]]}},{"id":"7184","type":"Feature","properties":{"ROL":"S/R","NOMBRE_CAMINO":"Acceso A Balsa Faja Maisan","CLASIFICACION":"Sin Información","CALZADA":"-","tmda":164.0},"geometry":{"type":"LineString","coordinates":[[-72.90107,-39.00373],[-72.90877,-39.02331]]}},{"id":"7185","type":"Feature","properties":{"ROL":"S/R","NOMBRE_CAMINO":"Séptima Faja - El Mirador","CLASIFICACION":"Sin Información","CALZADA":"-","tmda":501.0},"geometry":{"type":"LineString","coordinates":[[-72.66668,-39.18904],[-72.66191,-39.19121]]}},{"id":"7186","type":"Feature","properties":{"ROL":"S/R","NOMBRE_CAMINO":"Las Lumas - Boquipulli","CLASIFICACION":"Sin Información","CALZADA":"-","tmda":null},"geometry":{"type":"LineString","coordinates":[[-72.34917,-39.31759],[-72.3438,-39.31888],[-72.34006,-39.32198],[-72.32805,-39.32469]]}},{"id":"7187","type":"Feature","properties":{"ROL":"S/R","NOMBRE_CAMINO":"Emulpan - Pumahue - Huiñoco","CLASIFICACION":"Sin Información","CALZADA":"-","tmda":null},"geometry":{"type":"LineString","coordinates":[[-72.49851,-39.38418],[-72.50112,-39.39131],[-72.50001,-39.39678],[-72.49326,-39.3975],[-72.48927,-39.40658],[-72.48703,-39.4082],[-72.47893,-39.4104],[-72.47259,-39.41366],[-72.46782,-39.41224],[-72.45288,-39.4148],[-72.45035,-39.41311]]}},{"id":"7188","type":"Feature","properties":{"ROL":"S/R","NOMBRE_CAMINO":"Colga - Séptima Faja","CLASIFICACION":"Sin Información","CALZADA":"-","tmda":501.0},"geometry":{"type":"LineString","coordinates":[[-72.3898,-39.21884],[-72.39575,-39.23961],[-72.40154,-39.25304]]}},{"id":"7189","type":"Feature","properties":{"ROL":"S/R","NOMBRE_CAMINO":"Paillaco - Renahue","CLASIFICACION":"Sin Información","CALZADA":"-","tmda":null},"geometry":{"type":"LineString","coordinates":[[-71.76319,-39.16384],[-71.75842,-39.134]]}},{"id":"7190","type":"Feature","properties":{"ROL":"S/R","NOMBRE_CAMINO":"Acceso Oriente A  Loncoche","CLASIFICACION":"Sin Información","CALZADA":"-","tmda":501.0},"geometry":{"type":"LineString","coordinates":[[-72.60497,-39.36366],[-72.61157,-39.36575],[-72.61521,-39.36913],[-72.62059,-39.36995]]}},{"id":"7191","type":"Feature","properties":{"ROL":"S/R","NOMBRE_CAMINO":"El Donguil - Afquintué","CLASIFICACION":"Sin Información","CALZADA":"-","tmda":501.0},"geometry":{"type":"LineString","coordinates":[[-72.56873,-39.27238],[-72.57219,-39.27779],[-72.57562,-39.27981],[-72.57517,-39.28152],[-72.57912,-39.28312],[-72.57966,-39.2865],[-72.58178,-39.2877],[-72.58355,-39.2914],[-72.58776,-39.29223],[-72.59067,-39.30009],[-72.59371,-39.30197],[-72.603,-39.30315]]}},{"id":"7192","type":"Feature","properties":{"ROL":"S/R","NOMBRE_CAMINO":"Los Nevados - El Volcán","CLASIFICACION":"Sin Información","CALZADA":"-","tmda":null},"geometry":{"type":"LineString","coordinates":[[-71.82757,-39.3588],[-71.84273,-39.36606],[-71.84556,-39.36902],[-71.84722,-39.36816],[-71.85167,-39.37075],[-71.85221,-39.37536],[-71.85639,-39.37855]]}},{"id":"7193","type":"Feature","properties":{"ROL":"S/R","NOMBRE_CAMINO":"Cruce S-46 - Posta Puyehue","CLASIFICACION":"Sin Información","CALZADA":"-","tmda":null},"geometry":{"type":"LineString","coordinates":[[-73.26108,-39.05999],[-73.26851,-39.06136],[-73.26793,-39.05831],[-73.27278,-39.0566]]}},{"id":"7194","type":"Feature","properties":{"ROL":"S/R","NOMBRE_CAMINO":"Cuesta Antigua De Malleco","CLASIFICACION":"Sin Información","CALZADA":"-","tmda":null},"geometry":{"type":"LineString","coordinates":[[-72.4356,-37.96464],[-72.43814,-37.96768],[-72.43885,-37.96679],[-72.44024,-37.96833],[-72.44148,-37.96796],[-72.44099,-37.96948]]}},{"id":"7195","type":"Feature","properties":{"ROL":"S/R","NOMBRE_CAMINO":"Renaico - Coipuco","CLASIFICACION":"Sin Información","CALZADA":"-","tmda":null},"geometry":{"type":"LineString","coordinates":[[-73.11234,-38.77735],[-73.10917,-38.77035],[-73.11134,-38.76682],[-73.11454,-38.76704],[-73.11729,-38.76511]]}},{"id":"7196","type":"Feature","properties":{"ROL":"S/R","NOMBRE_CAMINO":"Fintucué - Los Boldos","CLASIFICACION":"Sin Información","CALZADA":"-","tmda":164.0},"geometry":{"type":"LineString","coordinates":[[-73.14613,-39.09164],[-73.13489,-39.10265],[-73.13389,-39.10532],[-73.12311,-39.11395],[-73.10513,-39.12421],[-73.10182,-39.12989],[-73.09346,-39.13856],[-73.08321,-39.14021]]}},{"id":"7197","type":"Feature","properties":{"ROL":"S/R","NOMBRE_CAMINO":"Cerros Comuy - Balsa Pocoyán","CLASIFICACION":"Sin Información","CALZADA":"-","tmda":164.0},"geometry":{"type":"LineString","coordinates":[[-73.08035,-39.04203],[-73.07884,-39.04007],[-73.07976,-39.03637],[-73.07676,-39.02932],[-73.07958,-39.02525],[-73.07948,-39.02194],[-73.08242,-39.02071],[-73.08311,-39.01457]]}},{"id":"7198","type":"Feature","properties":{"ROL":"S/R","NOMBRE_CAMINO":"Puente Liucura - Fundo El Carmen","CLASIFICACION":"Sin Información","CALZADA":"-","tmda":null},"geometry":{"type":"LineString","coordinates":[[-73.30223,-38.34939],[-73.30183,-38.35377],[-73.30329,-38.35358],[-73.30082,-38.35514],[-73.30303,-38.35736],[-73.30453,-38.35704],[-73.30572,-38.35919],[-73.3036,-38.35853],[-73.30473,-38.35994],[-73.30321,-38.36341],[-73.30622,-38.3634],[-73.30654,-38.36441],[-73.30351,-38.36522],[-73.30377,-38.3662],[-73.30756,-38.36684],[-73.31066,-38.36897],[-73.30956,-38.37089],[-73.30155,-38.37259],[-73.30839,-38.37605],[-73.30951,-38.37982],[-73.30889,-38.38175],[-73.30497,-38.38435],[-73.30318,-38.38873],[-73.30315,-38.39326],[-73.30709,-38.40188],[-73.3128,-38.40535]]}},{"id":"7199","type":"Feature","properties":{"ROL":"S/R","NOMBRE_CAMINO":"Piedra Cortada - Fundo Buenos Aires","CLASIFICACION":"Sin Información","CALZADA":"-","tmda":null},"geometry":{"type":"LineString","coordinates":[[-71.60658,-38.46523],[-71.60416,-38.45822],[-71.60124,-38.45457],[-71.60302,-38.45425],[-71.60532,-38.44983],[-71.60461,-38.44932]]}},{"id":"7200","type":"Feature","properties":{"ROL":"S/R","NOMBRE_CAMINO":"Rapuhue - Worpall Rucapangue","CLASIFICACION":"Sin Información","CALZADA":"-","tmda":null},"geometry":{"type":"LineString","coordinates":[[-72.85816,-38.689],[-72.8474,-38.69399],[-72.84849,-38.69956],[-72.83832,-38.70257],[-72.837,-38.70585],[-72.83126,-38.70636],[-72.82124,-38.69985],[-72.81844,-38.69951]]}},{"id":"7201","type":"Feature","properties":{"ROL":"S/R","NOMBRE_CAMINO":"El Lingue - Chesque Alto","CLASIFICACION":"Sin Información","CALZADA":"-","tmda":null},"geometry":{"type":"LineString","coordinates":[[-72.22308,-39.382],[-72.21511,-39.38345],[-72.20998,-39.38653],[-72.20821,-39.38537],[-72.20409,-39.38626],[-72.19933,-39.38433],[-72.19568,-39.38458],[-72.18354,-39.39296],[-72.1724,-39.39619],[-72.16445,-39.4028],[-72.16224,-39.40333],[-72.15834,-39.40871],[-72.14994,-39.40964],[-72.14226,-39.41441]]}},{"id":"7202","type":"Feature","properties":{"ROL":"S-863","NOMBRE_CAMINO":"Molco - Huincacara - El Pirao","CLASIFICACION":"Sin Información","CALZADA":"-","tmda":880.0},"geometry":{"type":"LineString","coordinates":[[-72.08615,-39.33326],[-72.08887,-39.34166],[-72.07282,-39.34928],[-72.06623,-39.35475],[-72.06823,-39.36386],[-72.06745,-39.36885],[-72.06526,-39.37143],[-72.06818,-39.37984],[-72.07546,-39.3946],[-72.08228,-39.39335]]}},{"id":"7203","type":"Feature","properties":{"ROL":"S/R","NOMBRE_CAMINO":"Cudico - Pino Huacho","CLASIFICACION":"Sin Información","CALZADA":"-","tmda":null},"geometry":{"type":"LineString","coordinates":[[-72.20403,-39.41867],[-72.16664,-39.42722],[-72.16751,-39.43055],[-72.16402,-39.43534],[-72.14881,-39.439],[-72.12245,-39.4372],[-72.09686,-39.44287],[-72.09011,-39.43861],[-72.0767,-39.43982],[-72.07287,-39.44127],[-72.0743,-39.44219],[-72.0734,-39.45055],[-72.07534,-39.4523],[-72.07325,-39.45786]]}},{"id":"7204","type":"Feature","properties":{"ROL":"S/R","NOMBRE_CAMINO":"Cruce Ruta R-560 - Reducción Temucuicui","CLASIFICACION":"Sin Información","CALZADA":"-","tmda":null},"geometry":{"type":"LineString","coordinates":[[-72.38948,-38.07648],[-72.39394,-38.07665],[-72.40085,-38.08063],[-72.41144,-38.08006],[-72.42532,-38.0852],[-72.43065,-38.08587],[-72.43419,-38.0913],[-72.43413,-38.09395],[-72.42977,-38.09435],[-72.4191,-38.10047],[-72.41353,-38.10727],[-72.4096,-38.10731],[-72.40507,-38.11122],[-72.39951,-38.11253]]}},{"id":"7205","type":"Feature","properties":{"ROL":"R-561","NOMBRE_CAMINO":"Acceso A Victoria Por El Ejercito","CLASIFICACION":"Sin Información","CALZADA":"-","tmda":null},"geometry":{"type":"LineString","coordinates":[[-72.34758,-38.2253],[-72.3397,-38.22724],[-72.33938,-38.22821]]}},{"id":"7206","type":"Feature","properties":{"ROL":"S/R","NOMBRE_CAMINO":"Catripulli - Santa Elena","CLASIFICACION":"Sin Información","CALZADA":"-","tmda":null},"geometry":{"type":"LineString","coordinates":[[-71.69756,-39.34994],[-71.69838,-39.35657],[-71.69457,-39.36043],[-71.68658,-39.36207],[-71.66991,-39.3699]]}},{"id":"7207","type":"Feature","properties":{"ROL":"S/R","NOMBRE_CAMINO":"Huiscapi - El Parque","CLASIFICACION":"Sin Información","CALZADA":"-","tmda":501.0},"geometry":{"type":"LineString","coordinates":[[-72.41042,-39.29579],[-72.41772,-39.2997],[-72.42072,-39.3038],[-72.42734,-39.30334],[-72.43304,-39.30687],[-72.43725,-39.30622],[-72.43887,-39.30433]]}},{"id":"7208","type":"Feature","properties":{"ROL":"S/R","NOMBRE_CAMINO":"Trafanpulli - Puerto Montecarlo","CLASIFICACION":"Sin Información","CALZADA":"-","tmda":null},"geometry":{"type":"LineString","coordinates":[[-71.85793,-39.08902],[-71.86298,-39.09639],[-71.86929,-39.09973],[-71.86996,-39.10576],[-71.87373,-39.10951],[-71.89061,-39.11378],[-71.89213,-39.11553],[-71.89705,-39.11652],[-71.89878,-39.11951],[-71.90369,-39.11785],[-71.91062,-39.11865]]}},{"id":"7209","type":"Feature","properties":{"ROL":"S-228","NOMBRE_CAMINO":"Catrianchi - Chivilcoyán - Cruce S-198","CLASIFICACION":"Sin Información","CALZADA":"-","tmda":null},"geometry":{"type":"LineString","coordinates":[[-72.93315,-38.58798],[-72.93635,-38.59012],[-72.94464,-38.59107],[-72.94529,-38.59521],[-72.94664,-38.59542],[-72.94514,-38.59775],[-72.94695,-38.60472],[-72.9498,-38.60662]]}},{"id":"7210","type":"Feature","properties":{"ROL":"S-749","NOMBRE_CAMINO":"Huiscapi - Vega De Lessio","CLASIFICACION":"Sin Información","CALZADA":"-","tmda":null},"geometry":{"type":"LineString","coordinates":[[-72.35102,-39.30133],[-72.35248,-39.30649],[-72.34939,-39.30804],[-72.35082,-39.31472],[-72.34917,-39.31772],[-72.35051,-39.31964],[-72.35112,-39.32729],[-72.35262,-39.32952],[-72.34451,-39.33799],[-72.34701,-39.34589],[-72.3456,-39.34702],[-72.35024,-39.35519],[-72.35626,-39.35949],[-72.3601,-39.36869]]}},{"id":"7211","type":"Feature","properties":{"ROL":"S/R","NOMBRE_CAMINO":"Variante Collico Cinco","CLASIFICACION":"Sin Información","CALZADA":"-","tmda":164.0},"geometry":{"type":"LineString","coordinates":[[-73.14408,-39.16598],[-73.13297,-39.15341],[-73.13256,-39.1489]]}},{"id":"7212","type":"Feature","properties":{"ROL":"S/R","NOMBRE_CAMINO":"Boroa - Laurel Boroa","CLASIFICACION":"Sin Información","CALZADA":"-","tmda":899.0},"geometry":{"type":"LineString","coordinates":[[-72.8579,-38.82395],[-72.85232,-38.83941],[-72.84974,-38.84237],[-72.84969,-38.84489]]}},{"id":"7213","type":"Feature","properties":{"ROL":"S/R","NOMBRE_CAMINO":"Posta Miramar - El Ciprés","CLASIFICACION":"Sin Información","CALZADA":"-","tmda":null},"geometry":{"type":"LineString","coordinates":[[-73.07687,-38.59913],[-73.0772,-38.60036],[-73.08095,-38.60155],[-73.0865,-38.59945],[-73.08902,-38.6026],[-73.09143,-38.59941],[-73.09704,-38.59808]]}},{"id":"7214","type":"Feature","properties":{"ROL":"R-800","NOMBRE_CAMINO":"Tricauco - Victoria Por La Colonia","CLASIFICACION":"Sin Información","CALZADA":"-","tmda":null},"geometry":{"type":"LineString","coordinates":[[-72.56906,-38.29147],[-72.55253,-38.2872],[-72.54658,-38.28875],[-72.54639,-38.29326],[-72.54181,-38.29447],[-72.53169,-38.29631],[-72.51524,-38.29556],[-72.50471,-38.29319],[-72.48637,-38.28509],[-72.46959,-38.28052],[-72.4578,-38.27112],[-72.419,-38.27148],[-72.39807,-38.27669]]}},{"id":"7215","type":"Feature","properties":{"ROL":"S-881","NOMBRE_CAMINO":"Candelaria - Correntoso","CLASIFICACION":"Sin Información","CALZADA":"-","tmda":null},"geometry":{"type":"LineString","coordinates":[[-71.98233,-39.31135],[-72.0361,-39.33542]]}},{"id":"7216","type":"Feature","properties":{"ROL":"S-664","NOMBRE_CAMINO":"Quinque - Santa Amelita","CLASIFICACION":"Sin Información","CALZADA":"-","tmda":null},"geometry":{"type":"LineString","coordinates":[[-72.96734,-39.07991],[-72.97531,-39.07883],[-72.97725,-39.08137],[-72.98825,-39.07705],[-72.98697,-39.07119],[-72.98495,-39.06762],[-72.98124,-39.06476],[-72.97873,-39.05827],[-72.97971,-39.05477],[-72.98892,-39.04951]]}},{"id":"7217","type":"Feature","properties":{"ROL":"R-869","NOMBRE_CAMINO":"San Francisco - Puente Negro Por Pehuenco","CLASIFICACION":"Sin Información","CALZADA":"-","tmda":56.0},"geometry":{"type":"LineString","coordinates":[[-71.9838,-38.33012],[-71.98695,-38.33927],[-71.99529,-38.34006],[-72.00042,-38.34207],[-72.00691,-38.34045],[-72.01228,-38.34124],[-72.02928,-38.34866],[-72.04198,-38.35609],[-72.05685,-38.35992],[-72.06094,-38.36406],[-72.06711,-38.36188],[-72.08087,-38.36052],[-72.08588,-38.35804],[-72.0887,-38.35845]]}},{"id":"7218","type":"Feature","properties":{"ROL":"S-870","NOMBRE_CAMINO":"Lastarria - Pidenco - María Nieves","CLASIFICACION":"Sin Información","CALZADA":"-","tmda":null},"geometry":{"type":"LineString","coordinates":[[-72.6787,-39.24093],[-72.68645,-39.24438],[-72.69522,-39.24544],[-72.70046,-39.24744],[-72.71372,-39.25441],[-72.7189,-39.25594],[-72.72559,-39.25539],[-72.73086,-39.25813],[-72.7328,-39.25796],[-72.73656,-39.26059],[-72.73469,-39.26232],[-72.73599,-39.26479],[-72.74486,-39.26581],[-72.74735,-39.26855],[-72.75205,-39.27004],[-72.75585,-39.27302],[-72.75865,-39.27327],[-72.7602,-39.27703],[-72.75914,-39.27825],[-72.76187,-39.27882],[-72.76793,-39.28381],[-72.77582,-39.28517],[-72.77565,-39.28329],[-72.77751,-39.28252],[-72.78849,-39.2838],[-72.79083,-39.28481],[-72.78972,-39.28697],[-72.79095,-39.28997],[-72.79687,-39.2913],[-72.80118,-39.29069],[-72.80297,-39.29375],[-72.80719,-39.29703]]}},{"id":"7219","type":"Feature","properties":{"ROL":"S/R","NOMBRE_CAMINO":"Huife - Llancalil","CLASIFICACION":"Sin Información","CALZADA":"-","tmda":null},"geometry":{"type":"LineString","coordinates":[[-71.6511,-39.22759],[-71.64783,-39.23388],[-71.64078,-39.23521],[-71.63673,-39.23253],[-71.62465,-39.23114],[-71.61845,-39.22876],[-71.60381,-39.23061],[-71.59315,-39.22947],[-71.58766,-39.22628],[-71.57572,-39.22584],[-71.56014,-39.22143],[-71.55507,-39.21644],[-71.54735,-39.21601],[-71.54152,-39.214],[-71.53966,-39.20946],[-71.53281,-39.20042]]}},{"id":"7220","type":"Feature","properties":{"ROL":"S/R","NOMBRE_CAMINO":"Variante En Lago Caburga","CLASIFICACION":"Sin Información","CALZADA":"-","tmda":null},"geometry":{"type":"LineString","coordinates":[[-71.76007,-39.14275],[-71.75544,-39.14146],[-71.75711,-39.14069],[-71.75526,-39.13705],[-71.75478,-39.13998],[-71.75432,-39.13926]]}},{"id":"7221","type":"Feature","properties":{"ROL":"S/R","NOMBRE_CAMINO":"Palguín Bajo - Loncofilo","CLASIFICACION":"Sin Información","CALZADA":"-","tmda":null},"geometry":{"type":"LineString","coordinates":[[-71.74989,-39.33847],[-71.75609,-39.35685],[-71.7497,-39.35774],[-71.74457,-39.36082],[-71.73563,-39.3613],[-71.7248,-39.36642],[-71.72138,-39.36616]]}},{"id":"7222","type":"Feature","properties":{"ROL":"R-573","NOMBRE_CAMINO":"Faja San Juan","CLASIFICACION":"Sin Información","CALZADA":"-","tmda":88.0},"geometry":{"type":"LineString","coordinates":[[-72.10266,-38.21287],[-72.094,-38.19294],[-72.09065,-38.18024]]}},{"id":"7223","type":"Feature","properties":{"ROL":"R-575","NOMBRE_CAMINO":"Victoria - Inspector Fernández Por Cerro Antiguo","CLASIFICACION":"Sin Información","CALZADA":"-","tmda":null},"geometry":{"type":"LineString","coordinates":[[-72.32132,-38.22227],[-72.31919,-38.22167],[-72.31737,-38.21876],[-72.31807,-38.21686],[-72.31685,-38.21759],[-72.31597,-38.216],[-72.31324,-38.19856]]}},{"id":"7224","type":"Feature","properties":{"ROL":"S/R","NOMBRE_CAMINO":"Vega De Lessio - Copihuelpi","CLASIFICACION":"Sin Información","CALZADA":"-","tmda":null},"geometry":{"type":"LineString","coordinates":[[-72.39091,-39.36084],[-72.39172,-39.36874],[-72.36758,-39.3725],[-72.35753,-39.3769],[-72.36107,-39.38968],[-72.36368,-39.3939]]}},{"id":"7225","type":"Feature","properties":{"ROL":"S/R","NOMBRE_CAMINO":"Cinco Puentes - Pidenco","CLASIFICACION":"Sin Información","CALZADA":"-","tmda":501.0},"geometry":{"type":"LineString","coordinates":[[-72.81144,-39.30157],[-72.81333,-39.3014],[-72.81408,-39.29855],[-72.81786,-39.29482],[-72.81614,-39.29116],[-72.81888,-39.28818],[-72.81967,-39.28438],[-72.82336,-39.28214],[-72.82525,-39.27931],[-72.83336,-39.27757],[-72.83118,-39.27403],[-72.83174,-39.27237],[-72.8288,-39.27074],[-72.82803,-39.26756],[-72.82901,-39.26625],[-72.8259,-39.26337],[-72.82518,-39.26069],[-72.8258,-39.25514],[-72.82799,-39.25317],[-72.82225,-39.25333],[-72.82178,-39.2521]]}},{"id":"7226","type":"Feature","properties":{"ROL":"S-124","NOMBRE_CAMINO":"El Peral - Las Nochas","CLASIFICACION":"Sin Información","CALZADA":"-","tmda":null},"geometry":{"type":"LineString","coordinates":[[-73.33575,-38.6244],[-73.33716,-38.62233],[-73.33678,-38.61912],[-73.33804,-38.61807],[-73.33753,-38.61551],[-73.34027,-38.61388],[-73.34046,-38.60843],[-73.34224,-38.60784],[-73.34164,-38.6046],[-73.34317,-38.59874],[-73.34629,-38.59596],[-73.34164,-38.59038],[-73.34329,-38.58878],[-73.34276,-38.58784],[-73.34648,-38.58639],[-73.34618,-38.5829],[-73.35232,-38.58067],[-73.35286,-38.57881],[-73.35035,-38.57397],[-73.35123,-38.57131],[-73.35338,-38.57272],[-73.35382,-38.57562],[-73.35555,-38.57599],[-73.35918,-38.56835],[-73.36604,-38.56409],[-73.36735,-38.55568],[-73.3667,-38.54211],[-73.36855,-38.53818],[-73.36667,-38.53095]]}},{"id":"7227","type":"Feature","properties":{"ROL":"S/R","NOMBRE_CAMINO":"Paya - Cohiueco","CLASIFICACION":"Sin Información","CALZADA":"-","tmda":501.0},"geometry":{"type":"LineString","coordinates":[[-72.52628,-39.38022],[-72.52701,-39.38285],[-72.53115,-39.38703],[-72.53751,-39.38741],[-72.54144,-39.39066]]}},{"id":"7228","type":"Feature","properties":{"ROL":"S/R","NOMBRE_CAMINO":"Paya - Cohiueco","CLASIFICACION":"Sin Información","CALZADA":"-","tmda":501.0},"geometry":{"type":"LineString","coordinates":[[-72.54148,-39.39127],[-72.54144,-39.39072]]}},{"id":"7229","type":"Feature","properties":{"ROL":"S/R","NOMBRE_CAMINO":"Loncoche - Lumaco Sur","CLASIFICACION":"Sin Información","CALZADA":"-","tmda":501.0},"geometry":{"type":"LineString","coordinates":[[-72.59039,-39.39709],[-72.59083,-39.39878],[-72.58722,-39.40324],[-72.58666,-39.41235],[-72.58862,-39.41534]]}},{"id":"7230","type":"Feature","properties":{"ROL":"S/R","NOMBRE_CAMINO":"Las Toscas - Carrerine","CLASIFICACION":"Sin Información","CALZADA":"-","tmda":null},"geometry":{"type":"LineString","coordinates":[[-72.85641,-38.60619],[-72.88198,-38.62501],[-72.88743,-38.63039],[-72.90426,-38.6359],[-72.90781,-38.63548],[-72.91499,-38.63994],[-72.92094,-38.64155],[-72.92072,-38.64298]]}},{"id":"7231","type":"Feature","properties":{"ROL":"S/R","NOMBRE_CAMINO":"Variante El Diuco","CLASIFICACION":"Sin Información","CALZADA":"-","tmda":501.0},"geometry":{"type":"LineString","coordinates":[[-72.58348,-39.20449],[-72.58438,-39.20493],[-72.58353,-39.21067],[-72.58145,-39.21383]]}},{"id":"7232","type":"Feature","properties":{"ROL":"S-789","NOMBRE_CAMINO":"Cruce Ruta S-785-t - Cuchal","CLASIFICACION":"Sin Información","CALZADA":"-","tmda":null},"geometry":{"type":"LineString","coordinates":[[-72.50691,-39.38304],[-72.51038,-39.39455]]}},{"id":"7233","type":"Feature","properties":{"ROL":"S/R","NOMBRE_CAMINO":"Segunda Faja - Mune","CLASIFICACION":"Sin Información","CALZADA":"-","tmda":501.0},"geometry":{"type":"LineString","coordinates":[[-72.58253,-39.01032],[-72.58267,-39.01879],[-72.57885,-39.01981],[-72.5769,-39.02373],[-72.56243,-39.02724],[-72.55937,-39.02953],[-72.55999,-39.03502],[-72.55394,-39.04047],[-72.55556,-39.04518],[-72.55496,-39.04855],[-72.54789,-39.05368],[-72.54864,-39.05617],[-72.53926,-39.05711],[-72.52864,-39.07281],[-72.49499,-39.09825],[-72.48971,-39.10185],[-72.44681,-39.10753]]}},{"id":"7234","type":"Feature","properties":{"ROL":"S-839","NOMBRE_CAMINO":"Segunda Faja - El Volcán","CLASIFICACION":"Sin Información","CALZADA":"-","tmda":339.0},"geometry":{"type":"LineString","coordinates":[[-72.166,-39.3183],[-72.12542,-39.32769],[-72.11081,-39.32961],[-72.11013,-39.33089],[-72.1089,-39.32987],[-72.09578,-39.33181]]}},{"id":"7235","type":"Feature","properties":{"ROL":"R-902","NOMBRE_CAMINO":"Nahuelvan - Lumaco Por El Maitén","CLASIFICACION":"Sin Información","CALZADA":"-","tmda":null},"geometry":{"type":"LineString","coordinates":[[-72.73339,-38.21271],[-72.74194,-38.21528],[-72.76286,-38.22606],[-72.76841,-38.2245],[-72.7738,-38.22494],[-72.77601,-38.22268],[-72.78139,-38.22256],[-72.7869,-38.22018],[-72.79063,-38.22541],[-72.79897,-38.22836],[-72.80122,-38.23219],[-72.80733,-38.22996],[-72.80783,-38.2335],[-72.81154,-38.23985],[-72.81709,-38.24122],[-72.81856,-38.24346],[-72.82316,-38.24379],[-72.82787,-38.23882],[-72.83402,-38.23792],[-72.83884,-38.2421],[-72.83885,-38.24534],[-72.84427,-38.24509],[-72.84858,-38.24229],[-72.85077,-38.2488],[-72.85283,-38.25134],[-72.85504,-38.25162],[-72.86352,-38.2413],[-72.87224,-38.23687],[-72.875,-38.22694],[-72.87755,-38.22524],[-72.87957,-38.22114],[-72.88254,-38.20763],[-72.89059,-38.19738],[-72.88865,-38.19384],[-72.88829,-38.18824],[-72.89007,-38.18348],[-72.89262,-38.18114],[-72.89123,-38.17733],[-72.89465,-38.17122]]}},{"id":"7236","type":"Feature","properties":{"ROL":"S-395","NOMBRE_CAMINO":"Fundo La Sombra  - Choroico","CLASIFICACION":"Sin Información","CALZADA":"-","tmda":264.0},"geometry":{"type":"LineString","coordinates":[[-72.25622,-38.895],[-72.27219,-38.93902],[-72.27333,-38.93859],[-72.27586,-38.94656],[-72.27513,-38.94841],[-72.27908,-38.9523],[-72.27874,-38.95422],[-72.28148,-38.96112],[-72.28347,-38.96243],[-72.2825,-38.96364],[-72.28379,-38.96728],[-72.28619,-38.9691],[-72.28577,-38.97114],[-72.28338,-38.97161],[-72.2856,-38.97221],[-72.28734,-38.97531],[-72.28921,-38.98094],[-72.28846,-38.9813],[-72.29013,-38.98167],[-72.29071,-38.98615],[-72.29567,-38.99756],[-72.29926,-38.99825],[-72.29907,-38.99914]]}},{"id":"7237","type":"Feature","properties":{"ROL":"S/R","NOMBRE_CAMINO":"El Secreto - Casa De Lata","CLASIFICACION":"Sin Información","CALZADA":"-","tmda":null},"geometry":{"type":"LineString","coordinates":[[-73.14179,-38.51936],[-73.14084,-38.51804],[-73.14319,-38.51442],[-73.14387,-38.50977],[-73.1468,-38.5072],[-73.14506,-38.49886],[-73.14815,-38.49638],[-73.1531,-38.49654],[-73.1596,-38.49057],[-73.15764,-38.48595],[-73.1489,-38.4775],[-73.14916,-38.47413],[-73.1532,-38.47083],[-73.15598,-38.4642],[-73.15985,-38.46266],[-73.1662,-38.46321],[-73.16843,-38.45954],[-73.17121,-38.45878],[-73.17626,-38.4539],[-73.17944,-38.44995],[-73.18041,-38.43941],[-73.18198,-38.43696],[-73.19317,-38.43392],[-73.19537,-38.43146],[-73.19554,-38.4284],[-73.20276,-38.42611],[-73.202,-38.42435]]}},{"id":"7238","type":"Feature","properties":{"ROL":"S/R","NOMBRE_CAMINO":"Catrico - Las Vertientes","CLASIFICACION":"Sin Información","CALZADA":"-","tmda":null},"geometry":{"type":"LineString","coordinates":[[-72.33667,-39.14124],[-72.3171,-39.13664],[-72.3091,-39.12931],[-72.31049,-39.12814],[-72.30962,-39.12575],[-72.29759,-39.12745]]}},{"id":"7239","type":"Feature","properties":{"ROL":"S-708","NOMBRE_CAMINO":"Huallizada  - Dónguil","CLASIFICACION":"Sin Información","CALZADA":"-","tmda":null},"geometry":{"type":"LineString","coordinates":[[-72.74334,-39.00663],[-72.7498,-39.00572],[-72.77081,-39.00897],[-72.78457,-39.01588],[-72.78788,-39.01878],[-72.78743,-39.0209]]}},{"id":"7240","type":"Feature","properties":{"ROL":"S/R","NOMBRE_CAMINO":"Ancue - Botacura","CLASIFICACION":"Sin Información","CALZADA":"-","tmda":164.0},"geometry":{"type":"LineString","coordinates":[[-72.75953,-39.03644],[-72.76632,-39.05288]]}},{"id":"7241","type":"Feature","properties":{"ROL":"S-799","NOMBRE_CAMINO":"Liglelfu - Huaqui","CLASIFICACION":"Sin Información","CALZADA":"-","tmda":null},"geometry":{"type":"LineString","coordinates":[[-72.46247,-39.36681],[-72.46142,-39.37113],[-72.45687,-39.36908],[-72.43963,-39.36832],[-72.43268,-39.36899],[-72.43093,-39.37079]]}},{"id":"7242","type":"Feature","properties":{"ROL":"S/R","NOMBRE_CAMINO":"Cruce Alianza - Chufquén","CLASIFICACION":"Sin Información","CALZADA":"-","tmda":null},"geometry":{"type":"LineString","coordinates":[[-72.70205,-38.33579],[-72.69398,-38.33181],[-72.67713,-38.33752],[-72.67172,-38.342],[-72.66349,-38.34334],[-72.65988,-38.34193],[-72.6577,-38.34782]]}},{"id":"7243","type":"Feature","properties":{"ROL":"S-735","NOMBRE_CAMINO":"Cruce S-85 - Octava Faja","CLASIFICACION":"Sin Información","CALZADA":"-","tmda":null},"geometry":{"type":"LineString","coordinates":[[-72.54503,-39.23784],[-72.45787,-39.2584],[-72.45648,-39.25959],[-72.45179,-39.25987],[-72.45857,-39.27743]]}},{"id":"7244","type":"Feature","properties":{"ROL":"S/R","NOMBRE_CAMINO":"Conoco Chico - Llapelco - Mullay","CLASIFICACION":"Sin Información","CALZADA":"-","tmda":null},"geometry":{"type":"LineString","coordinates":[[-72.72243,-38.65729],[-72.72512,-38.65242],[-72.72555,-38.649],[-72.73687,-38.63375],[-72.74374,-38.61608],[-72.74924,-38.61134],[-72.75375,-38.59859],[-72.7565,-38.59639],[-72.7576,-38.59283]]}},{"id":"7245","type":"Feature","properties":{"ROL":"S/R","NOMBRE_CAMINO":"Conoco Chico - Llapelco - Mullay","CLASIFICACION":"Sin Información","CALZADA":"-","tmda":null},"geometry":{"type":"LineString","coordinates":[[-72.80906,-38.61524],[-72.79808,-38.61158],[-72.79454,-38.60391],[-72.78466,-38.59796],[-72.77335,-38.59385],[-72.76706,-38.59349],[-72.76386,-38.59138],[-72.75772,-38.59282]]}},{"id":"7246","type":"Feature","properties":{"ROL":"S-258","NOMBRE_CAMINO":"Cruce Ruta S-20 - Pailal","CLASIFICACION":"Sin Información","CALZADA":"-","tmda":null},"geometry":{"type":"LineString","coordinates":[[-72.69502,-38.61803],[-72.69553,-38.61093],[-72.69745,-38.6089],[-72.69347,-38.59831],[-72.6908,-38.5963],[-72.68814,-38.59715],[-72.68808,-38.59548],[-72.68597,-38.59452],[-72.68577,-38.5909],[-72.68311,-38.58857],[-72.67138,-38.58674],[-72.67257,-38.58422],[-72.67215,-38.58052],[-72.6733,-38.57858],[-72.68021,-38.57743],[-72.68246,-38.57422],[-72.68072,-38.57037],[-72.68292,-38.56948],[-72.68193,-38.56808],[-72.68256,-38.56502],[-72.68756,-38.55636],[-72.6793,-38.55149],[-72.68481,-38.5408],[-72.69608,-38.53955],[-72.70453,-38.52884],[-72.71081,-38.52473],[-72.71204,-38.52102]]}},{"id":"7247","type":"Feature","properties":{"ROL":"S/R","NOMBRE_CAMINO":"Los Barones - Membrillar - Fundo Palermo","CLASIFICACION":"Sin Información","CALZADA":"-","tmda":899.0},"geometry":{"type":"LineString","coordinates":[[-72.50109,-38.75586],[-72.49723,-38.75325],[-72.49509,-38.74934],[-72.48957,-38.74702],[-72.48214,-38.74949],[-72.4785,-38.74902],[-72.47296,-38.75049],[-72.46491,-38.74862],[-72.46146,-38.74905],[-72.45609,-38.75204],[-72.43644,-38.75837],[-72.42094,-38.75523]]}},{"id":"7248","type":"Feature","properties":{"ROL":"S-666","NOMBRE_CAMINO":"Teodoro Schmidt - Peñehue - Pucolón","CLASIFICACION":"Sin Información","CALZADA":"-","tmda":null},"geometry":{"type":"LineString","coordinates":[[-73.08931,-38.9981],[-73.08308,-38.99864],[-73.07235,-38.99573],[-73.05876,-38.98783],[-73.05665,-38.98449],[-73.05744,-38.97037],[-73.05928,-38.97028],[-73.05824,-38.96861]]}},{"id":"7249","type":"Feature","properties":{"ROL":"S/R","NOMBRE_CAMINO":"Trafanpulli - La Esperanza","CLASIFICACION":"Sin Información","CALZADA":"-","tmda":null},"geometry":{"type":"LineString","coordinates":[[-71.8286,-39.06548],[-71.82341,-39.05751],[-71.82536,-39.04944],[-71.8279,-39.04754],[-71.83335,-39.04702],[-71.83278,-39.04519],[-71.83642,-39.04198],[-71.83857,-39.03336]]}},{"id":"7250","type":"Feature","properties":{"ROL":"S-674","NOMBRE_CAMINO":"Faja Stricket","CLASIFICACION":"Sin Información","CALZADA":"-","tmda":null},"geometry":{"type":"LineString","coordinates":[[-72.93153,-39.02697],[-72.94538,-39.06353]]}},{"id":"7251","type":"Feature","properties":{"ROL":"S/R","NOMBRE_CAMINO":"Emulpán - Huiñoco","CLASIFICACION":"Sin Información","CALZADA":"-","tmda":null},"geometry":{"type":"LineString","coordinates":[[-72.4313,-39.38602],[-72.43039,-39.38755],[-72.42585,-39.38866],[-72.42299,-39.39311],[-72.41185,-39.40135],[-72.41059,-39.40645],[-72.41206,-39.40951]]}},{"id":"7252","type":"Feature","properties":{"ROL":"S/R","NOMBRE_CAMINO":"Colico - Santa Rosa Por El Oriente","CLASIFICACION":"Sin Información","CALZADA":"-","tmda":null},"geometry":{"type":"LineString","coordinates":[[-73.1397,-38.68862],[-73.13268,-38.68793],[-73.12877,-38.6836],[-73.12413,-38.6845],[-73.12397,-38.68029],[-73.12613,-38.67586],[-73.13088,-38.67468],[-73.1339,-38.67535]]}},{"id":"7253","type":"Feature","properties":{"ROL":"S-146","NOMBRE_CAMINO":"El Peral - Butaco","CLASIFICACION":"Sin Información","CALZADA":"-","tmda":null},"geometry":{"type":"LineString","coordinates":[[-73.26342,-38.65514],[-73.26223,-38.6529],[-73.25895,-38.65217],[-73.25176,-38.65478],[-73.25165,-38.65808],[-73.25408,-38.66258],[-73.25184,-38.66557],[-73.25377,-38.6676],[-73.25071,-38.67219],[-73.2525,-38.67744],[-73.25426,-38.6776],[-73.26078,-38.68402],[-73.26263,-38.68361]]}},{"id":"7254","type":"Feature","properties":{"ROL":"S/R","NOMBRE_CAMINO":"Acceso A El Retiro","CLASIFICACION":"Sin Información","CALZADA":"-","tmda":501.0},"geometry":{"type":"LineString","coordinates":[[-72.76458,-39.14261],[-72.76817,-39.14329],[-72.77872,-39.14128],[-72.78639,-39.14245],[-72.78889,-39.14151],[-72.79351,-39.1432],[-72.79673,-39.14219]]}},{"id":"7255","type":"Feature","properties":{"ROL":"S/R","NOMBRE_CAMINO":"Cruce Ruta 5 - Victoria  Por Aviación","CLASIFICACION":"Sin Información","CALZADA":"-","tmda":null},"geometry":{"type":"LineString","coordinates":[[-72.34778,-38.23768],[-72.35022,-38.24572],[-72.35653,-38.24873],[-72.358,-38.25232],[-72.35912,-38.25251]]}},{"id":"7256","type":"Feature","properties":{"ROL":"S/R","NOMBRE_CAMINO":"Navarrete - Molino López","CLASIFICACION":"Sin Información","CALZADA":"-","tmda":null},"geometry":{"type":"LineString","coordinates":[[-72.03024,-39.31724],[-72.05061,-39.31636],[-72.05161,-39.31981],[-72.06665,-39.32],[-72.06952,-39.31698]]}},{"id":"7257","type":"Feature","properties":{"ROL":"R-819","NOMBRE_CAMINO":"San Francisco - Huillinlebu","CLASIFICACION":"Sin Información","CALZADA":"-","tmda":null},"geometry":{"type":"LineString","coordinates":[[-72.22728,-38.26613],[-72.23572,-38.29138],[-72.24244,-38.29544],[-72.24225,-38.30019],[-72.23769,-38.30245],[-72.2371,-38.30421],[-72.24321,-38.31521],[-72.2182,-38.31802],[-72.21427,-38.31748],[-72.21372,-38.31884],[-72.20487,-38.32051],[-72.16125,-38.32404]]}},{"id":"7258","type":"Feature","properties":{"ROL":"S/R","NOMBRE_CAMINO":"Molino Tiznado - Quilaco","CLASIFICACION":"Sin Información","CALZADA":"-","tmda":899.0},"geometry":{"type":"LineString","coordinates":[[-72.47961,-38.73795],[-72.44416,-38.74244],[-72.44257,-38.73942],[-72.43913,-38.73996],[-72.43578,-38.7388],[-72.43582,-38.73265],[-72.43767,-38.72871],[-72.43705,-38.72536]]}},{"id":"7259","type":"Feature","properties":{"ROL":"S-499","NOMBRE_CAMINO":"Cruce Ruta S-497 - Fundo Lo Schmith","CLASIFICACION":"Sin Información","CALZADA":"-","tmda":null},"geometry":{"type":"LineString","coordinates":[[-72.13637,-38.96608],[-72.14101,-38.97759],[-72.13716,-38.97896],[-72.14019,-38.9898],[-72.14357,-38.99768],[-72.14478,-38.99812]]}},{"id":"7260","type":"Feature","properties":{"ROL":"S/R","NOMBRE_CAMINO":"Curarrehue - Huincapalihue","CLASIFICACION":"Sin Información","CALZADA":"-","tmda":null},"geometry":{"type":"LineString","coordinates":[[-71.57397,-39.35975],[-71.5672,-39.35915],[-71.56543,-39.36089],[-71.56553,-39.36444],[-71.55976,-39.36686],[-71.55523,-39.37091],[-71.55073,-39.36762],[-71.54615,-39.36775],[-71.54436,-39.36564],[-71.53241,-39.36186],[-71.51538,-39.3648],[-71.50288,-39.37221],[-71.49888,-39.37121],[-71.49822,-39.36827],[-71.49503,-39.36927]]}},{"id":"7261","type":"Feature","properties":{"ROL":"S/R","NOMBRE_CAMINO":"Acceso A Mininco Por La Cuesta","CLASIFICACION":"Sin Información","CALZADA":"-","tmda":null},"geometry":{"type":"LineString","coordinates":[[-72.46598,-37.79038],[-72.47198,-37.79637]]}},{"id":"7262","type":"Feature","properties":{"ROL":"S/R","NOMBRE_CAMINO":"Carén - Añihuarraqui","CLASIFICACION":"Sin Información","CALZADA":"-","tmda":null},"geometry":{"type":"LineString","coordinates":[[-71.54254,-39.46849],[-71.53782,-39.47019],[-71.52646,-39.4689],[-71.52304,-39.47049],[-71.51416,-39.4653],[-71.51161,-39.45508],[-71.50795,-39.44991],[-71.50786,-39.444],[-71.50502,-39.44036],[-71.50355,-39.43209],[-71.50122,-39.42962],[-71.49464,-39.42856],[-71.49169,-39.43038],[-71.48782,-39.43054],[-71.47796,-39.42768],[-71.47341,-39.42895]]}},{"id":"7263","type":"Feature","properties":{"ROL":"R-260","NOMBRE_CAMINO":"Trintre - Colonia Miraflores","CLASIFICACION":"Sin Información","CALZADA":"-","tmda":178.0},"geometry":{"type":"LineString","coordinates":[[-72.75602,-37.92075],[-72.76543,-37.91955],[-72.76949,-37.92022],[-72.77038,-37.91746],[-72.77612,-37.91215],[-72.77843,-37.91237],[-72.78163,-37.90912],[-72.78667,-37.91052],[-72.78878,-37.90844],[-72.79315,-37.90703],[-72.79525,-37.90359],[-72.80039,-37.90408],[-72.80856,-37.89752],[-72.81355,-37.89788],[-72.8237,-37.89431],[-72.82825,-37.89585],[-72.83402,-37.89309],[-72.83969,-37.89417],[-72.84351,-37.89346],[-72.8553,-37.88496],[-72.85768,-37.88586],[-72.8623,-37.89165],[-72.86892,-37.89237],[-72.87556,-37.89797]]}},{"id":"7264","type":"Feature","properties":{"ROL":"S/R","NOMBRE_CAMINO":"Relún - Límite Portezuelo","CLASIFICACION":"Sin Información","CALZADA":"-","tmda":null},"geometry":{"type":"LineString","coordinates":[[-73.19676,-38.26171],[-73.19822,-38.25868],[-73.21008,-38.2545],[-73.2124,-38.25179]]}},{"id":"7265","type":"Feature","properties":{"ROL":"R-950-P","NOMBRE_CAMINO":"Siete Mañas - La Campana - Relun, Sector: Límite Regional - Relun","CLASIFICACION":"Sin Información","CALZADA":"-","tmda":306.0},"geometry":{"type":"LineString","coordinates":[[-73.24095,-38.31468],[-73.25331,-38.31832],[-73.27253,-38.32643],[-73.28281,-38.33338],[-73.2863,-38.33824],[-73.30347,-38.35046],[-73.3115,-38.35468],[-73.31716,-38.35478],[-73.32376,-38.35302],[-73.32851,-38.35032],[-73.33105,-38.3469]]}},{"id":"7266","type":"Feature","properties":{"ROL":"S/R","NOMBRE_CAMINO":"Puente Santa Rosa Andencul - María Ester","CLASIFICACION":"Sin Información","CALZADA":"-","tmda":null},"geometry":{"type":"LineString","coordinates":[[-72.4502,-38.19968],[-72.4621,-38.19555],[-72.48007,-38.19555],[-72.48738,-38.1995],[-72.48814,-38.20312],[-72.4906,-38.20617]]}},{"id":"7267","type":"Feature","properties":{"ROL":"S/R","NOMBRE_CAMINO":"Elicura - Provoque - Coihuería: Límite Regional - Coihuería","CLASIFICACION":"Sin Información","CALZADA":"-","tmda":null},"geometry":{"type":"LineString","coordinates":[[-73.14596,-37.89415],[-73.13423,-37.892],[-73.12662,-37.897],[-73.12218,-37.902],[-73.11173,-37.90624],[-73.11329,-37.90894],[-73.11362,-37.92059],[-73.11075,-37.92784],[-73.11395,-37.93088],[-73.1128,-37.93462],[-73.11325,-37.94002],[-73.11598,-37.94247],[-73.12025,-37.94246],[-73.12237,-37.94719],[-73.1195,-37.95392],[-73.12012,-37.95858],[-73.12381,-37.96537],[-73.1191,-37.97328],[-73.11711,-37.97895],[-73.11706,-37.98425],[-73.11581,-37.98483],[-73.11601,-37.98586],[-73.11837,-37.98614],[-73.11795,-37.98789],[-73.12077,-37.99069],[-73.11616,-37.99322],[-73.10102,-37.99515],[-73.09875,-37.99758],[-73.09136,-37.99881],[-73.09016,-37.99947],[-73.09107,-38.00069],[-73.08955,-38.00157],[-73.08947,-38.00338],[-73.0849,-38.00671],[-73.07515,-38.00745],[-73.07408,-38.00595]]}},{"id":"7268","type":"Feature","properties":{"ROL":"S/R","NOMBRE_CAMINO":"Acceso Norte A Freire","CLASIFICACION":"Sin Información","CALZADA":"-","tmda":899.0},"geometry":{"type":"LineString","coordinates":[[-72.6274,-38.93003],[-72.62657,-38.93361],[-72.62804,-38.94262],[-72.6271,-38.94293],[-72.63001,-38.95902]]}},{"id":"7269","type":"Feature","properties":{"ROL":"S/R","NOMBRE_CAMINO":"La Paz - Collico Alto","CLASIFICACION":"Sin Información","CALZADA":"-","tmda":501.0},"geometry":{"type":"LineString","coordinates":[[-72.68744,-39.42415],[-72.68215,-39.42681],[-72.67669,-39.4277],[-72.67175,-39.43109],[-72.67056,-39.43828]]}},{"id":"7270","type":"Feature","properties":{"ROL":"S/R","NOMBRE_CAMINO":"Los Sauces - Relicura","CLASIFICACION":"Sin Información","CALZADA":"-","tmda":null},"geometry":{"type":"LineString","coordinates":[[-71.59797,-39.3457],[-71.60411,-39.3461],[-71.61202,-39.34919],[-71.62442,-39.34692],[-71.62999,-39.34882],[-71.63357,-39.34539],[-71.63372,-39.34675],[-71.63623,-39.34776],[-71.64203,-39.34668],[-71.64505,-39.34975],[-71.65133,-39.34977],[-71.65586,-39.35184],[-71.67169,-39.35284],[-71.68696,-39.35018],[-71.69318,-39.35074],[-71.69487,-39.34945]]}},{"id":"7271","type":"Feature","properties":{"ROL":"S/R","NOMBRE_CAMINO":"Catripulli - Puente Loncofilo","CLASIFICACION":"Sin Información","CALZADA":"-","tmda":null},"geometry":{"type":"LineString","coordinates":[[-71.7171,-39.3465],[-71.72008,-39.35704],[-71.72262,-39.35978],[-71.72155,-39.36172],[-71.72323,-39.36241],[-71.71847,-39.37069],[-71.71225,-39.37537]]}},{"id":"7272","type":"Feature","properties":{"ROL":"S/R","NOMBRE_CAMINO":"Puala - Puala Alto","CLASIFICACION":"Sin Información","CALZADA":"-","tmda":null},"geometry":{"type":"LineString","coordinates":[[-71.57614,-39.3797],[-71.58039,-39.38022],[-71.58314,-39.37858],[-71.5905,-39.37995],[-71.59394,-39.38192],[-71.59488,-39.38447],[-71.59809,-39.38734],[-71.60965,-39.39162],[-71.62413,-39.39142],[-71.62905,-39.38858],[-71.6303,-39.38625]]}},{"id":"7273","type":"Feature","properties":{"ROL":"S/R","NOMBRE_CAMINO":"Cruce R-150-p - Chanleo","CLASIFICACION":"Sin Información","CALZADA":"-","tmda":null},"geometry":{"type":"LineString","coordinates":[[-72.82006,-37.77595],[-72.82851,-37.77466],[-72.83374,-37.77987],[-72.83977,-37.77973],[-72.84891,-37.78337],[-72.84923,-37.78129],[-72.85225,-37.78018],[-72.85819,-37.77899],[-72.86921,-37.77995],[-72.87158,-37.77807],[-72.87544,-37.77754],[-72.87701,-37.77266],[-72.8763,-37.76922],[-72.88529,-37.76749],[-72.88824,-37.76896],[-72.8939,-37.76868],[-72.89985,-37.76671],[-72.90986,-37.77089],[-72.91908,-37.76944],[-72.9303,-37.77682],[-72.93642,-37.77687],[-72.94224,-37.77378],[-72.94295,-37.77224],[-72.95416,-37.7748],[-72.95416,-37.77635],[-72.95696,-37.778],[-72.96476,-37.77733]]}},{"id":"7274","type":"Feature","properties":{"ROL":"R-128","NOMBRE_CAMINO":"Roblería - Tolpán","CLASIFICACION":"Sin Información","CALZADA":"-","tmda":652.0},"geometry":{"type":"LineString","coordinates":[[-72.59996,-37.69188],[-72.60235,-37.69118],[-72.60389,-37.69292],[-72.6174,-37.68597],[-72.63195,-37.68654]]}},{"id":"7275","type":"Feature","properties":{"ROL":"S/R","NOMBRE_CAMINO":"Cruce R-856 - Cementerio","CLASIFICACION":"Sin Información","CALZADA":"-","tmda":null},"geometry":{"type":"LineString","coordinates":[[-72.64889,-38.40087],[-72.66184,-38.3998],[-72.67078,-38.39741],[-72.6736,-38.39917]]}},{"id":"7276","type":"Feature","properties":{"ROL":"S/R","NOMBRE_CAMINO":"Puraquina - Cuarta Faja","CLASIFICACION":"Sin Información","CALZADA":"-","tmda":null},"geometry":{"type":"LineString","coordinates":[[-72.36335,-39.14741],[-72.36596,-39.15131],[-72.36554,-39.15324],[-72.37039,-39.16607]]}},{"id":"7277","type":"Feature","properties":{"ROL":"S/R","NOMBRE_CAMINO":"Cruz Blanca - Copihuelpi","CLASIFICACION":"Sin Información","CALZADA":"-","tmda":null},"geometry":{"type":"LineString","coordinates":[[-72.28481,-39.38231],[-72.29914,-39.39741],[-72.3032,-39.39864],[-72.30435,-39.39742],[-72.31571,-39.39512],[-72.32336,-39.39637],[-72.32545,-39.39503],[-72.32533,-39.39355],[-72.32704,-39.39325],[-72.32992,-39.39428],[-72.32961,-39.39898],[-72.3354,-39.40172]]}},{"id":"7278","type":"Feature","properties":{"ROL":"S/R","NOMBRE_CAMINO":"Variante Los Copihues","CLASIFICACION":"Sin Información","CALZADA":"-","tmda":null},"geometry":{"type":"LineString","coordinates":[[-72.34203,-39.34934],[-72.34645,-39.35495],[-72.34681,-39.35965],[-72.34508,-39.36251],[-72.34916,-39.37271]]}},{"id":"7279","type":"Feature","properties":{"ROL":"S/R","NOMBRE_CAMINO":"Nahuelval - El Pantano Por El Chorrillo","CLASIFICACION":"Sin Información","CALZADA":"-","tmda":null},"geometry":{"type":"LineString","coordinates":[[-72.82303,-38.24383],[-72.82221,-38.25266],[-72.81839,-38.25884],[-72.81705,-38.27707]]}},{"id":"7280","type":"Feature","properties":{"ROL":"S/R","NOMBRE_CAMINO":"Asentamiento Unión Campesina","CLASIFICACION":"Sin Información","CALZADA":"-","tmda":null},"geometry":{"type":"LineString","coordinates":[[-72.20009,-38.05064],[-72.21908,-38.04011],[-72.22314,-38.04449],[-72.22763,-38.04279]]}},{"id":"7281","type":"Feature","properties":{"ROL":"S-924","NOMBRE_CAMINO":"Lolo Ruca - Colonia Curihue","CLASIFICACION":"Sin Información","CALZADA":"-","tmda":null},"geometry":{"type":"LineString","coordinates":[[-72.66764,-39.38797],[-72.67309,-39.38842],[-72.67333,-39.38505],[-72.67713,-39.38169],[-72.67847,-39.37746],[-72.68275,-39.37593],[-72.68555,-39.37235],[-72.68974,-39.37054],[-72.69549,-39.3648],[-72.7029,-39.36841],[-72.71075,-39.3692],[-72.71343,-39.37132],[-72.72026,-39.3708],[-72.72281,-39.37437]]}},{"id":"7282","type":"Feature","properties":{"ROL":"S/R","NOMBRE_CAMINO":"La Colonia - Guadaco","CLASIFICACION":"Sin Información","CALZADA":"-","tmda":null},"geometry":{"type":"LineString","coordinates":[[-72.52552,-38.29644],[-72.5258,-38.29906],[-72.52268,-38.30388],[-72.52304,-38.31854],[-72.52533,-38.31834]]}},{"id":"7283","type":"Feature","properties":{"ROL":"R-550","NOMBRE_CAMINO":"Cruce Ruta R-88 - Fundo Santa Rosa De Adencul - Las Vertientes","CLASIFICACION":"Sin Información","CALZADA":"-","tmda":null},"geometry":{"type":"LineString","coordinates":[[-72.38027,-38.23015],[-72.41554,-38.21743],[-72.42884,-38.20907],[-72.44589,-38.20566],[-72.44928,-38.20226],[-72.44894,-38.20031],[-72.45037,-38.19868],[-72.44756,-38.18902],[-72.44355,-38.18314]]}},{"id":"7284","type":"Feature","properties":{"ROL":"S-941","NOMBRE_CAMINO":"Cruce Ruta 199 Ch - Palguín - Salto El León","CLASIFICACION":"Sin Información","CALZADA":"-","tmda":null},"geometry":{"type":"LineString","coordinates":[[-71.77809,-39.34561],[-71.77694,-39.35105],[-71.78116,-39.36037],[-71.78081,-39.36742],[-71.78958,-39.37435],[-71.78792,-39.38816],[-71.78168,-39.40201],[-71.76261,-39.42132],[-71.75864,-39.42931]]}},{"id":"7285","type":"Feature","properties":{"ROL":"S-75","NOMBRE_CAMINO":"Cunco - Lago Colico - Trafampulli","CLASIFICACION":"Sin Información","CALZADA":"-","tmda":837.0},"geometry":{"type":"LineString","coordinates":[[-72.01621,-39.04775],[-72.00853,-39.05371],[-72.0001,-39.05701],[-71.9922,-39.05754],[-71.97802,-39.06391],[-71.95806,-39.07645],[-71.95022,-39.07899],[-71.94402,-39.08265],[-71.92229,-39.0878],[-71.9033,-39.08856],[-71.89411,-39.09379],[-71.88875,-39.09396],[-71.88299,-39.09121],[-71.87708,-39.0919],[-71.85697,-39.08853],[-71.8461,-39.07832],[-71.83427,-39.07219],[-71.8286,-39.06548],[-71.82364,-39.06555],[-71.82037,-39.06319],[-71.81391,-39.0633],[-71.81179,-39.06621],[-71.80169,-39.07381]]}},{"id":"7286","type":"Feature","properties":{"ROL":"S-425","NOMBRE_CAMINO":"Faja 0.000","CLASIFICACION":"Sin Información","CALZADA":"-","tmda":null},"geometry":{"type":"LineString","coordinates":[[-72.02827,-38.92712],[-72.024,-38.91257],[-72.03653,-38.9106],[-72.03852,-38.90886],[-72.0382,-38.90616],[-72.0403,-38.90556],[-72.05529,-38.90699],[-72.05934,-38.9056],[-72.06287,-38.9016],[-72.06337,-38.89877],[-72.06189,-38.89819],[-72.05766,-38.88821],[-72.05285,-38.87289]]}},{"id":"7287","type":"Feature","properties":{"ROL":"S/R","NOMBRE_CAMINO":"Los Coihues - Cruce Ruta R-624","CLASIFICACION":"Sin Información","CALZADA":"-","tmda":null},"geometry":{"type":"LineString","coordinates":[[-73.02013,-38.22843],[-73.02521,-38.2222],[-73.02662,-38.21269],[-73.03302,-38.20911],[-73.03341,-38.20657],[-73.0361,-38.20362],[-73.03885,-38.2028],[-73.0404,-38.19552],[-73.04599,-38.18954],[-73.04364,-38.18347],[-73.04563,-38.1816],[-73.04795,-38.18217],[-73.04918,-38.18085]]}},{"id":"7288","type":"Feature","properties":{"ROL":"R-826","NOMBRE_CAMINO":"Traiguén - Quino Por La Colmena","CLASIFICACION":"Sin Información","CALZADA":"-","tmda":256.0},"geometry":{"type":"LineString","coordinates":[[-72.64547,-38.26425],[-72.64044,-38.26804],[-72.60365,-38.2876],[-72.59156,-38.29508],[-72.59107,-38.29662],[-72.58639,-38.29585],[-72.57631,-38.30265],[-72.57375,-38.30289],[-72.57071,-38.30565],[-72.56974,-38.30955],[-72.56215,-38.31603],[-72.55371,-38.32202],[-72.54907,-38.32201],[-72.55146,-38.33078],[-72.54601,-38.33041],[-72.54149,-38.33422],[-72.53661,-38.33515],[-72.50812,-38.33574],[-72.50364,-38.33744]]}},{"id":"7289","type":"Feature","properties":{"ROL":"S/R","NOMBRE_CAMINO":"Santa Elena - Fortín Ñielol","CLASIFICACION":"Sin Información","CALZADA":"-","tmda":null},"geometry":{"type":"LineString","coordinates":[[-72.66297,-38.51366],[-72.66316,-38.51235],[-72.66015,-38.51003],[-72.66673,-38.50661],[-72.66643,-38.50423],[-72.67246,-38.49961],[-72.67303,-38.49713],[-72.67121,-38.49569],[-72.6722,-38.49441],[-72.6686,-38.49121],[-72.67521,-38.48713]]}},{"id":"7290","type":"Feature","properties":{"ROL":"S-16","NOMBRE_CAMINO":"Galvarino - Nueva Imperial","CLASIFICACION":"Sin Información","CALZADA":"-","tmda":1118.0},"geometry":{"type":"LineString","coordinates":[[-72.78177,-38.40976],[-72.78395,-38.42049],[-72.77639,-38.42464],[-72.78198,-38.42666],[-72.78826,-38.44464],[-72.78043,-38.46495],[-72.77715,-38.48288],[-72.77311,-38.48624],[-72.77376,-38.4905],[-72.78309,-38.5087],[-72.78918,-38.51478],[-72.81686,-38.53257],[-72.82932,-38.53803],[-72.83271,-38.54416],[-72.83534,-38.54621],[-72.83588,-38.5479],[-72.83276,-38.55387],[-72.83319,-38.56058],[-72.83519,-38.56678],[-72.83979,-38.56816],[-72.84,-38.57089],[-72.84737,-38.58612],[-72.84588,-38.59698],[-72.84733,-38.6075],[-72.85043,-38.61205],[-72.84927,-38.61753],[-72.85377,-38.64044],[-72.85338,-38.64605],[-72.86869,-38.67619],[-72.87071,-38.68371],[-72.88855,-38.69653],[-72.88725,-38.70262],[-72.9,-38.71087],[-72.90759,-38.7119],[-72.90855,-38.71686],[-72.91178,-38.72144],[-72.92409,-38.73084],[-72.92565,-38.73839],[-72.93134,-38.73953],[-72.94562,-38.73938],[-72.94681,-38.74082],[-72.94647,-38.74841]]}},{"id":"7291","type":"Feature","properties":{"ROL":"S-52","NOMBRE_CAMINO":"Nueva Imperial - Barros Arana","CLASIFICACION":"Sin Información","CALZADA":"-","tmda":212.0},"geometry":{"type":"LineString","coordinates":[[-72.95138,-38.81505],[-72.9507,-38.82671],[-72.94956,-38.82871],[-72.94966,-38.83101],[-72.95133,-38.83224],[-72.94409,-38.83723],[-72.94282,-38.84051],[-72.94531,-38.85092],[-72.93791,-38.85596],[-72.93136,-38.86436],[-72.92502,-38.86725],[-72.9224,-38.87238],[-72.91921,-38.87428],[-72.91109,-38.88574],[-72.9129,-38.89368],[-72.90968,-38.90123],[-72.91098,-38.90491],[-72.91661,-38.90919],[-72.91824,-38.91526],[-72.91425,-38.91681],[-72.91374,-38.92245],[-72.91808,-38.92731],[-72.91984,-38.93263],[-72.92269,-38.9361],[-72.92227,-38.94569],[-72.91781,-38.94678],[-72.91773,-38.94798],[-72.92034,-38.95556],[-72.92541,-38.95722],[-72.92885,-38.96903],[-72.92919,-38.97473],[-72.92579,-38.98404],[-72.92642,-38.98635],[-72.92781,-38.98596]]}},{"id":"7292","type":"Feature","properties":{"ROL":"S/R","NOMBRE_CAMINO":"Cruce Ruta R-525 - Reducción Pinoleo","CLASIFICACION":"Sin Información","CALZADA":"-","tmda":null},"geometry":{"type":"LineString","coordinates":[[-72.28336,-38.11014],[-72.28312,-38.10042],[-72.28157,-38.09856],[-72.27691,-38.09913],[-72.27207,-38.08591],[-72.26718,-38.08386]]}},{"id":"7293","type":"Feature","properties":{"ROL":"S-381","NOMBRE_CAMINO":"Cruce S-51- Cruce S-379","CLASIFICACION":"Sin Información","CALZADA":"-","tmda":null},"geometry":{"type":"LineString","coordinates":[[-72.53805,-38.82373],[-72.54278,-38.84136]]}},{"id":"7294","type":"Feature","properties":{"ROL":"S/R","NOMBRE_CAMINO":"Niágara - Palermo Grande","CLASIFICACION":"Sin Información","CALZADA":"-","tmda":899.0},"geometry":{"type":"LineString","coordinates":[[-72.44184,-38.76996],[-72.44208,-38.76797],[-72.43802,-38.75779]]}},{"id":"7295","type":"Feature","properties":{"ROL":"S-225","NOMBRE_CAMINO":"Cruce Ruta S-15 - Río Muco - Quintrilte","CLASIFICACION":"Sin Información","CALZADA":"-","tmda":null},"geometry":{"type":"LineString","coordinates":[[-72.355,-38.61342],[-72.32867,-38.61637],[-72.27602,-38.62826],[-72.24983,-38.62133],[-72.24098,-38.62164]]}},{"id":"7296","type":"Feature","properties":{"ROL":"S/R","NOMBRE_CAMINO":"Coipué - Folilco","CLASIFICACION":"Sin Información","CALZADA":"-","tmda":null},"geometry":{"type":"LineString","coordinates":[[-72.41667,-39.08416],[-72.41604,-39.08106],[-72.41407,-39.08034],[-72.41399,-39.07671],[-72.40374,-39.07301],[-72.39932,-39.06551],[-72.39588,-39.06194],[-72.39367,-39.06155],[-72.39342,-39.05995],[-72.39766,-39.05148],[-72.39778,-39.04159],[-72.39761,-39.0382],[-72.39392,-39.0305],[-72.39456,-39.02865],[-72.38946,-39.02496],[-72.39057,-39.02198],[-72.3935,-39.02058]]}},{"id":"7297","type":"Feature","properties":{"ROL":"S-221","NOMBRE_CAMINO":"Vilcún - Maitenes - Quilacura","CLASIFICACION":"Sin Información","CALZADA":"-","tmda":408.0},"geometry":{"type":"LineString","coordinates":[[-72.24462,-38.6325],[-72.23917,-38.61652],[-72.24241,-38.61186],[-72.26838,-38.60599],[-72.28451,-38.60372],[-72.32044,-38.59517],[-72.31912,-38.5916],[-72.31345,-38.5862],[-72.31197,-38.58233],[-72.31606,-38.58065],[-72.32154,-38.58068],[-72.32948,-38.58419],[-72.33292,-38.58362],[-72.34065,-38.58632],[-72.34554,-38.58564],[-72.37551,-38.59745],[-72.38225,-38.60354],[-72.3904,-38.60794]]}},{"id":"7298","type":"Feature","properties":{"ROL":"S/R","NOMBRE_CAMINO":"Lumaco - Butarrincón","CLASIFICACION":"Sin Información","CALZADA":"-","tmda":null},"geometry":{"type":"LineString","coordinates":[[-72.92648,-38.133],[-72.91911,-38.11575],[-72.91527,-38.1111],[-72.90958,-38.10718],[-72.89922,-38.09203],[-72.89495,-38.08826],[-72.89155,-38.07584],[-72.88628,-38.07057]]}},{"id":"7299","type":"Feature","properties":{"ROL":"R-817","NOMBRE_CAMINO":"Cruce Ruta R-815 (trongol) - Cruce Ruta R-825","CLASIFICACION":"Sin Información","CALZADA":"-","tmda":null},"geometry":{"type":"LineString","coordinates":[[-72.35497,-38.31059],[-72.33172,-38.31531],[-72.32746,-38.31728],[-72.31631,-38.31763],[-72.30162,-38.32268]]}},{"id":"7300","type":"Feature","properties":{"ROL":"R-572","NOMBRE_CAMINO":"La Estrella - Bajo Puente Colo","CLASIFICACION":"Sin Información","CALZADA":"-","tmda":null},"geometry":{"type":"LineString","coordinates":[[-72.32912,-38.19305],[-72.3393,-38.19279],[-72.33957,-38.19426]]}},{"id":"7301","type":"Feature","properties":{"ROL":"S/R","NOMBRE_CAMINO":"Huente Grande Hacia El Sur","CLASIFICACION":"Sin Información","CALZADA":"-","tmda":899.0},"geometry":{"type":"LineString","coordinates":[[-72.46025,-39.02349],[-72.4586,-39.02595],[-72.44415,-39.03506],[-72.43756,-39.04136]]}},{"id":"7302","type":"Feature","properties":{"ROL":"S-417","NOMBRE_CAMINO":"Lo Ignao - Los Laureles","CLASIFICACION":"Sin Información","CALZADA":"-","tmda":null},"geometry":{"type":"LineString","coordinates":[[-72.21091,-38.90521],[-72.22232,-38.9331],[-72.22145,-38.93583],[-72.22426,-38.93707],[-72.23023,-38.95727],[-72.23197,-38.95916],[-72.23733,-38.97512]]}},{"id":"7303","type":"Feature","properties":{"ROL":"S/R","NOMBRE_CAMINO":"Maichín - Resbaloso","CLASIFICACION":"Sin Información","CALZADA":"-","tmda":null},"geometry":{"type":"LineString","coordinates":[[-71.59787,-39.34398],[-71.58857,-39.34496],[-71.57477,-39.33655],[-71.57004,-39.33179],[-71.55871,-39.32578]]}},{"id":"7304","type":"Feature","properties":{"ROL":"S/R","NOMBRE_CAMINO":"Puente Basas - Angostura Resfaloso","CLASIFICACION":"Sin Información","CALZADA":"-","tmda":null},"geometry":{"type":"LineString","coordinates":[[-71.52865,-39.33379],[-71.5378,-39.3284],[-71.55453,-39.32266],[-71.55484,-39.32139],[-71.55247,-39.3189]]}},{"id":"7305","type":"Feature","properties":{"ROL":"R-831","NOMBRE_CAMINO":"Cruce R-839-s - Reducción Milqueo - Llallancura","CLASIFICACION":"Sin Información","CALZADA":"-","tmda":null},"geometry":{"type":"LineString","coordinates":[[-72.21511,-38.40074],[-72.22506,-38.42325],[-72.23678,-38.4207],[-72.24127,-38.41771],[-72.24619,-38.41683],[-72.24707,-38.41507],[-72.24571,-38.41151]]}},{"id":"7306","type":"Feature","properties":{"ROL":"S/R","NOMBRE_CAMINO":"Liverpool - Zapadores","CLASIFICACION":"Sin Información","CALZADA":"-","tmda":null},"geometry":{"type":"LineString","coordinates":[[-72.00688,-38.32528],[-72.00054,-38.31829],[-71.98692,-38.31911],[-71.98145,-38.31659],[-71.97958,-38.31371],[-71.97209,-38.30799],[-71.96267,-38.30594]]}},{"id":"7307","type":"Feature","properties":{"ROL":"S/R","NOMBRE_CAMINO":"Posta Radalco - Fundo Cumpeo","CLASIFICACION":"Sin Información","CALZADA":"-","tmda":null},"geometry":{"type":"LineString","coordinates":[[-71.9595,-38.37327],[-71.97537,-38.36948],[-71.97998,-38.36997]]}},{"id":"7308","type":"Feature","properties":{"ROL":"S/R","NOMBRE_CAMINO":"Variante Loncomahuida","CLASIFICACION":"Sin Información","CALZADA":"-","tmda":null},"geometry":{"type":"LineString","coordinates":[[-72.45481,-37.96343],[-72.45787,-37.96584]]}},{"id":"7309","type":"Feature","properties":{"ROL":"S/R","NOMBRE_CAMINO":"Traiguén - Chufquén Por Chanco","CLASIFICACION":"Sin Información","CALZADA":"-","tmda":null},"geometry":{"type":"LineString","coordinates":[[-72.59107,-38.29662],[-72.59263,-38.29981],[-72.6023,-38.29943],[-72.60765,-38.30062],[-72.61486,-38.30647],[-72.62173,-38.30712],[-72.63271,-38.31046],[-72.63646,-38.31488],[-72.64126,-38.3146],[-72.64364,-38.32139],[-72.63926,-38.32249],[-72.64017,-38.33064]]}},{"id":"7310","type":"Feature","properties":{"ROL":"S/R","NOMBRE_CAMINO":"Itraque - Fundo La Cabaña","CLASIFICACION":"Sin Información","CALZADA":"-","tmda":null},"geometry":{"type":"LineString","coordinates":[[-72.62961,-37.82216],[-72.6175,-37.82576],[-72.56851,-37.82153],[-72.56917,-37.81715],[-72.57536,-37.80642],[-72.57989,-37.80456]]}},{"id":"7311","type":"Feature","properties":{"ROL":"S/R","NOMBRE_CAMINO":"Mininco - Manzanar Por Puente Amarillo","CLASIFICACION":"Sin Información","CALZADA":"-","tmda":null},"geometry":{"type":"LineString","coordinates":[[-72.48477,-37.79566],[-72.48925,-37.80111],[-72.49379,-37.7997],[-72.49557,-37.80027],[-72.49538,-37.80248],[-72.50357,-37.80534],[-72.50948,-37.80502],[-72.53833,-37.78945]]}},{"id":"7312","type":"Feature","properties":{"ROL":"S/R","NOMBRE_CAMINO":"Traitraén - Mallohue","CLASIFICACION":"Sin Información","CALZADA":"-","tmda":164.0},"geometry":{"type":"LineString","coordinates":[[-72.86799,-38.99293],[-72.86979,-38.98804],[-72.87021,-38.98039],[-72.86702,-38.97169],[-72.86929,-38.97112],[-72.86839,-38.96849],[-72.87164,-38.96539],[-72.88268,-38.96692]]}},{"id":"7313","type":"Feature","properties":{"ROL":"S/R","NOMBRE_CAMINO":"Reducción Requén Pillán - Reducción Requén Cabrapán","CLASIFICACION":"Sin Información","CALZADA":"-","tmda":null},"geometry":{"type":"LineString","coordinates":[[-72.54498,-37.93827],[-72.54598,-37.94197],[-72.54502,-37.94959],[-72.54076,-37.95023],[-72.53289,-37.96154],[-72.53076,-37.96194],[-72.52943,-37.96565],[-72.52569,-37.96756],[-72.52639,-37.96907],[-72.52421,-37.97145],[-72.51964,-37.97294],[-72.5182,-37.9764],[-72.50455,-37.98237]]}},{"id":"7314","type":"Feature","properties":{"ROL":"S-354","NOMBRE_CAMINO":"Cruce Longitudinal - Pumalal","CLASIFICACION":"Sin Información","CALZADA":"-","tmda":null},"geometry":{"type":"LineString","coordinates":[[-72.46456,-38.63909],[-72.47987,-38.63493]]}},{"id":"7315","type":"Feature","properties":{"ROL":"S/R","NOMBRE_CAMINO":"Cruce S-260 - Cruce S-264","CLASIFICACION":"Sin Información","CALZADA":"-","tmda":899.0},"geometry":{"type":"LineString","coordinates":[[-72.75611,-38.71272],[-72.76063,-38.72081],[-72.76182,-38.72891],[-72.76065,-38.73419]]}},{"id":"7316","type":"Feature","properties":{"ROL":"S-210","NOMBRE_CAMINO":"Hualacura - Chacabuco - Las Araucarias","CLASIFICACION":"Sin Información","CALZADA":"-","tmda":831.0},"geometry":{"type":"LineString","coordinates":[[-73.01101,-38.65791],[-73.0077,-38.66241]]}},{"id":"7317","type":"Feature","properties":{"ROL":"S/R","NOMBRE_CAMINO":"Acceso Posta Nohualhue","CLASIFICACION":"Sin Información","CALZADA":"-","tmda":164.0},"geometry":{"type":"LineString","coordinates":[[-72.8337,-38.86981],[-72.83594,-38.87183],[-72.83725,-38.87095],[-72.8371,-38.86931],[-72.84399,-38.86676],[-72.84167,-38.8604],[-72.85017,-38.85709]]}},{"id":"7318","type":"Feature","properties":{"ROL":"S/R","NOMBRE_CAMINO":"Reducción Huidina - Lomahue - Boroa","CLASIFICACION":"Sin Información","CALZADA":"-","tmda":164.0},"geometry":{"type":"LineString","coordinates":[[-72.91374,-38.92245],[-72.90772,-38.92005],[-72.89727,-38.91876],[-72.89201,-38.9141],[-72.88538,-38.91241]]}},{"id":"7319","type":"Feature","properties":{"ROL":"S-52","NOMBRE_CAMINO":"Nueva Imperial - Barros Arana","CLASIFICACION":"Sin Información","CALZADA":"-","tmda":1676.0},"geometry":{"type":"LineString","coordinates":[[-72.94647,-38.74841],[-72.94613,-38.75145],[-72.94222,-38.75515],[-72.94186,-38.75911],[-72.94669,-38.77513],[-72.94609,-38.77778],[-72.94756,-38.78302]]}},{"id":"7320","type":"Feature","properties":{"ROL":"S-40","NOMBRE_CAMINO":"Temuco - Nueva Imperial - Puerto Saavedra","CLASIFICACION":"Sin Información","CALZADA":"-","tmda":3925.0},"geometry":{"type":"LineString","coordinates":[[-72.73378,-38.7646],[-72.74692,-38.76482],[-72.76844,-38.7682],[-72.79085,-38.76581],[-72.81059,-38.76853],[-72.83331,-38.76419],[-72.86896,-38.76966],[-72.9095,-38.75752],[-72.9187,-38.75785],[-72.92557,-38.75462],[-72.94615,-38.7484],[-72.95945,-38.75025],[-72.96201,-38.74669],[-72.96127,-38.74498],[-72.96231,-38.74284],[-72.97718,-38.74065],[-72.98655,-38.72975],[-72.99491,-38.72646],[-73.00132,-38.72175],[-73.01983,-38.71709],[-73.03972,-38.71011],[-73.04351,-38.71021],[-73.0467,-38.71333],[-73.05013,-38.71404],[-73.06905,-38.70853],[-73.08364,-38.69354],[-73.08743,-38.692],[-73.10974,-38.69333],[-73.11799,-38.69765],[-73.12668,-38.70409],[-73.13003,-38.70806],[-73.13354,-38.70973],[-73.14014,-38.70951],[-73.14534,-38.71202],[-73.15075,-38.71272],[-73.15382,-38.71275],[-73.15795,-38.70911],[-73.16813,-38.71138],[-73.16823,-38.7175],[-73.17237,-38.71875],[-73.17683,-38.71812],[-73.17585,-38.70899],[-73.17712,-38.70345],[-73.18295,-38.70073],[-73.18824,-38.70174],[-73.19362,-38.70621],[-73.19657,-38.71051],[-73.19882,-38.71133],[-73.23789,-38.70252],[-73.25691,-38.70018],[-73.27625,-38.69993],[-73.28133,-38.70202],[-73.28862,-38.69929],[-73.3198,-38.69935],[-73.33475,-38.70738],[-73.33887,-38.71088],[-73.34003,-38.71744],[-73.35503,-38.7502],[-73.36724,-38.75516],[-73.4034,-38.77887],[-73.39765,-38.78565],[-73.39581,-38.79443],[-73.39732,-38.79851],[-73.40138,-38.79854],[-73.3983,-38.80902],[-73.40062,-38.81327]]}},{"id":"7321","type":"Feature","properties":{"ROL":"S-229","NOMBRE_CAMINO":"Cruce S-225 -  Cruce S-227","CLASIFICACION":"Sin Información","CALZADA":"-","tmda":null},"geometry":{"type":"LineString","coordinates":[[-72.38193,-38.61147],[-72.38207,-38.61531],[-72.3889,-38.61879],[-72.41512,-38.62683],[-72.41315,-38.63027],[-72.41454,-38.63374],[-72.41884,-38.63393],[-72.42751,-38.63802],[-72.43041,-38.63708]]}},{"id":"7322","type":"Feature","properties":{"ROL":"S/R","NOMBRE_CAMINO":"Dollinco - Santa Rosa","CLASIFICACION":"Sin Información","CALZADA":"-","tmda":null},"geometry":{"type":"LineString","coordinates":[[-72.21478,-38.49169],[-72.21258,-38.4856],[-72.21423,-38.46412]]}},{"id":"7323","type":"Feature","properties":{"ROL":"S-161-R","NOMBRE_CAMINO":"Agua Santa - Río Cautín","CLASIFICACION":"Sin Información","CALZADA":"-","tmda":null},"geometry":{"type":"LineString","coordinates":[[-72.28692,-38.49073],[-72.2707,-38.47845],[-72.26062,-38.47421],[-72.22239,-38.46698],[-72.21052,-38.46327],[-72.19687,-38.46273],[-72.18676,-38.46089],[-72.16119,-38.45205],[-72.13361,-38.44582],[-72.12697,-38.4428],[-72.11079,-38.44599],[-72.10916,-38.44235],[-72.09216,-38.43878],[-72.08434,-38.43174],[-72.08479,-38.42837],[-72.08145,-38.42613],[-72.07612,-38.41727],[-72.07225,-38.41751],[-72.06989,-38.41558]]}},{"id":"7324","type":"Feature","properties":{"ROL":"S/R","NOMBRE_CAMINO":"Bifurcación Cañete Por Rucapillán","CLASIFICACION":"Sin Información","CALZADA":"-","tmda":null},"geometry":{"type":"LineString","coordinates":[[-72.79874,-37.76755],[-72.80511,-37.76244],[-72.80503,-37.76017],[-72.80867,-37.75854],[-72.81869,-37.76601],[-72.8212,-37.76611],[-72.82681,-37.7646],[-72.82854,-37.75939],[-72.83106,-37.75865],[-72.83334,-37.75587],[-72.84276,-37.75756],[-72.84621,-37.75931],[-72.85943,-37.76066],[-72.86645,-37.75684],[-72.88027,-37.75566],[-72.88835,-37.75037],[-72.89074,-37.74713],[-72.89513,-37.74804],[-72.90582,-37.73892],[-72.90755,-37.73863],[-72.90935,-37.73603],[-72.91267,-37.73648],[-72.92444,-37.73318],[-72.92583,-37.73402],[-72.93273,-37.73094],[-72.93602,-37.72622],[-72.93525,-37.72443],[-72.93875,-37.72162],[-72.9384,-37.71631],[-72.94031,-37.71607],[-72.94146,-37.71272],[-72.94036,-37.70901],[-72.94109,-37.70498],[-72.93916,-37.70329],[-72.9397,-37.70009],[-72.94313,-37.69663],[-72.95113,-37.69436],[-72.95465,-37.69162],[-72.95346,-37.69025],[-72.95474,-37.68875],[-72.95032,-37.68655],[-72.95126,-37.68285],[-72.94967,-37.6817],[-72.94962,-37.67928],[-72.95459,-37.6761],[-72.95545,-37.67132],[-72.96037,-37.67315]]}},{"id":"7325","type":"Feature","properties":{"ROL":"R-142","NOMBRE_CAMINO":"Antiguo Camino A Pellomenco","CLASIFICACION":"Sin Información","CALZADA":"-","tmda":null},"geometry":{"type":"LineString","coordinates":[[-72.70382,-37.79034],[-72.70418,-37.78478],[-72.69918,-37.78138],[-72.69849,-37.7739],[-72.69658,-37.76893],[-72.7029,-37.76247],[-72.70705,-37.76522],[-72.71132,-37.7654]]}},{"id":"7326","type":"Feature","properties":{"ROL":"S/R","NOMBRE_CAMINO":"Alaska - Reducción Temucuicui","CLASIFICACION":"Sin Información","CALZADA":"-","tmda":null},"geometry":{"type":"LineString","coordinates":[[-72.44818,-38.07878],[-72.44769,-38.08876],[-72.4352,-38.08572],[-72.43086,-38.0859]]}},{"id":"7327","type":"Feature","properties":{"ROL":"S/R","NOMBRE_CAMINO":"Comunidad California","CLASIFICACION":"Sin Información","CALZADA":"-","tmda":null},"geometry":{"type":"LineString","coordinates":[[-72.07845,-38.30063],[-72.0686,-38.29512],[-72.0567,-38.29562],[-72.05038,-38.27974]]}},{"id":"7328","type":"Feature","properties":{"ROL":"S/R","NOMBRE_CAMINO":"Comunidad Graneros","CLASIFICACION":"Sin Información","CALZADA":"-","tmda":null},"geometry":{"type":"LineString","coordinates":[[-72.24768,-38.26144],[-72.25323,-38.2734],[-72.25116,-38.27416],[-72.25586,-38.28863],[-72.25333,-38.2894]]}},{"id":"7329","type":"Feature","properties":{"ROL":"S/R","NOMBRE_CAMINO":"Comunidad Rucamilla","CLASIFICACION":"Sin Información","CALZADA":"-","tmda":null},"geometry":{"type":"LineString","coordinates":[[-72.19962,-38.19423],[-72.18899,-38.16363]]}},{"id":"7330","type":"Feature","properties":{"ROL":"S/R","NOMBRE_CAMINO":"Llafquentué - Santa Laura","CLASIFICACION":"Sin Información","CALZADA":"-","tmda":null},"geometry":{"type":"LineString","coordinates":[[-72.79664,-38.51952],[-72.79558,-38.52105],[-72.79749,-38.52767],[-72.79345,-38.53167],[-72.78597,-38.53169],[-72.78557,-38.53317],[-72.78339,-38.53324],[-72.78189,-38.53784],[-72.78293,-38.54363],[-72.78176,-38.54646],[-72.79054,-38.54782]]}},{"id":"7331","type":"Feature","properties":{"ROL":"S/R","NOMBRE_CAMINO":"Variante Montecinos","CLASIFICACION":"Sin Información","CALZADA":"-","tmda":null},"geometry":{"type":"LineString","coordinates":[[-72.53231,-38.61411],[-72.52701,-38.61496],[-72.52496,-38.61382],[-72.52573,-38.60441],[-72.52149,-38.6022],[-72.5186,-38.5936],[-72.51512,-38.59052],[-72.51245,-38.58458]]}},{"id":"7332","type":"Feature","properties":{"ROL":"S-360","NOMBRE_CAMINO":"Cruce S-348 - Fundo Faure","CLASIFICACION":"Sin Información","CALZADA":"-","tmda":null},"geometry":{"type":"LineString","coordinates":[[-72.49715,-38.61778],[-72.50954,-38.60658],[-72.51256,-38.60219],[-72.51946,-38.5986]]}},{"id":"7333","type":"Feature","properties":{"ROL":"S-506","NOMBRE_CAMINO":"Chapod - Cruce Ruta S-500","CLASIFICACION":"Sin Información","CALZADA":"-","tmda":null},"geometry":{"type":"LineString","coordinates":[[-72.73668,-38.7973],[-72.73599,-38.80061],[-72.7375,-38.81177],[-72.74167,-38.81807],[-72.73839,-38.82272],[-72.7443,-38.82582],[-72.74677,-38.82538],[-72.74818,-38.82932]]}},{"id":"7334","type":"Feature","properties":{"ROL":"S-401","NOMBRE_CAMINO":"Lo Ignao - Cancura","CLASIFICACION":"Sin Información","CALZADA":"-","tmda":null},"geometry":{"type":"LineString","coordinates":[[-72.21088,-38.90511],[-72.20554,-38.89104],[-72.20601,-38.88925],[-72.20273,-38.88911],[-72.20395,-38.88689],[-72.19898,-38.87369],[-72.19256,-38.87032]]}},{"id":"7335","type":"Feature","properties":{"ROL":"S/R","NOMBRE_CAMINO":"Tijeral - Tolpán Por El Almendro","CLASIFICACION":"Sin Información","CALZADA":"-","tmda":null},"geometry":{"type":"LineString","coordinates":[[-72.64583,-37.71054],[-72.64293,-37.70981],[-72.63897,-37.67733]]}},{"id":"7336","type":"Feature","properties":{"ROL":"R-23","NOMBRE_CAMINO":"Cruce Ruta 5 (esperanza) - Huapitrío - La Suerte","CLASIFICACION":"Sin Información","CALZADA":"-","tmda":null},"geometry":{"type":"LineString","coordinates":[[-72.24757,-37.89821],[-72.22227,-37.91803],[-72.21652,-37.92385],[-72.18629,-37.9384]]}},{"id":"7337","type":"Feature","properties":{"ROL":"S/R","NOMBRE_CAMINO":"Cruce Longitudinal - Villa Esperanza","CLASIFICACION":"Sin Información","CALZADA":"-","tmda":null},"geometry":{"type":"LineString","coordinates":[[-72.39053,-37.84591],[-72.39263,-37.84572],[-72.39636,-37.84271]]}},{"id":"7338","type":"Feature","properties":{"ROL":"R-42","NOMBRE_CAMINO":"Purén - Lumaco","CLASIFICACION":"Sin Información","CALZADA":"-","tmda":1044.0},"geometry":{"type":"LineString","coordinates":[[-73.00007,-38.07026],[-72.98416,-38.08088],[-72.978,-38.09083],[-72.97277,-38.09312],[-72.9675,-38.09362],[-72.95899,-38.09755],[-72.95669,-38.0997],[-72.95377,-38.1085],[-72.955,-38.11338],[-72.94904,-38.11563]]}},{"id":"7339","type":"Feature","properties":{"ROL":"S/R","NOMBRE_CAMINO":"Cruce R-71 - Pailahueque","CLASIFICACION":"Sin Información","CALZADA":"-","tmda":null},"geometry":{"type":"LineString","coordinates":[[-72.28199,-38.19397],[-72.27545,-38.19014],[-72.25881,-38.17347],[-72.25531,-38.16324],[-72.25913,-38.16311],[-72.2579,-38.15509],[-72.27254,-38.14808],[-72.28252,-38.13829],[-72.29575,-38.13312],[-72.31174,-38.13039],[-72.31459,-38.13086],[-72.31489,-38.13309],[-72.31657,-38.13368]]}},{"id":"7340","type":"Feature","properties":{"ROL":"S-95-T","NOMBRE_CAMINO":"Villarrica - Licánray - Coñaripe - Cruce 201 Ch S: Villarrica - Límite Regional","CLASIFICACION":"Sin Información","CALZADA":"-","tmda":6186.0},"geometry":{"type":"LineString","coordinates":[[-72.22644,-39.28794],[-72.23045,-39.29139],[-72.22837,-39.29547],[-72.23347,-39.30145],[-72.2327,-39.31045],[-72.22099,-39.33347],[-72.22147,-39.33844],[-72.21302,-39.3586],[-72.207,-39.36283],[-72.20747,-39.36543],[-72.21144,-39.3696],[-72.22184,-39.37496],[-72.22379,-39.37721],[-72.22474,-39.37955],[-72.22343,-39.38269],[-72.22737,-39.3911],[-72.22837,-39.3955],[-72.22773,-39.3994],[-72.22548,-39.40101],[-72.22452,-39.4043],[-72.21182,-39.41108],[-72.20595,-39.41623],[-72.1825,-39.4485],[-72.17377,-39.45667],[-72.17248,-39.46274],[-72.16981,-39.46611],[-72.16631,-39.48079],[-72.16477,-39.48278],[-72.15835,-39.48506],[-72.15315,-39.48385],[-72.13304,-39.48314],[-72.13162,-39.4841],[-72.13043,-39.48835],[-72.12371,-39.49156],[-72.11371,-39.49309],[-72.10361,-39.50303]]}},{"id":"7341","type":"Feature","properties":{"ROL":"S-905","NOMBRE_CAMINO":"Cruce Ruta 199 Ch (pucón) - Lago Caburga","CLASIFICACION":"Sin Información","CALZADA":"-","tmda":7315.0},"geometry":{"type":"LineString","coordinates":[[-71.88935,-39.2951],[-71.88948,-39.29426],[-71.86491,-39.28329],[-71.85965,-39.27758],[-71.84404,-39.27138],[-71.83409,-39.26987],[-71.82741,-39.26676],[-71.82617,-39.26212],[-71.82874,-39.25755],[-71.83105,-39.24611],[-71.83054,-39.24207],[-71.8245,-39.23513],[-71.82181,-39.22883],[-71.81587,-39.22268],[-71.81206,-39.20596],[-71.8075,-39.19832]]}},{"id":"7342","type":"Feature","properties":{"ROL":"S/R","NOMBRE_CAMINO":"Labranza - Cruce Ruta S-500","CLASIFICACION":"Sin Información","CALZADA":"-","tmda":899.0},"geometry":{"type":"LineString","coordinates":[[-72.73791,-38.79737],[-72.74,-38.77624]]}},{"id":"7343","type":"Feature","properties":{"ROL":"S-222","NOMBRE_CAMINO":"Los Boldos - Hualacura","CLASIFICACION":"Sin Información","CALZADA":"-","tmda":682.0},"geometry":{"type":"LineString","coordinates":[[-72.88861,-38.69661],[-72.89916,-38.70388],[-72.90568,-38.70656],[-72.9127,-38.70733],[-72.9317,-38.70466],[-72.95761,-38.69574],[-72.97245,-38.69779]]}},{"id":"7344","type":"Feature","properties":{"ROL":"S-566","NOMBRE_CAMINO":"Fin Fin - Rapa Boroa","CLASIFICACION":"Sin Información","CALZADA":"-","tmda":null},"geometry":{"type":"LineString","coordinates":[[-72.80853,-38.84289],[-72.81947,-38.84762],[-72.82909,-38.84516],[-72.83312,-38.84681],[-72.83823,-38.84614],[-72.84363,-38.84754],[-72.85948,-38.84159],[-72.86571,-38.84443],[-72.86576,-38.84605],[-72.86774,-38.84767],[-72.87363,-38.85009],[-72.87895,-38.84789],[-72.8847,-38.84314],[-72.8979,-38.84232]]}},{"id":"7345","type":"Feature","properties":{"ROL":"S-485","NOMBRE_CAMINO":"Cruce Ruta S-497 - La Bastilla","CLASIFICACION":"Sin Información","CALZADA":"-","tmda":null},"geometry":{"type":"LineString","coordinates":[[-72.15603,-38.95851],[-72.15982,-38.95993],[-72.15872,-38.96042],[-72.16144,-38.96921],[-72.16927,-38.98729]]}},{"id":"7346","type":"Feature","properties":{"ROL":"S-92","NOMBRE_CAMINO":"Gorbea - Cuesta Lastarria - Loncoche","CLASIFICACION":"Sin Información","CALZADA":"-","tmda":853.0},"geometry":{"type":"LineString","coordinates":[[-72.67147,-39.11235],[-72.67722,-39.11437],[-72.6816,-39.12403],[-72.67902,-39.13101],[-72.66606,-39.14753],[-72.6659,-39.15271],[-72.65953,-39.15827],[-72.65883,-39.16207],[-72.66004,-39.16715],[-72.66625,-39.17307],[-72.66459,-39.17951],[-72.66717,-39.19349],[-72.67136,-39.19899],[-72.67251,-39.20542],[-72.67909,-39.20817],[-72.68393,-39.21537],[-72.68184,-39.22084],[-72.68367,-39.22573],[-72.68059,-39.23213],[-72.67865,-39.24051],[-72.68063,-39.25671]]}},{"id":"7347","type":"Feature","properties":{"ROL":"S-10","NOMBRE_CAMINO":"Cruce Ruta 5 - Galvarino","CLASIFICACION":"Sin Información","CALZADA":"-","tmda":1435.0},"geometry":{"type":"LineString","coordinates":[[-72.62787,-38.45256],[-72.64686,-38.44288],[-72.66878,-38.44262],[-72.68385,-38.43714],[-72.70883,-38.43604],[-72.72308,-38.43858],[-72.74592,-38.43933],[-72.75983,-38.43505],[-72.77639,-38.42464]]}},{"id":"7348","type":"Feature","properties":{"ROL":"S/R","NOMBRE_CAMINO":"Martínez De Rozas - Huilio - Alto Boroa","CLASIFICACION":"Sin Información","CALZADA":"-","tmda":164.0},"geometry":{"type":"LineString","coordinates":[[-72.8336,-38.89339],[-72.83363,-38.88732],[-72.83541,-38.88475],[-72.83293,-38.87716],[-72.83376,-38.86325],[-72.83229,-38.86248],[-72.83033,-38.85565],[-72.83186,-38.84651]]}},{"id":"7349","type":"Feature","properties":{"ROL":"S-162","NOMBRE_CAMINO":"Cruce S-40 (ranquilco) - Chacamo","CLASIFICACION":"Sin Información","CALZADA":"-","tmda":null},"geometry":{"type":"LineString","coordinates":[[-73.07219,-38.70498],[-73.06795,-38.70223],[-73.06957,-38.69156],[-73.06545,-38.689],[-73.06935,-38.6862],[-73.06895,-38.68337],[-73.06537,-38.68251],[-73.06592,-38.68033],[-73.06412,-38.68016],[-73.06683,-38.67507],[-73.06515,-38.6697],[-73.06588,-38.66514],[-73.07236,-38.66037],[-73.07208,-38.65753],[-73.06691,-38.65003],[-73.06689,-38.64656],[-73.06464,-38.64474],[-73.06684,-38.64029],[-73.07058,-38.63896],[-73.07557,-38.63345],[-73.07555,-38.62625],[-73.07887,-38.61992],[-73.07337,-38.61364],[-73.06254,-38.60942],[-73.06036,-38.60673],[-73.05966,-38.60286],[-73.06087,-38.59875],[-73.06522,-38.59482],[-73.06472,-38.59115],[-73.06136,-38.5888],[-73.06103,-38.5859],[-73.05913,-38.58364],[-73.05001,-38.58313]]}},{"id":"7350","type":"Feature","properties":{"ROL":"S-210","NOMBRE_CAMINO":"Hualacura - Chacabuco - Villa Araucaria","CLASIFICACION":"Sin Información","CALZADA":"-","tmda":null},"geometry":{"type":"LineString","coordinates":[[-73.06424,-38.60996],[-73.07299,-38.60462],[-73.07533,-38.60034],[-73.07942,-38.59718],[-73.08084,-38.59403],[-73.09105,-38.58339],[-73.09033,-38.57707],[-73.09391,-38.57529],[-73.09909,-38.5659],[-73.09795,-38.5613],[-73.09871,-38.55857],[-73.0975,-38.55767],[-73.09873,-38.55632],[-73.09962,-38.54775],[-73.10243,-38.54176],[-73.11655,-38.53234],[-73.12637,-38.52754],[-73.12773,-38.52301],[-73.13831,-38.52218],[-73.14348,-38.51753],[-73.16403,-38.51263],[-73.17118,-38.51542],[-73.17958,-38.51629],[-73.18631,-38.52013],[-73.19878,-38.51858],[-73.20043,-38.51994],[-73.20036,-38.51894],[-73.20833,-38.51591],[-73.22124,-38.50863],[-73.22786,-38.50793],[-73.2297,-38.50435],[-73.23249,-38.5034],[-73.23462,-38.49993],[-73.23416,-38.49789],[-73.23749,-38.49416],[-73.24526,-38.49269],[-73.25263,-38.49479],[-73.26229,-38.49264],[-73.26963,-38.48488],[-73.27414,-38.48609],[-73.28171,-38.48451],[-73.28434,-38.48705]]}},{"id":"7351","type":"Feature","properties":{"ROL":"S-120","NOMBRE_CAMINO":"Variante San Juan De Trovolhue","CLASIFICACION":"Sin Información","CALZADA":"-","tmda":null},"geometry":{"type":"LineString","coordinates":[[-73.3509,-38.62408],[-73.35236,-38.62289],[-73.35232,-38.61964],[-73.35568,-38.61844],[-73.3636,-38.61969],[-73.36961,-38.61902],[-73.37903,-38.62127],[-73.38233,-38.61656],[-73.4047,-38.61172],[-73.41073,-38.60683],[-73.40771,-38.60156],[-73.40861,-38.59851],[-73.40715,-38.5947],[-73.40814,-38.59125],[-73.41068,-38.59006],[-73.41189,-38.5865],[-73.41491,-38.58386],[-73.41441,-38.58197],[-73.41551,-38.58084],[-73.43367,-38.57386],[-73.43567,-38.56866],[-73.43489,-38.56353],[-73.43085,-38.56025],[-73.43087,-38.55578],[-73.4208,-38.54875],[-73.42031,-38.543],[-73.41384,-38.53767]]}},{"id":"7352","type":"Feature","properties":{"ROL":"S/R","NOMBRE_CAMINO":"Cruce S-108 - Coicoi","CLASIFICACION":"Sin Información","CALZADA":"-","tmda":null},"geometry":{"type":"LineString","coordinates":[[-73.47146,-38.62538],[-73.47267,-38.62427],[-73.47281,-38.61722],[-73.47531,-38.6167],[-73.48019,-38.61267],[-73.48117,-38.61043]]}},{"id":"7353","type":"Feature","properties":{"ROL":"S-46","NOMBRE_CAMINO":"Carahue - Puerto Dominguez - Rucacura","CLASIFICACION":"Sin Información","CALZADA":"-","tmda":831.0},"geometry":{"type":"LineString","coordinates":[[-73.25441,-38.90152],[-73.25082,-38.90834],[-73.25374,-38.90944],[-73.2568,-38.908],[-73.25911,-38.9101],[-73.25719,-38.915],[-73.25726,-38.92401],[-73.26233,-38.92893],[-73.26339,-38.93208],[-73.26252,-38.93317],[-73.25599,-38.93276],[-73.25494,-38.93384],[-73.25906,-38.94009],[-73.25827,-38.95601],[-73.25977,-38.9665],[-73.25758,-38.97603],[-73.25225,-38.97903],[-73.25141,-38.98221],[-73.24587,-38.98477],[-73.23906,-38.98421],[-73.23778,-38.98539],[-73.23986,-38.99001],[-73.24407,-38.99348],[-73.24504,-38.99689],[-73.25121,-39.00196],[-73.25493,-39.01172],[-73.26847,-39.01793],[-73.27047,-39.02482],[-73.26918,-39.03548],[-73.25931,-39.06502],[-73.25693,-39.06888],[-73.19758,-39.08316]]}},{"id":"7354","type":"Feature","properties":{"ROL":"S-460","NOMBRE_CAMINO":"Renaco - Cruce Ruta S-518","CLASIFICACION":"Sin Información","CALZADA":"-","tmda":null},"geometry":{"type":"LineString","coordinates":[[-73.09717,-38.90088],[-73.09363,-38.89894],[-73.08523,-38.89833],[-73.07651,-38.89489],[-73.07291,-38.89211],[-73.06664,-38.89206],[-73.05933,-38.88587],[-73.05336,-38.88431],[-73.05229,-38.88213],[-73.05085,-38.88198],[-73.04859,-38.8762],[-73.0365,-38.87375],[-73.03195,-38.86859],[-73.01926,-38.86534],[-73.01252,-38.85989],[-73.01157,-38.85626],[-73.00861,-38.85409],[-73.00696,-38.84937],[-73.00851,-38.83906],[-73.00744,-38.83545]]}},{"id":"7355","type":"Feature","properties":{"ROL":"S/R","NOMBRE_CAMINO":"Vega Redonda - Quintrilpe","CLASIFICACION":"Sin Información","CALZADA":"-","tmda":null},"geometry":{"type":"LineString","coordinates":[[-72.27166,-38.57775],[-72.27295,-38.58373],[-72.26627,-38.59242],[-72.26638,-38.59715],[-72.26934,-38.60582]]}},{"id":"7356","type":"Feature","properties":{"ROL":"S/R","NOMBRE_CAMINO":"Roblería - Parronal","CLASIFICACION":"Sin Información","CALZADA":"-","tmda":null},"geometry":{"type":"LineString","coordinates":[[-72.60397,-37.70354],[-72.60418,-37.70021],[-72.6009,-37.69523],[-72.5876,-37.69716],[-72.5877,-37.7008],[-72.55435,-37.70194]]}},{"id":"7357","type":"Feature","properties":{"ROL":"S/R","NOMBRE_CAMINO":"Cruce Ruta 5 - Quitratué","CLASIFICACION":"Sin Información","CALZADA":"-","tmda":501.0},"geometry":{"type":"LineString","coordinates":[[-72.60221,-39.16771],[-72.65392,-39.15613]]}},{"id":"7358","type":"Feature","properties":{"ROL":"S/R","NOMBRE_CAMINO":"Variante Trigal","CLASIFICACION":"Sin Información","CALZADA":"-","tmda":null},"geometry":{"type":"LineString","coordinates":[[-72.72086,-38.19347],[-72.71062,-38.19065]]}},{"id":"7359","type":"Feature","properties":{"ROL":"S/R","NOMBRE_CAMINO":"Manzanar - Cruce R-650","CLASIFICACION":"Sin Información","CALZADA":"-","tmda":null},"geometry":{"type":"LineString","coordinates":[[-73.24076,-38.31458],[-73.23887,-38.31801]]}},{"id":"7360","type":"Feature","properties":{"ROL":"S/R","NOMBRE_CAMINO":"Variante Santa Elena","CLASIFICACION":"Sin Información","CALZADA":"-","tmda":null},"geometry":{"type":"LineString","coordinates":[[-72.5937,-37.86806],[-72.5884,-37.86709]]}},{"id":"7361","type":"Feature","properties":{"ROL":"S/R","NOMBRE_CAMINO":"Puerto Saavedra - Río Imperial","CLASIFICACION":"Sin Información","CALZADA":"-","tmda":null},"geometry":{"type":"LineString","coordinates":[[-73.40363,-38.77894],[-73.40551,-38.77867],[-73.41081,-38.77245],[-73.41532,-38.76092],[-73.41409,-38.75624],[-73.40895,-38.75324],[-73.40815,-38.75001]]}},{"id":"7362","type":"Feature","properties":{"ROL":"S/R","NOMBRE_CAMINO":"Acceso Sur A Reducción Chacaico","CLASIFICACION":"Sin Información","CALZADA":"-","tmda":null},"geometry":{"type":"LineString","coordinates":[[-72.69059,-37.86524],[-72.68584,-37.86505],[-72.6841,-37.86385],[-72.68358,-37.85858]]}},{"id":"7363","type":"Feature","properties":{"ROL":"S/R","NOMBRE_CAMINO":"Lleupeco - Cuatro Esquinas","CLASIFICACION":"Sin Información","CALZADA":"-","tmda":164.0},"geometry":{"type":"LineString","coordinates":[[-72.8837,-38.808],[-72.8826,-38.81322],[-72.88338,-38.81733],[-72.88188,-38.82164],[-72.88493,-38.83095],[-72.88842,-38.83631],[-72.88468,-38.84317]]}},{"id":"7364","type":"Feature","properties":{"ROL":"S/R","NOMBRE_CAMINO":"Ranquilco - Alto Raulíes","CLASIFICACION":"Sin Información","CALZADA":"-","tmda":null},"geometry":{"type":"LineString","coordinates":[[-73.0076,-38.66256],[-73.00663,-38.66457],[-73.00704,-38.6695],[-73.01141,-38.67162],[-73.01074,-38.6819],[-73.00806,-38.68613],[-73.00832,-38.693],[-73.01006,-38.69577],[-73.01334,-38.69738]]}},{"id":"7365","type":"Feature","properties":{"ROL":"S/R","NOMBRE_CAMINO":"Cutinche - Chivilcoyan","CLASIFICACION":"Sin Información","CALZADA":"-","tmda":null},"geometry":{"type":"LineString","coordinates":[[-72.95682,-38.61853],[-72.96053,-38.61837],[-72.97131,-38.62174],[-72.97755,-38.62068],[-72.9795,-38.61827],[-72.9857,-38.6169],[-72.9887,-38.61864],[-72.99024,-38.62121]]}},{"id":"7366","type":"Feature","properties":{"ROL":"S/R","NOMBRE_CAMINO":"Cruce R-120-p - Limite Regional","CLASIFICACION":"Sin Información","CALZADA":"-","tmda":null},"geometry":{"type":"LineString","coordinates":[[-72.93425,-37.72976],[-72.93751,-37.72837],[-72.94705,-37.72935],[-72.95587,-37.72852],[-72.96979,-37.73622],[-72.98293,-37.74123],[-72.9877,-37.74158],[-72.99296,-37.73962],[-72.99804,-37.74107],[-73.01318,-37.73777],[-73.01609,-37.73875],[-73.01677,-37.74031],[-73.01862,-37.73985]]}},{"id":"7367","type":"Feature","properties":{"ROL":"R-164","NOMBRE_CAMINO":"Renaico - Mininco Por Las Viñas","CLASIFICACION":"Sin Información","CALZADA":"-","tmda":null},"geometry":{"type":"LineString","coordinates":[[-72.4811,-37.7039],[-72.48079,-37.71401],[-72.48993,-37.71373],[-72.49275,-37.71452],[-72.49565,-37.71803],[-72.5025,-37.71765],[-72.50591,-37.71936],[-72.50809,-37.72533],[-72.50776,-37.73384],[-72.50397,-37.75425],[-72.49118,-37.76465],[-72.48792,-37.77591],[-72.48489,-37.77609],[-72.48129,-37.7826]]}},{"id":"7368","type":"Feature","properties":{"ROL":"S/R","NOMBRE_CAMINO":"Loma Del Toro - La Esperanza","CLASIFICACION":"Sin Información","CALZADA":"-","tmda":null},"geometry":{"type":"LineString","coordinates":[[-72.91753,-37.63666],[-72.92513,-37.63655],[-72.92736,-37.63769],[-72.93473,-37.63693],[-72.94171,-37.63971],[-72.94551,-37.63798],[-72.94784,-37.64067],[-72.95056,-37.64041],[-72.9527,-37.64184],[-72.95781,-37.63608],[-72.96596,-37.63341],[-72.96722,-37.63655],[-72.9689,-37.63692],[-72.97827,-37.63498],[-72.98407,-37.63693],[-72.99124,-37.63498],[-72.99334,-37.63584],[-72.99522,-37.63393],[-73.00041,-37.63791],[-73.00307,-37.64679],[-73.00719,-37.6492],[-73.00894,-37.65316],[-73.00655,-37.65588],[-73.00697,-37.65722],[-73.00454,-37.65756],[-73.00087,-37.66049],[-72.99778,-37.66575],[-72.98358,-37.67375],[-72.9818,-37.67214],[-72.97681,-37.67197],[-72.9709,-37.66895],[-72.96934,-37.67047],[-72.96545,-37.66734],[-72.96371,-37.66783],[-72.96041,-37.67307]]}},{"id":"7369","type":"Feature","properties":{"ROL":"R-302","NOMBRE_CAMINO":"Huequen - Manzanar Por Fundo Itraque","CLASIFICACION":"Sin Información","CALZADA":"-","tmda":null},"geometry":{"type":"LineString","coordinates":[[-72.54228,-37.79395],[-72.53193,-37.782]]}},{"id":"7370","type":"Feature","properties":{"ROL":"S/R","NOMBRE_CAMINO":"-","CLASIFICACION":"Sin Información","CALZADA":"-","tmda":null},"geometry":{"type":"LineString","coordinates":[[-72.54555,-38.01594],[-72.5308,-38.00664],[-72.52481,-38.00961],[-72.5199,-38.01636]]}},{"id":"7371","type":"Feature","properties":{"ROL":"S/R","NOMBRE_CAMINO":"Pelehuito - Santa Rosa","CLASIFICACION":"Sin Información","CALZADA":"-","tmda":null},"geometry":{"type":"LineString","coordinates":[[-72.72768,-38.03121],[-72.72953,-38.03398],[-72.72934,-38.03601],[-72.73402,-38.04066],[-72.73527,-38.04556],[-72.73382,-38.04819],[-72.73662,-38.051],[-72.73644,-38.05463],[-72.73923,-38.05741],[-72.74013,-38.06173],[-72.74544,-38.06441],[-72.74587,-38.06692],[-72.74397,-38.07327],[-72.74492,-38.07388]]}},{"id":"7372","type":"Feature","properties":{"ROL":"Ruta 182","NOMBRE_CAMINO":"Collipulli - Angol","CLASIFICACION":"Sin Información","CALZADA":"-","tmda":4030.0},"geometry":{"type":"LineString","coordinates":[[-72.42785,-37.96066],[-72.43235,-37.95897],[-72.43414,-37.96058],[-72.43978,-37.95802],[-72.44866,-37.95006],[-72.46914,-37.93636],[-72.49803,-37.9141],[-72.54527,-37.90047],[-72.55237,-37.89359],[-72.56271,-37.88052],[-72.57222,-37.87361],[-72.58215,-37.86965],[-72.59745,-37.86764],[-72.6032,-37.86905],[-72.62649,-37.8605],[-72.66331,-37.82644],[-72.66558,-37.82303],[-72.67295,-37.81833]]}},{"id":"7373","type":"Feature","properties":{"ROL":"S/R","NOMBRE_CAMINO":"Pichi Pedregoso - Radal","CLASIFICACION":"Sin Información","CALZADA":"-","tmda":899.0},"geometry":{"type":"LineString","coordinates":[[-72.44943,-38.99019],[-72.44953,-38.98275],[-72.45142,-38.98298],[-72.45729,-38.97891],[-72.45204,-38.96238]]}},{"id":"7374","type":"Feature","properties":{"ROL":"R-76-S","NOMBRE_CAMINO":"Traiguén - Galvarino","CLASIFICACION":"Sin Información","CALZADA":"-","tmda":1391.0},"geometry":{"type":"LineString","coordinates":[[-72.65822,-38.2615],[-72.66093,-38.26394],[-72.66809,-38.27952],[-72.68571,-38.29843],[-72.69025,-38.30675],[-72.69074,-38.31147],[-72.6896,-38.31349],[-72.68646,-38.31448],[-72.68561,-38.31801],[-72.69514,-38.32093],[-72.695,-38.32229],[-72.69104,-38.32225],[-72.69039,-38.32329],[-72.69345,-38.32455],[-72.69354,-38.32747],[-72.69823,-38.32901],[-72.69898,-38.3326],[-72.70186,-38.33523],[-72.69736,-38.34589],[-72.6956,-38.37018],[-72.69637,-38.37221],[-72.71183,-38.38218],[-72.73271,-38.39009],[-72.7407,-38.38969],[-72.74674,-38.39255],[-72.74763,-38.39508],[-72.75073,-38.39702],[-72.76612,-38.40087],[-72.77289,-38.40938],[-72.78177,-38.40976]]}},{"id":"7375","type":"Feature","properties":{"ROL":"S-85","NOMBRE_CAMINO":"Quitratue - Cruce Ruta S-91","CLASIFICACION":"Sin Información","CALZADA":"-","tmda":null},"geometry":{"type":"LineString","coordinates":[[-72.58358,-39.20662],[-72.57875,-39.20655],[-72.57406,-39.21178],[-72.56338,-39.21618],[-72.55335,-39.22544],[-72.55262,-39.22922],[-72.5456,-39.23444],[-72.54443,-39.24005],[-72.53594,-39.25025],[-72.53457,-39.25376],[-72.52618,-39.26236],[-72.49885,-39.28071],[-72.50171,-39.28756],[-72.50988,-39.29151],[-72.51405,-39.29741],[-72.50705,-39.30828]]}},{"id":"7376","type":"Feature","properties":{"ROL":"S/R","NOMBRE_CAMINO":"Los Boldos - Boldoche","CLASIFICACION":"Sin Información","CALZADA":"-","tmda":null},"geometry":{"type":"LineString","coordinates":[[-72.88513,-38.69397],[-72.89046,-38.68652],[-72.89111,-38.68062],[-72.89909,-38.67839],[-72.90363,-38.67413],[-72.90824,-38.67308],[-72.90931,-38.67174],[-72.90835,-38.65676],[-72.91558,-38.64583],[-72.92272,-38.64202],[-72.93049,-38.63998],[-72.94266,-38.62953],[-72.95036,-38.62632]]}},{"id":"7377","type":"Feature","properties":{"ROL":"S/R","NOMBRE_CAMINO":"Cruce Ruta S-40- Reneco","CLASIFICACION":"Sin Información","CALZADA":"-","tmda":null},"geometry":{"type":"LineString","coordinates":[[-73.34887,-38.73708],[-73.3464,-38.7364],[-73.34367,-38.73784],[-73.34049,-38.73484],[-73.3355,-38.73456],[-73.33346,-38.73718],[-73.3288,-38.73888],[-73.32618,-38.73742],[-73.32023,-38.73691],[-73.31762,-38.73124],[-73.3036,-38.72827]]}},{"id":"7378","type":"Feature","properties":{"ROL":"S-530","NOMBRE_CAMINO":"Boldo Huacho - Pocuno","CLASIFICACION":"Sin Información","CALZADA":"-","tmda":null},"geometry":{"type":"LineString","coordinates":[[-73.01495,-38.86171],[-73.01571,-38.86858],[-73.01465,-38.87367],[-73.017,-38.87827],[-73.01389,-38.88697],[-73.01588,-38.88839],[-73.01447,-38.89451],[-73.01604,-38.89589]]}},{"id":"7379","type":"Feature","properties":{"ROL":"S-379","NOMBRE_CAMINO":"Pichiquepe - Cunco Chico","CLASIFICACION":"Sin Información","CALZADA":"-","tmda":null},"geometry":{"type":"LineString","coordinates":[[-72.61699,-38.84985],[-72.60879,-38.85203],[-72.58925,-38.85302],[-72.57274,-38.84845],[-72.56916,-38.84515],[-72.56154,-38.84419],[-72.55995,-38.84253],[-72.55269,-38.84288],[-72.54516,-38.84096],[-72.52499,-38.84233]]}},{"id":"7380","type":"Feature","properties":{"ROL":"S/R","NOMBRE_CAMINO":"Huillinco - Rinconada - Cunco Chico","CLASIFICACION":"Sin Información","CALZADA":"-","tmda":899.0},"geometry":{"type":"LineString","coordinates":[[-72.55481,-38.81238],[-72.56686,-38.83089],[-72.5719,-38.84122],[-72.5786,-38.84181],[-72.58179,-38.84357],[-72.5833,-38.84694],[-72.58103,-38.85056]]}},{"id":"7381","type":"Feature","properties":{"ROL":"S/R","NOMBRE_CAMINO":"Púa - Pichoy","CLASIFICACION":"Sin Información","CALZADA":"-","tmda":null},"geometry":{"type":"LineString","coordinates":[[-72.38301,-38.33326],[-72.38079,-38.33575],[-72.38111,-38.33777],[-72.38553,-38.33977],[-72.41362,-38.34867],[-72.43629,-38.35258],[-72.44915,-38.36071],[-72.46459,-38.36649]]}},{"id":"7382","type":"Feature","properties":{"ROL":"S/R","NOMBRE_CAMINO":"Chumay - Remeco Por El Manzano","CLASIFICACION":"Sin Información","CALZADA":"-","tmda":null},"geometry":{"type":"LineString","coordinates":[[-72.64606,-38.2048],[-72.67754,-38.20225]]}},{"id":"7383","type":"Feature","properties":{"ROL":"S/R","NOMBRE_CAMINO":"Acceso Sur A Pidima","CLASIFICACION":"Sin Información","CALZADA":"-","tmda":null},"geometry":{"type":"LineString","coordinates":[[-72.43614,-38.01786],[-72.45271,-38.02705],[-72.46576,-38.03006],[-72.48584,-38.03179],[-72.49684,-38.0352],[-72.50189,-38.03818]]}},{"id":"7384","type":"Feature","properties":{"ROL":"R-450","NOMBRE_CAMINO":"Cruce R-42 (purén) - Milinchique Por Los Aromos","CLASIFICACION":"Sin Información","CALZADA":"-","tmda":null},"geometry":{"type":"LineString","coordinates":[[-73.06259,-38.04406],[-73.06304,-38.04979],[-73.06545,-38.0517],[-73.06583,-38.0537],[-73.06378,-38.0554],[-73.06375,-38.06071],[-73.06963,-38.06714],[-73.07354,-38.06906],[-73.07233,-38.08045],[-73.07314,-38.08206],[-73.0794,-38.08509],[-73.08154,-38.08864],[-73.08052,-38.08995],[-73.08045,-38.0974],[-73.07749,-38.10105],[-73.07771,-38.10236]]}},{"id":"7385","type":"Feature","properties":{"ROL":"S/R","NOMBRE_CAMINO":"Huente - Cruce Ruta S-702","CLASIFICACION":"Sin Información","CALZADA":"-","tmda":null},"geometry":{"type":"LineString","coordinates":[[-73.26806,-38.95731],[-73.27304,-38.97087]]}},{"id":"7386","type":"Feature","properties":{"ROL":"S/R","NOMBRE_CAMINO":"Quitratue - Rinconada Del Donguil","CLASIFICACION":"Sin Información","CALZADA":"-","tmda":501.0},"geometry":{"type":"LineString","coordinates":[[-72.6408,-39.1365],[-72.64479,-39.14595],[-72.64758,-39.1486],[-72.6514,-39.14891],[-72.65853,-39.15497]]}},{"id":"7387","type":"Feature","properties":{"ROL":"S/R","NOMBRE_CAMINO":"Ruta 5 - La America","CLASIFICACION":"Sin Información","CALZADA":"-","tmda":501.0},"geometry":{"type":"LineString","coordinates":[[-72.64061,-39.13656],[-72.6289,-39.13721],[-72.62036,-39.14169],[-72.61343,-39.14303]]}},{"id":"7388","type":"Feature","properties":{"ROL":"S-800","NOMBRE_CAMINO":"Toltén - La Barra","CLASIFICACION":"Sin Información","CALZADA":"-","tmda":null},"geometry":{"type":"LineString","coordinates":[[-73.21787,-39.24747],[-73.22118,-39.25151],[-73.22124,-39.27069],[-73.21818,-39.29373],[-73.21984,-39.29623],[-73.22434,-39.29777],[-73.21693,-39.30232],[-73.21803,-39.30597],[-73.21453,-39.30823],[-73.21166,-39.30938],[-73.19978,-39.30878],[-73.19773,-39.31257],[-73.19987,-39.31813],[-73.19657,-39.31934]]}},{"id":"7389","type":"Feature","properties":{"ROL":"S-790","NOMBRE_CAMINO":"Cruce S-70 - Queule","CLASIFICACION":"Sin Información","CALZADA":"-","tmda":1255.0},"geometry":{"type":"LineString","coordinates":[[-73.16145,-39.21349],[-73.15948,-39.21626],[-73.15947,-39.21938],[-73.16246,-39.22425],[-73.16062,-39.22709],[-73.16086,-39.23428],[-73.157,-39.24186],[-73.15691,-39.24525],[-73.16345,-39.25264],[-73.18296,-39.26971],[-73.18209,-39.27689],[-73.17918,-39.28453],[-73.17382,-39.28708],[-73.17309,-39.29718],[-73.20364,-39.32526],[-73.20555,-39.32926],[-73.20547,-39.33318],[-73.19655,-39.33759],[-73.18916,-39.34839],[-73.18855,-39.35617],[-73.18639,-39.35919]]}},{"id":"7390","type":"Feature","properties":{"ROL":"S/R","NOMBRE_CAMINO":"Manzanal - Ralipitra","CLASIFICACION":"Sin Información","CALZADA":"-","tmda":164.0},"geometry":{"type":"LineString","coordinates":[[-72.95097,-38.8223],[-72.94059,-38.83046],[-72.93673,-38.83197],[-72.93475,-38.83805],[-72.92908,-38.84222],[-72.92501,-38.84329],[-72.91693,-38.84933],[-72.91498,-38.85213],[-72.91147,-38.8644],[-72.90463,-38.87142],[-72.90472,-38.87258],[-72.90847,-38.87543],[-72.91347,-38.87491],[-72.91774,-38.87638]]}},{"id":"7391","type":"Feature","properties":{"ROL":"S-191","NOMBRE_CAMINO":"Los Aromos - Los Copihues","CLASIFICACION":"Sin Información","CALZADA":"-","tmda":null},"geometry":{"type":"LineString","coordinates":[[-72.12258,-38.5387],[-72.08342,-38.54767],[-72.08044,-38.54542]]}},{"id":"7392","type":"Feature","properties":{"ROL":"R-336","NOMBRE_CAMINO":"Colonia Lolenco - Collipulli Por Chiguaihue","CLASIFICACION":"Sin Información","CALZADA":"-","tmda":null},"geometry":{"type":"LineString","coordinates":[[-72.43639,-37.96564],[-72.44066,-37.96208],[-72.45666,-37.95976],[-72.47975,-37.93424],[-72.48274,-37.9326],[-72.50502,-37.92496],[-72.51191,-37.92933],[-72.52449,-37.92664],[-72.52711,-37.92831],[-72.53103,-37.92776]]}},{"id":"7393","type":"Feature","properties":{"ROL":"S/R","NOMBRE_CAMINO":"Cadena Gruesa - Colpi","CLASIFICACION":"Sin Información","CALZADA":"-","tmda":null},"geometry":{"type":"LineString","coordinates":[[-72.77822,-38.31648],[-72.76349,-38.30761],[-72.76263,-38.30558],[-72.76383,-38.3039],[-72.75886,-38.30365],[-72.75415,-38.29978],[-72.74672,-38.29788],[-72.73836,-38.29144]]}},{"id":"7394","type":"Feature","properties":{"ROL":"S/R","NOMBRE_CAMINO":"Comunidad Tolhuaca","CLASIFICACION":"Sin Información","CALZADA":"-","tmda":null},"geometry":{"type":"LineString","coordinates":[[-72.01293,-38.28247],[-71.98421,-38.2761],[-71.97821,-38.27531],[-71.97474,-38.27634]]}},{"id":"7395","type":"Feature","properties":{"ROL":"S-959","NOMBRE_CAMINO":"Acceso A Termas De San Luis","CLASIFICACION":"Sin Información","CALZADA":"-","tmda":717.0},"geometry":{"type":"LineString","coordinates":[[-71.69496,-39.34951],[-71.68915,-39.34601],[-71.68899,-39.34272],[-71.69348,-39.34066],[-71.68955,-39.33983]]}},{"id":"7396","type":"Feature","properties":{"ROL":"R-86","NOMBRE_CAMINO":"Victoria - Traiguén - Los Sauces - Huequén","CLASIFICACION":"Sin Información","CALZADA":"-","tmda":1734.0},"geometry":{"type":"LineString","coordinates":[[-72.35212,-38.23273],[-72.37354,-38.23068],[-72.39492,-38.2311],[-72.44761,-38.23787],[-72.53006,-38.25906],[-72.58277,-38.26392],[-72.62625,-38.2612],[-72.6512,-38.2651],[-72.65981,-38.26116],[-72.66269,-38.26104],[-72.66744,-38.26407],[-72.67424,-38.26273],[-72.6812,-38.25783],[-72.68213,-38.24648],[-72.69114,-38.2403],[-72.69407,-38.23559],[-72.70399,-38.23406],[-72.70857,-38.23206],[-72.7094,-38.23026],[-72.70843,-38.21862],[-72.71207,-38.19998],[-72.72603,-38.18995],[-72.79121,-38.10846],[-72.80145,-38.08662],[-72.80463,-38.07029],[-72.80504,-38.05221],[-72.80694,-38.03673],[-72.81725,-38.01986],[-72.82351,-38.00024],[-72.8278,-37.99352],[-72.83323,-37.98876],[-72.83429,-37.98383],[-72.8324,-37.97617],[-72.82777,-37.96965],[-72.82363,-37.95832],[-72.81834,-37.95172],[-72.812,-37.94826],[-72.80184,-37.93998],[-72.79393,-37.93742],[-72.79206,-37.93302],[-72.7894,-37.93069],[-72.78088,-37.92732],[-72.77448,-37.92282],[-72.7696,-37.92292],[-72.76584,-37.92041],[-72.75797,-37.92036],[-72.7382,-37.92491],[-72.71418,-37.92547],[-72.7049,-37.92184],[-72.69212,-37.91467],[-72.68933,-37.89646],[-72.69423,-37.87591],[-72.68827,-37.8541],[-72.69153,-37.84487],[-72.68044,-37.8234],[-72.67311,-37.81837]]}},{"id":"7397","type":"Feature","properties":{"ROL":"Ruta 199 CH","NOMBRE_CAMINO":"Camino Internacional Monseñor Francisco Valdés Subercaseaux","CLASIFICACION":"Sin Información","CALZADA":"-","tmda":13161.0},"geometry":{"type":"LineString","coordinates":[[-72.62276,-38.95645],[-72.58226,-38.96725],[-72.52987,-38.98665],[-72.49037,-39.03982],[-72.4699,-39.06418],[-72.44332,-39.07353],[-72.39551,-39.09293],[-72.3546,-39.12094],[-72.34468,-39.13411],[-72.33771,-39.13779],[-72.33093,-39.16554],[-72.32623,-39.17218],[-72.32589,-39.18237],[-72.30624,-39.20741],[-72.26912,-39.23891],[-72.25837,-39.2447],[-72.23528,-39.25141],[-72.2298,-39.26229],[-72.23069,-39.27206],[-72.2293,-39.27443],[-72.2307,-39.27682],[-72.22549,-39.2805],[-72.22819,-39.28296],[-72.22415,-39.28586],[-72.22644,-39.28794],[-72.21634,-39.29462],[-72.20632,-39.29371],[-72.19593,-39.29468],[-72.17514,-39.2925],[-72.16078,-39.29765],[-72.15227,-39.29598],[-72.14235,-39.30039],[-72.13038,-39.29902],[-72.12505,-39.30155],[-72.11857,-39.30066],[-72.10855,-39.29657],[-72.09282,-39.30195],[-72.08744,-39.30174],[-72.0821,-39.30377],[-72.07583,-39.3022],[-72.07064,-39.30247],[-72.06347,-39.30631],[-72.05701,-39.30688],[-72.04637,-39.30392],[-72.03218,-39.30279],[-72.02372,-39.30076],[-71.99691,-39.28922],[-71.98355,-39.28188],[-71.97378,-39.28096],[-71.94901,-39.28563],[-71.93714,-39.28981],[-71.89593,-39.29676],[-71.88942,-39.2953],[-71.82599,-39.33255],[-71.81982,-39.33224],[-71.81244,-39.33387],[-71.78845,-39.33178],[-71.78209,-39.33391],[-71.73834,-39.34063],[-71.73135,-39.3448],[-71.7244,-39.3465],[-71.71211,-39.34615],[-71.69058,-39.35261],[-71.68499,-39.35187],[-71.65438,-39.357],[-71.64293,-39.35454],[-71.63454,-39.35676],[-71.6254,-39.35251],[-71.60487,-39.35111],[-71.59364,-39.35329],[-71.58509,-39.36228],[-71.58365,-39.36547]]}},{"id":"7398","type":"Feature","properties":{"ROL":"S-60","NOMBRE_CAMINO":"Freire - Gualpín - Queule","CLASIFICACION":"Sin Información","CALZADA":"-","tmda":3806.0},"geometry":{"type":"LineString","coordinates":[[-72.62307,-38.95622],[-72.62822,-38.95493],[-72.63001,-38.95902],[-72.63553,-38.96312],[-72.63825,-38.96367],[-72.65863,-38.96508],[-72.67975,-38.96146],[-72.6975,-38.9638],[-72.70673,-38.96891],[-72.73211,-38.97434],[-72.76125,-38.98656],[-72.77245,-38.99318],[-72.78289,-38.99598],[-72.78813,-38.99908],[-72.8232,-39.00854],[-72.82851,-39.01132],[-72.87707,-39.00004],[-72.88962,-39.00464],[-72.90408,-39.00331],[-72.91697,-38.98923],[-72.95311,-38.97981],[-72.9741,-38.98059],[-72.9978,-38.97851],[-73.00811,-38.97935],[-73.02924,-38.97644],[-73.06781,-38.98564],[-73.07805,-38.99219],[-73.0856,-38.99323],[-73.08637,-38.99566],[-73.10709,-39.01218],[-73.1164,-39.01355],[-73.1214,-39.01707],[-73.12552,-39.02867],[-73.1444,-39.04017],[-73.14499,-39.04608],[-73.15231,-39.05643],[-73.15883,-39.06018],[-73.16865,-39.07114],[-73.17989,-39.07454],[-73.18135,-39.07595],[-73.18324,-39.08146],[-73.18042,-39.08779],[-73.18202,-39.09323],[-73.18577,-39.10224],[-73.19188,-39.11019],[-73.19258,-39.11303],[-73.18919,-39.12083],[-73.16852,-39.13919],[-73.16483,-39.1445],[-73.16458,-39.14823],[-73.16065,-39.15008],[-73.16343,-39.1538],[-73.16615,-39.16393],[-73.17115,-39.17388],[-73.17068,-39.1771],[-73.17829,-39.18896]]}},{"id":"7399","type":"Feature","properties":{"ROL":"S-408","NOMBRE_CAMINO":"Isla Huapi - Punta Mallay","CLASIFICACION":"Sin Información","CALZADA":"-","tmda":null},"geometry":{"type":"LineString","coordinates":[[-73.34849,-38.88646],[-73.34106,-38.88565],[-73.33698,-38.88687],[-73.33756,-38.89271],[-73.33094,-38.89606],[-73.32913,-38.89841],[-73.30938,-38.90035]]}},{"id":"7400","type":"Feature","properties":{"ROL":"S/R","NOMBRE_CAMINO":"Cuatro Esquinas - Vega López","CLASIFICACION":"Sin Información","CALZADA":"-","tmda":null},"geometry":{"type":"LineString","coordinates":[[-73.32514,-38.89877],[-73.32586,-38.90262],[-73.31702,-38.90954],[-73.317,-38.91143],[-73.31887,-38.9134],[-73.31704,-38.9178],[-73.31077,-38.91704],[-73.30642,-38.91868],[-73.30008,-38.91227]]}},{"id":"7401","type":"Feature","properties":{"ROL":"S/R","NOMBRE_CAMINO":"Cuatro Esquinas - Atracadero Huentén","CLASIFICACION":"Sin Información","CALZADA":"-","tmda":null},"geometry":{"type":"LineString","coordinates":[[-73.32514,-38.89877],[-73.31816,-38.89411],[-73.31751,-38.89064]]}},{"id":"7402","type":"Feature","properties":{"ROL":"S/R","NOMBRE_CAMINO":"Cruce S-60 - Molonhue","CLASIFICACION":"Sin Información","CALZADA":"-","tmda":164.0},"geometry":{"type":"LineString","coordinates":[[-72.97285,-38.98056],[-72.97139,-38.97735],[-72.97289,-38.97484],[-72.97225,-38.96731],[-72.96877,-38.96399]]}},{"id":"7403","type":"Feature","properties":{"ROL":"S/R","NOMBRE_CAMINO":"Cruce Ruta S-60 - Cruce Ruta S-800","CLASIFICACION":"Sin Información","CALZADA":"-","tmda":620.0},"geometry":{"type":"LineString","coordinates":[[-73.17826,-39.18895],[-73.16878,-39.19905],[-73.16392,-39.20244],[-73.16145,-39.21349]]}},{"id":"7404","type":"Feature","properties":{"ROL":"R-300","NOMBRE_CAMINO":"Huequén - El Pino Por San Luis","CLASIFICACION":"Sin Información","CALZADA":"-","tmda":null},"geometry":{"type":"LineString","coordinates":[[-72.62743,-37.93463],[-72.61873,-37.93736],[-72.60642,-37.93628],[-72.60021,-37.94139],[-72.58387,-37.9467],[-72.58026,-37.94923],[-72.57748,-37.95367],[-72.57199,-37.95539],[-72.57098,-37.96002],[-72.56876,-37.96036]]}},{"id":"7405","type":"Feature","properties":{"ROL":"S/R","NOMBRE_CAMINO":"Cruce R-340 - Cruce R-330","CLASIFICACION":"Sin Información","CALZADA":"-","tmda":null},"geometry":{"type":"LineString","coordinates":[[-72.56567,-38.01133],[-72.55555,-38.01392],[-72.55042,-38.01202],[-72.54555,-38.01594]]}},{"id":"7406","type":"Feature","properties":{"ROL":"R-246","NOMBRE_CAMINO":"Agua Santa - Los Toldos","CLASIFICACION":"Sin Información","CALZADA":"-","tmda":null},"geometry":{"type":"LineString","coordinates":[[-73.05262,-37.88974],[-73.04222,-37.88429],[-73.03542,-37.88425],[-73.03147,-37.88252],[-73.03022,-37.88327],[-73.03022,-37.88165],[-73.0325,-37.87988],[-73.03239,-37.87691],[-73.03102,-37.87612],[-73.03205,-37.87364],[-73.02982,-37.87041],[-73.02759,-37.86979],[-73.02751,-37.86767],[-73.02462,-37.86787],[-73.02475,-37.86644],[-73.0223,-37.86557],[-73.01944,-37.86054],[-73.01768,-37.85962],[-72.98973,-37.85658],[-72.97954,-37.8506],[-72.97122,-37.84849],[-72.97051,-37.8466],[-72.96326,-37.8465]]}},{"id":"7407","type":"Feature","properties":{"ROL":"S/R","NOMBRE_CAMINO":"Variante A Casas Viejas De Chigaigue","CLASIFICACION":"Sin Información","CALZADA":"-","tmda":null},"geometry":{"type":"LineString","coordinates":[[-72.54555,-38.01594],[-72.5433,-38.0179],[-72.54531,-38.01888],[-72.54032,-38.01724]]}},{"id":"7408","type":"Feature","properties":{"ROL":"R-330","NOMBRE_CAMINO":"Cruce Ruta 182 - El Pino - Cruce Ruta R-400","CLASIFICACION":"Sin Información","CALZADA":"-","tmda":126.0},"geometry":{"type":"LineString","coordinates":[[-72.62819,-37.85933],[-72.61673,-37.86782],[-72.61177,-37.86942],[-72.60917,-37.87283],[-72.59615,-37.88199],[-72.59059,-37.88736],[-72.58515,-37.88958],[-72.57133,-37.90094],[-72.56338,-37.90949],[-72.55615,-37.91195],[-72.55278,-37.91524],[-72.54558,-37.91851],[-72.54489,-37.92088],[-72.53953,-37.92233],[-72.53542,-37.92672],[-72.53103,-37.92776],[-72.53117,-37.93198],[-72.53404,-37.93212],[-72.548,-37.93966],[-72.55651,-37.94133],[-72.56615,-37.948],[-72.56562,-37.95201],[-72.56876,-37.96036],[-72.5599,-37.96615],[-72.55629,-37.96691]]}},{"id":"7409","type":"Feature","properties":{"ROL":"S/R","NOMBRE_CAMINO":"Cruce Ruta R-130 - Quillota","CLASIFICACION":"Sin Información","CALZADA":"-","tmda":null},"geometry":{"type":"LineString","coordinates":[[-72.64403,-37.72945],[-72.651,-37.73517],[-72.65499,-37.73251],[-72.65927,-37.73196],[-72.6568,-37.73396],[-72.65753,-37.73511],[-72.656,-37.73559],[-72.65859,-37.73759],[-72.66511,-37.73752],[-72.66512,-37.73568],[-72.66645,-37.73656],[-72.67002,-37.73514],[-72.66827,-37.73698],[-72.66974,-37.7373],[-72.66531,-37.74001],[-72.66582,-37.746],[-72.6711,-37.75108],[-72.67637,-37.75045],[-72.67939,-37.75166]]}},{"id":"7410","type":"Feature","properties":{"ROL":"S/R","NOMBRE_CAMINO":"Comunidad Cheuque","CLASIFICACION":"Sin Información","CALZADA":"-","tmda":null},"geometry":{"type":"LineString","coordinates":[[-72.17013,-38.3705],[-72.1778,-38.37063],[-72.17988,-38.37578],[-72.20035,-38.37101],[-72.21677,-38.37109],[-72.21851,-38.37569],[-72.22478,-38.37501],[-72.22561,-38.37663]]}},{"id":"7411","type":"Feature","properties":{"ROL":"S/R","NOMBRE_CAMINO":"Comunidad Selva Oscura","CLASIFICACION":"Sin Información","CALZADA":"-","tmda":null},"geometry":{"type":"LineString","coordinates":[[-72.17783,-38.27754],[-72.17385,-38.26639],[-72.15897,-38.2581],[-72.15365,-38.25379],[-72.15239,-38.24991],[-72.14589,-38.24615],[-72.1432,-38.23825]]}},{"id":"7412","type":"Feature","properties":{"ROL":"R-60-P","NOMBRE_CAMINO":"Tres Pinos - Contulmo - Los Saucesé Sector: Contulmo - Los Sauces","CLASIFICACION":"Sin Información","CALZADA":"-","tmda":2410.0},"geometry":{"type":"LineString","coordinates":[[-73.19375,-38.01244],[-73.18988,-38.01212],[-73.18568,-38.01361],[-73.18077,-38.0172],[-73.17362,-38.01992],[-73.16501,-38.01881],[-73.16203,-38.02312],[-73.15733,-38.02682],[-73.15035,-38.0287],[-73.1402,-38.02818],[-73.13923,-38.02761],[-73.14007,-38.02535],[-73.13356,-38.02426],[-73.12709,-38.02485],[-73.11809,-38.02947],[-73.11353,-38.03022],[-73.10296,-38.02879],[-73.08887,-38.03051],[-73.07492,-38.02822],[-73.07008,-38.0249],[-73.04661,-38.01856],[-72.99782,-37.99872],[-72.9845,-37.99653],[-72.96595,-37.98648],[-72.94399,-37.98568],[-72.91217,-37.99873],[-72.8864,-37.99047],[-72.83801,-37.98273],[-72.83399,-37.98341]]}},{"id":"7413","type":"Feature","properties":{"ROL":"S/R","NOMBRE_CAMINO":"Variante Lumahue","CLASIFICACION":"Sin Información","CALZADA":"-","tmda":620.0},"geometry":{"type":"LineString","coordinates":[[-73.20054,-39.33553],[-73.18894,-39.33368],[-73.18041,-39.33385]]}},{"id":"7414","type":"Feature","properties":{"ROL":"S/R","NOMBRE_CAMINO":"Acceso Norte A Ex Balseadero El Manzano","CLASIFICACION":"Sin Información","CALZADA":"-","tmda":null},"geometry":{"type":"LineString","coordinates":[[-72.45331,-37.78767],[-72.45231,-37.78671],[-72.44634,-37.78685],[-72.43707,-37.78946]]}},{"id":"7415","type":"Feature","properties":{"ROL":"Ruta 180","NOMBRE_CAMINO":"Los Angeles - Renaico - Huequén Sector: Renaico - Huequén","CLASIFICACION":"Sin Información","CALZADA":"-","tmda":7592.0},"geometry":{"type":"LineString","coordinates":[[-72.58969,-37.67004],[-72.58969,-37.67414],[-72.60186,-37.69522],[-72.6059,-37.69879],[-72.60363,-37.706],[-72.60809,-37.72532],[-72.63004,-37.76593],[-72.6465,-37.79128],[-72.67311,-37.81837]]}},{"id":"7416","type":"Feature","properties":{"ROL":"R-130","NOMBRE_CAMINO":"Renaico - Tolpán","CLASIFICACION":"Sin Información","CALZADA":"-","tmda":467.0},"geometry":{"type":"LineString","coordinates":[[-72.64072,-37.67648],[-72.64648,-37.67341],[-72.65712,-37.67199],[-72.65624,-37.6656],[-72.65308,-37.6623],[-72.65324,-37.65106],[-72.66053,-37.65051],[-72.66566,-37.65423]]}},{"id":"7417","type":"Feature","properties":{"ROL":"R-22","NOMBRE_CAMINO":"Cruce Longitudinal (alto Esperanza) - Mininco - Tijeral","CLASIFICACION":"Sin Información","CALZADA":"-","tmda":138.0},"geometry":{"type":"LineString","coordinates":[[-72.39714,-37.85292],[-72.41854,-37.83943],[-72.42233,-37.8342],[-72.4303,-37.8289],[-72.43685,-37.82262],[-72.44024,-37.81201],[-72.44413,-37.8048],[-72.44682,-37.79398],[-72.45477,-37.78658],[-72.45711,-37.78649],[-72.46478,-37.79149],[-72.46598,-37.79038],[-72.4627,-37.78499],[-72.4633,-37.78307],[-72.46521,-37.78294],[-72.47727,-37.78989],[-72.48135,-37.78253],[-72.49094,-37.77737],[-72.49773,-37.78372],[-72.4952,-37.78599],[-72.49564,-37.78709],[-72.50187,-37.78377],[-72.5063,-37.78435],[-72.51498,-37.78263],[-72.52659,-37.785],[-72.59729,-37.74549],[-72.61161,-37.7417],[-72.61411,-37.73639]]}},{"id":"7418","type":"Feature","properties":{"ROL":"S-596","NOMBRE_CAMINO":"Acceso A Las Rosas","CLASIFICACION":"Sin Información","CALZADA":"-","tmda":null},"geometry":{"type":"LineString","coordinates":[[-72.75907,-38.98558],[-72.76077,-38.98411],[-72.77669,-38.97938],[-72.77714,-38.97775],[-72.7807,-38.97591],[-72.78342,-38.97632],[-72.79806,-38.97253],[-72.79395,-38.96087]]}},{"id":"7419","type":"Feature","properties":{"ROL":"S-662","NOMBRE_CAMINO":"Comuy - Pumalal","CLASIFICACION":"Sin Información","CALZADA":"-","tmda":null},"geometry":{"type":"LineString","coordinates":[[-72.98248,-39.02563],[-72.98038,-39.03268],[-72.98054,-39.03746],[-72.98522,-39.04153],[-72.98409,-39.04432],[-72.98884,-39.04962],[-73.00155,-39.05789],[-73.01135,-39.05881],[-73.00961,-39.06292]]}},{"id":"7420","type":"Feature","properties":{"ROL":"S-684","NOMBRE_CAMINO":"California - Las Quemas","CLASIFICACION":"Sin Información","CALZADA":"-","tmda":null},"geometry":{"type":"LineString","coordinates":[[-72.97726,-39.08153],[-72.98262,-39.09579],[-72.98076,-39.0962],[-72.98106,-39.09804],[-72.98554,-39.10601],[-72.98732,-39.10624],[-72.98831,-39.10407],[-72.99205,-39.10554],[-72.99539,-39.10355],[-72.99571,-39.10604],[-72.99237,-39.11037],[-72.99282,-39.11578],[-72.99497,-39.11829],[-72.99853,-39.11938],[-73.00064,-39.11887],[-73.00062,-39.11774],[-73.00394,-39.11928]]}},{"id":"7421","type":"Feature","properties":{"ROL":"S/R","NOMBRE_CAMINO":"Acceso A Cementerio Nihue","CLASIFICACION":"Sin Información","CALZADA":"-","tmda":501.0},"geometry":{"type":"LineString","coordinates":[[-72.58089,-39.33458],[-72.57894,-39.3357],[-72.57576,-39.33455],[-72.57245,-39.33023],[-72.56784,-39.32838],[-72.56001,-39.33234]]}},{"id":"7422","type":"Feature","properties":{"ROL":"S/R","NOMBRE_CAMINO":"Huinca Palihue - Quiñenahuín","CLASIFICACION":"Sin Información","CALZADA":"-","tmda":null},"geometry":{"type":"LineString","coordinates":[[-71.49813,-39.36824],[-71.49731,-39.36215],[-71.49487,-39.35736],[-71.49534,-39.35031],[-71.49425,-39.34755],[-71.49509,-39.34299],[-71.49692,-39.34091],[-71.49553,-39.34032],[-71.49587,-39.33865],[-71.49885,-39.33521],[-71.49684,-39.33493],[-71.49123,-39.33004],[-71.48681,-39.32346],[-71.47614,-39.31847],[-71.46715,-39.31772],[-71.43829,-39.30278],[-71.42986,-39.29246],[-71.42805,-39.28588],[-71.43242,-39.27932],[-71.43093,-39.27637],[-71.43255,-39.27325],[-71.43304,-39.26726],[-71.43095,-39.26302],[-71.43256,-39.25471]]}},{"id":"7423","type":"Feature","properties":{"ROL":"S/R","NOMBRE_CAMINO":"El Avellano - Colpi Por El Bajo","CLASIFICACION":"Sin Información","CALZADA":"-","tmda":null},"geometry":{"type":"LineString","coordinates":[[-72.78126,-38.28385],[-72.78129,-38.29014],[-72.78453,-38.29382],[-72.78382,-38.29711],[-72.78497,-38.29974],[-72.78372,-38.30308],[-72.78593,-38.30902],[-72.78494,-38.3102],[-72.77827,-38.30986],[-72.78018,-38.3138],[-72.77859,-38.31677]]}},{"id":"7424","type":"Feature","properties":{"ROL":"S/R","NOMBRE_CAMINO":"Radal - Santa Elvira","CLASIFICACION":"Sin Información","CALZADA":"-","tmda":899.0},"geometry":{"type":"LineString","coordinates":[[-72.40501,-38.98759],[-72.41108,-38.98168],[-72.41484,-38.98036],[-72.41393,-38.97732],[-72.42427,-38.97786],[-72.45464,-38.97157]]}},{"id":"7425","type":"Feature","properties":{"ROL":"S/R","NOMBRE_CAMINO":"Collimallín - Delly","CLASIFICACION":"Sin Información","CALZADA":"-","tmda":null},"geometry":{"type":"LineString","coordinates":[[-72.69741,-38.60879],[-72.68948,-38.60594],[-72.68183,-38.61073],[-72.67946,-38.61044],[-72.67748,-38.61243]]}},{"id":"7426","type":"Feature","properties":{"ROL":"S/R","NOMBRE_CAMINO":"Acceso Sur A Freire","CLASIFICACION":"Sin Información","CALZADA":"-","tmda":899.0},"geometry":{"type":"LineString","coordinates":[[-72.62996,-38.95903],[-72.63199,-38.97202]]}},{"id":"7427","type":"Feature","properties":{"ROL":"S-761","NOMBRE_CAMINO":"Collico Bajo - Paraíso Perdido - Loncoche","CLASIFICACION":"Sin Información","CALZADA":"-","tmda":null},"geometry":{"type":"LineString","coordinates":[[-72.63252,-39.37714],[-72.63042,-39.37975],[-72.63345,-39.3805],[-72.63598,-39.37927],[-72.64336,-39.37921],[-72.64933,-39.3811],[-72.65815,-39.38821],[-72.65909,-39.39155],[-72.6607,-39.39208],[-72.66113,-39.39539],[-72.67053,-39.40092],[-72.66449,-39.4103],[-72.66687,-39.41133],[-72.66491,-39.41663],[-72.68682,-39.41712],[-72.69653,-39.4203],[-72.70244,-39.42432],[-72.71422,-39.41464]]}},{"id":"7428","type":"Feature","properties":{"ROL":"S/R","NOMBRE_CAMINO":"Tres Esquinas - Los Copihues","CLASIFICACION":"Sin Información","CALZADA":"-","tmda":null},"geometry":{"type":"LineString","coordinates":[[-72.34916,-39.37271],[-72.35394,-39.37708],[-72.35753,-39.3769]]}},{"id":"7429","type":"Feature","properties":{"ROL":"S/R","NOMBRE_CAMINO":"Variante Nilhue","CLASIFICACION":"Sin Información","CALZADA":"-","tmda":620.0},"geometry":{"type":"LineString","coordinates":[[-73.15442,-39.28839],[-73.15267,-39.28992],[-73.15336,-39.29131],[-73.15715,-39.29173],[-73.15992,-39.29367],[-73.1586,-39.29472],[-73.15925,-39.29682],[-73.15724,-39.2981],[-73.15827,-39.30233],[-73.16186,-39.30242],[-73.16613,-39.30032],[-73.17466,-39.29894]]}},{"id":"7430","type":"Feature","properties":{"ROL":"S-479","NOMBRE_CAMINO":"Allipén - Folilco - Lafquén","CLASIFICACION":"Sin Información","CALZADA":"-","tmda":null},"geometry":{"type":"LineString","coordinates":[[-72.50502,-39.01969],[-72.50277,-39.01912],[-72.49026,-39.02755],[-72.48732,-39.02791],[-72.48615,-39.0261],[-72.46876,-39.02437],[-72.46701,-39.02261],[-72.46025,-39.02349],[-72.45987,-39.01981],[-72.45565,-39.01425],[-72.44995,-39.01429],[-72.43086,-39.02163],[-72.40608,-39.02533],[-72.40528,-39.02334],[-72.39764,-39.02427],[-72.39708,-39.02157],[-72.38973,-39.01883],[-72.38539,-39.01884],[-72.38349,-39.01386],[-72.38619,-39.01126],[-72.38237,-39.01085],[-72.38082,-39.00706],[-72.38641,-39.00586],[-72.38758,-39.00314],[-72.37202,-39.00354],[-72.36286,-39.00523],[-72.35085,-39.01081],[-72.34955,-39.01276],[-72.33566,-39.02103],[-72.33056,-39.02204],[-72.32513,-39.02555],[-72.31892,-39.02746],[-72.31602,-39.03219],[-72.30517,-39.03309],[-72.30053,-39.03466],[-72.29207,-39.03394],[-72.28895,-39.03592],[-72.2869,-39.03994],[-72.27787,-39.04141],[-72.26879,-39.04545],[-72.26474,-39.04568],[-72.26286,-39.04097],[-72.24986,-39.04018],[-72.24572,-39.02788]]}},{"id":"7431","type":"Feature","properties":{"ROL":"S/R","NOMBRE_CAMINO":"Bayona - Rariruca","CLASIFICACION":"Sin Información","CALZADA":"-","tmda":null},"geometry":{"type":"LineString","coordinates":[[-72.05858,-38.37452],[-72.06854,-38.39984]]}},{"id":"7432","type":"Feature","properties":{"ROL":"S/R","NOMBRE_CAMINO":"Magallanes - Chanquín","CLASIFICACION":"Sin Información","CALZADA":"-","tmda":null},"geometry":{"type":"LineString","coordinates":[[-73.19408,-38.4332],[-73.19895,-38.43268],[-73.20281,-38.43433],[-73.20553,-38.43187],[-73.20508,-38.43049],[-73.20671,-38.43142],[-73.20687,-38.43372],[-73.20862,-38.43216],[-73.20928,-38.4336],[-73.21206,-38.43037],[-73.21062,-38.42797],[-73.21484,-38.42832],[-73.21594,-38.4258],[-73.21717,-38.42749]]}},{"id":"7433","type":"Feature","properties":{"ROL":"S-644","NOMBRE_CAMINO":"Estación Toltén - Las Parcelas","CLASIFICACION":"Sin Información","CALZADA":"-","tmda":null},"geometry":{"type":"LineString","coordinates":[[-73.20312,-39.11819],[-73.21292,-39.15247]]}},{"id":"7434","type":"Feature","properties":{"ROL":"S-644","NOMBRE_CAMINO":"Estación Toltén - Las Parcelas","CLASIFICACION":"Sin Información","CALZADA":"-","tmda":null},"geometry":{"type":"LineString","coordinates":[[-73.2149,-39.17801],[-73.20878,-39.18545],[-73.20873,-39.18795]]}},{"id":"7435","type":"Feature","properties":{"ROL":"S/R","NOMBRE_CAMINO":"Mar Del Plata - Filulafquen","CLASIFICACION":"Sin Información","CALZADA":"-","tmda":620.0},"geometry":{"type":"LineString","coordinates":[[-73.2149,-39.17801],[-73.2194,-39.17938],[-73.23999,-39.168],[-73.24277,-39.15841]]}},{"id":"7436","type":"Feature","properties":{"ROL":"S/R","NOMBRE_CAMINO":"Pocoyan - Cruce S-656","CLASIFICACION":"Sin Información","CALZADA":"-","tmda":164.0},"geometry":{"type":"LineString","coordinates":[[-73.09685,-39.0505],[-73.09811,-39.04518],[-73.09721,-39.04299],[-73.0992,-39.0388],[-73.09755,-39.0351],[-73.09874,-39.03245],[-73.09376,-39.02865],[-73.09053,-39.02812],[-73.08859,-39.02361],[-73.08247,-39.02059]]}},{"id":"7437","type":"Feature","properties":{"ROL":"S/R","NOMBRE_CAMINO":"Cruce Ruta S-790 - Variante Nihue","CLASIFICACION":"Sin Información","CALZADA":"-","tmda":620.0},"geometry":{"type":"LineString","coordinates":[[-73.19006,-39.31244],[-73.18286,-39.30955],[-73.1685,-39.30021]]}},{"id":"7438","type":"Feature","properties":{"ROL":"R-570","NOMBRE_CAMINO":"Pailahueque - Victoria Por La Estrella","CLASIFICACION":"Sin Información","CALZADA":"-","tmda":null},"geometry":{"type":"LineString","coordinates":[[-72.32275,-38.13332],[-72.33653,-38.13194],[-72.34297,-38.13304],[-72.34702,-38.14351],[-72.34936,-38.14347],[-72.35051,-38.14646],[-72.36177,-38.14647],[-72.37322,-38.15209],[-72.37663,-38.16253],[-72.37493,-38.17053],[-72.37237,-38.17094],[-72.37197,-38.17222],[-72.36285,-38.17231],[-72.36252,-38.17596],[-72.35212,-38.17956],[-72.3523,-38.18088],[-72.35028,-38.18251],[-72.35155,-38.18298],[-72.35171,-38.19045]]}},{"id":"7439","type":"Feature","properties":{"ROL":"S/R","NOMBRE_CAMINO":"Faja 18.000","CLASIFICACION":"Sin Información","CALZADA":"-","tmda":null},"geometry":{"type":"LineString","coordinates":[[-72.23455,-38.89997],[-72.22973,-38.88785],[-72.2295,-38.88351],[-72.22596,-38.87345],[-72.22408,-38.87329],[-72.22153,-38.86408],[-72.21992,-38.86321],[-72.22093,-38.85942],[-72.22239,-38.85957]]}},{"id":"7440","type":"Feature","properties":{"ROL":"S/R","NOMBRE_CAMINO":"Cruce Ruta S-39 - Estero Puello","CLASIFICACION":"Sin Información","CALZADA":"-","tmda":null},"geometry":{"type":"LineString","coordinates":[[-72.27347,-38.80984],[-72.26522,-38.8119],[-72.26291,-38.81021],[-72.25574,-38.81186],[-72.24812,-38.80816],[-72.24615,-38.8049],[-72.24275,-38.80658],[-72.23965,-38.80571],[-72.23856,-38.80823]]}},{"id":"7441","type":"Feature","properties":{"ROL":"S/R","NOMBRE_CAMINO":"Cruce Ruta S-39 - Estero Puello","CLASIFICACION":"Sin Información","CALZADA":"-","tmda":null},"geometry":{"type":"LineString","coordinates":[[-72.27627,-38.80965],[-72.27345,-38.80984]]}},{"id":"7442","type":"Feature","properties":{"ROL":"R-136","NOMBRE_CAMINO":"Cruce Ruta R-150-p (agua Santa) - Las Bandurrias","CLASIFICACION":"Sin Información","CALZADA":"-","tmda":80.0},"geometry":{"type":"LineString","coordinates":[[-72.78113,-37.75448],[-72.77893,-37.75106],[-72.77421,-37.74983],[-72.77411,-37.74784],[-72.77059,-37.74312],[-72.77076,-37.7393],[-72.7682,-37.73388],[-72.77248,-37.73168],[-72.77226,-37.72941],[-72.76879,-37.72368],[-72.76763,-37.71173],[-72.76374,-37.70691],[-72.76247,-37.70172]]}},{"id":"7443","type":"Feature","properties":{"ROL":"R-136","NOMBRE_CAMINO":"Cruce Ruta R-150-p (agua Santa) - Las Bandurrias","CLASIFICACION":"Sin Información","CALZADA":"-","tmda":80.0},"geometry":{"type":"LineString","coordinates":[[-72.785,-37.65557],[-72.78661,-37.65609]]}},{"id":"7444","type":"Feature","properties":{"ROL":"R-426","NOMBRE_CAMINO":"Cruce R-42 - Ipinco Arriba","CLASIFICACION":"Sin Información","CALZADA":"-","tmda":null},"geometry":{"type":"LineString","coordinates":[[-73.02982,-38.0597],[-73.02845,-38.0644],[-73.02876,-38.06995],[-73.02642,-38.07226]]}},{"id":"7445","type":"Feature","properties":{"ROL":"S/R","NOMBRE_CAMINO":"Los Laureles - Palo De Rueda","CLASIFICACION":"Sin Información","CALZADA":"-","tmda":null},"geometry":{"type":"LineString","coordinates":[[-73.05365,-38.25219],[-73.05761,-38.24904],[-73.06246,-38.24727],[-73.06682,-38.24241],[-73.06656,-38.2388],[-73.07058,-38.23406],[-73.08673,-38.2223],[-73.09347,-38.22288],[-73.10454,-38.22006],[-73.10893,-38.2174]]}},{"id":"7446","type":"Feature","properties":{"ROL":"R-740","NOMBRE_CAMINO":"Traiguén - Malalhue","CLASIFICACION":"Sin Información","CALZADA":"-","tmda":null},"geometry":{"type":"LineString","coordinates":[[-72.68859,-38.24183],[-72.69684,-38.24205],[-72.70198,-38.24082],[-72.71225,-38.24236],[-72.72554,-38.23639],[-72.73093,-38.23267],[-72.73317,-38.23409],[-72.73439,-38.23804],[-72.74145,-38.24098]]}},{"id":"7447","type":"Feature","properties":{"ROL":"S/R","NOMBRE_CAMINO":"Boroa Central - Boroa Sur","CLASIFICACION":"Sin Información","CALZADA":"-","tmda":620.0},"geometry":{"type":"LineString","coordinates":[[-73.09136,-39.29141],[-73.08965,-39.29392],[-73.09208,-39.29923],[-73.09052,-39.30288],[-73.08792,-39.30456],[-73.08591,-39.31149],[-73.08113,-39.31588],[-73.07123,-39.32015],[-73.07081,-39.32164],[-73.06728,-39.32326],[-73.06608,-39.32574],[-73.06271,-39.32713],[-73.06519,-39.33107]]}},{"id":"7448","type":"Feature","properties":{"ROL":"S/R","NOMBRE_CAMINO":"Ipingo - Huitranlebu","CLASIFICACION":"Sin Información","CALZADA":"-","tmda":null},"geometry":{"type":"LineString","coordinates":[[-73.03398,-38.05605],[-73.0268,-38.053],[-73.00743,-38.05378],[-73.00396,-38.04943],[-73.00032,-38.04813],[-72.99616,-38.03977],[-72.98945,-38.03218],[-72.98524,-38.03237],[-72.98409,-38.03495],[-72.97251,-38.03715],[-72.96869,-38.04431],[-72.9598,-38.04867],[-72.95684,-38.05159],[-72.95705,-38.05271]]}},{"id":"7449","type":"Feature","properties":{"ROL":"S/R","NOMBRE_CAMINO":"Faja 0.000 Hacia El Norte","CLASIFICACION":"Sin Información","CALZADA":"-","tmda":null},"geometry":{"type":"LineString","coordinates":[[-72.05008,-38.90599],[-72.04704,-38.90332],[-72.04286,-38.90216],[-72.04034,-38.89291],[-72.03438,-38.89164],[-72.02986,-38.88441],[-72.02428,-38.86969],[-72.02668,-38.86395],[-72.03019,-38.86276],[-72.02916,-38.86186]]}},{"id":"7450","type":"Feature","properties":{"ROL":"S-375","NOMBRE_CAMINO":"Metrenco - Huillinco","CLASIFICACION":"Sin Información","CALZADA":"-","tmda":null},"geometry":{"type":"LineString","coordinates":[[-72.62169,-38.82683],[-72.62158,-38.82965],[-72.61003,-38.83065],[-72.60081,-38.82679],[-72.59056,-38.82481],[-72.5901,-38.82216],[-72.58087,-38.81882],[-72.56968,-38.82053],[-72.56233,-38.82356]]}},{"id":"7451","type":"Feature","properties":{"ROL":"S/R","NOMBRE_CAMINO":"Cantera - Repolcura","CLASIFICACION":"Sin Información","CALZADA":"-","tmda":899.0},"geometry":{"type":"LineString","coordinates":[[-72.6019,-38.82763],[-72.604,-38.825],[-72.60029,-38.82131],[-72.5951,-38.82],[-72.5901,-38.82216]]}},{"id":"7452","type":"Feature","properties":{"ROL":"S-209","NOMBRE_CAMINO":"Cruce Ruta S-31 (venecia) - Los Chilcos","CLASIFICACION":"Sin Información","CALZADA":"-","tmda":null},"geometry":{"type":"LineString","coordinates":[[-71.89331,-38.67028],[-71.89411,-38.66864],[-71.87887,-38.66692],[-71.88038,-38.66661],[-71.87687,-38.66389],[-71.87814,-38.66169],[-71.87519,-38.65793],[-71.87178,-38.65735],[-71.86966,-38.6519],[-71.8623,-38.65037],[-71.85662,-38.65243],[-71.85327,-38.64859],[-71.84723,-38.64819],[-71.84294,-38.64537],[-71.82425,-38.64386],[-71.82038,-38.64124],[-71.81545,-38.63377],[-71.81556,-38.62992]]}},{"id":"7453","type":"Feature","properties":{"ROL":"R-80-P","NOMBRE_CAMINO":"Antiquina - Purén, Sector: Límite Regional - Cruce Ruta R-60-p","CLASIFICACION":"Sin Información","CALZADA":"-","tmda":117.0},"geometry":{"type":"LineString","coordinates":[[-73.14831,-38.02867],[-73.1491,-38.03217],[-73.15263,-38.03556],[-73.16949,-38.0399],[-73.16741,-38.04196],[-73.17534,-38.04336],[-73.17762,-38.04582],[-73.1789,-38.04548],[-73.1789,-38.0467],[-73.1816,-38.04598],[-73.18699,-38.05231],[-73.19306,-38.05472],[-73.20003,-38.0529],[-73.20629,-38.05301]]}},{"id":"7454","type":"Feature","properties":{"ROL":"S/R","NOMBRE_CAMINO":"Barros Negros - Pellahuen","CLASIFICACION":"Sin Información","CALZADA":"-","tmda":null},"geometry":{"type":"LineString","coordinates":[[-73.07264,-38.3038],[-73.07112,-38.3028],[-73.06924,-38.30432],[-73.06727,-38.30347],[-73.06271,-38.30629],[-73.06023,-38.30981],[-73.05566,-38.31111],[-73.04431,-38.30908],[-73.04,-38.31043],[-73.03601,-38.31396],[-73.01998,-38.31217]]}},{"id":"7455","type":"Feature","properties":{"ROL":"S-156","NOMBRE_CAMINO":"Carahue - Camarones","CLASIFICACION":"Sin Información","CALZADA":"-","tmda":null},"geometry":{"type":"LineString","coordinates":[[-73.13991,-38.68855],[-73.14478,-38.68504],[-73.14232,-38.68227],[-73.14469,-38.67871],[-73.14349,-38.67182],[-73.14677,-38.66821],[-73.14579,-38.66455],[-73.14841,-38.66152],[-73.14754,-38.6567],[-73.14866,-38.65531],[-73.13675,-38.65131],[-73.13289,-38.65139],[-73.12853,-38.64897],[-73.12955,-38.64597],[-73.12787,-38.64291],[-73.12733,-38.63548],[-73.13026,-38.62682],[-73.12866,-38.6245],[-73.12985,-38.62339],[-73.13303,-38.62349],[-73.13604,-38.62087],[-73.13349,-38.61422],[-73.12687,-38.61106],[-73.12641,-38.6077],[-73.12737,-38.60706],[-73.12567,-38.6058],[-73.12634,-38.6031],[-73.13127,-38.60031],[-73.13866,-38.60125],[-73.14466,-38.59753],[-73.15841,-38.59291],[-73.15527,-38.58583],[-73.1582,-38.58179],[-73.15708,-38.57966],[-73.15869,-38.57567],[-73.1621,-38.57403],[-73.1642,-38.57],[-73.15975,-38.56271],[-73.16433,-38.55737]]}},{"id":"7456","type":"Feature","properties":{"ROL":"S/R","NOMBRE_CAMINO":"Tirúa - Villa Araucaria - Carahue, Sector: Límite Regional - Carahue","CLASIFICACION":"Sin Información","CALZADA":"-","tmda":null},"geometry":{"type":"LineString","coordinates":[[-73.17369,-38.69446],[-73.16929,-38.69392],[-73.17544,-38.69142],[-73.17848,-38.6888],[-73.19282,-38.68544],[-73.19532,-38.68127],[-73.19538,-38.6763],[-73.19797,-38.67566],[-73.1968,-38.67132],[-73.19986,-38.66997],[-73.19955,-38.66754],[-73.20255,-38.66298],[-73.21257,-38.65529],[-73.21765,-38.64402],[-73.21688,-38.64191],[-73.21872,-38.63933],[-73.20953,-38.63492],[-73.20877,-38.63343],[-73.19943,-38.63095],[-73.19872,-38.62906],[-73.20155,-38.62674],[-73.20246,-38.62294],[-73.20588,-38.62138],[-73.20813,-38.61805],[-73.21114,-38.61837],[-73.21422,-38.617],[-73.21943,-38.60308],[-73.22226,-38.59991],[-73.22194,-38.59236],[-73.22351,-38.5907],[-73.22148,-38.58499],[-73.22456,-38.58041],[-73.2247,-38.57762],[-73.22757,-38.57209],[-73.2301,-38.57031],[-73.22921,-38.5686],[-73.23033,-38.5669],[-73.22862,-38.56382],[-73.23045,-38.55566],[-73.23685,-38.55204],[-73.24094,-38.54768],[-73.23801,-38.54214],[-73.23874,-38.53526],[-73.23746,-38.53216],[-73.24031,-38.53011],[-73.24337,-38.52492],[-73.23824,-38.52114],[-73.23951,-38.51956],[-73.23975,-38.51526],[-73.23843,-38.51352],[-73.23958,-38.50798],[-73.23672,-38.49834]]}},{"id":"7457","type":"Feature","properties":{"ROL":"S-114","NOMBRE_CAMINO":"Cruce Ruta S-36 (riguanca) - Trovolhue San Juan De Trovolhue - Aillinco","CLASIFICACION":"Sin Información","CALZADA":"-","tmda":1145.0},"geometry":{"type":"LineString","coordinates":[[-73.26773,-38.69462],[-73.26623,-38.69253],[-73.26748,-38.68958],[-73.26392,-38.68771],[-73.26282,-38.68333],[-73.27062,-38.67924],[-73.27234,-38.67586],[-73.27803,-38.67328],[-73.28082,-38.67011],[-73.29653,-38.66646],[-73.30114,-38.66323],[-73.30541,-38.65765],[-73.30771,-38.65653],[-73.30821,-38.65366],[-73.31378,-38.64994],[-73.31599,-38.64463],[-73.31795,-38.64386],[-73.31797,-38.64099],[-73.32189,-38.63774]]}},{"id":"7458","type":"Feature","properties":{"ROL":"S-126","NOMBRE_CAMINO":"Puyángui - Trovolhue - Cruce S-144","CLASIFICACION":"Sin Información","CALZADA":"-","tmda":174.0},"geometry":{"type":"LineString","coordinates":[[-73.41049,-38.66252],[-73.40802,-38.65728],[-73.40084,-38.65228],[-73.40092,-38.64851],[-73.39744,-38.64412],[-73.39363,-38.64477],[-73.39264,-38.64709],[-73.38585,-38.64645],[-73.38456,-38.63933],[-73.38248,-38.63781],[-73.3806,-38.63851],[-73.37687,-38.63733],[-73.37829,-38.63335],[-73.37615,-38.63005],[-73.36888,-38.63061],[-73.36378,-38.62962],[-73.36147,-38.62779],[-73.35668,-38.628],[-73.34862,-38.62337],[-73.34629,-38.62448],[-73.33575,-38.6244],[-73.33131,-38.62788],[-73.32168,-38.62623],[-73.31761,-38.62957]]}},{"id":"7459","type":"Feature","properties":{"ROL":"S-126","NOMBRE_CAMINO":"Puyángui - Trovolhue - Cruce S-144","CLASIFICACION":"Sin Información","CALZADA":"-","tmda":174.0},"geometry":{"type":"LineString","coordinates":[[-73.31373,-38.63075],[-73.31454,-38.634],[-73.29839,-38.63591],[-73.29499,-38.63425],[-73.29118,-38.62881],[-73.28301,-38.62799]]}},{"id":"7460","type":"Feature","properties":{"ROL":"S/R","NOMBRE_CAMINO":"Malalche Bajo - Quilamanzano","CLASIFICACION":"Sin Información","CALZADA":"-","tmda":null},"geometry":{"type":"LineString","coordinates":[[-72.94936,-38.57908],[-72.9546,-38.58904],[-72.96155,-38.59044],[-72.96465,-38.59579],[-72.96872,-38.59547]]}},{"id":"7461","type":"Feature","properties":{"ROL":"R-510","NOMBRE_CAMINO":"Traiguén - La Unión","CLASIFICACION":"Sin Información","CALZADA":"-","tmda":null},"geometry":{"type":"LineString","coordinates":[[-72.66567,-38.24135],[-72.66681,-38.24117],[-72.66667,-38.2374],[-72.67597,-38.22186],[-72.67561,-38.21705],[-72.67859,-38.21018],[-72.67709,-38.20494],[-72.68119,-38.18391],[-72.67925,-38.17714],[-72.68045,-38.17361],[-72.6757,-38.16824],[-72.67227,-38.15154],[-72.66926,-38.14576],[-72.66868,-38.1378]]}},{"id":"7462","type":"Feature","properties":{"ROL":"S/R","NOMBRE_CAMINO":"Repocura - Pichi Quepe","CLASIFICACION":"Sin Información","CALZADA":"-","tmda":899.0},"geometry":{"type":"LineString","coordinates":[[-72.59089,-38.82482],[-72.59053,-38.828],[-72.5887,-38.8291],[-72.58989,-38.83306],[-72.59897,-38.8371],[-72.60264,-38.84223],[-72.60693,-38.84538],[-72.60965,-38.84588],[-72.61132,-38.84794]]}},{"id":"7463","type":"Feature","properties":{"ROL":"S-453","NOMBRE_CAMINO":"Cruce  S-441 - San Luis","CLASIFICACION":"Sin Información","CALZADA":"-","tmda":null},"geometry":{"type":"LineString","coordinates":[[-72.48384,-38.88611],[-72.47212,-38.88912],[-72.47192,-38.89232],[-72.45794,-38.89782],[-72.45641,-38.91333],[-72.4447,-38.91637]]}},{"id":"7464","type":"Feature","properties":{"ROL":"S/R","NOMBRE_CAMINO":"Freire - Campamento","CLASIFICACION":"Sin Información","CALZADA":"-","tmda":899.0},"geometry":{"type":"LineString","coordinates":[[-72.61853,-38.94407],[-72.61642,-38.94366],[-72.61485,-38.94637],[-72.56744,-38.95812]]}},{"id":"7465","type":"Feature","properties":{"ROL":"S-20","NOMBRE_CAMINO":"Temuco - Chol Chol","CLASIFICACION":"Sin Información","CALZADA":"-","tmda":4189.0},"geometry":{"type":"LineString","coordinates":[[-72.64617,-38.70424],[-72.65553,-38.69696],[-72.68169,-38.68519],[-72.68999,-38.67849],[-72.70828,-38.66729],[-72.71132,-38.66128],[-72.71495,-38.65944],[-72.73176,-38.65395],[-72.74747,-38.65504],[-72.76967,-38.6529],[-72.7819,-38.64213],[-72.79502,-38.63674],[-72.79753,-38.63721],[-72.79881,-38.63363],[-72.79772,-38.62702],[-72.80148,-38.62417],[-72.80243,-38.62006],[-72.80641,-38.6188],[-72.81017,-38.61427],[-72.83057,-38.60512],[-72.83927,-38.60305]]}},{"id":"7466","type":"Feature","properties":{"ROL":"R-341","NOMBRE_CAMINO":"Puente Nanco - Nancomahuida","CLASIFICACION":"Sin Información","CALZADA":"-","tmda":null},"geometry":{"type":"LineString","coordinates":[[-72.24227,-37.98916],[-72.24093,-37.9871],[-72.24295,-37.97271]]}},{"id":"7467","type":"Feature","properties":{"ROL":"R-35","NOMBRE_CAMINO":"Cruce Longitudinal (collipulli) - Reserva Forestal","CLASIFICACION":"Sin Información","CALZADA":"-","tmda":null},"geometry":{"type":"LineString","coordinates":[[-72.04676,-38.06864],[-72.04416,-38.07413],[-72.03407,-38.08191]]}},{"id":"7468","type":"Feature","properties":{"ROL":"S/R","NOMBRE_CAMINO":"Huinilhue - El Pastal","CLASIFICACION":"Sin Información","CALZADA":"-","tmda":null},"geometry":{"type":"LineString","coordinates":[[-72.73742,-38.26312],[-72.74479,-38.2573],[-72.74922,-38.25604],[-72.75787,-38.25711],[-72.7598,-38.25298],[-72.7661,-38.25055],[-72.77348,-38.24973],[-72.7762,-38.24804],[-72.7818,-38.24887],[-72.78444,-38.24517],[-72.78661,-38.24446],[-72.79019,-38.24702],[-72.789,-38.25184],[-72.79022,-38.25663],[-72.78946,-38.25817],[-72.79147,-38.26104],[-72.79378,-38.26148],[-72.79452,-38.26751],[-72.79289,-38.27243],[-72.79303,-38.27967]]}},{"id":"7469","type":"Feature","properties":{"ROL":"R-748","NOMBRE_CAMINO":"Cruce R-744 - Río Colpi","CLASIFICACION":"Sin Información","CALZADA":"-","tmda":null},"geometry":{"type":"LineString","coordinates":[[-72.74659,-38.28062],[-72.74301,-38.28908],[-72.73761,-38.29191],[-72.73588,-38.295],[-72.73737,-38.2994],[-72.74728,-38.30335],[-72.75292,-38.30889],[-72.75737,-38.31134],[-72.75964,-38.31749],[-72.7646,-38.319],[-72.7652,-38.32051],[-72.77001,-38.32187],[-72.7762,-38.3204],[-72.77633,-38.31822],[-72.77822,-38.31648]]}},{"id":"7470","type":"Feature","properties":{"ROL":"S/R","NOMBRE_CAMINO":"Los Boldos - Rapanilahue","CLASIFICACION":"Sin Información","CALZADA":"-","tmda":null},"geometry":{"type":"LineString","coordinates":[[-72.91748,-38.2904],[-72.91683,-38.29263],[-72.91807,-38.29495],[-72.91075,-38.30109],[-72.91173,-38.30487],[-72.90931,-38.30851],[-72.9107,-38.31003],[-72.91081,-38.31401],[-72.90918,-38.31685],[-72.89957,-38.32067],[-72.89713,-38.32393],[-72.89726,-38.32645],[-72.90116,-38.32513],[-72.90188,-38.32599],[-72.89194,-38.34724],[-72.89912,-38.35435],[-72.90897,-38.35585],[-72.91198,-38.35456],[-72.91585,-38.35482],[-72.92124,-38.36025]]}},{"id":"7471","type":"Feature","properties":{"ROL":"R-738","NOMBRE_CAMINO":"Galvarino - Ranquilco -rcamanqui","CLASIFICACION":"Sin Información","CALZADA":"-","tmda":null},"geometry":{"type":"LineString","coordinates":[[-72.78177,-38.40976],[-72.78609,-38.40773],[-72.79834,-38.39415],[-72.80506,-38.3926],[-72.81115,-38.39299],[-72.81647,-38.3913],[-72.82468,-38.39532],[-72.83063,-38.39589],[-72.83499,-38.40116],[-72.83741,-38.39921],[-72.84128,-38.39893],[-72.86,-38.40271],[-72.87291,-38.40064],[-72.88022,-38.40473],[-72.88065,-38.40621]]}},{"id":"7472","type":"Feature","properties":{"ROL":"R-850","NOMBRE_CAMINO":"Cruce Ruta R-76-s - Chufquén - Quino","CLASIFICACION":"Sin Información","CALZADA":"-","tmda":679.0},"geometry":{"type":"LineString","coordinates":[[-72.6962,-38.35971],[-72.67862,-38.35268],[-72.66961,-38.3511],[-72.66152,-38.35145],[-72.65377,-38.36202],[-72.65008,-38.36512],[-72.63522,-38.36803],[-72.58141,-38.37145],[-72.56909,-38.36783],[-72.55706,-38.36877],[-72.55549,-38.35436],[-72.53733,-38.36167],[-72.51728,-38.36076],[-72.50851,-38.35652],[-72.49602,-38.34816],[-72.49327,-38.34761]]}},{"id":"7473","type":"Feature","properties":{"ROL":"S/R","NOMBRE_CAMINO":"Los Sauces Por Inela","CLASIFICACION":"Sin Información","CALZADA":"-","tmda":null},"geometry":{"type":"LineString","coordinates":[[-72.82943,-37.99071],[-72.82987,-37.98667]]}},{"id":"7474","type":"Feature","properties":{"ROL":"S/R","NOMBRE_CAMINO":"Cinco Laureles - Tromén Norte","CLASIFICACION":"Sin Información","CALZADA":"-","tmda":899.0},"geometry":{"type":"LineString","coordinates":[[-72.6924,-38.7179],[-72.69418,-38.71601],[-72.69374,-38.71205],[-72.70715,-38.70056],[-72.72519,-38.69297],[-72.73152,-38.69195],[-72.75188,-38.67999],[-72.75487,-38.6798],[-72.76086,-38.68287],[-72.76532,-38.68914],[-72.76246,-38.69716],[-72.76771,-38.70144],[-72.76544,-38.70849]]}},{"id":"7475","type":"Feature","properties":{"ROL":"S/R","NOMBRE_CAMINO":"Chol Chol - Huamaqui","CLASIFICACION":"Sin Información","CALZADA":"-","tmda":null},"geometry":{"type":"LineString","coordinates":[[-72.87099,-38.60462],[-72.87402,-38.60005],[-72.87416,-38.59059],[-72.87719,-38.58634],[-72.87731,-38.58072],[-72.8807,-38.57431],[-72.88613,-38.57237],[-72.88787,-38.57011],[-72.89061,-38.56189],[-72.89455,-38.5559],[-72.89775,-38.54775],[-72.89707,-38.54488],[-72.90187,-38.53322],[-72.90105,-38.53057],[-72.8935,-38.524],[-72.88576,-38.52111],[-72.88483,-38.51675],[-72.88603,-38.50373],[-72.90088,-38.4933],[-72.9039,-38.49335],[-72.90773,-38.49122],[-72.91426,-38.49427],[-72.91834,-38.49253],[-72.92339,-38.49223],[-72.93025,-38.48926],[-72.93145,-38.48649],[-72.94063,-38.4843],[-72.94848,-38.47896],[-72.95416,-38.4722],[-72.95929,-38.46847],[-72.95852,-38.46705],[-72.96358,-38.46509],[-72.97413,-38.45762],[-72.98103,-38.45714],[-72.98471,-38.45477],[-72.98398,-38.4532],[-72.98648,-38.45277],[-72.98805,-38.44995],[-72.98164,-38.43986],[-72.98098,-38.43592],[-72.97713,-38.43506],[-72.97883,-38.43379],[-72.97581,-38.43144],[-72.975,-38.42834]]}},{"id":"7476","type":"Feature","properties":{"ROL":"S/R","NOMBRE_CAMINO":"Balsa Aillinco - Repocura","CLASIFICACION":"Sin Información","CALZADA":"-","tmda":null},"geometry":{"type":"LineString","coordinates":[[-72.86234,-38.4729],[-72.86113,-38.47605],[-72.86244,-38.48022],[-72.86481,-38.48301],[-72.86882,-38.48468],[-72.87782,-38.48356],[-72.88498,-38.48449],[-72.88809,-38.48646],[-72.8929,-38.48617],[-72.90079,-38.48043],[-72.90594,-38.48204],[-72.90677,-38.48395],[-72.91003,-38.4857],[-72.91977,-38.4861],[-72.92721,-38.48091],[-72.93179,-38.47964],[-72.94026,-38.4799],[-72.94384,-38.47839],[-72.94945,-38.47178],[-72.95853,-38.46705]]}},{"id":"7477","type":"Feature","properties":{"ROL":"S/R","NOMBRE_CAMINO":"Santa Laura - Quinahue","CLASIFICACION":"Sin Información","CALZADA":"-","tmda":null},"geometry":{"type":"LineString","coordinates":[[-72.79373,-38.55338],[-72.78482,-38.55696],[-72.7834,-38.5564],[-72.78239,-38.5582],[-72.77674,-38.56105],[-72.77406,-38.56067],[-72.77344,-38.56198],[-72.76149,-38.56503],[-72.75805,-38.57581],[-72.75953,-38.58226],[-72.7561,-38.59033],[-72.75133,-38.58696],[-72.75128,-38.58382],[-72.74511,-38.57678],[-72.74515,-38.57208],[-72.74202,-38.56649]]}},{"id":"7478","type":"Feature","properties":{"ROL":"S/R","NOMBRE_CAMINO":"Nueva Imperial - Puente Las Ranas","CLASIFICACION":"Sin Información","CALZADA":"-","tmda":null},"geometry":{"type":"LineString","coordinates":[[-72.95445,-38.75608],[-72.94654,-38.75708],[-72.94478,-38.75834],[-72.94542,-38.75919],[-72.94216,-38.75981]]}},{"id":"7479","type":"Feature","properties":{"ROL":"S/R","NOMBRE_CAMINO":"Cruce S-60 - Cruce S-654","CLASIFICACION":"Sin Información","CALZADA":"-","tmda":164.0},"geometry":{"type":"LineString","coordinates":[[-72.97285,-38.98056],[-72.97486,-38.98094],[-72.97708,-38.98661],[-72.98174,-38.99007],[-72.97719,-38.99596],[-72.97851,-39.00089]]}},{"id":"7480","type":"Feature","properties":{"ROL":"R-321","NOMBRE_CAMINO":"Cruce Longitudinal - Huapitrio Por Niza","CLASIFICACION":"Sin Información","CALZADA":"-","tmda":null},"geometry":{"type":"LineString","coordinates":[[-72.39744,-37.91868],[-72.3914,-37.91435]]}},{"id":"7481","type":"Feature","properties":{"ROL":"S/R","NOMBRE_CAMINO":"Cruce  R-23 - Río Renaico","CLASIFICACION":"Sin Información","CALZADA":"-","tmda":null},"geometry":{"type":"LineString","coordinates":[[-72.35465,-37.855],[-72.35395,-37.85534]]}},{"id":"7482","type":"Feature","properties":{"ROL":"S/R","NOMBRE_CAMINO":"El Lingue - Laguna Lleu Lleu","CLASIFICACION":"Sin Información","CALZADA":"-","tmda":null},"geometry":{"type":"LineString","coordinates":[[-73.03947,-38.16485],[-73.04149,-38.16862],[-73.04118,-38.17224],[-73.04331,-38.17437],[-73.04107,-38.17878],[-73.04376,-38.18019],[-73.04761,-38.18101],[-73.0572,-38.18022],[-73.06111,-38.18218],[-73.06404,-38.18215],[-73.06958,-38.17973],[-73.08126,-38.17841],[-73.0841,-38.17929],[-73.09326,-38.19137],[-73.0988,-38.18937],[-73.10315,-38.19088],[-73.10783,-38.18703],[-73.11466,-38.18546]]}},{"id":"7483","type":"Feature","properties":{"ROL":"S/R","NOMBRE_CAMINO":"Los Coihues - Palo De Rueda","CLASIFICACION":"Sin Información","CALZADA":"-","tmda":null},"geometry":{"type":"LineString","coordinates":[[-73.02003,-38.22846],[-73.02172,-38.22961],[-73.02955,-38.2288],[-73.035,-38.22648],[-73.03556,-38.22978],[-73.03893,-38.23313],[-73.04613,-38.23061],[-73.04771,-38.23126],[-73.04777,-38.22965],[-73.05192,-38.22853],[-73.0643,-38.22778],[-73.07089,-38.2296],[-73.07808,-38.22842]]}},{"id":"7484","type":"Feature","properties":{"ROL":"S/R","NOMBRE_CAMINO":"Estero Huilo - Los Luceros","CLASIFICACION":"Sin Información","CALZADA":"-","tmda":164.0},"geometry":{"type":"LineString","coordinates":[[-73.0948,-38.93356],[-73.09794,-38.93123],[-73.10575,-38.93126],[-73.10908,-38.93263],[-73.11749,-38.93208],[-73.12369,-38.93397],[-73.13276,-38.93066],[-73.13894,-38.92437],[-73.14332,-38.9238]]}},{"id":"7485","type":"Feature","properties":{"ROL":"S/R","NOMBRE_CAMINO":"Quechereguas - Las Toscas","CLASIFICACION":"Sin Información","CALZADA":"-","tmda":null},"geometry":{"type":"LineString","coordinates":[[-72.61512,-38.15303],[-72.60647,-38.16884],[-72.60604,-38.17408],[-72.59705,-38.17412],[-72.59301,-38.17701],[-72.58953,-38.18243]]}},{"id":"7486","type":"Feature","properties":{"ROL":"S/R","NOMBRE_CAMINO":"Quichamahuida - Tricauco","CLASIFICACION":"Sin Información","CALZADA":"-","tmda":null},"geometry":{"type":"LineString","coordinates":[[-72.57282,-38.26325],[-72.57432,-38.28635]]}},{"id":"7487","type":"Feature","properties":{"ROL":"S/R","NOMBRE_CAMINO":"Cruce R-660 - Cruce R-666","CLASIFICACION":"Sin Información","CALZADA":"-","tmda":null},"geometry":{"type":"LineString","coordinates":[[-72.95054,-38.25703],[-72.95046,-38.25467],[-72.94693,-38.25495],[-72.94519,-38.2503],[-72.94291,-38.24998]]}},{"id":"7488","type":"Feature","properties":{"ROL":"S/R","NOMBRE_CAMINO":"-","CLASIFICACION":"Sin Información","CALZADA":"-","tmda":null},"geometry":{"type":"LineString","coordinates":[[-72.72471,-38.56962],[-72.72429,-38.5678],[-72.72116,-38.56589],[-72.71613,-38.56534],[-72.71088,-38.55846],[-72.70709,-38.54964],[-72.70321,-38.54755],[-72.70275,-38.5451],[-72.69722,-38.54229],[-72.69564,-38.53983]]}},{"id":"7489","type":"Feature","properties":{"ROL":"S/R","NOMBRE_CAMINO":"-","CLASIFICACION":"Sin Información","CALZADA":"-","tmda":null},"geometry":{"type":"LineString","coordinates":[[-72.73937,-38.48751],[-72.74487,-38.4878],[-72.75182,-38.49098],[-72.75997,-38.48996]]}},{"id":"7490","type":"Feature","properties":{"ROL":"S/R","NOMBRE_CAMINO":"Lircay - Botrolhue","CLASIFICACION":"Sin Información","CALZADA":"-","tmda":899.0},"geometry":{"type":"LineString","coordinates":[[-72.68587,-38.71912],[-72.69819,-38.72315],[-72.72752,-38.73669],[-72.74857,-38.74126],[-72.75265,-38.73999]]}},{"id":"7491","type":"Feature","properties":{"ROL":"S-114","NOMBRE_CAMINO":"Cruce Ruta S-36 (riguanca) - Trovolhue San Juan De Trovolhue - Aillinco","CLASIFICACION":"Sin Información","CALZADA":"-","tmda":null},"geometry":{"type":"LineString","coordinates":[[-73.3873,-38.48653],[-73.38733,-38.48447],[-73.39309,-38.48008],[-73.39328,-38.47513],[-73.39648,-38.4686],[-73.40143,-38.46501],[-73.40009,-38.46033],[-73.40117,-38.45938],[-73.40089,-38.45287],[-73.40321,-38.44604],[-73.40322,-38.44048],[-73.4017,-38.43606],[-73.39568,-38.43158],[-73.39347,-38.42388],[-73.3913,-38.42275],[-73.38831,-38.4247],[-73.38964,-38.4224],[-73.3867,-38.42077],[-73.38877,-38.41907],[-73.38474,-38.42063],[-73.38583,-38.41868],[-73.38306,-38.4197],[-73.38416,-38.41859],[-73.38109,-38.41879],[-73.38591,-38.41604],[-73.38655,-38.41028],[-73.38989,-38.40953],[-73.38868,-38.40641],[-73.39009,-38.40484],[-73.38693,-38.39806],[-73.3865,-38.39387]]}},{"id":"7492","type":"Feature","properties":{"ROL":"S-114","NOMBRE_CAMINO":"Cruce Ruta S-36 (riguanca) - Trovolhue San Juan De Trovolhue - Aillinco","CLASIFICACION":"Sin Información","CALZADA":"-","tmda":1145.0},"geometry":{"type":"LineString","coordinates":[[-73.34229,-38.62422],[-73.34357,-38.6208],[-73.34161,-38.61904],[-73.34144,-38.61565],[-73.34408,-38.60867],[-73.34308,-38.6046],[-73.34491,-38.60008],[-73.35023,-38.59584],[-73.34797,-38.59401],[-73.35193,-38.59292],[-73.35072,-38.58896],[-73.35166,-38.5868],[-73.35675,-38.58525],[-73.35919,-38.58305],[-73.36345,-38.58484],[-73.37174,-38.58542],[-73.37861,-38.58283],[-73.38249,-38.58292],[-73.38653,-38.57794],[-73.38612,-38.5765],[-73.39745,-38.57245],[-73.40537,-38.56148],[-73.40639,-38.55738],[-73.40555,-38.55507],[-73.40976,-38.55274],[-73.4097,-38.54829],[-73.41177,-38.54493],[-73.41287,-38.53894],[-73.4162,-38.53516],[-73.41494,-38.53218]]}},{"id":"7493","type":"Feature","properties":{"ROL":"R-408","NOMBRE_CAMINO":"Cruce Ruta R-60-p - Huitranlebu","CLASIFICACION":"Sin Información","CALZADA":"-","tmda":null},"geometry":{"type":"LineString","coordinates":[[-72.88659,-38.04055],[-72.88299,-38.04362]]}},{"id":"7494","type":"Feature","properties":{"ROL":"S/R","NOMBRE_CAMINO":"Acceso Norte A Reducción Chacaico","CLASIFICACION":"Sin Información","CALZADA":"-","tmda":null},"geometry":{"type":"LineString","coordinates":[[-72.68358,-37.85858],[-72.68145,-37.85802],[-72.68177,-37.85906]]}},{"id":"7495","type":"Feature","properties":{"ROL":"R-228","NOMBRE_CAMINO":"Reducción Huequén - Porvenir","CLASIFICACION":"Sin Información","CALZADA":"-","tmda":null},"geometry":{"type":"LineString","coordinates":[[-72.69076,-37.86504],[-72.69059,-37.86524]]}},{"id":"7496","type":"Feature","properties":{"ROL":"R-266","NOMBRE_CAMINO":"Cruce R-86 - Trintre","CLASIFICACION":"Sin Información","CALZADA":"-","tmda":null},"geometry":{"type":"LineString","coordinates":[[-72.74281,-37.92465],[-72.74741,-37.92215]]}},{"id":"7497","type":"Feature","properties":{"ROL":"R-266","NOMBRE_CAMINO":"Cruce R-86 - Trintre","CLASIFICACION":"Sin Información","CALZADA":"-","tmda":null},"geometry":{"type":"LineString","coordinates":[[-72.73375,-37.92487],[-72.73448,-37.92558]]}},{"id":"7498","type":"Feature","properties":{"ROL":"S/R","NOMBRE_CAMINO":"Acceso Puente Moncoles","CLASIFICACION":"Sin Información","CALZADA":"-","tmda":null},"geometry":{"type":"LineString","coordinates":[[-72.78564,-37.92877],[-72.78863,-37.92898],[-72.79243,-37.93156]]}},{"id":"7499","type":"Feature","properties":{"ROL":"R-650","NOMBRE_CAMINO":"Relun - Rucatraro Por Venecia","CLASIFICACION":"Sin Información","CALZADA":"-","tmda":null},"geometry":{"type":"LineString","coordinates":[[-73.18881,-38.26072],[-73.19257,-38.26218],[-73.19611,-38.26733],[-73.19967,-38.26838],[-73.20241,-38.27212],[-73.20153,-38.27484],[-73.20254,-38.27805],[-73.20047,-38.28136],[-73.20327,-38.2871],[-73.20074,-38.29016],[-73.20099,-38.29174],[-73.20208,-38.29264],[-73.21304,-38.29184],[-73.21656,-38.29365],[-73.22098,-38.29976],[-73.2288,-38.30655],[-73.23552,-38.31627],[-73.23888,-38.31801]]}},{"id":"7500","type":"Feature","properties":{"ROL":"R-650","NOMBRE_CAMINO":"Relun - Rucatraro Por Venecia","CLASIFICACION":"Sin Información","CALZADA":"-","tmda":null},"geometry":{"type":"LineString","coordinates":[[-73.21791,-38.38092],[-73.21979,-38.38375],[-73.22036,-38.38813],[-73.21622,-38.38917],[-73.21127,-38.39259],[-73.20541,-38.39978],[-73.18528,-38.40447],[-73.17727,-38.40263],[-73.17273,-38.40357],[-73.16754,-38.39926],[-73.16488,-38.40013],[-73.16181,-38.39922],[-73.15781,-38.40113],[-73.13595,-38.39248],[-73.13362,-38.39279],[-73.12868,-38.39085],[-73.12269,-38.39159],[-73.10485,-38.38782],[-73.09055,-38.38179],[-73.08668,-38.37767],[-73.08602,-38.37422],[-73.07738,-38.37894],[-73.06952,-38.3869],[-73.06727,-38.38729],[-73.06496,-38.38602],[-73.05924,-38.38702],[-73.05473,-38.38964],[-73.04072,-38.3881],[-73.02682,-38.3898],[-73.01402,-38.40545],[-73.00563,-38.40968],[-73.00085,-38.40429],[-72.99703,-38.40214],[-72.98655,-38.40352],[-72.98274,-38.39813],[-72.97991,-38.39822],[-72.97354,-38.39328]]}},{"id":"7501","type":"Feature","properties":{"ROL":"R-650","NOMBRE_CAMINO":"Relun - Rucatraro Por Venecia","CLASIFICACION":"Sin Información","CALZADA":"-","tmda":null},"geometry":{"type":"LineString","coordinates":[[-73.23888,-38.31801],[-73.23835,-38.32329],[-73.24,-38.32506],[-73.23802,-38.32703],[-73.23813,-38.32957],[-73.24443,-38.34439],[-73.24462,-38.34663],[-73.24306,-38.3485],[-73.24749,-38.35369],[-73.24679,-38.35732],[-73.24591,-38.35893],[-73.23654,-38.36297],[-73.23344,-38.36809],[-73.21791,-38.38092]]}},{"id":"7502","type":"Feature","properties":{"ROL":"S/R","NOMBRE_CAMINO":"Pichipelllahuen - Santo Domingo Por Barros Negros","CLASIFICACION":"Sin Información","CALZADA":"-","tmda":null},"geometry":{"type":"LineString","coordinates":[[-73.09373,-38.27312],[-73.09556,-38.27759],[-73.09199,-38.28216],[-73.09284,-38.28305],[-73.09122,-38.28569],[-73.09124,-38.29111],[-73.08509,-38.29477],[-73.08644,-38.29661],[-73.08461,-38.29691],[-73.08544,-38.29898],[-73.08339,-38.30152],[-73.08945,-38.30251],[-73.08795,-38.305],[-73.08931,-38.30595]]}},{"id":"7503","type":"Feature","properties":{"ROL":"S/R","NOMBRE_CAMINO":"Posta Manzanar - Molino Calcoi","CLASIFICACION":"Sin Información","CALZADA":"-","tmda":null},"geometry":{"type":"LineString","coordinates":[[-73.2496,-38.31725],[-73.24821,-38.32381],[-73.24372,-38.32898],[-73.24424,-38.33179],[-73.24854,-38.33452],[-73.25253,-38.34162],[-73.25016,-38.34423],[-73.2505,-38.34675],[-73.25607,-38.35278],[-73.25781,-38.35584],[-73.2578,-38.36128],[-73.26225,-38.36554]]}},{"id":"7504","type":"Feature","properties":{"ROL":"R-744","NOMBRE_CAMINO":"Cuesta Antigua - Huiñilhue","CLASIFICACION":"Sin Información","CALZADA":"-","tmda":null},"geometry":{"type":"LineString","coordinates":[[-72.73936,-38.26429],[-72.73821,-38.26613],[-72.74222,-38.27254],[-72.73987,-38.27401],[-72.74342,-38.27958],[-72.75169,-38.28135],[-72.75501,-38.27947]]}},{"id":"7505","type":"Feature","properties":{"ROL":"R-738","NOMBRE_CAMINO":"Galvarino - Ranquilco -rcamanqui","CLASIFICACION":"Sin Información","CALZADA":"-","tmda":null},"geometry":{"type":"LineString","coordinates":[[-72.88065,-38.40621],[-72.88058,-38.40902],[-72.88416,-38.41105],[-72.8928,-38.40998],[-72.90897,-38.41251],[-72.91016,-38.41942],[-72.90816,-38.4202],[-72.90808,-38.42253],[-72.90694,-38.42302],[-72.9092,-38.4268],[-72.90976,-38.43494]]}},{"id":"7506","type":"Feature","properties":{"ROL":"S/R","NOMBRE_CAMINO":"Los Pinos - Pailacura","CLASIFICACION":"Sin Información","CALZADA":"-","tmda":null},"geometry":{"type":"LineString","coordinates":[[-72.75664,-38.65355],[-72.75959,-38.66163],[-72.76573,-38.66715],[-72.77001,-38.67312],[-72.77923,-38.67777],[-72.78784,-38.67579],[-72.79206,-38.67707],[-72.80059,-38.67309],[-72.81111,-38.6645],[-72.81956,-38.66128],[-72.82665,-38.65368],[-72.82851,-38.64457],[-72.82724,-38.63132],[-72.82469,-38.62567],[-72.82071,-38.62219],[-72.82127,-38.61568],[-72.82456,-38.61136],[-72.82453,-38.60816]]}},{"id":"7507","type":"Feature","properties":{"ROL":"S-602","NOMBRE_CAMINO":"Los Yugos - Martínez De Rozas","CLASIFICACION":"Sin Información","CALZADA":"-","tmda":1529.0},"geometry":{"type":"LineString","coordinates":[[-72.72416,-38.84854],[-72.74286,-38.89508],[-72.75404,-38.89637],[-72.76234,-38.90963],[-72.76452,-38.91883],[-72.77718,-38.9164],[-72.79248,-38.95699],[-72.78824,-38.95866]]}},{"id":"7508","type":"Feature","properties":{"ROL":"S-584","NOMBRE_CAMINO":"Martínez De Rozas - Los Coigues","CLASIFICACION":"Sin Información","CALZADA":"-","tmda":null},"geometry":{"type":"LineString","coordinates":[[-72.8146,-38.96453],[-72.8244,-38.96132],[-72.8239,-38.95556],[-72.82575,-38.95478],[-72.82809,-38.9502],[-72.82764,-38.94655],[-72.83258,-38.94513],[-72.84211,-38.94572],[-72.84891,-38.94078],[-72.84833,-38.93548],[-72.85051,-38.92801],[-72.84238,-38.92639],[-72.84185,-38.92148]]}},{"id":"7509","type":"Feature","properties":{"ROL":"R-402","NOMBRE_CAMINO":"Estación Saboya - Melín","CLASIFICACION":"Sin Información","CALZADA":"-","tmda":null},"geometry":{"type":"LineString","coordinates":[[-72.82476,-37.99805],[-72.8145,-37.9998],[-72.81118,-38.00229],[-72.80774,-38.00231],[-72.80175,-38.01045],[-72.80129,-38.01476],[-72.79436,-38.01454]]}},{"id":"7510","type":"Feature","properties":{"ROL":"R-575","NOMBRE_CAMINO":"Victoria - Inspector Fernández Por Cerro Antiguo","CLASIFICACION":"Sin Información","CALZADA":"-","tmda":null},"geometry":{"type":"LineString","coordinates":[[-72.32214,-38.22257],[-72.32132,-38.22227]]}},{"id":"7511","type":"Feature","properties":{"ROL":"S/R","NOMBRE_CAMINO":"Variante La Estrella","CLASIFICACION":"Sin Información","CALZADA":"-","tmda":null},"geometry":{"type":"LineString","coordinates":[[-72.35172,-38.19048],[-72.33931,-38.19277]]}},{"id":"7512","type":"Feature","properties":{"ROL":"R-646","NOMBRE_CAMINO":"Los Laureles - Pichipellahuén","CLASIFICACION":"Sin Información","CALZADA":"-","tmda":null},"geometry":{"type":"LineString","coordinates":[[-73.05394,-38.25547],[-73.05407,-38.2574],[-73.05004,-38.26066],[-73.04828,-38.26589],[-73.04187,-38.26844],[-73.04148,-38.27278],[-73.03478,-38.28196],[-73.02817,-38.28353],[-73.02229,-38.28655],[-73.01501,-38.28733],[-73.00992,-38.29073],[-73.00846,-38.29435],[-73.0189,-38.29739],[-73.02208,-38.30117],[-73.02522,-38.30167],[-73.02628,-38.30564],[-73.02183,-38.3111],[-72.99975,-38.32433]]}},{"id":"7513","type":"Feature","properties":{"ROL":"S/R","NOMBRE_CAMINO":"Campo Grande - Las Leoneras","CLASIFICACION":"Sin Información","CALZADA":"-","tmda":null},"geometry":{"type":"LineString","coordinates":[[-73.145,-38.49977],[-73.14128,-38.49979],[-73.13363,-38.49653],[-73.12701,-38.48848],[-73.12513,-38.47975],[-73.11456,-38.47703],[-73.10893,-38.47787],[-73.09909,-38.47058],[-73.10059,-38.46594],[-73.09801,-38.46362],[-73.10055,-38.45866],[-73.10094,-38.45393],[-73.09951,-38.45351]]}},{"id":"7514","type":"Feature","properties":{"ROL":"S/R","NOMBRE_CAMINO":"Cruce R-850 - Parcelación Chufquén","CLASIFICACION":"Sin Información","CALZADA":"-","tmda":null},"geometry":{"type":"LineString","coordinates":[[-72.60998,-38.36965],[-72.6129,-38.38153],[-72.60544,-38.38143],[-72.60502,-38.38328],[-72.60378,-38.38354],[-72.60476,-38.38903],[-72.58519,-38.39043],[-72.58249,-38.38355],[-72.57497,-38.39028],[-72.57553,-38.39154]]}},{"id":"7515","type":"Feature","properties":{"ROL":"S-348","NOMBRE_CAMINO":"Pumalal - Los Laureles","CLASIFICACION":"Sin Información","CALZADA":"-","tmda":null},"geometry":{"type":"LineString","coordinates":[[-72.49715,-38.61778],[-72.49501,-38.60864],[-72.49596,-38.60634],[-72.49523,-38.60319],[-72.49236,-38.60098],[-72.49168,-38.59665],[-72.48361,-38.58409],[-72.48102,-38.57687],[-72.47563,-38.56807],[-72.47109,-38.56432],[-72.46594,-38.56424],[-72.46159,-38.55333],[-72.46047,-38.54466]]}},{"id":"7516","type":"Feature","properties":{"ROL":"S/R","NOMBRE_CAMINO":"Pillanlelbún - Pumalal","CLASIFICACION":"Sin Información","CALZADA":"-","tmda":null},"geometry":{"type":"LineString","coordinates":[[-72.55489,-38.58514],[-72.55259,-38.59619],[-72.5504,-38.59924],[-72.54137,-38.60251],[-72.5384,-38.60544],[-72.54029,-38.60815],[-72.53934,-38.61048],[-72.53218,-38.61423],[-72.53441,-38.61534],[-72.53642,-38.62031],[-72.53609,-38.62346],[-72.53252,-38.62741],[-72.53441,-38.63111],[-72.53407,-38.63333],[-72.53021,-38.63634],[-72.53165,-38.64479],[-72.52718,-38.64817],[-72.52369,-38.65454],[-72.51984,-38.65566],[-72.51722,-38.66208],[-72.51925,-38.66896],[-72.51883,-38.6782]]}},{"id":"7517","type":"Feature","properties":{"ROL":"R-861","NOMBRE_CAMINO":"Tres Esquinas - Selva Oscura","CLASIFICACION":"Sin Información","CALZADA":"-","tmda":556.0},"geometry":{"type":"LineString","coordinates":[[-72.07978,-38.30046],[-72.09766,-38.34936],[-72.09768,-38.35113],[-72.09537,-38.35378],[-72.1068,-38.35792],[-72.11753,-38.35933],[-72.12656,-38.36224],[-72.13825,-38.36377],[-72.14607,-38.36279],[-72.15715,-38.36344],[-72.16258,-38.36851],[-72.16964,-38.36779]]}},{"id":"7518","type":"Feature","properties":{"ROL":"S/R","NOMBRE_CAMINO":"Cruce Ruta 5 - Púa (acceso Norte)","CLASIFICACION":"Sin Información","CALZADA":"-","tmda":null},"geometry":{"type":"LineString","coordinates":[[-72.37962,-38.33329],[-72.37459,-38.33364]]}},{"id":"7519","type":"Feature","properties":{"ROL":"R-821","NOMBRE_CAMINO":"Cruce Ruta 5 - Púa (acceso Sur)","CLASIFICACION":"Sin Información","CALZADA":"-","tmda":null},"geometry":{"type":"LineString","coordinates":[[-72.3807,-38.33759],[-72.3756,-38.33689]]}},{"id":"7520","type":"Feature","properties":{"ROL":"S/R","NOMBRE_CAMINO":"Huamaqui Hacia El Norte","CLASIFICACION":"Sin Información","CALZADA":"-","tmda":null},"geometry":{"type":"LineString","coordinates":[[-72.9593,-38.46847],[-72.97756,-38.45806],[-72.98494,-38.45937],[-72.98774,-38.46227],[-72.98918,-38.46142],[-72.99068,-38.45862],[-72.9901,-38.45292],[-72.9855,-38.44426],[-72.98559,-38.44097],[-72.98973,-38.436],[-72.99341,-38.43383],[-72.99279,-38.43247],[-72.99533,-38.4306],[-72.99472,-38.4294],[-72.99605,-38.42948]]}},{"id":"7521","type":"Feature","properties":{"ROL":"S/R","NOMBRE_CAMINO":"Balsa Aillinco - Ilohue","CLASIFICACION":"Sin Información","CALZADA":"-","tmda":null},"geometry":{"type":"LineString","coordinates":[[-72.85516,-38.46723],[-72.86156,-38.46874],[-72.86102,-38.47163],[-72.86251,-38.47285],[-72.86907,-38.46896],[-72.87731,-38.45938],[-72.88288,-38.45811],[-72.88544,-38.45533],[-72.89417,-38.45058],[-72.89837,-38.44995],[-72.90376,-38.45296],[-72.90709,-38.4515]]}},{"id":"7522","type":"Feature","properties":{"ROL":"S/R","NOMBRE_CAMINO":"Reducción Huidina - Lomahue - Boroa","CLASIFICACION":"Sin Información","CALZADA":"-","tmda":164.0},"geometry":{"type":"LineString","coordinates":[[-72.86935,-38.87573],[-72.8669,-38.86819],[-72.86496,-38.86576],[-72.85887,-38.86114],[-72.85081,-38.85864],[-72.84796,-38.84645]]}},{"id":"7523","type":"Feature","properties":{"ROL":"S-251","NOMBRE_CAMINO":"Santa Inés - La Trinchera","CLASIFICACION":"Sin Información","CALZADA":"-","tmda":null},"geometry":{"type":"LineString","coordinates":[[-72.06428,-38.62231],[-72.05916,-38.62333],[-72.05612,-38.61686]]}},{"id":"7524","type":"Feature","properties":{"ROL":"R-950-P","NOMBRE_CAMINO":"Siete Mañas - La Campana - Relun, Sector: Límite Regional - Relun","CLASIFICACION":"Sin Información","CALZADA":"-","tmda":306.0},"geometry":{"type":"LineString","coordinates":[[-73.24073,-38.31456],[-73.24095,-38.31468]]}},{"id":"7525","type":"Feature","properties":{"ROL":"S/R","NOMBRE_CAMINO":"Posta Manzanar - Molino Calcoi","CLASIFICACION":"Sin Información","CALZADA":"-","tmda":null},"geometry":{"type":"LineString","coordinates":[[-73.26225,-38.36554],[-73.26129,-38.36663]]}},{"id":"7526","type":"Feature","properties":{"ROL":"S-610","NOMBRE_CAMINO":"Puerto Dominguez - Quilmer","CLASIFICACION":"Sin Información","CALZADA":"-","tmda":null},"geometry":{"type":"LineString","coordinates":[[-73.25487,-38.93398],[-73.25063,-38.93374],[-73.24758,-38.93606],[-73.24642,-38.93894],[-73.23559,-38.93659],[-73.22902,-38.94004],[-73.22043,-38.94111],[-73.21947,-38.94433],[-73.2167,-38.94582],[-73.21302,-38.9517],[-73.20688,-38.95176],[-73.20468,-38.94957],[-73.1997,-38.94836],[-73.1972,-38.94957],[-73.19145,-38.94902],[-73.18792,-38.95051],[-73.18599,-38.94806],[-73.18329,-38.94741],[-73.16962,-38.94948],[-73.16772,-38.94599],[-73.16277,-38.94514],[-73.1613,-38.94324],[-73.14506,-38.94818],[-73.14551,-38.95473],[-73.14684,-38.95702],[-73.1459,-38.95917],[-73.14764,-38.96361],[-73.14477,-38.96772],[-73.14211,-38.96873],[-73.14131,-38.97093],[-73.13872,-38.97254],[-73.1382,-38.98374]]}},{"id":"7527","type":"Feature","properties":{"ROL":"S/R","NOMBRE_CAMINO":"La Suerte - Límite Regional","CLASIFICACION":"Sin Información","CALZADA":"-","tmda":null},"geometry":{"type":"LineString","coordinates":[[-73.47002,-38.4984],[-73.46926,-38.49448],[-73.46703,-38.49225],[-73.46836,-38.49035],[-73.46527,-38.49017],[-73.46469,-38.48714],[-73.46603,-38.48535],[-73.46136,-38.48403],[-73.46107,-38.47857],[-73.46317,-38.47435],[-73.46735,-38.47035],[-73.46834,-38.46713],[-73.47666,-38.46617],[-73.48181,-38.46095],[-73.48159,-38.45711],[-73.47584,-38.4503]]}},{"id":"7528","type":"Feature","properties":{"ROL":"S-216","NOMBRE_CAMINO":"Santa Lucía - Bellavista","CLASIFICACION":"Sin Información","CALZADA":"-","tmda":null},"geometry":{"type":"LineString","coordinates":[[-72.97911,-38.73438],[-72.98315,-38.72945],[-72.98813,-38.72702],[-72.99009,-38.72393],[-73.0073,-38.71139],[-73.00831,-38.70641],[-73.01369,-38.69974],[-73.01278,-38.69508],[-73.0188,-38.69269],[-73.02291,-38.68377],[-73.02296,-38.6812],[-73.03073,-38.67737],[-73.03459,-38.67011],[-73.04649,-38.67047],[-73.05146,-38.66898],[-73.05971,-38.66882],[-73.06567,-38.66681]]}},{"id":"7529","type":"Feature","properties":{"ROL":"S-542","NOMBRE_CAMINO":"Teodoro Schmidt - Pucolon - Nogualhue","CLASIFICACION":"Sin Información","CALZADA":"-","tmda":null},"geometry":{"type":"LineString","coordinates":[[-72.9452,-38.85109],[-72.94501,-38.85277],[-72.94802,-38.85518],[-72.9499,-38.85888],[-72.94879,-38.86173],[-72.94167,-38.86453],[-72.94037,-38.86646],[-72.93868,-38.87976],[-72.94864,-38.89134],[-72.95481,-38.89228],[-72.95452,-38.89547],[-72.94884,-38.89858],[-72.94878,-38.90043],[-72.95034,-38.9044],[-72.95579,-38.90974],[-72.9592,-38.91131],[-72.95982,-38.91402],[-72.96891,-38.91945],[-72.97211,-38.9196],[-72.97665,-38.92379],[-72.97899,-38.92377],[-72.98123,-38.92748],[-72.99324,-38.92976],[-72.99455,-38.93404],[-73.00523,-38.94224],[-73.00678,-38.94389],[-73.00682,-38.94657],[-73.01568,-38.94916],[-73.01699,-38.95494],[-73.02776,-38.96353],[-73.03158,-38.96461],[-73.03724,-38.96353],[-73.04497,-38.96493],[-73.04876,-38.96437],[-73.04973,-38.96585],[-73.05226,-38.96582],[-73.05865,-38.96875],[-73.07268,-38.96958],[-73.08196,-38.97452],[-73.08571,-38.97492],[-73.09384,-38.97872],[-73.09574,-38.98275],[-73.09836,-38.98351],[-73.10175,-38.98689],[-73.09962,-38.99359]]}},{"id":"7530","type":"Feature","properties":{"ROL":"S/R","NOMBRE_CAMINO":"Cruce R-850 - Cruce R-842","CLASIFICACION":"Sin Información","CALZADA":"-","tmda":null},"geometry":{"type":"LineString","coordinates":[[-72.62426,-38.35797],[-72.58939,-38.35998],[-72.58963,-38.37093]]}},{"id":"7531","type":"Feature","properties":{"ROL":"S/R","NOMBRE_CAMINO":"Cruce R-850 - Cruce R-842","CLASIFICACION":"Sin Información","CALZADA":"-","tmda":null},"geometry":{"type":"LineString","coordinates":[[-72.62664,-38.36853],[-72.62427,-38.35797]]}},{"id":"7532","type":"Feature","properties":{"ROL":"S/R","NOMBRE_CAMINO":"Púa - Quino Por Puente El Salto","CLASIFICACION":"Sin Información","CALZADA":"-","tmda":null},"geometry":{"type":"LineString","coordinates":[[-72.41391,-38.32695],[-72.4158,-38.32441],[-72.41509,-38.32125],[-72.42179,-38.31948],[-72.42205,-38.31847],[-72.43092,-38.31986],[-72.44551,-38.32402],[-72.44982,-38.32734],[-72.44995,-38.33307],[-72.46334,-38.33861],[-72.47052,-38.33914]]}},{"id":"7533","type":"Feature","properties":{"ROL":"S-155","NOMBRE_CAMINO":"Lautaro - Los Prados - Cruce S-203 (cherquenco)","CLASIFICACION":"Sin Información","CALZADA":"-","tmda":null},"geometry":{"type":"LineString","coordinates":[[-72.27548,-38.52574],[-72.20235,-38.54314],[-72.20003,-38.54251],[-72.20005,-38.53698],[-72.19772,-38.53728],[-72.19843,-38.54017],[-72.19641,-38.54239],[-72.18803,-38.54374],[-72.1711,-38.5438],[-72.16709,-38.54727],[-72.15992,-38.54927],[-72.15273,-38.55454],[-72.14194,-38.55743],[-72.12651,-38.55883],[-72.10923,-38.56648],[-72.10291,-38.5728],[-72.10381,-38.5756],[-72.10068,-38.57966],[-72.10273,-38.58133],[-72.102,-38.58252],[-72.09844,-38.5815],[-72.09225,-38.5768],[-72.08563,-38.58398],[-72.07667,-38.58771],[-72.06763,-38.58776],[-72.05011,-38.58273],[-72.04611,-38.58658],[-72.03632,-38.5918],[-72.01571,-38.59642],[-72.00677,-38.59706],[-72.00209,-38.59984]]}},{"id":"7534","type":"Feature","properties":{"ROL":"S/R","NOMBRE_CAMINO":"Freire - Martínez De Rozas","CLASIFICACION":"Sin Información","CALZADA":"-","tmda":899.0},"geometry":{"type":"LineString","coordinates":[[-72.62872,-38.95103],[-72.63022,-38.95361],[-72.63272,-38.95481],[-72.68007,-38.96122]]}},{"id":"7535","type":"Feature","properties":{"ROL":"S/R","NOMBRE_CAMINO":"Rapimán - Estación Martínez De Rozas","CLASIFICACION":"Sin Información","CALZADA":"-","tmda":164.0},"geometry":{"type":"LineString","coordinates":[[-72.79705,-39.00094],[-72.79163,-38.98627],[-72.78774,-38.97974],[-72.78769,-38.97719],[-72.78342,-38.97632]]}},{"id":"7536","type":"Feature","properties":{"ROL":"R-551","NOMBRE_CAMINO":"Luján - Tolhuaca Por Niblinto","CLASIFICACION":"Sin Información","CALZADA":"-","tmda":57.0},"geometry":{"type":"LineString","coordinates":[[-72.03831,-38.10128],[-72.03586,-38.10457],[-72.03039,-38.10688],[-72.03035,-38.11684],[-72.02862,-38.1214],[-72.01185,-38.13614],[-72.00797,-38.1374],[-72.00141,-38.1436],[-72.00087,-38.14647],[-71.9981,-38.14924],[-71.99079,-38.1495],[-71.96884,-38.1565],[-71.96104,-38.15677],[-71.95452,-38.15483],[-71.95323,-38.1527],[-71.94913,-38.15037],[-71.94511,-38.14894],[-71.94308,-38.14946],[-71.94317,-38.14789],[-71.93691,-38.14839],[-71.92695,-38.14345],[-71.91288,-38.14015],[-71.90152,-38.14414],[-71.89838,-38.14369],[-71.89475,-38.1457],[-71.89554,-38.14677],[-71.89311,-38.14827],[-71.91484,-38.15065],[-71.91596,-38.15298],[-71.91936,-38.1537],[-71.92314,-38.15849],[-71.92607,-38.15667],[-71.9305,-38.15664],[-71.93545,-38.15846],[-71.93533,-38.15983],[-71.93701,-38.15837],[-71.93678,-38.15921],[-71.94515,-38.16118],[-71.94878,-38.16896],[-71.95162,-38.17084],[-71.94729,-38.17488],[-71.94382,-38.175],[-71.9421,-38.17681],[-71.9427,-38.18427],[-71.94349,-38.18614],[-71.94579,-38.18712],[-71.94534,-38.18918],[-71.94683,-38.18894],[-71.94848,-38.18595],[-71.94828,-38.1875],[-71.94973,-38.1858],[-71.94902,-38.18815],[-71.95215,-38.18547],[-71.96604,-38.19177],[-71.96207,-38.19811],[-71.96536,-38.1983],[-71.96662,-38.19983],[-71.96678,-38.20608],[-71.96825,-38.20797],[-71.96723,-38.21419],[-71.96919,-38.21921],[-71.96815,-38.22152],[-71.97072,-38.23164],[-71.96734,-38.23252],[-71.96653,-38.235],[-71.96418,-38.23616],[-71.9659,-38.23763]]}},{"id":"7537","type":"Feature","properties":{"ROL":"S/R","NOMBRE_CAMINO":"Cadena Gruesa - Colpi","CLASIFICACION":"Sin Información","CALZADA":"-","tmda":null},"geometry":{"type":"LineString","coordinates":[[-72.83409,-38.30435],[-72.82989,-38.30692],[-72.82322,-38.30753],[-72.82202,-38.3097],[-72.81285,-38.31525]]}},{"id":"7538","type":"Feature","properties":{"ROL":"S/R","NOMBRE_CAMINO":"Bayona - Rariruca","CLASIFICACION":"Sin Información","CALZADA":"-","tmda":null},"geometry":{"type":"LineString","coordinates":[[-72.06854,-38.39984],[-72.07031,-38.40435],[-72.07959,-38.40917],[-72.08589,-38.41024],[-72.0928,-38.40938]]}},{"id":"7539","type":"Feature","properties":{"ROL":"S/R","NOMBRE_CAMINO":"Launache - Alto Malalche - Peuchén","CLASIFICACION":"Sin Información","CALZADA":"-","tmda":null},"geometry":{"type":"LineString","coordinates":[[-72.88377,-38.57334],[-72.90894,-38.56781],[-72.91785,-38.5558],[-72.92148,-38.55362],[-72.92334,-38.55389],[-72.9264,-38.55724],[-72.93284,-38.55566],[-72.93457,-38.55067],[-72.93403,-38.54535],[-72.93558,-38.5405],[-72.9439,-38.53651],[-72.95388,-38.52623]]}},{"id":"7540","type":"Feature","properties":{"ROL":"S/R","NOMBRE_CAMINO":"Malalche - El Rincón","CLASIFICACION":"Sin Información","CALZADA":"-","tmda":null},"geometry":{"type":"LineString","coordinates":[[-72.9451,-38.57279],[-72.94445,-38.56874],[-72.94854,-38.56663],[-72.94937,-38.56392],[-72.94723,-38.56054],[-72.94763,-38.55776]]}},{"id":"7541","type":"Feature","properties":{"ROL":"S/R","NOMBRE_CAMINO":"Mono Paine - Cruce S-512","CLASIFICACION":"Sin Información","CALZADA":"-","tmda":899.0},"geometry":{"type":"LineString","coordinates":[[-72.66349,-38.78959],[-72.66777,-38.79294],[-72.67411,-38.79527],[-72.67587,-38.79755],[-72.68097,-38.79884],[-72.68602,-38.80339],[-72.697,-38.81017],[-72.71665,-38.81276],[-72.72075,-38.8178],[-72.72736,-38.82131],[-72.72829,-38.82378],[-72.72715,-38.8259],[-72.73058,-38.83258]]}},{"id":"7542","type":"Feature","properties":{"ROL":"S/R","NOMBRE_CAMINO":"Millelche - Mision Araucana","CLASIFICACION":"Sin Información","CALZADA":"-","tmda":899.0},"geometry":{"type":"LineString","coordinates":[[-72.67666,-38.86597],[-72.67023,-38.85925],[-72.67191,-38.85112],[-72.6712,-38.84931],[-72.66852,-38.84929],[-72.66784,-38.84804],[-72.66036,-38.84801],[-72.65735,-38.84396],[-72.65232,-38.84081]]}},{"id":"7543","type":"Feature","properties":{"ROL":"S-604","NOMBRE_CAMINO":"Freire - Semillero Por San Juan","CLASIFICACION":"Sin Información","CALZADA":"-","tmda":469.0},"geometry":{"type":"LineString","coordinates":[[-72.62804,-38.94262],[-72.62884,-38.94471],[-72.63842,-38.94404],[-72.65139,-38.94065],[-72.66777,-38.93404],[-72.67006,-38.93716],[-72.67477,-38.93558],[-72.67685,-38.93741],[-72.70904,-38.92907],[-72.71488,-38.94452]]}},{"id":"7544","type":"Feature","properties":{"ROL":"S-608","NOMBRE_CAMINO":"Cruce Ruta S-60 - Cruce Ruta S-464","CLASIFICACION":"Sin Información","CALZADA":"-","tmda":null},"geometry":{"type":"LineString","coordinates":[[-72.68097,-38.89856],[-72.68124,-38.8974],[-72.6857,-38.8962],[-72.68138,-38.88492],[-72.66542,-38.88235],[-72.66076,-38.88344],[-72.65513,-38.87979],[-72.65065,-38.87858],[-72.64975,-38.87713]]}},{"id":"7545","type":"Feature","properties":{"ROL":"S/R","NOMBRE_CAMINO":"Cruce  R-23 - Río Renaico","CLASIFICACION":"Sin Información","CALZADA":"-","tmda":null},"geometry":{"type":"LineString","coordinates":[[-72.35395,-37.85534],[-72.35263,-37.85398]]}},{"id":"7546","type":"Feature","properties":{"ROL":"S/R","NOMBRE_CAMINO":"Cruce  R-23 - Río Renaico","CLASIFICACION":"Sin Información","CALZADA":"-","tmda":null},"geometry":{"type":"LineString","coordinates":[[-72.37876,-37.86162],[-72.37461,-37.85929],[-72.36937,-37.85919],[-72.36797,-37.85755],[-72.35465,-37.855]]}},{"id":"7547","type":"Feature","properties":{"ROL":"R-254","NOMBRE_CAMINO":"Agua Santa - Cruce R-670-p","CLASIFICACION":"Sin Información","CALZADA":"-","tmda":null},"geometry":{"type":"LineString","coordinates":[[-73.10943,-37.89328],[-73.11254,-37.89331],[-73.11739,-37.89555],[-73.11613,-37.89772],[-73.11918,-37.89915],[-73.11878,-37.90282]]}},{"id":"7548","type":"Feature","properties":{"ROL":"R-90-P","NOMBRE_CAMINO":"Traiguén - Lumaco - Capitán Pastene - Quidico, Sector Traiguén - Límite Regional","CLASIFICACION":"Sin Información","CALZADA":"-","tmda":922.0},"geometry":{"type":"LineString","coordinates":[[-73.19716,-38.26315],[-73.19802,-38.25969],[-73.19795,-38.26115],[-73.20049,-38.26296],[-73.19955,-38.2606],[-73.20063,-38.25961],[-73.20092,-38.26155],[-73.20256,-38.25944],[-73.21043,-38.26083],[-73.21323,-38.26377],[-73.21496,-38.26174],[-73.21781,-38.26449],[-73.2202,-38.26498],[-73.22214,-38.26839],[-73.22157,-38.27091],[-73.22477,-38.27371],[-73.24229,-38.27489],[-73.24514,-38.27813],[-73.26352,-38.28347],[-73.26897,-38.28784],[-73.27326,-38.29482],[-73.27961,-38.29757],[-73.28016,-38.30078],[-73.28282,-38.30282]]}},{"id":"7549","type":"Feature","properties":{"ROL":"R-816","NOMBRE_CAMINO":"Acceso Oriente A Traiguén Por Agua Potable","CLASIFICACION":"Sin Información","CALZADA":"-","tmda":null},"geometry":{"type":"LineString","coordinates":[[-72.66761,-38.25776],[-72.66603,-38.25617]]}},{"id":"7550","type":"Feature","properties":{"ROL":"S-155","NOMBRE_CAMINO":"Lautaro - Los Prados - Cruce S-203 (cherquenco)","CLASIFICACION":"Sin Información","CALZADA":"-","tmda":null},"geometry":{"type":"LineString","coordinates":[[-72.41819,-38.53341],[-72.41015,-38.53548],[-72.40507,-38.5338],[-72.39756,-38.53488],[-72.39031,-38.53786],[-72.38364,-38.53422],[-72.37118,-38.53047],[-72.35558,-38.52963],[-72.34301,-38.52662],[-72.32424,-38.52612],[-72.30959,-38.52286],[-72.28516,-38.52367],[-72.27548,-38.52574]]}},{"id":"7551","type":"Feature","properties":{"ROL":"S/R","NOMBRE_CAMINO":"Comunidad Rucamilla","CLASIFICACION":"Sin Información","CALZADA":"-","tmda":null},"geometry":{"type":"LineString","coordinates":[[-72.18899,-38.16363],[-72.18565,-38.16375],[-72.18561,-38.16218],[-72.18707,-38.16126],[-72.18673,-38.15679]]}},{"id":"7552","type":"Feature","properties":{"ROL":"S/R","NOMBRE_CAMINO":"Cruce R-820 - Cruce R-828","CLASIFICACION":"Sin Información","CALZADA":"-","tmda":null},"geometry":{"type":"LineString","coordinates":[[-72.58907,-38.28352],[-72.58746,-38.28472],[-72.58754,-38.29179],[-72.59025,-38.29334],[-72.59507,-38.29337]]}},{"id":"7553","type":"Feature","properties":{"ROL":"S/R","NOMBRE_CAMINO":"Peleco - Yenehue","CLASIFICACION":"Sin Información","CALZADA":"-","tmda":null},"geometry":{"type":"LineString","coordinates":[[-73.28371,-38.96988],[-73.28747,-38.97162],[-73.28732,-38.9733],[-73.28983,-38.97569],[-73.29629,-38.97474],[-73.30536,-38.98175],[-73.31002,-38.98792],[-73.30016,-38.99905],[-73.30181,-39.00256]]}},{"id":"7554","type":"Feature","properties":{"ROL":"S-452","NOMBRE_CAMINO":"Puerto Domínguez - Santa Ana","CLASIFICACION":"Sin Información","CALZADA":"-","tmda":292.0},"geometry":{"type":"LineString","coordinates":[[-73.25585,-38.89777],[-73.24508,-38.90246],[-73.23942,-38.90292],[-73.23565,-38.90709],[-73.22922,-38.90885],[-73.22307,-38.90544],[-73.22252,-38.90285],[-73.2154,-38.90462],[-73.20674,-38.90315],[-73.20064,-38.90428],[-73.19755,-38.90245],[-73.19311,-38.90421],[-73.19372,-38.90313],[-73.19051,-38.89988],[-73.18355,-38.89879],[-73.18104,-38.89388],[-73.18176,-38.89002],[-73.17311,-38.88846],[-73.16763,-38.89073],[-73.16253,-38.88866],[-73.16331,-38.88995],[-73.16111,-38.88988],[-73.15631,-38.88815],[-73.15364,-38.88305],[-73.14397,-38.88272],[-73.14275,-38.88136],[-73.13265,-38.88321],[-73.12964,-38.88564],[-73.12899,-38.88817],[-73.1254,-38.88932],[-73.12227,-38.88804],[-73.11738,-38.88311]]}},{"id":"7555","type":"Feature","properties":{"ROL":"S-185","NOMBRE_CAMINO":"Vilcún - Codague - Vega Redonda","CLASIFICACION":"Sin Información","CALZADA":"-","tmda":null},"geometry":{"type":"LineString","coordinates":[[-72.21813,-38.66547],[-72.20752,-38.64014],[-72.19515,-38.60529],[-72.19266,-38.60038],[-72.18413,-38.59092],[-72.18446,-38.58815],[-72.18091,-38.58609],[-72.18193,-38.58234],[-72.18843,-38.58007],[-72.18236,-38.57717],[-72.18871,-38.57373],[-72.1921,-38.5755],[-72.20609,-38.57627],[-72.20709,-38.57596],[-72.20718,-38.57156],[-72.20863,-38.57067],[-72.21381,-38.57173],[-72.21761,-38.5698],[-72.23378,-38.56856],[-72.26081,-38.56878],[-72.26261,-38.57052],[-72.26228,-38.57273],[-72.26587,-38.57631]]}},{"id":"7556","type":"Feature","properties":{"ROL":"S-15","NOMBRE_CAMINO":"Lautaro - San Patricio","CLASIFICACION":"Sin Información","CALZADA":"-","tmda":261.0},"geometry":{"type":"LineString","coordinates":[[-72.27139,-38.57771],[-72.27125,-38.57769]]}},{"id":"7557","type":"Feature","properties":{"ROL":"S-15","NOMBRE_CAMINO":"Lautaro - San Patricio","CLASIFICACION":"Sin Información","CALZADA":"-","tmda":263.0},"geometry":{"type":"LineString","coordinates":[[-72.27124,-38.57768],[-72.26587,-38.57631],[-72.26031,-38.57719],[-72.25438,-38.58124],[-72.24852,-38.58266],[-72.24683,-38.58421],[-72.22877,-38.58342],[-72.22015,-38.58886],[-72.21242,-38.59093],[-72.21581,-38.59774],[-72.2149,-38.59831],[-72.20432,-38.59912],[-72.19681,-38.59635],[-72.18537,-38.59873],[-72.17307,-38.60363],[-72.16192,-38.6029],[-72.15954,-38.60766],[-72.15611,-38.60851],[-72.15364,-38.61358],[-72.1509,-38.61495],[-72.15091,-38.61848],[-72.14891,-38.61998],[-72.14788,-38.62291],[-72.14198,-38.62498],[-72.1382,-38.62437],[-72.13521,-38.62803],[-72.11927,-38.6323],[-72.11202,-38.63585],[-72.11917,-38.6565]]}},{"id":"7558","type":"Feature","properties":{"ROL":"S-31","NOMBRE_CAMINO":"Cruce Longitudinal (cajon) - Vilcun - Refugio Llaima","CLASIFICACION":"Sin Información","CALZADA":"-","tmda":3264.0},"geometry":{"type":"LineString","coordinates":[[-72.50727,-38.67206],[-72.50503,-38.67541],[-72.51008,-38.68048],[-72.50964,-38.682],[-72.50229,-38.68504],[-72.50272,-38.68666],[-72.50036,-38.68829],[-72.49104,-38.68937],[-72.48049,-38.68772],[-72.46264,-38.69611],[-72.43247,-38.6992],[-72.41935,-38.6967],[-72.39938,-38.6908],[-72.36972,-38.69146],[-72.32481,-38.67977],[-72.28329,-38.67244],[-72.27231,-38.66876],[-72.26846,-38.66931],[-72.2548,-38.66733],[-72.21985,-38.67042],[-72.21978,-38.66931],[-72.20313,-38.66815],[-72.19305,-38.66966],[-72.18574,-38.66774],[-72.18199,-38.6686],[-72.16832,-38.66599],[-72.13991,-38.66409],[-72.13126,-38.661],[-72.10822,-38.66112],[-72.0815,-38.66632],[-72.05139,-38.67569],[-72.0377,-38.67626],[-72.01084,-38.68232],[-72.00187,-38.6859]]}},{"id":"7559","type":"Feature","properties":{"ROL":"S/R","NOMBRE_CAMINO":"Huilio - Chodoico","CLASIFICACION":"Sin Información","CALZADA":"-","tmda":164.0},"geometry":{"type":"LineString","coordinates":[[-72.82757,-38.94661],[-72.82448,-38.93731],[-72.82685,-38.93487],[-72.82607,-38.93212],[-72.82184,-38.93065],[-72.82016,-38.92571],[-72.82533,-38.92288],[-72.83029,-38.9241],[-72.84185,-38.92148]]}},{"id":"7560","type":"Feature","properties":{"ROL":"S-564","NOMBRE_CAMINO":"Reducción Coihue - Reducción Dollinco","CLASIFICACION":"Sin Información","CALZADA":"-","tmda":null},"geometry":{"type":"LineString","coordinates":[[-72.85051,-38.92801],[-72.86875,-38.92251],[-72.87304,-38.91202],[-72.88078,-38.90273],[-72.87985,-38.89904]]}},{"id":"7561","type":"Feature","properties":{"ROL":"S/R","NOMBRE_CAMINO":"Puerto Domínguez - Llanqui","CLASIFICACION":"Sin Información","CALZADA":"-","tmda":null},"geometry":{"type":"LineString","coordinates":[[-73.25088,-38.90852],[-73.24667,-38.90841],[-73.23897,-38.91245],[-73.23798,-38.91395],[-73.23866,-38.91743],[-73.23768,-38.91945],[-73.23527,-38.92],[-73.2356,-38.9217],[-73.22909,-38.92162],[-73.22355,-38.9263],[-73.21926,-38.92783],[-73.21539,-38.93256],[-73.20685,-38.9372],[-73.20675,-38.93919],[-73.20371,-38.94325],[-73.19777,-38.9463],[-73.19838,-38.94845]]}},{"id":"7562","type":"Feature","properties":{"ROL":"S/R","NOMBRE_CAMINO":"Poculón - Llaiguín","CLASIFICACION":"Sin Información","CALZADA":"-","tmda":164.0},"geometry":{"type":"LineString","coordinates":[[-73.04898,-38.96445],[-73.04847,-38.96251],[-73.05138,-38.95891],[-73.05134,-38.95605],[-73.05314,-38.95531],[-73.05235,-38.95346],[-73.05577,-38.94934],[-73.05748,-38.94964],[-73.05882,-38.94832],[-73.05371,-38.94155],[-73.04896,-38.93954],[-73.0472,-38.93556]]}},{"id":"7563","type":"Feature","properties":{"ROL":"S-169","NOMBRE_CAMINO":"Los Aromos - Agua Santa","CLASIFICACION":"Sin Información","CALZADA":"-","tmda":113.0},"geometry":{"type":"LineString","coordinates":[[-72.21478,-38.49169],[-72.21491,-38.50246],[-72.22866,-38.53674]]}},{"id":"7564","type":"Feature","properties":{"ROL":"S-209","NOMBRE_CAMINO":"Cruce Ruta S-31 (venecia) - Los Chilcos","CLASIFICACION":"Sin Información","CALZADA":"-","tmda":null},"geometry":{"type":"LineString","coordinates":[[-71.81556,-38.62992],[-71.81673,-38.62766],[-71.8147,-38.62544],[-71.81436,-38.62298],[-71.81744,-38.62011]]}},{"id":"7565","type":"Feature","properties":{"ROL":"S-353","NOMBRE_CAMINO":"Cherquenco - El Salto","CLASIFICACION":"Sin Información","CALZADA":"-","tmda":98.0},"geometry":{"type":"LineString","coordinates":[[-71.97823,-38.68992],[-71.978,-38.69368],[-71.97542,-38.69437],[-71.97663,-38.70067],[-71.97311,-38.70223],[-71.97272,-38.70533],[-71.97398,-38.70651],[-71.97188,-38.71068],[-71.9436,-38.72612],[-71.93809,-38.72718],[-71.93684,-38.72884],[-71.93065,-38.72838],[-71.92119,-38.73072],[-71.91794,-38.73337],[-71.91474,-38.73964],[-71.91619,-38.74296],[-71.92011,-38.74402],[-71.91827,-38.74604],[-71.92083,-38.74817],[-71.9157,-38.74944],[-71.90497,-38.75969],[-71.90073,-38.7616],[-71.89458,-38.76935],[-71.89347,-38.77603],[-71.89524,-38.78338],[-71.89324,-38.78568],[-71.88197,-38.78594],[-71.88066,-38.78884],[-71.87353,-38.79303],[-71.87282,-38.7965],[-71.86924,-38.79812],[-71.86788,-38.80398],[-71.86098,-38.80832],[-71.86208,-38.81324],[-71.86052,-38.81953],[-71.85696,-38.82476],[-71.85748,-38.82898],[-71.86113,-38.83182],[-71.86565,-38.84267],[-71.86105,-38.84788],[-71.8629,-38.85422],[-71.86548,-38.8576],[-71.8642,-38.862],[-71.85636,-38.87578]]}},{"id":"7566","type":"Feature","properties":{"ROL":"S/R","NOMBRE_CAMINO":"Cruce S-60 - Calfuco","CLASIFICACION":"Sin Información","CALZADA":"-","tmda":899.0},"geometry":{"type":"LineString","coordinates":[[-72.7117,-38.9701],[-72.72078,-38.99238],[-72.7251,-38.99364],[-72.72693,-39.00023]]}},{"id":"7567","type":"Feature","properties":{"ROL":"R-742","NOMBRE_CAMINO":"Huinilhue - Fundo Nancahue - Didaico","CLASIFICACION":"Sin Información","CALZADA":"-","tmda":null},"geometry":{"type":"LineString","coordinates":[[-72.82231,-38.28004],[-72.82517,-38.28517],[-72.82867,-38.28847],[-72.82797,-38.29305],[-72.83171,-38.29606],[-72.83419,-38.30495],[-72.83928,-38.31127],[-72.85696,-38.3166],[-72.86142,-38.32512],[-72.86065,-38.32889],[-72.86219,-38.33127],[-72.86748,-38.3348],[-72.87492,-38.33597],[-72.88198,-38.34018]]}},{"id":"7568","type":"Feature","properties":{"ROL":"R-742","NOMBRE_CAMINO":"Huinilhue - Fundo Nancahue - Didaico","CLASIFICACION":"Sin Información","CALZADA":"-","tmda":null},"geometry":{"type":"LineString","coordinates":[[-72.886,-38.29963],[-72.88315,-38.28513],[-72.89109,-38.28383]]}},{"id":"7569","type":"Feature","properties":{"ROL":"S-144","NOMBRE_CAMINO":"Tres Esquinas - Matte Y Sánchez","CLASIFICACION":"Sin Información","CALZADA":"-","tmda":null},"geometry":{"type":"LineString","coordinates":[[-73.28082,-38.67011],[-73.28131,-38.6647],[-73.27726,-38.65889],[-73.28031,-38.65123],[-73.27869,-38.64037],[-73.28336,-38.63173],[-73.281,-38.62228]]}},{"id":"7570","type":"Feature","properties":{"ROL":"S/R","NOMBRE_CAMINO":"Cruce S-60 (hualpín) - Porma - Puyehue","CLASIFICACION":"Sin Información","CALZADA":"-","tmda":null},"geometry":{"type":"LineString","coordinates":[[-73.18901,-39.12097],[-73.24928,-39.10942]]}},{"id":"7571","type":"Feature","properties":{"ROL":"S/R","NOMBRE_CAMINO":"Cruce S-518 - Llahuin - El Descanso","CLASIFICACION":"Sin Información","CALZADA":"-","tmda":164.0},"geometry":{"type":"LineString","coordinates":[[-73.08924,-38.92745],[-73.08511,-38.92591],[-73.07933,-38.92639],[-73.0741,-38.93133],[-73.07164,-38.93559],[-73.06938,-38.93428],[-73.06301,-38.93369],[-73.06085,-38.93486],[-73.05891,-38.93366],[-73.05358,-38.93549],[-73.05022,-38.9339],[-73.039,-38.93569],[-73.03351,-38.93357],[-73.03335,-38.92826],[-73.03175,-38.92674],[-73.02785,-38.9265],[-73.02758,-38.92151],[-73.02514,-38.91948],[-73.01585,-38.91925]]}},{"id":"7572","type":"Feature","properties":{"ROL":"S-143","NOMBRE_CAMINO":"Ñereco - Agua Fría","CLASIFICACION":"Sin Información","CALZADA":"-","tmda":null},"geometry":{"type":"LineString","coordinates":[[-72.32607,-38.49847],[-72.32881,-38.4955],[-72.32884,-38.49214],[-72.32049,-38.47457],[-72.31198,-38.4734],[-72.29852,-38.46775],[-72.27998,-38.45621],[-72.26163,-38.4549]]}},{"id":"7573","type":"Feature","properties":{"ROL":"S-539","NOMBRE_CAMINO":"Cruce S-61- Termas De Molulco","CLASIFICACION":"Sin Información","CALZADA":"-","tmda":null},"geometry":{"type":"LineString","coordinates":[[-71.75609,-38.88302],[-71.74862,-38.88678],[-71.74846,-38.88836],[-71.74458,-38.88852],[-71.74467,-38.89075],[-71.7467,-38.89175],[-71.74338,-38.89194],[-71.73706,-38.89822],[-71.73581,-38.89542],[-71.73246,-38.89719],[-71.72371,-38.90642],[-71.71872,-38.90983],[-71.7018,-38.91358],[-71.69592,-38.91847],[-71.70009,-38.92029],[-71.69857,-38.92538],[-71.71238,-38.92453],[-71.70815,-38.93647],[-71.70933,-38.93937],[-71.71614,-38.94107],[-71.71855,-38.94618],[-71.72055,-38.94692],[-71.71808,-38.95644],[-71.71324,-38.96107]]}},{"id":"7574","type":"Feature","properties":{"ROL":"S/R","NOMBRE_CAMINO":"Peñehue - Llollenhue","CLASIFICACION":"Sin Información","CALZADA":"-","tmda":164.0},"geometry":{"type":"LineString","coordinates":[[-72.90408,-39.00331],[-72.90777,-39.00296],[-72.90795,-39.00592],[-72.91566,-39.00855],[-72.93011,-39.00467],[-72.93685,-39.00832],[-72.94676,-39.01094],[-72.95632,-39.01048],[-72.96275,-39.00862],[-72.96621,-39.0106],[-72.96917,-39.00977],[-72.96716,-39.00348],[-72.9896,-38.99895],[-72.99208,-39.0057],[-72.992,-39.01083],[-72.99884,-39.0171],[-73.00838,-39.01904],[-73.01965,-39.01784],[-73.0256,-39.0152],[-73.036,-39.01297],[-73.04747,-39.00841],[-73.04927,-39.00385],[-73.05335,-39.00221],[-73.05657,-39.00141],[-73.06205,-39.00291],[-73.06306,-38.99835],[-73.06137,-38.99467],[-73.06226,-38.99069]]}},{"id":"7575","type":"Feature","properties":{"ROL":"S/R","NOMBRE_CAMINO":"Cruce S-476 - Santa María","CLASIFICACION":"Sin Información","CALZADA":"-","tmda":null},"geometry":{"type":"LineString","coordinates":[[-72.97808,-38.76821],[-72.98144,-38.77144],[-72.99066,-38.77465],[-72.99689,-38.77368],[-73.00705,-38.77451],[-73.00867,-38.77774],[-73.01735,-38.77535],[-73.01825,-38.77942],[-73.02349,-38.78196],[-73.023,-38.78406]]}},{"id":"7576","type":"Feature","properties":{"ROL":"S-245","NOMBRE_CAMINO":"Santa Inés - Los Prados","CLASIFICACION":"Sin Información","CALZADA":"-","tmda":null},"geometry":{"type":"LineString","coordinates":[[-72.11927,-38.6323],[-72.11841,-38.62463],[-72.11951,-38.62038],[-72.12343,-38.61572],[-72.12783,-38.61356],[-72.12651,-38.60863],[-72.12941,-38.60317],[-72.13103,-38.60262],[-72.13102,-38.60036],[-72.12478,-38.59719],[-72.12139,-38.59711],[-72.1148,-38.59216],[-72.11403,-38.58607],[-72.11561,-38.58442],[-72.10963,-38.56627]]}},{"id":"7577","type":"Feature","properties":{"ROL":"S-163","NOMBRE_CAMINO":"Pailahueque - Dollinco","CLASIFICACION":"Sin Información","CALZADA":"-","tmda":null},"geometry":{"type":"LineString","coordinates":[[-72.37469,-38.5323],[-72.37122,-38.53658],[-72.36556,-38.5359],[-72.36334,-38.53751],[-72.35923,-38.53777],[-72.3566,-38.53996],[-72.35074,-38.5404],[-72.34026,-38.53714],[-72.33495,-38.53766],[-72.33352,-38.53458],[-72.3232,-38.53644],[-72.32181,-38.53488],[-72.31978,-38.53516],[-72.31922,-38.53345],[-72.31692,-38.53363],[-72.31486,-38.52779],[-72.31554,-38.52667],[-72.31821,-38.52692],[-72.31908,-38.52494]]}},{"id":"7578","type":"Feature","properties":{"ROL":"S-593","NOMBRE_CAMINO":"Tercera Faja - Coicoma","CLASIFICACION":"Sin Información","CALZADA":"-","tmda":null},"geometry":{"type":"LineString","coordinates":[[-72.53037,-39.09337],[-72.49642,-39.12018],[-72.45065,-39.12578],[-72.4089,-39.1428],[-72.39001,-39.15305]]}},{"id":"7579","type":"Feature","properties":{"ROL":"S/R","NOMBRE_CAMINO":"El Lingue - Laguna Lleu Lleu","CLASIFICACION":"Sin Información","CALZADA":"-","tmda":null},"geometry":{"type":"LineString","coordinates":[[-73.11466,-38.18546],[-73.12129,-38.18639],[-73.12356,-38.18346],[-73.13051,-38.18244],[-73.1341,-38.17838],[-73.139,-38.17699]]}},{"id":"7580","type":"Feature","properties":{"ROL":"R-464","NOMBRE_CAMINO":"Lumaco - Capitán Pastene Por Pidenco","CLASIFICACION":"Sin Información","CALZADA":"-","tmda":null},"geometry":{"type":"LineString","coordinates":[[-72.91431,-38.16457],[-72.91793,-38.16455],[-72.92055,-38.16215],[-72.92069,-38.15583],[-72.92476,-38.15694],[-72.92846,-38.15149],[-72.93907,-38.15096],[-72.93956,-38.14709],[-72.94442,-38.14689],[-72.94931,-38.14382],[-72.9499,-38.1478],[-72.95261,-38.14919],[-72.95149,-38.15067],[-72.95519,-38.15306]]}},{"id":"7581","type":"Feature","properties":{"ROL":"R-464","NOMBRE_CAMINO":"Lumaco - Capitán Pastene Por Pidenco","CLASIFICACION":"Sin Información","CALZADA":"-","tmda":null},"geometry":{"type":"LineString","coordinates":[[-72.98807,-38.18936],[-72.98894,-38.19122]]}},{"id":"7582","type":"Feature","properties":{"ROL":"R-950-P","NOMBRE_CAMINO":"Siete Mañas - La Campana - Relun, Sector: Límite Regional - Relun","CLASIFICACION":"Sin Información","CALZADA":"-","tmda":306.0},"geometry":{"type":"LineString","coordinates":[[-73.19716,-38.26315],[-73.20597,-38.27625],[-73.20373,-38.28445],[-73.20612,-38.28852],[-73.21351,-38.28832],[-73.21802,-38.29002],[-73.23386,-38.30665],[-73.23641,-38.31119],[-73.24073,-38.31456]]}},{"id":"7583","type":"Feature","properties":{"ROL":"S-476","NOMBRE_CAMINO":"Almagro - Mañio","CLASIFICACION":"Sin Información","CALZADA":"-","tmda":2013.0},"geometry":{"type":"LineString","coordinates":[[-72.95068,-38.78085],[-72.96636,-38.77268],[-72.9842,-38.7662],[-73.01856,-38.75899],[-73.03872,-38.75143],[-73.04712,-38.75092],[-73.05355,-38.75205]]}},{"id":"7584","type":"Feature","properties":{"ROL":"S/R","NOMBRE_CAMINO":"Cardal - Catripulli","CLASIFICACION":"Sin Información","CALZADA":"-","tmda":null},"geometry":{"type":"LineString","coordinates":[[-73.12814,-38.76533],[-73.12572,-38.77004],[-73.11243,-38.77733],[-73.10728,-38.77916],[-73.10537,-38.77828],[-73.09094,-38.78079],[-73.0571,-38.76733],[-73.05302,-38.75903],[-73.05355,-38.75205]]}},{"id":"7585","type":"Feature","properties":{"ROL":"S-269","NOMBRE_CAMINO":"Padre Las Casas - Niágara - Cruce S-39","CLASIFICACION":"Sin Información","CALZADA":"-","tmda":3100.0},"geometry":{"type":"LineString","coordinates":[[-72.582,-38.74992],[-72.56997,-38.74676],[-72.56241,-38.74033],[-72.5484,-38.74407],[-72.53748,-38.74249],[-72.50747,-38.75138],[-72.49234,-38.76078],[-72.48264,-38.76463],[-72.45265,-38.77197],[-72.44945,-38.77219],[-72.44184,-38.76996],[-72.42502,-38.77373],[-72.42103,-38.77342],[-72.41478,-38.77664],[-72.41438,-38.77548]]}},{"id":"7586","type":"Feature","properties":{"ROL":"S/R","NOMBRE_CAMINO":"Lleupeco - Tres Cerros","CLASIFICACION":"Sin Información","CALZADA":"-","tmda":899.0},"geometry":{"type":"LineString","coordinates":[[-72.49844,-38.70859],[-72.48736,-38.71157],[-72.48262,-38.71412],[-72.4683,-38.71355],[-72.44832,-38.71829]]}},{"id":"7587","type":"Feature","properties":{"ROL":"S/R","NOMBRE_CAMINO":"Cruce S-269 - Cruce S-249","CLASIFICACION":"Sin Información","CALZADA":"-","tmda":899.0},"geometry":{"type":"LineString","coordinates":[[-72.52766,-38.74557],[-72.52829,-38.74937]]}},{"id":"7588","type":"Feature","properties":{"ROL":"S/R","NOMBRE_CAMINO":"Cruce Ruta S-321 Al Oriente","CLASIFICACION":"Sin Información","CALZADA":"-","tmda":null},"geometry":{"type":"LineString","coordinates":[[-72.12891,-38.88125],[-72.11978,-38.88331],[-72.11603,-38.88147],[-72.10564,-38.88382]]}},{"id":"7589","type":"Feature","properties":{"ROL":"S-377","NOMBRE_CAMINO":"Puente Quepe - Caivico - Los Notros","CLASIFICACION":"Sin Información","CALZADA":"-","tmda":null},"geometry":{"type":"LineString","coordinates":[[-72.38913,-38.84081],[-72.386,-38.84138],[-72.38426,-38.83664],[-72.37366,-38.83883],[-72.37225,-38.83608],[-72.3275,-38.84665],[-72.32324,-38.83641],[-72.31715,-38.83774],[-72.31686,-38.83972],[-72.3137,-38.84089],[-72.31151,-38.84025],[-72.2942,-38.84307],[-72.29114,-38.8404],[-72.28968,-38.83713],[-72.28596,-38.837],[-72.28492,-38.83572],[-72.2797,-38.83713],[-72.26963,-38.8343],[-72.26187,-38.83485],[-72.25855,-38.83373],[-72.25415,-38.82889],[-72.24478,-38.83003],[-72.23838,-38.82845],[-72.23429,-38.8323],[-72.22145,-38.834],[-72.21912,-38.82887],[-72.2133,-38.82832],[-72.20926,-38.82558],[-72.20639,-38.82621],[-72.19661,-38.82229],[-72.19559,-38.82266],[-72.19642,-38.82556],[-72.18971,-38.82639],[-72.18831,-38.82991],[-72.18403,-38.8313],[-72.18379,-38.83259],[-72.18184,-38.82981],[-72.17948,-38.82908],[-72.17266,-38.8308],[-72.17072,-38.83524],[-72.16454,-38.84135],[-72.1647,-38.84753],[-72.16604,-38.84998],[-72.16904,-38.85095],[-72.1651,-38.85422],[-72.16517,-38.85766],[-72.15679,-38.86038],[-72.15458,-38.86662],[-72.15508,-38.86945],[-72.14608,-38.87244],[-72.14015,-38.87804],[-72.12917,-38.8819]]}},{"id":"7590","type":"Feature","properties":{"ROL":"S-187","NOMBRE_CAMINO":"Cruce S-15 - Cruce S-221","CLASIFICACION":"Sin Información","CALZADA":"-","tmda":302.0},"geometry":{"type":"LineString","coordinates":[[-72.30846,-38.57804],[-72.30983,-38.58149],[-72.31197,-38.58233]]}},{"id":"7591","type":"Feature","properties":{"ROL":"S-890","NOMBRE_CAMINO":"Molul - Pidenco","CLASIFICACION":"Sin Información","CALZADA":"-","tmda":null},"geometry":{"type":"LineString","coordinates":[[-72.66079,-39.31374],[-72.66646,-39.31527],[-72.6717,-39.31927],[-72.68387,-39.31652],[-72.68924,-39.31711],[-72.68792,-39.31853],[-72.68945,-39.32193],[-72.6912,-39.32341],[-72.6928,-39.32301],[-72.69419,-39.32579],[-72.703,-39.32734],[-72.71149,-39.3243],[-72.71321,-39.31965],[-72.72213,-39.31586],[-72.72509,-39.31302],[-72.73172,-39.31183],[-72.73454,-39.30967],[-72.74029,-39.31187],[-72.74198,-39.31033],[-72.74558,-39.30974],[-72.74852,-39.30707],[-72.74914,-39.30514],[-72.74766,-39.30198],[-72.75039,-39.29576],[-72.75772,-39.29243],[-72.75938,-39.2934],[-72.76372,-39.29265],[-72.76771,-39.29487],[-72.77213,-39.29538],[-72.7825,-39.29013],[-72.78334,-39.29113],[-72.78553,-39.29061],[-72.78973,-39.29407],[-72.79422,-39.29401],[-72.80055,-39.29746],[-72.80338,-39.29693],[-72.80329,-39.2954],[-72.80719,-39.29704]]}},{"id":"7592","type":"Feature","properties":{"ROL":"S-923","NOMBRE_CAMINO":"Cruce Ruta S-905 - Menetué","CLASIFICACION":"Sin Información","CALZADA":"-","tmda":null},"geometry":{"type":"LineString","coordinates":[[-71.8585,-39.27712],[-71.8534,-39.27797],[-71.84668,-39.28114],[-71.84502,-39.28345],[-71.84541,-39.29916],[-71.84657,-39.30277],[-71.8399,-39.31092],[-71.83738,-39.31202],[-71.83354,-39.32172],[-71.82923,-39.32705],[-71.81724,-39.33073],[-71.79715,-39.33142],[-71.77387,-39.32969],[-71.76012,-39.32166],[-71.75896,-39.31922],[-71.75035,-39.3236],[-71.73385,-39.32314],[-71.7305,-39.32689],[-71.7307,-39.32878],[-71.73129,-39.32999],[-71.73356,-39.33003],[-71.73608,-39.33339],[-71.70174,-39.34371],[-71.69519,-39.34949]]}},{"id":"7593","type":"Feature","properties":{"ROL":"S-488","NOMBRE_CAMINO":"Almagro - Barros Arana","CLASIFICACION":"Sin Información","CALZADA":"-","tmda":1863.0},"geometry":{"type":"LineString","coordinates":[[-72.9148,-38.80466],[-72.91501,-38.81321],[-72.90932,-38.82203],[-72.90696,-38.82832],[-72.9019,-38.83164],[-72.90091,-38.83935],[-72.8916,-38.85194],[-72.885,-38.85702],[-72.88159,-38.85813],[-72.87966,-38.86299],[-72.87993,-38.86785],[-72.87488,-38.8739],[-72.86935,-38.87569],[-72.87245,-38.8813],[-72.87161,-38.88447],[-72.8765,-38.88799],[-72.87865,-38.8917],[-72.87981,-38.89898],[-72.88407,-38.90189],[-72.88583,-38.90661],[-72.88482,-38.91185],[-72.88557,-38.91474],[-72.87839,-38.92743],[-72.883,-38.93943],[-72.89368,-38.94586],[-72.89572,-38.95],[-72.90621,-38.95591],[-72.91359,-38.97495],[-72.91328,-38.98098],[-72.91754,-38.98502]]}},{"id":"7594","type":"Feature","properties":{"ROL":"S/R","NOMBRE_CAMINO":"Coipue - Puraquina","CLASIFICACION":"Sin Información","CALZADA":"-","tmda":null},"geometry":{"type":"LineString","coordinates":[[-72.44257,-39.08678],[-72.44059,-39.08645],[-72.43658,-39.08871],[-72.42509,-39.09188],[-72.41644,-39.1007],[-72.41304,-39.10256],[-72.39766,-39.10651]]}},{"id":"7595","type":"Feature","properties":{"ROL":"S/R","NOMBRE_CAMINO":"Loma Del Toro - La Esperanza","CLASIFICACION":"Sin Información","CALZADA":"-","tmda":null},"geometry":{"type":"LineString","coordinates":[[-72.82144,-37.62381],[-72.82269,-37.62502],[-72.83679,-37.62836],[-72.84278,-37.63192],[-72.8487,-37.63179],[-72.85229,-37.63017],[-72.85607,-37.63341],[-72.86263,-37.63622],[-72.87284,-37.63954],[-72.87866,-37.63974],[-72.8848,-37.64393],[-72.89663,-37.64669],[-72.90132,-37.65053],[-72.9059,-37.64919],[-72.9064,-37.64734],[-72.90451,-37.6456],[-72.90621,-37.64314],[-72.90537,-37.64253],[-72.91753,-37.63666]]}},{"id":"7596","type":"Feature","properties":{"ROL":"S/R","NOMBRE_CAMINO":"Los Sauces Por Inela","CLASIFICACION":"Sin Información","CALZADA":"-","tmda":null},"geometry":{"type":"LineString","coordinates":[[-72.82853,-37.99262],[-72.82943,-37.99071]]}},{"id":"7597","type":"Feature","properties":{"ROL":"R-440","NOMBRE_CAMINO":"Estación Santa Rosa - Bif. Quilquén - Renaico","CLASIFICACION":"Sin Información","CALZADA":"-","tmda":159.0},"geometry":{"type":"LineString","coordinates":[[-72.79962,-38.09052],[-72.78798,-38.08555],[-72.78107,-38.07908],[-72.76735,-38.07438],[-72.7544,-38.07243],[-72.74856,-38.07614],[-72.73884,-38.07007],[-72.7357,-38.0695],[-72.72658,-38.07245],[-72.72549,-38.0709],[-72.71988,-38.06944],[-72.71103,-38.06861],[-72.70124,-38.06421],[-72.69877,-38.06171],[-72.69255,-38.06277],[-72.6897,-38.06115]]}},{"id":"7598","type":"Feature","properties":{"ROL":"S/R","NOMBRE_CAMINO":"Nupangue - Tromenco","CLASIFICACION":"Sin Información","CALZADA":"-","tmda":null},"geometry":{"type":"LineString","coordinates":[[-72.55944,-38.02516],[-72.56215,-38.02932],[-72.56338,-38.03549]]}},{"id":"7599","type":"Feature","properties":{"ROL":"S/R","NOMBRE_CAMINO":"Quechereguas - Las Toscas","CLASIFICACION":"Sin Información","CALZADA":"-","tmda":null},"geometry":{"type":"LineString","coordinates":[[-72.58953,-38.18243],[-72.5888,-38.1841]]}},{"id":"7600","type":"Feature","properties":{"ROL":"S/R","NOMBRE_CAMINO":"Puente Santa Rosa Andencul - María Ester","CLASIFICACION":"Sin Información","CALZADA":"-","tmda":null},"geometry":{"type":"LineString","coordinates":[[-72.4906,-38.20617],[-72.49334,-38.20759],[-72.49407,-38.21048]]}},{"id":"7601","type":"Feature","properties":{"ROL":"S-620","NOMBRE_CAMINO":"Budi - Chelle","CLASIFICACION":"Sin Información","CALZADA":"-","tmda":null},"geometry":{"type":"LineString","coordinates":[[-73.18147,-39.07632],[-73.19013,-39.07148],[-73.19332,-39.06707],[-73.19315,-39.06132],[-73.23394,-39.05235],[-73.23616,-39.05374],[-73.26363,-39.05167]]}},{"id":"7602","type":"Feature","properties":{"ROL":"S/R","NOMBRE_CAMINO":"Porma - Puyehue","CLASIFICACION":"Sin Información","CALZADA":"-","tmda":null},"geometry":{"type":"LineString","coordinates":[[-73.25665,-39.08534],[-73.26162,-39.08517],[-73.26353,-39.08637],[-73.26824,-39.08523],[-73.26968,-39.08852],[-73.2723,-39.09023],[-73.27525,-39.08896]]}},{"id":"7603","type":"Feature","properties":{"ROL":"S-273","NOMBRE_CAMINO":"Cruce Ruta S-269 (truf-truf) - General Lopez","CLASIFICACION":"Sin Información","CALZADA":"-","tmda":null},"geometry":{"type":"LineString","coordinates":[[-72.44887,-38.72108],[-72.45889,-38.72084],[-72.47698,-38.72538],[-72.48917,-38.72363],[-72.50677,-38.72742],[-72.51677,-38.73218],[-72.53415,-38.73382],[-72.54931,-38.73857],[-72.56065,-38.74054]]}},{"id":"7604","type":"Feature","properties":{"ROL":"S/R","NOMBRE_CAMINO":"Cruce S-51 - Niagara","CLASIFICACION":"Sin Información","CALZADA":"-","tmda":899.0},"geometry":{"type":"LineString","coordinates":[[-72.50199,-38.83338],[-72.501,-38.82826],[-72.49888,-38.8258],[-72.52199,-38.81825],[-72.52463,-38.81894],[-72.5279,-38.82239]]}},{"id":"7605","type":"Feature","properties":{"ROL":"S/R","NOMBRE_CAMINO":"Divisoria Colga","CLASIFICACION":"Sin Información","CALZADA":"-","tmda":null},"geometry":{"type":"LineString","coordinates":[[-72.33775,-39.21161],[-72.36744,-39.20492]]}},{"id":"7606","type":"Feature","properties":{"ROL":"S/R","NOMBRE_CAMINO":"Huellanto  Alto - Séptima Faja","CLASIFICACION":"Sin Información","CALZADA":"-","tmda":501.0},"geometry":{"type":"LineString","coordinates":[[-72.47778,-39.20192],[-72.48262,-39.21516],[-72.48477,-39.21489],[-72.48848,-39.2199],[-72.48692,-39.22057],[-72.48966,-39.22747],[-72.48829,-39.23228],[-72.48386,-39.23355]]}},{"id":"7607","type":"Feature","properties":{"ROL":"S/R","NOMBRE_CAMINO":"La Paz Chica - La Paz","CLASIFICACION":"Sin Información","CALZADA":"-","tmda":null},"geometry":{"type":"LineString","coordinates":[[-72.89941,-37.76678],[-72.90094,-37.76529]]}},{"id":"7608","type":"Feature","properties":{"ROL":"R-136","NOMBRE_CAMINO":"Cruce Ruta R-150-p (agua Santa) - Las Bandurrias","CLASIFICACION":"Sin Información","CALZADA":"-","tmda":80.0},"geometry":{"type":"LineString","coordinates":[[-72.76247,-37.70172],[-72.76037,-37.69057],[-72.76167,-37.68473],[-72.76126,-37.67642],[-72.76406,-37.66912],[-72.76369,-37.66649],[-72.76839,-37.6609],[-72.77239,-37.65916],[-72.7759,-37.65526],[-72.785,-37.65557]]}},{"id":"7609","type":"Feature","properties":{"ROL":"R-136","NOMBRE_CAMINO":"Cruce Ruta R-150-p (agua Santa) - Las Bandurrias","CLASIFICACION":"Sin Información","CALZADA":"-","tmda":80.0},"geometry":{"type":"LineString","coordinates":[[-72.78661,-37.65609],[-72.78778,-37.66203],[-72.79286,-37.66223],[-72.79557,-37.65977],[-72.79571,-37.65704],[-72.80175,-37.65387],[-72.80927,-37.64436],[-72.80858,-37.6413],[-72.80979,-37.63927],[-72.80772,-37.63862],[-72.80924,-37.63536],[-72.80866,-37.63178],[-72.80367,-37.62964]]}},{"id":"7610","type":"Feature","properties":{"ROL":"R-136","NOMBRE_CAMINO":"Cruce Ruta R-150-p (agua Santa) - Las Bandurrias","CLASIFICACION":"Sin Información","CALZADA":"-","tmda":80.0},"geometry":{"type":"LineString","coordinates":[[-72.7782,-37.7728],[-72.77912,-37.76499],[-72.78238,-37.75973],[-72.78113,-37.75448]]}},{"id":"7611","type":"Feature","properties":{"ROL":"S/R","NOMBRE_CAMINO":"Cruce R-140 - Límite Regional (hacia Nacimiento)","CLASIFICACION":"Sin Información","CALZADA":"-","tmda":null},"geometry":{"type":"LineString","coordinates":[[-72.75869,-37.64971],[-72.75466,-37.64628]]}},{"id":"7612","type":"Feature","properties":{"ROL":"S/R","NOMBRE_CAMINO":"Cruce R-140 - Límite Regional (hacia Nacimiento)","CLASIFICACION":"Sin Información","CALZADA":"-","tmda":null},"geometry":{"type":"LineString","coordinates":[[-72.75617,-37.64463],[-72.75683,-37.64444]]}},{"id":"7613","type":"Feature","properties":{"ROL":"S/R","NOMBRE_CAMINO":"Cruce R-140 - Límite Regional (hacia Nacimiento)","CLASIFICACION":"Sin Información","CALZADA":"-","tmda":null},"geometry":{"type":"LineString","coordinates":[[-72.7617,-37.64196],[-72.76234,-37.64053]]}},{"id":"7614","type":"Feature","properties":{"ROL":"S/R","NOMBRE_CAMINO":"San Pedro - Pitrunco","CLASIFICACION":"Sin Información","CALZADA":"-","tmda":null},"geometry":{"type":"LineString","coordinates":[[-72.02645,-39.00536],[-72.03198,-39.01013],[-72.03383,-39.01433],[-72.03986,-39.01826],[-72.05109,-39.01964],[-72.05641,-39.01885],[-72.05787,-39.02031],[-72.05447,-39.0266],[-72.05491,-39.03124],[-72.04843,-39.03395],[-72.04602,-39.04068],[-72.04747,-39.04809],[-72.05047,-39.04953],[-72.04976,-39.05127],[-72.07019,-39.05137],[-72.07913,-39.04898],[-72.09003,-39.04937],[-72.09839,-39.05375],[-72.10199,-39.059]]}},{"id":"7615","type":"Feature","properties":{"ROL":"S/R","NOMBRE_CAMINO":"Variante A Capitán Pastene","CLASIFICACION":"Sin Información","CALZADA":"-","tmda":null},"geometry":{"type":"LineString","coordinates":[[-72.97734,-38.19212],[-72.97375,-38.19126],[-72.96768,-38.1956],[-72.95121,-38.1967],[-72.95248,-38.1962]]}},{"id":"7616","type":"Feature","properties":{"ROL":"R-756","NOMBRE_CAMINO":"Traiguén - La Mosquera","CLASIFICACION":"Sin Información","CALZADA":"-","tmda":null},"geometry":{"type":"LineString","coordinates":[[-72.67871,-38.25968],[-72.69307,-38.27134],[-72.69787,-38.2774],[-72.70636,-38.27737]]}},{"id":"7617","type":"Feature","properties":{"ROL":"R-331","NOMBRE_CAMINO":"Faja Pemulemu","CLASIFICACION":"Sin Información","CALZADA":"-","tmda":null},"geometry":{"type":"LineString","coordinates":[[-72.20953,-37.99736],[-72.18629,-37.9384]]}},{"id":"7618","type":"Feature","properties":{"ROL":"S-638","NOMBRE_CAMINO":"Puente Peule - Bif. Porma","CLASIFICACION":"Sin Información","CALZADA":"-","tmda":null},"geometry":{"type":"LineString","coordinates":[[-73.24277,-39.15841],[-73.2582,-39.15921],[-73.26988,-39.12935],[-73.27132,-39.12397],[-73.27069,-39.12185]]}},{"id":"7619","type":"Feature","properties":{"ROL":"S-90","NOMBRE_CAMINO":"Lastarria - Los Boldos","CLASIFICACION":"Sin Información","CALZADA":"-","tmda":null},"geometry":{"type":"LineString","coordinates":[[-72.89187,-39.23742],[-72.8962,-39.23759],[-72.90203,-39.23458],[-72.90531,-39.23512],[-72.90799,-39.2337],[-72.90941,-39.23027],[-72.91522,-39.22667],[-72.9246,-39.2181],[-72.92427,-39.21482],[-72.93654,-39.20638],[-72.93912,-39.20023],[-72.94626,-39.19558],[-72.95084,-39.19419],[-72.95399,-39.19552],[-72.96718,-39.19053],[-72.96909,-39.18421],[-72.97715,-39.18238],[-72.97917,-39.18005],[-72.98807,-39.17697],[-72.98895,-39.17525],[-73.00117,-39.17266],[-73.00318,-39.17492],[-73.00289,-39.17879],[-73.00539,-39.18045],[-73.02484,-39.17432],[-73.03234,-39.17685],[-73.0352,-39.17498],[-73.03583,-39.17117],[-73.04006,-39.17124],[-73.04262,-39.16806],[-73.04252,-39.16627],[-73.04892,-39.16415],[-73.05205,-39.16561],[-73.06024,-39.16446],[-73.06529,-39.16651],[-73.0644,-39.16796],[-73.06538,-39.16891],[-73.07436,-39.17136],[-73.07941,-39.1663],[-73.0836,-39.16611],[-73.09334,-39.15935],[-73.09946,-39.15731]]}},{"id":"7620","type":"Feature","properties":{"ROL":"S-668","NOMBRE_CAMINO":"Los Galpones - Quinque - Comuy","CLASIFICACION":"Sin Información","CALZADA":"-","tmda":null},"geometry":{"type":"LineString","coordinates":[[-72.82575,-39.03575],[-72.84108,-39.04578],[-72.85282,-39.07499],[-72.85554,-39.0756],[-72.85743,-39.07821],[-72.85666,-39.08089],[-72.85389,-39.0823],[-72.85495,-39.08594],[-72.8571,-39.0864],[-72.85804,-39.09019],[-72.86384,-39.09129],[-72.87046,-39.0946],[-72.88179,-39.10561],[-72.88896,-39.1015],[-72.89174,-39.09662],[-72.89449,-39.09708],[-72.90135,-39.09505],[-72.90392,-39.09321],[-72.91044,-39.09189],[-72.91525,-39.0888],[-72.93558,-39.08622],[-72.93909,-39.0836],[-72.94928,-39.08029],[-72.95545,-39.08265],[-72.96619,-39.08173],[-72.97004,-39.07139],[-72.97404,-39.06504],[-72.97187,-39.05532],[-72.97434,-39.04249],[-72.97085,-39.03102],[-72.97249,-39.02874]]}},{"id":"7621","type":"Feature","properties":{"ROL":"S/R","NOMBRE_CAMINO":"Nihue Sur","CLASIFICACION":"Sin Información","CALZADA":"-","tmda":620.0},"geometry":{"type":"LineString","coordinates":[[-73.19987,-39.31813],[-73.20815,-39.31577],[-73.22038,-39.31506]]}},{"id":"7622","type":"Feature","properties":{"ROL":"S/R","NOMBRE_CAMINO":"Puente Negro - Boroa Sur","CLASIFICACION":"Sin Información","CALZADA":"-","tmda":620.0},"geometry":{"type":"LineString","coordinates":[[-73.15936,-39.2473],[-73.15579,-39.24865],[-73.15481,-39.25031],[-73.1522,-39.24994],[-73.15158,-39.25085],[-73.15052,-39.2587],[-73.15129,-39.26267],[-73.13561,-39.26854],[-73.13134,-39.27333],[-73.12952,-39.28238],[-73.12257,-39.28885],[-73.11981,-39.28949],[-73.11657,-39.28781],[-73.11443,-39.29049],[-73.10968,-39.29157],[-73.10397,-39.28966],[-73.10212,-39.28637],[-73.09793,-39.29055],[-73.09136,-39.29141],[-73.09037,-39.28869],[-73.08924,-39.28861],[-73.07705,-39.29602],[-73.07511,-39.29558],[-73.06551,-39.29868],[-73.06155,-39.29811]]}},{"id":"7623","type":"Feature","properties":{"ROL":"R-50","NOMBRE_CAMINO":"Ercilla - Traiguén Por Quecheregüas","CLASIFICACION":"Sin Información","CALZADA":"-","tmda":466.0},"geometry":{"type":"LineString","coordinates":[[-72.5537,-38.11191],[-72.56979,-38.11262],[-72.56925,-38.13563],[-72.57389,-38.14274],[-72.58071,-38.1416],[-72.59239,-38.13424],[-72.61375,-38.13308],[-72.60963,-38.14664],[-72.61345,-38.14873],[-72.61534,-38.15308],[-72.62041,-38.15281],[-72.62132,-38.16245]]}},{"id":"7624","type":"Feature","properties":{"ROL":"R-400","NOMBRE_CAMINO":"Cruce Ruta 5 (pidima) - Los Sauces Por Saboya","CLASIFICACION":"Sin Información","CALZADA":"-","tmda":null},"geometry":{"type":"LineString","coordinates":[[-72.42751,-38.01602],[-72.43772,-38.018],[-72.44382,-38.01697],[-72.4478,-38.01423],[-72.47219,-38.01657],[-72.48215,-38.01615],[-72.48871,-38.01354],[-72.52679,-38.01755],[-72.53187,-38.01486],[-72.54005,-38.01708],[-72.55088,-38.02262],[-72.55397,-38.02761],[-72.55925,-38.02519],[-72.57263,-38.02339],[-72.5751,-38.02371],[-72.57584,-38.02613],[-72.57772,-38.02667],[-72.58887,-38.02441],[-72.59322,-38.03412],[-72.60184,-38.03511],[-72.63209,-38.03308],[-72.63838,-38.02848],[-72.64358,-38.02748],[-72.64871,-38.03014],[-72.64921,-38.03297],[-72.65131,-38.03443],[-72.65547,-38.03522],[-72.66647,-38.03408],[-72.67349,-38.02796],[-72.67695,-38.02898],[-72.68383,-38.02757],[-72.70726,-38.02744],[-72.71441,-38.02869],[-72.72125,-38.032],[-72.7282,-38.031],[-72.72912,-38.02835],[-72.72841,-38.02349],[-72.73817,-38.01717],[-72.7436,-38.0088],[-72.75709,-38.00481],[-72.76929,-38.00318],[-72.77736,-38.00367],[-72.78218,-38.00088],[-72.79425,-38.00048],[-72.8075,-37.98669],[-72.815,-37.9853]]}},{"id":"7625","type":"Feature","properties":{"ROL":"S-319","NOMBRE_CAMINO":"Faja 10.000 - Faja 16.000","CLASIFICACION":"Sin Información","CALZADA":"-","tmda":null},"geometry":{"type":"LineString","coordinates":[[-72.14711,-38.89245],[-72.15682,-38.89032],[-72.15955,-38.89642],[-72.18122,-38.89109],[-72.18118,-38.88978]]}},{"id":"7626","type":"Feature","properties":{"ROL":"S/R","NOMBRE_CAMINO":"Casa Teja - Huitrimalal","CLASIFICACION":"Sin Información","CALZADA":"-","tmda":899.0},"geometry":{"type":"LineString","coordinates":[[-72.56699,-38.79895],[-72.58237,-38.79995],[-72.589,-38.79813],[-72.59059,-38.80086],[-72.5895,-38.80211],[-72.59604,-38.80839],[-72.60115,-38.80701],[-72.60516,-38.8077]]}},{"id":"7627","type":"Feature","properties":{"ROL":"S/R","NOMBRE_CAMINO":"Cruce S-361 - Cruce S-379","CLASIFICACION":"Sin Información","CALZADA":"-","tmda":899.0},"geometry":{"type":"LineString","coordinates":[[-72.61109,-38.84813],[-72.61389,-38.8494],[-72.61353,-38.85113]]}},{"id":"7628","type":"Feature","properties":{"ROL":"S-441","NOMBRE_CAMINO":"Cruce S-443 - Hacia El Sur","CLASIFICACION":"Sin Información","CALZADA":"-","tmda":null},"geometry":{"type":"LineString","coordinates":[[-72.49429,-38.87359],[-72.49418,-38.87773],[-72.48674,-38.88545],[-72.48384,-38.88611],[-72.48828,-38.89768],[-72.48417,-38.90033],[-72.48432,-38.90132]]}},{"id":"7629","type":"Feature","properties":{"ROL":"S/R","NOMBRE_CAMINO":"Allipén - La Hacienda","CLASIFICACION":"Sin Información","CALZADA":"-","tmda":899.0},"geometry":{"type":"LineString","coordinates":[[-72.49485,-38.99403],[-72.49463,-38.99121],[-72.47406,-38.99128],[-72.46361,-38.96384],[-72.45096,-38.96225],[-72.4423,-38.96404],[-72.43985,-38.95675],[-72.44623,-38.95321],[-72.44486,-38.94562],[-72.45211,-38.94323],[-72.45331,-38.94458]]}},{"id":"7630","type":"Feature","properties":{"ROL":"S/R","NOMBRE_CAMINO":"Catrimalal - Lar Recoba","CLASIFICACION":"Sin Información","CALZADA":"-","tmda":899.0},"geometry":{"type":"LineString","coordinates":[[-72.65803,-38.68827],[-72.65489,-38.68307],[-72.65057,-38.67962],[-72.64751,-38.67901]]}},{"id":"7631","type":"Feature","properties":{"ROL":"S/R","NOMBRE_CAMINO":"Cruce R-140 - Límite Regional (hacia Nacimiento)","CLASIFICACION":"Sin Información","CALZADA":"-","tmda":null},"geometry":{"type":"LineString","coordinates":[[-72.75466,-37.64628],[-72.75617,-37.64463]]}},{"id":"7632","type":"Feature","properties":{"ROL":"S/R","NOMBRE_CAMINO":"Cruce R-140 - Límite Regional (hacia Nacimiento)","CLASIFICACION":"Sin Información","CALZADA":"-","tmda":null},"geometry":{"type":"LineString","coordinates":[[-72.75683,-37.64444],[-72.76021,-37.64424],[-72.7617,-37.64196]]}},{"id":"7633","type":"Feature","properties":{"ROL":"S/R","NOMBRE_CAMINO":"Cruce R-140 - Límite Regional (hacia Nacimiento)","CLASIFICACION":"Sin Información","CALZADA":"-","tmda":null},"geometry":{"type":"LineString","coordinates":[[-72.76234,-37.64053],[-72.76036,-37.63644],[-72.75665,-37.63386],[-72.75481,-37.62329],[-72.74976,-37.61718],[-72.74955,-37.61454],[-72.7477,-37.61532],[-72.74746,-37.61447]]}},{"id":"7634","type":"Feature","properties":{"ROL":"S/R","NOMBRE_CAMINO":"Cruce Ruta R-130 - Quillota","CLASIFICACION":"Sin Información","CALZADA":"-","tmda":null},"geometry":{"type":"LineString","coordinates":[[-72.67939,-37.75166],[-72.68511,-37.75312],[-72.6885,-37.75132],[-72.6963,-37.75444],[-72.69886,-37.75405],[-72.70402,-37.75576],[-72.70939,-37.75976],[-72.71154,-37.76531]]}},{"id":"7635","type":"Feature","properties":{"ROL":"S/R","NOMBRE_CAMINO":"Cruce Ruta R-130 - Quillota","CLASIFICACION":"Sin Información","CALZADA":"-","tmda":null},"geometry":{"type":"LineString","coordinates":[[-72.63838,-37.67787],[-72.64836,-37.68288],[-72.65066,-37.68744],[-72.64827,-37.70272],[-72.65106,-37.70566],[-72.65212,-37.70929],[-72.65002,-37.71339],[-72.64629,-37.71399],[-72.64485,-37.71664],[-72.64315,-37.71652],[-72.64521,-37.72164],[-72.64342,-37.72268],[-72.64209,-37.72717],[-72.64403,-37.72945]]}},{"id":"7636","type":"Feature","properties":{"ROL":"R-128","NOMBRE_CAMINO":"Roblería - Tolpán","CLASIFICACION":"Sin Información","CALZADA":"-","tmda":652.0},"geometry":{"type":"LineString","coordinates":[[-72.63195,-37.68654],[-72.63677,-37.67762]]}},{"id":"7637","type":"Feature","properties":{"ROL":"R-448","NOMBRE_CAMINO":"Bajo Pailán - Piedras Blancas","CLASIFICACION":"Sin Información","CALZADA":"-","tmda":null},"geometry":{"type":"LineString","coordinates":[[-73.07624,-38.03824],[-73.08244,-38.04675],[-73.09098,-38.05029],[-73.09713,-38.05497]]}},{"id":"7638","type":"Feature","properties":{"ROL":"S/R","NOMBRE_CAMINO":"Cruce R-120-p - Limite Regional","CLASIFICACION":"Sin Información","CALZADA":"-","tmda":null},"geometry":{"type":"LineString","coordinates":[[-73.01862,-37.73985],[-73.01927,-37.73362],[-73.02485,-37.72951],[-73.0254,-37.72812],[-73.02419,-37.72753]]}},{"id":"7639","type":"Feature","properties":{"ROL":"R-464","NOMBRE_CAMINO":"Lumaco - Capitán Pastene Por Pidenco","CLASIFICACION":"Sin Información","CALZADA":"-","tmda":null},"geometry":{"type":"LineString","coordinates":[[-72.95519,-38.15306],[-72.95615,-38.15542],[-72.95477,-38.15604],[-72.95537,-38.1574],[-72.95306,-38.15658],[-72.95312,-38.16233],[-72.95684,-38.16568],[-72.95925,-38.17348],[-72.96171,-38.17517],[-72.96373,-38.17928],[-72.96709,-38.18026],[-72.96767,-38.1817],[-72.9779,-38.18225],[-72.98198,-38.18476],[-72.98075,-38.18791],[-72.98807,-38.18936]]}},{"id":"7640","type":"Feature","properties":{"ROL":"S/R","NOMBRE_CAMINO":"Toltén - Boroa Norte","CLASIFICACION":"Sin Información","CALZADA":"-","tmda":620.0},"geometry":{"type":"LineString","coordinates":[[-73.15551,-39.17951],[-73.14651,-39.18004],[-73.14125,-39.18232],[-73.13397,-39.18767],[-73.13476,-39.19331]]}},{"id":"7641","type":"Feature","properties":{"ROL":"S/R","NOMBRE_CAMINO":"Toltén - Boroa Norte","CLASIFICACION":"Sin Información","CALZADA":"-","tmda":620.0},"geometry":{"type":"LineString","coordinates":[[-73.12317,-39.20344],[-73.12433,-39.20554],[-73.12444,-39.21341],[-73.13411,-39.22535],[-73.13812,-39.22573]]}},{"id":"7642","type":"Feature","properties":{"ROL":"S-706","NOMBRE_CAMINO":"Cruce Ruta S-704 - Estero Viloco","CLASIFICACION":"Sin Información","CALZADA":"-","tmda":null},"geometry":{"type":"LineString","coordinates":[[-72.82059,-39.0677],[-72.82206,-39.06873]]}},{"id":"7643","type":"Feature","properties":{"ROL":"S/R","NOMBRE_CAMINO":"Mallohue - El Diuco","CLASIFICACION":"Sin Información","CALZADA":"-","tmda":164.0},"geometry":{"type":"LineString","coordinates":[[-72.85808,-38.9538],[-72.84985,-38.95103],[-72.84911,-38.94928],[-72.84541,-38.94926],[-72.84485,-38.94805]]}},{"id":"7644","type":"Feature","properties":{"ROL":"S/R","NOMBRE_CAMINO":"Traitraén - Mallohue","CLASIFICACION":"Sin Información","CALZADA":"-","tmda":164.0},"geometry":{"type":"LineString","coordinates":[[-72.86521,-38.99279],[-72.86799,-38.99293]]}},{"id":"7645","type":"Feature","properties":{"ROL":"S-463","NOMBRE_CAMINO":"Pitrufquén - Manzanar","CLASIFICACION":"Sin Información","CALZADA":"-","tmda":null},"geometry":{"type":"LineString","coordinates":[[-72.63037,-39.01848],[-72.63293,-39.02565]]}},{"id":"7646","type":"Feature","properties":{"ROL":"S/R","NOMBRE_CAMINO":"Cruce Longitudinal - Tercera Faja","CLASIFICACION":"Sin Información","CALZADA":"-","tmda":501.0},"geometry":{"type":"LineString","coordinates":[[-72.65051,-39.08158],[-72.64864,-39.08208]]}},{"id":"7647","type":"Feature","properties":{"ROL":"S/R","NOMBRE_CAMINO":"Comunidad California","CLASIFICACION":"Sin Información","CALZADA":"-","tmda":null},"geometry":{"type":"LineString","coordinates":[[-72.05038,-38.27974],[-72.04718,-38.27279]]}},{"id":"7648","type":"Feature","properties":{"ROL":"R-746","NOMBRE_CAMINO":"Cruce R-70 - Coihueco","CLASIFICACION":"Sin Información","CALZADA":"-","tmda":null},"geometry":{"type":"LineString","coordinates":[[-72.8439,-38.38509],[-72.84407,-38.38641],[-72.84123,-38.38741],[-72.83983,-38.38623],[-72.83455,-38.38778],[-72.82876,-38.39594]]}},{"id":"7649","type":"Feature","properties":{"ROL":"S/R","NOMBRE_CAMINO":"Chumpirro - Itraque","CLASIFICACION":"Sin Información","CALZADA":"-","tmda":null},"geometry":{"type":"LineString","coordinates":[[-72.60021,-37.78797],[-72.59477,-37.78953],[-72.58816,-37.79574],[-72.57748,-37.7991]]}},{"id":"7650","type":"Feature","properties":{"ROL":"S/R","NOMBRE_CAMINO":"Cruce Ruta  R-422 - Cruce Ruta R-420","CLASIFICACION":"Sin Información","CALZADA":"-","tmda":null},"geometry":{"type":"LineString","coordinates":[[-73.01571,-38.02585],[-73.01782,-38.02874],[-73.01566,-38.03136],[-72.99616,-38.03977]]}},{"id":"7651","type":"Feature","properties":{"ROL":"R-644","NOMBRE_CAMINO":"Los Laureles - Barros Negros - Pellahuén","CLASIFICACION":"Sin Información","CALZADA":"-","tmda":null},"geometry":{"type":"LineString","coordinates":[[-73.04804,-38.26604],[-73.05585,-38.273],[-73.06359,-38.2765],[-73.06674,-38.2766],[-73.07189,-38.29178],[-73.0699,-38.29441],[-73.07251,-38.2941],[-73.07577,-38.29654],[-73.07183,-38.29585],[-73.07304,-38.29804],[-73.07264,-38.3038],[-73.07462,-38.30587],[-73.07967,-38.30879],[-73.08959,-38.306]]}},{"id":"7652","type":"Feature","properties":{"ROL":"R-23","NOMBRE_CAMINO":"Cruce Ruta 5 (esperanza) - Huapitrío - La Suerte","CLASIFICACION":"Sin Información","CALZADA":"-","tmda":null},"geometry":{"type":"LineString","coordinates":[[-72.39714,-37.85292],[-72.38029,-37.86062],[-72.35873,-37.87461],[-72.33649,-37.8844],[-72.32403,-37.88726],[-72.29737,-37.89841],[-72.29166,-37.89922]]}},{"id":"7653","type":"Feature","properties":{"ROL":"S-270","NOMBRE_CAMINO":"Cruce Longitudinal - Colonia Lautaro","CLASIFICACION":"Sin Información","CALZADA":"-","tmda":null},"geometry":{"type":"LineString","coordinates":[[-72.58848,-38.55246],[-72.5918,-38.55373],[-72.60054,-38.55235]]}},{"id":"7654","type":"Feature","properties":{"ROL":"S/R","NOMBRE_CAMINO":"Paillal - Quinahue","CLASIFICACION":"Sin Información","CALZADA":"-","tmda":null},"geometry":{"type":"LineString","coordinates":[[-72.73782,-38.49126],[-72.74656,-38.49303],[-72.75053,-38.4978],[-72.74955,-38.49945],[-72.74786,-38.49958]]}},{"id":"7655","type":"Feature","properties":{"ROL":"S/R","NOMBRE_CAMINO":"Paillal - Quinahue","CLASIFICACION":"Sin Información","CALZADA":"-","tmda":null},"geometry":{"type":"LineString","coordinates":[[-72.74513,-38.50503],[-72.74802,-38.503],[-72.75114,-38.50311],[-72.75318,-38.50634]]}},{"id":"7656","type":"Feature","properties":{"ROL":"S-156","NOMBRE_CAMINO":"Carahue - Camarones","CLASIFICACION":"Sin Información","CALZADA":"-","tmda":null},"geometry":{"type":"LineString","coordinates":[[-73.16433,-38.55737],[-73.16532,-38.55501]]}},{"id":"7657","type":"Feature","properties":{"ROL":"S-138","NOMBRE_CAMINO":"Cruce S-36 - Tranapuente - Límite Regional","CLASIFICACION":"Sin Información","CALZADA":"-","tmda":315.0},"geometry":{"type":"LineString","coordinates":[[-73.33923,-38.71156],[-73.33985,-38.70967],[-73.3529,-38.6977]]}},{"id":"7658","type":"Feature","properties":{"ROL":"S/R","NOMBRE_CAMINO":"Las Lomas - Salta Pura","CLASIFICACION":"Sin Información","CALZADA":"-","tmda":164.0},"geometry":{"type":"LineString","coordinates":[[-72.92899,-38.88216],[-72.93672,-38.88308],[-72.94032,-38.88207]]}},{"id":"7659","type":"Feature","properties":{"ROL":"S/R","NOMBRE_CAMINO":"Santa Elena - Fortín Ñielol","CLASIFICACION":"Sin Información","CALZADA":"-","tmda":null},"geometry":{"type":"LineString","coordinates":[[-72.67521,-38.48713],[-72.68338,-38.48385],[-72.68733,-38.48625],[-72.6908,-38.48445],[-72.70037,-38.47482],[-72.70108,-38.46939]]}},{"id":"7660","type":"Feature","properties":{"ROL":"S-734","NOMBRE_CAMINO":"Cruce Ruta S-70 - Villa Boldos - Colonia Caupolicán","CLASIFICACION":"Sin Información","CALZADA":"-","tmda":426.0},"geometry":{"type":"LineString","coordinates":[[-73.01988,-39.16347],[-73.01458,-39.16755],[-73.00812,-39.16592],[-73.00429,-39.16312],[-72.99793,-39.16107],[-72.99461,-39.16338],[-72.9898,-39.16429],[-72.98679,-39.1623],[-72.98339,-39.16201],[-72.98053,-39.15914]]}},{"id":"7661","type":"Feature","properties":{"ROL":"S/R","NOMBRE_CAMINO":"Fintucue - Camahuey","CLASIFICACION":"Sin Información","CALZADA":"-","tmda":164.0},"geometry":{"type":"LineString","coordinates":[[-73.07704,-39.0842],[-73.07364,-39.08364]]}},{"id":"7662","type":"Feature","properties":{"ROL":"S/R","NOMBRE_CAMINO":"Fintucue - Camahuey","CLASIFICACION":"Sin Información","CALZADA":"-","tmda":164.0},"geometry":{"type":"LineString","coordinates":[[-73.12472,-39.11263],[-73.12321,-39.10887],[-73.11986,-39.10946],[-73.11728,-39.10553]]}},{"id":"7663","type":"Feature","properties":{"ROL":"S-686","NOMBRE_CAMINO":"Cruce Ruta S-70 - Estero La Cascada","CLASIFICACION":"Sin Información","CALZADA":"-","tmda":593.0},"geometry":{"type":"LineString","coordinates":[[-72.9304,-39.08747],[-72.93705,-39.08765],[-72.94758,-39.09177],[-72.95056,-39.10208],[-72.94895,-39.11336]]}},{"id":"7664","type":"Feature","properties":{"ROL":"R-493","NOMBRE_CAMINO":"Puente Amargo - Menuco","CLASIFICACION":"Sin Información","CALZADA":"-","tmda":null},"geometry":{"type":"LineString","coordinates":[[-71.87149,-38.07883],[-71.86717,-38.08308],[-71.85825,-38.08842],[-71.85576,-38.08946],[-71.85406,-38.08866],[-71.85372,-38.09143],[-71.85202,-38.09139],[-71.84917,-38.09486],[-71.84473,-38.09482]]}},{"id":"7665","type":"Feature","properties":{"ROL":"S/R","NOMBRE_CAMINO":"Cadena Gruesa - Colpi","CLASIFICACION":"Sin Información","CALZADA":"-","tmda":null},"geometry":{"type":"LineString","coordinates":[[-72.81285,-38.31525],[-72.81178,-38.31939],[-72.80284,-38.32083],[-72.80162,-38.32302],[-72.78935,-38.31714],[-72.7842,-38.32],[-72.77822,-38.31648]]}},{"id":"7666","type":"Feature","properties":{"ROL":"S-219","NOMBRE_CAMINO":"El Natre - Tres Cerros","CLASIFICACION":"Sin Información","CALZADA":"-","tmda":null},"geometry":{"type":"LineString","coordinates":[[-72.43764,-38.69873],[-72.44108,-38.70458],[-72.4463,-38.71879],[-72.44832,-38.7183],[-72.44887,-38.72108]]}},{"id":"7667","type":"Feature","properties":{"ROL":"S/R","NOMBRE_CAMINO":"Barros Negros - Las Lumas","CLASIFICACION":"Sin Información","CALZADA":"-","tmda":null},"geometry":{"type":"LineString","coordinates":[[-73.09052,-38.30623],[-73.09656,-38.30465],[-73.10134,-38.30719],[-73.10319,-38.30681],[-73.10517,-38.30941],[-73.11462,-38.31303],[-73.11724,-38.31596],[-73.12204,-38.31711],[-73.12273,-38.31998],[-73.12575,-38.32308]]}},{"id":"7668","type":"Feature","properties":{"ROL":"S-46","NOMBRE_CAMINO":"Carahue - Puerto Dominguez - Rucacura","CLASIFICACION":"Sin Información","CALZADA":"-","tmda":798.0},"geometry":{"type":"LineString","coordinates":[[-73.22585,-38.76668],[-73.23067,-38.76986],[-73.23137,-38.77625],[-73.24358,-38.78938],[-73.24593,-38.794],[-73.24271,-38.80348],[-73.24481,-38.81014],[-73.24421,-38.81242],[-73.2381,-38.81466],[-73.23189,-38.82008],[-73.23148,-38.8243],[-73.22783,-38.82931],[-73.22898,-38.83135]]}},{"id":"7669","type":"Feature","properties":{"ROL":"S/R","NOMBRE_CAMINO":"Launache - Alto Malalche - Peuchén","CLASIFICACION":"Sin Información","CALZADA":"-","tmda":null},"geometry":{"type":"LineString","coordinates":[[-72.95388,-38.52623],[-72.95424,-38.52468],[-72.95785,-38.52412],[-72.96009,-38.52213],[-72.95617,-38.51965],[-72.95183,-38.51994],[-72.94731,-38.51852],[-72.9447,-38.51283],[-72.94217,-38.51043],[-72.93582,-38.51125],[-72.92923,-38.51037],[-72.92296,-38.5061],[-72.91451,-38.50628],[-72.91,-38.50505],[-72.9085,-38.50832],[-72.90195,-38.50981],[-72.8982,-38.51621],[-72.89,-38.51693],[-72.88615,-38.5153],[-72.8849,-38.51633]]}},{"id":"7670","type":"Feature","properties":{"ROL":"S/R","NOMBRE_CAMINO":"Ranquicura - Pumalal","CLASIFICACION":"Sin Información","CALZADA":"-","tmda":164.0},"geometry":{"type":"LineString","coordinates":[[-73.06616,-39.03542],[-73.0573,-39.03831]]}},{"id":"7671","type":"Feature","properties":{"ROL":"S/R","NOMBRE_CAMINO":"Ranquicura - Pumalal","CLASIFICACION":"Sin Información","CALZADA":"-","tmda":164.0},"geometry":{"type":"LineString","coordinates":[[-73.01638,-39.05946],[-73.01132,-39.06363],[-73.00962,-39.06292]]}},{"id":"7672","type":"Feature","properties":{"ROL":"S/R","NOMBRE_CAMINO":"Mallohue - El Diuco","CLASIFICACION":"Sin Información","CALZADA":"-","tmda":164.0},"geometry":{"type":"LineString","coordinates":[[-72.84485,-38.94805],[-72.84211,-38.94572]]}},{"id":"7673","type":"Feature","properties":{"ROL":"S/R","NOMBRE_CAMINO":"Mallohue - El Diuco","CLASIFICACION":"Sin Información","CALZADA":"-","tmda":164.0},"geometry":{"type":"LineString","coordinates":[[-72.83761,-38.9711],[-72.84781,-38.9668],[-72.85119,-38.9641],[-72.8563,-38.96271],[-72.85576,-38.9604],[-72.85715,-38.95997],[-72.85582,-38.95752],[-72.85806,-38.95588],[-72.85808,-38.9538]]}},{"id":"7674","type":"Feature","properties":{"ROL":"S/R","NOMBRE_CAMINO":"Coipue - Puraquina","CLASIFICACION":"Sin Información","CALZADA":"-","tmda":null},"geometry":{"type":"LineString","coordinates":[[-72.37283,-39.12126],[-72.3746,-39.12441],[-72.37099,-39.12654],[-72.37161,-39.13149],[-72.36944,-39.13904],[-72.36335,-39.14732]]}},{"id":"7675","type":"Feature","properties":{"ROL":"S/R","NOMBRE_CAMINO":"El Donguil - Afquintué","CLASIFICACION":"Sin Información","CALZADA":"-","tmda":501.0},"geometry":{"type":"LineString","coordinates":[[-72.55929,-39.25884],[-72.56365,-39.27052],[-72.56873,-39.27238]]}},{"id":"7676","type":"Feature","properties":{"ROL":"S/R","NOMBRE_CAMINO":"Las Hortensias - Cruce S-51 - Helo Sur (faja 10.000)","CLASIFICACION":"Sin Información","CALZADA":"-","tmda":null},"geometry":{"type":"LineString","coordinates":[[-72.15153,-38.9397],[-72.14405,-38.9203]]}},{"id":"7677","type":"Feature","properties":{"ROL":"S-70","NOMBRE_CAMINO":"Pitrufquen - Peule","CLASIFICACION":"Sin Información","CALZADA":"-","tmda":559.0},"geometry":{"type":"LineString","coordinates":[[-72.64347,-38.9865],[-72.64694,-38.98482],[-72.65341,-38.99198],[-72.67649,-38.99753],[-72.69119,-39.00868],[-72.71105,-39.01481],[-72.72118,-39.01546],[-72.72899,-39.01331],[-72.73545,-39.00809],[-72.74388,-39.00665],[-72.77783,-39.01909],[-72.78549,-39.02014],[-72.78995,-39.02229],[-72.79167,-39.02587],[-72.80371,-39.03131],[-72.82178,-39.03568],[-72.82622,-39.0357]]}},{"id":"7678","type":"Feature","properties":{"ROL":"S/R","NOMBRE_CAMINO":"Galvarino - Ranquilco -rucamanqui","CLASIFICACION":"Sin Información","CALZADA":"-","tmda":null},"geometry":{"type":"LineString","coordinates":[[-72.84108,-38.39894],[-72.84477,-38.39404],[-72.85641,-38.38817],[-72.8567,-38.38336],[-72.86704,-38.37212],[-72.87353,-38.36829]]}},{"id":"7679","type":"Feature","properties":{"ROL":"S/R","NOMBRE_CAMINO":"Chufquen - Quino Por Paso Firme","CLASIFICACION":"Sin Información","CALZADA":"-","tmda":null},"geometry":{"type":"LineString","coordinates":[[-72.64433,-38.36594],[-72.6426,-38.3539],[-72.63606,-38.35758],[-72.62426,-38.35797]]}},{"id":"7680","type":"Feature","properties":{"ROL":"S-92","NOMBRE_CAMINO":"Gorbea - Cuesta Lastarria - Loncoche","CLASIFICACION":"Sin Información","CALZADA":"-","tmda":853.0},"geometry":{"type":"LineString","coordinates":[[-72.68063,-39.25671],[-72.68299,-39.25653],[-72.68468,-39.25999],[-72.69173,-39.26306],[-72.69813,-39.27071],[-72.69616,-39.27146],[-72.69617,-39.27456],[-72.69149,-39.27955],[-72.6875,-39.28297],[-72.68519,-39.28339],[-72.67784,-39.29174],[-72.67149,-39.29591],[-72.66496,-39.29821],[-72.65983,-39.29812],[-72.65911,-39.30169],[-72.65395,-39.30689],[-72.65494,-39.30998],[-72.65721,-39.31073],[-72.66231,-39.31608],[-72.66165,-39.31901],[-72.65876,-39.32061],[-72.65976,-39.32421],[-72.65707,-39.329],[-72.65134,-39.33128],[-72.64277,-39.33872],[-72.63966,-39.34379],[-72.63941,-39.34728]]}},{"id":"7681","type":"Feature","properties":{"ROL":"S-270","NOMBRE_CAMINO":"Cruce Longitudinal - Colonia Lautaro","CLASIFICACION":"Sin Información","CALZADA":"-","tmda":null},"geometry":{"type":"LineString","coordinates":[[-72.60494,-38.55208],[-72.61337,-38.55633],[-72.61323,-38.56083],[-72.61763,-38.56288],[-72.61889,-38.56158],[-72.62104,-38.56237],[-72.62191,-38.56113],[-72.62584,-38.56439],[-72.62632,-38.56575],[-72.62294,-38.56722],[-72.62314,-38.56997],[-72.62578,-38.56974],[-72.62789,-38.57171],[-72.62978,-38.56969],[-72.63095,-38.57177],[-72.63448,-38.57295],[-72.63555,-38.57256],[-72.63447,-38.57096],[-72.64451,-38.57177],[-72.65032,-38.57515],[-72.65933,-38.57692],[-72.66338,-38.57636],[-72.67224,-38.57965]]}},{"id":"7682","type":"Feature","properties":{"ROL":"S-270","NOMBRE_CAMINO":"Cruce Longitudinal - Colonia Lautaro","CLASIFICACION":"Sin Información","CALZADA":"-","tmda":null},"geometry":{"type":"LineString","coordinates":[[-72.45961,-38.544],[-72.45967,-38.54415]]}},{"id":"7683","type":"Feature","properties":{"ROL":"S/R","NOMBRE_CAMINO":"Pichilingue - Queule - Mehuin, Sector: Pichilingue - Limite Regional","CLASIFICACION":"Sin Información","CALZADA":"-","tmda":620.0},"geometry":{"type":"LineString","coordinates":[[-73.21436,-39.40265],[-73.21713,-39.40102],[-73.21058,-39.39952]]}},{"id":"7684","type":"Feature","properties":{"ROL":"S/R","NOMBRE_CAMINO":"Pichilingue - Queule - Mehuin, Sector: Pichilingue - Limite Regional","CLASIFICACION":"Sin Información","CALZADA":"-","tmda":620.0},"geometry":{"type":"LineString","coordinates":[[-73.20718,-39.39758],[-73.2106,-39.39949]]}},{"id":"7685","type":"Feature","properties":{"ROL":"S/R","NOMBRE_CAMINO":"By Pass Queule","CLASIFICACION":"Sin Información","CALZADA":"-","tmda":620.0},"geometry":{"type":"LineString","coordinates":[[-73.21316,-39.40432],[-73.21408,-39.40239],[-73.20746,-39.40148],[-73.20618,-39.39884],[-73.20322,-39.39727],[-73.20066,-39.40458],[-73.19788,-39.40223],[-73.18708,-39.40025],[-73.185,-39.3986],[-73.1819,-39.39101]]}},{"id":"7686","type":"Feature","properties":{"ROL":"S/R","NOMBRE_CAMINO":" Pto Saavedra-villa Maule.boca Budy","CLASIFICACION":"Sin Información","CALZADA":"-","tmda":null},"geometry":{"type":"LineString","coordinates":[[-73.39595,-38.82194],[-73.39408,-38.82071],[-73.39455,-38.81917],[-73.40078,-38.8165],[-73.39695,-38.81441],[-73.3983,-38.80902]]}},{"id":"7687","type":"Feature","properties":{"ROL":"S-476","NOMBRE_CAMINO":"Almagro - Mañio-pancul","CLASIFICACION":"Sin Información","CALZADA":"-","tmda":2013.0},"geometry":{"type":"LineString","coordinates":[[-73.09574,-38.74025],[-73.09632,-38.73844],[-73.09519,-38.73677],[-73.10638,-38.7329],[-73.1211,-38.7327],[-73.13363,-38.72891]]}},{"id":"7688","type":"Feature","properties":{"ROL":"S-46","NOMBRE_CAMINO":"Carahue - Puerto Dominguez - Rucacura","CLASIFICACION":"Sin Información","CALZADA":"-","tmda":798.0},"geometry":{"type":"LineString","coordinates":[[-73.17624,-38.71856],[-73.18221,-38.72343],[-73.18028,-38.72589],[-73.18785,-38.73475],[-73.19103,-38.7365],[-73.19158,-38.74115],[-73.20024,-38.74654],[-73.20774,-38.75409],[-73.21948,-38.75922],[-73.22586,-38.76668]]}},{"id":"7689","type":"Feature","properties":{"ROL":"S-46","NOMBRE_CAMINO":"Carahue - Puerto Dominguez - Rucacura","CLASIFICACION":"Sin Información","CALZADA":"-","tmda":798.0},"geometry":{"type":"LineString","coordinates":[[-73.25479,-38.89461],[-73.25611,-38.8987],[-73.2544,-38.90152]]}},{"id":"7690","type":"Feature","properties":{"ROL":"S/R","NOMBRE_CAMINO":"Acceso Cunco Chico","CLASIFICACION":"Sin Información","CALZADA":"-","tmda":null},"geometry":{"type":"LineString","coordinates":[[-72.45769,-38.62908],[-72.46644,-38.62689]]}},{"id":"7691","type":"Feature","properties":{"ROL":"S/R","NOMBRE_CAMINO":"Cruce Ruta 5 - Pillánlelbun - Ruta 5","CLASIFICACION":"Sin Información","CALZADA":"-","tmda":null},"geometry":{"type":"LineString","coordinates":[[-72.45699,-38.62822],[-72.45499,-38.63303]]}},{"id":"7692","type":"Feature","properties":{"ROL":"S/R","NOMBRE_CAMINO":"Cruce Ruta 5 - Pillánlelbun - Ruta 5","CLASIFICACION":"Sin Información","CALZADA":"-","tmda":null},"geometry":{"type":"LineString","coordinates":[[-72.45968,-38.63785],[-72.46073,-38.63931],[-72.46439,-38.63894]]}},{"id":"7693","type":"Feature","properties":{"ROL":"S-401","NOMBRE_CAMINO":"Lo Ignao - Cancura","CLASIFICACION":"Sin Información","CALZADA":"-","tmda":null},"geometry":{"type":"LineString","coordinates":[[-72.19256,-38.87032],[-72.18826,-38.87088],[-72.18513,-38.86986]]}},{"id":"7694","type":"Feature","properties":{"ROL":"S-870","NOMBRE_CAMINO":"Lastarria - Pidenco - María Nieves","CLASIFICACION":"Sin Información","CALZADA":"-","tmda":null},"geometry":{"type":"LineString","coordinates":[[-72.80719,-39.29703],[-72.80745,-39.29751]]}},{"id":"7695","type":"Feature","properties":{"ROL":"S-820","NOMBRE_CAMINO":"Puerto Boldo -  Boroa Norte","CLASIFICACION":"Sin Información","CALZADA":"-","tmda":null},"geometry":{"type":"LineString","coordinates":[[-73.06731,-39.26168],[-73.06165,-39.26763],[-73.06689,-39.26763],[-73.06966,-39.26918]]}},{"id":"7696","type":"Feature","properties":{"ROL":"S/R","NOMBRE_CAMINO":"Queule - Puchilco","CLASIFICACION":"Sin Información","CALZADA":"-","tmda":620.0},"geometry":{"type":"LineString","coordinates":[[-73.15602,-39.34765],[-73.15265,-39.34652]]}},{"id":"7697","type":"Feature","properties":{"ROL":"S/R","NOMBRE_CAMINO":"Séptima Faja - Los Hualves","CLASIFICACION":"Sin Información","CALZADA":"-","tmda":501.0},"geometry":{"type":"LineString","coordinates":[[-72.67021,-39.17325],[-72.67718,-39.17165],[-72.68037,-39.17364]]}},{"id":"7698","type":"Feature","properties":{"ROL":"S/R","NOMBRE_CAMINO":"Séptima Faja - El Mirador","CLASIFICACION":"Sin Información","CALZADA":"-","tmda":501.0},"geometry":{"type":"LineString","coordinates":[[-72.66191,-39.19121],[-72.66109,-39.19202]]}},{"id":"7699","type":"Feature","properties":{"ROL":"S/R","NOMBRE_CAMINO":"Cuesta Lastarria - Afquintué","CLASIFICACION":"Sin Información","CALZADA":"-","tmda":501.0},"geometry":{"type":"LineString","coordinates":[[-72.66025,-39.29802],[-72.65522,-39.2989],[-72.65286,-39.29681],[-72.65489,-39.29536],[-72.65427,-39.29465]]}},{"id":"7700","type":"Feature","properties":{"ROL":"S/R","NOMBRE_CAMINO":"Cruce Ruta 5 - Las Violetas","CLASIFICACION":"Sin Información","CALZADA":"-","tmda":501.0},"geometry":{"type":"LineString","coordinates":[[-72.69431,-39.39072],[-72.69601,-39.38689],[-72.70355,-39.38321]]}},{"id":"7701","type":"Feature","properties":{"ROL":"S/R","NOMBRE_CAMINO":"La Paz - Collico Alto","CLASIFICACION":"Sin Información","CALZADA":"-","tmda":501.0},"geometry":{"type":"LineString","coordinates":[[-72.70244,-39.42432],[-72.70289,-39.42806],[-72.69352,-39.4262],[-72.68997,-39.42397],[-72.68744,-39.42415]]}},{"id":"7702","type":"Feature","properties":{"ROL":"S/R","NOMBRE_CAMINO":"La Paz - Collico Alto","CLASIFICACION":"Sin Información","CALZADA":"-","tmda":501.0},"geometry":{"type":"LineString","coordinates":[[-72.67056,-39.43828],[-72.66877,-39.44177],[-72.66943,-39.44472]]}},{"id":"7703","type":"Feature","properties":{"ROL":"S-284","NOMBRE_CAMINO":"Temuco - Labranza Por Tromén","CLASIFICACION":"Sin Información","CALZADA":"-","tmda":null},"geometry":{"type":"LineString","coordinates":[[-72.73312,-38.71753],[-72.73877,-38.7218],[-72.74194,-38.72237],[-72.74544,-38.7314],[-72.74883,-38.73423],[-72.75031,-38.73789],[-72.75495,-38.7413]]}},{"id":"7704","type":"Feature","properties":{"ROL":"S-947","NOMBRE_CAMINO":"Cruce Ruta 199 Ch (catripulli) - Rinconada","CLASIFICACION":"Sin Información","CALZADA":"-","tmda":null},"geometry":{"type":"LineString","coordinates":[[-71.70616,-39.34755],[-71.70986,-39.35632],[-71.69996,-39.36983],[-71.69366,-39.37369],[-71.69209,-39.37872],[-71.6896,-39.3805]]}},{"id":"7705","type":"Feature","properties":{"ROL":"S-790","NOMBRE_CAMINO":"Cruce S-70 - Queule","CLASIFICACION":"Sin Información","CALZADA":"-","tmda":1255.0},"geometry":{"type":"LineString","coordinates":[[-73.19312,-39.20939],[-73.184,-39.21216],[-73.17282,-39.2096],[-73.16145,-39.21349]]}},{"id":"7706","type":"Feature","properties":{"ROL":"R-90-P","NOMBRE_CAMINO":"Traiguén - Lumaco - Capitán Pastene - Quidico, Sector Traiguén - Límite Regional","CLASIFICACION":"Sin Información","CALZADA":"-","tmda":922.0},"geometry":{"type":"LineString","coordinates":[[-73.14887,-38.27092],[-73.15161,-38.27106],[-73.15395,-38.26781],[-73.1573,-38.2675],[-73.15898,-38.26558],[-73.15905,-38.26177],[-73.16417,-38.2598],[-73.16629,-38.2603],[-73.16569,-38.25884],[-73.16428,-38.25891],[-73.16786,-38.25845],[-73.16644,-38.25749],[-73.17234,-38.25952],[-73.17985,-38.25903]]}},{"id":"7707","type":"Feature","properties":{"ROL":"S/R","NOMBRE_CAMINO":"Puente Chispa - Balsa Rucapangui - Los Boldos","CLASIFICACION":"Sin Información","CALZADA":"-","tmda":899.0},"geometry":{"type":"LineString","coordinates":[[-72.64818,-38.71912],[-72.65193,-38.71794]]}},{"id":"7708","type":"Feature","properties":{"ROL":"S/R","NOMBRE_CAMINO":"Puente Chispa - Balsa Rucapangui - Los Boldos","CLASIFICACION":"Sin Información","CALZADA":"-","tmda":899.0},"geometry":{"type":"LineString","coordinates":[[-72.63557,-38.723],[-72.63969,-38.72259]]}},{"id":"7709","type":"Feature","properties":{"ROL":"S/R","NOMBRE_CAMINO":"-","CLASIFICACION":"Sin Información","CALZADA":"-","tmda":899.0},"geometry":{"type":"LineString","coordinates":[[-72.60516,-38.8077],[-72.60794,-38.80706]]}},{"id":"7710","type":"Feature","properties":{"ROL":"S/R","NOMBRE_CAMINO":"Cruce Ruta S-377 Hacia El Norte","CLASIFICACION":"Sin Información","CALZADA":"-","tmda":null},"geometry":{"type":"LineString","coordinates":[[-72.30931,-38.8243],[-72.31174,-38.83052],[-72.31508,-38.83209],[-72.31707,-38.83779]]}},{"id":"7711","type":"Feature","properties":{"ROL":"S-215","NOMBRE_CAMINO":"Temuco - Pillánlelbun - Lautaro","CLASIFICACION":"Sin Información","CALZADA":"-","tmda":null},"geometry":{"type":"LineString","coordinates":[[-72.56738,-38.71887],[-72.55671,-38.71794],[-72.54753,-38.70532],[-72.51356,-38.68814],[-72.51218,-38.68581],[-72.51236,-38.68287],[-72.51008,-38.68048]]}},{"id":"7712","type":"Feature","properties":{"ROL":"S/R","NOMBRE_CAMINO":"Padre Las Casas - Burgos","CLASIFICACION":"Sin Información","CALZADA":"-","tmda":899.0},"geometry":{"type":"LineString","coordinates":[[-72.57527,-38.76716],[-72.57141,-38.76844],[-72.56787,-38.76797],[-72.56893,-38.77034]]}},{"id":"7713","type":"Feature","properties":{"ROL":"S/R","NOMBRE_CAMINO":"Cinco Puentes - Pidenco","CLASIFICACION":"Sin Información","CALZADA":"-","tmda":501.0},"geometry":{"type":"LineString","coordinates":[[-72.82178,-39.2521],[-72.8206,-39.24871],[-72.81248,-39.24345],[-72.79666,-39.24161],[-72.79042,-39.24311],[-72.78632,-39.24568]]}},{"id":"7714","type":"Feature","properties":{"ROL":"S/R","NOMBRE_CAMINO":"Puente Negro - Boroa Sur","CLASIFICACION":"Sin Información","CALZADA":"-","tmda":620.0},"geometry":{"type":"LineString","coordinates":[[-73.06155,-39.29811],[-73.04386,-39.30074],[-73.0425,-39.29991],[-73.03385,-39.30353],[-73.02812,-39.30108],[-73.02762,-39.30263],[-73.02482,-39.30081],[-73.02385,-39.29753],[-73.02502,-39.29638],[-73.0252,-39.29175],[-73.02864,-39.289],[-73.02769,-39.28348],[-73.02887,-39.28009],[-73.0359,-39.27604]]}},{"id":"7715","type":"Feature","properties":{"ROL":"S/R","NOMBRE_CAMINO":"Queule - Pirén Alto","CLASIFICACION":"Sin Información","CALZADA":"-","tmda":620.0},"geometry":{"type":"LineString","coordinates":[[-73.12206,-39.38344],[-73.11538,-39.38193],[-73.11311,-39.38001]]}},{"id":"7716","type":"Feature","properties":{"ROL":"S/R","NOMBRE_CAMINO":"Variante Nilhue","CLASIFICACION":"Sin Información","CALZADA":"-","tmda":620.0},"geometry":{"type":"LineString","coordinates":[[-73.17382,-39.28708],[-73.17277,-39.28489],[-73.16347,-39.28615],[-73.15921,-39.2848],[-73.15442,-39.28839]]}},{"id":"7717","type":"Feature","properties":{"ROL":"S/R","NOMBRE_CAMINO":"Cruce Ruta S-20 - Rinconada De Tromen","CLASIFICACION":"Sin Información","CALZADA":"-","tmda":null},"geometry":{"type":"LineString","coordinates":[[-72.7555,-38.68006],[-72.75862,-38.67602],[-72.7584,-38.67215],[-72.76087,-38.67039],[-72.7595,-38.66725],[-72.75959,-38.66163]]}},{"id":"7718","type":"Feature","properties":{"ROL":"S/R","NOMBRE_CAMINO":"Puente Peule -  Estacion Tolten","CLASIFICACION":"Sin Información","CALZADA":"-","tmda":620.0},"geometry":{"type":"LineString","coordinates":[[-73.17829,-39.18896],[-73.18919,-39.1909],[-73.19541,-39.19568],[-73.19708,-39.19975],[-73.20416,-39.19929],[-73.20786,-39.20036],[-73.19744,-39.20567],[-73.19312,-39.20939]]}},{"id":"7719","type":"Feature","properties":{"ROL":"S-69","NOMBRE_CAMINO":"Los  Laureles - Pedregoso - Villarrica","CLASIFICACION":"Sin Información","CALZADA":"-","tmda":2034.0},"geometry":{"type":"LineString","coordinates":[[-72.19391,-39.17218],[-72.1928,-39.17306],[-72.19228,-39.18052],[-72.19887,-39.19904],[-72.20206,-39.20075],[-72.20421,-39.20665],[-72.20451,-39.21503],[-72.20155,-39.22051],[-72.20166,-39.22256],[-72.20637,-39.22488],[-72.21521,-39.23474],[-72.21723,-39.24003],[-72.21752,-39.24626],[-72.2138,-39.24849],[-72.22495,-39.26629],[-72.22523,-39.26938],[-72.23005,-39.27315]]}},{"id":"7720","type":"Feature","properties":{"ROL":"S-10","NOMBRE_CAMINO":"Cruce Ruta 5 - Galvarino","CLASIFICACION":"Sin Información","CALZADA":"-","tmda":1062.0},"geometry":{"type":"LineString","coordinates":[[-72.60407,-38.47668],[-72.60898,-38.47438],[-72.61235,-38.46943],[-72.61759,-38.46528],[-72.61868,-38.46196],[-72.62827,-38.45255]]}},{"id":"7721","type":"Feature","properties":{"ROL":"S-319","NOMBRE_CAMINO":"Faja 10.000 - Faja 16.000","CLASIFICACION":"Sin Información","CALZADA":"-","tmda":null},"geometry":{"type":"LineString","coordinates":[[-72.18118,-38.88978],[-72.20316,-38.88475]]}},{"id":"7722","type":"Feature","properties":{"ROL":"S-319","NOMBRE_CAMINO":"Faja 10.000 - Faja 16.000","CLASIFICACION":"Sin Información","CALZADA":"-","tmda":null},"geometry":{"type":"LineString","coordinates":[[-72.13807,-38.90083],[-72.13906,-38.89802],[-72.14711,-38.89245]]}},{"id":"7723","type":"Feature","properties":{"ROL":"S-269","NOMBRE_CAMINO":"Padre Las Casas - Niágara - Cruce S-39","CLASIFICACION":"Sin Información","CALZADA":"-","tmda":3100.0},"geometry":{"type":"LineString","coordinates":[[-72.40838,-38.78273],[-72.40983,-38.78665],[-72.40861,-38.78746],[-72.38974,-38.79258],[-72.38625,-38.79242],[-72.38462,-38.79015],[-72.38205,-38.79025],[-72.37913,-38.79217],[-72.37942,-38.7944],[-72.37055,-38.79941],[-72.36938,-38.79835],[-72.36407,-38.80071],[-72.362,-38.79808],[-72.35356,-38.79926],[-72.34452,-38.80341],[-72.3417,-38.80743],[-72.33601,-38.80951],[-72.32546,-38.80829],[-72.32327,-38.80342],[-72.31921,-38.80106]]}},{"id":"7724","type":"Feature","properties":{"ROL":"S/R","NOMBRE_CAMINO":"Cruce Ruta S-377 Hacia El Oriente","CLASIFICACION":"Sin Información","CALZADA":"-","tmda":null},"geometry":{"type":"LineString","coordinates":[[-72.30629,-38.8356],[-72.31309,-38.83417],[-72.3146,-38.83814],[-72.31715,-38.83774]]}},{"id":"7725","type":"Feature","properties":{"ROL":"S-425","NOMBRE_CAMINO":"Faja 0.000","CLASIFICACION":"Sin Información","CALZADA":"-","tmda":null},"geometry":{"type":"LineString","coordinates":[[-72.05285,-38.87289],[-72.05551,-38.87167],[-72.05442,-38.86763]]}},{"id":"7726","type":"Feature","properties":{"ROL":"S/R","NOMBRE_CAMINO":"Santa Rosa - Las Quinientas - Los Cruceros","CLASIFICACION":"Sin Información","CALZADA":"-","tmda":501.0},"geometry":{"type":"LineString","coordinates":[[-72.7611,-39.18063],[-72.76007,-39.17753],[-72.76213,-39.17296],[-72.76164,-39.17111]]}},{"id":"7727","type":"Feature","properties":{"ROL":"S/R","NOMBRE_CAMINO":"Santa Rosa - Las Quinientas - Los Cruceros","CLASIFICACION":"Sin Información","CALZADA":"-","tmda":501.0},"geometry":{"type":"LineString","coordinates":[[-72.68341,-39.21405],[-72.71073,-39.2044],[-72.7232,-39.20917],[-72.7287,-39.20634]]}},{"id":"7728","type":"Feature","properties":{"ROL":"S/R","NOMBRE_CAMINO":"El Diuco - Lastarrias","CLASIFICACION":"Sin Información","CALZADA":"-","tmda":501.0},"geometry":{"type":"LineString","coordinates":[[-72.61279,-39.22536],[-72.61305,-39.22437],[-72.61641,-39.22375],[-72.61778,-39.22566]]}},{"id":"7729","type":"Feature","properties":{"ROL":"S/R","NOMBRE_CAMINO":"Huiscapi - Lliu Lliu","CLASIFICACION":"Sin Información","CALZADA":"-","tmda":null},"geometry":{"type":"LineString","coordinates":[[-72.39072,-39.29309],[-72.38742,-39.28504]]}},{"id":"7730","type":"Feature","properties":{"ROL":"S/R","NOMBRE_CAMINO":"Collico Sur - Liumalla","CLASIFICACION":"Sin Información","CALZADA":"-","tmda":null},"geometry":{"type":"LineString","coordinates":[[-72.2586,-39.37027],[-72.25663,-39.37246],[-72.25662,-39.37437],[-72.25844,-39.37736],[-72.26555,-39.38232],[-72.26561,-39.38455]]}},{"id":"7731","type":"Feature","properties":{"ROL":"S/R","NOMBRE_CAMINO":"Ñancul - Entel","CLASIFICACION":"Sin Información","CALZADA":"-","tmda":null},"geometry":{"type":"LineString","coordinates":[[-72.30527,-39.28932],[-72.30464,-39.29016]]}},{"id":"7732","type":"Feature","properties":{"ROL":"S-881","NOMBRE_CAMINO":"Candelaria - Correntoso","CLASIFICACION":"Sin Información","CALZADA":"-","tmda":null},"geometry":{"type":"LineString","coordinates":[[-71.98092,-39.30233],[-71.98252,-39.30362],[-71.98066,-39.30794],[-71.98233,-39.31135]]}},{"id":"7733","type":"Feature","properties":{"ROL":"S/R","NOMBRE_CAMINO":"El Claro - Los Calabozos","CLASIFICACION":"Sin Información","CALZADA":"-","tmda":null},"geometry":{"type":"LineString","coordinates":[[-71.94082,-39.28847],[-71.94316,-39.29572]]}},{"id":"7734","type":"Feature","properties":{"ROL":"S-554","NOMBRE_CAMINO":"Cruce Ruta S-52 - Pucolon - Teodoro Schmidt","CLASIFICACION":"Sin Información","CALZADA":"-","tmda":null},"geometry":{"type":"LineString","coordinates":[[-73.00682,-38.94657],[-73.00194,-38.95013],[-73.00151,-38.95861],[-72.99576,-38.96233],[-72.99092,-38.96201],[-72.98141,-38.96645],[-72.96687,-38.96371],[-72.92644,-38.96237]]}},{"id":"7735","type":"Feature","properties":{"ROL":"S-70","NOMBRE_CAMINO":"Pitrufquen - Peule","CLASIFICACION":"Sin Información","CALZADA":"-","tmda":784.0},"geometry":{"type":"LineString","coordinates":[[-72.97146,-39.02339],[-72.97923,-39.02412]]}},{"id":"7736","type":"Feature","properties":{"ROL":"S/R","NOMBRE_CAMINO":"Cruce S-425 - Colonia Caupolicán","CLASIFICACION":"Sin Información","CALZADA":"-","tmda":null},"geometry":{"type":"LineString","coordinates":[[-72.01518,-38.90048],[-72.01032,-38.90013],[-72.00684,-38.89771]]}},{"id":"7737","type":"Feature","properties":{"ROL":"S-337","NOMBRE_CAMINO":"Melipeuco -  Pangueco","CLASIFICACION":"Sin Información","CALZADA":"-","tmda":null},"geometry":{"type":"LineString","coordinates":[[-71.69611,-38.77548],[-71.69555,-38.77376],[-71.6915,-38.77294],[-71.68853,-38.76984]]}},{"id":"7738","type":"Feature","properties":{"ROL":"S/R","NOMBRE_CAMINO":"Santa María De Llaima - Cherchén","CLASIFICACION":"Sin Información","CALZADA":"-","tmda":null},"geometry":{"type":"LineString","coordinates":[[-71.77666,-38.87911],[-71.77758,-38.8821],[-71.77573,-38.8834],[-71.77787,-38.88374]]}},{"id":"7739","type":"Feature","properties":{"ROL":"S/R","NOMBRE_CAMINO":"Santa María De Llaima - Cherchén","CLASIFICACION":"Sin Información","CALZADA":"-","tmda":null},"geometry":{"type":"LineString","coordinates":[[-71.77735,-38.93868],[-71.77453,-38.94366]]}},{"id":"7740","type":"Feature","properties":{"ROL":"S-525","NOMBRE_CAMINO":"El Avión - Alto Huerere","CLASIFICACION":"Sin Información","CALZADA":"-","tmda":null},"geometry":{"type":"LineString","coordinates":[[-72.02183,-38.99265],[-72.01627,-38.9961],[-72.01501,-38.99801],[-72.01597,-39.00013],[-72.01448,-39.00122]]}},{"id":"7741","type":"Feature","properties":{"ROL":"S-527","NOMBRE_CAMINO":"Huerere - Curacalco Bajo","CLASIFICACION":"Sin Información","CALZADA":"-","tmda":null},"geometry":{"type":"LineString","coordinates":[[-71.92965,-38.94837],[-71.92704,-38.94767]]}},{"id":"7742","type":"Feature","properties":{"ROL":"S-860","NOMBRE_CAMINO":"Variante La Silla","CLASIFICACION":"Sin Información","CALZADA":"-","tmda":null},"geometry":{"type":"LineString","coordinates":[[-72.8016,-39.22357],[-72.80348,-39.22645]]}},{"id":"7743","type":"Feature","properties":{"ROL":"S-860","NOMBRE_CAMINO":"Variante La Silla","CLASIFICACION":"Sin Información","CALZADA":"-","tmda":null},"geometry":{"type":"LineString","coordinates":[[-72.71833,-39.23388],[-72.7224,-39.23212],[-72.72284,-39.22794],[-72.72578,-39.22559],[-72.72851,-39.22679],[-72.72916,-39.22551],[-72.73077,-39.22651],[-72.7312,-39.22539],[-72.73616,-39.22653],[-72.7371,-39.22568],[-72.73882,-39.22672],[-72.73972,-39.2255],[-72.741,-39.22712],[-72.74317,-39.22555],[-72.74765,-39.22537],[-72.75013,-39.22691],[-72.75161,-39.22542],[-72.75178,-39.22623],[-72.7535,-39.22517],[-72.75774,-39.22567]]}},{"id":"7744","type":"Feature","properties":{"ROL":"S-593","NOMBRE_CAMINO":"Tercera Faja - Coicoma","CLASIFICACION":"Sin Información","CALZADA":"-","tmda":null},"geometry":{"type":"LineString","coordinates":[[-72.53415,-39.09056],[-72.53037,-39.09337]]}},{"id":"7745","type":"Feature","properties":{"ROL":"S/R","NOMBRE_CAMINO":"Ranquicura - Pumalal","CLASIFICACION":"Sin Información","CALZADA":"-","tmda":164.0},"geometry":{"type":"LineString","coordinates":[[-73.0573,-39.03831],[-73.05261,-39.03945],[-73.04859,-39.04219],[-73.04534,-39.04218],[-73.04179,-39.04522],[-73.04184,-39.04694],[-73.03138,-39.04219],[-73.03048,-39.0407],[-73.02773,-39.04046],[-73.02337,-39.04263],[-73.02114,-39.04703],[-73.02362,-39.05353],[-73.02264,-39.05659],[-73.01638,-39.05946]]}},{"id":"7746","type":"Feature","properties":{"ROL":"R-49","NOMBRE_CAMINO":"Cruce Longitudinal (collipulli) - Termas De Pemehue","CLASIFICACION":"Sin Información","CALZADA":"-","tmda":222.0},"geometry":{"type":"LineString","coordinates":[[-72.35452,-38.02038],[-72.35335,-38.02201],[-72.30683,-38.03954],[-72.27416,-38.04568],[-72.24806,-38.0436],[-72.22904,-38.04828],[-72.19504,-38.066],[-72.17136,-38.08824],[-72.137,-38.10857],[-72.09177,-38.105],[-72.07567,-38.10547],[-72.05754,-38.10222],[-72.0379,-38.10211]]}},{"id":"7747","type":"Feature","properties":{"ROL":"R-49","NOMBRE_CAMINO":"Cruce Longitudinal (collipulli) - Termas De Pemehue","CLASIFICACION":"Sin Información","CALZADA":"-","tmda":740.0},"geometry":{"type":"LineString","coordinates":[[-72.4269,-37.96095],[-72.41798,-37.96681],[-72.41578,-37.97354],[-72.40635,-37.98796],[-72.39624,-37.99605],[-72.38971,-38.00322],[-72.36345,-38.01734],[-72.35452,-38.02038]]}},{"id":"7748","type":"Feature","properties":{"ROL":"S-413","NOMBRE_CAMINO":"Faja 4.000","CLASIFICACION":"Sin Información","CALZADA":"-","tmda":null},"geometry":{"type":"LineString","coordinates":[[-72.09687,-38.92539],[-72.09247,-38.91217],[-72.09071,-38.9118]]}},{"id":"7749","type":"Feature","properties":{"ROL":"S/R","NOMBRE_CAMINO":"Faja 0.000 Hacia El Norte","CLASIFICACION":"Sin Información","CALZADA":"-","tmda":null},"geometry":{"type":"LineString","coordinates":[[-72.02916,-38.86186],[-72.03226,-38.86151],[-72.02752,-38.85965],[-72.02938,-38.85887],[-72.02642,-38.85797],[-72.03196,-38.8579],[-72.03223,-38.85686],[-72.03556,-38.8576],[-72.03101,-38.85265]]}},{"id":"7750","type":"Feature","properties":{"ROL":"S/R","NOMBRE_CAMINO":"Manzano Chico - Quilapalo","CLASIFICACION":"Sin Información","CALZADA":"-","tmda":null},"geometry":{"type":"LineString","coordinates":[[-71.95311,-38.7976],[-71.96668,-38.79693]]}},{"id":"7751","type":"Feature","properties":{"ROL":"S/R","NOMBRE_CAMINO":"Codihue - Nalcahue - Dicahue","CLASIFICACION":"Sin Información","CALZADA":"-","tmda":null},"geometry":{"type":"LineString","coordinates":[[-72.01014,-39.02994],[-72.00437,-39.03581],[-72.00529,-39.03728],[-72.00314,-39.03987],[-71.99067,-39.04401]]}},{"id":"7752","type":"Feature","properties":{"ROL":"S/R","NOMBRE_CAMINO":"Collico Sur - Tres Esquinas","CLASIFICACION":"Sin Información","CALZADA":"-","tmda":null},"geometry":{"type":"LineString","coordinates":[[-72.33,-39.35295],[-72.33953,-39.35099],[-72.34208,-39.3493]]}},{"id":"7753","type":"Feature","properties":{"ROL":"S/R","NOMBRE_CAMINO":"Collico Sur - Tres Esquinas","CLASIFICACION":"Sin Información","CALZADA":"-","tmda":null},"geometry":{"type":"LineString","coordinates":[[-72.26711,-39.37085],[-72.28587,-39.36637],[-72.29165,-39.36172],[-72.29799,-39.36022]]}},{"id":"7754","type":"Feature","properties":{"ROL":"Ruta 199 CH","NOMBRE_CAMINO":"Camino Internacional Monseñor Francisco Valdés Subercaseaux","CLASIFICACION":"Sin Información","CALZADA":"-","tmda":727.0},"geometry":{"type":"LineString","coordinates":[[-71.56327,-39.57085],[-71.56167,-39.57054],[-71.55594,-39.55914],[-71.5429,-39.55407],[-71.53704,-39.55438],[-71.53534,-39.55732],[-71.53165,-39.55877],[-71.51971,-39.56289],[-71.5104,-39.56398],[-71.50675,-39.56875],[-71.48999,-39.57794],[-71.47426,-39.58324],[-71.4613,-39.5826]]}},{"id":"7755","type":"Feature","properties":{"ROL":"S-529","NOMBRE_CAMINO":"Codihue - Tres Horquetas","CLASIFICACION":"Sin Información","CALZADA":"-","tmda":null},"geometry":{"type":"LineString","coordinates":[[-72.01265,-39.02486],[-72.00953,-39.02189],[-72.00644,-39.0239],[-72.00304,-39.02209],[-72.00099,-39.02259]]}},{"id":"7756","type":"Feature","properties":{"ROL":"S-529","NOMBRE_CAMINO":"Codihue - Tres Horquetas","CLASIFICACION":"Sin Información","CALZADA":"-","tmda":null},"geometry":{"type":"LineString","coordinates":[[-71.99825,-39.02369],[-71.99048,-39.02756],[-71.98496,-39.02698]]}},{"id":"7757","type":"Feature","properties":{"ROL":"S-529","NOMBRE_CAMINO":"Codihue - Tres Horquetas","CLASIFICACION":"Sin Información","CALZADA":"-","tmda":null},"geometry":{"type":"LineString","coordinates":[[-71.9755,-39.02505],[-71.9734,-39.02487]]}},{"id":"7758","type":"Feature","properties":{"ROL":"S-529","NOMBRE_CAMINO":"Codihue - Tres Horquetas","CLASIFICACION":"Sin Información","CALZADA":"-","tmda":null},"geometry":{"type":"LineString","coordinates":[[-71.9661,-39.02431],[-71.95196,-39.02019],[-71.94836,-39.01736],[-71.94238,-39.01513],[-71.93895,-39.01275],[-71.93851,-39.01106],[-71.93147,-39.00711],[-71.92311,-39.0052],[-71.91485,-39.00118],[-71.91292,-39.00182]]}},{"id":"7759","type":"Feature","properties":{"ROL":"S/R","NOMBRE_CAMINO":"La Bastilla - El Bosco","CLASIFICACION":"Sin Información","CALZADA":"-","tmda":null},"geometry":{"type":"LineString","coordinates":[[-72.16442,-39.04722],[-72.16385,-39.04995],[-72.16895,-39.0542],[-72.16657,-39.05784]]}},{"id":"7760","type":"Feature","properties":{"ROL":"Ruta 199 CH","NOMBRE_CAMINO":"Camino Internacional Monseñor Francisco Valdés Subercaseaux","CLASIFICACION":"Sin Información","CALZADA":"-","tmda":896.0},"geometry":{"type":"LineString","coordinates":[[-71.58364,-39.36547],[-71.5767,-39.37733],[-71.57277,-39.38714],[-71.56314,-39.39194],[-71.55076,-39.40125],[-71.54942,-39.40396],[-71.55077,-39.40844],[-71.54945,-39.41342],[-71.55238,-39.42247],[-71.55573,-39.426],[-71.55643,-39.43124],[-71.55276,-39.4461],[-71.55361,-39.45079],[-71.5518,-39.45273],[-71.55295,-39.4556],[-71.55323,-39.46599],[-71.54697,-39.48306],[-71.54668,-39.49038],[-71.54878,-39.49326],[-71.54319,-39.50891],[-71.5443,-39.51399],[-71.54881,-39.51892],[-71.55059,-39.5237],[-71.55657,-39.53263]]}},{"id":"7761","type":"Feature","properties":{"ROL":"S-65","NOMBRE_CAMINO":"Pitrufquén - Ñancul","CLASIFICACION":"Sin Información","CALZADA":"-","tmda":3204.0},"geometry":{"type":"LineString","coordinates":[[-72.64177,-38.98476],[-72.62525,-38.99289],[-72.61409,-39.00589],[-72.58446,-39.01066],[-72.56013,-39.0121],[-72.54673,-39.01622],[-72.54254,-39.0219],[-72.54252,-39.02565],[-72.54079,-39.02777],[-72.53609,-39.0278],[-72.53313,-39.03009],[-72.53059,-39.03851],[-72.52479,-39.04683],[-72.52464,-39.05192],[-72.52179,-39.05847]]}},{"id":"7762","type":"Feature","properties":{"ROL":"S/R","NOMBRE_CAMINO":"Matríz - Alto Mune","CLASIFICACION":"Sin Información","CALZADA":"-","tmda":899.0},"geometry":{"type":"LineString","coordinates":[[-72.52179,-39.05847],[-72.52738,-39.07329]]}},{"id":"7763","type":"Feature","properties":{"ROL":"S/R","NOMBRE_CAMINO":"Cruce S-60 (hualpín) - Porma - Puyehue","CLASIFICACION":"Sin Información","CALZADA":"-","tmda":null},"geometry":{"type":"LineString","coordinates":[[-73.24928,-39.10942],[-73.25589,-39.08779]]}},{"id":"7764","type":"Feature","properties":{"ROL":"S-710","NOMBRE_CAMINO":"Gorbea - Los Galpones","CLASIFICACION":"Sin Información","CALZADA":"-","tmda":null},"geometry":{"type":"LineString","coordinates":[[-72.68341,-39.09827],[-72.69188,-39.09664]]}},{"id":"7765","type":"Feature","properties":{"ROL":"S/R","NOMBRE_CAMINO":"Cristo Carhuello - Quelhue","CLASIFICACION":"Sin Información","CALZADA":"-","tmda":null},"geometry":{"type":"LineString","coordinates":[[-71.92025,-39.2695],[-71.93012,-39.26298],[-71.93147,-39.26076],[-71.9299,-39.2553],[-71.93122,-39.25196],[-71.93692,-39.24885],[-71.93801,-39.24515],[-71.94081,-39.24377]]}},{"id":"7766","type":"Feature","properties":{"ROL":"S/R","NOMBRE_CAMINO":"Puala - Puala Alto","CLASIFICACION":"Sin Información","CALZADA":"-","tmda":null},"geometry":{"type":"LineString","coordinates":[[-71.6303,-39.38625],[-71.63342,-39.38456]]}},{"id":"7767","type":"Feature","properties":{"ROL":"S/R","NOMBRE_CAMINO":"Carén - Añihuarraqui","CLASIFICACION":"Sin Información","CALZADA":"-","tmda":null},"geometry":{"type":"LineString","coordinates":[[-71.55291,-39.45771],[-71.5465,-39.45751],[-71.54443,-39.46046],[-71.54402,-39.46628],[-71.54254,-39.46849]]}},{"id":"7768","type":"Feature","properties":{"ROL":"S/R","NOMBRE_CAMINO":"Liucura - Los Calabozos","CLASIFICACION":"Sin Información","CALZADA":"-","tmda":null},"geometry":{"type":"LineString","coordinates":[[-71.8137,-39.24401],[-71.81558,-39.24147]]}},{"id":"7769","type":"Feature","properties":{"ROL":"S/R","NOMBRE_CAMINO":"Coilaco Alto -  Llafenco","CLASIFICACION":"Sin Información","CALZADA":"-","tmda":null},"geometry":{"type":"LineString","coordinates":[[-71.75896,-39.31922],[-71.76768,-39.31519],[-71.76705,-39.31148],[-71.76793,-39.31033]]}},{"id":"7770","type":"Feature","properties":{"ROL":"S-941","NOMBRE_CAMINO":"Cruce Ruta 199 Ch - Palguín - Salto El León","CLASIFICACION":"Sin Información","CALZADA":"-","tmda":null},"geometry":{"type":"LineString","coordinates":[[-71.77869,-39.33419],[-71.78076,-39.33951],[-71.78011,-39.34349],[-71.77809,-39.34561]]}},{"id":"7771","type":"Feature","properties":{"ROL":"S-887","NOMBRE_CAMINO":"Pucón - Refugio Volcán Villarrica","CLASIFICACION":"Sin Información","CALZADA":"-","tmda":4836.0},"geometry":{"type":"LineString","coordinates":[[-71.96961,-39.34978],[-71.96334,-39.36196],[-71.95799,-39.36532],[-71.95504,-39.37146],[-71.94987,-39.374]]}},{"id":"7772","type":"Feature","properties":{"ROL":"S-593","NOMBRE_CAMINO":"Tercera Faja - Coicoma","CLASIFICACION":"Sin Información","CALZADA":"-","tmda":null},"geometry":{"type":"LineString","coordinates":[[-72.60257,-39.07624],[-72.53492,-39.09203],[-72.53415,-39.09056]]}},{"id":"7773","type":"Feature","properties":{"ROL":"S-36","NOMBRE_CAMINO":"Carahue - Nehuentué(acceso Balsa Moncul)","CLASIFICACION":"Sin Información","CALZADA":"-","tmda":1814.0},"geometry":{"type":"LineString","coordinates":[[-73.40784,-38.74119],[-73.42146,-38.74127],[-73.42469,-38.7433],[-73.42814,-38.74187],[-73.43065,-38.74232]]}},{"id":"7774","type":"Feature","properties":{"ROL":"S/R","NOMBRE_CAMINO":"By Pass Hualpin","CLASIFICACION":"Sin Información","CALZADA":"-","tmda":null},"geometry":{"type":"LineString","coordinates":[[-73.19254,-39.11211],[-73.19961,-39.10979],[-73.19404,-39.0948],[-73.19474,-39.09292],[-73.19835,-39.09072],[-73.19697,-39.08483],[-73.19837,-39.08298]]}},{"id":"7775","type":"Feature","properties":{"ROL":"S/R","NOMBRE_CAMINO":"Segunda Faja El Volcan","CLASIFICACION":"Sin Información","CALZADA":"-","tmda":null},"geometry":{"type":"LineString","coordinates":[[-72.03589,-39.33544],[-72.03964,-39.34478],[-72.08608,-39.33327]]}},{"id":"7776","type":"Feature","properties":{"ROL":"R-493","NOMBRE_CAMINO":"Puente Amargo - Menuco","CLASIFICACION":"Sin Información","CALZADA":"-","tmda":null},"geometry":{"type":"LineString","coordinates":[[-71.86959,-38.0769],[-71.86741,-38.07809],[-71.86719,-38.08111],[-71.8647,-38.08227],[-71.86093,-38.08196],[-71.8598,-38.08368],[-71.84958,-38.08197],[-71.84881,-38.07978],[-71.83585,-38.08175],[-71.8173,-38.07319],[-71.8022,-38.07124],[-71.79569,-38.06607],[-71.78687,-38.06357],[-71.78566,-38.06165],[-71.78244,-38.06435],[-71.77269,-38.0635],[-71.76541,-38.05624],[-71.76378,-38.05249],[-71.74915,-38.04874],[-71.74613,-38.04689],[-71.74855,-38.0465],[-71.74787,-38.04506],[-71.74563,-38.04473]]}},{"id":"7777","type":"Feature","properties":{"ROL":"S/R","NOMBRE_CAMINO":"-","CLASIFICACION":"Sin Información","CALZADA":"-","tmda":null},"geometry":{"type":"LineString","coordinates":[[-72.98788,-38.19089],[-72.99079,-38.19809],[-72.99556,-38.19912]]}},{"id":"7778","type":"Feature","properties":{"ROL":"S-563","NOMBRE_CAMINO":"Zahuelhue - Casas Blancas","CLASIFICACION":"Sin Información","CALZADA":"-","tmda":null},"geometry":{"type":"LineString","coordinates":[[-71.61895,-38.92411],[-71.61824,-38.92748],[-71.62088,-38.92906],[-71.62036,-38.93181]]}},{"id":"7779","type":"Feature","properties":{"ROL":"S-531","NOMBRE_CAMINO":"Acceso A Quechereguas","CLASIFICACION":"Sin Información","CALZADA":"-","tmda":null},"geometry":{"type":"LineString","coordinates":[[-72.03664,-38.99819],[-72.04412,-38.99697]]}},{"id":"7780","type":"Feature","properties":{"ROL":"S-531","NOMBRE_CAMINO":"Acceso A Quechereguas","CLASIFICACION":"Sin Información","CALZADA":"-","tmda":null},"geometry":{"type":"LineString","coordinates":[[-72.02613,-39.00385],[-72.0283,-39.00335]]}},{"id":"7781","type":"Feature","properties":{"ROL":"S-531","NOMBRE_CAMINO":"Acceso A Quechereguas","CLASIFICACION":"Sin Información","CALZADA":"-","tmda":null},"geometry":{"type":"LineString","coordinates":[[-72.0301,-39.00183],[-72.03073,-39.00107]]}},{"id":"7782","type":"Feature","properties":{"ROL":"S/R","NOMBRE_CAMINO":"Catripulli - Puente Loncofilo","CLASIFICACION":"Sin Información","CALZADA":"-","tmda":null},"geometry":{"type":"LineString","coordinates":[[-71.71225,-39.37537],[-71.70841,-39.3786],[-71.70088,-39.38207],[-71.69307,-39.38281],[-71.68958,-39.38069]]}},{"id":"7783","type":"Feature","properties":{"ROL":"S/R","NOMBRE_CAMINO":"Curarrehue - Huincapalihue","CLASIFICACION":"Sin Información","CALZADA":"-","tmda":null},"geometry":{"type":"LineString","coordinates":[[-71.49503,-39.36927],[-71.49015,-39.37704],[-71.47624,-39.38351]]}},{"id":"7784","type":"Feature","properties":{"ROL":"S/R","NOMBRE_CAMINO":"Huife - Leficul","CLASIFICACION":"Sin Información","CALZADA":"-","tmda":null},"geometry":{"type":"LineString","coordinates":[[-71.72485,-39.21472],[-71.72592,-39.21145],[-71.71719,-39.21129],[-71.7031,-39.20877]]}},{"id":"7785","type":"Feature","properties":{"ROL":"S-443","NOMBRE_CAMINO":"Cruce Longitudinal (quepe) - Huichahue","CLASIFICACION":"Sin Información","CALZADA":"-","tmda":null},"geometry":{"type":"LineString","coordinates":[[-72.51123,-38.87517],[-72.50137,-38.87257],[-72.48841,-38.87492],[-72.4793,-38.87423],[-72.47284,-38.87025],[-72.46683,-38.86338],[-72.45933,-38.86113],[-72.45651,-38.85827],[-72.44631,-38.85752],[-72.43573,-38.85323]]}},{"id":"7786","type":"Feature","properties":{"ROL":"S-476","NOMBRE_CAMINO":"Almagro - Mañio","CLASIFICACION":"Sin Información","CALZADA":"-","tmda":2013.0},"geometry":{"type":"LineString","coordinates":[[-72.94717,-38.78203],[-72.95068,-38.78085]]}},{"id":"7787","type":"Feature","properties":{"ROL":"R-49","NOMBRE_CAMINO":"Cruce Longitudinal (collipulli) - Termas De Pemehue","CLASIFICACION":"Sin Información","CALZADA":"-","tmda":222.0},"geometry":{"type":"LineString","coordinates":[[-71.97408,-38.11097],[-71.95899,-38.10786],[-71.95759,-38.10983],[-71.95577,-38.10863],[-71.95281,-38.10976],[-71.94989,-38.10842],[-71.93648,-38.10837],[-71.93114,-38.10422],[-71.92395,-38.10224],[-71.9192,-38.10238],[-71.91738,-38.09949],[-71.91309,-38.09805],[-71.90917,-38.09874],[-71.908,-38.09675],[-71.90217,-38.09575],[-71.90233,-38.09444],[-71.90089,-38.09359],[-71.90397,-38.08882],[-71.90351,-38.08602],[-71.8966,-38.07825],[-71.89252,-38.08047],[-71.88848,-38.08033],[-71.88405,-38.08338],[-71.87964,-38.08016],[-71.87149,-38.07883]]}},{"id":"7788","type":"Feature","properties":{"ROL":"S/R","NOMBRE_CAMINO":"Calle Bustos","CLASIFICACION":"Sin Información","CALZADA":"-","tmda":899.0},"geometry":{"type":"LineString","coordinates":[[-72.62377,-38.95819],[-72.62902,-38.95694]]}},{"id":"7789","type":"Feature","properties":{"ROL":"S/R","NOMBRE_CAMINO":"Calle Fco. Antileo","CLASIFICACION":"Sin Información","CALZADA":"-","tmda":164.0},"geometry":{"type":"LineString","coordinates":[[-73.09962,-38.99359],[-73.09552,-38.9949],[-73.09016,-38.99878]]}},{"id":"7790","type":"Feature","properties":{"ROL":"S/R","NOMBRE_CAMINO":"Acceso Segunda Faja Rubilar","CLASIFICACION":"Sin Información","CALZADA":"-","tmda":899.0},"geometry":{"type":"LineString","coordinates":[[-72.56977,-39.0469],[-72.57171,-39.05192],[-72.57471,-39.05366],[-72.57098,-39.05736],[-72.57156,-39.0606],[-72.5693,-39.06377]]}},{"id":"7791","type":"Feature","properties":{"ROL":"S-790","NOMBRE_CAMINO":"Cruce S-70 - Queule","CLASIFICACION":"Sin Información","CALZADA":"-","tmda":1255.0},"geometry":{"type":"LineString","coordinates":[[-73.18639,-39.35919],[-73.18515,-39.36288],[-73.18295,-39.36502],[-73.18318,-39.36816],[-73.18901,-39.37444],[-73.1906,-39.37988],[-73.18988,-39.38584],[-73.18338,-39.3885],[-73.18207,-39.39086]]}},{"id":"7792","type":"Feature","properties":{"ROL":"S/R","NOMBRE_CAMINO":"Pichares - Lago San Jorge","CLASIFICACION":"Sin Información","CALZADA":"-","tmda":null},"geometry":{"type":"LineString","coordinates":[[-71.68586,-39.29847],[-71.68429,-39.29622],[-71.681,-39.29606],[-71.67537,-39.29169],[-71.67235,-39.29142],[-71.66989,-39.28774]]}},{"id":"7793","type":"Feature","properties":{"ROL":"S/R","NOMBRE_CAMINO":"Huife - El Papal","CLASIFICACION":"Sin Información","CALZADA":"-","tmda":null},"geometry":{"type":"LineString","coordinates":[[-71.74218,-39.2309],[-71.73723,-39.23345],[-71.73044,-39.23341],[-71.72743,-39.23162]]}},{"id":"7794","type":"Feature","properties":{"ROL":"S/R","NOMBRE_CAMINO":"Curarrehue - Termas De Panqui","CLASIFICACION":"Sin Información","CALZADA":"-","tmda":null},"geometry":{"type":"LineString","coordinates":[[-71.49512,-39.25901],[-71.49596,-39.25534],[-71.49048,-39.25118],[-71.48985,-39.24615],[-71.48468,-39.24051],[-71.48444,-39.23856]]}},{"id":"7795","type":"Feature","properties":{"ROL":"S-485","NOMBRE_CAMINO":"Cruce Ruta S-497 - La Bastilla","CLASIFICACION":"Sin Información","CALZADA":"-","tmda":null},"geometry":{"type":"LineString","coordinates":[[-72.16927,-38.98729],[-72.1703,-38.98992]]}},{"id":"7796","type":"Feature","properties":{"ROL":"S/R","NOMBRE_CAMINO":"Afunalhue - Quetroco","CLASIFICACION":"Sin Información","CALZADA":"-","tmda":null},"geometry":{"type":"LineString","coordinates":[[-72.20842,-39.44804],[-72.2126,-39.44713],[-72.2154,-39.44873]]}},{"id":"7797","type":"Feature","properties":{"ROL":"S/R","NOMBRE_CAMINO":"Chaura - Fundo El Carmen","CLASIFICACION":"Sin Información","CALZADA":"-","tmda":null},"geometry":{"type":"LineString","coordinates":[[-72.29426,-39.46178],[-72.2972,-39.46053],[-72.29525,-39.45701]]}},{"id":"7798","type":"Feature","properties":{"ROL":"S/R","NOMBRE_CAMINO":"Malloco - Quilinám","CLASIFICACION":"Sin Información","CALZADA":"-","tmda":null},"geometry":{"type":"LineString","coordinates":[[-72.33209,-39.25828],[-72.33444,-39.25798]]}},{"id":"7799","type":"Feature","properties":{"ROL":"S/R","NOMBRE_CAMINO":"Puente Chispa - Balsa Rucapangui - Los Boldos","CLASIFICACION":"Sin Información","CALZADA":"-","tmda":899.0},"geometry":{"type":"LineString","coordinates":[[-72.63969,-38.72259],[-72.64818,-38.71912]]}},{"id":"7800","type":"Feature","properties":{"ROL":"S-185","NOMBRE_CAMINO":"Vilcún - Codague - Vega Redonda","CLASIFICACION":"Sin Información","CALZADA":"-","tmda":null},"geometry":{"type":"LineString","coordinates":[[-72.21978,-38.66931],[-72.21813,-38.66547]]}},{"id":"7801","type":"Feature","properties":{"ROL":"S-539","NOMBRE_CAMINO":"Cruce S-61- Termas De Molulco","CLASIFICACION":"Sin Información","CALZADA":"-","tmda":null},"geometry":{"type":"LineString","coordinates":[[-71.83887,-38.86673],[-71.83485,-38.86931],[-71.8198,-38.87242],[-71.78948,-38.86737],[-71.78063,-38.86768],[-71.77113,-38.87194],[-71.75609,-38.88302]]}},{"id":"7802","type":"Feature","properties":{"ROL":"S-638","NOMBRE_CAMINO":"Puente Peule - Bif. Porma","CLASIFICACION":"Sin Información","CALZADA":"-","tmda":null},"geometry":{"type":"LineString","coordinates":[[-73.26054,-39.11595],[-73.2493,-39.10941]]}},{"id":"7803","type":"Feature","properties":{"ROL":"S-722","NOMBRE_CAMINO":"Gorbea - Botacura","CLASIFICACION":"Sin Información","CALZADA":"-","tmda":null},"geometry":{"type":"LineString","coordinates":[[-72.69467,-39.09533],[-72.70327,-39.0972],[-72.70588,-39.0956]]}},{"id":"7804","type":"Feature","properties":{"ROL":"S-959","NOMBRE_CAMINO":"Acceso A Termas De San Luis","CLASIFICACION":"Sin Información","CALZADA":"-","tmda":717.0},"geometry":{"type":"LineString","coordinates":[[-71.69616,-39.35059],[-71.69496,-39.34951]]}},{"id":"7805","type":"Feature","properties":{"ROL":"S/R","NOMBRE_CAMINO":"Octava Faja - Huiscapi (poniente)","CLASIFICACION":"Sin Información","CALZADA":"-","tmda":501.0},"geometry":{"type":"LineString","coordinates":[[-72.40433,-39.29593],[-72.40516,-39.29383],[-72.41352,-39.29067],[-72.41439,-39.28808]]}},{"id":"7806","type":"Feature","properties":{"ROL":"S/R","NOMBRE_CAMINO":"Maichín - Resbaloso","CLASIFICACION":"Sin Información","CALZADA":"-","tmda":null},"geometry":{"type":"LineString","coordinates":[[-71.55871,-39.32578],[-71.55597,-39.32641]]}},{"id":"7807","type":"Feature","properties":{"ROL":"S/R","NOMBRE_CAMINO":"Puerto Saavedra - Malalhue - Pichichelle","CLASIFICACION":"Sin Información","CALZADA":"-","tmda":null},"geometry":{"type":"LineString","coordinates":[[-73.26301,-38.98938],[-73.25621,-38.98887],[-73.24901,-38.993],[-73.24429,-38.994]]}},{"id":"7808","type":"Feature","properties":{"ROL":"S/R","NOMBRE_CAMINO":"Puerto Saavedra - Malalhue - Pichichelle","CLASIFICACION":"Sin Información","CALZADA":"-","tmda":null},"geometry":{"type":"LineString","coordinates":[[-73.39586,-38.79628],[-73.3956,-38.79814],[-73.39274,-38.7979],[-73.38812,-38.80164],[-73.38959,-38.80607],[-73.38446,-38.81147],[-73.38297,-38.81783],[-73.3808,-38.82063],[-73.38156,-38.8255],[-73.37941,-38.82621],[-73.37517,-38.82512],[-73.36818,-38.82981],[-73.36768,-38.83432],[-73.36394,-38.83816],[-73.36563,-38.84121],[-73.37249,-38.84513],[-73.37287,-38.84861],[-73.36827,-38.85352],[-73.36367,-38.85377],[-73.36084,-38.85561],[-73.36106,-38.86407],[-73.35601,-38.87287],[-73.3563,-38.87622],[-73.35895,-38.87788],[-73.35792,-38.88245],[-73.35461,-38.88791],[-73.35146,-38.88605],[-73.3485,-38.88648],[-73.35036,-38.88794],[-73.34864,-38.88878],[-73.34887,-38.89227],[-73.34725,-38.89265],[-73.34724,-38.89468],[-73.34547,-38.89629],[-73.34472,-38.9024],[-73.34131,-38.90458],[-73.3392,-38.90803],[-73.34065,-38.91213],[-73.33264,-38.91302],[-73.33337,-38.91414],[-73.33199,-38.91573],[-73.33302,-38.91963],[-73.33417,-38.92151],[-73.33554,-38.92105],[-73.33749,-38.92713],[-73.33329,-38.93435],[-73.33287,-38.93756],[-73.32865,-38.94272],[-73.3311,-38.94506],[-73.33264,-38.94915],[-73.32983,-38.95687],[-73.32757,-38.9569],[-73.32726,-38.95895],[-73.32299,-38.96102],[-73.31453,-38.96177],[-73.31293,-38.96069],[-73.31219,-38.95788],[-73.3088,-38.96003],[-73.29362,-38.95953],[-73.2888,-38.96173],[-73.28683,-38.96348],[-73.28449,-38.96953],[-73.27305,-38.97088],[-73.27394,-38.974],[-73.27116,-38.97895],[-73.2772,-38.98752],[-73.2716,-38.9899],[-73.26758,-38.9897]]}},{"id":"7809","type":"Feature","properties":{"ROL":"S/R","NOMBRE_CAMINO":"Pichi Chelle - Peleco","CLASIFICACION":"Sin Información","CALZADA":"-","tmda":null},"geometry":{"type":"LineString","coordinates":[[-73.30818,-39.00429],[-73.30891,-39.00462]]}},{"id":"7810","type":"Feature","properties":{"ROL":"S-553","NOMBRE_CAMINO":"Catrico - Pedregoso - Las Ochocientas","CLASIFICACION":"Sin Información","CALZADA":"-","tmda":302.0},"geometry":{"type":"LineString","coordinates":[[-71.96908,-39.16548],[-71.96188,-39.16601]]}},{"id":"7811","type":"Feature","properties":{"ROL":"S/R","NOMBRE_CAMINO":"Trafanpulli - Puerto Montecarlo","CLASIFICACION":"Sin Información","CALZADA":"-","tmda":null},"geometry":{"type":"LineString","coordinates":[[-71.91062,-39.11865],[-71.91854,-39.11555]]}},{"id":"7812","type":"Feature","properties":{"ROL":"S/R","NOMBRE_CAMINO":"Quetroco - Rayenlafquén","CLASIFICACION":"Sin Información","CALZADA":"-","tmda":null},"geometry":{"type":"LineString","coordinates":[[-72.24813,-39.44503],[-72.24341,-39.44612],[-72.24198,-39.4481],[-72.24222,-39.45296],[-72.24111,-39.45509],[-72.24229,-39.4577],[-72.23695,-39.46254]]}},{"id":"7813","type":"Feature","properties":{"ROL":"S/R","NOMBRE_CAMINO":"Chaura - Lumaco","CLASIFICACION":"Sin Información","CALZADA":"-","tmda":null},"geometry":{"type":"LineString","coordinates":[[-72.30814,-39.46583],[-72.30773,-39.46332],[-72.31222,-39.45843],[-72.30965,-39.45628],[-72.30188,-39.45797],[-72.29734,-39.46057]]}},{"id":"7814","type":"Feature","properties":{"ROL":"S/R","NOMBRE_CAMINO":"Chaura - Lumaco","CLASIFICACION":"Sin Información","CALZADA":"-","tmda":null},"geometry":{"type":"LineString","coordinates":[[-72.28424,-39.47133],[-72.29137,-39.47342]]}},{"id":"7815","type":"Feature","properties":{"ROL":"S/R","NOMBRE_CAMINO":"Santa María De Llaima - Alpehue","CLASIFICACION":"Sin Información","CALZADA":"-","tmda":null},"geometry":{"type":"LineString","coordinates":[[-71.69341,-38.8635],[-71.68661,-38.86196],[-71.67667,-38.85758],[-71.67077,-38.85352],[-71.66122,-38.85065]]}},{"id":"7816","type":"Feature","properties":{"ROL":"S/R","NOMBRE_CAMINO":"Santa María De Llaima - Cherchén","CLASIFICACION":"Sin Información","CALZADA":"-","tmda":null},"geometry":{"type":"LineString","coordinates":[[-71.77787,-38.88374],[-71.77746,-38.88505],[-71.77913,-38.88566],[-71.77968,-38.88913],[-71.77864,-38.89148],[-71.77986,-38.89321],[-71.77826,-38.89487],[-71.78878,-38.89869],[-71.78506,-38.90029],[-71.78287,-38.90345],[-71.78572,-38.91441],[-71.78357,-38.92036],[-71.78441,-38.92355],[-71.78273,-38.92881]]}},{"id":"7817","type":"Feature","properties":{"ROL":"S/R","NOMBRE_CAMINO":"Melipeuco-huallerupe( Via De Evacuación)","CLASIFICACION":"Sin Información","CALZADA":"-","tmda":null},"geometry":{"type":"LineString","coordinates":[[-71.69352,-38.8633],[-71.69774,-38.85565]]}},{"id":"7818","type":"Feature","properties":{"ROL":"S/R","NOMBRE_CAMINO":"By Pass Saavedra","CLASIFICACION":"Sin Información","CALZADA":"-","tmda":null},"geometry":{"type":"LineString","coordinates":[[-73.39459,-38.77331],[-73.39513,-38.77513],[-73.3891,-38.78865],[-73.38781,-38.79511],[-73.38854,-38.80064]]}},{"id":"7819","type":"Feature","properties":{"ROL":"S-81","NOMBRE_CAMINO":"Cuarta Faja","CLASIFICACION":"Sin Información","CALZADA":"-","tmda":526.0},"geometry":{"type":"LineString","coordinates":[[-72.67237,-39.09562],[-72.66666,-39.0979],[-72.66172,-39.09799],[-72.61367,-39.1089]]}},{"id":"7820","type":"Feature","properties":{"ROL":"S/R","NOMBRE_CAMINO":"Gorbea - Cerro Maulén","CLASIFICACION":"Sin Información","CALZADA":"-","tmda":501.0},"geometry":{"type":"LineString","coordinates":[[-72.69467,-39.09533],[-72.69422,-39.09792],[-72.69572,-39.1001]]}},{"id":"7821","type":"Feature","properties":{"ROL":"S/R","NOMBRE_CAMINO":"Cruce S-92 -  Cerro Maulén","CLASIFICACION":"Sin Información","CALZADA":"-","tmda":501.0},"geometry":{"type":"LineString","coordinates":[[-72.69649,-39.11799],[-72.70285,-39.1168],[-72.70906,-39.11876],[-72.71065,-39.11802]]}},{"id":"7822","type":"Feature","properties":{"ROL":"S/R","NOMBRE_CAMINO":"Ancue - Botacura","CLASIFICACION":"Sin Información","CALZADA":"-","tmda":164.0},"geometry":{"type":"LineString","coordinates":[[-72.76632,-39.05288],[-72.76587,-39.0542],[-72.76875,-39.05802],[-72.76634,-39.05873],[-72.76858,-39.06657]]}},{"id":"7823","type":"Feature","properties":{"ROL":"S/R","NOMBRE_CAMINO":"Lliu Llliu - La Medica","CLASIFICACION":"Sin Información","CALZADA":"-","tmda":null},"geometry":{"type":"LineString","coordinates":[[-72.35665,-39.28186],[-72.34853,-39.2835],[-72.34614,-39.27912],[-72.33833,-39.27199]]}},{"id":"7824","type":"Feature","properties":{"ROL":"S/R","NOMBRE_CAMINO":"Lliu Llliu - La Medica","CLASIFICACION":"Sin Información","CALZADA":"-","tmda":null},"geometry":{"type":"LineString","coordinates":[[-72.37008,-39.26665],[-72.37381,-39.27713],[-72.37206,-39.27767]]}},{"id":"7825","type":"Feature","properties":{"ROL":"S/R","NOMBRE_CAMINO":"Catrico - Las Vertientes","CLASIFICACION":"Sin Información","CALZADA":"-","tmda":null},"geometry":{"type":"LineString","coordinates":[[-72.29759,-39.12745],[-72.29679,-39.12605]]}},{"id":"7826","type":"Feature","properties":{"ROL":"S/R","NOMBRE_CAMINO":"Quintrilpe Alto - Cruce S-229","CLASIFICACION":"Sin Información","CALZADA":"-","tmda":null},"geometry":{"type":"LineString","coordinates":[[-72.3775,-38.62511],[-72.37807,-38.62152],[-72.38183,-38.61724],[-72.38207,-38.61531]]}},{"id":"7827","type":"Feature","properties":{"ROL":"S-227","NOMBRE_CAMINO":"Pillánlelbun - La Esmeralda - San Pablo","CLASIFICACION":"Sin Información","CALZADA":"-","tmda":null},"geometry":{"type":"LineString","coordinates":[[-72.38772,-38.65481],[-72.36097,-38.64576],[-72.35334,-38.64437],[-72.30042,-38.6481],[-72.24694,-38.63895]]}},{"id":"7828","type":"Feature","properties":{"ROL":"S-46","NOMBRE_CAMINO":"Carahue - Puerto Dominguez - Rucacura","CLASIFICACION":"Sin Información","CALZADA":"-","tmda":798.0},"geometry":{"type":"LineString","coordinates":[[-73.22898,-38.83135],[-73.23126,-38.83336],[-73.23157,-38.84413],[-73.23347,-38.8451],[-73.24008,-38.8432],[-73.24485,-38.84511],[-73.24389,-38.85303],[-73.24569,-38.85935],[-73.24792,-38.86129],[-73.25272,-38.86235],[-73.25613,-38.86614]]}},{"id":"7829","type":"Feature","properties":{"ROL":"S-240","NOMBRE_CAMINO":"Chol Chol - Santa Laura","CLASIFICACION":"Sin Información","CALZADA":"-","tmda":null},"geometry":{"type":"LineString","coordinates":[[-72.81705,-38.58089],[-72.82609,-38.5899],[-72.83425,-38.59607],[-72.83725,-38.59677]]}},{"id":"7830","type":"Feature","properties":{"ROL":"S-240","NOMBRE_CAMINO":"Chol Chol - Santa Laura","CLASIFICACION":"Sin Información","CALZADA":"-","tmda":null},"geometry":{"type":"LineString","coordinates":[[-72.80454,-38.52464],[-72.80553,-38.5278],[-72.80438,-38.53004],[-72.79657,-38.53769],[-72.79599,-38.54073],[-72.79225,-38.54291],[-72.79085,-38.54609],[-72.7909,-38.54864],[-72.79349,-38.55256]]}},{"id":"7831","type":"Feature","properties":{"ROL":"S-126","NOMBRE_CAMINO":"Puyángui - Trovolhue - Cruce S-144","CLASIFICACION":"Sin Información","CALZADA":"-","tmda":174.0},"geometry":{"type":"LineString","coordinates":[[-73.31761,-38.62957],[-73.31373,-38.63075]]}},{"id":"7832","type":"Feature","properties":{"ROL":"S/R","NOMBRE_CAMINO":"Collimallín - Delly","CLASIFICACION":"Sin Información","CALZADA":"-","tmda":null},"geometry":{"type":"LineString","coordinates":[[-72.67748,-38.61243],[-72.6701,-38.61406],[-72.66544,-38.61274]]}},{"id":"7833","type":"Feature","properties":{"ROL":"S/R","NOMBRE_CAMINO":"La Esmeralda - San Carlos","CLASIFICACION":"Sin Información","CALZADA":"-","tmda":null},"geometry":{"type":"LineString","coordinates":[[-72.31122,-38.64743],[-72.31067,-38.6495]]}},{"id":"7834","type":"Feature","properties":{"ROL":"S/R","NOMBRE_CAMINO":"Butaco - Quiripío Bajo","CLASIFICACION":"Sin Información","CALZADA":"-","tmda":null},"geometry":{"type":"LineString","coordinates":[[-73.26328,-38.6688],[-73.26364,-38.67089],[-73.26269,-38.67138],[-73.26416,-38.67394],[-73.26313,-38.67817],[-73.26539,-38.68132]]}},{"id":"7835","type":"Feature","properties":{"ROL":"S/R","NOMBRE_CAMINO":"Butaco - Quiripío Bajo","CLASIFICACION":"Sin Información","CALZADA":"-","tmda":null},"geometry":{"type":"LineString","coordinates":[[-73.27726,-38.65889],[-73.27237,-38.65812],[-73.27145,-38.65592],[-73.26329,-38.65516]]}},{"id":"7836","type":"Feature","properties":{"ROL":"S-476","NOMBRE_CAMINO":"Almagro - Mañio","CLASIFICACION":"Sin Información","CALZADA":"-","tmda":2013.0},"geometry":{"type":"LineString","coordinates":[[-73.05355,-38.75205],[-73.061,-38.75171],[-73.06613,-38.75333],[-73.07378,-38.75275],[-73.08031,-38.75485],[-73.08471,-38.75302],[-73.08519,-38.75099],[-73.08938,-38.74969],[-73.09215,-38.74216],[-73.09574,-38.74025]]}},{"id":"7837","type":"Feature","properties":{"ROL":"S-273","NOMBRE_CAMINO":"Cruce Ruta S-269 (truf-truf) - General Lopez","CLASIFICACION":"Sin Información","CALZADA":"-","tmda":null},"geometry":{"type":"LineString","coordinates":[[-72.40851,-38.73602],[-72.42718,-38.73002],[-72.43599,-38.72547],[-72.4451,-38.72456],[-72.44887,-38.72107]]}},{"id":"7838","type":"Feature","properties":{"ROL":"S-500","NOMBRE_CAMINO":"Maquehue - Laurel Guacho - Cruce Ruta S-494","CLASIFICACION":"Sin Información","CALZADA":"-","tmda":3649.0},"geometry":{"type":"LineString","coordinates":[[-72.63541,-38.77102],[-72.63565,-38.7723],[-72.64024,-38.77426],[-72.64571,-38.77414],[-72.65193,-38.77682]]}},{"id":"7839","type":"Feature","properties":{"ROL":"S/R","NOMBRE_CAMINO":"Maitinco - El Calvario","CLASIFICACION":"Sin Información","CALZADA":"-","tmda":null},"geometry":{"type":"LineString","coordinates":[[-73.20708,-38.91086],[-73.20081,-38.91686],[-73.20087,-38.91967]]}},{"id":"7840","type":"Feature","properties":{"ROL":"S/R","NOMBRE_CAMINO":"Bellavista - Alto Molco","CLASIFICACION":"Sin Información","CALZADA":"-","tmda":164.0},"geometry":{"type":"LineString","coordinates":[[-73.1613,-38.94324],[-73.1591,-38.93706],[-73.15095,-38.93109],[-73.14747,-38.92519],[-73.14333,-38.92378]]}},{"id":"7841","type":"Feature","properties":{"ROL":"S/R","NOMBRE_CAMINO":"Toltén - Boroa Norte","CLASIFICACION":"Sin Información","CALZADA":"-","tmda":620.0},"geometry":{"type":"LineString","coordinates":[[-73.15905,-39.17985],[-73.15551,-39.17951]]}},{"id":"7842","type":"Feature","properties":{"ROL":"S/R","NOMBRE_CAMINO":"Puente Peule -  Estación Toltén","CLASIFICACION":"Sin Información","CALZADA":"-","tmda":620.0},"geometry":{"type":"LineString","coordinates":[[-73.17618,-39.17455],[-73.18549,-39.18259]]}},{"id":"7843","type":"Feature","properties":{"ROL":"S/R","NOMBRE_CAMINO":"Cruce S-46 - Puyehue","CLASIFICACION":"Sin Información","CALZADA":"-","tmda":null},"geometry":{"type":"LineString","coordinates":[[-73.25548,-39.06955],[-73.26152,-39.0697]]}},{"id":"7844","type":"Feature","properties":{"ROL":"S-114","NOMBRE_CAMINO":"Cruce Ruta S-36 (riguanca) - Trovolhue San Juan De Trovolhue - Aillinco","CLASIFICACION":"Sin Información","CALZADA":"-","tmda":1145.0},"geometry":{"type":"LineString","coordinates":[[-73.32189,-38.63774],[-73.3251,-38.63643],[-73.32404,-38.63332],[-73.31685,-38.63001]]}},{"id":"7845","type":"Feature","properties":{"ROL":"S/R","NOMBRE_CAMINO":"Chol Chol - Quelche","CLASIFICACION":"Sin Información","CALZADA":"-","tmda":null},"geometry":{"type":"LineString","coordinates":[[-72.85057,-38.62298],[-72.86519,-38.63122],[-72.87946,-38.64228]]}},{"id":"7846","type":"Feature","properties":{"ROL":"S/R","NOMBRE_CAMINO":"Chol Chol - Quelche","CLASIFICACION":"Sin Información","CALZADA":"-","tmda":null},"geometry":{"type":"LineString","coordinates":[[-72.8942,-38.65625],[-72.8921,-38.66189],[-72.89456,-38.66609],[-72.89412,-38.6732],[-72.89111,-38.68062]]}},{"id":"7847","type":"Feature","properties":{"ROL":"S/R","NOMBRE_CAMINO":"Las Minas - Fernando San José","CLASIFICACION":"Sin Información","CALZADA":"-","tmda":null},"geometry":{"type":"LineString","coordinates":[[-72.02902,-38.54632],[-72.02582,-38.54544]]}},{"id":"7848","type":"Feature","properties":{"ROL":"S-273","NOMBRE_CAMINO":"Cruce Ruta S-269 (truf-truf) - General Lopez","CLASIFICACION":"Sin Información","CALZADA":"-","tmda":null},"geometry":{"type":"LineString","coordinates":[[-72.56065,-38.74054],[-72.56065,-38.74054]]}},{"id":"7849","type":"Feature","properties":{"ROL":"S-273","NOMBRE_CAMINO":"Cruce Ruta S-269 (truf-truf) - General Lopez","CLASIFICACION":"Sin Información","CALZADA":"-","tmda":null},"geometry":{"type":"LineString","coordinates":[[-72.36692,-38.69078],[-72.36448,-38.6913],[-72.37556,-38.71892]]}},{"id":"7850","type":"Feature","properties":{"ROL":"S-15","NOMBRE_CAMINO":"Lautaro - San Patricio","CLASIFICACION":"Sin Información","CALZADA":"-","tmda":261.0},"geometry":{"type":"LineString","coordinates":[[-72.42873,-38.54142],[-72.42952,-38.54405],[-72.42786,-38.54915],[-72.42967,-38.55203],[-72.43024,-38.55702]]}},{"id":"7851","type":"Feature","properties":{"ROL":"R-570","NOMBRE_CAMINO":"Pailahueque - Victoria Por La Estrella","CLASIFICACION":"Sin Información","CALZADA":"-","tmda":null},"geometry":{"type":"LineString","coordinates":[[-72.35171,-38.19045],[-72.35176,-38.19369],[-72.33957,-38.19426],[-72.33974,-38.20271],[-72.33844,-38.20939]]}},{"id":"7852","type":"Feature","properties":{"ROL":"R-820","NOMBRE_CAMINO":"Púa - Quino - Traiguén","CLASIFICACION":"Sin Información","CALZADA":"-","tmda":514.0},"geometry":{"type":"LineString","coordinates":[[-72.59517,-38.28182],[-72.60395,-38.2792],[-72.62683,-38.26677],[-72.63674,-38.26438],[-72.64327,-38.26537]]}},{"id":"7853","type":"Feature","properties":{"ROL":"S/R","NOMBRE_CAMINO":"Traiguén - Chufquén Por Chanco","CLASIFICACION":"Sin Información","CALZADA":"-","tmda":null},"geometry":{"type":"LineString","coordinates":[[-72.64017,-38.33064],[-72.641,-38.34134],[-72.65234,-38.3428],[-72.66152,-38.35145]]}},{"id":"7854","type":"Feature","properties":{"ROL":"S/R","NOMBRE_CAMINO":"Lumahue - Vega Allipén","CLASIFICACION":"Sin Información","CALZADA":"-","tmda":null},"geometry":{"type":"LineString","coordinates":[[-73.25152,-38.94464],[-73.25231,-38.93915],[-73.25655,-38.93709]]}},{"id":"7855","type":"Feature","properties":{"ROL":"S/R","NOMBRE_CAMINO":"Lumahue - Vega Allipén","CLASIFICACION":"Sin Información","CALZADA":"-","tmda":null},"geometry":{"type":"LineString","coordinates":[[-73.25906,-38.95847],[-73.25858,-38.95952],[-73.2514,-38.9595],[-73.24989,-38.95804],[-73.24313,-38.95691]]}},{"id":"7856","type":"Feature","properties":{"ROL":"S/R","NOMBRE_CAMINO":"Cruce R-86 - Puente Moncoles - Mininco","CLASIFICACION":"Sin Información","CALZADA":"-","tmda":null},"geometry":{"type":"LineString","coordinates":[[-72.79243,-37.93156],[-72.7961,-37.93653],[-72.80368,-37.93842],[-72.81183,-37.9462],[-72.81208,-37.94802]]}},{"id":"7857","type":"Feature","properties":{"ROL":"S/R","NOMBRE_CAMINO":"Acceso Puente Moncoles","CLASIFICACION":"Sin Información","CALZADA":"-","tmda":null},"geometry":{"type":"LineString","coordinates":[[-72.78444,-37.92858],[-72.78564,-37.92877]]}},{"id":"7858","type":"Feature","properties":{"ROL":"S-288","NOMBRE_CAMINO":"Cruce Ruta S-270 - Yunque","CLASIFICACION":"Sin Información","CALZADA":"-","tmda":null},"geometry":{"type":"LineString","coordinates":[[-72.57392,-38.59355],[-72.58052,-38.59955],[-72.58613,-38.60086],[-72.59813,-38.60051],[-72.60614,-38.60283],[-72.61143,-38.60126],[-72.61458,-38.60337],[-72.63633,-38.60715],[-72.64124,-38.60446],[-72.64849,-38.6038]]}},{"id":"7859","type":"Feature","properties":{"ROL":"S-191","NOMBRE_CAMINO":"Los Aromos - Los Copihues","CLASIFICACION":"Sin Información","CALZADA":"-","tmda":null},"geometry":{"type":"LineString","coordinates":[[-72.16476,-38.5274],[-72.1591,-38.52874]]}},{"id":"7860","type":"Feature","properties":{"ROL":"S-92","NOMBRE_CAMINO":"Gorbea - Cuesta Lastarria - Loncoche","CLASIFICACION":"Sin Información","CALZADA":"-","tmda":853.0},"geometry":{"type":"LineString","coordinates":[[-72.63941,-39.34728],[-72.63638,-39.34916],[-72.63931,-39.3587]]}},{"id":"7861","type":"Feature","properties":{"ROL":"S-225","NOMBRE_CAMINO":"Cruce Ruta S-15 - Río Muco - Quintrilte","CLASIFICACION":"Sin Información","CALZADA":"-","tmda":null},"geometry":{"type":"LineString","coordinates":[[-72.43027,-38.55704],[-72.42857,-38.56746],[-72.41244,-38.57418]]}},{"id":"7862","type":"Feature","properties":{"ROL":"S/R","NOMBRE_CAMINO":"Cruce Ruta 181 Ch - Los Raulies","CLASIFICACION":"Sin Información","CALZADA":"-","tmda":null},"geometry":{"type":"LineString","coordinates":[[-71.88741,-38.34331],[-71.88558,-38.3421],[-71.88742,-38.34071],[-71.88736,-38.33427],[-71.87272,-38.32649],[-71.86987,-38.32339]]}},{"id":"7863","type":"Feature","properties":{"ROL":"S/R","NOMBRE_CAMINO":"Posta Rucatraro - Quichaltue","CLASIFICACION":"Sin Información","CALZADA":"-","tmda":null},"geometry":{"type":"LineString","coordinates":[[-72.97697,-38.39529],[-72.98038,-38.40484],[-72.98042,-38.40889],[-72.97701,-38.41415],[-72.9778,-38.41528],[-72.97682,-38.4183],[-72.97996,-38.42315],[-72.97606,-38.42481],[-72.97501,-38.42834],[-72.97192,-38.43108],[-72.96895,-38.43751],[-72.96661,-38.43861],[-72.96465,-38.44303],[-72.96008,-38.44399],[-72.95796,-38.44706]]}},{"id":"7864","type":"Feature","properties":{"ROL":"S/R","NOMBRE_CAMINO":"Galvarino - Paillahue","CLASIFICACION":"Sin Información","CALZADA":"-","tmda":null},"geometry":{"type":"LineString","coordinates":[[-72.70172,-38.41335],[-72.70076,-38.41335]]}},{"id":"7865","type":"Feature","properties":{"ROL":"S/R","NOMBRE_CAMINO":"Nilpe - Llufquentué","CLASIFICACION":"Sin Información","CALZADA":"-","tmda":null},"geometry":{"type":"LineString","coordinates":[[-72.75998,-38.48995],[-72.7573,-38.49391]]}},{"id":"7866","type":"Feature","properties":{"ROL":"R-300","NOMBRE_CAMINO":"Huequén - El Pino Por San Luis","CLASIFICACION":"Sin Información","CALZADA":"-","tmda":null},"geometry":{"type":"LineString","coordinates":[[-72.66485,-37.85247],[-72.64545,-37.89389]]}},{"id":"7867","type":"Feature","properties":{"ROL":"R-820","NOMBRE_CAMINO":"Púa - Quino - Traiguén","CLASIFICACION":"Sin Información","CALZADA":"-","tmda":514.0},"geometry":{"type":"LineString","coordinates":[[-72.38012,-38.33495],[-72.38231,-38.33325],[-72.39045,-38.33337],[-72.3998,-38.32719],[-72.40974,-38.32624],[-72.41676,-38.32749],[-72.43107,-38.33262],[-72.45866,-38.34674],[-72.46894,-38.34363],[-72.47083,-38.33914],[-72.48784,-38.34007],[-72.49342,-38.3438]]}},{"id":"7868","type":"Feature","properties":{"ROL":"S-46","NOMBRE_CAMINO":"Carahue - Puerto Dominguez - Rucacura","CLASIFICACION":"Sin Información","CALZADA":"-","tmda":798.0},"geometry":{"type":"LineString","coordinates":[[-73.25195,-38.87776],[-73.24999,-38.87977],[-73.25087,-38.88991]]}},{"id":"7869","type":"Feature","properties":{"ROL":"S-604","NOMBRE_CAMINO":"Freire - Semillero Por San Juan","CLASIFICACION":"Sin Información","CALZADA":"-","tmda":469.0},"geometry":{"type":"LineString","coordinates":[[-72.71488,-38.94452],[-72.71094,-38.94621],[-72.71614,-38.95897],[-72.70359,-38.96164],[-72.69444,-38.96173],[-72.68686,-38.95966],[-72.68007,-38.96122]]}},{"id":"7870","type":"Feature","properties":{"ROL":"S-46","NOMBRE_CAMINO":"Carahue - Puerto Dominguez - Rucacura","CLASIFICACION":"Sin Información","CALZADA":"-","tmda":798.0},"geometry":{"type":"LineString","coordinates":[[-73.25087,-38.88991],[-73.25371,-38.89185],[-73.25479,-38.89461]]}},{"id":"7871","type":"Feature","properties":{"ROL":"S-210","NOMBRE_CAMINO":"Hualacura - Chacabuco - Las Araucarias","CLASIFICACION":"Sin Información","CALZADA":"-","tmda":831.0},"geometry":{"type":"LineString","coordinates":[[-72.97802,-38.74015],[-72.97928,-38.73525],[-72.9792,-38.72639],[-72.9858,-38.7171],[-72.98687,-38.70872],[-72.98228,-38.70196],[-72.97245,-38.69779]]}},{"id":"7872","type":"Feature","properties":{"ROL":"R-42","NOMBRE_CAMINO":"Purén - Lumaco","CLASIFICACION":"Sin Información","CALZADA":"-","tmda":1044.0},"geometry":{"type":"LineString","coordinates":[[-73.07106,-38.03739],[-73.06779,-38.04154],[-73.05458,-38.04723],[-73.04775,-38.04885],[-73.03836,-38.05497],[-73.03498,-38.05544],[-73.02845,-38.06034],[-73.0075,-38.06637]]}},{"id":"7873","type":"Feature","properties":{"ROL":"S-46","NOMBRE_CAMINO":"Carahue - Puerto Dominguez - Rucacura","CLASIFICACION":"Sin Información","CALZADA":"-","tmda":798.0},"geometry":{"type":"LineString","coordinates":[[-73.25613,-38.86614],[-73.25658,-38.86949],[-73.25195,-38.87776]]}},{"id":"7874","type":"Feature","properties":{"ROL":"S-52","NOMBRE_CAMINO":"Nueva Imperial - Barros Arana","CLASIFICACION":"Sin Información","CALZADA":"-","tmda":4562.0},"geometry":{"type":"LineString","coordinates":[[-72.94756,-38.78302],[-72.9468,-38.78418]]}},{"id":"7875","type":"Feature","properties":{"ROL":"S-464","NOMBRE_CAMINO":"Cruce Longitudinal (quepe) - Boroa - Almagro","CLASIFICACION":"Sin Información","CALZADA":"-","tmda":2614.0},"geometry":{"type":"LineString","coordinates":[[-72.94283,-38.78345],[-72.94049,-38.78802],[-72.93714,-38.79105],[-72.93627,-38.79957],[-72.93454,-38.80159],[-72.92077,-38.80242],[-72.91516,-38.80457]]}},{"id":"7876","type":"Feature","properties":{"ROL":"S-39","NOMBRE_CAMINO":"Vilcún - Alambrado - Cruce Ruta S-377","CLASIFICACION":"Sin Información","CALZADA":"-","tmda":1243.0},"geometry":{"type":"LineString","coordinates":[[-72.26354,-38.78365],[-72.27645,-38.81792],[-72.27589,-38.82014],[-72.27727,-38.82104],[-72.27405,-38.82387],[-72.27681,-38.82757],[-72.27144,-38.83049],[-72.27318,-38.8307],[-72.27448,-38.83537]]}},{"id":"7877","type":"Feature","properties":{"ROL":"S-863","NOMBRE_CAMINO":"Molco - Huincacara - El Pirao","CLASIFICACION":"Sin Información","CALZADA":"-","tmda":880.0},"geometry":{"type":"LineString","coordinates":[[-72.10144,-39.29859],[-72.10267,-39.30195],[-72.1012,-39.3083],[-72.10057,-39.326],[-72.09578,-39.33181]]}},{"id":"7878","type":"Feature","properties":{"ROL":"S/R","NOMBRE_CAMINO":"Padre Las Casas - Pulmahue","CLASIFICACION":"Sin Información","CALZADA":"-","tmda":899.0},"geometry":{"type":"LineString","coordinates":[[-72.59722,-38.77011],[-72.60012,-38.78261]]}},{"id":"7879","type":"Feature","properties":{"ROL":"Ruta 199 CH","NOMBRE_CAMINO":"Camino Internacional Monseñor Francisco Valdés Subercaseaux","CLASIFICACION":"Sin Información","CALZADA":"-","tmda":896.0},"geometry":{"type":"LineString","coordinates":[[-71.55658,-39.53263],[-71.55609,-39.53756],[-71.55893,-39.53814],[-71.56066,-39.5403],[-71.56331,-39.54032],[-71.56054,-39.54149],[-71.56204,-39.54256],[-71.56117,-39.54336],[-71.56604,-39.54606],[-71.56434,-39.54652],[-71.566,-39.5501],[-71.56433,-39.55212],[-71.56332,-39.55798],[-71.56436,-39.56436],[-71.56327,-39.57085]]}},{"id":"7880","type":"Feature","properties":{"ROL":"S/R","NOMBRE_CAMINO":"Cuesta Antigua De Malleco","CLASIFICACION":"Sin Información","CALZADA":"-","tmda":null},"geometry":{"type":"LineString","coordinates":[[-72.43697,-37.96013],[-72.43622,-37.96143],[-72.43772,-37.96157],[-72.43515,-37.96373],[-72.4356,-37.96464]]}},{"id":"7881","type":"Feature","properties":{"ROL":"S-785-T","NOMBRE_CAMINO":"Loncoche - Calafquén Por Pancoé Sector: Loncoche - Límite Regional","CLASIFICACION":"Sin Información","CALZADA":"-","tmda":699.0},"geometry":{"type":"LineString","coordinates":[[-72.62073,-39.36999],[-72.61271,-39.37386],[-72.60211,-39.37226],[-72.58374,-39.37626],[-72.57903,-39.37433],[-72.56285,-39.37201],[-72.55859,-39.37502],[-72.55247,-39.37663],[-72.54256,-39.37653],[-72.52907,-39.37858]]}},{"id":"7882","type":"Feature","properties":{"ROL":"R-49","NOMBRE_CAMINO":"Cruce Longitudinal (collipulli) - Termas De Pemehue","CLASIFICACION":"Sin Información","CALZADA":"-","tmda":222.0},"geometry":{"type":"LineString","coordinates":[[-72.00704,-38.10472],[-72.00191,-38.10702],[-71.99688,-38.10748],[-71.98971,-38.11157],[-71.98017,-38.1125],[-71.97408,-38.11097]]}},{"id":"7883","type":"Feature","properties":{"ROL":"R-49","NOMBRE_CAMINO":"Cruce Longitudinal (collipulli) - Termas De Pemehue","CLASIFICACION":"Sin Información","CALZADA":"-","tmda":222.0},"geometry":{"type":"LineString","coordinates":[[-72.0379,-38.10211],[-72.03157,-38.10204],[-72.02714,-38.10061],[-72.00704,-38.10472]]}},{"id":"7884","type":"Feature","properties":{"ROL":"S-215","NOMBRE_CAMINO":"Temuco - Pillánlelbun - Lautaro","CLASIFICACION":"Sin Información","CALZADA":"-","tmda":null},"geometry":{"type":"LineString","coordinates":[[-72.45221,-38.63409],[-72.44242,-38.61861],[-72.44316,-38.6127]]}},{"id":"7885","type":"Feature","properties":{"ROL":"S-215","NOMBRE_CAMINO":"Temuco - Pillánlelbun - Lautaro","CLASIFICACION":"Sin Información","CALZADA":"-","tmda":null},"geometry":{"type":"LineString","coordinates":[[-72.44095,-38.56157],[-72.4383,-38.55525]]}},{"id":"7886","type":"Feature","properties":{"ROL":"S/R","NOMBRE_CAMINO":"San Ramón - San José","CLASIFICACION":"Sin Información","CALZADA":"-","tmda":899.0},"geometry":{"type":"LineString","coordinates":[[-72.38877,-38.86389],[-72.39359,-38.87587]]}},{"id":"7887","type":"Feature","properties":{"ROL":"S-273","NOMBRE_CAMINO":"Cruce Ruta S-269 (truf-truf) - General Lopez","CLASIFICACION":"Sin Información","CALZADA":"-","tmda":null},"geometry":{"type":"LineString","coordinates":[[-72.38784,-38.73447],[-72.39968,-38.7431],[-72.40587,-38.73702],[-72.40851,-38.73602]]}},{"id":"7888","type":"Feature","properties":{"ROL":"S-668","NOMBRE_CAMINO":"Los Galpones - Quinque - Comuy","CLASIFICACION":"Sin Información","CALZADA":"-","tmda":null},"geometry":{"type":"LineString","coordinates":[[-72.97249,-39.02874],[-72.97144,-39.02339]]}},{"id":"7889","type":"Feature","properties":{"ROL":"S-70","NOMBRE_CAMINO":"Pitrufquen - Peule","CLASIFICACION":"Sin Información","CALZADA":"-","tmda":784.0},"geometry":{"type":"LineString","coordinates":[[-72.97923,-39.02412],[-72.98247,-39.02563]]}},{"id":"7890","type":"Feature","properties":{"ROL":"S-70","NOMBRE_CAMINO":"Pitrufquen - Peule","CLASIFICACION":"Sin Información","CALZADA":"-","tmda":1068.0},"geometry":{"type":"LineString","coordinates":[[-73.16007,-39.14904],[-73.16065,-39.15008]]}},{"id":"7891","type":"Feature","properties":{"ROL":"S-273","NOMBRE_CAMINO":"Cruce Ruta S-269 (truf-truf) - General Lopez","CLASIFICACION":"Sin Información","CALZADA":"-","tmda":null},"geometry":{"type":"LineString","coordinates":[[-72.37556,-38.71892],[-72.3793,-38.72881],[-72.38784,-38.73447]]}},{"id":"7892","type":"Feature","properties":{"ROL":"S-367","NOMBRE_CAMINO":"El Sauce - Mira Cautín - Truf Truf","CLASIFICACION":"Sin Información","CALZADA":"-","tmda":null},"geometry":{"type":"LineString","coordinates":[[-72.58524,-38.77269],[-72.58055,-38.77154],[-72.57287,-38.77202]]}},{"id":"7893","type":"Feature","properties":{"ROL":"R-35","NOMBRE_CAMINO":"Cruce Longitudinal (collipulli) - Reserva Forestal","CLASIFICACION":"Sin Información","CALZADA":"-","tmda":279.0},"geometry":{"type":"LineString","coordinates":[[-72.32687,-37.96819],[-72.29649,-37.9758],[-72.29519,-37.97715],[-72.28329,-37.9789],[-72.281,-37.97658],[-72.27939,-37.97863],[-72.27645,-37.9773],[-72.26187,-37.98427],[-72.2078,-37.9978]]}},{"id":"7894","type":"Feature","properties":{"ROL":"S/R","NOMBRE_CAMINO":"Pichilingue - Queule - Mehuin, Sector: Pichilingue - Limite Regional","CLASIFICACION":"Sin Información","CALZADA":"-","tmda":620.0},"geometry":{"type":"LineString","coordinates":[[-73.18207,-39.39086],[-73.19366,-39.39468],[-73.19435,-39.39591],[-73.19809,-39.39493],[-73.20716,-39.39755]]}},{"id":"7895","type":"Feature","properties":{"ROL":"S/R","NOMBRE_CAMINO":"Curarrehue - Termas De Panqui","CLASIFICACION":"Sin Información","CALZADA":"-","tmda":null},"geometry":{"type":"LineString","coordinates":[[-71.59878,-39.35179],[-71.59573,-39.34648]]}},{"id":"7896","type":"Feature","properties":{"ROL":"S-863","NOMBRE_CAMINO":"Molco - Huincacara - El Pirao","CLASIFICACION":"Sin Información","CALZADA":"-","tmda":880.0},"geometry":{"type":"LineString","coordinates":[[-72.09578,-39.33181],[-72.08615,-39.33326]]}},{"id":"7897","type":"Feature","properties":{"ROL":"S-422","NOMBRE_CAMINO":"Puerto Saavedra - El Temo","CLASIFICACION":"Sin Información","CALZADA":"-","tmda":null},"geometry":{"type":"LineString","coordinates":[[-73.27451,-38.79137],[-73.27146,-38.78897],[-73.25342,-38.78878],[-73.25145,-38.78606],[-73.24332,-38.78907]]}},{"id":"7898","type":"Feature","properties":{"ROL":"R-42","NOMBRE_CAMINO":"Purén - Lumaco","CLASIFICACION":"Sin Información","CALZADA":"-","tmda":1044.0},"geometry":{"type":"LineString","coordinates":[[-72.94904,-38.11563],[-72.9486,-38.11755],[-72.94568,-38.11781],[-72.9446,-38.12197],[-72.94184,-38.12213],[-72.9398,-38.11918],[-72.93496,-38.12169],[-72.92366,-38.13766],[-72.91904,-38.14031],[-72.9136,-38.14127],[-72.9117,-38.14492],[-72.91195,-38.14814],[-72.90736,-38.15348],[-72.90907,-38.16067],[-72.90535,-38.16177],[-72.90602,-38.16343]]}},{"id":"7899","type":"Feature","properties":{"ROL":"S-258","NOMBRE_CAMINO":"Cruce Ruta S-20 - Pailal","CLASIFICACION":"Sin Información","CALZADA":"-","tmda":null},"geometry":{"type":"LineString","coordinates":[[-72.65417,-38.69804],[-72.65803,-38.68827]]}},{"id":"7900","type":"Feature","properties":{"ROL":"S/R","NOMBRE_CAMINO":"Reducción Estefanía - Pinoleo","CLASIFICACION":"Sin Información","CALZADA":"-","tmda":null},"geometry":{"type":"LineString","coordinates":[[-72.26718,-38.08386],[-72.24752,-38.08794],[-72.24586,-38.0907],[-72.22206,-38.09611],[-72.22064,-38.1019],[-72.22191,-38.1055],[-72.21812,-38.10641],[-72.21563,-38.1109],[-72.21307,-38.1113],[-72.21286,-38.11576]]}},{"id":"7901","type":"Feature","properties":{"ROL":"R-571","NOMBRE_CAMINO":"Pailahueque - Fundo Callin","CLASIFICACION":"Sin Información","CALZADA":"-","tmda":null},"geometry":{"type":"LineString","coordinates":[[-72.31843,-38.12739],[-72.31726,-38.12579],[-72.31344,-38.12519]]}},{"id":"7902","type":"Feature","properties":{"ROL":"S/R","NOMBRE_CAMINO":"Cruce R-71 - Pailahueque","CLASIFICACION":"Sin Información","CALZADA":"-","tmda":null},"geometry":{"type":"LineString","coordinates":[[-72.31657,-38.13368],[-72.31796,-38.13152]]}},{"id":"7903","type":"Feature","properties":{"ROL":"R-130","NOMBRE_CAMINO":"Renaico - Tolpán","CLASIFICACION":"Sin Información","CALZADA":"-","tmda":467.0},"geometry":{"type":"LineString","coordinates":[[-72.59541,-37.68395],[-72.60609,-37.68098]]}},{"id":"7904","type":"Feature","properties":{"ROL":"S/R","NOMBRE_CAMINO":"Santa Filomena - Huilipillín","CLASIFICACION":"Sin Información","CALZADA":"-","tmda":null},"geometry":{"type":"LineString","coordinates":[[-72.15052,-39.17456],[-72.14814,-39.17146],[-72.14594,-39.17106]]}},{"id":"7905","type":"Feature","properties":{"ROL":"S-553","NOMBRE_CAMINO":"Catrico - Pedregoso - Las Ochocientas","CLASIFICACION":"Sin Información","CALZADA":"-","tmda":114.0},"geometry":{"type":"LineString","coordinates":[[-72.33421,-39.15072],[-72.32858,-39.16003],[-72.32522,-39.16167],[-72.29551,-39.16796],[-72.27926,-39.16858],[-72.27111,-39.16637],[-72.26344,-39.16721],[-72.25503,-39.1657],[-72.24347,-39.16807],[-72.23583,-39.16738],[-72.22957,-39.1701],[-72.22186,-39.16881],[-72.19747,-39.17427]]}},{"id":"7906","type":"Feature","properties":{"ROL":"R-850","NOMBRE_CAMINO":"Cruce Ruta R-76-s - Chufquén - Quino","CLASIFICACION":"Sin Información","CALZADA":"-","tmda":679.0},"geometry":{"type":"LineString","coordinates":[[-72.49327,-38.34761],[-72.49336,-38.34386]]}},{"id":"7907","type":"Feature","properties":{"ROL":"R-820","NOMBRE_CAMINO":"Púa - Quino - Traiguén","CLASIFICACION":"Sin Información","CALZADA":"-","tmda":514.0},"geometry":{"type":"LineString","coordinates":[[-72.49342,-38.3438],[-72.49681,-38.34291]]}},{"id":"7908","type":"Feature","properties":{"ROL":"R-820","NOMBRE_CAMINO":"Púa - Quino - Traiguén","CLASIFICACION":"Sin Información","CALZADA":"-","tmda":514.0},"geometry":{"type":"LineString","coordinates":[[-72.49681,-38.34291],[-72.49809,-38.34174]]}},{"id":"7909","type":"Feature","properties":{"ROL":"S-348","NOMBRE_CAMINO":"Pumalal - Los Laureles","CLASIFICACION":"Sin Información","CALZADA":"-","tmda":null},"geometry":{"type":"LineString","coordinates":[[-72.49647,-38.66765],[-72.48595,-38.6409],[-72.48374,-38.64129],[-72.481,-38.6368]]}},{"id":"7910","type":"Feature","properties":{"ROL":"S-348","NOMBRE_CAMINO":"Pumalal - Los Laureles","CLASIFICACION":"Sin Información","CALZADA":"-","tmda":null},"geometry":{"type":"LineString","coordinates":[[-72.47987,-38.63493],[-72.49063,-38.63099],[-72.49515,-38.62621],[-72.49715,-38.61778]]}},{"id":"7911","type":"Feature","properties":{"ROL":"S/R","NOMBRE_CAMINO":"Boyeco Quinahue","CLASIFICACION":"Sin Información","CALZADA":"-","tmda":null},"geometry":{"type":"LineString","coordinates":[[-72.7576,-38.59283],[-72.7561,-38.59033]]}},{"id":"7912","type":"Feature","properties":{"ROL":"S/R","NOMBRE_CAMINO":"Traiguen Pichipeyahuen Por Huñilhue","CLASIFICACION":"Sin Información","CALZADA":"-","tmda":null},"geometry":{"type":"LineString","coordinates":[[-72.9426,-38.31732],[-72.94302,-38.31998],[-72.94533,-38.32125],[-72.95365,-38.32039],[-72.95947,-38.31509],[-72.9647,-38.31595],[-72.97045,-38.3137],[-72.98352,-38.31456],[-72.98614,-38.31499],[-72.98959,-38.32004],[-72.99602,-38.32013],[-72.99733,-38.32228]]}},{"id":"7913","type":"Feature","properties":{"ROL":"S-488","NOMBRE_CAMINO":"Almagro - Barros Arana","CLASIFICACION":"Sin Información","CALZADA":"-","tmda":1863.0},"geometry":{"type":"LineString","coordinates":[[-72.91754,-38.98502],[-72.91883,-38.98858]]}},{"id":"7914","type":"Feature","properties":{"ROL":"S-734","NOMBRE_CAMINO":"Cruce Ruta S-70 - Villa Boldos - Colonia Caupolicán","CLASIFICACION":"Sin Información","CALZADA":"-","tmda":426.0},"geometry":{"type":"LineString","coordinates":[[-73.15683,-39.14496],[-73.14808,-39.14738],[-73.13963,-39.14712],[-73.13317,-39.14876]]}},{"id":"7915","type":"Feature","properties":{"ROL":"S-734","NOMBRE_CAMINO":"Cruce Ruta S-70 - Villa Boldos - Colonia Caupolicán","CLASIFICACION":"Sin Información","CALZADA":"-","tmda":426.0},"geometry":{"type":"LineString","coordinates":[[-73.1162,-39.15537],[-73.11045,-39.1586],[-73.09946,-39.15731]]}},{"id":"7916","type":"Feature","properties":{"ROL":"S-46","NOMBRE_CAMINO":"Carahue - Puerto Dominguez - Rucacura","CLASIFICACION":"Sin Información","CALZADA":"-","tmda":2261.0},"geometry":{"type":"LineString","coordinates":[[-73.19758,-39.08316],[-73.18339,-39.08635]]}},{"id":"7917","type":"Feature","properties":{"ROL":"S/R","NOMBRE_CAMINO":"Mininco - Manzanar Por Puente Amarillo","CLASIFICACION":"Sin Información","CALZADA":"-","tmda":null},"geometry":{"type":"LineString","coordinates":[[-72.47727,-37.78989],[-72.47633,-37.7938],[-72.48477,-37.79566]]}},{"id":"7918","type":"Feature","properties":{"ROL":"S/R","NOMBRE_CAMINO":"Selva Oscura - Villa Cautín","CLASIFICACION":"Sin Información","CALZADA":"-","tmda":null},"geometry":{"type":"LineString","coordinates":[[-72.08313,-38.41424],[-72.06981,-38.41593]]}},{"id":"7919","type":"Feature","properties":{"ROL":"S/R","NOMBRE_CAMINO":"Cancha Aviació - Relún","CLASIFICACION":"Sin Información","CALZADA":"-","tmda":null},"geometry":{"type":"LineString","coordinates":[[-72.23102,-39.31377],[-72.25096,-39.32992],[-72.25809,-39.33401],[-72.26634,-39.33632]]}},{"id":"7920","type":"Feature","properties":{"ROL":"S-759","NOMBRE_CAMINO":"Ñancul - Voipir - Llau Llau","CLASIFICACION":"Sin Información","CALZADA":"-","tmda":1050.0},"geometry":{"type":"LineString","coordinates":[[-72.30834,-39.27978],[-72.30894,-39.28261],[-72.30549,-39.28381]]}},{"id":"7921","type":"Feature","properties":{"ROL":"S/R","NOMBRE_CAMINO":"Octava Faja - Huiscapi (oriente)","CLASIFICACION":"Sin Información","CALZADA":"-","tmda":null},"geometry":{"type":"LineString","coordinates":[[-72.40011,-39.29551],[-72.40432,-39.29588]]}},{"id":"7922","type":"Feature","properties":{"ROL":"S/R","NOMBRE_CAMINO":"Huiscapi - El Parque","CLASIFICACION":"Sin Información","CALZADA":"-","tmda":501.0},"geometry":{"type":"LineString","coordinates":[[-72.40432,-39.29588],[-72.40902,-39.29641]]}},{"id":"7923","type":"Feature","properties":{"ROL":"S-797","NOMBRE_CAMINO":"Paya - Huiscapi","CLASIFICACION":"Sin Información","CALZADA":"-","tmda":288.0},"geometry":{"type":"LineString","coordinates":[[-72.42891,-39.32188],[-72.4285,-39.31669],[-72.40365,-39.29791],[-72.40433,-39.29593]]}},{"id":"7924","type":"Feature","properties":{"ROL":"S-797","NOMBRE_CAMINO":"Paya - Huiscapi","CLASIFICACION":"Sin Información","CALZADA":"-","tmda":288.0},"geometry":{"type":"LineString","coordinates":[[-72.43164,-39.3291],[-72.42891,-39.32188]]}},{"id":"7925","type":"Feature","properties":{"ROL":"S-584","NOMBRE_CAMINO":"Martínez De Rozas - Los Coigues","CLASIFICACION":"Sin Información","CALZADA":"-","tmda":null},"geometry":{"type":"LineString","coordinates":[[-72.73175,-38.97412],[-72.73791,-38.97263],[-72.73941,-38.96931],[-72.747,-38.9661],[-72.78627,-38.95877]]}},{"id":"7926","type":"Feature","properties":{"ROL":"S-270","NOMBRE_CAMINO":"Cruce Longitudinal - Colonia Lautaro","CLASIFICACION":"Sin Información","CALZADA":"-","tmda":null},"geometry":{"type":"LineString","coordinates":[[-72.58393,-38.5519],[-72.58848,-38.55246]]}},{"id":"7927","type":"Feature","properties":{"ROL":"S-455","NOMBRE_CAMINO":"Pitrufquén - Loica - Cruce S-81","CLASIFICACION":"Sin Información","CALZADA":"-","tmda":1680.0},"geometry":{"type":"LineString","coordinates":[[-72.61784,-39.00181],[-72.6175,-39.0045],[-72.60482,-39.02372],[-72.61584,-39.05273]]}},{"id":"7928","type":"Feature","properties":{"ROL":"Ruta 5","NOMBRE_CAMINO":"Longitudinal Sur Sector: Río Renaico - Límite Regional","CLASIFICACION":"Sin Información","CALZADA":"U","tmda":null},"geometry":{"type":"LineString","coordinates":[[-72.67346,-39.08613],[-72.6711,-39.11336],[-72.66884,-39.11689],[-72.66375,-39.12082]]}},{"id":"7929","type":"Feature","properties":{"ROL":"S-52","NOMBRE_CAMINO":"Nueva Imperial - Barros Arana","CLASIFICACION":"Sin Información","CALZADA":"-","tmda":4562.0},"geometry":{"type":"LineString","coordinates":[[-72.9468,-38.78418],[-72.95241,-38.79569],[-72.95138,-38.81505]]}},{"id":"7930","type":"Feature","properties":{"ROL":"S-269","NOMBRE_CAMINO":"Padre Las Casas - Niágara - Cruce S-39","CLASIFICACION":"Sin Información","CALZADA":"-","tmda":3100.0},"geometry":{"type":"LineString","coordinates":[[-72.41438,-38.77548],[-72.41485,-38.77346],[-72.41316,-38.77263],[-72.40642,-38.77709],[-72.40838,-38.78273]]}},{"id":"7931","type":"Feature","properties":{"ROL":"R-300","NOMBRE_CAMINO":"Huequén - El Pino Por San Luis","CLASIFICACION":"Sin Información","CALZADA":"-","tmda":null},"geometry":{"type":"LineString","coordinates":[[-72.64455,-37.89575],[-72.64288,-37.89928],[-72.64025,-37.89907],[-72.63784,-37.90281],[-72.63424,-37.905],[-72.62511,-37.9181],[-72.62498,-37.92386],[-72.62751,-37.9248],[-72.629,-37.93173],[-72.63148,-37.9331],[-72.62743,-37.93463]]}},{"id":"7932","type":"Feature","properties":{"ROL":"R-300","NOMBRE_CAMINO":"Huequén - El Pino Por San Luis","CLASIFICACION":"Sin Información","CALZADA":"-","tmda":null},"geometry":{"type":"LineString","coordinates":[[-72.64545,-37.89389],[-72.64455,-37.89575]]}},{"id":"7933","type":"Feature","properties":{"ROL":"R-302","NOMBRE_CAMINO":"Huequen - Manzanar Por Fundo Itraque","CLASIFICACION":"Sin Información","CALZADA":"-","tmda":null},"geometry":{"type":"LineString","coordinates":[[-72.60619,-37.80727],[-72.60418,-37.80604],[-72.59823,-37.80617],[-72.59222,-37.80247],[-72.58045,-37.80565],[-72.57755,-37.79926]]}},{"id":"7934","type":"Feature","properties":{"ROL":"R-302","NOMBRE_CAMINO":"Huequen - Manzanar Por Fundo Itraque","CLASIFICACION":"Sin Información","CALZADA":"-","tmda":null},"geometry":{"type":"LineString","coordinates":[[-72.62155,-37.80873],[-72.61061,-37.81002],[-72.60619,-37.80727]]}},{"id":"7935","type":"Feature","properties":{"ROL":"R-302","NOMBRE_CAMINO":"Huequen - Manzanar Por Fundo Itraque","CLASIFICACION":"Sin Información","CALZADA":"-","tmda":null},"geometry":{"type":"LineString","coordinates":[[-72.57755,-37.79926],[-72.56895,-37.79967],[-72.55487,-37.80278]]}},{"id":"7936","type":"Feature","properties":{"ROL":"R-302","NOMBRE_CAMINO":"Huequen - Manzanar Por Fundo Itraque","CLASIFICACION":"Sin Información","CALZADA":"-","tmda":null},"geometry":{"type":"LineString","coordinates":[[-72.62229,-37.80949],[-72.62155,-37.80873]]}},{"id":"7937","type":"Feature","properties":{"ROL":"R-302","NOMBRE_CAMINO":"Huequen - Manzanar Por Fundo Itraque","CLASIFICACION":"Sin Información","CALZADA":"-","tmda":null},"geometry":{"type":"LineString","coordinates":[[-72.55487,-37.80278],[-72.55298,-37.8031],[-72.54643,-37.79963],[-72.54228,-37.79395]]}},{"id":"7938","type":"Feature","properties":{"ROL":"R-35","NOMBRE_CAMINO":"Cruce Longitudinal (collipulli) - Reserva Forestal","CLASIFICACION":"Sin Información","CALZADA":"-","tmda":279.0},"geometry":{"type":"LineString","coordinates":[[-72.33025,-37.9674],[-72.32687,-37.96819]]}},{"id":"7939","type":"Feature","properties":{"ROL":"R-444","NOMBRE_CAMINO":"Los Sauces - Lumaco Por Las Rosas","CLASIFICACION":"Sin Información","CALZADA":"-","tmda":1692.0},"geometry":{"type":"LineString","coordinates":[[-72.89198,-38.1574],[-72.89384,-38.16315]]}},{"id":"7940","type":"Feature","properties":{"ROL":"R-42","NOMBRE_CAMINO":"Purén - Lumaco","CLASIFICACION":"Sin Información","CALZADA":"-","tmda":1044.0},"geometry":{"type":"LineString","coordinates":[[-73.08965,-38.03053],[-73.08274,-38.03172],[-73.07326,-38.0361]]}},{"id":"7941","type":"Feature","properties":{"ROL":"R-42","NOMBRE_CAMINO":"Purén - Lumaco","CLASIFICACION":"Sin Información","CALZADA":"-","tmda":1044.0},"geometry":{"type":"LineString","coordinates":[[-73.0075,-38.06637],[-73.00007,-38.07026]]}},{"id":"7942","type":"Feature","properties":{"ROL":"R-50","NOMBRE_CAMINO":"Ercilla - Traiguén Por Quecheregüas","CLASIFICACION":"Sin Información","CALZADA":"-","tmda":466.0},"geometry":{"type":"LineString","coordinates":[[-72.38989,-38.05698],[-72.41406,-38.06261],[-72.42555,-38.06363],[-72.44093,-38.06866],[-72.44731,-38.06907],[-72.44869,-38.07118],[-72.44819,-38.0788],[-72.4562,-38.08052],[-72.46467,-38.08489],[-72.46989,-38.08603],[-72.47022,-38.09059],[-72.47213,-38.09296],[-72.472,-38.09684],[-72.47388,-38.0986],[-72.48014,-38.09783],[-72.48042,-38.1019],[-72.47912,-38.10303],[-72.48052,-38.10496],[-72.47668,-38.10554],[-72.48177,-38.11108],[-72.48049,-38.11255],[-72.48109,-38.11369],[-72.48428,-38.11504],[-72.49033,-38.1168],[-72.50066,-38.11426],[-72.5258,-38.1157],[-72.53791,-38.11315],[-72.54568,-38.11335],[-72.5537,-38.11191]]}},{"id":"7943","type":"Feature","properties":{"ROL":"R-50","NOMBRE_CAMINO":"Ercilla - Traiguén Por Quecheregüas","CLASIFICACION":"Sin Información","CALZADA":"-","tmda":194.0},"geometry":{"type":"LineString","coordinates":[[-72.62132,-38.16245],[-72.6247,-38.16753],[-72.62321,-38.17076],[-72.62493,-38.1748],[-72.63643,-38.18892],[-72.63893,-38.19532],[-72.64591,-38.20421],[-72.64272,-38.22293],[-72.64982,-38.22773],[-72.65399,-38.2324],[-72.65526,-38.2387],[-72.66567,-38.24135]]}},{"id":"7944","type":"Feature","properties":{"ROL":"R-720","NOMBRE_CAMINO":"Lumaco - Cruce Ruta R-660","CLASIFICACION":"Sin Información","CALZADA":"-","tmda":null},"geometry":{"type":"LineString","coordinates":[[-72.90367,-38.20664],[-72.90534,-38.21138],[-72.9021,-38.21591],[-72.90725,-38.21788],[-72.90615,-38.22113],[-72.90932,-38.22457]]}},{"id":"7945","type":"Feature","properties":{"ROL":"R-720","NOMBRE_CAMINO":"Lumaco - Cruce Ruta R-660","CLASIFICACION":"Sin Información","CALZADA":"-","tmda":null},"geometry":{"type":"LineString","coordinates":[[-72.93567,-38.26362],[-72.93215,-38.26988]]}},{"id":"7946","type":"Feature","properties":{"ROL":"R-820","NOMBRE_CAMINO":"Púa - Quino - Traiguén","CLASIFICACION":"Sin Información","CALZADA":"-","tmda":514.0},"geometry":{"type":"LineString","coordinates":[[-72.55667,-38.29998],[-72.56955,-38.29124],[-72.56943,-38.28965],[-72.57149,-38.28945],[-72.57432,-38.28635],[-72.59517,-38.28182]]}},{"id":"7947","type":"Feature","properties":{"ROL":"R-820","NOMBRE_CAMINO":"Púa - Quino - Traiguén","CLASIFICACION":"Sin Información","CALZADA":"-","tmda":514.0},"geometry":{"type":"LineString","coordinates":[[-72.49809,-38.34174],[-72.4982,-38.34087]]}},{"id":"7948","type":"Feature","properties":{"ROL":"R-90-P","NOMBRE_CAMINO":"Traiguén - Lumaco - Capitán Pastene - Quidico, Sector Traiguén - Límite Regional","CLASIFICACION":"Sin Información","CALZADA":"-","tmda":922.0},"geometry":{"type":"LineString","coordinates":[[-73.17985,-38.25903],[-73.19442,-38.26141],[-73.19716,-38.26315]]}},{"id":"7949","type":"Feature","properties":{"ROL":"S-227","NOMBRE_CAMINO":"Pillánlelbun - La Esmeralda - San Pablo","CLASIFICACION":"Sin Información","CALZADA":"-","tmda":null},"geometry":{"type":"LineString","coordinates":[[-72.40236,-38.65782],[-72.39903,-38.65824],[-72.38772,-38.65481]]}},{"id":"7950","type":"Feature","properties":{"ROL":"S-221","NOMBRE_CAMINO":"Vilcún - Maitenes - Quilacura","CLASIFICACION":"Sin Información","CALZADA":"-","tmda":408.0},"geometry":{"type":"LineString","coordinates":[[-72.25798,-38.66773],[-72.24462,-38.6325]]}},{"id":"7951","type":"Feature","properties":{"ROL":"S-299","NOMBRE_CAMINO":"Cruce Ruta S-39 (curaco) - Cherquenco","CLASIFICACION":"Sin Información","CALZADA":"-","tmda":314.0},"geometry":{"type":"LineString","coordinates":[[-72.09496,-38.73868],[-72.10156,-38.73627],[-72.18061,-38.71822],[-72.18399,-38.71471],[-72.18452,-38.71036],[-72.18912,-38.70739],[-72.19872,-38.70598],[-72.20812,-38.69969],[-72.21887,-38.69641],[-72.22138,-38.69714],[-72.22971,-38.69535]]}},{"id":"7952","type":"Feature","properties":{"ROL":"S-31","NOMBRE_CAMINO":"Cruce Longitudinal (cajon) - Vilcun - Refugio Llaima","CLASIFICACION":"Sin Información","CALZADA":"-","tmda":197.0},"geometry":{"type":"LineString","coordinates":[[-72.00187,-38.6859],[-71.99444,-38.68616]]}},{"id":"7953","type":"Feature","properties":{"ROL":"S-348","NOMBRE_CAMINO":"Pumalal - Los Laureles","CLASIFICACION":"Sin Información","CALZADA":"-","tmda":null},"geometry":{"type":"LineString","coordinates":[[-72.481,-38.6368],[-72.47987,-38.63493]]}},{"id":"7954","type":"Feature","properties":{"ROL":"S-39","NOMBRE_CAMINO":"Vilcún - Alambrado - Cruce Ruta S-377","CLASIFICACION":"Sin Información","CALZADA":"-","tmda":1243.0},"geometry":{"type":"LineString","coordinates":[[-72.24658,-38.73585],[-72.24504,-38.73691],[-72.24551,-38.73919],[-72.24284,-38.74144],[-72.24291,-38.74486],[-72.24474,-38.74702],[-72.25016,-38.74905],[-72.26354,-38.78365]]}},{"id":"7955","type":"Feature","properties":{"ROL":"S-464","NOMBRE_CAMINO":"Cruce Longitudinal (quepe) - Boroa - Almagro","CLASIFICACION":"Sin Información","CALZADA":"-","tmda":1090.0},"geometry":{"type":"LineString","coordinates":[[-72.71976,-38.8495],[-72.72442,-38.8484]]}},{"id":"7956","type":"Feature","properties":{"ROL":"S-553","NOMBRE_CAMINO":"Catrico - Pedregoso - Las Ochocientas","CLASIFICACION":"Sin Información","CALZADA":"-","tmda":302.0},"geometry":{"type":"LineString","coordinates":[[-72.15554,-39.17496],[-72.15059,-39.17462]]}},{"id":"7957","type":"Feature","properties":{"ROL":"S-578","NOMBRE_CAMINO":"Maquehue - Mision Inglesa","CLASIFICACION":"Sin Información","CALZADA":"-","tmda":null},"geometry":{"type":"LineString","coordinates":[[-72.66609,-38.80276],[-72.66362,-38.79772],[-72.66349,-38.78959],[-72.65993,-38.78301],[-72.65193,-38.77682]]}},{"id":"7958","type":"Feature","properties":{"ROL":"S-584","NOMBRE_CAMINO":"Martínez De Rozas - Los Coigues","CLASIFICACION":"Sin Información","CALZADA":"-","tmda":null},"geometry":{"type":"LineString","coordinates":[[-72.78824,-38.95866],[-72.78975,-38.9614],[-72.79385,-38.96085],[-72.80959,-38.96572],[-72.8146,-38.96453]]}},{"id":"7959","type":"Feature","properties":{"ROL":"S-584","NOMBRE_CAMINO":"Martínez De Rozas - Los Coigues","CLASIFICACION":"Sin Información","CALZADA":"-","tmda":null},"geometry":{"type":"LineString","coordinates":[[-72.78627,-38.95877],[-72.78824,-38.95866]]}},{"id":"7960","type":"Feature","properties":{"ROL":"S-61","NOMBRE_CAMINO":"Cruce Ruta 199 (allipen) - Cruce Ruta S-61 (cunco)","CLASIFICACION":"Sin Información","CALZADA":"-","tmda":3059.0},"geometry":{"type":"LineString","coordinates":[[-72.15318,-38.94191],[-72.15153,-38.94135]]}},{"id":"7961","type":"Feature","properties":{"ROL":"S-61","NOMBRE_CAMINO":"Cruce Ruta 199 (allipen) - Cruce Ruta S-61 (cunco)","CLASIFICACION":"Sin Información","CALZADA":"-","tmda":2867.0},"geometry":{"type":"LineString","coordinates":[[-72.53132,-38.98588],[-72.47999,-38.99749],[-72.44865,-38.99007],[-72.41263,-38.98875],[-72.40025,-38.98702],[-72.39352,-38.98769]]}},{"id":"7962","type":"Feature","properties":{"ROL":"S-61","NOMBRE_CAMINO":"Cruce Ruta 199 (allipen) - Cruce Ruta S-61 (cunco)","CLASIFICACION":"Sin Información","CALZADA":"-","tmda":3059.0},"geometry":{"type":"LineString","coordinates":[[-72.13233,-38.93489],[-72.1119,-38.92842]]}},{"id":"7963","type":"Feature","properties":{"ROL":"S/R","NOMBRE_CAMINO":"Cruce S-60 (hualpín) - Porma - Puyehue","CLASIFICACION":"Sin Información","CALZADA":"-","tmda":null},"geometry":{"type":"LineString","coordinates":[[-73.25589,-39.08779],[-73.26146,-39.0697]]}},{"id":"7964","type":"Feature","properties":{"ROL":"S-638","NOMBRE_CAMINO":"Puente Peule - Bif. Porma","CLASIFICACION":"Sin Información","CALZADA":"-","tmda":null},"geometry":{"type":"LineString","coordinates":[[-73.27069,-39.12185],[-73.26054,-39.11595]]}},{"id":"7965","type":"Feature","properties":{"ROL":"S-65","NOMBRE_CAMINO":"Pitrufquén - Ñancul","CLASIFICACION":"Sin Información","CALZADA":"-","tmda":1792.0},"geometry":{"type":"LineString","coordinates":[[-72.33367,-39.22298],[-72.3281,-39.22909],[-72.32602,-39.2355],[-72.32127,-39.23691],[-72.31941,-39.24332],[-72.31683,-39.24424],[-72.3109,-39.25357],[-72.3085,-39.26768],[-72.31126,-39.27443],[-72.30856,-39.27971]]}},{"id":"7966","type":"Feature","properties":{"ROL":"S-65","NOMBRE_CAMINO":"Pitrufquén - Ñancul","CLASIFICACION":"Sin Información","CALZADA":"-","tmda":3204.0},"geometry":{"type":"LineString","coordinates":[[-72.52179,-39.05847],[-72.51653,-39.06039]]}},{"id":"7967","type":"Feature","properties":{"ROL":"S-686","NOMBRE_CAMINO":"Cruce Ruta S-70 - Estero La Cascada","CLASIFICACION":"Sin Información","CALZADA":"-","tmda":593.0},"geometry":{"type":"LineString","coordinates":[[-72.98607,-39.1292],[-72.98869,-39.12907],[-72.98972,-39.1268],[-72.99534,-39.12791],[-72.99612,-39.12623],[-72.99821,-39.12603],[-72.99933,-39.12385],[-73.00397,-39.12146],[-73.00394,-39.11928]]}},{"id":"7968","type":"Feature","properties":{"ROL":"S-686","NOMBRE_CAMINO":"Cruce Ruta S-70 - Estero La Cascada","CLASIFICACION":"Sin Información","CALZADA":"-","tmda":593.0},"geometry":{"type":"LineString","coordinates":[[-72.92985,-39.08658],[-72.9304,-39.08747]]}},{"id":"7969","type":"Feature","properties":{"ROL":"S-70","NOMBRE_CAMINO":"Pitrufquen - Peule","CLASIFICACION":"Sin Información","CALZADA":"-","tmda":784.0},"geometry":{"type":"LineString","coordinates":[[-72.90991,-39.02721],[-72.94538,-39.02701],[-72.97146,-39.02339]]}},{"id":"7970","type":"Feature","properties":{"ROL":"S-734","NOMBRE_CAMINO":"Cruce Ruta S-70 - Villa Boldos - Colonia Caupolicán","CLASIFICACION":"Sin Información","CALZADA":"-","tmda":426.0},"geometry":{"type":"LineString","coordinates":[[-73.13256,-39.1489],[-73.12464,-39.1509],[-73.1162,-39.15537]]}},{"id":"7971","type":"Feature","properties":{"ROL":"S-734","NOMBRE_CAMINO":"Cruce Ruta S-70 - Villa Boldos - Colonia Caupolicán","CLASIFICACION":"Sin Información","CALZADA":"-","tmda":426.0},"geometry":{"type":"LineString","coordinates":[[-73.13317,-39.14876],[-73.13256,-39.1489]]}},{"id":"7972","type":"Feature","properties":{"ROL":"S-734","NOMBRE_CAMINO":"Cruce Ruta S-70 - Villa Boldos - Colonia Caupolicán","CLASIFICACION":"Sin Información","CALZADA":"-","tmda":426.0},"geometry":{"type":"LineString","coordinates":[[-73.09946,-39.15731],[-73.08592,-39.15095],[-73.08378,-39.14612]]}},{"id":"7973","type":"Feature","properties":{"ROL":"S-75","NOMBRE_CAMINO":"Cunco - Lago Colico - Trafampulli","CLASIFICACION":"Sin Información","CALZADA":"-","tmda":837.0},"geometry":{"type":"LineString","coordinates":[[-72.01778,-39.03898],[-72.01786,-39.04313],[-72.01621,-39.04775]]}},{"id":"7974","type":"Feature","properties":{"ROL":"S-785-T","NOMBRE_CAMINO":"Loncoche - Calafquén Por Pancoé Sector: Loncoche - Límite Regional","CLASIFICACION":"Sin Información","CALZADA":"-","tmda":699.0},"geometry":{"type":"LineString","coordinates":[[-72.40376,-39.42828],[-72.39562,-39.43674],[-72.39008,-39.44542],[-72.38976,-39.4505],[-72.39088,-39.4523],[-72.38843,-39.45896],[-72.37086,-39.46806],[-72.36497,-39.47761],[-72.36593,-39.48472],[-72.3688,-39.48854],[-72.3638,-39.49767],[-72.36093,-39.50011],[-72.35686,-39.49944],[-72.34936,-39.50082],[-72.34632,-39.50306]]}},{"id":"7975","type":"Feature","properties":{"ROL":"S-791","NOMBRE_CAMINO":"Ancahual - Pinchafil - Lumalla","CLASIFICACION":"Sin Información","CALZADA":"-","tmda":null},"geometry":{"type":"LineString","coordinates":[[-72.53402,-39.33545],[-72.5311,-39.34001],[-72.52277,-39.34179],[-72.51765,-39.33894],[-72.51454,-39.33908],[-72.51289,-39.34209],[-72.51056,-39.34339],[-72.49889,-39.34691]]}},{"id":"7976","type":"Feature","properties":{"ROL":"S-803","NOMBRE_CAMINO":"Hualapulli - Emulpán","CLASIFICACION":"Sin Información","CALZADA":"-","tmda":null},"geometry":{"type":"LineString","coordinates":[[-72.23123,-39.39408],[-72.2279,-39.39301]]}},{"id":"7977","type":"Feature","properties":{"ROL":"S-839","NOMBRE_CAMINO":"Segunda Faja - El Volcán","CLASIFICACION":"Sin Información","CALZADA":"-","tmda":3422.0},"geometry":{"type":"LineString","coordinates":[[-72.17834,-39.31516],[-72.166,-39.3183]]}},{"id":"7978","type":"Feature","properties":{"ROL":"S-887","NOMBRE_CAMINO":"Pucón - Refugio Volcán Villarrica","CLASIFICACION":"Sin Información","CALZADA":"-","tmda":4836.0},"geometry":{"type":"LineString","coordinates":[[-71.97052,-39.34784],[-71.96961,-39.34978]]}},{"id":"7979","type":"Feature","properties":{"ROL":"S-90","NOMBRE_CAMINO":"Lastarria - Los Boldos","CLASIFICACION":"Sin Información","CALZADA":"-","tmda":332.0},"geometry":{"type":"LineString","coordinates":[[-72.68043,-39.2327],[-72.68674,-39.23297],[-72.6882,-39.23518],[-72.69187,-39.23587],[-72.69052,-39.23701],[-72.6929,-39.23865],[-72.69737,-39.2395],[-72.70219,-39.23767],[-72.71661,-39.23569],[-72.71833,-39.23388],[-72.71847,-39.23586],[-72.72531,-39.2378],[-72.72752,-39.24047],[-72.72851,-39.24436],[-72.73128,-39.24307],[-72.73722,-39.24586],[-72.7446,-39.2454],[-72.753,-39.24134],[-72.75841,-39.24058],[-72.76556,-39.24349],[-72.76715,-39.24701],[-72.77059,-39.24957],[-72.77779,-39.24983],[-72.78531,-39.24748],[-72.7902,-39.2376],[-72.80037,-39.23298],[-72.80364,-39.22634],[-72.80873,-39.22459],[-72.80885,-39.22607],[-72.812,-39.22501],[-72.82893,-39.22782],[-72.83051,-39.22614],[-72.83385,-39.22545],[-72.84559,-39.23179],[-72.85096,-39.23305],[-72.85451,-39.2292],[-72.85937,-39.22781],[-72.86073,-39.22599],[-72.86153,-39.23549],[-72.86316,-39.23824],[-72.86879,-39.24028],[-72.86991,-39.23929],[-72.86958,-39.23707],[-72.87311,-39.23721]]}},{"id":"7980","type":"Feature","properties":{"ROL":"S-90","NOMBRE_CAMINO":"Lastarria - Los Boldos","CLASIFICACION":"Sin Información","CALZADA":"-","tmda":332.0},"geometry":{"type":"LineString","coordinates":[[-72.87311,-39.23721],[-72.87647,-39.23706],[-72.87757,-39.23942],[-72.87953,-39.2401],[-72.8808,-39.2389],[-72.88914,-39.23732],[-72.88972,-39.23872],[-72.89187,-39.23742]]}},{"id":"7981","type":"Feature","properties":{"ROL":"S-900","NOMBRE_CAMINO":"Colonia Loncoche - Las Parcelas","CLASIFICACION":"Sin Información","CALZADA":"-","tmda":null},"geometry":{"type":"LineString","coordinates":[[-72.63895,-39.35727],[-72.64634,-39.35203],[-72.64905,-39.35155],[-72.64866,-39.3503]]}},{"id":"7982","type":"Feature","properties":{"ROL":"S-900","NOMBRE_CAMINO":"Colonia Loncoche - Las Parcelas","CLASIFICACION":"Sin Información","CALZADA":"-","tmda":null},"geometry":{"type":"LineString","coordinates":[[-72.6581,-39.34248],[-72.65951,-39.34124]]}},{"id":"7983","type":"Feature","properties":{"ROL":"R-130","NOMBRE_CAMINO":"Renaico - Tolpán","CLASIFICACION":"Sin Información","CALZADA":"-","tmda":467.0},"geometry":{"type":"LineString","coordinates":[[-72.61594,-37.67833],[-72.61755,-37.67788]]}},{"id":"7984","type":"Feature","properties":{"ROL":"R-130","NOMBRE_CAMINO":"Renaico - Tolpán","CLASIFICACION":"Sin Información","CALZADA":"-","tmda":467.0},"geometry":{"type":"LineString","coordinates":[[-72.60609,-37.68098],[-72.61594,-37.67833]]}},{"id":"7985","type":"Feature","properties":{"ROL":"R-130","NOMBRE_CAMINO":"Renaico - Tolpán","CLASIFICACION":"Sin Información","CALZADA":"-","tmda":467.0},"geometry":{"type":"LineString","coordinates":[[-72.61755,-37.67788],[-72.62644,-37.67562],[-72.63838,-37.67787],[-72.64072,-37.67648]]}},{"id":"7986","type":"Feature","properties":{"ROL":"S/R","NOMBRE_CAMINO":"Paillaco - Renahue","CLASIFICACION":"Sin Información","CALZADA":"-","tmda":null},"geometry":{"type":"LineString","coordinates":[[-71.76611,-39.19011],[-71.76508,-39.18822],[-71.76841,-39.18102],[-71.76254,-39.16956],[-71.76319,-39.16384]]}},{"id":"7987","type":"Feature","properties":{"ROL":"S/R","NOMBRE_CAMINO":"Los Guindos - Segunda Faja","CLASIFICACION":"Sin Información","CALZADA":"-","tmda":null},"geometry":{"type":"LineString","coordinates":[[-72.16573,-39.31757],[-72.166,-39.3183]]}},{"id":"7988","type":"Feature","properties":{"ROL":"S/R","NOMBRE_CAMINO":"Labranza - Trañi Trañi","CLASIFICACION":"Sin Información","CALZADA":"-","tmda":899.0},"geometry":{"type":"LineString","coordinates":[[-72.74327,-38.74604],[-72.75187,-38.74704]]}},{"id":"7989","type":"Feature","properties":{"ROL":"S/R","NOMBRE_CAMINO":"Huiscapi - El Parque","CLASIFICACION":"Sin Información","CALZADA":"-","tmda":501.0},"geometry":{"type":"LineString","coordinates":[[-72.40902,-39.29641],[-72.4096,-39.29607]]}},{"id":"7990","type":"Feature","properties":{"ROL":"S/R","NOMBRE_CAMINO":"Huiscapi - El Parque","CLASIFICACION":"Sin Información","CALZADA":"-","tmda":501.0},"geometry":{"type":"LineString","coordinates":[[-72.4096,-39.29607],[-72.41042,-39.29579]]}},{"id":"7991","type":"Feature","properties":{"ROL":"S/R","NOMBRE_CAMINO":"Selva Oscura - Villa Cautín","CLASIFICACION":"Sin Información","CALZADA":"-","tmda":null},"geometry":{"type":"LineString","coordinates":[[-72.09282,-38.4093],[-72.08763,-38.41096],[-72.08313,-38.41424]]}},{"id":"7992","type":"Feature","properties":{"ROL":"S/R","NOMBRE_CAMINO":"Acceso A Pasarela Quelhue","CLASIFICACION":"Sin Información","CALZADA":"-","tmda":null},"geometry":{"type":"LineString","coordinates":[[-71.92058,-39.27015],[-71.92026,-39.2695]]}},{"id":"7993","type":"Feature","properties":{"ROL":"S/R","NOMBRE_CAMINO":"Afunalhue - Quetroco","CLASIFICACION":"Sin Información","CALZADA":"-","tmda":null},"geometry":{"type":"LineString","coordinates":[[-72.2154,-39.44873],[-72.21795,-39.45096],[-72.22375,-39.44911],[-72.22757,-39.44936]]}},{"id":"7994","type":"Feature","properties":{"ROL":"S/R","NOMBRE_CAMINO":"Caburga - Huepil","CLASIFICACION":"Sin Información","CALZADA":"-","tmda":null},"geometry":{"type":"LineString","coordinates":[[-71.74165,-39.21647],[-71.73671,-39.21769]]}},{"id":"7995","type":"Feature","properties":{"ROL":"S/R","NOMBRE_CAMINO":"Chucaucu - Schleyer","CLASIFICACION":"Sin Información","CALZADA":"-","tmda":null},"geometry":{"type":"LineString","coordinates":[[-72.25435,-39.21138],[-72.25357,-39.21039],[-72.23965,-39.20945]]}},{"id":"7996","type":"Feature","properties":{"ROL":"S/R","NOMBRE_CAMINO":"Coipue - Puraquina","CLASIFICACION":"Sin Información","CALZADA":"-","tmda":null},"geometry":{"type":"LineString","coordinates":[[-72.39766,-39.10651],[-72.38801,-39.10929],[-72.38223,-39.11489],[-72.37261,-39.11958],[-72.37283,-39.12126]]}},{"id":"7997","type":"Feature","properties":{"ROL":"S/R","NOMBRE_CAMINO":"El Claro - Los Calabozos","CLASIFICACION":"Sin Información","CALZADA":"-","tmda":null},"geometry":{"type":"LineString","coordinates":[[-71.94316,-39.29572],[-71.94354,-39.29759],[-71.93855,-39.30058]]}},{"id":"7998","type":"Feature","properties":{"ROL":"S/R","NOMBRE_CAMINO":"Licanray - Asquinco","CLASIFICACION":"Sin Información","CALZADA":"-","tmda":null},"geometry":{"type":"LineString","coordinates":[[-72.25773,-39.49863],[-72.27158,-39.50415],[-72.27332,-39.50363]]}},{"id":"7999","type":"Feature","properties":{"ROL":"S/R","NOMBRE_CAMINO":"Poculón - Llaiguín","CLASIFICACION":"Sin Información","CALZADA":"-","tmda":164.0},"geometry":{"type":"LineString","coordinates":[[-73.0472,-38.93556],[-73.04668,-38.93443]]}},{"id":"8000","type":"Feature","properties":{"ROL":"S/R","NOMBRE_CAMINO":"Rinconada - Alto Rinconada","CLASIFICACION":"Sin Información","CALZADA":"-","tmda":null},"geometry":{"type":"LineString","coordinates":[[-72.31507,-39.21988],[-72.31542,-39.21935]]}},{"id":"8001","type":"Feature","properties":{"ROL":"S/R","NOMBRE_CAMINO":"Chufquén - Molco","CLASIFICACION":"Sin Información","CALZADA":"-","tmda":null},"geometry":{"type":"LineString","coordinates":[[-72.64882,-38.40042],[-72.64941,-38.4044]]}},{"id":"8002","type":"Feature","properties":{"ROL":"S/R","NOMBRE_CAMINO":"Variante Collico Cinco","CLASIFICACION":"Sin Información","CALZADA":"-","tmda":620.0},"geometry":{"type":"LineString","coordinates":[[-73.15905,-39.17985],[-73.15883,-39.17767],[-73.14408,-39.16598]]}},{"id":"8003","type":"Feature","properties":{"ROL":"S-75","NOMBRE_CAMINO":"Cunco - Lago Colico - Trafampulli","CLASIFICACION":"Sin Información","CALZADA":"-","tmda":837.0},"geometry":{"type":"LineString","coordinates":[[-72.01014,-39.02994],[-72.0122,-39.03291],[-72.01773,-39.03582],[-72.01778,-39.03898]]}},{"id":"8004","type":"Feature","properties":{"ROL":"R-170","NOMBRE_CAMINO":"Angol - Manzanares Por Santa Rita","CLASIFICACION":"Sin Información","CALZADA":"-","tmda":2597.0},"geometry":{"type":"LineString","coordinates":[[-72.59383,-37.77334],[-72.5541,-37.76957]]}},{"id":"8005","type":"Feature","properties":{"ROL":"S-81","NOMBRE_CAMINO":"Cuarta Faja","CLASIFICACION":"Sin Información","CALZADA":"-","tmda":526.0},"geometry":{"type":"LineString","coordinates":[[-72.43997,-39.15068],[-72.34046,-39.17291]]}},{"id":"8006","type":"Feature","properties":{"ROL":"R-23","NOMBRE_CAMINO":"Cruce Ruta 5 (esperanza) - Huapitrío - La Suerte","CLASIFICACION":"Sin Información","CALZADA":"-","tmda":null},"geometry":{"type":"LineString","coordinates":[[-72.29166,-37.89922],[-72.28861,-37.89961],[-72.28678,-37.89706],[-72.27928,-37.89371],[-72.26225,-37.89205],[-72.25471,-37.89357],[-72.24757,-37.89821]]}},{"id":"8007","type":"Feature","properties":{"ROL":"S/R","NOMBRE_CAMINO":"By Pass Temuco","CLASIFICACION":"Sin Información","CALZADA":"D","tmda":899.0},"geometry":{"type":"LineString","coordinates":[[-72.48418,-38.66203],[-72.48806,-38.67144],[-72.49575,-38.67815],[-72.50003,-38.68918],[-72.50879,-38.70215],[-72.51835,-38.70605],[-72.52875,-38.71401],[-72.53884,-38.71585],[-72.54259,-38.71968],[-72.54452,-38.72673],[-72.55166,-38.73608],[-72.55122,-38.74602],[-72.5473,-38.75306],[-72.54728,-38.75902],[-72.5489,-38.76196],[-72.56568,-38.77297],[-72.58057,-38.77513],[-72.59309,-38.78025],[-72.61466,-38.78665]]}},{"id":"8008","type":"Feature","properties":{"ROL":"S/R","NOMBRE_CAMINO":"By Pass Temuco","CLASIFICACION":"Sin Información","CALZADA":"I","tmda":899.0},"geometry":{"type":"LineString","coordinates":[[-72.48405,-38.6621],[-72.4879,-38.67148],[-72.49582,-38.6785],[-72.49985,-38.68918],[-72.50873,-38.70232],[-72.51842,-38.70624],[-72.52867,-38.71414],[-72.53885,-38.71602],[-72.54252,-38.71986],[-72.54445,-38.72695],[-72.55149,-38.73609],[-72.55105,-38.74604],[-72.54713,-38.75307],[-72.54714,-38.75919],[-72.54889,-38.76213],[-72.56559,-38.7731],[-72.58046,-38.77526],[-72.59332,-38.78049],[-72.61452,-38.78674]]}},{"id":"8009","type":"Feature","properties":{"ROL":"Ruta 5","NOMBRE_CAMINO":"Longitudinal Sur Sector: Río Renaico - Límite Regional","CLASIFICACION":"Sin Información","CALZADA":"D","tmda":null},"geometry":{"type":"LineString","coordinates":[[-72.66375,-39.12082],[-72.65903,-39.12795],[-72.65355,-39.13235],[-72.62951,-39.14105],[-72.61355,-39.1581],[-72.59645,-39.17328],[-72.58574,-39.1945],[-72.58148,-39.21465],[-72.57565,-39.23093],[-72.57125,-39.23976],[-72.56329,-39.24704],[-72.5572,-39.26328],[-72.55887,-39.27824],[-72.55353,-39.29054],[-72.55311,-39.29452],[-72.5547,-39.29932],[-72.55197,-39.31095],[-72.5521,-39.31664],[-72.56354,-39.33826],[-72.56435,-39.34609],[-72.57036,-39.35241],[-72.60467,-39.36391],[-72.61606,-39.3632],[-72.6265,-39.35706],[-72.63228,-39.35656],[-72.63742,-39.35768],[-72.64082,-39.36134],[-72.63971,-39.36878],[-72.64065,-39.37101],[-72.6465,-39.37446],[-72.6579,-39.37813],[-72.67919,-39.39917],[-72.68686,-39.40275],[-72.69987,-39.40382],[-72.70741,-39.40878],[-72.73255,-39.43028],[-72.74317,-39.4336],[-72.7556,-39.4335],[-72.76023,-39.43606]]}},{"id":"8010","type":"Feature","properties":{"ROL":"Ruta 5","NOMBRE_CAMINO":"Longitudinal Sur Sector: Río Renaico - Límite Regional","CLASIFICACION":"Sin Información","CALZADA":"I","tmda":null},"geometry":{"type":"LineString","coordinates":[[-72.38902,-37.84596],[-72.39559,-37.84906],[-72.39816,-37.85654],[-72.39072,-37.87163],[-72.38671,-37.87669],[-72.38888,-37.88258],[-72.38939,-37.89785],[-72.41038,-37.952],[-72.41233,-37.95493],[-72.41575,-37.95674],[-72.42681,-37.96102],[-72.43572,-37.96194],[-72.43996,-37.9667],[-72.44044,-37.9708],[-72.40684,-38.03561],[-72.39175,-38.0465],[-72.38343,-38.06079],[-72.37305,-38.07509],[-72.32191,-38.1342],[-72.30916,-38.14457],[-72.30629,-38.1517],[-72.30747,-38.15624],[-72.35619,-38.24049],[-72.38378,-38.35003],[-72.3931,-38.40739],[-72.39645,-38.41164],[-72.40864,-38.41917],[-72.42746,-38.47452],[-72.45291,-38.50689],[-72.46131,-38.53899],[-72.44734,-38.5695],[-72.44654,-38.58815],[-72.44941,-38.59746],[-72.44883,-38.61101],[-72.45971,-38.63341],[-72.48405,-38.6621]]}},{"id":"8011","type":"Feature","properties":{"ROL":"Ruta 5","NOMBRE_CAMINO":"Longitudinal Sur Sector: Río Renaico - Límite Regional","CLASIFICACION":"Sin Información","CALZADA":"I","tmda":null},"geometry":{"type":"LineString","coordinates":[[-72.66356,-39.12077],[-72.65864,-39.12808],[-72.65335,-39.13225],[-72.62933,-39.14097],[-72.61343,-39.15798],[-72.59616,-39.17345],[-72.58553,-39.1945],[-72.5813,-39.21456],[-72.57543,-39.23094],[-72.57092,-39.23987],[-72.56315,-39.2469],[-72.55698,-39.2633],[-72.55866,-39.27828],[-72.55333,-39.29056],[-72.55294,-39.29467],[-72.55451,-39.29925],[-72.55179,-39.31082],[-72.55193,-39.31672],[-72.5633,-39.33816],[-72.56407,-39.34588],[-72.57045,-39.35267],[-72.60486,-39.36409],[-72.61672,-39.36343],[-72.62788,-39.35699],[-72.63733,-39.35782],[-72.64065,-39.36135],[-72.63952,-39.36891],[-72.64063,-39.37125],[-72.64639,-39.37459],[-72.65774,-39.37818],[-72.67911,-39.39928],[-72.68664,-39.40283],[-72.6997,-39.4039],[-72.70736,-39.40897],[-72.73248,-39.43046],[-72.74304,-39.43373],[-72.75548,-39.43361],[-72.7601,-39.43613]]}},{"id":"8012","type":"Feature","properties":{"ROL":"S/R","NOMBRE_CAMINO":"By Pass Gorbea","CLASIFICACION":"Sin Información","CALZADA":"D","tmda":501.0},"geometry":{"type":"LineString","coordinates":[[-72.67346,-39.08613],[-72.67206,-39.08925],[-72.6666,-39.09293],[-72.66494,-39.09548],[-72.66647,-39.1107],[-72.66375,-39.12082]]}},{"id":"8013","type":"Feature","properties":{"ROL":"S/R","NOMBRE_CAMINO":"By Pass Gorbea","CLASIFICACION":"Sin Información","CALZADA":"U","tmda":501.0},"geometry":{"type":"LineString","coordinates":[[-72.67327,-39.08613],[-72.67213,-39.08892],[-72.66484,-39.09525],[-72.66626,-39.11116],[-72.66356,-39.12077]]}},{"id":"8014","type":"Feature","properties":{"ROL":"Ruta 5","NOMBRE_CAMINO":"Longitudinal Sur Sector: Río Renaico - Límite Regional","CLASIFICACION":"Sin Información","CALZADA":"D","tmda":null},"geometry":{"type":"LineString","coordinates":[[-72.38911,-37.84584],[-72.39575,-37.849],[-72.39833,-37.85653],[-72.39074,-37.87188],[-72.38688,-37.87656],[-72.38901,-37.88264],[-72.38958,-37.89778],[-72.41066,-37.95221],[-72.41368,-37.95564],[-72.42606,-37.9606],[-72.43583,-37.96185],[-72.4401,-37.96664],[-72.44055,-37.97099],[-72.40699,-38.03571],[-72.39185,-38.04664],[-72.38364,-38.06082],[-72.37353,-38.07477],[-72.32211,-38.13425],[-72.30918,-38.14477],[-72.30644,-38.15166],[-72.30788,-38.15659],[-72.35619,-38.24],[-72.38401,-38.35015],[-72.39329,-38.40732],[-72.39689,-38.41176],[-72.40873,-38.41895],[-72.42771,-38.47455],[-72.45318,-38.50708],[-72.4615,-38.53891],[-72.44748,-38.56975],[-72.44669,-38.58817],[-72.44956,-38.59748],[-72.44903,-38.61104],[-72.45989,-38.63334],[-72.48418,-38.66203]]}},{"id":"8015","type":"Feature","properties":{"ROL":"Ruta 5","NOMBRE_CAMINO":"Longitudinal Sur Sector: Río Renaico - Límite Regional","CLASIFICACION":"Sin Información","CALZADA":"I","tmda":null},"geometry":{"type":"LineString","coordinates":[[-72.61452,-38.78674],[-72.627,-38.8057],[-72.62323,-38.81961],[-72.62359,-38.83317],[-72.61756,-38.84277],[-72.61635,-38.85937],[-72.61807,-38.87906],[-72.62529,-38.92509],[-72.62735,-38.93101],[-72.61879,-38.94061],[-72.61811,-38.94318],[-72.62576,-38.96457],[-72.65156,-38.99743],[-72.66608,-39.05978],[-72.67356,-39.07663],[-72.67327,-39.08613]]}},{"id":"8016","type":"Feature","properties":{"ROL":"Ruta 5","NOMBRE_CAMINO":"Longitudinal Sur Sector: Río Renaico - Límite Regional","CLASIFICACION":"Sin Información","CALZADA":"D","tmda":null},"geometry":{"type":"LineString","coordinates":[[-72.61466,-38.78665],[-72.62715,-38.80567],[-72.62336,-38.81985],[-72.62384,-38.83289],[-72.61779,-38.84258],[-72.61654,-38.85933],[-72.61826,-38.8791],[-72.62554,-38.92546],[-72.62756,-38.93094],[-72.61886,-38.94078],[-72.6182,-38.94302],[-72.62591,-38.96455],[-72.65177,-38.99746],[-72.66626,-39.05977],[-72.67374,-39.07673],[-72.67346,-39.08613]]}},{"id":"8017","type":"Feature","properties":{"ROL":"Ruta 5","NOMBRE_CAMINO":"Longitudinal Sur Sector: Río Renaico - Límite Regional","CLASIFICACION":"Sin Información","CALZADA":"D","tmda":null},"geometry":{"type":"LineString","coordinates":[[-72.48418,-38.66203],[-72.51545,-38.67571],[-72.54048,-38.69451],[-72.57482,-38.72569],[-72.60308,-38.74086],[-72.60889,-38.74516],[-72.60927,-38.7644],[-72.60731,-38.77501],[-72.61466,-38.78665]]}},{"id":"8018","type":"Feature","properties":{"ROL":"Ruta 5","NOMBRE_CAMINO":"Longitudinal Sur Sector: Río Renaico - Límite Regional","CLASIFICACION":"Sin Información","CALZADA":"I","tmda":null},"geometry":{"type":"LineString","coordinates":[[-72.48405,-38.6621],[-72.48476,-38.66481],[-72.48899,-38.66474],[-72.51536,-38.67577],[-72.54038,-38.69456],[-72.57472,-38.72575],[-72.60299,-38.74092],[-72.60878,-38.7452],[-72.60915,-38.76441],[-72.6072,-38.77503],[-72.61452,-38.78674]]}},{"id":"8019","type":"Feature","properties":{"ROL":"S-40","NOMBRE_CAMINO":"Temuco - Nueva Imperial - Puerto Saavedra","CLASIFICACION":"Sin Información","CALZADA":"-","tmda":17865.0},"geometry":{"type":"LineString","coordinates":[[-72.60912,-38.75355],[-72.63411,-38.75478],[-72.65107,-38.75734],[-72.66386,-38.75737],[-72.67909,-38.76159],[-72.68724,-38.76217],[-72.69755,-38.76087],[-72.72659,-38.76087],[-72.73378,-38.7646]]}},{"id":"8020","type":"Feature","properties":{"ROL":"S/Rol 1970","NOMBRE_CAMINO":"CAREN CHUFQUEN (PTE.CHUFQUEN) (MELIPEUCO)","CLASIFICACION":"Camino Regional Comunal (En Proceso de Enrolamiento)","CALZADA":"-","tmda":null},"geometry":{"type":"LineString","coordinates":[[-71.5339,-38.88191],[-71.52424,-38.88167],[-71.52473,-38.87958],[-71.5229,-38.88046],[-71.52473,-38.8774],[-71.52334,-38.87746],[-71.51964,-38.88007],[-71.51329,-38.87979],[-71.50786,-38.88157],[-71.49682,-38.89008],[-71.4934,-38.88938],[-71.48738,-38.89083],[-71.48953,-38.89243],[-71.49555,-38.89043],[-71.49465,-38.89152],[-71.49537,-38.89338],[-71.50239,-38.89139],[-71.50139,-38.89463],[-71.51553,-38.88913],[-71.51652,-38.89068],[-71.50355,-38.89949],[-71.5048,-38.90149],[-71.51305,-38.9018],[-71.51491,-38.90494]]}},{"id":"8021","type":"Feature","properties":{"ROL":"S/R-S-1911","NOMBRE_CAMINO":"Padre Pancho","CLASIFICACION":"Camino Regional Comunal (En Proceso de Enrolamiento)","CALZADA":"U","tmda":null},"geometry":{"type":"LineString","coordinates":[[-71.93778,-39.28953],[-71.93357,-39.29119],[-71.93198,-39.29048]]}},{"id":"8022","type":"Feature","properties":{"ROL":"S/R-S-504","NOMBRE_CAMINO":"Paradero San Luis - Vega Boroa","CLASIFICACION":"Camino Regional Comunal (En Proceso de Enrolamiento)","CALZADA":"U","tmda":null},"geometry":{"type":"LineString","coordinates":[[-72.87927,-38.83209],[-72.87224,-38.82506],[-72.86579,-38.82516],[-72.86343,-38.81932]]}},{"id":"8023","type":"Feature","properties":{"ROL":"S/R-S-872","NOMBRE_CAMINO":"Molco - Las Nieves","CLASIFICACION":"Camino Regional de Acceso (En Proceso de Enrolamiento)","CALZADA":"U","tmda":null},"geometry":{"type":"LineString","coordinates":[[-72.81232,-39.30177],[-72.81875,-39.30617],[-72.82692,-39.30541],[-72.82889,-39.30837],[-72.83273,-39.30575],[-72.83552,-39.30594],[-72.83826,-39.30856],[-72.84653,-39.30587]]}},{"id":"8024","type":"Feature","properties":{"ROL":"S/R-S-885","NOMBRE_CAMINO":"Acceso a Centro de Esquí Volcán Villarrica","CLASIFICACION":"Camino Regional de Acceso (En Proceso de Enrolamiento)","CALZADA":"U","tmda":null},"geometry":{"type":"LineString","coordinates":[[-71.96802,-39.35324],[-71.96832,-39.35504],[-71.96972,-39.35553],[-71.97737,-39.35227],[-71.9732,-39.3553],[-71.96941,-39.36057],[-71.96948,-39.36279],[-71.96745,-39.3654],[-71.96884,-39.3666],[-71.96656,-39.36705],[-71.96866,-39.36809],[-71.96704,-39.36899],[-71.96886,-39.36951]]}},{"id":"8025","type":"Feature","properties":{"ROL":"R-105-S","NOMBRE_CAMINO":"Púa - Santa María - Perquenco","CLASIFICACION":"Camino Regional Comunal","CALZADA":"ÚNICA","tmda":null},"geometry":{"type":"LineString","coordinates":[[-72.36011,-38.33638],[-72.34986,-38.34563],[-72.3469,-38.35344],[-72.3647,-38.4005],[-72.36631,-38.40141]]}},{"id":"8026","type":"Feature","properties":{"ROL":"R-71","NOMBRE_CAMINO":"Cruce Ruta 5 (Inspector Fernández) - Parque Nacional Tolhuaca - Curacautín","CLASIFICACION":"Camino Regional Principal","CALZADA":"ÚNICA","tmda":894.0},"geometry":{"type":"LineString","coordinates":[[-72.18142,-38.20133],[-72.17294,-38.20701],[-72.16166,-38.21129],[-72.14612,-38.2096],[-72.14035,-38.21087],[-72.13336,-38.20911],[-72.07926,-38.21483],[-72.07324,-38.21795],[-72.06497,-38.21878],[-72.05118,-38.22646],[-72.03164,-38.22922],[-72.01358,-38.23014],[-71.99796,-38.2326],[-71.9896,-38.23611],[-71.96457,-38.23779],[-71.95724,-38.23961],[-71.93959,-38.23361],[-71.91728,-38.23287],[-71.90976,-38.2362],[-71.89854,-38.23891],[-71.88075,-38.24032],[-71.87072,-38.2396],[-71.84545,-38.23052],[-71.84483,-38.22875],[-71.84995,-38.22619],[-71.84822,-38.22362],[-71.84509,-38.22301],[-71.83556,-38.22459],[-71.82711,-38.22745],[-71.81196,-38.22029],[-71.80165,-38.22053],[-71.79167,-38.21832],[-71.78543,-38.22111],[-71.77529,-38.22144],[-71.76754,-38.22371],[-71.75066,-38.22153],[-71.74163,-38.22249],[-71.73296,-38.22558],[-71.73169,-38.22652],[-71.73198,-38.22793],[-71.72627,-38.2325],[-71.74398,-38.24011],[-71.75036,-38.25723],[-71.75726,-38.26094],[-71.76091,-38.2644],[-71.76193,-38.26717],[-71.76004,-38.27025],[-71.76444,-38.27278],[-71.77261,-38.28241],[-71.77342,-38.28539],[-71.77207,-38.28742],[-71.77546,-38.291],[-71.77356,-38.29562],[-71.77985,-38.3018],[-71.78426,-38.30387],[-71.78434,-38.30698],[-71.78966,-38.31165],[-71.80398,-38.33099],[-71.80951,-38.33414],[-71.81082,-38.33794],[-71.8137,-38.34076],[-71.82572,-38.3461],[-71.83237,-38.34738],[-71.84461,-38.34802],[-71.85273,-38.34646],[-71.86445,-38.34951],[-71.87276,-38.35524],[-71.86961,-38.35739],[-71.8794,-38.36324]]}},{"id":"8027","type":"Feature","properties":{"ROL":"R-761","NOMBRE_CAMINO":"Puente Blanco - Los Prados - Laguna Blanca","CLASIFICACION":"Camino Regional Comunal","CALZADA":"ÚNICA","tmda":1265.0},"geometry":{"type":"LineString","coordinates":[[-71.82129,-38.45192],[-71.80551,-38.44362],[-71.79758,-38.44428],[-71.78734,-38.44025],[-71.78124,-38.43565],[-71.77215,-38.43147],[-71.76371,-38.42927],[-71.75252,-38.42955],[-71.74093,-38.4229],[-71.71663,-38.41597],[-71.70046,-38.40474],[-71.69698,-38.40617],[-71.68885,-38.38523],[-71.6897,-38.38451],[-71.68571,-38.38106],[-71.68079,-38.38106],[-71.67527,-38.37793]]}},{"id":"8028","type":"Feature","properties":{"ROL":"R-785","NOMBRE_CAMINO":"Corralco - Volcán Lonquimay - Lolco - Puente Contraco","CLASIFICACION":"Camino Regional Comunal","CALZADA":"ÚNICA","tmda":null},"geometry":{"type":"LineString","coordinates":[[-71.51138,-38.33832],[-71.51284,-38.33733],[-71.51007,-38.3351],[-71.50887,-38.32865],[-71.50594,-38.32445],[-71.50408,-38.31727],[-71.50442,-38.3096],[-71.50232,-38.30517],[-71.49832,-38.30121],[-71.49085,-38.29833],[-71.48786,-38.29353],[-71.48237,-38.29273],[-71.47982,-38.29075],[-71.47483,-38.28189],[-71.47344,-38.27409],[-71.46955,-38.27039],[-71.4658,-38.26378],[-71.46732,-38.25593],[-71.46482,-38.25375],[-71.46308,-38.2481],[-71.45586,-38.23508],[-71.45575,-38.22615],[-71.45403,-38.22025],[-71.455,-38.21883],[-71.45412,-38.20654],[-71.4473,-38.20096],[-71.44663,-38.19725],[-71.4394,-38.19147],[-71.43956,-38.1892],[-71.43516,-38.18509],[-71.43352,-38.17824],[-71.4299,-38.17382],[-71.42969,-38.17193],[-71.42456,-38.16944],[-71.41904,-38.16222],[-71.41673,-38.15443],[-71.41377,-38.15338],[-71.4102,-38.14805],[-71.41256,-38.14501],[-71.40919,-38.1422],[-71.40947,-38.13923],[-71.40664,-38.13319],[-71.40137,-38.13016],[-71.40157,-38.12511],[-71.39386,-38.12324],[-71.38168,-38.12421],[-71.3764,-38.12059],[-71.37028,-38.12041],[-71.36948,-38.11641],[-71.36729,-38.11416],[-71.36251,-38.11548],[-71.35708,-38.12647]]}},{"id":"8029","type":"Feature","properties":{"ROL":"R-791","NOMBRE_CAMINO":"Lonquimay - Troyo - Puente Contraco","CLASIFICACION":"Camino Regional Comunal","CALZADA":"ÚNICA","tmda":62.0},"geometry":{"type":"LineString","coordinates":[[-71.25669,-38.40973],[-71.25438,-38.39849],[-71.25932,-38.38755],[-71.26359,-38.38193],[-71.26368,-38.37699],[-71.26106,-38.37024],[-71.27559,-38.36568],[-71.28003,-38.35973],[-71.2814,-38.35158],[-71.28529,-38.35107],[-71.29252,-38.34335],[-71.30033,-38.34072],[-71.30927,-38.34091],[-71.31169,-38.33984],[-71.31591,-38.33578],[-71.3182,-38.3306],[-71.31797,-38.32844],[-71.3258,-38.31827],[-71.327,-38.31503],[-71.33397,-38.30903],[-71.33462,-38.30416],[-71.32978,-38.29974],[-71.33001,-38.2973],[-71.32827,-38.29591],[-71.32267,-38.29568],[-71.31669,-38.28885],[-71.31593,-38.2845],[-71.31236,-38.28319],[-71.30504,-38.28494],[-71.30362,-38.28139],[-71.29995,-38.28202],[-71.29164,-38.27839],[-71.29373,-38.27627],[-71.29149,-38.27499],[-71.29184,-38.27391],[-71.29714,-38.27271],[-71.30042,-38.27048],[-71.30122,-38.26796],[-71.30492,-38.26746],[-71.30446,-38.26547],[-71.30049,-38.26383],[-71.29808,-38.25889],[-71.30323,-38.25425],[-71.30729,-38.25326],[-71.3112,-38.24732],[-71.31054,-38.24327],[-71.31177,-38.23748],[-71.30438,-38.23452],[-71.30161,-38.23107],[-71.30233,-38.22723],[-71.29263,-38.21733],[-71.29625,-38.20957],[-71.29957,-38.20637],[-71.29692,-38.19576],[-71.2997,-38.19205],[-71.30024,-38.18584],[-71.3109,-38.17769],[-71.31121,-38.17405],[-71.31559,-38.16671],[-71.31416,-38.16425],[-71.31424,-38.1601],[-71.31601,-38.15841],[-71.3187,-38.15882],[-71.32074,-38.15269],[-71.32535,-38.14974],[-71.33212,-38.14113],[-71.32967,-38.12616],[-71.32619,-38.12268],[-71.32892,-38.12098],[-71.33002,-38.11579],[-71.32877,-38.11336],[-71.33067,-38.1097],[-71.33467,-38.10794],[-71.33334,-38.10609],[-71.33475,-38.10451],[-71.33383,-38.10345],[-71.33511,-38.10368],[-71.33596,-38.10158],[-71.33555,-38.1001],[-71.32999,-38.09696],[-71.33173,-38.09682],[-71.33129,-38.09411],[-71.32927,-38.09419],[-71.32983,-38.09328],[-71.32864,-38.09321],[-71.32786,-38.09111]]}},{"id":"8030","type":"Feature","properties":{"ROL":"R-793","NOMBRE_CAMINO":"Balsa Rahue - Puente Lolén","CLASIFICACION":"Camino Regional Comunal","CALZADA":"ÚNICA","tmda":null},"geometry":{"type":"LineString","coordinates":[[-71.24583,-38.4085],[-71.24545,-38.40717],[-71.2433,-38.41011],[-71.23744,-38.41162],[-71.2349,-38.41803],[-71.23482,-38.42492],[-71.22965,-38.43257],[-71.22584,-38.43581],[-71.2219,-38.44401],[-71.22202,-38.44937],[-71.22614,-38.45589],[-71.22499,-38.45799],[-71.22629,-38.45934],[-71.22571,-38.46314],[-71.22741,-38.46701],[-71.23521,-38.47337]]}},{"id":"8031","type":"Feature","properties":{"ROL":"R-865","NOMBRE_CAMINO":"Zapadores - Bellavista","CLASIFICACION":"Camino Regional Comunal","CALZADA":"ÚNICA","tmda":null},"geometry":{"type":"LineString","coordinates":[[-71.96307,-38.33795],[-71.95582,-38.30822],[-71.95964,-38.30817],[-71.96269,-38.30609],[-71.9603,-38.29996],[-71.95635,-38.29821],[-71.95487,-38.29517],[-71.95838,-38.29457],[-71.95332,-38.28079]]}},{"id":"8032","type":"Feature","properties":{"ROL":"R-867","NOMBRE_CAMINO":"Acceso Colonia Radalco","CLASIFICACION":"Camino Regional Comunal","CALZADA":"ÚNICA","tmda":null},"geometry":{"type":"LineString","coordinates":[[-71.94532,-38.35194],[-71.948,-38.35068],[-71.95018,-38.35113],[-71.96266,-38.38131],[-71.9686,-38.38431],[-71.97546,-38.39004],[-71.98356,-38.41151]]}},{"id":"8033","type":"Feature","properties":{"ROL":"R-875","NOMBRE_CAMINO":"Bayona - Rariruca","CLASIFICACION":"Camino Regional Comunal","CALZADA":"ÚNICA","tmda":null},"geometry":{"type":"LineString","coordinates":[[-72.01921,-38.47355],[-72.00501,-38.43884]]}},{"id":"8034","type":"Feature","properties":{"ROL":"R-881","NOMBRE_CAMINO":"Curacautín - Colonia San Antonio","CLASIFICACION":"Camino Regional Comunal","CALZADA":"ÚNICA","tmda":null},"geometry":{"type":"LineString","coordinates":[[-71.94398,-38.42236],[-71.96801,-38.41685],[-71.96824,-38.41578],[-71.9712,-38.41503],[-71.97644,-38.41467],[-71.97854,-38.41569],[-71.99055,-38.4052],[-71.99351,-38.40407],[-71.99923,-38.40523],[-72.014,-38.40528],[-72.01905,-38.40258],[-72.02284,-38.40272],[-72.02451,-38.40064],[-72.02838,-38.40233],[-72.03236,-38.40291],[-72.03294,-38.40176],[-72.03424,-38.40276],[-72.03315,-38.39426],[-72.04019,-38.38168],[-72.07917,-38.3664],[-72.09533,-38.35371]]}},{"id":"8035","type":"Feature","properties":{"ROL":"R-793","NOMBRE_CAMINO":"Balsa Rahue - Puente Lolén","CLASIFICACION":"Camino Regional Comunal","CALZADA":"ÚNICA","tmda":null},"geometry":{"type":"LineString","coordinates":[[-71.26123,-38.41488],[-71.258,-38.41509],[-71.2539,-38.41297],[-71.24796,-38.40685],[-71.24635,-38.40861]]}},{"id":"8036","type":"Feature","properties":{"ROL":"R-71","NOMBRE_CAMINO":"Cruce Ruta 5 (Inspector Fernández) - Parque Nacional Tolhuaca - Curacautín","CLASIFICACION":"Camino Regional Principal","CALZADA":"ÚNICA","tmda":1108.0},"geometry":{"type":"LineString","coordinates":[[-72.3306,-38.19607],[-72.32922,-38.19528],[-72.31386,-38.19678],[-72.31384,-38.19838],[-72.31238,-38.19864],[-72.31113,-38.19623],[-72.2954,-38.19602],[-72.27969,-38.19367],[-72.26051,-38.19806],[-72.22551,-38.19696],[-72.20396,-38.19353],[-72.18485,-38.1971],[-72.18142,-38.20133]]}},{"id":"8037","type":"Feature","properties":{"ROL":"R-71","NOMBRE_CAMINO":"Cruce Ruta 5 (Inspector Fernández) - Parque Nacional Tolhuaca - Curacautín","CLASIFICACION":"Camino Regional Principal","CALZADA":"ÚNICA","tmda":894.0},"geometry":{"type":"LineString","coordinates":[[-71.8794,-38.36324],[-71.87983,-38.36464]]}},{"id":"8038","type":"Feature","properties":{"ROL":"R-785","NOMBRE_CAMINO":"Corralco - Volcán Lonquimay - Lolco - Puente Contraco","CLASIFICACION":"Camino Regional Comunal","CALZADA":"ÚNICA","tmda":null},"geometry":{"type":"LineString","coordinates":[[-71.54189,-38.41401],[-71.54202,-38.40851],[-71.54556,-38.39804],[-71.54456,-38.38791],[-71.54848,-38.38636],[-71.54991,-38.38368],[-71.54671,-38.37903],[-71.54034,-38.37584],[-71.53896,-38.37311],[-71.54004,-38.36911],[-71.53933,-38.36708],[-71.53579,-38.36527],[-71.53018,-38.36481],[-71.52903,-38.36382],[-71.53013,-38.36361],[-71.53021,-38.36195],[-71.5291,-38.36111],[-71.53161,-38.36089],[-71.52682,-38.35728],[-71.52214,-38.35778],[-71.5191,-38.35563],[-71.52104,-38.35304],[-71.51824,-38.35202],[-71.5182,-38.34969],[-71.51379,-38.34296],[-71.51067,-38.34056],[-71.51451,-38.34154],[-71.51138,-38.33832]]}},{"id":"8039","type":"Feature","properties":{"ROL":"R-785","NOMBRE_CAMINO":"Corralco - Volcán Lonquimay - Lolco - Puente Contraco","CLASIFICACION":"Camino Regional Comunal","CALZADA":"ÚNICA","tmda":null},"geometry":{"type":"LineString","coordinates":[[-71.35708,-38.12647],[-71.34273,-38.12505],[-71.34184,-38.12905],[-71.33888,-38.13224],[-71.33964,-38.13425],[-71.33682,-38.13739],[-71.33603,-38.13983],[-71.33723,-38.1422],[-71.33558,-38.14535],[-71.32357,-38.15367],[-71.32026,-38.15407]]}},{"id":"8040","type":"Feature","properties":{"ROL":"R-883","NOMBRE_CAMINO":"Santa Ema - Rariruca - Radalco","CLASIFICACION":"Camino Regional Comunal","CALZADA":"ÚNICA","tmda":null},"geometry":{"type":"LineString","coordinates":[[-72.033,-38.47154],[-72.02217,-38.44675],[-72.01469,-38.44614],[-72.01147,-38.44345],[-72.00966,-38.43847],[-72.00508,-38.43888],[-72.00406,-38.43643],[-72.00061,-38.43575]]}},{"id":"8041","type":"Feature","properties":{"ROL":"R-889","NOMBRE_CAMINO":"Bayona - Ventrenco - Monte Verde","CLASIFICACION":"Camino Regional Comunal","CALZADA":"ÚNICA","tmda":null},"geometry":{"type":"LineString","coordinates":[[-72.02489,-38.47274],[-72.03561,-38.49919],[-71.99645,-38.50887],[-71.98639,-38.50872],[-71.9794,-38.51525],[-71.97068,-38.51718],[-71.96479,-38.51681]]}},{"id":"8042","type":"Feature","properties":{"ROL":"R-89","NOMBRE_CAMINO":"El Indio - Lonquimay","CLASIFICACION":"Camino Regional Principal","CALZADA":"ÚNICA","tmda":2321.0},"geometry":{"type":"LineString","coordinates":[[-71.51752,-38.44724],[-71.51589,-38.44365],[-71.50838,-38.43868],[-71.50834,-38.43696],[-71.50625,-38.43524],[-71.50357,-38.43521],[-71.50464,-38.4359],[-71.50281,-38.4362],[-71.50469,-38.43763],[-71.50269,-38.4389],[-71.49831,-38.43802],[-71.49436,-38.43962],[-71.49402,-38.43662],[-71.49056,-38.43686],[-71.49176,-38.43497],[-71.48957,-38.43393],[-71.49043,-38.43521],[-71.48811,-38.43681],[-71.48921,-38.43514],[-71.48735,-38.4338],[-71.47852,-38.43308],[-71.47849,-38.43147],[-71.46785,-38.43311],[-71.46837,-38.42936],[-71.46589,-38.42998],[-71.46566,-38.42676],[-71.46455,-38.42622],[-71.46029,-38.42718],[-71.45913,-38.42873],[-71.44856,-38.43006],[-71.43883,-38.4272],[-71.43027,-38.42635],[-71.42745,-38.42541],[-71.42624,-38.42351],[-71.42223,-38.4238],[-71.42148,-38.42509],[-71.41929,-38.42401],[-71.41001,-38.43075]]}},{"id":"8043","type":"Feature","properties":{"ROL":"R-915","NOMBRE_CAMINO":"Hueñivales - Lefuco - Manchuria","CLASIFICACION":"Camino Regional Comunal","CALZADA":"ÚNICA","tmda":289.0},"geometry":{"type":"LineString","coordinates":[[-71.82551,-38.49003],[-71.81756,-38.49077],[-71.8096,-38.48603],[-71.80154,-38.48716],[-71.79964,-38.48256],[-71.7938,-38.48185],[-71.7895,-38.47075],[-71.78414,-38.47081],[-71.77379,-38.46811],[-71.75412,-38.46924]]}},{"id":"8044","type":"Feature","properties":{"ROL":"R-917","NOMBRE_CAMINO":"Curacautín - San Nicolas","CLASIFICACION":"Camino Regional Comunal","CALZADA":"ÚNICA","tmda":null},"geometry":{"type":"LineString","coordinates":[[-71.89799,-38.44899],[-71.90072,-38.45521],[-71.91202,-38.45032],[-71.91373,-38.45274],[-71.90522,-38.46009],[-71.90461,-38.46484],[-71.90312,-38.46693],[-71.90536,-38.46826],[-71.90719,-38.47284],[-71.91083,-38.475],[-71.91011,-38.47807],[-71.90766,-38.47877],[-71.90819,-38.48038]]}},{"id":"8045","type":"Feature","properties":{"ROL":"R-919","NOMBRE_CAMINO":"Puente Manchuria - Termas Río Blanco","CLASIFICACION":"Camino Regional Comunal","CALZADA":"ÚNICA","tmda":null},"geometry":{"type":"LineString","coordinates":[[-71.76329,-38.46368],[-71.76356,-38.46597],[-71.76246,-38.46685],[-71.75735,-38.46772],[-71.74395,-38.47382],[-71.74175,-38.47601],[-71.7336,-38.4789],[-71.72497,-38.48871],[-71.69128,-38.51228],[-71.67845,-38.5304],[-71.67785,-38.53784],[-71.67524,-38.54117],[-71.67633,-38.54646],[-71.65777,-38.56202],[-71.65242,-38.56986],[-71.64318,-38.57307],[-71.63655,-38.57322]]}},{"id":"8046","type":"Feature","properties":{"ROL":"R-921","NOMBRE_CAMINO":"San Nicolas - Blanco Sur","CLASIFICACION":"Camino Regional Comunal","CALZADA":"ÚNICA","tmda":null},"geometry":{"type":"LineString","coordinates":[[-71.93272,-38.47345],[-71.92273,-38.47388],[-71.91416,-38.47886],[-71.89303,-38.48521],[-71.88612,-38.48539],[-71.87761,-38.49459],[-71.87154,-38.49684],[-71.86558,-38.496],[-71.86085,-38.49817],[-71.85436,-38.50975],[-71.84086,-38.51733],[-71.83971,-38.52134],[-71.83706,-38.52157]]}},{"id":"8047","type":"Feature","properties":{"ROL":"R-925-S","NOMBRE_CAMINO":"Curacautín - Conguillío - Melipeuco","CLASIFICACION":"Camino Regional Provincial","CALZADA":"ÚNICA","tmda":379.0},"geometry":{"type":"LineString","coordinates":[[-71.7886,-38.5677],[-71.78374,-38.57161],[-71.78293,-38.57327],[-71.78395,-38.57922],[-71.77298,-38.59048],[-71.76975,-38.59617],[-71.77,-38.59881],[-71.76217,-38.60347],[-71.75673,-38.61035],[-71.74818,-38.61511],[-71.74595,-38.61875],[-71.72873,-38.63457],[-71.7166,-38.63714],[-71.70828,-38.64196],[-71.69572,-38.6415],[-71.68058,-38.64665],[-71.67395,-38.64675],[-71.67146,-38.64844],[-71.65787,-38.6516],[-71.65123,-38.65159],[-71.64539,-38.64847],[-71.64468,-38.64645],[-71.63627,-38.64419],[-71.62263,-38.64517],[-71.62064,-38.64734],[-71.61796,-38.65671],[-71.61863,-38.66224],[-71.62149,-38.66975],[-71.62229,-38.6876],[-71.6259,-38.69514],[-71.62362,-38.70931],[-71.62583,-38.71936],[-71.62507,-38.72167],[-71.62725,-38.7265],[-71.62743,-38.73403],[-71.62574,-38.73821],[-71.62636,-38.74268],[-71.62518,-38.74575],[-71.62646,-38.74965],[-71.62564,-38.75477],[-71.63454,-38.76648],[-71.63406,-38.77068],[-71.63306,-38.77094],[-71.63444,-38.77277]]}},{"id":"8048","type":"Feature","properties":{"ROL":"R-929","NOMBRE_CAMINO":"La Tepa - Cañón del Blanco - Puente Negro","CLASIFICACION":"Camino Regional Comunal","CALZADA":"ÚNICA","tmda":null},"geometry":{"type":"LineString","coordinates":[[-71.82874,-38.51988],[-71.81602,-38.52195],[-71.80589,-38.52616],[-71.79686,-38.53119],[-71.78927,-38.53759],[-71.78439,-38.53936],[-71.76183,-38.53716],[-71.74596,-38.54061],[-71.73511,-38.54447],[-71.7144,-38.54547],[-71.70823,-38.54834],[-71.70409,-38.54753],[-71.70022,-38.54864],[-71.68563,-38.5441],[-71.68123,-38.54415],[-71.67629,-38.54649]]}},{"id":"8049","type":"Feature","properties":{"ROL":"R-95","NOMBRE_CAMINO":"Liucura - Icalma","CLASIFICACION":"Camino Regional Principal","CALZADA":"ÚNICA","tmda":793.0},"geometry":{"type":"LineString","coordinates":[[-71.08988,-38.64524],[-71.08549,-38.64826],[-71.0879,-38.65482],[-71.08771,-38.66052],[-71.08563,-38.66754],[-71.08813,-38.6796],[-71.08691,-38.68682],[-71.08755,-38.69054],[-71.09774,-38.69938],[-71.09813,-38.70167],[-71.1016,-38.70374],[-71.10287,-38.70676],[-71.10826,-38.71152],[-71.10944,-38.71485],[-71.11394,-38.71999],[-71.11271,-38.72339],[-71.1162,-38.72306],[-71.1161,-38.72424],[-71.11915,-38.72666],[-71.11949,-38.72975],[-71.12063,-38.72844],[-71.13038,-38.72797],[-71.13738,-38.73077],[-71.14588,-38.73084],[-71.15259,-38.73434],[-71.18001,-38.73272],[-71.18897,-38.73647],[-71.20964,-38.74804],[-71.22973,-38.77543],[-71.23958,-38.7805],[-71.2462,-38.78154],[-71.27401,-38.8053],[-71.27639,-38.80879],[-71.2829,-38.81096]]}},{"id":"8050","type":"Feature","properties":{"ROL":"R-883","NOMBRE_CAMINO":"Santa Ema - Rariruca - Radalco","CLASIFICACION":"Camino Regional Comunal","CALZADA":"ÚNICA","tmda":null},"geometry":{"type":"LineString","coordinates":[[-72.00921,-38.4281],[-72.00806,-38.42544],[-72.00348,-38.42422],[-71.99692,-38.42451],[-71.99635,-38.42085],[-71.99354,-38.41907],[-71.99199,-38.41574],[-71.9862,-38.40985]]}},{"id":"8051","type":"Feature","properties":{"ROL":"R-89","NOMBRE_CAMINO":"El Indio - Lonquimay","CLASIFICACION":"Camino Regional Principal","CALZADA":"ÚNICA","tmda":2321.0},"geometry":{"type":"LineString","coordinates":[[-71.53719,-38.47825],[-71.53453,-38.47818],[-71.52804,-38.47354],[-71.51856,-38.46474],[-71.51641,-38.46109],[-71.51588,-38.45686],[-71.51752,-38.44724]]}},{"id":"8052","type":"Feature","properties":{"ROL":"R-89","NOMBRE_CAMINO":"El Indio - Lonquimay","CLASIFICACION":"Camino Regional Principal","CALZADA":"ÚNICA","tmda":2321.0},"geometry":{"type":"LineString","coordinates":[[-71.37139,-38.45048],[-71.36868,-38.45342],[-71.36795,-38.45698],[-71.36533,-38.45757],[-71.35793,-38.46796]]}},{"id":"8053","type":"Feature","properties":{"ROL":"R-925-S","NOMBRE_CAMINO":"Curacautín - Conguillío - Melipeuco","CLASIFICACION":"Camino Regional Provincial","CALZADA":"ÚNICA","tmda":1193.0},"geometry":{"type":"LineString","coordinates":[[-71.88176,-38.44613],[-71.86936,-38.44985],[-71.87053,-38.45403],[-71.86707,-38.45934],[-71.85663,-38.46783],[-71.85309,-38.47298],[-71.85517,-38.48024],[-71.82551,-38.49003],[-71.82291,-38.49808],[-71.82302,-38.50341],[-71.82889,-38.52037],[-71.83656,-38.52052],[-71.83703,-38.52227],[-71.83308,-38.52365],[-71.83044,-38.52673],[-71.82239,-38.53175],[-71.8147,-38.53455],[-71.81533,-38.53767],[-71.81025,-38.54524],[-71.81281,-38.55397],[-71.80946,-38.55634],[-71.79377,-38.55877],[-71.78738,-38.56401],[-71.78931,-38.56637],[-71.7886,-38.5677]]}},{"id":"8054","type":"Feature","properties":{"ROL":"R-955","NOMBRE_CAMINO":"Lonquimay - La Fusta - Quinquen - Icalma","CLASIFICACION":"Camino Regional Provincial","CALZADA":"ÚNICA","tmda":null},"geometry":{"type":"LineString","coordinates":[[-71.41986,-38.55008],[-71.41974,-38.55136],[-71.42614,-38.55688],[-71.43394,-38.56817],[-71.44502,-38.57955],[-71.44729,-38.58354],[-71.44679,-38.58496],[-71.44384,-38.58522],[-71.4436,-38.58347],[-71.44166,-38.5825],[-71.43686,-38.58331],[-71.43679,-38.5874],[-71.43918,-38.59183],[-71.44043,-38.59802],[-71.43709,-38.60293],[-71.43698,-38.60992],[-71.43431,-38.61729],[-71.42839,-38.62258],[-71.43138,-38.62346],[-71.42742,-38.62809],[-71.42813,-38.63101],[-71.42632,-38.63377],[-71.42695,-38.63893],[-71.42552,-38.64168],[-71.41961,-38.64408],[-71.41325,-38.65092],[-71.40515,-38.65678],[-71.39815,-38.6577],[-71.39233,-38.65999],[-71.38906,-38.66332],[-71.38828,-38.66686],[-71.38453,-38.66939],[-71.37956,-38.67159],[-71.36709,-38.67337],[-71.35342,-38.67982],[-71.34527,-38.68546],[-71.34348,-38.69063],[-71.3327,-38.69628],[-71.32853,-38.69712],[-71.31681,-38.69114],[-71.31412,-38.69143],[-71.3087,-38.69507],[-71.28397,-38.69379],[-71.27984,-38.6947],[-71.25645,-38.69445],[-71.24898,-38.69599],[-71.23449,-38.70263],[-71.22331,-38.70547],[-71.21995,-38.70837],[-71.21595,-38.70936],[-71.21278,-38.71266],[-71.21158,-38.71948],[-71.22124,-38.732],[-71.23047,-38.75327],[-71.23734,-38.75965],[-71.23972,-38.76416],[-71.24813,-38.76974],[-71.24459,-38.77161],[-71.24393,-38.7734],[-71.24657,-38.778],[-71.26311,-38.78687],[-71.26813,-38.80063]]}},{"id":"8055","type":"Feature","properties":{"ROL":"R-963","NOMBRE_CAMINO":"La Puntiya - Cayunco - Lonquimay","CLASIFICACION":"Camino Regional Provincial","CALZADA":"ÚNICA","tmda":null},"geometry":{"type":"LineString","coordinates":[[-71.4367,-38.54954],[-71.43545,-38.54727],[-71.43472,-38.53788],[-71.41984,-38.53006],[-71.41155,-38.51691],[-71.40803,-38.5048],[-71.40847,-38.49605],[-71.40708,-38.48568],[-71.40433,-38.48378],[-71.39712,-38.4719],[-71.38828,-38.46351],[-71.38365,-38.45557],[-71.37873,-38.45005],[-71.37556,-38.4487]]}},{"id":"8056","type":"Feature","properties":{"ROL":"R-987","NOMBRE_CAMINO":"Cruzaco - Laguna Icalma","CLASIFICACION":"Camino Regional Comunal","CALZADA":"ÚNICA","tmda":null},"geometry":{"type":"LineString","coordinates":[[-71.24618,-38.78153],[-71.25303,-38.78158]]}},{"id":"8057","type":"Feature","properties":{"ROL":"Ruta 181 CH","NOMBRE_CAMINO":"Cruce Ruta 5 (Victoria) - Curacautín - Túnel Las Raíces - Paso Pino Hachado","CLASIFICACION":"Camino Nacional con Carácter de Internacional","CALZADA":"ÚNICA","tmda":1570.0},"geometry":{"type":"LineString","coordinates":[[-72.35483,-38.23739],[-72.33006,-38.23973],[-72.29156,-38.25349],[-72.28095,-38.25364],[-72.17883,-38.27717],[-72.17478,-38.28088],[-72.16539,-38.28456],[-72.16274,-38.28932],[-72.1554,-38.29128],[-72.14375,-38.29796],[-72.13766,-38.29813],[-72.11836,-38.29138],[-72.03505,-38.31076],[-72.02471,-38.32108],[-72.01449,-38.32117],[-72.0104,-38.32453],[-71.97525,-38.33187],[-71.96913,-38.3313],[-71.96635,-38.33515],[-71.95529,-38.3446],[-71.95465,-38.34766],[-71.95768,-38.35113],[-71.95437,-38.3517],[-71.95074,-38.34923],[-71.94598,-38.35066],[-71.9449,-38.35726],[-71.94338,-38.35822],[-71.93957,-38.35681],[-71.93837,-38.35467],[-71.93325,-38.35592],[-71.93623,-38.35653],[-71.93669,-38.35847],[-71.93446,-38.36032],[-71.93372,-38.36959],[-71.93137,-38.37637],[-71.93329,-38.38049],[-71.93305,-38.38407],[-71.94065,-38.3958],[-71.9454,-38.4083],[-71.9453,-38.4211],[-71.93403,-38.42902],[-71.92798,-38.42919],[-71.8974,-38.43587],[-71.88037,-38.43721],[-71.846,-38.44323],[-71.83834,-38.44562],[-71.83442,-38.44933],[-71.82286,-38.45136],[-71.81042,-38.45768],[-71.78496,-38.46435],[-71.76876,-38.46453],[-71.75773,-38.46152],[-71.75208,-38.46314],[-71.73914,-38.46062],[-71.73245,-38.45776],[-71.72026,-38.46273],[-71.70788,-38.46032],[-71.7051,-38.4623],[-71.70534,-38.4637],[-71.70344,-38.46588],[-71.68495,-38.47383],[-71.68026,-38.47366],[-71.67533,-38.47047],[-71.66412,-38.46769],[-71.65653,-38.46746],[-71.6525,-38.46888],[-71.64998,-38.46802],[-71.64862,-38.46949],[-71.64515,-38.4701],[-71.63655,-38.46437],[-71.63032,-38.46209],[-71.60933,-38.46444],[-71.59899,-38.46749],[-71.57852,-38.47098],[-71.56204,-38.47246],[-71.53701,-38.47831],[-71.53607,-38.48171],[-71.52249,-38.49251],[-71.52082,-38.49534],[-71.51946,-38.50337],[-71.52128,-38.50506],[-71.51948,-38.50616],[-71.51939,-38.50992],[-71.51703,-38.51287],[-71.51851,-38.51454],[-71.49833,-38.55775],[-71.49415,-38.5615],[-71.49181,-38.56735],[-71.46762,-38.56089],[-71.45421,-38.56082],[-71.43955,-38.55239],[-71.43639,-38.5494],[-71.43428,-38.55301],[-71.43208,-38.55354],[-71.41937,-38.5498],[-71.41385,-38.54307],[-71.40781,-38.54053],[-71.3941,-38.51817],[-71.38544,-38.51359],[-71.38344,-38.50697],[-71.37824,-38.50069],[-71.37553,-38.49113],[-71.36692,-38.48466],[-71.36344,-38.47809],[-71.36328,-38.4731],[-71.35825,-38.46817],[-71.35097,-38.46402],[-71.33335,-38.45828],[-71.32071,-38.45623],[-71.29075,-38.45726],[-71.27147,-38.44873],[-71.26167,-38.44854],[-71.25382,-38.44649],[-71.24581,-38.44684],[-71.24083,-38.44926],[-71.23446,-38.46197],[-71.23559,-38.47038],[-71.23839,-38.47659],[-71.23317,-38.4897],[-71.22033,-38.50581],[-71.21288,-38.5104],[-71.2067,-38.51134],[-71.20054,-38.51612],[-71.20239,-38.52955],[-71.19733,-38.55256],[-71.1841,-38.5641],[-71.17955,-38.56637],[-71.17798,-38.57171],[-71.17005,-38.57523],[-71.16118,-38.5766],[-71.14222,-38.58491],[-71.14124,-38.58656],[-71.14202,-38.59081],[-71.13619,-38.59482],[-71.13183,-38.60374],[-71.12412,-38.60828],[-71.11995,-38.61433],[-71.11617,-38.62326],[-71.10237,-38.62967],[-71.09454,-38.63803],[-71.08963,-38.64548],[-71.07679,-38.64583],[-71.06867,-38.64435],[-71.05928,-38.6454],[-71.04767,-38.6477],[-71.04173,-38.65296],[-71.03895,-38.6536],[-71.02693,-38.64936],[-71.0185,-38.64294],[-71.01706,-38.63963],[-71.01415,-38.6405],[-71.0171,-38.647],[-71.01641,-38.6485],[-71.00869,-38.64584],[-71.00461,-38.64626],[-70.98806,-38.6287],[-70.98076,-38.62796],[-70.97713,-38.63064],[-70.97261,-38.63051],[-70.96778,-38.63377],[-70.96262,-38.63524],[-70.95462,-38.63409],[-70.95364,-38.6354],[-70.95445,-38.63906],[-70.95301,-38.64178],[-70.93884,-38.64516],[-70.9179,-38.65665],[-70.89666,-38.66354]]}},{"id":"8058","type":"Feature","properties":{"ROL":"S-101-R","NOMBRE_CAMINO":"Perquenco - Púa (Cruce Calle Cristóbal Colón)","CLASIFICACION":"Camino Regional Comunal","CALZADA":"ÚNICA","tmda":null},"geometry":{"type":"LineString","coordinates":[[-72.38625,-38.37409],[-72.38196,-38.37315],[-72.3755,-38.35668],[-72.37512,-38.33931]]}},{"id":"8059","type":"Feature","properties":{"ROL":"S-103","NOMBRE_CAMINO":"Cruce Ruta 5 (Perquenco) - Acceso Sur Perquenco","CLASIFICACION":"Camino Regional Provincial","CALZADA":"ÚNICA","tmda":null},"geometry":{"type":"LineString","coordinates":[[-72.41666,-38.44251],[-72.39442,-38.43446],[-72.38679,-38.42778]]}},{"id":"8060","type":"Feature","properties":{"ROL":"S-107","NOMBRE_CAMINO":"Cruce Ruta 5 (Acceso Norte Perquenco) - El Sol","CLASIFICACION":"Camino Regional Comunal","CALZADA":"ÚNICA","tmda":null},"geometry":{"type":"LineString","coordinates":[[-72.39298,-38.40674],[-72.37855,-38.40755],[-72.37697,-38.40866],[-72.37654,-38.41589],[-72.37232,-38.41779],[-72.37362,-38.41985],[-72.34922,-38.42661],[-72.34806,-38.4287],[-72.34513,-38.42884],[-72.33683,-38.43301],[-72.33068,-38.43883],[-72.31656,-38.4423],[-72.31186,-38.44236],[-72.30839,-38.44759]]}},{"id":"8061","type":"Feature","properties":{"ROL":"S-109","NOMBRE_CAMINO":"Cruce Ruta 5 (Longitudinal Antiguo) - Perquenco","CLASIFICACION":"Camino Regional Provincial","CALZADA":"ÚNICA","tmda":null},"geometry":{"type":"LineString","coordinates":[[-72.38757,-38.37379],[-72.38614,-38.3742],[-72.37172,-38.39688],[-72.36628,-38.4015],[-72.36807,-38.40297],[-72.3673,-38.40729],[-72.36815,-38.40976],[-72.37333,-38.41732]]}},{"id":"8062","type":"Feature","properties":{"ROL":"S-11-R","NOMBRE_CAMINO":"Cruce Ruta 5 (Lautaro) - Curacautín","CLASIFICACION":"Camino Regional Principal","CALZADA":"ÚNICA","tmda":1831.0},"geometry":{"type":"LineString","coordinates":[[-72.45932,-38.54406],[-72.44968,-38.54018],[-72.43915,-38.54187],[-72.43583,-38.53473],[-72.42605,-38.5372],[-72.41759,-38.53271],[-72.41404,-38.52551],[-72.39418,-38.51864],[-72.385,-38.51349],[-72.37001,-38.50927],[-72.36081,-38.50451],[-72.35785,-38.50395],[-72.35345,-38.50522],[-72.33709,-38.50222],[-72.30989,-38.49226],[-72.30205,-38.49094],[-72.26131,-38.49029],[-72.24895,-38.49077],[-72.24609,-38.4922],[-72.23891,-38.49134],[-72.22973,-38.4924],[-72.15465,-38.48919],[-72.14659,-38.48485],[-72.13155,-38.48819],[-72.08713,-38.4862],[-72.06559,-38.48032],[-72.03967,-38.4706],[-71.98445,-38.47786],[-71.96804,-38.47187],[-71.94659,-38.47276],[-71.94461,-38.47195],[-71.93633,-38.47445],[-71.93183,-38.47268],[-71.93459,-38.4629],[-71.92472,-38.44467],[-71.89787,-38.44898],[-71.89556,-38.44507],[-71.88162,-38.44612],[-71.88046,-38.4372]]}},{"id":"8063","type":"Feature","properties":{"ROL":"S-117","NOMBRE_CAMINO":"Rehuecoyán - Millalén","CLASIFICACION":"Camino Regional Comunal","CALZADA":"ÚNICA","tmda":null},"geometry":{"type":"LineString","coordinates":[[-72.3776,-38.36228],[-72.35214,-38.36738]]}},{"id":"8064","type":"Feature","properties":{"ROL":"S-10","NOMBRE_CAMINO":"Cruce Ruta 5 - Galvarino","CLASIFICACION":"Sin Información","CALZADA":"-","tmda":1062.0},"geometry":{"type":"LineString","coordinates":[[-72.4537,-38.50888],[-72.45998,-38.50722],[-72.47449,-38.50723],[-72.49044,-38.50537],[-72.52883,-38.51557],[-72.55127,-38.51375],[-72.57564,-38.50262],[-72.57761,-38.50028],[-72.58175,-38.49952],[-72.60372,-38.47668]]}},{"id":"8065","type":"Feature","properties":{"ROL":"S-137","NOMBRE_CAMINO":"Lautaro - Quillén","CLASIFICACION":"Camino Regional Comunal","CALZADA":"ÚNICA","tmda":null},"geometry":{"type":"LineString","coordinates":[[-72.4293,-38.52277],[-72.4173,-38.50568],[-72.40353,-38.49978],[-72.4012,-38.49524],[-72.39414,-38.49223],[-72.38698,-38.47465],[-72.38622,-38.46963],[-72.38716,-38.46877]]}},{"id":"8066","type":"Feature","properties":{"ROL":"S-292","NOMBRE_CAMINO":"Cruce Ruta 5 (Perquenco) - Rinconada","CLASIFICACION":"Camino Regional Comunal","CALZADA":"ÚNICA","tmda":null},"geometry":{"type":"LineString","coordinates":[[-72.41666,-38.44251],[-72.44199,-38.45166],[-72.44788,-38.45253]]}},{"id":"8067","type":"Feature","properties":{"ROL":"S-294","NOMBRE_CAMINO":"Huallapenco - Rinconada","CLASIFICACION":"Camino Regional Comunal","CALZADA":"ÚNICA","tmda":null},"geometry":{"type":"LineString","coordinates":[[-72.44945,-38.45867],[-72.46623,-38.46199],[-72.48806,-38.46932],[-72.51995,-38.47034],[-72.5334,-38.46888],[-72.56493,-38.45817],[-72.57158,-38.45889],[-72.57504,-38.46142],[-72.57863,-38.4581],[-72.58501,-38.44791],[-72.58861,-38.44575],[-72.59356,-38.45048],[-72.59795,-38.45099],[-72.60446,-38.45978],[-72.60741,-38.45891]]}},{"id":"8068","type":"Feature","properties":{"ROL":"S-298","NOMBRE_CAMINO":"Variante Huallapenco","CLASIFICACION":"Camino Regional Comunal","CALZADA":"ÚNICA","tmda":null},"geometry":{"type":"LineString","coordinates":[[-72.60398,-38.47669],[-72.60872,-38.46207],[-72.60597,-38.4592],[-72.61413,-38.45658],[-72.61818,-38.45152],[-72.62424,-38.45361],[-72.62788,-38.45278]]}},{"id":"8069","type":"Feature","properties":{"ROL":"S-306","NOMBRE_CAMINO":"Acceso Parlamento","CLASIFICACION":"Camino Regional Comunal","CALZADA":"ÚNICA","tmda":null},"geometry":{"type":"LineString","coordinates":[[-72.49928,-38.50755],[-72.50126,-38.50082],[-72.50182,-38.49243],[-72.50914,-38.48877],[-72.49354,-38.4697]]}},{"id":"8070","type":"Feature","properties":{"ROL":"S-324-R","NOMBRE_CAMINO":"Cruce Ruta 5 (Rehuecoyán) - Quino","CLASIFICACION":"Camino Regional Provincial","CALZADA":"ÚNICA","tmda":null},"geometry":{"type":"LineString","coordinates":[[-72.43257,-38.37782],[-72.44147,-38.37756],[-72.45509,-38.37946],[-72.47711,-38.37418],[-72.49056,-38.37424],[-72.49156,-38.36983],[-72.49066,-38.36818],[-72.49109,-38.35536],[-72.49324,-38.34752]]}},{"id":"8071","type":"Feature","properties":{"ROL":"S-328","NOMBRE_CAMINO":"Cruce Ruta 5 (Perquenco) - Rehuecoyán","CLASIFICACION":"Camino Regional Comunal","CALZADA":"ÚNICA","tmda":null},"geometry":{"type":"LineString","coordinates":[[-72.45148,-38.40395],[-72.45419,-38.40065],[-72.46028,-38.3973],[-72.47896,-38.3819],[-72.47917,-38.37398]]}},{"id":"8072","type":"Feature","properties":{"ROL":"S-330","NOMBRE_CAMINO":"Cruce Ruta 5 (Puente Quillén) - El Salto","CLASIFICACION":"Camino Regional Comunal","CALZADA":"ÚNICA","tmda":null},"geometry":{"type":"LineString","coordinates":[[-72.42514,-38.46718],[-72.45,-38.46177],[-72.44788,-38.45253],[-72.47099,-38.449],[-72.48044,-38.45019],[-72.49208,-38.44018],[-72.49523,-38.43881],[-72.49978,-38.43176],[-72.51153,-38.42069],[-72.51557,-38.42132],[-72.52698,-38.41786],[-72.52736,-38.41119],[-72.53186,-38.40817],[-72.53133,-38.40555],[-72.51684,-38.39343],[-72.51088,-38.38352],[-72.49854,-38.37667],[-72.49056,-38.37424]]}},{"id":"8073","type":"Feature","properties":{"ROL":"S-365-R","NOMBRE_CAMINO":"Truful Truful - China Muerta - Galletué","CLASIFICACION":"Camino Regional Provincial","CALZADA":"ÚNICA","tmda":null},"geometry":{"type":"LineString","coordinates":[[-71.65398,-38.83932],[-71.6551,-38.83644],[-71.65401,-38.83217],[-71.64748,-38.82532],[-71.64711,-38.82254],[-71.64325,-38.81809],[-71.64183,-38.81118],[-71.63875,-38.80659],[-71.63912,-38.79941],[-71.63511,-38.7911],[-71.63295,-38.78914],[-71.63078,-38.78244],[-71.62673,-38.77892],[-71.62019,-38.77685],[-71.61714,-38.77407],[-71.61384,-38.77404],[-71.61028,-38.77004],[-71.60628,-38.76859],[-71.60587,-38.76697],[-71.60444,-38.76778],[-71.59379,-38.76436],[-71.58772,-38.76366],[-71.57073,-38.77024],[-71.5628,-38.76947],[-71.55858,-38.77116],[-71.5552,-38.76778],[-71.54967,-38.76716],[-71.54639,-38.76462],[-71.54849,-38.76123],[-71.5474,-38.75912],[-71.54476,-38.75783],[-71.54495,-38.75657],[-71.53632,-38.75422],[-71.52949,-38.74977],[-71.52798,-38.74553],[-71.52924,-38.74403],[-71.52561,-38.7364],[-71.52764,-38.73687],[-71.52577,-38.73511],[-71.52529,-38.73197],[-71.52069,-38.72663],[-71.52032,-38.72227],[-71.51626,-38.72109],[-71.51232,-38.7179],[-71.50908,-38.71751],[-71.50226,-38.70921],[-71.49125,-38.70358],[-71.48187,-38.70486],[-71.47736,-38.70691],[-71.45502,-38.70801],[-71.43092,-38.70084],[-71.41209,-38.70038],[-71.40275,-38.69554],[-71.4039,-38.69358],[-71.40337,-38.68872],[-71.3984,-38.67847],[-71.38734,-38.66745]]}},{"id":"8074","type":"Feature","properties":{"ROL":"S-125-R","NOMBRE_CAMINO":"Cruce Ruta 5 (Puente Quillén) - El Sol - Selva Oscura","CLASIFICACION":"Camino Regional Provincial","CALZADA":"ÚNICA","tmda":205.0},"geometry":{"type":"LineString","coordinates":[[-72.42687,-38.47298],[-72.42503,-38.46916]]}},{"id":"8075","type":"Feature","properties":{"ROL":"S-125-R","NOMBRE_CAMINO":"Cruce Ruta 5 (Puente Quillén) - El Sol - Selva Oscura","CLASIFICACION":"Camino Regional Provincial","CALZADA":"ÚNICA","tmda":205.0},"geometry":{"type":"LineString","coordinates":[[-72.17365,-38.37852],[-72.17168,-38.37477],[-72.1726,-38.37213],[-72.17023,-38.37174],[-72.16959,-38.3678]]}},{"id":"8076","type":"Feature","properties":{"ROL":"S-137","NOMBRE_CAMINO":"Lautaro - Quillén","CLASIFICACION":"Camino Regional Comunal","CALZADA":"ÚNICA","tmda":null},"geometry":{"type":"LineString","coordinates":[[-72.38716,-38.46877],[-72.38955,-38.46717]]}},{"id":"8077","type":"Feature","properties":{"ROL":"S-328","NOMBRE_CAMINO":"Cruce Ruta 5 (Perquenco) - Rehuecoyán","CLASIFICACION":"Camino Regional Comunal","CALZADA":"ÚNICA","tmda":null},"geometry":{"type":"LineString","coordinates":[[-72.43841,-38.39886],[-72.43955,-38.39896]]}},{"id":"8078","type":"Feature","properties":{"ROL":"S-328","NOMBRE_CAMINO":"Cruce Ruta 5 (Perquenco) - Rehuecoyán","CLASIFICACION":"Camino Regional Comunal","CALZADA":"ÚNICA","tmda":null},"geometry":{"type":"LineString","coordinates":[[-72.44768,-38.40258],[-72.44895,-38.40298]]}},{"id":"8079","type":"Feature","properties":{"ROL":"S-51-R","NOMBRE_CAMINO":"Cruce Ruta 5 (Enlace Padre las Casas) - Cunco - Melipeuco - Paso Icalma","CLASIFICACION":"Camino Regional Principal","CALZADA":"ÚNICA","tmda":4506.0},"geometry":{"type":"LineString","coordinates":[[-72.58794,-38.76441],[-72.5865,-38.77121],[-72.56745,-38.79298],[-72.56812,-38.79526],[-72.56372,-38.80698],[-72.55994,-38.81002],[-72.54893,-38.81494],[-72.52509,-38.83426],[-72.50985,-38.83525],[-72.50241,-38.83361],[-72.48185,-38.83427],[-72.46552,-38.84056],[-72.45795,-38.84154],[-72.44666,-38.8512],[-72.43294,-38.8532],[-72.28348,-38.88865],[-72.27519,-38.89396],[-72.25518,-38.89519],[-72.12408,-38.92465],[-72.11149,-38.9284],[-72.08553,-38.92343],[-72.07092,-38.9277],[-72.02657,-38.93234],[-72.0253,-38.93031],[-72.01391,-38.93039],[-72.00564,-38.92787],[-71.99341,-38.91939],[-71.97692,-38.92204],[-71.96796,-38.91904],[-71.95043,-38.91571],[-71.93671,-38.9154],[-71.92686,-38.90861],[-71.91697,-38.8963],[-71.89455,-38.88298],[-71.88981,-38.88138],[-71.87865,-38.88352],[-71.86176,-38.87869],[-71.82994,-38.86238],[-71.80141,-38.85288],[-71.77033,-38.85104],[-71.76193,-38.8495],[-71.75666,-38.85257],[-71.70949,-38.85724],[-71.68257,-38.85078],[-71.66144,-38.83931],[-71.65419,-38.83936],[-71.6324,-38.83496],[-71.62566,-38.83555],[-71.61891,-38.83783],[-71.61732,-38.83426],[-71.60291,-38.83687],[-71.59197,-38.83684]]}},{"id":"8080","type":"Feature","properties":{"ROL":"S/R-R-1901","NOMBRE_CAMINO":"Cajón Liucura","CLASIFICACION":"Camino Regional de Acceso","CALZADA":"ÚNICA","tmda":null},"geometry":{"type":"LineString","coordinates":[[-71.08577,-38.6503],[-71.08248,-38.64894],[-71.08159,-38.65046],[-71.06792,-38.6494],[-71.06622,-38.64986],[-71.06576,-38.65157],[-71.06062,-38.6532],[-71.0546,-38.65094],[-71.04733,-38.65135]]}},{"id":"8081","type":"Feature","properties":{"ROL":"S/R-R-1909","NOMBRE_CAMINO":"Cruzaco - Rucanuco","CLASIFICACION":"Camino Regional Comunal","CALZADA":"ÚNICA","tmda":null},"geometry":{"type":"LineString","coordinates":[[-71.23248,-38.77673],[-71.23607,-38.77454],[-71.24411,-38.77286]]}},{"id":"8082","type":"Feature","properties":{"ROL":"S-51-R","NOMBRE_CAMINO":"Cruce Ruta 5 (Enlace Padre las Casas) - Cunco - Melipeuco - Paso Icalma","CLASIFICACION":"Camino Regional Principal","CALZADA":"ÚNICA","tmda":868.0},"geometry":{"type":"LineString","coordinates":[[-71.37473,-38.8355],[-71.3679,-38.82951],[-71.36522,-38.82453],[-71.34725,-38.81587],[-71.33313,-38.81695],[-71.32804,-38.82214],[-71.32507,-38.82278],[-71.29715,-38.81799],[-71.29064,-38.81313],[-71.28291,-38.81096]]}},{"id":"8083","type":"Feature","properties":{"ROL":"S-51-R","NOMBRE_CAMINO":"Cruce Ruta 5 (Enlace Padre las Casas) - Cunco - Melipeuco - Paso Icalma","CLASIFICACION":"Camino Regional Principal","CALZADA":"ÚNICA","tmda":868.0},"geometry":{"type":"LineString","coordinates":[[-71.28291,-38.81096],[-71.28012,-38.82255],[-71.28204,-38.82618],[-71.28131,-38.83021],[-71.27493,-38.83311],[-71.26799,-38.83363]]}},{"id":"8084","type":"Feature","properties":{"ROL":"S/R-R-1913","NOMBRE_CAMINO":"Manchurias - Ñanco","CLASIFICACION":"Camino Regional de Acceso","CALZADA":"ÚNICA","tmda":null},"geometry":{"type":"LineString","coordinates":[[-71.7595,-38.46727],[-71.74707,-38.46537],[-71.74256,-38.46866],[-71.73684,-38.4695],[-71.73491,-38.4679],[-71.72973,-38.47127],[-71.72084,-38.47407],[-71.71771,-38.47277],[-71.71504,-38.46655],[-71.71343,-38.46614]]}},{"id":"8085","type":"Feature","properties":{"ROL":"S/R-R-747","NOMBRE_CAMINO":"San Agustín - Colonia Los Laureles","CLASIFICACION":"Camino Regional Comunal","CALZADA":"ÚNICA","tmda":null},"geometry":{"type":"LineString","coordinates":[[-71.94565,-38.35096],[-71.93631,-38.34904],[-71.92416,-38.34299],[-71.92007,-38.34306],[-71.91423,-38.33904],[-71.9121,-38.33288],[-71.91036,-38.33139],[-71.90833,-38.33498],[-71.90529,-38.33473]]}},{"id":"8086","type":"Feature","properties":{"ROL":"S/R-R-749","NOMBRE_CAMINO":"Los Raulies","CLASIFICACION":"Camino Regional de Acceso","CALZADA":"ÚNICA","tmda":null},"geometry":{"type":"LineString","coordinates":[[-71.93151,-38.37714],[-71.92914,-38.37577],[-71.92671,-38.37646],[-71.92357,-38.37011],[-71.92219,-38.36958]]}},{"id":"8087","type":"Feature","properties":{"ROL":"S/R-R-751","NOMBRE_CAMINO":"Acceso Colonia Los Nogales","CLASIFICACION":"Camino Regional de Acceso","CALZADA":"ÚNICA","tmda":null},"geometry":{"type":"LineString","coordinates":[[-71.88894,-38.37553],[-71.87519,-38.37906],[-71.87061,-38.37455],[-71.86393,-38.37283],[-71.85657,-38.37413],[-71.85284,-38.37017]]}},{"id":"8088","type":"Feature","properties":{"ROL":"S/R-R-757","NOMBRE_CAMINO":"Curacautín - La Estrella - Los Nogales","CLASIFICACION":"Camino Regional Comunal","CALZADA":"ÚNICA","tmda":null},"geometry":{"type":"LineString","coordinates":[[-71.89367,-38.42222],[-71.90232,-38.42018],[-71.90345,-38.41502],[-71.90105,-38.40557],[-71.88922,-38.37582]]}},{"id":"8089","type":"Feature","properties":{"ROL":"S/R-R-759","NOMBRE_CAMINO":"Curacautín - Santa inés","CLASIFICACION":"Camino Regional de Acceso","CALZADA":"ÚNICA","tmda":null},"geometry":{"type":"LineString","coordinates":[[-71.87647,-38.43794],[-71.86572,-38.40965]]}},{"id":"8090","type":"Feature","properties":{"ROL":"S/R-R-763","NOMBRE_CAMINO":"Las Zarzas - Cordova","CLASIFICACION":"Camino Regional de Acceso","CALZADA":"ÚNICA","tmda":null},"geometry":{"type":"LineString","coordinates":[[-71.85377,-38.44207],[-71.84453,-38.4177],[-71.84787,-38.40498],[-71.83846,-38.40546],[-71.82865,-38.40115],[-71.82426,-38.39753],[-71.81145,-38.3962],[-71.81043,-38.39448],[-71.79478,-38.39863],[-71.78642,-38.39895]]}},{"id":"8091","type":"Feature","properties":{"ROL":"S/R-R-765","NOMBRE_CAMINO":"Niágara - Buena Vista","CLASIFICACION":"Camino Regional Comunal","CALZADA":"ÚNICA","tmda":null},"geometry":{"type":"LineString","coordinates":[[-71.73304,-38.45781],[-71.73372,-38.45557],[-71.74081,-38.45437],[-71.74435,-38.44292],[-71.74225,-38.44069],[-71.73415,-38.43689],[-71.7329,-38.42963],[-71.72725,-38.42446],[-71.72182,-38.42273],[-71.71899,-38.41668]]}},{"id":"8092","type":"Feature","properties":{"ROL":"S/R-R-783","NOMBRE_CAMINO":"Acceso Comunidad El Naranjo","CLASIFICACION":"Camino Regional Comunal","CALZADA":"ÚNICA","tmda":null},"geometry":{"type":"LineString","coordinates":[[-71.36644,-38.44834],[-71.36678,-38.44141],[-71.36952,-38.43596],[-71.36578,-38.43449],[-71.36434,-38.43239],[-71.36274,-38.42297],[-71.36089,-38.42118],[-71.36064,-38.41711],[-71.35785,-38.41198],[-71.35783,-38.4105],[-71.36085,-38.40723],[-71.35787,-38.40528],[-71.35768,-38.40328],[-71.35908,-38.40394],[-71.35991,-38.40276],[-71.35839,-38.40083],[-71.36031,-38.39916],[-71.35846,-38.39784],[-71.35927,-38.39512],[-71.35165,-38.39342],[-71.35148,-38.39242],[-71.34911,-38.39286],[-71.35043,-38.39116],[-71.35021,-38.38882],[-71.34848,-38.3893],[-71.346,-38.38498],[-71.34363,-38.38362],[-71.34273,-38.38452]]}},{"id":"8093","type":"Feature","properties":{"ROL":"S/R-R-795","NOMBRE_CAMINO":"Balsa Caracoles - Alto Pehuenco","CLASIFICACION":"Camino Regional Comunal","CALZADA":"ÚNICA","tmda":null},"geometry":{"type":"LineString","coordinates":[[-71.29269,-38.34151],[-71.29084,-38.33776],[-71.29269,-38.33843],[-71.29414,-38.33414],[-71.2931,-38.33236],[-71.29403,-38.32924],[-71.28619,-38.31865],[-71.28285,-38.31168],[-71.27638,-38.30573],[-71.27582,-38.30128],[-71.27128,-38.2968],[-71.27391,-38.29476],[-71.27438,-38.29128],[-71.27599,-38.28939],[-71.28302,-38.28821],[-71.29666,-38.28974],[-71.30516,-38.28497]]}},{"id":"8094","type":"Feature","properties":{"ROL":"S/R-R-795","NOMBRE_CAMINO":"Balsa Caracoles - Alto Pehuenco","CLASIFICACION":"Camino Regional Comunal","CALZADA":"ÚNICA","tmda":null},"geometry":{"type":"LineString","coordinates":[[-71.29389,-38.34296],[-71.29323,-38.34212]]}},{"id":"8095","type":"Feature","properties":{"ROL":"S/R-R-797","NOMBRE_CAMINO":"Acceso Ranquil - Pelehue","CLASIFICACION":"Camino Regional Comunal","CALZADA":"ÚNICA","tmda":null},"geometry":{"type":"LineString","coordinates":[[-71.29182,-38.27766],[-71.28217,-38.27785],[-71.27752,-38.27506],[-71.26935,-38.27687],[-71.26528,-38.2737],[-71.26043,-38.27259],[-71.2568,-38.26541],[-71.25022,-38.26288],[-71.24862,-38.26131],[-71.24868,-38.25897],[-71.24247,-38.25611],[-71.24031,-38.25323],[-71.23386,-38.24936],[-71.23008,-38.25023],[-71.22485,-38.24827],[-71.22439,-38.24566],[-71.21749,-38.23769],[-71.21235,-38.23594],[-71.20771,-38.23174],[-71.20416,-38.23026],[-71.20027,-38.22395],[-71.19413,-38.22241],[-71.1808,-38.21317],[-71.17644,-38.2127],[-71.1616,-38.20203],[-71.15067,-38.19763],[-71.14466,-38.19161],[-71.14138,-38.18593],[-71.13759,-38.18441],[-71.13093,-38.17853],[-71.1189,-38.17299],[-71.11558,-38.16962]]}},{"id":"8096","type":"Feature","properties":{"ROL":"S/R-R-801","NOMBRE_CAMINO":"Lonquimay - Las Mellizas - Lolco","CLASIFICACION":"Camino Regional de Acceso","CALZADA":"ÚNICA","tmda":null},"geometry":{"type":"LineString","coordinates":[[-71.39581,-38.43263],[-71.40183,-38.42745],[-71.41277,-38.42208],[-71.4181,-38.41733],[-71.42983,-38.41492],[-71.4343,-38.4104],[-71.43616,-38.41046],[-71.44609,-38.40056],[-71.44776,-38.39516],[-71.45533,-38.38732],[-71.45311,-38.38582],[-71.44798,-38.37659],[-71.44361,-38.37477],[-71.43981,-38.36108],[-71.43726,-38.35917]]}},{"id":"8097","type":"Feature","properties":{"ROL":"S/R-R-803","NOMBRE_CAMINO":"Escuela Quinquén - Lago Galletué","CLASIFICACION":"Camino Regional de Acceso","CALZADA":"ÚNICA","tmda":null},"geometry":{"type":"LineString","coordinates":[[-71.38758,-38.66179],[-71.3857,-38.66442],[-71.37736,-38.66835],[-71.36407,-38.66694],[-71.34486,-38.66999],[-71.33915,-38.6689],[-71.33167,-38.67179],[-71.33209,-38.67346]]}},{"id":"8098","type":"Feature","properties":{"ROL":"S/R-R-805","NOMBRE_CAMINO":"Mallín del Treile - Rinconada - El Naranjo","CLASIFICACION":"Camino Regional Comunal","CALZADA":"ÚNICA","tmda":null},"geometry":{"type":"LineString","coordinates":[[-71.38354,-38.44024],[-71.38245,-38.42838],[-71.38561,-38.42316],[-71.38905,-38.42207],[-71.39638,-38.42445],[-71.39671,-38.42319],[-71.39819,-38.42385],[-71.39936,-38.42286]]}},{"id":"8099","type":"Feature","properties":{"ROL":"S/R-R-807","NOMBRE_CAMINO":"Escuela Mallín del Treile - El Naranjo","CLASIFICACION":"Camino Regional Comunal","CALZADA":"ÚNICA","tmda":null},"geometry":{"type":"LineString","coordinates":[[-71.38263,-38.43421],[-71.38002,-38.43218],[-71.37677,-38.43301],[-71.37587,-38.43159],[-71.37453,-38.43398],[-71.36952,-38.436]]}},{"id":"8100","type":"Feature","properties":{"ROL":"S/R-R-809","NOMBRE_CAMINO":"Comunidad Quinquén","CLASIFICACION":"Camino Regional Comunal","CALZADA":"ÚNICA","tmda":null},"geometry":{"type":"LineString","coordinates":[[-71.38937,-38.66291],[-71.3876,-38.66181],[-71.38392,-38.65531],[-71.37666,-38.63484],[-71.37726,-38.63059],[-71.38227,-38.61942],[-71.3834,-38.6087],[-71.37746,-38.60077],[-71.37267,-38.59968],[-71.37192,-38.60033],[-71.37693,-38.6054],[-71.37923,-38.61234],[-71.37335,-38.62003],[-71.36991,-38.63291],[-71.37658,-38.64479],[-71.38078,-38.64655]]}},{"id":"8101","type":"Feature","properties":{"ROL":"S/R-R-827-S","NOMBRE_CAMINO":"Las Cardas - Cullinco - Santa Rosa","CLASIFICACION":"Camino Regional Provincial","CALZADA":"ÚNICA","tmda":null},"geometry":{"type":"LineString","coordinates":[[-72.26684,-38.33087],[-72.27311,-38.35286],[-72.29355,-38.40775],[-72.3156,-38.40502],[-72.36225,-38.39407]]}},{"id":"8102","type":"Feature","properties":{"ROL":"S/R-R-873","NOMBRE_CAMINO":"Queule - Laguna Negra","CLASIFICACION":"Camino Regional de Acceso","CALZADA":"ÚNICA","tmda":null},"geometry":{"type":"LineString","coordinates":[[-71.81306,-38.55364],[-71.81896,-38.55464],[-71.81845,-38.56046],[-71.82089,-38.56432],[-71.81804,-38.57579],[-71.81904,-38.57938],[-71.81575,-38.58772]]}},{"id":"8103","type":"Feature","properties":{"ROL":"S/R-R-879","NOMBRE_CAMINO":"Santa Julia - San Manuel - Rariruca","CLASIFICACION":"Camino Regional Comunal","CALZADA":"ÚNICA","tmda":null},"geometry":{"type":"LineString","coordinates":[[-71.99124,-38.47734],[-71.99032,-38.46664],[-71.99365,-38.45446],[-71.99134,-38.44872],[-71.99312,-38.44506],[-71.99056,-38.44443],[-71.99622,-38.43464],[-72.00073,-38.43243]]}},{"id":"8104","type":"Feature","properties":{"ROL":"S/R-R-885","NOMBRE_CAMINO":"Santa Julia - Ventrenco","CLASIFICACION":"Camino Regional Comunal","CALZADA":"ÚNICA","tmda":null},"geometry":{"type":"LineString","coordinates":[[-71.9853,-38.48299],[-71.98365,-38.4931],[-71.99084,-38.50818]]}},{"id":"8105","type":"Feature","properties":{"ROL":"S/R-R-887","NOMBRE_CAMINO":"Santa Ema Sur","CLASIFICACION":"Camino Regional de Acceso","CALZADA":"ÚNICA","tmda":null},"geometry":{"type":"LineString","coordinates":[[-72.03303,-38.47153],[-72.03509,-38.47599],[-72.03811,-38.47674],[-72.04915,-38.50393]]}},{"id":"8106","type":"Feature","properties":{"ROL":"S/R-R-891","NOMBRE_CAMINO":"Lolén - Puente Mitrauquén","CLASIFICACION":"Camino Regional Comunal","CALZADA":"ÚNICA","tmda":null},"geometry":{"type":"LineString","coordinates":[[-71.22895,-38.46827],[-71.22562,-38.46954],[-71.22364,-38.46697],[-71.2065,-38.46116],[-71.20315,-38.45706],[-71.19686,-38.45671],[-71.19577,-38.45471],[-71.19307,-38.45426],[-71.18629,-38.45673],[-71.18468,-38.45421],[-71.18238,-38.45635],[-71.18177,-38.454],[-71.17999,-38.45296],[-71.17402,-38.45369]]}},{"id":"8107","type":"Feature","properties":{"ROL":"S/R-R-893","NOMBRE_CAMINO":"Comunidad Pancunto Alto","CLASIFICACION":"Camino Regional de Acceso","CALZADA":"ÚNICA","tmda":null},"geometry":{"type":"LineString","coordinates":[[-71.17995,-38.45296],[-71.17325,-38.44393],[-71.16797,-38.44105],[-71.16782,-38.43974],[-71.15824,-38.4395]]}},{"id":"8108","type":"Feature","properties":{"ROL":"S/R-R-895","NOMBRE_CAMINO":"Lolén - Pichipehuenco - Puente Tucapel","CLASIFICACION":"Camino Regional Comunal","CALZADA":"ÚNICA","tmda":null},"geometry":{"type":"LineString","coordinates":[[-71.23664,-38.4726],[-71.23521,-38.47337],[-71.23652,-38.47627],[-71.23551,-38.47909],[-71.23118,-38.48254],[-71.22087,-38.49869],[-71.2132,-38.50184],[-71.20099,-38.49722],[-71.20032,-38.49884],[-71.1936,-38.50252],[-71.19309,-38.504],[-71.19831,-38.50677],[-71.19948,-38.5096],[-71.19882,-38.51279],[-71.19294,-38.51774],[-71.19256,-38.52061],[-71.18774,-38.52834],[-71.18172,-38.53528],[-71.17874,-38.54413],[-71.17462,-38.54652],[-71.16934,-38.55362],[-71.1602,-38.55595],[-71.15315,-38.56221],[-71.14219,-38.58052],[-71.13957,-38.58256],[-71.13711,-38.59424]]}},{"id":"8109","type":"Feature","properties":{"ROL":"S/R-R-897","NOMBRE_CAMINO":"Comunidad Mitrauquén","CLASIFICACION":"Camino Regional Comunal","CALZADA":"ÚNICA","tmda":null},"geometry":{"type":"LineString","coordinates":[[-71.20119,-38.49729],[-71.19823,-38.494],[-71.19227,-38.49152],[-71.18839,-38.49171],[-71.18698,-38.48971],[-71.18299,-38.48844],[-71.18374,-38.48295],[-71.17831,-38.46318],[-71.17433,-38.4586],[-71.17308,-38.45086],[-71.16491,-38.44532],[-71.15727,-38.4417],[-71.15307,-38.44128],[-71.14567,-38.44399],[-71.13054,-38.44543],[-71.12143,-38.44587],[-71.11172,-38.44396],[-71.10772,-38.44543],[-71.10307,-38.44276],[-71.0955,-38.44162],[-71.09146,-38.43756],[-71.08494,-38.43536]]}},{"id":"8110","type":"Feature","properties":{"ROL":"S/R-R-899","NOMBRE_CAMINO":"Marimenuco - Huallinmapu","CLASIFICACION":"Camino Regional Comunal","CALZADA":"ÚNICA","tmda":null},"geometry":{"type":"LineString","coordinates":[[-71.18487,-38.73483],[-71.18628,-38.72796],[-71.18555,-38.72336],[-71.19108,-38.71891],[-71.20643,-38.71152],[-71.21593,-38.70938]]}},{"id":"8111","type":"Feature","properties":{"ROL":"S/R-R-753","NOMBRE_CAMINO":"Curacautín - Pidenco","CLASIFICACION":"Camino Regional Comunal","CALZADA":"ÚNICA","tmda":null},"geometry":{"type":"LineString","coordinates":[[-71.89465,-38.43029],[-71.89386,-38.42592]]}},{"id":"8112","type":"Feature","properties":{"ROL":"S/R-R-753","NOMBRE_CAMINO":"Curacautín - Pidenco","CLASIFICACION":"Camino Regional Comunal","CALZADA":"ÚNICA","tmda":null},"geometry":{"type":"LineString","coordinates":[[-71.89386,-38.42592],[-71.88965,-38.40844]]}},{"id":"8113","type":"Feature","properties":{"ROL":"S/R-R-783","NOMBRE_CAMINO":"Acceso Comunidad El Naranjo","CLASIFICACION":"Camino Regional Comunal","CALZADA":"ÚNICA","tmda":null},"geometry":{"type":"LineString","coordinates":[[-71.34273,-38.38452],[-71.33966,-38.38312],[-71.33778,-38.37987],[-71.33417,-38.3784]]}},{"id":"8114","type":"Feature","properties":{"ROL":"S/R-R-801","NOMBRE_CAMINO":"Lonquimay - Las Mellizas - Lolco","CLASIFICACION":"Camino Regional de Acceso","CALZADA":"ÚNICA","tmda":null},"geometry":{"type":"LineString","coordinates":[[-71.43726,-38.35917],[-71.43299,-38.35669],[-71.43603,-38.35618],[-71.43496,-38.35363],[-71.43805,-38.35191],[-71.43848,-38.35011],[-71.44587,-38.34806],[-71.44816,-38.34544],[-71.44665,-38.34175],[-71.43887,-38.3358],[-71.43793,-38.33398],[-71.43921,-38.33295],[-71.43761,-38.33019],[-71.44289,-38.3278],[-71.4446,-38.31651],[-71.44814,-38.31218]]}},{"id":"8115","type":"Feature","properties":{"ROL":"S/R-R-907","NOMBRE_CAMINO":"Comunidad Collico","CLASIFICACION":"Camino Regional de Acceso","CALZADA":"ÚNICA","tmda":null},"geometry":{"type":"LineString","coordinates":[[-71.85274,-38.48109],[-71.85755,-38.49478]]}},{"id":"8116","type":"Feature","properties":{"ROL":"S/R-R-913","NOMBRE_CAMINO":"Río Blanco - Alto Lefuco","CLASIFICACION":"Camino Regional de Acceso","CALZADA":"ÚNICA","tmda":null},"geometry":{"type":"LineString","coordinates":[[-71.79391,-38.4819],[-71.78283,-38.48442],[-71.77603,-38.48897],[-71.77043,-38.48859],[-71.76039,-38.49115],[-71.75923,-38.49449],[-71.76011,-38.49649],[-71.75339,-38.49759],[-71.74837,-38.49446],[-71.74611,-38.49516],[-71.74307,-38.49813],[-71.73904,-38.4994],[-71.73156,-38.50859]]}},{"id":"8117","type":"Feature","properties":{"ROL":"S/R-R-923","NOMBRE_CAMINO":"Empalme Lefuco - Colonia Mardones","CLASIFICACION":"Camino Regional de Acceso","CALZADA":"ÚNICA","tmda":null},"geometry":{"type":"LineString","coordinates":[[-71.8136,-38.49566],[-71.8014,-38.49816]]}},{"id":"8118","type":"Feature","properties":{"ROL":"S/R-R-931","NOMBRE_CAMINO":"Hueñivales - Independiente La Palma","CLASIFICACION":"Camino Regional Comunal","CALZADA":"ÚNICA","tmda":null},"geometry":{"type":"LineString","coordinates":[[-71.81025,-38.54565],[-71.79477,-38.5493],[-71.78873,-38.54813],[-71.78303,-38.55147],[-71.76806,-38.5557],[-71.76181,-38.55941],[-71.76512,-38.5599],[-71.76042,-38.56212],[-71.75804,-38.56485],[-71.7495,-38.56758],[-71.75243,-38.56873],[-71.74385,-38.57408],[-71.73574,-38.57403],[-71.73087,-38.57739],[-71.72617,-38.5784],[-71.71445,-38.57665]]}},{"id":"8119","type":"Feature","properties":{"ROL":"S/R-R-933","NOMBRE_CAMINO":"Hueñivales - Piñones","CLASIFICACION":"Camino Regional de Acceso","CALZADA":"ÚNICA","tmda":null},"geometry":{"type":"LineString","coordinates":[[-71.83099,-38.52616],[-71.8384,-38.54691],[-71.83773,-38.55469],[-71.83874,-38.55904],[-71.83782,-38.55966]]}},{"id":"8120","type":"Feature","properties":{"ROL":"S/R-R-935","NOMBRE_CAMINO":"Acceso Pedregoso - Vitrancura","CLASIFICACION":"Camino Regional Comunal","CALZADA":"ÚNICA","tmda":null},"geometry":{"type":"LineString","coordinates":[[-71.20103,-38.5217],[-71.21698,-38.52854],[-71.22638,-38.5287],[-71.23344,-38.52592],[-71.24088,-38.52541],[-71.24486,-38.52636],[-71.25116,-38.53089],[-71.25731,-38.5369],[-71.25761,-38.53885],[-71.25649,-38.53952],[-71.25831,-38.54305],[-71.25789,-38.54467],[-71.26297,-38.54807],[-71.26955,-38.5569],[-71.26911,-38.56105],[-71.26377,-38.55997],[-71.26399,-38.56255],[-71.26817,-38.56407],[-71.26732,-38.56601],[-71.26943,-38.57103],[-71.27681,-38.57816]]}},{"id":"8121","type":"Feature","properties":{"ROL":"S/R-R-939","NOMBRE_CAMINO":"Rucañanco - Pasarela","CLASIFICACION":"Camino Regional de Acceso","CALZADA":"ÚNICA","tmda":null},"geometry":{"type":"LineString","coordinates":[[-71.15297,-38.6208],[-71.12963,-38.64036],[-71.11475,-38.64324],[-71.11243,-38.64565],[-71.1053,-38.64798],[-71.09917,-38.65369]]}},{"id":"8122","type":"Feature","properties":{"ROL":"S/R-R-941","NOMBRE_CAMINO":"Escuela Pehuenco - Comunidad Pehuenco","CLASIFICACION":"Camino Regional Comunal","CALZADA":"ÚNICA","tmda":null},"geometry":{"type":"LineString","coordinates":[[-71.11673,-38.62248],[-71.10786,-38.61814],[-71.10288,-38.61407],[-71.0997,-38.61342],[-71.09524,-38.60504],[-71.08617,-38.59716],[-71.07654,-38.59571],[-71.06753,-38.58842],[-71.056,-38.58699],[-71.04375,-38.57698],[-71.03831,-38.57525],[-71.0322,-38.57698],[-71.02942,-38.57418],[-71.02956,-38.57273],[-71.0273,-38.5718],[-71.02523,-38.57294],[-71.02025,-38.57006],[-71.0215,-38.56895],[-71.01987,-38.56716],[-71.02013,-38.5657],[-71.01446,-38.56271],[-71.00928,-38.55626],[-71.00791,-38.55381],[-71.00905,-38.55162]]}},{"id":"8123","type":"Feature","properties":{"ROL":"S/R-R-923","NOMBRE_CAMINO":"Empalme Lefuco - Colonia Mardones","CLASIFICACION":"Camino Regional de Acceso","CALZADA":"ÚNICA","tmda":null},"geometry":{"type":"LineString","coordinates":[[-71.81021,-38.48689],[-71.8136,-38.49566]]}},{"id":"8124","type":"Feature","properties":{"ROL":"S/R-R-931","NOMBRE_CAMINO":"Hueñivales - Independiente La Palma","CLASIFICACION":"Camino Regional Comunal","CALZADA":"ÚNICA","tmda":null},"geometry":{"type":"LineString","coordinates":[[-71.71445,-38.57665],[-71.70718,-38.57562],[-71.70284,-38.57824]]}},{"id":"8125","type":"Feature","properties":{"ROL":"S/R-R-935","NOMBRE_CAMINO":"Acceso Pedregoso - Vitrancura","CLASIFICACION":"Camino Regional Comunal","CALZADA":"ÚNICA","tmda":null},"geometry":{"type":"LineString","coordinates":[[-71.27681,-38.57816],[-71.28447,-38.58345]]}},{"id":"8126","type":"Feature","properties":{"ROL":"S/R-R-941","NOMBRE_CAMINO":"Escuela Pehuenco - Comunidad Pehuenco","CLASIFICACION":"Camino Regional Comunal","CALZADA":"ÚNICA","tmda":null},"geometry":{"type":"LineString","coordinates":[[-71.00905,-38.55162],[-71.00676,-38.55159],[-71.00596,-38.54867],[-71.00303,-38.54822],[-70.99405,-38.54142],[-70.98887,-38.53904],[-70.98673,-38.54022]]}},{"id":"8127","type":"Feature","properties":{"ROL":"S/R-R-945","NOMBRE_CAMINO":"Tralilhue - Pehuenco","CLASIFICACION":"Camino Regional de Acceso","CALZADA":"ÚNICA","tmda":null},"geometry":{"type":"LineString","coordinates":[[-71.0446,-38.63325],[-71.04618,-38.63131],[-71.04733,-38.62591],[-71.04583,-38.62026],[-71.04002,-38.61531],[-71.04008,-38.61076],[-71.04195,-38.60626],[-71.03941,-38.60591],[-71.0378,-38.6008],[-71.03363,-38.59937],[-71.03346,-38.59581],[-71.02829,-38.59427],[-71.02254,-38.59429],[-71.01862,-38.59165]]}},{"id":"8128","type":"Feature","properties":{"ROL":"S/R-R-947","NOMBRE_CAMINO":"Tralilhue - Pino Solo","CLASIFICACION":"Camino Regional Comunal","CALZADA":"ÚNICA","tmda":null},"geometry":{"type":"LineString","coordinates":[[-71.0486,-38.64748],[-71.04796,-38.64504],[-71.04949,-38.63889],[-71.04487,-38.63388],[-71.04063,-38.62557],[-71.03537,-38.62491],[-71.03419,-38.62292],[-71.03335,-38.625],[-71.02851,-38.61864],[-71.02125,-38.6167],[-71.0166,-38.61707],[-71.00932,-38.61203],[-70.99515,-38.60646],[-70.99354,-38.60717],[-70.98382,-38.60368]]}},{"id":"8129","type":"Feature","properties":{"ROL":"S/R-R-949","NOMBRE_CAMINO":"La Tepa - Huallivales Sur","CLASIFICACION":"Camino Regional de Acceso","CALZADA":"ÚNICA","tmda":null},"geometry":{"type":"LineString","coordinates":[[-71.82427,-38.5071],[-71.78948,-38.51452]]}},{"id":"8130","type":"Feature","properties":{"ROL":"S/R-R-959","NOMBRE_CAMINO":"Puente Tucapel - Rucañanco - Galletué","CLASIFICACION":"Camino Regional Comunal","CALZADA":"ÚNICA","tmda":null},"geometry":{"type":"LineString","coordinates":[[-71.14216,-38.58902],[-71.14515,-38.59409],[-71.14917,-38.59753],[-71.15104,-38.60218],[-71.15034,-38.60534],[-71.15267,-38.60749],[-71.15378,-38.61145],[-71.15541,-38.6123],[-71.15635,-38.61664],[-71.15296,-38.6209],[-71.15943,-38.62417],[-71.15865,-38.62653],[-71.15962,-38.62782],[-71.16558,-38.6316],[-71.16932,-38.63766],[-71.17449,-38.64054],[-71.17708,-38.64537],[-71.18576,-38.65313],[-71.18806,-38.65839],[-71.20109,-38.67105],[-71.20685,-38.67479],[-71.20978,-38.68142],[-71.21004,-38.68906],[-71.2143,-38.69919],[-71.21871,-38.69903],[-71.23992,-38.69067],[-71.2459,-38.69222],[-71.24715,-38.69681]]}},{"id":"8131","type":"Feature","properties":{"ROL":"S/R-R-971","NOMBRE_CAMINO":"Acceso Salto La Princesa - Fundo Buenos Aires","CLASIFICACION":"Camino Regional Comunal","CALZADA":"ÚNICA","tmda":null},"geometry":{"type":"LineString","coordinates":[[-71.67385,-38.47008],[-71.67205,-38.47206],[-71.6737,-38.47375],[-71.67268,-38.4743]]}},{"id":"8132","type":"Feature","properties":{"ROL":"S/R-R-975","NOMBRE_CAMINO":"Acceso Termas de Malalcahuello - Alto Centinela","CLASIFICACION":"Camino Regional Comunal","CALZADA":"ÚNICA","tmda":null},"geometry":{"type":"LineString","coordinates":[[-71.57803,-38.47104],[-71.58035,-38.47686],[-71.57962,-38.48116],[-71.58095,-38.4848],[-71.58459,-38.48712],[-71.58627,-38.49083]]}},{"id":"8133","type":"Feature","properties":{"ROL":"S/R-R-977","NOMBRE_CAMINO":"Piedra Cortada - Malalcahuello","CLASIFICACION":"Camino Regional Comunal","CALZADA":"ÚNICA","tmda":null},"geometry":{"type":"LineString","coordinates":[[-71.64204,-38.46858],[-71.64258,-38.47024],[-71.63755,-38.47122],[-71.63441,-38.46712],[-71.62957,-38.46542],[-71.62032,-38.46982],[-71.62174,-38.47245],[-71.62042,-38.47399],[-71.6077,-38.48015],[-71.60041,-38.47849],[-71.59551,-38.47567],[-71.59007,-38.47654],[-71.58469,-38.47997],[-71.58021,-38.48059]]}},{"id":"8134","type":"Feature","properties":{"ROL":"S/R-R-979","NOMBRE_CAMINO":"Caracoles - Túnel Las Raíces","CLASIFICACION":"Camino Regional Comunal","CALZADA":"ÚNICA","tmda":null},"geometry":{"type":"LineString","coordinates":[[-71.54835,-38.47961],[-71.54686,-38.48352],[-71.54407,-38.48517],[-71.546,-38.48955],[-71.54477,-38.50162],[-71.5417,-38.5122],[-71.52978,-38.51633],[-71.52408,-38.51638],[-71.5227,-38.51363],[-71.51962,-38.51525],[-71.51843,-38.51465]]}},{"id":"8135","type":"Feature","properties":{"ROL":"S/R-R-979","NOMBRE_CAMINO":"Caracoles - Túnel Las Raíces","CLASIFICACION":"Camino Regional Comunal","CALZADA":"ÚNICA","tmda":null},"geometry":{"type":"LineString","coordinates":[[-71.55108,-38.47499],[-71.5514,-38.47767],[-71.54835,-38.47961]]}},{"id":"8136","type":"Feature","properties":{"ROL":"S-870","NOMBRE_CAMINO":"Lastarria - Pidenco - María Nieves","CLASIFICACION":"Sin Información","CALZADA":"-","tmda":null},"geometry":{"type":"LineString","coordinates":[[-72.80745,-39.29751],[-72.81252,-39.30187]]}},{"id":"8137","type":"Feature","properties":{"ROL":"S/R-S-11-R","NOMBRE_CAMINO":"Lautaro - Curacautín","CLASIFICACION":"Camino Regional Principal","CALZADA":"ÚNICA","tmda":null},"geometry":{"type":"LineString","coordinates":[[-72.43915,-38.54187],[-72.43262,-38.54268],[-72.43105,-38.5375],[-72.42917,-38.53653]]}},{"id":"8138","type":"Feature","properties":{"ROL":"S/R-S-111","NOMBRE_CAMINO":"Perquenco - Quillem","CLASIFICACION":"Camino Regional Comunal","CALZADA":"ÚNICA","tmda":null},"geometry":{"type":"LineString","coordinates":[[-72.38214,-38.42988],[-72.38877,-38.43995],[-72.38424,-38.45616],[-72.38614,-38.4589],[-72.38505,-38.46296]]}},{"id":"8139","type":"Feature","properties":{"ROL":"S/R-S-115","NOMBRE_CAMINO":"Cruce Ruta 5 - Acceso central Perquenco","CLASIFICACION":"Camino Regional Provincial","CALZADA":"ÚNICA","tmda":null},"geometry":{"type":"LineString","coordinates":[[-72.40936,-38.42091],[-72.4067,-38.42047],[-72.40542,-38.42224],[-72.40087,-38.42356],[-72.38474,-38.42261],[-72.38074,-38.42428]]}},{"id":"8140","type":"Feature","properties":{"ROL":"S/R-S-119","NOMBRE_CAMINO":"Acceso La Esperanza","CLASIFICACION":"Camino Regional de Acceso","CALZADA":"ÚNICA","tmda":null},"geometry":{"type":"LineString","coordinates":[[-72.34164,-38.43022],[-72.33767,-38.42892],[-72.32435,-38.41951],[-72.2998,-38.42546],[-72.29163,-38.42315],[-72.28815,-38.41877]]}},{"id":"8141","type":"Feature","properties":{"ROL":"S/R-S-121","NOMBRE_CAMINO":"Perquenco - Comunidad Toro","CLASIFICACION":"Camino Regional de Acceso","CALZADA":"ÚNICA","tmda":null},"geometry":{"type":"LineString","coordinates":[[-72.37498,-38.42806],[-72.38162,-38.4457],[-72.37501,-38.44884],[-72.36824,-38.44947],[-72.36587,-38.44755],[-72.36396,-38.44915],[-72.36106,-38.44906]]}},{"id":"8142","type":"Feature","properties":{"ROL":"S/R-S-297-R","NOMBRE_CAMINO":"Agua Las Niñas - Captrén","CLASIFICACION":"Camino Regional Comunal","CALZADA":"ÚNICA","tmda":null},"geometry":{"type":"LineString","coordinates":[[-71.84807,-38.6841],[-71.84838,-38.68167],[-71.84296,-38.67782],[-71.84299,-38.67497],[-71.84455,-38.67291],[-71.8351,-38.67034],[-71.83353,-38.66843],[-71.82575,-38.66607],[-71.81542,-38.66082],[-71.81255,-38.65701],[-71.81419,-38.65419],[-71.81155,-38.65195],[-71.80452,-38.65017],[-71.80047,-38.65235],[-71.79387,-38.64984],[-71.78973,-38.64327],[-71.78333,-38.639],[-71.77911,-38.64371],[-71.77747,-38.6431],[-71.77909,-38.64268],[-71.77746,-38.6406],[-71.77924,-38.63897],[-71.78453,-38.62715],[-71.78412,-38.61682],[-71.79241,-38.60545],[-71.79544,-38.59053],[-71.78636,-38.57917],[-71.78416,-38.57822]]}},{"id":"8143","type":"Feature","properties":{"ROL":"S/R-S-302","NOMBRE_CAMINO":"Comunidad Etory","CLASIFICACION":"Camino Regional Comunal","CALZADA":"ÚNICA","tmda":null},"geometry":{"type":"LineString","coordinates":[[-72.57081,-38.50512],[-72.56579,-38.4869],[-72.57309,-38.47662],[-72.57511,-38.46884],[-72.57461,-38.46132]]}},{"id":"8144","type":"Feature","properties":{"ROL":"S/R-S-310","NOMBRE_CAMINO":"Acceso Comunidad Novoa","CLASIFICACION":"Camino Regional de Acceso","CALZADA":"ÚNICA","tmda":null},"geometry":{"type":"LineString","coordinates":[[-72.53939,-38.51425],[-72.53546,-38.50485],[-72.53944,-38.49038]]}},{"id":"8145","type":"Feature","properties":{"ROL":"S/R-S-310","NOMBRE_CAMINO":"Acceso Comunidad Novoa","CLASIFICACION":"Camino Regional de Acceso","CALZADA":"ÚNICA","tmda":null},"geometry":{"type":"LineString","coordinates":[[-72.53944,-38.49038],[-72.54023,-38.48744]]}},{"id":"8146","type":"Feature","properties":{"ROL":"S/R-R-999","NOMBRE_CAMINO":"Acceso Piedra Colorada","CLASIFICACION":"Camino Regional de Acceso","CALZADA":"ÚNICA","tmda":null},"geometry":{"type":"LineString","coordinates":[[-71.03963,-38.65363],[-71.03667,-38.65442],[-71.03515,-38.66572]]}},{"id":"8147","type":"Feature","properties":{"ROL":"S/R-R-997","NOMBRE_CAMINO":"Liucura - Pasarela","CLASIFICACION":"Camino Regional de Acceso","CALZADA":"ÚNICA","tmda":null},"geometry":{"type":"LineString","coordinates":[[-71.08577,-38.6503],[-71.09277,-38.65071],[-71.09821,-38.65317]]}},{"id":"8148","type":"Feature","properties":{"ROL":"S/R-R-943","NOMBRE_CAMINO":"Puente Tralilhue - Piedras Blancas","CLASIFICACION":"Camino Regional de Acceso","CALZADA":"ÚNICA","tmda":null},"geometry":{"type":"LineString","coordinates":[[-71.04608,-38.64855],[-71.04357,-38.64543],[-71.03968,-38.64551],[-71.03513,-38.64187],[-71.03238,-38.6424],[-71.03282,-38.64017],[-71.03013,-38.64098],[-71.0277,-38.63835],[-71.02259,-38.63615]]}},{"id":"8149","type":"Feature","properties":{"ROL":"S/R-R-995","NOMBRE_CAMINO":"Pehuenco Sur","CLASIFICACION":"Camino Regional Comunal","CALZADA":"ÚNICA","tmda":null},"geometry":{"type":"LineString","coordinates":[[-71.1139,-38.62515],[-71.1099,-38.62196],[-71.09954,-38.61836],[-71.09526,-38.61356],[-71.09398,-38.60801],[-71.08721,-38.59836]]}},{"id":"8150","type":"Feature","properties":{"ROL":"S/R-R-837","NOMBRE_CAMINO":"Mallin Largo","CLASIFICACION":"Camino Regional de Acceso","CALZADA":"ÚNICA","tmda":null},"geometry":{"type":"LineString","coordinates":[[-71.10426,-38.61506],[-71.10686,-38.61301],[-71.1177,-38.61126],[-71.12107,-38.60782],[-71.12463,-38.60636],[-71.12774,-38.60177],[-71.12949,-38.59624],[-71.12677,-38.59082],[-71.12701,-38.5881],[-71.13149,-38.58398],[-71.13342,-38.58545]]}},{"id":"8151","type":"Feature","properties":{"ROL":"S/R-R-1931","NOMBRE_CAMINO":"Brazo Izquierdo - Cinco Pinos","CLASIFICACION":"Camino Regional de Acceso","CALZADA":"ÚNICA","tmda":null},"geometry":{"type":"LineString","coordinates":[[-71.06919,-38.58935],[-71.06801,-38.58482],[-71.05677,-38.57266]]}},{"id":"8152","type":"Feature","properties":{"ROL":"S/R-R-1927","NOMBRE_CAMINO":"Pichipehuenco - Cayelafquén","CLASIFICACION":"Camino Regional Comunal","CALZADA":"ÚNICA","tmda":null},"geometry":{"type":"LineString","coordinates":[[-71.15306,-38.56259],[-71.1448,-38.55439],[-71.14209,-38.55356],[-71.13639,-38.55636]]}},{"id":"8153","type":"Feature","properties":{"ROL":"S/R-R-1929","NOMBRE_CAMINO":"Cayelafquén - Planicie Los Morros","CLASIFICACION":"Camino Regional de Acceso","CALZADA":"ÚNICA","tmda":null},"geometry":{"type":"LineString","coordinates":[[-71.14209,-38.55356],[-71.13669,-38.55047],[-71.12842,-38.54143],[-71.12434,-38.53957]]}},{"id":"8154","type":"Feature","properties":{"ROL":"S/R-R-989","NOMBRE_CAMINO":"Hualapulli - Litrancura","CLASIFICACION":"Camino Regional Comunal","CALZADA":"ÚNICA","tmda":null},"geometry":{"type":"LineString","coordinates":[[-71.17913,-38.57011],[-71.19345,-38.57601],[-71.19432,-38.57747],[-71.19975,-38.57859],[-71.20725,-38.59041],[-71.21522,-38.59277],[-71.21701,-38.59219],[-71.21999,-38.59395],[-71.23003,-38.5942],[-71.23686,-38.59982],[-71.23947,-38.60482],[-71.24089,-38.60532]]}},{"id":"8155","type":"Feature","properties":{"ROL":"S/R-R-991","NOMBRE_CAMINO":"Huallipulli Norte - Huallipulli Sur","CLASIFICACION":"Camino Regional Comunal","CALZADA":"ÚNICA","tmda":null},"geometry":{"type":"LineString","coordinates":[[-71.18563,-38.56271],[-71.1862,-38.56529],[-71.20087,-38.56778],[-71.20669,-38.57025],[-71.20782,-38.57284],[-71.22207,-38.5773],[-71.22034,-38.58037],[-71.21782,-38.5819],[-71.22154,-38.58888],[-71.22165,-38.59223],[-71.22383,-38.59283],[-71.22335,-38.5936]]}},{"id":"8156","type":"Feature","properties":{"ROL":"S/R-R-993","NOMBRE_CAMINO":"Huallipulli Norte","CLASIFICACION":"Camino Regional de Acceso","CALZADA":"ÚNICA","tmda":null},"geometry":{"type":"LineString","coordinates":[[-71.22254,-38.57777],[-71.22571,-38.57344],[-71.22336,-38.57061],[-71.2238,-38.56943],[-71.21543,-38.56861],[-71.21056,-38.56595],[-71.20769,-38.56684]]}},{"id":"8157","type":"Feature","properties":{"ROL":"S/R-R-969","NOMBRE_CAMINO":"Pedregoso - Aguas Blancas","CLASIFICACION":"Camino Regional de Acceso","CALZADA":"ÚNICA","tmda":null},"geometry":{"type":"LineString","coordinates":[[-71.26959,-38.55718],[-71.26986,-38.55976],[-71.27112,-38.5605],[-71.27333,-38.5587],[-71.27753,-38.56349],[-71.27815,-38.56262],[-71.28191,-38.56592],[-71.28339,-38.56989]]}},{"id":"8158","type":"Feature","properties":{"ROL":"S/R-R-981","NOMBRE_CAMINO":"Pedregoso - Aguas Negras","CLASIFICACION":"Camino Regional de Acceso","CALZADA":"ÚNICA","tmda":null},"geometry":{"type":"LineString","coordinates":[[-71.26232,-38.5475],[-71.28067,-38.55151],[-71.29408,-38.55084],[-71.30642,-38.55443]]}},{"id":"8159","type":"Feature","properties":{"ROL":"S/R-R-985","NOMBRE_CAMINO":"Escuela Pedregoso - Cajón Paule","CLASIFICACION":"Camino Regional Comunal","CALZADA":"ÚNICA","tmda":null},"geometry":{"type":"LineString","coordinates":[[-71.25648,-38.53569],[-71.25892,-38.5347],[-71.26926,-38.53666],[-71.28992,-38.53069],[-71.30305,-38.52918],[-71.32401,-38.53398]]}},{"id":"8160","type":"Feature","properties":{"ROL":"S/R-R-983","NOMBRE_CAMINO":"Variante Cajón Paule","CLASIFICACION":"Camino Regional Comunal","CALZADA":"ÚNICA","tmda":null},"geometry":{"type":"LineString","coordinates":[[-71.2566,-38.53977],[-71.25972,-38.54236],[-71.27022,-38.54035],[-71.28672,-38.53198]]}},{"id":"8161","type":"Feature","properties":{"ROL":"S/R-R-967","NOMBRE_CAMINO":"Comunidad Lolén","CLASIFICACION":"Camino Regional de Acceso","CALZADA":"ÚNICA","tmda":null},"geometry":{"type":"LineString","coordinates":[[-71.23428,-38.46296],[-71.24571,-38.46824],[-71.25125,-38.46876],[-71.25249,-38.47201],[-71.25854,-38.47539],[-71.26214,-38.47978]]}},{"id":"8162","type":"Feature","properties":{"ROL":"S/R-R-1921","NOMBRE_CAMINO":"Pancunto Bajo","CLASIFICACION":"Camino Regional Comunal","CALZADA":"ÚNICA","tmda":null},"geometry":{"type":"LineString","coordinates":[[-71.1911,-38.49158],[-71.19471,-38.48759],[-71.19096,-38.48037],[-71.18798,-38.47886],[-71.18313,-38.47096],[-71.1831,-38.4697],[-71.18577,-38.46806],[-71.18401,-38.46741],[-71.18477,-38.46283],[-71.18268,-38.46131],[-71.18233,-38.45629]]}},{"id":"8163","type":"Feature","properties":{"ROL":"S/R-R-1919","NOMBRE_CAMINO":"Puente Mitrauquén - Mitrauquén Bajo","CLASIFICACION":"Camino Regional Comunal","CALZADA":"ÚNICA","tmda":null},"geometry":{"type":"LineString","coordinates":[[-71.19309,-38.50401],[-71.18602,-38.50259],[-71.18648,-38.49928],[-71.18154,-38.49129],[-71.18299,-38.48844]]}},{"id":"8164","type":"Feature","properties":{"ROL":"S/R-R-1923","NOMBRE_CAMINO":"Paso Paz - Caracoles","CLASIFICACION":"Camino Regional Comunal","CALZADA":"ÚNICA","tmda":null},"geometry":{"type":"LineString","coordinates":[[-71.32991,-38.29885],[-71.32908,-38.29783],[-71.32661,-38.3],[-71.32885,-38.30228],[-71.32491,-38.30282],[-71.32443,-38.30442],[-71.31864,-38.30621],[-71.31797,-38.3148],[-71.31467,-38.31701],[-71.31573,-38.32883],[-71.31356,-38.33531],[-71.31104,-38.33556],[-71.31011,-38.33435],[-71.30819,-38.33562],[-71.30117,-38.33566],[-71.29604,-38.33946],[-71.29255,-38.34032]]}},{"id":"8165","type":"Feature","properties":{"ROL":"S/R-R-1925","NOMBRE_CAMINO":"Los Barra - Cancha Los Andes","CLASIFICACION":"Camino Regional Comunal","CALZADA":"ÚNICA","tmda":null},"geometry":{"type":"LineString","coordinates":[[-71.2751,-38.29012],[-71.27134,-38.29026],[-71.26824,-38.29212],[-71.26694,-38.29052],[-71.2594,-38.28952],[-71.24674,-38.29179],[-71.24601,-38.28907],[-71.25671,-38.27794],[-71.25801,-38.27817],[-71.25744,-38.2772],[-71.25913,-38.27769],[-71.26562,-38.2739]]}},{"id":"8166","type":"Feature","properties":{"ROL":"S/R-R-1713","NOMBRE_CAMINO":"Alto Pehuenco - Cancha Los Andes ","CLASIFICACION":"Camino Regional Comunal","CALZADA":"ÚNICA","tmda":null},"geometry":{"type":"LineString","coordinates":[[-71.27557,-38.28965],[-71.27659,-38.2829],[-71.27285,-38.28255],[-71.2675,-38.27961],[-71.26552,-38.27607],[-71.26575,-38.27399]]}},{"id":"8167","type":"Feature","properties":{"ROL":"S/R-R-1917","NOMBRE_CAMINO":"Acceso Puente El Mañoso","CLASIFICACION":"Camino Regional Comunal","CALZADA":"ÚNICA","tmda":null},"geometry":{"type":"LineString","coordinates":[[-71.19456,-38.22249],[-71.19638,-38.22252],[-71.19224,-38.21426],[-71.18986,-38.21254],[-71.17619,-38.20744],[-71.17019,-38.20386],[-71.1628,-38.2019],[-71.1627,-38.20307]]}},{"id":"8168","type":"Feature","properties":{"ROL":"S/R-R-1905","NOMBRE_CAMINO":"Termas Polilla - Pulul","CLASIFICACION":"Camino Regional de Acceso","CALZADA":"ÚNICA","tmda":null},"geometry":{"type":"LineString","coordinates":[[-71.11894,-38.17301],[-71.11401,-38.17342],[-71.10788,-38.17203],[-71.10001,-38.17395]]}},{"id":"8169","type":"Feature","properties":{"ROL":"S/R-R-957","NOMBRE_CAMINO":"Trobún - Llanquen Alto","CLASIFICACION":"Camino Regional Comunal","CALZADA":"ÚNICA","tmda":null},"geometry":{"type":"LineString","coordinates":[[-71.29453,-38.21926],[-71.29109,-38.21898],[-71.29021,-38.21497],[-71.28118,-38.21465],[-71.282,-38.21363],[-71.28053,-38.21091],[-71.28109,-38.19991],[-71.27999,-38.1972],[-71.28337,-38.19185],[-71.28261,-38.18971],[-71.28131,-38.19162],[-71.27981,-38.1884],[-71.28234,-38.1864],[-71.28405,-38.17939],[-71.28666,-38.17928],[-71.28727,-38.17786],[-71.29096,-38.17872],[-71.28831,-38.17599],[-71.28902,-38.17348],[-71.28614,-38.17363],[-71.28291,-38.16735]]}},{"id":"8170","type":"Feature","properties":{"ROL":"S/R-R-961","NOMBRE_CAMINO":"Llanquen - Llanquen Alto - Huiza","CLASIFICACION":"Camino Regional Comunal","CALZADA":"ÚNICA","tmda":null},"geometry":{"type":"LineString","coordinates":[[-71.31116,-38.17477],[-71.31085,-38.17339],[-71.29776,-38.17256],[-71.29648,-38.17081],[-71.29899,-38.16914],[-71.29795,-38.16637],[-71.28827,-38.16844],[-71.28687,-38.1671],[-71.28298,-38.16739],[-71.28063,-38.16526],[-71.27849,-38.16656],[-71.27504,-38.16611],[-71.2659,-38.16368],[-71.26363,-38.16092],[-71.25465,-38.15923],[-71.24618,-38.15442],[-71.23683,-38.15468]]}},{"id":"8171","type":"Feature","properties":{"ROL":"S/R-R-1711","NOMBRE_CAMINO":"Contraco - Santa Catalina - Represa Ralco","CLASIFICACION":"Camino Regional de Acceso","CALZADA":"ÚNICA","tmda":null},"geometry":{"type":"LineString","coordinates":[[-71.34313,-38.12493],[-71.34188,-38.12289],[-71.34351,-38.12029],[-71.34258,-38.11921],[-71.34522,-38.11634],[-71.3448,-38.11422],[-71.34821,-38.11102]]}},{"id":"8172","type":"Feature","properties":{"ROL":"S/R-R-965","NOMBRE_CAMINO":"Antigua Cuesta Las Raíces","CLASIFICACION":"Camino Regional de Acceso","CALZADA":"ÚNICA","tmda":null},"geometry":{"type":"LineString","coordinates":[[-71.39906,-38.4331],[-71.40033,-38.43461],[-71.4032,-38.43395],[-71.40459,-38.43587],[-71.4063,-38.43505]]}},{"id":"8173","type":"Feature","properties":{"ROL":"S/R-R-1911","NOMBRE_CAMINO":"Malalcahuello - Alto Centinela","CLASIFICACION":"Camino Regional de Acceso","CALZADA":"ÚNICA","tmda":null},"geometry":{"type":"LineString","coordinates":[[-71.5879,-38.47753],[-71.58918,-38.48165],[-71.59155,-38.48164],[-71.59044,-38.4832],[-71.59678,-38.47935],[-71.59813,-38.48262],[-71.5961,-38.48201]]}},{"id":"8174","type":"Feature","properties":{"ROL":"S/R-R-973","NOMBRE_CAMINO":"Salto La Princesa - La Gloria","CLASIFICACION":"Camino Regional de Acceso","CALZADA":"ÚNICA","tmda":null},"geometry":{"type":"LineString","coordinates":[[-71.67309,-38.47433],[-71.67435,-38.47533],[-71.67178,-38.47559],[-71.66979,-38.47895],[-71.67339,-38.47686],[-71.6764,-38.48106]]}},{"id":"8175","type":"Feature","properties":{"ROL":"S/R-R-1915","NOMBRE_CAMINO":"Callejón San Pedro","CLASIFICACION":"Camino Regional de Acceso","CALZADA":"ÚNICA","tmda":null},"geometry":{"type":"LineString","coordinates":[[-71.78158,-38.55189],[-71.77924,-38.54511],[-71.77696,-38.54611],[-71.7749,-38.54523],[-71.77592,-38.54034]]}},{"id":"8176","type":"Feature","properties":{"ROL":"S/R-R-927","NOMBRE_CAMINO":"Acceso Alto Lefuco","CLASIFICACION":"Camino Regional de Acceso","CALZADA":"ÚNICA","tmda":null},"geometry":{"type":"LineString","coordinates":[[-71.77143,-38.46807],[-71.77317,-38.47344],[-71.77514,-38.47526]]}},{"id":"8177","type":"Feature","properties":{"ROL":"S/R-R-1715","NOMBRE_CAMINO":"Faja Los Torres","CLASIFICACION":"Camino Regional de Acceso","CALZADA":"ÚNICA","tmda":null},"geometry":{"type":"LineString","coordinates":[[-71.98592,-38.49932],[-71.96335,-38.50521]]}},{"id":"8178","type":"Feature","properties":{"ROL":"S/R-R-1717","NOMBRE_CAMINO":"Comunidad Huaiquilao","CLASIFICACION":"Camino Regional de Acceso","CALZADA":"ÚNICA","tmda":null},"geometry":{"type":"LineString","coordinates":[[-71.9293,-38.34514],[-71.9292,-38.34818],[-71.92754,-38.34869],[-71.91337,-38.34481],[-71.91081,-38.34228]]}},{"id":"8179","type":"Feature","properties":{"ROL":"S/R-R-1719","NOMBRE_CAMINO":"Los Laureles - Los Guindos","CLASIFICACION":"Camino Regional de Acceso","CALZADA":"ÚNICA","tmda":null},"geometry":{"type":"LineString","coordinates":[[-71.913,-38.33617],[-71.91666,-38.33814],[-71.92012,-38.33496],[-71.92228,-38.33489]]}},{"id":"8180","type":"Feature","properties":{"ROL":"S/R-R-753","NOMBRE_CAMINO":"Curacautín - Pidenco","CLASIFICACION":"Camino Regional Comunal","CALZADA":"ÚNICA","tmda":null},"geometry":{"type":"LineString","coordinates":[[-71.89027,-38.43644],[-71.89018,-38.43506],[-71.89439,-38.43468],[-71.89465,-38.43029]]}},{"id":"8181","type":"Feature","properties":{"ROL":"R-829","NOMBRE_CAMINO":"Santa María - San Andrés - Selva Oscura","CLASIFICACION":"Camino Regional Comunal","CALZADA":"U","tmda":null},"geometry":{"type":"LineString","coordinates":[[-72.34894,-38.35943],[-72.34636,-38.36105],[-72.24664,-38.38492],[-72.23953,-38.38127],[-72.23465,-38.38065],[-72.2337,-38.37863],[-72.23168,-38.37857],[-72.23043,-38.37628],[-72.2283,-38.37596],[-72.22558,-38.37672],[-72.22351,-38.38024],[-72.22066,-38.38113],[-72.20414,-38.38247],[-72.19764,-38.38495]]}},{"id":"8182","type":"Feature","properties":{"ROL":"S/R-R-148-S","NOMBRE_CAMINO":"Huamaqui - Los Chilcos - El Secreto","CLASIFICACION":"Camino Regional Comunal (En Proceso de Enrolamiento)","CALZADA":"U","tmda":null},"geometry":{"type":"LineString","coordinates":[[-72.98918,-38.46142],[-72.99587,-38.46262],[-73.00023,-38.46553],[-73.0023,-38.46524],[-73.00865,-38.46356],[-73.00986,-38.45965],[-73.01405,-38.45761],[-73.01679,-38.45496],[-73.01679,-38.45342],[-73.0355,-38.45185],[-73.04003,-38.44705],[-73.03962,-38.44541],[-73.04939,-38.43804],[-73.04969,-38.43423],[-73.0535,-38.43208],[-73.05735,-38.42396],[-73.06006,-38.42155],[-73.06677,-38.41948],[-73.06983,-38.41538],[-73.07978,-38.41247],[-73.08808,-38.4118],[-73.08935,-38.41489],[-73.09411,-38.41567],[-73.10476,-38.42298],[-73.10951,-38.42165],[-73.11828,-38.42561],[-73.12172,-38.42452],[-73.12448,-38.4261],[-73.12556,-38.42882],[-73.12495,-38.43083],[-73.12677,-38.43212],[-73.12453,-38.43264],[-73.12291,-38.43511],[-73.12855,-38.44345],[-73.12759,-38.44472],[-73.13418,-38.44774],[-73.13645,-38.4556],[-73.13795,-38.45688],[-73.13599,-38.45805],[-73.13505,-38.46084],[-73.13492,-38.4672],[-73.14077,-38.47072],[-73.14925,-38.46937],[-73.15151,-38.47247]]}},{"id":"8183","type":"Feature","properties":{"ROL":"S-405","NOMBRE_CAMINO":"Acceso a Hijuela El Alba","CLASIFICACION":"Camino Regional de Acceso","CALZADA":"U","tmda":null},"geometry":{"type":"LineString","coordinates":[[-72.42762,-38.831],[-72.42745,-38.82645],[-72.42402,-38.81678]]}},{"id":"8184","type":"Feature","properties":{"ROL":"S-373","NOMBRE_CAMINO":"Cruce Ruta 5 (Cantera) - Metrenco - Coyahue","CLASIFICACION":"Camino Regional Comunal (En Proceso de Enrolamiento)","CALZADA":"U","tmda":null},"geometry":{"type":"LineString","coordinates":[[-72.62646,-38.80817],[-72.62383,-38.80846],[-72.62228,-38.81233],[-72.62339,-38.82684],[-72.61982,-38.82656]]}},{"id":"8185","type":"Feature","properties":{"ROL":"S-373","NOMBRE_CAMINO":"Cruce Ruta 5 (Cantera) - Metrenco - Coyahue","CLASIFICACION":"Camino Regional Comunal (En Proceso de Enrolamiento)","CALZADA":"U","tmda":null},"geometry":{"type":"LineString","coordinates":[[-72.61982,-38.82656],[-72.6189,-38.8208],[-72.60568,-38.81685]]}},{"id":"8186","type":"Feature","properties":{"ROL":"S/R-S-481","NOMBRE_CAMINO":"Folilco - Rucahue","CLASIFICACION":"Camino Regional de Acceso","CALZADA":"U","tmda":null},"geometry":{"type":"LineString","coordinates":[[-72.48722,-39.02785],[-72.48207,-39.03627],[-72.47811,-39.03935],[-72.46754,-39.04208],[-72.46626,-39.03833],[-72.46478,-39.03859]]}},{"id":"8187","type":"Feature","properties":{"ROL":"S-233","NOMBRE_CAMINO":"Tres Esquinas - Curileo","CLASIFICACION":"Sin Información","CALZADA":"-","tmda":null},"geometry":{"type":"LineString","coordinates":[[-72.39958,-38.69083],[-72.39588,-38.68646],[-72.38618,-38.66246],[-72.38913,-38.65893],[-72.3959,-38.65671]]}},{"id":"8188","type":"Feature","properties":{"ROL":"S/R","NOMBRE_CAMINO":"Cancha Aviació - Relún","CLASIFICACION":"Sin Información","CALZADA":"-","tmda":null},"geometry":{"type":"LineString","coordinates":[[-72.26634,-39.33632],[-72.27855,-39.34287],[-72.28963,-39.34554],[-72.29258,-39.35105],[-72.29503,-39.35207],[-72.30149,-39.35928],[-72.31486,-39.37639]]}},{"id":"8189","type":"Feature","properties":{"ROL":"S/R","NOMBRE_CAMINO":"Caburga - Huepil","CLASIFICACION":"Sin Información","CALZADA":"-","tmda":null},"geometry":{"type":"LineString","coordinates":[[-71.78938,-39.20072],[-71.78267,-39.1967],[-71.77781,-39.19152],[-71.76822,-39.18912],[-71.76563,-39.19062],[-71.76236,-39.19656]]}},{"id":"8190","type":"Feature","properties":{"ROL":"S/R","NOMBRE_CAMINO":"Licanray - Asquinco","CLASIFICACION":"Sin Información","CALZADA":"-","tmda":null},"geometry":{"type":"LineString","coordinates":[[-72.17106,-39.48678],[-72.17983,-39.48763],[-72.18323,-39.49071],[-72.18622,-39.49057],[-72.1966,-39.49687],[-72.20693,-39.50104],[-72.2178,-39.49974],[-72.24283,-39.50237],[-72.25773,-39.49863]]}},{"id":"8191","type":"Feature","properties":{"ROL":"S/R","NOMBRE_CAMINO":"Huequen - Vado Buenos Aires","CLASIFICACION":"Sin Información","CALZADA":"-","tmda":null},"geometry":{"type":"LineString","coordinates":[[-72.66419,-37.80937],[-72.66374,-37.81819],[-72.66653,-37.82231]]}},{"id":"8192","type":"Feature","properties":{"ROL":"S/R","NOMBRE_CAMINO":"Cruce Ruta 181 Ch - Rumania (faja Placeres)","CLASIFICACION":"Sin Información","CALZADA":"-","tmda":null},"geometry":{"type":"LineString","coordinates":[[-72.03581,-38.31049],[-72.02459,-38.2804]]}},{"id":"8193","type":"Feature","properties":{"ROL":"S-887","NOMBRE_CAMINO":"Pucón - Refugio Volcán Villarrica","CLASIFICACION":"Sin Información","CALZADA":"-","tmda":4836.0},"geometry":{"type":"LineString","coordinates":[[-71.98096,-39.3022],[-71.9794,-39.30793],[-71.97918,-39.31707],[-71.97645,-39.32722],[-71.972,-39.33416],[-71.97243,-39.34035],[-71.97052,-39.34784]]}},{"id":"8194","type":"Feature","properties":{"ROL":"S-268","NOMBRE_CAMINO":"Estación Boroa - Cruce S-266","CLASIFICACION":"Sin Información","CALZADA":"-","tmda":null},"geometry":{"type":"LineString","coordinates":[[-72.85091,-38.76737],[-72.84953,-38.7621],[-72.85451,-38.75509],[-72.85366,-38.74957],[-72.84845,-38.74531]]}},{"id":"8195","type":"Feature","properties":{"ROL":"S-710","NOMBRE_CAMINO":"Gorbea - Los Galpones","CLASIFICACION":"Sin Información","CALZADA":"-","tmda":null},"geometry":{"type":"LineString","coordinates":[[-72.69188,-39.09664],[-72.69471,-39.0952],[-72.6967,-39.09233],[-72.69536,-39.08854],[-72.69746,-39.08419],[-72.70424,-39.07776],[-72.70568,-39.07208],[-72.70984,-39.06483],[-72.71174,-39.06366],[-72.71191,-39.06064],[-72.71486,-39.05594],[-72.71478,-39.05306],[-72.72178,-39.04457],[-72.73117,-39.04425],[-72.73806,-39.03953],[-72.74542,-39.0372],[-72.75074,-39.03905],[-72.76048,-39.03627],[-72.78009,-39.03545],[-72.788,-39.0336],[-72.79199,-39.03025],[-72.79096,-39.02521]]}},{"id":"8196","type":"Feature","properties":{"ROL":"S-947","NOMBRE_CAMINO":"Cruce Ruta 199 Ch (catripulli) - Rinconada","CLASIFICACION":"Sin Información","CALZADA":"-","tmda":null},"geometry":{"type":"LineString","coordinates":[[-71.6896,-39.3805],[-71.67756,-39.39891],[-71.67337,-39.39952],[-71.67004,-39.40185],[-71.66464,-39.40702],[-71.66234,-39.41244],[-71.65955,-39.41446],[-71.65887,-39.41744],[-71.65215,-39.42066],[-71.651,-39.42277],[-71.64151,-39.42901]]}},{"id":"8197","type":"Feature","properties":{"ROL":"R-823","NOMBRE_CAMINO":"Faja Buchacura","CLASIFICACION":"Sin Información","CALZADA":"-","tmda":null},"geometry":{"type":"LineString","coordinates":[[-72.14922,-38.29495],[-72.16969,-38.34532],[-72.17244,-38.35594],[-72.16741,-38.35994],[-72.16964,-38.36779]]}},{"id":"8198","type":"Feature","properties":{"ROL":"S/R","NOMBRE_CAMINO":"Los Guindos - Segunda Faja","CLASIFICACION":"Sin Información","CALZADA":"-","tmda":null},"geometry":{"type":"LineString","coordinates":[[-72.15823,-39.29749],[-72.16573,-39.31757]]}},{"id":"8199","type":"Feature","properties":{"ROL":"S-65","NOMBRE_CAMINO":"Pitrufquén - Ñancul","CLASIFICACION":"Sin Información","CALZADA":"-","tmda":622.0},"geometry":{"type":"LineString","coordinates":[[-72.36105,-39.15025],[-72.35587,-39.15272],[-72.35047,-39.15788],[-72.34463,-39.16936],[-72.33981,-39.17341],[-72.33732,-39.17779],[-72.33633,-39.18437],[-72.33717,-39.19052],[-72.33346,-39.19463],[-72.33101,-39.20327],[-72.33626,-39.20787],[-72.33775,-39.21161],[-72.33625,-39.21951],[-72.33367,-39.22298]]}},{"id":"8200","type":"Feature","properties":{"ROL":"S-81","NOMBRE_CAMINO":"Cuarta Faja","CLASIFICACION":"Sin Información","CALZADA":"-","tmda":526.0},"geometry":{"type":"LineString","coordinates":[[-72.61367,-39.1089],[-72.56881,-39.11927],[-72.56294,-39.11953],[-72.54834,-39.12565],[-72.54337,-39.12529],[-72.46758,-39.14302],[-72.45861,-39.14275],[-72.43997,-39.15068]]}},{"id":"8201","type":"Feature","properties":{"ROL":"S/R","NOMBRE_CAMINO":"Collico Sur - Tres Esquinas","CLASIFICACION":"Sin Información","CALZADA":"-","tmda":null},"geometry":{"type":"LineString","coordinates":[[-72.29799,-39.36022],[-72.32952,-39.35305]]}},{"id":"8202","type":"Feature","properties":{"ROL":"S/R","NOMBRE_CAMINO":"Padre Las Casas - Pulmahue","CLASIFICACION":"Sin Información","CALZADA":"-","tmda":899.0},"geometry":{"type":"LineString","coordinates":[[-72.60012,-38.78261],[-72.60083,-38.7841]]}},{"id":"8203","type":"Feature","properties":{"ROL":"S/R","NOMBRE_CAMINO":"Acceso Balsa Quelhue","CLASIFICACION":"Sin Información","CALZADA":"-","tmda":null},"geometry":{"type":"LineString","coordinates":[[-71.9565,-39.27924],[-71.94579,-39.2725]]}},{"id":"8204","type":"Feature","properties":{"ROL":"S/R","NOMBRE_CAMINO":"Cristo Carhuello - Quelhue","CLASIFICACION":"Sin Información","CALZADA":"-","tmda":null},"geometry":{"type":"LineString","coordinates":[[-71.82421,-39.23445],[-71.82605,-39.23131],[-71.83511,-39.22933],[-71.83882,-39.23821],[-71.84496,-39.23907]]}},{"id":"8205","type":"Feature","properties":{"ROL":"S/R","NOMBRE_CAMINO":"Caburga - Huepil","CLASIFICACION":"Sin Información","CALZADA":"-","tmda":null},"geometry":{"type":"LineString","coordinates":[[-71.81481,-39.21576],[-71.8028,-39.21041],[-71.79917,-39.20644],[-71.79201,-39.20488],[-71.78938,-39.20072]]}},{"id":"8206","type":"Feature","properties":{"ROL":"S/R","NOMBRE_CAMINO":"Cristo Carhuello - Quelhue","CLASIFICACION":"Sin Información","CALZADA":"-","tmda":null},"geometry":{"type":"LineString","coordinates":[[-71.84496,-39.23907],[-71.85457,-39.24233],[-71.85684,-39.24163],[-71.86035,-39.24397],[-71.86124,-39.24653],[-71.86584,-39.25063]]}},{"id":"8207","type":"Feature","properties":{"ROL":"R-240","NOMBRE_CAMINO":"Los Sauces - San Ramón - Purén","CLASIFICACION":"Sin Información","CALZADA":"-","tmda":null},"geometry":{"type":"LineString","coordinates":[[-72.85289,-37.97406],[-72.86276,-37.96964],[-72.87156,-37.96983],[-72.87858,-37.96801],[-72.89514,-37.96845],[-72.89655,-37.96421],[-72.89967,-37.96162],[-72.90812,-37.96071],[-72.9082,-37.95863]]}},{"id":"8208","type":"Feature","properties":{"ROL":"S-225","NOMBRE_CAMINO":"Cruce Ruta S-15 - Río Muco - Quintrilte","CLASIFICACION":"Sin Información","CALZADA":"-","tmda":null},"geometry":{"type":"LineString","coordinates":[[-72.38149,-38.61152],[-72.355,-38.61342]]}},{"id":"8209","type":"Feature","properties":{"ROL":"R-240","NOMBRE_CAMINO":"Los Sauces - San Ramón - Purén","CLASIFICACION":"Sin Información","CALZADA":"-","tmda":null},"geometry":{"type":"LineString","coordinates":[[-73.06995,-38.00947],[-73.06619,-38.01344],[-73.0673,-38.01534],[-73.06454,-38.01923],[-73.06213,-38.01973],[-73.06337,-38.02238]]}},{"id":"8210","type":"Feature","properties":{"ROL":"S/R","NOMBRE_CAMINO":"Comunidad Tolhuaca","CLASIFICACION":"Sin Información","CALZADA":"-","tmda":null},"geometry":{"type":"LineString","coordinates":[[-72.02467,-38.28063],[-72.01293,-38.28247]]}},{"id":"8211","type":"Feature","properties":{"ROL":"S-259","NOMBRE_CAMINO":"Pircunche - Llamuco","CLASIFICACION":"Sin Información","CALZADA":"-","tmda":2537.0},"geometry":{"type":"LineString","coordinates":[[-72.48063,-38.6877],[-72.4761,-38.68735],[-72.47251,-38.68461],[-72.45791,-38.68306],[-72.45039,-38.6798]]}},{"id":"8212","type":"Feature","properties":{"ROL":"S/R","NOMBRE_CAMINO":"Puente Allipén - Coipué","CLASIFICACION":"Sin Información","CALZADA":"-","tmda":899.0},"geometry":{"type":"LineString","coordinates":[[-72.50769,-39.01625],[-72.51114,-39.01874],[-72.50348,-39.04106],[-72.49774,-39.04865],[-72.48939,-39.05389]]}},{"id":"8213","type":"Feature","properties":{"ROL":"S/R","NOMBRE_CAMINO":"-","CLASIFICACION":"Sin Información","CALZADA":"-","tmda":null},"geometry":{"type":"LineString","coordinates":[[-72.49664,-37.80221],[-72.49811,-37.79834],[-72.50191,-37.79491],[-72.50455,-37.79561],[-72.51548,-37.78571],[-72.51263,-37.7831]]}},{"id":"8214","type":"Feature","properties":{"ROL":"S/R","NOMBRE_CAMINO":"Tijeral - Tolpán Por El Almendro","CLASIFICACION":"Sin Información","CALZADA":"-","tmda":null},"geometry":{"type":"LineString","coordinates":[[-72.61929,-37.73097],[-72.63956,-37.71791],[-72.64583,-37.71054]]}},{"id":"8215","type":"Feature","properties":{"ROL":"S/R","NOMBRE_CAMINO":"Tijeral - Tolpán Por El Almendro","CLASIFICACION":"Sin Información","CALZADA":"-","tmda":null},"geometry":{"type":"LineString","coordinates":[[-72.64583,-37.71054],[-72.65096,-37.7116]]}},{"id":"8216","type":"Feature","properties":{"ROL":"S-464","NOMBRE_CAMINO":"Cruce Longitudinal (quepe) - Boroa - Almagro","CLASIFICACION":"Sin Información","CALZADA":"-","tmda":1090.0},"geometry":{"type":"LineString","coordinates":[[-72.72442,-38.8484],[-72.74639,-38.84318],[-72.75551,-38.84379],[-72.75605,-38.84717],[-72.7586,-38.8492],[-72.76306,-38.85004],[-72.7654,-38.84879],[-72.76669,-38.84632],[-72.77353,-38.84358],[-72.79255,-38.83928],[-72.80853,-38.84289]]}},{"id":"8217","type":"Feature","properties":{"ROL":"S/R","NOMBRE_CAMINO":"Nueva Imperial - Puente Las Ranas","CLASIFICACION":"Sin Información","CALZADA":"-","tmda":null},"geometry":{"type":"LineString","coordinates":[[-72.95251,-38.74894],[-72.95445,-38.75608]]}},{"id":"8218","type":"Feature","properties":{"ROL":"S-156","NOMBRE_CAMINO":"Carahue - Camarones","CLASIFICACION":"Sin Información","CALZADA":"-","tmda":null},"geometry":{"type":"LineString","coordinates":[[-73.1573,-38.70443],[-73.15694,-38.70319],[-73.15099,-38.70161],[-73.14488,-38.69511],[-73.14371,-38.69179],[-73.1391,-38.69019],[-73.13991,-38.68855]]}},{"id":"8219","type":"Feature","properties":{"ROL":"S-800","NOMBRE_CAMINO":"Toltén - La Barra","CLASIFICACION":"Sin Información","CALZADA":"-","tmda":null},"geometry":{"type":"LineString","coordinates":[[-73.19312,-39.20939],[-73.20092,-39.21756],[-73.20316,-39.23148],[-73.2109,-39.24618],[-73.21787,-39.24747]]}},{"id":"8220","type":"Feature","properties":{"ROL":"S/R","NOMBRE_CAMINO":"Malalche - El Rincón","CLASIFICACION":"Sin Información","CALZADA":"-","tmda":null},"geometry":{"type":"LineString","coordinates":[[-72.94641,-38.5801],[-72.9475,-38.57794],[-72.9451,-38.57279]]}},{"id":"8221","type":"Feature","properties":{"ROL":"S/R","NOMBRE_CAMINO":"Chol Chol - Huamaqui","CLASIFICACION":"Sin Información","CALZADA":"-","tmda":null},"geometry":{"type":"LineString","coordinates":[[-72.84929,-38.60924],[-72.85824,-38.60572],[-72.87099,-38.60462]]}},{"id":"8222","type":"Feature","properties":{"ROL":"S-258","NOMBRE_CAMINO":"Cruce Ruta S-20 - Pailal","CLASIFICACION":"Sin Información","CALZADA":"-","tmda":null},"geometry":{"type":"LineString","coordinates":[[-72.65803,-38.68827],[-72.66118,-38.68091],[-72.66883,-38.67039],[-72.66982,-38.66619],[-72.67706,-38.65925],[-72.68128,-38.64834],[-72.68239,-38.63835],[-72.69386,-38.62157],[-72.69502,-38.61803]]}},{"id":"8223","type":"Feature","properties":{"ROL":"S-417","NOMBRE_CAMINO":"Lo Ignao - Los Laureles","CLASIFICACION":"Sin Información","CALZADA":"-","tmda":null},"geometry":{"type":"LineString","coordinates":[[-72.23733,-38.97512],[-72.24148,-38.98417]]}},{"id":"8224","type":"Feature","properties":{"ROL":"S-452","NOMBRE_CAMINO":"Carahue - Catripulli","CLASIFICACION":"Sin Información","CALZADA":"-","tmda":292.0},"geometry":{"type":"LineString","coordinates":[[-73.17647,-38.71895],[-73.17704,-38.72099],[-73.16425,-38.72662],[-73.15606,-38.72569],[-73.1521,-38.7242],[-73.14994,-38.72149],[-73.14617,-38.72076],[-73.14328,-38.72086],[-73.13505,-38.72635],[-73.13357,-38.72836],[-73.13375,-38.73258],[-73.13098,-38.73477],[-73.12944,-38.745],[-73.12663,-38.75077],[-73.12899,-38.7676]]}},{"id":"8225","type":"Feature","properties":{"ROL":"S/R","NOMBRE_CAMINO":"Labranza - Trañi Trañi","CLASIFICACION":"Sin Información","CALZADA":"-","tmda":899.0},"geometry":{"type":"LineString","coordinates":[[-72.70244,-38.74257],[-72.70362,-38.74067],[-72.70646,-38.74158],[-72.71115,-38.74042],[-72.72647,-38.74138],[-72.74327,-38.74604]]}},{"id":"8226","type":"Feature","properties":{"ROL":"S/R","NOMBRE_CAMINO":"Padre Las Casas - Pulmahue","CLASIFICACION":"Sin Información","CALZADA":"-","tmda":899.0},"geometry":{"type":"LineString","coordinates":[[-72.60083,-38.7841],[-72.6032,-38.79091],[-72.59946,-38.79499]]}},{"id":"8227","type":"Feature","properties":{"ROL":"S/R","NOMBRE_CAMINO":"Maquehue - Licanco","CLASIFICACION":"Sin Información","CALZADA":"-","tmda":899.0},"geometry":{"type":"LineString","coordinates":[[-72.61938,-38.77984],[-72.62213,-38.78778],[-72.62269,-38.79713]]}},{"id":"8228","type":"Feature","properties":{"ROL":"S-900","NOMBRE_CAMINO":"Colonia Loncoche - Las Parcelas","CLASIFICACION":"Sin Información","CALZADA":"-","tmda":null},"geometry":{"type":"LineString","coordinates":[[-72.64866,-39.3503],[-72.64919,-39.34698],[-72.65072,-39.34549],[-72.6581,-39.34248]]}},{"id":"8229","type":"Feature","properties":{"ROL":"S-743","NOMBRE_CAMINO":"Cruce Ruta S-91 - Séptima Faja","CLASIFICACION":"Sin Información","CALZADA":"-","tmda":533.0},"geometry":{"type":"LineString","coordinates":[[-72.4024,-39.25295],[-72.40923,-39.2728]]}},{"id":"8230","type":"Feature","properties":{"ROL":"S/R","NOMBRE_CAMINO":"Acceso A Pasarela Quelhue","CLASIFICACION":"Sin Información","CALZADA":"-","tmda":null},"geometry":{"type":"LineString","coordinates":[[-71.93036,-39.2907],[-71.92545,-39.27441],[-71.92145,-39.27198],[-71.92058,-39.27015]]}},{"id":"8231","type":"Feature","properties":{"ROL":"S/R","NOMBRE_CAMINO":"Selva Oscura - Villa Cautín","CLASIFICACION":"Sin Información","CALZADA":"-","tmda":null},"geometry":{"type":"LineString","coordinates":[[-72.17369,-38.37843],[-72.17749,-38.38368],[-72.17816,-38.3867],[-72.17208,-38.38976],[-72.17263,-38.3935],[-72.1583,-38.39412],[-72.14512,-38.38984],[-72.14148,-38.38703],[-72.13639,-38.38897],[-72.12921,-38.38905],[-72.09639,-38.39915],[-72.09468,-38.40128],[-72.09076,-38.40174],[-72.09579,-38.40581],[-72.09536,-38.40804],[-72.09282,-38.4093]]}},{"id":"8232","type":"Feature","properties":{"ROL":"S/R","NOMBRE_CAMINO":"Catrico - Lafquén","CLASIFICACION":"Sin Información","CALZADA":"-","tmda":null},"geometry":{"type":"LineString","coordinates":[[-72.3404,-39.13604],[-72.33619,-39.13434],[-72.34126,-39.12681],[-72.3402,-39.12393],[-72.33552,-39.12004],[-72.33216,-39.11379],[-72.3252,-39.09475],[-72.31801,-39.09341],[-72.30494,-39.08008],[-72.30141,-39.08021],[-72.29973,-39.07765],[-72.29168,-39.07854],[-72.27631,-39.07611]]}},{"id":"8233","type":"Feature","properties":{"ROL":"R-170","NOMBRE_CAMINO":"Angol - Manzanares Por Santa Rita","CLASIFICACION":"Sin Información","CALZADA":"-","tmda":2597.0},"geometry":{"type":"LineString","coordinates":[[-72.63924,-37.78006],[-72.6365,-37.77934],[-72.62749,-37.78072],[-72.60021,-37.78797],[-72.59383,-37.77334]]}},{"id":"8234","type":"Feature","properties":{"ROL":"S-321","NOMBRE_CAMINO":"Cruce Ruta S-51 - Hielo Sur","CLASIFICACION":"Sin Información","CALZADA":"-","tmda":null},"geometry":{"type":"LineString","coordinates":[[-72.14405,-38.9203],[-72.13924,-38.90796],[-72.13731,-38.90607],[-72.13809,-38.90065],[-72.13637,-38.8992],[-72.13685,-38.89592],[-72.13309,-38.89372],[-72.12891,-38.88125]]}},{"id":"8235","type":"Feature","properties":{"ROL":"R-720","NOMBRE_CAMINO":"Lumaco - Cruce Ruta R-660","CLASIFICACION":"Sin Información","CALZADA":"-","tmda":null},"geometry":{"type":"LineString","coordinates":[[-72.8993,-38.1693],[-72.90099,-38.17092],[-72.90079,-38.17926],[-72.90437,-38.18169],[-72.9106,-38.1922],[-72.90682,-38.20003],[-72.90319,-38.20382],[-72.90367,-38.20664]]}},{"id":"8236","type":"Feature","properties":{"ROL":"S-785-T","NOMBRE_CAMINO":"Loncoche - Calafquén Por Pancoé Sector: Loncoche - Límite Regional","CLASIFICACION":"Sin Información","CALZADA":"-","tmda":699.0},"geometry":{"type":"LineString","coordinates":[[-72.52907,-39.37858],[-72.52476,-39.38091],[-72.49333,-39.38494],[-72.48399,-39.38849],[-72.47458,-39.39563],[-72.46127,-39.39753],[-72.46062,-39.40075],[-72.45865,-39.40218],[-72.46001,-39.40517],[-72.45299,-39.40917],[-72.45003,-39.41363],[-72.44407,-39.41785],[-72.42663,-39.41839],[-72.42466,-39.41723],[-72.41811,-39.42038]]}},{"id":"8237","type":"Feature","properties":{"ROL":"S/R","NOMBRE_CAMINO":"Octava Faja - Huiscapi (oriente)","CLASIFICACION":"Sin Información","CALZADA":"-","tmda":null},"geometry":{"type":"LineString","coordinates":[[-72.38933,-39.29337],[-72.40011,-39.29551]]}},{"id":"8238","type":"Feature","properties":{"ROL":"S-741","NOMBRE_CAMINO":"Cruce Ruta S-91 - Huiscapi - Ñancul","CLASIFICACION":"Sin Información","CALZADA":"-","tmda":null},"geometry":{"type":"LineString","coordinates":[[-72.38933,-39.29337],[-72.35027,-39.30141],[-72.34828,-39.30089],[-72.3457,-39.29753],[-72.33013,-39.29674],[-72.32466,-39.29492],[-72.31881,-39.29102],[-72.31293,-39.29103],[-72.3117,-39.2861],[-72.30927,-39.28458]]}},{"id":"8239","type":"Feature","properties":{"ROL":"S/R","NOMBRE_CAMINO":"Puente Chispa - Balsa Rucapangui - Los Boldos","CLASIFICACION":"Sin Información","CALZADA":"-","tmda":899.0},"geometry":{"type":"LineString","coordinates":[[-72.65193,-38.71794],[-72.66741,-38.71719],[-72.67792,-38.71944],[-72.7007,-38.71638],[-72.71459,-38.71703],[-72.7222,-38.7189],[-72.73592,-38.71728],[-72.76169,-38.71124],[-72.77233,-38.70478],[-72.77461,-38.70165],[-72.7855,-38.70185],[-72.79182,-38.69638]]}},{"id":"8240","type":"Feature","properties":{"ROL":"S-494","NOMBRE_CAMINO":"Cautín Boroa - Maquehue","CLASIFICACION":"Sin Información","CALZADA":"-","tmda":null},"geometry":{"type":"LineString","coordinates":[[-72.67986,-38.7755],[-72.6907,-38.77401],[-72.70905,-38.77642],[-72.71627,-38.77583],[-72.73922,-38.77861],[-72.7541,-38.78267],[-72.76667,-38.78174],[-72.78218,-38.78313],[-72.79335,-38.78202],[-72.81688,-38.78351],[-72.82867,-38.78275],[-72.84693,-38.78554],[-72.8591,-38.78571],[-72.86712,-38.78292],[-72.87902,-38.78229],[-72.87826,-38.77811],[-72.87927,-38.77309]]}},{"id":"8241","type":"Feature","properties":{"ROL":"S-578","NOMBRE_CAMINO":"Maquehue - Mision Inglesa","CLASIFICACION":"Sin Información","CALZADA":"-","tmda":null},"geometry":{"type":"LineString","coordinates":[[-72.69875,-38.85863],[-72.69273,-38.84115],[-72.69363,-38.83693],[-72.69216,-38.83447],[-72.69493,-38.83139],[-72.69492,-38.82906],[-72.69177,-38.82257],[-72.68754,-38.81736],[-72.68107,-38.81675],[-72.67678,-38.81373],[-72.66609,-38.80276]]}},{"id":"8242","type":"Feature","properties":{"ROL":"S-198","NOMBRE_CAMINO":"Chol Chol - Las Praderas","CLASIFICACION":"Sin Información","CALZADA":"-","tmda":null},"geometry":{"type":"LineString","coordinates":[[-72.871,-38.60462],[-72.88922,-38.59768],[-72.89764,-38.59669],[-72.90811,-38.5921],[-72.93329,-38.58796],[-72.94081,-38.58215],[-72.95722,-38.57681]]}},{"id":"8243","type":"Feature","properties":{"ROL":"S-39","NOMBRE_CAMINO":"Vilcún - Alambrado - Cruce Ruta S-377","CLASIFICACION":"Sin Información","CALZADA":"-","tmda":1243.0},"geometry":{"type":"LineString","coordinates":[[-72.22281,-38.67768],[-72.22503,-38.68336],[-72.22848,-38.68657],[-72.22772,-38.69029],[-72.24442,-38.73387],[-72.24658,-38.73585]]}},{"id":"8244","type":"Feature","properties":{"ROL":"S-464","NOMBRE_CAMINO":"Cruce Longitudinal (quepe) - Boroa - Almagro","CLASIFICACION":"Sin Información","CALZADA":"-","tmda":2614.0},"geometry":{"type":"LineString","coordinates":[[-72.80853,-38.84289],[-72.81089,-38.84069],[-72.83009,-38.83208],[-72.85337,-38.82628],[-72.85846,-38.82352],[-72.87328,-38.81026],[-72.88201,-38.80806],[-72.89102,-38.80876],[-72.89978,-38.80659],[-72.90991,-38.80664],[-72.91191,-38.80486],[-72.91516,-38.80457]]}},{"id":"8245","type":"Feature","properties":{"ROL":"S-464","NOMBRE_CAMINO":"Cruce Longitudinal (quepe) - Boroa - Almagro","CLASIFICACION":"Sin Información","CALZADA":"-","tmda":594.0},"geometry":{"type":"LineString","coordinates":[[-72.94687,-38.78413],[-72.94545,-38.78182],[-72.94283,-38.78345]]}},{"id":"8246","type":"Feature","properties":{"ROL":"S-173","NOMBRE_CAMINO":"Cruce S-11-r - Estación Cautín","CLASIFICACION":"Sin Información","CALZADA":"-","tmda":null},"geometry":{"type":"LineString","coordinates":[[-72.14137,-38.48594],[-72.12512,-38.44315]]}},{"id":"8247","type":"Feature","properties":{"ROL":"R-300","NOMBRE_CAMINO":"Huequén - El Pino Por San Luis","CLASIFICACION":"Sin Información","CALZADA":"-","tmda":null},"geometry":{"type":"LineString","coordinates":[[-72.66052,-37.82905],[-72.66691,-37.83351],[-72.66485,-37.85247]]}},{"id":"8248","type":"Feature","properties":{"ROL":"R-35","NOMBRE_CAMINO":"Cruce Longitudinal (collipulli) - Reserva Forestal","CLASIFICACION":"Sin Información","CALZADA":"-","tmda":279.0},"geometry":{"type":"LineString","coordinates":[[-72.42131,-37.95887],[-72.41379,-37.96084],[-72.40353,-37.9614],[-72.36459,-37.95931],[-72.33025,-37.9674]]}},{"id":"8249","type":"Feature","properties":{"ROL":"S-13","NOMBRE_CAMINO":"Acceso Norte A Lautaro","CLASIFICACION":"Sin Información","CALZADA":"-","tmda":null},"geometry":{"type":"LineString","coordinates":[[-72.45365,-38.50899],[-72.4491,-38.51007],[-72.43849,-38.51553]]}},{"id":"8250","type":"Feature","properties":{"ROL":"S-689","NOMBRE_CAMINO":"Sexta Faja","CLASIFICACION":"Sin Información","CALZADA":"-","tmda":null},"geometry":{"type":"LineString","coordinates":[[-72.60221,-39.16771],[-72.59234,-39.16842],[-72.58957,-39.1705],[-72.48756,-39.19519],[-72.48199,-39.19713],[-72.48104,-39.20034],[-72.47855,-39.20172],[-72.45785,-39.20384],[-72.45483,-39.20315],[-72.32665,-39.23402]]}},{"id":"8251","type":"Feature","properties":{"ROL":"S-271","NOMBRE_CAMINO":"Cruce Ruta S-39 - Niágara","CLASIFICACION":"Sin Información","CALZADA":"-","tmda":null},"geometry":{"type":"LineString","coordinates":[[-72.26354,-38.78365],[-72.38855,-38.75458],[-72.39013,-38.75708],[-72.40154,-38.76365],[-72.40926,-38.76557],[-72.41442,-38.77302]]}},{"id":"8252","type":"Feature","properties":{"ROL":"R-444","NOMBRE_CAMINO":"Los Sauces - Lumaco Por Las Rosas","CLASIFICACION":"Sin Información","CALZADA":"-","tmda":479.0},"geometry":{"type":"LineString","coordinates":[[-72.82267,-38.0022],[-72.82448,-38.00988],[-72.82489,-38.02197],[-72.83573,-38.04549],[-72.84568,-38.05479],[-72.85161,-38.06466],[-72.85889,-38.0878],[-72.86753,-38.09552],[-72.87009,-38.10014],[-72.86999,-38.1049],[-72.87478,-38.10891],[-72.87806,-38.11514],[-72.88201,-38.11747],[-72.88382,-38.12433],[-72.88702,-38.12804],[-72.8876,-38.13504],[-72.88391,-38.14069],[-72.88379,-38.14376],[-72.89043,-38.14902],[-72.89198,-38.1574]]}},{"id":"8253","type":"Feature","properties":{"ROL":"S-65","NOMBRE_CAMINO":"Pitrufquén - Ñancul","CLASIFICACION":"Sin Información","CALZADA":"-","tmda":622.0},"geometry":{"type":"LineString","coordinates":[[-72.51653,-39.06039],[-72.49782,-39.07214],[-72.48461,-39.08416],[-72.4736,-39.08988],[-72.44257,-39.08678],[-72.44144,-39.09268],[-72.44681,-39.10753],[-72.43372,-39.11198]]}},{"id":"8254","type":"Feature","properties":{"ROL":"R-302","NOMBRE_CAMINO":"Huequen - Manzanar Por Fundo Itraque","CLASIFICACION":"Sin Información","CALZADA":"-","tmda":null},"geometry":{"type":"LineString","coordinates":[[-72.66608,-37.82263],[-72.63998,-37.8218]]}},{"id":"8255","type":"Feature","properties":{"ROL":"R-302","NOMBRE_CAMINO":"Huequen - Manzanar Por Fundo Itraque","CLASIFICACION":"Sin Información","CALZADA":"-","tmda":null},"geometry":{"type":"LineString","coordinates":[[-72.63998,-37.8218],[-72.63181,-37.81954],[-72.62229,-37.80949]]}},{"id":"8256","type":"Feature","properties":{"ROL":"S-75","NOMBRE_CAMINO":"Cunco - Lago Colico - Trafampulli","CLASIFICACION":"Sin Información","CALZADA":"-","tmda":909.0},"geometry":{"type":"LineString","coordinates":[[-72.02839,-38.93204],[-72.02921,-38.93497],[-72.02566,-38.93571],[-72.02858,-38.94389],[-72.02456,-38.95257],[-72.02707,-38.95917],[-72.02668,-38.96268],[-72.0179,-38.97675],[-72.02039,-38.97765],[-72.01812,-38.97889],[-72.01858,-38.98182],[-72.02646,-39.00582]]}},{"id":"8257","type":"Feature","properties":{"ROL":"S-907","NOMBRE_CAMINO":"Quetroleufu - Pichares - Huife","CLASIFICACION":"Sin Información","CALZADA":"-","tmda":null},"geometry":{"type":"LineString","coordinates":[[-71.73671,-39.21769],[-71.71947,-39.2135],[-71.7059,-39.21825],[-71.69744,-39.21902],[-71.6894,-39.22452],[-71.67761,-39.22807],[-71.66881,-39.22824],[-71.66257,-39.23043],[-71.65377,-39.22945],[-71.64871,-39.22697]]}},{"id":"8258","type":"Feature","properties":{"ROL":"R-90-P","NOMBRE_CAMINO":"Traiguén - Lumaco - Capitán Pastene - Quidico, Sector Traiguén - Límite Regional","CLASIFICACION":"Sin Información","CALZADA":"-","tmda":922.0},"geometry":{"type":"LineString","coordinates":[[-72.99557,-38.19915],[-72.99963,-38.20868]]}},{"id":"8259","type":"Feature","properties":{"ROL":"S-69","NOMBRE_CAMINO":"Los  Laureles - Pedregoso - Villarrica","CLASIFICACION":"Sin Información","CALZADA":"-","tmda":961.0},"geometry":{"type":"LineString","coordinates":[[-72.24572,-38.99506],[-72.25155,-39.0097],[-72.25169,-39.01388],[-72.24726,-39.01718],[-72.25004,-39.02209],[-72.24715,-39.02535],[-72.24838,-39.02645],[-72.24643,-39.02657],[-72.23279,-39.03666],[-72.22264,-39.04175]]}},{"id":"8260","type":"Feature","properties":{"ROL":"S-464","NOMBRE_CAMINO":"Cruce Longitudinal (quepe) - Boroa - Almagro","CLASIFICACION":"Sin Información","CALZADA":"-","tmda":1160.0},"geometry":{"type":"LineString","coordinates":[[-72.6174,-38.87075],[-72.62065,-38.87374],[-72.62649,-38.87516],[-72.62741,-38.87686],[-72.64949,-38.87723],[-72.66409,-38.87232],[-72.67704,-38.86572],[-72.69291,-38.86149],[-72.70064,-38.85765],[-72.7048,-38.85309],[-72.71976,-38.8495]]}},{"id":"8261","type":"Feature","properties":{"ROL":"S-61","NOMBRE_CAMINO":"Cruce Ruta 199 (allipen) - Cruce Ruta S-61 (cunco)","CLASIFICACION":"Sin Información","CALZADA":"-","tmda":837.0},"geometry":{"type":"LineString","coordinates":[[-72.39352,-38.98769],[-72.38491,-38.98784],[-72.33797,-39.00125],[-72.32222,-39.00194],[-72.29153,-38.99786],[-72.28021,-38.9977],[-72.24898,-38.98731]]}},{"id":"8262","type":"Feature","properties":{"ROL":"S-503","NOMBRE_CAMINO":"Los Laureles - Lago Colico","CLASIFICACION":"Sin Información","CALZADA":"-","tmda":286.0},"geometry":{"type":"LineString","coordinates":[[-72.22243,-39.0419],[-72.21355,-39.04621],[-72.20906,-39.05463],[-72.19806,-39.05859],[-72.18042,-39.06168]]}},{"id":"8263","type":"Feature","properties":{"ROL":"S-686","NOMBRE_CAMINO":"Cruce Ruta S-70 - Estero La Cascada","CLASIFICACION":"Sin Información","CALZADA":"-","tmda":593.0},"geometry":{"type":"LineString","coordinates":[[-72.90716,-39.0272],[-72.92985,-39.08658]]}},{"id":"8264","type":"Feature","properties":{"ROL":"S-907","NOMBRE_CAMINO":"Quetroleufu - Pichares - Huife","CLASIFICACION":"Sin Información","CALZADA":"-","tmda":null},"geometry":{"type":"LineString","coordinates":[[-71.82828,-39.26748],[-71.82078,-39.26512],[-71.80065,-39.2701],[-71.79512,-39.26952],[-71.78937,-39.26713],[-71.7888,-39.26818],[-71.78291,-39.26901],[-71.77875,-39.26622],[-71.7777,-39.26147],[-71.76654,-39.25502],[-71.76661,-39.25336],[-71.7608,-39.24749]]}},{"id":"8265","type":"Feature","properties":{"ROL":"S-839","NOMBRE_CAMINO":"Segunda Faja - El Volcán","CLASIFICACION":"Sin Información","CALZADA":"-","tmda":1299.0},"geometry":{"type":"LineString","coordinates":[[-72.23347,-39.30162],[-72.2059,-39.30849]]}},{"id":"8266","type":"Feature","properties":{"ROL":"S-887","NOMBRE_CAMINO":"Pucón - Refugio Volcán Villarrica","CLASIFICACION":"Sin Información","CALZADA":"-","tmda":4836.0},"geometry":{"type":"LineString","coordinates":[[-71.98468,-39.28218],[-71.9777,-39.28654],[-71.9816,-39.29855],[-71.98096,-39.3022]]}},{"id":"8267","type":"Feature","properties":{"ROL":"R-90-P","NOMBRE_CAMINO":"Traiguén - Lumaco - Capitán Pastene - Quidico, Sector Traiguén - Límite Regional","CLASIFICACION":"Sin Información","CALZADA":"-","tmda":922.0},"geometry":{"type":"LineString","coordinates":[[-72.99963,-38.20868],[-73.00134,-38.20892],[-73.00401,-38.21398],[-73.0014,-38.22084],[-73.00257,-38.22495],[-73.0104,-38.22751],[-73.01909,-38.22737],[-73.02118,-38.23062],[-73.02135,-38.23596],[-73.02761,-38.2385],[-73.02969,-38.24118],[-73.03621,-38.24465],[-73.04504,-38.24552],[-73.04977,-38.24967],[-73.05273,-38.24884],[-73.05217,-38.25125],[-73.05593,-38.25736],[-73.05787,-38.25821],[-73.06193,-38.2569],[-73.06665,-38.25749],[-73.06722,-38.26016],[-73.07374,-38.26353],[-73.07967,-38.26455],[-73.08326,-38.26736],[-73.09112,-38.2685],[-73.09139,-38.2714],[-73.0945,-38.27349],[-73.09764,-38.27369]]}},{"id":"8268","type":"Feature","properties":{"ROL":"S-31","NOMBRE_CAMINO":"Cruce Longitudinal (cajon) - Vilcun - Refugio Llaima","CLASIFICACION":"Sin Información","CALZADA":"-","tmda":197.0},"geometry":{"type":"LineString","coordinates":[[-71.99444,-38.68616],[-71.97329,-38.69107],[-71.96287,-38.68366]]}},{"id":"8269","type":"Feature","properties":{"ROL":"S-65","NOMBRE_CAMINO":"Pitrufquén - Ñancul","CLASIFICACION":"Sin Información","CALZADA":"-","tmda":622.0},"geometry":{"type":"LineString","coordinates":[[-72.39746,-39.12809],[-72.36335,-39.14732],[-72.36105,-39.15025]]}},{"id":"8270","type":"Feature","properties":{"ROL":"S-839","NOMBRE_CAMINO":"Segunda Faja - El Volcán","CLASIFICACION":"Sin Información","CALZADA":"-","tmda":3422.0},"geometry":{"type":"LineString","coordinates":[[-72.20093,-39.30968],[-72.17834,-39.31516]]}},{"id":"8271","type":"Feature","properties":{"ROL":"S-907","NOMBRE_CAMINO":"Quetroleufu - Pichares - Huife","CLASIFICACION":"Sin Información","CALZADA":"-","tmda":null},"geometry":{"type":"LineString","coordinates":[[-71.64871,-39.22697],[-71.64226,-39.22542]]}},{"id":"8272","type":"Feature","properties":{"ROL":"S/R","NOMBRE_CAMINO":"Labranza - Trañi Trañi","CLASIFICACION":"Sin Información","CALZADA":"-","tmda":899.0},"geometry":{"type":"LineString","coordinates":[[-72.70228,-38.76088],[-72.704,-38.75391],[-72.70094,-38.74551],[-72.70181,-38.74368]]}},{"id":"8273","type":"Feature","properties":{"ROL":"R-571","NOMBRE_CAMINO":"Pailahueque - Fundo Callin","CLASIFICACION":"Sin Información","CALZADA":"-","tmda":null},"geometry":{"type":"LineString","coordinates":[[-72.32262,-38.13333],[-72.31804,-38.13147],[-72.31982,-38.1286]]}},{"id":"8274","type":"Feature","properties":{"ROL":"S-553","NOMBRE_CAMINO":"Catrico - Pedregoso - Las Ochocientas","CLASIFICACION":"Sin Información","CALZADA":"-","tmda":302.0},"geometry":{"type":"LineString","coordinates":[[-72.1928,-39.17306],[-72.17341,-39.17187],[-72.15554,-39.17496]]}},{"id":"8275","type":"Feature","properties":{"ROL":"S-69","NOMBRE_CAMINO":"Los  Laureles - Pedregoso - Villarrica","CLASIFICACION":"Sin Información","CALZADA":"-","tmda":433.0},"geometry":{"type":"LineString","coordinates":[[-72.22264,-39.04175],[-72.21968,-39.04781],[-72.22153,-39.05371],[-72.21411,-39.06192]]}},{"id":"8276","type":"Feature","properties":{"ROL":"S-227","NOMBRE_CAMINO":"Pillánlelbun - La Esmeralda - San Pablo","CLASIFICACION":"Sin Información","CALZADA":"-","tmda":null},"geometry":{"type":"LineString","coordinates":[[-72.44017,-38.63226],[-72.43418,-38.63293],[-72.43063,-38.63511],[-72.42735,-38.65578],[-72.42477,-38.65881],[-72.41176,-38.65524],[-72.4038,-38.65639],[-72.40236,-38.65782]]}},{"id":"8277","type":"Feature","properties":{"ROL":"R-400","NOMBRE_CAMINO":"Cruce Ruta 5 (pidima) - Los Sauces Por Saboya","CLASIFICACION":"Sin Información","CALZADA":"-","tmda":null},"geometry":{"type":"LineString","coordinates":[[-72.815,-37.9853],[-72.81793,-37.98505],[-72.82195,-37.98704],[-72.82987,-37.98667]]}},{"id":"8278","type":"Feature","properties":{"ROL":"R-400","NOMBRE_CAMINO":"Cruce Ruta 5 (pidima) - Los Sauces Por Saboya","CLASIFICACION":"Sin Información","CALZADA":"-","tmda":null},"geometry":{"type":"LineString","coordinates":[[-72.41868,-38.0131],[-72.42579,-38.0123],[-72.42453,-38.01712],[-72.42616,-38.01553],[-72.42751,-38.01602]]}},{"id":"8279","type":"Feature","properties":{"ROL":"R-571","NOMBRE_CAMINO":"Pailahueque - Fundo Callin","CLASIFICACION":"Sin Información","CALZADA":"-","tmda":null},"geometry":{"type":"LineString","coordinates":[[-72.31982,-38.1286],[-72.31843,-38.12739]]}},{"id":"8280","type":"Feature","properties":{"ROL":"R-90-P","NOMBRE_CAMINO":"Traiguén - Lumaco - Capitán Pastene - Quidico, Sector Traiguén - Límite Regional","CLASIFICACION":"Sin Información","CALZADA":"-","tmda":922.0},"geometry":{"type":"LineString","coordinates":[[-73.09764,-38.27369],[-73.10338,-38.27272],[-73.11686,-38.27371],[-73.12479,-38.27138],[-73.13109,-38.27146],[-73.13983,-38.26831],[-73.14487,-38.27062],[-73.14887,-38.27092]]}},{"id":"8281","type":"Feature","properties":{"ROL":"S-217","NOMBRE_CAMINO":"Pircunche - Santa Rosa","CLASIFICACION":"Sin Información","CALZADA":"-","tmda":1224.0},"geometry":{"type":"LineString","coordinates":[[-72.4855,-38.68843],[-72.48534,-38.69009],[-72.49243,-38.69733],[-72.49844,-38.70859],[-72.51025,-38.71306]]}},{"id":"8282","type":"Feature","properties":{"ROL":"S-225","NOMBRE_CAMINO":"Cruce Ruta S-15 - Río Muco - Quintrilte","CLASIFICACION":"Sin Información","CALZADA":"-","tmda":null},"geometry":{"type":"LineString","coordinates":[[-72.41244,-38.57418],[-72.40578,-38.57664],[-72.40506,-38.58408]]}},{"id":"8283","type":"Feature","properties":{"ROL":"S-31","NOMBRE_CAMINO":"Cruce Longitudinal (cajon) - Vilcun - Refugio Llaima","CLASIFICACION":"Sin Información","CALZADA":"-","tmda":197.0},"geometry":{"type":"LineString","coordinates":[[-71.96287,-38.68366],[-71.95444,-38.68086],[-71.94499,-38.68278],[-71.93682,-38.68167],[-71.93011,-38.67904],[-71.92235,-38.67842],[-71.9188,-38.67529],[-71.91265,-38.6752]]}},{"id":"8284","type":"Feature","properties":{"ROL":"S-503","NOMBRE_CAMINO":"Los Laureles - Lago Colico","CLASIFICACION":"Sin Información","CALZADA":"-","tmda":286.0},"geometry":{"type":"LineString","coordinates":[[-72.18042,-39.06168],[-72.17342,-39.06168],[-72.15048,-39.05494],[-72.14082,-39.05544]]}},{"id":"8285","type":"Feature","properties":{"ROL":"S-553","NOMBRE_CAMINO":"Catrico - Pedregoso - Las Ochocientas","CLASIFICACION":"Sin Información","CALZADA":"-","tmda":302.0},"geometry":{"type":"LineString","coordinates":[[-72.19747,-39.17427],[-72.1928,-39.17306]]}},{"id":"8286","type":"Feature","properties":{"ROL":"S-605","NOMBRE_CAMINO":"Quinta Faja","CLASIFICACION":"Sin Información","CALZADA":"-","tmda":null},"geometry":{"type":"LineString","coordinates":[[-72.67132,-39.11245],[-72.66993,-39.11223],[-72.66668,-39.11569],[-72.65137,-39.11915]]}},{"id":"8287","type":"Feature","properties":{"ROL":"S-61","NOMBRE_CAMINO":"Cruce Ruta 199 (allipen) - Cruce Ruta S-61 (cunco)","CLASIFICACION":"Sin Información","CALZADA":"-","tmda":3059.0},"geometry":{"type":"LineString","coordinates":[[-72.15153,-38.94135],[-72.13233,-38.93489]]}},{"id":"8288","type":"Feature","properties":{"ROL":"S-61","NOMBRE_CAMINO":"Cruce Ruta 199 (allipen) - Cruce Ruta S-61 (cunco)","CLASIFICACION":"Sin Información","CALZADA":"-","tmda":3059.0},"geometry":{"type":"LineString","coordinates":[[-72.24898,-38.98731],[-72.22661,-38.97878],[-72.21258,-38.9659],[-72.17361,-38.94878],[-72.15318,-38.94191]]}},{"id":"8289","type":"Feature","properties":{"ROL":"S-65","NOMBRE_CAMINO":"Pitrufquén - Ñancul","CLASIFICACION":"Sin Información","CALZADA":"-","tmda":622.0},"geometry":{"type":"LineString","coordinates":[[-72.43372,-39.11198],[-72.39746,-39.12809]]}},{"id":"8290","type":"Feature","properties":{"ROL":"S-70","NOMBRE_CAMINO":"Pitrufquen - Peule","CLASIFICACION":"Sin Información","CALZADA":"-","tmda":784.0},"geometry":{"type":"LineString","coordinates":[[-72.82622,-39.0357],[-72.84744,-39.03428],[-72.85654,-39.02833],[-72.87383,-39.02464],[-72.89923,-39.02544],[-72.90991,-39.02721]]}},{"id":"8291","type":"Feature","properties":{"ROL":"S-75","NOMBRE_CAMINO":"Cunco - Lago Colico - Trafampulli","CLASIFICACION":"Sin Información","CALZADA":"-","tmda":837.0},"geometry":{"type":"LineString","coordinates":[[-72.02646,-39.00582],[-72.02493,-39.00854],[-72.02764,-39.01824],[-72.02121,-39.02194],[-72.0128,-39.02276],[-72.01014,-39.02994]]}},{"id":"8292","type":"Feature","properties":{"ROL":"S-839","NOMBRE_CAMINO":"Segunda Faja - El Volcán","CLASIFICACION":"Sin Información","CALZADA":"-","tmda":3422.0},"geometry":{"type":"LineString","coordinates":[[-72.2059,-39.30849],[-72.20091,-39.3097]]}},{"id":"8293","type":"Feature","properties":{"ROL":"S-907","NOMBRE_CAMINO":"Quetroleufu - Pichares - Huife","CLASIFICACION":"Sin Información","CALZADA":"-","tmda":null},"geometry":{"type":"LineString","coordinates":[[-71.64226,-39.22542],[-71.6388,-39.2217],[-71.63239,-39.22054],[-71.63105,-39.21875],[-71.62877,-39.21904]]}},{"id":"8294","type":"Feature","properties":{"ROL":"S-907","NOMBRE_CAMINO":"Quetroleufu - Pichares - Huife","CLASIFICACION":"Sin Información","CALZADA":"-","tmda":null},"geometry":{"type":"LineString","coordinates":[[-71.7608,-39.24749],[-71.75752,-39.24455],[-71.75559,-39.23925],[-71.75203,-39.23532],[-71.74821,-39.23245],[-71.74181,-39.23044],[-71.73948,-39.22805],[-71.73671,-39.21769]]}},{"id":"8295","type":"Feature","properties":{"ROL":"S/R","NOMBRE_CAMINO":"Maquehue - Licanco","CLASIFICACION":"Sin Información","CALZADA":"-","tmda":899.0},"geometry":{"type":"LineString","coordinates":[[-72.60916,-38.76587],[-72.61774,-38.7705],[-72.61938,-38.77984]]}},{"id":"8296","type":"Feature","properties":{"ROL":"S/R","NOMBRE_CAMINO":"Maquehue - Licanco","CLASIFICACION":"Sin Información","CALZADA":"-","tmda":899.0},"geometry":{"type":"LineString","coordinates":[[-72.62269,-38.79713],[-72.62272,-38.79843]]}},{"id":"8297","type":"Feature","properties":{"ROL":"S/R","NOMBRE_CAMINO":"Labranza - Trañi Trañi","CLASIFICACION":"Sin Información","CALZADA":"-","tmda":899.0},"geometry":{"type":"LineString","coordinates":[[-72.70181,-38.74368],[-72.70244,-38.74257]]}},{"id":"8298","type":"Feature","properties":{"ROL":"S/R","NOMBRE_CAMINO":"Quepe - Mahuidanche","CLASIFICACION":"Sin Información","CALZADA":"-","tmda":899.0},"geometry":{"type":"LineString","coordinates":[[-72.68381,-38.83842],[-72.6933,-38.83572]]}},{"id":"8299","type":"Feature","properties":{"ROL":"S/R","NOMBRE_CAMINO":"Llau Lllau - El Pirao","CLASIFICACION":"Sin Información","CALZADA":"-","tmda":null},"geometry":{"type":"LineString","coordinates":[[-72.23273,-39.31018],[-72.22376,-39.31504],[-72.20282,-39.32962]]}},{"id":"8300","type":"Feature","properties":{"ROL":"S-225","NOMBRE_CAMINO":"Cruce Ruta S-15 - Río Muco - Quintrilte","CLASIFICACION":"Sin Información","CALZADA":"-","tmda":null},"geometry":{"type":"LineString","coordinates":[[-72.40506,-38.58408],[-72.40461,-38.59116],[-72.39103,-38.60776],[-72.38149,-38.61152]]}},{"id":"8301","type":"Feature","properties":{"ROL":"S-15","NOMBRE_CAMINO":"Lautaro - San Patricio","CLASIFICACION":"Sin Información","CALZADA":"-","tmda":261.0},"geometry":{"type":"LineString","coordinates":[[-72.43024,-38.55702],[-72.41334,-38.56195],[-72.40958,-38.56438],[-72.40428,-38.56385],[-72.3992,-38.566],[-72.37323,-38.56113],[-72.34867,-38.57031],[-72.34683,-38.56893],[-72.34429,-38.56917],[-72.34151,-38.57272],[-72.31345,-38.57166],[-72.3079,-38.57959],[-72.30461,-38.58088],[-72.29247,-38.58201],[-72.27139,-38.57771]]}},{"id":"8302","type":"Feature","properties":{"ROL":"S/R","NOMBRE_CAMINO":"Llau Lllau - El Pirao","CLASIFICACION":"Sin Información","CALZADA":"-","tmda":null},"geometry":{"type":"LineString","coordinates":[[-72.20282,-39.32962],[-72.19002,-39.33192],[-72.16876,-39.34066],[-72.15241,-39.34126],[-72.14912,-39.3423],[-72.14661,-39.34519],[-72.13869,-39.34567]]}},{"id":"8303","type":"Feature","properties":{"ROL":"S/R-97","NOMBRE_CAMINO":"Variante Boca Budi","CLASIFICACION":"Camino Regional Comunal (En Proceso de Enrolamiento)","CALZADA":"-","tmda":null},"geometry":{"type":"LineString","coordinates":[[-73.39702,-38.81468],[-73.39661,-38.81859]]}},{"id":"8304","type":"Feature","properties":{"ROL":"S/R-S-504","NOMBRE_CAMINO":"Paradero San Luis - Vega Boroa","CLASIFICACION":"Camino Regional Comunal (En Proceso de Enrolamiento)","CALZADA":"U","tmda":null},"geometry":{"type":"LineString","coordinates":[[-72.90133,-38.83832],[-72.89031,-38.83712],[-72.88492,-38.83353],[-72.87927,-38.83209]]}},{"id":"8305","type":"Feature","properties":{"ROL":"R-71","NOMBRE_CAMINO":"Cruce Ruta 5 (Inspector Fernández) - Parque Nacional Tolhuaca - Curacautín","CLASIFICACION":"Camino Regional Principal","CALZADA":"ÚNICA","tmda":894.0},"geometry":{"type":"LineString","coordinates":[[-71.87983,-38.36464],[-71.88948,-38.37604],[-71.91095,-38.38133],[-71.91516,-38.38824],[-71.91677,-38.40495],[-71.91401,-38.41102],[-71.90905,-38.4157],[-71.90618,-38.42241],[-71.9023,-38.42516],[-71.90281,-38.429],[-71.90157,-38.43136],[-71.90258,-38.43455]]}},{"id":"8306","type":"Feature","properties":{"ROL":"R-785","NOMBRE_CAMINO":"Corralco - Volcán Lonquimay - Lolco - Puente Contraco","CLASIFICACION":"Camino Regional Comunal","CALZADA":"ÚNICA","tmda":null},"geometry":{"type":"LineString","coordinates":[[-71.51754,-38.44727],[-71.53383,-38.43546],[-71.53842,-38.42884],[-71.54287,-38.426],[-71.54453,-38.41903],[-71.54189,-38.41401]]}},{"id":"8307","type":"Feature","properties":{"ROL":"R-791","NOMBRE_CAMINO":"Lonquimay - Troyo - Puente Contraco","CLASIFICACION":"Camino Regional Comunal","CALZADA":"ÚNICA","tmda":105.0},"geometry":{"type":"LineString","coordinates":[[-71.37142,-38.45046],[-71.36656,-38.44836],[-71.34021,-38.44293],[-71.33376,-38.43917],[-71.32236,-38.42962],[-71.32223,-38.43221],[-71.31507,-38.43058],[-71.30332,-38.43251],[-71.28255,-38.42437],[-71.26769,-38.42078],[-71.26105,-38.4147],[-71.25845,-38.41384],[-71.25669,-38.40973]]}},{"id":"8308","type":"Feature","properties":{"ROL":"R-883","NOMBRE_CAMINO":"Santa Ema - Rariruca - Radalco","CLASIFICACION":"Camino Regional Comunal","CALZADA":"ÚNICA","tmda":null},"geometry":{"type":"LineString","coordinates":[[-72.00061,-38.43575],[-72.00071,-38.43245],[-72.00566,-38.4305],[-72.00962,-38.43092],[-72.00921,-38.4281]]}},{"id":"8309","type":"Feature","properties":{"ROL":"R-89","NOMBRE_CAMINO":"El Indio - Lonquimay","CLASIFICACION":"Camino Regional Principal","CALZADA":"ÚNICA","tmda":2321.0},"geometry":{"type":"LineString","coordinates":[[-71.41001,-38.43075],[-71.40881,-38.43152],[-71.40724,-38.43003],[-71.39988,-38.43322],[-71.39679,-38.43228],[-71.39384,-38.43329],[-71.3913,-38.43691],[-71.38393,-38.43974],[-71.37823,-38.44572],[-71.38127,-38.4467],[-71.37139,-38.45048]]}},{"id":"8310","type":"Feature","properties":{"ROL":"R-925-S","NOMBRE_CAMINO":"Curacautín - Conguillío - Melipeuco","CLASIFICACION":"Camino Regional Provincial","CALZADA":"ÚNICA","tmda":379.0},"geometry":{"type":"LineString","coordinates":[[-71.63444,-38.77277],[-71.64503,-38.78709],[-71.64766,-38.78776],[-71.64749,-38.79423],[-71.64936,-38.79727],[-71.64902,-38.79984],[-71.65798,-38.80884],[-71.6597,-38.81152],[-71.65869,-38.81466],[-71.66367,-38.81982],[-71.66393,-38.82455],[-71.65808,-38.83324],[-71.6599,-38.83655],[-71.66447,-38.84032]]}},{"id":"8311","type":"Feature","properties":{"ROL":"S-125-R","NOMBRE_CAMINO":"Cruce Ruta 5 (Puente Quillén) - El Sol - Selva Oscura","CLASIFICACION":"Camino Regional Provincial","CALZADA":"ÚNICA","tmda":205.0},"geometry":{"type":"LineString","coordinates":[[-72.30852,-38.44761],[-72.29172,-38.44149],[-72.27824,-38.42736],[-72.27554,-38.42669],[-72.26066,-38.41291],[-72.25579,-38.41367],[-72.24462,-38.41131],[-72.23892,-38.4114],[-72.22905,-38.40516],[-72.21516,-38.40089],[-72.21206,-38.39224],[-72.21027,-38.39071],[-72.18459,-38.38003],[-72.17365,-38.37852]]}},{"id":"8312","type":"Feature","properties":{"ROL":"S-324-R","NOMBRE_CAMINO":"Cruce Ruta 5 (Rehuecoyán) - Quino","CLASIFICACION":"Camino Regional Provincial","CALZADA":"ÚNICA","tmda":null},"geometry":{"type":"LineString","coordinates":[[-72.38907,-38.38219],[-72.39317,-38.38277],[-72.40657,-38.38003],[-72.43257,-38.37782]]}},{"id":"8313","type":"Feature","properties":{"ROL":"S-328","NOMBRE_CAMINO":"Cruce Ruta 5 (Perquenco) - Rehuecoyán","CLASIFICACION":"Camino Regional Comunal","CALZADA":"ÚNICA","tmda":null},"geometry":{"type":"LineString","coordinates":[[-72.39298,-38.40674],[-72.41121,-38.40726],[-72.42017,-38.4049],[-72.42446,-38.40104],[-72.43841,-38.39886]]}},{"id":"8314","type":"Feature","properties":{"ROL":"S-328","NOMBRE_CAMINO":"Cruce Ruta 5 (Perquenco) - Rehuecoyán","CLASIFICACION":"Camino Regional Comunal","CALZADA":"ÚNICA","tmda":null},"geometry":{"type":"LineString","coordinates":[[-72.43955,-38.39896],[-72.44768,-38.40258]]}},{"id":"8315","type":"Feature","properties":{"ROL":"S-328","NOMBRE_CAMINO":"Cruce Ruta 5 (Perquenco) - Rehuecoyán","CLASIFICACION":"Camino Regional Comunal","CALZADA":"ÚNICA","tmda":null},"geometry":{"type":"LineString","coordinates":[[-72.44895,-38.40298],[-72.45148,-38.40395]]}},{"id":"8316","type":"Feature","properties":{"ROL":"S-51-R","NOMBRE_CAMINO":"Cruce Ruta 5 (Enlace Padre las Casas) - Cunco - Melipeuco - Paso Icalma","CLASIFICACION":"Camino Regional Principal","CALZADA":"ÚNICA","tmda":1878.0},"geometry":{"type":"LineString","coordinates":[[-71.59197,-38.83684],[-71.56417,-38.84039],[-71.53631,-38.84963],[-71.50622,-38.8506],[-71.48389,-38.84681],[-71.47448,-38.85089],[-71.47391,-38.84357],[-71.46634,-38.83658],[-71.4617,-38.83625],[-71.45818,-38.83846],[-71.45101,-38.83669],[-71.448,-38.83768],[-71.44371,-38.83658],[-71.43729,-38.8374],[-71.42425,-38.83077],[-71.41727,-38.82401],[-71.40784,-38.82509],[-71.40402,-38.83026],[-71.39819,-38.83405],[-71.39774,-38.83586],[-71.388,-38.83849],[-71.38597,-38.84072],[-71.38268,-38.84033],[-71.38141,-38.83855],[-71.37473,-38.8355]]}},{"id":"8317","type":"Feature","properties":{"ROL":"S/R-R-885","NOMBRE_CAMINO":"Santa Julia - Ventrenco","CLASIFICACION":"Camino Regional Comunal","CALZADA":"ÚNICA","tmda":null},"geometry":{"type":"LineString","coordinates":[[-71.98112,-38.47697],[-71.98218,-38.47891],[-71.98546,-38.47943],[-71.9853,-38.48299]]}},{"id":"8318","type":"Feature","properties":{"ROL":"S/R-R-909","NOMBRE_CAMINO":"Curacautín - Corretué","CLASIFICACION":"Camino Regional de Acceso","CALZADA":"ÚNICA","tmda":null},"geometry":{"type":"LineString","coordinates":[[-71.8962,-38.44645],[-71.89172,-38.45136],[-71.88183,-38.45448]]}},{"id":"8319","type":"Feature","properties":{"ROL":"S-373","NOMBRE_CAMINO":"Cruce Ruta 5 (Cantera) - Metrenco - Coyahue","CLASIFICACION":"Camino Regional Comunal (En Proceso de Enrolamiento)","CALZADA":"U","tmda":null},"geometry":{"type":"LineString","coordinates":[[-72.60568,-38.81685],[-72.60148,-38.81382],[-72.59964,-38.80711],[-72.60039,-38.80273],[-72.59885,-38.79901],[-72.60005,-38.79665],[-72.59609,-38.79032]]}},{"id":"8320","type":"Feature","properties":{"ROL":"S-373","NOMBRE_CAMINO":"Cruce Ruta 5 (Cantera) - Metrenco - Coyahue","CLASIFICACION":"Camino Regional Comunal","CALZADA":"U","tmda":null},"geometry":{"type":"LineString","coordinates":[[-72.59609,-38.79032],[-72.59023,-38.78652],[-72.58506,-38.77992],[-72.58166,-38.77758]]}},{"id":"8321","type":"Feature","properties":{"ROL":"R-168","NOMBRE_CAMINO":"Renaico - Parronal","CLASIFICACION":"Sin Información","CALZADA":"-","tmda":null},"geometry":{"type":"LineString","coordinates":[[-72.58332,-37.67463],[-72.55795,-37.68781],[-72.55427,-37.70226]]}},{"id":"8322","type":"Feature","properties":{"ROL":"R-168","NOMBRE_CAMINO":"Renaico - Parronal","CLASIFICACION":"Sin Información","CALZADA":"-","tmda":null},"geometry":{"type":"LineString","coordinates":[[-72.55427,-37.70226],[-72.55278,-37.70817],[-72.54711,-37.71743],[-72.5393,-37.72321],[-72.5363,-37.72747]]}},{"id":"8323","type":"Feature","properties":{"ROL":"S/R","NOMBRE_CAMINO":"Angol - Vegas Blancas - Piedra El Aguila","CLASIFICACION":"Sin Información","CALZADA":"-","tmda":null},"geometry":{"type":"LineString","coordinates":[[-72.8233,-37.78265],[-72.82574,-37.78339],[-72.82774,-37.78622],[-72.84605,-37.79498],[-72.84871,-37.79379],[-72.86157,-37.79805],[-72.86251,-37.79935],[-72.86145,-37.8018],[-72.86382,-37.80138],[-72.8642,-37.80472],[-72.87121,-37.80433],[-72.87157,-37.80663],[-72.87675,-37.80752],[-72.87699,-37.80622],[-72.87943,-37.80669],[-72.87964,-37.80884],[-72.88261,-37.80922],[-72.88363,-37.81117],[-72.8873,-37.81014],[-72.89129,-37.81106],[-72.89781,-37.80898],[-72.89707,-37.8136],[-72.89554,-37.81385],[-72.89488,-37.81578],[-72.89872,-37.81745],[-72.89862,-37.82001],[-72.90177,-37.82026],[-72.90377,-37.82357],[-72.90554,-37.82354],[-72.90512,-37.82182],[-72.91014,-37.81976]]}},{"id":"8324","type":"Feature","properties":{"ROL":"S/R","NOMBRE_CAMINO":"Angol - Vegas Blancas - Piedra El Aguila","CLASIFICACION":"Sin Información","CALZADA":"-","tmda":null},"geometry":{"type":"LineString","coordinates":[[-72.72904,-37.79464],[-72.7335,-37.79527],[-72.73988,-37.79362]]}},{"id":"8325","type":"Feature","properties":{"ROL":"S/R","NOMBRE_CAMINO":"Angol - Vegas Blancas - Piedra El Aguila","CLASIFICACION":"Sin Información","CALZADA":"-","tmda":null},"geometry":{"type":"LineString","coordinates":[[-72.73988,-37.79362],[-72.74221,-37.79282],[-72.74318,-37.79537],[-72.74545,-37.79253],[-72.75048,-37.79187],[-72.75258,-37.79281],[-72.75293,-37.78968]]}},{"id":"8326","type":"Feature","properties":{"ROL":"S/R","NOMBRE_CAMINO":"Angol - Vegas Blancas - Piedra El Aguila","CLASIFICACION":"Sin Información","CALZADA":"-","tmda":null},"geometry":{"type":"LineString","coordinates":[[-72.75293,-37.78968],[-72.7536,-37.78844],[-72.75228,-37.78749],[-72.75359,-37.78596],[-72.75081,-37.78484],[-72.75096,-37.78322],[-72.75891,-37.78412],[-72.76183,-37.78222],[-72.77009,-37.78253]]}},{"id":"8327","type":"Feature","properties":{"ROL":"S/R","NOMBRE_CAMINO":"Angol - Vegas Blancas - Piedra El Aguila","CLASIFICACION":"Sin Información","CALZADA":"-","tmda":null},"geometry":{"type":"LineString","coordinates":[[-72.91014,-37.81976],[-72.9114,-37.81829],[-72.91583,-37.81736],[-72.92492,-37.81714],[-72.92736,-37.81375],[-72.93005,-37.81373],[-72.93224,-37.8116],[-72.93877,-37.81559],[-72.95424,-37.82115],[-72.9559,-37.82286],[-72.96011,-37.82302]]}},{"id":"8328","type":"Feature","properties":{"ROL":"R-150-P","NOMBRE_CAMINO":"Angol - Vegas Blancas - Piedra del Águila - Cruce P-560 (Cayucupil), Sector: Angol - Límite Regional","CLASIFICACION":"Sin Información","CALZADA":"-","tmda":354.0},"geometry":{"type":"LineString","coordinates":[[-72.96011,-37.82302],[-72.96335,-37.82224],[-72.96668,-37.82592],[-72.97093,-37.8246],[-72.98395,-37.82479],[-72.98904,-37.82826],[-72.99263,-37.82785],[-72.99711,-37.82378],[-72.99665,-37.82029],[-72.99976,-37.8172],[-73.00665,-37.81528],[-73.01039,-37.81691],[-73.01183,-37.81524],[-73.01708,-37.81429]]}},{"id":"8329","type":"Feature","properties":{"ROL":"S/R","NOMBRE_CAMINO":"Angol - Vegas Blancas - Piedra El Aguila","CLASIFICACION":"Sin Información","CALZADA":"-","tmda":null},"geometry":{"type":"LineString","coordinates":[[-72.72589,-37.79455],[-72.72904,-37.79464]]}},{"id":"8330","type":"Feature","properties":{"ROL":"S/R","NOMBRE_CAMINO":"Angol - Vegas Blancas - Piedra El Aguila","CLASIFICACION":"Sin Información","CALZADA":"-","tmda":null},"geometry":{"type":"LineString","coordinates":[[-72.77009,-37.78253],[-72.77157,-37.78255],[-72.77289,-37.77789],[-72.77837,-37.77169],[-72.78234,-37.7713],[-72.78894,-37.77357],[-72.79153,-37.77033],[-72.79902,-37.76752],[-72.80787,-37.77186],[-72.81432,-37.77266],[-72.8165,-37.77506],[-72.82032,-37.77605],[-72.81898,-37.78031],[-72.8233,-37.78265]]}},{"id":"8331","type":"Feature","properties":{"ROL":"R-226","NOMBRE_CAMINO":"69E0226","CLASIFICACION":"Sin Información","CALZADA":"-","tmda":97.0},"geometry":{"type":"LineString","coordinates":[[-72.74689,-37.83212],[-72.75566,-37.83237],[-72.75693,-37.82979],[-72.75709,-37.82423],[-72.75864,-37.82377],[-72.76219,-37.82546],[-72.76814,-37.82486],[-72.76997,-37.82636],[-72.77497,-37.82591],[-72.77521,-37.82829],[-72.77895,-37.8273],[-72.78562,-37.82996],[-72.78878,-37.82829],[-72.78971,-37.82596],[-72.80121,-37.82639],[-72.80291,-37.82488],[-72.80733,-37.82447],[-72.81076,-37.82568],[-72.81118,-37.82441],[-72.81484,-37.82419],[-72.84449,-37.83645],[-72.85421,-37.83721],[-72.85838,-37.83645],[-72.86348,-37.83243],[-72.86863,-37.83064],[-72.8767,-37.82429],[-72.87993,-37.82015],[-72.88295,-37.81929],[-72.88707,-37.82186],[-72.88871,-37.82064],[-72.89862,-37.82001]]}},{"id":"8332","type":"Feature","properties":{"ROL":"R-226","NOMBRE_CAMINO":"69E0226","CLASIFICACION":"Sin Información","CALZADA":"-","tmda":97.0},"geometry":{"type":"LineString","coordinates":[[-72.70997,-37.80394],[-72.71386,-37.80488]]}},{"id":"8333","type":"Feature","properties":{"ROL":"R-226","NOMBRE_CAMINO":"69E0226","CLASIFICACION":"Sin Información","CALZADA":"-","tmda":97.0},"geometry":{"type":"LineString","coordinates":[[-72.71386,-37.80488],[-72.71887,-37.80796],[-72.7193,-37.80987],[-72.72245,-37.81244],[-72.72631,-37.81875],[-72.7255,-37.82056],[-72.72976,-37.82028],[-72.73677,-37.823],[-72.74013,-37.82837],[-72.73836,-37.82921],[-72.73944,-37.82922]]}},{"id":"8334","type":"Feature","properties":{"ROL":"R-226","NOMBRE_CAMINO":"69E0226","CLASIFICACION":"Sin Información","CALZADA":"-","tmda":97.0},"geometry":{"type":"LineString","coordinates":[[-72.73944,-37.82922],[-72.7422,-37.83224],[-72.74689,-37.83212]]}},{"id":"8335","type":"Feature","properties":{"ROL":"R-230","NOMBRE_CAMINO":"Cruce Deuco - Fundo Mahuida","CLASIFICACION":"Sin Información","CALZADA":"-","tmda":null},"geometry":{"type":"LineString","coordinates":[[-72.7151,-37.84158],[-72.72022,-37.84482],[-72.72361,-37.84518],[-72.7268,-37.84849],[-72.73055,-37.84697],[-72.73647,-37.84727],[-72.73963,-37.85006],[-72.74361,-37.85015],[-72.7483,-37.85217],[-72.74911,-37.85532],[-72.75792,-37.85748],[-72.75984,-37.86],[-72.75947,-37.86212],[-72.7629,-37.86342],[-72.76495,-37.86784],[-72.76776,-37.86854],[-72.76851,-37.87051],[-72.77356,-37.87118],[-72.77898,-37.87014],[-72.78669,-37.86502],[-72.78624,-37.86275],[-72.78968,-37.85689],[-72.78939,-37.85287],[-72.78603,-37.85092],[-72.78772,-37.84972],[-72.78829,-37.8432],[-72.78226,-37.83953],[-72.78169,-37.83612],[-72.7711,-37.82652]]}},{"id":"8336","type":"Feature","properties":{"ROL":"R-230","NOMBRE_CAMINO":"Cruce Deuco - Fundo Mahuida","CLASIFICACION":"Sin Información","CALZADA":"-","tmda":null},"geometry":{"type":"LineString","coordinates":[[-72.69823,-37.83066],[-72.7151,-37.84158]]}},{"id":"8337","type":"Feature","properties":{"ROL":"R-250","NOMBRE_CAMINO":"Cruce Ruta R-240 (los Sauces) - Miraflores","CLASIFICACION":"Sin Información","CALZADA":"-","tmda":null},"geometry":{"type":"LineString","coordinates":[[-72.87556,-37.89797],[-72.88014,-37.89469],[-72.88041,-37.89328],[-72.88683,-37.89267],[-72.89627,-37.89313],[-72.89877,-37.89633],[-72.9019,-37.89752],[-72.9154,-37.89677],[-72.92275,-37.89828],[-72.92706,-37.89687],[-72.93214,-37.89758],[-72.93818,-37.90041],[-72.94854,-37.90126],[-72.97649,-37.89624],[-72.98297,-37.89817],[-72.98589,-37.90235],[-72.98605,-37.9045]]}},{"id":"8338","type":"Feature","properties":{"ROL":"R-250","NOMBRE_CAMINO":"Cruce Ruta R-240 (los Sauces) - Miraflores","CLASIFICACION":"Sin Información","CALZADA":"-","tmda":null},"geometry":{"type":"LineString","coordinates":[[-72.86276,-37.96964],[-72.86484,-37.96591],[-72.86301,-37.96148],[-72.86449,-37.95493],[-72.8698,-37.95142],[-72.87371,-37.94252],[-72.88319,-37.94108],[-72.88713,-37.93929],[-72.88566,-37.93898],[-72.88729,-37.93382],[-72.88675,-37.93169],[-72.89034,-37.92895],[-72.88929,-37.92581],[-72.88973,-37.91702],[-72.88465,-37.91126],[-72.88419,-37.90717],[-72.87815,-37.90222],[-72.87556,-37.89797]]}},{"id":"8339","type":"Feature","properties":{"ROL":"R-730","NOMBRE_CAMINO":"Traiguén - Pichipellahuen Por Huiñilhue","CLASIFICACION":"Sin Información","CALZADA":"-","tmda":271.0},"geometry":{"type":"LineString","coordinates":[[-72.75367,-38.27745],[-72.75501,-38.27947],[-72.7582,-38.27792],[-72.76132,-38.27871],[-72.76333,-38.27703],[-72.76653,-38.27752]]}},{"id":"8340","type":"Feature","properties":{"ROL":"R-730","NOMBRE_CAMINO":"Traiguén - Pichipellahuen Por Huiñilhue","CLASIFICACION":"Sin Información","CALZADA":"-","tmda":271.0},"geometry":{"type":"LineString","coordinates":[[-72.76653,-38.27752],[-72.77527,-38.27646],[-72.77661,-38.27982],[-72.78195,-38.28392],[-72.79212,-38.2798],[-72.79958,-38.27995],[-72.80666,-38.27718],[-72.81705,-38.27707],[-72.82775,-38.28423],[-72.83682,-38.28363],[-72.83958,-38.28594],[-72.84446,-38.28718],[-72.85027,-38.28638],[-72.85474,-38.27952],[-72.8612,-38.2776],[-72.86865,-38.28068],[-72.88973,-38.28184],[-72.89082,-38.28318],[-72.89367,-38.28278],[-72.89116,-38.28373],[-72.89094,-38.28586],[-72.90162,-38.28693],[-72.90444,-38.29091],[-72.90818,-38.29217],[-72.91456,-38.28967],[-72.92396,-38.29219],[-72.93138,-38.29094],[-72.93342,-38.29462],[-72.93675,-38.29622],[-72.93583,-38.30019],[-72.93916,-38.30466],[-72.94519,-38.30502],[-72.95042,-38.31064],[-72.95469,-38.31076],[-72.95534,-38.31174]]}},{"id":"8341","type":"Feature","properties":{"ROL":"R-815","NOMBRE_CAMINO":"Victoria - Estero Quino - Púa","CLASIFICACION":"Sin Información","CALZADA":"-","tmda":null},"geometry":{"type":"LineString","coordinates":[[-72.33618,-38.23985],[-72.33408,-38.25397],[-72.33556,-38.26181],[-72.33953,-38.26737],[-72.34203,-38.27596]]}},{"id":"8342","type":"Feature","properties":{"ROL":"R-815","NOMBRE_CAMINO":"Victoria - Estero Quino - Púa","CLASIFICACION":"Sin Información","CALZADA":"-","tmda":null},"geometry":{"type":"LineString","coordinates":[[-72.34203,-38.27596],[-72.34883,-38.29133],[-72.34931,-38.30057],[-72.35498,-38.30921],[-72.35509,-38.33549],[-72.36186,-38.33653],[-72.37322,-38.33414]]}},{"id":"8343","type":"Feature","properties":{"ROL":"R-825","NOMBRE_CAMINO":"Las Cardas - Selva Oscura","CLASIFICACION":"Sin Información","CALZADA":"-","tmda":null},"geometry":{"type":"LineString","coordinates":[[-72.342,-38.27587],[-72.33432,-38.27766],[-72.32354,-38.28421]]}},{"id":"8344","type":"Feature","properties":{"ROL":"R-825","NOMBRE_CAMINO":"Las Cardas - Selva Oscura","CLASIFICACION":"Sin Información","CALZADA":"-","tmda":null},"geometry":{"type":"LineString","coordinates":[[-72.32354,-38.28421],[-72.31602,-38.29206],[-72.31348,-38.29838]]}},{"id":"8345","type":"Feature","properties":{"ROL":"S-575","NOMBRE_CAMINO":"Zalhuelhue - Carén - Paso Llaima","CLASIFICACION":"Sin Información","CALZADA":"-","tmda":null},"geometry":{"type":"LineString","coordinates":[[-71.56517,-38.85431],[-71.56192,-38.85605],[-71.56081,-38.86012],[-71.55881,-38.86193],[-71.55037,-38.86468],[-71.53935,-38.87599],[-71.53733,-38.88068],[-71.53609,-38.88043],[-71.53212,-38.88378],[-71.5295,-38.88923],[-71.53366,-38.89245],[-71.53291,-38.8955],[-71.53048,-38.89608],[-71.53011,-38.89831],[-71.52088,-38.90068],[-71.51561,-38.90514],[-71.5103,-38.90755],[-71.50485,-38.90766],[-71.49789,-38.91431],[-71.49635,-38.91733],[-71.49248,-38.91784],[-71.48797,-38.92354],[-71.48492,-38.92196],[-71.47801,-38.92239],[-71.46845,-38.92681],[-71.46236,-38.9321],[-71.4619,-38.93805]]}},{"id":"8346","type":"Feature","properties":{"ROL":"S-575","NOMBRE_CAMINO":"Zalhuelhue - Carén - Paso Llaima","CLASIFICACION":"Sin Información","CALZADA":"-","tmda":null},"geometry":{"type":"LineString","coordinates":[[-71.63442,-38.84889],[-71.61734,-38.85621],[-71.60068,-38.85523],[-71.57836,-38.85634],[-71.57022,-38.85537],[-71.56748,-38.85356],[-71.56517,-38.85431]]}},{"id":"8347","type":"Feature","properties":{"ROL":"S-192-R","NOMBRE_CAMINO":"Galvarino - Santa Elena","CLASIFICACION":"Sin Información","CALZADA":"-","tmda":230.0},"geometry":{"type":"LineString","coordinates":[[-72.78874,-38.4141],[-72.79793,-38.40956],[-72.81121,-38.4093],[-72.82139,-38.40765],[-72.83212,-38.41525],[-72.84678,-38.42264],[-72.85115,-38.42773],[-72.85616,-38.42845],[-72.86101,-38.42479],[-72.86791,-38.42393],[-72.89039,-38.42984],[-72.90061,-38.43512],[-72.90715,-38.43421]]}},{"id":"8348","type":"Feature","properties":{"ROL":"S-192-R","NOMBRE_CAMINO":"Galvarino - Santa Elena","CLASIFICACION":"Sin Información","CALZADA":"-","tmda":230.0},"geometry":{"type":"LineString","coordinates":[[-72.90715,-38.43421],[-72.91383,-38.43703],[-72.92337,-38.43482],[-72.9238,-38.43191],[-72.91994,-38.42923],[-72.92099,-38.42518],[-72.92535,-38.42148],[-72.92794,-38.41529],[-72.93481,-38.41301],[-72.93674,-38.41098],[-72.93729,-38.40873],[-72.93455,-38.40657],[-72.93522,-38.4025],[-72.9377,-38.40028],[-72.94126,-38.39937]]}},{"id":"8349","type":"Feature","properties":{"ROL":"S-252","NOMBRE_CAMINO":"Galvarino - Quintrileo - San Patricio","CLASIFICACION":"Sin Información","CALZADA":"-","tmda":193.0},"geometry":{"type":"LineString","coordinates":[[-72.57597,-38.50237],[-72.57632,-38.50394],[-72.61017,-38.50368],[-72.62184,-38.50662],[-72.62692,-38.50953],[-72.64566,-38.51262],[-72.64941,-38.5159],[-72.65872,-38.51605],[-72.66322,-38.51408],[-72.66865,-38.51548],[-72.67192,-38.51857],[-72.68124,-38.52155],[-72.69208,-38.52255],[-72.69693,-38.52534],[-72.70045,-38.52575],[-72.71204,-38.52102]]}},{"id":"8350","type":"Feature","properties":{"ROL":"S-252","NOMBRE_CAMINO":"Galvarino - Quintrileo - San Patricio","CLASIFICACION":"Sin Información","CALZADA":"-","tmda":193.0},"geometry":{"type":"LineString","coordinates":[[-72.73779,-38.49093],[-72.74379,-38.47213],[-72.74267,-38.46981],[-72.73902,-38.46867],[-72.73722,-38.46514],[-72.73353,-38.46184],[-72.74213,-38.44481],[-72.74625,-38.43938]]}},{"id":"8351","type":"Feature","properties":{"ROL":"S-252","NOMBRE_CAMINO":"Galvarino - Quintrileo - San Patricio","CLASIFICACION":"Sin Información","CALZADA":"-","tmda":193.0},"geometry":{"type":"LineString","coordinates":[[-72.71204,-38.52102],[-72.7205,-38.51165],[-72.72188,-38.50755],[-72.72739,-38.50425],[-72.73167,-38.49908],[-72.73626,-38.49713],[-72.73779,-38.49093]]}},{"id":"8352","type":"Feature","properties":{"ROL":"S-31","NOMBRE_CAMINO":"Cruce Longitudinal (cajon) - Vilcun - Refugio Llaima","CLASIFICACION":"Sin Información","CALZADA":"-","tmda":197.0},"geometry":{"type":"LineString","coordinates":[[-71.91265,-38.6752],[-71.90842,-38.67523],[-71.90741,-38.67387],[-71.89897,-38.67259],[-71.89316,-38.67024],[-71.88659,-38.67217],[-71.88527,-38.67006],[-71.88347,-38.67001],[-71.86443,-38.67317],[-71.86296,-38.67663],[-71.84773,-38.68413]]}},{"id":"8353","type":"Feature","properties":{"ROL":"S-31","NOMBRE_CAMINO":"Cruce Longitudinal (cajon) - Vilcun - Refugio Llaima","CLASIFICACION":"Sin Información","CALZADA":"-","tmda":197.0},"geometry":{"type":"LineString","coordinates":[[-71.84773,-38.68413],[-71.84352,-38.68754],[-71.84231,-38.69018],[-71.83696,-38.69286],[-71.83268,-38.69348],[-71.82375,-38.69868]]}},{"id":"8354","type":"Feature","properties":{"ROL":"S/R","NOMBRE_CAMINO":"Rauco - Daullico","CLASIFICACION":"Sin Información","CALZADA":"-","tmda":null},"geometry":{"type":"LineString","coordinates":[[-73.30638,-38.69932],[-73.30057,-38.70532],[-73.29791,-38.70644],[-73.30068,-38.71381],[-73.31003,-38.72016],[-73.30702,-38.72191],[-73.30311,-38.72916],[-73.30483,-38.73865],[-73.29972,-38.75124]]}},{"id":"8355","type":"Feature","properties":{"ROL":"S/R","NOMBRE_CAMINO":"Rauco - Daullico","CLASIFICACION":"Sin Información","CALZADA":"-","tmda":null},"geometry":{"type":"LineString","coordinates":[[-73.29972,-38.75124],[-73.30359,-38.75646],[-73.29943,-38.76428],[-73.29251,-38.77068],[-73.29468,-38.77444],[-73.29674,-38.774],[-73.2977,-38.77723],[-73.29997,-38.77808],[-73.29785,-38.78261]]}},{"id":"8356","type":"Feature","properties":{"ROL":"S-228","NOMBRE_CAMINO":"Catrianchi - Chivilcoyán - Cruce S-198","CLASIFICACION":"Sin Información","CALZADA":"-","tmda":null},"geometry":{"type":"LineString","coordinates":[[-72.96047,-38.63018],[-72.96894,-38.63492],[-72.97086,-38.63846],[-72.96371,-38.6432],[-72.96327,-38.64731],[-72.96089,-38.65201],[-72.9571,-38.65572],[-72.9628,-38.65966],[-72.96259,-38.66443],[-72.96865,-38.67337],[-72.96967,-38.677],[-72.96743,-38.68205]]}},{"id":"8357","type":"Feature","properties":{"ROL":"S-228","NOMBRE_CAMINO":"Catrianchi - Chivilcoyán - Cruce S-198","CLASIFICACION":"Sin Información","CALZADA":"-","tmda":null},"geometry":{"type":"LineString","coordinates":[[-72.95683,-38.61835],[-72.95652,-38.62274],[-72.9504,-38.62655],[-72.95435,-38.62975],[-72.96047,-38.63018]]}},{"id":"8358","type":"Feature","properties":{"ROL":"S-210","NOMBRE_CAMINO":"Hualacura - Chacabuco - Las Araucarias","CLASIFICACION":"Sin Información","CALZADA":"-","tmda":831.0},"geometry":{"type":"LineString","coordinates":[[-72.96743,-38.68205],[-72.97245,-38.69779]]}},{"id":"8359","type":"Feature","properties":{"ROL":"S-210","NOMBRE_CAMINO":"Hualacura - Chacabuco - Las Araucarias","CLASIFICACION":"Sin Información","CALZADA":"-","tmda":831.0},"geometry":{"type":"LineString","coordinates":[[-72.99842,-38.66159],[-72.99547,-38.65957],[-72.99235,-38.66089],[-72.98707,-38.66599],[-72.98663,-38.67215],[-72.98399,-38.67466],[-72.97845,-38.67849],[-72.96743,-38.68205]]}},{"id":"8360","type":"Feature","properties":{"ROL":"S-264","NOMBRE_CAMINO":"Labranza - Cinco Manzanos","CLASIFICACION":"Sin Información","CALZADA":"-","tmda":null},"geometry":{"type":"LineString","coordinates":[[-72.75374,-38.76156],[-72.75186,-38.75686],[-72.75187,-38.74704],[-72.75881,-38.73617],[-72.77053,-38.7269],[-72.78635,-38.71857],[-72.79772,-38.72109],[-72.80368,-38.71734],[-72.82194,-38.71358],[-72.82586,-38.71148]]}},{"id":"8361","type":"Feature","properties":{"ROL":"S-264","NOMBRE_CAMINO":"Labranza - Cinco Manzanos","CLASIFICACION":"Sin Información","CALZADA":"-","tmda":null},"geometry":{"type":"LineString","coordinates":[[-72.82586,-38.71148],[-72.82864,-38.71083],[-72.83402,-38.71208],[-72.83827,-38.71076],[-72.84904,-38.70671],[-72.85626,-38.70109],[-72.86227,-38.70016],[-72.8663,-38.69793],[-72.87014,-38.6979],[-72.88893,-38.70368]]}},{"id":"8362","type":"Feature","properties":{"ROL":"S/R","NOMBRE_CAMINO":"Traitraén - El Lliuco - Huilio","CLASIFICACION":"Sin Información","CALZADA":"-","tmda":164.0},"geometry":{"type":"LineString","coordinates":[[-72.85057,-38.98201],[-72.84807,-38.97942],[-72.84556,-38.97941],[-72.84167,-38.97407],[-72.83761,-38.9711],[-72.8257,-38.96915],[-72.82399,-38.96436],[-72.82445,-38.96144]]}},{"id":"8363","type":"Feature","properties":{"ROL":"S/R","NOMBRE_CAMINO":"Traitraén - El Lliuco - Huilio","CLASIFICACION":"Sin Información","CALZADA":"-","tmda":164.0},"geometry":{"type":"LineString","coordinates":[[-72.86226,-39.00347],[-72.86208,-38.99932],[-72.86421,-38.9976],[-72.86515,-38.99247],[-72.85743,-38.98538],[-72.8514,-38.98378],[-72.85057,-38.98201]]}},{"id":"8364","type":"Feature","properties":{"ROL":"S-728","NOMBRE_CAMINO":"Faja Ricci","CLASIFICACION":"Sin Información","CALZADA":"-","tmda":null},"geometry":{"type":"LineString","coordinates":[[-72.72632,-39.12737],[-72.72941,-39.12816],[-72.73183,-39.12688],[-72.73713,-39.12845],[-72.73771,-39.12687],[-72.74032,-39.12673],[-72.74135,-39.12862],[-72.75167,-39.1328],[-72.76061,-39.12275],[-72.77041,-39.12018],[-72.77495,-39.11682],[-72.78207,-39.11686],[-72.78533,-39.11374]]}},{"id":"8365","type":"Feature","properties":{"ROL":"S-728","NOMBRE_CAMINO":"Faja Ricci","CLASIFICACION":"Sin Información","CALZADA":"-","tmda":null},"geometry":{"type":"LineString","coordinates":[[-72.68169,-39.12329],[-72.68583,-39.12802],[-72.68861,-39.12742],[-72.691,-39.12984],[-72.69436,-39.13076],[-72.69672,-39.12913],[-72.70073,-39.12932],[-72.70172,-39.13198],[-72.70491,-39.13182],[-72.70778,-39.13007],[-72.70874,-39.13187],[-72.7088,-39.12937],[-72.71041,-39.12852],[-72.71321,-39.12841],[-72.71281,-39.13021],[-72.71408,-39.13059],[-72.7166,-39.13007],[-72.71725,-39.12857],[-72.71988,-39.12989],[-72.72414,-39.12736],[-72.72632,-39.12737]]}},{"id":"8366","type":"Feature","properties":{"ROL":"S-70","NOMBRE_CAMINO":"Pitrufquen - Peule","CLASIFICACION":"Sin Información","CALZADA":"-","tmda":784.0},"geometry":{"type":"LineString","coordinates":[[-72.98247,-39.02563],[-72.98682,-39.02722],[-72.99254,-39.02515],[-72.99502,-39.02092],[-72.99967,-39.02001],[-73.01421,-39.02265],[-73.04552,-39.02171],[-73.05241,-39.01984],[-73.06367,-39.03355],[-73.07179,-39.03895],[-73.08062,-39.04212]]}},{"id":"8367","type":"Feature","properties":{"ROL":"S-70","NOMBRE_CAMINO":"Pitrufquen - Peule","CLASIFICACION":"Sin Información","CALZADA":"-","tmda":1068.0},"geometry":{"type":"LineString","coordinates":[[-73.08062,-39.04212],[-73.08594,-39.04366],[-73.10216,-39.05321],[-73.11454,-39.05487],[-73.1158,-39.05761]]}},{"id":"8368","type":"Feature","properties":{"ROL":"S-70","NOMBRE_CAMINO":"Pitrufquen - Peule","CLASIFICACION":"Sin Información","CALZADA":"-","tmda":1068.0},"geometry":{"type":"LineString","coordinates":[[-73.1158,-39.05761],[-73.12726,-39.06365],[-73.13639,-39.07042]]}},{"id":"8369","type":"Feature","properties":{"ROL":"S-70","NOMBRE_CAMINO":"Pitrufquen - Peule","CLASIFICACION":"Sin Información","CALZADA":"-","tmda":1068.0},"geometry":{"type":"LineString","coordinates":[[-73.13639,-39.07042],[-73.13941,-39.07681],[-73.14005,-39.0849],[-73.14308,-39.08969],[-73.16246,-39.10179],[-73.16224,-39.11481],[-73.16393,-39.11932],[-73.16292,-39.12337],[-73.15856,-39.12993],[-73.15552,-39.1411],[-73.15775,-39.14688],[-73.16007,-39.14904]]}},{"id":"8370","type":"Feature","properties":{"ROL":"S-658","NOMBRE_CAMINO":"Pocoyán - Villa Boldos","CLASIFICACION":"Sin Información","CALZADA":"-","tmda":null},"geometry":{"type":"LineString","coordinates":[[-73.08061,-39.04212],[-73.08276,-39.04476],[-73.08101,-39.04823],[-73.08279,-39.05244],[-73.08158,-39.05559],[-73.08207,-39.05869],[-73.077,-39.06571],[-73.07554,-39.07474],[-73.07167,-39.07889],[-73.07364,-39.08364],[-73.0719,-39.08942],[-73.06498,-39.09275],[-73.06347,-39.09551]]}},{"id":"8371","type":"Feature","properties":{"ROL":"S-658","NOMBRE_CAMINO":"Pocoyán - Villa Boldos","CLASIFICACION":"Sin Información","CALZADA":"-","tmda":null},"geometry":{"type":"LineString","coordinates":[[-73.06347,-39.09551],[-73.06479,-39.10363],[-73.0627,-39.10575],[-73.06559,-39.10831],[-73.06264,-39.111],[-73.06704,-39.11573],[-73.06632,-39.12693],[-73.06891,-39.13046],[-73.08321,-39.13815],[-73.08339,-39.14588]]}},{"id":"8372","type":"Feature","properties":{"ROL":"S/R","NOMBRE_CAMINO":"Queule - Pirén Alto","CLASIFICACION":"Sin Información","CALZADA":"-","tmda":620.0},"geometry":{"type":"LineString","coordinates":[[-73.15171,-39.38476],[-73.13738,-39.38418],[-73.13243,-39.38527],[-73.12839,-39.38408],[-73.1228,-39.38443],[-73.12206,-39.38344]]}},{"id":"8373","type":"Feature","properties":{"ROL":"S/R","NOMBRE_CAMINO":"Queule - Pirén Alto","CLASIFICACION":"Sin Información","CALZADA":"-","tmda":620.0},"geometry":{"type":"LineString","coordinates":[[-73.16157,-39.383],[-73.16011,-39.38541],[-73.15171,-39.38476]]}},{"id":"8374","type":"Feature","properties":{"ROL":"S/R","NOMBRE_CAMINO":"Pichilingue - Queule - Mehuin, Sector: Pichilingue - Limite Regional","CLASIFICACION":"Sin Información","CALZADA":"-","tmda":620.0},"geometry":{"type":"LineString","coordinates":[[-73.03391,-39.3032],[-73.03296,-39.30596],[-73.03425,-39.3082],[-73.03037,-39.31114],[-73.03159,-39.31434],[-73.03086,-39.31652],[-73.0264,-39.32005],[-73.02853,-39.32517],[-73.03278,-39.33008],[-73.03254,-39.33374],[-73.0345,-39.33528],[-73.0457,-39.3376],[-73.05166,-39.34355],[-73.05366,-39.34803],[-73.05917,-39.3518],[-73.06368,-39.35812],[-73.06557,-39.35738],[-73.06646,-39.35915],[-73.07381,-39.36143],[-73.07273,-39.35947],[-73.07508,-39.35552],[-73.0755,-39.35124],[-73.08044,-39.351],[-73.08732,-39.35273],[-73.0998,-39.34902],[-73.10399,-39.34952],[-73.1101,-39.35388],[-73.11361,-39.35815],[-73.1175,-39.35761],[-73.12796,-39.36205],[-73.13121,-39.36206],[-73.13504,-39.36399],[-73.1394,-39.3636],[-73.14077,-39.36557],[-73.14679,-39.36675],[-73.15358,-39.37457],[-73.15392,-39.37357],[-73.15505,-39.3742],[-73.15367,-39.37543],[-73.15821,-39.37614],[-73.15599,-39.3729],[-73.16152,-39.37599],[-73.16131,-39.38307]]}},{"id":"8375","type":"Feature","properties":{"ROL":"S/R","NOMBRE_CAMINO":"Pichilingue - Queule - Mehuin, Sector: Pichilingue - Limite Regional","CLASIFICACION":"Sin Información","CALZADA":"-","tmda":620.0},"geometry":{"type":"LineString","coordinates":[[-73.16131,-39.38307],[-73.18207,-39.39086]]}},{"id":"8376","type":"Feature","properties":{"ROL":"S/R","NOMBRE_CAMINO":"Llacaman - Alto Chelle - Quilmer","CLASIFICACION":"Sin Información","CALZADA":"-","tmda":164.0},"geometry":{"type":"LineString","coordinates":[[-73.18045,-38.99365],[-73.18594,-38.99032],[-73.18516,-38.98762]]}},{"id":"8377","type":"Feature","properties":{"ROL":"S/R","NOMBRE_CAMINO":"Llacaman - Alto Chelle - Quilmer","CLASIFICACION":"Sin Información","CALZADA":"-","tmda":164.0},"geometry":{"type":"LineString","coordinates":[[-73.12268,-39.01999],[-73.13974,-39.01026],[-73.15652,-39.00851],[-73.15936,-39.00884],[-73.16,-39.01046],[-73.16369,-39.01001],[-73.16786,-39.01144],[-73.17174,-39.0106],[-73.17675,-39.00605],[-73.17628,-39.00259],[-73.17511,-39.00224],[-73.17968,-38.99554]]}},{"id":"8378","type":"Feature","properties":{"ROL":"S/R","NOMBRE_CAMINO":"Llacaman - Alto Chelle - Quilmer","CLASIFICACION":"Sin Información","CALZADA":"-","tmda":164.0},"geometry":{"type":"LineString","coordinates":[[-73.17968,-38.99554],[-73.18045,-38.99365]]}},{"id":"8379","type":"Feature","properties":{"ROL":"S-458","NOMBRE_CAMINO":"Cancura - Boldo Huacho - Catripulli","CLASIFICACION":"Sin Información","CALZADA":"-","tmda":209.0},"geometry":{"type":"LineString","coordinates":[[-72.952,-38.80521],[-72.97408,-38.81314],[-72.9799,-38.81984],[-72.98745,-38.82266],[-72.99075,-38.82797],[-72.99646,-38.83288],[-73.01102,-38.8357],[-73.01958,-38.84081],[-73.02788,-38.84095],[-73.03219,-38.84336],[-73.03274,-38.84594],[-73.04732,-38.85147]]}},{"id":"8380","type":"Feature","properties":{"ROL":"S-458","NOMBRE_CAMINO":"Cancura - Boldo Huacho - Catripulli","CLASIFICACION":"Sin Información","CALZADA":"-","tmda":209.0},"geometry":{"type":"LineString","coordinates":[[-73.04732,-38.85147],[-73.05394,-38.85485],[-73.05592,-38.85337],[-73.05588,-38.84967],[-73.05866,-38.84765],[-73.06447,-38.84805],[-73.06772,-38.8466],[-73.06865,-38.84793],[-73.07444,-38.84757],[-73.07562,-38.84591],[-73.087,-38.84475],[-73.08827,-38.84219]]}},{"id":"8381","type":"Feature","properties":{"ROL":"S/R","NOMBRE_CAMINO":"Pichi Chelle - Peleco","CLASIFICACION":"Sin Información","CALZADA":"-","tmda":null},"geometry":{"type":"LineString","coordinates":[[-73.24831,-38.99913],[-73.25509,-38.99619],[-73.26676,-38.99563],[-73.27417,-39.00056],[-73.28597,-39.00514],[-73.29114,-39.00592],[-73.29833,-39.00508],[-73.30261,-39.00251]]}},{"id":"8382","type":"Feature","properties":{"ROL":"S/R","NOMBRE_CAMINO":"Pichi Chelle - Peleco","CLASIFICACION":"Sin Información","CALZADA":"-","tmda":null},"geometry":{"type":"LineString","coordinates":[[-73.30261,-39.00251],[-73.30818,-39.00429]]}},{"id":"8383","type":"Feature","properties":{"ROL":"S/R","NOMBRE_CAMINO":"Alto Chelle - Asentamiento Budi","CLASIFICACION":"Sin Información","CALZADA":"-","tmda":null},"geometry":{"type":"LineString","coordinates":[[-73.19609,-39.009],[-73.20073,-39.00846],[-73.20277,-39.00524],[-73.20644,-39.00305],[-73.22053,-39.00303],[-73.22282,-39.00975],[-73.23118,-39.01307],[-73.23395,-39.01956],[-73.23571,-39.03544],[-73.23814,-39.04151],[-73.26924,-39.03513]]}},{"id":"8384","type":"Feature","properties":{"ROL":"S/R","NOMBRE_CAMINO":"Alto Chelle - Asentamiento Budi","CLASIFICACION":"Sin Información","CALZADA":"-","tmda":null},"geometry":{"type":"LineString","coordinates":[[-73.17968,-38.99554],[-73.18515,-38.995],[-73.18805,-38.99659],[-73.19363,-38.99723],[-73.19289,-39.00294],[-73.19609,-39.009]]}},{"id":"8385","type":"Feature","properties":{"ROL":"S/R","NOMBRE_CAMINO":"Curarrehue - Carén","CLASIFICACION":"Sin Información","CALZADA":"-","tmda":null},"geometry":{"type":"LineString","coordinates":[[-71.56999,-39.37523],[-71.55648,-39.38944],[-71.5487,-39.39366],[-71.54337,-39.39841],[-71.53827,-39.40573],[-71.5393,-39.41445],[-71.53795,-39.41923],[-71.54555,-39.42961],[-71.54714,-39.43363],[-71.54601,-39.44181],[-71.5498,-39.44725],[-71.54602,-39.45086],[-71.54533,-39.4553],[-71.54701,-39.45718]]}},{"id":"8386","type":"Feature","properties":{"ROL":"S/R","NOMBRE_CAMINO":"Curarrehue - Carén","CLASIFICACION":"Sin Información","CALZADA":"-","tmda":null},"geometry":{"type":"LineString","coordinates":[[-71.58279,-39.36435],[-71.57362,-39.37091],[-71.56999,-39.37523]]}},{"id":"8387","type":"Feature","properties":{"ROL":"S-803","NOMBRE_CAMINO":"Hualapulli - Emulpán","CLASIFICACION":"Sin Información","CALZADA":"-","tmda":null},"geometry":{"type":"LineString","coordinates":[[-72.46412,-39.39651],[-72.44583,-39.39178],[-72.4267,-39.38416],[-72.42104,-39.38313],[-72.40614,-39.38644],[-72.40094,-39.38621],[-72.3913,-39.39177],[-72.37475,-39.39485],[-72.37063,-39.3932],[-72.36524,-39.39337],[-72.35985,-39.39625],[-72.35223,-39.397],[-72.34092,-39.40021]]}},{"id":"8388","type":"Feature","properties":{"ROL":"S-803","NOMBRE_CAMINO":"Hualapulli - Emulpán","CLASIFICACION":"Sin Información","CALZADA":"-","tmda":null},"geometry":{"type":"LineString","coordinates":[[-72.34092,-39.40021],[-72.31289,-39.40908],[-72.29563,-39.41004],[-72.29049,-39.41191],[-72.28534,-39.41204],[-72.27506,-39.40962],[-72.25627,-39.39793],[-72.24752,-39.39964],[-72.23123,-39.39408]]}},{"id":"8389","type":"Feature","properties":{"ROL":"S-437","NOMBRE_CAMINO":"Acceso Quilas Bajas","CLASIFICACION":"Sin Información","CALZADA":"-","tmda":null},"geometry":{"type":"LineString","coordinates":[[-72.568,-38.87941],[-72.57306,-38.89472],[-72.57278,-38.90525],[-72.56678,-38.90679],[-72.55622,-38.90268],[-72.55105,-38.90368],[-72.54765,-38.90726]]}},{"id":"8390","type":"Feature","properties":{"ROL":"S-437","NOMBRE_CAMINO":"Acceso Quilas Bajas","CLASIFICACION":"Sin Información","CALZADA":"-","tmda":null},"geometry":{"type":"LineString","coordinates":[[-72.54765,-38.90726],[-72.54433,-38.90852]]}},{"id":"8391","type":"Feature","properties":{"ROL":"S-377","NOMBRE_CAMINO":"Puente Quepe - Caivico - Los Notros","CLASIFICACION":"Sin Información","CALZADA":"-","tmda":null},"geometry":{"type":"LineString","coordinates":[[-72.47746,-38.83564],[-72.47607,-38.83398],[-72.46911,-38.83222],[-72.4662,-38.82847],[-72.45878,-38.82733],[-72.44911,-38.82682],[-72.4303,-38.83125]]}},{"id":"8392","type":"Feature","properties":{"ROL":"S-377","NOMBRE_CAMINO":"Puente Quepe - Caivico - Los Notros","CLASIFICACION":"Sin Información","CALZADA":"-","tmda":null},"geometry":{"type":"LineString","coordinates":[[-72.4303,-38.83125],[-72.38913,-38.84081]]}},{"id":"8393","type":"Feature","properties":{"ROL":"S-599","NOMBRE_CAMINO":"Chada Loica - Cementerio","CLASIFICACION":"Sin Información","CALZADA":"-","tmda":null},"geometry":{"type":"LineString","coordinates":[[-72.66212,-39.04132],[-72.61584,-39.05273]]}},{"id":"8394","type":"Feature","properties":{"ROL":"S-599","NOMBRE_CAMINO":"Chada Loica - Cementerio","CLASIFICACION":"Sin Información","CALZADA":"-","tmda":null},"geometry":{"type":"LineString","coordinates":[[-72.61584,-39.05273],[-72.60093,-39.05617]]}},{"id":"8395","type":"Feature","properties":{"ROL":"S-455","NOMBRE_CAMINO":"Pitrufquén - Loica - Cruce S-81","CLASIFICACION":"Sin Información","CALZADA":"-","tmda":281.0},"geometry":{"type":"LineString","coordinates":[[-72.61594,-39.05311],[-72.61625,-39.05419],[-72.60868,-39.06176],[-72.60651,-39.06174],[-72.61027,-39.07082],[-72.60651,-39.07499],[-72.60257,-39.07624],[-72.61594,-39.10836]]}},{"id":"8396","type":"Feature","properties":{"ROL":"S-455","NOMBRE_CAMINO":"Pitrufquén - Loica - Cruce S-81","CLASIFICACION":"Sin Información","CALZADA":"-","tmda":1680.0},"geometry":{"type":"LineString","coordinates":[[-72.61584,-39.05273],[-72.61594,-39.05311]]}},{"id":"8397","type":"Feature","properties":{"ROL":"S/R","NOMBRE_CAMINO":"Chucaucu - Schleyer","CLASIFICACION":"Sin Información","CALZADA":"-","tmda":null},"geometry":{"type":"LineString","coordinates":[[-72.26525,-39.24074],[-72.26526,-39.23821],[-72.25887,-39.22292]]}},{"id":"8398","type":"Feature","properties":{"ROL":"S/R","NOMBRE_CAMINO":"Chucaucu - Schleyer","CLASIFICACION":"Sin Información","CALZADA":"-","tmda":null},"geometry":{"type":"LineString","coordinates":[[-72.25887,-39.22292],[-72.25435,-39.21138]]}},{"id":"8399","type":"Feature","properties":{"ROL":"S-125-R","NOMBRE_CAMINO":"Cruce Ruta 5 (Puente Quillén) - El Sol - Selva Oscura","CLASIFICACION":"Camino Regional Provincial","CALZADA":"ÚNICA","tmda":205.0},"geometry":{"type":"LineString","coordinates":[[-72.42503,-38.46916],[-72.41872,-38.46659],[-72.39488,-38.47242],[-72.38955,-38.46717]]}},{"id":"8400","type":"Feature","properties":{"ROL":"S-125-R","NOMBRE_CAMINO":"Cruce Ruta 5 (Puente Quillén) - El Sol - Selva Oscura","CLASIFICACION":"Camino Regional Provincial","CALZADA":"ÚNICA","tmda":205.0},"geometry":{"type":"LineString","coordinates":[[-72.38955,-38.46717],[-72.3846,-38.46314]]}},{"id":"8401","type":"Feature","properties":{"ROL":"S-299","NOMBRE_CAMINO":"Cruce Ruta S-39 (curaco) - Cherquenco","CLASIFICACION":"Sin Información","CALZADA":"-","tmda":314.0},"geometry":{"type":"LineString","coordinates":[[-72.07561,-38.73371],[-72.07685,-38.73328],[-72.07671,-38.7385],[-72.07813,-38.73861],[-72.0794,-38.7415],[-72.08332,-38.74286],[-72.08903,-38.74185],[-72.09496,-38.73868]]}},{"id":"8402","type":"Feature","properties":{"ROL":"S-299","NOMBRE_CAMINO":"Cruce Ruta S-39 (curaco) - Cherquenco","CLASIFICACION":"Sin Información","CALZADA":"-","tmda":314.0},"geometry":{"type":"LineString","coordinates":[[-72.00606,-38.68325],[-72.01258,-38.68876],[-72.03187,-38.69609],[-72.05582,-38.69335],[-72.06088,-38.69478],[-72.06217,-38.7011],[-72.05834,-38.70995],[-72.0636,-38.71279],[-72.0638,-38.71898],[-72.06167,-38.72139],[-72.0712,-38.71917],[-72.06936,-38.7208],[-72.07075,-38.72519],[-72.06971,-38.72632],[-72.07145,-38.72684],[-72.07305,-38.73046],[-72.07201,-38.7328],[-72.07561,-38.73371]]}},{"id":"8403","type":"Feature","properties":{"ROL":"S-467","NOMBRE_CAMINO":"Cruce Ruta 199 Ch -  San Pedro","CLASIFICACION":"Sin Información","CALZADA":"-","tmda":null},"geometry":{"type":"LineString","coordinates":[[-72.56145,-38.97487],[-72.54797,-38.94325]]}},{"id":"8404","type":"Feature","properties":{"ROL":"S-467","NOMBRE_CAMINO":"Cruce Ruta 199 Ch -  San Pedro","CLASIFICACION":"Sin Información","CALZADA":"-","tmda":null},"geometry":{"type":"LineString","coordinates":[[-72.54797,-38.94325],[-72.54543,-38.93728],[-72.54033,-38.93828],[-72.53599,-38.93553]]}},{"id":"8405","type":"Feature","properties":{"ROL":"S-462","NOMBRE_CAMINO":"Puerto Dominguez - Comoe - La Sierra","CLASIFICACION":"Sin Información","CALZADA":"-","tmda":null},"geometry":{"type":"LineString","coordinates":[[-73.25533,-38.89621],[-73.25291,-38.89578],[-73.25227,-38.89776]]}},{"id":"8406","type":"Feature","properties":{"ROL":"S-462","NOMBRE_CAMINO":"Puerto Dominguez - Comoe - La Sierra","CLASIFICACION":"Sin Información","CALZADA":"-","tmda":null},"geometry":{"type":"LineString","coordinates":[[-73.25227,-38.89776],[-73.2407,-38.89814],[-73.2359,-38.89146],[-73.23186,-38.89105],[-73.22815,-38.88802],[-73.22496,-38.88742],[-73.22089,-38.88365],[-73.22076,-38.88052],[-73.2152,-38.8719],[-73.20406,-38.87346],[-73.20037,-38.87627],[-73.19683,-38.87592],[-73.19242,-38.8785],[-73.1905,-38.87713]]}},{"id":"8407","type":"Feature","properties":{"ROL":"S-462","NOMBRE_CAMINO":"Puerto Dominguez - Comoe - La Sierra","CLASIFICACION":"Sin Información","CALZADA":"-","tmda":null},"geometry":{"type":"LineString","coordinates":[[-73.1905,-38.87713],[-73.18789,-38.87424],[-73.18773,-38.87012],[-73.18617,-38.87],[-73.1853,-38.86794],[-73.18357,-38.86802],[-73.18438,-38.86673],[-73.17457,-38.86765],[-73.16977,-38.8655],[-73.16849,-38.8621],[-73.16627,-38.86258],[-73.16689,-38.86094],[-73.16309,-38.86201],[-73.16182,-38.8572],[-73.15966,-38.85666],[-73.16059,-38.8551],[-73.15778,-38.84969],[-73.15505,-38.8496],[-73.15259,-38.84717],[-73.14992,-38.8425],[-73.14933,-38.83614],[-73.15193,-38.83224],[-73.15789,-38.82782]]}},{"id":"8408","type":"Feature","properties":{"ROL":"S-125-R","NOMBRE_CAMINO":"Cruce Ruta 5 (Puente Quillén) - El Sol - Selva Oscura","CLASIFICACION":"Camino Regional Provincial","CALZADA":"ÚNICA","tmda":205.0},"geometry":{"type":"LineString","coordinates":[[-72.3846,-38.46314],[-72.31579,-38.44812],[-72.30852,-38.44761]]}},{"id":"8409","type":"Feature","properties":{"ROL":"S-563","NOMBRE_CAMINO":"Zahuelhue - Casas Blancas","CLASIFICACION":"Sin Información","CALZADA":"-","tmda":null},"geometry":{"type":"LineString","coordinates":[[-71.63442,-38.84892],[-71.63257,-38.85642],[-71.62861,-38.86421],[-71.61994,-38.88817],[-71.61388,-38.89728],[-71.61441,-38.90172],[-71.61646,-38.9047],[-71.61556,-38.90965],[-71.61774,-38.90935],[-71.61741,-38.91302],[-71.61946,-38.91491],[-71.61895,-38.92411]]}},{"id":"8410","type":"Feature","properties":{"ROL":"S-563","NOMBRE_CAMINO":"Zahuelhue - Casas Blancas","CLASIFICACION":"Sin Información","CALZADA":"-","tmda":null},"geometry":{"type":"LineString","coordinates":[[-71.63836,-38.83571],[-71.63442,-38.84892]]}},{"id":"8429","type":"Feature","properties":{"ROL":"S-280","NOMBRE_CAMINO":"Puente Chispa - Botrolhue","CLASIFICACION":"Sin Información","CALZADA":null,"tmda":null},"geometry":{"type":"LineString","coordinates":[[-72.63838,-38.72566],[-72.64642,-38.73365],[-72.654,-38.73519],[-72.66935,-38.74352],[-72.68644,-38.74415]]}},{"id":"8430","type":"Feature","properties":{"ROL":"S-280","NOMBRE_CAMINO":"Puente Chispa - Botrolhue","CLASIFICACION":"Sin Información","CALZADA":null,"tmda":null},"geometry":{"type":"LineString","coordinates":[[-72.63211,-38.72493],[-72.637,-38.7248]]}},{"id":"8431","type":"Feature","properties":{"ROL":"S-280","NOMBRE_CAMINO":"Puente Chispa - Botrolhue","CLASIFICACION":"Sin Información","CALZADA":null,"tmda":null},"geometry":{"type":"LineString","coordinates":[[-72.637,-38.7248],[-72.63838,-38.72566]]}}]}